FileVersion 1 2;
FileTimestamp 12-31-25 17:09:44;
InspectionStationID "KLA-Tencor" "SFSSP1" "0901-0728-TBI";
SampleType WAFER;
ResultTimestamp 12-31-25 17:01:11;
LotID "2850";
SampleSize 1 200;
DeviceID "None";
SetupID "T2-2850A" 12-31-25 17:01:11;
StepID "6346";
SampleOrientationMarkType NOTCH;
OrientationMarkLocation DOWN;
DiePitch 200000 200000;
DieOrigin 0 0;
WaferID "13";
Slot 13;
SampleCenterLocation 100000 100000;
ClassLookup 1
  0 "0"  ;
OrientationInstructions "Front";
CoordinatesMirrored No;
InspectionTest 1;
SampleTestPlan 1
  0 0 ;
AreaPerTest 2.85029e+010;
ClusterClassificationList 512
  236 200 
  217 200 
  354 200 
  163 200 
  195 200 
  389 200 
  148 200 
  128 200 
  399 200 
  405 200 
  406 200 
  112 200 
  402 200 
  404 200 
  115 200 
  360 200 
  394 200 
  390 200 
  101 200 
  244 200 
  382 200 
  105 200 
  378 200 
  93 200 
  96 200 
  414 200 
  376 200 
  358 200 
  79 200 
  83 200 
  398 210 
  77 200 
  367 200 
  86 200 
  416 200 
  348 200 
  287 200 
  385 200 
  75 200 
  362 200 
  334 200 
  62 200 
  132 200 
  289 200 
  339 200 
  319 200 
  410 200 
  164 200 
  68 200 
  239 200 
  434 200 
  272 200 
  139 200 
  230 200 
  333 200 
  316 200 
  355 200 
  208 200 
  146 200 
  395 200 
  441 210 
  69 200 
  131 200 
  436 200 
  304 200 
  235 210 
  383 200 
  307 200 
  67 210 
  203 200 
  74 210 
  147 200 
  388 200 
  194 200 
  165 200 
  186 200 
  227 210 
  84 200 
  157 200 
  403 200 
  91 200 
  85 200 
  72 200 
  81 200 
  297 200 
  292 200 
  288 200 
  198 200 
  170 200 
  200 200 
  361 200 
  448 200 
  88 200 
  451 200 
  442 200 
  151 210 
  267 200 
  454 200 
  445 200 
  324 200 
  349 200 
  433 200 
  281 200 
  275 200 
  52 200 
  94 200 
  455 200 
  97 200 
  136 200 
  273 200 
  428 200 
  70 200 
  82 200 
  252 200 
  294 200 
  315 200 
  377 200 
  123 210 
  144 200 
  270 200 
  253 200 
  47 200 
  408 200 
  462 200 
  106 200 
  218 200 
  337 200 
  55 200 
  80 200 
  120 200 
  301 200 
  356 210 
  384 200 
  460 200 
  107 200 
  464 210 
  458 200 
  423 200 
  369 200 
  127 200 
  113 200 
  168 200 
  260 200 
  447 200 
  122 200 
  116 200 
  238 200 
  302 200 
  359 200 
  466 200 
  76 200 
  277 200 
  407 200 
  125 200 
  65 200 
  51 200 
  54 200 
  181 200 
  290 200 
  468 200 
  459 210 
  430 210 
  224 200 
  219 200 
  134 200 
  234 210 
  255 200 
  282 200 
  240 200 
  321 200 
  327 200 
  446 200 
  444 200 
  187 200 
  179 210 
  138 200 
  37 200 
  206 200 
  259 200 
  268 200 
  308 200 
  210 200 
  437 200 
  137 200 
  231 200 
  467 200 
  154 200 
  40 200 
  156 200 
  180 210 
  160 200 
  145 200 
  243 200 
  470 200 
  43 200 
  38 200 
  49 200 
  175 200 
  191 200 
  247 200 
  286 200 
  295 200 
  422 200 
  61 200 
  368 200 
  477 200 
  366 210 
  353 200 
  50 200 
  440 200 
  483 200 
  375 200 
  201 200 
  314 200 
  344 200 
  199 200 
  469 200 
  276 200 
  415 200 
  471 200 
  421 200 
  211 200 
  482 200 
  347 200 
  119 200 
  413 210 
  480 200 
  167 200 
  36 200 
  233 200 
  435 200 
  336 200 
  322 200 
  133 200 
  184 200 
  450 200 
  463 200 
  465 200 
  411 200 
  393 200 
  364 200 
  461 200 
  473 200 
  476 200 
  46 200 
  400 200 
  140 200 
  99 200 
  489 200 
  485 200 
  241 200 
  492 200 
  338 200 
  452 200 
  318 200 
  22 200 
  104 200 
  63 200 
  496 200 
  325 200 
  299 200 
  56 200 
  212 200 
  25 210 
  32 200 
  499 200 
  409 200 
  149 200 
  27 200 
  19 200 
  21 200 
  17 200 
  365 200 
  44 200 
  487 200 
  494 200 
  501 200 
  29 200 
  291 200 
  495 200 
  335 200 
  78 200 
  33 200 
  41 200 
  92 200 
  20 200 
  64 200 
  284 200 
  303 200 
  269 200 
  14 200 
  95 210 
  205 200 
  215 200 
  432 200 
  491 200 
  225 200 
  256 200 
  271 200 
  317 200 
  343 200 
  300 200 
  312 200 
  371 200 
  507 200 
  500 200 
  426 200 
  418 200 
  401 200 
  386 200 
  326 200 
  332 200 
  397 200 
  443 200 
  453 200 
  313 200 
  279 200 
  306 200 
  479 200 
  221 200 
  159 200 
  264 200 
  419 200 
  506 200 
  504 200 
  456 200 
  370 200 
  207 200 
  250 200 
  161 200 
  220 200 
  143 200 
  26 200 
  185 200 
  498 200 
  341 200 
  257 200 
  28 200 
  18 200 
  48 200 
  71 200 
  429 200 
  497 200 
  102 200 
  177 200 
  183 200 
  310 210 
  417 200 
  245 200 
  152 200 
  481 200 
  505 200 
  169 200 
  258 200 
  488 200 
  431 210 
  478 200 
  174 200 
  328 200 
  502 200 
  509 200 
  387 200 
  266 200 
  126 200 
  153 200 
  472 200 
  274 200 
  242 200 
  484 200 
  31 200 
  352 200 
  511 200 
  363 200 
  229 200 
  11 200 
  438 200 
  510 200 
  331 200 
  176 200 
  130 200 
  9 200 
  15 200 
  263 200 
  108 200 
  12 200 
  6 200 
  8 200 
  490 200 
  493 200 
  189 200 
  172 200 
  111 200 
  117 200 
  141 200 
  173 200 
  89 200 
  42 210 
  35 200 
  23 200 
  166 200 
  59 210 
  503 200 
  449 200 
  346 200 
  3 200 
  90 210 
  24 200 
  135 200 
  204 210 
  293 200 
  425 200 
  381 200 
  305 200 
  251 200 
  13 200 
  87 200 
  296 200 
  60 200 
  285 200 
  357 200 
  351 200 
  262 200 
  98 200 
  265 200 
  330 200 
  392 210 
  486 200 
  475 200 
  124 200 
  508 210 
  391 200 
  226 200 
  109 200 
  10 200 
  45 200 
  129 200 
  4 200 
  2 200 
  190 200 
  53 210 
  261 200 
  311 200 
  350 200 
  380 200 
  196 200 
  192 200 
  197 200 
  248 200 
  345 200 
  323 200 
  213 200 
  223 200 
  237 200 
  340 210 
  424 200 
  214 200 
  254 200 
  329 200 
  379 200 
  142 200 
  412 200 
  420 200 
  427 200 
  66 200 
  114 200 
  216 200 
  232 200 
  372 200 
  118 200 
  280 200 
  439 200 
  457 200 
  246 200 
  178 200 
  512 200 
  298 200 
  278 200 
  73 200 
  34 200 
  171 210 
  474 200 
  222 200 
  155 200 
  283 210 
  182 200 
  162 200 
  150 200 
  58 210 
  320 200 
  373 200 
  7 200 
  158 200 
  342 200 
  202 200 
  110 210 
  100 200 
  309 200 
  228 200 
  374 200 
  396 200 
  209 200 
  188 200 
  121 200 
  57 200 
  16 200 
  39 200 
  249 200 
  193 200 
  5 200 
  30 200 
  1 200 
  103 200 ;
DefectRecordSpec 15 DEFECTID XREL YREL XINDEX YINDEX XSIZE YSIZE DEFECTAREA DSIZE CLASSNUMBER TEST CLUSTERNUMBER ROUGHBINNUMBER FINEBINNUMBER REVIEWSAMPLE ;
DefectList
 1 93437.000 93621.000 0 0 0.000 0.000 0.000 0.120 0 1 0 0 0 0
 2 90973.000 93640.000 0 0 0.000 0.000 0.000 0.121 0 1 0 0 0 0
 3 88712.000 101072.000 0 0 0.000 0.000 0.000 0.120 0 1 0 0 0 0
 4 82646.000 97093.000 0 0 0.000 0.000 0.000 0.121 0 1 0 0 0 0
 5 83874.000 89516.000 0 0 0.000 0.000 0.000 0.121 0 1 0 0 0 0
 6 120604.000 106930.000 0 0 0.000 0.000 0.000 0.120 0 1 0 0 0 0
 7 111222.000 125940.000 0 0 0.000 0.000 0.000 0.120 0 1 0 0 0 0
 8 125761.000 86294.000 0 0 0.000 0.000 0.000 0.122 0 1 0 0 0 0
 9 103715.000 129612.000 0 0 0.000 0.000 0.000 0.120 0 1 0 0 0 0
 10 89309.000 128671.000 0 0 0.000 0.000 0.000 0.120 0 1 0 0 0 0
 11 128939.000 112586.000 0 0 0.000 0.000 0.000 0.123 0 1 0 0 0 0
 12 128880.000 116337.000 0 0 0.000 0.000 0.000 0.167 0 1 0 0 0 0
 13 81155.000 129495.000 0 0 0.000 0.000 0.000 0.120 0 1 0 0 0 0
 14 135802.000 103132.000 0 0 0.000 0.000 0.000 0.121 0 1 0 0 0 0
 15 101956.000 64318.000 0 0 0.000 0.000 0.000 0.121 0 1 0 0 0 0
 16 134967.000 109131.000 0 0 0.000 0.000 0.000 0.121 0 1 0 0 0 0
 17 125955.000 126510.000 0 0 0.000 0.000 0.000 0.121 0 1 0 0 0 0
 18 136621.000 106170.000 0 0 0.000 0.000 0.000 0.120 0 1 0 0 0 0
 19 135224.000 112026.000 0 0 0.000 0.000 0.000 0.120 0 1 0 0 0 0
 20 136004.000 109922.000 0 0 0.000 0.000 0.000 0.121 0 1 0 0 0 0
 21 126936.000 126030.000 0 0 0.000 0.000 0.000 0.120 0 1 0 0 0 0
 22 131902.000 119883.000 0 0 0.000 0.000 0.000 0.121 0 1 0 0 0 0
 23 132398.000 119712.000 0 0 0.000 0.000 0.000 0.120 0 1 0 0 0 0
 24 124272.000 129191.000 0 0 0.000 0.000 0.000 0.120 0 1 0 0 0 0
 25 137902.000 102576.000 0 0 0.000 0.000 0.000 0.120 0 1 0 0 0 0
 26 136911.000 90632.000 0 0 0.000 0.000 0.000 0.120 0 1 0 0 0 0
 27 136367.000 88322.000 0 0 0.000 0.000 0.000 0.120 0 1 0 0 0 0
 28 135046.000 116551.000 0 0 0.000 0.000 0.000 0.120 0 1 0 0 0 0
 29 136370.000 86249.000 0 0 0.000 0.000 0.000 0.120 0 1 0 0 0 0
 30 116333.000 135647.000 0 0 0.000 0.000 0.000 0.120 0 1 0 0 0 0
 31 139330.000 96912.000 0 0 0.000 0.000 0.000 0.121 0 1 0 0 0 0
 32 120467.000 133989.000 0 0 0.000 0.000 0.000 0.120 0 1 0 0 0 0
 33 134463.000 80663.000 0 0 0.000 0.000 0.000 0.120 0 1 0 0 0 0
 34 135713.000 82968.000 0 0 0.000 0.000 0.000 0.120 0 1 0 0 0 0
 35 136314.000 83919.000 0 0 0.000 0.000 0.000 0.120 0 1 0 0 0 0
 36 111956.000 138199.000 0 0 0.000 0.000 0.000 0.120 0 1 0 0 0 0
 37 131122.000 75151.000 0 0 0.000 0.000 0.000 0.122 0 1 0 0 0 0
 38 137572.000 86059.000 0 0 0.000 0.000 0.000 0.120 0 1 0 0 0 0
 39 111480.000 138699.000 0 0 0.000 0.000 0.000 0.121 0 1 0 0 0 0
 40 117544.000 136555.000 0 0 0.000 0.000 0.000 0.121 0 1 0 0 0 0
 41 110714.000 139414.000 0 0 0.000 0.000 0.000 0.120 0 1 0 0 0 0
 42 120726.000 135404.000 0 0 0.000 0.000 0.000 0.122 0 1 0 0 0 0
 43 75189.000 132570.000 0 0 0.000 0.000 0.000 0.120 0 1 0 0 0 0
 44 86611.000 61639.000 0 0 0.000 0.000 0.000 0.120 0 1 0 0 0 0
 45 132798.000 74807.000 0 0 0.000 0.000 0.000 0.121 0 1 0 0 0 0
 46 134315.000 76892.000 0 0 0.000 0.000 0.000 0.120 0 1 0 0 0 0
 47 130703.000 72051.000 0 0 0.000 0.000 0.000 0.120 0 1 0 0 0 0
 48 135889.000 79057.000 0 0 0.000 0.000 0.000 0.122 0 1 0 0 0 0
 49 108994.000 140921.000 0 0 0.000 0.000 0.000 0.121 0 1 0 0 0 0
 50 135967.000 78799.000 0 0 0.000 0.000 0.000 0.120 0 1 0 0 0 0
 51 112961.000 140024.000 0 0 0.000 0.000 0.000 0.120 0 1 0 0 0 0
 52 134845.000 76781.000 0 0 0.000 0.000 0.000 0.121 0 1 0 0 0 0
 53 109828.000 141421.000 0 0 0.000 0.000 0.000 0.120 0 1 0 0 0 0
 54 106484.000 142049.000 0 0 0.000 0.000 0.000 0.120 0 1 0 0 0 0
 55 136958.000 79174.000 0 0 0.000 0.000 0.000 0.121 0 1 0 0 0 0
 56 106778.000 142190.000 0 0 0.000 0.000 0.000 0.120 0 1 0 0 0 0
 57 130688.000 69848.000 0 0 0.000 0.000 0.000 0.120 0 1 0 0 0 0
 58 75511.000 64261.000 0 0 0.000 0.000 0.000 0.120 0 1 0 0 0 0
 59 57456.000 109885.000 0 0 0.000 0.000 0.000 0.120 0 1 0 0 0 0
 60 102427.000 144019.000 0 0 0.000 0.000 0.000 0.121 0 1 0 0 0 0
 61 96966.000 144317.000 0 0 0.000 0.000 0.000 0.120 0 1 0 0 0 0
 62 76322.000 62920.000 0 0 0.000 0.000 0.000 0.120 0 1 0 0 0 0
 63 102263.000 144546.000 0 0 0.000 0.000 0.000 0.121 0 1 0 0 0 0
 64 55539.000 100162.000 0 0 0.000 0.000 0.000 0.121 0 1 0 0 0 0
 65 57804.000 86127.000 0 0 0.000 0.000 0.000 0.121 0 1 0 0 0 0
 66 120906.000 60734.000 0 0 0.000 0.000 0.000 0.120 0 1 0 0 0 0
 67 122346.000 61524.000 0 0 0.000 0.000 0.000 0.120 0 1 0 0 0 0
 68 95744.000 144912.000 0 0 0.000 0.000 0.000 0.120 0 1 0 0 0 0
 69 54770.000 97214.000 0 0 0.000 0.000 0.000 0.120 0 1 0 0 0 0
 70 122487.000 60610.000 0 0 0.000 0.000 0.000 0.120 0 1 0 0 0 0
 71 60763.000 123274.000 0 0 0.000 0.000 0.000 0.120 0 1 0 0 0 0
 72 126846.000 63023.000 0 0 0.000 0.000 0.000 0.121 0 1 0 0 0 0
 73 60855.000 76013.000 0 0 0.000 0.000 0.000 0.121 0 1 0 0 0 0
 74 124664.000 61101.000 0 0 0.000 0.000 0.000 0.121 0 1 0 0 0 0
 75 55608.000 112947.000 0 0 0.000 0.000 0.000 0.120 0 1 0 0 0 0
 76 66334.000 68596.000 0 0 0.000 0.000 0.000 0.120 0 1 0 0 0 0
 77 122310.000 59327.000 0 0 0.000 0.000 0.000 0.121 0 1 0 0 0 0
 78 92007.000 146444.000 0 0 0.000 0.000 0.000 0.120 0 1 0 0 0 0
 79 90027.000 146067.000 0 0 0.000 0.000 0.000 0.123 0 1 0 0 0 0
 80 118473.000 56773.000 0 0 0.000 0.000 0.000 0.120 0 1 0 0 0 0
 81 100648.000 52881.000 0 0 0.000 0.000 0.000 0.120 0 1 0 0 0 0
 82 119310.000 56954.000 0 0 0.000 0.000 0.000 0.120 0 1 0 0 0 0
 83 108428.000 53467.000 0 0 0.000 0.000 0.000 0.120 0 1 0 0 0 0
 84 70270.000 137562.000 0 0 0.000 0.000 0.000 0.120 0 1 0 0 0 0
 85 61126.000 72575.000 0 0 0.000 0.000 0.000 0.121 0 1 0 0 0 0
 86 138570.000 129369.000 0 0 0.000 0.000 0.000 0.120 0 1 0 0 0 0
 87 113433.000 53577.000 0 0 0.000 0.000 0.000 0.120 0 1 0 0 0 0
 88 74242.000 141381.000 0 0 0.000 0.000 0.000 0.120 0 1 0 0 0 0
 89 69036.000 137866.000 0 0 0.000 0.000 0.000 0.120 0 1 0 0 0 0
 90 96812.000 51473.000 0 0 0.000 0.000 0.000 0.120 0 1 0 0 0 0
 91 108145.000 51869.000 0 0 0.000 0.000 0.000 0.120 0 1 0 0 0 0
 92 110177.000 51696.000 0 0 0.000 0.000 0.000 0.120 0 1 0 0 0 0
 93 111588.000 51857.000 0 0 0.000 0.000 0.000 0.123 0 1 0 0 0 0
 94 109679.000 51064.000 0 0 0.000 0.000 0.000 0.120 0 1 0 0 0 0
 95 112094.000 51654.000 0 0 0.000 0.000 0.000 0.120 0 1 0 0 0 0
 96 69427.000 140108.000 0 0 0.000 0.000 0.000 0.120 0 1 0 0 0 0
 97 106081.000 50167.000 0 0 0.000 0.000 0.000 0.120 0 1 0 0 0 0
 98 67614.000 138905.000 0 0 0.000 0.000 0.000 0.122 0 1 0 0 0 0
 99 98468.000 49012.000 0 0 0.000 0.000 0.000 0.121 0 1 0 0 0 0
 100 107807.000 49570.000 0 0 0.000 0.000 0.000 0.120 0 1 0 0 0 0
 101 70798.000 57867.000 0 0 0.000 0.000 0.000 0.127 0 1 0 0 0 0
 102 66062.000 138886.000 0 0 0.000 0.000 0.000 0.120 0 1 0 0 0 0
 103 60704.000 133448.000 0 0 0.000 0.000 0.000 0.120 0 1 0 0 0 0
 104 99346.000 48651.000 0 0 0.000 0.000 0.000 0.124 0 1 0 0 0 0
 105 94798.000 48789.000 0 0 0.000 0.000 0.000 0.120 0 1 0 0 0 0
 106 100487.000 48293.000 0 0 0.000 0.000 0.000 0.121 0 1 0 0 0 0
 107 61377.000 135993.000 0 0 0.000 0.000 0.000 0.120 0 1 0 0 0 0
 108 57277.000 130968.000 0 0 0.000 0.000 0.000 0.120 0 1 0 0 0 0
 109 64160.000 139269.000 0 0 0.000 0.000 0.000 0.121 0 1 0 0 0 0
 110 62912.000 138089.000 0 0 0.000 0.000 0.000 0.123 0 1 0 0 0 0
 111 87171.000 48699.000 0 0 0.000 0.000 0.000 0.120 0 1 0 0 0 0
 112 60975.000 136555.000 0 0 0.000 0.000 0.000 0.120 0 1 0 0 0 0
 113 97807.000 46793.000 0 0 0.000 0.000 0.000 0.120 0 1 0 0 0 0
 114 62226.000 138131.000 0 0 0.000 0.000 0.000 0.120 0 1 0 0 0 0
 115 60999.000 137284.000 0 0 0.000 0.000 0.000 0.123 0 1 0 0 0 0
 116 53942.000 127719.000 0 0 0.000 0.000 0.000 0.120 0 1 0 0 0 0
 117 66189.000 58498.000 0 0 0.000 0.000 0.000 0.120 0 1 0 0 0 0
 118 80389.000 50204.000 0 0 0.000 0.000 0.000 0.120 0 1 0 0 0 0
 119 86558.000 48173.000 0 0 0.000 0.000 0.000 0.120 0 1 0 0 0 0
 120 87113.000 48013.000 0 0 0.000 0.000 0.000 0.120 0 1 0 0 0 0
 121 60202.000 136515.000 0 0 0.000 0.000 0.000 0.121 0 1 0 0 0 0
 122 71454.000 54293.000 0 0 0.000 0.000 0.000 0.120 0 1 0 0 0 0
 123 93477.000 46514.000 0 0 0.000 0.000 0.000 0.121 0 1 0 0 0 0
 124 84049.000 48167.000 0 0 0.000 0.000 0.000 0.120 0 1 0 0 0 0
 125 91000.000 46521.000 0 0 0.000 0.000 0.000 0.124 0 1 0 0 0 0
 126 78520.000 49660.000 0 0 0.000 0.000 0.000 0.121 0 1 0 0 0 0
 127 78767.000 49582.000 0 0 0.000 0.000 0.000 0.121 0 1 0 0 0 0
 128 92406.000 45793.000 0 0 0.000 0.000 0.000 0.120 0 1 0 0 0 0
 129 48334.000 119144.000 0 0 0.000 0.000 0.000 0.123 0 1 0 0 0 0
 130 81177.000 48432.000 0 0 0.000 0.000 0.000 0.120 0 1 0 0 0 0
 131 81711.000 48232.000 0 0 0.000 0.000 0.000 0.123 0 1 0 0 0 0
 132 48527.000 120551.000 0 0 0.000 0.000 0.000 0.123 0 1 0 0 0 0
 133 47624.000 118148.000 0 0 0.000 0.000 0.000 0.120 0 1 0 0 0 0
 134 71174.000 52867.000 0 0 0.000 0.000 0.000 0.120 0 1 0 0 0 0
 135 75586.000 50479.000 0 0 0.000 0.000 0.000 0.122 0 1 0 0 0 0
 136 79819.000 48556.000 0 0 0.000 0.000 0.000 0.120 0 1 0 0 0 0
 137 46932.000 117124.000 0 0 0.000 0.000 0.000 0.120 0 1 0 0 0 0
 138 85645.000 46118.000 0 0 0.000 0.000 0.000 0.120 0 1 0 0 0 0
 139 50640.000 126764.000 0 0 0.000 0.000 0.000 0.120 0 1 0 0 0 0
 140 49916.000 125361.000 0 0 0.000 0.000 0.000 0.121 0 1 0 0 0 0
 141 47758.000 120426.000 0 0 0.000 0.000 0.000 0.120 0 1 0 0 0 0
 142 68277.000 53963.000 0 0 0.000 0.000 0.000 0.120 0 1 0 0 0 0
 143 50022.000 125954.000 0 0 0.000 0.000 0.000 0.120 0 1 0 0 0 0
 144 70793.000 52160.000 0 0 0.000 0.000 0.000 0.120 0 1 0 0 0 0
 145 43949.000 106067.000 0 0 0.000 0.000 0.000 0.121 0 1 0 0 0 0
 146 48293.000 123118.000 0 0 0.000 0.000 0.000 0.121 0 1 0 0 0 0
 147 43255.000 96315.000 0 0 0.000 0.000 0.000 0.122 0 1 0 0 0 0
 148 46161.000 119133.000 0 0 0.000 0.000 0.000 0.122 0 1 0 0 0 0
 149 43889.000 89016.000 0 0 0.000 0.000 0.000 0.120 0 1 0 0 0 0
 150 42752.000 95985.000 0 0 0.000 0.000 0.000 0.122 0 1 0 0 0 0
 151 42915.000 94239.000 0 0 0.000 0.000 0.000 0.121 0 1 0 0 0 0
 152 54477.000 65214.000 0 0 0.000 0.000 0.000 0.121 0 1 0 0 0 0
 153 67708.000 52683.000 0 0 0.000 0.000 0.000 0.121 0 1 0 0 0 0
 154 156411.000 112221.000 0 0 0.000 0.000 0.000 0.120 0 1 0 0 0 0
 155 154097.000 120253.000 0 0 0.000 0.000 0.000 0.120 0 1 0 0 0 0
 156 63747.000 55449.000 0 0 0.000 0.000 0.000 0.121 0 1 0 0 0 0
 157 157846.000 101470.000 0 0 0.000 0.000 0.000 0.121 0 1 0 0 0 0
 158 157739.000 104029.000 0 0 0.000 0.000 0.000 0.120 0 1 0 0 0 0
 159 72723.000 49237.000 0 0 0.000 0.000 0.000 0.120 0 1 0 0 0 0
 160 154805.000 119348.000 0 0 0.000 0.000 0.000 0.120 0 1 0 0 0 0
 161 152461.000 124986.000 0 0 0.000 0.000 0.000 0.120 0 1 0 0 0 0
 162 157726.000 107716.000 0 0 0.000 0.000 0.000 0.120 0 1 0 0 0 0
 163 144398.000 137837.000 0 0 0.000 0.000 0.000 0.120 0 1 0 0 0 0
 164 45236.000 119715.000 0 0 0.000 0.000 0.000 0.120 0 1 0 0 0 0
 165 41904.000 98795.000 0 0 0.000 0.000 0.000 0.120 0 1 0 0 0 0
 166 41956.000 98417.000 0 0 0.000 0.000 0.000 0.120 0 1 0 0 0 0
 167 52169.000 67229.000 0 0 0.000 0.000 0.000 0.121 0 1 0 0 0 0
 168 68748.000 51182.000 0 0 0.000 0.000 0.000 0.120 0 1 0 0 0 0
 169 156069.000 116407.000 0 0 0.000 0.000 0.000 0.120 0 1 0 0 0 0
 170 148507.000 132675.000 0 0 0.000 0.000 0.000 0.120 0 1 0 0 0 0
 171 145868.000 136316.000 0 0 0.000 0.000 0.000 0.121 0 1 0 0 0 0
 172 45062.000 80769.000 0 0 0.000 0.000 0.000 0.120 0 1 0 0 0 0
 173 158408.000 104438.000 0 0 0.000 0.000 0.000 0.120 0 1 0 0 0 0
 174 155001.000 120206.000 0 0 0.000 0.000 0.000 0.120 0 1 0 0 0 0
 175 154958.000 120344.000 0 0 0.000 0.000 0.000 0.122 0 1 0 0 0 0
 176 143381.000 139554.000 0 0 0.000 0.000 0.000 0.120 0 1 0 0 0 0
 177 136392.000 146097.000 0 0 0.000 0.000 0.000 0.120 0 1 0 0 0 0
 178 43119.000 113543.000 0 0 0.000 0.000 0.000 0.120 0 1 0 0 0 0
 179 41985.000 106971.000 0 0 0.000 0.000 0.000 0.120 0 1 0 0 0 0
 180 41859.000 94544.000 0 0 0.000 0.000 0.000 0.121 0 1 0 0 0 0
 181 42110.000 92131.000 0 0 0.000 0.000 0.000 0.123 0 1 0 0 0 0
 182 58607.000 58952.000 0 0 0.000 0.000 0.000 0.120 0 1 0 0 0 0
 183 158103.000 108745.000 0 0 0.000 0.000 0.000 0.121 0 1 0 0 0 0
 184 155381.000 119713.000 0 0 0.000 0.000 0.000 0.120 0 1 0 0 0 0
 185 150940.000 129383.000 0 0 0.000 0.000 0.000 0.120 0 1 0 0 0 0
 186 41548.000 104133.000 0 0 0.000 0.000 0.000 0.120 0 1 0 0 0 0
 187 41518.000 96514.000 0 0 0.000 0.000 0.000 0.121 0 1 0 0 0 0
 188 59858.000 57497.000 0 0 0.000 0.000 0.000 0.120 0 1 0 0 0 0
 189 158619.000 105662.000 0 0 0.000 0.000 0.000 0.120 0 1 0 0 0 0
 190 156491.000 116769.000 0 0 0.000 0.000 0.000 0.122 0 1 0 0 0 0
 191 153201.000 125564.000 0 0 0.000 0.000 0.000 0.120 0 1 0 0 0 0
 192 43167.000 115087.000 0 0 0.000 0.000 0.000 0.120 0 1 0 0 0 0
 193 41343.000 103339.000 0 0 0.000 0.000 0.000 0.121 0 1 0 0 0 0
 194 51555.000 66879.000 0 0 0.000 0.000 0.000 0.120 0 1 0 0 0 0
 195 158984.000 97586.000 0 0 0.000 0.000 0.000 0.120 0 1 0 0 0 0
 196 156679.000 116880.000 0 0 0.000 0.000 0.000 0.120 0 1 0 0 0 0
 197 41452.000 93813.000 0 0 0.000 0.000 0.000 0.120 0 1 0 0 0 0
 198 158757.000 107853.000 0 0 0.000 0.000 0.000 0.121 0 1 0 0 0 0
 199 153758.000 125008.000 0 0 0.000 0.000 0.000 0.120 0 1 0 0 0 0
 200 152568.000 127504.000 0 0 0.000 0.000 0.000 0.121 0 1 0 0 0 0
 201 152194.000 128120.000 0 0 0.000 0.000 0.000 0.120 0 1 0 0 0 0
 202 147934.000 135007.000 0 0 0.000 0.000 0.000 0.120 0 1 0 0 0 0
 203 138498.000 145190.000 0 0 0.000 0.000 0.000 0.122 0 1 0 0 0 0
 204 138016.000 145633.000 0 0 0.000 0.000 0.000 0.120 0 1 0 0 0 0
 205 42352.000 113299.000 0 0 0.000 0.000 0.000 0.121 0 1 0 0 0 0
 206 47472.000 73091.000 0 0 0.000 0.000 0.000 0.120 0 1 0 0 0 0
 207 51723.000 66143.000 0 0 0.000 0.000 0.000 0.120 0 1 0 0 0 0
 208 158629.000 90784.000 0 0 0.000 0.000 0.000 0.120 0 1 0 0 0 0
 209 159086.000 94235.000 0 0 0.000 0.000 0.000 0.123 0 1 0 0 0 0
 210 157893.000 113469.000 0 0 0.000 0.000 0.000 0.122 0 1 0 0 0 0
 211 152013.000 128923.000 0 0 0.000 0.000 0.000 0.121 0 1 0 0 0 0
 212 146238.000 137426.000 0 0 0.000 0.000 0.000 0.121 0 1 0 0 0 0
 213 42511.000 114494.000 0 0 0.000 0.000 0.000 0.120 0 1 0 0 0 0
 214 49261.000 69593.000 0 0 0.000 0.000 0.000 0.122 0 1 0 0 0 0
 215 52709.000 64446.000 0 0 0.000 0.000 0.000 0.123 0 1 0 0 0 0
 216 157975.000 86580.000 0 0 0.000 0.000 0.000 0.120 0 1 0 0 0 0
 217 158568.000 89408.000 0 0 0.000 0.000 0.000 0.121 0 1 0 0 0 0
 218 159522.000 101742.000 0 0 0.000 0.000 0.000 0.120 0 1 0 0 0 0
 219 159236.000 106338.000 0 0 0.000 0.000 0.000 0.120 0 1 0 0 0 0
 220 157735.000 114745.000 0 0 0.000 0.000 0.000 0.120 0 1 0 0 0 0
 221 150171.000 132403.000 0 0 0.000 0.000 0.000 0.122 0 1 0 0 0 0
 222 149093.000 133963.000 0 0 0.000 0.000 0.000 0.122 0 1 0 0 0 0
 223 147529.000 136111.000 0 0 0.000 0.000 0.000 0.120 0 1 0 0 0 0
 224 146731.000 137160.000 0 0 0.000 0.000 0.000 0.122 0 1 0 0 0 0
 225 40570.000 99980.000 0 0 0.000 0.000 0.000 0.122 0 1 0 0 0 0
 226 42315.000 85959.000 0 0 0.000 0.000 0.000 0.120 0 1 0 0 0 0
 227 45829.000 75704.000 0 0 0.000 0.000 0.000 0.121 0 1 0 0 0 0
 228 150803.000 131550.000 0 0 0.000 0.000 0.000 0.120 0 1 0 0 0 0
 229 40973.000 91854.000 0 0 0.000 0.000 0.000 0.123 0 1 0 0 0 0
 230 41677.000 87857.000 0 0 0.000 0.000 0.000 0.123 0 1 0 0 0 0
 231 43142.000 82301.000 0 0 0.000 0.000 0.000 0.121 0 1 0 0 0 0
 232 44548.000 78347.000 0 0 0.000 0.000 0.000 0.120 0 1 0 0 0 0
 233 61829.000 54363.000 0 0 0.000 0.000 0.000 0.120 0 1 0 0 0 0
 234 146518.000 137990.000 0 0 0.000 0.000 0.000 0.120 0 1 0 0 0 0
 235 40850.000 108856.000 0 0 0.000 0.000 0.000 0.120 0 1 0 0 0 0
 236 44794.000 77225.000 0 0 0.000 0.000 0.000 0.120 0 1 0 0 0 0
 237 45033.000 76724.000 0 0 0.000 0.000 0.000 0.122 0 1 0 0 0 0
 238 53104.000 63118.000 0 0 0.000 0.000 0.000 0.120 0 1 0 0 0 0
 239 159384.000 90405.000 0 0 0.000 0.000 0.000 0.123 0 1 0 0 0 0
 240 160044.000 99136.000 0 0 50.000 24.000 1200.000 34.641 0 1 236 200 0 0
 241 159886.000 104881.000 0 0 0.000 0.000 0.000 0.122 0 1 0 0 0 0
 242 159628.000 107453.000 0 0 0.000 0.000 0.000 0.122 0 1 0 0 0 0
 243 153652.000 127248.000 0 0 0.000 0.000 0.000 0.120 0 1 0 0 0 0
 244 142234.000 142908.000 0 0 0.000 0.000 0.000 0.122 0 1 0 0 0 0
 245 134318.000 149487.000 0 0 0.000 0.000 0.000 0.120 0 1 0 0 0 0
 246 127138.000 153794.000 0 0 0.000 0.000 0.000 0.122 0 1 0 0 0 0
 247 42237.000 84116.000 0 0 0.000 0.000 0.000 0.120 0 1 0 0 0 0
 248 54557.000 61104.000 0 0 0.000 0.000 0.000 0.122 0 1 0 0 0 0
 249 58215.000 57192.000 0 0 0.000 0.000 0.000 0.121 0 1 0 0 0 0
 250 155652.000 77278.000 0 0 0.000 0.000 0.000 0.121 0 1 0 0 0 0
 251 158086.000 84354.000 0 0 0.000 0.000 0.000 0.121 0 1 0 0 0 0
 252 159690.000 91826.000 0 0 52.000 30.000 1560.000 39.496 0 1 217 200 0 0
 253 160097.000 95961.000 0 0 0.000 0.000 0.000 0.122 0 1 0 0 0 0
 254 158650.000 113946.000 0 0 0.000 0.000 0.000 0.122 0 1 0 0 0 0
 255 138918.000 146196.000 0 0 0.000 0.000 0.000 0.122 0 1 0 0 0 0
 256 123835.000 155535.000 0 0 0.000 0.000 0.000 0.122 0 1 0 0 0 0
 257 159918.000 92626.000 0 0 52.000 30.000 1560.000 39.496 0 1 217 200 0 0
 258 159947.000 92657.000 0 0 52.000 30.000 1560.000 39.496 0 1 217 200 0 0
 259 160402.000 99696.000 0 0 51.000 24.000 1224.000 34.985 0 1 236 200 0 0
 260 160288.000 105706.000 0 0 0.000 0.000 0.000 0.122 0 1 0 0 0 0
 261 155298.000 124521.000 0 0 0.000 0.000 0.000 0.120 0 1 0 0 0 0
 262 150426.000 133530.000 0 0 0.000 0.000 0.000 0.120 0 1 0 0 0 0
 263 147456.000 137605.000 0 0 0.000 0.000 0.000 0.121 0 1 0 0 0 0
 264 146208.000 139132.000 0 0 0.000 0.000 0.000 0.120 0 1 0 0 0 0
 265 129259.000 153066.000 0 0 46.000 54.000 2484.000 49.839 0 1 354 200 0 0
 266 122939.000 156087.000 0 0 0.000 0.000 0.000 0.121 0 1 0 0 0 0
 267 39977.000 94475.000 0 0 0.000 0.000 0.000 0.121 0 1 0 0 0 0
 268 40729.000 89347.000 0 0 0.000 0.000 0.000 0.120 0 1 0 0 0 0
 269 41629.000 85112.000 0 0 0.000 0.000 0.000 0.121 0 1 0 0 0 0
 270 50111.000 66416.000 0 0 0.000 0.000 0.000 0.120 0 1 0 0 0 0
 271 156707.000 78950.000 0 0 0.000 0.000 0.000 0.120 0 1 0 0 0 0
 272 159993.000 108603.000 0 0 0.000 0.000 0.000 0.122 0 1 0 0 0 0
 273 121556.000 156843.000 0 0 0.000 0.000 0.000 0.120 0 1 0 0 0 0
 274 42193.000 82574.000 0 0 0.000 0.000 0.000 0.121 0 1 0 0 0 0
 275 54845.000 59936.000 0 0 0.000 0.000 0.000 0.120 0 1 0 0 0 0
 276 67265.000 49332.000 0 0 0.000 0.000 0.000 0.120 0 1 0 0 0 0
 277 157533.000 80766.000 0 0 0.000 0.000 0.000 0.121 0 1 0 0 0 0
 278 159436.000 112731.000 0 0 0.000 0.000 0.000 0.121 0 1 0 0 0 0
 279 143766.000 142365.000 0 0 0.000 0.000 0.000 0.120 0 1 0 0 0 0
 280 142332.000 143806.000 0 0 0.000 0.000 0.000 0.120 0 1 0 0 0 0
 281 129029.000 153558.000 0 0 44.000 54.000 2376.000 48.744 0 1 354 200 0 0
 282 128422.000 153866.000 0 0 44.000 56.000 2464.000 49.638 0 1 354 200 0 0
 283 125225.000 155441.000 0 0 0.000 0.000 0.000 0.121 0 1 0 0 0 0
 284 158751.000 84281.000 0 0 0.000 0.000 0.000 0.120 0 1 0 0 0 0
 285 160221.000 91181.000 0 0 52.000 30.000 1560.000 39.496 0 1 217 200 0 0
 286 160858.000 99223.000 0 0 50.000 24.000 1200.000 34.641 0 1 236 200 0 0
 287 150884.000 133697.000 0 0 0.000 0.000 0.000 0.123 0 1 0 0 0 0
 288 142480.000 143875.000 0 0 0.000 0.000 0.000 0.121 0 1 0 0 0 0
 289 141770.000 144533.000 0 0 0.000 0.000 0.000 0.121 0 1 0 0 0 0
 290 130045.000 153211.000 0 0 46.000 54.000 2484.000 49.839 0 1 354 200 0 0
 291 124119.000 156166.000 0 0 0.000 0.000 0.000 0.120 0 1 0 0 0 0
 292 40757.000 86456.000 0 0 0.000 0.000 0.000 0.120 0 1 0 0 0 0
 293 59800.000 54565.000 0 0 0.000 0.000 0.000 0.120 0 1 0 0 0 0
 294 161054.000 99758.000 0 0 51.000 24.000 1224.000 34.985 0 1 236 200 0 0
 295 159352.000 114766.000 0 0 0.000 0.000 0.000 0.121 0 1 0 0 0 0
 296 158579.000 117540.000 0 0 0.000 0.000 0.000 0.120 0 1 0 0 0 0
 297 156129.000 124350.000 0 0 0.000 0.000 0.000 0.120 0 1 0 0 0 0
 298 153340.000 130031.000 0 0 0.000 0.000 0.000 0.120 0 1 0 0 0 0
 299 149186.000 136439.000 0 0 0.000 0.000 0.000 0.121 0 1 0 0 0 0
 300 133723.000 151147.000 0 0 0.000 0.000 0.000 0.120 0 1 0 0 0 0
 301 123448.000 156773.000 0 0 0.000 0.000 0.000 0.126 0 1 0 0 0 0
 302 120322.000 157785.000 0 0 0.000 0.000 0.000 0.120 0 1 0 0 0 0
 303 99506.000 39126.000 0 0 0.000 0.000 0.000 0.120 0 1 0 0 0 0
 304 151915.000 67764.000 0 0 0.000 0.000 0.000 0.121 0 1 0 0 0 0
 305 154655.000 72719.000 0 0 0.000 0.000 0.000 0.121 0 1 0 0 0 0
 306 159041.000 83941.000 0 0 0.000 0.000 0.000 0.120 0 1 0 0 0 0
 307 160071.000 88304.000 0 0 0.000 0.000 0.000 0.120 0 1 0 0 0 0
 308 160607.000 91306.000 0 0 52.000 30.000 1560.000 39.496 0 1 217 200 0 0
 309 161231.000 100150.000 0 0 51.000 24.000 1224.000 34.985 0 1 236 200 0 0
 310 150797.000 134414.000 0 0 0.000 0.000 0.000 0.120 0 1 0 0 0 0
 311 150089.000 135483.000 0 0 0.000 0.000 0.000 0.123 0 1 0 0 0 0
 312 143151.000 143677.000 0 0 0.000 0.000 0.000 0.120 0 1 0 0 0 0
 313 131256.000 152897.000 0 0 0.000 0.000 0.000 0.122 0 1 0 0 0 0
 314 128532.000 154420.000 0 0 44.000 56.000 2464.000 49.638 0 1 354 200 0 0
 315 125143.000 156018.000 0 0 0.000 0.000 0.000 0.120 0 1 0 0 0 0
 316 122208.000 157280.000 0 0 0.000 0.000 0.000 0.122 0 1 0 0 0 0
 317 117420.000 158960.000 0 0 0.000 0.000 0.000 0.120 0 1 0 0 0 0
 318 41106.000 83773.000 0 0 0.000 0.000 0.000 0.120 0 1 0 0 0 0
 319 43047.000 78046.000 0 0 0.000 0.000 0.000 0.120 0 1 0 0 0 0
 320 46490.000 70366.000 0 0 0.000 0.000 0.000 0.121 0 1 0 0 0 0
 321 51420.000 63030.000 0 0 0.000 0.000 0.000 0.120 0 1 0 0 0 0
 322 155893.000 74758.000 0 0 0.000 0.000 0.000 0.121 0 1 0 0 0 0
 323 155991.000 74991.000 0 0 0.000 0.000 0.000 0.122 0 1 0 0 0 0
 324 161415.000 100872.000 0 0 50.000 24.000 1200.000 34.641 0 1 236 200 0 0
 325 157691.000 121287.000 0 0 0.000 0.000 0.000 0.122 0 1 0 0 0 0
 326 140763.000 146174.000 0 0 0.000 0.000 0.000 0.121 0 1 0 0 0 0
 327 140164.000 146695.000 0 0 0.000 0.000 0.000 0.122 0 1 0 0 0 0
 328 129661.000 153989.000 0 0 46.000 54.000 2484.000 49.839 0 1 354 200 0 0
 329 38738.000 98475.000 0 0 0.000 0.000 0.000 0.121 0 1 0 0 0 0
 330 156068.000 74859.000 0 0 0.000 0.000 0.000 0.120 0 1 0 0 0 0
 331 158040.000 79532.000 0 0 0.000 0.000 0.000 0.120 0 1 0 0 0 0
 332 161555.000 100588.000 0 0 51.000 24.000 1224.000 34.985 0 1 236 200 0 0
 333 158727.000 118851.000 0 0 0.000 0.000 0.000 0.121 0 1 0 0 0 0
 334 139374.000 147581.000 0 0 0.000 0.000 0.000 0.121 0 1 0 0 0 0
 335 133472.000 151923.000 0 0 0.000 0.000 0.000 0.123 0 1 0 0 0 0
 336 130008.000 153984.000 0 0 46.000 54.000 2484.000 49.839 0 1 354 200 0 0
 337 117439.000 159254.000 0 0 0.000 0.000 0.000 0.126 0 1 0 0 0 0
 338 42473.000 78555.000 0 0 0.000 0.000 0.000 0.120 0 1 0 0 0 0
 339 157977.000 78899.000 0 0 0.000 0.000 0.000 0.120 0 1 0 0 0 0
 340 161069.000 90882.000 0 0 52.000 30.000 1560.000 39.496 0 1 217 200 0 0
 341 161600.000 95311.000 0 0 0.000 0.000 0.000 0.120 0 1 0 0 0 0
 342 160593.000 112084.000 0 0 0.000 0.000 0.000 0.120 0 1 0 0 0 0
 343 156742.000 124624.000 0 0 0.000 0.000 0.000 0.121 0 1 0 0 0 0
 344 145924.000 141535.000 0 0 0.000 0.000 0.000 0.121 0 1 0 0 0 0
 345 142205.000 145315.000 0 0 0.000 0.000 0.000 0.122 0 1 0 0 0 0
 346 43819.000 74828.000 0 0 0.000 0.000 0.000 0.120 0 1 0 0 0 0
 347 152172.000 66675.000 0 0 0.000 0.000 0.000 0.122 0 1 0 0 0 0
 348 161909.000 102020.000 0 0 0.000 0.000 0.000 0.124 0 1 0 0 0 0
 349 149015.000 138105.000 0 0 0.000 0.000 0.000 0.122 0 1 0 0 0 0
 350 136967.000 149902.000 0 0 0.000 0.000 0.000 0.121 0 1 0 0 0 0
 351 126810.000 156045.000 0 0 0.000 0.000 0.000 0.120 0 1 0 0 0 0
 352 123301.000 157575.000 0 0 0.000 0.000 0.000 0.120 0 1 0 0 0 0
 353 51214.000 62237.000 0 0 0.000 0.000 0.000 0.123 0 1 0 0 0 0
 354 149707.000 63058.000 0 0 56.000 48.000 2688.000 51.845 0 1 163 200 0 0
 355 150217.000 63476.000 0 0 56.000 48.000 2688.000 51.845 0 1 163 200 0 0
 356 151538.000 65667.000 0 0 0.000 0.000 0.000 0.120 0 1 0 0 0 0
 357 152647.000 67362.000 0 0 0.000 0.000 0.000 0.121 0 1 0 0 0 0
 358 159290.000 81695.000 0 0 0.000 0.000 0.000 0.120 0 1 0 0 0 0
 359 159519.000 82489.000 0 0 0.000 0.000 0.000 0.120 0 1 0 0 0 0
 360 161744.000 93191.000 0 0 0.000 0.000 0.000 0.121 0 1 0 0 0 0
 361 143961.000 144098.000 0 0 0.000 0.000 0.000 0.120 0 1 0 0 0 0
 362 39472.000 86826.000 0 0 0.000 0.000 0.000 0.120 0 1 0 0 0 0
 363 158129.000 77909.000 0 0 56.000 40.000 2240.000 47.328 0 1 195 200 0 0
 364 159918.000 83333.000 0 0 0.000 0.000 0.000 0.120 0 1 0 0 0 0
 365 114204.000 160826.000 0 0 0.000 0.000 0.000 0.121 0 1 0 0 0 0
 366 104711.000 162264.000 0 0 0.000 0.000 0.000 0.121 0 1 0 0 0 0
 367 47076.000 67651.000 0 0 0.000 0.000 0.000 0.120 0 1 0 0 0 0
 368 159384.000 81049.000 0 0 0.000 0.000 0.000 0.120 0 1 0 0 0 0
 369 135798.000 151401.000 0 0 0.000 0.000 0.000 0.120 0 1 0 0 0 0
 370 132833.000 153332.000 0 0 0.000 0.000 0.000 0.122 0 1 0 0 0 0
 371 124421.000 157695.000 0 0 0.000 0.000 0.000 0.120 0 1 0 0 0 0
 372 116294.000 160480.000 0 0 0.000 0.000 0.000 0.123 0 1 0 0 0 0
 373 150696.000 63596.000 0 0 54.000 48.000 2592.000 50.911 0 1 163 200 0 0
 374 152228.000 65755.000 0 0 0.000 0.000 0.000 0.120 0 1 0 0 0 0
 375 158324.000 77523.000 0 0 56.000 40.000 2240.000 47.328 0 1 195 200 0 0
 376 158525.000 77949.000 0 0 56.000 40.000 2240.000 47.328 0 1 195 200 0 0
 377 154883.000 130406.000 0 0 0.000 0.000 0.000 0.121 0 1 0 0 0 0
 378 139112.000 149125.000 0 0 0.000 0.000 0.000 0.120 0 1 0 0 0 0
 379 135402.000 151852.000 0 0 0.000 0.000 0.000 0.122 0 1 0 0 0 0
 380 157937.000 76112.000 0 0 0.000 0.000 0.000 0.120 0 1 0 0 0 0
 381 159381.000 79790.000 0 0 0.000 0.000 0.000 0.120 0 1 0 0 0 0
 382 121360.000 159291.000 0 0 0.000 0.000 0.000 0.121 0 1 0 0 0 0
 383 118577.000 160141.000 0 0 0.000 0.000 0.000 0.122 0 1 0 0 0 0
 384 48626.000 136052.000 0 0 0.000 0.000 0.000 0.121 0 1 0 0 0 0
 385 147960.000 59541.000 0 0 0.000 0.000 0.000 0.121 0 1 0 0 0 0
 386 150884.000 63192.000 0 0 56.000 48.000 2688.000 51.845 0 1 163 200 0 0
 387 151069.000 63477.000 0 0 54.000 48.000 2592.000 50.911 0 1 163 200 0 0
 388 152713.000 65860.000 0 0 0.000 0.000 0.000 0.122 0 1 0 0 0 0
 389 153511.000 67088.000 0 0 0.000 0.000 0.000 0.120 0 1 0 0 0 0
 390 161617.000 113065.000 0 0 0.000 0.000 0.000 0.121 0 1 0 0 0 0
 391 139485.000 149235.000 0 0 0.000 0.000 0.000 0.122 0 1 0 0 0 0
 392 130860.000 155099.000 0 0 0.000 0.000 0.000 0.121 0 1 0 0 0 0
 393 121104.000 159513.000 0 0 0.000 0.000 0.000 0.120 0 1 0 0 0 0
 394 116059.000 161069.000 0 0 0.000 0.000 0.000 0.120 0 1 0 0 0 0
 395 145644.000 56709.000 0 0 0.000 0.000 0.000 0.120 0 1 0 0 0 0
 396 153417.000 66659.000 0 0 0.000 0.000 0.000 0.123 0 1 0 0 0 0
 397 154036.000 67676.000 0 0 0.000 0.000 0.000 0.120 0 1 0 0 0 0
 398 159108.000 78111.000 0 0 56.000 40.000 2240.000 47.328 0 1 195 200 0 0
 399 105620.000 163048.000 0 0 28.000 52.000 1456.000 38.157 0 1 389 200 0 0
 400 144619.000 55380.000 0 0 0.000 0.000 0.000 0.120 0 1 0 0 0 0
 401 152915.000 65558.000 0 0 0.000 0.000 0.000 0.120 0 1 0 0 0 0
 402 158477.000 76031.000 0 0 0.000 0.000 0.000 0.120 0 1 0 0 0 0
 403 159360.000 78331.000 0 0 56.000 40.000 2240.000 47.328 0 1 195 200 0 0
 404 151559.000 136953.000 0 0 0.000 0.000 0.000 0.120 0 1 0 0 0 0
 405 118790.000 160616.000 0 0 0.000 0.000 0.000 0.120 0 1 0 0 0 0
 406 115955.000 161427.000 0 0 0.000 0.000 0.000 0.120 0 1 0 0 0 0
 407 146906.000 57491.000 0 0 54.000 50.000 2700.000 51.961 0 1 148 200 0 0
 408 154550.000 67847.000 0 0 0.000 0.000 0.000 0.122 0 1 0 0 0 0
 409 158810.000 76294.000 0 0 0.000 0.000 0.000 0.122 0 1 0 0 0 0
 410 133213.000 154312.000 0 0 0.000 0.000 0.000 0.121 0 1 0 0 0 0
 411 121518.000 159917.000 0 0 0.000 0.000 0.000 0.120 0 1 0 0 0 0
 412 145339.000 55640.000 0 0 0.000 0.000 0.000 0.120 0 1 0 0 0 0
 413 150873.000 62054.000 0 0 0.000 0.000 0.000 0.121 0 1 0 0 0 0
 414 124108.000 159083.000 0 0 0.000 0.000 0.000 0.120 0 1 0 0 0 0
 415 106256.000 163502.000 0 0 28.000 52.000 1456.000 38.157 0 1 389 200 0 0
 416 101735.000 163786.000 0 0 0.000 0.000 0.000 0.121 0 1 0 0 0 0
 417 141353.000 51685.000 0 0 0.000 0.000 0.000 0.120 0 1 0 0 0 0
 418 118300.000 161319.000 0 0 0.000 0.000 0.000 0.120 0 1 0 0 0 0
 419 146782.000 56668.000 0 0 54.000 50.000 2700.000 51.961 0 1 148 200 0 0
 420 147511.000 57448.000 0 0 54.000 50.000 2700.000 51.961 0 1 148 200 0 0
 421 148092.000 58106.000 0 0 0.000 0.000 0.000 0.120 0 1 0 0 0 0
 422 160005.000 78057.000 0 0 56.000 40.000 2240.000 47.328 0 1 195 200 0 0
 423 133207.000 154907.000 0 0 0.000 0.000 0.000 0.120 0 1 0 0 0 0
 424 130527.000 156442.000 0 0 0.000 0.000 0.000 0.121 0 1 0 0 0 0
 425 106072.000 163883.000 0 0 28.000 52.000 1456.000 38.157 0 1 389 200 0 0
 426 103412.000 164095.000 0 0 0.000 0.000 0.000 0.120 0 1 0 0 0 0
 427 100013.000 164178.000 0 0 0.000 0.000 0.000 0.120 0 1 0 0 0 0
 428 114374.000 162709.000 0 0 0.000 0.000 0.000 0.123 0 1 0 0 0 0
 429 142400.000 51931.000 0 0 0.000 0.000 0.000 0.124 0 1 0 0 0 0
 430 144291.000 53692.000 0 0 0.000 0.000 0.000 0.120 0 1 0 0 0 0
 431 145463.000 54818.000 0 0 0.000 0.000 0.000 0.120 0 1 0 0 0 0
 432 147033.000 56457.000 0 0 54.000 50.000 2700.000 51.961 0 1 148 200 0 0
 433 151425.000 61608.000 0 0 0.000 0.000 0.000 0.121 0 1 0 0 0 0
 434 122088.000 160611.000 0 0 0.000 0.000 0.000 0.121 0 1 0 0 0 0
 435 105662.000 164227.000 0 0 28.000 52.000 1456.000 38.157 0 1 389 200 0 0
 436 97765.000 164430.000 0 0 0.000 0.000 0.000 0.121 0 1 0 0 0 0
 437 152616.000 137510.000 0 0 0.000 0.000 0.000 0.120 0 1 0 0 0 0
 438 108072.000 164169.000 0 0 0.000 0.000 0.000 0.123 0 1 0 0 0 0
 439 145437.000 54288.000 0 0 0.000 0.000 0.000 0.120 0 1 0 0 0 0
 440 148183.000 57167.000 0 0 52.000 50.000 2600.000 50.990 0 1 148 200 0 0
 441 151868.000 61611.000 0 0 0.000 0.000 0.000 0.120 0 1 0 0 0 0
 442 106580.000 164493.000 0 0 28.000 52.000 1456.000 38.157 0 1 389 200 0 0
 443 95791.000 164701.000 0 0 0.000 0.000 0.000 0.121 0 1 0 0 0 0
 444 95266.000 164616.000 0 0 0.000 0.000 0.000 0.121 0 1 0 0 0 0
 445 144251.000 52929.000 0 0 0.000 0.000 0.000 0.123 0 1 0 0 0 0
 446 151059.000 60334.000 0 0 0.000 0.000 0.000 0.120 0 1 0 0 0 0
 447 126413.000 159416.000 0 0 0.000 0.000 0.000 0.121 0 1 0 0 0 0
 448 122066.000 161168.000 0 0 0.000 0.000 0.000 0.121 0 1 0 0 0 0
 449 112755.000 163761.000 0 0 0.000 0.000 0.000 0.120 0 1 0 0 0 0
 450 107781.000 164519.000 0 0 0.000 0.000 0.000 0.120 0 1 0 0 0 0
 451 102730.000 165051.000 0 0 0.000 0.000 0.000 0.120 0 1 0 0 0 0
 452 142133.000 50825.000 0 0 52.000 52.000 2704.000 52.000 0 1 128 200 0 0
 453 147238.000 55599.000 0 0 0.000 0.000 0.000 0.123 0 1 0 0 0 0
 454 154948.000 65574.000 0 0 0.000 0.000 0.000 0.121 0 1 0 0 0 0
 455 109691.000 164493.000 0 0 0.000 0.000 0.000 0.120 0 1 0 0 0 0
 456 95746.000 164992.000 0 0 0.000 0.000 0.000 0.123 0 1 0 0 0 0
 457 93839.000 164913.000 0 0 0.000 0.000 0.000 0.121 0 1 0 0 0 0
 458 138702.000 47876.000 0 0 0.000 0.000 0.000 0.121 0 1 0 0 0 0
 459 139909.000 48777.000 0 0 0.000 0.000 0.000 0.120 0 1 0 0 0 0
 460 143041.000 51354.000 0 0 0.000 0.000 0.000 0.124 0 1 0 0 0 0
 461 154362.000 64344.000 0 0 0.000 0.000 0.000 0.121 0 1 0 0 0 0
 462 161967.000 120403.000 0 0 0.000 0.000 0.000 0.120 0 1 0 0 0 0
 463 132819.000 156514.000 0 0 0.000 0.000 0.000 0.120 0 1 0 0 0 0
 464 110248.000 164570.000 0 0 0.000 0.000 0.000 0.120 0 1 0 0 0 0
 465 94435.000 165133.000 0 0 0.000 0.000 0.000 0.120 0 1 0 0 0 0
 466 92409.000 164883.000 0 0 28.000 52.000 1456.000 38.157 0 1 399 200 0 0
 467 92156.000 164980.000 0 0 28.000 52.000 1456.000 38.157 0 1 399 200 0 0
 468 91671.000 164796.000 0 0 30.000 52.000 1560.000 39.496 0 1 399 200 0 0
 469 143258.000 51354.000 0 0 0.000 0.000 0.000 0.120 0 1 0 0 0 0
 470 144560.000 52502.000 0 0 0.000 0.000 0.000 0.120 0 1 0 0 0 0
 471 149219.000 57292.000 0 0 0.000 0.000 0.000 0.120 0 1 0 0 0 0
 472 161690.000 121786.000 0 0 0.000 0.000 0.000 0.121 0 1 0 0 0 0
 473 103456.000 165428.000 0 0 0.000 0.000 0.000 0.121 0 1 0 0 0 0
 474 102308.000 165483.000 0 0 0.000 0.000 0.000 0.120 0 1 0 0 0 0
 475 136805.000 46153.000 0 0 0.000 0.000 0.000 0.120 0 1 0 0 0 0
 476 144117.000 51840.000 0 0 0.000 0.000 0.000 0.120 0 1 0 0 0 0
 477 156259.000 133777.000 0 0 0.000 0.000 0.000 0.122 0 1 0 0 0 0
 478 124630.000 160894.000 0 0 0.000 0.000 0.000 0.120 0 1 0 0 0 0
 479 109657.000 164964.000 0 0 0.000 0.000 0.000 0.121 0 1 0 0 0 0
 480 106153.000 165377.000 0 0 0.000 0.000 0.000 0.121 0 1 0 0 0 0
 481 99705.000 165670.000 0 0 24.000 51.000 1224.000 34.985 0 1 405 200 0 0
 482 90955.000 165029.000 0 0 30.000 52.000 1560.000 39.496 0 1 399 200 0 0
 483 57231.000 149701.000 0 0 0.000 0.000 0.000 0.121 0 1 0 0 0 0
 484 41745.000 129936.000 0 0 0.000 0.000 0.000 0.121 0 1 0 0 0 0
 485 139917.000 48154.000 0 0 0.000 0.000 0.000 0.120 0 1 0 0 0 0
 486 141266.000 50398.000 0 0 0.000 0.000 0.000 200000.000 0 1 0 200 0 0
 487 142455.000 50193.000 0 0 52.000 54.000 2808.000 52.990 0 1 128 200 0 0
 488 155101.000 136001.000 0 0 0.000 0.000 0.000 0.121 0 1 0 0 0 0
 489 101613.000 165859.000 0 0 0.000 0.000 0.000 0.120 0 1 0 0 0 0
 490 100394.000 165837.000 0 0 24.000 51.000 1224.000 34.985 0 1 405 200 0 0
 491 92430.000 165367.000 0 0 28.000 52.000 1456.000 38.157 0 1 399 200 0 0
 492 68177.000 42832.000 0 0 0.000 0.000 0.000 0.122 0 1 0 0 0 0
 493 136798.000 45736.000 0 0 0.000 0.000 0.000 0.120 0 1 0 0 0 0
 494 138304.000 46586.000 0 0 0.000 0.000 0.000 0.123 0 1 0 0 0 0
 495 160801.000 125585.000 0 0 0.000 0.000 0.000 0.121 0 1 0 0 0 0
 496 155797.000 135224.000 0 0 0.000 0.000 0.000 0.120 0 1 0 0 0 0
 497 96596.000 165900.000 0 0 26.000 50.000 1300.000 36.055 0 1 406 200 0 0
 498 95789.000 165873.000 0 0 26.000 50.000 1300.000 36.055 0 1 406 200 0 0
 499 93013.000 165603.000 0 0 28.000 52.000 1456.000 38.157 0 1 399 200 0 0
 500 92066.000 165500.000 0 0 30.000 52.000 1560.000 39.496 0 1 399 200 0 0
 501 133336.000 43194.000 0 0 0.000 0.000 0.000 0.124 0 1 0 0 0 0
 502 128296.000 40313.000 0 0 42.000 56.000 2352.000 48.497 0 1 112 200 0 0
 503 137977.000 46304.000 0 0 0.000 0.000 0.000 0.120 0 1 0 0 0 0
 504 143498.000 50681.000 0 0 0.000 0.000 0.000 0.120 0 1 0 0 0 0
 505 149440.000 56571.000 0 0 0.000 0.000 0.000 0.122 0 1 0 0 0 0
 506 165707.000 93956.000 0 0 0.000 0.000 0.000 0.120 0 1 0 0 0 0
 507 163560.000 118151.000 0 0 0.000 0.000 0.000 0.120 0 1 0 0 0 0
 508 107962.000 165715.000 0 0 0.000 0.000 0.000 0.121 0 1 0 0 0 0
 509 100765.000 166197.000 0 0 24.000 50.000 1200.000 34.641 0 1 405 200 0 0
 510 92175.000 165727.000 0 0 28.000 52.000 1456.000 38.157 0 1 399 200 0 0
 511 92002.000 165736.000 0 0 30.000 52.000 1560.000 39.496 0 1 399 200 0 0
 512 87490.000 164975.000 0 0 32.000 54.000 1728.000 41.569 0 1 402 200 0 0
 513 134776.000 43975.000 0 0 0.000 0.000 0.000 0.122 0 1 0 0 0 0
 514 138516.000 46505.000 0 0 0.000 0.000 0.000 0.120 0 1 0 0 0 0
 515 142556.000 49642.000 0 0 52.000 54.000 2808.000 52.990 0 1 128 200 0 0
 516 148974.000 55791.000 0 0 0.000 0.000 0.000 0.120 0 1 0 0 0 0
 517 154750.000 63107.000 0 0 0.000 0.000 0.000 0.120 0 1 0 0 0 0
 518 163242.000 119819.000 0 0 0.000 0.000 0.000 0.120 0 1 0 0 0 0
 519 161196.000 125391.000 0 0 0.000 0.000 0.000 0.120 0 1 0 0 0 0
 520 160370.000 127356.000 0 0 0.000 0.000 0.000 0.123 0 1 0 0 0 0
 521 91689.000 165836.000 0 0 30.000 52.000 1560.000 39.496 0 1 399 200 0 0
 522 88614.000 165346.000 0 0 0.000 0.000 0.000 0.121 0 1 0 0 0 0
 523 87303.000 165105.000 0 0 32.000 54.000 1728.000 41.569 0 1 402 200 0 0
 524 86999.000 165054.000 0 0 32.000 54.000 1728.000 41.569 0 1 402 200 0 0
 525 86850.000 165042.000 0 0 32.000 54.000 1728.000 41.569 0 1 402 200 0 0
 526 35008.000 111942.000 0 0 0.000 0.000 0.000 0.121 0 1 0 0 0 0
 527 56805.000 50165.000 0 0 0.000 0.000 0.000 0.121 0 1 0 0 0 0
 528 130180.000 41245.000 0 0 0.000 0.000 0.000 0.121 0 1 0 0 0 0
 529 140908.000 48077.000 0 0 0.000 0.000 0.000 0.121 0 1 0 0 0 0
 530 141227.000 48288.000 0 0 0.000 0.000 0.000 0.120 0 1 0 0 0 0
 531 145914.000 52394.000 0 0 0.000 0.000 0.000 0.120 0 1 0 0 0 0
 532 150468.000 57233.000 0 0 0.000 0.000 0.000 0.122 0 1 0 0 0 0
 533 158804.000 131039.000 0 0 0.000 0.000 0.000 0.123 0 1 0 0 0 0
 534 155989.000 135878.000 0 0 0.000 0.000 0.000 0.120 0 1 0 0 0 0
 535 109130.000 165942.000 0 0 0.000 0.000 0.000 0.120 0 1 0 0 0 0
 536 90244.000 165804.000 0 0 0.000 0.000 0.000 0.122 0 1 0 0 0 0
 537 89194.000 165628.000 0 0 0.000 0.000 0.000 0.122 0 1 0 0 0 0
 538 86640.000 165164.000 0 0 34.000 54.000 1836.000 42.848 0 1 402 200 0 0
 539 81432.000 163849.000 0 0 0.000 0.000 0.000 0.121 0 1 0 0 0 0
 540 62027.000 45865.000 0 0 0.000 0.000 0.000 0.122 0 1 0 0 0 0
 541 154671.000 138126.000 0 0 0.000 0.000 0.000 0.123 0 1 0 0 0 0
 542 99867.000 166706.000 0 0 24.000 51.000 1224.000 34.985 0 1 405 200 0 0
 543 95267.000 166532.000 0 0 26.000 50.000 1300.000 36.055 0 1 406 200 0 0
 544 88700.000 165725.000 0 0 0.000 0.000 0.000 0.124 0 1 0 0 0 0
 545 130017.000 40800.000 0 0 0.000 0.000 0.000 0.120 0 1 0 0 0 0
 546 142776.000 49117.000 0 0 52.000 54.000 2808.000 52.990 0 1 128 200 0 0
 547 145372.000 51424.000 0 0 0.000 0.000 0.000 0.122 0 1 0 0 0 0
 548 152540.000 59202.000 0 0 0.000 0.000 0.000 0.120 0 1 0 0 0 0
 549 166263.000 107592.000 0 0 0.000 0.000 0.000 0.122 0 1 0 0 0 0
 550 150426.000 143859.000 0 0 0.000 0.000 0.000 0.120 0 1 0 0 0 0
 551 104865.000 166673.000 0 0 0.000 0.000 0.000 0.121 0 1 0 0 0 0
 552 100599.000 166883.000 0 0 24.000 51.000 1224.000 34.985 0 1 405 200 0 0
 553 94799.000 166638.000 0 0 26.000 50.000 1300.000 36.055 0 1 406 200 0 0
 554 87583.000 165731.000 0 0 32.000 54.000 1728.000 41.569 0 1 402 200 0 0
 555 50559.000 55598.000 0 0 0.000 0.000 0.000 0.121 0 1 0 0 0 0
 556 150036.000 55885.000 0 0 0.000 0.000 0.000 0.120 0 1 0 0 0 0
 557 150092.000 55985.000 0 0 0.000 0.000 0.000 0.120 0 1 0 0 0 0
 558 156666.000 135747.000 0 0 0.000 0.000 0.000 0.121 0 1 0 0 0 0
 559 101786.000 166989.000 0 0 0.000 0.000 0.000 0.121 0 1 0 0 0 0
 560 89313.000 166179.000 0 0 0.000 0.000 0.000 0.120 0 1 0 0 0 0
 561 81191.000 164330.000 0 0 0.000 0.000 0.000 0.122 0 1 0 0 0 0
 562 129655.000 40190.000 0 0 0.000 0.000 0.000 0.120 0 1 0 0 0 0
 563 131028.000 40748.000 0 0 0.000 0.000 0.000 0.126 0 1 0 0 0 0
 564 132520.000 41702.000 0 0 0.000 0.000 0.000 0.120 0 1 0 0 0 0
 565 128189.000 40422.000 0 0 42.000 56.000 2352.000 48.497 0 1 112 200 0 0
 566 164689.000 117703.000 0 0 0.000 0.000 0.000 0.120 0 1 0 0 0 0
 567 118446.000 164632.000 0 0 0.000 0.000 0.000 0.120 0 1 0 0 0 0
 568 91753.000 166695.000 0 0 0.000 0.000 0.000 0.122 0 1 0 0 0 0
 569 85541.000 165624.000 0 0 34.000 54.000 1836.000 42.848 0 1 404 200 0 0
 570 82467.000 164873.000 0 0 0.000 0.000 0.000 0.121 0 1 0 0 0 0
 571 54604.000 149422.000 0 0 0.000 0.000 0.000 0.121 0 1 0 0 0 0
 572 136549.000 43941.000 0 0 0.000 0.000 0.000 0.122 0 1 0 0 0 0
 573 137154.000 44308.000 0 0 0.000 0.000 0.000 0.121 0 1 0 0 0 0
 574 161338.000 127706.000 0 0 0.000 0.000 0.000 0.121 0 1 0 0 0 0
 575 149990.000 145160.000 0 0 0.000 0.000 0.000 0.120 0 1 0 0 0 0
 576 135515.000 157272.000 0 0 0.000 0.000 0.000 0.120 0 1 0 0 0 0
 577 87490.000 166198.000 0 0 32.000 54.000 1728.000 41.569 0 1 402 200 0 0
 578 80882.000 164570.000 0 0 0.000 0.000 0.000 0.123 0 1 0 0 0 0
 579 76598.000 163159.000 0 0 0.000 0.000 0.000 0.120 0 1 0 0 0 0
 580 58575.000 153031.000 0 0 0.000 0.000 0.000 0.121 0 1 0 0 0 0
 581 58075.000 152636.000 0 0 0.000 0.000 0.000 0.121 0 1 0 0 0 0
 582 60569.000 45873.000 0 0 0.000 0.000 0.000 0.123 0 1 0 0 0 0
 583 133531.000 41866.000 0 0 46.000 54.000 2484.000 49.839 0 1 115 200 0 0
 584 139441.000 45684.000 0 0 0.000 0.000 0.000 0.120 0 1 0 0 0 0
 585 143526.000 48897.000 0 0 52.000 54.000 2808.000 52.990 0 1 128 200 0 0
 586 145289.000 50442.000 0 0 0.000 0.000 0.000 0.121 0 1 0 0 0 0
 587 166337.000 88580.000 0 0 0.000 0.000 0.000 0.122 0 1 0 0 0 0
 588 166737.000 109615.000 0 0 0.000 0.000 0.000 0.122 0 1 0 0 0 0
 589 163979.000 121385.000 0 0 0.000 0.000 0.000 0.121 0 1 0 0 0 0
 590 160934.000 129007.000 0 0 0.000 0.000 0.000 0.120 0 1 0 0 0 0
 591 137777.000 155970.000 0 0 46.000 54.000 2484.000 49.839 0 1 360 200 0 0
 592 137177.000 156413.000 0 0 48.000 54.000 2592.000 50.911 0 1 360 200 0 0
 593 104455.000 167396.000 0 0 0.000 0.000 0.000 0.122 0 1 0 0 0 0
 594 98009.000 167498.000 0 0 0.000 0.000 0.000 0.120 0 1 0 0 0 0
 595 94945.000 167344.000 0 0 26.000 50.000 1300.000 36.055 0 1 406 200 0 0
 596 79385.000 164296.000 0 0 38.000 54.000 2052.000 45.299 0 1 394 200 0 0
 597 78476.000 164020.000 0 0 38.000 54.000 2052.000 45.299 0 1 394 200 0 0
 598 76634.000 163314.000 0 0 0.000 0.000 0.000 0.120 0 1 0 0 0 0
 599 54460.000 149745.000 0 0 0.000 0.000 0.000 0.120 0 1 0 0 0 0
 600 47635.000 142405.000 0 0 0.000 0.000 0.000 0.120 0 1 0 0 0 0
 601 38154.000 73725.000 0 0 0.000 0.000 0.000 0.123 0 1 0 0 0 0
 602 146260.000 51089.000 0 0 0.000 0.000 0.000 200000.000 0 1 0 200 0 0
 603 51057.000 54037.000 0 0 0.000 0.000 0.000 0.121 0 1 0 0 0 0
 604 126966.000 38395.000 0 0 0.000 0.000 0.000 0.121 0 1 0 0 0 0
 605 131724.000 40700.000 0 0 0.000 0.000 0.000 0.123 0 1 0 0 0 0
 606 143963.000 48998.000 0 0 52.000 52.000 2704.000 52.000 0 1 128 200 0 0
 607 167184.000 93262.000 0 0 0.000 0.000 0.000 0.120 0 1 0 0 0 0
 608 150364.000 145241.000 0 0 0.000 0.000 0.000 0.121 0 1 0 0 0 0
 609 146079.000 149615.000 0 0 0.000 0.000 0.000 0.120 0 1 0 0 0 0
 610 144635.000 150916.000 0 0 0.000 0.000 0.000 0.120 0 1 0 0 0 0
 611 136701.000 156902.000 0 0 48.000 56.000 2688.000 51.845 0 1 360 200 0 0
 612 105573.000 167528.000 0 0 0.000 0.000 0.000 0.124 0 1 0 0 0 0
 613 86880.000 166429.000 0 0 32.000 54.000 1728.000 41.569 0 1 402 200 0 0
 614 85613.000 166104.000 0 0 34.000 54.000 1836.000 42.848 0 1 404 200 0 0
 615 109659.000 167225.000 0 0 0.000 0.000 0.000 0.120 0 1 0 0 0 0
 616 99074.000 167869.000 0 0 0.000 0.000 0.000 0.120 0 1 0 0 0 0
 617 84019.000 165974.000 0 0 0.000 0.000 0.000 0.120 0 1 0 0 0 0
 618 79848.000 164779.000 0 0 38.000 54.000 2052.000 45.299 0 1 394 200 0 0
 619 78919.000 164521.000 0 0 38.000 54.000 2052.000 45.299 0 1 394 200 0 0
 620 75448.000 163273.000 0 0 42.000 56.000 2352.000 48.497 0 1 390 200 0 0
 621 33024.000 91157.000 0 0 0.000 0.000 0.000 0.121 0 1 0 0 0 0
 622 126332.000 37761.000 0 0 0.000 0.000 0.000 0.120 0 1 0 0 0 0
 623 132284.000 40593.000 0 0 0.000 0.000 0.000 0.122 0 1 0 0 0 0
 624 134091.000 41633.000 0 0 46.000 56.000 2576.000 50.754 0 1 115 200 0 0
 625 153542.000 58547.000 0 0 0.000 0.000 0.000 0.121 0 1 0 0 0 0
 626 147541.000 148648.000 0 0 0.000 0.000 0.000 0.120 0 1 0 0 0 0
 627 143208.000 152602.000 0 0 0.000 0.000 0.000 0.120 0 1 0 0 0 0
 628 139941.000 155092.000 0 0 0.000 0.000 0.000 0.120 0 1 0 0 0 0
 629 133241.000 159392.000 0 0 0.000 0.000 0.000 0.122 0 1 0 0 0 0
 630 81744.000 165557.000 0 0 0.000 0.000 0.000 0.121 0 1 0 0 0 0
 631 79901.000 164991.000 0 0 38.000 54.000 2052.000 45.299 0 1 394 200 0 0
 632 77105.000 164022.000 0 0 40.000 56.000 2240.000 47.328 0 1 390 200 0 0
 633 75484.000 163424.000 0 0 42.000 56.000 2352.000 48.497 0 1 390 200 0 0
 634 72570.000 162224.000 0 0 0.000 0.000 0.000 0.123 0 1 0 0 0 0
 635 32656.000 107666.000 0 0 0.000 0.000 0.000 0.120 0 1 0 0 0 0
 636 139113.000 44209.000 0 0 0.000 0.000 0.000 200000.000 0 1 0 200 0 0
 637 33121.000 89177.000 0 0 0.000 0.000 0.000 0.121 0 1 0 0 0 0
 638 122604.000 36130.000 0 0 40.000 56.000 2240.000 47.328 0 1 101 200 0 0
 639 123894.000 36471.000 0 0 40.000 56.000 2240.000 47.328 0 1 101 200 0 0
 640 125029.000 37001.000 0 0 0.000 0.000 0.000 0.121 0 1 0 0 0 0
 641 135922.000 42519.000 0 0 0.000 0.000 0.000 0.120 0 1 0 0 0 0
 642 138210.000 43983.000 0 0 0.000 0.000 0.000 0.121 0 1 0 0 0 0
 643 138540.000 44251.000 0 0 0.000 0.000 0.000 0.122 0 1 0 0 0 0
 644 148842.000 52904.000 0 0 0.000 0.000 0.000 0.120 0 1 0 0 0 0
 645 138516.000 156307.000 0 0 48.000 54.000 2592.000 50.911 0 1 360 200 0 0
 646 96244.000 168129.000 0 0 0.000 0.000 0.000 0.120 0 1 0 0 0 0
 647 85713.000 166710.000 0 0 34.000 54.000 1836.000 42.848 0 1 404 200 0 0
 648 85052.000 166513.000 0 0 34.000 54.000 1836.000 42.848 0 1 404 200 0 0
 649 79174.000 165009.000 0 0 38.000 54.000 2052.000 45.299 0 1 394 200 0 0
 650 78604.000 164759.000 0 0 38.000 54.000 2052.000 45.299 0 1 394 200 0 0
 651 135799.000 42085.000 0 0 0.000 0.000 0.000 0.123 0 1 0 0 0 0
 652 142043.000 46584.000 0 0 0.000 0.000 0.000 0.120 0 1 0 0 0 0
 653 146298.000 51124.000 0 0 0.000 0.000 0.000 200000.000 0 1 0 200 0 0
 654 168149.000 103267.000 0 0 50.000 26.000 1300.000 36.055 0 1 244 200 0 0
 655 168103.000 104154.000 0 0 50.000 26.000 1300.000 36.055 0 1 244 200 0 0
 656 165438.000 119628.000 0 0 0.000 0.000 0.000 0.121 0 1 0 0 0 0
 657 158261.000 135749.000 0 0 0.000 0.000 0.000 0.121 0 1 0 0 0 0
 658 137419.000 157386.000 0 0 0.000 0.000 0.000 0.121 0 1 0 0 0 0
 659 94218.000 168145.000 0 0 0.000 0.000 0.000 0.123 0 1 0 0 0 0
 660 92894.000 168050.000 0 0 0.000 0.000 0.000 0.121 0 1 0 0 0 0
 661 76726.000 164294.000 0 0 40.000 56.000 2240.000 47.328 0 1 390 200 0 0
 662 75563.000 163848.000 0 0 40.000 56.000 2240.000 47.328 0 1 390 200 0 0
 663 74567.000 163435.000 0 0 42.000 56.000 2352.000 48.497 0 1 390 200 0 0
 664 74460.000 163388.000 0 0 42.000 56.000 2352.000 48.497 0 1 390 200 0 0
 665 32016.000 96265.000 0 0 0.000 0.000 0.000 0.120 0 1 0 0 0 0
 666 31998.000 96169.000 0 0 0.000 0.000 0.000 0.121 0 1 0 0 0 0
 667 32728.000 89738.000 0 0 0.000 0.000 0.000 0.120 0 1 0 0 0 0
 668 43513.000 62091.000 0 0 0.000 0.000 0.000 0.120 0 1 0 0 0 0
 669 122988.000 35914.000 0 0 40.000 56.000 2240.000 47.328 0 1 101 200 0 0
 670 131282.000 39502.000 0 0 0.000 0.000 0.000 0.120 0 1 0 0 0 0
 671 134781.000 41421.000 0 0 46.000 56.000 2576.000 50.754 0 1 115 200 0 0
 672 164593.000 77778.000 0 0 0.000 0.000 0.000 0.120 0 1 0 0 0 0
 673 168350.000 102493.000 0 0 50.000 24.000 1200.000 34.641 0 1 244 200 0 0
 674 168275.000 103970.000 0 0 50.000 26.000 1300.000 36.055 0 1 244 200 0 0
 675 163839.000 124815.000 0 0 0.000 0.000 0.000 0.121 0 1 0 0 0 0
 676 155856.000 139690.000 0 0 0.000 0.000 0.000 0.121 0 1 0 0 0 0
 677 145664.000 151129.000 0 0 0.000 0.000 0.000 0.121 0 1 0 0 0 0
 678 138881.000 156486.000 0 0 48.000 54.000 2592.000 50.911 0 1 360 200 0 0
 679 107401.000 168194.000 0 0 0.000 0.000 0.000 0.120 0 1 0 0 0 0
 680 87411.000 167395.000 0 0 0.000 0.000 0.000 0.120 0 1 0 0 0 0
 681 86094.000 167135.000 0 0 34.000 54.000 1836.000 42.848 0 1 404 200 0 0
 682 81419.000 165955.000 0 0 0.000 0.000 0.000 0.120 0 1 0 0 0 0
 683 77060.000 164554.000 0 0 40.000 56.000 2240.000 47.328 0 1 390 200 0 0
 684 76839.000 164511.000 0 0 40.000 56.000 2240.000 47.328 0 1 390 200 0 0
 685 75539.000 164058.000 0 0 40.000 56.000 2240.000 47.328 0 1 390 200 0 0
 686 75380.000 163967.000 0 0 40.000 56.000 2240.000 47.328 0 1 390 200 0 0
 687 74902.000 163761.000 0 0 42.000 56.000 2352.000 48.497 0 1 390 200 0 0
 688 71027.000 162230.000 0 0 42.000 56.000 2352.000 48.497 0 1 382 200 0 0
 689 68454.000 160826.000 0 0 0.000 0.000 0.000 0.122 0 1 0 0 0 0
 690 38246.000 129368.000 0 0 0.000 0.000 0.000 0.120 0 1 0 0 0 0
 691 32634.000 89050.000 0 0 0.000 0.000 0.000 0.121 0 1 0 0 0 0
 692 122661.000 35651.000 0 0 40.000 54.000 2160.000 46.475 0 1 101 200 0 0
 693 123579.000 35955.000 0 0 40.000 56.000 2240.000 47.328 0 1 101 200 0 0
 694 125803.000 36827.000 0 0 0.000 0.000 0.000 0.122 0 1 0 0 0 0
 695 127094.000 37219.000 0 0 42.000 54.000 2268.000 47.623 0 1 105 200 0 0
 696 128483.000 37832.000 0 0 0.000 0.000 0.000 0.121 0 1 0 0 0 0
 697 128750.000 38094.000 0 0 0.000 0.000 0.000 0.120 0 1 0 0 0 0
 698 134440.000 41039.000 0 0 46.000 56.000 2576.000 50.754 0 1 115 200 0 0
 699 161276.000 69494.000 0 0 0.000 0.000 0.000 0.120 0 1 0 0 0 0
 700 167682.000 111023.000 0 0 0.000 0.000 0.000 0.120 0 1 0 0 0 0
 701 156977.000 138395.000 0 0 0.000 0.000 0.000 0.120 0 1 0 0 0 0
 702 146129.000 150954.000 0 0 0.000 0.000 0.000 0.120 0 1 0 0 0 0
 703 78340.000 165238.000 0 0 38.000 54.000 2052.000 45.299 0 1 394 200 0 0
 704 75727.000 164420.000 0 0 40.000 56.000 2240.000 47.328 0 1 390 200 0 0
 705 72169.000 162828.000 0 0 0.000 0.000 0.000 0.120 0 1 0 0 0 0
 706 66926.000 160184.000 0 0 46.000 54.000 2484.000 49.839 0 1 378 200 0 0
 707 42157.000 136867.000 0 0 0.000 0.000 0.000 0.120 0 1 0 0 0 0
 708 39545.000 68058.000 0 0 0.000 0.000 0.000 0.120 0 1 0 0 0 0
 709 118255.000 34074.000 0 0 36.000 56.000 2016.000 44.899 0 1 93 200 0 0
 710 119314.000 34376.000 0 0 38.000 54.000 2052.000 45.299 0 1 96 200 0 0
 711 127446.000 37307.000 0 0 42.000 54.000 2268.000 47.623 0 1 105 200 0 0
 712 134181.000 40713.000 0 0 46.000 54.000 2484.000 49.839 0 1 115 200 0 0
 713 168176.000 91253.000 0 0 0.000 0.000 0.000 0.120 0 1 0 0 0 0
 714 168638.000 96830.000 0 0 0.000 0.000 0.000 0.122 0 1 0 0 0 0
 715 168687.000 98562.000 0 0 0.000 0.000 0.000 0.120 0 1 0 0 0 0
 716 160894.000 132132.000 0 0 0.000 0.000 0.000 0.122 0 1 0 0 0 0
 717 160328.000 133458.000 0 0 0.000 0.000 0.000 0.123 0 1 0 0 0 0
 718 113384.000 167645.000 0 0 0.000 0.000 0.000 0.121 0 1 0 0 0 0
 719 95938.000 168767.000 0 0 0.000 0.000 0.000 0.120 0 1 0 0 0 0
 720 95530.000 168750.000 0 0 0.000 0.000 0.000 0.121 0 1 0 0 0 0
 721 77136.000 164957.000 0 0 40.000 54.000 2160.000 46.475 0 1 390 200 0 0
 722 73518.000 163543.000 0 0 0.000 0.000 0.000 0.120 0 1 0 0 0 0
 723 71255.000 162544.000 0 0 42.000 56.000 2352.000 48.497 0 1 382 200 0 0
 724 68912.000 161429.000 0 0 44.000 56.000 2464.000 49.638 0 1 382 200 0 0
 725 49758.000 146977.000 0 0 0.000 0.000 0.000 0.120 0 1 0 0 0 0
 726 38780.000 131256.000 0 0 0.000 0.000 0.000 0.122 0 1 0 0 0 0
 727 146915.000 51005.000 0 0 0.000 0.000 0.000 200000.000 0 1 0 200 0 0
 728 47319.000 56241.000 0 0 0.000 0.000 0.000 0.120 0 1 0 0 0 0
 729 115747.000 33266.000 0 0 0.000 0.000 0.000 0.122 0 1 0 0 0 0
 730 116461.000 33425.000 0 0 0.000 0.000 0.000 0.121 0 1 0 0 0 0
 731 119192.000 34210.000 0 0 38.000 55.000 2090.000 45.716 0 1 96 200 0 0
 732 125228.000 36183.000 0 0 0.000 0.000 0.000 0.120 0 1 0 0 0 0
 733 130388.000 38424.000 0 0 0.000 0.000 0.000 0.120 0 1 0 0 0 0
 734 145361.000 48435.000 0 0 0.000 0.000 0.000 0.120 0 1 0 0 0 0
 735 162294.000 70722.000 0 0 0.000 0.000 0.000 0.122 0 1 0 0 0 0
 736 168846.000 103252.000 0 0 50.000 26.000 1300.000 36.055 0 1 244 200 0 0
 737 164812.000 123652.000 0 0 0.000 0.000 0.000 0.120 0 1 0 0 0 0
 738 151226.000 146327.000 0 0 0.000 0.000 0.000 0.120 0 1 0 0 0 0
 739 133012.000 160692.000 0 0 0.000 0.000 0.000 0.120 0 1 0 0 0 0
 740 124108.000 164742.000 0 0 0.000 0.000 0.000 0.120 0 1 0 0 0 0
 741 115315.000 167383.000 0 0 34.000 54.000 1836.000 42.848 0 1 414 200 0 0
 742 91997.000 168613.000 0 0 0.000 0.000 0.000 0.121 0 1 0 0 0 0
 743 85951.000 167766.000 0 0 34.000 54.000 1836.000 42.848 0 1 404 200 0 0
 744 80639.000 166272.000 0 0 0.000 0.000 0.000 0.122 0 1 0 0 0 0
 745 76585.000 164972.000 0 0 40.000 56.000 2240.000 47.328 0 1 390 200 0 0
 746 70217.000 162285.000 0 0 42.000 56.000 2352.000 48.497 0 1 382 200 0 0
 747 69624.000 161943.000 0 0 44.000 56.000 2464.000 49.638 0 1 382 200 0 0
 748 67278.000 160768.000 0 0 44.000 56.000 2464.000 49.638 0 1 378 200 0 0
 749 36005.000 125402.000 0 0 0.000 0.000 0.000 0.120 0 1 0 0 0 0
 750 49022.000 53995.000 0 0 0.000 0.000 0.000 0.121 0 1 0 0 0 0
 751 119947.000 34202.000 0 0 38.000 54.000 2052.000 45.299 0 1 96 200 0 0
 752 120330.000 34294.000 0 0 38.000 54.000 2052.000 45.299 0 1 96 200 0 0
 753 126971.000 36740.000 0 0 42.000 54.000 2268.000 47.623 0 1 105 200 0 0
 754 143633.000 46787.000 0 0 0.000 0.000 0.000 0.121 0 1 0 0 0 0
 755 164063.000 126053.000 0 0 0.000 0.000 0.000 0.121 0 1 0 0 0 0
 756 159762.000 134895.000 0 0 0.000 0.000 0.000 0.120 0 1 0 0 0 0
 757 132865.000 160962.000 0 0 0.000 0.000 0.000 0.121 0 1 0 0 0 0
 758 130325.000 162279.000 0 0 0.000 0.000 0.000 0.121 0 1 0 0 0 0
 759 78207.000 165670.000 0 0 38.000 54.000 2052.000 45.299 0 1 394 200 0 0
 760 71023.000 162974.000 0 0 42.000 56.000 2352.000 48.497 0 1 382 200 0 0
 761 66817.000 160852.000 0 0 44.000 54.000 2376.000 48.744 0 1 378 200 0 0
 762 40617.000 135315.000 0 0 0.000 0.000 0.000 0.121 0 1 0 0 0 0
 763 66818.000 39656.000 0 0 0.000 0.000 0.000 0.120 0 1 0 0 0 0
 764 149131.000 51028.000 0 0 0.000 0.000 0.000 200000.000 0 1 0 200 0 0
 765 86443.000 32507.000 0 0 0.000 0.000 0.000 0.121 0 1 0 0 0 0
 766 117186.000 33262.000 0 0 0.000 0.000 0.000 0.120 0 1 0 0 0 0
 767 118403.000 33421.000 0 0 36.000 56.000 2016.000 44.899 0 1 93 200 0 0
 768 127702.000 36884.000 0 0 42.000 54.000 2268.000 47.623 0 1 105 200 0 0
 769 169187.000 103497.000 0 0 50.000 26.000 1300.000 36.055 0 1 244 200 0 0
 770 169014.000 105960.000 0 0 0.000 0.000 0.000 0.122 0 1 0 0 0 0
 771 137124.000 158688.000 0 0 0.000 0.000 0.000 0.120 0 1 0 0 0 0
 772 81141.000 166761.000 0 0 0.000 0.000 0.000 0.123 0 1 0 0 0 0
 773 76093.000 165081.000 0 0 40.000 56.000 2240.000 47.328 0 1 390 200 0 0
 774 74201.000 164420.000 0 0 0.000 0.000 0.000 0.122 0 1 0 0 0 0
 775 74086.000 164358.000 0 0 0.000 0.000 0.000 0.120 0 1 0 0 0 0
 776 70967.000 163015.000 0 0 42.000 56.000 2352.000 48.497 0 1 382 200 0 0
 777 67014.000 160998.000 0 0 44.000 54.000 2376.000 48.744 0 1 378 200 0 0
 778 115570.000 32692.000 0 0 0.000 0.000 0.000 0.120 0 1 0 0 0 0
 779 116837.000 32994.000 0 0 0.000 0.000 0.000 0.121 0 1 0 0 0 0
 780 121848.000 34316.000 0 0 0.000 0.000 0.000 0.122 0 1 0 0 0 0
 781 136341.000 41183.000 0 0 0.000 0.000 0.000 0.120 0 1 0 0 0 0
 782 141254.000 44470.000 0 0 0.000 0.000 0.000 0.120 0 1 0 0 0 0
 783 163720.000 72711.000 0 0 0.000 0.000 0.000 0.120 0 1 0 0 0 0
 784 169394.000 98608.000 0 0 0.000 0.000 0.000 0.121 0 1 0 0 0 0
 785 156183.000 141017.000 0 0 0.000 0.000 0.000 0.120 0 1 0 0 0 0
 786 134876.000 160218.000 0 0 0.000 0.000 0.000 0.122 0 1 0 0 0 0
 787 132947.000 161338.000 0 0 0.000 0.000 0.000 0.120 0 1 0 0 0 0
 788 132631.000 161460.000 0 0 0.000 0.000 0.000 0.120 0 1 0 0 0 0
 789 107558.000 169183.000 0 0 0.000 0.000 0.000 0.122 0 1 0 0 0 0
 790 105215.000 169358.000 0 0 0.000 0.000 0.000 0.120 0 1 0 0 0 0
 791 100401.000 169606.000 0 0 0.000 0.000 0.000 0.120 0 1 0 0 0 0
 792 76194.000 165327.000 0 0 40.000 56.000 2240.000 47.328 0 1 390 200 0 0
 793 66160.000 160751.000 0 0 46.000 54.000 2484.000 49.839 0 1 378 200 0 0
 794 64464.000 159762.000 0 0 46.000 56.000 2576.000 50.754 0 1 376 200 0 0
 795 61278.000 157733.000 0 0 0.000 0.000 0.000 0.120 0 1 0 0 0 0
 796 57664.000 155104.000 0 0 50.000 54.000 2700.000 51.961 0 1 358 200 0 0
 797 45312.000 142821.000 0 0 0.000 0.000 0.000 0.121 0 1 0 0 0 0
 798 73528.000 36091.000 0 0 0.000 0.000 0.000 0.120 0 1 0 0 0 0
 799 149544.000 50960.000 0 0 0.000 0.000 0.000 200000.000 0 1 0 200 0 0
 800 120215.000 33740.000 0 0 38.000 54.000 2052.000 45.299 0 1 96 200 0 0
 801 126816.000 36125.000 0 0 42.000 56.000 2352.000 48.497 0 1 105 200 0 0
 802 142956.000 45573.000 0 0 0.000 0.000 0.000 0.120 0 1 0 0 0 0
 803 161982.000 68643.000 0 0 0.000 0.000 0.000 0.122 0 1 0 0 0 0
 804 169462.000 96125.000 0 0 0.000 0.000 0.000 0.121 0 1 0 0 0 0
 805 156190.000 141257.000 0 0 0.000 0.000 0.000 0.122 0 1 0 0 0 0
 806 154927.000 142928.000 0 0 0.000 0.000 0.000 0.121 0 1 0 0 0 0
 807 149904.000 148733.000 0 0 0.000 0.000 0.000 0.121 0 1 0 0 0 0
 808 143376.000 154592.000 0 0 0.000 0.000 0.000 0.121 0 1 0 0 0 0
 809 127117.000 164280.000 0 0 0.000 0.000 0.000 0.121 0 1 0 0 0 0
 810 122298.000 166067.000 0 0 0.000 0.000 0.000 0.120 0 1 0 0 0 0
 811 121200.000 166453.000 0 0 0.000 0.000 0.000 0.122 0 1 0 0 0 0
 812 115993.000 167931.000 0 0 34.000 54.000 1836.000 42.848 0 1 414 200 0 0
 813 115780.000 167988.000 0 0 34.000 54.000 1836.000 42.848 0 1 414 200 0 0
 814 89039.000 168908.000 0 0 0.000 0.000 0.000 0.124 0 1 0 0 0 0
 815 65307.000 160450.000 0 0 46.000 54.000 2484.000 49.839 0 1 378 200 0 0
 816 47993.000 146314.000 0 0 0.000 0.000 0.000 0.120 0 1 0 0 0 0
 817 46383.000 144396.000 0 0 0.000 0.000 0.000 0.120 0 1 0 0 0 0
 818 33110.000 81449.000 0 0 0.000 0.000 0.000 0.124 0 1 0 0 0 0
 819 134576.000 39733.000 0 0 0.000 0.000 0.000 0.121 0 1 0 0 0 0
 820 167735.000 83502.000 0 0 0.000 0.000 0.000 0.121 0 1 0 0 0 0
 821 168160.000 85430.000 0 0 0.000 0.000 0.000 0.120 0 1 0 0 0 0
 822 168951.000 89598.000 0 0 0.000 0.000 0.000 0.122 0 1 0 0 0 0
 823 167944.000 116100.000 0 0 0.000 0.000 0.000 0.122 0 1 0 0 0 0
 824 167234.000 118886.000 0 0 0.000 0.000 0.000 0.121 0 1 0 0 0 0
 825 163029.000 130120.000 0 0 0.000 0.000 0.000 0.120 0 1 0 0 0 0
 826 150921.000 147922.000 0 0 0.000 0.000 0.000 0.121 0 1 0 0 0 0
 827 142380.000 155609.000 0 0 0.000 0.000 0.000 0.121 0 1 0 0 0 0
 828 137660.000 158909.000 0 0 0.000 0.000 0.000 0.121 0 1 0 0 0 0
 829 127487.000 164299.000 0 0 0.000 0.000 0.000 0.122 0 1 0 0 0 0
 830 78127.000 166379.000 0 0 38.000 54.000 2052.000 45.299 0 1 394 200 0 0
 831 76117.000 165682.000 0 0 40.000 56.000 2240.000 47.328 0 1 390 200 0 0
 832 74948.000 165228.000 0 0 0.000 0.000 0.000 0.125 0 1 0 0 0 0
 833 63890.000 159817.000 0 0 46.000 56.000 2576.000 50.754 0 1 376 200 0 0
 834 45507.000 143537.000 0 0 0.000 0.000 0.000 0.121 0 1 0 0 0 0
 835 38685.000 133219.000 0 0 0.000 0.000 0.000 0.120 0 1 0 0 0 0
 836 33366.000 120494.000 0 0 0.000 0.000 0.000 0.121 0 1 0 0 0 0
 837 32017.000 115271.000 0 0 0.000 0.000 0.000 0.120 0 1 0 0 0 0
 838 35462.000 74063.000 0 0 0.000 0.000 0.000 0.122 0 1 0 0 0 0
 839 46191.000 55975.000 0 0 0.000 0.000 0.000 0.121 0 1 0 0 0 0
 840 119170.000 33064.000 0 0 36.000 56.000 2016.000 44.899 0 1 93 200 0 0
 841 143550.000 45633.000 0 0 0.000 0.000 0.000 0.120 0 1 0 0 0 0
 842 163824.000 71666.000 0 0 0.000 0.000 0.000 0.120 0 1 0 0 0 0
 843 169864.000 97459.000 0 0 0.000 0.000 0.000 0.120 0 1 0 0 0 0
 844 163603.000 129284.000 0 0 0.000 0.000 0.000 0.120 0 1 0 0 0 0
 845 161449.000 133591.000 0 0 0.000 0.000 0.000 0.123 0 1 0 0 0 0
 846 159892.000 136322.000 0 0 0.000 0.000 0.000 0.121 0 1 0 0 0 0
 847 153980.000 144633.000 0 0 0.000 0.000 0.000 0.120 0 1 0 0 0 0
 848 147013.000 151979.000 0 0 0.000 0.000 0.000 0.120 0 1 0 0 0 0
 849 131957.000 162404.000 0 0 0.000 0.000 0.000 0.121 0 1 0 0 0 0
 850 129677.000 163503.000 0 0 0.000 0.000 0.000 0.121 0 1 0 0 0 0
 851 118547.000 167616.000 0 0 0.000 0.000 0.000 0.121 0 1 0 0 0 0
 852 96397.000 169991.000 0 0 0.000 0.000 0.000 0.121 0 1 0 0 0 0
 853 76387.000 165968.000 0 0 40.000 56.000 2240.000 47.328 0 1 390 200 0 0
 854 62722.000 159457.000 0 0 48.000 56.000 2688.000 51.845 0 1 376 200 0 0
 855 60984.000 158138.000 0 0 0.000 0.000 0.000 0.121 0 1 0 0 0 0
 856 57331.000 155457.000 0 0 50.000 54.000 2700.000 51.961 0 1 358 200 0 0
 857 43412.000 141161.000 0 0 0.000 0.000 0.000 0.121 0 1 0 0 0 0
 858 35083.000 125843.000 0 0 0.000 0.000 0.000 0.120 0 1 0 0 0 0
 859 34239.000 123598.000 0 0 0.000 0.000 0.000 0.120 0 1 0 0 0 0
 860 107512.000 30676.000 0 0 28.000 52.000 1456.000 38.157 0 1 79 200 0 0
 861 110727.000 31076.000 0 0 30.000 52.000 1560.000 39.496 0 1 83 200 0 0
 862 116513.000 32194.000 0 0 0.000 0.000 0.000 0.122 0 1 0 0 0 0
 863 134342.000 39216.000 0 0 0.000 0.000 0.000 0.121 0 1 0 0 0 0
 864 136191.000 40312.000 0 0 0.000 0.000 0.000 0.120 0 1 0 0 0 0
 865 163090.000 69470.000 0 0 0.000 0.000 0.000 0.123 0 1 0 0 0 0
 866 168374.000 115800.000 0 0 0.000 0.000 0.000 0.120 0 1 0 0 0 0
 867 167676.000 118566.000 0 0 0.000 0.000 0.000 0.120 0 1 0 0 0 0
 868 164285.000 128202.000 0 0 0.000 0.000 0.000 0.120 0 1 0 0 0 0
 869 72813.000 164728.000 0 0 42.000 56.000 2352.000 48.497 0 1 398 210 0 0
 870 72413.000 164562.000 0 0 42.000 54.000 2268.000 47.623 0 1 398 210 0 0
 871 68080.000 162483.000 0 0 0.000 0.000 0.000 0.121 0 1 0 0 0 0
 872 66241.000 161566.000 0 0 46.000 54.000 2484.000 49.839 0 1 378 200 0 0
 873 63467.000 159968.000 0 0 48.000 56.000 2688.000 51.845 0 1 376 200 0 0
 874 62862.000 159538.000 0 0 48.000 56.000 2688.000 51.845 0 1 376 200 0 0
 875 37202.000 131144.000 0 0 0.000 0.000 0.000 0.120 0 1 0 0 0 0
 876 31281.000 113376.000 0 0 0.000 0.000 0.000 0.120 0 1 0 0 0 0
 877 109414.000 30725.000 0 0 30.000 52.000 1560.000 39.496 0 1 83 200 0 0
 878 116227.000 32004.000 0 0 0.000 0.000 0.000 0.121 0 1 0 0 0 0
 879 118564.000 32423.000 0 0 36.000 56.000 2016.000 44.899 0 1 93 200 0 0
 880 167255.000 79922.000 0 0 0.000 0.000 0.000 0.120 0 1 0 0 0 0
 881 167782.000 81723.000 0 0 0.000 0.000 0.000 0.120 0 1 0 0 0 0
 882 169471.000 89623.000 0 0 0.000 0.000 0.000 0.120 0 1 0 0 0 0
 883 115751.000 168650.000 0 0 34.000 54.000 1836.000 42.848 0 1 414 200 0 0
 884 109262.000 169848.000 0 0 0.000 0.000 0.000 0.120 0 1 0 0 0 0
 885 72373.000 164725.000 0 0 42.000 54.000 2268.000 47.623 0 1 398 210 0 0
 886 65347.000 161263.000 0 0 46.000 54.000 2484.000 49.839 0 1 378 200 0 0
 887 62369.000 159493.000 0 0 48.000 56.000 2688.000 51.845 0 1 376 200 0 0
 888 57846.000 156321.000 0 0 48.000 56.000 2688.000 51.845 0 1 358 200 0 0
 889 57837.000 156271.000 0 0 48.000 56.000 2688.000 51.845 0 1 358 200 0 0
 890 56864.000 155560.000 0 0 50.000 54.000 2700.000 51.961 0 1 358 200 0 0
 891 33436.000 78150.000 0 0 0.000 0.000 0.000 0.120 0 1 0 0 0 0
 892 102712.000 30025.000 0 0 24.000 50.000 1200.000 34.641 0 1 77 200 0 0
 893 107398.000 30325.000 0 0 28.000 52.000 1456.000 38.157 0 1 79 200 0 0
 894 110311.000 30726.000 0 0 30.000 52.000 1560.000 39.496 0 1 83 200 0 0
 895 119319.000 32638.000 0 0 36.000 56.000 2016.000 44.899 0 1 93 200 0 0
 896 157485.000 59648.000 0 0 0.000 0.000 0.000 0.120 0 1 0 0 0 0
 897 157648.000 59814.000 0 0 0.000 0.000 0.000 0.121 0 1 0 0 0 0
 898 158834.000 61543.000 0 0 0.000 0.000 0.000 0.121 0 1 0 0 0 0
 899 159972.000 63320.000 0 0 0.000 0.000 0.000 0.123 0 1 0 0 0 0
 900 168070.000 118314.000 0 0 0.000 0.000 0.000 0.120 0 1 0 0 0 0
 901 157884.000 140410.000 0 0 0.000 0.000 0.000 0.121 0 1 0 0 0 0
 902 133527.000 162153.000 0 0 0.000 0.000 0.000 0.121 0 1 0 0 0 0
 903 117592.000 168389.000 0 0 0.000 0.000 0.000 0.120 0 1 0 0 0 0
 904 109580.000 169947.000 0 0 0.000 0.000 0.000 0.123 0 1 0 0 0 0
 905 71999.000 164792.000 0 0 42.000 54.000 2268.000 47.623 0 1 398 210 0 0
 906 67179.000 162407.000 0 0 0.000 0.000 0.000 0.120 0 1 0 0 0 0
 907 65783.000 161713.000 0 0 46.000 54.000 2484.000 49.839 0 1 378 200 0 0
 908 64876.000 161164.000 0 0 46.000 54.000 2484.000 49.839 0 1 378 200 0 0
 909 62529.000 159807.000 0 0 48.000 56.000 2688.000 51.845 0 1 376 200 0 0
 910 59909.000 158030.000 0 0 48.000 54.000 2592.000 50.911 0 1 367 200 0 0
 911 59306.000 157625.000 0 0 48.000 54.000 2592.000 50.911 0 1 367 200 0 0
 912 57107.000 155950.000 0 0 50.000 54.000 2700.000 51.961 0 1 358 200 0 0
 913 54367.000 153717.000 0 0 0.000 0.000 0.000 0.121 0 1 0 0 0 0
 914 40453.000 137649.000 0 0 0.000 0.000 0.000 0.121 0 1 0 0 0 0
 915 33869.000 124141.000 0 0 0.000 0.000 0.000 0.120 0 1 0 0 0 0
 916 63232.000 40201.000 0 0 0.000 0.000 0.000 0.120 0 1 0 0 0 0
 917 106084.000 30029.000 0 0 0.000 0.000 0.000 0.120 0 1 0 0 0 0
 918 107871.000 30182.000 0 0 28.000 52.000 1456.000 38.157 0 1 79 200 0 0
 919 108528.000 30267.000 0 0 30.000 52.000 1560.000 39.496 0 1 83 200 0 0
 920 111195.000 30636.000 0 0 30.000 52.000 1560.000 39.496 0 1 83 200 0 0
 921 113102.000 30969.000 0 0 32.000 54.000 1728.000 41.569 0 1 86 200 0 0
 922 113474.000 31038.000 0 0 32.000 54.000 1728.000 41.569 0 1 86 200 0 0
 923 117734.000 31962.000 0 0 0.000 0.000 0.000 0.120 0 1 0 0 0 0
 924 123439.000 33720.000 0 0 0.000 0.000 0.000 0.120 0 1 0 0 0 0
 925 132804.000 37786.000 0 0 0.000 0.000 0.000 0.120 0 1 0 0 0 0
 926 136406.000 39818.000 0 0 0.000 0.000 0.000 0.120 0 1 0 0 0 0
 927 138186.000 40940.000 0 0 0.000 0.000 0.000 0.120 0 1 0 0 0 0
 928 154072.000 54889.000 0 0 0.000 0.000 0.000 0.120 0 1 0 0 0 0
 929 158702.000 61054.000 0 0 0.000 0.000 0.000 0.121 0 1 0 0 0 0
 930 160048.000 63174.000 0 0 0.000 0.000 0.000 0.120 0 1 0 0 0 0
 931 168443.000 82943.000 0 0 0.000 0.000 0.000 0.120 0 1 0 0 0 0
 932 170595.000 98840.000 0 0 0.000 0.000 0.000 0.120 0 1 0 0 0 0
 933 169345.000 113492.000 0 0 0.000 0.000 0.000 0.120 0 1 0 0 0 0
 934 168745.000 116357.000 0 0 0.000 0.000 0.000 0.121 0 1 0 0 0 0
 935 167633.000 120474.000 0 0 0.000 0.000 0.000 0.120 0 1 0 0 0 0
 936 162898.000 132381.000 0 0 0.000 0.000 0.000 0.123 0 1 0 0 0 0
 937 160619.000 136469.000 0 0 0.000 0.000 0.000 0.122 0 1 0 0 0 0
 938 151458.000 148575.000 0 0 0.000 0.000 0.000 0.120 0 1 0 0 0 0
 939 145546.000 154212.000 0 0 0.000 0.000 0.000 0.123 0 1 0 0 0 0
 940 142530.000 156562.000 0 0 0.000 0.000 0.000 0.121 0 1 0 0 0 0
 941 124600.000 166385.000 0 0 0.000 0.000 0.000 0.120 0 1 0 0 0 0
 942 85843.000 169319.000 0 0 0.000 0.000 0.000 0.120 0 1 0 0 0 0
 943 82169.000 168457.000 0 0 0.000 0.000 0.000 0.120 0 1 0 0 0 0
 944 80146.000 167872.000 0 0 38.000 54.000 2052.000 45.299 0 1 416 200 0 0
 945 69797.000 163951.000 0 0 0.000 0.000 0.000 0.120 0 1 0 0 0 0
 946 60809.000 158874.000 0 0 46.000 54.000 2484.000 49.839 0 1 367 200 0 0
 947 60724.000 158789.000 0 0 46.000 54.000 2484.000 49.839 0 1 367 200 0 0
 948 60117.000 158436.000 0 0 48.000 54.000 2592.000 50.911 0 1 367 200 0 0
 949 38104.000 133942.000 0 0 0.000 0.000 0.000 0.123 0 1 0 0 0 0
 950 34322.000 125863.000 0 0 0.000 0.000 0.000 0.122 0 1 0 0 0 0
 951 149385.000 51041.000 0 0 0.000 0.000 0.000 200000.000 0 1 0 200 0 0
 952 30511.000 88482.000 0 0 0.000 0.000 0.000 0.121 0 1 0 0 0 0
 953 67950.000 37395.000 0 0 0.000 0.000 0.000 0.120 0 1 0 0 0 0
 954 103598.000 29693.000 0 0 26.000 50.000 1300.000 36.055 0 1 77 200 0 0
 955 109844.000 30265.000 0 0 30.000 52.000 1560.000 39.496 0 1 83 200 0 0
 956 112636.000 30691.000 0 0 32.000 54.000 1728.000 41.569 0 1 86 200 0 0
 957 113876.000 30951.000 0 0 32.000 54.000 1728.000 41.569 0 1 86 200 0 0
 958 123837.000 33703.000 0 0 0.000 0.000 0.000 0.120 0 1 0 0 0 0
 959 138378.000 40860.000 0 0 0.000 0.000 0.000 0.120 0 1 0 0 0 0
 960 142500.000 43750.000 0 0 0.000 0.000 0.000 0.120 0 1 0 0 0 0
 961 151042.000 51287.000 0 0 0.000 0.000 0.000 0.122 0 1 0 0 0 0
 962 156597.000 57813.000 0 0 0.000 0.000 0.000 0.121 0 1 0 0 0 0
 963 167973.000 80533.000 0 0 0.000 0.000 0.000 0.123 0 1 0 0 0 0
 964 170747.000 98346.000 0 0 0.000 0.000 0.000 0.121 0 1 0 0 0 0
 965 163749.000 130957.000 0 0 0.000 0.000 0.000 0.120 0 1 0 0 0 0
 966 159258.000 138956.000 0 0 0.000 0.000 0.000 0.122 0 1 0 0 0 0
 967 142583.000 156769.000 0 0 0.000 0.000 0.000 0.120 0 1 0 0 0 0
 968 137879.000 159987.000 0 0 0.000 0.000 0.000 0.120 0 1 0 0 0 0
 969 116477.000 168979.000 0 0 34.000 54.000 1836.000 42.848 0 1 414 200 0 0
 970 80030.000 168064.000 0 0 38.000 54.000 2052.000 45.299 0 1 416 200 0 0
 971 57087.000 156399.000 0 0 50.000 54.000 2700.000 51.961 0 1 358 200 0 0
 972 39667.000 136953.000 0 0 0.000 0.000 0.000 0.120 0 1 0 0 0 0
 973 37137.000 132533.000 0 0 0.000 0.000 0.000 0.124 0 1 0 0 0 0
 974 33708.000 124701.000 0 0 0.000 0.000 0.000 0.120 0 1 0 0 0 0
 975 32647.000 121584.000 0 0 0.000 0.000 0.000 0.123 0 1 0 0 0 0
 976 62540.000 40249.000 0 0 0.000 0.000 0.000 0.120 0 1 0 0 0 0
 977 65245.000 38617.000 0 0 0.000 0.000 0.000 0.121 0 1 0 0 0 0
 978 102412.000 29500.000 0 0 24.000 50.000 1200.000 34.641 0 1 77 200 0 0
 979 103441.000 29521.000 0 0 26.000 50.000 1300.000 36.055 0 1 77 200 0 0
 980 107477.000 29814.000 0 0 28.000 52.000 1456.000 38.157 0 1 79 200 0 0
 981 107540.000 29807.000 0 0 28.000 52.000 1456.000 38.157 0 1 79 200 0 0
 982 126038.000 34330.000 0 0 0.000 0.000 0.000 0.120 0 1 0 0 0 0
 983 130941.000 36493.000 0 0 0.000 0.000 0.000 0.120 0 1 0 0 0 0
 984 135390.000 38833.000 0 0 0.000 0.000 0.000 0.123 0 1 0 0 0 0
 985 149535.000 49511.000 0 0 0.000 0.000 0.000 0.121 0 1 0 0 0 0
 986 120246.000 168185.000 0 0 0.000 0.000 0.000 0.120 0 1 0 0 0 0
 987 111582.000 170194.000 0 0 0.000 0.000 0.000 0.122 0 1 0 0 0 0
 988 101733.000 171105.000 0 0 0.000 0.000 0.000 0.121 0 1 0 0 0 0
 989 87370.000 169988.000 0 0 0.000 0.000 0.000 0.120 0 1 0 0 0 0
 990 79272.000 168012.000 0 0 38.000 54.000 2052.000 45.299 0 1 416 200 0 0
 991 71287.000 165006.000 0 0 42.000 54.000 2268.000 47.623 0 1 398 210 0 0
 992 58995.000 158017.000 0 0 48.000 54.000 2592.000 50.911 0 1 367 200 0 0
 993 58924.000 157928.000 0 0 48.000 54.000 2592.000 50.911 0 1 367 200 0 0
 994 57195.000 156665.000 0 0 50.000 54.000 2700.000 51.961 0 1 358 200 0 0
 995 55213.000 155112.000 0 0 0.000 0.000 0.000 0.121 0 1 0 0 0 0
 996 52250.000 152598.000 0 0 50.000 54.000 2700.000 51.961 0 1 348 200 0 0
 997 52206.000 152491.000 0 0 50.000 54.000 2700.000 51.961 0 1 348 200 0 0
 998 51641.000 152189.000 0 0 50.000 54.000 2700.000 51.961 0 1 348 200 0 0
 999 29216.000 102747.000 0 0 0.000 0.000 0.000 0.121 0 1 0 0 0 0
 1000 102395.000 29302.000 0 0 24.000 50.000 1200.000 34.641 0 1 77 200 0 0
 1001 107028.000 29612.000 0 0 28.000 52.000 1456.000 38.157 0 1 79 200 0 0
 1002 111039.000 30102.000 0 0 30.000 52.000 1560.000 39.496 0 1 83 200 0 0
 1003 120014.000 32123.000 0 0 0.000 0.000 0.000 0.122 0 1 0 0 0 0
 1004 131304.000 36432.000 0 0 0.000 0.000 0.000 0.120 0 1 0 0 0 0
 1005 155944.000 56422.000 0 0 0.000 0.000 0.000 0.121 0 1 0 0 0 0
 1006 165876.000 73487.000 0 0 0.000 0.000 0.000 0.121 0 1 0 0 0 0
 1007 170689.000 92172.000 0 0 0.000 0.000 0.000 0.121 0 1 0 0 0 0
 1008 170984.000 104502.000 0 0 0.000 0.000 0.000 0.120 0 1 0 0 0 0
 1009 162227.000 134650.000 0 0 0.000 0.000 0.000 0.120 0 1 0 0 0 0
 1010 154571.000 145822.000 0 0 0.000 0.000 0.000 0.121 0 1 0 0 0 0
 1011 151283.000 149546.000 0 0 0.000 0.000 0.000 0.120 0 1 0 0 0 0
 1012 150283.000 150503.000 0 0 0.000 0.000 0.000 0.120 0 1 0 0 0 0
 1013 134356.000 162472.000 0 0 0.000 0.000 0.000 0.120 0 1 0 0 0 0
 1014 123853.000 167202.000 0 0 0.000 0.000 0.000 0.120 0 1 0 0 0 0
 1015 123328.000 167373.000 0 0 0.000 0.000 0.000 0.121 0 1 0 0 0 0
 1016 110888.000 170460.000 0 0 0.000 0.000 0.000 0.121 0 1 0 0 0 0
 1017 62566.000 160591.000 0 0 48.000 56.000 2688.000 51.845 0 1 376 200 0 0
 1018 36247.000 131443.000 0 0 0.000 0.000 0.000 0.120 0 1 0 0 0 0
 1019 31974.000 120567.000 0 0 0.000 0.000 0.000 0.121 0 1 0 0 0 0
 1020 29973.000 111805.000 0 0 0.000 0.000 0.000 0.120 0 1 0 0 0 0
 1021 60508.000 41146.000 0 0 0.000 0.000 0.000 0.122 0 1 0 0 0 0
 1022 74855.000 33737.000 0 0 0.000 0.000 0.000 0.120 0 1 0 0 0 0
 1023 101562.000 29099.000 0 0 24.000 50.000 1200.000 34.641 0 1 77 200 0 0
 1024 102997.000 29156.000 0 0 26.000 50.000 1300.000 36.055 0 1 77 200 0 0
 1025 106687.000 29415.000 0 0 28.000 52.000 1456.000 38.157 0 1 79 200 0 0
 1026 108738.000 29633.000 0 0 30.000 52.000 1560.000 39.496 0 1 83 200 0 0
 1027 109374.000 29690.000 0 0 30.000 52.000 1560.000 39.496 0 1 83 200 0 0
 1028 114399.000 30544.000 0 0 34.000 54.000 1836.000 42.848 0 1 86 200 0 0
 1029 117352.000 31179.000 0 0 0.000 0.000 0.000 0.121 0 1 0 0 0 0
 1030 124638.000 33465.000 0 0 0.000 0.000 0.000 0.120 0 1 0 0 0 0
 1031 127439.000 34394.000 0 0 0.000 0.000 0.000 0.123 0 1 0 0 0 0
 1032 167418.000 77090.000 0 0 0.000 0.000 0.000 0.120 0 1 0 0 0 0
 1033 170170.000 87711.000 0 0 0.000 0.000 0.000 0.120 0 1 0 0 0 0
 1034 166923.000 124775.000 0 0 56.000 40.000 2240.000 47.328 0 1 287 200 0 0
 1035 166822.000 125076.000 0 0 56.000 40.000 2240.000 47.328 0 1 287 200 0 0
 1036 166712.000 125786.000 0 0 56.000 42.000 2352.000 48.497 0 1 287 200 0 0
 1037 163205.000 133256.000 0 0 0.000 0.000 0.000 0.120 0 1 0 0 0 0
 1038 156578.000 143591.000 0 0 0.000 0.000 0.000 0.121 0 1 0 0 0 0
 1039 149628.000 151407.000 0 0 0.000 0.000 0.000 0.120 0 1 0 0 0 0
 1040 148107.000 152835.000 0 0 0.000 0.000 0.000 0.120 0 1 0 0 0 0
 1041 138456.000 160247.000 0 0 0.000 0.000 0.000 0.120 0 1 0 0 0 0
 1042 135245.000 162168.000 0 0 46.000 54.000 2484.000 49.839 0 1 385 200 0 0
 1043 123746.000 167409.000 0 0 0.000 0.000 0.000 0.121 0 1 0 0 0 0
 1044 118567.000 169030.000 0 0 0.000 0.000 0.000 0.121 0 1 0 0 0 0
 1045 109050.000 170914.000 0 0 0.000 0.000 0.000 0.127 0 1 0 0 0 0
 1046 104701.000 171298.000 0 0 0.000 0.000 0.000 0.121 0 1 0 0 0 0
 1047 90370.000 170776.000 0 0 0.000 0.000 0.000 0.120 0 1 0 0 0 0
 1048 87094.000 170266.000 0 0 0.000 0.000 0.000 0.122 0 1 0 0 0 0
 1049 77141.000 167657.000 0 0 0.000 0.000 0.000 0.121 0 1 0 0 0 0
 1050 68544.000 164267.000 0 0 0.000 0.000 0.000 0.126 0 1 0 0 0 0
 1051 64516.000 161949.000 0 0 0.000 0.000 0.000 0.121 0 1 0 0 0 0
 1052 62831.000 160936.000 0 0 48.000 56.000 2688.000 51.845 0 1 376 200 0 0
 1053 60867.000 159864.000 0 0 0.000 0.000 0.000 0.125 0 1 0 0 0 0
 1054 54275.000 154817.000 0 0 0.000 0.000 0.000 0.120 0 1 0 0 0 0
 1055 52510.000 153435.000 0 0 50.000 52.000 2600.000 50.990 0 1 348 200 0 0
 1056 33167.000 124693.000 0 0 0.000 0.000 0.000 0.122 0 1 0 0 0 0
 1057 97151.000 28965.000 0 0 26.000 50.000 1300.000 36.055 0 1 75 200 0 0
 1058 104820.000 29086.000 0 0 0.000 0.000 0.000 0.123 0 1 0 0 0 0
 1059 111354.000 29793.000 0 0 30.000 52.000 1560.000 39.496 0 1 83 200 0 0
 1060 113064.000 30152.000 0 0 32.000 54.000 1728.000 41.569 0 1 86 200 0 0
 1061 154443.000 54015.000 0 0 0.000 0.000 0.000 0.120 0 1 0 0 0 0
 1062 164681.000 69906.000 0 0 0.000 0.000 0.000 0.121 0 1 0 0 0 0
 1063 165954.000 72817.000 0 0 0.000 0.000 0.000 0.120 0 1 0 0 0 0
 1064 167209.000 75983.000 0 0 0.000 0.000 0.000 0.122 0 1 0 0 0 0
 1065 170323.000 87336.000 0 0 0.000 0.000 0.000 0.120 0 1 0 0 0 0
 1066 170222.000 113402.000 0 0 0.000 0.000 0.000 0.120 0 1 0 0 0 0
 1067 170036.000 114498.000 0 0 0.000 0.000 0.000 0.120 0 1 0 0 0 0
 1068 167380.000 124038.000 0 0 56.000 40.000 2240.000 47.328 0 1 287 200 0 0
 1069 166173.000 127188.000 0 0 0.000 0.000 0.000 0.120 0 1 0 0 0 0
 1070 152780.000 148400.000 0 0 0.000 0.000 0.000 0.121 0 1 0 0 0 0
 1071 147724.000 153357.000 0 0 0.000 0.000 0.000 0.120 0 1 0 0 0 0
 1072 136325.000 161748.000 0 0 0.000 0.000 0.000 0.122 0 1 0 0 0 0
 1073 131406.000 164390.000 0 0 0.000 0.000 0.000 0.121 0 1 0 0 0 0
 1074 129732.000 165197.000 0 0 0.000 0.000 0.000 0.120 0 1 0 0 0 0
 1075 121577.000 168339.000 0 0 0.000 0.000 0.000 0.121 0 1 0 0 0 0
 1076 100064.000 171646.000 0 0 0.000 0.000 0.000 0.120 0 1 0 0 0 0
 1077 89283.000 170787.000 0 0 0.000 0.000 0.000 0.120 0 1 0 0 0 0
 1078 74048.000 166722.000 0 0 0.000 0.000 0.000 0.122 0 1 0 0 0 0
 1079 71871.000 165804.000 0 0 0.000 0.000 0.000 0.121 0 1 0 0 0 0
 1080 62045.000 160710.000 0 0 48.000 56.000 2688.000 51.845 0 1 376 200 0 0
 1081 54623.000 155315.000 0 0 0.000 0.000 0.000 0.121 0 1 0 0 0 0
 1082 53175.000 154058.000 0 0 52.000 52.000 2704.000 52.000 0 1 348 200 0 0
 1083 53080.000 153968.000 0 0 52.000 52.000 2704.000 52.000 0 1 348 200 0 0
 1084 52880.000 153802.000 0 0 52.000 52.000 2704.000 52.000 0 1 348 200 0 0
 1085 52364.000 153326.000 0 0 50.000 52.000 2600.000 50.990 0 1 348 200 0 0
 1086 34701.000 128960.000 0 0 0.000 0.000 0.000 0.121 0 1 0 0 0 0
 1087 29553.000 111483.000 0 0 0.000 0.000 0.000 0.124 0 1 0 0 0 0
 1088 95891.000 28917.000 0 0 26.000 50.000 1300.000 36.055 0 1 75 200 0 0
 1089 96925.000 28816.000 0 0 26.000 50.000 1300.000 36.055 0 1 75 200 0 0
 1090 102302.000 28799.000 0 0 24.000 50.000 1200.000 34.641 0 1 77 200 0 0
 1091 121543.000 32024.000 0 0 0.000 0.000 0.000 0.120 0 1 0 0 0 0
 1092 127048.000 34012.000 0 0 0.000 0.000 0.000 0.122 0 1 0 0 0 0
 1093 127346.000 34123.000 0 0 0.000 0.000 0.000 0.120 0 1 0 0 0 0
 1094 132023.000 36286.000 0 0 0.000 0.000 0.000 0.120 0 1 0 0 0 0
 1095 133220.000 36895.000 0 0 0.000 0.000 0.000 0.120 0 1 0 0 0 0
 1096 164653.000 69413.000 0 0 0.000 0.000 0.000 0.120 0 1 0 0 0 0
 1097 168603.000 79593.000 0 0 0.000 0.000 0.000 0.124 0 1 0 0 0 0
 1098 171209.000 107908.000 0 0 0.000 0.000 0.000 0.120 0 1 0 0 0 0
 1099 164151.000 132084.000 0 0 0.000 0.000 0.000 0.120 0 1 0 0 0 0
 1100 163864.000 132607.000 0 0 0.000 0.000 0.000 0.120 0 1 0 0 0 0
 1101 161936.000 136265.000 0 0 0.000 0.000 0.000 0.120 0 1 0 0 0 0
 1102 161752.000 136507.000 0 0 0.000 0.000 0.000 0.121 0 1 0 0 0 0
 1103 157686.000 142717.000 0 0 0.000 0.000 0.000 0.120 0 1 0 0 0 0
 1104 146431.000 154748.000 0 0 0.000 0.000 0.000 0.124 0 1 0 0 0 0
 1105 117533.000 169666.000 0 0 0.000 0.000 0.000 0.120 0 1 0 0 0 0
 1106 100980.000 171775.000 0 0 0.000 0.000 0.000 0.120 0 1 0 0 0 0
 1107 98487.000 171757.000 0 0 0.000 0.000 0.000 0.120 0 1 0 0 0 0
 1108 81476.000 169327.000 0 0 36.000 56.000 2016.000 44.899 0 1 416 200 0 0
 1109 79651.000 168812.000 0 0 38.000 54.000 2052.000 45.299 0 1 416 200 0 0
 1110 72808.000 166450.000 0 0 0.000 0.000 0.000 0.120 0 1 0 0 0 0
 1111 67753.000 164072.000 0 0 0.000 0.000 0.000 0.121 0 1 0 0 0 0
 1112 59521.000 159193.000 0 0 0.000 0.000 0.000 0.121 0 1 0 0 0 0
 1113 52436.000 153662.000 0 0 50.000 52.000 2600.000 50.990 0 1 348 200 0 0
 1114 50807.000 152118.000 0 0 52.000 54.000 2808.000 52.990 0 1 348 200 0 0
 1115 33954.000 127638.000 0 0 0.000 0.000 0.000 0.120 0 1 0 0 0 0
 1116 33899.000 127465.000 0 0 0.000 0.000 0.000 0.123 0 1 0 0 0 0
 1117 33365.000 126188.000 0 0 0.000 0.000 0.000 0.120 0 1 0 0 0 0
 1118 29432.000 88731.000 0 0 0.000 0.000 0.000 0.121 0 1 0 0 0 0
 1119 59395.000 41299.000 0 0 0.000 0.000 0.000 0.121 0 1 0 0 0 0
 1120 65886.000 37267.000 0 0 0.000 0.000 0.000 0.121 0 1 0 0 0 0
 1121 66796.000 36811.000 0 0 0.000 0.000 0.000 0.121 0 1 0 0 0 0
 1122 95264.000 28735.000 0 0 26.000 50.000 1300.000 36.055 0 1 75 200 0 0
 1123 96546.000 28632.000 0 0 26.000 50.000 1300.000 36.055 0 1 75 200 0 0
 1124 104673.000 28770.000 0 0 0.000 0.000 0.000 0.121 0 1 0 0 0 0
 1125 106421.000 28860.000 0 0 28.000 52.000 1456.000 38.157 0 1 79 200 0 0
 1126 111332.000 29468.000 0 0 30.000 52.000 1560.000 39.496 0 1 83 200 0 0
 1127 114435.000 30026.000 0 0 34.000 54.000 1836.000 42.848 0 1 86 200 0 0
 1128 117424.000 30705.000 0 0 0.000 0.000 0.000 0.120 0 1 0 0 0 0
 1129 120406.000 31493.000 0 0 0.000 0.000 0.000 0.122 0 1 0 0 0 0
 1130 129030.000 34663.000 0 0 0.000 0.000 0.000 0.121 0 1 0 0 0 0
 1131 139064.000 40076.000 0 0 0.000 0.000 0.000 0.121 0 1 0 0 0 0
 1132 145594.000 44917.000 0 0 0.000 0.000 0.000 0.120 0 1 0 0 0 0
 1133 151064.000 49827.000 0 0 0.000 0.000 0.000 0.120 0 1 0 0 0 0
 1134 169186.000 81119.000 0 0 0.000 0.000 0.000 0.121 0 1 0 0 0 0
 1135 170168.000 85063.000 0 0 0.000 0.000 0.000 0.121 0 1 0 0 0 0
 1136 171136.000 90391.000 0 0 0.000 0.000 0.000 0.120 0 1 0 0 0 0
 1137 167577.000 124509.000 0 0 56.000 40.000 2240.000 47.328 0 1 287 200 0 0
 1138 163348.000 134073.000 0 0 0.000 0.000 0.000 0.120 0 1 0 0 0 0
 1139 152528.000 149157.000 0 0 0.000 0.000 0.000 0.120 0 1 0 0 0 0
 1140 148489.000 153160.000 0 0 0.000 0.000 0.000 0.121 0 1 0 0 0 0
 1141 148046.000 153559.000 0 0 0.000 0.000 0.000 0.120 0 1 0 0 0 0
 1142 144510.000 156579.000 0 0 0.000 0.000 0.000 0.120 0 1 0 0 0 0
 1143 124522.000 167690.000 0 0 0.000 0.000 0.000 0.121 0 1 0 0 0 0
 1144 72712.000 166620.000 0 0 0.000 0.000 0.000 0.120 0 1 0 0 0 0
 1145 70436.000 165531.000 0 0 0.000 0.000 0.000 0.120 0 1 0 0 0 0
 1146 61211.000 160556.000 0 0 0.000 0.000 0.000 0.123 0 1 0 0 0 0
 1147 55114.000 156096.000 0 0 50.000 54.000 2700.000 51.961 0 1 362 200 0 0
 1148 53890.000 155110.000 0 0 0.000 0.000 0.000 0.121 0 1 0 0 0 0
 1149 51789.000 153337.000 0 0 50.000 54.000 2700.000 51.961 0 1 348 200 0 0
 1150 49267.000 150833.000 0 0 52.000 52.000 2704.000 52.000 0 1 334 200 0 0
 1151 48351.000 149964.000 0 0 52.000 52.000 2704.000 52.000 0 1 334 200 0 0
 1152 35239.000 130962.000 0 0 0.000 0.000 0.000 0.123 0 1 0 0 0 0
 1153 34641.000 129620.000 0 0 0.000 0.000 0.000 0.120 0 1 0 0 0 0
 1154 32154.000 123425.000 0 0 0.000 0.000 0.000 0.120 0 1 0 0 0 0
 1155 31456.000 121106.000 0 0 0.000 0.000 0.000 0.120 0 1 0 0 0 0
 1156 30544.000 117883.000 0 0 0.000 0.000 0.000 0.122 0 1 0 0 0 0
 1157 56297.000 43305.000 0 0 0.000 0.000 0.000 0.125 0 1 0 0 0 0
 1158 97699.000 28467.000 0 0 24.000 50.000 1200.000 34.641 0 1 75 200 0 0
 1159 98351.000 28433.000 0 0 0.000 0.000 0.000 0.121 0 1 0 0 0 0
 1160 98995.000 28405.000 0 0 0.000 0.000 0.000 0.123 0 1 0 0 0 0
 1161 105965.000 28660.000 0 0 28.000 52.000 1456.000 38.157 0 1 79 200 0 0
 1162 108290.000 28882.000 0 0 0.000 0.000 0.000 0.120 0 1 0 0 0 0
 1163 111766.000 29348.000 0 0 32.000 52.000 1664.000 40.792 0 1 83 200 0 0
 1164 123803.000 32392.000 0 0 0.000 0.000 0.000 0.121 0 1 0 0 0 0
 1165 157248.000 56673.000 0 0 0.000 0.000 0.000 0.121 0 1 0 0 0 0
 1166 162190.000 64117.000 0 0 0.000 0.000 0.000 0.120 0 1 0 0 0 0
 1167 164459.000 68168.000 0 0 0.000 0.000 0.000 0.120 0 1 0 0 0 0
 1168 170297.000 84788.000 0 0 0.000 0.000 0.000 0.121 0 1 0 0 0 0
 1169 171528.000 92308.000 0 0 0.000 0.000 0.000 0.121 0 1 0 0 0 0
 1170 171041.000 111807.000 0 0 0.000 0.000 0.000 0.121 0 1 0 0 0 0
 1171 169681.000 118154.000 0 0 0.000 0.000 0.000 0.120 0 1 0 0 0 0
 1172 169211.000 119951.000 0 0 0.000 0.000 0.000 0.120 0 1 0 0 0 0
 1173 162212.000 136398.000 0 0 0.000 0.000 0.000 0.120 0 1 0 0 0 0
 1174 157262.000 143820.000 0 0 0.000 0.000 0.000 0.121 0 1 0 0 0 0
 1175 156380.000 144937.000 0 0 0.000 0.000 0.000 0.120 0 1 0 0 0 0
 1176 137636.000 161565.000 0 0 0.000 0.000 0.000 0.127 0 1 0 0 0 0
 1177 135273.000 162924.000 0 0 46.000 54.000 2484.000 49.839 0 1 385 200 0 0
 1178 129953.000 165615.000 0 0 0.000 0.000 0.000 0.120 0 1 0 0 0 0
 1179 116565.000 170230.000 0 0 0.000 0.000 0.000 0.122 0 1 0 0 0 0
 1180 115098.000 170572.000 0 0 0.000 0.000 0.000 0.122 0 1 0 0 0 0
 1181 114177.000 170761.000 0 0 0.000 0.000 0.000 0.122 0 1 0 0 0 0
 1182 112731.000 171004.000 0 0 0.000 0.000 0.000 0.121 0 1 0 0 0 0
 1183 80675.000 169428.000 0 0 36.000 56.000 2016.000 44.899 0 1 416 200 0 0
 1184 76006.000 167984.000 0 0 0.000 0.000 0.000 0.120 0 1 0 0 0 0
 1185 63433.000 162102.000 0 0 0.000 0.000 0.000 0.120 0 1 0 0 0 0
 1186 48568.000 150424.000 0 0 52.000 52.000 2704.000 52.000 0 1 334 200 0 0
 1187 48189.000 150033.000 0 0 52.000 52.000 2704.000 52.000 0 1 334 200 0 0
 1188 32169.000 123901.000 0 0 0.000 0.000 0.000 0.123 0 1 0 0 0 0
 1189 30997.000 120301.000 0 0 0.000 0.000 0.000 0.123 0 1 0 0 0 0
 1190 29661.000 114725.000 0 0 0.000 0.000 0.000 0.122 0 1 0 0 0 0
 1191 29552.000 114009.000 0 0 0.000 0.000 0.000 0.121 0 1 0 0 0 0
 1192 28609.000 108577.000 0 0 0.000 0.000 0.000 0.120 0 1 0 0 0 0
 1193 35144.000 69270.000 0 0 0.000 0.000 0.000 0.121 0 1 0 0 0 0
 1194 87247.000 29414.000 0 0 0.000 0.000 0.000 0.120 0 1 0 0 0 0
 1195 93502.000 28593.000 0 0 28.000 52.000 1456.000 38.157 0 1 62 200 0 0
 1196 102331.000 28276.000 0 0 24.000 50.000 1200.000 34.641 0 1 77 200 0 0
 1197 104494.000 28369.000 0 0 0.000 0.000 0.000 0.125 0 1 0 0 0 0
 1198 152057.000 50389.000 0 0 54.000 52.000 2808.000 52.990 0 1 132 200 0 0
 1199 158137.000 57542.000 0 0 0.000 0.000 0.000 0.122 0 1 0 0 0 0
 1200 169814.000 81895.000 0 0 0.000 0.000 0.000 0.120 0 1 0 0 0 0
 1201 171761.000 107734.000 0 0 0.000 0.000 0.000 0.120 0 1 0 0 0 0
 1202 171325.000 111108.000 0 0 0.000 0.000 0.000 0.121 0 1 0 0 0 0
 1203 170122.000 117184.000 0 0 0.000 0.000 0.000 0.120 0 1 0 0 0 0
 1204 166046.000 129179.000 0 0 0.000 0.000 0.000 0.120 0 1 0 0 0 0
 1205 164539.000 132528.000 0 0 0.000 0.000 0.000 0.122 0 1 0 0 0 0
 1206 145839.000 155950.000 0 0 0.000 0.000 0.000 0.120 0 1 0 0 0 0
 1207 141744.000 159056.000 0 0 0.000 0.000 0.000 0.125 0 1 0 0 0 0
 1208 134316.000 163675.000 0 0 44.000 56.000 2464.000 49.638 0 1 385 200 0 0
 1209 119802.000 169554.000 0 0 0.000 0.000 0.000 0.121 0 1 0 0 0 0
 1210 110215.000 171684.000 0 0 0.000 0.000 0.000 0.124 0 1 0 0 0 0
 1211 79668.000 169368.000 0 0 38.000 54.000 2052.000 45.299 0 1 416 200 0 0
 1212 79349.000 169243.000 0 0 38.000 54.000 2052.000 45.299 0 1 416 200 0 0
 1213 77163.000 168547.000 0 0 0.000 0.000 0.000 0.120 0 1 0 0 0 0
 1214 55428.000 156792.000 0 0 50.000 54.000 2700.000 51.961 0 1 362 200 0 0
 1215 51280.000 153317.000 0 0 50.000 54.000 2700.000 51.961 0 1 348 200 0 0
 1216 51025.000 153088.000 0 0 50.000 54.000 2700.000 51.961 0 1 348 200 0 0
 1217 49722.000 151785.000 0 0 0.000 0.000 0.000 0.122 0 1 0 0 0 0
 1218 32390.000 124998.000 0 0 0.000 0.000 0.000 0.120 0 1 0 0 0 0
 1219 32008.000 123913.000 0 0 0.000 0.000 0.000 0.122 0 1 0 0 0 0
 1220 31459.000 122316.000 0 0 0.000 0.000 0.000 0.121 0 1 0 0 0 0
 1221 30451.000 118822.000 0 0 0.000 0.000 0.000 0.122 0 1 0 0 0 0
 1222 28931.000 111827.000 0 0 0.000 0.000 0.000 0.120 0 1 0 0 0 0
 1223 28766.000 110824.000 0 0 0.000 0.000 0.000 0.120 0 1 0 0 0 0
 1224 39963.000 60411.000 0 0 0.000 0.000 0.000 0.120 0 1 0 0 0 0
 1225 51019.000 47334.000 0 0 0.000 0.000 0.000 0.120 0 1 0 0 0 0
 1226 53476.000 45146.000 0 0 0.000 0.000 0.000 0.124 0 1 0 0 0 0
 1227 63255.000 38238.000 0 0 0.000 0.000 0.000 0.121 0 1 0 0 0 0
 1228 64109.000 37703.000 0 0 0.000 0.000 0.000 0.120 0 1 0 0 0 0
 1229 94384.000 28252.000 0 0 0.000 0.000 0.000 0.120 0 1 0 0 0 0
 1230 97281.000 28169.000 0 0 24.000 50.000 1200.000 34.641 0 1 75 200 0 0
 1231 98813.000 28110.000 0 0 0.000 0.000 0.000 0.120 0 1 0 0 0 0
 1232 133807.000 36416.000 0 0 0.000 0.000 0.000 0.122 0 1 0 0 0 0
 1233 149013.000 47147.000 0 0 0.000 0.000 0.000 0.120 0 1 0 0 0 0
 1234 150356.000 48450.000 0 0 0.000 0.000 0.000 0.121 0 1 0 0 0 0
 1235 150547.000 48601.000 0 0 0.000 0.000 0.000 0.120 0 1 0 0 0 0
 1236 152295.000 50367.000 0 0 54.000 52.000 2808.000 52.990 0 1 132 200 0 0
 1237 154496.000 52831.000 0 0 0.000 0.000 0.000 0.120 0 1 0 0 0 0
 1238 169533.000 80527.000 0 0 0.000 0.000 0.000 0.120 0 1 0 0 0 0
 1239 170982.000 114003.000 0 0 0.000 0.000 0.000 0.121 0 1 0 0 0 0
 1240 168995.000 122003.000 0 0 0.000 0.000 0.000 0.122 0 1 0 0 0 0
 1241 167345.000 126570.000 0 0 56.000 42.000 2352.000 48.497 0 1 289 200 0 0
 1242 166801.000 127859.000 0 0 0.000 0.000 0.000 0.121 0 1 0 0 0 0
 1243 160869.000 139231.000 0 0 0.000 0.000 0.000 0.120 0 1 0 0 0 0
 1244 154959.000 147213.000 0 0 0.000 0.000 0.000 0.120 0 1 0 0 0 0
 1245 153929.000 148405.000 0 0 54.000 50.000 2700.000 51.961 0 1 339 200 0 0
 1246 147664.000 154578.000 0 0 0.000 0.000 0.000 0.121 0 1 0 0 0 0
 1247 142121.000 158960.000 0 0 0.000 0.000 0.000 0.121 0 1 0 0 0 0
 1248 134853.000 163519.000 0 0 46.000 54.000 2484.000 49.839 0 1 385 200 0 0
 1249 130628.000 165716.000 0 0 0.000 0.000 0.000 0.120 0 1 0 0 0 0
 1250 111778.000 171511.000 0 0 0.000 0.000 0.000 0.122 0 1 0 0 0 0
 1251 104916.000 172321.000 0 0 0.000 0.000 0.000 0.124 0 1 0 0 0 0
 1252 79942.000 169631.000 0 0 36.000 56.000 2016.000 44.899 0 1 416 200 0 0
 1253 77988.000 169017.000 0 0 0.000 0.000 0.000 0.120 0 1 0 0 0 0
 1254 76070.000 168415.000 0 0 0.000 0.000 0.000 0.120 0 1 0 0 0 0
 1255 59466.000 160001.000 0 0 0.000 0.000 0.000 0.120 0 1 0 0 0 0
 1256 56876.000 158162.000 0 0 0.000 0.000 0.000 0.121 0 1 0 0 0 0
 1257 55663.000 157205.000 0 0 50.000 54.000 2700.000 51.961 0 1 362 200 0 0
 1258 55500.000 157086.000 0 0 50.000 54.000 2700.000 51.961 0 1 362 200 0 0
 1259 51244.000 153509.000 0 0 50.000 54.000 2700.000 51.961 0 1 348 200 0 0
 1260 48629.000 150989.000 0 0 52.000 52.000 2704.000 52.000 0 1 334 200 0 0
 1261 42218.000 143472.000 0 0 0.000 0.000 0.000 0.121 0 1 0 0 0 0
 1262 32881.000 126822.000 0 0 0.000 0.000 0.000 0.120 0 1 0 0 0 0
 1263 30040.000 117957.000 0 0 0.000 0.000 0.000 0.121 0 1 0 0 0 0
 1264 28273.000 91886.000 0 0 0.000 0.000 0.000 0.120 0 1 0 0 0 0
 1265 54165.000 44404.000 0 0 0.000 0.000 0.000 0.122 0 1 0 0 0 0
 1266 63724.000 37703.000 0 0 0.000 0.000 0.000 0.120 0 1 0 0 0 0
 1267 91394.000 28430.000 0 0 28.000 52.000 1456.000 38.157 0 1 62 200 0 0
 1268 91936.000 28372.000 0 0 28.000 52.000 1456.000 38.157 0 1 62 200 0 0
 1269 133719.000 36183.000 0 0 0.000 0.000 0.000 0.120 0 1 0 0 0 0
 1270 159837.000 59394.000 0 0 0.000 0.000 0.000 0.120 0 1 0 0 0 0
 1271 164441.000 67115.000 0 0 0.000 0.000 0.000 0.123 0 1 0 0 0 0
 1272 165511.000 69264.000 0 0 0.000 0.000 0.000 0.120 0 1 0 0 0 0
 1273 169814.000 80811.000 0 0 0.000 0.000 0.000 0.122 0 1 0 0 0 0
 1274 172084.000 92704.000 0 0 0.000 0.000 0.000 0.120 0 1 0 0 0 0
 1275 172164.000 93408.000 0 0 0.000 0.000 0.000 0.120 0 1 0 0 0 0
 1276 171205.000 113806.000 0 0 0.000 0.000 0.000 0.121 0 1 0 0 0 0
 1277 166633.000 128740.000 0 0 0.000 0.000 0.000 0.120 0 1 0 0 0 0
 1278 162766.000 136456.000 0 0 0.000 0.000 0.000 0.120 0 1 0 0 0 0
 1279 160551.000 140050.000 0 0 54.000 48.000 2592.000 50.911 0 1 319 200 0 0
 1280 154741.000 147710.000 0 0 0.000 0.000 0.000 0.120 0 1 0 0 0 0
 1281 151114.000 151592.000 0 0 0.000 0.000 0.000 0.122 0 1 0 0 0 0
 1282 147401.000 155084.000 0 0 0.000 0.000 0.000 0.120 0 1 0 0 0 0
 1283 141418.000 159719.000 0 0 0.000 0.000 0.000 0.120 0 1 0 0 0 0
 1284 135636.000 163335.000 0 0 46.000 54.000 2484.000 49.839 0 1 385 200 0 0
 1285 134389.000 164022.000 0 0 44.000 56.000 2464.000 49.638 0 1 385 200 0 0
 1286 132658.000 164929.000 0 0 0.000 0.000 0.000 0.120 0 1 0 0 0 0
 1287 129365.000 166470.000 0 0 42.000 54.000 2268.000 47.623 0 1 410 200 0 0
 1288 118938.000 170294.000 0 0 0.000 0.000 0.000 0.123 0 1 0 0 0 0
 1289 98044.000 172642.000 0 0 0.000 0.000 0.000 0.121 0 1 0 0 0 0
 1290 64880.000 163556.000 0 0 0.000 0.000 0.000 0.124 0 1 0 0 0 0
 1291 55630.000 157416.000 0 0 50.000 54.000 2700.000 51.961 0 1 362 200 0 0
 1292 50377.000 152889.000 0 0 52.000 54.000 2808.000 52.990 0 1 348 200 0 0
 1293 47676.000 150237.000 0 0 54.000 52.000 2808.000 52.990 0 1 334 200 0 0
 1294 44749.000 146953.000 0 0 54.000 52.000 2808.000 52.990 0 1 334 200 0 0
 1295 44503.000 146691.000 0 0 54.000 52.000 2808.000 52.990 0 1 334 200 0 0
 1296 32226.000 125631.000 0 0 0.000 0.000 0.000 0.123 0 1 0 0 0 0
 1297 27654.000 100034.000 0 0 0.000 0.000 0.000 0.122 0 1 0 0 0 0
 1298 27693.000 97586.000 0 0 0.000 0.000 0.000 0.122 0 1 0 0 0 0
 1299 34373.000 69707.000 0 0 0.000 0.000 0.000 0.120 0 1 0 0 0 0
 1300 36510.000 65483.000 0 0 54.000 44.000 2376.000 48.744 0 1 164 200 0 0
 1301 39036.000 61238.000 0 0 0.000 0.000 0.000 0.121 0 1 0 0 0 0
 1302 39572.000 60410.000 0 0 0.000 0.000 0.000 0.120 0 1 0 0 0 0
 1303 44266.000 54053.000 0 0 0.000 0.000 0.000 0.120 0 1 0 0 0 0
 1304 46145.000 51877.000 0 0 0.000 0.000 0.000 0.121 0 1 0 0 0 0
 1305 51655.000 46319.000 0 0 0.000 0.000 0.000 0.120 0 1 0 0 0 0
 1306 84183.000 29528.000 0 0 34.000 54.000 1836.000 42.848 0 1 68 200 0 0
 1307 89849.000 28470.000 0 0 30.000 52.000 1560.000 39.496 0 1 62 200 0 0
 1308 90817.000 28314.000 0 0 30.000 52.000 1560.000 39.496 0 1 62 200 0 0
 1309 91578.000 28213.000 0 0 28.000 52.000 1456.000 38.157 0 1 62 200 0 0
 1310 91723.000 28228.000 0 0 28.000 52.000 1456.000 38.157 0 1 62 200 0 0
 1311 93480.000 28022.000 0 0 28.000 52.000 1456.000 38.157 0 1 62 200 0 0
 1312 99540.000 27674.000 0 0 0.000 0.000 0.000 0.120 0 1 0 0 0 0
 1313 109501.000 28354.000 0 0 0.000 0.000 0.000 0.120 0 1 0 0 0 0
 1314 148250.000 46004.000 0 0 0.000 0.000 0.000 0.120 0 1 0 0 0 0
 1315 152377.000 49985.000 0 0 54.000 52.000 2808.000 52.990 0 1 132 200 0 0
 1316 160801.000 60526.000 0 0 0.000 0.000 0.000 0.120 0 1 0 0 0 0
 1317 164299.000 66461.000 0 0 0.000 0.000 0.000 0.120 0 1 0 0 0 0
 1318 169619.000 79563.000 0 0 0.000 0.000 0.000 0.120 0 1 0 0 0 0
 1319 172708.000 100660.000 0 0 51.000 24.000 1224.000 34.985 0 1 239 200 0 0
 1320 170800.000 116632.000 0 0 0.000 0.000 0.000 0.124 0 1 0 0 0 0
 1321 168182.000 125248.000 0 0 56.000 40.000 2240.000 47.328 0 1 289 200 0 0
 1322 164515.000 133639.000 0 0 0.000 0.000 0.000 0.122 0 1 0 0 0 0
 1323 163469.000 135608.000 0 0 0.000 0.000 0.000 0.121 0 1 0 0 0 0
 1324 161469.000 138960.000 0 0 0.000 0.000 0.000 0.121 0 1 0 0 0 0
 1325 160325.000 140676.000 0 0 54.000 46.000 2484.000 49.839 0 1 319 200 0 0
 1326 153761.000 149079.000 0 0 54.000 50.000 2700.000 51.961 0 1 339 200 0 0
 1327 107561.000 172429.000 0 0 28.000 52.000 1456.000 38.157 0 1 434 200 0 0
 1328 103968.000 172698.000 0 0 0.000 0.000 0.000 0.120 0 1 0 0 0 0
 1329 94086.000 172565.000 0 0 0.000 0.000 0.000 0.122 0 1 0 0 0 0
 1330 50861.000 153582.000 0 0 50.000 54.000 2700.000 51.961 0 1 348 200 0 0
 1331 47195.000 149988.000 0 0 54.000 52.000 2808.000 52.990 0 1 334 200 0 0
 1332 44084.000 146425.000 0 0 54.000 50.000 2700.000 51.961 0 1 334 200 0 0
 1333 27640.000 105046.000 0 0 0.000 0.000 0.000 0.121 0 1 0 0 0 0
 1334 27496.000 97150.000 0 0 0.000 0.000 0.000 0.125 0 1 0 0 0 0
 1335 28723.000 86895.000 0 0 0.000 0.000 0.000 0.120 0 1 0 0 0 0
 1336 32616.000 73388.000 0 0 0.000 0.000 0.000 0.120 0 1 0 0 0 0
 1337 39946.000 59498.000 0 0 0.000 0.000 0.000 0.123 0 1 0 0 0 0
 1338 42221.000 56309.000 0 0 0.000 0.000 0.000 0.120 0 1 0 0 0 0
 1339 42430.000 56064.000 0 0 0.000 0.000 0.000 0.121 0 1 0 0 0 0
 1340 44580.000 53387.000 0 0 0.000 0.000 0.000 0.122 0 1 0 0 0 0
 1341 57904.000 41119.000 0 0 0.000 0.000 0.000 0.121 0 1 0 0 0 0
 1342 60699.000 39236.000 0 0 0.000 0.000 0.000 0.121 0 1 0 0 0 0
 1343 61444.000 38701.000 0 0 0.000 0.000 0.000 0.121 0 1 0 0 0 0
 1344 85331.000 29087.000 0 0 34.000 54.000 1836.000 42.848 0 1 68 200 0 0
 1345 89726.000 28278.000 0 0 30.000 52.000 1560.000 39.496 0 1 62 200 0 0
 1346 90187.000 28252.000 0 0 30.000 52.000 1560.000 39.496 0 1 62 200 0 0
 1347 93611.000 27808.000 0 0 28.000 52.000 1456.000 38.157 0 1 62 200 0 0
 1348 101765.000 27571.000 0 0 0.000 0.000 0.000 0.120 0 1 0 0 0 0
 1349 150570.000 47915.000 0 0 0.000 0.000 0.000 0.122 0 1 0 0 0 0
 1350 155236.000 52847.000 0 0 0.000 0.000 0.000 0.120 0 1 0 0 0 0
 1351 157376.000 55445.000 0 0 0.000 0.000 0.000 0.121 0 1 0 0 0 0
 1352 161054.000 60598.000 0 0 0.000 0.000 0.000 0.120 0 1 0 0 0 0
 1353 167323.000 72538.000 0 0 0.000 0.000 0.000 0.120 0 1 0 0 0 0
 1354 172771.000 100064.000 0 0 51.000 24.000 1224.000 34.985 0 1 239 200 0 0
 1355 172723.000 104048.000 0 0 0.000 0.000 0.000 0.120 0 1 0 0 0 0
 1356 170541.000 118311.000 0 0 0.000 0.000 0.000 0.123 0 1 0 0 0 0
 1357 169187.000 122956.000 0 0 0.000 0.000 0.000 0.120 0 1 0 0 0 0
 1358 168158.000 125986.000 0 0 56.000 40.000 2240.000 47.328 0 1 289 200 0 0
 1359 167091.000 128492.000 0 0 0.000 0.000 0.000 0.122 0 1 0 0 0 0
 1360 162496.000 137629.000 0 0 0.000 0.000 0.000 0.120 0 1 0 0 0 0
 1361 138304.000 162173.000 0 0 0.000 0.000 0.000 0.120 0 1 0 0 0 0
 1362 134807.000 164166.000 0 0 44.000 54.000 2376.000 48.744 0 1 385 200 0 0
 1363 128303.000 167324.000 0 0 0.000 0.000 0.000 0.122 0 1 0 0 0 0
 1364 123802.000 169021.000 0 0 0.000 0.000 0.000 0.120 0 1 0 0 0 0
 1365 123014.000 169268.000 0 0 0.000 0.000 0.000 0.120 0 1 0 0 0 0
 1366 119135.000 170477.000 0 0 0.000 0.000 0.000 0.120 0 1 0 0 0 0
 1367 107779.000 172599.000 0 0 28.000 52.000 1456.000 38.157 0 1 434 200 0 0
 1368 104856.000 172831.000 0 0 0.000 0.000 0.000 0.122 0 1 0 0 0 0
 1369 99271.000 172999.000 0 0 0.000 0.000 0.000 0.120 0 1 0 0 0 0
 1370 88036.000 171994.000 0 0 0.000 0.000 0.000 0.121 0 1 0 0 0 0
 1371 87079.000 171834.000 0 0 0.000 0.000 0.000 0.120 0 1 0 0 0 0
 1372 78252.000 169665.000 0 0 0.000 0.000 0.000 0.120 0 1 0 0 0 0
 1373 73866.000 168100.000 0 0 0.000 0.000 0.000 0.120 0 1 0 0 0 0
 1374 59153.000 160387.000 0 0 0.000 0.000 0.000 0.120 0 1 0 0 0 0
 1375 56800.000 158752.000 0 0 0.000 0.000 0.000 0.124 0 1 0 0 0 0
 1376 54054.000 156535.000 0 0 0.000 0.000 0.000 0.120 0 1 0 0 0 0
 1377 46733.000 149899.000 0 0 54.000 52.000 2808.000 52.990 0 1 334 200 0 0
 1378 45934.000 148819.000 0 0 54.000 50.000 2700.000 51.961 0 1 334 200 0 0
 1379 43823.000 146319.000 0 0 54.000 50.000 2700.000 51.961 0 1 334 200 0 0
 1380 43640.000 146145.000 0 0 54.000 50.000 2700.000 51.961 0 1 334 200 0 0
 1381 35858.000 134512.000 0 0 0.000 0.000 0.000 0.121 0 1 0 0 0 0
 1382 29608.000 118375.000 0 0 0.000 0.000 0.000 0.120 0 1 0 0 0 0
 1383 28754.000 114722.000 0 0 54.000 34.000 1836.000 42.848 0 1 272 200 0 0
 1384 28771.000 114537.000 0 0 54.000 32.000 1728.000 41.569 0 1 272 200 0 0
 1385 27325.000 97693.000 0 0 0.000 0.000 0.000 0.120 0 1 0 0 0 0
 1386 27716.000 92432.000 0 0 0.000 0.000 0.000 0.121 0 1 0 0 0 0
 1387 27841.000 91192.000 0 0 0.000 0.000 0.000 0.120 0 1 0 0 0 0
 1388 31663.000 75434.000 0 0 0.000 0.000 0.000 0.120 0 1 0 0 0 0
 1389 47179.000 50207.000 0 0 0.000 0.000 0.000 0.120 0 1 0 0 0 0
 1390 48633.000 48744.000 0 0 0.000 0.000 0.000 0.120 0 1 0 0 0 0
 1391 52137.000 45439.000 0 0 0.000 0.000 0.000 0.120 0 1 0 0 0 0
 1392 58881.000 40180.000 0 0 0.000 0.000 0.000 0.120 0 1 0 0 0 0
 1393 65713.000 36033.000 0 0 0.000 0.000 0.000 0.120 0 1 0 0 0 0
 1394 84499.000 29114.000 0 0 34.000 54.000 1836.000 42.848 0 1 68 200 0 0
 1395 88800.000 28274.000 0 0 0.000 0.000 0.000 0.121 0 1 0 0 0 0
 1396 91223.000 27912.000 0 0 30.000 52.000 1560.000 39.496 0 1 62 200 0 0
 1397 92027.000 27843.000 0 0 28.000 52.000 1456.000 38.157 0 1 62 200 0 0
 1398 113511.000 28641.000 0 0 0.000 0.000 0.000 0.121 0 1 0 0 0 0
 1399 128867.000 33275.000 0 0 0.000 0.000 0.000 0.120 0 1 0 0 0 0
 1400 156092.000 53576.000 0 0 54.000 50.000 2700.000 51.961 0 1 139 200 0 0
 1401 165655.000 68414.000 0 0 0.000 0.000 0.000 0.123 0 1 0 0 0 0
 1402 166446.000 70012.000 0 0 0.000 0.000 0.000 0.120 0 1 0 0 0 0
 1403 172917.000 97069.000 0 0 50.000 26.000 1300.000 36.055 0 1 230 200 0 0
 1404 172028.000 112869.000 0 0 0.000 0.000 0.000 0.127 0 1 0 0 0 0
 1405 171270.000 116066.000 0 0 0.000 0.000 0.000 0.120 0 1 0 0 0 0
 1406 170515.000 118961.000 0 0 0.000 0.000 0.000 0.120 0 1 0 0 0 0
 1407 163906.000 135456.000 0 0 0.000 0.000 0.000 0.122 0 1 0 0 0 0
 1408 161116.000 140116.000 0 0 54.000 48.000 2592.000 50.911 0 1 319 200 0 0
 1409 156761.000 146033.000 0 0 54.000 50.000 2700.000 51.961 0 1 333 200 0 0
 1410 155953.000 147066.000 0 0 0.000 0.000 0.000 0.121 0 1 0 0 0 0
 1411 145016.000 157656.000 0 0 0.000 0.000 0.000 0.121 0 1 0 0 0 0
 1412 140483.000 160927.000 0 0 0.000 0.000 0.000 0.121 0 1 0 0 0 0
 1413 125287.000 168661.000 0 0 0.000 0.000 0.000 0.120 0 1 0 0 0 0
 1414 122049.000 169779.000 0 0 0.000 0.000 0.000 0.120 0 1 0 0 0 0
 1415 93473.000 172850.000 0 0 0.000 0.000 0.000 0.120 0 1 0 0 0 0
 1416 77091.000 169411.000 0 0 0.000 0.000 0.000 0.122 0 1 0 0 0 0
 1417 61757.000 162428.000 0 0 0.000 0.000 0.000 0.121 0 1 0 0 0 0
 1418 49717.000 152960.000 0 0 52.000 54.000 2808.000 52.990 0 1 348 200 0 0
 1419 46486.000 149762.000 0 0 54.000 52.000 2808.000 52.990 0 1 334 200 0 0
 1420 46315.000 149500.000 0 0 54.000 50.000 2700.000 51.961 0 1 334 200 0 0
 1421 45635.000 148725.000 0 0 54.000 50.000 2700.000 51.961 0 1 334 200 0 0
 1422 45204.000 148261.000 0 0 52.000 52.000 2704.000 52.000 0 1 334 200 0 0
 1423 44506.000 147442.000 0 0 53.000 52.000 2756.000 52.497 0 1 334 200 0 0
 1424 43356.000 146073.000 0 0 54.000 50.000 2700.000 51.961 0 1 334 200 0 0
 1425 40657.000 142572.000 0 0 54.000 48.000 2592.000 50.911 0 1 316 200 0 0
 1426 38893.000 140161.000 0 0 54.000 48.000 2592.000 50.911 0 1 316 200 0 0
 1427 28580.000 114625.000 0 0 54.000 34.000 1836.000 42.848 0 1 272 200 0 0
 1428 27752.000 109896.000 0 0 0.000 0.000 0.000 0.120 0 1 0 0 0 0
 1429 27433.000 107010.000 0 0 0.000 0.000 0.000 0.120 0 1 0 0 0 0
 1430 27389.000 106318.000 0 0 0.000 0.000 0.000 0.121 0 1 0 0 0 0
 1431 27157.000 101172.000 0 0 0.000 0.000 0.000 0.120 0 1 0 0 0 0
 1432 27146.000 100399.000 0 0 0.000 0.000 0.000 0.122 0 1 0 0 0 0
 1433 27122.000 98955.000 0 0 0.000 0.000 0.000 0.122 0 1 0 0 0 0
 1434 39371.000 59806.000 0 0 0.000 0.000 0.000 0.120 0 1 0 0 0 0
 1435 40520.000 58083.000 0 0 0.000 0.000 0.000 0.121 0 1 0 0 0 0
 1436 47531.000 49610.000 0 0 0.000 0.000 0.000 0.120 0 1 0 0 0 0
 1437 47858.000 49265.000 0 0 0.000 0.000 0.000 0.120 0 1 0 0 0 0
 1438 56253.000 41905.000 0 0 0.000 0.000 0.000 0.123 0 1 0 0 0 0
 1439 58609.000 40167.000 0 0 0.000 0.000 0.000 0.120 0 1 0 0 0 0
 1440 84928.000 28766.000 0 0 34.000 54.000 1836.000 42.848 0 1 68 200 0 0
 1441 85230.000 28774.000 0 0 34.000 54.000 1836.000 42.848 0 1 68 200 0 0
 1442 87439.000 28209.000 0 0 0.000 0.000 0.000 0.125 0 1 0 0 0 0
 1443 87691.000 28275.000 0 0 0.000 0.000 0.000 0.120 0 1 0 0 0 0
 1444 92527.000 27621.000 0 0 28.000 52.000 1456.000 38.157 0 1 62 200 0 0
 1445 132714.000 34903.000 0 0 0.000 0.000 0.000 0.120 0 1 0 0 0 0
 1446 140059.000 39120.000 0 0 0.000 0.000 0.000 0.123 0 1 0 0 0 0
 1447 147622.000 44750.000 0 0 0.000 0.000 0.000 0.120 0 1 0 0 0 0
 1448 147790.000 44930.000 0 0 0.000 0.000 0.000 0.120 0 1 0 0 0 0
 1449 151616.000 48443.000 0 0 0.000 0.000 0.000 0.120 0 1 0 0 0 0
 1450 153174.000 49861.000 0 0 54.000 52.000 2808.000 52.990 0 1 132 200 0 0
 1451 160678.000 59439.000 0 0 0.000 0.000 0.000 0.121 0 1 0 0 0 0
 1452 164987.000 66684.000 0 0 0.000 0.000 0.000 0.123 0 1 0 0 0 0
 1453 173107.000 97187.000 0 0 50.000 24.000 1200.000 34.641 0 1 230 200 0 0
 1454 173090.000 97759.000 0 0 50.000 24.000 1200.000 34.641 0 1 230 200 0 0
 1455 173208.000 100786.000 0 0 51.000 24.000 1224.000 34.985 0 1 239 200 0 0
 1456 172972.000 105429.000 0 0 0.000 0.000 0.000 0.123 0 1 0 0 0 0
 1457 172364.000 110990.000 0 0 0.000 0.000 0.000 0.120 0 1 0 0 0 0
 1458 168254.000 126562.000 0 0 56.000 42.000 2352.000 48.497 0 1 289 200 0 0
 1459 168092.000 126950.000 0 0 56.000 42.000 2352.000 48.497 0 1 289 200 0 0
 1460 163755.000 136077.000 0 0 0.000 0.000 0.000 0.123 0 1 0 0 0 0
 1461 162835.000 137725.000 0 0 0.000 0.000 0.000 0.120 0 1 0 0 0 0
 1462 161476.000 139871.000 0 0 54.000 48.000 2592.000 50.911 0 1 319 200 0 0
 1463 154268.000 149224.000 0 0 54.000 50.000 2700.000 51.961 0 1 339 200 0 0
 1464 151843.000 151853.000 0 0 0.000 0.000 0.000 0.120 0 1 0 0 0 0
 1465 149905.000 153709.000 0 0 52.000 54.000 2808.000 52.990 0 1 355 200 0 0
 1466 132758.000 165627.000 0 0 0.000 0.000 0.000 0.122 0 1 0 0 0 0
 1467 129908.000 166959.000 0 0 42.000 54.000 2268.000 47.623 0 1 410 200 0 0
 1468 127137.000 168121.000 0 0 0.000 0.000 0.000 0.120 0 1 0 0 0 0
 1469 125404.000 168778.000 0 0 0.000 0.000 0.000 0.120 0 1 0 0 0 0
 1470 120023.000 170587.000 0 0 0.000 0.000 0.000 0.121 0 1 0 0 0 0
 1471 117032.000 171340.000 0 0 0.000 0.000 0.000 0.120 0 1 0 0 0 0
 1472 114056.000 171968.000 0 0 0.000 0.000 0.000 0.122 0 1 0 0 0 0
 1473 113524.000 172112.000 0 0 0.000 0.000 0.000 0.120 0 1 0 0 0 0
 1474 109735.000 172665.000 0 0 0.000 0.000 0.000 0.121 0 1 0 0 0 0
 1475 104697.000 173192.000 0 0 0.000 0.000 0.000 0.122 0 1 0 0 0 0
 1476 96838.000 173245.000 0 0 0.000 0.000 0.000 0.121 0 1 0 0 0 0
 1477 86543.000 172063.000 0 0 0.000 0.000 0.000 0.120 0 1 0 0 0 0
 1478 55175.000 157915.000 0 0 50.000 54.000 2700.000 51.961 0 1 362 200 0 0
 1479 50927.000 154358.000 0 0 50.000 54.000 2700.000 51.961 0 1 348 200 0 0
 1480 49133.000 152689.000 0 0 52.000 52.000 2704.000 52.000 0 1 348 200 0 0
 1481 47930.000 151507.000 0 0 52.000 52.000 2704.000 52.000 0 1 348 200 0 0
 1482 45056.000 148363.000 0 0 52.000 52.000 2704.000 52.000 0 1 334 200 0 0
 1483 41884.000 144460.000 0 0 0.000 0.000 0.000 0.122 0 1 0 0 0 0
 1484 40599.000 142729.000 0 0 56.000 48.000 2688.000 51.845 0 1 316 200 0 0
 1485 40099.000 142031.000 0 0 54.000 48.000 2592.000 50.911 0 1 316 200 0 0
 1486 39712.000 141460.000 0 0 54.000 48.000 2592.000 50.911 0 1 316 200 0 0
 1487 39461.000 141088.000 0 0 54.000 48.000 2592.000 50.911 0 1 316 200 0 0
 1488 29296.000 118484.000 0 0 0.000 0.000 0.000 0.121 0 1 0 0 0 0
 1489 27047.000 103241.000 0 0 0.000 0.000 0.000 0.121 0 1 0 0 0 0
 1490 26848.000 98759.000 0 0 0.000 0.000 0.000 0.122 0 1 0 0 0 0
 1491 30415.000 78021.000 0 0 0.000 0.000 0.000 0.121 0 1 0 0 0 0
 1492 30477.000 77647.000 0 0 0.000 0.000 0.000 0.122 0 1 0 0 0 0
 1493 35846.000 65256.000 0 0 54.000 44.000 2376.000 48.744 0 1 164 200 0 0
 1494 37895.000 61738.000 0 0 0.000 0.000 0.000 0.120 0 1 0 0 0 0
 1495 40553.000 57723.000 0 0 0.000 0.000 0.000 0.120 0 1 0 0 0 0
 1496 59323.000 39522.000 0 0 0.000 0.000 0.000 0.120 0 1 0 0 0 0
 1497 77453.000 30652.000 0 0 0.000 0.000 0.000 0.120 0 1 0 0 0 0
 1498 83213.000 29021.000 0 0 34.000 54.000 1836.000 42.848 0 1 68 200 0 0
 1499 84742.000 28704.000 0 0 34.000 54.000 1836.000 42.848 0 1 68 200 0 0
 1500 87536.000 28133.000 0 0 0.000 0.000 0.000 0.120 0 1 0 0 0 0
 1501 93538.000 27335.000 0 0 28.000 52.000 1456.000 38.157 0 1 62 200 0 0
 1502 97128.000 27084.000 0 0 0.000 0.000 0.000 0.123 0 1 0 0 0 0
 1503 106512.000 27323.000 0 0 0.000 0.000 0.000 0.120 0 1 0 0 0 0
 1504 139513.000 38542.000 0 0 0.000 0.000 0.000 0.124 0 1 0 0 0 0
 1505 142610.000 40659.000 0 0 0.000 0.000 0.000 0.120 0 1 0 0 0 0
 1506 142745.000 40736.000 0 0 0.000 0.000 0.000 0.120 0 1 0 0 0 0
 1507 145394.000 42723.000 0 0 0.000 0.000 0.000 0.122 0 1 0 0 0 0
 1508 145916.000 43155.000 0 0 0.000 0.000 0.000 0.122 0 1 0 0 0 0
 1509 148325.000 45191.000 0 0 0.000 0.000 0.000 0.120 0 1 0 0 0 0
 1510 153313.000 49981.000 0 0 54.000 52.000 2808.000 52.990 0 1 132 200 0 0
 1511 157708.000 55051.000 0 0 0.000 0.000 0.000 0.122 0 1 0 0 0 0
 1512 163497.000 63620.000 0 0 0.000 0.000 0.000 0.121 0 1 0 0 0 0
 1513 167662.000 72000.000 0 0 0.000 0.000 0.000 0.120 0 1 0 0 0 0
 1514 168583.000 74386.000 0 0 0.000 0.000 0.000 0.123 0 1 0 0 0 0
 1515 172160.000 87156.000 0 0 0.000 0.000 0.000 0.123 0 1 0 0 0 0
 1516 173237.000 96570.000 0 0 50.000 26.000 1300.000 36.055 0 1 230 200 0 0
 1517 173289.000 102414.000 0 0 50.000 24.000 1200.000 34.641 0 1 239 200 0 0
 1518 172643.000 110198.000 0 0 0.000 0.000 0.000 0.122 0 1 0 0 0 0
 1519 171265.000 117432.000 0 0 0.000 0.000 0.000 0.121 0 1 0 0 0 0
 1520 163200.000 137433.000 0 0 0.000 0.000 0.000 0.120 0 1 0 0 0 0
 1521 160781.000 141265.000 0 0 54.000 48.000 2592.000 50.911 0 1 319 200 0 0
 1522 150572.000 153297.000 0 0 52.000 54.000 2808.000 52.990 0 1 355 200 0 0
 1523 139054.000 162273.000 0 0 0.000 0.000 0.000 0.120 0 1 0 0 0 0
 1524 132377.000 166011.000 0 0 0.000 0.000 0.000 0.120 0 1 0 0 0 0
 1525 130149.000 167044.000 0 0 42.000 54.000 2268.000 47.623 0 1 410 200 0 0
 1526 128564.000 167737.000 0 0 0.000 0.000 0.000 0.120 0 1 0 0 0 0
 1527 119126.000 170980.000 0 0 0.000 0.000 0.000 0.120 0 1 0 0 0 0
 1528 108345.000 173038.000 0 0 28.000 52.000 1456.000 38.157 0 1 434 200 0 0
 1529 97384.000 173458.000 0 0 0.000 0.000 0.000 0.120 0 1 0 0 0 0
 1530 95077.000 173319.000 0 0 0.000 0.000 0.000 0.121 0 1 0 0 0 0
 1531 79089.000 170433.000 0 0 0.000 0.000 0.000 0.120 0 1 0 0 0 0
 1532 76466.000 169608.000 0 0 0.000 0.000 0.000 0.120 0 1 0 0 0 0
 1533 56577.000 159155.000 0 0 0.000 0.000 0.000 0.120 0 1 0 0 0 0
 1534 49432.000 153122.000 0 0 52.000 54.000 2808.000 52.990 0 1 348 200 0 0
 1535 45230.000 148812.000 0 0 52.000 50.000 2600.000 50.990 0 1 334 200 0 0
 1536 42268.000 145197.000 0 0 0.000 0.000 0.000 0.121 0 1 0 0 0 0
 1537 40534.000 142906.000 0 0 56.000 48.000 2688.000 51.845 0 1 316 200 0 0
 1538 29499.000 119932.000 0 0 0.000 0.000 0.000 0.122 0 1 0 0 0 0
 1539 28150.000 114192.000 0 0 54.000 32.000 1728.000 41.569 0 1 272 200 0 0
 1540 27122.000 107452.000 0 0 0.000 0.000 0.000 0.123 0 1 0 0 0 0
 1541 26959.000 95368.000 0 0 0.000 0.000 0.000 0.120 0 1 0 0 0 0
 1542 28608.000 84066.000 0 0 54.000 34.000 1836.000 42.848 0 1 208 200 0 0
 1543 29600.000 80063.000 0 0 0.000 0.000 0.000 0.121 0 1 0 0 0 0
 1544 31195.000 75182.000 0 0 0.000 0.000 0.000 0.120 0 1 0 0 0 0
 1545 33804.000 68920.000 0 0 0.000 0.000 0.000 0.121 0 1 0 0 0 0
 1546 36046.000 64548.000 0 0 54.000 46.000 2484.000 49.839 0 1 164 200 0 0
 1547 36160.000 64382.000 0 0 54.000 46.000 2484.000 49.839 0 1 164 200 0 0
 1548 36512.000 63677.000 0 0 54.000 46.000 2484.000 49.839 0 1 164 200 0 0
 1549 38140.000 60979.000 0 0 0.000 0.000 0.000 0.120 0 1 0 0 0 0
 1550 48542.000 48100.000 0 0 0.000 0.000 0.000 0.122 0 1 0 0 0 0
 1551 52437.000 44474.000 0 0 0.000 0.000 0.000 0.121 0 1 0 0 0 0
 1552 52715.000 44264.000 0 0 0.000 0.000 0.000 0.120 0 1 0 0 0 0
 1553 62927.000 37065.000 0 0 0.000 0.000 0.000 0.120 0 1 0 0 0 0
 1554 76702.000 30740.000 0 0 0.000 0.000 0.000 0.120 0 1 0 0 0 0
 1555 83763.000 28732.000 0 0 34.000 54.000 1836.000 42.848 0 1 68 200 0 0
 1556 100771.000 26884.000 0 0 0.000 0.000 0.000 0.121 0 1 0 0 0 0
 1557 109443.000 27469.000 0 0 0.000 0.000 0.000 0.120 0 1 0 0 0 0
 1558 134837.000 35632.000 0 0 0.000 0.000 0.000 0.123 0 1 0 0 0 0
 1559 144602.000 41900.000 0 0 0.000 0.000 0.000 0.121 0 1 0 0 0 0
 1560 144634.000 41915.000 0 0 0.000 0.000 0.000 0.120 0 1 0 0 0 0
 1561 151667.000 48033.000 0 0 0.000 0.000 0.000 0.120 0 1 0 0 0 0
 1562 159424.000 57066.000 0 0 56.000 48.000 2688.000 51.845 0 1 146 200 0 0
 1563 164121.000 64372.000 0 0 0.000 0.000 0.000 0.122 0 1 0 0 0 0
 1564 164788.000 65592.000 0 0 0.000 0.000 0.000 0.122 0 1 0 0 0 0
 1565 171167.000 81855.000 0 0 0.000 0.000 0.000 0.123 0 1 0 0 0 0
 1566 172785.000 90226.000 0 0 0.000 0.000 0.000 0.121 0 1 0 0 0 0
 1567 173474.000 101797.000 0 0 50.000 24.000 1200.000 34.641 0 1 239 200 0 0
 1568 173458.000 102367.000 0 0 50.000 24.000 1200.000 34.641 0 1 239 200 0 0
 1569 173239.000 106283.000 0 0 0.000 0.000 0.000 0.122 0 1 0 0 0 0
 1570 169061.000 125516.000 0 0 0.000 0.000 0.000 0.122 0 1 0 0 0 0
 1571 158214.000 145336.000 0 0 0.000 0.000 0.000 0.127 0 1 0 0 0 0
 1572 154231.000 149851.000 0 0 54.000 50.000 2700.000 51.961 0 1 339 200 0 0
 1573 153021.000 151114.000 0 0 53.000 52.000 2756.000 52.497 0 1 339 200 0 0
 1574 150325.000 153794.000 0 0 52.000 54.000 2808.000 52.990 0 1 355 200 0 0
 1575 148773.000 155204.000 0 0 0.000 0.000 0.000 0.122 0 1 0 0 0 0
 1576 146952.000 156756.000 0 0 0.000 0.000 0.000 0.120 0 1 0 0 0 0
 1577 136111.000 164221.000 0 0 46.000 54.000 2484.000 49.839 0 1 395 200 0 0
 1578 116379.000 171833.000 0 0 0.000 0.000 0.000 0.121 0 1 0 0 0 0
 1579 108463.000 173174.000 0 0 28.000 52.000 1456.000 38.157 0 1 434 200 0 0
 1580 91271.000 173138.000 0 0 28.000 52.000 1456.000 38.157 0 1 441 210 0 0
 1581 84577.000 171987.000 0 0 0.000 0.000 0.000 0.121 0 1 0 0 0 0
 1582 48148.000 152106.000 0 0 52.000 52.000 2704.000 52.000 0 1 348 200 0 0
 1583 44400.000 148155.000 0 0 52.000 52.000 2704.000 52.000 0 1 334 200 0 0
 1584 43845.000 147417.000 0 0 54.000 52.000 2808.000 52.990 0 1 334 200 0 0
 1585 41961.000 145057.000 0 0 0.000 0.000 0.000 0.120 0 1 0 0 0 0
 1586 40761.000 143623.000 0 0 56.000 48.000 2688.000 51.845 0 1 316 200 0 0
 1587 39538.000 141942.000 0 0 54.000 48.000 2592.000 50.911 0 1 316 200 0 0
 1588 29686.000 121126.000 0 0 0.000 0.000 0.000 0.122 0 1 0 0 0 0
 1589 27773.000 113175.000 0 0 0.000 0.000 0.000 0.121 0 1 0 0 0 0
 1590 26623.000 99981.000 0 0 0.000 0.000 0.000 0.120 0 1 0 0 0 0
 1591 41583.000 55784.000 0 0 0.000 0.000 0.000 0.122 0 1 0 0 0 0
 1592 44151.000 52542.000 0 0 0.000 0.000 0.000 0.121 0 1 0 0 0 0
 1593 46276.000 50120.000 0 0 0.000 0.000 0.000 0.120 0 1 0 0 0 0
 1594 80750.000 29323.000 0 0 36.000 56.000 2016.000 44.899 0 1 69 200 0 0
 1595 84012.000 28477.000 0 0 34.000 54.000 1836.000 42.848 0 1 68 200 0 0
 1596 93071.000 27058.000 0 0 28.000 52.000 1456.000 38.157 0 1 62 200 0 0
 1597 94426.000 26963.000 0 0 0.000 0.000 0.000 0.122 0 1 0 0 0 0
 1598 103879.000 26813.000 0 0 0.000 0.000 0.000 0.123 0 1 0 0 0 0
 1599 141250.000 39288.000 0 0 0.000 0.000 0.000 0.121 0 1 0 0 0 0
 1600 149287.000 45585.000 0 0 0.000 0.000 0.000 0.125 0 1 0 0 0 0
 1601 155376.000 51759.000 0 0 52.000 52.000 2704.000 52.000 0 1 131 200 0 0
 1602 156554.000 53113.000 0 0 54.000 50.000 2700.000 51.961 0 1 139 200 0 0
 1603 156591.000 53114.000 0 0 54.000 50.000 2700.000 51.961 0 1 139 200 0 0
 1604 159641.000 57088.000 0 0 56.000 48.000 2688.000 51.845 0 1 146 200 0 0
 1605 171154.000 81262.000 0 0 0.000 0.000 0.000 0.121 0 1 0 0 0 0
 1606 173614.000 97946.000 0 0 50.000 24.000 1200.000 34.641 0 1 230 200 0 0
 1607 173690.000 101370.000 0 0 50.000 24.000 1200.000 34.641 0 1 239 200 0 0
 1608 168253.000 127983.000 0 0 0.000 0.000 0.000 0.120 0 1 0 0 0 0
 1609 160786.000 141881.000 0 0 54.000 48.000 2592.000 50.911 0 1 319 200 0 0
 1610 158009.000 145637.000 0 0 0.000 0.000 0.000 0.122 0 1 0 0 0 0
 1611 157200.000 146656.000 0 0 54.000 50.000 2700.000 51.961 0 1 333 200 0 0
 1612 154231.000 150119.000 0 0 54.000 50.000 2700.000 51.961 0 1 339 200 0 0
 1613 153359.000 151032.000 0 0 54.000 52.000 2808.000 52.990 0 1 339 200 0 0
 1614 145057.000 158541.000 0 0 0.000 0.000 0.000 0.122 0 1 0 0 0 0
 1615 143167.000 159931.000 0 0 0.000 0.000 0.000 0.120 0 1 0 0 0 0
 1616 138304.000 163114.000 0 0 0.000 0.000 0.000 0.122 0 1 0 0 0 0
 1617 135421.000 164810.000 0 0 44.000 54.000 2376.000 48.744 0 1 395 200 0 0
 1618 130809.000 167125.000 0 0 42.000 56.000 2352.000 48.497 0 1 410 200 0 0
 1619 128101.000 168285.000 0 0 0.000 0.000 0.000 0.121 0 1 0 0 0 0
 1620 122445.000 170341.000 0 0 0.000 0.000 0.000 0.122 0 1 0 0 0 0
 1621 122048.000 170417.000 0 0 0.000 0.000 0.000 0.121 0 1 0 0 0 0
 1622 120252.000 171011.000 0 0 0.000 0.000 0.000 0.120 0 1 0 0 0 0
 1623 112629.000 172760.000 0 0 32.000 54.000 1728.000 41.569 0 1 436 200 0 0
 1624 111816.000 172882.000 0 0 32.000 52.000 1664.000 40.792 0 1 436 200 0 0
 1625 109055.000 173260.000 0 0 30.000 52.000 1560.000 39.496 0 1 434 200 0 0
 1626 92849.000 173475.000 0 0 0.000 0.000 0.000 0.121 0 1 0 0 0 0
 1627 73369.000 168800.000 0 0 0.000 0.000 0.000 0.121 0 1 0 0 0 0
 1628 56248.000 159368.000 0 0 0.000 0.000 0.000 0.120 0 1 0 0 0 0
 1629 48556.000 152826.000 0 0 52.000 52.000 2704.000 52.000 0 1 348 200 0 0
 1630 44452.000 148460.000 0 0 52.000 52.000 2704.000 52.000 0 1 334 200 0 0
 1631 38173.000 140020.000 0 0 54.000 48.000 2592.000 50.911 0 1 316 200 0 0
 1632 34423.000 133607.000 0 0 56.000 44.000 2464.000 49.638 0 1 304 200 0 0
 1633 27966.000 114990.000 0 0 54.000 34.000 1836.000 42.848 0 1 272 200 0 0
 1634 26552.000 105745.000 0 0 0.000 0.000 0.000 0.128 0 1 0 0 0 0
 1635 26460.000 101022.000 0 0 0.000 0.000 0.000 0.122 0 1 0 0 0 0
 1636 27482.000 87924.000 0 0 0.000 0.000 0.000 0.120 0 1 0 0 0 0
 1637 27547.000 87544.000 0 0 0.000 0.000 0.000 0.121 0 1 0 0 0 0
 1638 27753.000 86351.000 0 0 0.000 0.000 0.000 0.121 0 1 0 0 0 0
 1639 28169.000 84520.000 0 0 54.000 34.000 1836.000 42.848 0 1 208 200 0 0
 1640 28871.000 81595.000 0 0 0.000 0.000 0.000 0.120 0 1 0 0 0 0
 1641 37489.000 61369.000 0 0 0.000 0.000 0.000 0.120 0 1 0 0 0 0
 1642 45479.000 50801.000 0 0 0.000 0.000 0.000 0.120 0 1 0 0 0 0
 1643 50273.000 46006.000 0 0 0.000 0.000 0.000 0.121 0 1 0 0 0 0
 1644 58859.000 39187.000 0 0 0.000 0.000 0.000 0.122 0 1 0 0 0 0
 1645 80988.000 29077.000 0 0 36.000 56.000 2016.000 44.899 0 1 69 200 0 0
 1646 81180.000 29030.000 0 0 36.000 56.000 2016.000 44.899 0 1 69 200 0 0
 1647 112850.000 27686.000 0 0 0.000 0.000 0.000 0.120 0 1 0 0 0 0
 1648 139478.000 37915.000 0 0 0.000 0.000 0.000 0.122 0 1 0 0 0 0
 1649 144089.000 41056.000 0 0 0.000 0.000 0.000 0.120 0 1 0 0 0 0
 1650 154519.000 50475.000 0 0 0.000 0.000 0.000 0.120 0 1 0 0 0 0
 1651 155466.000 51544.000 0 0 52.000 52.000 2704.000 52.000 0 1 131 200 0 0
 1652 167393.000 70112.000 0 0 0.000 0.000 0.000 0.120 0 1 0 0 0 0
 1653 172908.000 88658.000 0 0 0.000 0.000 0.000 0.120 0 1 0 0 0 0
 1654 173852.000 98900.000 0 0 51.000 24.000 1224.000 34.985 0 1 235 210 0 0
 1655 173683.000 105018.000 0 0 0.000 0.000 0.000 0.120 0 1 0 0 0 0
 1656 172773.000 112777.000 0 0 0.000 0.000 0.000 0.121 0 1 0 0 0 0
 1657 171909.000 116897.000 0 0 0.000 0.000 0.000 0.121 0 1 0 0 0 0
 1658 170705.000 121480.000 0 0 0.000 0.000 0.000 0.120 0 1 0 0 0 0
 1659 169757.000 124475.000 0 0 0.000 0.000 0.000 0.120 0 1 0 0 0 0
 1660 166277.000 132833.000 0 0 0.000 0.000 0.000 0.124 0 1 0 0 0 0
 1661 160514.000 142532.000 0 0 54.000 48.000 2592.000 50.911 0 1 319 200 0 0
 1662 160075.000 143121.000 0 0 54.000 48.000 2592.000 50.911 0 1 319 200 0 0
 1663 153877.000 150716.000 0 0 54.000 52.000 2808.000 52.990 0 1 339 200 0 0
 1664 150297.000 154264.000 0 0 50.000 54.000 2700.000 51.961 0 1 355 200 0 0
 1665 149793.000 154729.000 0 0 50.000 54.000 2700.000 51.961 0 1 355 200 0 0
 1666 144107.000 159439.000 0 0 0.000 0.000 0.000 0.120 0 1 0 0 0 0
 1667 137556.000 163789.000 0 0 0.000 0.000 0.000 0.121 0 1 0 0 0 0
 1668 137145.000 164061.000 0 0 0.000 0.000 0.000 0.121 0 1 0 0 0 0
 1669 135058.000 165192.000 0 0 44.000 56.000 2464.000 49.638 0 1 395 200 0 0
 1670 111332.000 173127.000 0 0 30.000 52.000 1560.000 39.496 0 1 436 200 0 0
 1671 74627.000 169487.000 0 0 0.000 0.000 0.000 0.120 0 1 0 0 0 0
 1672 59150.000 161636.000 0 0 48.000 54.000 2592.000 50.911 0 1 383 200 0 0
 1673 48346.000 152844.000 0 0 52.000 52.000 2704.000 52.000 0 1 348 200 0 0
 1674 47870.000 152354.000 0 0 52.000 52.000 2704.000 52.000 0 1 348 200 0 0
 1675 46287.000 150716.000 0 0 0.000 0.000 0.000 0.120 0 1 0 0 0 0
 1676 43351.000 147419.000 0 0 54.000 52.000 2808.000 52.990 0 1 334 200 0 0
 1677 40590.000 143888.000 0 0 56.000 48.000 2688.000 51.845 0 1 316 200 0 0
 1678 39617.000 142747.000 0 0 54.000 48.000 2592.000 50.911 0 1 316 200 0 0
 1679 39208.000 141937.000 0 0 54.000 48.000 2592.000 50.911 0 1 316 200 0 0
 1680 36820.000 138161.000 0 0 56.000 46.000 2576.000 50.754 0 1 307 200 0 0
 1681 35472.000 135804.000 0 0 0.000 0.000 0.000 0.120 0 1 0 0 0 0
 1682 27900.000 115578.000 0 0 54.000 34.000 1836.000 42.848 0 1 272 200 0 0
 1683 26630.000 107276.000 0 0 0.000 0.000 0.000 0.120 0 1 0 0 0 0
 1684 26670.000 92536.000 0 0 0.000 0.000 0.000 0.126 0 1 0 0 0 0
 1685 27894.000 84724.000 0 0 54.000 34.000 1836.000 42.848 0 1 208 200 0 0
 1686 28916.000 80594.000 0 0 0.000 0.000 0.000 0.121 0 1 0 0 0 0
 1687 31235.000 73627.000 0 0 0.000 0.000 0.000 0.120 0 1 0 0 0 0
 1688 32370.000 70849.000 0 0 0.000 0.000 0.000 0.121 0 1 0 0 0 0
 1689 33857.000 67646.000 0 0 0.000 0.000 0.000 0.120 0 1 0 0 0 0
 1690 36029.000 63529.000 0 0 54.000 46.000 2484.000 49.839 0 1 164 200 0 0
 1691 46875.000 49062.000 0 0 0.000 0.000 0.000 0.123 0 1 0 0 0 0
 1692 49640.000 46316.000 0 0 0.000 0.000 0.000 0.122 0 1 0 0 0 0
 1693 82836.000 28400.000 0 0 34.000 54.000 1836.000 42.848 0 1 68 200 0 0
 1694 82980.000 28376.000 0 0 34.000 54.000 1836.000 42.848 0 1 68 200 0 0
 1695 107737.000 26802.000 0 0 0.000 0.000 0.000 0.120 0 1 0 0 0 0
 1696 117378.000 28424.000 0 0 34.000 54.000 1836.000 42.848 0 1 67 210 0 0
 1697 147526.000 43621.000 0 0 0.000 0.000 0.000 0.120 0 1 0 0 0 0
 1698 157012.000 53150.000 0 0 54.000 50.000 2700.000 51.961 0 1 139 200 0 0
 1699 157111.000 53256.000 0 0 54.000 50.000 2700.000 51.961 0 1 139 200 0 0
 1700 159509.000 56374.000 0 0 56.000 48.000 2688.000 51.845 0 1 146 200 0 0
 1701 164432.000 63899.000 0 0 0.000 0.000 0.000 0.121 0 1 0 0 0 0
 1702 171376.000 80663.000 0 0 0.000 0.000 0.000 0.121 0 1 0 0 0 0
 1703 172088.000 83625.000 0 0 0.000 0.000 0.000 0.120 0 1 0 0 0 0
 1704 173834.000 105334.000 0 0 0.000 0.000 0.000 0.122 0 1 0 0 0 0
 1705 173743.000 106599.000 0 0 0.000 0.000 0.000 0.121 0 1 0 0 0 0
 1706 172941.000 112652.000 0 0 0.000 0.000 0.000 0.122 0 1 0 0 0 0
 1707 171879.000 117923.000 0 0 0.000 0.000 0.000 0.120 0 1 0 0 0 0
 1708 159836.000 143708.000 0 0 56.000 48.000 2688.000 51.845 0 1 319 200 0 0
 1709 151259.000 153602.000 0 0 52.000 54.000 2808.000 52.990 0 1 355 200 0 0
 1710 144336.000 159479.000 0 0 0.000 0.000 0.000 0.121 0 1 0 0 0 0
 1711 135999.000 164855.000 0 0 46.000 54.000 2484.000 49.839 0 1 395 200 0 0
 1712 130376.000 167696.000 0 0 42.000 54.000 2268.000 47.623 0 1 410 200 0 0
 1713 125953.000 169486.000 0 0 0.000 0.000 0.000 0.120 0 1 0 0 0 0
 1714 118264.000 171937.000 0 0 0.000 0.000 0.000 0.120 0 1 0 0 0 0
 1715 100896.000 174180.000 0 0 0.000 0.000 0.000 0.123 0 1 0 0 0 0
 1716 92077.000 173755.000 0 0 0.000 0.000 0.000 0.124 0 1 0 0 0 0
 1717 90914.000 173609.000 0 0 30.000 52.000 1560.000 39.496 0 1 441 210 0 0
 1718 89089.000 173364.000 0 0 0.000 0.000 0.000 0.122 0 1 0 0 0 0
 1719 57856.000 160926.000 0 0 0.000 0.000 0.000 0.120 0 1 0 0 0 0
 1720 57560.000 160724.000 0 0 0.000 0.000 0.000 0.120 0 1 0 0 0 0
 1721 47984.000 152715.000 0 0 52.000 52.000 2704.000 52.000 0 1 348 200 0 0
 1722 46718.000 151415.000 0 0 0.000 0.000 0.000 0.121 0 1 0 0 0 0
 1723 38766.000 141560.000 0 0 54.000 48.000 2592.000 50.911 0 1 316 200 0 0
 1724 36992.000 139019.000 0 0 56.000 48.000 2688.000 51.845 0 1 316 200 0 0
 1725 36471.000 138246.000 0 0 56.000 46.000 2576.000 50.754 0 1 307 200 0 0
 1726 27501.000 114274.000 0 0 54.000 32.000 1728.000 41.569 0 1 272 200 0 0
 1727 123469.000 30059.000 0 0 0.000 0.000 0.000 0.321 0 1 0 0 0 0
 1728 26137.000 102409.000 0 0 0.000 0.000 0.000 0.121 0 1 0 0 0 0
 1729 27488.000 86113.000 0 0 0.000 0.000 0.000 0.120 0 1 0 0 0 0
 1730 27796.000 84580.000 0 0 54.000 34.000 1836.000 42.848 0 1 208 200 0 0
 1731 28114.000 83150.000 0 0 54.000 34.000 1836.000 42.848 0 1 203 200 0 0
 1732 40333.000 56616.000 0 0 0.000 0.000 0.000 0.122 0 1 0 0 0 0
 1733 41455.000 55103.000 0 0 0.000 0.000 0.000 0.120 0 1 0 0 0 0
 1734 48173.000 47475.000 0 0 0.000 0.000 0.000 0.120 0 1 0 0 0 0
 1735 53579.000 42675.000 0 0 0.000 0.000 0.000 0.121 0 1 0 0 0 0
 1736 74571.000 30716.000 0 0 40.000 56.000 2240.000 47.328 0 1 74 210 0 0
 1737 80402.000 28866.000 0 0 36.000 56.000 2016.000 44.899 0 1 69 200 0 0
 1738 83693.000 28029.000 0 0 34.000 54.000 1836.000 42.848 0 1 68 200 0 0
 1739 84531.000 27857.000 0 0 34.000 54.000 1836.000 42.848 0 1 68 200 0 0
 1740 87309.000 27308.000 0 0 0.000 0.000 0.000 0.121 0 1 0 0 0 0
 1741 115840.000 27889.000 0 0 0.000 0.000 0.000 0.120 0 1 0 0 0 0
 1742 118041.000 28412.000 0 0 36.000 54.000 1944.000 44.090 0 1 67 210 0 0
 1743 121122.000 29235.000 0 0 0.000 0.000 0.000 0.120 0 1 0 0 0 0
 1744 155939.000 51602.000 0 0 52.000 52.000 2704.000 52.000 0 1 131 200 0 0
 1745 161945.000 59502.000 0 0 54.000 48.000 2592.000 50.911 0 1 147 200 0 0
 1746 166868.000 68099.000 0 0 0.000 0.000 0.000 0.120 0 1 0 0 0 0
 1747 173796.000 92639.000 0 0 0.000 0.000 0.000 0.121 0 1 0 0 0 0
 1748 173975.000 93085.000 0 0 0.000 0.000 0.000 0.124 0 1 0 0 0 0
 1749 174129.000 103784.000 0 0 0.000 0.000 0.000 0.120 0 1 0 0 0 0
 1750 173673.000 108909.000 0 0 0.000 0.000 0.000 0.120 0 1 0 0 0 0
 1751 173632.000 109373.000 0 0 0.000 0.000 0.000 0.120 0 1 0 0 0 0
 1752 173557.000 110625.000 0 0 0.000 0.000 0.000 0.120 0 1 0 0 0 0
 1753 165898.000 134348.000 0 0 0.000 0.000 0.000 0.122 0 1 0 0 0 0
 1754 164527.000 136789.000 0 0 0.000 0.000 0.000 0.122 0 1 0 0 0 0
 1755 161552.000 141641.000 0 0 0.000 0.000 0.000 0.121 0 1 0 0 0 0
 1756 157690.000 146836.000 0 0 54.000 50.000 2700.000 51.961 0 1 333 200 0 0
 1757 152526.000 152595.000 0 0 0.000 0.000 0.000 0.123 0 1 0 0 0 0
 1758 146508.000 158001.000 0 0 0.000 0.000 0.000 0.124 0 1 0 0 0 0
 1759 144084.000 159883.000 0 0 0.000 0.000 0.000 0.121 0 1 0 0 0 0
 1760 141851.000 161433.000 0 0 0.000 0.000 0.000 0.120 0 1 0 0 0 0
 1761 139498.000 163182.000 0 0 48.000 56.000 2688.000 51.845 0 1 388 200 0 0
 1762 136606.000 164776.000 0 0 46.000 54.000 2484.000 49.839 0 1 395 200 0 0
 1763 131441.000 167395.000 0 0 42.000 56.000 2352.000 48.497 0 1 410 200 0 0
 1764 121510.000 171172.000 0 0 0.000 0.000 0.000 0.120 0 1 0 0 0 0
 1765 113118.000 173190.000 0 0 32.000 54.000 1728.000 41.569 0 1 436 200 0 0
 1766 104946.000 174197.000 0 0 0.000 0.000 0.000 0.125 0 1 0 0 0 0
 1767 104458.000 174191.000 0 0 0.000 0.000 0.000 0.120 0 1 0 0 0 0
 1768 97849.000 174317.000 0 0 0.000 0.000 0.000 0.121 0 1 0 0 0 0
 1769 88730.000 173459.000 0 0 0.000 0.000 0.000 0.120 0 1 0 0 0 0
 1770 85302.000 172889.000 0 0 0.000 0.000 0.000 0.123 0 1 0 0 0 0
 1771 82960.000 172324.000 0 0 0.000 0.000 0.000 0.120 0 1 0 0 0 0
 1772 77500.000 170812.000 0 0 0.000 0.000 0.000 0.120 0 1 0 0 0 0
 1773 77066.000 170859.000 0 0 0.000 0.000 0.000 0.126 0 1 0 0 0 0
 1774 58726.000 161772.000 0 0 46.000 54.000 2484.000 49.839 0 1 383 200 0 0
 1775 44166.000 148867.000 0 0 52.000 52.000 2704.000 52.000 0 1 334 200 0 0
 1776 42336.000 146706.000 0 0 0.000 0.000 0.000 0.122 0 1 0 0 0 0
 1777 39978.000 143592.000 0 0 56.000 48.000 2688.000 51.845 0 1 316 200 0 0
 1778 39759.000 143286.000 0 0 56.000 48.000 2688.000 51.845 0 1 316 200 0 0
 1779 38458.000 141420.000 0 0 54.000 46.000 2484.000 49.839 0 1 316 200 0 0
 1780 38122.000 140965.000 0 0 54.000 48.000 2592.000 50.911 0 1 316 200 0 0
 1781 34668.000 135089.000 0 0 56.000 44.000 2464.000 49.638 0 1 304 200 0 0
 1782 26422.000 108757.000 0 0 0.000 0.000 0.000 0.124 0 1 0 0 0 0
 1783 26050.000 104390.000 0 0 0.000 0.000 0.000 0.120 0 1 0 0 0 0
 1784 26234.000 93984.000 0 0 0.000 0.000 0.000 0.120 0 1 0 0 0 0
 1785 27670.000 84294.000 0 0 54.000 34.000 1836.000 42.848 0 1 208 200 0 0
 1786 29344.000 77568.000 0 0 54.000 38.000 2052.000 45.299 0 1 194 200 0 0
 1787 34527.000 65518.000 0 0 56.000 44.000 2464.000 49.638 0 1 165 200 0 0
 1788 39590.000 57289.000 0 0 0.000 0.000 0.000 0.121 0 1 0 0 0 0
 1789 44370.000 51299.000 0 0 0.000 0.000 0.000 0.120 0 1 0 0 0 0
 1790 50789.000 44818.000 0 0 0.000 0.000 0.000 0.121 0 1 0 0 0 0
 1791 74948.000 30284.000 0 0 40.000 56.000 2240.000 47.328 0 1 74 210 0 0
 1792 76160.000 30020.000 0 0 0.000 0.000 0.000 0.123 0 1 0 0 0 0
 1793 76248.000 29929.000 0 0 0.000 0.000 0.000 0.121 0 1 0 0 0 0
 1794 81680.000 28353.000 0 0 36.000 54.000 1944.000 44.090 0 1 69 200 0 0
 1795 84166.000 27798.000 0 0 34.000 54.000 1836.000 42.848 0 1 68 200 0 0
 1796 87243.000 27159.000 0 0 0.000 0.000 0.000 0.121 0 1 0 0 0 0
 1797 90652.000 26515.000 0 0 0.000 0.000 0.000 0.123 0 1 0 0 0 0
 1798 93027.000 26381.000 0 0 28.000 52.000 1456.000 38.157 0 1 62 200 0 0
 1799 93650.000 26319.000 0 0 28.000 52.000 1456.000 38.157 0 1 62 200 0 0
 1800 115383.000 27628.000 0 0 0.000 0.000 0.000 0.120 0 1 0 0 0 0
 1801 133149.000 33767.000 0 0 0.000 0.000 0.000 0.120 0 1 0 0 0 0
 1802 148897.000 44285.000 0 0 0.000 0.000 0.000 0.123 0 1 0 0 0 0
 1803 153748.000 48929.000 0 0 0.000 0.000 0.000 0.120 0 1 0 0 0 0
 1804 157893.000 53672.000 0 0 0.000 0.000 0.000 0.120 0 1 0 0 0 0
 1805 160308.000 56792.000 0 0 54.000 48.000 2592.000 50.911 0 1 146 200 0 0
 1806 166309.000 66662.000 0 0 0.000 0.000 0.000 0.121 0 1 0 0 0 0
 1807 170042.000 75293.000 0 0 54.000 40.000 2160.000 46.475 0 1 186 200 0 0
 1808 172158.000 82393.000 0 0 0.000 0.000 0.000 0.122 0 1 0 0 0 0
 1809 172385.000 83319.000 0 0 0.000 0.000 0.000 0.120 0 1 0 0 0 0
 1810 173969.000 92828.000 0 0 0.000 0.000 0.000 0.121 0 1 0 0 0 0
 1811 174140.000 94311.000 0 0 0.000 0.000 0.000 0.120 0 1 0 0 0 0
 1812 172367.000 117269.000 0 0 0.000 0.000 0.000 0.120 0 1 0 0 0 0
 1813 169167.000 127575.000 0 0 0.000 0.000 0.000 0.120 0 1 0 0 0 0
 1814 162025.000 141221.000 0 0 0.000 0.000 0.000 0.122 0 1 0 0 0 0
 1815 155629.000 149520.000 0 0 0.000 0.000 0.000 0.120 0 1 0 0 0 0
 1816 142885.000 160945.000 0 0 0.000 0.000 0.000 0.128 0 1 0 0 0 0
 1817 138368.000 163885.000 0 0 0.000 0.000 0.000 0.121 0 1 0 0 0 0
 1818 133576.000 166508.000 0 0 0.000 0.000 0.000 0.121 0 1 0 0 0 0
 1819 132050.000 167285.000 0 0 42.000 56.000 2352.000 48.497 0 1 410 200 0 0
 1820 129938.000 168213.000 0 0 42.000 54.000 2268.000 47.623 0 1 410 200 0 0
 1821 127114.000 169392.000 0 0 0.000 0.000 0.000 0.121 0 1 0 0 0 0
 1822 109448.000 173949.000 0 0 30.000 52.000 1560.000 39.496 0 1 434 200 0 0
 1823 108867.000 173978.000 0 0 28.000 52.000 1456.000 38.157 0 1 434 200 0 0
 1824 106530.000 174221.000 0 0 0.000 0.000 0.000 0.120 0 1 0 0 0 0
 1825 96923.000 174446.000 0 0 0.000 0.000 0.000 0.120 0 1 0 0 0 0
 1826 93905.000 174262.000 0 0 0.000 0.000 0.000 0.120 0 1 0 0 0 0
 1827 88677.000 173640.000 0 0 0.000 0.000 0.000 0.120 0 1 0 0 0 0
 1828 81231.000 172082.000 0 0 0.000 0.000 0.000 0.120 0 1 0 0 0 0
 1829 73543.000 169619.000 0 0 0.000 0.000 0.000 0.121 0 1 0 0 0 0
 1830 65624.000 166013.000 0 0 0.000 0.000 0.000 0.120 0 1 0 0 0 0
 1831 62512.000 164339.000 0 0 0.000 0.000 0.000 0.122 0 1 0 0 0 0
 1832 58950.000 162085.000 0 0 48.000 54.000 2592.000 50.911 0 1 383 200 0 0
 1833 45702.000 150864.000 0 0 0.000 0.000 0.000 0.122 0 1 0 0 0 0
 1834 42968.000 147743.000 0 0 54.000 52.000 2808.000 52.990 0 1 334 200 0 0
 1835 37783.000 140608.000 0 0 54.000 48.000 2592.000 50.911 0 1 316 200 0 0
 1836 37228.000 139810.000 0 0 56.000 48.000 2688.000 51.845 0 1 316 200 0 0
 1837 36078.000 138049.000 0 0 56.000 46.000 2576.000 50.754 0 1 307 200 0 0
 1838 34258.000 134646.000 0 0 56.000 44.000 2464.000 49.638 0 1 304 200 0 0
 1839 25937.000 105888.000 0 0 0.000 0.000 0.000 0.123 0 1 0 0 0 0
 1840 26653.000 88882.000 0 0 0.000 0.000 0.000 0.123 0 1 0 0 0 0
 1841 29217.000 77871.000 0 0 54.000 38.000 2052.000 45.299 0 1 194 200 0 0
 1842 30038.000 75369.000 0 0 0.000 0.000 0.000 0.120 0 1 0 0 0 0
 1843 38291.000 58928.000 0 0 0.000 0.000 0.000 0.123 0 1 0 0 0 0
 1844 45299.000 50000.000 0 0 0.000 0.000 0.000 0.120 0 1 0 0 0 0
 1845 77250.000 29464.000 0 0 0.000 0.000 0.000 0.120 0 1 0 0 0 0
 1846 77674.000 29353.000 0 0 0.000 0.000 0.000 0.120 0 1 0 0 0 0
 1847 77736.000 29349.000 0 0 0.000 0.000 0.000 0.121 0 1 0 0 0 0
 1848 80627.000 28426.000 0 0 36.000 56.000 2016.000 44.899 0 1 69 200 0 0
 1849 81458.000 28289.000 0 0 36.000 56.000 2016.000 44.899 0 1 69 200 0 0
 1850 84536.000 27489.000 0 0 34.000 54.000 1836.000 42.848 0 1 68 200 0 0
 1851 96317.000 25938.000 0 0 0.000 0.000 0.000 0.121 0 1 0 0 0 0
 1852 100164.000 25856.000 0 0 0.000 0.000 0.000 0.122 0 1 0 0 0 0
 1853 103866.000 25966.000 0 0 0.000 0.000 0.000 0.122 0 1 0 0 0 0
 1854 119385.000 28352.000 0 0 0.000 0.000 0.000 0.123 0 1 0 0 0 0
 1855 123768.000 29723.000 0 0 0.000 0.000 0.000 0.121 0 1 0 0 0 0
 1856 130466.000 32326.000 0 0 0.000 0.000 0.000 0.120 0 1 0 0 0 0
 1857 134511.000 34259.000 0 0 0.000 0.000 0.000 0.120 0 1 0 0 0 0
 1858 138092.000 36291.000 0 0 0.000 0.000 0.000 0.121 0 1 0 0 0 0
 1859 138594.000 36618.000 0 0 0.000 0.000 0.000 0.121 0 1 0 0 0 0
 1860 147445.000 42901.000 0 0 0.000 0.000 0.000 0.122 0 1 0 0 0 0
 1861 155647.000 50744.000 0 0 52.000 50.000 2600.000 50.990 0 1 131 200 0 0
 1862 161136.000 57678.000 0 0 54.000 48.000 2592.000 50.911 0 1 147 200 0 0
 1863 170883.000 77364.000 0 0 0.000 0.000 0.000 0.122 0 1 0 0 0 0
 1864 171524.000 79388.000 0 0 0.000 0.000 0.000 0.121 0 1 0 0 0 0
 1865 172762.000 83668.000 0 0 0.000 0.000 0.000 0.121 0 1 0 0 0 0
 1866 173218.000 86391.000 0 0 0.000 0.000 0.000 0.120 0 1 0 0 0 0
 1867 173261.000 86612.000 0 0 0.000 0.000 0.000 0.122 0 1 0 0 0 0
 1868 174488.000 99285.000 0 0 51.000 24.000 1224.000 34.985 0 1 235 210 0 0
 1869 170502.000 124361.000 0 0 0.000 0.000 0.000 0.123 0 1 0 0 0 0
 1870 170075.000 125674.000 0 0 0.000 0.000 0.000 0.121 0 1 0 0 0 0
 1871 168824.000 128813.000 0 0 0.000 0.000 0.000 0.122 0 1 0 0 0 0
 1872 164165.000 138105.000 0 0 0.000 0.000 0.000 0.122 0 1 0 0 0 0
 1873 163421.000 139378.000 0 0 0.000 0.000 0.000 0.121 0 1 0 0 0 0
 1874 156936.000 148290.000 0 0 0.000 0.000 0.000 0.120 0 1 0 0 0 0
 1875 151842.000 153742.000 0 0 52.000 52.000 2704.000 52.000 0 1 355 200 0 0
 1876 149679.000 155721.000 0 0 0.000 0.000 0.000 0.120 0 1 0 0 0 0
 1877 112982.000 173570.000 0 0 32.000 54.000 1728.000 41.569 0 1 436 200 0 0
 1878 112032.000 173708.000 0 0 32.000 52.000 1664.000 40.792 0 1 436 200 0 0
 1879 97163.000 174596.000 0 0 0.000 0.000 0.000 0.120 0 1 0 0 0 0
 1880 96185.000 174577.000 0 0 0.000 0.000 0.000 0.122 0 1 0 0 0 0
 1881 93004.000 174343.000 0 0 0.000 0.000 0.000 0.120 0 1 0 0 0 0
 1882 92869.000 174326.000 0 0 0.000 0.000 0.000 0.121 0 1 0 0 0 0
 1883 90305.000 174185.000 0 0 30.000 52.000 1560.000 39.496 0 1 441 210 0 0
 1884 88498.000 173765.000 0 0 0.000 0.000 0.000 0.123 0 1 0 0 0 0
 1885 72023.000 169196.000 0 0 0.000 0.000 0.000 0.120 0 1 0 0 0 0
 1886 69706.000 168207.000 0 0 0.000 0.000 0.000 0.122 0 1 0 0 0 0
 1887 45252.000 150601.000 0 0 0.000 0.000 0.000 0.121 0 1 0 0 0 0
 1888 39044.000 142927.000 0 0 54.000 48.000 2592.000 50.911 0 1 316 200 0 0
 1889 38799.000 142541.000 0 0 54.000 48.000 2592.000 50.911 0 1 316 200 0 0
 1890 37769.000 141005.000 0 0 54.000 48.000 2592.000 50.911 0 1 316 200 0 0
 1891 37342.000 140354.000 0 0 56.000 48.000 2688.000 51.845 0 1 316 200 0 0
 1892 34280.000 135171.000 0 0 56.000 44.000 2464.000 49.638 0 1 304 200 0 0
 1893 33816.000 134151.000 0 0 56.000 44.000 2464.000 49.638 0 1 304 200 0 0
 1894 26359.000 110870.000 0 0 0.000 0.000 0.000 0.120 0 1 0 0 0 0
 1895 25980.000 108974.000 0 0 0.000 0.000 0.000 0.124 0 1 0 0 0 0
 1896 25765.000 95465.000 0 0 50.000 26.000 1300.000 36.055 0 1 227 210 0 0
 1897 25804.000 94788.000 0 0 50.000 26.000 1300.000 36.055 0 1 227 210 0 0
 1898 26887.000 86425.000 0 0 0.000 0.000 0.000 0.121 0 1 0 0 0 0
 1899 27072.000 85519.000 0 0 0.000 0.000 0.000 0.120 0 1 0 0 0 0
 1900 30009.000 74907.000 0 0 0.000 0.000 0.000 0.120 0 1 0 0 0 0
 1901 30158.000 74589.000 0 0 0.000 0.000 0.000 0.120 0 1 0 0 0 0
 1902 32949.000 67959.000 0 0 0.000 0.000 0.000 0.122 0 1 0 0 0 0
 1903 36059.000 62193.000 0 0 0.000 0.000 0.000 0.122 0 1 0 0 0 0
 1904 43279.000 52042.000 0 0 0.000 0.000 0.000 0.120 0 1 0 0 0 0
 1905 52346.000 43020.000 0 0 0.000 0.000 0.000 0.121 0 1 0 0 0 0
 1906 72582.000 30970.000 0 0 42.000 56.000 2352.000 48.497 0 1 84 200 0 0
 1907 73668.000 30557.000 0 0 40.000 56.000 2240.000 47.328 0 1 84 200 0 0
 1908 77028.000 29358.000 0 0 0.000 0.000 0.000 0.120 0 1 0 0 0 0
 1909 80115.000 28273.000 0 0 36.000 56.000 2016.000 44.899 0 1 69 200 0 0
 1910 81935.000 27961.000 0 0 36.000 54.000 1944.000 44.090 0 1 69 200 0 0
 1911 83634.000 27546.000 0 0 34.000 54.000 1836.000 42.848 0 1 68 200 0 0
 1912 92514.000 26051.000 0 0 28.000 52.000 1456.000 38.157 0 1 62 200 0 0
 1913 118275.000 27934.000 0 0 36.000 54.000 1944.000 44.090 0 1 67 210 0 0
 1914 153354.000 47989.000 0 0 0.000 0.000 0.000 0.120 0 1 0 0 0 0
 1915 154578.000 49303.000 0 0 0.000 0.000 0.000 0.121 0 1 0 0 0 0
 1916 159879.000 55688.000 0 0 56.000 48.000 2688.000 51.845 0 1 146 200 0 0
 1917 162054.000 58767.000 0 0 54.000 46.000 2484.000 49.839 0 1 147 200 0 0
 1918 164582.000 62745.000 0 0 54.000 46.000 2484.000 49.839 0 1 157 200 0 0
 1919 164646.000 62850.000 0 0 54.000 46.000 2484.000 49.839 0 1 157 200 0 0
 1920 171424.000 78389.000 0 0 0.000 0.000 0.000 0.120 0 1 0 0 0 0
 1921 173494.000 86884.000 0 0 0.000 0.000 0.000 0.120 0 1 0 0 0 0
 1922 174625.000 104252.000 0 0 0.000 0.000 0.000 0.120 0 1 0 0 0 0
 1923 174153.000 109193.000 0 0 0.000 0.000 0.000 0.123 0 1 0 0 0 0
 1924 171665.000 121261.000 0 0 0.000 0.000 0.000 0.120 0 1 0 0 0 0
 1925 170624.000 124588.000 0 0 0.000 0.000 0.000 0.120 0 1 0 0 0 0
 1926 158625.000 146502.000 0 0 54.000 50.000 2700.000 51.961 0 1 333 200 0 0
 1927 158273.000 146925.000 0 0 54.000 50.000 2700.000 51.961 0 1 333 200 0 0
 1928 154554.000 151219.000 0 0 54.000 52.000 2808.000 52.990 0 1 339 200 0 0
 1929 149308.000 156315.000 0 0 0.000 0.000 0.000 0.121 0 1 0 0 0 0
 1930 145572.000 159407.000 0 0 0.000 0.000 0.000 0.122 0 1 0 0 0 0
 1931 143931.000 160586.000 0 0 0.000 0.000 0.000 0.123 0 1 0 0 0 0
 1932 139649.000 163511.000 0 0 48.000 56.000 2688.000 51.845 0 1 388 200 0 0
 1933 139351.000 163722.000 0 0 48.000 56.000 2688.000 51.845 0 1 388 200 0 0
 1934 136068.000 165761.000 0 0 46.000 54.000 2484.000 49.839 0 1 403 200 0 0
 1935 120616.000 171986.000 0 0 0.000 0.000 0.000 0.121 0 1 0 0 0 0
 1936 112368.000 173858.000 0 0 32.000 52.000 1664.000 40.792 0 1 436 200 0 0
 1937 109556.000 174262.000 0 0 30.000 52.000 1560.000 39.496 0 1 434 200 0 0
 1938 109341.000 174275.000 0 0 30.000 52.000 1560.000 39.496 0 1 434 200 0 0
 1939 102255.000 174819.000 0 0 0.000 0.000 0.000 0.123 0 1 0 0 0 0
 1940 82356.000 172740.000 0 0 0.000 0.000 0.000 0.120 0 1 0 0 0 0
 1941 78654.000 171714.000 0 0 0.000 0.000 0.000 0.120 0 1 0 0 0 0
 1942 62343.000 164686.000 0 0 0.000 0.000 0.000 0.121 0 1 0 0 0 0
 1943 47125.000 152775.000 0 0 0.000 0.000 0.000 0.121 0 1 0 0 0 0
 1944 42142.000 147515.000 0 0 0.000 0.000 0.000 0.124 0 1 0 0 0 0
 1945 39819.000 144254.000 0 0 56.000 48.000 2688.000 51.845 0 1 316 200 0 0
 1946 35442.000 137556.000 0 0 56.000 46.000 2576.000 50.754 0 1 307 200 0 0
 1947 34114.000 135154.000 0 0 56.000 44.000 2464.000 49.638 0 1 304 200 0 0
 1948 34018.000 134880.000 0 0 56.000 44.000 2464.000 49.638 0 1 304 200 0 0
 1949 33499.000 133968.000 0 0 56.000 44.000 2464.000 49.638 0 1 304 200 0 0
 1950 25616.000 105328.000 0 0 0.000 0.000 0.000 0.121 0 1 0 0 0 0
 1951 27477.000 82885.000 0 0 54.000 34.000 1836.000 42.848 0 1 203 200 0 0
 1952 28719.000 78286.000 0 0 54.000 38.000 2052.000 45.299 0 1 194 200 0 0
 1953 29175.000 76841.000 0 0 54.000 38.000 2052.000 45.299 0 1 194 200 0 0
 1954 34341.000 64698.000 0 0 56.000 44.000 2464.000 49.638 0 1 165 200 0 0
 1955 36727.000 60729.000 0 0 0.000 0.000 0.000 0.120 0 1 0 0 0 0
 1956 37578.000 59399.000 0 0 0.000 0.000 0.000 0.120 0 1 0 0 0 0
 1957 40500.000 55213.000 0 0 0.000 0.000 0.000 0.123 0 1 0 0 0 0
 1958 41572.000 53810.000 0 0 0.000 0.000 0.000 0.120 0 1 0 0 0 0
 1959 41957.000 53353.000 0 0 0.000 0.000 0.000 0.121 0 1 0 0 0 0
 1960 46872.000 47864.000 0 0 0.000 0.000 0.000 0.122 0 1 0 0 0 0
 1961 50550.000 44343.000 0 0 0.000 0.000 0.000 0.120 0 1 0 0 0 0
 1962 64908.000 34339.000 0 0 44.000 56.000 2464.000 49.638 0 1 91 200 0 0
 1963 71416.000 31262.000 0 0 42.000 56.000 2352.000 48.497 0 1 85 200 0 0
 1964 73289.000 30489.000 0 0 40.000 56.000 2240.000 47.328 0 1 84 200 0 0
 1965 74094.000 30198.000 0 0 40.000 56.000 2240.000 47.328 0 1 84 200 0 0
 1966 75021.000 29842.000 0 0 40.000 56.000 2240.000 47.328 0 1 74 210 0 0
 1967 75167.000 29782.000 0 0 40.000 56.000 2240.000 47.328 0 1 74 210 0 0
 1968 85187.000 27004.000 0 0 32.000 54.000 1728.000 41.569 0 1 68 200 0 0
 1969 104065.000 25647.000 0 0 0.000 0.000 0.000 0.121 0 1 0 0 0 0
 1970 108880.000 26031.000 0 0 0.000 0.000 0.000 0.124 0 1 0 0 0 0
 1971 135596.000 34508.000 0 0 0.000 0.000 0.000 0.121 0 1 0 0 0 0
 1972 140125.000 37114.000 0 0 0.000 0.000 0.000 0.120 0 1 0 0 0 0
 1973 143490.000 39462.000 0 0 0.000 0.000 0.000 0.121 0 1 0 0 0 0
 1974 145111.000 40565.000 0 0 0.000 0.000 0.000 0.122 0 1 0 0 0 0
 1975 145890.000 41156.000 0 0 0.000 0.000 0.000 0.121 0 1 0 0 0 0
 1976 155289.000 49840.000 0 0 54.000 50.000 2700.000 51.961 0 1 131 200 0 0
 1977 155545.000 50124.000 0 0 54.000 50.000 2700.000 51.961 0 1 131 200 0 0
 1978 161797.000 58046.000 0 0 54.000 48.000 2592.000 50.911 0 1 147 200 0 0
 1979 164321.000 61999.000 0 0 56.000 46.000 2576.000 50.754 0 1 157 200 0 0
 1980 170422.000 74983.000 0 0 56.000 40.000 2240.000 47.328 0 1 186 200 0 0
 1981 174842.000 99976.000 0 0 51.000 24.000 1224.000 34.985 0 1 235 210 0 0
 1982 174845.000 102089.000 0 0 0.000 0.000 0.000 0.120 0 1 0 0 0 0
 1983 174843.000 102400.000 0 0 0.000 0.000 0.000 0.121 0 1 0 0 0 0
 1984 171121.000 123697.000 0 0 0.000 0.000 0.000 0.120 0 1 0 0 0 0
 1985 150122.000 155840.000 0 0 0.000 0.000 0.000 0.122 0 1 0 0 0 0
 1986 145413.000 159701.000 0 0 0.000 0.000 0.000 0.120 0 1 0 0 0 0
 1987 140518.000 163108.000 0 0 48.000 56.000 2688.000 51.845 0 1 388 200 0 0
 1988 137484.000 164997.000 0 0 46.000 54.000 2484.000 49.839 0 1 403 200 0 0
 1989 137085.000 165222.000 0 0 46.000 54.000 2484.000 49.839 0 1 403 200 0 0
 1990 134818.000 166486.000 0 0 0.000 0.000 0.000 0.121 0 1 0 0 0 0
 1991 133056.000 167347.000 0 0 44.000 56.000 2464.000 49.638 0 1 410 200 0 0
 1992 132648.000 167583.000 0 0 42.000 56.000 2352.000 48.497 0 1 410 200 0 0
 1993 130470.000 168570.000 0 0 42.000 54.000 2268.000 47.623 0 1 410 200 0 0
 1994 128097.000 169727.000 0 0 0.000 0.000 0.000 0.122 0 1 0 0 0 0
 1995 126016.000 170393.000 0 0 0.000 0.000 0.000 0.121 0 1 0 0 0 0
 1996 112047.000 174069.000 0 0 32.000 52.000 1664.000 40.792 0 1 436 200 0 0
 1997 109298.000 174474.000 0 0 30.000 52.000 1560.000 39.496 0 1 434 200 0 0
 1998 89534.000 174294.000 0 0 30.000 52.000 1560.000 39.496 0 1 441 210 0 0
 1999 73103.000 169966.000 0 0 0.000 0.000 0.000 0.120 0 1 0 0 0 0
 2000 61821.000 164489.000 0 0 0.000 0.000 0.000 0.120 0 1 0 0 0 0
 2001 57229.000 161568.000 0 0 0.000 0.000 0.000 0.121 0 1 0 0 0 0
 2002 56172.000 160784.000 0 0 0.000 0.000 0.000 0.123 0 1 0 0 0 0
 2003 37988.000 141907.000 0 0 54.000 46.000 2484.000 49.839 0 1 316 200 0 0
 2004 35350.000 137729.000 0 0 56.000 46.000 2576.000 50.754 0 1 307 200 0 0
 2005 34602.000 136392.000 0 0 54.000 46.000 2484.000 49.839 0 1 307 200 0 0
 2006 25875.000 109785.000 0 0 0.000 0.000 0.000 0.122 0 1 0 0 0 0
 2007 25319.000 96591.000 0 0 50.000 26.000 1300.000 36.055 0 1 227 210 0 0
 2008 25910.000 90440.000 0 0 0.000 0.000 0.000 0.124 0 1 0 0 0 0
 2009 28375.000 78788.000 0 0 54.000 38.000 2052.000 45.299 0 1 194 200 0 0
 2010 28638.000 77960.000 0 0 54.000 38.000 2052.000 45.299 0 1 194 200 0 0
 2011 31278.000 70786.000 0 0 0.000 0.000 0.000 0.120 0 1 0 0 0 0
 2012 35627.000 62216.000 0 0 0.000 0.000 0.000 0.121 0 1 0 0 0 0
 2013 36354.000 60932.000 0 0 0.000 0.000 0.000 0.122 0 1 0 0 0 0
 2014 42662.000 52187.000 0 0 0.000 0.000 0.000 0.120 0 1 0 0 0 0
 2015 48177.000 46307.000 0 0 0.000 0.000 0.000 0.123 0 1 0 0 0 0
 2016 54408.000 40956.000 0 0 0.000 0.000 0.000 0.120 0 1 0 0 0 0
 2017 78198.000 28626.000 0 0 38.000 54.000 2052.000 45.299 0 1 72 200 0 0
 2018 79225.000 28341.000 0 0 36.000 56.000 2016.000 44.899 0 1 72 200 0 0
 2019 124822.000 29542.000 0 0 0.000 0.000 0.000 0.120 0 1 0 0 0 0
 2020 130688.000 31866.000 0 0 0.000 0.000 0.000 0.120 0 1 0 0 0 0
 2021 139961.000 36829.000 0 0 0.000 0.000 0.000 0.120 0 1 0 0 0 0
 2022 141844.000 38042.000 0 0 0.000 0.000 0.000 0.120 0 1 0 0 0 0
 2023 146210.000 41183.000 0 0 0.000 0.000 0.000 0.120 0 1 0 0 0 0
 2024 151683.000 45933.000 0 0 0.000 0.000 0.000 0.123 0 1 0 0 0 0
 2025 155956.000 50362.000 0 0 52.000 50.000 2600.000 50.990 0 1 131 200 0 0
 2026 158742.000 53634.000 0 0 0.000 0.000 0.000 0.120 0 1 0 0 0 0
 2027 161319.000 57037.000 0 0 54.000 48.000 2592.000 50.911 0 1 147 200 0 0
 2028 162176.000 58306.000 0 0 54.000 46.000 2484.000 49.839 0 1 147 200 0 0
 2029 164746.000 62315.000 0 0 56.000 46.000 2576.000 50.754 0 1 157 200 0 0
 2030 169259.000 71483.000 0 0 0.000 0.000 0.000 0.121 0 1 0 0 0 0
 2031 174427.000 90928.000 0 0 0.000 0.000 0.000 0.120 0 1 0 0 0 0
 2032 174979.000 97356.000 0 0 0.000 0.000 0.000 0.120 0 1 0 0 0 0
 2033 173255.000 116585.000 0 0 0.000 0.000 0.000 0.120 0 1 0 0 0 0
 2034 169383.000 128808.000 0 0 0.000 0.000 0.000 0.120 0 1 0 0 0 0
 2035 161876.000 142700.000 0 0 0.000 0.000 0.000 0.122 0 1 0 0 0 0
 2036 160280.000 144836.000 0 0 0.000 0.000 0.000 0.120 0 1 0 0 0 0
 2037 141078.000 162983.000 0 0 48.000 54.000 2592.000 50.911 0 1 388 200 0 0
 2038 140381.000 163506.000 0 0 48.000 56.000 2688.000 51.845 0 1 388 200 0 0
 2039 138515.000 164611.000 0 0 0.000 0.000 0.000 0.122 0 1 0 0 0 0
 2040 123999.000 171290.000 0 0 0.000 0.000 0.000 0.121 0 1 0 0 0 0
 2041 118061.000 173024.000 0 0 0.000 0.000 0.000 0.121 0 1 0 0 0 0
 2042 113569.000 173962.000 0 0 32.000 54.000 1728.000 41.569 0 1 436 200 0 0
 2043 103741.000 175116.000 0 0 0.000 0.000 0.000 0.120 0 1 0 0 0 0
 2044 100357.000 175143.000 0 0 0.000 0.000 0.000 0.120 0 1 0 0 0 0
 2045 98646.000 175200.000 0 0 0.000 0.000 0.000 0.120 0 1 0 0 0 0
 2046 82118.000 173021.000 0 0 0.000 0.000 0.000 0.120 0 1 0 0 0 0
 2047 74449.000 170659.000 0 0 0.000 0.000 0.000 0.123 0 1 0 0 0 0
 2048 68065.000 168010.000 0 0 0.000 0.000 0.000 0.120 0 1 0 0 0 0
 2049 58582.000 162669.000 0 0 48.000 54.000 2592.000 50.911 0 1 383 200 0 0
 2050 51499.000 157351.000 0 0 0.000 0.000 0.000 0.120 0 1 0 0 0 0
 2051 39979.000 145001.000 0 0 56.000 48.000 2688.000 51.845 0 1 316 200 0 0
 2052 33655.000 135136.000 0 0 56.000 44.000 2464.000 49.638 0 1 304 200 0 0
 2053 26589.000 115159.000 0 0 0.000 0.000 0.000 0.120 0 1 0 0 0 0
 2054 25187.000 104430.000 0 0 0.000 0.000 0.000 0.123 0 1 0 0 0 0
 2055 25155.000 97367.000 0 0 50.000 24.000 1200.000 34.641 0 1 227 210 0 0
 2056 25193.000 96005.000 0 0 50.000 26.000 1300.000 36.055 0 1 227 210 0 0
 2057 25246.000 95683.000 0 0 50.000 26.000 1300.000 36.055 0 1 227 210 0 0
 2058 31354.000 70212.000 0 0 0.000 0.000 0.000 0.120 0 1 0 0 0 0
 2059 31410.000 70150.000 0 0 0.000 0.000 0.000 0.121 0 1 0 0 0 0
 2060 35318.000 62334.000 0 0 0.000 0.000 0.000 0.121 0 1 0 0 0 0
 2061 69833.000 31586.000 0 0 42.000 54.000 2268.000 47.623 0 1 85 200 0 0
 2062 72739.000 30360.000 0 0 42.000 56.000 2352.000 48.497 0 1 84 200 0 0
 2063 80062.000 27772.000 0 0 36.000 56.000 2016.000 44.899 0 1 69 200 0 0
 2064 82384.000 27317.000 0 0 34.000 54.000 1836.000 42.848 0 1 69 200 0 0
 2065 98053.000 25232.000 0 0 0.000 0.000 0.000 0.123 0 1 0 0 0 0
 2066 117429.000 27198.000 0 0 0.000 0.000 0.000 0.122 0 1 0 0 0 0
 2067 124431.000 29230.000 0 0 0.000 0.000 0.000 0.120 0 1 0 0 0 0
 2068 127019.000 30157.000 0 0 42.000 56.000 2352.000 48.497 0 1 81 200 0 0
 2069 127987.000 30557.000 0 0 0.000 0.000 0.000 0.121 0 1 0 0 0 0
 2070 142487.000 38235.000 0 0 0.000 0.000 0.000 0.121 0 1 0 0 0 0
 2071 146700.000 41386.000 0 0 0.000 0.000 0.000 0.120 0 1 0 0 0 0
 2072 147796.000 42256.000 0 0 0.000 0.000 0.000 0.122 0 1 0 0 0 0
 2073 164414.000 61524.000 0 0 56.000 46.000 2576.000 50.754 0 1 157 200 0 0
 2074 166003.000 64259.000 0 0 0.000 0.000 0.000 0.123 0 1 0 0 0 0
 2075 170945.000 75372.000 0 0 54.000 40.000 2160.000 46.475 0 1 186 200 0 0
 2076 172072.000 78935.000 0 0 0.000 0.000 0.000 0.120 0 1 0 0 0 0
 2077 173936.000 86523.000 0 0 0.000 0.000 0.000 0.120 0 1 0 0 0 0
 2078 174295.000 88693.000 0 0 0.000 0.000 0.000 0.120 0 1 0 0 0 0
 2079 171681.000 122957.000 0 0 0.000 0.000 0.000 0.120 0 1 0 0 0 0
 2080 161531.000 143516.000 0 0 0.000 0.000 0.000 0.121 0 1 0 0 0 0
 2081 156908.000 149399.000 0 0 0.000 0.000 0.000 0.120 0 1 0 0 0 0
 2082 153055.000 153550.000 0 0 0.000 0.000 0.000 0.121 0 1 0 0 0 0
 2083 138883.000 164595.000 0 0 0.000 0.000 0.000 0.120 0 1 0 0 0 0
 2084 138657.000 164646.000 0 0 0.000 0.000 0.000 0.122 0 1 0 0 0 0
 2085 132602.000 167951.000 0 0 42.000 56.000 2352.000 48.497 0 1 410 200 0 0
 2086 131967.000 168292.000 0 0 42.000 56.000 2352.000 48.497 0 1 410 200 0 0
 2087 119031.000 172913.000 0 0 0.000 0.000 0.000 0.123 0 1 0 0 0 0
 2088 116841.000 173493.000 0 0 0.000 0.000 0.000 0.120 0 1 0 0 0 0
 2089 91482.000 174883.000 0 0 0.000 0.000 0.000 0.120 0 1 0 0 0 0
 2090 60723.000 164284.000 0 0 0.000 0.000 0.000 0.120 0 1 0 0 0 0
 2091 59753.000 163654.000 0 0 0.000 0.000 0.000 0.120 0 1 0 0 0 0
 2092 53081.000 158867.000 0 0 0.000 0.000 0.000 0.120 0 1 0 0 0 0
 2093 52859.000 158644.000 0 0 0.000 0.000 0.000 0.121 0 1 0 0 0 0
 2094 45913.000 152357.000 0 0 0.000 0.000 0.000 0.120 0 1 0 0 0 0
 2095 45822.000 152185.000 0 0 0.000 0.000 0.000 0.120 0 1 0 0 0 0
 2096 41683.000 147503.000 0 0 0.000 0.000 0.000 0.120 0 1 0 0 0 0
 2097 38018.000 142607.000 0 0 54.000 48.000 2592.000 50.911 0 1 316 200 0 0
 2098 34758.000 137380.000 0 0 54.000 46.000 2484.000 49.839 0 1 307 200 0 0
 2099 34150.000 136218.000 0 0 54.000 46.000 2484.000 49.839 0 1 307 200 0 0
 2100 28862.000 124320.000 0 0 0.000 0.000 0.000 0.120 0 1 0 0 0 0
 2101 24939.000 97998.000 0 0 50.000 24.000 1200.000 34.641 0 1 227 210 0 0
 2102 26779.000 83481.000 0 0 54.000 34.000 1836.000 42.848 0 1 203 200 0 0
 2103 26858.000 83278.000 0 0 54.000 34.000 1836.000 42.848 0 1 203 200 0 0
 2104 27088.000 82362.000 0 0 54.000 34.000 1836.000 42.848 0 1 203 200 0 0
 2105 28583.000 77044.000 0 0 54.000 38.000 2052.000 45.299 0 1 194 200 0 0
 2106 64276.000 34091.000 0 0 44.000 54.000 2376.000 48.744 0 1 91 200 0 0
 2107 65036.000 33700.000 0 0 44.000 56.000 2464.000 49.638 0 1 91 200 0 0
 2108 70067.000 31278.000 0 0 42.000 54.000 2268.000 47.623 0 1 85 200 0 0
 2109 72512.000 30275.000 0 0 42.000 56.000 2352.000 48.497 0 1 84 200 0 0
 2110 74109.000 29605.000 0 0 40.000 56.000 2240.000 47.328 0 1 84 200 0 0
 2111 81395.000 27387.000 0 0 36.000 54.000 1944.000 44.090 0 1 69 200 0 0
 2112 118872.000 27397.000 0 0 36.000 56.000 2016.000 44.899 0 1 67 210 0 0
 2113 121327.000 28045.000 0 0 0.000 0.000 0.000 0.122 0 1 0 0 0 0
 2114 126181.000 29662.000 0 0 40.000 56.000 2240.000 47.328 0 1 81 200 0 0
 2115 134764.000 33451.000 0 0 0.000 0.000 0.000 0.120 0 1 0 0 0 0
 2116 141543.000 37437.000 0 0 0.000 0.000 0.000 0.120 0 1 0 0 0 0
 2117 143061.000 38443.000 0 0 0.000 0.000 0.000 0.120 0 1 0 0 0 0
 2118 155886.000 49699.000 0 0 54.000 50.000 2700.000 51.961 0 1 131 200 0 0
 2119 161929.000 57340.000 0 0 54.000 48.000 2592.000 50.911 0 1 147 200 0 0
 2120 164717.000 61692.000 0 0 56.000 46.000 2576.000 50.754 0 1 157 200 0 0
 2121 167191.000 66145.000 0 0 0.000 0.000 0.000 0.120 0 1 0 0 0 0
 2122 174382.000 88132.000 0 0 0.000 0.000 0.000 0.121 0 1 0 0 0 0
 2123 175379.000 100567.000 0 0 51.000 24.000 1224.000 34.985 0 1 235 210 0 0
 2124 169266.000 130033.000 0 0 0.000 0.000 0.000 0.123 0 1 0 0 0 0
 2125 164612.000 139057.000 0 0 0.000 0.000 0.000 0.123 0 1 0 0 0 0
 2126 159974.000 145908.000 0 0 0.000 0.000 0.000 0.120 0 1 0 0 0 0
 2127 154049.000 152733.000 0 0 0.000 0.000 0.000 0.121 0 1 0 0 0 0
 2128 152307.000 154471.000 0 0 0.000 0.000 0.000 0.120 0 1 0 0 0 0
 2129 151439.000 155250.000 0 0 0.000 0.000 0.000 0.120 0 1 0 0 0 0
 2130 144948.000 160698.000 0 0 0.000 0.000 0.000 0.120 0 1 0 0 0 0
 2131 135773.000 166551.000 0 0 44.000 56.000 2464.000 49.638 0 1 403 200 0 0
 2132 132957.000 168023.000 0 0 42.000 56.000 2352.000 48.497 0 1 410 200 0 0
 2133 114943.000 174065.000 0 0 0.000 0.000 0.000 0.125 0 1 0 0 0 0
 2134 113462.000 174363.000 0 0 32.000 54.000 1728.000 41.569 0 1 436 200 0 0
 2135 94333.000 175295.000 0 0 0.000 0.000 0.000 0.121 0 1 0 0 0 0
 2136 89425.000 174795.000 0 0 30.000 52.000 1560.000 39.496 0 1 441 210 0 0
 2137 89109.000 174713.000 0 0 30.000 52.000 1560.000 39.496 0 1 441 210 0 0
 2138 75204.000 171317.000 0 0 0.000 0.000 0.000 0.121 0 1 0 0 0 0
 2139 74858.000 171193.000 0 0 0.000 0.000 0.000 0.120 0 1 0 0 0 0
 2140 50728.000 157166.000 0 0 0.000 0.000 0.000 0.120 0 1 0 0 0 0
 2141 39031.000 144316.000 0 0 56.000 48.000 2688.000 51.845 0 1 316 200 0 0
 2142 35953.000 139652.000 0 0 0.000 0.000 0.000 0.120 0 1 0 0 0 0
 2143 35414.000 138890.000 0 0 0.000 0.000 0.000 0.120 0 1 0 0 0 0
 2144 32155.000 133084.000 0 0 0.000 0.000 0.000 0.124 0 1 0 0 0 0
 2145 31409.000 131214.000 0 0 0.000 0.000 0.000 0.121 0 1 0 0 0 0
 2146 30903.000 129898.000 0 0 54.000 42.000 2268.000 47.623 0 1 297 200 0 0
 2147 30802.000 129784.000 0 0 54.000 42.000 2268.000 47.623 0 1 297 200 0 0
 2148 29535.000 126615.000 0 0 56.000 40.000 2240.000 47.328 0 1 292 200 0 0
 2149 29100.000 125363.000 0 0 56.000 40.000 2240.000 47.328 0 1 288 200 0 0
 2150 25275.000 91380.000 0 0 0.000 0.000 0.000 0.120 0 1 0 0 0 0
 2151 26022.000 86373.000 0 0 0.000 0.000 0.000 0.120 0 1 0 0 0 0
 2152 27500.000 80215.000 0 0 56.000 36.000 2016.000 44.899 0 1 198 200 0 0
 2153 27706.000 79361.000 0 0 56.000 36.000 2016.000 44.899 0 1 198 200 0 0
 2154 28275.000 77514.000 0 0 54.000 38.000 2052.000 45.299 0 1 194 200 0 0
 2155 28373.000 77227.000 0 0 54.000 38.000 2052.000 45.299 0 1 194 200 0 0
 2156 28787.000 76036.000 0 0 0.000 0.000 0.000 0.120 0 1 0 0 0 0
 2157 28969.000 75009.000 0 0 0.000 0.000 0.000 0.122 0 1 0 0 0 0
 2158 31898.000 68108.000 0 0 0.000 0.000 0.000 0.124 0 1 0 0 0 0
 2159 32928.000 66070.000 0 0 0.000 0.000 0.000 0.120 0 1 0 0 0 0
 2160 38033.000 57526.000 0 0 0.000 0.000 0.000 0.121 0 1 0 0 0 0
 2161 40376.000 54232.000 0 0 0.000 0.000 0.000 0.121 0 1 0 0 0 0
 2162 43214.000 50808.000 0 0 0.000 0.000 0.000 0.122 0 1 0 0 0 0
 2163 65832.000 33086.000 0 0 44.000 56.000 2464.000 49.638 0 1 91 200 0 0
 2164 68860.000 31639.000 0 0 0.000 0.000 0.000 0.122 0 1 0 0 0 0
 2165 70437.000 30952.000 0 0 42.000 54.000 2268.000 47.623 0 1 85 200 0 0
 2166 71003.000 30684.000 0 0 42.000 56.000 2352.000 48.497 0 1 85 200 0 0
 2167 71883.000 30344.000 0 0 42.000 56.000 2352.000 48.497 0 1 84 200 0 0
 2168 73648.000 29671.000 0 0 40.000 56.000 2240.000 47.328 0 1 84 200 0 0
 2169 74139.000 29467.000 0 0 40.000 56.000 2240.000 47.328 0 1 84 200 0 0
 2170 75247.000 29055.000 0 0 40.000 54.000 2160.000 46.475 0 1 74 210 0 0
 2171 96906.000 24912.000 0 0 0.000 0.000 0.000 0.121 0 1 0 0 0 0
 2172 97379.000 24908.000 0 0 0.000 0.000 0.000 0.120 0 1 0 0 0 0
 2173 100024.000 24835.000 0 0 0.000 0.000 0.000 0.120 0 1 0 0 0 0
 2174 106639.000 25010.000 0 0 0.000 0.000 0.000 0.122 0 1 0 0 0 0
 2175 129680.000 30888.000 0 0 0.000 0.000 0.000 0.122 0 1 0 0 0 0
 2176 140349.000 36470.000 0 0 0.000 0.000 0.000 0.120 0 1 0 0 0 0
 2177 146277.000 40621.000 0 0 0.000 0.000 0.000 0.121 0 1 0 0 0 0
 2178 154242.000 47797.000 0 0 0.000 0.000 0.000 0.120 0 1 0 0 0 0
 2179 155004.000 48552.000 0 0 0.000 0.000 0.000 0.122 0 1 0 0 0 0
 2180 161662.000 56685.000 0 0 54.000 48.000 2592.000 50.911 0 1 147 200 0 0
 2181 165819.000 63218.000 0 0 0.000 0.000 0.000 0.121 0 1 0 0 0 0
 2182 166842.000 65086.000 0 0 56.000 44.000 2464.000 49.638 0 1 170 200 0 0
 2183 169173.000 69934.000 0 0 0.000 0.000 0.000 0.121 0 1 0 0 0 0
 2184 170694.000 73655.000 0 0 0.000 0.000 0.000 0.122 0 1 0 0 0 0
 2185 171493.000 75836.000 0 0 54.000 40.000 2160.000 46.475 0 1 186 200 0 0
 2186 172159.000 77898.000 0 0 0.000 0.000 0.000 0.120 0 1 0 0 0 0
 2187 172960.000 80836.000 0 0 56.000 36.000 2016.000 44.899 0 1 200 200 0 0
 2188 174679.000 88922.000 0 0 0.000 0.000 0.000 0.120 0 1 0 0 0 0
 2189 175298.000 94055.000 0 0 0.000 0.000 0.000 0.120 0 1 0 0 0 0
 2190 164918.000 138865.000 0 0 0.000 0.000 0.000 0.122 0 1 0 0 0 0
 2191 161709.000 143810.000 0 0 0.000 0.000 0.000 0.120 0 1 0 0 0 0
 2192 159850.000 146299.000 0 0 0.000 0.000 0.000 0.120 0 1 0 0 0 0
 2193 155952.000 150987.000 0 0 0.000 0.000 0.000 0.126 0 1 0 0 0 0
 2194 150971.000 156005.000 0 0 50.000 54.000 2700.000 51.961 0 1 361 200 0 0
 2195 146268.000 159915.000 0 0 0.000 0.000 0.000 0.120 0 1 0 0 0 0
 2196 136745.000 166190.000 0 0 46.000 54.000 2484.000 49.839 0 1 403 200 0 0
 2197 128201.000 170294.000 0 0 0.000 0.000 0.000 0.121 0 1 0 0 0 0
 2198 128015.000 170357.000 0 0 0.000 0.000 0.000 0.123 0 1 0 0 0 0
 2199 125262.000 171368.000 0 0 0.000 0.000 0.000 0.122 0 1 0 0 0 0
 2200 124281.000 171720.000 0 0 0.000 0.000 0.000 0.120 0 1 0 0 0 0
 2201 116591.000 173893.000 0 0 0.000 0.000 0.000 0.121 0 1 0 0 0 0
 2202 113789.000 174465.000 0 0 32.000 54.000 1728.000 41.569 0 1 436 200 0 0
 2203 107114.000 175382.000 0 0 28.000 52.000 1456.000 38.157 0 1 448 200 0 0
 2204 92987.000 175384.000 0 0 0.000 0.000 0.000 0.120 0 1 0 0 0 0
 2205 71748.000 170209.000 0 0 0.000 0.000 0.000 0.120 0 1 0 0 0 0
 2206 54296.000 160256.000 0 0 0.000 0.000 0.000 0.121 0 1 0 0 0 0
 2207 47623.000 154564.000 0 0 0.000 0.000 0.000 0.122 0 1 0 0 0 0
 2208 42663.000 149249.000 0 0 0.000 0.000 0.000 0.122 0 1 0 0 0 0
 2209 33767.000 136312.000 0 0 54.000 46.000 2484.000 49.839 0 1 307 200 0 0
 2210 33685.000 136174.000 0 0 54.000 44.000 2376.000 48.744 0 1 307 200 0 0
 2211 33151.000 135135.000 0 0 56.000 44.000 2464.000 49.638 0 1 304 200 0 0
 2212 31881.000 132550.000 0 0 0.000 0.000 0.000 0.120 0 1 0 0 0 0
 2213 30399.000 129256.000 0 0 56.000 42.000 2352.000 48.497 0 1 297 200 0 0
 2214 29707.000 127520.000 0 0 56.000 42.000 2352.000 48.497 0 1 292 200 0 0
 2215 25381.000 89158.000 0 0 0.000 0.000 0.000 0.123 0 1 0 0 0 0
 2216 26068.000 85382.000 0 0 0.000 0.000 0.000 0.123 0 1 0 0 0 0
 2217 27341.000 79437.000 0 0 56.000 36.000 2016.000 44.899 0 1 198 200 0 0
 2218 27813.000 78355.000 0 0 54.000 38.000 2052.000 45.299 0 1 194 200 0 0
 2219 27895.000 78199.000 0 0 54.000 38.000 2052.000 45.299 0 1 194 200 0 0
 2220 28968.000 74943.000 0 0 0.000 0.000 0.000 0.120 0 1 0 0 0 0
 2221 31647.000 68314.000 0 0 0.000 0.000 0.000 0.121 0 1 0 0 0 0
 2222 33594.000 64496.000 0 0 56.000 44.000 2464.000 49.638 0 1 165 200 0 0
 2223 38074.000 57133.000 0 0 0.000 0.000 0.000 0.120 0 1 0 0 0 0
 2224 38651.000 56334.000 0 0 0.000 0.000 0.000 0.120 0 1 0 0 0 0
 2225 43929.000 49794.000 0 0 0.000 0.000 0.000 0.120 0 1 0 0 0 0
 2226 48907.000 44697.000 0 0 0.000 0.000 0.000 0.120 0 1 0 0 0 0
 2227 67272.000 32222.000 0 0 42.000 56.000 2352.000 48.497 0 1 88 200 0 0
 2228 67957.000 31857.000 0 0 42.000 56.000 2352.000 48.497 0 1 88 200 0 0
 2229 68259.000 31716.000 0 0 42.000 56.000 2352.000 48.497 0 1 88 200 0 0
 2230 68343.000 31554.000 0 0 42.000 56.000 2352.000 48.497 0 1 88 200 0 0
 2231 77974.000 27979.000 0 0 38.000 54.000 2052.000 45.299 0 1 72 200 0 0
 2232 78694.000 27783.000 0 0 38.000 54.000 2052.000 45.299 0 1 72 200 0 0
 2233 126898.000 29583.000 0 0 40.000 56.000 2240.000 47.328 0 1 81 200 0 0
 2234 150301.000 43530.000 0 0 0.000 0.000 0.000 0.125 0 1 0 0 0 0
 2235 151628.000 44954.000 0 0 0.000 0.000 0.000 0.121 0 1 0 0 0 0
 2236 153324.000 46552.000 0 0 0.000 0.000 0.000 0.120 0 1 0 0 0 0
 2237 161924.000 56815.000 0 0 54.000 48.000 2592.000 50.911 0 1 147 200 0 0
 2238 165690.000 62638.000 0 0 0.000 0.000 0.000 0.122 0 1 0 0 0 0
 2239 171396.000 74614.000 0 0 56.000 40.000 2240.000 47.328 0 1 186 200 0 0
 2240 171420.000 75236.000 0 0 54.000 40.000 2160.000 46.475 0 1 186 200 0 0
 2241 171486.000 75451.000 0 0 54.000 40.000 2160.000 46.475 0 1 186 200 0 0
 2242 172974.000 80161.000 0 0 56.000 36.000 2016.000 44.899 0 1 200 200 0 0
 2243 175718.000 100231.000 0 0 51.000 24.000 1224.000 34.985 0 1 235 210 0 0
 2244 175206.000 108922.000 0 0 0.000 0.000 0.000 0.121 0 1 0 0 0 0
 2245 173758.000 117285.000 0 0 0.000 0.000 0.000 0.120 0 1 0 0 0 0
 2246 172840.000 120839.000 0 0 0.000 0.000 0.000 0.121 0 1 0 0 0 0
 2247 172744.000 121215.000 0 0 0.000 0.000 0.000 0.122 0 1 0 0 0 0
 2248 170396.000 128038.000 0 0 0.000 0.000 0.000 0.121 0 1 0 0 0 0
 2249 165654.000 137970.000 0 0 0.000 0.000 0.000 0.124 0 1 0 0 0 0
 2250 139274.000 164942.000 0 0 0.000 0.000 0.000 0.122 0 1 0 0 0 0
 2251 137528.000 165935.000 0 0 46.000 54.000 2484.000 49.839 0 1 403 200 0 0
 2252 105022.000 175773.000 0 0 26.000 50.000 1300.000 36.055 0 1 451 200 0 0
 2253 94936.000 175684.000 0 0 0.000 0.000 0.000 0.120 0 1 0 0 0 0
 2254 87977.000 174901.000 0 0 0.000 0.000 0.000 0.120 0 1 0 0 0 0
 2255 86022.000 174564.000 0 0 0.000 0.000 0.000 0.120 0 1 0 0 0 0
 2256 82714.000 173889.000 0 0 0.000 0.000 0.000 0.123 0 1 0 0 0 0
 2257 80104.000 173218.000 0 0 36.000 56.000 2016.000 44.899 0 1 442 200 0 0
 2258 64002.000 166701.000 0 0 0.000 0.000 0.000 0.124 0 1 0 0 0 0
 2259 58206.000 163242.000 0 0 48.000 54.000 2592.000 50.911 0 1 383 200 0 0
 2260 46666.000 153802.000 0 0 0.000 0.000 0.000 0.122 0 1 0 0 0 0
 2261 41473.000 148038.000 0 0 0.000 0.000 0.000 0.120 0 1 0 0 0 0
 2262 36782.000 141672.000 0 0 0.000 0.000 0.000 0.120 0 1 0 0 0 0
 2263 34025.000 137067.000 0 0 54.000 46.000 2484.000 49.839 0 1 307 200 0 0
 2264 32991.000 135242.000 0 0 56.000 44.000 2464.000 49.638 0 1 304 200 0 0
 2265 29727.000 128065.000 0 0 56.000 42.000 2352.000 48.497 0 1 292 200 0 0
 2266 29319.000 127184.000 0 0 56.000 40.000 2240.000 47.328 0 1 292 200 0 0
 2267 28849.000 125787.000 0 0 56.000 40.000 2240.000 47.328 0 1 288 200 0 0
 2268 27830.000 122736.000 0 0 0.000 0.000 0.000 0.120 0 1 0 0 0 0
 2269 27751.000 122354.000 0 0 0.000 0.000 0.000 0.120 0 1 0 0 0 0
 2270 25356.000 88435.000 0 0 0.000 0.000 0.000 0.121 0 1 0 0 0 0
 2271 27006.000 80508.000 0 0 56.000 36.000 2016.000 44.899 0 1 198 200 0 0
 2272 39008.000 55550.000 0 0 0.000 0.000 0.000 0.122 0 1 0 0 0 0
 2273 39990.000 54177.000 0 0 0.000 0.000 0.000 0.122 0 1 0 0 0 0
 2274 59451.000 36341.000 0 0 0.000 0.000 0.000 0.120 0 1 0 0 0 0
 2275 64002.000 33669.000 0 0 44.000 54.000 2376.000 48.744 0 1 91 200 0 0
 2276 64759.000 33283.000 0 0 44.000 56.000 2464.000 49.638 0 1 91 200 0 0
 2277 65126.000 33036.000 0 0 44.000 56.000 2464.000 49.638 0 1 91 200 0 0
 2278 70559.000 30349.000 0 0 42.000 56.000 2352.000 48.497 0 1 85 200 0 0
 2279 71588.000 30128.000 0 0 42.000 56.000 2352.000 48.497 0 1 85 200 0 0
 2280 71605.000 30073.000 0 0 42.000 56.000 2352.000 48.497 0 1 85 200 0 0
 2281 78252.000 27697.000 0 0 38.000 54.000 2052.000 45.299 0 1 72 200 0 0
 2282 119145.000 26904.000 0 0 36.000 56.000 2016.000 44.899 0 1 67 210 0 0
 2283 163796.000 59278.000 0 0 56.000 48.000 2688.000 51.845 0 1 151 210 0 0
 2284 168593.000 67848.000 0 0 0.000 0.000 0.000 0.120 0 1 0 0 0 0
 2285 169937.000 70922.000 0 0 0.000 0.000 0.000 0.121 0 1 0 0 0 0
 2286 173189.000 80177.000 0 0 56.000 36.000 2016.000 44.899 0 1 200 200 0 0
 2287 174756.000 113229.000 0 0 54.000 32.000 1728.000 41.569 0 1 267 200 0 0
 2288 174474.000 114848.000 0 0 0.000 0.000 0.000 0.120 0 1 0 0 0 0
 2289 167254.000 135441.000 0 0 0.000 0.000 0.000 0.120 0 1 0 0 0 0
 2290 158818.000 148103.000 0 0 0.000 0.000 0.000 0.120 0 1 0 0 0 0
 2291 151199.000 156175.000 0 0 50.000 54.000 2700.000 51.961 0 1 361 200 0 0
 2292 149296.000 157933.000 0 0 0.000 0.000 0.000 0.120 0 1 0 0 0 0
 2293 134367.000 167816.000 0 0 0.000 0.000 0.000 0.122 0 1 0 0 0 0
 2294 132189.000 169067.000 0 0 42.000 56.000 2352.000 48.497 0 1 410 200 0 0
 2295 121683.000 172893.000 0 0 0.000 0.000 0.000 0.120 0 1 0 0 0 0
 2296 117607.000 173958.000 0 0 0.000 0.000 0.000 0.121 0 1 0 0 0 0
 2297 98120.000 176009.000 0 0 24.000 50.000 1200.000 34.641 0 1 454 200 0 0
 2298 91960.000 175630.000 0 0 0.000 0.000 0.000 0.121 0 1 0 0 0 0
 2299 90914.000 175493.000 0 0 0.000 0.000 0.000 0.121 0 1 0 0 0 0
 2300 84412.000 174402.000 0 0 34.000 54.000 1836.000 42.848 0 1 445 200 0 0
 2301 74178.000 171465.000 0 0 0.000 0.000 0.000 0.120 0 1 0 0 0 0
 2302 55722.000 161737.000 0 0 0.000 0.000 0.000 0.120 0 1 0 0 0 0
 2303 38044.000 143790.000 0 0 0.000 0.000 0.000 0.120 0 1 0 0 0 0
 2304 37886.000 143662.000 0 0 0.000 0.000 0.000 0.120 0 1 0 0 0 0
 2305 32933.000 135326.000 0 0 56.000 44.000 2464.000 49.638 0 1 304 200 0 0
 2306 30296.000 129877.000 0 0 54.000 42.000 2268.000 47.623 0 1 297 200 0 0
 2307 28650.000 125758.000 0 0 56.000 40.000 2240.000 47.328 0 1 288 200 0 0
 2308 25875.000 84647.000 0 0 0.000 0.000 0.000 0.120 0 1 0 0 0 0
 2309 26418.000 82332.000 0 0 54.000 34.000 1836.000 42.848 0 1 203 200 0 0
 2310 26561.000 81532.000 0 0 54.000 36.000 1944.000 44.090 0 1 203 200 0 0
 2311 31709.000 67455.000 0 0 0.000 0.000 0.000 0.120 0 1 0 0 0 0
 2312 40746.000 52951.000 0 0 0.000 0.000 0.000 0.120 0 1 0 0 0 0
 2313 65874.000 32464.000 0 0 44.000 56.000 2464.000 49.638 0 1 91 200 0 0
 2314 68791.000 31110.000 0 0 0.000 0.000 0.000 0.122 0 1 0 0 0 0
 2315 68916.000 31060.000 0 0 0.000 0.000 0.000 0.124 0 1 0 0 0 0
 2316 69297.000 30858.000 0 0 0.000 0.000 0.000 0.122 0 1 0 0 0 0
 2317 75613.000 28404.000 0 0 40.000 54.000 2160.000 46.475 0 1 74 210 0 0
 2318 80215.000 27015.000 0 0 36.000 56.000 2016.000 44.899 0 1 69 200 0 0
 2319 135305.000 32970.000 0 0 0.000 0.000 0.000 0.122 0 1 0 0 0 0
 2320 139227.000 35165.000 0 0 0.000 0.000 0.000 0.120 0 1 0 0 0 0
 2321 145283.000 39230.000 0 0 0.000 0.000 0.000 0.120 0 1 0 0 0 0
 2322 147827.000 41222.000 0 0 0.000 0.000 0.000 0.120 0 1 0 0 0 0
 2323 148280.000 41520.000 0 0 0.000 0.000 0.000 0.121 0 1 0 0 0 0
 2324 163643.000 58641.000 0 0 54.000 48.000 2592.000 50.911 0 1 151 210 0 0
 2325 165338.000 61345.000 0 0 56.000 46.000 2576.000 50.754 0 1 157 200 0 0
 2326 165573.000 61745.000 0 0 56.000 46.000 2576.000 50.754 0 1 157 200 0 0
 2327 167013.000 64404.000 0 0 56.000 44.000 2464.000 49.638 0 1 170 200 0 0
 2328 168322.000 66602.000 0 0 0.000 0.000 0.000 0.122 0 1 0 0 0 0
 2329 174672.000 85953.000 0 0 0.000 0.000 0.000 0.121 0 1 0 0 0 0
 2330 170108.000 129694.000 0 0 0.000 0.000 0.000 0.121 0 1 0 0 0 0
 2331 169768.000 130507.000 0 0 0.000 0.000 0.000 0.123 0 1 0 0 0 0
 2332 161428.000 145079.000 0 0 56.000 48.000 2688.000 51.845 0 1 324 200 0 0
 2333 160511.000 146261.000 0 0 0.000 0.000 0.000 0.120 0 1 0 0 0 0
 2334 155570.000 152135.000 0 0 54.000 52.000 2808.000 52.990 0 1 349 200 0 0
 2335 148552.000 158733.000 0 0 0.000 0.000 0.000 0.120 0 1 0 0 0 0
 2336 137263.000 166507.000 0 0 46.000 54.000 2484.000 49.839 0 1 403 200 0 0
 2337 133850.000 168302.000 0 0 0.000 0.000 0.000 0.121 0 1 0 0 0 0
 2338 133011.000 168719.000 0 0 42.000 56.000 2352.000 48.497 0 1 410 200 0 0
 2339 126649.000 171435.000 0 0 0.000 0.000 0.000 0.120 0 1 0 0 0 0
 2340 126487.000 171522.000 0 0 0.000 0.000 0.000 0.120 0 1 0 0 0 0
 2341 123174.000 172616.000 0 0 0.000 0.000 0.000 0.122 0 1 0 0 0 0
 2342 121250.000 173183.000 0 0 0.000 0.000 0.000 0.120 0 1 0 0 0 0
 2343 119757.000 173607.000 0 0 0.000 0.000 0.000 0.120 0 1 0 0 0 0
 2344 118255.000 174008.000 0 0 0.000 0.000 0.000 0.124 0 1 0 0 0 0
 2345 111381.000 175403.000 0 0 0.000 0.000 0.000 0.124 0 1 0 0 0 0
 2346 104632.000 176074.000 0 0 26.000 50.000 1300.000 36.055 0 1 451 200 0 0
 2347 98574.000 176180.000 0 0 24.000 50.000 1200.000 34.641 0 1 454 200 0 0
 2348 91194.000 175729.000 0 0 0.000 0.000 0.000 0.121 0 1 0 0 0 0
 2349 86736.000 175050.000 0 0 0.000 0.000 0.000 0.121 0 1 0 0 0 0
 2350 84110.000 174545.000 0 0 34.000 54.000 1836.000 42.848 0 1 445 200 0 0
 2351 82727.000 174310.000 0 0 0.000 0.000 0.000 0.122 0 1 0 0 0 0
 2352 79900.000 173497.000 0 0 36.000 56.000 2016.000 44.899 0 1 442 200 0 0
 2353 76247.000 172399.000 0 0 38.000 54.000 2052.000 45.299 0 1 433 200 0 0
 2354 66991.000 168663.000 0 0 0.000 0.000 0.000 0.120 0 1 0 0 0 0
 2355 35109.000 139667.000 0 0 0.000 0.000 0.000 0.122 0 1 0 0 0 0
 2356 29106.000 127351.000 0 0 56.000 40.000 2240.000 47.328 0 1 292 200 0 0
 2357 28352.000 125744.000 0 0 56.000 40.000 2240.000 47.328 0 1 288 200 0 0
 2358 26675.000 119844.000 0 0 56.000 36.000 2016.000 44.899 0 1 281 200 0 0
 2359 25558.000 115784.000 0 0 54.000 34.000 1836.000 42.848 0 1 275 200 0 0
 2360 24367.000 93713.000 0 0 0.000 0.000 0.000 0.121 0 1 0 0 0 0
 2361 29747.000 71395.000 0 0 0.000 0.000 0.000 0.120 0 1 0 0 0 0
 2362 32986.000 64500.000 0 0 56.000 44.000 2464.000 49.638 0 1 165 200 0 0
 2363 33189.000 64137.000 0 0 56.000 44.000 2464.000 49.638 0 1 165 200 0 0
 2364 34628.000 61572.000 0 0 0.000 0.000 0.000 0.121 0 1 0 0 0 0
 2365 62315.000 34229.000 0 0 46.000 54.000 2484.000 49.839 0 1 91 200 0 0
 2366 62761.000 33951.000 0 0 46.000 54.000 2484.000 49.839 0 1 91 200 0 0
 2367 64943.000 32765.000 0 0 44.000 56.000 2464.000 49.638 0 1 91 200 0 0
 2368 65737.000 32395.000 0 0 44.000 56.000 2464.000 49.638 0 1 91 200 0 0
 2369 66742.000 31886.000 0 0 42.000 56.000 2352.000 48.497 0 1 88 200 0 0
 2370 70375.000 30177.000 0 0 42.000 56.000 2352.000 48.497 0 1 85 200 0 0
 2371 71087.000 29894.000 0 0 42.000 56.000 2352.000 48.497 0 1 85 200 0 0
 2372 73345.000 29041.000 0 0 0.000 0.000 0.000 0.121 0 1 0 0 0 0
 2373 78682.000 27278.000 0 0 38.000 54.000 2052.000 45.299 0 1 72 200 0 0
 2374 93622.000 24461.000 0 0 0.000 0.000 0.000 0.120 0 1 0 0 0 0
 2375 94761.000 24227.000 0 0 26.000 50.000 1300.000 36.055 0 1 52 200 0 0
 2376 100723.000 24176.000 0 0 0.000 0.000 0.000 0.120 0 1 0 0 0 0
 2377 126775.000 28876.000 0 0 40.000 56.000 2240.000 47.328 0 1 81 200 0 0
 2378 128816.000 29779.000 0 0 42.000 56.000 2352.000 48.497 0 1 81 200 0 0
 2379 136866.000 33652.000 0 0 46.000 54.000 2484.000 49.839 0 1 94 200 0 0
 2380 137674.000 34052.000 0 0 46.000 54.000 2484.000 49.839 0 1 94 200 0 0
 2381 143830.000 37945.000 0 0 0.000 0.000 0.000 0.120 0 1 0 0 0 0
 2382 149589.000 42480.000 0 0 0.000 0.000 0.000 0.120 0 1 0 0 0 0
 2383 156352.000 48962.000 0 0 0.000 0.000 0.000 0.121 0 1 0 0 0 0
 2384 161992.000 55987.000 0 0 54.000 48.000 2592.000 50.911 0 1 147 200 0 0
 2385 163940.000 58813.000 0 0 56.000 48.000 2688.000 51.845 0 1 151 210 0 0
 2386 165132.000 60632.000 0 0 56.000 46.000 2576.000 50.754 0 1 157 200 0 0
 2387 167655.000 65199.000 0 0 56.000 44.000 2464.000 49.638 0 1 170 200 0 0
 2388 172488.000 76681.000 0 0 0.000 0.000 0.000 0.121 0 1 0 0 0 0
 2389 172591.000 77027.000 0 0 0.000 0.000 0.000 0.121 0 1 0 0 0 0
 2390 173636.000 80618.000 0 0 56.000 36.000 2016.000 44.899 0 1 200 200 0 0
 2391 174142.000 82567.000 0 0 0.000 0.000 0.000 0.120 0 1 0 0 0 0
 2392 174340.000 83630.000 0 0 0.000 0.000 0.000 0.121 0 1 0 0 0 0
 2393 175269.000 112171.000 0 0 52.000 30.000 1560.000 39.496 0 1 267 200 0 0
 2394 170570.000 129026.000 0 0 0.000 0.000 0.000 0.121 0 1 0 0 0 0
 2395 167719.000 135178.000 0 0 0.000 0.000 0.000 0.120 0 1 0 0 0 0
 2396 163703.000 142086.000 0 0 54.000 48.000 2592.000 50.911 0 1 324 200 0 0
 2397 163269.000 142697.000 0 0 54.000 46.000 2484.000 49.839 0 1 324 200 0 0
 2398 159911.000 147378.000 0 0 0.000 0.000 0.000 0.122 0 1 0 0 0 0
 2399 159395.000 147998.000 0 0 0.000 0.000 0.000 0.120 0 1 0 0 0 0
 2400 157489.000 150239.000 0 0 0.000 0.000 0.000 0.120 0 1 0 0 0 0
 2401 155703.000 152334.000 0 0 54.000 52.000 2808.000 52.990 0 1 349 200 0 0
 2402 154484.000 153514.000 0 0 0.000 0.000 0.000 0.121 0 1 0 0 0 0
 2403 153698.000 154291.000 0 0 0.000 0.000 0.000 0.121 0 1 0 0 0 0
 2404 145769.000 161143.000 0 0 0.000 0.000 0.000 0.124 0 1 0 0 0 0
 2405 129440.000 170510.000 0 0 0.000 0.000 0.000 0.120 0 1 0 0 0 0
 2406 115408.000 174845.000 0 0 0.000 0.000 0.000 0.120 0 1 0 0 0 0
 2407 105176.000 176228.000 0 0 26.000 50.000 1300.000 36.055 0 1 451 200 0 0
 2408 99092.000 176372.000 0 0 24.000 51.000 1224.000 34.985 0 1 454 200 0 0
 2409 94192.000 176146.000 0 0 26.000 50.000 1300.000 36.055 0 1 455 200 0 0
 2410 92994.000 176052.000 0 0 0.000 0.000 0.000 0.120 0 1 0 0 0 0
 2411 88958.000 175542.000 0 0 30.000 52.000 1560.000 39.496 0 1 441 210 0 0
 2412 84142.000 174711.000 0 0 34.000 54.000 1836.000 42.848 0 1 445 200 0 0
 2413 69213.000 170006.000 0 0 0.000 0.000 0.000 0.124 0 1 0 0 0 0
 2414 62684.000 166558.000 0 0 0.000 0.000 0.000 0.120 0 1 0 0 0 0
 2415 54462.000 161212.000 0 0 0.000 0.000 0.000 0.120 0 1 0 0 0 0
 2416 33193.000 136644.000 0 0 54.000 46.000 2484.000 49.839 0 1 307 200 0 0
 2417 31272.000 132847.000 0 0 0.000 0.000 0.000 0.121 0 1 0 0 0 0
 2418 30512.000 131218.000 0 0 0.000 0.000 0.000 0.123 0 1 0 0 0 0
 2419 29828.000 129643.000 0 0 56.000 42.000 2352.000 48.497 0 1 297 200 0 0
 2420 26554.000 120176.000 0 0 56.000 36.000 2016.000 44.899 0 1 281 200 0 0
 2421 26320.000 119236.000 0 0 56.000 36.000 2016.000 44.899 0 1 281 200 0 0
 2422 27567.000 76848.000 0 0 0.000 0.000 0.000 0.120 0 1 0 0 0 0
 2423 32270.000 65485.000 0 0 56.000 44.000 2464.000 49.638 0 1 165 200 0 0
 2424 33242.000 63676.000 0 0 54.000 44.000 2376.000 48.744 0 1 165 200 0 0
 2425 58560.000 36208.000 0 0 48.000 54.000 2592.000 50.911 0 1 97 200 0 0
 2426 63093.000 33573.000 0 0 46.000 54.000 2484.000 49.839 0 1 91 200 0 0
 2427 67660.000 31243.000 0 0 42.000 56.000 2352.000 48.497 0 1 88 200 0 0
 2428 70072.000 30171.000 0 0 42.000 54.000 2268.000 47.623 0 1 85 200 0 0
 2429 71114.000 29748.000 0 0 42.000 56.000 2352.000 48.497 0 1 85 200 0 0
 2430 75047.000 28238.000 0 0 40.000 54.000 2160.000 46.475 0 1 74 210 0 0
 2431 96388.000 24083.000 0 0 0.000 0.000 0.000 0.121 0 1 0 0 0 0
 2432 109607.000 24586.000 0 0 0.000 0.000 0.000 0.121 0 1 0 0 0 0
 2433 115884.000 25621.000 0 0 0.000 0.000 0.000 0.121 0 1 0 0 0 0
 2434 123196.000 27583.000 0 0 0.000 0.000 0.000 0.120 0 1 0 0 0 0
 2435 127342.000 28979.000 0 0 40.000 56.000 2240.000 47.328 0 1 81 200 0 0
 2436 128162.000 29323.000 0 0 42.000 56.000 2352.000 48.497 0 1 81 200 0 0
 2437 132022.000 30960.000 0 0 0.000 0.000 0.000 0.123 0 1 0 0 0 0
 2438 146496.000 39567.000 0 0 0.000 0.000 0.000 0.122 0 1 0 0 0 0
 2439 156826.000 49268.000 0 0 0.000 0.000 0.000 0.120 0 1 0 0 0 0
 2440 158741.000 51407.000 0 0 54.000 50.000 2700.000 51.961 0 1 136 200 0 0
 2441 161218.000 54493.000 0 0 0.000 0.000 0.000 0.120 0 1 0 0 0 0
 2442 165181.000 60423.000 0 0 56.000 46.000 2576.000 50.754 0 1 157 200 0 0
 2443 167694.000 64889.000 0 0 56.000 44.000 2464.000 49.638 0 1 170 200 0 0
 2444 168094.000 65704.000 0 0 56.000 44.000 2464.000 49.638 0 1 170 200 0 0
 2445 171012.000 72161.000 0 0 0.000 0.000 0.000 0.120 0 1 0 0 0 0
 2446 171469.000 73308.000 0 0 0.000 0.000 0.000 0.121 0 1 0 0 0 0
 2447 171748.000 74184.000 0 0 56.000 40.000 2240.000 47.328 0 1 186 200 0 0
 2448 175342.000 87660.000 0 0 0.000 0.000 0.000 0.120 0 1 0 0 0 0
 2449 176389.000 100820.000 0 0 51.000 24.000 1224.000 34.985 0 1 235 210 0 0
 2450 176395.000 101110.000 0 0 0.000 0.000 0.000 0.120 0 1 0 0 0 0
 2451 175363.000 112841.000 0 0 54.000 32.000 1728.000 41.569 0 1 267 200 0 0
 2452 174700.000 116184.000 0 0 54.000 34.000 1836.000 42.848 0 1 273 200 0 0
 2453 172672.000 123728.000 0 0 0.000 0.000 0.000 0.120 0 1 0 0 0 0
 2454 172119.000 125467.000 0 0 0.000 0.000 0.000 0.122 0 1 0 0 0 0
 2455 165704.000 139501.000 0 0 0.000 0.000 0.000 0.127 0 1 0 0 0 0
 2456 163033.000 143446.000 0 0 54.000 48.000 2592.000 50.911 0 1 324 200 0 0
 2457 161918.000 144961.000 0 0 56.000 48.000 2688.000 51.845 0 1 324 200 0 0
 2458 156665.000 151462.000 0 0 0.000 0.000 0.000 0.121 0 1 0 0 0 0
 2459 153811.000 154451.000 0 0 0.000 0.000 0.000 0.121 0 1 0 0 0 0
 2460 151418.000 156691.000 0 0 50.000 54.000 2700.000 51.961 0 1 361 200 0 0
 2461 151140.000 156946.000 0 0 50.000 54.000 2700.000 51.961 0 1 361 200 0 0
 2462 144006.000 162650.000 0 0 0.000 0.000 0.000 0.121 0 1 0 0 0 0
 2463 129249.000 170758.000 0 0 0.000 0.000 0.000 0.121 0 1 0 0 0 0
 2464 122786.000 173120.000 0 0 0.000 0.000 0.000 0.123 0 1 0 0 0 0
 2465 107163.000 176227.000 0 0 28.000 52.000 1456.000 38.157 0 1 448 200 0 0
 2466 101470.000 176572.000 0 0 0.000 0.000 0.000 0.120 0 1 0 0 0 0
 2467 101225.000 176542.000 0 0 0.000 0.000 0.000 0.120 0 1 0 0 0 0
 2468 101024.000 176548.000 0 0 0.000 0.000 0.000 0.120 0 1 0 0 0 0
 2469 94720.000 176343.000 0 0 26.000 50.000 1300.000 36.055 0 1 455 200 0 0
 2470 87910.000 175569.000 0 0 0.000 0.000 0.000 0.120 0 1 0 0 0 0
 2471 86868.000 175390.000 0 0 0.000 0.000 0.000 0.120 0 1 0 0 0 0
 2472 85476.000 175153.000 0 0 0.000 0.000 0.000 0.121 0 1 0 0 0 0
 2473 71524.000 171074.000 0 0 42.000 56.000 2352.000 48.497 0 1 428 200 0 0
 2474 61554.000 166104.000 0 0 0.000 0.000 0.000 0.120 0 1 0 0 0 0
 2475 58659.000 164358.000 0 0 48.000 56.000 2688.000 51.845 0 1 383 200 0 0
 2476 51919.000 159428.000 0 0 0.000 0.000 0.000 0.120 0 1 0 0 0 0
 2477 51069.000 158749.000 0 0 0.000 0.000 0.000 0.120 0 1 0 0 0 0
 2478 29309.000 128782.000 0 0 56.000 42.000 2352.000 48.497 0 1 292 200 0 0
 2479 26685.000 121244.000 0 0 56.000 36.000 2016.000 44.899 0 1 281 200 0 0
 2480 26137.000 119223.000 0 0 56.000 36.000 2016.000 44.899 0 1 281 200 0 0
 2481 26093.000 119060.000 0 0 54.000 36.000 1944.000 44.090 0 1 281 200 0 0
 2482 26325.000 80509.000 0 0 56.000 36.000 2016.000 44.899 0 1 198 200 0 0
 2483 27302.000 77121.000 0 0 0.000 0.000 0.000 0.120 0 1 0 0 0 0
 2484 27586.000 76185.000 0 0 0.000 0.000 0.000 0.124 0 1 0 0 0 0
 2485 28016.000 74962.000 0 0 0.000 0.000 0.000 0.120 0 1 0 0 0 0
 2486 61213.000 34472.000 0 0 46.000 56.000 2576.000 50.754 0 1 91 200 0 0
 2487 63250.000 33259.000 0 0 46.000 54.000 2484.000 49.839 0 1 91 200 0 0
 2488 64605.000 32615.000 0 0 44.000 56.000 2464.000 49.638 0 1 91 200 0 0
 2489 65515.000 32112.000 0 0 44.000 56.000 2464.000 49.638 0 1 91 200 0 0
 2490 66835.000 31467.000 0 0 42.000 56.000 2352.000 48.497 0 1 88 200 0 0
 2491 73762.000 28535.000 0 0 0.000 0.000 0.000 0.120 0 1 0 0 0 0
 2492 75745.000 27781.000 0 0 38.000 54.000 2052.000 45.299 0 1 74 210 0 0
 2493 86642.000 25030.000 0 0 0.000 0.000 0.000 0.120 0 1 0 0 0 0
 2494 104206.000 23874.000 0 0 0.000 0.000 0.000 0.120 0 1 0 0 0 0
 2495 125549.000 28170.000 0 0 40.000 56.000 2240.000 47.328 0 1 70 200 0 0
 2496 130217.000 30011.000 0 0 42.000 54.000 2268.000 47.623 0 1 82 200 0 0
 2497 132555.000 31020.000 0 0 0.000 0.000 0.000 0.120 0 1 0 0 0 0
 2498 137104.000 33349.000 0 0 46.000 54.000 2484.000 49.839 0 1 94 200 0 0
 2499 163470.000 57448.000 0 0 54.000 46.000 2484.000 49.839 0 1 151 210 0 0
 2500 163865.000 58088.000 0 0 54.000 48.000 2592.000 50.911 0 1 151 210 0 0
 2501 169463.000 68109.000 0 0 0.000 0.000 0.000 0.121 0 1 0 0 0 0
 2502 171140.000 71980.000 0 0 0.000 0.000 0.000 0.121 0 1 0 0 0 0
 2503 172447.000 75567.000 0 0 0.000 0.000 0.000 0.122 0 1 0 0 0 0
 2504 175248.000 86123.000 0 0 0.000 0.000 0.000 0.120 0 1 0 0 0 0
 2505 176294.000 94165.000 0 0 0.000 0.000 0.000 0.121 0 1 0 0 0 0
 2506 176404.000 95450.000 0 0 0.000 0.000 0.000 0.122 0 1 0 0 0 0
 2507 176536.000 98232.000 0 0 0.000 0.000 0.000 0.120 0 1 0 0 0 0
 2508 176413.000 104890.000 0 0 50.000 26.000 1300.000 36.055 0 1 252 200 0 0
 2509 175956.000 109706.000 0 0 0.000 0.000 0.000 0.122 0 1 0 0 0 0
 2510 172131.000 125887.000 0 0 0.000 0.000 0.000 0.121 0 1 0 0 0 0
 2511 171482.000 127572.000 0 0 56.000 40.000 2240.000 47.328 0 1 294 200 0 0
 2512 168760.000 133831.000 0 0 0.000 0.000 0.000 0.120 0 1 0 0 0 0
 2513 166606.000 137989.000 0 0 54.000 46.000 2484.000 49.839 0 1 315 200 0 0
 2514 161532.000 145776.000 0 0 56.000 48.000 2688.000 51.845 0 1 324 200 0 0
 2515 161060.000 146431.000 0 0 54.000 50.000 2700.000 51.961 0 1 324 200 0 0
 2516 156481.000 151884.000 0 0 0.000 0.000 0.000 0.120 0 1 0 0 0 0
 2517 150782.000 157528.000 0 0 50.000 52.000 2600.000 50.990 0 1 361 200 0 0
 2518 147874.000 159949.000 0 0 50.000 54.000 2700.000 51.961 0 1 377 200 0 0
 2519 131753.000 169884.000 0 0 0.000 0.000 0.000 0.120 0 1 0 0 0 0
 2520 125161.000 172524.000 0 0 0.000 0.000 0.000 0.123 0 1 0 0 0 0
 2521 122426.000 173373.000 0 0 0.000 0.000 0.000 0.120 0 1 0 0 0 0
 2522 116161.000 175008.000 0 0 0.000 0.000 0.000 0.121 0 1 0 0 0 0
 2523 115939.000 175057.000 0 0 0.000 0.000 0.000 0.122 0 1 0 0 0 0
 2524 111258.000 175944.000 0 0 0.000 0.000 0.000 0.123 0 1 0 0 0 0
 2525 106587.000 176492.000 0 0 28.000 52.000 1456.000 38.157 0 1 448 200 0 0
 2526 104539.000 176602.000 0 0 26.000 50.000 1300.000 36.055 0 1 451 200 0 0
 2527 97973.000 176707.000 0 0 24.000 50.000 1200.000 34.641 0 1 454 200 0 0
 2528 75921.000 172799.000 0 0 38.000 54.000 2052.000 45.299 0 1 433 200 0 0
 2529 72292.000 171643.000 0 0 42.000 56.000 2352.000 48.497 0 1 428 200 0 0
 2530 48782.000 157013.000 0 0 0.000 0.000 0.000 0.122 0 1 0 0 0 0
 2531 44027.000 152223.000 0 0 0.000 0.000 0.000 0.121 0 1 0 0 0 0
 2532 42379.000 150533.000 0 0 0.000 0.000 0.000 0.123 0 1 0 0 0 0
 2533 31503.000 134154.000 0 0 0.000 0.000 0.000 0.129 0 1 0 0 0 0
 2534 28202.000 126459.000 0 0 56.000 40.000 2240.000 47.328 0 1 288 200 0 0
 2535 27789.000 125636.000 0 0 56.000 40.000 2240.000 47.328 0 1 288 200 0 0
 2536 27754.000 125116.000 0 0 54.000 40.000 2160.000 46.475 0 1 288 200 0 0
 2537 26713.000 121942.000 0 0 54.000 38.000 2052.000 45.299 0 1 281 200 0 0
 2538 26315.000 120742.000 0 0 56.000 36.000 2016.000 44.899 0 1 281 200 0 0
 2539 25263.000 84226.000 0 0 0.000 0.000 0.000 0.122 0 1 0 0 0 0
 2540 29873.000 69705.000 0 0 0.000 0.000 0.000 0.120 0 1 0 0 0 0
 2541 30354.000 68674.000 0 0 0.000 0.000 0.000 0.120 0 1 0 0 0 0
 2542 32274.000 64769.000 0 0 56.000 44.000 2464.000 49.638 0 1 165 200 0 0
 2543 34050.000 61542.000 0 0 0.000 0.000 0.000 0.121 0 1 0 0 0 0
 2544 61445.000 34120.000 0 0 46.000 56.000 2576.000 50.754 0 1 91 200 0 0
 2545 64266.000 32601.000 0 0 44.000 56.000 2464.000 49.638 0 1 91 200 0 0
 2546 79475.000 26463.000 0 0 0.000 0.000 0.000 0.123 0 1 0 0 0 0
 2547 83373.000 25496.000 0 0 0.000 0.000 0.000 0.122 0 1 0 0 0 0
 2548 91430.000 24133.000 0 0 0.000 0.000 0.000 0.121 0 1 0 0 0 0
 2549 124834.000 27780.000 0 0 40.000 54.000 2160.000 46.475 0 1 70 200 0 0
 2550 127966.000 28746.000 0 0 42.000 56.000 2352.000 48.497 0 1 81 200 0 0
 2551 134385.000 31752.000 0 0 0.000 0.000 0.000 0.121 0 1 0 0 0 0
 2552 137396.000 33337.000 0 0 46.000 54.000 2484.000 49.839 0 1 94 200 0 0
 2553 140871.000 35361.000 0 0 0.000 0.000 0.000 0.122 0 1 0 0 0 0
 2554 143756.000 37295.000 0 0 0.000 0.000 0.000 0.122 0 1 0 0 0 0
 2555 145805.000 38612.000 0 0 0.000 0.000 0.000 0.123 0 1 0 0 0 0
 2556 150966.000 42961.000 0 0 0.000 0.000 0.000 0.122 0 1 0 0 0 0
 2557 158387.000 50554.000 0 0 54.000 52.000 2808.000 52.990 0 1 136 200 0 0
 2558 174201.000 80741.000 0 0 56.000 36.000 2016.000 44.899 0 1 200 200 0 0
 2559 174352.000 81362.000 0 0 54.000 36.000 1944.000 44.090 0 1 200 200 0 0
 2560 174424.000 81609.000 0 0 54.000 34.000 1836.000 42.848 0 1 200 200 0 0
 2561 176191.000 91218.000 0 0 0.000 0.000 0.000 0.121 0 1 0 0 0 0
 2562 176366.000 107614.000 0 0 0.000 0.000 0.000 0.120 0 1 0 0 0 0
 2563 175160.000 115889.000 0 0 54.000 34.000 1836.000 42.848 0 1 273 200 0 0
 2564 174656.000 118005.000 0 0 0.000 0.000 0.000 0.120 0 1 0 0 0 0
 2565 173774.000 121386.000 0 0 0.000 0.000 0.000 0.122 0 1 0 0 0 0
 2566 169311.000 133160.000 0 0 0.000 0.000 0.000 0.122 0 1 0 0 0 0
 2567 168527.000 134748.000 0 0 0.000 0.000 0.000 0.120 0 1 0 0 0 0
 2568 165785.000 139982.000 0 0 0.000 0.000 0.000 0.124 0 1 0 0 0 0
 2569 163843.000 142750.000 0 0 54.000 46.000 2484.000 49.839 0 1 324 200 0 0
 2570 159921.000 148135.000 0 0 0.000 0.000 0.000 0.120 0 1 0 0 0 0
 2571 146997.000 160857.000 0 0 0.000 0.000 0.000 0.121 0 1 0 0 0 0
 2572 145438.000 162037.000 0 0 0.000 0.000 0.000 0.120 0 1 0 0 0 0
 2573 136897.000 167493.000 0 0 0.000 0.000 0.000 0.125 0 1 0 0 0 0
 2574 126022.000 172341.000 0 0 0.000 0.000 0.000 0.120 0 1 0 0 0 0
 2575 125313.000 172626.000 0 0 0.000 0.000 0.000 0.121 0 1 0 0 0 0
 2576 117205.000 174955.000 0 0 0.000 0.000 0.000 0.120 0 1 0 0 0 0
 2577 109901.000 176262.000 0 0 0.000 0.000 0.000 0.121 0 1 0 0 0 0
 2578 98287.000 176885.000 0 0 24.000 50.000 1200.000 34.641 0 1 454 200 0 0
 2579 83731.000 175136.000 0 0 34.000 54.000 1836.000 42.848 0 1 445 200 0 0
 2580 79492.000 174102.000 0 0 36.000 56.000 2016.000 44.899 0 1 442 200 0 0
 2581 74100.000 172357.000 0 0 0.000 0.000 0.000 0.120 0 1 0 0 0 0
 2582 72501.000 171788.000 0 0 40.000 56.000 2240.000 47.328 0 1 428 200 0 0
 2583 66377.000 169105.000 0 0 0.000 0.000 0.000 0.120 0 1 0 0 0 0
 2584 65286.000 168549.000 0 0 0.000 0.000 0.000 0.123 0 1 0 0 0 0
 2585 65193.000 168488.000 0 0 0.000 0.000 0.000 0.120 0 1 0 0 0 0
 2586 62270.000 166918.000 0 0 0.000 0.000 0.000 0.123 0 1 0 0 0 0
 2587 55858.000 162887.000 0 0 0.000 0.000 0.000 0.120 0 1 0 0 0 0
 2588 51562.000 159587.000 0 0 0.000 0.000 0.000 0.122 0 1 0 0 0 0
 2589 50246.000 158502.000 0 0 0.000 0.000 0.000 0.120 0 1 0 0 0 0
 2590 49073.000 157427.000 0 0 0.000 0.000 0.000 0.121 0 1 0 0 0 0
 2591 47954.000 156471.000 0 0 0.000 0.000 0.000 0.123 0 1 0 0 0 0
 2592 41999.000 150292.000 0 0 0.000 0.000 0.000 0.123 0 1 0 0 0 0
 2593 26801.000 122747.000 0 0 54.000 38.000 2052.000 45.299 0 1 281 200 0 0
 2594 26633.000 122279.000 0 0 54.000 38.000 2052.000 45.299 0 1 281 200 0 0
 2595 31408.000 66036.000 0 0 0.000 0.000 0.000 0.121 0 1 0 0 0 0
 2596 54392.000 38413.000 0 0 0.000 0.000 0.000 0.125 0 1 0 0 0 0
 2597 57855.000 36189.000 0 0 48.000 54.000 2592.000 50.911 0 1 97 200 0 0
 2598 61600.000 33906.000 0 0 46.000 56.000 2576.000 50.754 0 1 91 200 0 0
 2599 94648.000 23674.000 0 0 26.000 50.000 1300.000 36.055 0 1 52 200 0 0
 2600 103275.000 23528.000 0 0 0.000 0.000 0.000 0.120 0 1 0 0 0 0
 2601 118840.000 25780.000 0 0 0.000 0.000 0.000 0.121 0 1 0 0 0 0
 2602 137290.000 33066.000 0 0 46.000 54.000 2484.000 49.839 0 1 94 200 0 0
 2603 143207.000 36705.000 0 0 0.000 0.000 0.000 0.121 0 1 0 0 0 0
 2604 154908.000 46491.000 0 0 0.000 0.000 0.000 0.124 0 1 0 0 0 0
 2605 157591.000 49356.000 0 0 52.000 52.000 2704.000 52.000 0 1 123 210 0 0
 2606 159004.000 51024.000 0 0 54.000 50.000 2700.000 51.961 0 1 136 200 0 0
 2607 163038.000 56306.000 0 0 54.000 48.000 2592.000 50.911 0 1 144 200 0 0
 2608 164813.000 58978.000 0 0 0.000 0.000 0.000 0.121 0 1 0 0 0 0
 2609 165934.000 60773.000 0 0 56.000 46.000 2576.000 50.754 0 1 157 200 0 0
 2610 167815.000 63983.000 0 0 0.000 0.000 0.000 0.125 0 1 0 0 0 0
 2611 169394.000 67152.000 0 0 0.000 0.000 0.000 0.121 0 1 0 0 0 0
 2612 171964.000 73094.000 0 0 0.000 0.000 0.000 0.120 0 1 0 0 0 0
 2613 176645.000 94269.000 0 0 0.000 0.000 0.000 0.121 0 1 0 0 0 0
 2614 176756.000 96021.000 0 0 0.000 0.000 0.000 0.120 0 1 0 0 0 0
 2615 176542.000 107565.000 0 0 0.000 0.000 0.000 0.125 0 1 0 0 0 0
 2616 176441.000 108509.000 0 0 0.000 0.000 0.000 0.120 0 1 0 0 0 0
 2617 175371.000 115522.000 0 0 54.000 34.000 1836.000 42.848 0 1 273 200 0 0
 2618 175184.000 116341.000 0 0 54.000 34.000 1836.000 42.848 0 1 273 200 0 0
 2619 174285.000 120356.000 0 0 0.000 0.000 0.000 0.120 0 1 0 0 0 0
 2620 172657.000 125488.000 0 0 0.000 0.000 0.000 0.121 0 1 0 0 0 0
 2621 166874.000 138242.000 0 0 54.000 46.000 2484.000 49.839 0 1 315 200 0 0
 2622 166458.000 138874.000 0 0 56.000 46.000 2576.000 50.754 0 1 315 200 0 0
 2623 165796.000 140058.000 0 0 0.000 0.000 0.000 0.120 0 1 0 0 0 0
 2624 161646.000 146210.000 0 0 56.000 48.000 2688.000 51.845 0 1 324 200 0 0
 2625 127846.000 171966.000 0 0 0.000 0.000 0.000 0.124 0 1 0 0 0 0
 2626 122396.000 173754.000 0 0 0.000 0.000 0.000 0.120 0 1 0 0 0 0
 2627 120766.000 174270.000 0 0 0.000 0.000 0.000 0.122 0 1 0 0 0 0
 2628 116965.000 175195.000 0 0 0.000 0.000 0.000 0.123 0 1 0 0 0 0
 2629 115502.000 175486.000 0 0 0.000 0.000 0.000 0.121 0 1 0 0 0 0
 2630 105792.000 176865.000 0 0 0.000 0.000 0.000 0.120 0 1 0 0 0 0
 2631 94966.000 177044.000 0 0 26.000 50.000 1300.000 36.055 0 1 455 200 0 0
 2632 76111.000 173233.000 0 0 38.000 54.000 2052.000 45.299 0 1 433 200 0 0
 2633 75504.000 173014.000 0 0 38.000 54.000 2052.000 45.299 0 1 433 200 0 0
 2634 71918.000 171701.000 0 0 42.000 56.000 2352.000 48.497 0 1 428 200 0 0
 2635 68046.000 170236.000 0 0 0.000 0.000 0.000 0.125 0 1 0 0 0 0
 2636 57764.000 164426.000 0 0 48.000 54.000 2592.000 50.911 0 1 383 200 0 0
 2637 31274.000 134423.000 0 0 0.000 0.000 0.000 0.120 0 1 0 0 0 0
 2638 28615.000 128712.000 0 0 0.000 0.000 0.000 0.124 0 1 0 0 0 0
 2639 27724.000 126124.000 0 0 56.000 40.000 2240.000 47.328 0 1 288 200 0 0
 2640 27686.000 126032.000 0 0 56.000 40.000 2240.000 47.328 0 1 288 200 0 0
 2641 25646.000 119352.000 0 0 56.000 36.000 2016.000 44.899 0 1 281 200 0 0
 2642 25224.000 117647.000 0 0 0.000 0.000 0.000 0.124 0 1 0 0 0 0
 2643 24922.000 116248.000 0 0 54.000 34.000 1836.000 42.848 0 1 275 200 0 0
 2644 24343.000 113451.000 0 0 54.000 32.000 1728.000 41.569 0 1 270 200 0 0
 2645 23923.000 110439.000 0 0 52.000 30.000 1560.000 39.496 0 1 253 200 0 0
 2646 23781.000 90940.000 0 0 0.000 0.000 0.000 0.122 0 1 0 0 0 0
 2647 31058.000 66465.000 0 0 0.000 0.000 0.000 0.121 0 1 0 0 0 0
 2648 48711.000 43043.000 0 0 0.000 0.000 0.000 0.123 0 1 0 0 0 0
 2649 50546.000 41434.000 0 0 0.000 0.000 0.000 0.122 0 1 0 0 0 0
 2650 55908.000 37289.000 0 0 0.000 0.000 0.000 0.122 0 1 0 0 0 0
 2651 57125.000 36428.000 0 0 46.000 54.000 2484.000 49.839 0 1 97 200 0 0
 2652 57795.000 35985.000 0 0 48.000 54.000 2592.000 50.911 0 1 97 200 0 0
 2653 59177.000 35148.000 0 0 0.000 0.000 0.000 0.120 0 1 0 0 0 0
 2654 62101.000 33372.000 0 0 46.000 54.000 2484.000 49.839 0 1 91 200 0 0
 2655 63711.000 32499.000 0 0 44.000 56.000 2464.000 49.638 0 1 91 200 0 0
 2656 65877.000 31233.000 0 0 44.000 56.000 2464.000 49.638 0 1 88 200 0 0
 2657 93846.000 23611.000 0 0 28.000 50.000 1400.000 37.416 0 1 52 200 0 0
 2658 107696.000 23701.000 0 0 28.000 52.000 1456.000 38.157 0 1 47 200 0 0
 2659 117232.000 25217.000 0 0 0.000 0.000 0.000 0.120 0 1 0 0 0 0
 2660 122036.000 26522.000 0 0 0.000 0.000 0.000 0.121 0 1 0 0 0 0
 2661 124506.000 27268.000 0 0 38.000 54.000 2052.000 45.299 0 1 70 200 0 0
 2662 126019.000 27792.000 0 0 40.000 56.000 2240.000 47.328 0 1 70 200 0 0
 2663 130860.000 29745.000 0 0 42.000 54.000 2268.000 47.623 0 1 82 200 0 0
 2664 137642.000 33049.000 0 0 46.000 54.000 2484.000 49.839 0 1 94 200 0 0
 2665 142073.000 35762.000 0 0 0.000 0.000 0.000 0.120 0 1 0 0 0 0
 2666 144713.000 37481.000 0 0 0.000 0.000 0.000 0.123 0 1 0 0 0 0
 2667 154168.000 45485.000 0 0 0.000 0.000 0.000 0.122 0 1 0 0 0 0
 2668 159173.000 50960.000 0 0 54.000 50.000 2700.000 51.961 0 1 136 200 0 0
 2669 159618.000 51482.000 0 0 54.000 50.000 2700.000 51.961 0 1 136 200 0 0
 2670 159869.000 51787.000 0 0 54.000 50.000 2700.000 51.961 0 1 136 200 0 0
 2671 167938.000 63603.000 0 0 0.000 0.000 0.000 0.124 0 1 0 0 0 0
 2672 176014.000 87578.000 0 0 0.000 0.000 0.000 0.125 0 1 0 0 0 0
 2673 176606.000 90685.000 0 0 0.000 0.000 0.000 0.123 0 1 0 0 0 0
 2674 176903.000 105198.000 0 0 50.000 26.000 1300.000 36.055 0 1 252 200 0 0
 2675 175771.000 114147.000 0 0 54.000 32.000 1728.000 41.569 0 1 267 200 0 0
 2676 172168.000 127255.000 0 0 56.000 40.000 2240.000 47.328 0 1 294 200 0 0
 2677 172116.000 127792.000 0 0 56.000 40.000 2240.000 47.328 0 1 294 200 0 0
 2678 169409.000 133726.000 0 0 0.000 0.000 0.000 0.121 0 1 0 0 0 0
 2679 169247.000 134172.000 0 0 0.000 0.000 0.000 0.122 0 1 0 0 0 0
 2680 166072.000 139910.000 0 0 0.000 0.000 0.000 0.121 0 1 0 0 0 0
 2681 163649.000 143668.000 0 0 54.000 48.000 2592.000 50.911 0 1 324 200 0 0
 2682 156413.000 152736.000 0 0 54.000 52.000 2808.000 52.990 0 1 349 200 0 0
 2683 148576.000 160075.000 0 0 50.000 54.000 2700.000 51.961 0 1 377 200 0 0
 2684 139539.000 166371.000 0 0 46.000 56.000 2576.000 50.754 0 1 408 200 0 0
 2685 138304.000 167110.000 0 0 0.000 0.000 0.000 0.120 0 1 0 0 0 0
 2686 136437.000 168253.000 0 0 0.000 0.000 0.000 0.122 0 1 0 0 0 0
 2687 135076.000 168816.000 0 0 0.000 0.000 0.000 0.120 0 1 0 0 0 0
 2688 131954.000 170343.000 0 0 0.000 0.000 0.000 0.120 0 1 0 0 0 0
 2689 127137.000 172353.000 0 0 0.000 0.000 0.000 0.120 0 1 0 0 0 0
 2690 119953.000 174609.000 0 0 0.000 0.000 0.000 0.121 0 1 0 0 0 0
 2691 110622.000 176512.000 0 0 0.000 0.000 0.000 0.120 0 1 0 0 0 0
 2692 107216.000 176878.000 0 0 28.000 52.000 1456.000 38.157 0 1 448 200 0 0
 2693 104103.000 177118.000 0 0 26.000 50.000 1300.000 36.055 0 1 451 200 0 0
 2694 102964.000 177168.000 0 0 24.000 50.000 1200.000 34.641 0 1 462 200 0 0
 2695 102599.000 177201.000 0 0 24.000 50.000 1200.000 34.641 0 1 462 200 0 0
 2696 98538.000 177211.000 0 0 24.000 50.000 1200.000 34.641 0 1 454 200 0 0
 2697 95097.000 177077.000 0 0 26.000 50.000 1300.000 36.055 0 1 455 200 0 0
 2698 94471.000 177029.000 0 0 26.000 50.000 1300.000 36.055 0 1 455 200 0 0
 2699 80214.000 174632.000 0 0 36.000 56.000 2016.000 44.899 0 1 442 200 0 0
 2700 76237.000 173442.000 0 0 38.000 54.000 2052.000 45.299 0 1 433 200 0 0
 2701 71439.000 171717.000 0 0 42.000 56.000 2352.000 48.497 0 1 428 200 0 0
 2702 65377.000 168973.000 0 0 0.000 0.000 0.000 0.120 0 1 0 0 0 0
 2703 61386.000 166816.000 0 0 0.000 0.000 0.000 0.121 0 1 0 0 0 0
 2704 57891.000 164648.000 0 0 48.000 54.000 2592.000 50.911 0 1 383 200 0 0
 2705 57521.000 164392.000 0 0 48.000 54.000 2592.000 50.911 0 1 383 200 0 0
 2706 39558.000 147888.000 0 0 0.000 0.000 0.000 0.122 0 1 0 0 0 0
 2707 29411.000 130839.000 0 0 0.000 0.000 0.000 0.122 0 1 0 0 0 0
 2708 28832.000 129532.000 0 0 0.000 0.000 0.000 0.120 0 1 0 0 0 0
 2709 26023.000 121498.000 0 0 56.000 36.000 2016.000 44.899 0 1 281 200 0 0
 2710 24368.000 114263.000 0 0 54.000 32.000 1728.000 41.569 0 1 270 200 0 0
 2711 23931.000 111829.000 0 0 52.000 30.000 1560.000 39.496 0 1 253 200 0 0
 2712 23655.000 109935.000 0 0 52.000 30.000 1560.000 39.496 0 1 253 200 0 0
 2713 23265.000 106099.000 0 0 0.000 0.000 0.000 0.120 0 1 0 0 0 0
 2714 23719.000 89961.000 0 0 0.000 0.000 0.000 0.121 0 1 0 0 0 0
 2715 24498.000 85493.000 0 0 0.000 0.000 0.000 0.120 0 1 0 0 0 0
 2716 53460.000 38868.000 0 0 50.000 54.000 2700.000 51.961 0 1 106 200 0 0
 2717 53540.000 38790.000 0 0 50.000 54.000 2700.000 51.961 0 1 106 200 0 0
 2718 63198.000 32559.000 0 0 44.000 54.000 2376.000 48.744 0 1 91 200 0 0
 2719 64116.000 32080.000 0 0 44.000 56.000 2464.000 49.638 0 1 91 200 0 0
 2720 66739.000 30777.000 0 0 42.000 56.000 2352.000 48.497 0 1 88 200 0 0
 2721 66993.000 30631.000 0 0 42.000 56.000 2352.000 48.497 0 1 88 200 0 0
 2722 73053.000 28052.000 0 0 0.000 0.000 0.000 0.121 0 1 0 0 0 0
 2723 94056.000 23369.000 0 0 26.000 50.000 1300.000 36.055 0 1 52 200 0 0
 2724 96280.000 23241.000 0 0 0.000 0.000 0.000 0.120 0 1 0 0 0 0
 2725 103864.000 23236.000 0 0 0.000 0.000 0.000 0.121 0 1 0 0 0 0
 2726 131392.000 29802.000 0 0 42.000 54.000 2268.000 47.623 0 1 82 200 0 0
 2727 157580.000 48814.000 0 0 52.000 50.000 2600.000 50.990 0 1 123 210 0 0
 2728 160345.000 51958.000 0 0 54.000 50.000 2700.000 51.961 0 1 136 200 0 0
 2729 160697.000 52525.000 0 0 54.000 50.000 2700.000 51.961 0 1 136 200 0 0
 2730 161661.000 53784.000 0 0 0.000 0.000 0.000 0.121 0 1 0 0 0 0
 2731 176807.000 92128.000 0 0 52.000 28.000 1456.000 38.157 0 1 218 200 0 0
 2732 176889.000 92771.000 0 0 52.000 28.000 1456.000 38.157 0 1 218 200 0 0
 2733 177084.000 104539.000 0 0 50.000 26.000 1300.000 36.055 0 1 252 200 0 0
 2734 176199.000 112903.000 0 0 54.000 32.000 1728.000 41.569 0 1 267 200 0 0
 2735 175657.000 115792.000 0 0 54.000 34.000 1836.000 42.848 0 1 273 200 0 0
 2736 175329.000 117333.000 0 0 0.000 0.000 0.000 0.121 0 1 0 0 0 0
 2737 175305.000 117373.000 0 0 0.000 0.000 0.000 0.122 0 1 0 0 0 0
 2738 172370.000 127283.000 0 0 56.000 40.000 2240.000 47.328 0 1 294 200 0 0
 2739 161162.000 147371.000 0 0 54.000 50.000 2700.000 51.961 0 1 337 200 0 0
 2740 159525.000 149429.000 0 0 0.000 0.000 0.000 0.121 0 1 0 0 0 0
 2741 152635.000 156922.000 0 0 0.000 0.000 0.000 0.122 0 1 0 0 0 0
 2742 145642.000 162710.000 0 0 0.000 0.000 0.000 0.125 0 1 0 0 0 0
 2743 124341.000 173523.000 0 0 0.000 0.000 0.000 0.120 0 1 0 0 0 0
 2744 123894.000 173642.000 0 0 0.000 0.000 0.000 0.121 0 1 0 0 0 0
 2745 119619.000 174895.000 0 0 0.000 0.000 0.000 0.121 0 1 0 0 0 0
 2746 106759.000 177116.000 0 0 28.000 52.000 1456.000 38.157 0 1 448 200 0 0
 2747 103899.000 177319.000 0 0 26.000 50.000 1300.000 36.055 0 1 451 200 0 0
 2748 102320.000 177377.000 0 0 24.000 50.000 1200.000 34.641 0 1 462 200 0 0
 2749 97948.000 177334.000 0 0 24.000 50.000 1200.000 34.641 0 1 454 200 0 0
 2750 96322.000 177333.000 0 0 26.000 50.000 1300.000 36.055 0 1 454 200 0 0
 2751 90052.000 176781.000 0 0 0.000 0.000 0.000 0.125 0 1 0 0 0 0
 2752 69854.000 171273.000 0 0 0.000 0.000 0.000 0.120 0 1 0 0 0 0
 2753 61410.000 167046.000 0 0 0.000 0.000 0.000 0.120 0 1 0 0 0 0
 2754 60180.000 166333.000 0 0 0.000 0.000 0.000 0.122 0 1 0 0 0 0
 2755 38956.000 147336.000 0 0 0.000 0.000 0.000 0.121 0 1 0 0 0 0
 2756 32053.000 136709.000 0 0 0.000 0.000 0.000 0.120 0 1 0 0 0 0
 2757 28283.000 128506.000 0 0 0.000 0.000 0.000 0.120 0 1 0 0 0 0
 2758 28149.000 128257.000 0 0 0.000 0.000 0.000 0.122 0 1 0 0 0 0
 2759 24454.000 115701.000 0 0 54.000 34.000 1836.000 42.848 0 1 275 200 0 0
 2760 24259.000 114770.000 0 0 54.000 32.000 1728.000 41.569 0 1 270 200 0 0
 2761 52490.000 39432.000 0 0 50.000 54.000 2700.000 51.961 0 1 106 200 0 0
 2762 57562.000 35772.000 0 0 48.000 54.000 2592.000 50.911 0 1 97 200 0 0
 2763 57690.000 35657.000 0 0 48.000 54.000 2592.000 50.911 0 1 97 200 0 0
 2764 59409.000 34564.000 0 0 0.000 0.000 0.000 0.123 0 1 0 0 0 0
 2765 62182.000 32939.000 0 0 46.000 54.000 2484.000 49.839 0 1 91 200 0 0
 2766 66273.000 30797.000 0 0 42.000 56.000 2352.000 48.497 0 1 88 200 0 0
 2767 80368.000 25546.000 0 0 0.000 0.000 0.000 0.121 0 1 0 0 0 0
 2768 95518.000 23133.000 0 0 0.000 0.000 0.000 0.120 0 1 0 0 0 0
 2769 108560.000 23435.000 0 0 28.000 52.000 1456.000 38.157 0 1 47 200 0 0
 2770 110492.000 23686.000 0 0 0.000 0.000 0.000 0.122 0 1 0 0 0 0
 2771 118629.000 25222.000 0 0 0.000 0.000 0.000 0.121 0 1 0 0 0 0
 2772 120142.000 25599.000 0 0 36.000 56.000 2016.000 44.899 0 1 55 200 0 0
 2773 122866.000 26407.000 0 0 0.000 0.000 0.000 0.120 0 1 0 0 0 0
 2774 125245.000 27175.000 0 0 40.000 54.000 2160.000 46.475 0 1 70 200 0 0
 2775 130697.000 29285.000 0 0 42.000 54.000 2268.000 47.623 0 1 82 200 0 0
 2776 139777.000 33912.000 0 0 46.000 56.000 2576.000 50.754 0 1 80 200 0 0
 2777 139866.000 34024.000 0 0 46.000 56.000 2576.000 50.754 0 1 80 200 0 0
 2778 143071.000 36001.000 0 0 0.000 0.000 0.000 0.121 0 1 0 0 0 0
 2779 152814.000 43747.000 0 0 0.000 0.000 0.000 0.121 0 1 0 0 0 0
 2780 155364.000 46210.000 0 0 0.000 0.000 0.000 0.124 0 1 0 0 0 0
 2781 156006.000 46836.000 0 0 54.000 52.000 2808.000 52.990 0 1 120 200 0 0
 2782 162986.000 55276.000 0 0 54.000 48.000 2592.000 50.911 0 1 144 200 0 0
 2783 163505.000 56052.000 0 0 54.000 48.000 2592.000 50.911 0 1 144 200 0 0
 2784 165328.000 58799.000 0 0 0.000 0.000 0.000 0.121 0 1 0 0 0 0
 2785 166477.000 60650.000 0 0 0.000 0.000 0.000 0.120 0 1 0 0 0 0
 2786 174528.000 79440.000 0 0 0.000 0.000 0.000 0.120 0 1 0 0 0 0
 2787 175031.000 81194.000 0 0 54.000 36.000 1944.000 44.090 0 1 200 200 0 0
 2788 175918.000 85152.000 0 0 0.000 0.000 0.000 0.120 0 1 0 0 0 0
 2789 177297.000 96140.000 0 0 0.000 0.000 0.000 0.120 0 1 0 0 0 0
 2790 177523.000 101279.000 0 0 0.000 0.000 0.000 0.122 0 1 0 0 0 0
 2791 176242.000 113657.000 0 0 54.000 32.000 1728.000 41.569 0 1 267 200 0 0
 2792 175906.000 115397.000 0 0 54.000 32.000 1728.000 41.569 0 1 273 200 0 0
 2793 175535.000 117141.000 0 0 0.000 0.000 0.000 0.121 0 1 0 0 0 0
 2794 175325.000 118081.000 0 0 0.000 0.000 0.000 0.120 0 1 0 0 0 0
 2795 174517.000 121195.000 0 0 0.000 0.000 0.000 0.121 0 1 0 0 0 0
 2796 174485.000 121355.000 0 0 0.000 0.000 0.000 0.122 0 1 0 0 0 0
 2797 174070.000 122686.000 0 0 0.000 0.000 0.000 0.120 0 1 0 0 0 0
 2798 172456.000 127434.000 0 0 56.000 40.000 2240.000 47.328 0 1 294 200 0 0
 2799 170905.000 131365.000 0 0 54.000 42.000 2268.000 47.623 0 1 301 200 0 0
 2800 169136.000 135043.000 0 0 0.000 0.000 0.000 0.120 0 1 0 0 0 0
 2801 168888.000 135782.000 0 0 0.000 0.000 0.000 0.121 0 1 0 0 0 0
 2802 163261.000 144844.000 0 0 0.000 0.000 0.000 0.121 0 1 0 0 0 0
 2803 157205.000 152360.000 0 0 54.000 50.000 2700.000 51.961 0 1 349 200 0 0
 2804 154713.000 154983.000 0 0 52.000 52.000 2704.000 52.000 0 1 356 210 0 0
 2805 146833.000 161822.000 0 0 50.000 54.000 2700.000 51.961 0 1 384 200 0 0
 2806 146711.000 161911.000 0 0 50.000 54.000 2700.000 51.961 0 1 384 200 0 0
 2807 131277.000 171021.000 0 0 0.000 0.000 0.000 0.120 0 1 0 0 0 0
 2808 112575.000 176605.000 0 0 0.000 0.000 0.000 0.120 0 1 0 0 0 0
 2809 103830.000 177492.000 0 0 26.000 50.000 1300.000 36.055 0 1 451 200 0 0
 2810 101532.000 177569.000 0 0 24.000 50.000 1200.000 34.641 0 1 462 200 0 0
 2811 99020.000 177560.000 0 0 24.000 50.000 1200.000 34.641 0 1 454 200 0 0
 2812 91529.000 177108.000 0 0 28.000 52.000 1456.000 38.157 0 1 460 200 0 0
 2813 85042.000 176115.000 0 0 0.000 0.000 0.000 0.121 0 1 0 0 0 0
 2814 80015.000 174975.000 0 0 36.000 56.000 2016.000 44.899 0 1 442 200 0 0
 2815 79074.000 174664.000 0 0 36.000 56.000 2016.000 44.899 0 1 442 200 0 0
 2816 78128.000 174395.000 0 0 0.000 0.000 0.000 0.121 0 1 0 0 0 0
 2817 54670.000 162847.000 0 0 0.000 0.000 0.000 0.120 0 1 0 0 0 0
 2818 47202.000 156665.000 0 0 0.000 0.000 0.000 0.120 0 1 0 0 0 0
 2819 26687.000 124582.000 0 0 0.000 0.000 0.000 0.120 0 1 0 0 0 0
 2820 26355.000 123668.000 0 0 0.000 0.000 0.000 0.120 0 1 0 0 0 0
 2821 26087.000 122812.000 0 0 54.000 38.000 2052.000 45.299 0 1 281 200 0 0
 2822 25278.000 119899.000 0 0 56.000 36.000 2016.000 44.899 0 1 281 200 0 0
 2823 24479.000 116498.000 0 0 54.000 34.000 1836.000 42.848 0 1 275 200 0 0
 2824 24027.000 114448.000 0 0 54.000 32.000 1728.000 41.569 0 1 270 200 0 0
 2825 23961.000 113973.000 0 0 54.000 32.000 1728.000 41.569 0 1 270 200 0 0
 2826 23426.000 110765.000 0 0 52.000 30.000 1560.000 39.496 0 1 253 200 0 0
 2827 23231.000 109203.000 0 0 52.000 28.000 1456.000 38.157 0 1 253 200 0 0
 2828 23191.000 108686.000 0 0 52.000 28.000 1456.000 38.157 0 1 253 200 0 0
 2829 52644.000 38929.000 0 0 50.000 54.000 2700.000 51.961 0 1 106 200 0 0
 2830 54517.000 37696.000 0 0 0.000 0.000 0.000 0.121 0 1 0 0 0 0
 2831 54678.000 37545.000 0 0 0.000 0.000 0.000 0.120 0 1 0 0 0 0
 2832 58089.000 35208.000 0 0 48.000 54.000 2592.000 50.911 0 1 97 200 0 0
 2833 87030.000 23894.000 0 0 0.000 0.000 0.000 0.120 0 1 0 0 0 0
 2834 93982.000 23043.000 0 0 26.000 50.000 1300.000 36.055 0 1 52 200 0 0
 2835 98399.000 22774.000 0 0 0.000 0.000 0.000 0.121 0 1 0 0 0 0
 2836 98585.000 22799.000 0 0 0.000 0.000 0.000 0.120 0 1 0 0 0 0
 2837 126540.000 27417.000 0 0 40.000 56.000 2240.000 47.328 0 1 70 200 0 0
 2838 131328.000 29397.000 0 0 42.000 54.000 2268.000 47.623 0 1 82 200 0 0
 2839 140671.000 34248.000 0 0 0.000 0.000 0.000 0.120 0 1 0 0 0 0
 2840 140929.000 34438.000 0 0 0.000 0.000 0.000 0.120 0 1 0 0 0 0
 2841 142267.000 35246.000 0 0 0.000 0.000 0.000 0.123 0 1 0 0 0 0
 2842 147116.000 38621.000 0 0 50.000 54.000 2700.000 51.961 0 1 107 200 0 0
 2843 147383.000 38895.000 0 0 50.000 54.000 2700.000 51.961 0 1 107 200 0 0
 2844 149695.000 40737.000 0 0 0.000 0.000 0.000 0.122 0 1 0 0 0 0
 2845 157705.000 48467.000 0 0 52.000 50.000 2600.000 50.990 0 1 123 210 0 0
 2846 163498.000 55727.000 0 0 54.000 48.000 2592.000 50.911 0 1 144 200 0 0
 2847 166641.000 60639.000 0 0 0.000 0.000 0.000 0.121 0 1 0 0 0 0
 2848 167756.000 62481.000 0 0 0.000 0.000 0.000 0.122 0 1 0 0 0 0
 2849 174408.000 78302.000 0 0 0.000 0.000 0.000 0.120 0 1 0 0 0 0
 2850 177570.000 98431.000 0 0 0.000 0.000 0.000 0.120 0 1 0 0 0 0
 2851 177550.000 98762.000 0 0 0.000 0.000 0.000 0.121 0 1 0 0 0 0
 2852 177492.000 103681.000 0 0 0.000 0.000 0.000 0.120 0 1 0 0 0 0
 2853 177499.000 103753.000 0 0 0.000 0.000 0.000 0.122 0 1 0 0 0 0
 2854 177395.000 105705.000 0 0 50.000 26.000 1300.000 36.055 0 1 252 200 0 0
 2855 175584.000 117715.000 0 0 0.000 0.000 0.000 0.120 0 1 0 0 0 0
 2856 175062.000 119855.000 0 0 0.000 0.000 0.000 0.123 0 1 0 0 0 0
 2857 174206.000 122928.000 0 0 0.000 0.000 0.000 0.121 0 1 0 0 0 0
 2858 165515.000 141803.000 0 0 0.000 0.000 0.000 0.120 0 1 0 0 0 0
 2859 165156.000 142359.000 0 0 0.000 0.000 0.000 0.121 0 1 0 0 0 0
 2860 161334.000 147724.000 0 0 54.000 50.000 2700.000 51.961 0 1 337 200 0 0
 2861 156903.000 152970.000 0 0 54.000 52.000 2808.000 52.990 0 1 349 200 0 0
 2862 156501.000 153363.000 0 0 54.000 52.000 2808.000 52.990 0 1 349 200 0 0
 2863 155791.000 154123.000 0 0 52.000 52.000 2704.000 52.000 0 1 356 210 0 0
 2864 145558.000 163017.000 0 0 0.000 0.000 0.000 0.122 0 1 0 0 0 0
 2865 140657.000 166299.000 0 0 0.000 0.000 0.000 0.121 0 1 0 0 0 0
 2866 139762.000 166796.000 0 0 46.000 56.000 2576.000 50.754 0 1 408 200 0 0
 2867 139196.000 167307.000 0 0 46.000 56.000 2576.000 50.754 0 1 408 200 0 0
 2868 127909.000 172602.000 0 0 0.000 0.000 0.000 0.120 0 1 0 0 0 0
 2869 108090.000 177315.000 0 0 0.000 0.000 0.000 0.121 0 1 0 0 0 0
 2870 105644.000 177541.000 0 0 0.000 0.000 0.000 0.120 0 1 0 0 0 0
 2871 100603.000 177756.000 0 0 24.000 51.000 1224.000 34.985 0 1 464 210 0 0
 2872 91676.000 177267.000 0 0 28.000 52.000 1456.000 38.157 0 1 460 200 0 0
 2873 86828.000 176626.000 0 0 32.000 54.000 1728.000 41.569 0 1 458 200 0 0
 2874 83454.000 175915.000 0 0 34.000 54.000 1836.000 42.848 0 1 445 200 0 0
 2875 79441.000 174911.000 0 0 36.000 56.000 2016.000 44.899 0 1 442 200 0 0
 2876 70892.000 172053.000 0 0 42.000 56.000 2352.000 48.497 0 1 428 200 0 0
 2877 65996.000 169864.000 0 0 0.000 0.000 0.000 0.121 0 1 0 0 0 0
 2878 64347.000 169059.000 0 0 44.000 56.000 2464.000 49.638 0 1 423 200 0 0
 2879 62937.000 168273.000 0 0 0.000 0.000 0.000 0.120 0 1 0 0 0 0
 2880 57443.000 165013.000 0 0 48.000 54.000 2592.000 50.911 0 1 383 200 0 0
 2881 51647.000 160751.000 0 0 0.000 0.000 0.000 0.120 0 1 0 0 0 0
 2882 48281.000 157888.000 0 0 50.000 52.000 2600.000 50.990 0 1 369 200 0 0
 2883 41185.000 150716.000 0 0 0.000 0.000 0.000 0.121 0 1 0 0 0 0
 2884 41231.000 150651.000 0 0 0.000 0.000 0.000 0.120 0 1 0 0 0 0
 2885 24765.000 118799.000 0 0 0.000 0.000 0.000 0.123 0 1 0 0 0 0
 2886 24377.000 116980.000 0 0 54.000 34.000 1836.000 42.848 0 1 275 200 0 0
 2887 23070.000 109133.000 0 0 52.000 28.000 1456.000 38.157 0 1 253 200 0 0
 2888 22563.000 101472.000 0 0 0.000 0.000 0.000 0.120 0 1 0 0 0 0
 2889 50630.000 40467.000 0 0 0.000 0.000 0.000 0.122 0 1 0 0 0 0
 2890 52055.000 39276.000 0 0 50.000 54.000 2700.000 51.961 0 1 106 200 0 0
 2891 55717.000 36594.000 0 0 0.000 0.000 0.000 0.120 0 1 0 0 0 0
 2892 60989.000 33252.000 0 0 46.000 56.000 2576.000 50.754 0 1 91 200 0 0
 2893 108109.000 23041.000 0 0 28.000 52.000 1456.000 38.157 0 1 47 200 0 0
 2894 116013.000 24274.000 0 0 0.000 0.000 0.000 0.121 0 1 0 0 0 0
 2895 123970.000 26313.000 0 0 0.000 0.000 0.000 0.120 0 1 0 0 0 0
 2896 126021.000 27081.000 0 0 40.000 56.000 2240.000 47.328 0 1 70 200 0 0
 2897 158769.000 49437.000 0 0 52.000 52.000 2704.000 52.000 0 1 127 200 0 0
 2898 158950.000 49620.000 0 0 54.000 52.000 2808.000 52.990 0 1 127 200 0 0
 2899 161856.000 53194.000 0 0 0.000 0.000 0.000 0.121 0 1 0 0 0 0
 2900 164565.000 56974.000 0 0 0.000 0.000 0.000 0.122 0 1 0 0 0 0
 2901 166945.000 60778.000 0 0 0.000 0.000 0.000 0.124 0 1 0 0 0 0
 2902 170625.000 67818.000 0 0 0.000 0.000 0.000 0.121 0 1 0 0 0 0
 2903 171185.000 69056.000 0 0 0.000 0.000 0.000 0.120 0 1 0 0 0 0
 2904 172328.000 71671.000 0 0 0.000 0.000 0.000 0.120 0 1 0 0 0 0
 2905 172498.000 72240.000 0 0 0.000 0.000 0.000 0.120 0 1 0 0 0 0
 2906 174851.000 79223.000 0 0 0.000 0.000 0.000 0.120 0 1 0 0 0 0
 2907 176747.000 87829.000 0 0 0.000 0.000 0.000 0.120 0 1 0 0 0 0
 2908 177409.000 91867.000 0 0 52.000 28.000 1456.000 38.157 0 1 218 200 0 0
 2909 177412.000 93034.000 0 0 52.000 28.000 1456.000 38.157 0 1 218 200 0 0
 2910 177610.000 104744.000 0 0 50.000 26.000 1300.000 36.055 0 1 252 200 0 0
 2911 175551.000 118628.000 0 0 0.000 0.000 0.000 0.120 0 1 0 0 0 0
 2912 174709.000 121693.000 0 0 0.000 0.000 0.000 0.120 0 1 0 0 0 0
 2913 167520.000 138674.000 0 0 54.000 46.000 2484.000 49.839 0 1 315 200 0 0
 2914 167262.000 139231.000 0 0 56.000 46.000 2576.000 50.754 0 1 315 200 0 0
 2915 161724.000 147499.000 0 0 54.000 50.000 2700.000 51.961 0 1 337 200 0 0
 2916 151853.000 158116.000 0 0 0.000 0.000 0.000 0.120 0 1 0 0 0 0
 2917 151228.000 158701.000 0 0 0.000 0.000 0.000 0.122 0 1 0 0 0 0
 2918 148735.000 160775.000 0 0 50.000 54.000 2700.000 51.961 0 1 377 200 0 0
 2919 146950.000 162277.000 0 0 50.000 54.000 2700.000 51.961 0 1 384 200 0 0
 2920 130571.000 171665.000 0 0 0.000 0.000 0.000 0.120 0 1 0 0 0 0
 2921 130508.000 171698.000 0 0 0.000 0.000 0.000 0.120 0 1 0 0 0 0
 2922 108591.000 177427.000 0 0 0.000 0.000 0.000 0.122 0 1 0 0 0 0
 2923 102781.000 177873.000 0 0 24.000 50.000 1200.000 34.641 0 1 462 200 0 0
 2924 98065.000 177944.000 0 0 24.000 50.000 1200.000 34.641 0 1 454 200 0 0
 2925 97575.000 177881.000 0 0 24.000 50.000 1200.000 34.641 0 1 454 200 0 0
 2926 96751.000 177871.000 0 0 26.000 50.000 1300.000 36.055 0 1 454 200 0 0
 2927 93869.000 177649.000 0 0 0.000 0.000 0.000 0.120 0 1 0 0 0 0
 2928 91315.000 177416.000 0 0 28.000 52.000 1456.000 38.157 0 1 460 200 0 0
 2929 90978.000 177405.000 0 0 28.000 52.000 1456.000 38.157 0 1 460 200 0 0
 2930 90157.000 177296.000 0 0 0.000 0.000 0.000 0.120 0 1 0 0 0 0
 2931 88922.000 177131.000 0 0 30.000 52.000 1560.000 39.496 0 1 458 200 0 0
 2932 83666.000 176163.000 0 0 34.000 54.000 1836.000 42.848 0 1 445 200 0 0
 2933 83615.000 176207.000 0 0 34.000 54.000 1836.000 42.848 0 1 445 200 0 0
 2934 66383.000 170225.000 0 0 0.000 0.000 0.000 0.120 0 1 0 0 0 0
 2935 64164.000 169247.000 0 0 44.000 56.000 2464.000 49.638 0 1 423 200 0 0
 2936 43414.000 153426.000 0 0 0.000 0.000 0.000 0.121 0 1 0 0 0 0
 2937 35246.000 143069.000 0 0 0.000 0.000 0.000 0.121 0 1 0 0 0 0
 2938 29805.000 133351.000 0 0 0.000 0.000 0.000 0.120 0 1 0 0 0 0
 2939 24076.000 116436.000 0 0 54.000 34.000 1836.000 42.848 0 1 275 200 0 0
 2940 23212.000 111411.000 0 0 52.000 30.000 1560.000 39.496 0 1 253 200 0 0
 2941 22370.000 100984.000 0 0 0.000 0.000 0.000 0.120 0 1 0 0 0 0
 2942 48336.000 42212.000 0 0 50.000 52.000 2600.000 50.990 0 1 113 200 0 0
 2943 48498.000 41991.000 0 0 50.000 52.000 2600.000 50.990 0 1 113 200 0 0
 2944 53363.000 38105.000 0 0 50.000 54.000 2700.000 51.961 0 1 106 200 0 0
 2945 54015.000 37590.000 0 0 0.000 0.000 0.000 0.120 0 1 0 0 0 0
 2946 57262.000 35324.000 0 0 48.000 54.000 2592.000 50.911 0 1 97 200 0 0
 2947 58711.000 34224.000 0 0 0.000 0.000 0.000 0.126 0 1 0 0 0 0
 2948 59112.000 34177.000 0 0 0.000 0.000 0.000 0.120 0 1 0 0 0 0
 2949 61469.000 32594.000 0 0 46.000 54.000 2484.000 49.839 0 1 91 200 0 0
 2950 63168.000 31811.000 0 0 44.000 54.000 2376.000 48.744 0 1 91 200 0 0
 2951 78082.000 25673.000 0 0 0.000 0.000 0.000 0.120 0 1 0 0 0 0
 2952 81178.000 24819.000 0 0 0.000 0.000 0.000 0.120 0 1 0 0 0 0
 2953 117472.000 24438.000 0 0 0.000 0.000 0.000 0.123 0 1 0 0 0 0
 2954 119502.000 24935.000 0 0 36.000 56.000 2016.000 44.899 0 1 55 200 0 0
 2955 120070.000 25047.000 0 0 36.000 56.000 2016.000 44.899 0 1 55 200 0 0
 2956 136810.000 31664.000 0 0 44.000 56.000 2464.000 49.638 0 1 80 200 0 0
 2957 140088.000 33560.000 0 0 46.000 56.000 2576.000 50.754 0 1 80 200 0 0
 2958 163996.000 55819.000 0 0 54.000 48.000 2592.000 50.911 0 1 144 200 0 0
 2959 169544.000 65163.000 0 0 56.000 44.000 2464.000 49.638 0 1 168 200 0 0
 2960 170830.000 67821.000 0 0 0.000 0.000 0.000 0.120 0 1 0 0 0 0
 2961 175344.000 80367.000 0 0 0.000 0.000 0.000 0.121 0 1 0 0 0 0
 2962 177460.000 92056.000 0 0 52.000 28.000 1456.000 38.157 0 1 218 200 0 0
 2963 177821.000 96874.000 0 0 0.000 0.000 0.000 0.122 0 1 0 0 0 0
 2964 177862.000 102772.000 0 0 0.000 0.000 0.000 0.120 0 1 0 0 0 0
 2965 177834.000 103562.000 0 0 0.000 0.000 0.000 0.120 0 1 0 0 0 0
 2966 177765.000 104909.000 0 0 50.000 26.000 1300.000 36.055 0 1 252 200 0 0
 2967 177284.000 110375.000 0 0 52.000 30.000 1560.000 39.496 0 1 260 200 0 0
 2968 176531.000 114720.000 0 0 0.000 0.000 0.000 0.121 0 1 0 0 0 0
 2969 174143.000 124272.000 0 0 0.000 0.000 0.000 0.121 0 1 0 0 0 0
 2970 165593.000 142353.000 0 0 0.000 0.000 0.000 0.120 0 1 0 0 0 0
 2971 161835.000 147674.000 0 0 54.000 50.000 2700.000 51.961 0 1 337 200 0 0
 2972 155548.000 154859.000 0 0 52.000 52.000 2704.000 52.000 0 1 356 210 0 0
 2973 147474.000 162153.000 0 0 50.000 54.000 2700.000 51.961 0 1 384 200 0 0
 2974 136650.000 168936.000 0 0 0.000 0.000 0.000 0.123 0 1 0 0 0 0
 2975 132480.000 171014.000 0 0 0.000 0.000 0.000 0.120 0 1 0 0 0 0
 2976 126816.000 173359.000 0 0 0.000 0.000 0.000 0.122 0 1 0 0 0 0
 2977 120751.000 175273.000 0 0 36.000 56.000 2016.000 44.899 0 1 447 200 0 0
 2978 118809.000 175822.000 0 0 0.000 0.000 0.000 0.120 0 1 0 0 0 0
 2979 112457.000 177068.000 0 0 0.000 0.000 0.000 0.120 0 1 0 0 0 0
 2980 109840.000 177483.000 0 0 0.000 0.000 0.000 0.121 0 1 0 0 0 0
 2981 105829.000 177883.000 0 0 0.000 0.000 0.000 0.121 0 1 0 0 0 0
 2982 100370.000 178109.000 0 0 24.000 51.000 1224.000 34.985 0 1 464 210 0 0
 2983 88117.000 177171.000 0 0 30.000 52.000 1560.000 39.496 0 1 458 200 0 0
 2984 86290.000 176912.000 0 0 32.000 54.000 1728.000 41.569 0 1 458 200 0 0
 2985 84001.000 176382.000 0 0 34.000 54.000 1836.000 42.848 0 1 445 200 0 0
 2986 80132.000 175490.000 0 0 36.000 56.000 2016.000 44.899 0 1 442 200 0 0
 2987 71103.000 172518.000 0 0 42.000 56.000 2352.000 48.497 0 1 428 200 0 0
 2988 61450.000 167894.000 0 0 0.000 0.000 0.000 0.124 0 1 0 0 0 0
 2989 59208.000 166514.000 0 0 0.000 0.000 0.000 0.120 0 1 0 0 0 0
 2990 57663.000 165527.000 0 0 48.000 55.000 2640.000 51.380 0 1 383 200 0 0
 2991 57011.000 165098.000 0 0 48.000 54.000 2592.000 50.911 0 1 383 200 0 0
 2992 46588.000 156851.000 0 0 0.000 0.000 0.000 0.120 0 1 0 0 0 0
 2993 42143.000 152208.000 0 0 0.000 0.000 0.000 0.121 0 1 0 0 0 0
 2994 24474.000 119037.000 0 0 0.000 0.000 0.000 0.123 0 1 0 0 0 0
 2995 24445.000 118787.000 0 0 0.000 0.000 0.000 0.122 0 1 0 0 0 0
 2996 23131.000 112200.000 0 0 52.000 30.000 1560.000 39.496 0 1 253 200 0 0
 2997 22978.000 111289.000 0 0 52.000 30.000 1560.000 39.496 0 1 253 200 0 0
 2998 22767.000 109426.000 0 0 52.000 30.000 1560.000 39.496 0 1 253 200 0 0
 2999 22690.000 108811.000 0 0 52.000 28.000 1456.000 38.157 0 1 253 200 0 0
 3000 22566.000 108126.000 0 0 52.000 28.000 1456.000 38.157 0 1 253 200 0 0
 3001 22255.000 103727.000 0 0 0.000 0.000 0.000 0.120 0 1 0 0 0 0
 3002 43960.000 46151.000 0 0 54.000 52.000 2808.000 52.990 0 1 122 200 0 0
 3003 45536.000 44620.000 0 0 52.000 52.000 2704.000 52.000 0 1 116 200 0 0
 3004 47399.000 42624.000 0 0 50.000 54.000 2700.000 51.961 0 1 113 200 0 0
 3005 48422.000 41860.000 0 0 50.000 52.000 2600.000 50.990 0 1 113 200 0 0
 3006 48566.000 41775.000 0 0 50.000 52.000 2600.000 50.990 0 1 113 200 0 0
 3007 50452.000 40157.000 0 0 0.000 0.000 0.000 0.123 0 1 0 0 0 0
 3008 52263.000 38702.000 0 0 50.000 54.000 2700.000 51.961 0 1 106 200 0 0
 3009 57729.000 34837.000 0 0 48.000 54.000 2592.000 50.911 0 1 97 200 0 0
 3010 112867.000 23328.000 0 0 0.000 0.000 0.000 0.120 0 1 0 0 0 0
 3011 134813.000 30422.000 0 0 44.000 56.000 2464.000 49.638 0 1 80 200 0 0
 3012 135428.000 30762.000 0 0 44.000 56.000 2464.000 49.638 0 1 80 200 0 0
 3013 145687.000 36977.000 0 0 0.000 0.000 0.000 0.121 0 1 0 0 0 0
 3014 147588.000 38361.000 0 0 50.000 54.000 2700.000 51.961 0 1 107 200 0 0
 3015 148175.000 38836.000 0 0 50.000 54.000 2700.000 51.961 0 1 107 200 0 0
 3016 148467.000 39094.000 0 0 50.000 54.000 2700.000 51.961 0 1 107 200 0 0
 3017 151591.000 41683.000 0 0 0.000 0.000 0.000 0.120 0 1 0 0 0 0
 3018 156249.000 46138.000 0 0 54.000 52.000 2808.000 52.990 0 1 120 200 0 0
 3019 156780.000 46522.000 0 0 54.000 52.000 2808.000 52.990 0 1 120 200 0 0
 3020 159833.000 50156.000 0 0 54.000 52.000 2808.000 52.990 0 1 127 200 0 0
 3021 162965.000 54137.000 0 0 0.000 0.000 0.000 0.120 0 1 0 0 0 0
 3022 166882.000 60021.000 0 0 0.000 0.000 0.000 0.121 0 1 0 0 0 0
 3023 167972.000 61842.000 0 0 0.000 0.000 0.000 0.121 0 1 0 0 0 0
 3024 169645.000 65041.000 0 0 56.000 44.000 2464.000 49.638 0 1 168 200 0 0
 3025 174054.000 75240.000 0 0 0.000 0.000 0.000 0.122 0 1 0 0 0 0
 3026 174880.000 78197.000 0 0 0.000 0.000 0.000 0.120 0 1 0 0 0 0
 3027 175331.000 79601.000 0 0 0.000 0.000 0.000 0.120 0 1 0 0 0 0
 3028 175890.000 81538.000 0 0 0.000 0.000 0.000 0.121 0 1 0 0 0 0
 3029 178012.000 96967.000 0 0 0.000 0.000 0.000 0.121 0 1 0 0 0 0
 3030 178060.000 100568.000 0 0 51.000 24.000 1224.000 34.985 0 1 238 200 0 0
 3031 177573.000 109248.000 0 0 52.000 28.000 1456.000 38.157 0 1 260 200 0 0
 3032 177488.000 109983.000 0 0 52.000 30.000 1560.000 39.496 0 1 260 200 0 0
 3033 177379.000 110697.000 0 0 52.000 30.000 1560.000 39.496 0 1 260 200 0 0
 3034 176936.000 113538.000 0 0 0.000 0.000 0.000 0.121 0 1 0 0 0 0
 3035 171502.000 131578.000 0 0 54.000 42.000 2268.000 47.623 0 1 301 200 0 0
 3036 171003.000 132690.000 0 0 56.000 42.000 2352.000 48.497 0 1 302 200 0 0
 3037 170002.000 134702.000 0 0 0.000 0.000 0.000 0.120 0 1 0 0 0 0
 3038 168817.000 137112.000 0 0 0.000 0.000 0.000 0.121 0 1 0 0 0 0
 3039 165524.000 142703.000 0 0 0.000 0.000 0.000 0.120 0 1 0 0 0 0
 3040 154028.000 156789.000 0 0 52.000 54.000 2808.000 52.990 0 1 359 200 0 0
 3041 150701.000 159586.000 0 0 0.000 0.000 0.000 0.121 0 1 0 0 0 0
 3042 132458.000 171192.000 0 0 0.000 0.000 0.000 0.120 0 1 0 0 0 0
 3043 112687.000 177201.000 0 0 0.000 0.000 0.000 0.120 0 1 0 0 0 0
 3044 107288.000 177939.000 0 0 28.000 52.000 1456.000 38.157 0 1 466 200 0 0
 3045 99965.000 178217.000 0 0 24.000 51.000 1224.000 34.985 0 1 464 210 0 0
 3046 91231.000 177756.000 0 0 28.000 52.000 1456.000 38.157 0 1 460 200 0 0
 3047 86832.000 177128.000 0 0 32.000 54.000 1728.000 41.569 0 1 458 200 0 0
 3048 82021.000 176142.000 0 0 0.000 0.000 0.000 0.121 0 1 0 0 0 0
 3049 76542.000 174625.000 0 0 0.000 0.000 0.000 0.120 0 1 0 0 0 0
 3050 71943.000 173014.000 0 0 0.000 0.000 0.000 0.121 0 1 0 0 0 0
 3051 69584.000 172062.000 0 0 0.000 0.000 0.000 0.120 0 1 0 0 0 0
 3052 64983.000 169887.000 0 0 44.000 56.000 2464.000 49.638 0 1 423 200 0 0
 3053 64758.000 169809.000 0 0 44.000 56.000 2464.000 49.638 0 1 423 200 0 0
 3054 48840.000 159064.000 0 0 52.000 52.000 2704.000 52.000 0 1 369 200 0 0
 3055 47356.000 157753.000 0 0 0.000 0.000 0.000 0.122 0 1 0 0 0 0
 3056 41763.000 152042.000 0 0 0.000 0.000 0.000 0.123 0 1 0 0 0 0
 3057 36433.000 145365.000 0 0 0.000 0.000 0.000 0.121 0 1 0 0 0 0
 3058 32399.000 139114.000 0 0 0.000 0.000 0.000 0.120 0 1 0 0 0 0
 3059 29861.000 134256.000 0 0 0.000 0.000 0.000 0.122 0 1 0 0 0 0
 3060 23747.000 116468.000 0 0 54.000 34.000 1836.000 42.848 0 1 275 200 0 0
 3061 22345.000 107220.000 0 0 52.000 28.000 1456.000 38.157 0 1 253 200 0 0
 3062 22312.000 106888.000 0 0 52.000 28.000 1456.000 38.157 0 1 253 200 0 0
 3063 22160.000 104866.000 0 0 50.000 26.000 1300.000 36.055 0 1 253 200 0 0
 3064 43183.000 46549.000 0 0 54.000 52.000 2808.000 52.990 0 1 122 200 0 0
 3065 47997.000 42080.000 0 0 50.000 54.000 2700.000 51.961 0 1 113 200 0 0
 3066 53410.000 37627.000 0 0 48.000 56.000 2688.000 51.845 0 1 106 200 0 0
 3067 56692.000 35309.000 0 0 46.000 54.000 2484.000 49.839 0 1 97 200 0 0
 3068 87033.000 23246.000 0 0 0.000 0.000 0.000 0.120 0 1 0 0 0 0
 3069 121500.000 25104.000 0 0 0.000 0.000 0.000 0.121 0 1 0 0 0 0
 3070 121734.000 25174.000 0 0 0.000 0.000 0.000 0.120 0 1 0 0 0 0
 3071 124514.000 26019.000 0 0 0.000 0.000 0.000 0.121 0 1 0 0 0 0
 3072 132063.000 28954.000 0 0 42.000 54.000 2268.000 47.623 0 1 76 200 0 0
 3073 136576.000 31131.000 0 0 44.000 56.000 2464.000 49.638 0 1 80 200 0 0
 3074 136914.000 31167.000 0 0 44.000 56.000 2464.000 49.638 0 1 80 200 0 0
 3075 139077.000 32492.000 0 0 46.000 56.000 2576.000 50.754 0 1 80 200 0 0
 3076 139660.000 32846.000 0 0 46.000 56.000 2576.000 50.754 0 1 80 200 0 0
 3077 139799.000 32956.000 0 0 46.000 56.000 2576.000 50.754 0 1 80 200 0 0
 3078 139992.000 33040.000 0 0 46.000 56.000 2576.000 50.754 0 1 80 200 0 0
 3079 141295.000 33855.000 0 0 0.000 0.000 0.000 0.122 0 1 0 0 0 0
 3080 154024.000 43713.000 0 0 0.000 0.000 0.000 0.120 0 1 0 0 0 0
 3081 157550.000 47252.000 0 0 54.000 50.000 2700.000 51.961 0 1 123 210 0 0
 3082 157738.000 47532.000 0 0 54.000 50.000 2700.000 51.961 0 1 123 210 0 0
 3083 158091.000 47909.000 0 0 54.000 50.000 2700.000 51.961 0 1 123 210 0 0
 3084 163293.000 54047.000 0 0 0.000 0.000 0.000 0.122 0 1 0 0 0 0
 3085 171195.000 67782.000 0 0 0.000 0.000 0.000 0.120 0 1 0 0 0 0
 3086 172349.000 70122.000 0 0 0.000 0.000 0.000 0.121 0 1 0 0 0 0
 3087 172676.000 71360.000 0 0 0.000 0.000 0.000 0.120 0 1 0 0 0 0
 3088 174579.000 76694.000 0 0 0.000 0.000 0.000 0.120 0 1 0 0 0 0
 3089 177094.000 86698.000 0 0 0.000 0.000 0.000 0.121 0 1 0 0 0 0
 3090 178072.000 105915.000 0 0 50.000 26.000 1300.000 36.055 0 1 252 200 0 0
 3091 177837.000 108382.000 0 0 0.000 0.000 0.000 0.120 0 1 0 0 0 0
 3092 176318.000 117611.000 0 0 54.000 34.000 1836.000 42.848 0 1 277 200 0 0
 3093 169141.000 137201.000 0 0 0.000 0.000 0.000 0.124 0 1 0 0 0 0
 3094 168986.000 137178.000 0 0 0.000 0.000 0.000 0.120 0 1 0 0 0 0
 3095 162444.000 147433.000 0 0 54.000 50.000 2700.000 51.961 0 1 337 200 0 0
 3096 161998.000 147955.000 0 0 54.000 50.000 2700.000 51.961 0 1 337 200 0 0
 3097 156382.000 154522.000 0 0 52.000 52.000 2704.000 52.000 0 1 356 210 0 0
 3098 154710.000 156336.000 0 0 52.000 52.000 2704.000 52.000 0 1 359 200 0 0
 3099 153582.000 157206.000 0 0 52.000 54.000 2808.000 52.990 0 1 359 200 0 0
 3100 149104.000 161168.000 0 0 50.000 54.000 2700.000 51.961 0 1 377 200 0 0
 3101 147449.000 162428.000 0 0 50.000 54.000 2700.000 51.961 0 1 384 200 0 0
 3102 146854.000 162878.000 0 0 48.000 56.000 2688.000 51.845 0 1 384 200 0 0
 3103 141503.000 166547.000 0 0 48.000 56.000 2688.000 51.845 0 1 407 200 0 0
 3104 133464.000 170984.000 0 0 0.000 0.000 0.000 0.124 0 1 0 0 0 0
 3105 120505.000 175679.000 0 0 36.000 56.000 2016.000 44.899 0 1 447 200 0 0
 3106 117868.000 176357.000 0 0 0.000 0.000 0.000 0.120 0 1 0 0 0 0
 3107 107588.000 178088.000 0 0 28.000 52.000 1456.000 38.157 0 1 466 200 0 0
 3108 99248.000 178419.000 0 0 24.000 51.000 1224.000 34.985 0 1 464 210 0 0
 3109 94920.000 178246.000 0 0 26.000 50.000 1300.000 36.055 0 1 454 200 0 0
 3110 91048.000 177865.000 0 0 28.000 52.000 1456.000 38.157 0 1 460 200 0 0
 3111 88443.000 177561.000 0 0 30.000 52.000 1560.000 39.496 0 1 458 200 0 0
 3112 80557.000 176086.000 0 0 36.000 54.000 1944.000 44.090 0 1 442 200 0 0
 3113 80275.000 175871.000 0 0 36.000 56.000 2016.000 44.899 0 1 442 200 0 0
 3114 77054.000 174969.000 0 0 0.000 0.000 0.000 0.121 0 1 0 0 0 0
 3115 64193.000 169662.000 0 0 44.000 56.000 2464.000 49.638 0 1 423 200 0 0
 3116 60518.000 167697.000 0 0 0.000 0.000 0.000 0.123 0 1 0 0 0 0
 3117 59646.000 167139.000 0 0 0.000 0.000 0.000 0.121 0 1 0 0 0 0
 3118 48207.000 158796.000 0 0 52.000 52.000 2704.000 52.000 0 1 369 200 0 0
 3119 48070.000 158600.000 0 0 50.000 52.000 2600.000 50.990 0 1 369 200 0 0
 3120 41486.000 152016.000 0 0 0.000 0.000 0.000 0.120 0 1 0 0 0 0
 3121 39790.000 150020.000 0 0 0.000 0.000 0.000 0.120 0 1 0 0 0 0
 3122 26254.000 126093.000 0 0 0.000 0.000 0.000 0.120 0 1 0 0 0 0
 3123 23144.000 114266.000 0 0 0.000 0.000 0.000 0.122 0 1 0 0 0 0
 3124 48330.000 41096.000 0 0 52.000 52.000 2704.000 52.000 0 1 113 200 0 0
 3125 23033.000 113798.000 0 0 0.000 0.000 0.000 0.121 0 1 0 0 0 0
 3126 22317.000 108581.000 0 0 52.000 28.000 1456.000 38.157 0 1 253 200 0 0
 3127 22313.000 108419.000 0 0 52.000 28.000 1456.000 38.157 0 1 253 200 0 0
 3128 22210.000 107989.000 0 0 52.000 28.000 1456.000 38.157 0 1 253 200 0 0
 3129 22182.000 107117.000 0 0 52.000 28.000 1456.000 38.157 0 1 253 200 0 0
 3130 22120.000 106791.000 0 0 52.000 28.000 1456.000 38.157 0 1 253 200 0 0
 3131 40900.000 49026.000 0 0 52.000 52.000 2704.000 52.000 0 1 125 200 0 0
 3132 40942.000 49018.000 0 0 52.000 52.000 2704.000 52.000 0 1 125 200 0 0
 3133 49074.000 40902.000 0 0 52.000 52.000 2704.000 52.000 0 1 113 200 0 0
 3134 51642.000 38746.000 0 0 0.000 0.000 0.000 0.124 0 1 0 0 0 0
 3135 52194.000 38282.000 0 0 50.000 54.000 2700.000 51.961 0 1 106 200 0 0
 3136 62404.000 31614.000 0 0 46.000 54.000 2484.000 49.839 0 1 91 200 0 0
 3137 69643.000 28135.000 0 0 42.000 56.000 2352.000 48.497 0 1 65 200 0 0
 3138 100669.000 21966.000 0 0 0.000 0.000 0.000 0.121 0 1 0 0 0 0
 3139 107827.000 22300.000 0 0 28.000 52.000 1456.000 38.157 0 1 47 200 0 0
 3140 115244.000 23398.000 0 0 32.000 54.000 1728.000 41.569 0 1 51 200 0 0
 3141 119921.000 24495.000 0 0 36.000 56.000 2016.000 44.899 0 1 55 200 0 0
 3142 121158.000 24825.000 0 0 0.000 0.000 0.000 0.121 0 1 0 0 0 0
 3143 122349.000 25032.000 0 0 38.000 54.000 2052.000 45.299 0 1 54 200 0 0
 3144 123438.000 25507.000 0 0 0.000 0.000 0.000 0.120 0 1 0 0 0 0
 3145 123894.000 25633.000 0 0 0.000 0.000 0.000 0.121 0 1 0 0 0 0
 3146 131627.000 28579.000 0 0 42.000 54.000 2268.000 47.623 0 1 76 200 0 0
 3147 134624.000 29950.000 0 0 44.000 56.000 2464.000 49.638 0 1 80 200 0 0
 3148 135057.000 30157.000 0 0 44.000 56.000 2464.000 49.638 0 1 80 200 0 0
 3149 145401.000 36366.000 0 0 0.000 0.000 0.000 0.120 0 1 0 0 0 0
 3150 147387.000 37833.000 0 0 50.000 54.000 2700.000 51.961 0 1 107 200 0 0
 3151 153096.000 42425.000 0 0 0.000 0.000 0.000 0.122 0 1 0 0 0 0
 3152 153704.000 43173.000 0 0 0.000 0.000 0.000 0.120 0 1 0 0 0 0
 3153 155912.000 45301.000 0 0 52.000 52.000 2704.000 52.000 0 1 120 200 0 0
 3154 156449.000 45879.000 0 0 54.000 52.000 2808.000 52.990 0 1 120 200 0 0
 3155 156983.000 46433.000 0 0 54.000 52.000 2808.000 52.990 0 1 120 200 0 0
 3156 159595.000 49411.000 0 0 54.000 52.000 2808.000 52.990 0 1 127 200 0 0
 3157 161372.000 51471.000 0 0 0.000 0.000 0.000 0.124 0 1 0 0 0 0
 3158 164349.000 55465.000 0 0 54.000 48.000 2592.000 50.911 0 1 144 200 0 0
 3159 169711.000 64356.000 0 0 56.000 44.000 2464.000 49.638 0 1 168 200 0 0
 3160 173775.000 73587.000 0 0 56.000 40.000 2240.000 47.328 0 1 181 200 0 0
 3161 176877.000 84796.000 0 0 0.000 0.000 0.000 0.120 0 1 0 0 0 0
 3162 178181.000 93826.000 0 0 50.000 26.000 1300.000 36.055 0 1 218 200 0 0
 3163 177730.000 110634.000 0 0 52.000 30.000 1560.000 39.496 0 1 260 200 0 0
 3164 176664.000 116612.000 0 0 54.000 34.000 1836.000 42.848 0 1 277 200 0 0
 3165 176636.000 116887.000 0 0 54.000 34.000 1836.000 42.848 0 1 277 200 0 0
 3166 173792.000 126773.000 0 0 56.000 40.000 2240.000 47.328 0 1 290 200 0 0
 3167 171937.000 131572.000 0 0 54.000 42.000 2268.000 47.623 0 1 301 200 0 0
 3168 171045.000 133369.000 0 0 56.000 42.000 2352.000 48.497 0 1 302 200 0 0
 3169 168488.000 138428.000 0 0 0.000 0.000 0.000 0.123 0 1 0 0 0 0
 3170 161419.000 148988.000 0 0 54.000 50.000 2700.000 51.961 0 1 337 200 0 0
 3171 157497.000 153584.000 0 0 54.000 52.000 2808.000 52.990 0 1 356 210 0 0
 3172 157069.000 154022.000 0 0 54.000 52.000 2808.000 52.990 0 1 356 210 0 0
 3173 156811.000 154290.000 0 0 54.000 52.000 2808.000 52.990 0 1 356 210 0 0
 3174 155269.000 155833.000 0 0 52.000 52.000 2704.000 52.000 0 1 359 200 0 0
 3175 150647.000 160090.000 0 0 0.000 0.000 0.000 0.121 0 1 0 0 0 0
 3176 139408.000 168006.000 0 0 46.000 56.000 2576.000 50.754 0 1 408 200 0 0
 3177 138784.000 168353.000 0 0 46.000 54.000 2484.000 49.839 0 1 408 200 0 0
 3178 126995.000 173857.000 0 0 0.000 0.000 0.000 0.124 0 1 0 0 0 0
 3179 126817.000 173887.000 0 0 0.000 0.000 0.000 0.120 0 1 0 0 0 0
 3180 119876.000 176072.000 0 0 36.000 56.000 2016.000 44.899 0 1 447 200 0 0
 3181 109945.000 177981.000 0 0 0.000 0.000 0.000 0.121 0 1 0 0 0 0
 3182 107211.000 178325.000 0 0 28.000 52.000 1456.000 38.157 0 1 466 200 0 0
 3183 104941.000 178471.000 0 0 26.000 50.000 1300.000 36.055 0 1 468 200 0 0
 3184 99007.000 178522.000 0 0 24.000 50.000 1200.000 34.641 0 1 464 210 0 0
 3185 97797.000 178558.000 0 0 24.000 50.000 1200.000 34.641 0 1 454 200 0 0
 3186 92143.000 178209.000 0 0 28.000 52.000 1456.000 38.157 0 1 460 200 0 0
 3187 92082.000 178179.000 0 0 28.000 52.000 1456.000 38.157 0 1 460 200 0 0
 3188 91712.000 178136.000 0 0 28.000 52.000 1456.000 38.157 0 1 460 200 0 0
 3189 87498.000 177549.000 0 0 30.000 52.000 1560.000 39.496 0 1 458 200 0 0
 3190 84505.000 177083.000 0 0 32.000 54.000 1728.000 41.569 0 1 459 210 0 0
 3191 79648.000 176038.000 0 0 36.000 56.000 2016.000 44.899 0 1 442 200 0 0
 3192 77883.000 175422.000 0 0 0.000 0.000 0.000 0.120 0 1 0 0 0 0
 3193 68219.000 171807.000 0 0 42.000 54.000 2268.000 47.623 0 1 430 210 0 0
 3194 56411.000 165296.000 0 0 46.000 54.000 2484.000 49.839 0 1 383 200 0 0
 3195 39292.000 149680.000 0 0 0.000 0.000 0.000 0.121 0 1 0 0 0 0
 3196 22233.000 109422.000 0 0 52.000 30.000 1560.000 39.496 0 1 253 200 0 0
 3197 21700.000 101400.000 0 0 0.000 0.000 0.000 0.120 0 1 0 0 0 0
 3198 21863.000 95448.000 0 0 50.000 26.000 1300.000 36.055 0 1 224 200 0 0
 3199 22130.000 91895.000 0 0 52.000 28.000 1456.000 38.157 0 1 219 200 0 0
 3200 24716.000 78694.000 0 0 0.000 0.000 0.000 0.120 0 1 0 0 0 0
 3201 24697.000 78614.000 0 0 0.000 0.000 0.000 0.121 0 1 0 0 0 0
 3202 37804.000 52622.000 0 0 54.000 50.000 2700.000 51.961 0 1 134 200 0 0
 3203 41237.000 48423.000 0 0 52.000 52.000 2704.000 52.000 0 1 125 200 0 0
 3204 42179.000 47378.000 0 0 54.000 50.000 2700.000 51.961 0 1 125 200 0 0
 3205 43499.000 45947.000 0 0 54.000 52.000 2808.000 52.990 0 1 122 200 0 0
 3206 43651.000 45786.000 0 0 54.000 52.000 2808.000 52.990 0 1 122 200 0 0
 3207 45643.000 43801.000 0 0 52.000 52.000 2704.000 52.000 0 1 116 200 0 0
 3208 46050.000 43411.000 0 0 52.000 54.000 2808.000 52.990 0 1 116 200 0 0
 3209 46302.000 43146.000 0 0 52.000 54.000 2808.000 52.990 0 1 116 200 0 0
 3210 53119.000 37456.000 0 0 48.000 56.000 2688.000 51.845 0 1 106 200 0 0
 3211 60096.000 32761.000 0 0 0.000 0.000 0.000 0.120 0 1 0 0 0 0
 3212 63743.000 30723.000 0 0 0.000 0.000 0.000 0.121 0 1 0 0 0 0
 3213 79541.000 24492.000 0 0 0.000 0.000 0.000 0.120 0 1 0 0 0 0
 3214 84744.000 23289.000 0 0 0.000 0.000 0.000 0.121 0 1 0 0 0 0
 3215 86095.000 23069.000 0 0 0.000 0.000 0.000 0.121 0 1 0 0 0 0
 3216 109085.000 22166.000 0 0 28.000 52.000 1456.000 38.157 0 1 47 200 0 0
 3217 119285.000 24134.000 0 0 36.000 54.000 1944.000 44.090 0 1 55 200 0 0
 3218 119889.000 24262.000 0 0 36.000 56.000 2016.000 44.899 0 1 55 200 0 0
 3219 131305.000 28247.000 0 0 40.000 54.000 2160.000 46.475 0 1 76 200 0 0
 3220 136210.000 30610.000 0 0 44.000 56.000 2464.000 49.638 0 1 80 200 0 0
 3221 139337.000 32250.000 0 0 46.000 56.000 2576.000 50.754 0 1 80 200 0 0
 3222 140620.000 33044.000 0 0 46.000 56.000 2576.000 50.754 0 1 80 200 0 0
 3223 147441.000 37663.000 0 0 50.000 54.000 2700.000 51.961 0 1 107 200 0 0
 3224 159896.000 49249.000 0 0 54.000 52.000 2808.000 52.990 0 1 127 200 0 0
 3225 161386.000 51205.000 0 0 0.000 0.000 0.000 0.123 0 1 0 0 0 0
 3226 168806.000 62261.000 0 0 0.000 0.000 0.000 0.121 0 1 0 0 0 0
 3227 172414.000 69744.000 0 0 0.000 0.000 0.000 0.122 0 1 0 0 0 0
 3228 173965.000 73670.000 0 0 56.000 40.000 2240.000 47.328 0 1 181 200 0 0
 3229 177494.000 87174.000 0 0 0.000 0.000 0.000 0.122 0 1 0 0 0 0
 3230 178607.000 98656.000 0 0 50.000 24.000 1200.000 34.641 0 1 234 210 0 0
 3231 178613.000 99917.000 0 0 51.000 24.000 1224.000 34.985 0 1 238 200 0 0
 3232 178579.000 100449.000 0 0 51.000 24.000 1224.000 34.985 0 1 238 200 0 0
 3233 178610.000 100675.000 0 0 51.000 24.000 1224.000 34.985 0 1 238 200 0 0
 3234 178600.000 100728.000 0 0 50.000 24.000 1200.000 34.641 0 1 238 200 0 0
 3235 178597.000 102034.000 0 0 50.000 24.000 1200.000 34.641 0 1 238 200 0 0
 3236 178374.000 106681.000 0 0 52.000 28.000 1456.000 38.157 0 1 255 200 0 0
 3237 175979.000 120226.000 0 0 56.000 36.000 2016.000 44.899 0 1 282 200 0 0
 3238 175857.000 120793.000 0 0 56.000 36.000 2016.000 44.899 0 1 282 200 0 0
 3239 173695.000 127636.000 0 0 0.000 0.000 0.000 0.121 0 1 0 0 0 0
 3240 172992.000 129455.000 0 0 0.000 0.000 0.000 0.124 0 1 0 0 0 0
 3241 172672.000 130148.000 0 0 0.000 0.000 0.000 0.125 0 1 0 0 0 0
 3242 171378.000 133156.000 0 0 56.000 42.000 2352.000 48.497 0 1 302 200 0 0
 3243 168913.000 138315.000 0 0 0.000 0.000 0.000 0.125 0 1 0 0 0 0
 3244 163764.000 146175.000 0 0 0.000 0.000 0.000 0.120 0 1 0 0 0 0
 3245 157461.000 153822.000 0 0 54.000 52.000 2808.000 52.990 0 1 356 210 0 0
 3246 154574.000 156805.000 0 0 52.000 54.000 2808.000 52.990 0 1 359 200 0 0
 3247 153585.000 157714.000 0 0 52.000 54.000 2808.000 52.990 0 1 359 200 0 0
 3248 153104.000 158155.000 0 0 50.000 54.000 2700.000 51.961 0 1 359 200 0 0
 3249 144423.000 165008.000 0 0 0.000 0.000 0.000 0.121 0 1 0 0 0 0
 3250 142484.000 166279.000 0 0 48.000 56.000 2688.000 51.845 0 1 407 200 0 0
 3251 141169.000 167135.000 0 0 48.000 56.000 2688.000 51.845 0 1 407 200 0 0
 3252 140534.000 167591.000 0 0 46.000 56.000 2576.000 50.754 0 1 407 200 0 0
 3253 110477.000 178075.000 0 0 0.000 0.000 0.000 0.120 0 1 0 0 0 0
 3254 94214.000 178578.000 0 0 26.000 50.000 1300.000 36.055 0 1 454 200 0 0
 3255 84583.000 177233.000 0 0 32.000 54.000 1728.000 41.569 0 1 459 210 0 0
 3256 82333.000 176747.000 0 0 0.000 0.000 0.000 0.120 0 1 0 0 0 0
 3257 63879.000 170000.000 0 0 44.000 56.000 2464.000 49.638 0 1 423 200 0 0
 3258 61944.000 168913.000 0 0 0.000 0.000 0.000 0.121 0 1 0 0 0 0
 3259 56255.000 165367.000 0 0 46.000 54.000 2484.000 49.839 0 1 383 200 0 0
 3260 52995.000 163143.000 0 0 0.000 0.000 0.000 0.124 0 1 0 0 0 0
 3261 50488.000 161157.000 0 0 0.000 0.000 0.000 0.121 0 1 0 0 0 0
 3262 47841.000 159021.000 0 0 50.000 52.000 2600.000 50.990 0 1 369 200 0 0
 3263 43367.000 154549.000 0 0 0.000 0.000 0.000 0.120 0 1 0 0 0 0
 3264 38495.000 148978.000 0 0 0.000 0.000 0.000 0.124 0 1 0 0 0 0
 3265 37931.000 148253.000 0 0 0.000 0.000 0.000 0.120 0 1 0 0 0 0
 3266 28539.000 132579.000 0 0 0.000 0.000 0.000 0.122 0 1 0 0 0 0
 3267 22216.000 111057.000 0 0 0.000 0.000 0.000 0.121 0 1 0 0 0 0
 3268 22010.000 109065.000 0 0 52.000 28.000 1456.000 38.157 0 1 253 200 0 0
 3269 21683.000 105429.000 0 0 50.000 26.000 1300.000 36.055 0 1 253 200 0 0
 3270 21560.000 105283.000 0 0 50.000 26.000 1300.000 36.055 0 1 253 200 0 0
 3271 21522.000 101123.000 0 0 50.000 24.000 1200.000 34.641 0 1 240 200 0 0
 3272 21521.000 100136.000 0 0 51.000 24.000 1224.000 34.985 0 1 240 200 0 0
 3273 21740.000 93993.000 0 0 0.000 0.000 0.000 0.121 0 1 0 0 0 0
 3274 38444.000 51498.000 0 0 54.000 50.000 2700.000 51.961 0 1 134 200 0 0
 3275 42785.000 46453.000 0 0 54.000 52.000 2808.000 52.990 0 1 122 200 0 0
 3276 43119.000 46095.000 0 0 54.000 52.000 2808.000 52.990 0 1 122 200 0 0
 3277 44286.000 44901.000 0 0 0.000 0.000 0.000 0.120 0 1 0 0 0 0
 3278 49042.000 40449.000 0 0 52.000 52.000 2704.000 52.000 0 1 113 200 0 0
 3279 52104.000 37956.000 0 0 50.000 54.000 2700.000 51.961 0 1 106 200 0 0
 3280 70685.000 27349.000 0 0 0.000 0.000 0.000 0.122 0 1 0 0 0 0
 3281 108353.000 22035.000 0 0 28.000 52.000 1456.000 38.157 0 1 47 200 0 0
 3282 113565.000 22779.000 0 0 32.000 54.000 1728.000 41.569 0 1 51 200 0 0
 3283 113726.000 22778.000 0 0 32.000 54.000 1728.000 41.569 0 1 51 200 0 0
 3284 117447.000 23565.000 0 0 0.000 0.000 0.000 0.125 0 1 0 0 0 0
 3285 122788.000 24958.000 0 0 38.000 54.000 2052.000 45.299 0 1 54 200 0 0
 3286 129084.000 27135.000 0 0 0.000 0.000 0.000 0.120 0 1 0 0 0 0
 3287 132995.000 28793.000 0 0 42.000 56.000 2352.000 48.497 0 1 76 200 0 0
 3288 136675.000 30621.000 0 0 44.000 56.000 2464.000 49.638 0 1 80 200 0 0
 3289 138398.000 31555.000 0 0 46.000 54.000 2484.000 49.839 0 1 80 200 0 0
 3290 138507.000 31607.000 0 0 46.000 54.000 2484.000 49.839 0 1 80 200 0 0
 3291 151551.000 40777.000 0 0 0.000 0.000 0.000 0.121 0 1 0 0 0 0
 3292 157855.000 46878.000 0 0 54.000 50.000 2700.000 51.961 0 1 123 210 0 0
 3293 162645.000 52511.000 0 0 0.000 0.000 0.000 0.120 0 1 0 0 0 0
 3294 167864.000 60314.000 0 0 0.000 0.000 0.000 0.120 0 1 0 0 0 0
 3295 168999.000 62309.000 0 0 0.000 0.000 0.000 0.120 0 1 0 0 0 0
 3296 172631.000 69829.000 0 0 0.000 0.000 0.000 0.120 0 1 0 0 0 0
 3297 173087.000 70949.000 0 0 0.000 0.000 0.000 0.121 0 1 0 0 0 0
 3298 173885.000 72608.000 0 0 56.000 40.000 2240.000 47.328 0 1 181 200 0 0
 3299 178108.000 90087.000 0 0 0.000 0.000 0.000 0.123 0 1 0 0 0 0
 3300 178764.000 98933.000 0 0 50.000 24.000 1200.000 34.641 0 1 234 210 0 0
 3301 178734.000 101298.000 0 0 51.000 24.000 1224.000 34.985 0 1 238 200 0 0
 3302 177670.000 113267.000 0 0 0.000 0.000 0.000 0.120 0 1 0 0 0 0
 3303 176867.000 117543.000 0 0 54.000 34.000 1836.000 42.848 0 1 277 200 0 0
 3304 174193.000 126629.000 0 0 56.000 40.000 2240.000 47.328 0 1 290 200 0 0
 3305 171369.000 133579.000 0 0 56.000 42.000 2352.000 48.497 0 1 302 200 0 0
 3306 167808.000 140333.000 0 0 56.000 46.000 2576.000 50.754 0 1 321 200 0 0
 3307 165510.000 144008.000 0 0 54.000 46.000 2484.000 49.839 0 1 327 200 0 0
 3308 163766.000 146462.000 0 0 0.000 0.000 0.000 0.120 0 1 0 0 0 0
 3309 163370.000 147060.000 0 0 0.000 0.000 0.000 0.121 0 1 0 0 0 0
 3310 162270.000 148470.000 0 0 54.000 50.000 2700.000 51.961 0 1 337 200 0 0
 3311 161806.000 149055.000 0 0 54.000 50.000 2700.000 51.961 0 1 337 200 0 0
 3312 157689.000 153854.000 0 0 54.000 52.000 2808.000 52.990 0 1 356 210 0 0
 3313 156022.000 155575.000 0 0 52.000 52.000 2704.000 52.000 0 1 359 200 0 0
 3314 149186.000 161739.000 0 0 50.000 54.000 2700.000 51.961 0 1 377 200 0 0
 3315 148547.000 162222.000 0 0 50.000 54.000 2700.000 51.961 0 1 377 200 0 0
 3316 141958.000 166884.000 0 0 48.000 56.000 2688.000 51.845 0 1 407 200 0 0
 3317 139970.000 168102.000 0 0 46.000 56.000 2576.000 50.754 0 1 407 200 0 0
 3318 138202.000 169084.000 0 0 46.000 54.000 2484.000 49.839 0 1 408 200 0 0
 3319 136914.000 169819.000 0 0 0.000 0.000 0.000 0.122 0 1 0 0 0 0
 3320 135496.000 170636.000 0 0 0.000 0.000 0.000 0.121 0 1 0 0 0 0
 3321 115932.000 177343.000 0 0 0.000 0.000 0.000 0.120 0 1 0 0 0 0
 3322 98205.000 179074.000 0 0 24.000 50.000 1200.000 34.641 0 1 454 200 0 0
 3323 97457.000 178918.000 0 0 24.000 50.000 1200.000 34.641 0 1 454 200 0 0
 3324 89461.000 178216.000 0 0 0.000 0.000 0.000 0.121 0 1 0 0 0 0
 3325 84923.000 177437.000 0 0 32.000 54.000 1728.000 41.569 0 1 459 210 0 0
 3326 78044.000 175782.000 0 0 0.000 0.000 0.000 0.120 0 1 0 0 0 0
 3327 74376.000 174620.000 0 0 40.000 54.000 2160.000 46.475 0 1 446 200 0 0
 3328 72864.000 174063.000 0 0 40.000 56.000 2240.000 47.328 0 1 444 200 0 0
 3329 67905.000 172050.000 0 0 42.000 54.000 2268.000 47.623 0 1 430 210 0 0
 3330 67667.000 171934.000 0 0 42.000 54.000 2268.000 47.623 0 1 430 210 0 0
 3331 66377.000 171351.000 0 0 0.000 0.000 0.000 0.120 0 1 0 0 0 0
 3332 52279.000 162769.000 0 0 0.000 0.000 0.000 0.125 0 1 0 0 0 0
 3333 44878.000 156364.000 0 0 0.000 0.000 0.000 0.120 0 1 0 0 0 0
 3334 42040.000 153406.000 0 0 0.000 0.000 0.000 0.120 0 1 0 0 0 0
 3335 33990.000 143237.000 0 0 0.000 0.000 0.000 0.123 0 1 0 0 0 0
 3336 31353.000 138557.000 0 0 0.000 0.000 0.000 0.120 0 1 0 0 0 0
 3337 28496.000 133099.000 0 0 0.000 0.000 0.000 0.120 0 1 0 0 0 0
 3338 27316.000 130319.000 0 0 0.000 0.000 0.000 0.120 0 1 0 0 0 0
 3339 22063.000 110312.000 0 0 0.000 0.000 0.000 0.120 0 1 0 0 0 0
 3340 21771.000 108864.000 0 0 52.000 28.000 1456.000 38.157 0 1 253 200 0 0
 3341 21707.000 107375.000 0 0 52.000 28.000 1456.000 38.157 0 1 253 200 0 0
 3342 21378.000 102657.000 0 0 50.000 24.000 1200.000 34.641 0 1 240 200 0 0
 3343 21381.000 102306.000 0 0 50.000 24.000 1200.000 34.641 0 1 240 200 0 0
 3344 21417.000 97152.000 0 0 0.000 0.000 0.000 0.121 0 1 0 0 0 0
 3345 21310.000 96598.000 0 0 0.000 0.000 0.000 0.125 0 1 0 0 0 0
 3346 21425.000 96393.000 0 0 0.000 0.000 0.000 0.120 0 1 0 0 0 0
 3347 23585.000 81629.000 0 0 0.000 0.000 0.000 0.120 0 1 0 0 0 0
 3348 25649.000 74593.000 0 0 54.000 40.000 2160.000 46.475 0 1 187 200 0 0
 3349 26418.000 72439.000 0 0 56.000 40.000 2240.000 47.328 0 1 179 210 0 0
 3350 34233.000 57043.000 0 0 54.000 48.000 2592.000 50.911 0 1 138 200 0 0
 3351 36606.000 53621.000 0 0 56.000 48.000 2688.000 51.845 0 1 134 200 0 0
 3352 36914.000 53205.000 0 0 56.000 48.000 2688.000 51.845 0 1 134 200 0 0
 3353 41442.000 47682.000 0 0 52.000 50.000 2600.000 50.990 0 1 125 200 0 0
 3354 48988.000 40154.000 0 0 52.000 54.000 2808.000 52.990 0 1 113 200 0 0
 3355 50715.000 38893.000 0 0 0.000 0.000 0.000 0.120 0 1 0 0 0 0
 3356 54275.000 36204.000 0 0 0.000 0.000 0.000 0.120 0 1 0 0 0 0
 3357 67269.000 28582.000 0 0 0.000 0.000 0.000 0.120 0 1 0 0 0 0
 3358 69804.000 27407.000 0 0 42.000 56.000 2352.000 48.497 0 1 65 200 0 0
 3359 84386.000 23019.000 0 0 0.000 0.000 0.000 0.122 0 1 0 0 0 0
 3360 97739.000 21422.000 0 0 24.000 50.000 1200.000 34.641 0 1 37 200 0 0
 3361 100163.000 21408.000 0 0 0.000 0.000 0.000 0.121 0 1 0 0 0 0
 3362 102067.000 21450.000 0 0 0.000 0.000 0.000 0.123 0 1 0 0 0 0
 3363 102558.000 21483.000 0 0 0.000 0.000 0.000 0.120 0 1 0 0 0 0
 3364 107990.000 21814.000 0 0 28.000 52.000 1456.000 38.157 0 1 47 200 0 0
 3365 108042.000 21854.000 0 0 28.000 52.000 1456.000 38.157 0 1 47 200 0 0
 3366 114327.000 22760.000 0 0 32.000 54.000 1728.000 41.569 0 1 51 200 0 0
 3367 115074.000 22873.000 0 0 32.000 54.000 1728.000 41.569 0 1 51 200 0 0
 3368 132309.000 28323.000 0 0 42.000 54.000 2268.000 47.623 0 1 76 200 0 0
 3369 138816.000 31620.000 0 0 46.000 54.000 2484.000 49.839 0 1 80 200 0 0
 3370 175207.000 76293.000 0 0 0.000 0.000 0.000 0.121 0 1 0 0 0 0
 3371 175249.000 76482.000 0 0 0.000 0.000 0.000 0.122 0 1 0 0 0 0
 3372 175476.000 77175.000 0 0 0.000 0.000 0.000 0.121 0 1 0 0 0 0
 3373 177302.000 83716.000 0 0 54.000 34.000 1836.000 42.848 0 1 206 200 0 0
 3374 178897.000 102177.000 0 0 50.000 24.000 1200.000 34.641 0 1 238 200 0 0
 3375 178873.000 103251.000 0 0 0.000 0.000 0.000 0.121 0 1 0 0 0 0
 3376 178887.000 103433.000 0 0 0.000 0.000 0.000 0.122 0 1 0 0 0 0
 3377 178858.000 103583.000 0 0 0.000 0.000 0.000 0.120 0 1 0 0 0 0
 3378 178352.000 109772.000 0 0 52.000 30.000 1560.000 39.496 0 1 259 200 0 0
 3379 177665.000 114323.000 0 0 54.000 32.000 1728.000 41.569 0 1 268 200 0 0
 3380 177651.000 114428.000 0 0 54.000 32.000 1728.000 41.569 0 1 268 200 0 0
 3381 176198.000 120796.000 0 0 56.000 36.000 2016.000 44.899 0 1 282 200 0 0
 3382 176052.000 121344.000 0 0 56.000 36.000 2016.000 44.899 0 1 282 200 0 0
 3383 171449.000 133726.000 0 0 56.000 42.000 2352.000 48.497 0 1 302 200 0 0
 3384 170050.000 136975.000 0 0 56.000 44.000 2464.000 49.638 0 1 308 200 0 0
 3385 164951.000 145116.000 0 0 54.000 48.000 2592.000 50.911 0 1 327 200 0 0
 3386 160451.000 151000.000 0 0 0.000 0.000 0.000 0.120 0 1 0 0 0 0
 3387 155274.000 156594.000 0 0 52.000 52.000 2704.000 52.000 0 1 359 200 0 0
 3388 148284.000 162645.000 0 0 50.000 54.000 2700.000 51.961 0 1 377 200 0 0
 3389 143569.000 166024.000 0 0 0.000 0.000 0.000 0.120 0 1 0 0 0 0
 3390 133485.000 171695.000 0 0 0.000 0.000 0.000 0.121 0 1 0 0 0 0
 3391 125360.000 174937.000 0 0 0.000 0.000 0.000 0.122 0 1 0 0 0 0
 3392 124527.000 175208.000 0 0 0.000 0.000 0.000 0.120 0 1 0 0 0 0
 3393 113784.000 177917.000 0 0 0.000 0.000 0.000 0.120 0 1 0 0 0 0
 3394 108688.000 178658.000 0 0 0.000 0.000 0.000 0.120 0 1 0 0 0 0
 3395 85370.000 177734.000 0 0 32.000 54.000 1728.000 41.569 0 1 459 210 0 0
 3396 69760.000 173050.000 0 0 0.000 0.000 0.000 0.120 0 1 0 0 0 0
 3397 61166.000 168848.000 0 0 0.000 0.000 0.000 0.123 0 1 0 0 0 0
 3398 59883.000 168099.000 0 0 0.000 0.000 0.000 0.122 0 1 0 0 0 0
 3399 42615.000 154244.000 0 0 0.000 0.000 0.000 0.120 0 1 0 0 0 0
 3400 37791.000 148653.000 0 0 0.000 0.000 0.000 0.121 0 1 0 0 0 0
 3401 33081.000 141853.000 0 0 0.000 0.000 0.000 0.120 0 1 0 0 0 0
 3402 27886.000 131973.000 0 0 0.000 0.000 0.000 0.120 0 1 0 0 0 0
 3403 21433.000 106367.000 0 0 50.000 28.000 1400.000 37.416 0 1 253 200 0 0
 3404 21215.000 103052.000 0 0 50.000 24.000 1200.000 34.641 0 1 240 200 0 0
 3405 21157.000 100249.000 0 0 51.000 24.000 1224.000 34.985 0 1 240 200 0 0
 3406 21343.000 95268.000 0 0 50.000 26.000 1300.000 36.055 0 1 224 200 0 0
 3407 21544.000 92882.000 0 0 52.000 28.000 1456.000 38.157 0 1 219 200 0 0
 3408 22186.000 87775.000 0 0 52.000 30.000 1560.000 39.496 0 1 210 200 0 0
 3409 23946.000 79551.000 0 0 0.000 0.000 0.000 0.120 0 1 0 0 0 0
 3410 28026.000 68044.000 0 0 0.000 0.000 0.000 0.120 0 1 0 0 0 0
 3411 37153.000 52548.000 0 0 54.000 50.000 2700.000 51.961 0 1 134 200 0 0
 3412 39140.000 50051.000 0 0 0.000 0.000 0.000 0.122 0 1 0 0 0 0
 3413 39191.000 50064.000 0 0 0.000 0.000 0.000 0.123 0 1 0 0 0 0
 3414 42399.000 46175.000 0 0 54.000 52.000 2808.000 52.990 0 1 122 200 0 0
 3415 43887.000 44782.000 0 0 0.000 0.000 0.000 0.120 0 1 0 0 0 0
 3416 44718.000 43998.000 0 0 52.000 52.000 2704.000 52.000 0 1 116 200 0 0
 3417 45281.000 43442.000 0 0 52.000 52.000 2704.000 52.000 0 1 116 200 0 0
 3418 50999.000 38383.000 0 0 0.000 0.000 0.000 0.125 0 1 0 0 0 0
 3419 56763.000 34101.000 0 0 0.000 0.000 0.000 0.122 0 1 0 0 0 0
 3420 61380.000 31440.000 0 0 0.000 0.000 0.000 0.121 0 1 0 0 0 0
 3421 69459.000 27506.000 0 0 42.000 56.000 2352.000 48.497 0 1 65 200 0 0
 3422 73167.000 26007.000 0 0 0.000 0.000 0.000 0.121 0 1 0 0 0 0
 3423 89989.000 21942.000 0 0 0.000 0.000 0.000 0.120 0 1 0 0 0 0
 3424 93617.000 21563.000 0 0 0.000 0.000 0.000 0.122 0 1 0 0 0 0
 3425 97938.000 21245.000 0 0 24.000 50.000 1200.000 34.641 0 1 37 200 0 0
 3426 102483.000 21325.000 0 0 0.000 0.000 0.000 0.120 0 1 0 0 0 0
 3427 110696.000 21987.000 0 0 0.000 0.000 0.000 0.120 0 1 0 0 0 0
 3428 128693.000 26634.000 0 0 0.000 0.000 0.000 0.121 0 1 0 0 0 0
 3429 130637.000 27381.000 0 0 0.000 0.000 0.000 0.123 0 1 0 0 0 0
 3430 142082.000 33341.000 0 0 0.000 0.000 0.000 0.121 0 1 0 0 0 0
 3431 145153.000 35362.000 0 0 0.000 0.000 0.000 0.120 0 1 0 0 0 0
 3432 150627.000 39531.000 0 0 0.000 0.000 0.000 0.120 0 1 0 0 0 0
 3433 161033.000 49946.000 0 0 0.000 0.000 0.000 0.120 0 1 0 0 0 0
 3434 167297.000 58724.000 0 0 0.000 0.000 0.000 0.120 0 1 0 0 0 0
 3435 170469.000 64395.000 0 0 56.000 44.000 2464.000 49.638 0 1 168 200 0 0
 3436 171336.000 66011.000 0 0 0.000 0.000 0.000 0.120 0 1 0 0 0 0
 3437 172699.000 69074.000 0 0 0.000 0.000 0.000 0.120 0 1 0 0 0 0
 3438 177130.000 82575.000 0 0 54.000 34.000 1836.000 42.848 0 1 206 200 0 0
 3439 177166.000 82804.000 0 0 54.000 34.000 1836.000 42.848 0 1 206 200 0 0
 3440 177199.000 83099.000 0 0 54.000 34.000 1836.000 42.848 0 1 206 200 0 0
 3441 177624.000 85156.000 0 0 0.000 0.000 0.000 0.121 0 1 0 0 0 0
 3442 177850.000 86296.000 0 0 0.000 0.000 0.000 0.120 0 1 0 0 0 0
 3443 178801.000 93673.000 0 0 50.000 28.000 1400.000 37.416 0 1 218 200 0 0
 3444 179098.000 100913.000 0 0 50.000 24.000 1200.000 34.641 0 1 238 200 0 0
 3445 178893.000 105706.000 0 0 50.000 26.000 1300.000 36.055 0 1 255 200 0 0
 3446 178826.000 106627.000 0 0 52.000 28.000 1456.000 38.157 0 1 255 200 0 0
 3447 178801.000 107396.000 0 0 52.000 28.000 1456.000 38.157 0 1 255 200 0 0
 3448 177428.000 116571.000 0 0 54.000 34.000 1836.000 42.848 0 1 277 200 0 0
 3449 177125.000 118009.000 0 0 54.000 34.000 1836.000 42.848 0 1 277 200 0 0
 3450 176235.000 121285.000 0 0 56.000 36.000 2016.000 44.899 0 1 282 200 0 0
 3451 172551.000 131671.000 0 0 54.000 42.000 2268.000 47.623 0 1 301 200 0 0
 3452 168012.000 140625.000 0 0 56.000 46.000 2576.000 50.754 0 1 321 200 0 0
 3453 162418.000 148844.000 0 0 54.000 50.000 2700.000 51.961 0 1 337 200 0 0
 3454 161303.000 150222.000 0 0 0.000 0.000 0.000 0.123 0 1 0 0 0 0
 3455 159706.000 152106.000 0 0 0.000 0.000 0.000 0.122 0 1 0 0 0 0
 3456 155001.000 157030.000 0 0 52.000 52.000 2704.000 52.000 0 1 359 200 0 0
 3457 152430.000 159483.000 0 0 0.000 0.000 0.000 0.120 0 1 0 0 0 0
 3458 151584.000 160139.000 0 0 0.000 0.000 0.000 0.120 0 1 0 0 0 0
 3459 150978.000 160705.000 0 0 0.000 0.000 0.000 0.124 0 1 0 0 0 0
 3460 135477.000 170911.000 0 0 0.000 0.000 0.000 0.120 0 1 0 0 0 0
 3461 133836.000 171694.000 0 0 0.000 0.000 0.000 0.120 0 1 0 0 0 0
 3462 132718.000 172209.000 0 0 0.000 0.000 0.000 0.120 0 1 0 0 0 0
 3463 119869.000 176733.000 0 0 36.000 56.000 2016.000 44.899 0 1 447 200 0 0
 3464 100234.000 179274.000 0 0 0.000 0.000 0.000 0.121 0 1 0 0 0 0
 3465 97905.000 179266.000 0 0 24.000 50.000 1200.000 34.641 0 1 454 200 0 0
 3466 93278.000 178987.000 0 0 0.000 0.000 0.000 0.120 0 1 0 0 0 0
 3467 91130.000 178742.000 0 0 28.000 52.000 1456.000 38.157 0 1 460 200 0 0
 3468 78862.000 176372.000 0 0 0.000 0.000 0.000 0.120 0 1 0 0 0 0
 3469 71212.000 173834.000 0 0 42.000 56.000 2352.000 48.497 0 1 444 200 0 0
 3470 68910.000 172872.000 0 0 42.000 54.000 2268.000 47.623 0 1 437 200 0 0
 3471 67299.000 172140.000 0 0 42.000 54.000 2268.000 47.623 0 1 430 210 0 0
 3472 65596.000 171319.000 0 0 0.000 0.000 0.000 0.120 0 1 0 0 0 0
 3473 56686.000 166273.000 0 0 48.000 54.000 2592.000 50.911 0 1 383 200 0 0
 3474 56330.000 166042.000 0 0 48.000 54.000 2592.000 50.911 0 1 383 200 0 0
 3475 49063.000 160595.000 0 0 0.000 0.000 0.000 0.120 0 1 0 0 0 0
 3476 45892.000 157796.000 0 0 0.000 0.000 0.000 0.120 0 1 0 0 0 0
 3477 41326.000 153084.000 0 0 0.000 0.000 0.000 0.120 0 1 0 0 0 0
 3478 31575.000 139678.000 0 0 0.000 0.000 0.000 0.122 0 1 0 0 0 0
 3479 29979.000 136776.000 0 0 0.000 0.000 0.000 0.120 0 1 0 0 0 0
 3480 26545.000 129243.000 0 0 0.000 0.000 0.000 0.120 0 1 0 0 0 0
 3481 21242.000 105971.000 0 0 50.000 26.000 1300.000 36.055 0 1 253 200 0 0
 3482 21056.000 103503.000 0 0 50.000 26.000 1300.000 36.055 0 1 240 200 0 0
 3483 21054.000 101648.000 0 0 50.000 24.000 1200.000 34.641 0 1 240 200 0 0
 3484 21417.000 92311.000 0 0 52.000 28.000 1456.000 38.157 0 1 219 200 0 0
 3485 21731.000 89931.000 0 0 52.000 30.000 1560.000 39.496 0 1 210 200 0 0
 3486 21781.000 89334.000 0 0 52.000 30.000 1560.000 39.496 0 1 210 200 0 0
 3487 21983.000 86908.000 0 0 52.000 32.000 1664.000 40.792 0 1 210 200 0 0
 3488 22141.000 86877.000 0 0 52.000 32.000 1664.000 40.792 0 1 210 200 0 0
 3489 23427.000 80833.000 0 0 0.000 0.000 0.000 0.122 0 1 0 0 0 0
 3490 24432.000 77185.000 0 0 0.000 0.000 0.000 0.120 0 1 0 0 0 0
 3491 33213.000 58006.000 0 0 56.000 48.000 2688.000 51.845 0 1 138 200 0 0
 3492 35029.000 55307.000 0 0 0.000 0.000 0.000 0.123 0 1 0 0 0 0
 3493 40945.000 47671.000 0 0 52.000 50.000 2600.000 50.990 0 1 125 200 0 0
 3494 42759.000 45717.000 0 0 54.000 52.000 2808.000 52.990 0 1 122 200 0 0
 3495 45234.000 43268.000 0 0 52.000 52.000 2704.000 52.000 0 1 116 200 0 0
 3496 61457.000 31141.000 0 0 0.000 0.000 0.000 0.123 0 1 0 0 0 0
 3497 65265.000 29199.000 0 0 0.000 0.000 0.000 0.120 0 1 0 0 0 0
 3498 86519.000 22281.000 0 0 0.000 0.000 0.000 0.122 0 1 0 0 0 0
 3499 95550.000 21226.000 0 0 0.000 0.000 0.000 0.120 0 1 0 0 0 0
 3500 112105.000 22041.000 0 0 0.000 0.000 0.000 0.123 0 1 0 0 0 0
 3501 125994.000 25443.000 0 0 0.000 0.000 0.000 0.121 0 1 0 0 0 0
 3502 130235.000 27054.000 0 0 0.000 0.000 0.000 0.120 0 1 0 0 0 0
 3503 130487.000 27147.000 0 0 0.000 0.000 0.000 0.125 0 1 0 0 0 0
 3504 136241.000 29815.000 0 0 44.000 56.000 2464.000 49.638 0 1 80 200 0 0
 3505 141900.000 33025.000 0 0 0.000 0.000 0.000 0.121 0 1 0 0 0 0
 3506 148984.000 37956.000 0 0 0.000 0.000 0.000 0.121 0 1 0 0 0 0
 3507 156460.000 44656.000 0 0 52.000 52.000 2704.000 52.000 0 1 120 200 0 0
 3508 158258.000 46548.000 0 0 54.000 50.000 2700.000 51.961 0 1 123 210 0 0
 3509 159151.000 47525.000 0 0 0.000 0.000 0.000 0.121 0 1 0 0 0 0
 3510 160268.000 48601.000 0 0 54.000 52.000 2808.000 52.990 0 1 127 200 0 0
 3511 160763.000 49417.000 0 0 0.000 0.000 0.000 0.120 0 1 0 0 0 0
 3512 163655.000 53058.000 0 0 56.000 48.000 2688.000 51.845 0 1 137 200 0 0
 3513 170972.000 64893.000 0 0 56.000 44.000 2464.000 49.638 0 1 168 200 0 0
 3514 171680.000 66498.000 0 0 0.000 0.000 0.000 0.123 0 1 0 0 0 0
 3515 174302.000 72601.000 0 0 56.000 40.000 2240.000 47.328 0 1 181 200 0 0
 3516 177656.000 84250.000 0 0 54.000 32.000 1728.000 41.569 0 1 206 200 0 0
 3517 179091.000 94710.000 0 0 0.000 0.000 0.000 0.120 0 1 0 0 0 0
 3518 179230.000 96601.000 0 0 50.000 26.000 1300.000 36.055 0 1 231 200 0 0
 3519 179242.000 97691.000 0 0 50.000 24.000 1200.000 34.641 0 1 231 200 0 0
 3520 179267.000 100979.000 0 0 51.000 24.000 1224.000 34.985 0 1 238 200 0 0
 3521 178085.000 114118.000 0 0 54.000 32.000 1728.000 41.569 0 1 268 200 0 0
 3522 177271.000 118011.000 0 0 54.000 34.000 1836.000 42.848 0 1 277 200 0 0
 3523 174852.000 126425.000 0 0 54.000 40.000 2160.000 46.475 0 1 290 200 0 0
 3524 174340.000 127746.000 0 0 0.000 0.000 0.000 0.120 0 1 0 0 0 0
 3525 174322.000 128222.000 0 0 0.000 0.000 0.000 0.125 0 1 0 0 0 0
 3526 174132.000 128462.000 0 0 0.000 0.000 0.000 0.121 0 1 0 0 0 0
 3527 172589.000 132142.000 0 0 54.000 42.000 2268.000 47.623 0 1 301 200 0 0
 3528 171392.000 134794.000 0 0 0.000 0.000 0.000 0.120 0 1 0 0 0 0
 3529 170321.000 136877.000 0 0 56.000 44.000 2464.000 49.638 0 1 308 200 0 0
 3530 164854.000 145797.000 0 0 54.000 48.000 2592.000 50.911 0 1 327 200 0 0
 3531 163894.000 147207.000 0 0 0.000 0.000 0.000 0.120 0 1 0 0 0 0
 3532 160360.000 151689.000 0 0 0.000 0.000 0.000 0.122 0 1 0 0 0 0
 3533 154434.000 157880.000 0 0 0.000 0.000 0.000 0.125 0 1 0 0 0 0
 3534 151494.000 160516.000 0 0 0.000 0.000 0.000 0.122 0 1 0 0 0 0
 3535 151269.000 160733.000 0 0 0.000 0.000 0.000 0.120 0 1 0 0 0 0
 3536 148962.000 162562.000 0 0 50.000 54.000 2700.000 51.961 0 1 377 200 0 0
 3537 142099.000 167373.000 0 0 48.000 56.000 2688.000 51.845 0 1 407 200 0 0
 3538 138979.000 169219.000 0 0 46.000 54.000 2484.000 49.839 0 1 408 200 0 0
 3539 130874.000 173197.000 0 0 0.000 0.000 0.000 0.121 0 1 0 0 0 0
 3540 120371.000 176798.000 0 0 36.000 56.000 2016.000 44.899 0 1 447 200 0 0
 3541 118758.000 177247.000 0 0 0.000 0.000 0.000 0.124 0 1 0 0 0 0
 3542 117555.000 177520.000 0 0 0.000 0.000 0.000 0.120 0 1 0 0 0 0
 3543 115302.000 178001.000 0 0 32.000 54.000 1728.000 41.569 0 1 467 200 0 0
 3544 107050.000 179156.000 0 0 28.000 52.000 1456.000 38.157 0 1 466 200 0 0
 3545 104931.000 179292.000 0 0 26.000 50.000 1300.000 36.055 0 1 468 200 0 0
 3546 102950.000 179417.000 0 0 0.000 0.000 0.000 0.120 0 1 0 0 0 0
 3547 98167.000 179408.000 0 0 24.000 50.000 1200.000 34.641 0 1 454 200 0 0
 3548 72238.000 174368.000 0 0 40.000 56.000 2240.000 47.328 0 1 444 200 0 0
 3549 71818.000 174233.000 0 0 40.000 56.000 2240.000 47.328 0 1 444 200 0 0
 3550 70659.000 173768.000 0 0 42.000 56.000 2352.000 48.497 0 1 444 200 0 0
 3551 62883.000 170146.000 0 0 44.000 56.000 2464.000 49.638 0 1 423 200 0 0
 3552 60411.000 168802.000 0 0 0.000 0.000 0.000 0.121 0 1 0 0 0 0
 3553 53064.000 163981.000 0 0 0.000 0.000 0.000 0.121 0 1 0 0 0 0
 3554 45577.000 157737.000 0 0 0.000 0.000 0.000 0.127 0 1 0 0 0 0
 3555 38846.000 150489.000 0 0 0.000 0.000 0.000 0.120 0 1 0 0 0 0
 3556 35927.000 146682.000 0 0 0.000 0.000 0.000 0.121 0 1 0 0 0 0
 3557 32423.000 141456.000 0 0 0.000 0.000 0.000 0.121 0 1 0 0 0 0
 3558 24645.000 124443.000 0 0 0.000 0.000 0.000 0.121 0 1 0 0 0 0
 3559 20847.000 101001.000 0 0 51.000 24.000 1224.000 34.985 0 1 240 200 0 0
 3560 20861.000 98590.000 0 0 0.000 0.000 0.000 0.120 0 1 0 0 0 0
 3561 20974.000 95341.000 0 0 50.000 26.000 1300.000 36.055 0 1 224 200 0 0
 3562 20903.000 94504.000 0 0 50.000 26.000 1300.000 36.055 0 1 224 200 0 0
 3563 21187.000 93227.000 0 0 52.000 28.000 1456.000 38.157 0 1 219 200 0 0
 3564 21304.000 91650.000 0 0 52.000 28.000 1456.000 38.157 0 1 219 200 0 0
 3565 21722.000 88209.000 0 0 52.000 30.000 1560.000 39.496 0 1 210 200 0 0
 3566 21943.000 87159.000 0 0 52.000 32.000 1664.000 40.792 0 1 210 200 0 0
 3567 23090.000 80889.000 0 0 0.000 0.000 0.000 0.123 0 1 0 0 0 0
 3568 23556.000 79669.000 0 0 0.000 0.000 0.000 0.124 0 1 0 0 0 0
 3569 24205.000 77488.000 0 0 0.000 0.000 0.000 0.122 0 1 0 0 0 0
 3570 25054.000 74726.000 0 0 54.000 38.000 2052.000 45.299 0 1 187 200 0 0
 3571 26064.000 71972.000 0 0 56.000 40.000 2240.000 47.328 0 1 179 210 0 0
 3572 27967.000 67398.000 0 0 0.000 0.000 0.000 0.120 0 1 0 0 0 0
 3573 29502.000 64198.000 0 0 0.000 0.000 0.000 0.122 0 1 0 0 0 0
 3574 30551.000 62244.000 0 0 54.000 44.000 2376.000 48.744 0 1 154 200 0 0
 3575 33268.000 57569.000 0 0 56.000 48.000 2688.000 51.845 0 1 138 200 0 0
 3576 33921.000 56557.000 0 0 54.000 48.000 2592.000 50.911 0 1 138 200 0 0
 3577 36998.000 52240.000 0 0 54.000 50.000 2700.000 51.961 0 1 134 200 0 0
 3578 37428.000 51683.000 0 0 54.000 50.000 2700.000 51.961 0 1 134 200 0 0
 3579 40133.000 48392.000 0 0 0.000 0.000 0.000 0.123 0 1 0 0 0 0
 3580 45752.000 42501.000 0 0 52.000 54.000 2808.000 52.990 0 1 116 200 0 0
 3581 71401.000 26309.000 0 0 0.000 0.000 0.000 0.125 0 1 0 0 0 0
 3582 94668.000 21120.000 0 0 0.000 0.000 0.000 0.120 0 1 0 0 0 0
 3583 105663.000 20973.000 0 0 26.000 50.000 1300.000 36.055 0 1 40 200 0 0
 3584 116040.000 22493.000 0 0 0.000 0.000 0.000 0.123 0 1 0 0 0 0
 3585 122627.000 24199.000 0 0 38.000 54.000 2052.000 45.299 0 1 54 200 0 0
 3586 123225.000 24374.000 0 0 38.000 54.000 2052.000 45.299 0 1 54 200 0 0
 3587 135670.000 29303.000 0 0 44.000 56.000 2464.000 49.638 0 1 80 200 0 0
 3588 145348.000 35107.000 0 0 0.000 0.000 0.000 0.120 0 1 0 0 0 0
 3589 155556.000 43474.000 0 0 0.000 0.000 0.000 0.120 0 1 0 0 0 0
 3590 162636.000 51447.000 0 0 0.000 0.000 0.000 0.121 0 1 0 0 0 0
 3591 164065.000 53284.000 0 0 56.000 48.000 2688.000 51.845 0 1 137 200 0 0
 3592 169748.000 62249.000 0 0 54.000 44.000 2376.000 48.744 0 1 156 200 0 0
 3593 174729.000 73392.000 0 0 56.000 40.000 2240.000 47.328 0 1 181 200 0 0
 3594 175030.000 74149.000 0 0 54.000 40.000 2160.000 46.475 0 1 181 200 0 0
 3595 176288.000 78132.000 0 0 0.000 0.000 0.000 0.121 0 1 0 0 0 0
 3596 178989.000 91676.000 0 0 52.000 28.000 1456.000 38.157 0 1 218 200 0 0
 3597 179407.000 98089.000 0 0 50.000 24.000 1200.000 34.641 0 1 231 200 0 0
 3598 179427.000 98735.000 0 0 51.000 24.000 1224.000 34.985 0 1 234 210 0 0
 3599 179182.000 106461.000 0 0 50.000 28.000 1400.000 37.416 0 1 255 200 0 0
 3600 178255.000 114082.000 0 0 54.000 32.000 1728.000 41.569 0 1 268 200 0 0
 3601 177227.000 118852.000 0 0 54.000 34.000 1836.000 42.848 0 1 277 200 0 0
 3602 176854.000 120429.000 0 0 56.000 36.000 2016.000 44.899 0 1 282 200 0 0
 3603 170698.000 136503.000 0 0 56.000 44.000 2464.000 49.638 0 1 308 200 0 0
 3604 168050.000 141205.000 0 0 56.000 46.000 2576.000 50.754 0 1 321 200 0 0
 3605 165568.000 145085.000 0 0 54.000 48.000 2592.000 50.911 0 1 327 200 0 0
 3606 157123.000 155412.000 0 0 0.000 0.000 0.000 0.120 0 1 0 0 0 0
 3607 153197.000 159191.000 0 0 0.000 0.000 0.000 0.121 0 1 0 0 0 0
 3608 150581.000 161487.000 0 0 0.000 0.000 0.000 0.120 0 1 0 0 0 0
 3609 148476.000 163161.000 0 0 50.000 54.000 2700.000 51.961 0 1 377 200 0 0
 3610 141179.000 168168.000 0 0 0.000 0.000 0.000 0.121 0 1 0 0 0 0
 3611 130739.000 173494.000 0 0 0.000 0.000 0.000 0.121 0 1 0 0 0 0
 3612 114936.000 178185.000 0 0 32.000 54.000 1728.000 41.569 0 1 467 200 0 0
 3613 106814.000 179332.000 0 0 28.000 52.000 1456.000 38.157 0 1 466 200 0 0
 3614 94087.000 179365.000 0 0 26.000 50.000 1300.000 36.055 0 1 454 200 0 0
 3615 82933.000 177746.000 0 0 0.000 0.000 0.000 0.125 0 1 0 0 0 0
 3616 80409.000 177162.000 0 0 0.000 0.000 0.000 0.120 0 1 0 0 0 0
 3617 77448.000 176329.000 0 0 0.000 0.000 0.000 0.121 0 1 0 0 0 0
 3618 76549.000 176012.000 0 0 0.000 0.000 0.000 0.122 0 1 0 0 0 0
 3619 76469.000 175990.000 0 0 0.000 0.000 0.000 0.120 0 1 0 0 0 0
 3620 75588.000 175762.000 0 0 0.000 0.000 0.000 0.122 0 1 0 0 0 0
 3621 73946.000 175177.000 0 0 40.000 54.000 2160.000 46.475 0 1 446 200 0 0
 3622 71582.000 174477.000 0 0 40.000 56.000 2240.000 47.328 0 1 444 200 0 0
 3623 71146.000 174188.000 0 0 42.000 56.000 2352.000 48.497 0 1 444 200 0 0
 3624 63373.000 170594.000 0 0 44.000 56.000 2464.000 49.638 0 1 423 200 0 0
 3625 57041.000 166938.000 0 0 48.000 56.000 2688.000 51.845 0 1 383 200 0 0
 3626 55768.000 166089.000 0 0 46.000 54.000 2484.000 49.839 0 1 383 200 0 0
 3627 53800.000 164765.000 0 0 0.000 0.000 0.000 0.120 0 1 0 0 0 0
 3628 49164.000 161166.000 0 0 0.000 0.000 0.000 0.120 0 1 0 0 0 0
 3629 42021.000 154405.000 0 0 0.000 0.000 0.000 0.125 0 1 0 0 0 0
 3630 37956.000 149638.000 0 0 0.000 0.000 0.000 0.121 0 1 0 0 0 0
 3631 26770.000 130647.000 0 0 0.000 0.000 0.000 0.120 0 1 0 0 0 0
 3632 22504.000 117083.000 0 0 0.000 0.000 0.000 0.121 0 1 0 0 0 0
 3633 21177.000 108734.000 0 0 52.000 28.000 1456.000 38.157 0 1 253 200 0 0
 3634 21021.000 107621.000 0 0 52.000 28.000 1456.000 38.157 0 1 253 200 0 0
 3635 20849.000 104814.000 0 0 0.000 0.000 0.000 0.121 0 1 0 0 0 0
 3636 20659.000 99020.000 0 0 0.000 0.000 0.000 0.123 0 1 0 0 0 0
 3637 20695.000 96773.000 0 0 0.000 0.000 0.000 0.121 0 1 0 0 0 0
 3638 20847.000 94802.000 0 0 50.000 26.000 1300.000 36.055 0 1 224 200 0 0
 3639 21071.000 92414.000 0 0 52.000 28.000 1456.000 38.157 0 1 219 200 0 0
 3640 21821.000 86973.000 0 0 52.000 32.000 1664.000 40.792 0 1 210 200 0 0
 3641 21960.000 86031.000 0 0 54.000 32.000 1728.000 41.569 0 1 210 200 0 0
 3642 25077.000 74195.000 0 0 54.000 40.000 2160.000 46.475 0 1 187 200 0 0
 3643 25394.000 73269.000 0 0 56.000 40.000 2240.000 47.328 0 1 180 210 0 0
 3644 26388.000 70611.000 0 0 0.000 0.000 0.000 0.123 0 1 0 0 0 0
 3645 29908.000 62973.000 0 0 56.000 44.000 2464.000 49.638 0 1 160 200 0 0
 3646 30633.000 61428.000 0 0 54.000 46.000 2484.000 49.839 0 1 154 200 0 0
 3647 32672.000 58210.000 0 0 56.000 48.000 2688.000 51.845 0 1 138 200 0 0
 3648 32737.000 58201.000 0 0 56.000 48.000 2688.000 51.845 0 1 138 200 0 0
 3649 33953.000 55965.000 0 0 54.000 46.000 2484.000 49.839 0 1 138 200 0 0
 3650 37584.000 51207.000 0 0 54.000 50.000 2700.000 51.961 0 1 134 200 0 0
 3651 37876.000 50889.000 0 0 54.000 50.000 2700.000 51.961 0 1 134 200 0 0
 3652 38461.000 50133.000 0 0 0.000 0.000 0.000 0.120 0 1 0 0 0 0
 3653 39472.000 48899.000 0 0 0.000 0.000 0.000 0.120 0 1 0 0 0 0
 3654 45145.000 42709.000 0 0 52.000 54.000 2808.000 52.990 0 1 116 200 0 0
 3655 46635.000 41433.000 0 0 0.000 0.000 0.000 0.122 0 1 0 0 0 0
 3656 86982.000 21879.000 0 0 0.000 0.000 0.000 0.121 0 1 0 0 0 0
 3657 105020.000 20927.000 0 0 26.000 50.000 1300.000 36.055 0 1 40 200 0 0
 3658 107364.000 21148.000 0 0 0.000 0.000 0.000 0.121 0 1 0 0 0 0
 3659 108782.000 21215.000 0 0 0.000 0.000 0.000 0.120 0 1 0 0 0 0
 3660 113508.000 21912.000 0 0 0.000 0.000 0.000 0.120 0 1 0 0 0 0
 3661 116143.000 22410.000 0 0 0.000 0.000 0.000 0.122 0 1 0 0 0 0
 3662 122799.000 24034.000 0 0 38.000 54.000 2052.000 45.299 0 1 54 200 0 0
 3663 129251.000 26291.000 0 0 0.000 0.000 0.000 0.126 0 1 0 0 0 0
 3664 145590.000 35060.000 0 0 0.000 0.000 0.000 0.122 0 1 0 0 0 0
 3665 150950.000 39118.000 0 0 0.000 0.000 0.000 0.120 0 1 0 0 0 0
 3666 158319.000 46107.000 0 0 54.000 50.000 2700.000 51.961 0 1 123 210 0 0
 3667 160353.000 48419.000 0 0 54.000 52.000 2808.000 52.990 0 1 127 200 0 0
 3668 164741.000 53932.000 0 0 54.000 48.000 2592.000 50.911 0 1 137 200 0 0
 3669 166326.000 56223.000 0 0 54.000 48.000 2592.000 50.911 0 1 145 200 0 0
 3670 170678.000 63673.000 0 0 0.000 0.000 0.000 0.122 0 1 0 0 0 0
 3671 177883.000 83744.000 0 0 54.000 34.000 1836.000 42.848 0 1 206 200 0 0
 3672 178193.000 85259.000 0 0 0.000 0.000 0.000 0.121 0 1 0 0 0 0
 3673 178817.000 89019.000 0 0 0.000 0.000 0.000 0.120 0 1 0 0 0 0
 3674 179044.000 90931.000 0 0 52.000 28.000 1456.000 38.157 0 1 218 200 0 0
 3675 179351.000 92171.000 0 0 52.000 28.000 1456.000 38.157 0 1 218 200 0 0
 3676 179250.000 92641.000 0 0 52.000 28.000 1456.000 38.157 0 1 218 200 0 0
 3677 179569.000 97741.000 0 0 50.000 24.000 1200.000 34.641 0 1 231 200 0 0
 3678 179649.000 102669.000 0 0 50.000 24.000 1200.000 34.641 0 1 243 200 0 0
 3679 179458.000 105588.000 0 0 50.000 26.000 1300.000 36.055 0 1 255 200 0 0
 3680 179186.000 108553.000 0 0 52.000 28.000 1456.000 38.157 0 1 259 200 0 0
 3681 179105.000 109330.000 0 0 52.000 28.000 1456.000 38.157 0 1 259 200 0 0
 3682 179121.000 109424.000 0 0 52.000 28.000 1456.000 38.157 0 1 259 200 0 0
 3683 179031.000 109967.000 0 0 52.000 30.000 1560.000 39.496 0 1 259 200 0 0
 3684 178602.000 113805.000 0 0 54.000 32.000 1728.000 41.569 0 1 268 200 0 0
 3685 178219.000 115339.000 0 0 0.000 0.000 0.000 0.122 0 1 0 0 0 0
 3686 175489.000 125361.000 0 0 54.000 38.000 2052.000 45.299 0 1 290 200 0 0
 3687 175375.000 125780.000 0 0 54.000 40.000 2160.000 46.475 0 1 290 200 0 0
 3688 172243.000 133718.000 0 0 56.000 42.000 2352.000 48.497 0 1 302 200 0 0
 3689 170717.000 136821.000 0 0 56.000 44.000 2464.000 49.638 0 1 308 200 0 0
 3690 169392.000 139251.000 0 0 0.000 0.000 0.000 0.120 0 1 0 0 0 0
 3691 166123.000 144569.000 0 0 54.000 46.000 2484.000 49.839 0 1 327 200 0 0
 3692 161788.000 150431.000 0 0 0.000 0.000 0.000 0.120 0 1 0 0 0 0
 3693 156051.000 156756.000 0 0 52.000 52.000 2704.000 52.000 0 1 359 200 0 0
 3694 152990.000 159691.000 0 0 0.000 0.000 0.000 0.120 0 1 0 0 0 0
 3695 150623.000 161688.000 0 0 0.000 0.000 0.000 0.120 0 1 0 0 0 0
 3696 148213.000 163578.000 0 0 50.000 54.000 2700.000 51.961 0 1 377 200 0 0
 3697 139417.000 169413.000 0 0 46.000 54.000 2484.000 49.839 0 1 408 200 0 0
 3698 124594.000 175905.000 0 0 0.000 0.000 0.000 0.122 0 1 0 0 0 0
 3699 113154.000 178717.000 0 0 32.000 52.000 1664.000 40.792 0 1 470 200 0 0
 3700 104899.000 179630.000 0 0 26.000 50.000 1300.000 36.055 0 1 468 200 0 0
 3701 104321.000 179681.000 0 0 26.000 50.000 1300.000 36.055 0 1 468 200 0 0
 3702 101837.000 179783.000 0 0 0.000 0.000 0.000 0.121 0 1 0 0 0 0
 3703 85536.000 178448.000 0 0 32.000 54.000 1728.000 41.569 0 1 459 210 0 0
 3704 80240.000 177279.000 0 0 0.000 0.000 0.000 0.120 0 1 0 0 0 0
 3705 78218.000 176765.000 0 0 0.000 0.000 0.000 0.124 0 1 0 0 0 0
 3706 73218.000 175131.000 0 0 40.000 56.000 2240.000 47.328 0 1 446 200 0 0
 3707 68181.000 173111.000 0 0 42.000 54.000 2268.000 47.623 0 1 437 200 0 0
 3708 66837.000 172647.000 0 0 42.000 54.000 2268.000 47.623 0 1 430 210 0 0
 3709 62702.000 170406.000 0 0 44.000 56.000 2464.000 49.638 0 1 423 200 0 0
 3710 55510.000 166118.000 0 0 46.000 54.000 2484.000 49.839 0 1 383 200 0 0
 3711 41598.000 154168.000 0 0 0.000 0.000 0.000 0.120 0 1 0 0 0 0
 3712 39420.000 151690.000 0 0 0.000 0.000 0.000 0.122 0 1 0 0 0 0
 3713 37846.000 149808.000 0 0 0.000 0.000 0.000 0.120 0 1 0 0 0 0
 3714 27050.000 131833.000 0 0 0.000 0.000 0.000 0.121 0 1 0 0 0 0
 3715 20550.000 102488.000 0 0 50.000 24.000 1200.000 34.641 0 1 240 200 0 0
 3716 20779.000 93642.000 0 0 50.000 28.000 1400.000 37.416 0 1 219 200 0 0
 3717 21248.000 89410.000 0 0 52.000 30.000 1560.000 39.496 0 1 210 200 0 0
 3718 21242.000 89328.000 0 0 52.000 30.000 1560.000 39.496 0 1 210 200 0 0
 3719 21249.000 89140.000 0 0 52.000 30.000 1560.000 39.496 0 1 210 200 0 0
 3720 21521.000 87444.000 0 0 52.000 30.000 1560.000 39.496 0 1 210 200 0 0
 3721 22017.000 84039.000 0 0 0.000 0.000 0.000 0.124 0 1 0 0 0 0
 3722 22334.000 83131.000 0 0 0.000 0.000 0.000 0.120 0 1 0 0 0 0
 3723 22853.000 81030.000 0 0 0.000 0.000 0.000 0.120 0 1 0 0 0 0
 3724 24552.000 75084.000 0 0 54.000 38.000 2052.000 45.299 0 1 187 200 0 0
 3725 26378.000 70118.000 0 0 0.000 0.000 0.000 0.120 0 1 0 0 0 0
 3726 28014.000 66472.000 0 0 0.000 0.000 0.000 0.121 0 1 0 0 0 0
 3727 28924.000 64589.000 0 0 0.000 0.000 0.000 0.124 0 1 0 0 0 0
 3728 32226.000 58629.000 0 0 56.000 48.000 2688.000 51.845 0 1 138 200 0 0
 3729 32895.000 57291.000 0 0 56.000 48.000 2688.000 51.845 0 1 138 200 0 0
 3730 34181.000 55580.000 0 0 54.000 46.000 2484.000 49.839 0 1 138 200 0 0
 3731 35040.000 54257.000 0 0 54.000 48.000 2592.000 50.911 0 1 138 200 0 0
 3732 35485.000 53726.000 0 0 54.000 48.000 2592.000 50.911 0 1 138 200 0 0
 3733 40112.000 47890.000 0 0 0.000 0.000 0.000 0.128 0 1 0 0 0 0
 3734 41740.000 46121.000 0 0 0.000 0.000 0.000 0.123 0 1 0 0 0 0
 3735 45533.000 42236.000 0 0 52.000 54.000 2808.000 52.990 0 1 116 200 0 0
 3736 62277.000 30163.000 0 0 0.000 0.000 0.000 0.121 0 1 0 0 0 0
 3737 65229.000 28648.000 0 0 0.000 0.000 0.000 0.120 0 1 0 0 0 0
 3738 69247.000 26844.000 0 0 42.000 56.000 2352.000 48.497 0 1 65 200 0 0
 3739 79772.000 23230.000 0 0 36.000 56.000 2016.000 44.899 0 1 43 200 0 0
 3740 92142.000 20996.000 0 0 0.000 0.000 0.000 0.120 0 1 0 0 0 0
 3741 93066.000 20910.000 0 0 28.000 52.000 1456.000 38.157 0 1 38 200 0 0
 3742 97776.000 20639.000 0 0 24.000 50.000 1200.000 34.641 0 1 37 200 0 0
 3743 105150.000 20754.000 0 0 26.000 50.000 1300.000 36.055 0 1 40 200 0 0
 3744 110939.000 21272.000 0 0 0.000 0.000 0.000 0.122 0 1 0 0 0 0
 3745 125142.000 24474.000 0 0 38.000 54.000 2052.000 45.299 0 1 49 200 0 0
 3746 127344.000 25437.000 0 0 0.000 0.000 0.000 0.121 0 1 0 0 0 0
 3747 129490.000 26193.000 0 0 0.000 0.000 0.000 0.121 0 1 0 0 0 0
 3748 135202.000 28719.000 0 0 44.000 56.000 2464.000 49.638 0 1 80 200 0 0
 3749 143613.000 33509.000 0 0 0.000 0.000 0.000 0.124 0 1 0 0 0 0
 3750 143642.000 33555.000 0 0 0.000 0.000 0.000 0.122 0 1 0 0 0 0
 3751 147415.000 36127.000 0 0 0.000 0.000 0.000 0.120 0 1 0 0 0 0
 3752 150631.000 38677.000 0 0 0.000 0.000 0.000 0.121 0 1 0 0 0 0
 3753 152794.000 40472.000 0 0 0.000 0.000 0.000 0.120 0 1 0 0 0 0
 3754 153199.000 40701.000 0 0 0.000 0.000 0.000 0.121 0 1 0 0 0 0
 3755 157444.000 44923.000 0 0 0.000 0.000 0.000 0.121 0 1 0 0 0 0
 3756 158347.000 45883.000 0 0 54.000 51.000 2754.000 52.478 0 1 123 210 0 0
 3757 161526.000 49529.000 0 0 0.000 0.000 0.000 0.120 0 1 0 0 0 0
 3758 164730.000 53641.000 0 0 54.000 48.000 2592.000 50.911 0 1 137 200 0 0
 3759 167533.000 57806.000 0 0 0.000 0.000 0.000 0.121 0 1 0 0 0 0
 3760 170491.000 62858.000 0 0 0.000 0.000 0.000 0.120 0 1 0 0 0 0
 3761 173833.000 70058.000 0 0 56.000 42.000 2352.000 48.497 0 1 175 200 0 0
 3762 174943.000 72860.000 0 0 56.000 40.000 2240.000 47.328 0 1 181 200 0 0
 3763 175845.000 75634.000 0 0 54.000 38.000 2052.000 45.299 0 1 191 200 0 0
 3764 175901.000 75684.000 0 0 54.000 38.000 2052.000 45.299 0 1 191 200 0 0
 3765 179005.000 89023.000 0 0 0.000 0.000 0.000 0.124 0 1 0 0 0 0
 3766 179412.000 92725.000 0 0 52.000 28.000 1456.000 38.157 0 1 218 200 0 0
 3767 179490.000 93416.000 0 0 50.000 28.000 1400.000 37.416 0 1 218 200 0 0
 3768 179720.000 97260.000 0 0 50.000 24.000 1200.000 34.641 0 1 231 200 0 0
 3769 179766.000 99061.000 0 0 50.000 24.000 1200.000 34.641 0 1 234 210 0 0
 3770 179685.000 104401.000 0 0 50.000 26.000 1300.000 36.055 0 1 247 200 0 0
 3771 178640.000 113866.000 0 0 54.000 32.000 1728.000 41.569 0 1 268 200 0 0
 3772 176909.000 121546.000 0 0 56.000 36.000 2016.000 44.899 0 1 282 200 0 0
 3773 176566.000 122572.000 0 0 54.000 38.000 2052.000 45.299 0 1 286 200 0 0
 3774 173586.000 131132.000 0 0 56.000 42.000 2352.000 48.497 0 1 295 200 0 0
 3775 170898.000 136829.000 0 0 56.000 44.000 2464.000 49.638 0 1 308 200 0 0
 3776 166453.000 144505.000 0 0 54.000 46.000 2484.000 49.839 0 1 327 200 0 0
 3777 158172.000 154863.000 0 0 0.000 0.000 0.000 0.124 0 1 0 0 0 0
 3778 156285.000 156889.000 0 0 52.000 52.000 2704.000 52.000 0 1 359 200 0 0
 3779 156073.000 156963.000 0 0 52.000 52.000 2704.000 52.000 0 1 359 200 0 0
 3780 143746.000 166950.000 0 0 0.000 0.000 0.000 0.120 0 1 0 0 0 0
 3781 140458.000 168979.000 0 0 46.000 56.000 2576.000 50.754 0 1 422 200 0 0
 3782 140375.000 169019.000 0 0 46.000 56.000 2576.000 50.754 0 1 422 200 0 0
 3783 138937.000 169829.000 0 0 46.000 54.000 2484.000 49.839 0 1 408 200 0 0
 3784 136570.000 171231.000 0 0 0.000 0.000 0.000 0.122 0 1 0 0 0 0
 3785 131172.000 173738.000 0 0 0.000 0.000 0.000 0.121 0 1 0 0 0 0
 3786 124491.000 176107.000 0 0 0.000 0.000 0.000 0.120 0 1 0 0 0 0
 3787 117878.000 177947.000 0 0 0.000 0.000 0.000 0.121 0 1 0 0 0 0
 3788 115644.000 178585.000 0 0 32.000 54.000 1728.000 41.569 0 1 467 200 0 0
 3789 109209.000 179445.000 0 0 0.000 0.000 0.000 0.122 0 1 0 0 0 0
 3790 100538.000 179969.000 0 0 0.000 0.000 0.000 0.120 0 1 0 0 0 0
 3791 69759.000 173988.000 0 0 0.000 0.000 0.000 0.120 0 1 0 0 0 0
 3792 60149.000 169217.000 0 0 0.000 0.000 0.000 0.122 0 1 0 0 0 0
 3793 57484.000 167656.000 0 0 48.000 56.000 2688.000 51.845 0 1 383 200 0 0
 3794 46914.000 159662.000 0 0 0.000 0.000 0.000 0.120 0 1 0 0 0 0
 3795 45438.000 158306.000 0 0 0.000 0.000 0.000 0.121 0 1 0 0 0 0
 3796 32769.000 142947.000 0 0 0.000 0.000 0.000 0.121 0 1 0 0 0 0
 3797 24587.000 125931.000 0 0 0.000 0.000 0.000 0.120 0 1 0 0 0 0
 3798 23897.000 123816.000 0 0 0.000 0.000 0.000 0.124 0 1 0 0 0 0
 3799 21623.000 114435.000 0 0 0.000 0.000 0.000 0.120 0 1 0 0 0 0
 3800 20855.000 109211.000 0 0 52.000 28.000 1456.000 38.157 0 1 253 200 0 0
 3801 20626.000 93027.000 0 0 52.000 28.000 1456.000 38.157 0 1 219 200 0 0
 3802 20682.000 92809.000 0 0 52.000 28.000 1456.000 38.157 0 1 219 200 0 0
 3803 20831.000 91571.000 0 0 52.000 28.000 1456.000 38.157 0 1 219 200 0 0
 3804 20822.000 91493.000 0 0 52.000 28.000 1456.000 38.157 0 1 219 200 0 0
 3805 21260.000 87983.000 0 0 52.000 30.000 1560.000 39.496 0 1 210 200 0 0
 3806 21323.000 87672.000 0 0 52.000 30.000 1560.000 39.496 0 1 210 200 0 0
 3807 22140.000 83453.000 0 0 0.000 0.000 0.000 0.121 0 1 0 0 0 0
 3808 28104.000 65859.000 0 0 0.000 0.000 0.000 0.120 0 1 0 0 0 0
 3809 29666.000 62802.000 0 0 56.000 44.000 2464.000 49.638 0 1 160 200 0 0
 3810 35589.000 53041.000 0 0 56.000 48.000 2688.000 51.845 0 1 138 200 0 0
 3811 35866.000 52912.000 0 0 56.000 48.000 2688.000 51.845 0 1 138 200 0 0
 3812 41035.000 46531.000 0 0 0.000 0.000 0.000 0.123 0 1 0 0 0 0
 3813 42897.000 44613.000 0 0 0.000 0.000 0.000 0.122 0 1 0 0 0 0
 3814 48617.000 39335.000 0 0 0.000 0.000 0.000 0.120 0 1 0 0 0 0
 3815 69108.000 26712.000 0 0 42.000 56.000 2352.000 48.497 0 1 65 200 0 0
 3816 93249.000 20722.000 0 0 28.000 52.000 1456.000 38.157 0 1 38 200 0 0
 3817 97141.000 20508.000 0 0 24.000 50.000 1200.000 34.641 0 1 37 200 0 0
 3818 104688.000 20544.000 0 0 26.000 50.000 1300.000 36.055 0 1 40 200 0 0
 3819 124230.000 24124.000 0 0 38.000 54.000 2052.000 45.299 0 1 49 200 0 0
 3820 132885.000 27514.000 0 0 42.000 54.000 2268.000 47.623 0 1 61 200 0 0
 3821 135546.000 28722.000 0 0 44.000 56.000 2464.000 49.638 0 1 80 200 0 0
 3822 136009.000 28952.000 0 0 44.000 56.000 2464.000 49.638 0 1 80 200 0 0
 3823 138130.000 30032.000 0 0 0.000 0.000 0.000 0.123 0 1 0 0 0 0
 3824 139041.000 30544.000 0 0 0.000 0.000 0.000 0.120 0 1 0 0 0 0
 3825 143939.000 33507.000 0 0 0.000 0.000 0.000 0.122 0 1 0 0 0 0
 3826 148528.000 36796.000 0 0 0.000 0.000 0.000 0.122 0 1 0 0 0 0
 3827 153924.000 41275.000 0 0 0.000 0.000 0.000 0.123 0 1 0 0 0 0
 3828 154879.000 42158.000 0 0 0.000 0.000 0.000 0.120 0 1 0 0 0 0
 3829 156521.000 43752.000 0 0 0.000 0.000 0.000 0.121 0 1 0 0 0 0
 3830 166833.000 56389.000 0 0 54.000 48.000 2592.000 50.911 0 1 145 200 0 0
 3831 167631.000 57598.000 0 0 0.000 0.000 0.000 0.120 0 1 0 0 0 0
 3832 170186.000 61967.000 0 0 54.000 44.000 2376.000 48.744 0 1 156 200 0 0
 3833 176225.000 76162.000 0 0 54.000 38.000 2052.000 45.299 0 1 191 200 0 0
 3834 177067.000 78950.000 0 0 0.000 0.000 0.000 0.120 0 1 0 0 0 0
 3835 177827.000 81889.000 0 0 0.000 0.000 0.000 0.121 0 1 0 0 0 0
 3836 179948.000 97526.000 0 0 50.000 24.000 1200.000 34.641 0 1 231 200 0 0
 3837 179911.000 105856.000 0 0 50.000 26.000 1300.000 36.055 0 1 255 200 0 0
 3838 179596.000 107641.000 0 0 52.000 28.000 1456.000 38.157 0 1 255 200 0 0
 3839 179400.000 109503.000 0 0 52.000 28.000 1456.000 38.157 0 1 259 200 0 0
 3840 176493.000 123624.000 0 0 54.000 38.000 2052.000 45.299 0 1 286 200 0 0
 3841 176220.000 124422.000 0 0 54.000 38.000 2052.000 45.299 0 1 286 200 0 0
 3842 171372.000 136329.000 0 0 56.000 44.000 2464.000 49.638 0 1 308 200 0 0
 3843 169028.000 140846.000 0 0 56.000 46.000 2576.000 50.754 0 1 321 200 0 0
 3844 155534.000 157720.000 0 0 52.000 54.000 2808.000 52.990 0 1 368 200 0 0
 3845 150666.000 162084.000 0 0 0.000 0.000 0.000 0.121 0 1 0 0 0 0
 3846 144549.000 166612.000 0 0 0.000 0.000 0.000 0.120 0 1 0 0 0 0
 3847 140321.000 169245.000 0 0 46.000 56.000 2576.000 50.754 0 1 422 200 0 0
 3848 113762.000 178939.000 0 0 32.000 54.000 1728.000 41.569 0 1 470 200 0 0
 3849 112743.000 179122.000 0 0 30.000 52.000 1560.000 39.496 0 1 470 200 0 0
 3850 111526.000 179308.000 0 0 0.000 0.000 0.000 0.121 0 1 0 0 0 0
 3851 94385.000 179939.000 0 0 26.000 50.000 1300.000 36.055 0 1 454 200 0 0
 3852 94004.000 179888.000 0 0 26.000 50.000 1300.000 36.055 0 1 454 200 0 0
 3853 91281.000 179609.000 0 0 28.000 52.000 1456.000 38.157 0 1 477 200 0 0
 3854 88034.000 179216.000 0 0 0.000 0.000 0.000 0.120 0 1 0 0 0 0
 3855 75888.000 176362.000 0 0 0.000 0.000 0.000 0.120 0 1 0 0 0 0
 3856 73252.000 175492.000 0 0 40.000 56.000 2240.000 47.328 0 1 446 200 0 0
 3857 68152.000 173476.000 0 0 42.000 54.000 2268.000 47.623 0 1 437 200 0 0
 3858 67879.000 173352.000 0 0 42.000 54.000 2268.000 47.623 0 1 437 200 0 0
 3859 44203.000 157404.000 0 0 52.000 52.000 2704.000 52.000 0 1 366 210 0 0
 3860 40048.000 152956.000 0 0 52.000 50.000 2600.000 50.990 0 1 353 200 0 0
 3861 28773.000 136337.000 0 0 0.000 0.000 0.000 0.121 0 1 0 0 0 0
 3862 25642.000 129228.000 0 0 0.000 0.000 0.000 0.120 0 1 0 0 0 0
 3863 20227.000 104082.000 0 0 0.000 0.000 0.000 0.121 0 1 0 0 0 0
 3864 20218.000 97761.000 0 0 0.000 0.000 0.000 0.120 0 1 0 0 0 0
 3865 20263.000 95864.000 0 0 0.000 0.000 0.000 0.120 0 1 0 0 0 0
 3866 20606.000 91709.000 0 0 52.000 28.000 1456.000 38.157 0 1 219 200 0 0
 3867 21061.000 88406.000 0 0 52.000 30.000 1560.000 39.496 0 1 210 200 0 0
 3868 21098.000 87131.000 0 0 52.000 32.000 1664.000 40.792 0 1 210 200 0 0
 3869 23686.000 76705.000 0 0 0.000 0.000 0.000 0.121 0 1 0 0 0 0
 3870 24394.000 74526.000 0 0 54.000 38.000 2052.000 45.299 0 1 187 200 0 0
 3871 25522.000 71396.000 0 0 56.000 40.000 2240.000 47.328 0 1 179 210 0 0
 3872 25531.000 71000.000 0 0 56.000 42.000 2352.000 48.497 0 1 179 210 0 0
 3873 26749.000 68427.000 0 0 0.000 0.000 0.000 0.120 0 1 0 0 0 0
 3874 29166.000 63387.000 0 0 56.000 44.000 2464.000 49.638 0 1 160 200 0 0
 3875 29555.000 62643.000 0 0 56.000 44.000 2464.000 49.638 0 1 160 200 0 0
 3876 30520.000 60860.000 0 0 54.000 46.000 2484.000 49.839 0 1 154 200 0 0
 3877 33394.000 56319.000 0 0 54.000 48.000 2592.000 50.911 0 1 138 200 0 0
 3878 34733.000 54228.000 0 0 54.000 48.000 2592.000 50.911 0 1 138 200 0 0
 3879 37224.000 50890.000 0 0 54.000 50.000 2700.000 51.961 0 1 134 200 0 0
 3880 38395.000 49369.000 0 0 0.000 0.000 0.000 0.121 0 1 0 0 0 0
 3881 40690.000 46721.000 0 0 0.000 0.000 0.000 0.120 0 1 0 0 0 0
 3882 46419.000 40974.000 0 0 0.000 0.000 0.000 0.120 0 1 0 0 0 0
 3883 46579.000 40859.000 0 0 0.000 0.000 0.000 0.120 0 1 0 0 0 0
 3884 65779.000 27983.000 0 0 0.000 0.000 0.000 0.120 0 1 0 0 0 0
 3885 75698.000 24082.000 0 0 38.000 54.000 2052.000 45.299 0 1 50 200 0 0
 3886 75861.000 24016.000 0 0 38.000 54.000 2052.000 45.299 0 1 50 200 0 0
 3887 95635.000 20375.000 0 0 0.000 0.000 0.000 0.120 0 1 0 0 0 0
 3888 105142.000 20389.000 0 0 26.000 50.000 1300.000 36.055 0 1 40 200 0 0
 3889 114021.000 21484.000 0 0 0.000 0.000 0.000 0.125 0 1 0 0 0 0
 3890 148208.000 36338.000 0 0 0.000 0.000 0.000 0.120 0 1 0 0 0 0
 3891 154469.000 41586.000 0 0 0.000 0.000 0.000 0.120 0 1 0 0 0 0
 3892 164399.000 52558.000 0 0 0.000 0.000 0.000 0.121 0 1 0 0 0 0
 3893 166345.000 55442.000 0 0 54.000 46.000 2484.000 49.839 0 1 145 200 0 0
 3894 166862.000 56116.000 0 0 54.000 48.000 2592.000 50.911 0 1 145 200 0 0
 3895 170234.000 61455.000 0 0 54.000 46.000 2484.000 49.839 0 1 156 200 0 0
 3896 170374.000 61987.000 0 0 54.000 44.000 2376.000 48.744 0 1 156 200 0 0
 3897 175457.000 73402.000 0 0 54.000 40.000 2160.000 46.475 0 1 181 200 0 0
 3898 175726.000 74064.000 0 0 54.000 40.000 2160.000 46.475 0 1 181 200 0 0
 3899 176314.000 75792.000 0 0 54.000 38.000 2052.000 45.299 0 1 191 200 0 0
 3900 176880.000 77632.000 0 0 0.000 0.000 0.000 0.120 0 1 0 0 0 0
 3901 177159.000 78746.000 0 0 0.000 0.000 0.000 0.120 0 1 0 0 0 0
 3902 179609.000 91331.000 0 0 52.000 28.000 1456.000 38.157 0 1 218 200 0 0
 3903 179046.000 113509.000 0 0 54.000 32.000 1728.000 41.569 0 1 268 200 0 0
 3904 177816.000 119279.000 0 0 0.000 0.000 0.000 0.120 0 1 0 0 0 0
 3905 177415.000 120998.000 0 0 56.000 36.000 2016.000 44.899 0 1 282 200 0 0
 3906 176785.000 123136.000 0 0 54.000 38.000 2052.000 45.299 0 1 286 200 0 0
 3907 176455.000 124352.000 0 0 54.000 38.000 2052.000 45.299 0 1 286 200 0 0
 3908 175761.000 126158.000 0 0 54.000 40.000 2160.000 46.475 0 1 290 200 0 0
 3909 175336.000 127591.000 0 0 0.000 0.000 0.000 0.122 0 1 0 0 0 0
 3910 175276.000 127712.000 0 0 0.000 0.000 0.000 0.120 0 1 0 0 0 0
 3911 174779.000 129082.000 0 0 56.000 42.000 2352.000 48.497 0 1 295 200 0 0
 3912 174560.000 129606.000 0 0 56.000 42.000 2352.000 48.497 0 1 295 200 0 0
 3913 173490.000 132124.000 0 0 54.000 42.000 2268.000 47.623 0 1 295 200 0 0
 3914 173115.000 133007.000 0 0 0.000 0.000 0.000 0.122 0 1 0 0 0 0
 3915 173101.000 133165.000 0 0 0.000 0.000 0.000 0.122 0 1 0 0 0 0
 3916 172041.000 135356.000 0 0 0.000 0.000 0.000 0.120 0 1 0 0 0 0
 3917 168760.000 141374.000 0 0 56.000 46.000 2576.000 50.754 0 1 321 200 0 0
 3918 166019.000 145628.000 0 0 54.000 48.000 2592.000 50.911 0 1 327 200 0 0
 3919 157010.000 156509.000 0 0 52.000 52.000 2704.000 52.000 0 1 359 200 0 0
 3920 154377.000 159090.000 0 0 0.000 0.000 0.000 0.120 0 1 0 0 0 0
 3921 153213.000 160109.000 0 0 0.000 0.000 0.000 0.120 0 1 0 0 0 0
 3922 149632.000 163117.000 0 0 0.000 0.000 0.000 0.120 0 1 0 0 0 0
 3923 148308.000 164171.000 0 0 50.000 54.000 2700.000 51.961 0 1 377 200 0 0
 3924 147671.000 164633.000 0 0 48.000 56.000 2688.000 51.845 0 1 377 200 0 0
 3925 141626.000 168685.000 0 0 0.000 0.000 0.000 0.121 0 1 0 0 0 0
 3926 138439.000 170527.000 0 0 44.000 54.000 2376.000 48.744 0 1 408 200 0 0
 3927 138119.000 170669.000 0 0 44.000 56.000 2464.000 49.638 0 1 408 200 0 0
 3928 136264.000 171651.000 0 0 0.000 0.000 0.000 0.121 0 1 0 0 0 0
 3929 134569.000 172475.000 0 0 0.000 0.000 0.000 0.122 0 1 0 0 0 0
 3930 133255.000 173106.000 0 0 42.000 54.000 2268.000 47.623 0 1 440 200 0 0
 3931 130131.000 174477.000 0 0 0.000 0.000 0.000 0.120 0 1 0 0 0 0
 3932 102148.000 180283.000 0 0 0.000 0.000 0.000 0.122 0 1 0 0 0 0
 3933 98828.000 180313.000 0 0 0.000 0.000 0.000 0.122 0 1 0 0 0 0
 3934 92872.000 179948.000 0 0 28.000 52.000 1456.000 38.157 0 1 483 200 0 0
 3935 56420.000 167314.000 0 0 48.000 54.000 2592.000 50.911 0 1 383 200 0 0
 3936 55437.000 166712.000 0 0 46.000 54.000 2484.000 49.839 0 1 383 200 0 0
 3937 45904.000 159217.000 0 0 50.000 54.000 2700.000 51.961 0 1 375 200 0 0
 3938 39528.000 152665.000 0 0 52.000 52.000 2704.000 52.000 0 1 353 200 0 0
 3939 28051.000 135235.000 0 0 0.000 0.000 0.000 0.120 0 1 0 0 0 0
 3940 24267.000 126169.000 0 0 0.000 0.000 0.000 0.121 0 1 0 0 0 0
 3941 22794.000 121232.000 0 0 0.000 0.000 0.000 0.120 0 1 0 0 0 0
 3942 21612.000 116275.000 0 0 0.000 0.000 0.000 0.120 0 1 0 0 0 0
 3943 20275.000 106828.000 0 0 0.000 0.000 0.000 0.123 0 1 0 0 0 0
 3944 20127.000 96240.000 0 0 0.000 0.000 0.000 0.120 0 1 0 0 0 0
 3945 20409.000 92101.000 0 0 52.000 28.000 1456.000 38.157 0 1 219 200 0 0
 3946 20913.000 87194.000 0 0 52.000 30.000 1560.000 39.496 0 1 210 200 0 0
 3947 21151.000 86692.000 0 0 52.000 32.000 1664.000 40.792 0 1 210 200 0 0
 3948 21255.000 86067.000 0 0 54.000 32.000 1728.000 41.569 0 1 210 200 0 0
 3949 22311.000 81109.000 0 0 54.000 34.000 1836.000 42.848 0 1 201 200 0 0
 3950 24889.000 72670.000 0 0 56.000 40.000 2240.000 47.328 0 1 180 210 0 0
 3951 26495.000 68564.000 0 0 0.000 0.000 0.000 0.121 0 1 0 0 0 0
 3952 29073.000 63165.000 0 0 56.000 44.000 2464.000 49.638 0 1 160 200 0 0
 3953 30619.000 60289.000 0 0 54.000 46.000 2484.000 49.839 0 1 154 200 0 0
 3954 32844.000 56684.000 0 0 56.000 48.000 2688.000 51.845 0 1 138 200 0 0
 3955 34610.000 54099.000 0 0 54.000 48.000 2592.000 50.911 0 1 138 200 0 0
 3956 36198.000 51925.000 0 0 0.000 0.000 0.000 0.120 0 1 0 0 0 0
 3957 37163.000 50466.000 0 0 54.000 50.000 2700.000 51.961 0 1 134 200 0 0
 3958 41345.000 45797.000 0 0 0.000 0.000 0.000 0.121 0 1 0 0 0 0
 3959 54595.000 34196.000 0 0 0.000 0.000 0.000 0.123 0 1 0 0 0 0
 3960 60031.000 30782.000 0 0 0.000 0.000 0.000 0.123 0 1 0 0 0 0
 3961 69816.000 25997.000 0 0 0.000 0.000 0.000 0.120 0 1 0 0 0 0
 3962 79371.000 22822.000 0 0 36.000 56.000 2016.000 44.899 0 1 43 200 0 0
 3963 80399.000 22518.000 0 0 0.000 0.000 0.000 0.120 0 1 0 0 0 0
 3964 86564.000 21265.000 0 0 0.000 0.000 0.000 0.120 0 1 0 0 0 0
 3965 92096.000 20466.000 0 0 0.000 0.000 0.000 0.120 0 1 0 0 0 0
 3966 93305.000 20387.000 0 0 28.000 52.000 1456.000 38.157 0 1 38 200 0 0
 3967 97093.000 20152.000 0 0 24.000 50.000 1200.000 34.641 0 1 37 200 0 0
 3968 120190.000 22499.000 0 0 0.000 0.000 0.000 0.122 0 1 0 0 0 0
 3969 124146.000 23754.000 0 0 38.000 54.000 2052.000 45.299 0 1 49 200 0 0
 3970 124357.000 23836.000 0 0 38.000 54.000 2052.000 45.299 0 1 49 200 0 0
 3971 126979.000 24744.000 0 0 0.000 0.000 0.000 0.121 0 1 0 0 0 0
 3972 138077.000 29612.000 0 0 0.000 0.000 0.000 0.121 0 1 0 0 0 0
 3973 146384.000 34753.000 0 0 0.000 0.000 0.000 0.120 0 1 0 0 0 0
 3974 148644.000 36409.000 0 0 0.000 0.000 0.000 0.124 0 1 0 0 0 0
 3975 149519.000 37132.000 0 0 0.000 0.000 0.000 0.120 0 1 0 0 0 0
 3976 149930.000 37399.000 0 0 0.000 0.000 0.000 0.120 0 1 0 0 0 0
 3977 163085.000 50536.000 0 0 0.000 0.000 0.000 0.120 0 1 0 0 0 0
 3978 164892.000 53063.000 0 0 56.000 48.000 2688.000 51.845 0 1 137 200 0 0
 3979 169448.000 59979.000 0 0 0.000 0.000 0.000 0.120 0 1 0 0 0 0
 3980 170563.000 61984.000 0 0 56.000 44.000 2464.000 49.638 0 1 156 200 0 0
 3981 171450.000 63637.000 0 0 0.000 0.000 0.000 0.120 0 1 0 0 0 0
 3982 174294.000 69757.000 0 0 56.000 42.000 2352.000 48.497 0 1 175 200 0 0
 3983 175423.000 72676.000 0 0 56.000 40.000 2240.000 47.328 0 1 181 200 0 0
 3984 178452.000 83199.000 0 0 54.000 34.000 1836.000 42.848 0 1 206 200 0 0
 3985 178506.000 83328.000 0 0 54.000 34.000 1836.000 42.848 0 1 206 200 0 0
 3986 180317.000 99095.000 0 0 50.000 24.000 1200.000 34.641 0 1 234 210 0 0
 3987 180294.000 102138.000 0 0 50.000 24.000 1200.000 34.641 0 1 243 200 0 0
 3988 180213.000 103874.000 0 0 50.000 26.000 1300.000 36.055 0 1 247 200 0 0
 3989 179887.000 107862.000 0 0 0.000 0.000 0.000 0.121 0 1 0 0 0 0
 3990 179682.000 110380.000 0 0 52.000 30.000 1560.000 39.496 0 1 259 200 0 0
 3991 179316.000 112926.000 0 0 52.000 32.000 1664.000 40.792 0 1 268 200 0 0
 3992 179253.000 113146.000 0 0 52.000 32.000 1664.000 40.792 0 1 268 200 0 0
 3993 176963.000 123077.000 0 0 54.000 38.000 2052.000 45.299 0 1 286 200 0 0
 3994 171020.000 137675.000 0 0 56.000 44.000 2464.000 49.638 0 1 314 200 0 0
 3995 166033.000 145889.000 0 0 54.000 48.000 2592.000 50.911 0 1 327 200 0 0
 3996 163434.000 149441.000 0 0 0.000 0.000 0.000 0.120 0 1 0 0 0 0
 3997 162123.000 151120.000 0 0 54.000 50.000 2700.000 51.961 0 1 344 200 0 0
 3998 156418.000 157340.000 0 0 52.000 52.000 2704.000 52.000 0 1 359 200 0 0
 3999 155251.000 158468.000 0 0 52.000 54.000 2808.000 52.990 0 1 368 200 0 0
 4000 154400.000 159223.000 0 0 0.000 0.000 0.000 0.122 0 1 0 0 0 0
 4001 148144.000 164458.000 0 0 48.000 56.000 2688.000 51.845 0 1 377 200 0 0
 4002 138990.000 170390.000 0 0 46.000 54.000 2484.000 49.839 0 1 408 200 0 0
 4003 138465.000 170679.000 0 0 44.000 54.000 2376.000 48.744 0 1 408 200 0 0
 4004 136268.000 171888.000 0 0 0.000 0.000 0.000 0.120 0 1 0 0 0 0
 4005 128619.000 175223.000 0 0 0.000 0.000 0.000 0.122 0 1 0 0 0 0
 4006 123107.000 177103.000 0 0 0.000 0.000 0.000 0.121 0 1 0 0 0 0
 4007 114268.000 179223.000 0 0 32.000 54.000 1728.000 41.569 0 1 470 200 0 0
 4008 104329.000 180347.000 0 0 26.000 50.000 1300.000 36.055 0 1 468 200 0 0
 4009 103715.000 180386.000 0 0 26.000 50.000 1300.000 36.055 0 1 468 200 0 0
 4010 93258.000 180166.000 0 0 28.000 52.000 1456.000 38.157 0 1 483 200 0 0
 4011 90549.000 179890.000 0 0 28.000 52.000 1456.000 38.157 0 1 477 200 0 0
 4012 89740.000 179818.000 0 0 30.000 52.000 1560.000 39.496 0 1 477 200 0 0
 4013 73551.000 175967.000 0 0 40.000 54.000 2160.000 46.475 0 1 446 200 0 0
 4014 69968.000 174651.000 0 0 0.000 0.000 0.000 0.120 0 1 0 0 0 0
 4015 68055.000 173801.000 0 0 42.000 54.000 2268.000 47.623 0 1 437 200 0 0
 4016 64399.000 172085.000 0 0 0.000 0.000 0.000 0.123 0 1 0 0 0 0
 4017 56631.000 167687.000 0 0 48.000 56.000 2688.000 51.845 0 1 383 200 0 0
 4018 49084.000 162198.000 0 0 0.000 0.000 0.000 0.120 0 1 0 0 0 0
 4019 44816.000 158374.000 0 0 0.000 0.000 0.000 0.121 0 1 0 0 0 0
 4020 39345.000 152661.000 0 0 52.000 52.000 2704.000 52.000 0 1 353 200 0 0
 4021 32055.000 142802.000 0 0 0.000 0.000 0.000 0.123 0 1 0 0 0 0
 4022 25930.000 130850.000 0 0 0.000 0.000 0.000 0.120 0 1 0 0 0 0
 4023 25247.000 129147.000 0 0 0.000 0.000 0.000 0.120 0 1 0 0 0 0
 4024 21994.000 118789.000 0 0 0.000 0.000 0.000 0.125 0 1 0 0 0 0
 4025 20043.000 94155.000 0 0 0.000 0.000 0.000 0.120 0 1 0 0 0 0
 4026 20512.000 89519.000 0 0 52.000 30.000 1560.000 39.496 0 1 210 200 0 0
 4027 20695.000 88604.000 0 0 52.000 30.000 1560.000 39.496 0 1 210 200 0 0
 4028 21351.000 84680.000 0 0 54.000 32.000 1728.000 41.569 0 1 210 200 0 0
 4029 22851.000 78193.000 0 0 0.000 0.000 0.000 0.122 0 1 0 0 0 0
 4030 22923.000 78090.000 0 0 0.000 0.000 0.000 0.121 0 1 0 0 0 0
 4031 24373.000 73534.000 0 0 0.000 0.000 0.000 0.121 0 1 0 0 0 0
 4032 26106.000 69067.000 0 0 0.000 0.000 0.000 0.121 0 1 0 0 0 0
 4033 26877.000 67253.000 0 0 0.000 0.000 0.000 0.127 0 1 0 0 0 0
 4034 27451.000 66111.000 0 0 0.000 0.000 0.000 0.120 0 1 0 0 0 0
 4035 28949.000 62687.000 0 0 56.000 44.000 2464.000 49.638 0 1 160 200 0 0
 4036 30477.000 60247.000 0 0 54.000 46.000 2484.000 49.839 0 1 154 200 0 0
 4037 31499.000 58513.000 0 0 56.000 46.000 2576.000 50.754 0 1 138 200 0 0
 4038 47999.000 39152.000 0 0 0.000 0.000 0.000 0.122 0 1 0 0 0 0
 4039 53091.000 34954.000 0 0 0.000 0.000 0.000 0.123 0 1 0 0 0 0
 4040 54151.000 34357.000 0 0 0.000 0.000 0.000 0.120 0 1 0 0 0 0
 4041 64197.000 28412.000 0 0 0.000 0.000 0.000 0.122 0 1 0 0 0 0
 4042 65965.000 27539.000 0 0 0.000 0.000 0.000 0.120 0 1 0 0 0 0
 4043 120172.000 22444.000 0 0 0.000 0.000 0.000 0.123 0 1 0 0 0 0
 4044 126055.000 24194.000 0 0 40.000 54.000 2160.000 46.475 0 1 49 200 0 0
 4045 130821.000 25964.000 0 0 0.000 0.000 0.000 0.122 0 1 0 0 0 0
 4046 133099.000 26813.000 0 0 42.000 54.000 2268.000 47.623 0 1 61 200 0 0
 4047 147193.000 35143.000 0 0 0.000 0.000 0.000 0.122 0 1 0 0 0 0
 4048 166978.000 55702.000 0 0 54.000 48.000 2592.000 50.911 0 1 145 200 0 0
 4049 169202.000 59294.000 0 0 0.000 0.000 0.000 0.120 0 1 0 0 0 0
 4050 170274.000 61112.000 0 0 54.000 46.000 2484.000 49.839 0 1 156 200 0 0
 4051 175434.000 72356.000 0 0 56.000 40.000 2240.000 47.328 0 1 181 200 0 0
 4052 177973.000 79833.000 0 0 56.000 36.000 2016.000 44.899 0 1 199 200 0 0
 4053 178894.000 84436.000 0 0 54.000 32.000 1728.000 41.569 0 1 206 200 0 0
 4054 179451.000 87422.000 0 0 0.000 0.000 0.000 0.121 0 1 0 0 0 0
 4055 180461.000 97185.000 0 0 50.000 24.000 1200.000 34.641 0 1 231 200 0 0
 4056 180477.000 101026.000 0 0 0.000 0.000 0.000 0.120 0 1 0 0 0 0
 4057 179700.000 111342.000 0 0 52.000 30.000 1560.000 39.496 0 1 259 200 0 0
 4058 177820.000 120775.000 0 0 56.000 36.000 2016.000 44.899 0 1 282 200 0 0
 4059 176842.000 124194.000 0 0 54.000 38.000 2052.000 45.299 0 1 286 200 0 0
 4060 175423.000 128237.000 0 0 0.000 0.000 0.000 0.123 0 1 0 0 0 0
 4061 174599.000 130401.000 0 0 56.000 42.000 2352.000 48.497 0 1 295 200 0 0
 4062 174106.000 131586.000 0 0 55.000 42.000 2310.000 48.062 0 1 295 200 0 0
 4063 171877.000 136368.000 0 0 56.000 44.000 2464.000 49.638 0 1 308 200 0 0
 4064 171830.000 136594.000 0 0 56.000 44.000 2464.000 49.638 0 1 308 200 0 0
 4065 165571.000 147124.000 0 0 0.000 0.000 0.000 0.124 0 1 0 0 0 0
 4066 165408.000 147121.000 0 0 0.000 0.000 0.000 0.120 0 1 0 0 0 0
 4067 162620.000 150775.000 0 0 54.000 50.000 2700.000 51.961 0 1 344 200 0 0
 4068 157688.000 156306.000 0 0 52.000 52.000 2704.000 52.000 0 1 359 200 0 0
 4069 157476.000 156536.000 0 0 52.000 52.000 2704.000 52.000 0 1 359 200 0 0
 4070 154381.000 159533.000 0 0 0.000 0.000 0.000 0.121 0 1 0 0 0 0
 4071 140283.000 169861.000 0 0 46.000 54.000 2484.000 49.839 0 1 422 200 0 0
 4072 136762.000 171799.000 0 0 0.000 0.000 0.000 0.121 0 1 0 0 0 0
 4073 133723.000 173261.000 0 0 42.000 56.000 2352.000 48.497 0 1 440 200 0 0
 4074 131703.000 174308.000 0 0 0.000 0.000 0.000 0.125 0 1 0 0 0 0
 4075 123364.000 177224.000 0 0 0.000 0.000 0.000 0.124 0 1 0 0 0 0
 4076 115766.000 179089.000 0 0 32.000 54.000 1728.000 41.569 0 1 467 200 0 0
 4077 90312.000 180054.000 0 0 30.000 52.000 1560.000 39.496 0 1 477 200 0 0
 4078 90221.000 180037.000 0 0 30.000 52.000 1560.000 39.496 0 1 477 200 0 0
 4079 82902.000 178767.000 0 0 34.000 54.000 1836.000 42.848 0 1 469 200 0 0
 4080 82016.000 178558.000 0 0 34.000 54.000 1836.000 42.848 0 1 469 200 0 0
 4081 76908.000 177237.000 0 0 0.000 0.000 0.000 0.120 0 1 0 0 0 0
 4082 71696.000 175466.000 0 0 0.000 0.000 0.000 0.120 0 1 0 0 0 0
 4083 71124.000 175268.000 0 0 0.000 0.000 0.000 0.121 0 1 0 0 0 0
 4084 65588.000 172862.000 0 0 0.000 0.000 0.000 0.121 0 1 0 0 0 0
 4085 63144.000 171664.000 0 0 0.000 0.000 0.000 0.121 0 1 0 0 0 0
 4086 52490.000 165024.000 0 0 0.000 0.000 0.000 0.121 0 1 0 0 0 0
 4087 51941.000 164625.000 0 0 0.000 0.000 0.000 0.121 0 1 0 0 0 0
 4088 43663.000 157565.000 0 0 52.000 52.000 2704.000 52.000 0 1 366 210 0 0
 4089 33629.000 145514.000 0 0 0.000 0.000 0.000 0.122 0 1 0 0 0 0
 4090 23881.000 125971.000 0 0 0.000 0.000 0.000 0.120 0 1 0 0 0 0
 4091 20482.000 111707.000 0 0 0.000 0.000 0.000 0.123 0 1 0 0 0 0
 4092 19792.000 96065.000 0 0 0.000 0.000 0.000 0.121 0 1 0 0 0 0
 4093 20001.000 92458.000 0 0 52.000 28.000 1456.000 38.157 0 1 219 200 0 0
 4094 20308.000 89519.000 0 0 52.000 30.000 1560.000 39.496 0 1 210 200 0 0
 4095 20708.000 87348.000 0 0 52.000 30.000 1560.000 39.496 0 1 210 200 0 0
 4096 20905.000 85870.000 0 0 54.000 32.000 1728.000 41.569 0 1 210 200 0 0
 4097 21558.000 82712.000 0 0 0.000 0.000 0.000 0.121 0 1 0 0 0 0
 4098 21879.000 81334.000 0 0 54.000 34.000 1836.000 42.848 0 1 201 200 0 0
 4099 21904.000 81248.000 0 0 54.000 34.000 1836.000 42.848 0 1 201 200 0 0
 4100 22070.000 80656.000 0 0 54.000 36.000 1944.000 44.090 0 1 201 200 0 0
 4101 22437.000 79206.000 0 0 0.000 0.000 0.000 0.123 0 1 0 0 0 0
 4102 24201.000 73449.000 0 0 0.000 0.000 0.000 0.120 0 1 0 0 0 0
 4103 25395.000 70387.000 0 0 56.000 42.000 2352.000 48.497 0 1 179 210 0 0
 4104 29744.000 61197.000 0 0 54.000 46.000 2484.000 49.839 0 1 154 200 0 0
 4105 30523.000 59847.000 0 0 56.000 46.000 2576.000 50.754 0 1 154 200 0 0
 4106 31065.000 58891.000 0 0 56.000 46.000 2576.000 50.754 0 1 138 200 0 0
 4107 35851.000 51794.000 0 0 0.000 0.000 0.000 0.120 0 1 0 0 0 0
 4108 56034.000 32897.000 0 0 0.000 0.000 0.000 0.122 0 1 0 0 0 0
 4109 65251.000 27670.000 0 0 0.000 0.000 0.000 0.120 0 1 0 0 0 0
 4110 66630.000 27058.000 0 0 0.000 0.000 0.000 0.121 0 1 0 0 0 0
 4111 83294.000 21485.000 0 0 0.000 0.000 0.000 0.120 0 1 0 0 0 0
 4112 96950.000 19834.000 0 0 24.000 50.000 1200.000 34.641 0 1 37 200 0 0
 4113 103991.000 19839.000 0 0 0.000 0.000 0.000 0.121 0 1 0 0 0 0
 4114 117512.000 21583.000 0 0 0.000 0.000 0.000 0.122 0 1 0 0 0 0
 4115 122798.000 23000.000 0 0 0.000 0.000 0.000 0.122 0 1 0 0 0 0
 4116 124292.000 23456.000 0 0 38.000 54.000 2052.000 45.299 0 1 49 200 0 0
 4117 125682.000 23901.000 0 0 38.000 54.000 2052.000 45.299 0 1 49 200 0 0
 4118 164643.000 52099.000 0 0 0.000 0.000 0.000 0.123 0 1 0 0 0 0
 4119 165900.000 53801.000 0 0 54.000 48.000 2592.000 50.911 0 1 137 200 0 0
 4120 170892.000 61841.000 0 0 56.000 44.000 2464.000 49.638 0 1 156 200 0 0
 4121 174539.000 69490.000 0 0 56.000 42.000 2352.000 48.497 0 1 175 200 0 0
 4122 175941.000 73181.000 0 0 54.000 40.000 2160.000 46.475 0 1 181 200 0 0
 4123 178025.000 79927.000 0 0 54.000 36.000 1944.000 44.090 0 1 199 200 0 0
 4124 178166.000 80377.000 0 0 54.000 36.000 1944.000 44.090 0 1 199 200 0 0
 4125 178384.000 81206.000 0 0 54.000 34.000 1836.000 42.848 0 1 199 200 0 0
 4126 178740.000 82618.000 0 0 54.000 34.000 1836.000 42.848 0 1 206 200 0 0
 4127 178849.000 83425.000 0 0 54.000 34.000 1836.000 42.848 0 1 206 200 0 0
 4128 180465.000 95087.000 0 0 0.000 0.000 0.000 0.120 0 1 0 0 0 0
 4129 180576.000 96248.000 0 0 0.000 0.000 0.000 0.120 0 1 0 0 0 0
 4130 180584.000 97331.000 0 0 50.000 24.000 1200.000 34.641 0 1 231 200 0 0
 4131 180598.000 102636.000 0 0 50.000 24.000 1200.000 34.641 0 1 243 200 0 0
 4132 180529.000 104263.000 0 0 50.000 26.000 1300.000 36.055 0 1 247 200 0 0
 4133 179470.000 114074.000 0 0 54.000 32.000 1728.000 41.569 0 1 268 200 0 0
 4134 179076.000 116129.000 0 0 54.000 32.000 1728.000 41.569 0 1 276 200 0 0
 4135 178982.000 116694.000 0 0 54.000 34.000 1836.000 42.848 0 1 276 200 0 0
 4136 178577.000 118218.000 0 0 0.000 0.000 0.000 0.120 0 1 0 0 0 0
 4137 178396.000 119211.000 0 0 0.000 0.000 0.000 0.121 0 1 0 0 0 0
 4138 177019.000 124217.000 0 0 54.000 38.000 2052.000 45.299 0 1 286 200 0 0
 4139 176658.000 125705.000 0 0 54.000 38.000 2052.000 45.299 0 1 286 200 0 0
 4140 176049.000 127098.000 0 0 0.000 0.000 0.000 0.121 0 1 0 0 0 0
 4141 174445.000 131192.000 0 0 56.000 42.000 2352.000 48.497 0 1 295 200 0 0
 4142 174420.000 131303.000 0 0 56.000 42.000 2352.000 48.497 0 1 295 200 0 0
 4143 170872.000 138680.000 0 0 54.000 44.000 2376.000 48.744 0 1 314 200 0 0
 4144 166721.000 145422.000 0 0 54.000 48.000 2592.000 50.911 0 1 327 200 0 0
 4145 161666.000 152204.000 0 0 0.000 0.000 0.000 0.121 0 1 0 0 0 0
 4146 156280.000 157992.000 0 0 52.000 52.000 2704.000 52.000 0 1 368 200 0 0
 4147 151318.000 162418.000 0 0 0.000 0.000 0.000 0.121 0 1 0 0 0 0
 4148 148571.000 164572.000 0 0 50.000 54.000 2700.000 51.961 0 1 377 200 0 0
 4149 143551.000 168085.000 0 0 48.000 56.000 2688.000 51.845 0 1 415 200 0 0
 4150 133434.000 173593.000 0 0 42.000 54.000 2268.000 47.623 0 1 440 200 0 0
 4151 117850.000 178797.000 0 0 34.000 54.000 1836.000 42.848 0 1 471 200 0 0
 4152 116883.000 179038.000 0 0 34.000 54.000 1836.000 42.848 0 1 467 200 0 0
 4153 116066.000 179228.000 0 0 32.000 54.000 1728.000 41.569 0 1 467 200 0 0
 4154 98834.000 180813.000 0 0 0.000 0.000 0.000 0.121 0 1 0 0 0 0
 4155 96020.000 180726.000 0 0 0.000 0.000 0.000 0.122 0 1 0 0 0 0
 4156 78374.000 177847.000 0 0 0.000 0.000 0.000 0.121 0 1 0 0 0 0
 4157 76385.000 177231.000 0 0 0.000 0.000 0.000 0.120 0 1 0 0 0 0
 4158 71135.000 175423.000 0 0 0.000 0.000 0.000 0.120 0 1 0 0 0 0
 4159 64220.000 172401.000 0 0 0.000 0.000 0.000 0.120 0 1 0 0 0 0
 4160 62703.000 171626.000 0 0 0.000 0.000 0.000 0.121 0 1 0 0 0 0
 4161 57701.000 168751.000 0 0 48.000 56.000 2688.000 51.845 0 1 421 200 0 0
 4162 52348.000 165172.000 0 0 0.000 0.000 0.000 0.123 0 1 0 0 0 0
 4163 47475.000 161264.000 0 0 0.000 0.000 0.000 0.124 0 1 0 0 0 0
 4164 39308.000 153357.000 0 0 52.000 52.000 2704.000 52.000 0 1 353 200 0 0
 4165 36195.000 149349.000 0 0 0.000 0.000 0.000 0.120 0 1 0 0 0 0
 4166 30520.000 140924.000 0 0 0.000 0.000 0.000 0.120 0 1 0 0 0 0
 4167 19495.000 98508.000 0 0 0.000 0.000 0.000 0.121 0 1 0 0 0 0
 4168 20457.000 87835.000 0 0 52.000 30.000 1560.000 39.496 0 1 210 200 0 0
 4169 20915.000 85181.000 0 0 54.000 32.000 1728.000 41.569 0 1 210 200 0 0
 4170 21229.000 83541.000 0 0 0.000 0.000 0.000 0.123 0 1 0 0 0 0
 4171 22687.000 77550.000 0 0 0.000 0.000 0.000 0.124 0 1 0 0 0 0
 4172 24602.000 71985.000 0 0 56.000 40.000 2240.000 47.328 0 1 180 210 0 0
 4173 27996.000 64069.000 0 0 0.000 0.000 0.000 0.122 0 1 0 0 0 0
 4174 32066.000 56967.000 0 0 56.000 48.000 2688.000 51.845 0 1 138 200 0 0
 4175 32124.000 56894.000 0 0 56.000 48.000 2688.000 51.845 0 1 138 200 0 0
 4176 37614.000 49271.000 0 0 0.000 0.000 0.000 0.123 0 1 0 0 0 0
 4177 37944.000 48921.000 0 0 0.000 0.000 0.000 0.122 0 1 0 0 0 0
 4178 40143.000 46364.000 0 0 0.000 0.000 0.000 0.122 0 1 0 0 0 0
 4179 65289.000 27466.000 0 0 0.000 0.000 0.000 0.120 0 1 0 0 0 0
 4180 69485.000 25615.000 0 0 0.000 0.000 0.000 0.121 0 1 0 0 0 0
 4181 75885.000 23325.000 0 0 38.000 54.000 2052.000 45.299 0 1 50 200 0 0
 4182 76362.000 23128.000 0 0 38.000 54.000 2052.000 45.299 0 1 50 200 0 0
 4183 79179.000 22344.000 0 0 36.000 56.000 2016.000 44.899 0 1 43 200 0 0
 4184 88559.000 20403.000 0 0 0.000 0.000 0.000 0.121 0 1 0 0 0 0
 4185 91540.000 20040.000 0 0 0.000 0.000 0.000 0.121 0 1 0 0 0 0
 4186 92893.000 19927.000 0 0 28.000 52.000 1456.000 38.157 0 1 38 200 0 0
 4187 94100.000 19785.000 0 0 26.000 50.000 1300.000 36.055 0 1 38 200 0 0
 4188 98006.000 19561.000 0 0 0.000 0.000 0.000 0.123 0 1 0 0 0 0
 4189 100586.000 19567.000 0 0 0.000 0.000 0.000 0.122 0 1 0 0 0 0
 4190 101935.000 19625.000 0 0 0.000 0.000 0.000 0.121 0 1 0 0 0 0
 4191 106391.000 19833.000 0 0 0.000 0.000 0.000 0.120 0 1 0 0 0 0
 4192 119241.000 21841.000 0 0 0.000 0.000 0.000 0.121 0 1 0 0 0 0
 4193 154616.000 40751.000 0 0 0.000 0.000 0.000 0.124 0 1 0 0 0 0
 4194 165748.000 53340.000 0 0 54.000 48.000 2592.000 50.911 0 1 137 200 0 0
 4195 167699.000 56179.000 0 0 0.000 0.000 0.000 0.122 0 1 0 0 0 0
 4196 175739.000 72099.000 0 0 56.000 40.000 2240.000 47.328 0 1 181 200 0 0
 4197 175785.000 72251.000 0 0 56.000 40.000 2240.000 47.328 0 1 181 200 0 0
 4198 176919.000 75391.000 0 0 54.000 38.000 2052.000 45.299 0 1 191 200 0 0
 4199 178520.000 81261.000 0 0 54.000 34.000 1836.000 42.848 0 1 199 200 0 0
 4200 179255.000 84122.000 0 0 54.000 32.000 1728.000 41.569 0 1 206 200 0 0
 4201 179494.000 85672.000 0 0 54.000 32.000 1728.000 41.569 0 1 211 200 0 0
 4202 179606.000 86147.000 0 0 54.000 32.000 1728.000 41.569 0 1 211 200 0 0
 4203 180789.000 97780.000 0 0 50.000 24.000 1200.000 34.641 0 1 231 200 0 0
 4204 180802.000 101919.000 0 0 50.000 24.000 1200.000 34.641 0 1 243 200 0 0
 4205 180472.000 107491.000 0 0 0.000 0.000 0.000 0.120 0 1 0 0 0 0
 4206 179197.000 116315.000 0 0 54.000 34.000 1836.000 42.848 0 1 276 200 0 0
 4207 178132.000 120789.000 0 0 56.000 36.000 2016.000 44.899 0 1 282 200 0 0
 4208 177042.000 125057.000 0 0 54.000 38.000 2052.000 45.299 0 1 286 200 0 0
 4209 171575.000 137780.000 0 0 56.000 44.000 2464.000 49.638 0 1 314 200 0 0
 4210 171142.000 138549.000 0 0 54.000 44.000 2376.000 48.744 0 1 314 200 0 0
 4211 171051.000 138716.000 0 0 54.000 44.000 2376.000 48.744 0 1 314 200 0 0
 4212 170426.000 139882.000 0 0 0.000 0.000 0.000 0.128 0 1 0 0 0 0
 4213 164313.000 149169.000 0 0 0.000 0.000 0.000 0.123 0 1 0 0 0 0
 4214 160999.000 153226.000 0 0 0.000 0.000 0.000 0.120 0 1 0 0 0 0
 4215 159020.000 155411.000 0 0 0.000 0.000 0.000 0.122 0 1 0 0 0 0
 4216 158413.000 156078.000 0 0 54.000 52.000 2808.000 52.990 0 1 359 200 0 0
 4217 157374.000 157179.000 0 0 52.000 52.000 2704.000 52.000 0 1 359 200 0 0
 4218 157243.000 157240.000 0 0 52.000 52.000 2704.000 52.000 0 1 359 200 0 0
 4219 155491.000 158941.000 0 0 52.000 54.000 2808.000 52.990 0 1 368 200 0 0
 4220 144549.000 167620.000 0 0 48.000 54.000 2592.000 50.911 0 1 415 200 0 0
 4221 144031.000 167980.000 0 0 48.000 54.000 2592.000 50.911 0 1 415 200 0 0
 4222 140911.000 169889.000 0 0 46.000 56.000 2576.000 50.754 0 1 422 200 0 0
 4223 140807.000 169948.000 0 0 46.000 56.000 2576.000 50.754 0 1 422 200 0 0
 4224 133083.000 173907.000 0 0 42.000 54.000 2268.000 47.623 0 1 440 200 0 0
 4225 129811.000 175319.000 0 0 0.000 0.000 0.000 0.122 0 1 0 0 0 0
 4226 126717.000 176470.000 0 0 0.000 0.000 0.000 0.122 0 1 0 0 0 0
 4227 122777.000 177702.000 0 0 0.000 0.000 0.000 0.120 0 1 0 0 0 0
 4228 122025.000 177932.000 0 0 0.000 0.000 0.000 0.122 0 1 0 0 0 0
 4229 115188.000 179552.000 0 0 32.000 54.000 1728.000 41.569 0 1 467 200 0 0
 4230 114971.000 179567.000 0 0 32.000 54.000 1728.000 41.569 0 1 470 200 0 0
 4231 113204.000 179915.000 0 0 32.000 52.000 1664.000 40.792 0 1 482 200 0 0
 4232 106678.000 180699.000 0 0 0.000 0.000 0.000 0.121 0 1 0 0 0 0
 4233 98813.000 180980.000 0 0 0.000 0.000 0.000 0.120 0 1 0 0 0 0
 4234 89295.000 180210.000 0 0 30.000 52.000 1560.000 39.496 0 1 477 200 0 0
 4235 82565.000 179019.000 0 0 34.000 54.000 1836.000 42.848 0 1 469 200 0 0
 4236 80320.000 178554.000 0 0 0.000 0.000 0.000 0.120 0 1 0 0 0 0
 4237 77892.000 177859.000 0 0 0.000 0.000 0.000 0.120 0 1 0 0 0 0
 4238 74946.000 176973.000 0 0 38.000 54.000 2052.000 45.299 0 1 446 200 0 0
 4239 74050.000 176651.000 0 0 40.000 54.000 2160.000 46.475 0 1 446 200 0 0
 4240 68290.000 174464.000 0 0 42.000 56.000 2352.000 48.497 0 1 437 200 0 0
 4241 58805.000 169621.000 0 0 0.000 0.000 0.000 0.122 0 1 0 0 0 0
 4242 49794.000 163393.000 0 0 0.000 0.000 0.000 0.122 0 1 0 0 0 0
 4243 45278.000 159545.000 0 0 50.000 54.000 2700.000 51.961 0 1 375 200 0 0
 4244 43732.000 158081.000 0 0 52.000 52.000 2704.000 52.000 0 1 366 210 0 0
 4245 38760.000 152762.000 0 0 52.000 52.000 2704.000 52.000 0 1 353 200 0 0
 4246 37660.000 151521.000 0 0 54.000 50.000 2700.000 51.961 0 1 347 200 0 0
 4247 37347.000 151076.000 0 0 54.000 50.000 2700.000 51.961 0 1 347 200 0 0
 4248 35947.000 149292.000 0 0 0.000 0.000 0.000 0.120 0 1 0 0 0 0
 4249 27032.000 134662.000 0 0 0.000 0.000 0.000 0.120 0 1 0 0 0 0
 4250 20766.000 84830.000 0 0 54.000 32.000 1728.000 41.569 0 1 210 200 0 0
 4251 22043.000 79356.000 0 0 0.000 0.000 0.000 0.121 0 1 0 0 0 0
 4252 23612.000 74185.000 0 0 0.000 0.000 0.000 0.121 0 1 0 0 0 0
 4253 26319.000 67274.000 0 0 0.000 0.000 0.000 0.123 0 1 0 0 0 0
 4254 28962.000 61884.000 0 0 56.000 44.000 2464.000 49.638 0 1 160 200 0 0
 4255 37378.000 49319.000 0 0 0.000 0.000 0.000 0.120 0 1 0 0 0 0
 4256 55978.000 32352.000 0 0 0.000 0.000 0.000 0.125 0 1 0 0 0 0
 4257 78435.000 22340.000 0 0 36.000 56.000 2016.000 44.899 0 1 43 200 0 0
 4258 87051.000 20507.000 0 0 0.000 0.000 0.000 0.121 0 1 0 0 0 0
 4259 89514.000 20108.000 0 0 0.000 0.000 0.000 0.123 0 1 0 0 0 0
 4260 92725.000 19738.000 0 0 28.000 52.000 1456.000 38.157 0 1 38 200 0 0
 4261 93523.000 19708.000 0 0 28.000 50.000 1400.000 37.416 0 1 38 200 0 0
 4262 97983.000 19406.000 0 0 0.000 0.000 0.000 0.121 0 1 0 0 0 0
 4263 102125.000 19445.000 0 0 0.000 0.000 0.000 0.120 0 1 0 0 0 0
 4264 103705.000 19491.000 0 0 0.000 0.000 0.000 0.120 0 1 0 0 0 0
 4265 105209.000 19575.000 0 0 26.000 50.000 1300.000 36.055 0 1 40 200 0 0
 4266 107545.000 19732.000 0 0 0.000 0.000 0.000 0.120 0 1 0 0 0 0
 4267 124707.000 23220.000 0 0 38.000 54.000 2052.000 45.299 0 1 49 200 0 0
 4268 126588.000 23843.000 0 0 40.000 54.000 2160.000 46.475 0 1 49 200 0 0
 4269 128327.000 24517.000 0 0 0.000 0.000 0.000 0.120 0 1 0 0 0 0
 4270 134328.000 27010.000 0 0 0.000 0.000 0.000 0.120 0 1 0 0 0 0
 4271 158826.000 44667.000 0 0 54.000 52.000 2808.000 52.990 0 1 119 200 0 0
 4272 159331.000 45203.000 0 0 54.000 50.000 2700.000 51.961 0 1 119 200 0 0
 4273 160632.000 46588.000 0 0 52.000 52.000 2704.000 52.000 0 1 119 200 0 0
 4274 165422.000 52562.000 0 0 56.000 48.000 2688.000 51.845 0 1 137 200 0 0
 4275 167814.000 56026.000 0 0 0.000 0.000 0.000 0.123 0 1 0 0 0 0
 4276 168850.000 57645.000 0 0 0.000 0.000 0.000 0.123 0 1 0 0 0 0
 4277 170409.000 60273.000 0 0 54.000 46.000 2484.000 49.839 0 1 156 200 0 0
 4278 171062.000 61431.000 0 0 54.000 44.000 2376.000 48.744 0 1 156 200 0 0
 4279 174971.000 69680.000 0 0 56.000 42.000 2352.000 48.497 0 1 175 200 0 0
 4280 175321.000 70576.000 0 0 0.000 0.000 0.000 0.120 0 1 0 0 0 0
 4281 176429.000 73518.000 0 0 54.000 40.000 2160.000 46.475 0 1 181 200 0 0
 4282 177388.000 76440.000 0 0 0.000 0.000 0.000 0.120 0 1 0 0 0 0
 4283 178534.000 80388.000 0 0 54.000 36.000 1944.000 44.090 0 1 199 200 0 0
 4284 180036.000 88043.000 0 0 0.000 0.000 0.000 0.123 0 1 0 0 0 0
 4285 180210.000 89087.000 0 0 0.000 0.000 0.000 0.120 0 1 0 0 0 0
 4286 180258.000 89425.000 0 0 0.000 0.000 0.000 0.121 0 1 0 0 0 0
 4287 180936.000 97341.000 0 0 50.000 24.000 1200.000 34.641 0 1 231 200 0 0
 4288 180450.000 110490.000 0 0 52.000 30.000 1560.000 39.496 0 1 259 200 0 0
 4289 180273.000 110814.000 0 0 52.000 30.000 1560.000 39.496 0 1 259 200 0 0
 4290 179377.000 116443.000 0 0 54.000 34.000 1836.000 42.848 0 1 276 200 0 0
 4291 179315.000 116560.000 0 0 54.000 34.000 1836.000 42.848 0 1 276 200 0 0
 4292 176434.000 126958.000 0 0 0.000 0.000 0.000 0.121 0 1 0 0 0 0
 4293 174046.000 133005.000 0 0 0.000 0.000 0.000 0.120 0 1 0 0 0 0
 4294 172507.000 136312.000 0 0 56.000 44.000 2464.000 49.638 0 1 308 200 0 0
 4295 168672.000 143134.000 0 0 0.000 0.000 0.000 0.122 0 1 0 0 0 0
 4296 167353.000 145176.000 0 0 54.000 46.000 2484.000 49.839 0 1 327 200 0 0
 4297 166665.000 146246.000 0 0 54.000 48.000 2592.000 50.911 0 1 327 200 0 0
 4298 163199.000 150883.000 0 0 54.000 50.000 2700.000 51.961 0 1 344 200 0 0
 4299 160369.000 154178.000 0 0 0.000 0.000 0.000 0.123 0 1 0 0 0 0
 4300 157265.000 157663.000 0 0 52.000 52.000 2704.000 52.000 0 1 359 200 0 0
 4301 155303.000 159335.000 0 0 52.000 54.000 2808.000 52.990 0 1 368 200 0 0
 4302 152004.000 162287.000 0 0 0.000 0.000 0.000 0.120 0 1 0 0 0 0
 4303 148658.000 165002.000 0 0 48.000 56.000 2688.000 51.845 0 1 377 200 0 0
 4304 145852.000 166967.000 0 0 48.000 54.000 2592.000 50.911 0 1 413 210 0 0
 4305 126317.000 176747.000 0 0 0.000 0.000 0.000 0.121 0 1 0 0 0 0
 4306 126223.000 176810.000 0 0 0.000 0.000 0.000 0.123 0 1 0 0 0 0
 4307 118641.000 178990.000 0 0 34.000 54.000 1836.000 42.848 0 1 471 200 0 0
 4308 108663.000 180672.000 0 0 0.000 0.000 0.000 0.121 0 1 0 0 0 0
 4309 105875.000 180929.000 0 0 0.000 0.000 0.000 0.120 0 1 0 0 0 0
 4310 92701.000 180799.000 0 0 28.000 52.000 1456.000 38.157 0 1 483 200 0 0
 4311 90505.000 180585.000 0 0 28.000 52.000 1456.000 38.157 0 1 477 200 0 0
 4312 86498.000 180022.000 0 0 32.000 52.000 1664.000 40.792 0 1 480 200 0 0
 4313 85741.000 179872.000 0 0 32.000 54.000 1728.000 41.569 0 1 480 200 0 0
 4314 85351.000 179803.000 0 0 32.000 54.000 1728.000 41.569 0 1 480 200 0 0
 4315 66204.000 173707.000 0 0 0.000 0.000 0.000 0.120 0 1 0 0 0 0
 4316 57988.000 169326.000 0 0 46.000 56.000 2576.000 50.754 0 1 421 200 0 0
 4317 55726.000 167916.000 0 0 0.000 0.000 0.000 0.121 0 1 0 0 0 0
 4318 42128.000 156680.000 0 0 0.000 0.000 0.000 0.120 0 1 0 0 0 0
 4319 37767.000 151890.000 0 0 54.000 52.000 2808.000 52.990 0 1 347 200 0 0
 4320 31960.000 143970.000 0 0 0.000 0.000 0.000 0.123 0 1 0 0 0 0
 4321 25201.000 131004.000 0 0 0.000 0.000 0.000 0.121 0 1 0 0 0 0
 4322 25081.000 130566.000 0 0 0.000 0.000 0.000 0.120 0 1 0 0 0 0
 4323 24520.000 129162.000 0 0 0.000 0.000 0.000 0.120 0 1 0 0 0 0
 4324 21338.000 81007.000 0 0 54.000 34.000 1836.000 42.848 0 1 201 200 0 0
 4325 22910.000 75910.000 0 0 0.000 0.000 0.000 0.122 0 1 0 0 0 0
 4326 23018.000 75448.000 0 0 0.000 0.000 0.000 0.121 0 1 0 0 0 0
 4327 34408.000 52922.000 0 0 0.000 0.000 0.000 0.122 0 1 0 0 0 0
 4328 49895.000 36692.000 0 0 0.000 0.000 0.000 0.121 0 1 0 0 0 0
 4329 62437.000 28353.000 0 0 0.000 0.000 0.000 0.127 0 1 0 0 0 0
 4330 66195.000 26704.000 0 0 0.000 0.000 0.000 0.120 0 1 0 0 0 0
 4331 93735.000 19493.000 0 0 26.000 50.000 1300.000 36.055 0 1 38 200 0 0
 4332 99486.000 19228.000 0 0 0.000 0.000 0.000 0.122 0 1 0 0 0 0
 4333 108034.000 19639.000 0 0 0.000 0.000 0.000 0.120 0 1 0 0 0 0
 4334 111819.000 20063.000 0 0 0.000 0.000 0.000 0.122 0 1 0 0 0 0
 4335 118025.000 21224.000 0 0 0.000 0.000 0.000 0.122 0 1 0 0 0 0
 4336 118235.000 21262.000 0 0 0.000 0.000 0.000 0.120 0 1 0 0 0 0
 4337 119357.000 21550.000 0 0 0.000 0.000 0.000 0.120 0 1 0 0 0 0
 4338 126212.000 23563.000 0 0 40.000 54.000 2160.000 46.475 0 1 49 200 0 0
 4339 135855.000 27567.000 0 0 0.000 0.000 0.000 0.124 0 1 0 0 0 0
 4340 139392.000 29414.000 0 0 0.000 0.000 0.000 0.120 0 1 0 0 0 0
 4341 139795.000 29599.000 0 0 0.000 0.000 0.000 0.120 0 1 0 0 0 0
 4342 139961.000 29702.000 0 0 0.000 0.000 0.000 0.120 0 1 0 0 0 0
 4343 163147.000 49309.000 0 0 0.000 0.000 0.000 0.120 0 1 0 0 0 0
 4344 172256.000 63289.000 0 0 0.000 0.000 0.000 0.123 0 1 0 0 0 0
 4345 173129.000 65284.000 0 0 56.000 42.000 2352.000 48.497 0 1 167 200 0 0
 4346 174042.000 67068.000 0 0 0.000 0.000 0.000 0.123 0 1 0 0 0 0
 4347 176041.000 71604.000 0 0 56.000 40.000 2240.000 47.328 0 1 181 200 0 0
 4348 178591.000 79956.000 0 0 54.000 36.000 1944.000 44.090 0 1 199 200 0 0
 4349 178697.000 80526.000 0 0 54.000 36.000 1944.000 44.090 0 1 199 200 0 0
 4350 179549.000 83570.000 0 0 54.000 34.000 1836.000 42.848 0 1 206 200 0 0
 4351 179720.000 84987.000 0 0 54.000 32.000 1728.000 41.569 0 1 211 200 0 0
 4352 181124.000 101879.000 0 0 50.000 24.000 1200.000 34.641 0 1 243 200 0 0
 4353 181065.000 103949.000 0 0 50.000 26.000 1300.000 36.055 0 1 247 200 0 0
 4354 180968.000 105597.000 0 0 0.000 0.000 0.000 0.121 0 1 0 0 0 0
 4355 178176.000 122064.000 0 0 0.000 0.000 0.000 0.120 0 1 0 0 0 0
 4356 173393.000 134813.000 0 0 0.000 0.000 0.000 0.123 0 1 0 0 0 0
 4357 171854.000 137975.000 0 0 56.000 44.000 2464.000 49.638 0 1 314 200 0 0
 4358 171841.000 138298.000 0 0 56.000 44.000 2464.000 49.638 0 1 314 200 0 0
 4359 163729.000 150462.000 0 0 54.000 50.000 2700.000 51.961 0 1 344 200 0 0
 4360 162419.000 152300.000 0 0 0.000 0.000 0.000 0.124 0 1 0 0 0 0
 4361 161011.000 153689.000 0 0 0.000 0.000 0.000 0.120 0 1 0 0 0 0
 4362 155231.000 159685.000 0 0 50.000 54.000 2700.000 51.961 0 1 368 200 0 0
 4363 149494.000 164524.000 0 0 0.000 0.000 0.000 0.122 0 1 0 0 0 0
 4364 141857.000 169734.000 0 0 0.000 0.000 0.000 0.121 0 1 0 0 0 0
 4365 129482.000 175808.000 0 0 0.000 0.000 0.000 0.120 0 1 0 0 0 0
 4366 129233.000 175907.000 0 0 0.000 0.000 0.000 0.122 0 1 0 0 0 0
 4367 128522.000 176182.000 0 0 0.000 0.000 0.000 0.120 0 1 0 0 0 0
 4368 124573.000 177542.000 0 0 0.000 0.000 0.000 0.121 0 1 0 0 0 0
 4369 120335.000 178738.000 0 0 0.000 0.000 0.000 0.121 0 1 0 0 0 0
 4370 117251.000 179499.000 0 0 34.000 54.000 1836.000 42.848 0 1 467 200 0 0
 4371 97708.000 181258.000 0 0 0.000 0.000 0.000 0.120 0 1 0 0 0 0
 4372 95530.000 181163.000 0 0 0.000 0.000 0.000 0.120 0 1 0 0 0 0
 4373 92744.000 181019.000 0 0 28.000 52.000 1456.000 38.157 0 1 483 200 0 0
 4374 92570.000 180994.000 0 0 28.000 52.000 1456.000 38.157 0 1 483 200 0 0
 4375 85592.000 180022.000 0 0 32.000 54.000 1728.000 41.569 0 1 480 200 0 0
 4376 81775.000 179236.000 0 0 34.000 54.000 1836.000 42.848 0 1 469 200 0 0
 4377 74110.000 176992.000 0 0 38.000 54.000 2052.000 45.299 0 1 446 200 0 0
 4378 74011.000 176997.000 0 0 38.000 54.000 2052.000 45.299 0 1 446 200 0 0
 4379 69476.000 175287.000 0 0 0.000 0.000 0.000 0.120 0 1 0 0 0 0
 4380 67120.000 174292.000 0 0 0.000 0.000 0.000 0.120 0 1 0 0 0 0
 4381 56796.000 168859.000 0 0 48.000 56.000 2688.000 51.845 0 1 421 200 0 0
 4382 56681.000 168773.000 0 0 48.000 56.000 2688.000 51.845 0 1 421 200 0 0
 4383 55752.000 168131.000 0 0 0.000 0.000 0.000 0.120 0 1 0 0 0 0
 4384 52130.000 165639.000 0 0 0.000 0.000 0.000 0.121 0 1 0 0 0 0
 4385 45925.000 160517.000 0 0 50.000 52.000 2600.000 50.990 0 1 375 200 0 0
 4386 44923.000 159676.000 0 0 50.000 54.000 2700.000 51.961 0 1 375 200 0 0
 4387 38994.000 153565.000 0 0 52.000 52.000 2704.000 52.000 0 1 353 200 0 0
 4388 32097.000 144450.000 0 0 0.000 0.000 0.000 0.120 0 1 0 0 0 0
 4389 21120.000 118797.000 0 0 0.000 0.000 0.000 0.120 0 1 0 0 0 0
 4390 20923.000 117801.000 0 0 0.000 0.000 0.000 0.120 0 1 0 0 0 0
 4391 19232.000 93746.000 0 0 0.000 0.000 0.000 0.120 0 1 0 0 0 0
 4392 24306.000 71322.000 0 0 56.000 40.000 2240.000 47.328 0 1 180 210 0 0
 4393 26995.000 64985.000 0 0 0.000 0.000 0.000 0.120 0 1 0 0 0 0
 4394 44205.000 41369.000 0 0 0.000 0.000 0.000 0.120 0 1 0 0 0 0
 4395 53457.000 33819.000 0 0 0.000 0.000 0.000 0.120 0 1 0 0 0 0
 4396 62528.000 28300.000 0 0 0.000 0.000 0.000 0.121 0 1 0 0 0 0
 4397 76265.000 22640.000 0 0 38.000 54.000 2052.000 45.299 0 1 50 200 0 0
 4398 79012.000 21860.000 0 0 36.000 56.000 2016.000 44.899 0 1 43 200 0 0
 4399 83332.000 20824.000 0 0 0.000 0.000 0.000 0.122 0 1 0 0 0 0
 4400 87070.000 20092.000 0 0 0.000 0.000 0.000 0.124 0 1 0 0 0 0
 4401 89051.000 19808.000 0 0 0.000 0.000 0.000 0.123 0 1 0 0 0 0
 4402 97136.000 19128.000 0 0 24.000 50.000 1200.000 34.641 0 1 37 200 0 0
 4403 100103.000 19050.000 0 0 0.000 0.000 0.000 0.120 0 1 0 0 0 0
 4404 112331.000 19979.000 0 0 0.000 0.000 0.000 0.120 0 1 0 0 0 0
 4405 114664.000 20362.000 0 0 32.000 54.000 1728.000 41.569 0 1 36 200 0 0
 4406 125336.000 23058.000 0 0 38.000 54.000 2052.000 45.299 0 1 49 200 0 0
 4407 127836.000 23939.000 0 0 0.000 0.000 0.000 0.120 0 1 0 0 0 0
 4408 132064.000 25636.000 0 0 0.000 0.000 0.000 0.122 0 1 0 0 0 0
 4409 132952.000 25982.000 0 0 42.000 54.000 2268.000 47.623 0 1 61 200 0 0
 4410 139308.000 29147.000 0 0 0.000 0.000 0.000 0.120 0 1 0 0 0 0
 4411 142520.000 31003.000 0 0 0.000 0.000 0.000 0.120 0 1 0 0 0 0
 4412 144448.000 32193.000 0 0 0.000 0.000 0.000 0.123 0 1 0 0 0 0
 4413 160406.000 45868.000 0 0 54.000 50.000 2700.000 51.961 0 1 119 200 0 0
 4414 163107.000 48790.000 0 0 0.000 0.000 0.000 0.124 0 1 0 0 0 0
 4415 170657.000 60029.000 0 0 54.000 46.000 2484.000 49.839 0 1 156 200 0 0
 4416 172133.000 62687.000 0 0 0.000 0.000 0.000 0.120 0 1 0 0 0 0
 4417 174862.000 68522.000 0 0 56.000 42.000 2352.000 48.497 0 1 175 200 0 0
 4418 175108.000 69158.000 0 0 56.000 42.000 2352.000 48.497 0 1 175 200 0 0
 4419 180674.000 90224.000 0 0 0.000 0.000 0.000 0.122 0 1 0 0 0 0
 4420 181305.000 99482.000 0 0 51.000 24.000 1224.000 34.985 0 1 233 200 0 0
 4421 180982.000 107803.000 0 0 0.000 0.000 0.000 0.120 0 1 0 0 0 0
 4422 179453.000 117513.000 0 0 0.000 0.000 0.000 0.122 0 1 0 0 0 0
 4423 176558.000 127675.000 0 0 0.000 0.000 0.000 0.120 0 1 0 0 0 0
 4424 174501.000 132903.000 0 0 0.000 0.000 0.000 0.127 0 1 0 0 0 0
 4425 169750.000 142017.000 0 0 0.000 0.000 0.000 0.123 0 1 0 0 0 0
 4426 161293.000 153595.000 0 0 0.000 0.000 0.000 0.120 0 1 0 0 0 0
 4427 159613.000 155487.000 0 0 0.000 0.000 0.000 0.122 0 1 0 0 0 0
 4428 156973.000 158224.000 0 0 52.000 52.000 2704.000 52.000 0 1 359 200 0 0
 4429 153538.000 161426.000 0 0 0.000 0.000 0.000 0.121 0 1 0 0 0 0
 4430 150994.000 163605.000 0 0 0.000 0.000 0.000 0.121 0 1 0 0 0 0
 4431 145508.000 167603.000 0 0 46.000 54.000 2484.000 49.839 0 1 413 210 0 0
 4432 143701.000 168760.000 0 0 48.000 56.000 2688.000 51.845 0 1 415 200 0 0
 4433 137240.000 172510.000 0 0 44.000 56.000 2464.000 49.638 0 1 435 200 0 0
 4434 136430.000 172912.000 0 0 44.000 56.000 2464.000 49.638 0 1 435 200 0 0
 4435 136400.000 173086.000 0 0 44.000 56.000 2464.000 49.638 0 1 435 200 0 0
 4436 134071.000 174017.000 0 0 42.000 56.000 2352.000 48.497 0 1 440 200 0 0
 4437 118129.000 179483.000 0 0 34.000 54.000 1836.000 42.848 0 1 471 200 0 0
 4438 90246.000 180913.000 0 0 28.000 52.000 1456.000 38.157 0 1 477 200 0 0
 4439 87310.000 180477.000 0 0 30.000 52.000 1560.000 39.496 0 1 477 200 0 0
 4440 85102.000 180097.000 0 0 32.000 54.000 1728.000 41.569 0 1 480 200 0 0
 4441 84446.000 179960.000 0 0 32.000 54.000 1728.000 41.569 0 1 480 200 0 0
 4442 81027.000 179222.000 0 0 34.000 54.000 1836.000 42.848 0 1 469 200 0 0
 4443 73156.000 176919.000 0 0 0.000 0.000 0.000 0.121 0 1 0 0 0 0
 4444 72575.000 176704.000 0 0 0.000 0.000 0.000 0.121 0 1 0 0 0 0
 4445 62001.000 172018.000 0 0 0.000 0.000 0.000 0.121 0 1 0 0 0 0
 4446 59751.000 170788.000 0 0 0.000 0.000 0.000 0.120 0 1 0 0 0 0
 4447 57795.000 169679.000 0 0 46.000 56.000 2576.000 50.754 0 1 421 200 0 0
 4448 53520.000 166833.000 0 0 0.000 0.000 0.000 0.120 0 1 0 0 0 0
 4449 45108.000 160091.000 0 0 50.000 54.000 2700.000 51.961 0 1 375 200 0 0
 4450 34086.000 147678.000 0 0 56.000 48.000 2688.000 51.845 0 1 336 200 0 0
 4451 31509.000 143834.000 0 0 0.000 0.000 0.000 0.121 0 1 0 0 0 0
 4452 30379.000 141998.000 0 0 56.000 46.000 2576.000 50.754 0 1 322 200 0 0
 4453 25918.000 133429.000 0 0 0.000 0.000 0.000 0.123 0 1 0 0 0 0
 4454 18959.000 105079.000 0 0 0.000 0.000 0.000 0.121 0 1 0 0 0 0
 4455 21252.000 80295.000 0 0 54.000 36.000 1944.000 44.090 0 1 201 200 0 0
 4456 26333.000 66093.000 0 0 0.000 0.000 0.000 0.123 0 1 0 0 0 0
 4457 28044.000 62266.000 0 0 0.000 0.000 0.000 0.123 0 1 0 0 0 0
 4458 74392.000 23076.000 0 0 0.000 0.000 0.000 0.120 0 1 0 0 0 0
 4459 92216.000 19264.000 0 0 28.000 52.000 1456.000 38.157 0 1 38 200 0 0
 4460 112152.000 19758.000 0 0 0.000 0.000 0.000 0.126 0 1 0 0 0 0
 4461 123612.000 22387.000 0 0 0.000 0.000 0.000 0.120 0 1 0 0 0 0
 4462 126052.000 23125.000 0 0 40.000 54.000 2160.000 46.475 0 1 49 200 0 0
 4463 130890.000 24918.000 0 0 0.000 0.000 0.000 0.127 0 1 0 0 0 0
 4464 133128.000 25922.000 0 0 42.000 54.000 2268.000 47.623 0 1 61 200 0 0
 4465 133351.000 25989.000 0 0 42.000 54.000 2268.000 47.623 0 1 61 200 0 0
 4466 135181.000 26835.000 0 0 0.000 0.000 0.000 0.120 0 1 0 0 0 0
 4467 145397.000 32636.000 0 0 0.000 0.000 0.000 0.126 0 1 0 0 0 0
 4468 146638.000 33489.000 0 0 0.000 0.000 0.000 0.123 0 1 0 0 0 0
 4469 160304.000 45513.000 0 0 54.000 50.000 2700.000 51.961 0 1 119 200 0 0
 4470 164894.000 51041.000 0 0 54.000 50.000 2700.000 51.961 0 1 133 200 0 0
 4471 174201.000 66608.000 0 0 0.000 0.000 0.000 0.122 0 1 0 0 0 0
 4472 177038.000 73812.000 0 0 54.000 40.000 2160.000 46.475 0 1 184 200 0 0
 4473 177985.000 76623.000 0 0 0.000 0.000 0.000 0.120 0 1 0 0 0 0
 4474 178720.000 121308.000 0 0 56.000 36.000 2016.000 44.899 0 1 282 200 0 0
 4475 174788.000 132539.000 0 0 0.000 0.000 0.000 0.120 0 1 0 0 0 0
 4476 164139.000 150463.000 0 0 54.000 50.000 2700.000 51.961 0 1 344 200 0 0
 4477 155392.000 160018.000 0 0 50.000 54.000 2700.000 51.961 0 1 368 200 0 0
 4478 138800.000 172005.000 0 0 0.000 0.000 0.000 0.123 0 1 0 0 0 0
 4479 136936.000 172866.000 0 0 44.000 56.000 2464.000 49.638 0 1 435 200 0 0
 4480 133039.000 174696.000 0 0 42.000 54.000 2268.000 47.623 0 1 440 200 0 0
 4481 130681.000 175653.000 0 0 42.000 56.000 2352.000 48.497 0 1 450 200 0 0
 4482 114620.000 180480.000 0 0 32.000 54.000 1728.000 41.569 0 1 482 200 0 0
 4483 114215.000 180409.000 0 0 32.000 54.000 1728.000 41.569 0 1 482 200 0 0
 4484 113831.000 180641.000 0 0 32.000 54.000 1728.000 41.569 0 1 482 200 0 0
 4485 113754.000 180470.000 0 0 32.000 54.000 1728.000 41.569 0 1 482 200 0 0
 4486 96978.000 181630.000 0 0 0.000 0.000 0.000 0.121 0 1 0 0 0 0
 4487 92784.000 181312.000 0 0 28.000 52.000 1456.000 38.157 0 1 483 200 0 0
 4488 88041.000 180799.000 0 0 30.000 52.000 1560.000 39.496 0 1 477 200 0 0
 4489 82116.000 179637.000 0 0 34.000 54.000 1836.000 42.848 0 1 469 200 0 0
 4490 57479.000 169636.000 0 0 48.000 56.000 2688.000 51.845 0 1 421 200 0 0
 4491 57073.000 169343.000 0 0 48.000 56.000 2688.000 51.845 0 1 421 200 0 0
 4492 56233.000 168840.000 0 0 48.000 56.000 2688.000 51.845 0 1 421 200 0 0
 4493 45220.000 160430.000 0 0 50.000 54.000 2700.000 51.961 0 1 375 200 0 0
 4494 43172.000 158475.000 0 0 52.000 52.000 2704.000 52.000 0 1 366 210 0 0
 4495 34237.000 148161.000 0 0 56.000 48.000 2688.000 51.845 0 1 336 200 0 0
 4496 33362.000 146919.000 0 0 54.000 48.000 2592.000 50.911 0 1 336 200 0 0
 4497 22070.000 123719.000 0 0 0.000 0.000 0.000 0.122 0 1 0 0 0 0
 4498 18626.000 100985.000 0 0 0.000 0.000 0.000 0.120 0 1 0 0 0 0
 4499 19541.000 88352.000 0 0 0.000 0.000 0.000 0.120 0 1 0 0 0 0
 4500 19766.000 86640.000 0 0 0.000 0.000 0.000 0.122 0 1 0 0 0 0
 4501 21089.000 80447.000 0 0 54.000 36.000 1944.000 44.090 0 1 201 200 0 0
 4502 26505.000 65269.000 0 0 0.000 0.000 0.000 0.122 0 1 0 0 0 0
 4503 31787.000 55854.000 0 0 0.000 0.000 0.000 0.120 0 1 0 0 0 0
 4504 33327.000 53563.000 0 0 0.000 0.000 0.000 0.120 0 1 0 0 0 0
 4505 33970.000 52655.000 0 0 0.000 0.000 0.000 0.121 0 1 0 0 0 0
 4506 40490.000 44658.000 0 0 0.000 0.000 0.000 0.122 0 1 0 0 0 0
 4507 45026.000 40192.000 0 0 0.000 0.000 0.000 0.120 0 1 0 0 0 0
 4508 56918.000 31147.000 0 0 0.000 0.000 0.000 0.120 0 1 0 0 0 0
 4509 59212.000 29699.000 0 0 0.000 0.000 0.000 0.120 0 1 0 0 0 0
 4510 82995.000 20574.000 0 0 0.000 0.000 0.000 0.121 0 1 0 0 0 0
 4511 85172.000 20124.000 0 0 0.000 0.000 0.000 0.120 0 1 0 0 0 0
 4512 95105.000 18878.000 0 0 0.000 0.000 0.000 0.121 0 1 0 0 0 0
 4513 108901.000 19202.000 0 0 0.000 0.000 0.000 0.123 0 1 0 0 0 0
 4514 112571.000 19647.000 0 0 0.000 0.000 0.000 0.121 0 1 0 0 0 0
 4515 120801.000 21413.000 0 0 0.000 0.000 0.000 0.120 0 1 0 0 0 0
 4516 141623.000 30081.000 0 0 0.000 0.000 0.000 0.122 0 1 0 0 0 0
 4517 144519.000 31876.000 0 0 0.000 0.000 0.000 0.120 0 1 0 0 0 0
 4518 150191.000 35905.000 0 0 0.000 0.000 0.000 0.120 0 1 0 0 0 0
 4519 161088.000 46121.000 0 0 52.000 50.000 2600.000 50.990 0 1 119 200 0 0
 4520 161259.000 46314.000 0 0 52.000 52.000 2704.000 52.000 0 1 119 200 0 0
 4521 174502.000 66875.000 0 0 0.000 0.000 0.000 0.120 0 1 0 0 0 0
 4522 174563.000 66954.000 0 0 0.000 0.000 0.000 0.121 0 1 0 0 0 0
 4523 175458.000 69118.000 0 0 56.000 42.000 2352.000 48.497 0 1 175 200 0 0
 4524 178041.000 76439.000 0 0 0.000 0.000 0.000 0.122 0 1 0 0 0 0
 4525 179435.000 81256.000 0 0 54.000 34.000 1836.000 42.848 0 1 199 200 0 0
 4526 179613.000 82038.000 0 0 54.000 34.000 1836.000 42.848 0 1 199 200 0 0
 4527 179708.000 82593.000 0 0 54.000 34.000 1836.000 42.848 0 1 199 200 0 0
 4528 180280.000 85325.000 0 0 54.000 32.000 1728.000 41.569 0 1 211 200 0 0
 4529 180977.000 89766.000 0 0 0.000 0.000 0.000 0.120 0 1 0 0 0 0
 4530 181606.000 97251.000 0 0 50.000 24.000 1200.000 34.641 0 1 231 200 0 0
 4531 181623.000 98620.000 0 0 50.000 24.000 1200.000 34.641 0 1 233 200 0 0
 4532 181634.000 99831.000 0 0 51.000 24.000 1224.000 34.985 0 1 233 200 0 0
 4533 181489.000 105659.000 0 0 0.000 0.000 0.000 0.120 0 1 0 0 0 0
 4534 181368.000 107062.000 0 0 0.000 0.000 0.000 0.121 0 1 0 0 0 0
 4535 180971.000 110781.000 0 0 52.000 30.000 1560.000 39.496 0 1 259 200 0 0
 4536 172977.000 136939.000 0 0 56.000 44.000 2464.000 49.638 0 1 308 200 0 0
 4537 164203.000 150851.000 0 0 54.000 50.000 2700.000 51.961 0 1 344 200 0 0
 4538 162518.000 152755.000 0 0 0.000 0.000 0.000 0.120 0 1 0 0 0 0
 4539 156000.000 159644.000 0 0 52.000 54.000 2808.000 52.990 0 1 368 200 0 0
 4540 155932.000 159686.000 0 0 52.000 54.000 2808.000 52.990 0 1 368 200 0 0
 4541 153296.000 162100.000 0 0 0.000 0.000 0.000 0.120 0 1 0 0 0 0
 4542 147575.000 166570.000 0 0 0.000 0.000 0.000 0.120 0 1 0 0 0 0
 4543 142695.000 169996.000 0 0 48.000 56.000 2688.000 51.845 0 1 415 200 0 0
 4544 141339.000 170603.000 0 0 46.000 56.000 2576.000 50.754 0 1 422 200 0 0
 4545 130216.000 176066.000 0 0 42.000 56.000 2352.000 48.497 0 1 450 200 0 0
 4546 125559.000 177745.000 0 0 38.000 54.000 2052.000 45.299 0 1 463 200 0 0
 4547 118680.000 179703.000 0 0 34.000 54.000 1836.000 42.848 0 1 471 200 0 0
 4548 111569.000 181033.000 0 0 0.000 0.000 0.000 0.120 0 1 0 0 0 0
 4549 99890.000 181819.000 0 0 0.000 0.000 0.000 0.120 0 1 0 0 0 0
 4550 97223.000 181783.000 0 0 0.000 0.000 0.000 0.120 0 1 0 0 0 0
 4551 87569.000 180857.000 0 0 30.000 52.000 1560.000 39.496 0 1 477 200 0 0
 4552 84553.000 180333.000 0 0 32.000 54.000 1728.000 41.569 0 1 480 200 0 0
 4553 80752.000 179514.000 0 0 34.000 54.000 1836.000 42.848 0 1 469 200 0 0
 4554 74865.000 177824.000 0 0 38.000 54.000 2052.000 45.299 0 1 465 200 0 0
 4555 65968.000 174351.000 0 0 0.000 0.000 0.000 0.120 0 1 0 0 0 0
 4556 60970.000 171841.000 0 0 0.000 0.000 0.000 0.121 0 1 0 0 0 0
 4557 55277.000 168422.000 0 0 0.000 0.000 0.000 0.120 0 1 0 0 0 0
 4558 52490.000 166505.000 0 0 48.000 54.000 2592.000 50.911 0 1 411 200 0 0
 4559 50087.000 164727.000 0 0 50.000 54.000 2700.000 51.961 0 1 393 200 0 0
 4560 48926.000 163793.000 0 0 50.000 54.000 2700.000 51.961 0 1 393 200 0 0
 4561 41266.000 156767.000 0 0 52.000 52.000 2704.000 52.000 0 1 364 200 0 0
 4562 33325.000 147160.000 0 0 54.000 48.000 2592.000 50.911 0 1 336 200 0 0
 4563 29805.000 141717.000 0 0 56.000 46.000 2576.000 50.754 0 1 322 200 0 0
 4564 28963.000 140202.000 0 0 0.000 0.000 0.000 0.120 0 1 0 0 0 0
 4565 20641.000 118942.000 0 0 0.000 0.000 0.000 0.121 0 1 0 0 0 0
 4566 22111.000 76048.000 0 0 0.000 0.000 0.000 0.120 0 1 0 0 0 0
 4567 24170.000 70297.000 0 0 0.000 0.000 0.000 0.120 0 1 0 0 0 0
 4568 24728.000 68881.000 0 0 0.000 0.000 0.000 0.122 0 1 0 0 0 0
 4569 28170.000 61532.000 0 0 0.000 0.000 0.000 0.121 0 1 0 0 0 0
 4570 36464.000 49080.000 0 0 0.000 0.000 0.000 0.122 0 1 0 0 0 0
 4571 42156.000 42652.000 0 0 0.000 0.000 0.000 0.121 0 1 0 0 0 0
 4572 43027.000 41817.000 0 0 0.000 0.000 0.000 0.120 0 1 0 0 0 0
 4573 55094.000 31904.000 0 0 0.000 0.000 0.000 0.127 0 1 0 0 0 0
 4574 59795.000 29198.000 0 0 0.000 0.000 0.000 0.120 0 1 0 0 0 0
 4575 86307.000 19695.000 0 0 0.000 0.000 0.000 0.120 0 1 0 0 0 0
 4576 89060.000 19330.000 0 0 0.000 0.000 0.000 0.121 0 1 0 0 0 0
 4577 98764.000 18536.000 0 0 0.000 0.000 0.000 0.121 0 1 0 0 0 0
 4578 109349.000 19061.000 0 0 0.000 0.000 0.000 0.120 0 1 0 0 0 0
 4579 122666.000 21728.000 0 0 0.000 0.000 0.000 0.125 0 1 0 0 0 0
 4580 125513.000 22593.000 0 0 38.000 54.000 2052.000 45.299 0 1 49 200 0 0
 4581 159871.000 44563.000 0 0 54.000 50.000 2700.000 51.961 0 1 119 200 0 0
 4582 160342.000 45071.000 0 0 54.000 50.000 2700.000 51.961 0 1 119 200 0 0
 4583 169283.000 56816.000 0 0 0.000 0.000 0.000 0.121 0 1 0 0 0 0
 4584 169779.000 57466.000 0 0 0.000 0.000 0.000 0.120 0 1 0 0 0 0
 4585 173598.000 64555.000 0 0 56.000 42.000 2352.000 48.497 0 1 167 200 0 0
 4586 173687.000 64716.000 0 0 56.000 42.000 2352.000 48.497 0 1 167 200 0 0
 4587 176229.000 70512.000 0 0 0.000 0.000 0.000 0.120 0 1 0 0 0 0
 4588 176245.000 70582.000 0 0 0.000 0.000 0.000 0.120 0 1 0 0 0 0
 4589 176664.000 71655.000 0 0 56.000 40.000 2240.000 47.328 0 1 181 200 0 0
 4590 179406.000 80554.000 0 0 54.000 34.000 1836.000 42.848 0 1 199 200 0 0
 4591 181743.000 104085.000 0 0 50.000 26.000 1300.000 36.055 0 1 247 200 0 0
 4592 181286.000 109661.000 0 0 0.000 0.000 0.000 0.122 0 1 0 0 0 0
 4593 181123.000 110982.000 0 0 52.000 30.000 1560.000 39.496 0 1 259 200 0 0
 4594 181082.000 111578.000 0 0 52.000 30.000 1560.000 39.496 0 1 259 200 0 0
 4595 148280.000 166263.000 0 0 0.000 0.000 0.000 0.121 0 1 0 0 0 0
 4596 145627.000 168158.000 0 0 46.000 54.000 2484.000 49.839 0 1 413 210 0 0
 4597 141524.000 170741.000 0 0 46.000 56.000 2576.000 50.754 0 1 422 200 0 0
 4598 132256.000 175367.000 0 0 0.000 0.000 0.000 0.121 0 1 0 0 0 0
 4599 131839.000 175577.000 0 0 0.000 0.000 0.000 0.121 0 1 0 0 0 0
 4600 127887.000 177114.000 0 0 40.000 56.000 2240.000 47.328 0 1 461 200 0 0
 4601 122130.000 178953.000 0 0 36.000 56.000 2016.000 44.899 0 1 473 200 0 0
 4602 115715.000 180495.000 0 0 0.000 0.000 0.000 0.120 0 1 0 0 0 0
 4603 114682.000 180668.000 0 0 32.000 54.000 1728.000 41.569 0 1 482 200 0 0
 4604 110150.000 181355.000 0 0 0.000 0.000 0.000 0.120 0 1 0 0 0 0
 4605 109266.000 181478.000 0 0 0.000 0.000 0.000 0.120 0 1 0 0 0 0
 4606 94552.000 181802.000 0 0 0.000 0.000 0.000 0.121 0 1 0 0 0 0
 4607 86617.000 180886.000 0 0 32.000 52.000 1664.000 40.792 0 1 477 200 0 0
 4608 79842.000 179475.000 0 0 36.000 54.000 1944.000 44.090 0 1 476 200 0 0
 4609 72478.000 177202.000 0 0 0.000 0.000 0.000 0.121 0 1 0 0 0 0
 4610 59847.000 171403.000 0 0 0.000 0.000 0.000 0.122 0 1 0 0 0 0
 4611 54766.000 168273.000 0 0 0.000 0.000 0.000 0.121 0 1 0 0 0 0
 4612 54087.000 167820.000 0 0 0.000 0.000 0.000 0.120 0 1 0 0 0 0
 4613 50329.000 165209.000 0 0 50.000 54.000 2700.000 51.961 0 1 393 200 0 0
 4614 46925.000 162371.000 0 0 0.000 0.000 0.000 0.120 0 1 0 0 0 0
 4615 44173.000 159886.000 0 0 52.000 54.000 2808.000 52.990 0 1 375 200 0 0
 4616 37502.000 152909.000 0 0 54.000 52.000 2808.000 52.990 0 1 347 200 0 0
 4617 37253.000 152540.000 0 0 54.000 52.000 2808.000 52.990 0 1 347 200 0 0
 4618 28282.000 139380.000 0 0 0.000 0.000 0.000 0.122 0 1 0 0 0 0
 4619 19468.000 113956.000 0 0 0.000 0.000 0.000 0.120 0 1 0 0 0 0
 4620 18350.000 102764.000 0 0 0.000 0.000 0.000 0.121 0 1 0 0 0 0
 4621 19102.000 88592.000 0 0 0.000 0.000 0.000 0.125 0 1 0 0 0 0
 4622 23671.000 71008.000 0 0 56.000 40.000 2240.000 47.328 0 1 180 210 0 0
 4623 24329.000 69413.000 0 0 0.000 0.000 0.000 0.125 0 1 0 0 0 0
 4624 25669.000 66271.000 0 0 0.000 0.000 0.000 0.121 0 1 0 0 0 0
 4625 49601.000 35828.000 0 0 0.000 0.000 0.000 0.120 0 1 0 0 0 0
 4626 53323.000 33095.000 0 0 0.000 0.000 0.000 0.121 0 1 0 0 0 0
 4627 57436.000 30421.000 0 0 0.000 0.000 0.000 0.122 0 1 0 0 0 0
 4628 71973.000 23403.000 0 0 40.000 56.000 2240.000 47.328 0 1 46 200 0 0
 4629 80282.000 20800.000 0 0 0.000 0.000 0.000 0.120 0 1 0 0 0 0
 4630 80839.000 20697.000 0 0 0.000 0.000 0.000 0.121 0 1 0 0 0 0
 4631 98059.000 18269.000 0 0 0.000 0.000 0.000 0.123 0 1 0 0 0 0
 4632 104537.000 18527.000 0 0 0.000 0.000 0.000 0.121 0 1 0 0 0 0
 4633 106730.000 18652.000 0 0 0.000 0.000 0.000 0.121 0 1 0 0 0 0
 4634 110476.000 19050.000 0 0 0.000 0.000 0.000 0.120 0 1 0 0 0 0
 4635 115015.000 19753.000 0 0 32.000 54.000 1728.000 41.569 0 1 36 200 0 0
 4636 120620.000 20989.000 0 0 0.000 0.000 0.000 0.123 0 1 0 0 0 0
 4637 156040.000 40412.000 0 0 0.000 0.000 0.000 0.120 0 1 0 0 0 0
 4638 164194.000 49276.000 0 0 0.000 0.000 0.000 0.120 0 1 0 0 0 0
 4639 169315.000 56489.000 0 0 0.000 0.000 0.000 0.123 0 1 0 0 0 0
 4640 173879.000 64738.000 0 0 56.000 42.000 2352.000 48.497 0 1 167 200 0 0
 4641 175889.000 69085.000 0 0 56.000 42.000 2352.000 48.497 0 1 175 200 0 0
 4642 177719.000 73725.000 0 0 54.000 40.000 2160.000 46.475 0 1 184 200 0 0
 4643 178608.000 77014.000 0 0 0.000 0.000 0.000 0.120 0 1 0 0 0 0
 4644 180699.000 85774.000 0 0 54.000 32.000 1728.000 41.569 0 1 211 200 0 0
 4645 181233.000 89103.000 0 0 0.000 0.000 0.000 0.123 0 1 0 0 0 0
 4646 181991.000 99064.000 0 0 50.000 24.000 1200.000 34.641 0 1 233 200 0 0
 4647 180753.000 114462.000 0 0 0.000 0.000 0.000 0.123 0 1 0 0 0 0
 4648 180550.000 115557.000 0 0 0.000 0.000 0.000 0.121 0 1 0 0 0 0
 4649 162477.000 153335.000 0 0 0.000 0.000 0.000 0.122 0 1 0 0 0 0
 4650 160587.000 155470.000 0 0 0.000 0.000 0.000 0.120 0 1 0 0 0 0
 4651 151456.000 164012.000 0 0 0.000 0.000 0.000 0.120 0 1 0 0 0 0
 4652 150511.000 164829.000 0 0 50.000 54.000 2700.000 51.961 0 1 400 200 0 0
 4653 143977.000 169428.000 0 0 48.000 56.000 2688.000 51.845 0 1 415 200 0 0
 4654 135084.000 174320.000 0 0 0.000 0.000 0.000 0.121 0 1 0 0 0 0
 4655 132059.000 175655.000 0 0 0.000 0.000 0.000 0.120 0 1 0 0 0 0
 4656 131999.000 175723.000 0 0 0.000 0.000 0.000 0.120 0 1 0 0 0 0
 4657 129136.000 176949.000 0 0 0.000 0.000 0.000 0.123 0 1 0 0 0 0
 4658 107869.000 181785.000 0 0 0.000 0.000 0.000 0.120 0 1 0 0 0 0
 4659 103145.000 182112.000 0 0 0.000 0.000 0.000 0.120 0 1 0 0 0 0
 4660 74501.000 178067.000 0 0 38.000 54.000 2052.000 45.299 0 1 465 200 0 0
 4661 69613.000 176300.000 0 0 0.000 0.000 0.000 0.120 0 1 0 0 0 0
 4662 58454.000 170811.000 0 0 0.000 0.000 0.000 0.122 0 1 0 0 0 0
 4663 54361.000 168220.000 0 0 0.000 0.000 0.000 0.122 0 1 0 0 0 0
 4664 52490.000 166943.000 0 0 48.000 54.000 2592.000 50.911 0 1 411 200 0 0
 4665 49630.000 164791.000 0 0 50.000 54.000 2700.000 51.961 0 1 393 200 0 0
 4666 47386.000 162981.000 0 0 0.000 0.000 0.000 0.120 0 1 0 0 0 0
 4667 47170.000 162810.000 0 0 0.000 0.000 0.000 0.120 0 1 0 0 0 0
 4668 41921.000 157950.000 0 0 52.000 52.000 2704.000 52.000 0 1 364 200 0 0
 4669 36041.000 151371.000 0 0 0.000 0.000 0.000 0.120 0 1 0 0 0 0
 4670 35775.000 151020.000 0 0 0.000 0.000 0.000 0.120 0 1 0 0 0 0
 4671 33303.000 147747.000 0 0 54.000 48.000 2592.000 50.911 0 1 336 200 0 0
 4672 28810.000 140690.000 0 0 0.000 0.000 0.000 0.121 0 1 0 0 0 0
 4673 23142.000 128418.000 0 0 0.000 0.000 0.000 0.120 0 1 0 0 0 0
 4674 22057.000 125261.000 0 0 0.000 0.000 0.000 0.120 0 1 0 0 0 0
 4675 20747.000 120741.000 0 0 0.000 0.000 0.000 0.120 0 1 0 0 0 0
 4676 18389.000 107374.000 0 0 0.000 0.000 0.000 0.120 0 1 0 0 0 0
 4677 18781.000 89796.000 0 0 0.000 0.000 0.000 0.122 0 1 0 0 0 0
 4678 19225.000 86966.000 0 0 0.000 0.000 0.000 0.120 0 1 0 0 0 0
 4679 20387.000 81183.000 0 0 54.000 34.000 1836.000 42.848 0 1 201 200 0 0
 4680 21948.000 75462.000 0 0 0.000 0.000 0.000 0.120 0 1 0 0 0 0
 4681 22326.000 74338.000 0 0 0.000 0.000 0.000 0.120 0 1 0 0 0 0
 4682 22924.000 72665.000 0 0 0.000 0.000 0.000 0.121 0 1 0 0 0 0
 4683 27043.000 63133.000 0 0 0.000 0.000 0.000 0.122 0 1 0 0 0 0
 4684 48165.000 36798.000 0 0 0.000 0.000 0.000 0.121 0 1 0 0 0 0
 4685 65711.000 25788.000 0 0 0.000 0.000 0.000 0.120 0 1 0 0 0 0
 4686 78219.000 21181.000 0 0 36.000 56.000 2016.000 44.899 0 1 43 200 0 0
 4687 78731.000 21075.000 0 0 36.000 56.000 2016.000 44.899 0 1 43 200 0 0
 4688 86741.000 19173.000 0 0 0.000 0.000 0.000 0.124 0 1 0 0 0 0
 4689 92969.000 18536.000 0 0 0.000 0.000 0.000 0.120 0 1 0 0 0 0
 4690 135780.000 26338.000 0 0 0.000 0.000 0.000 0.122 0 1 0 0 0 0
 4691 137830.000 27393.000 0 0 0.000 0.000 0.000 0.123 0 1 0 0 0 0
 4692 141240.000 29072.000 0 0 0.000 0.000 0.000 0.127 0 1 0 0 0 0
 4693 151565.000 36343.000 0 0 0.000 0.000 0.000 0.121 0 1 0 0 0 0
 4694 154315.000 38623.000 0 0 0.000 0.000 0.000 0.120 0 1 0 0 0 0
 4695 163441.000 48024.000 0 0 0.000 0.000 0.000 0.120 0 1 0 0 0 0
 4696 166387.000 51848.000 0 0 0.000 0.000 0.000 0.122 0 1 0 0 0 0
 4697 178065.000 74649.000 0 0 54.000 38.000 2052.000 45.299 0 1 184 200 0 0
 4698 179356.000 78892.000 0 0 0.000 0.000 0.000 0.124 0 1 0 0 0 0
 4699 179976.000 81390.000 0 0 54.000 34.000 1836.000 42.848 0 1 199 200 0 0
 4700 180482.000 83446.000 0 0 0.000 0.000 0.000 0.121 0 1 0 0 0 0
 4701 180920.000 86087.000 0 0 54.000 32.000 1728.000 41.569 0 1 211 200 0 0
 4702 170184.000 142994.000 0 0 0.000 0.000 0.000 0.121 0 1 0 0 0 0
 4703 163215.000 152703.000 0 0 0.000 0.000 0.000 0.120 0 1 0 0 0 0
 4704 148540.000 166552.000 0 0 0.000 0.000 0.000 0.120 0 1 0 0 0 0
 4705 147997.000 166916.000 0 0 0.000 0.000 0.000 0.123 0 1 0 0 0 0
 4706 145679.000 168497.000 0 0 46.000 54.000 2484.000 49.839 0 1 413 210 0 0
 4707 141790.000 170976.000 0 0 46.000 56.000 2576.000 50.754 0 1 422 200 0 0
 4708 141153.000 171328.000 0 0 46.000 54.000 2484.000 49.839 0 1 422 200 0 0
 4709 131329.000 176184.000 0 0 42.000 56.000 2352.000 48.497 0 1 450 200 0 0
 4710 119737.000 179930.000 0 0 0.000 0.000 0.000 0.122 0 1 0 0 0 0
 4711 118660.000 180240.000 0 0 34.000 54.000 1836.000 42.848 0 1 471 200 0 0
 4712 117196.000 180527.000 0 0 0.000 0.000 0.000 0.122 0 1 0 0 0 0
 4713 116753.000 180637.000 0 0 0.000 0.000 0.000 0.121 0 1 0 0 0 0
 4714 104582.000 182210.000 0 0 0.000 0.000 0.000 0.120 0 1 0 0 0 0
 4715 93057.000 182044.000 0 0 28.000 52.000 1456.000 38.157 0 1 483 200 0 0
 4716 85759.000 181056.000 0 0 32.000 54.000 1728.000 41.569 0 1 477 200 0 0
 4717 83350.000 180616.000 0 0 0.000 0.000 0.000 0.122 0 1 0 0 0 0
 4718 79214.000 179667.000 0 0 36.000 56.000 2016.000 44.899 0 1 476 200 0 0
 4719 62691.000 173329.000 0 0 0.000 0.000 0.000 0.120 0 1 0 0 0 0
 4720 60900.000 172330.000 0 0 0.000 0.000 0.000 0.120 0 1 0 0 0 0
 4721 57313.000 170320.000 0 0 46.000 56.000 2576.000 50.754 0 1 421 200 0 0
 4722 57110.000 170162.000 0 0 48.000 56.000 2688.000 51.845 0 1 421 200 0 0
 4723 55650.000 169281.000 0 0 48.000 56.000 2688.000 51.845 0 1 421 200 0 0
 4724 42666.000 158943.000 0 0 52.000 52.000 2704.000 52.000 0 1 366 210 0 0
 4725 41380.000 157850.000 0 0 52.000 52.000 2704.000 52.000 0 1 364 200 0 0
 4726 41285.000 157495.000 0 0 52.000 52.000 2704.000 52.000 0 1 364 200 0 0
 4727 36722.000 152455.000 0 0 54.000 50.000 2700.000 51.961 0 1 347 200 0 0
 4728 34907.000 150196.000 0 0 0.000 0.000 0.000 0.122 0 1 0 0 0 0
 4729 20595.000 120805.000 0 0 0.000 0.000 0.000 0.121 0 1 0 0 0 0
 4730 19974.000 118196.000 0 0 0.000 0.000 0.000 0.120 0 1 0 0 0 0
 4731 18362.000 108495.000 0 0 0.000 0.000 0.000 0.120 0 1 0 0 0 0
 4732 18238.000 106933.000 0 0 0.000 0.000 0.000 0.121 0 1 0 0 0 0
 4733 20331.000 80627.000 0 0 54.000 34.000 1836.000 42.848 0 1 201 200 0 0
 4734 22320.000 73729.000 0 0 0.000 0.000 0.000 0.120 0 1 0 0 0 0
 4735 30010.000 57400.000 0 0 0.000 0.000 0.000 0.120 0 1 0 0 0 0
 4736 70994.000 23244.000 0 0 40.000 56.000 2240.000 47.328 0 1 46 200 0 0
 4737 71464.000 23204.000 0 0 40.000 56.000 2240.000 47.328 0 1 46 200 0 0
 4738 73978.000 22304.000 0 0 0.000 0.000 0.000 0.120 0 1 0 0 0 0
 4739 78581.000 20896.000 0 0 36.000 56.000 2016.000 44.899 0 1 43 200 0 0
 4740 102900.000 18084.000 0 0 0.000 0.000 0.000 0.120 0 1 0 0 0 0
 4741 110131.000 18647.000 0 0 0.000 0.000 0.000 0.120 0 1 0 0 0 0
 4742 114293.000 19266.000 0 0 0.000 0.000 0.000 0.120 0 1 0 0 0 0
 4743 123138.000 21352.000 0 0 0.000 0.000 0.000 0.122 0 1 0 0 0 0
 4744 130403.000 23819.000 0 0 0.000 0.000 0.000 0.121 0 1 0 0 0 0
 4745 142293.000 29691.000 0 0 0.000 0.000 0.000 0.123 0 1 0 0 0 0
 4746 143103.000 30149.000 0 0 0.000 0.000 0.000 0.120 0 1 0 0 0 0
 4747 145779.000 31868.000 0 0 0.000 0.000 0.000 0.122 0 1 0 0 0 0
 4748 153352.000 37574.000 0 0 0.000 0.000 0.000 0.122 0 1 0 0 0 0
 4749 159078.000 42925.000 0 0 0.000 0.000 0.000 0.121 0 1 0 0 0 0
 4750 163586.000 48023.000 0 0 0.000 0.000 0.000 0.120 0 1 0 0 0 0
 4751 165380.000 50276.000 0 0 54.000 50.000 2700.000 51.961 0 1 133 200 0 0
 4752 167598.000 53287.000 0 0 54.000 48.000 2592.000 50.911 0 1 140 200 0 0
 4753 174235.000 64676.000 0 0 56.000 42.000 2352.000 48.497 0 1 167 200 0 0
 4754 177019.000 71152.000 0 0 56.000 40.000 2240.000 47.328 0 1 181 200 0 0
 4755 177638.000 72872.000 0 0 0.000 0.000 0.000 0.124 0 1 0 0 0 0
 4756 178473.000 75336.000 0 0 54.000 38.000 2052.000 45.299 0 1 184 200 0 0
 4757 180992.000 85378.000 0 0 54.000 32.000 1728.000 41.569 0 1 211 200 0 0
 4758 181613.000 89469.000 0 0 0.000 0.000 0.000 0.122 0 1 0 0 0 0
 4759 157903.000 158739.000 0 0 0.000 0.000 0.000 0.120 0 1 0 0 0 0
 4760 149625.000 165924.000 0 0 50.000 54.000 2700.000 51.961 0 1 400 200 0 0
 4761 149265.000 166161.000 0 0 48.000 56.000 2688.000 51.845 0 1 400 200 0 0
 4762 144312.000 169617.000 0 0 48.000 56.000 2688.000 51.845 0 1 415 200 0 0
 4763 143532.000 170110.000 0 0 48.000 56.000 2688.000 51.845 0 1 415 200 0 0
 4764 138474.000 173013.000 0 0 44.000 56.000 2464.000 49.638 0 1 435 200 0 0
 4765 137240.000 173657.000 0 0 44.000 56.000 2464.000 49.638 0 1 435 200 0 0
 4766 133709.000 175334.000 0 0 0.000 0.000 0.000 0.121 0 1 0 0 0 0
 4767 130786.000 176585.000 0 0 42.000 56.000 2352.000 48.497 0 1 450 200 0 0
 4768 129092.000 177200.000 0 0 0.000 0.000 0.000 0.120 0 1 0 0 0 0
 4769 126120.000 178301.000 0 0 38.000 54.000 2052.000 45.299 0 1 463 200 0 0
 4770 122241.000 179467.000 0 0 36.000 56.000 2016.000 44.899 0 1 473 200 0 0
 4771 114084.000 181303.000 0 0 32.000 54.000 1728.000 41.569 0 1 482 200 0 0
 4772 86576.000 181369.000 0 0 32.000 52.000 1664.000 40.792 0 1 477 200 0 0
 4773 72461.000 177753.000 0 0 0.000 0.000 0.000 0.121 0 1 0 0 0 0
 4774 64146.000 174233.000 0 0 0.000 0.000 0.000 0.120 0 1 0 0 0 0
 4775 56613.000 170104.000 0 0 48.000 56.000 2688.000 51.845 0 1 421 200 0 0
 4776 55950.000 169675.000 0 0 48.000 56.000 2688.000 51.845 0 1 421 200 0 0
 4777 51783.000 166866.000 0 0 48.000 56.000 2688.000 51.845 0 1 411 200 0 0
 4778 40177.000 156648.000 0 0 0.000 0.000 0.000 0.122 0 1 0 0 0 0
 4779 37981.000 154260.000 0 0 0.000 0.000 0.000 0.120 0 1 0 0 0 0
 4780 34884.000 150447.000 0 0 0.000 0.000 0.000 0.120 0 1 0 0 0 0
 4781 34411.000 149792.000 0 0 0.000 0.000 0.000 0.120 0 1 0 0 0 0
 4782 29835.000 143375.000 0 0 0.000 0.000 0.000 0.127 0 1 0 0 0 0
 4783 29799.000 143027.000 0 0 0.000 0.000 0.000 0.120 0 1 0 0 0 0
 4784 21611.000 125056.000 0 0 0.000 0.000 0.000 0.123 0 1 0 0 0 0
 4785 19717.000 82587.000 0 0 0.000 0.000 0.000 0.120 0 1 0 0 0 0
 4786 22289.000 73360.000 0 0 0.000 0.000 0.000 0.120 0 1 0 0 0 0
 4787 23165.000 70946.000 0 0 56.000 40.000 2240.000 47.328 0 1 180 210 0 0
 4788 23751.000 69560.000 0 0 0.000 0.000 0.000 0.120 0 1 0 0 0 0
 4789 25317.000 65906.000 0 0 0.000 0.000 0.000 0.120 0 1 0 0 0 0
 4790 33702.000 51616.000 0 0 0.000 0.000 0.000 0.120 0 1 0 0 0 0
 4791 36362.000 48076.000 0 0 0.000 0.000 0.000 0.121 0 1 0 0 0 0
 4792 37578.000 46691.000 0 0 0.000 0.000 0.000 0.123 0 1 0 0 0 0
 4793 40319.000 43407.000 0 0 0.000 0.000 0.000 0.124 0 1 0 0 0 0
 4794 46024.000 38127.000 0 0 0.000 0.000 0.000 0.121 0 1 0 0 0 0
 4795 55660.000 30905.000 0 0 0.000 0.000 0.000 0.120 0 1 0 0 0 0
 4796 72759.000 22591.000 0 0 40.000 54.000 2160.000 46.475 0 1 46 200 0 0
 4797 91778.000 18281.000 0 0 0.000 0.000 0.000 0.120 0 1 0 0 0 0
 4798 92995.000 18195.000 0 0 0.000 0.000 0.000 0.120 0 1 0 0 0 0
 4799 102685.000 17909.000 0 0 0.000 0.000 0.000 0.120 0 1 0 0 0 0
 4800 113671.000 18991.000 0 0 0.000 0.000 0.000 0.120 0 1 0 0 0 0
 4801 115766.000 19364.000 0 0 32.000 54.000 1728.000 41.569 0 1 36 200 0 0
 4802 119838.000 20264.000 0 0 0.000 0.000 0.000 0.121 0 1 0 0 0 0
 4803 136945.000 26576.000 0 0 0.000 0.000 0.000 0.122 0 1 0 0 0 0
 4804 141643.000 29116.000 0 0 0.000 0.000 0.000 0.120 0 1 0 0 0 0
 4805 144495.000 30856.000 0 0 0.000 0.000 0.000 0.121 0 1 0 0 0 0
 4806 155586.000 39324.000 0 0 0.000 0.000 0.000 0.121 0 1 0 0 0 0
 4807 156817.000 40470.000 0 0 0.000 0.000 0.000 0.120 0 1 0 0 0 0
 4808 167947.000 53237.000 0 0 54.000 48.000 2592.000 50.911 0 1 140 200 0 0
 4809 170723.000 57837.000 0 0 0.000 0.000 0.000 0.120 0 1 0 0 0 0
 4810 171200.000 58615.000 0 0 0.000 0.000 0.000 0.122 0 1 0 0 0 0
 4811 172862.000 61599.000 0 0 0.000 0.000 0.000 0.120 0 1 0 0 0 0
 4812 173902.000 63613.000 0 0 0.000 0.000 0.000 0.124 0 1 0 0 0 0
 4813 178209.000 74107.000 0 0 54.000 38.000 2052.000 45.299 0 1 184 200 0 0
 4814 181104.000 85457.000 0 0 54.000 32.000 1728.000 41.569 0 1 211 200 0 0
 4815 156886.000 159987.000 0 0 0.000 0.000 0.000 0.120 0 1 0 0 0 0
 4816 150325.000 165593.000 0 0 50.000 54.000 2700.000 51.961 0 1 400 200 0 0
 4817 145213.000 169194.000 0 0 48.000 54.000 2592.000 50.911 0 1 413 210 0 0
 4818 141855.000 171313.000 0 0 46.000 56.000 2576.000 50.754 0 1 422 200 0 0
 4819 140068.000 172333.000 0 0 0.000 0.000 0.000 0.120 0 1 0 0 0 0
 4820 139452.000 172623.000 0 0 0.000 0.000 0.000 0.120 0 1 0 0 0 0
 4821 137997.000 173422.000 0 0 44.000 56.000 2464.000 49.638 0 1 435 200 0 0
 4822 129310.000 177363.000 0 0 0.000 0.000 0.000 0.122 0 1 0 0 0 0
 4823 127904.000 177836.000 0 0 40.000 56.000 2240.000 47.328 0 1 461 200 0 0
 4824 127100.000 178120.000 0 0 40.000 54.000 2160.000 46.475 0 1 461 200 0 0
 4825 125272.000 178877.000 0 0 38.000 54.000 2052.000 45.299 0 1 463 200 0 0
 4826 124301.000 179181.000 0 0 38.000 54.000 2052.000 45.299 0 1 463 200 0 0
 4827 121683.000 179837.000 0 0 36.000 56.000 2016.000 44.899 0 1 473 200 0 0
 4828 119915.000 180274.000 0 0 0.000 0.000 0.000 0.120 0 1 0 0 0 0
 4829 114089.000 181450.000 0 0 32.000 54.000 1728.000 41.569 0 1 482 200 0 0
 4830 112102.000 181754.000 0 0 0.000 0.000 0.000 0.121 0 1 0 0 0 0
 4831 104692.000 182553.000 0 0 0.000 0.000 0.000 0.123 0 1 0 0 0 0
 4832 97818.000 182644.000 0 0 0.000 0.000 0.000 0.122 0 1 0 0 0 0
 4833 94041.000 182395.000 0 0 0.000 0.000 0.000 0.120 0 1 0 0 0 0
 4834 92910.000 182383.000 0 0 28.000 52.000 1456.000 38.157 0 1 483 200 0 0
 4835 86340.000 181508.000 0 0 32.000 52.000 1664.000 40.792 0 1 477 200 0 0
 4836 68068.000 176368.000 0 0 0.000 0.000 0.000 0.125 0 1 0 0 0 0
 4837 65545.000 175090.000 0 0 0.000 0.000 0.000 0.122 0 1 0 0 0 0
 4838 61323.000 173042.000 0 0 0.000 0.000 0.000 0.121 0 1 0 0 0 0
 4839 56984.000 170496.000 0 0 48.000 56.000 2688.000 51.845 0 1 421 200 0 0
 4840 51910.000 167116.000 0 0 48.000 54.000 2592.000 50.911 0 1 411 200 0 0
 4841 51156.000 166599.000 0 0 48.000 56.000 2688.000 51.845 0 1 411 200 0 0
 4842 48820.000 164832.000 0 0 50.000 54.000 2700.000 51.961 0 1 393 200 0 0
 4843 48387.000 164449.000 0 0 50.000 54.000 2700.000 51.961 0 1 393 200 0 0
 4844 44199.000 160857.000 0 0 0.000 0.000 0.000 0.123 0 1 0 0 0 0
 4845 30479.000 144652.000 0 0 0.000 0.000 0.000 0.123 0 1 0 0 0 0
 4846 29075.000 142121.000 0 0 56.000 46.000 2576.000 50.754 0 1 322 200 0 0
 4847 27608.000 139558.000 0 0 0.000 0.000 0.000 0.120 0 1 0 0 0 0
 4848 25864.000 136108.000 0 0 0.000 0.000 0.000 0.120 0 1 0 0 0 0
 4849 23374.000 130426.000 0 0 0.000 0.000 0.000 0.121 0 1 0 0 0 0
 4850 22558.000 128342.000 0 0 0.000 0.000 0.000 0.123 0 1 0 0 0 0
 4851 20345.000 121192.000 0 0 0.000 0.000 0.000 0.121 0 1 0 0 0 0
 4852 19463.000 117449.000 0 0 0.000 0.000 0.000 0.120 0 1 0 0 0 0
 4853 19043.000 115509.000 0 0 0.000 0.000 0.000 0.120 0 1 0 0 0 0
 4854 18926.000 114814.000 0 0 0.000 0.000 0.000 0.120 0 1 0 0 0 0
 4855 17856.000 93716.000 0 0 0.000 0.000 0.000 0.123 0 1 0 0 0 0
 4856 18048.000 91656.000 0 0 0.000 0.000 0.000 0.120 0 1 0 0 0 0
 4857 19117.000 84593.000 0 0 0.000 0.000 0.000 0.121 0 1 0 0 0 0
 4858 19542.000 82484.000 0 0 0.000 0.000 0.000 0.120 0 1 0 0 0 0
 4859 25476.000 65122.000 0 0 0.000 0.000 0.000 0.122 0 1 0 0 0 0
 4860 34609.000 50060.000 0 0 0.000 0.000 0.000 0.120 0 1 0 0 0 0
 4861 39943.000 43771.000 0 0 0.000 0.000 0.000 0.121 0 1 0 0 0 0
 4862 43209.000 40503.000 0 0 0.000 0.000 0.000 0.120 0 1 0 0 0 0
 4863 44532.000 39273.000 0 0 0.000 0.000 0.000 0.120 0 1 0 0 0 0
 4864 46687.000 37341.000 0 0 52.000 54.000 2808.000 52.990 0 1 99 200 0 0
 4865 52700.000 32665.000 0 0 0.000 0.000 0.000 0.120 0 1 0 0 0 0
 4866 71658.000 22798.000 0 0 40.000 56.000 2240.000 47.328 0 1 46 200 0 0
 4867 72135.000 22580.000 0 0 40.000 56.000 2240.000 47.328 0 1 46 200 0 0
 4868 75517.000 21420.000 0 0 0.000 0.000 0.000 0.123 0 1 0 0 0 0
 4869 88477.000 18512.000 0 0 0.000 0.000 0.000 0.121 0 1 0 0 0 0
 4870 101757.000 17727.000 0 0 0.000 0.000 0.000 0.120 0 1 0 0 0 0
 4871 105050.000 17847.000 0 0 0.000 0.000 0.000 0.121 0 1 0 0 0 0
 4872 116593.000 19338.000 0 0 34.000 54.000 1836.000 42.848 0 1 36 200 0 0
 4873 128397.000 22708.000 0 0 0.000 0.000 0.000 0.120 0 1 0 0 0 0
 4874 130360.000 23455.000 0 0 0.000 0.000 0.000 0.125 0 1 0 0 0 0
 4875 134169.000 25051.000 0 0 0.000 0.000 0.000 0.122 0 1 0 0 0 0
 4876 140027.000 27993.000 0 0 0.000 0.000 0.000 0.121 0 1 0 0 0 0
 4877 148549.000 33392.000 0 0 0.000 0.000 0.000 0.121 0 1 0 0 0 0
 4878 150298.000 34732.000 0 0 0.000 0.000 0.000 0.120 0 1 0 0 0 0
 4879 158912.000 42298.000 0 0 0.000 0.000 0.000 0.121 0 1 0 0 0 0
 4880 169733.000 55842.000 0 0 0.000 0.000 0.000 0.125 0 1 0 0 0 0
 4881 173985.000 63425.000 0 0 0.000 0.000 0.000 0.120 0 1 0 0 0 0
 4882 178919.000 75675.000 0 0 54.000 38.000 2052.000 45.299 0 1 184 200 0 0
 4883 179564.000 77915.000 0 0 0.000 0.000 0.000 0.120 0 1 0 0 0 0
 4884 180969.000 83421.000 0 0 0.000 0.000 0.000 0.121 0 1 0 0 0 0
 4885 182641.000 98730.000 0 0 50.000 24.000 1200.000 34.641 0 1 233 200 0 0
 4886 150745.000 165490.000 0 0 50.000 54.000 2700.000 51.961 0 1 400 200 0 0
 4887 150612.000 165590.000 0 0 50.000 54.000 2700.000 51.961 0 1 400 200 0 0
 4888 141223.000 171854.000 0 0 46.000 54.000 2484.000 49.839 0 1 422 200 0 0
 4889 126184.000 178632.000 0 0 38.000 54.000 2052.000 45.299 0 1 463 200 0 0
 4890 114066.000 181644.000 0 0 32.000 54.000 1728.000 41.569 0 1 482 200 0 0
 4891 90249.000 182252.000 0 0 0.000 0.000 0.000 0.120 0 1 0 0 0 0
 4892 84866.000 181479.000 0 0 32.000 54.000 1728.000 41.569 0 1 489 200 0 0
 4893 80968.000 180597.000 0 0 34.000 54.000 1836.000 42.848 0 1 485 200 0 0
 4894 80611.000 180644.000 0 0 34.000 54.000 1836.000 42.848 0 1 485 200 0 0
 4895 78563.000 179997.000 0 0 36.000 56.000 2016.000 44.899 0 1 476 200 0 0
 4896 74299.000 178683.000 0 0 38.000 54.000 2052.000 45.299 0 1 465 200 0 0
 4897 74185.000 178686.000 0 0 38.000 54.000 2052.000 45.299 0 1 465 200 0 0
 4898 74079.000 178666.000 0 0 38.000 54.000 2052.000 45.299 0 1 465 200 0 0
 4899 69956.000 177173.000 0 0 0.000 0.000 0.000 0.121 0 1 0 0 0 0
 4900 54815.000 169358.000 0 0 48.000 54.000 2592.000 50.911 0 1 421 200 0 0
 4901 48665.000 164907.000 0 0 50.000 54.000 2700.000 51.961 0 1 393 200 0 0
 4902 48162.000 164464.000 0 0 50.000 54.000 2700.000 51.961 0 1 393 200 0 0
 4903 37450.000 154338.000 0 0 0.000 0.000 0.000 0.124 0 1 0 0 0 0
 4904 29011.000 142319.000 0 0 56.000 46.000 2576.000 50.754 0 1 322 200 0 0
 4905 26867.000 138491.000 0 0 0.000 0.000 0.000 0.120 0 1 0 0 0 0
 4906 18214.000 111757.000 0 0 0.000 0.000 0.000 0.123 0 1 0 0 0 0
 4907 17435.000 102065.000 0 0 50.000 24.000 1200.000 34.641 0 1 241 200 0 0
 4908 17760.000 93287.000 0 0 0.000 0.000 0.000 0.120 0 1 0 0 0 0
 4909 18189.000 88533.000 0 0 0.000 0.000 0.000 0.120 0 1 0 0 0 0
 4910 22360.000 72187.000 0 0 0.000 0.000 0.000 0.121 0 1 0 0 0 0
 4911 27436.000 60777.000 0 0 0.000 0.000 0.000 0.125 0 1 0 0 0 0
 4912 36920.000 46919.000 0 0 0.000 0.000 0.000 0.123 0 1 0 0 0 0
 4913 56387.000 30048.000 0 0 0.000 0.000 0.000 0.120 0 1 0 0 0 0
 4914 62947.000 26328.000 0 0 0.000 0.000 0.000 0.124 0 1 0 0 0 0
 4915 87937.000 18461.000 0 0 0.000 0.000 0.000 0.120 0 1 0 0 0 0
 4916 88851.000 18302.000 0 0 0.000 0.000 0.000 0.122 0 1 0 0 0 0
 4917 97670.000 17580.000 0 0 0.000 0.000 0.000 0.122 0 1 0 0 0 0
 4918 98391.000 17549.000 0 0 0.000 0.000 0.000 0.121 0 1 0 0 0 0
 4919 104481.000 17657.000 0 0 0.000 0.000 0.000 0.122 0 1 0 0 0 0
 4920 105482.000 17730.000 0 0 0.000 0.000 0.000 0.120 0 1 0 0 0 0
 4921 111586.000 18362.000 0 0 0.000 0.000 0.000 0.120 0 1 0 0 0 0
 4922 115001.000 18877.000 0 0 0.000 0.000 0.000 0.122 0 1 0 0 0 0
 4923 115863.000 19053.000 0 0 32.000 54.000 1728.000 41.569 0 1 36 200 0 0
 4924 123752.000 20991.000 0 0 0.000 0.000 0.000 0.120 0 1 0 0 0 0
 4925 130961.000 23487.000 0 0 0.000 0.000 0.000 0.120 0 1 0 0 0 0
 4926 137640.000 26568.000 0 0 0.000 0.000 0.000 0.121 0 1 0 0 0 0
 4927 146118.000 31503.000 0 0 0.000 0.000 0.000 0.122 0 1 0 0 0 0
 4928 152224.000 36019.000 0 0 0.000 0.000 0.000 0.123 0 1 0 0 0 0
 4929 161430.000 44721.000 0 0 0.000 0.000 0.000 0.120 0 1 0 0 0 0
 4930 177166.000 70159.000 0 0 0.000 0.000 0.000 0.121 0 1 0 0 0 0
 4931 178214.000 72875.000 0 0 0.000 0.000 0.000 0.120 0 1 0 0 0 0
 4932 179039.000 75389.000 0 0 54.000 38.000 2052.000 45.299 0 1 184 200 0 0
 4933 180717.000 81607.000 0 0 54.000 34.000 1836.000 42.848 0 1 199 200 0 0
 4934 152874.000 164014.000 0 0 0.000 0.000 0.000 0.120 0 1 0 0 0 0
 4935 139998.000 172774.000 0 0 0.000 0.000 0.000 0.120 0 1 0 0 0 0
 4936 126143.000 178811.000 0 0 38.000 54.000 2052.000 45.299 0 1 463 200 0 0
 4937 125583.000 178976.000 0 0 38.000 54.000 2052.000 45.299 0 1 463 200 0 0
 4938 124661.000 179432.000 0 0 38.000 54.000 2052.000 45.299 0 1 463 200 0 0
 4939 122722.000 179879.000 0 0 36.000 56.000 2016.000 44.899 0 1 473 200 0 0
 4940 122487.000 179952.000 0 0 36.000 56.000 2016.000 44.899 0 1 473 200 0 0
 4941 118075.000 181178.000 0 0 0.000 0.000 0.000 0.123 0 1 0 0 0 0
 4942 111586.000 182199.000 0 0 0.000 0.000 0.000 0.120 0 1 0 0 0 0
 4943 99966.000 182986.000 0 0 0.000 0.000 0.000 0.120 0 1 0 0 0 0
 4944 99047.000 183016.000 0 0 24.000 50.000 1200.000 34.641 0 1 492 200 0 0
 4945 84556.000 181544.000 0 0 32.000 54.000 1728.000 41.569 0 1 489 200 0 0
 4946 84363.000 181535.000 0 0 32.000 54.000 1728.000 41.569 0 1 489 200 0 0
 4947 71298.000 177837.000 0 0 0.000 0.000 0.000 0.121 0 1 0 0 0 0
 4948 60590.000 172993.000 0 0 0.000 0.000 0.000 0.120 0 1 0 0 0 0
 4949 58266.000 171676.000 0 0 0.000 0.000 0.000 0.120 0 1 0 0 0 0
 4950 40775.000 157976.000 0 0 52.000 52.000 2704.000 52.000 0 1 364 200 0 0
 4951 39541.000 156712.000 0 0 0.000 0.000 0.000 0.120 0 1 0 0 0 0
 4952 39322.000 156477.000 0 0 0.000 0.000 0.000 0.121 0 1 0 0 0 0
 4953 37014.000 153890.000 0 0 0.000 0.000 0.000 0.120 0 1 0 0 0 0
 4954 33614.000 149611.000 0 0 0.000 0.000 0.000 0.121 0 1 0 0 0 0
 4955 32691.000 148373.000 0 0 56.000 48.000 2688.000 51.845 0 1 338 200 0 0
 4956 32553.000 148144.000 0 0 54.000 48.000 2592.000 50.911 0 1 338 200 0 0
 4957 32334.000 147808.000 0 0 54.000 48.000 2592.000 50.911 0 1 338 200 0 0
 4958 28964.000 142592.000 0 0 56.000 46.000 2576.000 50.754 0 1 322 200 0 0
 4959 24902.000 134907.000 0 0 0.000 0.000 0.000 0.120 0 1 0 0 0 0
 4960 21855.000 127397.000 0 0 0.000 0.000 0.000 0.121 0 1 0 0 0 0
 4961 17385.000 105058.000 0 0 0.000 0.000 0.000 0.121 0 1 0 0 0 0
 4962 17254.000 100965.000 0 0 51.000 24.000 1224.000 34.985 0 1 241 200 0 0
 4963 17341.000 96940.000 0 0 0.000 0.000 0.000 0.121 0 1 0 0 0 0
 4964 19346.000 81653.000 0 0 0.000 0.000 0.000 0.122 0 1 0 0 0 0
 4965 23562.000 68547.000 0 0 0.000 0.000 0.000 0.120 0 1 0 0 0 0
 4966 27153.000 61030.000 0 0 0.000 0.000 0.000 0.120 0 1 0 0 0 0
 4967 29398.000 57064.000 0 0 0.000 0.000 0.000 0.122 0 1 0 0 0 0
 4968 56857.000 29564.000 0 0 0.000 0.000 0.000 0.122 0 1 0 0 0 0
 4969 66346.000 24578.000 0 0 0.000 0.000 0.000 0.120 0 1 0 0 0 0
 4970 84035.000 18929.000 0 0 0.000 0.000 0.000 0.120 0 1 0 0 0 0
 4971 99690.000 17367.000 0 0 0.000 0.000 0.000 0.120 0 1 0 0 0 0
 4972 104439.000 17477.000 0 0 0.000 0.000 0.000 0.120 0 1 0 0 0 0
 4973 109361.000 17899.000 0 0 0.000 0.000 0.000 0.123 0 1 0 0 0 0
 4974 114312.000 18580.000 0 0 0.000 0.000 0.000 0.120 0 1 0 0 0 0
 4975 136535.000 25852.000 0 0 0.000 0.000 0.000 0.121 0 1 0 0 0 0
 4976 144267.000 30077.000 0 0 0.000 0.000 0.000 0.123 0 1 0 0 0 0
 4977 156550.000 39535.000 0 0 0.000 0.000 0.000 0.120 0 1 0 0 0 0
 4978 159425.000 42290.000 0 0 0.000 0.000 0.000 0.124 0 1 0 0 0 0
 4979 174794.000 64183.000 0 0 56.000 42.000 2352.000 48.497 0 1 167 200 0 0
 4980 177184.000 69743.000 0 0 0.000 0.000 0.000 0.121 0 1 0 0 0 0
 4981 180007.000 78132.000 0 0 0.000 0.000 0.000 0.121 0 1 0 0 0 0
 4982 154915.000 162459.000 0 0 0.000 0.000 0.000 0.120 0 1 0 0 0 0
 4983 145055.000 169941.000 0 0 48.000 56.000 2688.000 51.845 0 1 413 210 0 0
 4984 137916.000 174062.000 0 0 44.000 56.000 2464.000 49.638 0 1 435 200 0 0
 4985 131675.000 176929.000 0 0 42.000 56.000 2352.000 48.497 0 1 450 200 0 0
 4986 127999.000 178323.000 0 0 40.000 56.000 2240.000 47.328 0 1 461 200 0 0
 4987 112845.000 182189.000 0 0 0.000 0.000 0.000 0.120 0 1 0 0 0 0
 4988 100122.000 183189.000 0 0 0.000 0.000 0.000 0.121 0 1 0 0 0 0
 4989 98699.000 183163.000 0 0 24.000 51.000 1224.000 34.985 0 1 492 200 0 0
 4990 81261.000 181032.000 0 0 34.000 54.000 1836.000 42.848 0 1 485 200 0 0
 4991 81046.000 180992.000 0 0 34.000 54.000 1836.000 42.848 0 1 485 200 0 0
 4992 79771.000 180661.000 0 0 36.000 54.000 1944.000 44.090 0 1 485 200 0 0
 4993 78729.000 180372.000 0 0 36.000 56.000 2016.000 44.899 0 1 476 200 0 0
 4994 75359.000 179414.000 0 0 0.000 0.000 0.000 0.123 0 1 0 0 0 0
 4995 66092.000 175879.000 0 0 42.000 54.000 2268.000 47.623 0 1 452 200 0 0
 4996 59699.000 172714.000 0 0 0.000 0.000 0.000 0.121 0 1 0 0 0 0
 4997 48958.000 165592.000 0 0 50.000 54.000 2700.000 51.961 0 1 393 200 0 0
 4998 47482.000 164362.000 0 0 50.000 54.000 2700.000 51.961 0 1 393 200 0 0
 4999 32772.000 148760.000 0 0 56.000 48.000 2688.000 51.845 0 1 338 200 0 0
 5000 28501.000 142177.000 0 0 56.000 46.000 2576.000 50.754 0 1 322 200 0 0
 5001 28033.000 141410.000 0 0 0.000 0.000 0.000 0.123 0 1 0 0 0 0
 5002 27054.000 139668.000 0 0 54.000 44.000 2376.000 48.744 0 1 318 200 0 0
 5003 25446.000 136465.000 0 0 0.000 0.000 0.000 0.123 0 1 0 0 0 0
 5004 24851.000 135170.000 0 0 0.000 0.000 0.000 0.120 0 1 0 0 0 0
 5005 20644.000 124235.000 0 0 0.000 0.000 0.000 0.121 0 1 0 0 0 0
 5006 17128.000 102422.000 0 0 50.000 24.000 1200.000 34.641 0 1 241 200 0 0
 5007 17908.000 88758.000 0 0 0.000 0.000 0.000 0.120 0 1 0 0 0 0
 5008 29622.000 56365.000 0 0 0.000 0.000 0.000 0.121 0 1 0 0 0 0
 5009 46645.000 36700.000 0 0 52.000 54.000 2808.000 52.990 0 1 99 200 0 0
 5010 52862.000 31910.000 0 0 0.000 0.000 0.000 0.122 0 1 0 0 0 0
 5011 59612.000 27754.000 0 0 0.000 0.000 0.000 0.120 0 1 0 0 0 0
 5012 62652.000 25971.000 0 0 0.000 0.000 0.000 0.124 0 1 0 0 0 0
 5013 81496.000 19319.000 0 0 0.000 0.000 0.000 0.121 0 1 0 0 0 0
 5014 81941.000 19188.000 0 0 0.000 0.000 0.000 0.124 0 1 0 0 0 0
 5015 94258.000 17411.000 0 0 26.000 50.000 1300.000 36.055 0 1 22 200 0 0
 5016 94794.000 17377.000 0 0 26.000 50.000 1300.000 36.055 0 1 22 200 0 0
 5017 101274.000 17180.000 0 0 0.000 0.000 0.000 0.120 0 1 0 0 0 0
 5018 109582.000 17726.000 0 0 0.000 0.000 0.000 0.120 0 1 0 0 0 0
 5019 129316.000 22456.000 0 0 0.000 0.000 0.000 0.121 0 1 0 0 0 0
 5020 130507.000 22942.000 0 0 0.000 0.000 0.000 0.122 0 1 0 0 0 0
 5021 152656.000 35903.000 0 0 0.000 0.000 0.000 0.120 0 1 0 0 0 0
 5022 168603.000 53266.000 0 0 54.000 48.000 2592.000 50.911 0 1 140 200 0 0
 5023 168977.000 53784.000 0 0 54.000 46.000 2484.000 49.839 0 1 140 200 0 0
 5024 170804.000 56570.000 0 0 0.000 0.000 0.000 0.120 0 1 0 0 0 0
 5025 171518.000 57551.000 0 0 0.000 0.000 0.000 0.122 0 1 0 0 0 0
 5026 174195.000 62595.000 0 0 0.000 0.000 0.000 0.120 0 1 0 0 0 0
 5027 174980.000 64229.000 0 0 56.000 42.000 2352.000 48.497 0 1 167 200 0 0
 5028 175339.000 64990.000 0 0 56.000 42.000 2352.000 48.497 0 1 167 200 0 0
 5029 177505.000 70040.000 0 0 0.000 0.000 0.000 0.120 0 1 0 0 0 0
 5030 180230.000 78372.000 0 0 0.000 0.000 0.000 0.121 0 1 0 0 0 0
 5031 180640.000 79854.000 0 0 0.000 0.000 0.000 0.120 0 1 0 0 0 0
 5032 137827.000 174283.000 0 0 44.000 56.000 2464.000 49.638 0 1 435 200 0 0
 5033 133176.000 176514.000 0 0 0.000 0.000 0.000 0.120 0 1 0 0 0 0
 5034 127715.000 178642.000 0 0 40.000 54.000 2160.000 46.475 0 1 461 200 0 0
 5035 123682.000 179947.000 0 0 0.000 0.000 0.000 0.122 0 1 0 0 0 0
 5036 113212.000 182314.000 0 0 0.000 0.000 0.000 0.120 0 1 0 0 0 0
 5037 108017.000 182995.000 0 0 0.000 0.000 0.000 0.120 0 1 0 0 0 0
 5038 95305.000 183250.000 0 0 0.000 0.000 0.000 0.124 0 1 0 0 0 0
 5039 91632.000 182935.000 0 0 0.000 0.000 0.000 0.121 0 1 0 0 0 0
 5040 87163.000 182352.000 0 0 0.000 0.000 0.000 0.120 0 1 0 0 0 0
 5041 74791.000 179453.000 0 0 0.000 0.000 0.000 0.120 0 1 0 0 0 0
 5042 72434.000 178719.000 0 0 0.000 0.000 0.000 0.121 0 1 0 0 0 0
 5043 66798.000 176417.000 0 0 42.000 54.000 2268.000 47.623 0 1 452 200 0 0
 5044 66323.000 176202.000 0 0 42.000 54.000 2268.000 47.623 0 1 452 200 0 0
 5045 62508.000 174368.000 0 0 0.000 0.000 0.000 0.121 0 1 0 0 0 0
 5046 59544.000 172822.000 0 0 0.000 0.000 0.000 0.120 0 1 0 0 0 0
 5047 53915.000 169334.000 0 0 0.000 0.000 0.000 0.122 0 1 0 0 0 0
 5048 46681.000 163931.000 0 0 52.000 54.000 2808.000 52.990 0 1 393 200 0 0
 5049 40142.000 157836.000 0 0 0.000 0.000 0.000 0.120 0 1 0 0 0 0
 5050 38426.000 156003.000 0 0 0.000 0.000 0.000 0.120 0 1 0 0 0 0
 5051 31841.000 147759.000 0 0 54.000 48.000 2592.000 50.911 0 1 338 200 0 0
 5052 30812.000 146443.000 0 0 0.000 0.000 0.000 0.124 0 1 0 0 0 0
 5053 30554.000 145791.000 0 0 0.000 0.000 0.000 0.120 0 1 0 0 0 0
 5054 26157.000 138260.000 0 0 0.000 0.000 0.000 0.122 0 1 0 0 0 0
 5055 17988.000 113743.000 0 0 0.000 0.000 0.000 0.120 0 1 0 0 0 0
 5056 17789.000 112171.000 0 0 0.000 0.000 0.000 0.124 0 1 0 0 0 0
 5057 17502.000 109829.000 0 0 0.000 0.000 0.000 0.120 0 1 0 0 0 0
 5058 16985.000 103325.000 0 0 0.000 0.000 0.000 0.121 0 1 0 0 0 0
 5059 16983.000 101693.000 0 0 50.000 24.000 1200.000 34.641 0 1 241 200 0 0
 5060 16941.000 99318.000 0 0 0.000 0.000 0.000 0.120 0 1 0 0 0 0
 5061 17193.000 94003.000 0 0 0.000 0.000 0.000 0.122 0 1 0 0 0 0
 5062 17638.000 89360.000 0 0 0.000 0.000 0.000 0.120 0 1 0 0 0 0
 5063 18092.000 86910.000 0 0 0.000 0.000 0.000 0.120 0 1 0 0 0 0
 5064 18307.000 85148.000 0 0 0.000 0.000 0.000 0.121 0 1 0 0 0 0
 5065 18357.000 84897.000 0 0 0.000 0.000 0.000 0.120 0 1 0 0 0 0
 5066 20887.000 74812.000 0 0 0.000 0.000 0.000 0.120 0 1 0 0 0 0
 5067 32434.000 51868.000 0 0 0.000 0.000 0.000 0.121 0 1 0 0 0 0
 5068 45068.000 37818.000 0 0 50.000 52.000 2600.000 50.990 0 1 104 200 0 0
 5069 49983.000 33852.000 0 0 0.000 0.000 0.000 0.120 0 1 0 0 0 0
 5070 68976.000 22933.000 0 0 0.000 0.000 0.000 0.124 0 1 0 0 0 0
 5071 71705.000 21997.000 0 0 40.000 56.000 2240.000 47.328 0 1 46 200 0 0
 5072 73091.000 21541.000 0 0 0.000 0.000 0.000 0.120 0 1 0 0 0 0
 5073 77833.000 20072.000 0 0 0.000 0.000 0.000 0.120 0 1 0 0 0 0
 5074 103539.000 16939.000 0 0 0.000 0.000 0.000 0.127 0 1 0 0 0 0
 5075 109849.000 17565.000 0 0 0.000 0.000 0.000 0.120 0 1 0 0 0 0
 5076 127691.000 21700.000 0 0 0.000 0.000 0.000 0.121 0 1 0 0 0 0
 5077 131849.000 23300.000 0 0 0.000 0.000 0.000 0.122 0 1 0 0 0 0
 5078 144561.000 29902.000 0 0 0.000 0.000 0.000 0.120 0 1 0 0 0 0
 5079 153836.000 36691.000 0 0 0.000 0.000 0.000 0.122 0 1 0 0 0 0
 5080 169417.000 54126.000 0 0 54.000 48.000 2592.000 50.911 0 1 140 200 0 0
 5081 169873.000 54806.000 0 0 54.000 48.000 2592.000 50.911 0 1 140 200 0 0
 5082 176519.000 67303.000 0 0 0.000 0.000 0.000 0.121 0 1 0 0 0 0
 5083 178735.000 72798.000 0 0 0.000 0.000 0.000 0.120 0 1 0 0 0 0
 5084 143872.000 171086.000 0 0 0.000 0.000 0.000 0.122 0 1 0 0 0 0
 5085 126939.000 179144.000 0 0 0.000 0.000 0.000 0.122 0 1 0 0 0 0
 5086 119743.000 181192.000 0 0 0.000 0.000 0.000 0.122 0 1 0 0 0 0
 5087 117466.000 181698.000 0 0 0.000 0.000 0.000 0.124 0 1 0 0 0 0
 5088 110963.000 182786.000 0 0 0.000 0.000 0.000 0.121 0 1 0 0 0 0
 5089 87306.000 182573.000 0 0 0.000 0.000 0.000 0.121 0 1 0 0 0 0
 5090 84878.000 182117.000 0 0 32.000 54.000 1728.000 41.569 0 1 489 200 0 0
 5091 78803.000 180775.000 0 0 36.000 56.000 2016.000 44.899 0 1 476 200 0 0
 5092 73407.000 179130.000 0 0 38.000 54.000 2052.000 45.299 0 1 465 200 0 0
 5093 72150.000 178718.000 0 0 0.000 0.000 0.000 0.121 0 1 0 0 0 0
 5094 64252.000 175422.000 0 0 0.000 0.000 0.000 0.125 0 1 0 0 0 0
 5095 50834.000 167398.000 0 0 0.000 0.000 0.000 0.120 0 1 0 0 0 0
 5096 48065.000 165288.000 0 0 50.000 54.000 2700.000 51.961 0 1 393 200 0 0
 5097 36454.000 154037.000 0 0 0.000 0.000 0.000 0.121 0 1 0 0 0 0
 5098 32773.000 149290.000 0 0 56.000 48.000 2688.000 51.845 0 1 338 200 0 0
 5099 32627.000 149095.000 0 0 56.000 48.000 2688.000 51.845 0 1 338 200 0 0
 5100 31213.000 147141.000 0 0 0.000 0.000 0.000 0.121 0 1 0 0 0 0
 5101 30131.000 145504.000 0 0 0.000 0.000 0.000 0.121 0 1 0 0 0 0
 5102 16791.000 101412.000 0 0 51.000 24.000 1224.000 34.985 0 1 241 200 0 0
 5103 18798.000 82071.000 0 0 0.000 0.000 0.000 0.120 0 1 0 0 0 0
 5104 20889.000 74280.000 0 0 0.000 0.000 0.000 0.121 0 1 0 0 0 0
 5105 32726.000 51139.000 0 0 0.000 0.000 0.000 0.121 0 1 0 0 0 0
 5106 35827.000 47179.000 0 0 0.000 0.000 0.000 0.120 0 1 0 0 0 0
 5107 44668.000 37987.000 0 0 50.000 52.000 2600.000 50.990 0 1 104 200 0 0
 5108 54354.000 30555.000 0 0 0.000 0.000 0.000 0.121 0 1 0 0 0 0
 5109 59601.000 27341.000 0 0 0.000 0.000 0.000 0.121 0 1 0 0 0 0
 5110 71148.000 22046.000 0 0 40.000 56.000 2240.000 47.328 0 1 46 200 0 0
 5111 71765.000 21837.000 0 0 40.000 56.000 2240.000 47.328 0 1 46 200 0 0
 5112 72073.000 21725.000 0 0 40.000 56.000 2240.000 47.328 0 1 46 200 0 0
 5113 74156.000 20976.000 0 0 0.000 0.000 0.000 0.123 0 1 0 0 0 0
 5114 90468.000 17386.000 0 0 0.000 0.000 0.000 0.120 0 1 0 0 0 0
 5115 94904.000 17089.000 0 0 26.000 50.000 1300.000 36.055 0 1 22 200 0 0
 5116 99540.000 16863.000 0 0 0.000 0.000 0.000 0.121 0 1 0 0 0 0
 5117 108614.000 17286.000 0 0 0.000 0.000 0.000 0.122 0 1 0 0 0 0
 5118 111681.000 17663.000 0 0 0.000 0.000 0.000 0.120 0 1 0 0 0 0
 5119 119132.000 19053.000 0 0 0.000 0.000 0.000 0.122 0 1 0 0 0 0
 5120 141298.000 27726.000 0 0 46.000 54.000 2484.000 49.839 0 1 63 200 0 0
 5121 148086.000 32021.000 0 0 0.000 0.000 0.000 0.120 0 1 0 0 0 0
 5122 151263.000 34354.000 0 0 0.000 0.000 0.000 0.123 0 1 0 0 0 0
 5123 164535.000 47226.000 0 0 0.000 0.000 0.000 0.120 0 1 0 0 0 0
 5124 175937.000 65482.000 0 0 54.000 42.000 2268.000 47.623 0 1 167 200 0 0
 5125 178075.000 70641.000 0 0 0.000 0.000 0.000 0.123 0 1 0 0 0 0
 5126 178400.000 71535.000 0 0 0.000 0.000 0.000 0.121 0 1 0 0 0 0
 5127 122008.000 180773.000 0 0 0.000 0.000 0.000 0.122 0 1 0 0 0 0
 5128 121534.000 180982.000 0 0 0.000 0.000 0.000 0.120 0 1 0 0 0 0
 5129 113903.000 182682.000 0 0 0.000 0.000 0.000 0.124 0 1 0 0 0 0
 5130 97219.000 183614.000 0 0 24.000 50.000 1200.000 34.641 0 1 496 200 0 0
 5131 96791.000 183646.000 0 0 24.000 50.000 1200.000 34.641 0 1 496 200 0 0
 5132 56387.000 171375.000 0 0 0.000 0.000 0.000 0.121 0 1 0 0 0 0
 5133 45720.000 163582.000 0 0 0.000 0.000 0.000 0.121 0 1 0 0 0 0
 5134 41391.000 159594.000 0 0 0.000 0.000 0.000 0.121 0 1 0 0 0 0
 5135 40790.000 158989.000 0 0 0.000 0.000 0.000 0.121 0 1 0 0 0 0
 5136 31938.000 148477.000 0 0 54.000 48.000 2592.000 50.911 0 1 338 200 0 0
 5137 28813.000 143678.000 0 0 56.000 48.000 2688.000 51.845 0 1 325 200 0 0
 5138 26396.000 139514.000 0 0 56.000 44.000 2464.000 49.638 0 1 318 200 0 0
 5139 24888.000 136486.000 0 0 0.000 0.000 0.000 0.120 0 1 0 0 0 0
 5140 23537.000 133492.000 0 0 0.000 0.000 0.000 0.120 0 1 0 0 0 0
 5141 22455.000 130967.000 0 0 56.000 42.000 2352.000 48.497 0 1 299 200 0 0
 5142 21086.000 127215.000 0 0 0.000 0.000 0.000 0.121 0 1 0 0 0 0
 5143 20669.000 125967.000 0 0 0.000 0.000 0.000 0.121 0 1 0 0 0 0
 5144 17663.000 113427.000 0 0 0.000 0.000 0.000 0.121 0 1 0 0 0 0
 5145 20546.000 74875.000 0 0 0.000 0.000 0.000 0.120 0 1 0 0 0 0
 5146 32711.000 50866.000 0 0 0.000 0.000 0.000 0.121 0 1 0 0 0 0
 5147 35086.000 47823.000 0 0 0.000 0.000 0.000 0.121 0 1 0 0 0 0
 5148 45085.000 37378.000 0 0 52.000 52.000 2704.000 52.000 0 1 104 200 0 0
 5149 46701.000 36034.000 0 0 52.000 54.000 2808.000 52.990 0 1 99 200 0 0
 5150 51072.000 32576.000 0 0 0.000 0.000 0.000 0.120 0 1 0 0 0 0
 5151 63815.000 25005.000 0 0 0.000 0.000 0.000 0.120 0 1 0 0 0 0
 5152 82563.000 18545.000 0 0 0.000 0.000 0.000 0.122 0 1 0 0 0 0
 5153 131499.000 22816.000 0 0 0.000 0.000 0.000 0.121 0 1 0 0 0 0
 5154 136181.000 24825.000 0 0 42.000 56.000 2352.000 48.497 0 1 56 200 0 0
 5155 161932.000 43980.000 0 0 0.000 0.000 0.000 0.127 0 1 0 0 0 0
 5156 171076.000 56030.000 0 0 0.000 0.000 0.000 0.121 0 1 0 0 0 0
 5157 172237.000 58008.000 0 0 0.000 0.000 0.000 0.120 0 1 0 0 0 0
 5158 172327.000 58150.000 0 0 0.000 0.000 0.000 0.122 0 1 0 0 0 0
 5159 177144.000 67802.000 0 0 0.000 0.000 0.000 0.120 0 1 0 0 0 0
 5160 123971.000 180369.000 0 0 0.000 0.000 0.000 0.122 0 1 0 0 0 0
 5161 115294.000 182467.000 0 0 0.000 0.000 0.000 0.121 0 1 0 0 0 0
 5162 112335.000 182955.000 0 0 0.000 0.000 0.000 0.122 0 1 0 0 0 0
 5163 109956.000 183240.000 0 0 0.000 0.000 0.000 0.120 0 1 0 0 0 0
 5164 109032.000 183376.000 0 0 0.000 0.000 0.000 0.120 0 1 0 0 0 0
 5165 107895.000 183491.000 0 0 0.000 0.000 0.000 0.120 0 1 0 0 0 0
 5166 103684.000 183789.000 0 0 0.000 0.000 0.000 0.120 0 1 0 0 0 0
 5167 99100.000 183882.000 0 0 24.000 51.000 1224.000 34.985 0 1 492 200 0 0
 5168 98346.000 183865.000 0 0 24.000 50.000 1200.000 34.641 0 1 492 200 0 0
 5169 85449.000 182597.000 0 0 32.000 54.000 1728.000 41.569 0 1 489 200 0 0
 5170 77597.000 180774.000 0 0 0.000 0.000 0.000 0.120 0 1 0 0 0 0
 5171 73706.000 179612.000 0 0 38.000 54.000 2052.000 45.299 0 1 465 200 0 0
 5172 66601.000 176878.000 0 0 42.000 54.000 2268.000 47.623 0 1 452 200 0 0
 5173 55016.000 170710.000 0 0 0.000 0.000 0.000 0.120 0 1 0 0 0 0
 5174 46712.000 164642.000 0 0 50.000 54.000 2700.000 51.961 0 1 393 200 0 0
 5175 39450.000 157817.000 0 0 0.000 0.000 0.000 0.122 0 1 0 0 0 0
 5176 37095.000 155282.000 0 0 0.000 0.000 0.000 0.120 0 1 0 0 0 0
 5177 35842.000 153778.000 0 0 0.000 0.000 0.000 0.120 0 1 0 0 0 0
 5178 35630.000 153547.000 0 0 0.000 0.000 0.000 0.120 0 1 0 0 0 0
 5179 33672.000 151123.000 0 0 0.000 0.000 0.000 0.120 0 1 0 0 0 0
 5180 33551.000 150896.000 0 0 0.000 0.000 0.000 0.120 0 1 0 0 0 0
 5181 20610.000 126311.000 0 0 0.000 0.000 0.000 0.122 0 1 0 0 0 0
 5182 17851.000 115680.000 0 0 0.000 0.000 0.000 0.123 0 1 0 0 0 0
 5183 16943.000 109603.000 0 0 0.000 0.000 0.000 0.120 0 1 0 0 0 0
 5184 16724.000 107395.000 0 0 0.000 0.000 0.000 0.120 0 1 0 0 0 0
 5185 16435.000 101354.000 0 0 50.000 24.000 1200.000 34.641 0 1 241 200 0 0
 5186 16932.000 91334.000 0 0 0.000 0.000 0.000 0.120 0 1 0 0 0 0
 5187 17212.000 88572.000 0 0 0.000 0.000 0.000 0.120 0 1 0 0 0 0
 5188 17614.000 86199.000 0 0 52.000 32.000 1664.000 40.792 0 1 212 200 0 0
 5189 22147.000 69771.000 0 0 0.000 0.000 0.000 0.120 0 1 0 0 0 0
 5190 25301.000 62641.000 0 0 0.000 0.000 0.000 0.125 0 1 0 0 0 0
 5191 36428.000 45938.000 0 0 0.000 0.000 0.000 0.120 0 1 0 0 0 0
 5192 37294.000 44925.000 0 0 0.000 0.000 0.000 0.120 0 1 0 0 0 0
 5193 43319.000 38736.000 0 0 0.000 0.000 0.000 0.120 0 1 0 0 0 0
 5194 43360.000 38661.000 0 0 0.000 0.000 0.000 0.121 0 1 0 0 0 0
 5195 44246.000 37900.000 0 0 50.000 54.000 2700.000 51.961 0 1 104 200 0 0
 5196 46032.000 36396.000 0 0 52.000 54.000 2808.000 52.990 0 1 99 200 0 0
 5197 79594.000 19071.000 0 0 0.000 0.000 0.000 0.121 0 1 0 0 0 0
 5198 84518.000 17974.000 0 0 0.000 0.000 0.000 0.121 0 1 0 0 0 0
 5199 93240.000 16838.000 0 0 0.000 0.000 0.000 0.120 0 1 0 0 0 0
 5200 94827.000 16704.000 0 0 26.000 50.000 1300.000 36.055 0 1 22 200 0 0
 5201 97256.000 16581.000 0 0 24.000 50.000 1200.000 34.641 0 1 25 210 0 0
 5202 98094.000 16549.000 0 0 24.000 50.000 1200.000 34.641 0 1 25 210 0 0
 5203 98179.000 16579.000 0 0 24.000 50.000 1200.000 34.641 0 1 25 210 0 0
 5204 100500.000 16510.000 0 0 0.000 0.000 0.000 0.120 0 1 0 0 0 0
 5205 114436.000 17723.000 0 0 0.000 0.000 0.000 0.121 0 1 0 0 0 0
 5206 123935.000 19941.000 0 0 38.000 54.000 2052.000 45.299 0 1 32 200 0 0
 5207 124871.000 20217.000 0 0 38.000 54.000 2052.000 45.299 0 1 32 200 0 0
 5208 151697.000 34272.000 0 0 0.000 0.000 0.000 0.120 0 1 0 0 0 0
 5209 156320.000 38173.000 0 0 0.000 0.000 0.000 0.121 0 1 0 0 0 0
 5210 158402.000 40090.000 0 0 0.000 0.000 0.000 0.120 0 1 0 0 0 0
 5211 159088.000 40727.000 0 0 0.000 0.000 0.000 0.121 0 1 0 0 0 0
 5212 167216.000 50149.000 0 0 0.000 0.000 0.000 0.123 0 1 0 0 0 0
 5213 173711.000 60183.000 0 0 0.000 0.000 0.000 0.121 0 1 0 0 0 0
 5214 174926.000 62624.000 0 0 0.000 0.000 0.000 0.120 0 1 0 0 0 0
 5215 175203.000 63129.000 0 0 0.000 0.000 0.000 0.120 0 1 0 0 0 0
 5216 139957.000 173956.000 0 0 0.000 0.000 0.000 0.120 0 1 0 0 0 0
 5217 137527.000 175185.000 0 0 0.000 0.000 0.000 0.120 0 1 0 0 0 0
 5218 116510.000 182394.000 0 0 0.000 0.000 0.000 0.122 0 1 0 0 0 0
 5219 111067.000 183291.000 0 0 0.000 0.000 0.000 0.120 0 1 0 0 0 0
 5220 106929.000 183737.000 0 0 0.000 0.000 0.000 0.120 0 1 0 0 0 0
 5221 104803.000 183905.000 0 0 26.000 50.000 1300.000 36.055 0 1 499 200 0 0
 5222 79454.000 181458.000 0 0 0.000 0.000 0.000 0.122 0 1 0 0 0 0
 5223 74210.000 179956.000 0 0 38.000 54.000 2052.000 45.299 0 1 465 200 0 0
 5224 70699.000 178733.000 0 0 0.000 0.000 0.000 0.122 0 1 0 0 0 0
 5225 70336.000 178559.000 0 0 0.000 0.000 0.000 0.120 0 1 0 0 0 0
 5226 64350.000 176048.000 0 0 0.000 0.000 0.000 0.123 0 1 0 0 0 0
 5227 57299.000 172316.000 0 0 0.000 0.000 0.000 0.120 0 1 0 0 0 0
 5228 54220.000 170345.000 0 0 0.000 0.000 0.000 0.121 0 1 0 0 0 0
 5229 52920.000 169513.000 0 0 0.000 0.000 0.000 0.123 0 1 0 0 0 0
 5230 48668.000 166401.000 0 0 50.000 54.000 2700.000 51.961 0 1 409 200 0 0
 5231 44857.000 163285.000 0 0 0.000 0.000 0.000 0.120 0 1 0 0 0 0
 5232 40149.000 158842.000 0 0 0.000 0.000 0.000 0.121 0 1 0 0 0 0
 5233 29026.000 144668.000 0 0 0.000 0.000 0.000 0.120 0 1 0 0 0 0
 5234 22511.000 132001.000 0 0 0.000 0.000 0.000 0.123 0 1 0 0 0 0
 5235 21958.000 130532.000 0 0 56.000 42.000 2352.000 48.497 0 1 299 200 0 0
 5236 20879.000 127656.000 0 0 0.000 0.000 0.000 0.121 0 1 0 0 0 0
 5237 19927.000 124800.000 0 0 0.000 0.000 0.000 0.120 0 1 0 0 0 0
 5238 19722.000 124384.000 0 0 0.000 0.000 0.000 0.120 0 1 0 0 0 0
 5239 19113.000 121968.000 0 0 0.000 0.000 0.000 0.120 0 1 0 0 0 0
 5240 18159.000 117895.000 0 0 0.000 0.000 0.000 0.122 0 1 0 0 0 0
 5241 17360.000 113789.000 0 0 0.000 0.000 0.000 0.120 0 1 0 0 0 0
 5242 16429.000 94297.000 0 0 0.000 0.000 0.000 0.123 0 1 0 0 0 0
 5243 18475.000 81122.000 0 0 0.000 0.000 0.000 0.120 0 1 0 0 0 0
 5244 21025.000 72324.000 0 0 0.000 0.000 0.000 0.121 0 1 0 0 0 0
 5245 28126.000 57154.000 0 0 56.000 46.000 2576.000 50.754 0 1 149 200 0 0
 5246 39116.000 42664.000 0 0 0.000 0.000 0.000 0.120 0 1 0 0 0 0
 5247 46955.000 35345.000 0 0 50.000 54.000 2700.000 51.961 0 1 99 200 0 0
 5248 76243.000 19788.000 0 0 38.000 54.000 2052.000 45.299 0 1 27 200 0 0
 5249 77434.000 19479.000 0 0 0.000 0.000 0.000 0.122 0 1 0 0 0 0
 5250 80845.000 18583.000 0 0 34.000 54.000 1836.000 42.848 0 1 19 200 0 0
 5251 86711.000 17433.000 0 0 0.000 0.000 0.000 0.121 0 1 0 0 0 0
 5252 89323.000 17030.000 0 0 30.000 52.000 1560.000 39.496 0 1 21 200 0 0
 5253 98222.000 16357.000 0 0 24.000 50.000 1200.000 34.641 0 1 25 210 0 0
 5254 98553.000 16388.000 0 0 24.000 50.000 1200.000 34.641 0 1 25 210 0 0
 5255 102426.000 16378.000 0 0 24.000 50.000 1200.000 34.641 0 1 17 200 0 0
 5256 122412.000 19361.000 0 0 36.000 56.000 2016.000 44.899 0 1 32 200 0 0
 5257 123802.000 19738.000 0 0 38.000 54.000 2052.000 45.299 0 1 32 200 0 0
 5258 124685.000 20002.000 0 0 38.000 54.000 2052.000 45.299 0 1 32 200 0 0
 5259 127230.000 20828.000 0 0 0.000 0.000 0.000 0.121 0 1 0 0 0 0
 5260 136420.000 24613.000 0 0 42.000 56.000 2352.000 48.497 0 1 56 200 0 0
 5261 153343.000 35354.000 0 0 0.000 0.000 0.000 0.120 0 1 0 0 0 0
 5262 159754.000 41226.000 0 0 0.000 0.000 0.000 0.121 0 1 0 0 0 0
 5263 173657.000 59795.000 0 0 0.000 0.000 0.000 0.120 0 1 0 0 0 0
 5264 173781.000 60067.000 0 0 0.000 0.000 0.000 0.121 0 1 0 0 0 0
 5265 180817.000 123266.000 0 0 0.000 0.000 0.000 0.120 0 1 0 0 0 0
 5266 126269.000 180035.000 0 0 0.000 0.000 0.000 0.122 0 1 0 0 0 0
 5267 80032.000 181782.000 0 0 0.000 0.000 0.000 0.120 0 1 0 0 0 0
 5268 67192.000 177476.000 0 0 42.000 56.000 2352.000 48.497 0 1 452 200 0 0
 5269 65348.000 176671.000 0 0 0.000 0.000 0.000 0.121 0 1 0 0 0 0
 5270 63307.000 175703.000 0 0 0.000 0.000 0.000 0.120 0 1 0 0 0 0
 5271 62249.000 175235.000 0 0 0.000 0.000 0.000 0.123 0 1 0 0 0 0
 5272 57945.000 172990.000 0 0 0.000 0.000 0.000 0.123 0 1 0 0 0 0
 5273 52233.000 169220.000 0 0 0.000 0.000 0.000 0.120 0 1 0 0 0 0
 5274 45290.000 163836.000 0 0 0.000 0.000 0.000 0.120 0 1 0 0 0 0
 5275 45060.000 163695.000 0 0 0.000 0.000 0.000 0.120 0 1 0 0 0 0
 5276 44123.000 162895.000 0 0 0.000 0.000 0.000 0.123 0 1 0 0 0 0
 5277 38037.000 156821.000 0 0 54.000 50.000 2700.000 51.961 0 1 365 200 0 0
 5278 32534.000 150167.000 0 0 56.000 48.000 2688.000 51.845 0 1 338 200 0 0
 5279 32109.000 149545.000 0 0 56.000 48.000 2688.000 51.845 0 1 338 200 0 0
 5280 28211.000 143696.000 0 0 56.000 47.000 2632.000 51.303 0 1 325 200 0 0
 5281 27904.000 143232.000 0 0 56.000 46.000 2576.000 50.754 0 1 325 200 0 0
 5282 27559.000 142575.000 0 0 56.000 46.000 2576.000 50.754 0 1 325 200 0 0
 5283 26932.000 141565.000 0 0 0.000 0.000 0.000 0.122 0 1 0 0 0 0
 5284 22022.000 131165.000 0 0 56.000 42.000 2352.000 48.497 0 1 299 200 0 0
 5285 21718.000 130419.000 0 0 56.000 42.000 2352.000 48.497 0 1 299 200 0 0
 5286 18314.000 119465.000 0 0 0.000 0.000 0.000 0.120 0 1 0 0 0 0
 5287 16360.000 93403.000 0 0 0.000 0.000 0.000 0.121 0 1 0 0 0 0
 5288 17137.000 86870.000 0 0 52.000 30.000 1560.000 39.496 0 1 212 200 0 0
 5289 17781.000 83420.000 0 0 0.000 0.000 0.000 0.120 0 1 0 0 0 0
 5290 30860.000 52650.000 0 0 0.000 0.000 0.000 0.120 0 1 0 0 0 0
 5291 36556.000 45253.000 0 0 0.000 0.000 0.000 0.122 0 1 0 0 0 0
 5292 38385.000 43159.000 0 0 0.000 0.000 0.000 0.121 0 1 0 0 0 0
 5293 44244.000 37451.000 0 0 50.000 52.000 2600.000 50.990 0 1 104 200 0 0
 5294 45057.000 36728.000 0 0 52.000 52.000 2704.000 52.000 0 1 104 200 0 0
 5295 48870.000 33596.000 0 0 0.000 0.000 0.000 0.120 0 1 0 0 0 0
 5296 52322.000 31094.000 0 0 0.000 0.000 0.000 0.121 0 1 0 0 0 0
 5297 52455.000 30967.000 0 0 0.000 0.000 0.000 0.121 0 1 0 0 0 0
 5298 58942.000 26952.000 0 0 0.000 0.000 0.000 0.120 0 1 0 0 0 0
 5299 59968.000 26385.000 0 0 0.000 0.000 0.000 0.120 0 1 0 0 0 0
 5300 66827.000 23063.000 0 0 42.000 54.000 2268.000 47.623 0 1 44 200 0 0
 5301 78280.000 19050.000 0 0 0.000 0.000 0.000 0.121 0 1 0 0 0 0
 5302 80885.000 18419.000 0 0 34.000 54.000 1836.000 42.848 0 1 19 200 0 0
 5303 94293.000 16367.000 0 0 26.000 50.000 1300.000 36.055 0 1 22 200 0 0
 5304 123150.000 19369.000 0 0 36.000 56.000 2016.000 44.899 0 1 32 200 0 0
 5305 136399.000 24408.000 0 0 42.000 56.000 2352.000 48.497 0 1 56 200 0 0
 5306 137039.000 24712.000 0 0 44.000 56.000 2464.000 49.638 0 1 56 200 0 0
 5307 138446.000 25369.000 0 0 0.000 0.000 0.000 0.120 0 1 0 0 0 0
 5308 141895.000 27277.000 0 0 46.000 54.000 2484.000 49.839 0 1 63 200 0 0
 5309 150984.000 33300.000 0 0 0.000 0.000 0.000 0.120 0 1 0 0 0 0
 5310 151052.000 33351.000 0 0 0.000 0.000 0.000 0.121 0 1 0 0 0 0
 5311 153044.000 34938.000 0 0 0.000 0.000 0.000 0.120 0 1 0 0 0 0
 5312 168474.000 51297.000 0 0 0.000 0.000 0.000 0.121 0 1 0 0 0 0
 5313 176197.000 64423.000 0 0 0.000 0.000 0.000 0.121 0 1 0 0 0 0
 5314 181579.000 121244.000 0 0 0.000 0.000 0.000 0.120 0 1 0 0 0 0
 5315 180160.000 126203.000 0 0 0.000 0.000 0.000 0.120 0 1 0 0 0 0
 5316 172176.000 143633.000 0 0 0.000 0.000 0.000 0.121 0 1 0 0 0 0
 5317 169987.000 147047.000 0 0 0.000 0.000 0.000 0.120 0 1 0 0 0 0
 5318 130612.000 178626.000 0 0 0.000 0.000 0.000 0.121 0 1 0 0 0 0
 5319 125253.000 180523.000 0 0 0.000 0.000 0.000 0.120 0 1 0 0 0 0
 5320 123073.000 181226.000 0 0 0.000 0.000 0.000 0.121 0 1 0 0 0 0
 5321 121031.000 181749.000 0 0 0.000 0.000 0.000 0.120 0 1 0 0 0 0
 5322 112331.000 183476.000 0 0 0.000 0.000 0.000 0.120 0 1 0 0 0 0
 5323 109402.000 183880.000 0 0 0.000 0.000 0.000 0.120 0 1 0 0 0 0
 5324 99748.000 184397.000 0 0 24.000 51.000 1224.000 34.985 0 1 492 200 0 0
 5325 98549.000 184387.000 0 0 24.000 50.000 1200.000 34.641 0 1 492 200 0 0
 5326 97154.000 184321.000 0 0 24.000 50.000 1200.000 34.641 0 1 496 200 0 0
 5327 96824.000 184301.000 0 0 24.000 50.000 1200.000 34.641 0 1 496 200 0 0
 5328 83557.000 182750.000 0 0 0.000 0.000 0.000 0.120 0 1 0 0 0 0
 5329 76178.000 180919.000 0 0 38.000 54.000 2052.000 45.299 0 1 487 200 0 0
 5330 62410.000 175515.000 0 0 0.000 0.000 0.000 0.125 0 1 0 0 0 0
 5331 48754.000 166861.000 0 0 50.000 54.000 2700.000 51.961 0 1 409 200 0 0
 5332 35051.000 153669.000 0 0 0.000 0.000 0.000 0.120 0 1 0 0 0 0
 5333 20016.000 126056.000 0 0 0.000 0.000 0.000 0.121 0 1 0 0 0 0
 5334 19326.000 123968.000 0 0 0.000 0.000 0.000 0.123 0 1 0 0 0 0
 5335 18954.000 122651.000 0 0 0.000 0.000 0.000 0.120 0 1 0 0 0 0
 5336 18390.000 120429.000 0 0 0.000 0.000 0.000 0.120 0 1 0 0 0 0
 5337 16118.000 105714.000 0 0 0.000 0.000 0.000 0.122 0 1 0 0 0 0
 5338 15878.000 99249.000 0 0 0.000 0.000 0.000 0.122 0 1 0 0 0 0
 5339 15958.000 99157.000 0 0 0.000 0.000 0.000 0.120 0 1 0 0 0 0
 5340 18194.000 80670.000 0 0 0.000 0.000 0.000 0.120 0 1 0 0 0 0
 5341 26923.000 58615.000 0 0 0.000 0.000 0.000 0.121 0 1 0 0 0 0
 5342 28520.000 55903.000 0 0 0.000 0.000 0.000 0.122 0 1 0 0 0 0
 5343 60120.000 25954.000 0 0 0.000 0.000 0.000 0.123 0 1 0 0 0 0
 5344 70686.000 21311.000 0 0 0.000 0.000 0.000 0.120 0 1 0 0 0 0
 5345 78332.000 18854.000 0 0 0.000 0.000 0.000 0.121 0 1 0 0 0 0
 5346 81029.000 18168.000 0 0 34.000 54.000 1836.000 42.848 0 1 19 200 0 0
 5347 88158.000 16841.000 0 0 30.000 52.000 1560.000 39.496 0 1 21 200 0 0
 5348 91722.000 16408.000 0 0 28.000 52.000 1456.000 38.157 0 1 22 200 0 0
 5349 91936.000 16405.000 0 0 28.000 52.000 1456.000 38.157 0 1 22 200 0 0
 5350 92483.000 16310.000 0 0 28.000 52.000 1456.000 38.157 0 1 22 200 0 0
 5351 95861.000 16097.000 0 0 0.000 0.000 0.000 0.123 0 1 0 0 0 0
 5352 100761.000 15989.000 0 0 0.000 0.000 0.000 0.120 0 1 0 0 0 0
 5353 107691.000 16355.000 0 0 0.000 0.000 0.000 0.120 0 1 0 0 0 0
 5354 112505.000 16927.000 0 0 0.000 0.000 0.000 0.120 0 1 0 0 0 0
 5355 124818.000 19706.000 0 0 38.000 54.000 2052.000 45.299 0 1 32 200 0 0
 5356 128750.000 21012.000 0 0 0.000 0.000 0.000 0.121 0 1 0 0 0 0
 5357 137441.000 24728.000 0 0 44.000 56.000 2464.000 49.638 0 1 56 200 0 0
 5358 141026.000 26576.000 0 0 46.000 54.000 2484.000 49.839 0 1 63 200 0 0
 5359 152365.000 34153.000 0 0 0.000 0.000 0.000 0.120 0 1 0 0 0 0
 5360 160712.000 41737.000 0 0 0.000 0.000 0.000 0.122 0 1 0 0 0 0
 5361 168729.000 51309.000 0 0 0.000 0.000 0.000 0.120 0 1 0 0 0 0
 5362 174818.000 139530.000 0 0 0.000 0.000 0.000 0.123 0 1 0 0 0 0
 5363 174012.000 140741.000 0 0 0.000 0.000 0.000 0.121 0 1 0 0 0 0
 5364 129853.000 179185.000 0 0 0.000 0.000 0.000 0.120 0 1 0 0 0 0
 5365 125336.000 180639.000 0 0 0.000 0.000 0.000 0.122 0 1 0 0 0 0
 5366 116882.000 182854.000 0 0 0.000 0.000 0.000 0.129 0 1 0 0 0 0
 5367 115145.000 183338.000 0 0 32.000 54.000 1728.000 41.569 0 1 494 200 0 0
 5368 104940.000 184405.000 0 0 26.000 50.000 1300.000 36.055 0 1 499 200 0 0
 5369 104368.000 184451.000 0 0 26.000 50.000 1300.000 36.055 0 1 499 200 0 0
 5370 94322.000 184370.000 0 0 26.000 50.000 1300.000 36.055 0 1 501 200 0 0
 5371 74993.000 180721.000 0 0 0.000 0.000 0.000 0.121 0 1 0 0 0 0
 5372 61842.000 175353.000 0 0 0.000 0.000 0.000 0.120 0 1 0 0 0 0
 5373 34342.000 153013.000 0 0 0.000 0.000 0.000 0.121 0 1 0 0 0 0
 5374 25695.000 139924.000 0 0 56.000 44.000 2464.000 49.638 0 1 318 200 0 0
 5375 19580.000 125325.000 0 0 0.000 0.000 0.000 0.121 0 1 0 0 0 0
 5376 16188.000 91319.000 0 0 0.000 0.000 0.000 0.121 0 1 0 0 0 0
 5377 19780.000 74398.000 0 0 0.000 0.000 0.000 0.121 0 1 0 0 0 0
 5378 24598.000 62603.000 0 0 0.000 0.000 0.000 0.124 0 1 0 0 0 0
 5379 25925.000 59993.000 0 0 0.000 0.000 0.000 0.120 0 1 0 0 0 0
 5380 27661.000 56899.000 0 0 56.000 46.000 2576.000 50.754 0 1 149 200 0 0
 5381 39721.000 41281.000 0 0 0.000 0.000 0.000 0.120 0 1 0 0 0 0
 5382 57158.000 27553.000 0 0 0.000 0.000 0.000 0.121 0 1 0 0 0 0
 5383 64218.000 23878.000 0 0 0.000 0.000 0.000 0.123 0 1 0 0 0 0
 5384 71447.000 20852.000 0 0 0.000 0.000 0.000 0.122 0 1 0 0 0 0
 5385 76508.000 19217.000 0 0 36.000 56.000 2016.000 44.899 0 1 27 200 0 0
 5386 78591.000 18648.000 0 0 0.000 0.000 0.000 0.123 0 1 0 0 0 0
 5387 88659.000 16629.000 0 0 30.000 52.000 1560.000 39.496 0 1 21 200 0 0
 5388 99687.000 15843.000 0 0 0.000 0.000 0.000 0.123 0 1 0 0 0 0
 5389 102363.000 15872.000 0 0 24.000 50.000 1200.000 34.641 0 1 17 200 0 0
 5390 111028.000 16515.000 0 0 0.000 0.000 0.000 0.120 0 1 0 0 0 0
 5391 119489.000 18076.000 0 0 34.000 54.000 1836.000 42.848 0 1 29 200 0 0
 5392 126703.000 20077.000 0 0 0.000 0.000 0.000 0.123 0 1 0 0 0 0
 5393 141933.000 26895.000 0 0 46.000 54.000 2484.000 49.839 0 1 63 200 0 0
 5394 151762.000 33485.000 0 0 0.000 0.000 0.000 0.120 0 1 0 0 0 0
 5395 162476.000 43369.000 0 0 0.000 0.000 0.000 0.120 0 1 0 0 0 0
 5396 170611.000 53799.000 0 0 0.000 0.000 0.000 0.120 0 1 0 0 0 0
 5397 174689.000 60684.000 0 0 0.000 0.000 0.000 0.121 0 1 0 0 0 0
 5398 175045.000 61352.000 0 0 0.000 0.000 0.000 0.120 0 1 0 0 0 0
 5399 182833.000 117188.000 0 0 0.000 0.000 0.000 0.120 0 1 0 0 0 0
 5400 180549.000 125985.000 0 0 0.000 0.000 0.000 0.120 0 1 0 0 0 0
 5401 178959.000 130441.000 0 0 56.000 40.000 2240.000 47.328 0 1 291 200 0 0
 5402 178533.000 131531.000 0 0 56.000 42.000 2352.000 48.497 0 1 291 200 0 0
 5403 173973.000 141190.000 0 0 0.000 0.000 0.000 0.120 0 1 0 0 0 0
 5404 172414.000 143861.000 0 0 0.000 0.000 0.000 0.120 0 1 0 0 0 0
 5405 172163.000 144306.000 0 0 0.000 0.000 0.000 0.120 0 1 0 0 0 0
 5406 168393.000 149946.000 0 0 0.000 0.000 0.000 0.124 0 1 0 0 0 0
 5407 164644.000 154707.000 0 0 0.000 0.000 0.000 0.124 0 1 0 0 0 0
 5408 119886.000 182369.000 0 0 0.000 0.000 0.000 0.120 0 1 0 0 0 0
 5409 116323.000 183284.000 0 0 0.000 0.000 0.000 0.123 0 1 0 0 0 0
 5410 115089.000 183387.000 0 0 32.000 54.000 1728.000 41.569 0 1 494 200 0 0
 5411 85144.000 183428.000 0 0 32.000 54.000 1728.000 41.569 0 1 495 200 0 0
 5412 67053.000 178020.000 0 0 42.000 56.000 2352.000 48.497 0 1 452 200 0 0
 5413 66306.000 177582.000 0 0 42.000 54.000 2268.000 47.623 0 1 452 200 0 0
 5414 64684.000 176985.000 0 0 0.000 0.000 0.000 0.121 0 1 0 0 0 0
 5415 57724.000 173323.000 0 0 0.000 0.000 0.000 0.120 0 1 0 0 0 0
 5416 56192.000 172387.000 0 0 0.000 0.000 0.000 0.120 0 1 0 0 0 0
 5417 46637.000 165672.000 0 0 0.000 0.000 0.000 0.120 0 1 0 0 0 0
 5418 38721.000 158325.000 0 0 54.000 52.000 2808.000 52.990 0 1 365 200 0 0
 5419 38274.000 158010.000 0 0 54.000 52.000 2808.000 52.990 0 1 365 200 0 0
 5420 37334.000 156798.000 0 0 54.000 50.000 2700.000 51.961 0 1 365 200 0 0
 5421 36562.000 155913.000 0 0 0.000 0.000 0.000 0.123 0 1 0 0 0 0
 5422 33613.000 152387.000 0 0 0.000 0.000 0.000 0.120 0 1 0 0 0 0
 5423 30253.000 147804.000 0 0 54.000 48.000 2592.000 50.911 0 1 335 200 0 0
 5424 27726.000 143856.000 0 0 56.000 46.000 2576.000 50.754 0 1 325 200 0 0
 5425 26521.000 141872.000 0 0 0.000 0.000 0.000 0.122 0 1 0 0 0 0
 5426 25407.000 139889.000 0 0 56.000 44.000 2464.000 49.638 0 1 318 200 0 0
 5427 15987.000 108418.000 0 0 0.000 0.000 0.000 0.122 0 1 0 0 0 0
 5428 15638.000 96138.000 0 0 0.000 0.000 0.000 0.121 0 1 0 0 0 0
 5429 16632.000 86941.000 0 0 52.000 30.000 1560.000 39.496 0 1 212 200 0 0
 5430 16705.000 86361.000 0 0 52.000 32.000 1664.000 40.792 0 1 212 200 0 0
 5431 22106.000 67650.000 0 0 0.000 0.000 0.000 0.121 0 1 0 0 0 0
 5432 30706.000 51954.000 0 0 0.000 0.000 0.000 0.120 0 1 0 0 0 0
 5433 32659.000 49244.000 0 0 0.000 0.000 0.000 0.122 0 1 0 0 0 0
 5434 35168.000 46089.000 0 0 0.000 0.000 0.000 0.121 0 1 0 0 0 0
 5435 45092.000 36001.000 0 0 52.000 52.000 2704.000 52.000 0 1 104 200 0 0
 5436 53489.000 29697.000 0 0 0.000 0.000 0.000 0.120 0 1 0 0 0 0
 5437 57249.000 27379.000 0 0 0.000 0.000 0.000 0.120 0 1 0 0 0 0
 5438 66981.000 22438.000 0 0 42.000 56.000 2352.000 48.497 0 1 44 200 0 0
 5439 67409.000 22244.000 0 0 42.000 56.000 2352.000 48.497 0 1 44 200 0 0
 5440 91559.000 16078.000 0 0 28.000 52.000 1456.000 38.157 0 1 22 200 0 0
 5441 92810.000 15961.000 0 0 28.000 52.000 1456.000 38.157 0 1 22 200 0 0
 5442 93605.000 15926.000 0 0 26.000 50.000 1300.000 36.055 0 1 22 200 0 0
 5443 106498.000 15912.000 0 0 0.000 0.000 0.000 0.120 0 1 0 0 0 0
 5444 107473.000 15972.000 0 0 0.000 0.000 0.000 0.121 0 1 0 0 0 0
 5445 108869.000 16118.000 0 0 0.000 0.000 0.000 0.121 0 1 0 0 0 0
 5446 112387.000 16537.000 0 0 0.000 0.000 0.000 0.120 0 1 0 0 0 0
 5447 119716.000 17960.000 0 0 34.000 54.000 1836.000 42.848 0 1 29 200 0 0
 5448 119729.000 17976.000 0 0 34.000 54.000 1836.000 42.848 0 1 29 200 0 0
 5449 121306.000 18343.000 0 0 0.000 0.000 0.000 0.120 0 1 0 0 0 0
 5450 127965.000 20331.000 0 0 0.000 0.000 0.000 0.120 0 1 0 0 0 0
 5451 139297.000 25272.000 0 0 0.000 0.000 0.000 0.121 0 1 0 0 0 0
 5452 145820.000 29071.000 0 0 48.000 55.000 2640.000 51.380 0 1 78 200 0 0
 5453 147301.000 30050.000 0 0 48.000 54.000 2592.000 50.911 0 1 78 200 0 0
 5454 148477.000 30865.000 0 0 0.000 0.000 0.000 0.121 0 1 0 0 0 0
 5455 161430.000 41946.000 0 0 0.000 0.000 0.000 0.123 0 1 0 0 0 0
 5456 163556.000 44279.000 0 0 0.000 0.000 0.000 0.120 0 1 0 0 0 0
 5457 164141.000 45005.000 0 0 0.000 0.000 0.000 0.120 0 1 0 0 0 0
 5458 164762.000 45754.000 0 0 0.000 0.000 0.000 0.121 0 1 0 0 0 0
 5459 165168.000 46175.000 0 0 0.000 0.000 0.000 0.120 0 1 0 0 0 0
 5460 165889.000 47068.000 0 0 0.000 0.000 0.000 0.121 0 1 0 0 0 0
 5461 174269.000 59553.000 0 0 0.000 0.000 0.000 0.120 0 1 0 0 0 0
 5462 184498.000 106145.000 0 0 0.000 0.000 0.000 0.120 0 1 0 0 0 0
 5463 178970.000 131015.000 0 0 56.000 42.000 2352.000 48.497 0 1 291 200 0 0
 5464 109844.000 184471.000 0 0 0.000 0.000 0.000 0.126 0 1 0 0 0 0
 5465 104344.000 184773.000 0 0 26.000 50.000 1300.000 36.055 0 1 499 200 0 0
 5466 99823.000 184900.000 0 0 24.000 51.000 1224.000 34.985 0 1 492 200 0 0
 5467 97011.000 184837.000 0 0 24.000 50.000 1200.000 34.641 0 1 496 200 0 0
 5468 96431.000 184818.000 0 0 26.000 50.000 1300.000 36.055 0 1 496 200 0 0
 5469 85854.000 183701.000 0 0 32.000 52.000 1664.000 40.792 0 1 495 200 0 0
 5470 78322.000 182038.000 0 0 0.000 0.000 0.000 0.120 0 1 0 0 0 0
 5471 77508.000 181832.000 0 0 0.000 0.000 0.000 0.121 0 1 0 0 0 0
 5472 69397.000 179288.000 0 0 0.000 0.000 0.000 0.123 0 1 0 0 0 0
 5473 49434.000 168053.000 0 0 48.000 56.000 2688.000 51.845 0 1 409 200 0 0
 5474 48841.000 167638.000 0 0 50.000 54.000 2700.000 51.961 0 1 409 200 0 0
 5475 42636.000 162403.000 0 0 0.000 0.000 0.000 0.120 0 1 0 0 0 0
 5476 37834.000 157638.000 0 0 54.000 50.000 2700.000 51.961 0 1 365 200 0 0
 5477 34353.000 153601.000 0 0 0.000 0.000 0.000 0.122 0 1 0 0 0 0
 5478 34031.000 153246.000 0 0 0.000 0.000 0.000 0.120 0 1 0 0 0 0
 5479 32924.000 151879.000 0 0 0.000 0.000 0.000 0.120 0 1 0 0 0 0
 5480 32238.000 150866.000 0 0 54.000 50.000 2700.000 51.961 0 1 338 200 0 0
 5481 30805.000 148906.000 0 0 54.000 48.000 2592.000 50.911 0 1 335 200 0 0
 5482 29722.000 147325.000 0 0 54.000 46.000 2484.000 49.839 0 1 335 200 0 0
 5483 22952.000 135211.000 0 0 0.000 0.000 0.000 0.120 0 1 0 0 0 0
 5484 21089.000 130739.000 0 0 56.000 42.000 2352.000 48.497 0 1 299 200 0 0
 5485 17610.000 119213.000 0 0 0.000 0.000 0.000 0.121 0 1 0 0 0 0
 5486 16649.000 114659.000 0 0 0.000 0.000 0.000 0.121 0 1 0 0 0 0
 5487 15857.000 109075.000 0 0 0.000 0.000 0.000 0.120 0 1 0 0 0 0
 5488 16207.000 88496.000 0 0 0.000 0.000 0.000 0.123 0 1 0 0 0 0
 5489 16369.000 87634.000 0 0 52.000 30.000 1560.000 39.496 0 1 212 200 0 0
 5490 20687.000 70702.000 0 0 0.000 0.000 0.000 0.121 0 1 0 0 0 0
 5491 23723.000 63656.000 0 0 0.000 0.000 0.000 0.120 0 1 0 0 0 0
 5492 27078.000 57298.000 0 0 56.000 46.000 2576.000 50.754 0 1 149 200 0 0
 5493 28449.000 55114.000 0 0 0.000 0.000 0.000 0.120 0 1 0 0 0 0
 5494 51063.000 31159.000 0 0 0.000 0.000 0.000 0.122 0 1 0 0 0 0
 5495 64116.000 23518.000 0 0 0.000 0.000 0.000 0.120 0 1 0 0 0 0
 5496 72191.000 20244.000 0 0 40.000 54.000 2160.000 46.475 0 1 33 200 0 0
 5497 77323.000 18618.000 0 0 0.000 0.000 0.000 0.120 0 1 0 0 0 0
 5498 81707.000 17493.000 0 0 34.000 54.000 1836.000 42.848 0 1 19 200 0 0
 5499 84155.000 17018.000 0 0 0.000 0.000 0.000 0.122 0 1 0 0 0 0
 5500 87610.000 16429.000 0 0 0.000 0.000 0.000 0.120 0 1 0 0 0 0
 5501 95372.000 15619.000 0 0 0.000 0.000 0.000 0.123 0 1 0 0 0 0
 5502 96505.000 15565.000 0 0 0.000 0.000 0.000 0.120 0 1 0 0 0 0
 5503 102910.000 15502.000 0 0 24.000 50.000 1200.000 34.641 0 1 17 200 0 0
 5504 105770.000 15681.000 0 0 0.000 0.000 0.000 0.122 0 1 0 0 0 0
 5505 113588.000 16584.000 0 0 0.000 0.000 0.000 0.121 0 1 0 0 0 0
 5506 118960.000 17594.000 0 0 34.000 54.000 1836.000 42.848 0 1 29 200 0 0
 5507 132839.000 22061.000 0 0 42.000 56.000 2352.000 48.497 0 1 41 200 0 0
 5508 133403.000 22311.000 0 0 42.000 54.000 2268.000 47.623 0 1 41 200 0 0
 5509 146716.000 29412.000 0 0 48.000 54.000 2592.000 50.911 0 1 78 200 0 0
 5510 146997.000 29628.000 0 0 46.000 54.000 2484.000 49.839 0 1 78 200 0 0
 5511 151914.000 32990.000 0 0 50.000 54.000 2700.000 51.961 0 1 92 200 0 0
 5512 153282.000 34245.000 0 0 0.000 0.000 0.000 0.120 0 1 0 0 0 0
 5513 159980.000 40202.000 0 0 0.000 0.000 0.000 0.120 0 1 0 0 0 0
 5514 184878.000 98907.000 0 0 0.000 0.000 0.000 0.120 0 1 0 0 0 0
 5515 169971.000 148266.000 0 0 0.000 0.000 0.000 0.122 0 1 0 0 0 0
 5516 167985.000 151046.000 0 0 0.000 0.000 0.000 0.120 0 1 0 0 0 0
 5517 157198.000 162989.000 0 0 0.000 0.000 0.000 0.122 0 1 0 0 0 0
 5518 119357.000 182879.000 0 0 0.000 0.000 0.000 0.122 0 1 0 0 0 0
 5519 114403.000 183800.000 0 0 32.000 54.000 1728.000 41.569 0 1 494 200 0 0
 5520 114203.000 183865.000 0 0 32.000 54.000 1728.000 41.569 0 1 494 200 0 0
 5521 102334.000 185055.000 0 0 0.000 0.000 0.000 0.124 0 1 0 0 0 0
 5522 100072.000 185072.000 0 0 24.000 51.000 1224.000 34.985 0 1 492 200 0 0
 5523 97842.000 185014.000 0 0 24.000 50.000 1200.000 34.641 0 1 496 200 0 0
 5524 97385.000 185062.000 0 0 24.000 50.000 1200.000 34.641 0 1 496 200 0 0
 5525 96932.000 185012.000 0 0 24.000 50.000 1200.000 34.641 0 1 496 200 0 0
 5526 94495.000 184878.000 0 0 26.000 50.000 1300.000 36.055 0 1 501 200 0 0
 5527 88021.000 184159.000 0 0 0.000 0.000 0.000 0.120 0 1 0 0 0 0
 5528 76527.000 181720.000 0 0 36.000 56.000 2016.000 44.899 0 1 487 200 0 0
 5529 76210.000 181599.000 0 0 36.000 55.000 1980.000 44.497 0 1 487 200 0 0
 5530 75978.000 181708.000 0 0 38.000 54.000 2052.000 45.299 0 1 487 200 0 0
 5531 73091.000 180633.000 0 0 0.000 0.000 0.000 0.122 0 1 0 0 0 0
 5532 63596.000 176798.000 0 0 0.000 0.000 0.000 0.123 0 1 0 0 0 0
 5533 62740.000 176429.000 0 0 0.000 0.000 0.000 0.120 0 1 0 0 0 0
 5534 60405.000 175224.000 0 0 0.000 0.000 0.000 0.120 0 1 0 0 0 0
 5535 58331.000 174067.000 0 0 0.000 0.000 0.000 0.123 0 1 0 0 0 0
 5536 56508.000 172995.000 0 0 0.000 0.000 0.000 0.121 0 1 0 0 0 0
 5537 43257.000 163399.000 0 0 0.000 0.000 0.000 0.123 0 1 0 0 0 0
 5538 34887.000 154509.000 0 0 0.000 0.000 0.000 0.121 0 1 0 0 0 0
 5539 32198.000 151083.000 0 0 54.000 50.000 2700.000 51.961 0 1 338 200 0 0
 5540 21297.000 131658.000 0 0 0.000 0.000 0.000 0.123 0 1 0 0 0 0
 5541 16236.000 86951.000 0 0 52.000 30.000 1560.000 39.496 0 1 212 200 0 0
 5542 17808.000 79428.000 0 0 0.000 0.000 0.000 0.121 0 1 0 0 0 0
 5543 21097.000 69248.000 0 0 0.000 0.000 0.000 0.120 0 1 0 0 0 0
 5544 23147.000 64431.000 0 0 0.000 0.000 0.000 0.122 0 1 0 0 0 0
 5545 24646.000 61364.000 0 0 0.000 0.000 0.000 0.123 0 1 0 0 0 0
 5546 26577.000 57802.000 0 0 54.000 46.000 2484.000 49.839 0 1 149 200 0 0
 5547 26640.000 57678.000 0 0 54.000 46.000 2484.000 49.839 0 1 149 200 0 0
 5548 30075.000 52269.000 0 0 0.000 0.000 0.000 0.121 0 1 0 0 0 0
 5549 38203.000 42097.000 0 0 0.000 0.000 0.000 0.120 0 1 0 0 0 0
 5550 51810.000 30389.000 0 0 0.000 0.000 0.000 0.120 0 1 0 0 0 0
 5551 76357.000 18741.000 0 0 36.000 56.000 2016.000 44.899 0 1 27 200 0 0
 5552 81337.000 17442.000 0 0 34.000 54.000 1836.000 42.848 0 1 19 200 0 0
 5553 83343.000 17015.000 0 0 0.000 0.000 0.000 0.123 0 1 0 0 0 0
 5554 84619.000 16712.000 0 0 0.000 0.000 0.000 0.120 0 1 0 0 0 0
 5555 85961.000 16494.000 0 0 0.000 0.000 0.000 0.120 0 1 0 0 0 0
 5556 88982.000 16081.000 0 0 30.000 52.000 1560.000 39.496 0 1 21 200 0 0
 5557 91249.000 15810.000 0 0 28.000 52.000 1456.000 38.157 0 1 22 200 0 0
 5558 109012.000 15801.000 0 0 0.000 0.000 0.000 0.121 0 1 0 0 0 0
 5559 110283.000 15974.000 0 0 0.000 0.000 0.000 0.120 0 1 0 0 0 0
 5560 116931.000 17028.000 0 0 32.000 54.000 1728.000 41.569 0 1 20 200 0 0
 5561 125216.000 19114.000 0 0 38.000 54.000 2052.000 45.299 0 1 32 200 0 0
 5562 128996.000 20389.000 0 0 0.000 0.000 0.000 0.122 0 1 0 0 0 0
 5563 141645.000 26176.000 0 0 46.000 54.000 2484.000 49.839 0 1 63 200 0 0
 5564 145977.000 28787.000 0 0 48.000 56.000 2688.000 51.845 0 1 78 200 0 0
 5565 146161.000 28907.000 0 0 48.000 54.000 2592.000 50.911 0 1 78 200 0 0
 5566 158564.000 38618.000 0 0 0.000 0.000 0.000 0.121 0 1 0 0 0 0
 5567 159865.000 39896.000 0 0 0.000 0.000 0.000 0.120 0 1 0 0 0 0
 5568 170069.000 52054.000 0 0 0.000 0.000 0.000 0.120 0 1 0 0 0 0
 5569 184641.000 92168.000 0 0 0.000 0.000 0.000 0.124 0 1 0 0 0 0
 5570 185049.000 102497.000 0 0 0.000 0.000 0.000 0.120 0 1 0 0 0 0
 5571 184674.000 109804.000 0 0 0.000 0.000 0.000 0.126 0 1 0 0 0 0
 5572 178111.000 133876.000 0 0 0.000 0.000 0.000 0.121 0 1 0 0 0 0
 5573 172796.000 144230.000 0 0 0.000 0.000 0.000 0.120 0 1 0 0 0 0
 5574 171578.000 146104.000 0 0 0.000 0.000 0.000 0.120 0 1 0 0 0 0
 5575 166765.000 152953.000 0 0 0.000 0.000 0.000 0.120 0 1 0 0 0 0
 5576 122969.000 182088.000 0 0 0.000 0.000 0.000 0.120 0 1 0 0 0 0
 5577 119692.000 182937.000 0 0 0.000 0.000 0.000 0.120 0 1 0 0 0 0
 5578 119506.000 182997.000 0 0 0.000 0.000 0.000 0.122 0 1 0 0 0 0
 5579 112053.000 184381.000 0 0 0.000 0.000 0.000 0.120 0 1 0 0 0 0
 5580 108535.000 184853.000 0 0 0.000 0.000 0.000 0.120 0 1 0 0 0 0
 5581 94746.000 185093.000 0 0 26.000 50.000 1300.000 36.055 0 1 501 200 0 0
 5582 92764.000 184919.000 0 0 0.000 0.000 0.000 0.120 0 1 0 0 0 0
 5583 89615.000 184559.000 0 0 0.000 0.000 0.000 0.121 0 1 0 0 0 0
 5584 88542.000 184435.000 0 0 0.000 0.000 0.000 0.120 0 1 0 0 0 0
 5585 87494.000 184282.000 0 0 0.000 0.000 0.000 0.123 0 1 0 0 0 0
 5586 62877.000 176640.000 0 0 0.000 0.000 0.000 0.120 0 1 0 0 0 0
 5587 62599.000 176561.000 0 0 0.000 0.000 0.000 0.120 0 1 0 0 0 0
 5588 56220.000 173111.000 0 0 0.000 0.000 0.000 0.120 0 1 0 0 0 0
 5589 51484.000 169972.000 0 0 0.000 0.000 0.000 0.120 0 1 0 0 0 0
 5590 48262.000 167646.000 0 0 50.000 54.000 2700.000 51.961 0 1 409 200 0 0
 5591 38558.000 158917.000 0 0 54.000 52.000 2808.000 52.990 0 1 365 200 0 0
 5592 36937.000 157173.000 0 0 54.000 50.000 2700.000 51.961 0 1 365 200 0 0
 5593 35593.000 155619.000 0 0 0.000 0.000 0.000 0.121 0 1 0 0 0 0
 5594 30105.000 148501.000 0 0 54.000 48.000 2592.000 50.911 0 1 335 200 0 0
 5595 29887.000 148196.000 0 0 54.000 48.000 2592.000 50.911 0 1 335 200 0 0
 5596 28490.000 146125.000 0 0 0.000 0.000 0.000 0.121 0 1 0 0 0 0
 5597 25088.000 140257.000 0 0 56.000 44.000 2464.000 49.638 0 1 318 200 0 0
 5598 24128.000 138414.000 0 0 0.000 0.000 0.000 0.123 0 1 0 0 0 0
 5599 17952.000 122238.000 0 0 0.000 0.000 0.000 0.123 0 1 0 0 0 0
 5600 17281.000 119536.000 0 0 0.000 0.000 0.000 0.122 0 1 0 0 0 0
 5601 15090.000 97341.000 0 0 0.000 0.000 0.000 0.121 0 1 0 0 0 0
 5602 16016.000 87502.000 0 0 52.000 30.000 1560.000 39.496 0 1 212 200 0 0
 5603 22285.000 65919.000 0 0 0.000 0.000 0.000 0.122 0 1 0 0 0 0
 5604 28496.000 54339.000 0 0 0.000 0.000 0.000 0.120 0 1 0 0 0 0
 5605 54901.000 28142.000 0 0 0.000 0.000 0.000 0.121 0 1 0 0 0 0
 5606 65581.000 22452.000 0 0 0.000 0.000 0.000 0.120 0 1 0 0 0 0
 5607 76418.000 18499.000 0 0 36.000 56.000 2016.000 44.899 0 1 27 200 0 0
 5608 89773.000 15803.000 0 0 30.000 52.000 1560.000 39.496 0 1 21 200 0 0
 5609 94833.000 15327.000 0 0 0.000 0.000 0.000 0.120 0 1 0 0 0 0
 5610 111529.000 15897.000 0 0 0.000 0.000 0.000 0.121 0 1 0 0 0 0
 5611 158690.000 38301.000 0 0 0.000 0.000 0.000 0.124 0 1 0 0 0 0
 5612 161018.000 40825.000 0 0 0.000 0.000 0.000 0.120 0 1 0 0 0 0
 5613 168188.000 49145.000 0 0 0.000 0.000 0.000 0.122 0 1 0 0 0 0
 5614 170957.000 53117.000 0 0 0.000 0.000 0.000 0.122 0 1 0 0 0 0
 5615 184917.000 107344.000 0 0 0.000 0.000 0.000 0.120 0 1 0 0 0 0
 5616 184387.000 112116.000 0 0 0.000 0.000 0.000 0.120 0 1 0 0 0 0
 5617 181030.000 126713.000 0 0 0.000 0.000 0.000 0.121 0 1 0 0 0 0
 5618 179320.000 131449.000 0 0 56.000 42.000 2352.000 48.497 0 1 291 200 0 0
 5619 166962.000 152963.000 0 0 0.000 0.000 0.000 0.120 0 1 0 0 0 0
 5620 156039.000 164403.000 0 0 0.000 0.000 0.000 0.120 0 1 0 0 0 0
 5621 122575.000 182392.000 0 0 0.000 0.000 0.000 0.120 0 1 0 0 0 0
 5622 117549.000 183594.000 0 0 0.000 0.000 0.000 0.122 0 1 0 0 0 0
 5623 117118.000 183827.000 0 0 0.000 0.000 0.000 0.124 0 1 0 0 0 0
 5624 114855.000 184118.000 0 0 32.000 54.000 1728.000 41.569 0 1 494 200 0 0
 5625 101102.000 185407.000 0 0 0.000 0.000 0.000 0.121 0 1 0 0 0 0
 5626 85510.000 184162.000 0 0 32.000 54.000 1728.000 41.569 0 1 495 200 0 0
 5627 70345.000 180065.000 0 0 0.000 0.000 0.000 0.120 0 1 0 0 0 0
 5628 66174.000 178346.000 0 0 42.000 54.000 2268.000 47.623 0 1 452 200 0 0
 5629 56539.000 173435.000 0 0 0.000 0.000 0.000 0.120 0 1 0 0 0 0
 5630 47565.000 167420.000 0 0 50.000 54.000 2700.000 51.961 0 1 409 200 0 0
 5631 37572.000 158079.000 0 0 54.000 52.000 2808.000 52.990 0 1 365 200 0 0
 5632 36469.000 156880.000 0 0 54.000 50.000 2700.000 51.961 0 1 365 200 0 0
 5633 25202.000 140849.000 0 0 54.000 44.000 2376.000 48.744 0 1 318 200 0 0
 5634 21255.000 132536.000 0 0 0.000 0.000 0.000 0.120 0 1 0 0 0 0
 5635 18047.000 123572.000 0 0 0.000 0.000 0.000 0.121 0 1 0 0 0 0
 5636 17870.000 123107.000 0 0 0.000 0.000 0.000 0.127 0 1 0 0 0 0
 5637 14904.000 99663.000 0 0 0.000 0.000 0.000 0.120 0 1 0 0 0 0
 5638 15626.000 89153.000 0 0 0.000 0.000 0.000 0.120 0 1 0 0 0 0
 5639 18241.000 76563.000 0 0 0.000 0.000 0.000 0.120 0 1 0 0 0 0
 5640 19336.000 72993.000 0 0 0.000 0.000 0.000 0.120 0 1 0 0 0 0
 5641 21561.000 67135.000 0 0 0.000 0.000 0.000 0.121 0 1 0 0 0 0
 5642 23512.000 62866.000 0 0 0.000 0.000 0.000 0.121 0 1 0 0 0 0
 5643 43898.000 36151.000 0 0 0.000 0.000 0.000 0.121 0 1 0 0 0 0
 5644 45804.000 34559.000 0 0 0.000 0.000 0.000 0.120 0 1 0 0 0 0
 5645 45955.000 34452.000 0 0 0.000 0.000 0.000 0.121 0 1 0 0 0 0
 5646 52726.000 29366.000 0 0 0.000 0.000 0.000 0.121 0 1 0 0 0 0
 5647 62806.000 23563.000 0 0 0.000 0.000 0.000 0.120 0 1 0 0 0 0
 5648 66574.000 21849.000 0 0 42.000 54.000 2268.000 47.623 0 1 44 200 0 0
 5649 66929.000 21721.000 0 0 42.000 56.000 2352.000 48.497 0 1 44 200 0 0
 5650 72557.000 19569.000 0 0 40.000 54.000 2160.000 46.475 0 1 33 200 0 0
 5651 73570.000 19211.000 0 0 38.000 54.000 2052.000 45.299 0 1 33 200 0 0
 5652 77562.000 18029.000 0 0 0.000 0.000 0.000 0.121 0 1 0 0 0 0
 5653 79962.000 17403.000 0 0 0.000 0.000 0.000 0.121 0 1 0 0 0 0
 5654 84275.000 16408.000 0 0 0.000 0.000 0.000 0.122 0 1 0 0 0 0
 5655 95480.000 15119.000 0 0 0.000 0.000 0.000 0.120 0 1 0 0 0 0
 5656 103536.000 15014.000 0 0 26.000 50.000 1300.000 36.055 0 1 17 200 0 0
 5657 110478.000 15616.000 0 0 0.000 0.000 0.000 0.120 0 1 0 0 0 0
 5658 113412.000 16032.000 0 0 0.000 0.000 0.000 0.121 0 1 0 0 0 0
 5659 117176.000 16723.000 0 0 34.000 54.000 1836.000 42.848 0 1 20 200 0 0
 5660 118887.000 17088.000 0 0 34.000 54.000 1836.000 42.848 0 1 29 200 0 0
 5661 119137.000 17001.000 0 0 34.000 54.000 1836.000 42.848 0 1 29 200 0 0
 5662 123597.000 18297.000 0 0 0.000 0.000 0.000 0.120 0 1 0 0 0 0
 5663 124602.000 18514.000 0 0 38.000 54.000 2052.000 45.299 0 1 32 200 0 0
 5664 125161.000 18725.000 0 0 38.000 54.000 2052.000 45.299 0 1 32 200 0 0
 5665 145390.000 27985.000 0 0 48.000 56.000 2688.000 51.845 0 1 64 200 0 0
 5666 146780.000 28897.000 0 0 48.000 54.000 2592.000 50.911 0 1 78 200 0 0
 5667 152423.000 32913.000 0 0 50.000 54.000 2700.000 51.961 0 1 92 200 0 0
 5668 152783.000 33169.000 0 0 50.000 54.000 2700.000 51.961 0 1 92 200 0 0
 5669 164698.000 44568.000 0 0 0.000 0.000 0.000 0.121 0 1 0 0 0 0
 5670 184601.000 88492.000 0 0 0.000 0.000 0.000 0.120 0 1 0 0 0 0
 5671 185052.000 92589.000 0 0 0.000 0.000 0.000 0.121 0 1 0 0 0 0
 5672 182566.000 122072.000 0 0 56.000 36.000 2016.000 44.899 0 1 284 200 0 0
 5673 182381.000 122848.000 0 0 56.000 36.000 2016.000 44.899 0 1 284 200 0 0
 5674 178183.000 134578.000 0 0 0.000 0.000 0.000 0.121 0 1 0 0 0 0
 5675 171354.000 147137.000 0 0 0.000 0.000 0.000 0.120 0 1 0 0 0 0
 5676 170109.000 148995.000 0 0 0.000 0.000 0.000 0.122 0 1 0 0 0 0
 5677 104522.000 185489.000 0 0 26.000 50.000 1300.000 36.055 0 1 499 200 0 0
 5678 97116.000 185518.000 0 0 24.000 50.000 1200.000 34.641 0 1 496 200 0 0
 5679 96859.000 185509.000 0 0 24.000 50.000 1200.000 34.641 0 1 496 200 0 0
 5680 80514.000 183316.000 0 0 0.000 0.000 0.000 0.121 0 1 0 0 0 0
 5681 76374.000 182219.000 0 0 36.000 56.000 2016.000 44.899 0 1 487 200 0 0
 5682 58466.000 174742.000 0 0 0.000 0.000 0.000 0.121 0 1 0 0 0 0
 5683 53768.000 171894.000 0 0 0.000 0.000 0.000 0.120 0 1 0 0 0 0
 5684 49476.000 168891.000 0 0 48.000 56.000 2688.000 51.845 0 1 409 200 0 0
 5685 26655.000 143762.000 0 0 0.000 0.000 0.000 0.121 0 1 0 0 0 0
 5686 21766.000 134161.000 0 0 54.000 42.000 2268.000 47.623 0 1 303 200 0 0
 5687 15867.000 113892.000 0 0 52.000 32.000 1664.000 40.792 0 1 269 200 0 0
 5688 15134.000 91911.000 0 0 0.000 0.000 0.000 0.125 0 1 0 0 0 0
 5689 15260.000 90888.000 0 0 0.000 0.000 0.000 0.121 0 1 0 0 0 0
 5690 15450.000 89278.000 0 0 0.000 0.000 0.000 0.120 0 1 0 0 0 0
 5691 16054.000 85315.000 0 0 0.000 0.000 0.000 0.120 0 1 0 0 0 0
 5692 16404.000 83502.000 0 0 0.000 0.000 0.000 0.120 0 1 0 0 0 0
 5693 16426.000 83340.000 0 0 0.000 0.000 0.000 0.120 0 1 0 0 0 0
 5694 20414.000 69578.000 0 0 0.000 0.000 0.000 0.120 0 1 0 0 0 0
 5695 25400.000 58945.000 0 0 0.000 0.000 0.000 0.120 0 1 0 0 0 0
 5696 26639.000 56693.000 0 0 0.000 0.000 0.000 0.121 0 1 0 0 0 0
 5697 33941.000 46259.000 0 0 0.000 0.000 0.000 0.120 0 1 0 0 0 0
 5698 34396.000 45668.000 0 0 0.000 0.000 0.000 0.120 0 1 0 0 0 0
 5699 43535.000 36272.000 0 0 0.000 0.000 0.000 0.120 0 1 0 0 0 0
 5700 68678.000 20825.000 0 0 0.000 0.000 0.000 0.122 0 1 0 0 0 0
 5701 70823.000 19991.000 0 0 0.000 0.000 0.000 0.122 0 1 0 0 0 0
 5702 73193.000 19168.000 0 0 38.000 54.000 2052.000 45.299 0 1 33 200 0 0
 5703 86385.000 15928.000 0 0 0.000 0.000 0.000 0.120 0 1 0 0 0 0
 5704 88005.000 15690.000 0 0 0.000 0.000 0.000 0.121 0 1 0 0 0 0
 5705 93981.000 15061.000 0 0 26.000 50.000 1300.000 36.055 0 1 14 200 0 0
 5706 104994.000 14799.000 0 0 0.000 0.000 0.000 0.125 0 1 0 0 0 0
 5707 108357.000 15210.000 0 0 0.000 0.000 0.000 0.120 0 1 0 0 0 0
 5708 116388.000 16342.000 0 0 32.000 54.000 1728.000 41.569 0 1 20 200 0 0
 5709 117156.000 16514.000 0 0 34.000 54.000 1836.000 42.848 0 1 20 200 0 0
 5710 122725.000 17858.000 0 0 0.000 0.000 0.000 0.120 0 1 0 0 0 0
 5711 126906.000 19112.000 0 0 0.000 0.000 0.000 0.124 0 1 0 0 0 0
 5712 131573.000 20813.000 0 0 42.000 56.000 2352.000 48.497 0 1 41 200 0 0
 5713 140645.000 25018.000 0 0 0.000 0.000 0.000 0.121 0 1 0 0 0 0
 5714 143143.000 26468.000 0 0 0.000 0.000 0.000 0.120 0 1 0 0 0 0
 5715 145760.000 27988.000 0 0 48.000 56.000 2688.000 51.845 0 1 64 200 0 0
 5716 146599.000 28568.000 0 0 48.000 54.000 2592.000 50.911 0 1 78 200 0 0
 5717 152742.000 32943.000 0 0 50.000 54.000 2700.000 51.961 0 1 92 200 0 0
 5718 154786.000 34551.000 0 0 52.000 54.000 2808.000 52.990 0 1 95 210 0 0
 5719 155876.000 35527.000 0 0 0.000 0.000 0.000 0.120 0 1 0 0 0 0
 5720 162290.000 41650.000 0 0 0.000 0.000 0.000 0.120 0 1 0 0 0 0
 5721 184058.000 84282.000 0 0 54.000 32.000 1728.000 41.569 0 1 205 200 0 0
 5722 185107.000 91075.000 0 0 52.000 28.000 1456.000 38.157 0 1 215 200 0 0
 5723 180211.000 130075.000 0 0 0.000 0.000 0.000 0.121 0 1 0 0 0 0
 5724 178882.000 133456.000 0 0 56.000 42.000 2352.000 48.497 0 1 291 200 0 0
 5725 166758.000 153768.000 0 0 0.000 0.000 0.000 0.123 0 1 0 0 0 0
 5726 165389.000 155674.000 0 0 0.000 0.000 0.000 0.127 0 1 0 0 0 0
 5727 159390.000 161825.000 0 0 0.000 0.000 0.000 0.120 0 1 0 0 0 0
 5728 90071.000 185178.000 0 0 0.000 0.000 0.000 0.120 0 1 0 0 0 0
 5729 83644.000 184150.000 0 0 32.000 54.000 1728.000 41.569 0 1 495 200 0 0
 5730 38890.000 160005.000 0 0 0.000 0.000 0.000 0.120 0 1 0 0 0 0
 5731 34419.000 155059.000 0 0 0.000 0.000 0.000 0.121 0 1 0 0 0 0
 5732 33589.000 153974.000 0 0 0.000 0.000 0.000 0.123 0 1 0 0 0 0
 5733 32058.000 152059.000 0 0 0.000 0.000 0.000 0.121 0 1 0 0 0 0
 5734 30839.000 150416.000 0 0 0.000 0.000 0.000 0.120 0 1 0 0 0 0
 5735 30642.000 150143.000 0 0 0.000 0.000 0.000 0.120 0 1 0 0 0 0
 5736 22701.000 136676.000 0 0 0.000 0.000 0.000 0.121 0 1 0 0 0 0
 5737 22639.000 136533.000 0 0 0.000 0.000 0.000 0.123 0 1 0 0 0 0
 5738 22384.000 135950.000 0 0 0.000 0.000 0.000 0.120 0 1 0 0 0 0
 5739 16595.000 118681.000 0 0 0.000 0.000 0.000 0.120 0 1 0 0 0 0
 5740 15313.000 111507.000 0 0 0.000 0.000 0.000 0.121 0 1 0 0 0 0
 5741 20017.000 70124.000 0 0 0.000 0.000 0.000 0.120 0 1 0 0 0 0
 5742 30714.000 50221.000 0 0 0.000 0.000 0.000 0.123 0 1 0 0 0 0
 5743 48913.000 31646.000 0 0 0.000 0.000 0.000 0.120 0 1 0 0 0 0
 5744 71856.000 19446.000 0 0 40.000 54.000 2160.000 46.475 0 1 33 200 0 0
 5745 78803.000 17360.000 0 0 0.000 0.000 0.000 0.120 0 1 0 0 0 0
 5746 81611.000 16683.000 0 0 34.000 54.000 1836.000 42.848 0 1 19 200 0 0
 5747 100927.000 14631.000 0 0 24.000 51.000 1224.000 34.985 0 1 17 200 0 0
 5748 102954.000 14663.000 0 0 24.000 50.000 1200.000 34.641 0 1 17 200 0 0
 5749 104614.000 14767.000 0 0 0.000 0.000 0.000 0.120 0 1 0 0 0 0
 5750 106909.000 14887.000 0 0 0.000 0.000 0.000 0.121 0 1 0 0 0 0
 5751 116052.000 16134.000 0 0 32.000 54.000 1728.000 41.569 0 1 20 200 0 0
 5752 133360.000 21402.000 0 0 42.000 56.000 2352.000 48.497 0 1 41 200 0 0
 5753 147326.000 28813.000 0 0 46.000 54.000 2484.000 49.839 0 1 78 200 0 0
 5754 152918.000 32897.000 0 0 50.000 54.000 2700.000 51.961 0 1 92 200 0 0
 5755 153824.000 33551.000 0 0 50.000 54.000 2700.000 51.961 0 1 95 210 0 0
 5756 154807.000 34385.000 0 0 52.000 54.000 2808.000 52.990 0 1 95 210 0 0
 5757 183154.000 79472.000 0 0 0.000 0.000 0.000 0.120 0 1 0 0 0 0
 5758 184592.000 86176.000 0 0 0.000 0.000 0.000 0.120 0 1 0 0 0 0
 5759 185213.000 90844.000 0 0 52.000 28.000 1456.000 38.157 0 1 215 200 0 0
 5760 185671.000 104568.000 0 0 0.000 0.000 0.000 0.120 0 1 0 0 0 0
 5761 182733.000 122757.000 0 0 56.000 36.000 2016.000 44.899 0 1 284 200 0 0
 5762 181892.000 125690.000 0 0 0.000 0.000 0.000 0.121 0 1 0 0 0 0
 5763 167319.000 153343.000 0 0 0.000 0.000 0.000 0.122 0 1 0 0 0 0
 5764 165469.000 155565.000 0 0 0.000 0.000 0.000 0.120 0 1 0 0 0 0
 5765 161982.000 159429.000 0 0 0.000 0.000 0.000 0.120 0 1 0 0 0 0
 5766 146609.000 172198.000 0 0 48.000 55.000 2640.000 51.380 0 1 432 200 0 0
 5767 109019.000 185486.000 0 0 0.000 0.000 0.000 0.121 0 1 0 0 0 0
 5768 100246.000 185924.000 0 0 0.000 0.000 0.000 0.121 0 1 0 0 0 0
 5769 94938.000 185758.000 0 0 26.000 50.000 1300.000 36.055 0 1 501 200 0 0
 5770 94570.000 185720.000 0 0 26.000 50.000 1300.000 36.055 0 1 501 200 0 0
 5771 90900.000 185402.000 0 0 0.000 0.000 0.000 0.121 0 1 0 0 0 0
 5772 84839.000 184523.000 0 0 32.000 54.000 1728.000 41.569 0 1 495 200 0 0
 5773 84049.000 184437.000 0 0 32.000 54.000 1728.000 41.569 0 1 495 200 0 0
 5774 77555.000 182924.000 0 0 36.000 56.000 2016.000 44.899 0 1 491 200 0 0
 5775 77365.000 182901.000 0 0 36.000 56.000 2016.000 44.899 0 1 491 200 0 0
 5776 76024.000 182450.000 0 0 36.000 56.000 2016.000 44.899 0 1 487 200 0 0
 5777 70803.000 180763.000 0 0 0.000 0.000 0.000 0.121 0 1 0 0 0 0
 5778 63746.000 177801.000 0 0 0.000 0.000 0.000 0.120 0 1 0 0 0 0
 5779 59169.000 175609.000 0 0 0.000 0.000 0.000 0.120 0 1 0 0 0 0
 5780 58326.000 175044.000 0 0 0.000 0.000 0.000 0.120 0 1 0 0 0 0
 5781 54806.000 172951.000 0 0 0.000 0.000 0.000 0.122 0 1 0 0 0 0
 5782 51681.000 170938.000 0 0 0.000 0.000 0.000 0.120 0 1 0 0 0 0
 5783 44540.000 165454.000 0 0 0.000 0.000 0.000 0.120 0 1 0 0 0 0
 5784 39849.000 161186.000 0 0 0.000 0.000 0.000 0.121 0 1 0 0 0 0
 5785 39114.000 160417.000 0 0 0.000 0.000 0.000 0.122 0 1 0 0 0 0
 5786 36164.000 157315.000 0 0 54.000 50.000 2700.000 51.961 0 1 365 200 0 0
 5787 32768.000 153249.000 0 0 0.000 0.000 0.000 0.122 0 1 0 0 0 0
 5788 29053.000 148154.000 0 0 54.000 48.000 2592.000 50.911 0 1 335 200 0 0
 5789 28522.000 147304.000 0 0 54.000 48.000 2592.000 50.911 0 1 335 200 0 0
 5790 27375.000 145594.000 0 0 0.000 0.000 0.000 0.120 0 1 0 0 0 0
 5791 16875.000 120719.000 0 0 0.000 0.000 0.000 0.120 0 1 0 0 0 0
 5792 15984.000 116636.000 0 0 54.000 32.000 1728.000 41.569 0 1 269 200 0 0
 5793 15030.000 110919.000 0 0 0.000 0.000 0.000 0.122 0 1 0 0 0 0
 5794 14960.000 110207.000 0 0 0.000 0.000 0.000 0.121 0 1 0 0 0 0
 5795 14550.000 105343.000 0 0 0.000 0.000 0.000 0.120 0 1 0 0 0 0
 5796 14373.000 100535.000 0 0 0.000 0.000 0.000 0.121 0 1 0 0 0 0
 5797 14237.000 100153.000 0 0 0.000 0.000 0.000 0.125 0 1 0 0 0 0
 5798 14726.000 92272.000 0 0 0.000 0.000 0.000 0.121 0 1 0 0 0 0
 5799 19168.000 72040.000 0 0 0.000 0.000 0.000 0.120 0 1 0 0 0 0
 5800 23208.000 62356.000 0 0 0.000 0.000 0.000 0.120 0 1 0 0 0 0
 5801 34217.000 45376.000 0 0 0.000 0.000 0.000 0.120 0 1 0 0 0 0
 5802 34409.000 44935.000 0 0 0.000 0.000 0.000 0.123 0 1 0 0 0 0
 5803 39700.000 39400.000 0 0 0.000 0.000 0.000 0.124 0 1 0 0 0 0
 5804 75179.000 18170.000 0 0 0.000 0.000 0.000 0.120 0 1 0 0 0 0
 5805 76414.000 17851.000 0 0 36.000 56.000 2016.000 44.899 0 1 27 200 0 0
 5806 85547.000 15719.000 0 0 0.000 0.000 0.000 0.122 0 1 0 0 0 0
 5807 99700.000 14451.000 0 0 0.000 0.000 0.000 0.124 0 1 0 0 0 0
 5808 102663.000 14506.000 0 0 24.000 50.000 1200.000 34.641 0 1 17 200 0 0
 5809 111018.000 15160.000 0 0 0.000 0.000 0.000 0.122 0 1 0 0 0 0
 5810 135132.000 21930.000 0 0 0.000 0.000 0.000 0.121 0 1 0 0 0 0
 5811 144666.000 26934.000 0 0 0.000 0.000 0.000 0.121 0 1 0 0 0 0
 5812 145537.000 27431.000 0 0 48.000 56.000 2688.000 51.845 0 1 64 200 0 0
 5813 154352.000 33801.000 0 0 50.000 54.000 2700.000 51.961 0 1 95 210 0 0
 5814 154420.000 33834.000 0 0 50.000 54.000 2700.000 51.961 0 1 95 210 0 0
 5815 185727.000 94622.000 0 0 50.000 26.000 1300.000 36.055 0 1 225 200 0 0
 5816 185754.000 95441.000 0 0 50.000 26.000 1300.000 36.055 0 1 225 200 0 0
 5817 185802.000 95669.000 0 0 50.000 26.000 1300.000 36.055 0 1 225 200 0 0
 5818 185907.000 99920.000 0 0 0.000 0.000 0.000 0.120 0 1 0 0 0 0
 5819 185662.000 106686.000 0 0 50.000 26.000 1300.000 36.055 0 1 256 200 0 0
 5820 185208.000 111147.000 0 0 0.000 0.000 0.000 0.120 0 1 0 0 0 0
 5821 184786.000 114161.000 0 0 52.000 32.000 1664.000 40.792 0 1 271 200 0 0
 5822 180145.000 131557.000 0 0 56.000 42.000 2352.000 48.497 0 1 291 200 0 0
 5823 179353.000 133124.000 0 0 56.000 42.000 2352.000 48.497 0 1 291 200 0 0
 5824 179087.000 133784.000 0 0 54.000 42.000 2268.000 47.623 0 1 291 200 0 0
 5825 176322.000 139702.000 0 0 56.000 44.000 2464.000 49.638 0 1 317 200 0 0
 5826 168564.000 152004.000 0 0 54.000 50.000 2700.000 51.961 0 1 343 200 0 0
 5827 155052.000 166175.000 0 0 0.000 0.000 0.000 0.121 0 1 0 0 0 0
 5828 147297.000 171913.000 0 0 48.000 54.000 2592.000 50.911 0 1 432 200 0 0
 5829 146259.000 172597.000 0 0 48.000 56.000 2688.000 51.845 0 1 432 200 0 0
 5830 105387.000 185924.000 0 0 0.000 0.000 0.000 0.125 0 1 0 0 0 0
 5831 105082.000 185927.000 0 0 0.000 0.000 0.000 0.120 0 1 0 0 0 0
 5832 88817.000 185304.000 0 0 0.000 0.000 0.000 0.120 0 1 0 0 0 0
 5833 54831.000 173160.000 0 0 0.000 0.000 0.000 0.120 0 1 0 0 0 0
 5834 45108.000 166146.000 0 0 0.000 0.000 0.000 0.120 0 1 0 0 0 0
 5835 37767.000 159278.000 0 0 0.000 0.000 0.000 0.120 0 1 0 0 0 0
 5836 35221.000 156726.000 0 0 0.000 0.000 0.000 0.126 0 1 0 0 0 0
 5837 31394.000 151741.000 0 0 0.000 0.000 0.000 0.121 0 1 0 0 0 0
 5838 30623.000 150719.000 0 0 0.000 0.000 0.000 0.120 0 1 0 0 0 0
 5839 23840.000 139710.000 0 0 0.000 0.000 0.000 0.124 0 1 0 0 0 0
 5840 20125.000 131885.000 0 0 56.000 42.000 2352.000 48.497 0 1 300 200 0 0
 5841 20102.000 131425.000 0 0 56.000 42.000 2352.000 48.497 0 1 300 200 0 0
 5842 18487.000 127345.000 0 0 0.000 0.000 0.000 0.122 0 1 0 0 0 0
 5843 17203.000 122695.000 0 0 0.000 0.000 0.000 0.120 0 1 0 0 0 0
 5844 15584.000 116255.000 0 0 54.000 32.000 1728.000 41.569 0 1 269 200 0 0
 5845 15628.000 115553.000 0 0 54.000 32.000 1728.000 41.569 0 1 269 200 0 0
 5846 15178.000 113119.000 0 0 52.000 30.000 1560.000 39.496 0 1 269 200 0 0
 5847 14279.000 103623.000 0 0 0.000 0.000 0.000 0.122 0 1 0 0 0 0
 5848 14351.000 96026.000 0 0 0.000 0.000 0.000 0.120 0 1 0 0 0 0
 5849 20036.000 69133.000 0 0 0.000 0.000 0.000 0.121 0 1 0 0 0 0
 5850 37338.000 41597.000 0 0 0.000 0.000 0.000 0.120 0 1 0 0 0 0
 5851 58814.000 24874.000 0 0 0.000 0.000 0.000 0.123 0 1 0 0 0 0
 5852 60004.000 24261.000 0 0 0.000 0.000 0.000 0.120 0 1 0 0 0 0
 5853 60877.000 23815.000 0 0 0.000 0.000 0.000 0.120 0 1 0 0 0 0
 5854 64297.000 22136.000 0 0 0.000 0.000 0.000 0.121 0 1 0 0 0 0
 5855 77323.000 17375.000 0 0 0.000 0.000 0.000 0.121 0 1 0 0 0 0
 5856 80537.000 16560.000 0 0 34.000 54.000 1836.000 42.848 0 1 19 200 0 0
 5857 90296.000 14864.000 0 0 0.000 0.000 0.000 0.123 0 1 0 0 0 0
 5858 93694.000 14569.000 0 0 26.000 50.000 1300.000 36.055 0 1 14 200 0 0
 5859 94257.000 14474.000 0 0 26.000 50.000 1300.000 36.055 0 1 14 200 0 0
 5860 98514.000 14322.000 0 0 0.000 0.000 0.000 0.120 0 1 0 0 0 0
 5861 101676.000 14280.000 0 0 24.000 50.000 1200.000 34.641 0 1 17 200 0 0
 5862 128538.000 19151.000 0 0 0.000 0.000 0.000 0.120 0 1 0 0 0 0
 5863 132283.000 20543.000 0 0 42.000 56.000 2352.000 48.497 0 1 41 200 0 0
 5864 139779.000 24004.000 0 0 0.000 0.000 0.000 0.121 0 1 0 0 0 0
 5865 147690.000 28711.000 0 0 46.000 54.000 2484.000 49.839 0 1 78 200 0 0
 5866 148489.000 29198.000 0 0 0.000 0.000 0.000 0.120 0 1 0 0 0 0
 5867 148520.000 29226.000 0 0 0.000 0.000 0.000 0.121 0 1 0 0 0 0
 5868 159061.000 37687.000 0 0 0.000 0.000 0.000 0.122 0 1 0 0 0 0
 5869 169013.000 49137.000 0 0 0.000 0.000 0.000 200000.000 0 1 0 200 0 0
 5870 185962.000 104232.000 0 0 0.000 0.000 0.000 0.120 0 1 0 0 0 0
 5871 185140.000 112967.000 0 0 0.000 0.000 0.000 0.120 0 1 0 0 0 0
 5872 184999.000 113892.000 0 0 52.000 32.000 1664.000 40.792 0 1 271 200 0 0
 5873 183018.000 123010.000 0 0 56.000 36.000 2016.000 44.899 0 1 284 200 0 0
 5874 181689.000 127302.000 0 0 54.000 38.000 2052.000 45.299 0 1 291 200 0 0
 5875 181453.000 128060.000 0 0 54.000 40.000 2160.000 46.475 0 1 291 200 0 0
 5876 179712.000 132724.000 0 0 56.000 42.000 2352.000 48.497 0 1 291 200 0 0
 5877 179002.000 134497.000 0 0 54.000 42.000 2268.000 47.623 0 1 291 200 0 0
 5878 177626.000 137385.000 0 0 56.000 42.000 2352.000 48.497 0 1 312 200 0 0
 5879 177261.000 138436.000 0 0 56.000 44.000 2464.000 49.638 0 1 312 200 0 0
 5880 175510.000 141528.000 0 0 54.000 46.000 2484.000 49.839 0 1 317 200 0 0
 5881 175444.000 141977.000 0 0 54.000 46.000 2484.000 49.839 0 1 317 200 0 0
 5882 163012.000 158879.000 0 0 54.000 52.000 2808.000 52.990 0 1 371 200 0 0
 5883 113649.000 185156.000 0 0 0.000 0.000 0.000 0.120 0 1 0 0 0 0
 5884 108189.000 185874.000 0 0 0.000 0.000 0.000 0.122 0 1 0 0 0 0
 5885 106823.000 185976.000 0 0 0.000 0.000 0.000 0.120 0 1 0 0 0 0
 5886 83898.000 184700.000 0 0 32.000 54.000 1728.000 41.569 0 1 495 200 0 0
 5887 78815.000 183632.000 0 0 0.000 0.000 0.000 0.120 0 1 0 0 0 0
 5888 75397.000 182626.000 0 0 38.000 54.000 2052.000 45.299 0 1 487 200 0 0
 5889 55720.000 174006.000 0 0 0.000 0.000 0.000 0.121 0 1 0 0 0 0
 5890 39711.000 161520.000 0 0 0.000 0.000 0.000 0.120 0 1 0 0 0 0
 5891 36670.000 158341.000 0 0 0.000 0.000 0.000 0.120 0 1 0 0 0 0
 5892 31282.000 151940.000 0 0 0.000 0.000 0.000 0.120 0 1 0 0 0 0
 5893 30553.000 150893.000 0 0 0.000 0.000 0.000 0.124 0 1 0 0 0 0
 5894 27774.000 146911.000 0 0 54.000 48.000 2592.000 50.911 0 1 335 200 0 0
 5895 24721.000 141711.000 0 0 0.000 0.000 0.000 0.120 0 1 0 0 0 0
 5896 21061.000 134215.000 0 0 54.000 42.000 2268.000 47.623 0 1 303 200 0 0
 5897 17872.000 125538.000 0 0 0.000 0.000 0.000 0.123 0 1 0 0 0 0
 5898 15610.000 116499.000 0 0 54.000 32.000 1728.000 41.569 0 1 269 200 0 0
 5899 15596.000 116489.000 0 0 54.000 32.000 1728.000 41.569 0 1 269 200 0 0
 5900 15386.000 115307.000 0 0 54.000 32.000 1728.000 41.569 0 1 269 200 0 0
 5901 15134.000 113785.000 0 0 52.000 32.000 1664.000 40.792 0 1 269 200 0 0
 5902 14042.000 100883.000 0 0 0.000 0.000 0.000 0.120 0 1 0 0 0 0
 5903 26324.000 55940.000 0 0 0.000 0.000 0.000 0.120 0 1 0 0 0 0
 5904 31499.000 48254.000 0 0 0.000 0.000 0.000 0.120 0 1 0 0 0 0
 5905 32355.000 47133.000 0 0 0.000 0.000 0.000 0.122 0 1 0 0 0 0
 5906 45541.000 33665.000 0 0 0.000 0.000 0.000 0.120 0 1 0 0 0 0
 5907 57692.000 25275.000 0 0 0.000 0.000 0.000 0.122 0 1 0 0 0 0
 5908 63449.000 22349.000 0 0 0.000 0.000 0.000 0.121 0 1 0 0 0 0
 5909 66193.000 21094.000 0 0 42.000 54.000 2268.000 47.623 0 1 44 200 0 0
 5910 67698.000 20479.000 0 0 0.000 0.000 0.000 0.123 0 1 0 0 0 0
 5911 72260.000 18764.000 0 0 40.000 54.000 2160.000 46.475 0 1 33 200 0 0
 5912 72758.000 18546.000 0 0 38.000 54.000 2052.000 45.299 0 1 33 200 0 0
 5913 80814.000 16332.000 0 0 34.000 54.000 1836.000 42.848 0 1 19 200 0 0
 5914 89329.000 14801.000 0 0 0.000 0.000 0.000 0.126 0 1 0 0 0 0
 5915 95664.000 14244.000 0 0 0.000 0.000 0.000 0.120 0 1 0 0 0 0
 5916 102570.000 14042.000 0 0 24.000 50.000 1200.000 34.641 0 1 17 200 0 0
 5917 103008.000 14176.000 0 0 24.000 50.000 1200.000 34.641 0 1 17 200 0 0
 5918 116519.000 15713.000 0 0 32.000 54.000 1728.000 41.569 0 1 20 200 0 0
 5919 133116.000 20685.000 0 0 42.000 56.000 2352.000 48.497 0 1 41 200 0 0
 5920 135402.000 21681.000 0 0 0.000 0.000 0.000 0.120 0 1 0 0 0 0
 5921 137045.000 22445.000 0 0 0.000 0.000 0.000 0.121 0 1 0 0 0 0
 5922 144461.000 26267.000 0 0 0.000 0.000 0.000 0.122 0 1 0 0 0 0
 5923 149880.000 29993.000 0 0 0.000 0.000 0.000 0.121 0 1 0 0 0 0
 5924 152763.000 32119.000 0 0 50.000 54.000 2700.000 51.961 0 1 92 200 0 0
 5925 155888.000 34578.000 0 0 0.000 0.000 0.000 0.120 0 1 0 0 0 0
 5926 156313.000 35027.000 0 0 0.000 0.000 0.000 0.122 0 1 0 0 0 0
 5927 158313.000 36784.000 0 0 0.000 0.000 0.000 0.120 0 1 0 0 0 0
 5928 159565.000 37952.000 0 0 0.000 0.000 0.000 0.120 0 1 0 0 0 0
 5929 161015.000 39386.000 0 0 0.000 0.000 0.000 0.120 0 1 0 0 0 0
 5930 162424.000 40796.000 0 0 0.000 0.000 0.000 0.121 0 1 0 0 0 0
 5931 182563.000 75374.000 0 0 0.000 0.000 0.000 0.122 0 1 0 0 0 0
 5932 184322.000 82197.000 0 0 0.000 0.000 0.000 0.120 0 1 0 0 0 0
 5933 184717.000 84001.000 0 0 54.000 32.000 1728.000 41.569 0 1 205 200 0 0
 5934 186182.000 96662.000 0 0 50.000 24.000 1200.000 34.641 0 1 225 200 0 0
 5935 182583.000 125655.000 0 0 0.000 0.000 0.000 0.125 0 1 0 0 0 0
 5936 180362.000 131602.000 0 0 56.000 42.000 2352.000 48.497 0 1 291 200 0 0
 5937 180075.000 132297.000 0 0 56.000 42.000 2352.000 48.497 0 1 291 200 0 0
 5938 179519.000 133600.000 0 0 56.000 42.000 2352.000 48.497 0 1 291 200 0 0
 5939 179344.000 134100.000 0 0 54.000 42.000 2268.000 47.623 0 1 291 200 0 0
 5940 175781.000 141319.000 0 0 54.000 44.000 2376.000 48.744 0 1 317 200 0 0
 5941 162893.000 159204.000 0 0 54.000 52.000 2808.000 52.990 0 1 371 200 0 0
 5942 110273.000 185808.000 0 0 0.000 0.000 0.000 0.120 0 1 0 0 0 0
 5943 106702.000 186170.000 0 0 0.000 0.000 0.000 0.121 0 1 0 0 0 0
 5944 103968.000 186337.000 0 0 0.000 0.000 0.000 0.120 0 1 0 0 0 0
 5945 97561.000 186407.000 0 0 24.000 50.000 1200.000 34.641 0 1 507 200 0 0
 5946 87915.000 185546.000 0 0 0.000 0.000 0.000 0.121 0 1 0 0 0 0
 5947 80721.000 184221.000 0 0 34.000 54.000 1836.000 42.848 0 1 500 200 0 0
 5948 77905.000 183525.000 0 0 36.000 56.000 2016.000 44.899 0 1 491 200 0 0
 5949 74879.000 182641.000 0 0 38.000 54.000 2052.000 45.299 0 1 487 200 0 0
 5950 74158.000 182455.000 0 0 38.000 54.000 2052.000 45.299 0 1 487 200 0 0
 5951 74033.000 182413.000 0 0 38.000 54.000 2052.000 45.299 0 1 487 200 0 0
 5952 72043.000 181745.000 0 0 40.000 54.000 2160.000 46.475 0 1 487 200 0 0
 5953 69821.000 180925.000 0 0 0.000 0.000 0.000 0.120 0 1 0 0 0 0
 5954 51596.000 171576.000 0 0 0.000 0.000 0.000 0.120 0 1 0 0 0 0
 5955 49937.000 170319.000 0 0 48.000 54.000 2592.000 50.911 0 1 426 200 0 0
 5956 47182.000 168304.000 0 0 50.000 54.000 2700.000 51.961 0 1 418 200 0 0
 5957 43514.000 165453.000 0 0 52.000 52.000 2704.000 52.000 0 1 401 200 0 0
 5958 40930.000 162843.000 0 0 52.000 54.000 2808.000 52.990 0 1 386 200 0 0
 5959 32562.000 153800.000 0 0 0.000 0.000 0.000 0.125 0 1 0 0 0 0
 5960 28375.000 148023.000 0 0 54.000 46.000 2484.000 49.839 0 1 335 200 0 0
 5961 21168.000 134957.000 0 0 54.000 42.000 2268.000 47.623 0 1 303 200 0 0
 5962 19572.000 131001.000 0 0 56.000 40.000 2240.000 47.328 0 1 300 200 0 0
 5963 15092.000 114357.000 0 0 54.000 32.000 1728.000 41.569 0 1 269 200 0 0
 5964 13913.000 102852.000 0 0 0.000 0.000 0.000 0.123 0 1 0 0 0 0
 5965 17333.000 76073.000 0 0 0.000 0.000 0.000 0.121 0 1 0 0 0 0
 5966 17878.000 74255.000 0 0 0.000 0.000 0.000 0.120 0 1 0 0 0 0
 5967 30201.000 49698.000 0 0 0.000 0.000 0.000 0.120 0 1 0 0 0 0
 5968 31002.000 48619.000 0 0 0.000 0.000 0.000 0.120 0 1 0 0 0 0
 5969 36226.000 42322.000 0 0 0.000 0.000 0.000 0.120 0 1 0 0 0 0
 5970 40062.000 38322.000 0 0 0.000 0.000 0.000 0.121 0 1 0 0 0 0
 5971 41957.000 36553.000 0 0 0.000 0.000 0.000 0.122 0 1 0 0 0 0
 5972 43056.000 35518.000 0 0 0.000 0.000 0.000 0.120 0 1 0 0 0 0
 5973 44643.000 34173.000 0 0 0.000 0.000 0.000 0.121 0 1 0 0 0 0
 5974 46540.000 32653.000 0 0 0.000 0.000 0.000 0.122 0 1 0 0 0 0
 5975 47545.000 31824.000 0 0 0.000 0.000 0.000 0.120 0 1 0 0 0 0
 5976 68573.000 19908.000 0 0 0.000 0.000 0.000 0.122 0 1 0 0 0 0
 5977 76122.000 17372.000 0 0 36.000 56.000 2016.000 44.899 0 1 27 200 0 0
 5978 78450.000 16750.000 0 0 0.000 0.000 0.000 0.121 0 1 0 0 0 0
 5979 83251.000 15645.000 0 0 0.000 0.000 0.000 0.131 0 1 0 0 0 0
 5980 117593.000 15800.000 0 0 34.000 54.000 1836.000 42.848 0 1 20 200 0 0
 5981 145726.000 27029.000 0 0 48.000 56.000 2688.000 51.845 0 1 64 200 0 0
 5982 149445.000 29427.000 0 0 0.000 0.000 0.000 0.120 0 1 0 0 0 0
 5983 156839.000 35208.000 0 0 0.000 0.000 0.000 0.125 0 1 0 0 0 0
 5984 164251.000 42500.000 0 0 0.000 0.000 0.000 0.120 0 1 0 0 0 0
 5985 183900.000 79473.000 0 0 0.000 0.000 0.000 0.122 0 1 0 0 0 0
 5986 185705.000 88791.000 0 0 52.000 30.000 1560.000 39.496 0 1 215 200 0 0
 5987 186349.000 96949.000 0 0 50.000 24.000 1200.000 34.641 0 1 225 200 0 0
 5988 186419.000 99235.000 0 0 0.000 0.000 0.000 0.121 0 1 0 0 0 0
 5989 186399.000 100559.000 0 0 0.000 0.000 0.000 0.121 0 1 0 0 0 0
 5990 186427.000 100737.000 0 0 0.000 0.000 0.000 0.120 0 1 0 0 0 0
 5991 186149.000 106922.000 0 0 50.000 28.000 1400.000 37.416 0 1 256 200 0 0
 5992 186030.000 108475.000 0 0 0.000 0.000 0.000 0.125 0 1 0 0 0 0
 5993 185113.000 115154.000 0 0 54.000 32.000 1728.000 41.569 0 1 271 200 0 0
 5994 182996.000 124283.000 0 0 54.000 38.000 2052.000 45.299 0 1 284 200 0 0
 5995 182634.000 125575.000 0 0 0.000 0.000 0.000 0.121 0 1 0 0 0 0
 5996 180919.000 130564.000 0 0 56.000 40.000 2240.000 47.328 0 1 291 200 0 0
 5997 180702.000 131091.000 0 0 56.000 40.000 2240.000 47.328 0 1 291 200 0 0
 5998 179497.000 134085.000 0 0 54.000 42.000 2268.000 47.623 0 1 291 200 0 0
 5999 178390.000 136595.000 0 0 0.000 0.000 0.000 0.124 0 1 0 0 0 0
 6000 178008.000 137485.000 0 0 56.000 42.000 2352.000 48.497 0 1 312 200 0 0
 6001 176834.000 139734.000 0 0 56.000 44.000 2464.000 49.638 0 1 317 200 0 0
 6002 176271.000 140865.000 0 0 56.000 44.000 2464.000 49.638 0 1 317 200 0 0
 6003 176111.000 141205.000 0 0 54.000 44.000 2376.000 48.744 0 1 317 200 0 0
 6004 174954.000 143237.000 0 0 54.000 46.000 2484.000 49.839 0 1 326 200 0 0
 6005 174837.000 143620.000 0 0 56.000 46.000 2576.000 50.754 0 1 326 200 0 0
 6006 174148.000 144689.000 0 0 56.000 46.000 2576.000 50.754 0 1 332 200 0 0
 6007 173836.000 145125.000 0 0 56.000 48.000 2688.000 51.845 0 1 332 200 0 0
 6008 173542.000 145599.000 0 0 56.000 48.000 2688.000 51.845 0 1 332 200 0 0
 6009 171820.000 148361.000 0 0 0.000 0.000 0.000 0.122 0 1 0 0 0 0
 6010 170909.000 149622.000 0 0 54.000 48.000 2592.000 50.911 0 1 343 200 0 0
 6011 166601.000 155508.000 0 0 0.000 0.000 0.000 0.123 0 1 0 0 0 0
 6012 163290.000 159088.000 0 0 54.000 52.000 2808.000 52.990 0 1 371 200 0 0
 6013 161298.000 161012.000 0 0 52.000 52.000 2704.000 52.000 0 1 371 200 0 0
 6014 157065.000 165100.000 0 0 52.000 52.000 2704.000 52.000 0 1 397 200 0 0
 6015 154237.000 167511.000 0 0 0.000 0.000 0.000 0.120 0 1 0 0 0 0
 6016 147690.000 172306.000 0 0 48.000 54.000 2592.000 50.911 0 1 432 200 0 0
 6017 143861.000 174662.000 0 0 46.000 56.000 2576.000 50.754 0 1 443 200 0 0
 6018 141592.000 175947.000 0 0 46.000 54.000 2484.000 49.839 0 1 453 200 0 0
 6019 141221.000 176189.000 0 0 44.000 54.000 2376.000 48.744 0 1 453 200 0 0
 6020 141113.000 176207.000 0 0 44.000 56.000 2464.000 49.638 0 1 453 200 0 0
 6021 100487.000 186590.000 0 0 0.000 0.000 0.000 0.120 0 1 0 0 0 0
 6022 98032.000 186574.000 0 0 24.000 50.000 1200.000 34.641 0 1 507 200 0 0
 6023 97247.000 186532.000 0 0 24.000 50.000 1200.000 34.641 0 1 507 200 0 0
 6024 85155.000 185284.000 0 0 32.000 54.000 1728.000 41.569 0 1 495 200 0 0
 6025 70749.000 181468.000 0 0 0.000 0.000 0.000 0.120 0 1 0 0 0 0
 6026 68724.000 180703.000 0 0 0.000 0.000 0.000 0.122 0 1 0 0 0 0
 6027 67320.000 180131.000 0 0 0.000 0.000 0.000 0.120 0 1 0 0 0 0
 6028 62675.000 178077.000 0 0 0.000 0.000 0.000 0.120 0 1 0 0 0 0
 6029 55444.000 174161.000 0 0 0.000 0.000 0.000 0.120 0 1 0 0 0 0
 6030 50251.000 170742.000 0 0 48.000 54.000 2592.000 50.911 0 1 426 200 0 0
 6031 42992.000 165025.000 0 0 52.000 52.000 2704.000 52.000 0 1 401 200 0 0
 6032 40314.000 162591.000 0 0 52.000 54.000 2808.000 52.990 0 1 386 200 0 0
 6033 30061.000 151036.000 0 0 0.000 0.000 0.000 0.125 0 1 0 0 0 0
 6034 27777.000 147432.000 0 0 54.000 48.000 2592.000 50.911 0 1 335 200 0 0
 6035 26682.000 145724.000 0 0 0.000 0.000 0.000 0.122 0 1 0 0 0 0
 6036 22463.000 138073.000 0 0 56.000 44.000 2464.000 49.638 0 1 313 200 0 0
 6037 19904.000 132328.000 0 0 56.000 42.000 2352.000 48.497 0 1 300 200 0 0
 6038 17058.000 124202.000 0 0 0.000 0.000 0.000 0.121 0 1 0 0 0 0
 6039 15551.000 118665.000 0 0 0.000 0.000 0.000 0.124 0 1 0 0 0 0
 6040 13939.000 106570.000 0 0 0.000 0.000 0.000 0.121 0 1 0 0 0 0
 6041 13962.000 93374.000 0 0 0.000 0.000 0.000 0.120 0 1 0 0 0 0
 6042 14009.000 93203.000 0 0 0.000 0.000 0.000 0.120 0 1 0 0 0 0
 6043 14005.000 92962.000 0 0 0.000 0.000 0.000 0.121 0 1 0 0 0 0
 6044 14329.000 90006.000 0 0 0.000 0.000 0.000 0.120 0 1 0 0 0 0
 6045 16530.000 78353.000 0 0 0.000 0.000 0.000 0.123 0 1 0 0 0 0
 6046 23068.000 61101.000 0 0 0.000 0.000 0.000 0.121 0 1 0 0 0 0
 6047 29311.000 50645.000 0 0 0.000 0.000 0.000 0.121 0 1 0 0 0 0
 6048 34571.000 43930.000 0 0 0.000 0.000 0.000 0.120 0 1 0 0 0 0
 6049 36042.000 42217.000 0 0 0.000 0.000 0.000 0.120 0 1 0 0 0 0
 6050 38257.000 39916.000 0 0 0.000 0.000 0.000 0.120 0 1 0 0 0 0
 6051 53503.000 27464.000 0 0 0.000 0.000 0.000 0.120 0 1 0 0 0 0
 6052 74083.000 17799.000 0 0 0.000 0.000 0.000 0.121 0 1 0 0 0 0
 6053 96304.000 13880.000 0 0 0.000 0.000 0.000 0.121 0 1 0 0 0 0
 6054 102128.000 13802.000 0 0 24.000 50.000 1200.000 34.641 0 1 17 200 0 0
 6055 123641.000 17057.000 0 0 0.000 0.000 0.000 0.121 0 1 0 0 0 0
 6056 133560.000 20500.000 0 0 42.000 56.000 2352.000 48.497 0 1 41 200 0 0
 6057 136158.000 21645.000 0 0 0.000 0.000 0.000 0.120 0 1 0 0 0 0
 6058 145627.000 26566.000 0 0 48.000 56.000 2688.000 51.845 0 1 64 200 0 0
 6059 145683.000 26766.000 0 0 48.000 56.000 2688.000 51.845 0 1 64 200 0 0
 6060 147281.000 27763.000 0 0 0.000 0.000 0.000 0.120 0 1 0 0 0 0
 6061 180197.000 67609.000 0 0 0.000 0.000 0.000 0.122 0 1 0 0 0 0
 6062 186046.000 90694.000 0 0 52.000 28.000 1456.000 38.157 0 1 215 200 0 0
 6063 186266.000 92584.000 0 0 52.000 28.000 1456.000 38.157 0 1 215 200 0 0
 6064 186417.000 105646.000 0 0 50.000 26.000 1300.000 36.055 0 1 256 200 0 0
 6065 186345.000 106910.000 0 0 50.000 26.000 1300.000 36.055 0 1 256 200 0 0
 6066 185693.000 112782.000 0 0 0.000 0.000 0.000 0.120 0 1 0 0 0 0
 6067 185462.000 114045.000 0 0 52.000 32.000 1664.000 40.792 0 1 271 200 0 0
 6068 185126.000 116209.000 0 0 54.000 32.000 1728.000 41.569 0 1 271 200 0 0
 6069 184729.000 118877.000 0 0 54.000 34.000 1836.000 42.848 0 1 279 200 0 0
 6070 184051.000 121024.000 0 0 54.000 36.000 1944.000 44.090 0 1 284 200 0 0
 6071 183710.000 122426.000 0 0 56.000 36.000 2016.000 44.899 0 1 284 200 0 0
 6072 183411.000 123479.000 0 0 56.000 36.000 2016.000 44.899 0 1 284 200 0 0
 6073 182075.000 127861.000 0 0 54.000 40.000 2160.000 46.475 0 1 291 200 0 0
 6074 181724.000 128820.000 0 0 54.000 40.000 2160.000 46.475 0 1 291 200 0 0
 6075 180702.000 132035.000 0 0 56.000 42.000 2352.000 48.497 0 1 291 200 0 0
 6076 179176.000 135227.000 0 0 54.000 42.000 2268.000 47.623 0 1 306 200 0 0
 6077 177873.000 138129.000 0 0 56.000 42.000 2352.000 48.497 0 1 312 200 0 0
 6078 176722.000 140339.000 0 0 56.000 44.000 2464.000 49.638 0 1 317 200 0 0
 6079 176234.000 141329.000 0 0 54.000 44.000 2376.000 48.744 0 1 317 200 0 0
 6080 176194.000 141411.000 0 0 54.000 44.000 2376.000 48.744 0 1 317 200 0 0
 6081 176037.000 141646.000 0 0 54.000 46.000 2484.000 49.839 0 1 317 200 0 0
 6082 175364.000 142871.000 0 0 54.000 46.000 2484.000 49.839 0 1 326 200 0 0
 6083 169205.000 152282.000 0 0 54.000 50.000 2700.000 51.961 0 1 343 200 0 0
 6084 168844.000 152757.000 0 0 54.000 50.000 2700.000 51.961 0 1 343 200 0 0
 6085 166431.000 155749.000 0 0 0.000 0.000 0.000 0.120 0 1 0 0 0 0
 6086 164866.000 157547.000 0 0 0.000 0.000 0.000 0.121 0 1 0 0 0 0
 6087 164339.000 158167.000 0 0 0.000 0.000 0.000 0.120 0 1 0 0 0 0
 6088 161769.000 160907.000 0 0 52.000 52.000 2704.000 52.000 0 1 371 200 0 0
 6089 161039.000 161653.000 0 0 52.000 52.000 2704.000 52.000 0 1 371 200 0 0
 6090 157731.000 164746.000 0 0 50.000 52.000 2600.000 50.990 0 1 397 200 0 0
 6091 156982.000 165427.000 0 0 52.000 52.000 2704.000 52.000 0 1 397 200 0 0
 6092 156634.000 165709.000 0 0 52.000 52.000 2704.000 52.000 0 1 397 200 0 0
 6093 155337.000 166802.000 0 0 0.000 0.000 0.000 0.120 0 1 0 0 0 0
 6094 154213.000 167739.000 0 0 0.000 0.000 0.000 0.122 0 1 0 0 0 0
 6095 147082.000 172861.000 0 0 48.000 55.000 2640.000 51.380 0 1 432 200 0 0
 6096 142728.000 175534.000 0 0 0.000 0.000 0.000 0.121 0 1 0 0 0 0
 6097 99537.000 186761.000 0 0 0.000 0.000 0.000 0.122 0 1 0 0 0 0
 6098 94203.000 186562.000 0 0 0.000 0.000 0.000 0.120 0 1 0 0 0 0
 6099 88005.000 185907.000 0 0 0.000 0.000 0.000 0.120 0 1 0 0 0 0
 6100 73659.000 182631.000 0 0 38.000 54.000 2052.000 45.299 0 1 487 200 0 0
 6101 72923.000 182386.000 0 0 38.000 54.000 2052.000 45.299 0 1 487 200 0 0
 6102 71740.000 181999.000 0 0 40.000 54.000 2160.000 46.475 0 1 487 200 0 0
 6103 67579.000 180418.000 0 0 0.000 0.000 0.000 0.122 0 1 0 0 0 0
 6104 66032.000 179795.000 0 0 42.000 56.000 2352.000 48.497 0 1 479 200 0 0
 6105 45954.000 167755.000 0 0 0.000 0.000 0.000 0.121 0 1 0 0 0 0
 6106 20707.000 134710.000 0 0 54.000 42.000 2268.000 47.623 0 1 303 200 0 0
 6107 20142.000 133391.000 0 0 56.000 42.000 2352.000 48.497 0 1 303 200 0 0
 6108 19457.000 131600.000 0 0 56.000 42.000 2352.000 48.497 0 1 300 200 0 0
 6109 168732.000 49359.000 0 0 0.000 0.000 0.000 200000.000 0 1 0 200 0 0
 6110 16999.000 124331.000 0 0 0.000 0.000 0.000 0.122 0 1 0 0 0 0
 6111 15267.000 117457.000 0 0 0.000 0.000 0.000 0.122 0 1 0 0 0 0
 6112 14770.000 114924.000 0 0 54.000 32.000 1728.000 41.569 0 1 269 200 0 0
 6113 14692.000 114166.000 0 0 52.000 32.000 1664.000 40.792 0 1 269 200 0 0
 6114 13874.000 107623.000 0 0 0.000 0.000 0.000 0.122 0 1 0 0 0 0
 6115 13714.000 94509.000 0 0 50.000 26.000 1300.000 36.055 0 1 221 200 0 0
 6116 21157.000 64618.000 0 0 0.000 0.000 0.000 0.121 0 1 0 0 0 0
 6117 22023.000 62865.000 0 0 56.000 42.000 2352.000 48.497 0 1 159 200 0 0
 6118 29143.000 50583.000 0 0 0.000 0.000 0.000 0.120 0 1 0 0 0 0
 6119 29771.000 49767.000 0 0 0.000 0.000 0.000 0.121 0 1 0 0 0 0
 6120 34740.000 43462.000 0 0 0.000 0.000 0.000 0.123 0 1 0 0 0 0
 6121 36998.000 40921.000 0 0 0.000 0.000 0.000 0.120 0 1 0 0 0 0
 6122 39692.000 38178.000 0 0 0.000 0.000 0.000 0.121 0 1 0 0 0 0
 6123 44957.000 33461.000 0 0 0.000 0.000 0.000 0.121 0 1 0 0 0 0
 6124 45751.000 32839.000 0 0 0.000 0.000 0.000 0.120 0 1 0 0 0 0
 6125 58617.000 24082.000 0 0 0.000 0.000 0.000 0.122 0 1 0 0 0 0
 6126 67660.000 19888.000 0 0 0.000 0.000 0.000 0.120 0 1 0 0 0 0
 6127 76424.000 16923.000 0 0 36.000 56.000 2016.000 44.899 0 1 27 200 0 0
 6128 77352.000 16670.000 0 0 0.000 0.000 0.000 0.121 0 1 0 0 0 0
 6129 81299.000 15718.000 0 0 34.000 54.000 1836.000 42.848 0 1 19 200 0 0
 6130 90128.000 14197.000 0 0 0.000 0.000 0.000 0.120 0 1 0 0 0 0
 6131 135035.000 20802.000 0 0 0.000 0.000 0.000 0.127 0 1 0 0 0 0
 6132 135186.000 21007.000 0 0 0.000 0.000 0.000 0.121 0 1 0 0 0 0
 6133 142456.000 24637.000 0 0 0.000 0.000 0.000 0.121 0 1 0 0 0 0
 6134 145850.000 26679.000 0 0 48.000 56.000 2688.000 51.845 0 1 64 200 0 0
 6135 147669.000 27835.000 0 0 0.000 0.000 0.000 0.122 0 1 0 0 0 0
 6136 181428.000 70239.000 0 0 0.000 0.000 0.000 0.121 0 1 0 0 0 0
 6137 184407.000 80268.000 0 0 0.000 0.000 0.000 0.121 0 1 0 0 0 0
 6138 185378.000 84905.000 0 0 0.000 0.000 0.000 0.120 0 1 0 0 0 0
 6139 186011.000 89169.000 0 0 52.000 30.000 1560.000 39.496 0 1 215 200 0 0
 6140 186608.000 95738.000 0 0 50.000 26.000 1300.000 36.055 0 1 225 200 0 0
 6141 186650.000 96277.000 0 0 50.000 26.000 1300.000 36.055 0 1 225 200 0 0
 6142 186673.000 96426.000 0 0 50.000 26.000 1300.000 36.055 0 1 225 200 0 0
 6143 186710.000 97068.000 0 0 50.000 24.000 1200.000 34.641 0 1 225 200 0 0
 6144 186744.000 102596.000 0 0 0.000 0.000 0.000 0.121 0 1 0 0 0 0
 6145 186701.000 102869.000 0 0 0.000 0.000 0.000 0.120 0 1 0 0 0 0
 6146 186678.000 103758.000 0 0 0.000 0.000 0.000 0.120 0 1 0 0 0 0
 6147 186494.000 106808.000 0 0 50.000 26.000 1300.000 36.055 0 1 256 200 0 0
 6148 186357.000 108485.000 0 0 0.000 0.000 0.000 0.123 0 1 0 0 0 0
 6149 186123.000 111025.000 0 0 52.000 30.000 1560.000 39.496 0 1 264 200 0 0
 6150 186018.000 111561.000 0 0 52.000 30.000 1560.000 39.496 0 1 264 200 0 0
 6151 184940.000 117988.000 0 0 54.000 34.000 1836.000 42.848 0 1 279 200 0 0
 6152 184141.000 121333.000 0 0 54.000 36.000 1944.000 44.090 0 1 284 200 0 0
 6153 182603.000 126624.000 0 0 54.000 38.000 2052.000 45.299 0 1 291 200 0 0
 6154 181648.000 129581.000 0 0 56.000 40.000 2240.000 47.328 0 1 291 200 0 0
 6155 181144.000 130971.000 0 0 56.000 40.000 2240.000 47.328 0 1 291 200 0 0
 6156 179210.000 135670.000 0 0 54.000 42.000 2268.000 47.623 0 1 306 200 0 0
 6157 178347.000 137486.000 0 0 56.000 42.000 2352.000 48.497 0 1 312 200 0 0
 6158 178031.000 138109.000 0 0 56.000 42.000 2352.000 48.497 0 1 312 200 0 0
 6159 174475.000 144740.000 0 0 56.000 46.000 2576.000 50.754 0 1 332 200 0 0
 6160 169590.000 152030.000 0 0 56.000 48.000 2688.000 51.845 0 1 343 200 0 0
 6161 168219.000 153843.000 0 0 54.000 50.000 2700.000 51.961 0 1 343 200 0 0
 6162 167335.000 154972.000 0 0 0.000 0.000 0.000 0.124 0 1 0 0 0 0
 6163 160684.000 162234.000 0 0 52.000 52.000 2704.000 52.000 0 1 371 200 0 0
 6164 160134.000 162778.000 0 0 52.000 54.000 2808.000 52.990 0 1 371 200 0 0
 6165 153634.000 168386.000 0 0 50.000 54.000 2700.000 51.961 0 1 419 200 0 0
 6166 138956.000 177750.000 0 0 0.000 0.000 0.000 0.120 0 1 0 0 0 0
 6167 89811.000 186315.000 0 0 28.000 52.000 1456.000 38.157 0 1 506 200 0 0
 6168 86188.000 185849.000 0 0 30.000 52.000 1560.000 39.496 0 1 504 200 0 0
 6169 84047.000 185449.000 0 0 32.000 54.000 1728.000 41.569 0 1 495 200 0 0
 6170 81502.000 184943.000 0 0 34.000 54.000 1836.000 42.848 0 1 500 200 0 0
 6171 81094.000 184826.000 0 0 34.000 54.000 1836.000 42.848 0 1 500 200 0 0
 6172 72380.000 182399.000 0 0 38.000 54.000 2052.000 45.299 0 1 487 200 0 0
 6173 58215.000 176181.000 0 0 46.000 54.000 2484.000 49.839 0 1 456 200 0 0
 6174 51639.000 172148.000 0 0 0.000 0.000 0.000 0.122 0 1 0 0 0 0
 6175 51562.000 172076.000 0 0 0.000 0.000 0.000 0.121 0 1 0 0 0 0
 6176 49614.000 170764.000 0 0 48.000 54.000 2592.000 50.911 0 1 426 200 0 0
 6177 46527.000 168429.000 0 0 50.000 54.000 2700.000 51.961 0 1 418 200 0 0
 6178 43910.000 166297.000 0 0 0.000 0.000 0.000 0.120 0 1 0 0 0 0
 6179 39767.000 162476.000 0 0 52.000 52.000 2704.000 52.000 0 1 386 200 0 0
 6180 38546.000 161317.000 0 0 0.000 0.000 0.000 0.120 0 1 0 0 0 0
 6181 35772.000 158352.000 0 0 54.000 50.000 2700.000 51.961 0 1 370 200 0 0
 6182 34581.000 157024.000 0 0 0.000 0.000 0.000 0.120 0 1 0 0 0 0
 6183 33177.000 155439.000 0 0 0.000 0.000 0.000 0.121 0 1 0 0 0 0
 6184 31714.000 153581.000 0 0 0.000 0.000 0.000 0.121 0 1 0 0 0 0
 6185 31020.000 152636.000 0 0 0.000 0.000 0.000 0.120 0 1 0 0 0 0
 6186 27577.000 147761.000 0 0 54.000 48.000 2592.000 50.911 0 1 335 200 0 0
 6187 22423.000 138805.000 0 0 56.000 44.000 2464.000 49.638 0 1 313 200 0 0
 6188 22321.000 138711.000 0 0 56.000 44.000 2464.000 49.638 0 1 313 200 0 0
 6189 21894.000 137721.000 0 0 56.000 42.000 2352.000 48.497 0 1 313 200 0 0
 6190 21865.000 137610.000 0 0 56.000 42.000 2352.000 48.497 0 1 313 200 0 0
 6191 21339.000 136517.000 0 0 0.000 0.000 0.000 0.120 0 1 0 0 0 0
 6192 20370.000 134233.000 0 0 54.000 42.000 2268.000 47.623 0 1 303 200 0 0
 6193 16465.000 123243.000 0 0 0.000 0.000 0.000 0.121 0 1 0 0 0 0
 6194 13752.000 92081.000 0 0 0.000 0.000 0.000 0.120 0 1 0 0 0 0
 6195 27269.000 53138.000 0 0 0.000 0.000 0.000 0.121 0 1 0 0 0 0
 6196 28883.000 50716.000 0 0 0.000 0.000 0.000 0.122 0 1 0 0 0 0
 6197 49942.000 29422.000 0 0 0.000 0.000 0.000 0.122 0 1 0 0 0 0
 6198 50391.000 29106.000 0 0 0.000 0.000 0.000 0.120 0 1 0 0 0 0
 6199 60152.000 23220.000 0 0 0.000 0.000 0.000 0.120 0 1 0 0 0 0
 6200 63328.000 21621.000 0 0 0.000 0.000 0.000 0.122 0 1 0 0 0 0
 6201 73842.000 17516.000 0 0 0.000 0.000 0.000 0.120 0 1 0 0 0 0
 6202 74021.000 17477.000 0 0 0.000 0.000 0.000 0.120 0 1 0 0 0 0
 6203 75752.000 16947.000 0 0 38.000 54.000 2052.000 45.299 0 1 27 200 0 0
 6204 91233.000 13990.000 0 0 0.000 0.000 0.000 0.120 0 1 0 0 0 0
 6205 94044.000 13668.000 0 0 26.000 50.000 1300.000 36.055 0 1 14 200 0 0
 6206 107526.000 13792.000 0 0 0.000 0.000 0.000 0.120 0 1 0 0 0 0
 6207 117550.000 15205.000 0 0 34.000 54.000 1836.000 42.848 0 1 20 200 0 0
 6208 129234.000 18485.000 0 0 0.000 0.000 0.000 0.123 0 1 0 0 0 0
 6209 131649.000 19366.000 0 0 0.000 0.000 0.000 0.121 0 1 0 0 0 0
 6210 138071.000 22158.000 0 0 0.000 0.000 0.000 0.121 0 1 0 0 0 0
 6211 143087.000 24822.000 0 0 0.000 0.000 0.000 0.120 0 1 0 0 0 0
 6212 143771.000 25243.000 0 0 0.000 0.000 0.000 0.120 0 1 0 0 0 0
 6213 146867.000 27116.000 0 0 0.000 0.000 0.000 0.129 0 1 0 0 0 0
 6214 152599.000 31120.000 0 0 0.000 0.000 0.000 0.120 0 1 0 0 0 0
 6215 157177.000 34885.000 0 0 0.000 0.000 0.000 0.121 0 1 0 0 0 0
 6216 160488.000 37908.000 0 0 0.000 0.000 0.000 0.122 0 1 0 0 0 0
 6217 183677.000 76879.000 0 0 0.000 0.000 0.000 0.120 0 1 0 0 0 0
 6218 184228.000 78636.000 0 0 0.000 0.000 0.000 0.120 0 1 0 0 0 0
 6219 185123.000 82808.000 0 0 54.000 32.000 1728.000 41.569 0 1 205 200 0 0
 6220 185341.000 83614.000 0 0 54.000 32.000 1728.000 41.569 0 1 205 200 0 0
 6221 186010.000 87688.000 0 0 52.000 30.000 1560.000 39.496 0 1 207 200 0 0
 6222 186155.000 88718.000 0 0 52.000 30.000 1560.000 39.496 0 1 215 200 0 0
 6223 186373.000 90407.000 0 0 52.000 28.000 1456.000 38.157 0 1 215 200 0 0
 6224 186358.000 90492.000 0 0 52.000 28.000 1456.000 38.157 0 1 215 200 0 0
 6225 186443.000 90818.000 0 0 52.000 28.000 1456.000 38.157 0 1 215 200 0 0
 6226 186911.000 96912.000 0 0 50.000 24.000 1200.000 34.641 0 1 225 200 0 0
 6227 186819.000 104612.000 0 0 50.000 26.000 1300.000 36.055 0 1 250 200 0 0
 6228 185740.000 114436.000 0 0 52.000 32.000 1664.000 40.792 0 1 271 200 0 0
 6229 185737.000 114626.000 0 0 54.000 32.000 1728.000 41.569 0 1 271 200 0 0
 6230 184801.000 119545.000 0 0 54.000 34.000 1836.000 42.848 0 1 279 200 0 0
 6231 184200.000 121777.000 0 0 56.000 36.000 2016.000 44.899 0 1 284 200 0 0
 6232 184057.000 122450.000 0 0 56.000 36.000 2016.000 44.899 0 1 284 200 0 0
 6233 183865.000 123196.000 0 0 56.000 36.000 2016.000 44.899 0 1 284 200 0 0
 6234 181510.000 130415.000 0 0 56.000 40.000 2240.000 47.328 0 1 291 200 0 0
 6235 179401.000 135938.000 0 0 54.000 42.000 2268.000 47.623 0 1 306 200 0 0
 6236 177643.000 139350.000 0 0 56.000 44.000 2464.000 49.638 0 1 317 200 0 0
 6237 174232.000 145440.000 0 0 56.000 48.000 2688.000 51.845 0 1 332 200 0 0
 6238 172138.000 148729.000 0 0 0.000 0.000 0.000 0.123 0 1 0 0 0 0
 6239 171928.000 149120.000 0 0 0.000 0.000 0.000 0.123 0 1 0 0 0 0
 6240 171098.000 150282.000 0 0 54.000 48.000 2592.000 50.911 0 1 343 200 0 0
 6241 170579.000 150987.000 0 0 56.000 48.000 2688.000 51.845 0 1 343 200 0 0
 6242 169599.000 152270.000 0 0 54.000 50.000 2700.000 51.961 0 1 343 200 0 0
 6243 168826.000 153288.000 0 0 54.000 50.000 2700.000 51.961 0 1 343 200 0 0
 6244 163690.000 159381.000 0 0 54.000 52.000 2808.000 52.990 0 1 371 200 0 0
 6245 163539.000 159485.000 0 0 54.000 52.000 2808.000 52.990 0 1 371 200 0 0
 6246 162168.000 160948.000 0 0 52.000 52.000 2704.000 52.000 0 1 371 200 0 0
 6247 161478.000 161659.000 0 0 52.000 52.000 2704.000 52.000 0 1 371 200 0 0
 6248 160440.000 162686.000 0 0 52.000 53.000 2756.000 52.497 0 1 371 200 0 0
 6249 158745.000 164325.000 0 0 50.000 54.000 2700.000 51.961 0 1 397 200 0 0
 6250 157890.000 165069.000 0 0 50.000 52.000 2600.000 50.990 0 1 397 200 0 0
 6251 151500.000 170217.000 0 0 48.000 56.000 2688.000 51.845 0 1 419 200 0 0
 6252 143987.000 175147.000 0 0 46.000 56.000 2576.000 50.754 0 1 443 200 0 0
 6253 102262.000 187084.000 0 0 0.000 0.000 0.000 0.120 0 1 0 0 0 0
 6254 100935.000 187099.000 0 0 0.000 0.000 0.000 0.121 0 1 0 0 0 0
 6255 98228.000 187108.000 0 0 24.000 50.000 1200.000 34.641 0 1 507 200 0 0
 6256 90555.000 186706.000 0 0 28.000 52.000 1456.000 38.157 0 1 506 200 0 0
 6257 89440.000 186439.000 0 0 30.000 52.000 1560.000 39.496 0 1 506 200 0 0
 6258 86749.000 186086.000 0 0 30.000 52.000 1560.000 39.496 0 1 504 200 0 0
 6259 81219.000 185024.000 0 0 34.000 54.000 1836.000 42.848 0 1 500 200 0 0
 6260 77558.000 184181.000 0 0 36.000 56.000 2016.000 44.899 0 1 491 200 0 0
 6261 76522.000 183850.000 0 0 36.000 56.000 2016.000 44.899 0 1 491 200 0 0
 6262 61032.000 177841.000 0 0 0.000 0.000 0.000 0.121 0 1 0 0 0 0
 6263 50049.000 171236.000 0 0 48.000 54.000 2592.000 50.911 0 1 426 200 0 0
 6264 49552.000 171058.000 0 0 48.000 54.000 2592.000 50.911 0 1 426 200 0 0
 6265 49555.000 170946.000 0 0 48.000 54.000 2592.000 50.911 0 1 426 200 0 0
 6266 48603.000 170151.000 0 0 0.000 0.000 0.000 0.121 0 1 0 0 0 0
 6267 47441.000 169335.000 0 0 50.000 54.000 2700.000 51.961 0 1 418 200 0 0
 6268 46861.000 168908.000 0 0 50.000 54.000 2700.000 51.961 0 1 418 200 0 0
 6269 42626.000 165370.000 0 0 52.000 52.000 2704.000 52.000 0 1 401 200 0 0
 6270 41988.000 164865.000 0 0 50.000 52.000 2600.000 50.990 0 1 401 200 0 0
 6271 40832.000 163772.000 0 0 52.000 54.000 2808.000 52.990 0 1 386 200 0 0
 6272 40463.000 163421.000 0 0 52.000 54.000 2808.000 52.990 0 1 386 200 0 0
 6273 38620.000 161590.000 0 0 0.000 0.000 0.000 0.121 0 1 0 0 0 0
 6274 36701.000 159651.000 0 0 0.000 0.000 0.000 0.121 0 1 0 0 0 0
 6275 29402.000 150768.000 0 0 0.000 0.000 0.000 0.120 0 1 0 0 0 0
 6276 28882.000 149978.000 0 0 0.000 0.000 0.000 0.122 0 1 0 0 0 0
 6277 26975.000 147158.000 0 0 56.000 48.000 2688.000 51.845 0 1 335 200 0 0
 6278 22475.000 139323.000 0 0 56.000 44.000 2464.000 49.638 0 1 313 200 0 0
 6279 20288.000 134575.000 0 0 54.000 42.000 2268.000 47.623 0 1 303 200 0 0
 6280 19947.000 133729.000 0 0 56.000 42.000 2352.000 48.497 0 1 303 200 0 0
 6281 15217.000 118666.000 0 0 0.000 0.000 0.000 0.120 0 1 0 0 0 0
 6282 13276.000 103683.000 0 0 0.000 0.000 0.000 0.120 0 1 0 0 0 0
 6283 13429.000 93742.000 0 0 50.000 26.000 1300.000 36.055 0 1 221 200 0 0
 6284 14209.000 86908.000 0 0 0.000 0.000 0.000 0.122 0 1 0 0 0 0
 6285 15685.000 79449.000 0 0 0.000 0.000 0.000 0.120 0 1 0 0 0 0
 6286 21934.000 62166.000 0 0 56.000 42.000 2352.000 48.497 0 1 159 200 0 0
 6287 35675.000 41879.000 0 0 0.000 0.000 0.000 0.121 0 1 0 0 0 0
 6288 81828.000 15233.000 0 0 34.000 54.000 1836.000 42.848 0 1 19 200 0 0
 6289 87293.000 14240.000 0 0 0.000 0.000 0.000 0.123 0 1 0 0 0 0
 6290 99306.000 13168.000 0 0 0.000 0.000 0.000 0.121 0 1 0 0 0 0
 6291 109185.000 13764.000 0 0 0.000 0.000 0.000 0.120 0 1 0 0 0 0
 6292 109534.000 13796.000 0 0 0.000 0.000 0.000 0.123 0 1 0 0 0 0
 6293 122334.000 16167.000 0 0 0.000 0.000 0.000 0.124 0 1 0 0 0 0
 6294 132245.000 19424.000 0 0 0.000 0.000 0.000 0.120 0 1 0 0 0 0
 6295 132628.000 19600.000 0 0 0.000 0.000 0.000 0.120 0 1 0 0 0 0
 6296 152902.000 31087.000 0 0 0.000 0.000 0.000 0.124 0 1 0 0 0 0
 6297 154329.000 32235.000 0 0 0.000 0.000 0.000 0.120 0 1 0 0 0 0
 6298 164110.000 41354.000 0 0 0.000 0.000 0.000 0.120 0 1 0 0 0 0
 6299 179858.000 65583.000 0 0 54.000 42.000 2268.000 47.623 0 1 161 200 0 0
 6300 182210.000 71546.000 0 0 0.000 0.000 0.000 0.120 0 1 0 0 0 0
 6301 183619.000 75770.000 0 0 0.000 0.000 0.000 0.121 0 1 0 0 0 0
 6302 186691.000 91953.000 0 0 52.000 28.000 1456.000 38.157 0 1 215 200 0 0
 6303 186846.000 93689.000 0 0 50.000 26.000 1300.000 36.055 0 1 220 200 0 0
 6304 187052.000 95059.000 0 0 50.000 26.000 1300.000 36.055 0 1 220 200 0 0
 6305 186939.000 105855.000 0 0 50.000 26.000 1300.000 36.055 0 1 256 200 0 0
 6306 186868.000 106381.000 0 0 50.000 26.000 1300.000 36.055 0 1 256 200 0 0
 6307 186738.000 107851.000 0 0 52.000 28.000 1456.000 38.157 0 1 256 200 0 0
 6308 186417.000 111113.000 0 0 52.000 30.000 1560.000 39.496 0 1 264 200 0 0
 6309 186243.000 112428.000 0 0 0.000 0.000 0.000 0.120 0 1 0 0 0 0
 6310 185619.000 116285.000 0 0 54.000 32.000 1728.000 41.569 0 1 271 200 0 0
 6311 185382.000 117463.000 0 0 54.000 34.000 1836.000 42.848 0 1 279 200 0 0
 6312 183849.000 123744.000 0 0 56.000 36.000 2016.000 44.899 0 1 284 200 0 0
 6313 183678.000 124502.000 0 0 54.000 38.000 2052.000 45.299 0 1 284 200 0 0
 6314 183627.000 124553.000 0 0 54.000 38.000 2052.000 45.299 0 1 284 200 0 0
 6315 181056.000 132093.000 0 0 56.000 42.000 2352.000 48.497 0 1 291 200 0 0
 6316 179760.000 135194.000 0 0 54.000 42.000 2268.000 47.623 0 1 306 200 0 0
 6317 179319.000 136084.000 0 0 54.000 42.000 2268.000 47.623 0 1 306 200 0 0
 6318 177414.000 140221.000 0 0 56.000 44.000 2464.000 49.638 0 1 317 200 0 0
 6319 170527.000 151546.000 0 0 56.000 48.000 2688.000 51.845 0 1 343 200 0 0
 6320 168941.000 153699.000 0 0 54.000 50.000 2700.000 51.961 0 1 343 200 0 0
 6321 168277.000 154313.000 0 0 54.000 50.000 2700.000 51.961 0 1 343 200 0 0
 6322 158449.000 164768.000 0 0 50.000 54.000 2700.000 51.961 0 1 397 200 0 0
 6323 154123.000 168428.000 0 0 50.000 54.000 2700.000 51.961 0 1 419 200 0 0
 6324 152748.000 169520.000 0 0 50.000 54.000 2700.000 51.961 0 1 419 200 0 0
 6325 135449.000 179753.000 0 0 0.000 0.000 0.000 0.121 0 1 0 0 0 0
 6326 131684.000 181321.000 0 0 0.000 0.000 0.000 0.124 0 1 0 0 0 0
 6327 105131.000 187141.000 0 0 0.000 0.000 0.000 0.120 0 1 0 0 0 0
 6328 104136.000 187190.000 0 0 0.000 0.000 0.000 0.120 0 1 0 0 0 0
 6329 99605.000 187242.000 0 0 0.000 0.000 0.000 0.121 0 1 0 0 0 0
 6330 97663.000 187221.000 0 0 24.000 50.000 1200.000 34.641 0 1 507 200 0 0
 6331 84473.000 185845.000 0 0 32.000 54.000 1728.000 41.569 0 1 495 200 0 0
 6332 80427.000 185016.000 0 0 34.000 54.000 1836.000 42.848 0 1 500 200 0 0
 6333 78550.000 184570.000 0 0 0.000 0.000 0.000 0.121 0 1 0 0 0 0
 6334 47295.000 169458.000 0 0 50.000 54.000 2700.000 51.961 0 1 418 200 0 0
 6335 39480.000 162731.000 0 0 52.000 52.000 2704.000 52.000 0 1 386 200 0 0
 6336 36337.000 159712.000 0 0 0.000 0.000 0.000 0.124 0 1 0 0 0 0
 6337 29400.000 150970.000 0 0 0.000 0.000 0.000 0.120 0 1 0 0 0 0
 6338 26880.000 147373.000 0 0 54.000 48.000 2592.000 50.911 0 1 335 200 0 0
 6339 24304.000 143108.000 0 0 0.000 0.000 0.000 0.120 0 1 0 0 0 0
 6340 14596.000 116665.000 0 0 0.000 0.000 0.000 0.124 0 1 0 0 0 0
 6341 13476.000 108935.000 0 0 0.000 0.000 0.000 0.122 0 1 0 0 0 0
 6342 13034.000 100240.000 0 0 0.000 0.000 0.000 0.121 0 1 0 0 0 0
 6343 13968.000 87474.000 0 0 0.000 0.000 0.000 0.120 0 1 0 0 0 0
 6344 16444.000 76113.000 0 0 0.000 0.000 0.000 0.120 0 1 0 0 0 0
 6345 17923.000 71411.000 0 0 0.000 0.000 0.000 0.121 0 1 0 0 0 0
 6346 25177.000 55782.000 0 0 56.000 46.000 2576.000 50.754 0 1 143 200 0 0
 6347 25805.000 54800.000 0 0 56.000 48.000 2688.000 51.845 0 1 143 200 0 0
 6348 28613.000 50482.000 0 0 0.000 0.000 0.000 0.121 0 1 0 0 0 0
 6349 36595.000 40656.000 0 0 0.000 0.000 0.000 0.121 0 1 0 0 0 0
 6350 53619.000 26569.000 0 0 0.000 0.000 0.000 0.121 0 1 0 0 0 0
 6351 60308.000 22705.000 0 0 0.000 0.000 0.000 0.122 0 1 0 0 0 0
 6352 66596.000 19828.000 0 0 0.000 0.000 0.000 0.122 0 1 0 0 0 0
 6353 72135.000 17714.000 0 0 40.000 54.000 2160.000 46.475 0 1 26 200 0 0
 6354 83618.000 14683.000 0 0 0.000 0.000 0.000 0.122 0 1 0 0 0 0
 6355 92165.000 13497.000 0 0 0.000 0.000 0.000 0.120 0 1 0 0 0 0
 6356 94781.000 13254.000 0 0 26.000 50.000 1300.000 36.055 0 1 14 200 0 0
 6357 100373.000 13091.000 0 0 24.000 51.000 1224.000 34.985 0 1 17 200 0 0
 6358 101668.000 13129.000 0 0 24.000 50.000 1200.000 34.641 0 1 17 200 0 0
 6359 116218.000 14618.000 0 0 0.000 0.000 0.000 0.120 0 1 0 0 0 0
 6360 127420.000 17503.000 0 0 0.000 0.000 0.000 0.120 0 1 0 0 0 0
 6361 144386.000 25109.000 0 0 0.000 0.000 0.000 0.120 0 1 0 0 0 0
 6362 147290.000 26990.000 0 0 0.000 0.000 0.000 0.122 0 1 0 0 0 0
 6363 151561.000 29868.000 0 0 0.000 0.000 0.000 0.122 0 1 0 0 0 0
 6364 180620.000 66869.000 0 0 0.000 0.000 0.000 0.122 0 1 0 0 0 0
 6365 183418.000 74663.000 0 0 54.000 38.000 2052.000 45.299 0 1 185 200 0 0
 6366 183786.000 75869.000 0 0 0.000 0.000 0.000 0.120 0 1 0 0 0 0
 6367 185547.000 83135.000 0 0 54.000 32.000 1728.000 41.569 0 1 205 200 0 0
 6368 186308.000 86604.000 0 0 52.000 30.000 1560.000 39.496 0 1 207 200 0 0
 6369 186286.000 87250.000 0 0 52.000 30.000 1560.000 39.496 0 1 207 200 0 0
 6370 186636.000 89522.000 0 0 52.000 30.000 1560.000 39.496 0 1 215 200 0 0
 6371 186786.000 91377.000 0 0 52.000 28.000 1456.000 38.157 0 1 215 200 0 0
 6372 187412.000 101283.000 0 0 0.000 0.000 0.000 0.127 0 1 0 0 0 0
 6373 187125.000 107343.000 0 0 52.000 28.000 1456.000 38.157 0 1 256 200 0 0
 6374 185325.000 118730.000 0 0 54.000 34.000 1836.000 42.848 0 1 279 200 0 0
 6375 184885.000 120379.000 0 0 54.000 34.000 1836.000 42.848 0 1 279 200 0 0
 6376 183009.000 127175.000 0 0 54.000 38.000 2052.000 45.299 0 1 291 200 0 0
 6377 182874.000 127994.000 0 0 54.000 40.000 2160.000 46.475 0 1 291 200 0 0
 6378 182103.000 129744.000 0 0 56.000 40.000 2240.000 47.328 0 1 291 200 0 0
 6379 181947.000 130287.000 0 0 56.000 40.000 2240.000 47.328 0 1 291 200 0 0
 6380 181562.000 131668.000 0 0 56.000 42.000 2352.000 48.497 0 1 291 200 0 0
 6381 175574.000 143869.000 0 0 56.000 46.000 2576.000 50.754 0 1 326 200 0 0
 6382 173557.000 147191.000 0 0 0.000 0.000 0.000 0.121 0 1 0 0 0 0
 6383 171119.000 150789.000 0 0 54.000 48.000 2592.000 50.911 0 1 343 200 0 0
 6384 171078.000 150851.000 0 0 54.000 48.000 2592.000 50.911 0 1 343 200 0 0
 6385 170056.000 152290.000 0 0 56.000 48.000 2688.000 51.845 0 1 343 200 0 0
 6386 165270.000 158335.000 0 0 52.000 50.000 2600.000 50.990 0 1 371 200 0 0
 6387 164845.000 158565.000 0 0 54.000 50.000 2700.000 51.961 0 1 371 200 0 0
 6388 164671.000 158780.000 0 0 54.000 50.000 2700.000 51.961 0 1 371 200 0 0
 6389 162236.000 161407.000 0 0 52.000 52.000 2704.000 52.000 0 1 371 200 0 0
 6390 161980.000 161705.000 0 0 52.000 52.000 2704.000 52.000 0 1 371 200 0 0
 6391 161066.000 162601.000 0 0 52.000 52.000 2704.000 52.000 0 1 371 200 0 0
 6392 156194.000 167016.000 0 0 0.000 0.000 0.000 0.122 0 1 0 0 0 0
 6393 141734.000 176840.000 0 0 44.000 54.000 2376.000 48.744 0 1 453 200 0 0
 6394 141199.000 177135.000 0 0 44.000 56.000 2464.000 49.638 0 1 453 200 0 0
 6395 132133.000 181325.000 0 0 0.000 0.000 0.000 0.121 0 1 0 0 0 0
 6396 125104.000 183796.000 0 0 38.000 54.000 2052.000 45.299 0 1 498 200 0 0
 6397 89269.000 186766.000 0 0 30.000 52.000 1560.000 39.496 0 1 506 200 0 0
 6398 83444.000 185821.000 0 0 32.000 54.000 1728.000 41.569 0 1 495 200 0 0
 6399 77087.000 184355.000 0 0 36.000 56.000 2016.000 44.899 0 1 491 200 0 0
 6400 65655.000 180337.000 0 0 42.000 54.000 2268.000 47.623 0 1 479 200 0 0
 6401 63391.000 179346.000 0 0 0.000 0.000 0.000 0.120 0 1 0 0 0 0
 6402 58506.000 176892.000 0 0 44.000 55.000 2420.000 49.193 0 1 456 200 0 0
 6403 47056.000 169420.000 0 0 50.000 54.000 2700.000 51.961 0 1 418 200 0 0
 6404 42647.000 165851.000 0 0 52.000 52.000 2704.000 52.000 0 1 401 200 0 0
 6405 34980.000 158255.000 0 0 54.000 50.000 2700.000 51.961 0 1 370 200 0 0
 6406 27928.000 149221.000 0 0 54.000 48.000 2592.000 50.911 0 1 341 200 0 0
 6407 25320.000 145141.000 0 0 0.000 0.000 0.000 0.120 0 1 0 0 0 0
 6408 19853.000 134498.000 0 0 54.000 42.000 2268.000 47.623 0 1 303 200 0 0
 6409 18111.000 129940.000 0 0 0.000 0.000 0.000 0.120 0 1 0 0 0 0
 6410 17600.000 128524.000 0 0 0.000 0.000 0.000 0.121 0 1 0 0 0 0
 6411 16299.000 124530.000 0 0 0.000 0.000 0.000 0.120 0 1 0 0 0 0
 6412 15115.000 119963.000 0 0 0.000 0.000 0.000 0.120 0 1 0 0 0 0
 6413 14548.000 117476.000 0 0 0.000 0.000 0.000 0.121 0 1 0 0 0 0
 6414 13595.000 111394.000 0 0 0.000 0.000 0.000 0.120 0 1 0 0 0 0
 6415 13532.000 110993.000 0 0 0.000 0.000 0.000 0.120 0 1 0 0 0 0
 6416 13516.000 110687.000 0 0 0.000 0.000 0.000 0.120 0 1 0 0 0 0
 6417 13092.000 106104.000 0 0 50.000 26.000 1300.000 36.055 0 1 257 200 0 0
 6418 13489.000 89624.000 0 0 0.000 0.000 0.000 0.120 0 1 0 0 0 0
 6419 14187.000 84975.000 0 0 0.000 0.000 0.000 0.121 0 1 0 0 0 0
 6420 19352.000 67216.000 0 0 0.000 0.000 0.000 0.120 0 1 0 0 0 0
 6421 21352.000 62585.000 0 0 56.000 42.000 2352.000 48.497 0 1 159 200 0 0
 6422 21775.000 61805.000 0 0 56.000 42.000 2352.000 48.497 0 1 159 200 0 0
 6423 25189.000 55518.000 0 0 56.000 46.000 2576.000 50.754 0 1 143 200 0 0
 6424 25279.000 55333.000 0 0 56.000 46.000 2576.000 50.754 0 1 143 200 0 0
 6425 34058.000 43180.000 0 0 0.000 0.000 0.000 0.121 0 1 0 0 0 0
 6426 37965.000 38977.000 0 0 0.000 0.000 0.000 0.122 0 1 0 0 0 0
 6427 69622.000 18433.000 0 0 40.000 56.000 2240.000 47.328 0 1 28 200 0 0
 6428 77875.000 15852.000 0 0 0.000 0.000 0.000 0.121 0 1 0 0 0 0
 6429 82407.000 14741.000 0 0 34.000 54.000 1836.000 42.848 0 1 18 200 0 0
 6430 84089.000 14474.000 0 0 0.000 0.000 0.000 0.121 0 1 0 0 0 0
 6431 92890.000 13202.000 0 0 0.000 0.000 0.000 0.122 0 1 0 0 0 0
 6432 94076.000 13166.000 0 0 26.000 50.000 1300.000 36.055 0 1 14 200 0 0
 6433 96338.000 13030.000 0 0 0.000 0.000 0.000 0.121 0 1 0 0 0 0
 6434 107520.000 13273.000 0 0 0.000 0.000 0.000 0.120 0 1 0 0 0 0
 6435 118884.000 14975.000 0 0 0.000 0.000 0.000 0.120 0 1 0 0 0 0
 6436 121200.000 15525.000 0 0 0.000 0.000 0.000 0.123 0 1 0 0 0 0
 6437 135478.000 20377.000 0 0 0.000 0.000 0.000 0.122 0 1 0 0 0 0
 6438 142162.000 23731.000 0 0 46.000 54.000 2484.000 49.839 0 1 48 200 0 0
 6439 144087.000 24840.000 0 0 0.000 0.000 0.000 0.120 0 1 0 0 0 0
 6440 149082.000 27926.000 0 0 48.000 54.000 2592.000 50.911 0 1 71 200 0 0
 6441 151076.000 29198.000 0 0 0.000 0.000 0.000 0.122 0 1 0 0 0 0
 6442 159935.000 36643.000 0 0 0.000 0.000 0.000 0.121 0 1 0 0 0 0
 6443 179046.000 62943.000 0 0 0.000 0.000 0.000 0.120 0 1 0 0 0 0
 6444 179647.000 64248.000 0 0 54.000 42.000 2268.000 47.623 0 1 161 200 0 0
 6445 181602.000 68472.000 0 0 0.000 0.000 0.000 0.124 0 1 0 0 0 0
 6446 184967.000 79618.000 0 0 0.000 0.000 0.000 0.122 0 1 0 0 0 0
 6447 186239.000 85827.000 0 0 52.000 32.000 1664.000 40.792 0 1 207 200 0 0
 6448 186744.000 89269.000 0 0 52.000 30.000 1560.000 39.496 0 1 215 200 0 0
 6449 186835.000 89882.000 0 0 52.000 28.000 1456.000 38.157 0 1 215 200 0 0
 6450 187358.000 94549.000 0 0 50.000 26.000 1300.000 36.055 0 1 220 200 0 0
 6451 187378.000 97463.000 0 0 50.000 24.000 1200.000 34.641 0 1 225 200 0 0
 6452 187395.000 99538.000 0 0 51.000 24.000 1224.000 34.985 0 1 220 200 0 0
 6453 187403.000 104332.000 0 0 50.000 26.000 1300.000 36.055 0 1 250 200 0 0
 6454 187347.000 104404.000 0 0 50.000 26.000 1300.000 36.055 0 1 250 200 0 0
 6455 187104.000 108077.000 0 0 52.000 28.000 1456.000 38.157 0 1 256 200 0 0
 6456 186775.000 111111.000 0 0 52.000 30.000 1560.000 39.496 0 1 264 200 0 0
 6457 186734.000 111216.000 0 0 52.000 30.000 1560.000 39.496 0 1 264 200 0 0
 6458 186251.000 114563.000 0 0 52.000 32.000 1664.000 40.792 0 1 271 200 0 0
 6459 186210.000 114926.000 0 0 54.000 32.000 1728.000 41.569 0 1 271 200 0 0
 6460 186093.000 115539.000 0 0 54.000 32.000 1728.000 41.569 0 1 271 200 0 0
 6461 183614.000 125766.000 0 0 54.000 38.000 2052.000 45.299 0 1 291 200 0 0
 6462 182614.000 128785.000 0 0 54.000 40.000 2160.000 46.475 0 1 291 200 0 0
 6463 178728.000 138322.000 0 0 56.000 42.000 2352.000 48.497 0 1 312 200 0 0
 6464 177899.000 139935.000 0 0 56.000 44.000 2464.000 49.638 0 1 317 200 0 0
 6465 176889.000 141953.000 0 0 54.000 44.000 2376.000 48.744 0 1 317 200 0 0
 6466 176168.000 143158.000 0 0 54.000 46.000 2484.000 49.839 0 1 317 200 0 0
 6467 174788.000 145475.000 0 0 56.000 46.000 2576.000 50.754 0 1 326 200 0 0
 6468 174514.000 146269.000 0 0 56.000 48.000 2688.000 51.845 0 1 326 200 0 0
 6469 174185.000 146489.000 0 0 56.000 48.000 2688.000 51.845 0 1 326 200 0 0
 6470 173529.000 147526.000 0 0 0.000 0.000 0.000 0.120 0 1 0 0 0 0
 6471 172623.000 148919.000 0 0 0.000 0.000 0.000 0.121 0 1 0 0 0 0
 6472 170673.000 151735.000 0 0 56.000 48.000 2688.000 51.845 0 1 343 200 0 0
 6473 167225.000 156107.000 0 0 0.000 0.000 0.000 0.121 0 1 0 0 0 0
 6474 166188.000 157352.000 0 0 0.000 0.000 0.000 0.123 0 1 0 0 0 0
 6475 165092.000 158597.000 0 0 54.000 50.000 2700.000 51.961 0 1 371 200 0 0
 6476 158127.000 165523.000 0 0 50.000 52.000 2600.000 50.990 0 1 397 200 0 0
 6477 157557.000 166047.000 0 0 52.000 52.000 2704.000 52.000 0 1 397 200 0 0
 6478 157299.000 166280.000 0 0 52.000 52.000 2704.000 52.000 0 1 397 200 0 0
 6479 156935.000 166589.000 0 0 52.000 53.000 2756.000 52.497 0 1 397 200 0 0
 6480 156318.000 167105.000 0 0 0.000 0.000 0.000 0.124 0 1 0 0 0 0
 6481 154069.000 168832.000 0 0 50.000 54.000 2700.000 51.961 0 1 419 200 0 0
 6482 154002.000 169017.000 0 0 50.000 54.000 2700.000 51.961 0 1 419 200 0 0
 6483 153540.000 169351.000 0 0 50.000 54.000 2700.000 51.961 0 1 419 200 0 0
 6484 152604.000 170029.000 0 0 50.000 54.000 2700.000 51.961 0 1 419 200 0 0
 6485 150781.000 171388.000 0 0 48.000 54.000 2592.000 50.911 0 1 429 200 0 0
 6486 149338.000 172454.000 0 0 48.000 54.000 2592.000 50.911 0 1 429 200 0 0
 6487 134117.000 180726.000 0 0 0.000 0.000 0.000 0.120 0 1 0 0 0 0
 6488 131042.000 181935.000 0 0 0.000 0.000 0.000 0.120 0 1 0 0 0 0
 6489 94329.000 187422.000 0 0 0.000 0.000 0.000 0.121 0 1 0 0 0 0
 6490 88497.000 186831.000 0 0 30.000 52.000 1560.000 39.496 0 1 506 200 0 0
 6491 87397.000 186673.000 0 0 0.000 0.000 0.000 0.124 0 1 0 0 0 0
 6492 74606.000 183834.000 0 0 38.000 54.000 2052.000 45.299 0 1 497 200 0 0
 6493 74337.000 183726.000 0 0 38.000 54.000 2052.000 45.299 0 1 497 200 0 0
 6494 71174.000 182670.000 0 0 0.000 0.000 0.000 0.120 0 1 0 0 0 0
 6495 64943.000 180233.000 0 0 42.000 54.000 2268.000 47.623 0 1 479 200 0 0
 6496 61597.000 178664.000 0 0 0.000 0.000 0.000 0.120 0 1 0 0 0 0
 6497 53001.000 173844.000 0 0 0.000 0.000 0.000 0.122 0 1 0 0 0 0
 6498 52566.000 173600.000 0 0 0.000 0.000 0.000 0.121 0 1 0 0 0 0
 6499 47011.000 169664.000 0 0 50.000 54.000 2700.000 51.961 0 1 418 200 0 0
 6500 40010.000 163724.000 0 0 52.000 54.000 2808.000 52.990 0 1 386 200 0 0
 6501 35411.000 158999.000 0 0 54.000 50.000 2700.000 51.961 0 1 370 200 0 0
 6502 27467.000 148824.000 0 0 54.000 46.000 2484.000 49.839 0 1 341 200 0 0
 6503 26904.000 148031.000 0 0 54.000 48.000 2592.000 50.911 0 1 335 200 0 0
 6504 25758.000 146262.000 0 0 0.000 0.000 0.000 0.120 0 1 0 0 0 0
 6505 23619.000 142475.000 0 0 0.000 0.000 0.000 0.120 0 1 0 0 0 0
 6506 17927.000 130096.000 0 0 0.000 0.000 0.000 0.121 0 1 0 0 0 0
 6507 17120.000 127649.000 0 0 0.000 0.000 0.000 0.120 0 1 0 0 0 0
 6508 16819.000 126739.000 0 0 0.000 0.000 0.000 0.120 0 1 0 0 0 0
 6509 16069.000 124304.000 0 0 0.000 0.000 0.000 0.122 0 1 0 0 0 0
 6510 13122.000 109047.000 0 0 0.000 0.000 0.000 0.123 0 1 0 0 0 0
 6511 12710.000 98005.000 0 0 0.000 0.000 0.000 0.121 0 1 0 0 0 0
 6512 12995.000 93012.000 0 0 50.000 28.000 1400.000 37.416 0 1 221 200 0 0
 6513 18913.000 67843.000 0 0 0.000 0.000 0.000 0.121 0 1 0 0 0 0
 6514 21258.000 62452.000 0 0 56.000 42.000 2352.000 48.497 0 1 159 200 0 0
 6515 26667.000 52724.000 0 0 0.000 0.000 0.000 0.121 0 1 0 0 0 0
 6516 27754.000 51141.000 0 0 0.000 0.000 0.000 0.124 0 1 0 0 0 0
 6517 29704.000 48429.000 0 0 0.000 0.000 0.000 0.120 0 1 0 0 0 0
 6518 29932.000 48066.000 0 0 0.000 0.000 0.000 0.121 0 1 0 0 0 0
 6519 35070.000 41801.000 0 0 0.000 0.000 0.000 0.124 0 1 0 0 0 0
 6520 40224.000 36446.000 0 0 52.000 54.000 2808.000 52.990 0 1 102 200 0 0
 6521 51954.000 27245.000 0 0 0.000 0.000 0.000 0.120 0 1 0 0 0 0
 6522 53867.000 26035.000 0 0 0.000 0.000 0.000 0.121 0 1 0 0 0 0
 6523 60092.000 22479.000 0 0 0.000 0.000 0.000 0.120 0 1 0 0 0 0
 6524 80820.000 14916.000 0 0 34.000 54.000 1836.000 42.848 0 1 19 200 0 0
 6525 81365.000 14797.000 0 0 34.000 54.000 1836.000 42.848 0 1 19 200 0 0
 6526 84652.000 14176.000 0 0 0.000 0.000 0.000 0.120 0 1 0 0 0 0
 6527 87186.000 13703.000 0 0 0.000 0.000 0.000 0.123 0 1 0 0 0 0
 6528 89880.000 13374.000 0 0 0.000 0.000 0.000 0.120 0 1 0 0 0 0
 6529 94497.000 12933.000 0 0 26.000 50.000 1300.000 36.055 0 1 14 200 0 0
 6530 101125.000 12762.000 0 0 24.000 50.000 1200.000 34.641 0 1 17 200 0 0
 6531 114559.000 13950.000 0 0 0.000 0.000 0.000 0.121 0 1 0 0 0 0
 6532 125106.000 16393.000 0 0 0.000 0.000 0.000 0.120 0 1 0 0 0 0
 6533 126786.000 16895.000 0 0 0.000 0.000 0.000 0.120 0 1 0 0 0 0
 6534 129327.000 17786.000 0 0 0.000 0.000 0.000 0.122 0 1 0 0 0 0
 6535 149352.000 27931.000 0 0 48.000 54.000 2592.000 50.911 0 1 71 200 0 0
 6536 180203.000 65044.000 0 0 54.000 42.000 2268.000 47.623 0 1 161 200 0 0
 6537 182476.000 70712.000 0 0 56.000 40.000 2240.000 47.328 0 1 177 200 0 0
 6538 183468.000 73621.000 0 0 54.000 38.000 2052.000 45.299 0 1 183 200 0 0
 6539 183804.000 74570.000 0 0 54.000 38.000 2052.000 45.299 0 1 185 200 0 0
 6540 184737.000 77969.000 0 0 0.000 0.000 0.000 0.121 0 1 0 0 0 0
 6541 185780.000 82335.000 0 0 54.000 34.000 1836.000 42.848 0 1 205 200 0 0
 6542 187350.000 93642.000 0 0 50.000 26.000 1300.000 36.055 0 1 220 200 0 0
 6543 187363.000 93915.000 0 0 50.000 26.000 1300.000 36.055 0 1 220 200 0 0
 6544 187377.000 94266.000 0 0 50.000 26.000 1300.000 36.055 0 1 220 200 0 0
 6545 187513.000 96930.000 0 0 50.000 24.000 1200.000 34.641 0 1 225 200 0 0
 6546 187555.000 97289.000 0 0 50.000 24.000 1200.000 34.641 0 1 225 200 0 0
 6547 187608.000 100391.000 0 0 51.000 24.000 1224.000 34.985 0 1 220 200 0 0
 6548 187500.000 104504.000 0 0 50.000 26.000 1300.000 36.055 0 1 250 200 0 0
 6549 183471.000 126937.000 0 0 54.000 38.000 2052.000 45.299 0 1 291 200 0 0
 6550 183422.000 127001.000 0 0 54.000 38.000 2052.000 45.299 0 1 291 200 0 0
 6551 182887.000 128618.000 0 0 54.000 40.000 2160.000 46.475 0 1 291 200 0 0
 6552 179410.000 137263.000 0 0 56.000 42.000 2352.000 48.497 0 1 310 210 0 0
 6553 177447.000 141126.000 0 0 56.000 44.000 2464.000 49.638 0 1 317 200 0 0
 6554 176612.000 142778.000 0 0 54.000 46.000 2484.000 49.839 0 1 317 200 0 0
 6555 175785.000 144141.000 0 0 56.000 46.000 2576.000 50.754 0 1 326 200 0 0
 6556 175319.000 144937.000 0 0 56.000 46.000 2576.000 50.754 0 1 326 200 0 0
 6557 167725.000 155987.000 0 0 0.000 0.000 0.000 0.122 0 1 0 0 0 0
 6558 167298.000 156354.000 0 0 0.000 0.000 0.000 0.124 0 1 0 0 0 0
 6559 164032.000 160025.000 0 0 54.000 52.000 2808.000 52.990 0 1 371 200 0 0
 6560 163522.000 160529.000 0 0 54.000 52.000 2808.000 52.990 0 1 371 200 0 0
 6561 156714.000 167203.000 0 0 0.000 0.000 0.000 0.126 0 1 0 0 0 0
 6562 155446.000 168071.000 0 0 50.000 54.000 2700.000 51.961 0 1 417 200 0 0
 6563 152133.000 170631.000 0 0 48.000 56.000 2688.000 51.845 0 1 419 200 0 0
 6564 147683.000 173766.000 0 0 48.000 54.000 2592.000 50.911 0 1 443 200 0 0
 6565 143983.000 175954.000 0 0 46.000 56.000 2576.000 50.754 0 1 443 200 0 0
 6566 143605.000 176230.000 0 0 46.000 54.000 2484.000 49.839 0 1 443 200 0 0
 6567 141214.000 177535.000 0 0 44.000 56.000 2464.000 49.638 0 1 453 200 0 0
 6568 138899.000 178733.000 0 0 44.000 56.000 2464.000 49.638 0 1 443 200 0 0
 6569 130245.000 182392.000 0 0 0.000 0.000 0.000 0.120 0 1 0 0 0 0
 6570 94042.000 187559.000 0 0 0.000 0.000 0.000 0.120 0 1 0 0 0 0
 6571 85969.000 186619.000 0 0 30.000 52.000 1560.000 39.496 0 1 504 200 0 0
 6572 85255.000 186536.000 0 0 32.000 54.000 1728.000 41.569 0 1 504 200 0 0
 6573 75814.000 184346.000 0 0 0.000 0.000 0.000 0.123 0 1 0 0 0 0
 6574 74411.000 183928.000 0 0 38.000 54.000 2052.000 45.299 0 1 497 200 0 0
 6575 74032.000 183805.000 0 0 38.000 54.000 2052.000 45.299 0 1 497 200 0 0
 6576 71371.000 182920.000 0 0 0.000 0.000 0.000 0.120 0 1 0 0 0 0
 6577 68371.000 181836.000 0 0 0.000 0.000 0.000 0.120 0 1 0 0 0 0
 6578 58590.000 177342.000 0 0 44.000 56.000 2464.000 49.638 0 1 456 200 0 0
 6579 45692.000 168838.000 0 0 0.000 0.000 0.000 0.121 0 1 0 0 0 0
 6580 42045.000 165776.000 0 0 52.000 52.000 2704.000 52.000 0 1 401 200 0 0
 6581 40204.000 164070.000 0 0 52.000 54.000 2808.000 52.990 0 1 386 200 0 0
 6582 38477.000 162463.000 0 0 0.000 0.000 0.000 0.122 0 1 0 0 0 0
 6583 37644.000 161703.000 0 0 0.000 0.000 0.000 0.120 0 1 0 0 0 0
 6584 36838.000 160795.000 0 0 0.000 0.000 0.000 0.120 0 1 0 0 0 0
 6585 35525.000 159367.000 0 0 54.000 50.000 2700.000 51.961 0 1 370 200 0 0
 6586 28175.000 150149.000 0 0 0.000 0.000 0.000 0.120 0 1 0 0 0 0
 6587 26558.000 147726.000 0 0 54.000 48.000 2592.000 50.911 0 1 335 200 0 0
 6588 17900.000 130481.000 0 0 0.000 0.000 0.000 0.121 0 1 0 0 0 0
 6589 17543.000 129486.000 0 0 0.000 0.000 0.000 0.120 0 1 0 0 0 0
 6590 12692.000 105743.000 0 0 50.000 26.000 1300.000 36.055 0 1 257 200 0 0
 6591 12610.000 104696.000 0 0 50.000 26.000 1300.000 36.055 0 1 245 200 0 0
 6592 12569.000 104223.000 0 0 50.000 26.000 1300.000 36.055 0 1 245 200 0 0
 6593 12537.000 98460.000 0 0 0.000 0.000 0.000 0.124 0 1 0 0 0 0
 6594 12778.000 93230.000 0 0 50.000 26.000 1300.000 36.055 0 1 221 200 0 0
 6595 13673.000 86183.000 0 0 0.000 0.000 0.000 0.122 0 1 0 0 0 0
 6596 14209.000 83149.000 0 0 0.000 0.000 0.000 0.120 0 1 0 0 0 0
 6597 14699.000 80837.000 0 0 0.000 0.000 0.000 0.121 0 1 0 0 0 0
 6598 14939.000 79625.000 0 0 0.000 0.000 0.000 0.121 0 1 0 0 0 0
 6599 23102.000 58505.000 0 0 55.000 44.000 2420.000 49.193 0 1 152 200 0 0
 6600 24523.000 55854.000 0 0 56.000 46.000 2576.000 50.754 0 1 143 200 0 0
 6601 28822.000 49287.000 0 0 0.000 0.000 0.000 0.120 0 1 0 0 0 0
 6602 44191.000 32792.000 0 0 0.000 0.000 0.000 0.120 0 1 0 0 0 0
 6603 52986.000 26362.000 0 0 0.000 0.000 0.000 0.121 0 1 0 0 0 0
 6604 58535.000 23122.000 0 0 0.000 0.000 0.000 0.120 0 1 0 0 0 0
 6605 64315.000 20254.000 0 0 0.000 0.000 0.000 0.120 0 1 0 0 0 0
 6606 66196.000 19425.000 0 0 0.000 0.000 0.000 0.121 0 1 0 0 0 0
 6607 72415.000 17077.000 0 0 38.000 54.000 2052.000 45.299 0 1 26 200 0 0
 6608 73239.000 16842.000 0 0 0.000 0.000 0.000 0.122 0 1 0 0 0 0
 6609 82422.000 14420.000 0 0 34.000 54.000 1836.000 42.848 0 1 18 200 0 0
 6610 85523.000 13827.000 0 0 0.000 0.000 0.000 0.121 0 1 0 0 0 0
 6611 97376.000 12594.000 0 0 0.000 0.000 0.000 0.125 0 1 0 0 0 0
 6612 104483.000 12701.000 0 0 0.000 0.000 0.000 0.120 0 1 0 0 0 0
 6613 120083.000 14905.000 0 0 0.000 0.000 0.000 0.120 0 1 0 0 0 0
 6614 131680.000 18351.000 0 0 0.000 0.000 0.000 0.123 0 1 0 0 0 0
 6615 148578.000 27195.000 0 0 46.000 54.000 2484.000 49.839 0 1 71 200 0 0
 6616 149189.000 27655.000 0 0 48.000 54.000 2592.000 50.911 0 1 71 200 0 0
 6617 151749.000 29420.000 0 0 0.000 0.000 0.000 0.123 0 1 0 0 0 0
 6618 162337.000 38505.000 0 0 0.000 0.000 0.000 0.121 0 1 0 0 0 0
 6619 182311.000 69726.000 0 0 56.000 40.000 2240.000 47.328 0 1 177 200 0 0
 6620 183365.000 72842.000 0 0 0.000 0.000 0.000 0.121 0 1 0 0 0 0
 6621 186230.000 83890.000 0 0 54.000 32.000 1728.000 41.569 0 1 205 200 0 0
 6622 186830.000 87586.000 0 0 52.000 30.000 1560.000 39.496 0 1 207 200 0 0
 6623 187233.000 90000.000 0 0 52.000 28.000 1456.000 38.157 0 1 215 200 0 0
 6624 187346.000 91497.000 0 0 52.000 28.000 1456.000 38.157 0 1 215 200 0 0
 6625 187542.000 92788.000 0 0 50.000 28.000 1400.000 37.416 0 1 220 200 0 0
 6626 187591.000 94711.000 0 0 50.000 26.000 1300.000 36.055 0 1 220 200 0 0
 6627 187784.000 100004.000 0 0 51.000 25.000 1275.000 35.707 0 1 220 200 0 0
 6628 187741.000 102766.000 0 0 0.000 0.000 0.000 0.120 0 1 0 0 0 0
 6629 186385.000 115732.000 0 0 54.000 32.000 1728.000 41.569 0 1 271 200 0 0
 6630 186398.000 115823.000 0 0 54.000 32.000 1728.000 41.569 0 1 271 200 0 0
 6631 181742.000 132305.000 0 0 56.000 42.000 2352.000 48.497 0 1 291 200 0 0
 6632 181536.000 132806.000 0 0 56.000 42.000 2352.000 48.497 0 1 291 200 0 0
 6633 178098.000 140324.000 0 0 56.000 44.000 2464.000 49.638 0 1 317 200 0 0
 6634 177542.000 141462.000 0 0 56.000 44.000 2464.000 49.638 0 1 317 200 0 0
 6635 170725.000 152309.000 0 0 56.000 48.000 2688.000 51.845 0 1 343 200 0 0
 6636 170521.000 152514.000 0 0 56.000 48.000 2688.000 51.845 0 1 343 200 0 0
 6637 168774.000 154777.000 0 0 54.000 50.000 2700.000 51.961 0 1 343 200 0 0
 6638 164949.000 159293.000 0 0 54.000 50.000 2700.000 51.961 0 1 371 200 0 0
 6639 164361.000 159901.000 0 0 54.000 52.000 2808.000 52.990 0 1 371 200 0 0
 6640 161704.000 162868.000 0 0 52.000 52.000 2704.000 52.000 0 1 371 200 0 0
 6641 160238.000 164039.000 0 0 0.000 0.000 0.000 0.120 0 1 0 0 0 0
 6642 158658.000 165518.000 0 0 50.000 54.000 2700.000 51.961 0 1 397 200 0 0
 6643 150977.000 171634.000 0 0 48.000 54.000 2592.000 50.911 0 1 429 200 0 0
 6644 150545.000 171977.000 0 0 48.000 54.000 2592.000 50.911 0 1 429 200 0 0
 6645 146940.000 174352.000 0 0 48.000 56.000 2688.000 51.845 0 1 443 200 0 0
 6646 138033.000 179307.000 0 0 0.000 0.000 0.000 0.122 0 1 0 0 0 0
 6647 136975.000 179843.000 0 0 42.000 56.000 2352.000 48.497 0 1 481 200 0 0
 6648 100194.000 187941.000 0 0 0.000 0.000 0.000 0.120 0 1 0 0 0 0
 6649 99669.000 187958.000 0 0 0.000 0.000 0.000 0.121 0 1 0 0 0 0
 6650 98101.000 187913.000 0 0 24.000 50.000 1200.000 34.641 0 1 507 200 0 0
 6651 93402.000 187734.000 0 0 0.000 0.000 0.000 0.120 0 1 0 0 0 0
 6652 85445.000 186699.000 0 0 32.000 52.000 1664.000 40.792 0 1 504 200 0 0
 6653 82937.000 186250.000 0 0 32.000 54.000 1728.000 41.569 0 1 495 200 0 0
 6654 81323.000 185878.000 0 0 34.000 54.000 1836.000 42.848 0 1 505 200 0 0
 6655 77434.000 184999.000 0 0 36.000 56.000 2016.000 44.899 0 1 491 200 0 0
 6656 77382.000 184969.000 0 0 36.000 56.000 2016.000 44.899 0 1 491 200 0 0
 6657 75642.000 184487.000 0 0 0.000 0.000 0.000 0.121 0 1 0 0 0 0
 6658 65267.000 180718.000 0 0 42.000 54.000 2268.000 47.623 0 1 479 200 0 0
 6659 60583.000 178555.000 0 0 0.000 0.000 0.000 0.120 0 1 0 0 0 0
 6660 57990.000 177216.000 0 0 44.000 54.000 2376.000 48.744 0 1 456 200 0 0
 6661 35433.000 159490.000 0 0 54.000 50.000 2700.000 51.961 0 1 370 200 0 0
 6662 34651.000 158722.000 0 0 54.000 50.000 2700.000 51.961 0 1 370 200 0 0
 6663 33910.000 157828.000 0 0 0.000 0.000 0.000 0.121 0 1 0 0 0 0
 6664 27425.000 149343.000 0 0 54.000 48.000 2592.000 50.911 0 1 341 200 0 0
 6665 22847.000 141868.000 0 0 0.000 0.000 0.000 0.120 0 1 0 0 0 0
 6666 22689.000 141853.000 0 0 0.000 0.000 0.000 0.125 0 1 0 0 0 0
 6667 19949.000 135926.000 0 0 0.000 0.000 0.000 0.122 0 1 0 0 0 0
 6668 17051.000 128593.000 0 0 0.000 0.000 0.000 0.123 0 1 0 0 0 0
 6669 16036.000 125433.000 0 0 0.000 0.000 0.000 0.123 0 1 0 0 0 0
 6670 13960.000 116941.000 0 0 0.000 0.000 0.000 0.122 0 1 0 0 0 0
 6671 13891.000 116629.000 0 0 0.000 0.000 0.000 0.121 0 1 0 0 0 0
 6672 12763.000 108888.000 0 0 0.000 0.000 0.000 0.120 0 1 0 0 0 0
 6673 12438.000 106485.000 0 0 50.000 26.000 1300.000 36.055 0 1 257 200 0 0
 6674 12493.000 104778.000 0 0 50.000 26.000 1300.000 36.055 0 1 245 200 0 0
 6675 12521.000 95507.000 0 0 0.000 0.000 0.000 0.121 0 1 0 0 0 0
 6676 13528.000 85772.000 0 0 0.000 0.000 0.000 0.120 0 1 0 0 0 0
 6677 16154.000 74518.000 0 0 0.000 0.000 0.000 0.121 0 1 0 0 0 0
 6678 19392.000 65660.000 0 0 55.000 42.000 2310.000 48.062 0 1 169 200 0 0
 6679 26062.000 53103.000 0 0 0.000 0.000 0.000 0.122 0 1 0 0 0 0
 6680 27670.000 50702.000 0 0 0.000 0.000 0.000 0.120 0 1 0 0 0 0
 6681 39603.000 36658.000 0 0 52.000 54.000 2808.000 52.990 0 1 102 200 0 0
 6682 42165.000 34310.000 0 0 0.000 0.000 0.000 0.122 0 1 0 0 0 0
 6683 45893.000 31214.000 0 0 0.000 0.000 0.000 0.120 0 1 0 0 0 0
 6684 56151.000 24234.000 0 0 0.000 0.000 0.000 0.122 0 1 0 0 0 0
 6685 61270.000 21512.000 0 0 0.000 0.000 0.000 0.122 0 1 0 0 0 0
 6686 61687.000 21330.000 0 0 0.000 0.000 0.000 0.121 0 1 0 0 0 0
 6687 69264.000 18036.000 0 0 40.000 56.000 2240.000 47.328 0 1 28 200 0 0
 6688 70524.000 17573.000 0 0 40.000 56.000 2240.000 47.328 0 1 26 200 0 0
 6689 71492.000 17245.000 0 0 40.000 54.000 2160.000 46.475 0 1 26 200 0 0
 6690 89085.000 13135.000 0 0 0.000 0.000 0.000 0.120 0 1 0 0 0 0
 6691 94524.000 12626.000 0 0 26.000 50.000 1300.000 36.055 0 1 14 200 0 0
 6692 142035.000 23069.000 0 0 44.000 54.000 2376.000 48.744 0 1 48 200 0 0
 6693 149439.000 27587.000 0 0 48.000 54.000 2592.000 50.911 0 1 71 200 0 0
 6694 175401.000 54989.000 0 0 0.000 0.000 0.000 0.121 0 1 0 0 0 0
 6695 175632.000 55434.000 0 0 0.000 0.000 0.000 0.122 0 1 0 0 0 0
 6696 179657.000 63012.000 0 0 0.000 0.000 0.000 0.121 0 1 0 0 0 0
 6697 184874.000 76690.000 0 0 0.000 0.000 0.000 0.123 0 1 0 0 0 0
 6698 186158.000 82468.000 0 0 54.000 32.000 1728.000 41.569 0 1 205 200 0 0
 6699 186545.000 84653.000 0 0 54.000 32.000 1728.000 41.569 0 1 207 200 0 0
 6700 187006.000 87355.000 0 0 52.000 30.000 1560.000 39.496 0 1 207 200 0 0
 6701 187142.000 88298.000 0 0 52.000 30.000 1560.000 39.496 0 1 207 200 0 0
 6702 187181.000 88445.000 0 0 52.000 30.000 1560.000 39.496 0 1 207 200 0 0
 6703 187706.000 93598.000 0 0 50.000 26.000 1300.000 36.055 0 1 220 200 0 0
 6704 187961.000 97191.000 0 0 50.000 24.000 1200.000 34.641 0 1 225 200 0 0
 6705 187977.000 100341.000 0 0 51.000 24.000 1224.000 34.985 0 1 220 200 0 0
 6706 187923.000 101356.000 0 0 0.000 0.000 0.000 0.120 0 1 0 0 0 0
 6707 187950.000 101508.000 0 0 0.000 0.000 0.000 0.120 0 1 0 0 0 0
 6708 187623.000 107679.000 0 0 52.000 28.000 1456.000 38.157 0 1 256 200 0 0
 6709 187434.000 109327.000 0 0 52.000 28.000 1456.000 38.157 0 1 258 200 0 0
 6710 186967.000 113236.000 0 0 0.000 0.000 0.000 0.122 0 1 0 0 0 0
 6711 186765.000 114722.000 0 0 54.000 32.000 1728.000 41.569 0 1 271 200 0 0
 6712 186395.000 116597.000 0 0 54.000 32.000 1728.000 41.569 0 1 271 200 0 0
 6713 185840.000 119389.000 0 0 54.000 34.000 1836.000 42.848 0 1 279 200 0 0
 6714 185655.000 120098.000 0 0 54.000 34.000 1836.000 42.848 0 1 279 200 0 0
 6715 185390.000 121265.000 0 0 54.000 36.000 1944.000 44.090 0 1 279 200 0 0
 6716 183910.000 126526.000 0 0 54.000 38.000 2052.000 45.299 0 1 291 200 0 0
 6717 181589.000 133000.000 0 0 56.000 42.000 2352.000 48.497 0 1 291 200 0 0
 6718 180688.000 135303.000 0 0 0.000 0.000 0.000 0.121 0 1 0 0 0 0
 6719 179560.000 137705.000 0 0 56.000 42.000 2352.000 48.497 0 1 310 210 0 0
 6720 177351.000 142128.000 0 0 54.000 44.000 2376.000 48.744 0 1 317 200 0 0
 6721 177079.000 142570.000 0 0 54.000 46.000 2484.000 49.839 0 1 317 200 0 0
 6722 175959.000 144827.000 0 0 56.000 46.000 2576.000 50.754 0 1 326 200 0 0
 6723 174605.000 146860.000 0 0 56.000 48.000 2688.000 51.845 0 1 326 200 0 0
 6724 174059.000 147576.000 0 0 0.000 0.000 0.000 0.121 0 1 0 0 0 0
 6725 172237.000 150354.000 0 0 54.000 48.000 2592.000 50.911 0 1 343 200 0 0
 6726 171418.000 151533.000 0 0 56.000 48.000 2688.000 51.845 0 1 343 200 0 0
 6727 168229.000 155748.000 0 0 0.000 0.000 0.000 0.125 0 1 0 0 0 0
 6728 163256.000 161306.000 0 0 52.000 52.000 2704.000 52.000 0 1 371 200 0 0
 6729 158394.000 165988.000 0 0 50.000 52.000 2600.000 50.990 0 1 397 200 0 0
 6730 154825.000 169165.000 0 0 50.000 54.000 2700.000 51.961 0 1 417 200 0 0
 6731 154657.000 169149.000 0 0 50.000 54.000 2700.000 51.961 0 1 417 200 0 0
 6732 153604.000 170020.000 0 0 50.000 54.000 2700.000 51.961 0 1 419 200 0 0
 6733 148795.000 173353.000 0 0 0.000 0.000 0.000 0.120 0 1 0 0 0 0
 6734 145672.000 175389.000 0 0 46.000 56.000 2576.000 50.754 0 1 443 200 0 0
 6735 143214.000 176973.000 0 0 46.000 54.000 2484.000 49.839 0 1 443 200 0 0
 6736 141726.000 177645.000 0 0 44.000 56.000 2464.000 49.638 0 1 453 200 0 0
 6737 141296.000 177850.000 0 0 44.000 56.000 2464.000 49.638 0 1 453 200 0 0
 6738 140137.000 178464.000 0 0 44.000 56.000 2464.000 49.638 0 1 443 200 0 0
 6739 135343.000 180719.000 0 0 42.000 54.000 2268.000 47.623 0 1 481 200 0 0
 6740 135161.000 180795.000 0 0 42.000 54.000 2268.000 47.623 0 1 481 200 0 0
 6741 133555.000 181455.000 0 0 42.000 56.000 2352.000 48.497 0 1 488 200 0 0
 6742 125386.000 184387.000 0 0 38.000 54.000 2052.000 45.299 0 1 498 200 0 0
 6743 124926.000 184567.000 0 0 38.000 54.000 2052.000 45.299 0 1 498 200 0 0
 6744 84489.000 186758.000 0 0 32.000 54.000 1728.000 41.569 0 1 504 200 0 0
 6745 81193.000 186115.000 0 0 34.000 54.000 1836.000 42.848 0 1 505 200 0 0
 6746 79527.000 185682.000 0 0 0.000 0.000 0.000 0.120 0 1 0 0 0 0
 6747 73799.000 184111.000 0 0 38.000 54.000 2052.000 45.299 0 1 497 200 0 0
 6748 58210.000 177526.000 0 0 44.000 56.000 2464.000 49.638 0 1 456 200 0 0
 6749 57100.000 176892.000 0 0 0.000 0.000 0.000 0.121 0 1 0 0 0 0
 6750 53451.000 174736.000 0 0 0.000 0.000 0.000 0.122 0 1 0 0 0 0
 6751 51945.000 173790.000 0 0 0.000 0.000 0.000 0.120 0 1 0 0 0 0
 6752 49145.000 171868.000 0 0 48.000 54.000 2592.000 50.911 0 1 431 210 0 0
 6753 41917.000 166103.000 0 0 52.000 52.000 2704.000 52.000 0 1 401 200 0 0
 6754 21214.000 138987.000 0 0 0.000 0.000 0.000 0.122 0 1 0 0 0 0
 6755 18311.000 132431.000 0 0 0.000 0.000 0.000 0.121 0 1 0 0 0 0
 6756 13264.000 113735.000 0 0 0.000 0.000 0.000 0.121 0 1 0 0 0 0
 6757 12923.000 111608.000 0 0 0.000 0.000 0.000 0.121 0 1 0 0 0 0
 6758 12443.000 107424.000 0 0 52.000 28.000 1456.000 38.157 0 1 257 200 0 0
 6759 12464.000 107071.000 0 0 50.000 28.000 1400.000 37.416 0 1 257 200 0 0
 6760 12236.000 103491.000 0 0 50.000 24.000 1200.000 34.641 0 1 245 200 0 0
 6761 12225.000 101853.000 0 0 0.000 0.000 0.000 0.122 0 1 0 0 0 0
 6762 12724.000 90141.000 0 0 0.000 0.000 0.000 0.120 0 1 0 0 0 0
 6763 19539.000 64897.000 0 0 54.000 40.000 2160.000 46.475 0 1 169 200 0 0
 6764 22762.000 58350.000 0 0 56.000 44.000 2464.000 49.638 0 1 152 200 0 0
 6765 31563.000 45146.000 0 0 0.000 0.000 0.000 0.120 0 1 0 0 0 0
 6766 39468.000 36565.000 0 0 52.000 54.000 2808.000 52.990 0 1 102 200 0 0
 6767 54697.000 24927.000 0 0 0.000 0.000 0.000 0.122 0 1 0 0 0 0
 6768 68588.000 18157.000 0 0 40.000 56.000 2240.000 47.328 0 1 28 200 0 0
 6769 75817.000 15686.000 0 0 0.000 0.000 0.000 0.120 0 1 0 0 0 0
 6770 92938.000 12553.000 0 0 0.000 0.000 0.000 0.122 0 1 0 0 0 0
 6771 94352.000 12455.000 0 0 26.000 50.000 1300.000 36.055 0 1 14 200 0 0
 6772 107920.000 12610.000 0 0 0.000 0.000 0.000 0.123 0 1 0 0 0 0
 6773 137259.000 20463.000 0 0 0.000 0.000 0.000 0.120 0 1 0 0 0 0
 6774 143315.000 23570.000 0 0 0.000 0.000 0.000 0.123 0 1 0 0 0 0
 6775 143475.000 23647.000 0 0 0.000 0.000 0.000 0.120 0 1 0 0 0 0
 6776 146078.000 25203.000 0 0 0.000 0.000 0.000 0.120 0 1 0 0 0 0
 6777 157164.000 33257.000 0 0 0.000 0.000 0.000 0.121 0 1 0 0 0 0
 6778 159582.000 35388.000 0 0 0.000 0.000 0.000 0.122 0 1 0 0 0 0
 6779 177035.000 57598.000 0 0 0.000 0.000 0.000 0.120 0 1 0 0 0 0
 6780 180429.000 64268.000 0 0 54.000 42.000 2268.000 47.623 0 1 161 200 0 0
 6781 182220.000 68567.000 0 0 0.000 0.000 0.000 0.121 0 1 0 0 0 0
 6782 182865.000 70200.000 0 0 56.000 40.000 2240.000 47.328 0 1 177 200 0 0
 6783 184403.000 74943.000 0 0 54.000 38.000 2052.000 45.299 0 1 185 200 0 0
 6784 186403.000 83089.000 0 0 54.000 32.000 1728.000 41.569 0 1 205 200 0 0
 6785 186866.000 85534.000 0 0 52.000 32.000 1664.000 40.792 0 1 207 200 0 0
 6786 186992.000 86168.000 0 0 52.000 30.000 1560.000 39.496 0 1 207 200 0 0
 6787 187797.000 92872.000 0 0 50.000 28.000 1400.000 37.416 0 1 220 200 0 0
 6788 188050.000 96437.000 0 0 50.000 26.000 1300.000 36.055 0 1 225 200 0 0
 6789 188121.000 99229.000 0 0 50.000 24.000 1200.000 34.641 0 1 220 200 0 0
 6790 188116.000 105554.000 0 0 0.000 0.000 0.000 0.125 0 1 0 0 0 0
 6791 187511.000 110597.000 0 0 0.000 0.000 0.000 0.122 0 1 0 0 0 0
 6792 187025.000 114474.000 0 0 52.000 32.000 1664.000 40.792 0 1 271 200 0 0
 6793 186361.000 117669.000 0 0 54.000 34.000 1836.000 42.848 0 1 271 200 0 0
 6794 185676.000 120835.000 0 0 54.000 34.000 1836.000 42.848 0 1 279 200 0 0
 6795 183096.000 129502.000 0 0 0.000 0.000 0.000 0.120 0 1 0 0 0 0
 6796 179685.000 137848.000 0 0 56.000 42.000 2352.000 48.497 0 1 310 210 0 0
 6797 176997.000 143098.000 0 0 54.000 46.000 2484.000 49.839 0 1 317 200 0 0
 6798 174598.000 147105.000 0 0 56.000 48.000 2688.000 51.845 0 1 326 200 0 0
 6799 171975.000 151035.000 0 0 54.000 48.000 2592.000 50.911 0 1 343 200 0 0
 6800 170571.000 153004.000 0 0 54.000 50.000 2700.000 51.961 0 1 343 200 0 0
 6801 164334.000 160445.000 0 0 54.000 52.000 2808.000 52.990 0 1 371 200 0 0
 6802 163123.000 161717.000 0 0 52.000 52.000 2704.000 52.000 0 1 371 200 0 0
 6803 162607.000 162239.000 0 0 52.000 52.000 2704.000 52.000 0 1 371 200 0 0
 6804 155671.000 168474.000 0 0 50.000 54.000 2700.000 51.961 0 1 417 200 0 0
 6805 154936.000 169148.000 0 0 50.000 54.000 2700.000 51.961 0 1 417 200 0 0
 6806 154567.000 169424.000 0 0 50.000 54.000 2700.000 51.961 0 1 417 200 0 0
 6807 153518.000 170205.000 0 0 50.000 54.000 2700.000 51.961 0 1 419 200 0 0
 6808 146346.000 175150.000 0 0 48.000 56.000 2688.000 51.845 0 1 443 200 0 0
 6809 145152.000 175908.000 0 0 46.000 56.000 2576.000 50.754 0 1 443 200 0 0
 6810 144719.000 176138.000 0 0 46.000 56.000 2576.000 50.754 0 1 443 200 0 0
 6811 143670.000 176735.000 0 0 46.000 54.000 2484.000 49.839 0 1 443 200 0 0
 6812 139820.000 178807.000 0 0 44.000 56.000 2464.000 49.638 0 1 443 200 0 0
 6813 134582.000 181271.000 0 0 0.000 0.000 0.000 0.121 0 1 0 0 0 0
 6814 132368.000 182160.000 0 0 0.000 0.000 0.000 0.124 0 1 0 0 0 0
 6815 125472.000 184512.000 0 0 38.000 54.000 2052.000 45.299 0 1 498 200 0 0
 6816 121681.000 185587.000 0 0 0.000 0.000 0.000 0.120 0 1 0 0 0 0
 6817 115242.000 187096.000 0 0 0.000 0.000 0.000 0.121 0 1 0 0 0 0
 6818 98945.000 188301.000 0 0 0.000 0.000 0.000 0.121 0 1 0 0 0 0
 6819 89944.000 187694.000 0 0 0.000 0.000 0.000 0.120 0 1 0 0 0 0
 6820 68993.000 182639.000 0 0 0.000 0.000 0.000 0.122 0 1 0 0 0 0
 6821 64576.000 180816.000 0 0 42.000 54.000 2268.000 47.623 0 1 479 200 0 0
 6822 62706.000 179941.000 0 0 42.000 56.000 2352.000 48.497 0 1 478 200 0 0
 6823 62275.000 179777.000 0 0 42.000 56.000 2352.000 48.497 0 1 478 200 0 0
 6824 31738.000 155767.000 0 0 0.000 0.000 0.000 0.122 0 1 0 0 0 0
 6825 31543.000 155529.000 0 0 0.000 0.000 0.000 0.121 0 1 0 0 0 0
 6826 30085.000 153673.000 0 0 0.000 0.000 0.000 0.120 0 1 0 0 0 0
 6827 16163.000 126965.000 0 0 0.000 0.000 0.000 0.120 0 1 0 0 0 0
 6828 14984.000 122719.000 0 0 0.000 0.000 0.000 0.120 0 1 0 0 0 0
 6829 14085.000 119157.000 0 0 0.000 0.000 0.000 0.120 0 1 0 0 0 0
 6830 12204.000 106336.000 0 0 50.000 26.000 1300.000 36.055 0 1 257 200 0 0
 6831 12095.000 96212.000 0 0 0.000 0.000 0.000 0.121 0 1 0 0 0 0
 6832 12480.000 90981.000 0 0 0.000 0.000 0.000 0.121 0 1 0 0 0 0
 6833 15308.000 76339.000 0 0 0.000 0.000 0.000 0.121 0 1 0 0 0 0
 6834 16920.000 71283.000 0 0 0.000 0.000 0.000 0.122 0 1 0 0 0 0
 6835 26533.000 51686.000 0 0 0.000 0.000 0.000 0.120 0 1 0 0 0 0
 6836 48006.000 29144.000 0 0 0.000 0.000 0.000 0.120 0 1 0 0 0 0
 6837 61879.000 20838.000 0 0 0.000 0.000 0.000 0.121 0 1 0 0 0 0
 6838 64823.000 19453.000 0 0 0.000 0.000 0.000 0.120 0 1 0 0 0 0
 6839 69744.000 17489.000 0 0 40.000 56.000 2240.000 47.328 0 1 28 200 0 0
 6840 70912.000 17077.000 0 0 40.000 54.000 2160.000 46.475 0 1 26 200 0 0
 6841 72111.000 16643.000 0 0 38.000 54.000 2052.000 45.299 0 1 26 200 0 0
 6842 82790.000 13821.000 0 0 32.000 54.000 1728.000 41.569 0 1 18 200 0 0
 6843 102062.000 12192.000 0 0 0.000 0.000 0.000 0.120 0 1 0 0 0 0
 6844 133506.000 18653.000 0 0 0.000 0.000 0.000 0.121 0 1 0 0 0 0
 6845 134246.000 18964.000 0 0 0.000 0.000 0.000 0.120 0 1 0 0 0 0
 6846 139058.000 21150.000 0 0 0.000 0.000 0.000 0.120 0 1 0 0 0 0
 6847 142558.000 22984.000 0 0 46.000 54.000 2484.000 49.839 0 1 48 200 0 0
 6848 150559.000 27960.000 0 0 48.000 54.000 2592.000 50.911 0 1 71 200 0 0
 6849 155163.000 31372.000 0 0 0.000 0.000 0.000 0.120 0 1 0 0 0 0
 6850 173842.000 51888.000 0 0 0.000 0.000 0.000 0.121 0 1 0 0 0 0
 6851 181542.000 66501.000 0 0 56.000 42.000 2352.000 48.497 0 1 174 200 0 0
 6852 183846.000 72189.000 0 0 0.000 0.000 0.000 0.125 0 1 0 0 0 0
 6853 183748.000 72445.000 0 0 0.000 0.000 0.000 0.120 0 1 0 0 0 0
 6854 184680.000 75266.000 0 0 55.000 38.000 2090.000 45.716 0 1 185 200 0 0
 6855 187279.000 87046.000 0 0 52.000 30.000 1560.000 39.496 0 1 207 200 0 0
 6856 187794.000 91188.000 0 0 52.000 28.000 1456.000 38.157 0 1 207 200 0 0
 6857 187981.000 93132.000 0 0 50.000 26.000 1300.000 36.055 0 1 220 200 0 0
 6858 188177.000 104245.000 0 0 50.000 26.000 1300.000 36.055 0 1 250 200 0 0
 6859 186664.000 116967.000 0 0 54.000 32.000 1728.000 41.569 0 1 271 200 0 0
 6860 186576.000 117324.000 0 0 54.000 32.000 1728.000 41.569 0 1 271 200 0 0
 6861 186261.000 119003.000 0 0 54.000 34.000 1836.000 42.848 0 1 279 200 0 0
 6862 183831.000 127972.000 0 0 0.000 0.000 0.000 0.126 0 1 0 0 0 0
 6863 183362.000 129269.000 0 0 0.000 0.000 0.000 0.120 0 1 0 0 0 0
 6864 183068.000 130120.000 0 0 0.000 0.000 0.000 0.121 0 1 0 0 0 0
 6865 181667.000 133824.000 0 0 56.000 42.000 2352.000 48.497 0 1 291 200 0 0
 6866 180935.000 135586.000 0 0 0.000 0.000 0.000 0.120 0 1 0 0 0 0
 6867 178842.000 140017.000 0 0 56.000 44.000 2464.000 49.638 0 1 317 200 0 0
 6868 178130.000 141329.000 0 0 56.000 44.000 2464.000 49.638 0 1 317 200 0 0
 6869 176677.000 144121.000 0 0 54.000 46.000 2484.000 49.839 0 1 328 200 0 0
 6870 173070.000 149825.000 0 0 54.000 48.000 2592.000 50.911 0 1 343 200 0 0
 6871 164716.000 160271.000 0 0 54.000 52.000 2808.000 52.990 0 1 371 200 0 0
 6872 163585.000 161501.000 0 0 52.000 52.000 2704.000 52.000 0 1 371 200 0 0
 6873 160762.000 164268.000 0 0 0.000 0.000 0.000 0.120 0 1 0 0 0 0
 6874 158267.000 166547.000 0 0 52.000 52.000 2704.000 52.000 0 1 397 200 0 0
 6875 154366.000 169763.000 0 0 50.000 54.000 2700.000 51.961 0 1 417 200 0 0
 6876 151986.000 171572.000 0 0 48.000 56.000 2688.000 51.845 0 1 419 200 0 0
 6877 150505.000 172590.000 0 0 48.000 54.000 2592.000 50.911 0 1 429 200 0 0
 6878 150385.000 172839.000 0 0 48.000 54.000 2592.000 50.911 0 1 429 200 0 0
 6879 149890.000 173023.000 0 0 48.000 54.000 2592.000 50.911 0 1 429 200 0 0
 6880 149248.000 173484.000 0 0 0.000 0.000 0.000 0.124 0 1 0 0 0 0
 6881 147558.000 174578.000 0 0 48.000 56.000 2688.000 51.845 0 1 443 200 0 0
 6882 146762.000 175108.000 0 0 48.000 56.000 2688.000 51.845 0 1 443 200 0 0
 6883 144962.000 176209.000 0 0 46.000 56.000 2576.000 50.754 0 1 443 200 0 0
 6884 141943.000 177951.000 0 0 44.000 56.000 2464.000 49.638 0 1 453 200 0 0
 6885 140465.000 178630.000 0 0 44.000 56.000 2464.000 49.638 0 1 443 200 0 0
 6886 139346.000 179294.000 0 0 44.000 56.000 2464.000 49.638 0 1 443 200 0 0
 6887 136704.000 180535.000 0 0 42.000 54.000 2268.000 47.623 0 1 481 200 0 0
 6888 136118.000 180768.000 0 0 42.000 54.000 2268.000 47.623 0 1 481 200 0 0
 6889 134275.000 181611.000 0 0 42.000 56.000 2352.000 48.497 0 1 488 200 0 0
 6890 134112.000 181617.000 0 0 42.000 56.000 2352.000 48.497 0 1 488 200 0 0
 6891 133442.000 181912.000 0 0 42.000 56.000 2352.000 48.497 0 1 488 200 0 0
 6892 131184.000 182803.000 0 0 40.000 56.000 2240.000 47.328 0 1 488 200 0 0
 6893 126085.000 184523.000 0 0 38.000 54.000 2052.000 45.299 0 1 498 200 0 0
 6894 125250.000 184788.000 0 0 38.000 54.000 2052.000 45.299 0 1 498 200 0 0
 6895 115737.000 187079.000 0 0 0.000 0.000 0.000 0.121 0 1 0 0 0 0
 6896 91159.000 188135.000 0 0 0.000 0.000 0.000 0.122 0 1 0 0 0 0
 6897 87128.000 187517.000 0 0 0.000 0.000 0.000 0.122 0 1 0 0 0 0
 6898 85088.000 187162.000 0 0 32.000 54.000 1728.000 41.569 0 1 504 200 0 0
 6899 81335.000 186452.000 0 0 34.000 54.000 1836.000 42.848 0 1 505 200 0 0
 6900 75098.000 184878.000 0 0 38.000 54.000 2052.000 45.299 0 1 502 200 0 0
 6901 67027.000 182117.000 0 0 0.000 0.000 0.000 0.120 0 1 0 0 0 0
 6902 62990.000 180284.000 0 0 42.000 56.000 2352.000 48.497 0 1 478 200 0 0
 6903 62147.000 179859.000 0 0 42.000 56.000 2352.000 48.497 0 1 478 200 0 0
 6904 45861.000 169989.000 0 0 0.000 0.000 0.000 0.121 0 1 0 0 0 0
 6905 41617.000 166296.000 0 0 52.000 52.000 2704.000 52.000 0 1 401 200 0 0
 6906 35703.000 160556.000 0 0 0.000 0.000 0.000 0.121 0 1 0 0 0 0
 6907 25485.000 147356.000 0 0 0.000 0.000 0.000 0.123 0 1 0 0 0 0
 6908 17807.000 132120.000 0 0 0.000 0.000 0.000 0.120 0 1 0 0 0 0
 6909 15729.000 126140.000 0 0 0.000 0.000 0.000 0.121 0 1 0 0 0 0
 6910 13656.000 118065.000 0 0 0.000 0.000 0.000 0.120 0 1 0 0 0 0
 6911 12342.000 109768.000 0 0 0.000 0.000 0.000 0.121 0 1 0 0 0 0
 6912 12118.000 107026.000 0 0 50.000 26.000 1300.000 36.055 0 1 257 200 0 0
 6913 11932.000 104192.000 0 0 50.000 26.000 1300.000 36.055 0 1 245 200 0 0
 6914 11835.000 101797.000 0 0 0.000 0.000 0.000 0.121 0 1 0 0 0 0
 6915 11862.000 98065.000 0 0 0.000 0.000 0.000 0.121 0 1 0 0 0 0
 6916 12079.000 93539.000 0 0 50.000 26.000 1300.000 36.055 0 1 221 200 0 0
 6917 15426.000 75260.000 0 0 0.000 0.000 0.000 0.120 0 1 0 0 0 0
 6918 15500.000 75181.000 0 0 0.000 0.000 0.000 0.120 0 1 0 0 0 0
 6919 16183.000 72841.000 0 0 0.000 0.000 0.000 0.122 0 1 0 0 0 0
 6920 16944.000 70696.000 0 0 0.000 0.000 0.000 0.120 0 1 0 0 0 0
 6921 21285.000 60527.000 0 0 0.000 0.000 0.000 0.120 0 1 0 0 0 0
 6922 22142.000 58827.000 0 0 56.000 44.000 2464.000 49.638 0 1 152 200 0 0
 6923 24379.000 54876.000 0 0 0.000 0.000 0.000 0.120 0 1 0 0 0 0
 6924 24998.000 53841.000 0 0 0.000 0.000 0.000 0.121 0 1 0 0 0 0
 6925 25391.000 53199.000 0 0 0.000 0.000 0.000 0.120 0 1 0 0 0 0
 6926 36238.000 39242.000 0 0 0.000 0.000 0.000 0.120 0 1 0 0 0 0
 6927 39585.000 35957.000 0 0 52.000 54.000 2808.000 52.990 0 1 102 200 0 0
 6928 43927.000 32109.000 0 0 0.000 0.000 0.000 0.121 0 1 0 0 0 0
 6929 49120.000 28128.000 0 0 0.000 0.000 0.000 0.120 0 1 0 0 0 0
 6930 49346.000 27973.000 0 0 0.000 0.000 0.000 0.121 0 1 0 0 0 0
 6931 55202.000 24192.000 0 0 0.000 0.000 0.000 0.121 0 1 0 0 0 0
 6932 59312.000 21907.000 0 0 0.000 0.000 0.000 0.121 0 1 0 0 0 0
 6933 59985.000 21428.000 0 0 0.000 0.000 0.000 0.124 0 1 0 0 0 0
 6934 62648.000 20268.000 0 0 0.000 0.000 0.000 0.121 0 1 0 0 0 0
 6935 80001.000 14250.000 0 0 0.000 0.000 0.000 0.121 0 1 0 0 0 0
 6936 117297.000 13579.000 0 0 0.000 0.000 0.000 0.125 0 1 0 0 0 0
 6937 127421.000 16247.000 0 0 0.000 0.000 0.000 0.120 0 1 0 0 0 0
 6938 134084.000 18707.000 0 0 0.000 0.000 0.000 0.121 0 1 0 0 0 0
 6939 139839.000 21386.000 0 0 0.000 0.000 0.000 0.122 0 1 0 0 0 0
 6940 146660.000 25129.000 0 0 0.000 0.000 0.000 0.120 0 1 0 0 0 0
 6941 150036.000 27364.000 0 0 48.000 54.000 2592.000 50.911 0 1 71 200 0 0
 6942 153146.000 29581.000 0 0 0.000 0.000 0.000 0.120 0 1 0 0 0 0
 6943 156984.000 32661.000 0 0 0.000 0.000 0.000 0.120 0 1 0 0 0 0
 6944 173142.000 50575.000 0 0 0.000 0.000 0.000 0.120 0 1 0 0 0 0
 6945 176084.000 55113.000 0 0 0.000 0.000 0.000 0.121 0 1 0 0 0 0
 6946 180515.000 63310.000 0 0 54.000 42.000 2268.000 47.623 0 1 161 200 0 0
 6947 180529.000 63648.000 0 0 54.000 42.000 2268.000 47.623 0 1 161 200 0 0
 6948 181348.000 65527.000 0 0 0.000 0.000 0.000 0.120 0 1 0 0 0 0
 6949 181866.000 66688.000 0 0 56.000 42.000 2352.000 48.497 0 1 174 200 0 0
 6950 181871.000 66823.000 0 0 56.000 42.000 2352.000 48.497 0 1 174 200 0 0
 6951 182022.000 67191.000 0 0 56.000 42.000 2352.000 48.497 0 1 174 200 0 0
 6952 183590.000 71311.000 0 0 54.000 40.000 2160.000 46.475 0 1 177 200 0 0
 6953 184214.000 73254.000 0 0 54.000 38.000 2052.000 45.299 0 1 183 200 0 0
 6954 186062.000 79379.000 0 0 54.000 34.000 1836.000 42.848 0 1 185 200 0 0
 6955 187723.000 88765.000 0 0 52.000 30.000 1560.000 39.496 0 1 207 200 0 0
 6956 187969.000 90911.000 0 0 52.000 28.000 1456.000 38.157 0 1 207 200 0 0
 6957 188272.000 95028.000 0 0 50.000 26.000 1300.000 36.055 0 1 220 200 0 0
 6958 188432.000 98167.000 0 0 50.000 24.000 1200.000 34.641 0 1 220 200 0 0
 6959 188361.000 104406.000 0 0 50.000 26.000 1300.000 36.055 0 1 250 200 0 0
 6960 187065.000 115841.000 0 0 54.000 32.000 1728.000 41.569 0 1 271 200 0 0
 6961 186218.000 119995.000 0 0 54.000 34.000 1836.000 42.848 0 1 279 200 0 0
 6962 181937.000 133867.000 0 0 56.000 42.000 2352.000 48.497 0 1 291 200 0 0
 6963 179378.000 139300.000 0 0 56.000 44.000 2464.000 49.638 0 1 317 200 0 0
 6964 178871.000 140312.000 0 0 56.000 44.000 2464.000 49.638 0 1 317 200 0 0
 6965 177568.000 142665.000 0 0 54.000 46.000 2484.000 49.839 0 1 317 200 0 0
 6966 176385.000 144857.000 0 0 56.000 46.000 2576.000 50.754 0 1 328 200 0 0
 6967 174014.000 148650.000 0 0 0.000 0.000 0.000 0.122 0 1 0 0 0 0
 6968 173033.000 150163.000 0 0 54.000 48.000 2592.000 50.911 0 1 343 200 0 0
 6969 171996.000 151652.000 0 0 54.000 48.000 2592.000 50.911 0 1 343 200 0 0
 6970 166977.000 157990.000 0 0 0.000 0.000 0.000 0.121 0 1 0 0 0 0
 6971 157759.000 167225.000 0 0 52.000 52.000 2704.000 52.000 0 1 397 200 0 0
 6972 156370.000 168385.000 0 0 50.000 54.000 2700.000 51.961 0 1 417 200 0 0
 6973 155072.000 169421.000 0 0 50.000 54.000 2700.000 51.961 0 1 417 200 0 0
 6974 154566.000 169847.000 0 0 50.000 54.000 2700.000 51.961 0 1 417 200 0 0
 6975 153568.000 170550.000 0 0 50.000 54.000 2700.000 51.961 0 1 419 200 0 0
 6976 151439.000 172173.000 0 0 48.000 54.000 2592.000 50.911 0 1 419 200 0 0
 6977 145435.000 176059.000 0 0 46.000 56.000 2576.000 50.754 0 1 443 200 0 0
 6978 126284.000 184651.000 0 0 38.000 54.000 2052.000 45.299 0 1 498 200 0 0
 6979 118629.000 186667.000 0 0 34.000 54.000 1836.000 42.848 0 1 509 200 0 0
 6980 97102.000 188578.000 0 0 0.000 0.000 0.000 0.120 0 1 0 0 0 0
 6981 82911.000 186965.000 0 0 32.000 54.000 1728.000 41.569 0 1 495 200 0 0
 6982 81003.000 186542.000 0 0 34.000 54.000 1836.000 42.848 0 1 505 200 0 0
 6983 74708.000 184910.000 0 0 38.000 54.000 2052.000 45.299 0 1 502 200 0 0
 6984 74471.000 184827.000 0 0 38.000 54.000 2052.000 45.299 0 1 502 200 0 0
 6985 71296.000 183768.000 0 0 0.000 0.000 0.000 0.122 0 1 0 0 0 0
 6986 67961.000 182576.000 0 0 0.000 0.000 0.000 0.120 0 1 0 0 0 0
 6987 60542.000 179285.000 0 0 0.000 0.000 0.000 0.120 0 1 0 0 0 0
 6988 48385.000 171962.000 0 0 48.000 54.000 2592.000 50.911 0 1 431 210 0 0
 6989 47583.000 171343.000 0 0 0.000 0.000 0.000 0.121 0 1 0 0 0 0
 6990 44567.000 169023.000 0 0 0.000 0.000 0.000 0.120 0 1 0 0 0 0
 6991 37666.000 162840.000 0 0 52.000 52.000 2704.000 52.000 0 1 387 200 0 0
 6992 34932.000 159949.000 0 0 54.000 50.000 2700.000 51.961 0 1 370 200 0 0
 6993 29627.000 153602.000 0 0 0.000 0.000 0.000 0.120 0 1 0 0 0 0
 6994 27041.000 150042.000 0 0 54.000 48.000 2592.000 50.911 0 1 341 200 0 0
 6995 26849.000 149748.000 0 0 54.000 48.000 2592.000 50.911 0 1 341 200 0 0
 6996 26416.000 149124.000 0 0 54.000 46.000 2484.000 49.839 0 1 341 200 0 0
 6997 21695.000 141399.000 0 0 0.000 0.000 0.000 0.123 0 1 0 0 0 0
 6998 16586.000 129325.000 0 0 0.000 0.000 0.000 0.120 0 1 0 0 0 0
 6999 12562.000 112916.000 0 0 52.000 30.000 1560.000 39.496 0 1 266 200 0 0
 7000 172206.000 47743.000 0 0 56.000 48.000 2688.000 51.845 0 1 126 200 0 0
 7001 12342.000 110710.000 0 0 0.000 0.000 0.000 0.121 0 1 0 0 0 0
 7002 11730.000 103540.000 0 0 50.000 26.000 1300.000 36.055 0 1 245 200 0 0
 7003 11778.000 95709.000 0 0 0.000 0.000 0.000 0.124 0 1 0 0 0 0
 7004 12630.000 87023.000 0 0 0.000 0.000 0.000 0.121 0 1 0 0 0 0
 7005 13456.000 82476.000 0 0 0.000 0.000 0.000 0.124 0 1 0 0 0 0
 7006 13696.000 81400.000 0 0 0.000 0.000 0.000 0.121 0 1 0 0 0 0
 7007 14503.000 78002.000 0 0 0.000 0.000 0.000 0.121 0 1 0 0 0 0
 7008 14696.000 77181.000 0 0 0.000 0.000 0.000 0.122 0 1 0 0 0 0
 7009 15504.000 74288.000 0 0 0.000 0.000 0.000 0.122 0 1 0 0 0 0
 7010 19096.000 64822.000 0 0 54.000 42.000 2268.000 47.623 0 1 169 200 0 0
 7011 21962.000 58794.000 0 0 56.000 44.000 2464.000 49.638 0 1 152 200 0 0
 7012 35940.000 39321.000 0 0 0.000 0.000 0.000 0.121 0 1 0 0 0 0
 7013 40991.000 34413.000 0 0 0.000 0.000 0.000 0.122 0 1 0 0 0 0
 7014 46468.000 29894.000 0 0 0.000 0.000 0.000 0.123 0 1 0 0 0 0
 7015 57826.000 22559.000 0 0 0.000 0.000 0.000 0.120 0 1 0 0 0 0
 7016 68653.000 17544.000 0 0 40.000 56.000 2240.000 47.328 0 1 28 200 0 0
 7017 73381.000 15940.000 0 0 0.000 0.000 0.000 0.120 0 1 0 0 0 0
 7018 75361.000 15144.000 0 0 0.000 0.000 0.000 0.123 0 1 0 0 0 0
 7019 88918.000 12456.000 0 0 0.000 0.000 0.000 0.120 0 1 0 0 0 0
 7020 119225.000 13819.000 0 0 0.000 0.000 0.000 0.125 0 1 0 0 0 0
 7021 126193.000 15674.000 0 0 0.000 0.000 0.000 0.121 0 1 0 0 0 0
 7022 128599.000 16475.000 0 0 0.000 0.000 0.000 0.120 0 1 0 0 0 0
 7023 128659.000 16471.000 0 0 0.000 0.000 0.000 0.120 0 1 0 0 0 0
 7024 145525.000 24279.000 0 0 0.000 0.000 0.000 0.120 0 1 0 0 0 0
 7025 146650.000 24798.000 0 0 0.000 0.000 0.000 0.123 0 1 0 0 0 0
 7026 179011.000 59820.000 0 0 56.000 44.000 2464.000 49.638 0 1 153 200 0 0
 7027 181109.000 64609.000 0 0 0.000 0.000 0.000 0.121 0 1 0 0 0 0
 7028 181860.000 66434.000 0 0 56.000 42.000 2352.000 48.497 0 1 174 200 0 0
 7029 182128.000 66934.000 0 0 56.000 42.000 2352.000 48.497 0 1 174 200 0 0
 7030 183304.000 70004.000 0 0 56.000 40.000 2240.000 47.328 0 1 177 200 0 0
 7031 183430.000 70194.000 0 0 56.000 40.000 2240.000 47.328 0 1 177 200 0 0
 7032 183412.000 70313.000 0 0 56.000 40.000 2240.000 47.328 0 1 177 200 0 0
 7033 183538.000 70674.000 0 0 54.000 40.000 2160.000 46.475 0 1 177 200 0 0
 7034 183774.000 70938.000 0 0 54.000 40.000 2160.000 46.475 0 1 177 200 0 0
 7035 185592.000 77262.000 0 0 56.000 36.000 2016.000 44.899 0 1 185 200 0 0
 7036 185775.000 78060.000 0 0 54.000 36.000 1944.000 44.090 0 1 185 200 0 0
 7037 186259.000 79580.000 0 0 54.000 34.000 1836.000 42.848 0 1 185 200 0 0
 7038 187198.000 84501.000 0 0 54.000 32.000 1728.000 41.569 0 1 207 200 0 0
 7039 187373.000 85422.000 0 0 52.000 32.000 1664.000 40.792 0 1 207 200 0 0
 7040 187439.000 86018.000 0 0 52.000 30.000 1560.000 39.496 0 1 207 200 0 0
 7041 188269.000 91840.000 0 0 52.000 28.000 1456.000 38.157 0 1 207 200 0 0
 7042 188462.000 93702.000 0 0 50.000 26.000 1300.000 36.055 0 1 220 200 0 0
 7043 188575.000 97119.000 0 0 50.000 24.000 1200.000 34.641 0 1 220 200 0 0
 7044 188560.000 97472.000 0 0 50.000 24.000 1200.000 34.641 0 1 220 200 0 0
 7045 188584.000 98028.000 0 0 50.000 24.000 1200.000 34.641 0 1 220 200 0 0
 7046 188624.000 98612.000 0 0 50.000 24.000 1200.000 34.641 0 1 220 200 0 0
 7047 188447.000 105809.000 0 0 0.000 0.000 0.000 0.120 0 1 0 0 0 0
 7048 188458.000 107346.000 0 0 0.000 0.000 0.000 0.122 0 1 0 0 0 0
 7049 188149.000 109761.000 0 0 52.000 28.000 1456.000 38.157 0 1 258 200 0 0
 7050 185732.000 122710.000 0 0 0.000 0.000 0.000 0.122 0 1 0 0 0 0
 7051 185692.000 122927.000 0 0 0.000 0.000 0.000 0.120 0 1 0 0 0 0
 7052 184824.000 125834.000 0 0 0.000 0.000 0.000 0.120 0 1 0 0 0 0
 7053 183846.000 128876.000 0 0 0.000 0.000 0.000 0.121 0 1 0 0 0 0
 7054 181778.000 134435.000 0 0 56.000 42.000 2352.000 48.497 0 1 291 200 0 0
 7055 180077.000 138150.000 0 0 56.000 42.000 2352.000 48.497 0 1 310 210 0 0
 7056 178501.000 141414.000 0 0 56.000 44.000 2464.000 49.638 0 1 317 200 0 0
 7057 178234.000 141844.000 0 0 56.000 44.000 2464.000 49.638 0 1 317 200 0 0
 7058 175072.000 147494.000 0 0 56.000 48.000 2688.000 51.845 0 1 326 200 0 0
 7059 169551.000 155043.000 0 0 54.000 50.000 2700.000 51.961 0 1 343 200 0 0
 7060 167109.000 158149.000 0 0 0.000 0.000 0.000 0.121 0 1 0 0 0 0
 7061 166198.000 159150.000 0 0 0.000 0.000 0.000 0.122 0 1 0 0 0 0
 7062 165856.000 159512.000 0 0 0.000 0.000 0.000 0.120 0 1 0 0 0 0
 7063 160029.000 165408.000 0 0 50.000 54.000 2700.000 51.961 0 1 397 200 0 0
 7064 156804.000 168158.000 0 0 52.000 54.000 2808.000 52.990 0 1 417 200 0 0
 7065 156007.000 168919.000 0 0 50.000 54.000 2700.000 51.961 0 1 417 200 0 0
 7066 154851.000 169764.000 0 0 50.000 54.000 2700.000 51.961 0 1 417 200 0 0
 7067 153929.000 170521.000 0 0 50.000 54.000 2700.000 51.961 0 1 419 200 0 0
 7068 153625.000 170737.000 0 0 50.000 54.000 2700.000 51.961 0 1 419 200 0 0
 7069 153278.000 171074.000 0 0 48.000 56.000 2688.000 51.845 0 1 419 200 0 0
 7070 152398.000 171677.000 0 0 48.000 56.000 2688.000 51.845 0 1 419 200 0 0
 7071 152332.000 171716.000 0 0 48.000 56.000 2688.000 51.845 0 1 419 200 0 0
 7072 146253.000 175880.000 0 0 48.000 56.000 2688.000 51.845 0 1 443 200 0 0
 7073 144457.000 176856.000 0 0 46.000 56.000 2576.000 50.754 0 1 443 200 0 0
 7074 136538.000 180928.000 0 0 42.000 54.000 2268.000 47.623 0 1 481 200 0 0
 7075 133393.000 182432.000 0 0 42.000 56.000 2352.000 48.497 0 1 488 200 0 0
 7076 131190.000 183130.000 0 0 40.000 56.000 2240.000 47.328 0 1 488 200 0 0
 7077 127674.000 184387.000 0 0 38.000 54.000 2052.000 45.299 0 1 498 200 0 0
 7078 123029.000 185762.000 0 0 36.000 56.000 2016.000 44.899 0 1 498 200 0 0
 7079 117687.000 187032.000 0 0 32.000 54.000 1728.000 41.569 0 1 509 200 0 0
 7080 88885.000 188079.000 0 0 0.000 0.000 0.000 0.121 0 1 0 0 0 0
 7081 84049.000 187335.000 0 0 32.000 54.000 1728.000 41.569 0 1 504 200 0 0
 7082 73139.000 184612.000 0 0 38.000 54.000 2052.000 45.299 0 1 497 200 0 0
 7083 71058.000 183900.000 0 0 0.000 0.000 0.000 0.120 0 1 0 0 0 0
 7084 66588.000 182385.000 0 0 0.000 0.000 0.000 0.124 0 1 0 0 0 0
 7085 61902.000 180144.000 0 0 42.000 56.000 2352.000 48.497 0 1 478 200 0 0
 7086 59388.000 178871.000 0 0 44.000 56.000 2464.000 49.638 0 1 472 200 0 0
 7087 43338.000 168266.000 0 0 0.000 0.000 0.000 0.123 0 1 0 0 0 0
 7088 37387.000 162819.000 0 0 52.000 52.000 2704.000 52.000 0 1 387 200 0 0
 7089 25179.000 147746.000 0 0 0.000 0.000 0.000 0.126 0 1 0 0 0 0
 7090 24152.000 145847.000 0 0 0.000 0.000 0.000 0.121 0 1 0 0 0 0
 7091 14347.000 122587.000 0 0 0.000 0.000 0.000 0.121 0 1 0 0 0 0
 7092 13414.000 118553.000 0 0 0.000 0.000 0.000 0.120 0 1 0 0 0 0
 7093 12961.000 116359.000 0 0 54.000 32.000 1728.000 41.569 0 1 274 200 0 0
 7094 12809.000 115623.000 0 0 54.000 32.000 1728.000 41.569 0 1 274 200 0 0
 7095 11857.000 91735.000 0 0 0.000 0.000 0.000 0.127 0 1 0 0 0 0
 7096 14477.000 77222.000 0 0 0.000 0.000 0.000 0.122 0 1 0 0 0 0
 7097 14884.000 76017.000 0 0 0.000 0.000 0.000 0.120 0 1 0 0 0 0
 7098 15470.000 74100.000 0 0 0.000 0.000 0.000 0.120 0 1 0 0 0 0
 7099 16940.000 69581.000 0 0 0.000 0.000 0.000 0.120 0 1 0 0 0 0
 7100 19052.000 64391.000 0 0 54.000 42.000 2268.000 47.623 0 1 169 200 0 0
 7101 21672.000 59006.000 0 0 56.000 44.000 2464.000 49.638 0 1 152 200 0 0
 7102 25479.000 52426.000 0 0 0.000 0.000 0.000 0.120 0 1 0 0 0 0
 7103 27786.000 48997.000 0 0 0.000 0.000 0.000 0.120 0 1 0 0 0 0
 7104 31116.000 44596.000 0 0 0.000 0.000 0.000 0.123 0 1 0 0 0 0
 7105 37136.000 37796.000 0 0 0.000 0.000 0.000 0.122 0 1 0 0 0 0
 7106 50162.000 27020.000 0 0 0.000 0.000 0.000 0.120 0 1 0 0 0 0
 7107 51570.000 26085.000 0 0 0.000 0.000 0.000 0.120 0 1 0 0 0 0
 7108 53987.000 24525.000 0 0 0.000 0.000 0.000 0.120 0 1 0 0 0 0
 7109 69645.000 17009.000 0 0 40.000 56.000 2240.000 47.328 0 1 28 200 0 0
 7110 72782.000 15877.000 0 0 0.000 0.000 0.000 0.120 0 1 0 0 0 0
 7111 78046.000 14348.000 0 0 0.000 0.000 0.000 0.120 0 1 0 0 0 0
 7112 90436.000 12137.000 0 0 0.000 0.000 0.000 0.120 0 1 0 0 0 0
 7113 95663.000 11685.000 0 0 0.000 0.000 0.000 0.120 0 1 0 0 0 0
 7114 96989.000 11629.000 0 0 0.000 0.000 0.000 0.120 0 1 0 0 0 0
 7115 124269.000 14933.000 0 0 0.000 0.000 0.000 0.123 0 1 0 0 0 0
 7116 130956.000 17097.000 0 0 0.000 0.000 0.000 0.121 0 1 0 0 0 0
 7117 131138.000 17156.000 0 0 0.000 0.000 0.000 0.120 0 1 0 0 0 0
 7118 152399.000 28651.000 0 0 0.000 0.000 0.000 0.120 0 1 0 0 0 0
 7119 152581.000 28761.000 0 0 0.000 0.000 0.000 0.121 0 1 0 0 0 0
 7120 154941.000 30574.000 0 0 0.000 0.000 0.000 0.120 0 1 0 0 0 0
 7121 171986.000 48283.000 0 0 56.000 48.000 2688.000 51.845 0 1 126 200 0 0
 7122 174342.000 51805.000 0 0 0.000 0.000 0.000 0.120 0 1 0 0 0 0
 7123 174530.000 52027.000 0 0 0.000 0.000 0.000 0.122 0 1 0 0 0 0
 7124 177243.000 56446.000 0 0 0.000 0.000 0.000 0.120 0 1 0 0 0 0
 7125 179523.000 60738.000 0 0 56.000 44.000 2464.000 49.638 0 1 153 200 0 0
 7126 181203.000 64303.000 0 0 0.000 0.000 0.000 0.120 0 1 0 0 0 0
 7127 183924.000 71299.000 0 0 54.000 40.000 2160.000 46.475 0 1 177 200 0 0
 7128 184528.000 73086.000 0 0 54.000 38.000 2052.000 45.299 0 1 183 200 0 0
 7129 185275.000 75463.000 0 0 56.000 36.000 2016.000 44.899 0 1 185 200 0 0
 7130 187715.000 85757.000 0 0 52.000 32.000 1664.000 40.792 0 1 207 200 0 0
 7131 188315.000 91050.000 0 0 52.000 28.000 1456.000 38.157 0 1 207 200 0 0
 7132 188498.000 91604.000 0 0 52.000 28.000 1456.000 38.157 0 1 207 200 0 0
 7133 188481.000 93403.000 0 0 50.000 26.000 1300.000 36.055 0 1 220 200 0 0
 7134 188772.000 98792.000 0 0 50.000 24.000 1200.000 34.641 0 1 220 200 0 0
 7135 188679.000 104868.000 0 0 50.000 26.000 1300.000 36.055 0 1 250 200 0 0
 7136 185124.000 125609.000 0 0 0.000 0.000 0.000 0.122 0 1 0 0 0 0
 7137 184339.000 127988.000 0 0 0.000 0.000 0.000 0.120 0 1 0 0 0 0
 7138 183033.000 131693.000 0 0 0.000 0.000 0.000 0.122 0 1 0 0 0 0
 7139 181331.000 135689.000 0 0 0.000 0.000 0.000 0.120 0 1 0 0 0 0
 7140 175942.000 146287.000 0 0 56.000 48.000 2688.000 51.845 0 1 326 200 0 0
 7141 175563.000 146838.000 0 0 56.000 48.000 2688.000 51.845 0 1 326 200 0 0
 7142 175088.000 147615.000 0 0 56.000 48.000 2688.000 51.845 0 1 326 200 0 0
 7143 160978.000 164762.000 0 0 52.000 54.000 2808.000 52.990 0 1 397 200 0 0
 7144 159907.000 165802.000 0 0 50.000 54.000 2700.000 51.961 0 1 397 200 0 0
 7145 159356.000 166290.000 0 0 50.000 54.000 2700.000 51.961 0 1 397 200 0 0
 7146 159222.000 166352.000 0 0 50.000 52.000 2600.000 50.990 0 1 397 200 0 0
 7147 159059.000 166514.000 0 0 50.000 52.000 2600.000 50.990 0 1 397 200 0 0
 7148 155943.000 169171.000 0 0 50.000 54.000 2700.000 51.961 0 1 417 200 0 0
 7149 147466.000 175232.000 0 0 48.000 56.000 2688.000 51.845 0 1 443 200 0 0
 7150 145159.000 176667.000 0 0 46.000 56.000 2576.000 50.754 0 1 443 200 0 0
 7151 144319.000 177151.000 0 0 46.000 54.000 2484.000 49.839 0 1 443 200 0 0
 7152 143808.000 177424.000 0 0 46.000 54.000 2484.000 49.839 0 1 443 200 0 0
 7153 139933.000 179520.000 0 0 44.000 56.000 2464.000 49.638 0 1 443 200 0 0
 7154 131415.000 183246.000 0 0 40.000 56.000 2240.000 47.328 0 1 488 200 0 0
 7155 129280.000 184045.000 0 0 0.000 0.000 0.000 0.127 0 1 0 0 0 0
 7156 124875.000 185449.000 0 0 36.000 55.000 1980.000 44.497 0 1 498 200 0 0
 7157 123561.000 185819.000 0 0 36.000 56.000 2016.000 44.899 0 1 498 200 0 0
 7158 121202.000 186398.000 0 0 34.000 54.000 1836.000 42.848 0 1 498 200 0 0
 7159 120155.000 186699.000 0 0 0.000 0.000 0.000 0.120 0 1 0 0 0 0
 7160 119926.000 186730.000 0 0 0.000 0.000 0.000 0.122 0 1 0 0 0 0
 7161 91647.000 188590.000 0 0 0.000 0.000 0.000 0.122 0 1 0 0 0 0
 7162 83989.000 187519.000 0 0 32.000 54.000 1728.000 41.569 0 1 504 200 0 0
 7163 75025.000 185365.000 0 0 38.000 54.000 2052.000 45.299 0 1 502 200 0 0
 7164 72632.000 184649.000 0 0 38.000 54.000 2052.000 45.299 0 1 497 200 0 0
 7165 66799.000 182489.000 0 0 0.000 0.000 0.000 0.122 0 1 0 0 0 0
 7166 62678.000 180693.000 0 0 42.000 56.000 2352.000 48.497 0 1 478 200 0 0
 7167 61968.000 180401.000 0 0 42.000 56.000 2352.000 48.497 0 1 478 200 0 0
 7168 49420.000 173110.000 0 0 0.000 0.000 0.000 0.122 0 1 0 0 0 0
 7169 48918.000 172723.000 0 0 0.000 0.000 0.000 0.120 0 1 0 0 0 0
 7170 48076.000 172130.000 0 0 48.000 56.000 2688.000 51.845 0 1 431 210 0 0
 7171 45942.000 170591.000 0 0 0.000 0.000 0.000 0.123 0 1 0 0 0 0
 7172 33486.000 159119.000 0 0 0.000 0.000 0.000 0.126 0 1 0 0 0 0
 7173 33357.000 158784.000 0 0 0.000 0.000 0.000 0.123 0 1 0 0 0 0
 7174 29594.000 154113.000 0 0 0.000 0.000 0.000 0.120 0 1 0 0 0 0
 7175 28779.000 152937.000 0 0 0.000 0.000 0.000 0.120 0 1 0 0 0 0
 7176 13166.000 118157.000 0 0 0.000 0.000 0.000 0.120 0 1 0 0 0 0
 7177 12749.000 116044.000 0 0 54.000 32.000 1728.000 41.569 0 1 274 200 0 0
 7178 12450.000 114128.000 0 0 0.000 0.000 0.000 0.121 0 1 0 0 0 0
 7179 12066.000 112540.000 0 0 52.000 30.000 1560.000 39.496 0 1 266 200 0 0
 7180 12079.000 112309.000 0 0 52.000 30.000 1560.000 39.496 0 1 266 200 0 0
 7181 12090.000 111883.000 0 0 52.000 30.000 1560.000 39.496 0 1 266 200 0 0
 7182 11605.000 107594.000 0 0 52.000 28.000 1456.000 38.157 0 1 257 200 0 0
 7183 11353.000 102783.000 0 0 50.000 24.000 1200.000 34.641 0 1 245 200 0 0
 7184 15224.000 74233.000 0 0 0.000 0.000 0.000 0.120 0 1 0 0 0 0
 7185 15886.000 72140.000 0 0 0.000 0.000 0.000 0.120 0 1 0 0 0 0
 7186 18619.000 64925.000 0 0 54.000 42.000 2268.000 47.623 0 1 169 200 0 0
 7187 20974.000 59971.000 0 0 0.000 0.000 0.000 0.120 0 1 0 0 0 0
 7188 25177.000 52567.000 0 0 0.000 0.000 0.000 0.120 0 1 0 0 0 0
 7189 31317.000 44069.000 0 0 0.000 0.000 0.000 0.121 0 1 0 0 0 0
 7190 38373.000 36397.000 0 0 0.000 0.000 0.000 0.120 0 1 0 0 0 0
 7191 39120.000 35723.000 0 0 52.000 54.000 2808.000 52.990 0 1 102 200 0 0
 7192 47657.000 28640.000 0 0 0.000 0.000 0.000 0.120 0 1 0 0 0 0
 7193 49733.000 27095.000 0 0 0.000 0.000 0.000 0.120 0 1 0 0 0 0
 7194 56124.000 23074.000 0 0 0.000 0.000 0.000 0.121 0 1 0 0 0 0
 7195 59647.000 21167.000 0 0 0.000 0.000 0.000 0.120 0 1 0 0 0 0
 7196 73446.000 15483.000 0 0 0.000 0.000 0.000 0.120 0 1 0 0 0 0
 7197 81813.000 13324.000 0 0 34.000 54.000 1836.000 42.848 0 1 18 200 0 0
 7198 82528.000 13161.000 0 0 32.000 54.000 1728.000 41.569 0 1 18 200 0 0
 7199 122430.000 14255.000 0 0 0.000 0.000 0.000 0.123 0 1 0 0 0 0
 7200 129605.000 16479.000 0 0 0.000 0.000 0.000 0.120 0 1 0 0 0 0
 7201 142803.000 22309.000 0 0 46.000 54.000 2484.000 49.839 0 1 48 200 0 0
 7202 151600.000 27809.000 0 0 0.000 0.000 0.000 0.121 0 1 0 0 0 0
 7203 175177.000 52724.000 0 0 0.000 0.000 0.000 0.120 0 1 0 0 0 0
 7204 177976.000 57470.000 0 0 0.000 0.000 0.000 0.122 0 1 0 0 0 0
 7205 180481.000 62486.000 0 0 56.000 42.000 2352.000 48.497 0 1 161 200 0 0
 7206 180612.000 62661.000 0 0 56.000 42.000 2352.000 48.497 0 1 161 200 0 0
 7207 183119.000 68572.000 0 0 56.000 40.000 2240.000 47.328 0 1 174 200 0 0
 7208 184760.000 73092.000 0 0 54.000 38.000 2052.000 45.299 0 1 183 200 0 0
 7209 185158.000 74378.000 0 0 54.000 38.000 2052.000 45.299 0 1 185 200 0 0
 7210 185451.000 75589.000 0 0 56.000 36.000 2016.000 44.899 0 1 185 200 0 0
 7211 185538.000 75755.000 0 0 56.000 36.000 2016.000 44.899 0 1 185 200 0 0
 7212 185995.000 77506.000 0 0 56.000 36.000 2016.000 44.899 0 1 185 200 0 0
 7213 187909.000 86416.000 0 0 52.000 30.000 1560.000 39.496 0 1 207 200 0 0
 7214 188207.000 88293.000 0 0 52.000 30.000 1560.000 39.496 0 1 207 200 0 0
 7215 188447.000 90779.000 0 0 52.000 28.000 1456.000 38.157 0 1 207 200 0 0
 7216 188666.000 93021.000 0 0 50.000 26.000 1300.000 36.055 0 1 220 200 0 0
 7217 188715.000 93620.000 0 0 50.000 26.000 1300.000 36.055 0 1 220 200 0 0
 7218 188851.000 96142.000 0 0 50.000 26.000 1300.000 36.055 0 1 220 200 0 0
 7219 188969.000 100454.000 0 0 0.000 0.000 0.000 0.121 0 1 0 0 0 0
 7220 188962.000 100893.000 0 0 0.000 0.000 0.000 0.123 0 1 0 0 0 0
 7221 188925.000 103187.000 0 0 50.000 24.000 1200.000 34.641 0 1 242 200 0 0
 7222 185509.000 124759.000 0 0 0.000 0.000 0.000 0.120 0 1 0 0 0 0
 7223 182957.000 132507.000 0 0 0.000 0.000 0.000 0.122 0 1 0 0 0 0
 7224 182330.000 133913.000 0 0 56.000 42.000 2352.000 48.497 0 1 291 200 0 0
 7225 182020.000 134680.000 0 0 56.000 42.000 2352.000 48.497 0 1 291 200 0 0
 7226 179517.000 140133.000 0 0 56.000 44.000 2464.000 49.638 0 1 317 200 0 0
 7227 173565.000 150311.000 0 0 54.000 48.000 2592.000 50.911 0 1 343 200 0 0
 7228 171153.000 153620.000 0 0 54.000 50.000 2700.000 51.961 0 1 343 200 0 0
 7229 165326.000 160580.000 0 0 54.000 51.000 2754.000 52.478 0 1 371 200 0 0
 7230 163303.000 162738.000 0 0 0.000 0.000 0.000 0.120 0 1 0 0 0 0
 7231 161204.000 164829.000 0 0 52.000 54.000 2808.000 52.990 0 1 397 200 0 0
 7232 155204.000 170025.000 0 0 50.000 54.000 2700.000 51.961 0 1 417 200 0 0
 7233 154817.000 170251.000 0 0 50.000 54.000 2700.000 51.961 0 1 417 200 0 0
 7234 153617.000 171220.000 0 0 50.000 54.000 2700.000 51.961 0 1 419 200 0 0
 7235 147237.000 175573.000 0 0 48.000 56.000 2688.000 51.845 0 1 443 200 0 0
 7236 143205.000 177950.000 0 0 46.000 54.000 2484.000 49.839 0 1 443 200 0 0
 7237 141480.000 178862.000 0 0 44.000 56.000 2464.000 49.638 0 1 443 200 0 0
 7238 139594.000 179889.000 0 0 44.000 56.000 2464.000 49.638 0 1 443 200 0 0
 7239 138773.000 180268.000 0 0 42.000 56.000 2352.000 48.497 0 1 484 200 0 0
 7240 138543.000 180536.000 0 0 42.000 56.000 2352.000 48.497 0 1 484 200 0 0
 7241 134299.000 182308.000 0 0 42.000 56.000 2352.000 48.497 0 1 488 200 0 0
 7242 133704.000 182529.000 0 0 42.000 56.000 2352.000 48.497 0 1 488 200 0 0
 7243 132985.000 182819.000 0 0 42.000 56.000 2352.000 48.497 0 1 488 200 0 0
 7244 126950.000 184971.000 0 0 38.000 54.000 2052.000 45.299 0 1 498 200 0 0
 7245 126878.000 184985.000 0 0 38.000 54.000 2052.000 45.299 0 1 498 200 0 0
 7246 125468.000 185473.000 0 0 38.000 54.000 2052.000 45.299 0 1 498 200 0 0
 7247 124518.000 185733.000 0 0 36.000 56.000 2016.000 44.899 0 1 498 200 0 0
 7248 124357.000 185745.000 0 0 36.000 56.000 2016.000 44.899 0 1 498 200 0 0
 7249 90212.000 188633.000 0 0 0.000 0.000 0.000 0.122 0 1 0 0 0 0
 7250 89076.000 188436.000 0 0 0.000 0.000 0.000 0.121 0 1 0 0 0 0
 7251 82956.000 187480.000 0 0 32.000 54.000 1728.000 41.569 0 1 495 200 0 0
 7252 81413.000 187199.000 0 0 34.000 54.000 1836.000 42.848 0 1 505 200 0 0
 7253 76785.000 186072.000 0 0 0.000 0.000 0.000 0.128 0 1 0 0 0 0
 7254 67660.000 183018.000 0 0 0.000 0.000 0.000 0.121 0 1 0 0 0 0
 7255 61421.000 180331.000 0 0 42.000 56.000 2352.000 48.497 0 1 478 200 0 0
 7256 60270.000 179734.000 0 0 0.000 0.000 0.000 0.124 0 1 0 0 0 0
 7257 47952.000 172257.000 0 0 48.000 56.000 2688.000 51.845 0 1 431 210 0 0
 7258 44957.000 169965.000 0 0 0.000 0.000 0.000 0.120 0 1 0 0 0 0
 7259 40854.000 166561.000 0 0 50.000 52.000 2600.000 50.990 0 1 401 200 0 0
 7260 33210.000 158839.000 0 0 0.000 0.000 0.000 0.120 0 1 0 0 0 0
 7261 31920.000 157311.000 0 0 0.000 0.000 0.000 0.120 0 1 0 0 0 0
 7262 26451.000 150058.000 0 0 54.000 48.000 2592.000 50.911 0 1 341 200 0 0
 7263 21818.000 142471.000 0 0 0.000 0.000 0.000 0.121 0 1 0 0 0 0
 7264 19489.000 137848.000 0 0 0.000 0.000 0.000 0.120 0 1 0 0 0 0
 7265 18543.000 135670.000 0 0 0.000 0.000 0.000 0.120 0 1 0 0 0 0
 7266 12252.000 114302.000 0 0 0.000 0.000 0.000 0.123 0 1 0 0 0 0
 7267 12119.000 113286.000 0 0 52.000 30.000 1560.000 39.496 0 1 266 200 0 0
 7268 12100.000 113004.000 0 0 52.000 30.000 1560.000 39.496 0 1 266 200 0 0
 7269 12017.000 112633.000 0 0 52.000 30.000 1560.000 39.496 0 1 266 200 0 0
 7270 11689.000 109920.000 0 0 0.000 0.000 0.000 0.121 0 1 0 0 0 0
 7271 11681.000 109754.000 0 0 0.000 0.000 0.000 0.123 0 1 0 0 0 0
 7272 11213.000 103666.000 0 0 50.000 26.000 1300.000 36.055 0 1 245 200 0 0
 7273 11194.000 103390.000 0 0 50.000 24.000 1200.000 34.641 0 1 245 200 0 0
 7274 11967.000 88273.000 0 0 0.000 0.000 0.000 0.124 0 1 0 0 0 0
 7275 12074.000 87383.000 0 0 0.000 0.000 0.000 0.122 0 1 0 0 0 0
 7276 12384.000 85611.000 0 0 0.000 0.000 0.000 0.120 0 1 0 0 0 0
 7277 18112.000 65677.000 0 0 0.000 0.000 0.000 0.120 0 1 0 0 0 0
 7278 21737.000 58188.000 0 0 56.000 44.000 2464.000 49.638 0 1 152 200 0 0
 7279 22028.000 57603.000 0 0 54.000 44.000 2376.000 48.744 0 1 152 200 0 0
 7280 24137.000 53951.000 0 0 0.000 0.000 0.000 0.120 0 1 0 0 0 0
 7281 41088.000 33654.000 0 0 0.000 0.000 0.000 0.120 0 1 0 0 0 0
 7282 44023.000 31173.000 0 0 0.000 0.000 0.000 0.120 0 1 0 0 0 0
 7283 48713.000 27613.000 0 0 0.000 0.000 0.000 0.120 0 1 0 0 0 0
 7284 50877.000 26163.000 0 0 0.000 0.000 0.000 0.120 0 1 0 0 0 0
 7285 51339.000 25823.000 0 0 0.000 0.000 0.000 0.123 0 1 0 0 0 0
 7286 51889.000 25442.000 0 0 0.000 0.000 0.000 0.121 0 1 0 0 0 0
 7287 62192.000 19738.000 0 0 0.000 0.000 0.000 0.120 0 1 0 0 0 0
 7288 71500.000 15976.000 0 0 0.000 0.000 0.000 0.122 0 1 0 0 0 0
 7289 77114.000 14284.000 0 0 0.000 0.000 0.000 0.120 0 1 0 0 0 0
 7290 94631.000 11388.000 0 0 0.000 0.000 0.000 0.121 0 1 0 0 0 0
 7291 116044.000 12683.000 0 0 0.000 0.000 0.000 0.121 0 1 0 0 0 0
 7292 121200.000 13781.000 0 0 0.000 0.000 0.000 0.120 0 1 0 0 0 0
 7293 129447.000 16237.000 0 0 0.000 0.000 0.000 0.120 0 1 0 0 0 0
 7294 136760.000 19136.000 0 0 42.000 54.000 2268.000 47.623 0 1 31 200 0 0
 7295 169657.000 44790.000 0 0 0.000 0.000 0.000 0.120 0 1 0 0 0 0
 7296 175709.000 53326.000 0 0 0.000 0.000 0.000 0.120 0 1 0 0 0 0
 7297 177468.000 56216.000 0 0 0.000 0.000 0.000 0.122 0 1 0 0 0 0
 7298 178646.000 58301.000 0 0 56.000 44.000 2464.000 49.638 0 1 153 200 0 0
 7299 179082.000 59171.000 0 0 56.000 44.000 2464.000 49.638 0 1 153 200 0 0
 7300 180188.000 61304.000 0 0 56.000 42.000 2352.000 48.497 0 1 153 200 0 0
 7301 182492.000 66504.000 0 0 56.000 42.000 2352.000 48.497 0 1 174 200 0 0
 7302 183072.000 68005.000 0 0 56.000 40.000 2240.000 47.328 0 1 174 200 0 0
 7303 185922.000 75974.000 0 0 56.000 36.000 2016.000 44.899 0 1 185 200 0 0
 7304 185821.000 76263.000 0 0 56.000 36.000 2016.000 44.899 0 1 185 200 0 0
 7305 186383.000 78283.000 0 0 54.000 36.000 1944.000 44.090 0 1 185 200 0 0
 7306 187787.000 84854.000 0 0 54.000 32.000 1728.000 41.569 0 1 207 200 0 0
 7307 187808.000 85201.000 0 0 52.000 32.000 1664.000 40.792 0 1 207 200 0 0
 7308 188712.000 92063.000 0 0 52.000 28.000 1456.000 38.157 0 1 207 200 0 0
 7309 189044.000 96360.000 0 0 50.000 26.000 1300.000 36.055 0 1 220 200 0 0
 7310 189067.000 96943.000 0 0 50.000 24.000 1200.000 34.641 0 1 220 200 0 0
 7311 189000.000 105004.000 0 0 50.000 26.000 1300.000 36.055 0 1 250 200 0 0
 7312 188669.000 109589.000 0 0 52.000 28.000 1456.000 38.157 0 1 258 200 0 0
 7313 187807.000 115623.000 0 0 54.000 32.000 1728.000 41.569 0 1 271 200 0 0
 7314 185837.000 124414.000 0 0 0.000 0.000 0.000 0.124 0 1 0 0 0 0
 7315 182017.000 135169.000 0 0 54.000 42.000 2268.000 47.623 0 1 291 200 0 0
 7316 180916.000 137755.000 0 0 0.000 0.000 0.000 0.120 0 1 0 0 0 0
 7317 178785.000 142021.000 0 0 56.000 44.000 2464.000 49.638 0 1 317 200 0 0
 7318 178711.000 142026.000 0 0 56.000 44.000 2464.000 49.638 0 1 317 200 0 0
 7319 177381.000 144470.000 0 0 54.000 46.000 2484.000 49.839 0 1 328 200 0 0
 7320 172220.000 152494.000 0 0 56.000 48.000 2688.000 51.845 0 1 352 200 0 0
 7321 165414.000 160745.000 0 0 54.000 52.000 2808.000 52.990 0 1 371 200 0 0
 7322 164610.000 161594.000 0 0 0.000 0.000 0.000 0.120 0 1 0 0 0 0
 7323 162906.000 163433.000 0 0 0.000 0.000 0.000 0.120 0 1 0 0 0 0
 7324 161505.000 164705.000 0 0 52.000 54.000 2808.000 52.990 0 1 397 200 0 0
 7325 157141.000 168660.000 0 0 50.000 54.000 2700.000 51.961 0 1 417 200 0 0
 7326 154642.000 170811.000 0 0 50.000 54.000 2700.000 51.961 0 1 417 200 0 0
 7327 147884.000 175407.000 0 0 48.000 56.000 2688.000 51.845 0 1 443 200 0 0
 7328 147151.000 175876.000 0 0 48.000 56.000 2688.000 51.845 0 1 443 200 0 0
 7329 146797.000 176018.000 0 0 48.000 56.000 2688.000 51.845 0 1 443 200 0 0
 7330 144671.000 177378.000 0 0 46.000 54.000 2484.000 49.839 0 1 443 200 0 0
 7331 144387.000 177485.000 0 0 46.000 54.000 2484.000 49.839 0 1 443 200 0 0
 7332 132001.000 183385.000 0 0 40.000 56.000 2240.000 47.328 0 1 488 200 0 0
 7333 131359.000 183679.000 0 0 40.000 56.000 2240.000 47.328 0 1 488 200 0 0
 7334 127414.000 185009.000 0 0 38.000 54.000 2052.000 45.299 0 1 498 200 0 0
 7335 125952.000 185511.000 0 0 38.000 54.000 2052.000 45.299 0 1 498 200 0 0
 7336 119363.000 187204.000 0 0 34.000 54.000 1836.000 42.848 0 1 509 200 0 0
 7337 111334.000 188596.000 0 0 30.000 52.000 1560.000 39.496 0 1 511 200 0 0
 7338 92288.000 188973.000 0 0 0.000 0.000 0.000 0.122 0 1 0 0 0 0
 7339 78815.000 186779.000 0 0 0.000 0.000 0.000 0.120 0 1 0 0 0 0
 7340 77426.000 186351.000 0 0 0.000 0.000 0.000 0.120 0 1 0 0 0 0
 7341 75747.000 185901.000 0 0 36.000 56.000 2016.000 44.899 0 1 502 200 0 0
 7342 75436.000 185842.000 0 0 36.000 56.000 2016.000 44.899 0 1 502 200 0 0
 7343 62233.000 180869.000 0 0 42.000 56.000 2352.000 48.497 0 1 478 200 0 0
 7344 58996.000 179255.000 0 0 44.000 56.000 2464.000 49.638 0 1 472 200 0 0
 7345 49329.000 173444.000 0 0 0.000 0.000 0.000 0.120 0 1 0 0 0 0
 7346 39163.000 165234.000 0 0 0.000 0.000 0.000 0.121 0 1 0 0 0 0
 7347 35428.000 161529.000 0 0 0.000 0.000 0.000 0.121 0 1 0 0 0 0
 7348 33770.000 159803.000 0 0 0.000 0.000 0.000 0.121 0 1 0 0 0 0
 7349 30723.000 156119.000 0 0 54.000 50.000 2700.000 51.961 0 1 363 200 0 0
 7350 21161.000 141593.000 0 0 0.000 0.000 0.000 0.122 0 1 0 0 0 0
 7351 18188.000 135354.000 0 0 0.000 0.000 0.000 0.121 0 1 0 0 0 0
 7352 15891.000 129241.000 0 0 0.000 0.000 0.000 0.123 0 1 0 0 0 0
 7353 13971.000 122942.000 0 0 0.000 0.000 0.000 0.120 0 1 0 0 0 0
 7354 11177.000 105976.000 0 0 0.000 0.000 0.000 0.120 0 1 0 0 0 0
 7355 11029.000 99899.000 0 0 51.000 24.000 1224.000 34.985 0 1 229 200 0 0
 7356 11108.000 95444.000 0 0 0.000 0.000 0.000 0.120 0 1 0 0 0 0
 7357 11675.000 89358.000 0 0 0.000 0.000 0.000 0.120 0 1 0 0 0 0
 7358 24438.000 53044.000 0 0 0.000 0.000 0.000 0.123 0 1 0 0 0 0
 7359 27069.000 49148.000 0 0 0.000 0.000 0.000 0.120 0 1 0 0 0 0
 7360 28511.000 47116.000 0 0 0.000 0.000 0.000 0.121 0 1 0 0 0 0
 7361 42452.000 32248.000 0 0 0.000 0.000 0.000 0.122 0 1 0 0 0 0
 7362 45650.000 29631.000 0 0 0.000 0.000 0.000 0.122 0 1 0 0 0 0
 7363 52655.000 24754.000 0 0 0.000 0.000 0.000 0.121 0 1 0 0 0 0
 7364 57060.000 22161.000 0 0 0.000 0.000 0.000 0.122 0 1 0 0 0 0
 7365 61386.000 19951.000 0 0 0.000 0.000 0.000 0.120 0 1 0 0 0 0
 7366 68208.000 16963.000 0 0 40.000 56.000 2240.000 47.328 0 1 28 200 0 0
 7367 72378.000 15492.000 0 0 0.000 0.000 0.000 0.121 0 1 0 0 0 0
 7368 74811.000 14724.000 0 0 0.000 0.000 0.000 0.120 0 1 0 0 0 0
 7369 80763.000 13208.000 0 0 34.000 54.000 1836.000 42.848 0 1 11 200 0 0
 7370 85821.000 12199.000 0 0 0.000 0.000 0.000 0.122 0 1 0 0 0 0
 7371 86975.000 12050.000 0 0 0.000 0.000 0.000 0.120 0 1 0 0 0 0
 7372 95133.000 11183.000 0 0 0.000 0.000 0.000 0.121 0 1 0 0 0 0
 7373 109104.000 11543.000 0 0 0.000 0.000 0.000 0.120 0 1 0 0 0 0
 7374 120252.000 13222.000 0 0 0.000 0.000 0.000 0.126 0 1 0 0 0 0
 7375 123040.000 14079.000 0 0 0.000 0.000 0.000 0.120 0 1 0 0 0 0
 7376 137256.000 19169.000 0 0 42.000 56.000 2352.000 48.497 0 1 31 200 0 0
 7377 142886.000 21987.000 0 0 46.000 54.000 2484.000 49.839 0 1 48 200 0 0
 7378 152652.000 28197.000 0 0 0.000 0.000 0.000 0.121 0 1 0 0 0 0
 7379 172433.000 48086.000 0 0 54.000 48.000 2592.000 50.911 0 1 126 200 0 0
 7380 172919.000 48727.000 0 0 54.000 48.000 2592.000 50.911 0 1 126 200 0 0
 7381 180055.000 60617.000 0 0 56.000 44.000 2464.000 49.638 0 1 153 200 0 0
 7382 180124.000 60826.000 0 0 56.000 42.000 2352.000 48.497 0 1 153 200 0 0
 7383 180562.000 61437.000 0 0 56.000 42.000 2352.000 48.497 0 1 153 200 0 0
 7384 181942.000 64430.000 0 0 0.000 0.000 0.000 0.122 0 1 0 0 0 0
 7385 183395.000 68297.000 0 0 56.000 40.000 2240.000 47.328 0 1 174 200 0 0
 7386 184134.000 70340.000 0 0 54.000 40.000 2160.000 46.475 0 1 177 200 0 0
 7387 184832.000 72360.000 0 0 54.000 38.000 2052.000 45.299 0 1 183 200 0 0
 7388 185342.000 73975.000 0 0 54.000 38.000 2052.000 45.299 0 1 185 200 0 0
 7389 186133.000 76674.000 0 0 56.000 36.000 2016.000 44.899 0 1 185 200 0 0
 7390 186215.000 76980.000 0 0 56.000 36.000 2016.000 44.899 0 1 185 200 0 0
 7391 186300.000 77289.000 0 0 56.000 36.000 2016.000 44.899 0 1 185 200 0 0
 7392 186709.000 78835.000 0 0 54.000 34.000 1836.000 42.848 0 1 185 200 0 0
 7393 188783.000 90640.000 0 0 52.000 28.000 1456.000 38.157 0 1 207 200 0 0
 7394 189291.000 98753.000 0 0 0.000 0.000 0.000 0.120 0 1 0 0 0 0
 7395 188801.000 110007.000 0 0 52.000 28.000 1456.000 38.157 0 1 258 200 0 0
 7396 188084.000 115077.000 0 0 54.000 32.000 1728.000 41.569 0 1 271 200 0 0
 7397 188002.000 115466.000 0 0 54.000 32.000 1728.000 41.569 0 1 271 200 0 0
 7398 185251.000 126799.000 0 0 0.000 0.000 0.000 0.120 0 1 0 0 0 0
 7399 183037.000 133109.000 0 0 0.000 0.000 0.000 0.122 0 1 0 0 0 0
 7400 182489.000 134426.000 0 0 56.000 42.000 2352.000 48.497 0 1 291 200 0 0
 7401 180668.000 138515.000 0 0 56.000 42.000 2352.000 48.497 0 1 310 210 0 0
 7402 179857.000 140209.000 0 0 56.000 44.000 2464.000 49.638 0 1 317 200 0 0
 7403 171608.000 153625.000 0 0 56.000 48.000 2688.000 51.845 0 1 343 200 0 0
 7404 170293.000 155316.000 0 0 54.000 50.000 2700.000 51.961 0 1 343 200 0 0
 7405 162719.000 163809.000 0 0 0.000 0.000 0.000 0.120 0 1 0 0 0 0
 7406 160822.000 165644.000 0 0 50.000 54.000 2700.000 51.961 0 1 397 200 0 0
 7407 160522.000 165875.000 0 0 50.000 54.000 2700.000 51.961 0 1 397 200 0 0
 7408 157714.000 168353.000 0 0 52.000 54.000 2808.000 52.990 0 1 417 200 0 0
 7409 156194.000 169644.000 0 0 50.000 54.000 2700.000 51.961 0 1 417 200 0 0
 7410 155886.000 169772.000 0 0 50.000 54.000 2700.000 51.961 0 1 417 200 0 0
 7411 155103.000 170520.000 0 0 50.000 54.000 2700.000 51.961 0 1 417 200 0 0
 7412 153075.000 171992.000 0 0 48.000 56.000 2688.000 51.845 0 1 419 200 0 0
 7413 151930.000 172905.000 0 0 48.000 54.000 2592.000 50.911 0 1 438 200 0 0
 7414 149155.000 174821.000 0 0 48.000 54.000 2592.000 50.911 0 1 443 200 0 0
 7415 145321.000 177154.000 0 0 46.000 56.000 2576.000 50.754 0 1 443 200 0 0
 7416 138793.000 180663.000 0 0 42.000 56.000 2352.000 48.497 0 1 484 200 0 0
 7417 133401.000 183036.000 0 0 42.000 56.000 2352.000 48.497 0 1 488 200 0 0
 7418 133224.000 183085.000 0 0 42.000 56.000 2352.000 48.497 0 1 488 200 0 0
 7419 131348.000 183821.000 0 0 40.000 56.000 2240.000 47.328 0 1 488 200 0 0
 7420 129165.000 184612.000 0 0 0.000 0.000 0.000 0.121 0 1 0 0 0 0
 7421 127664.000 185253.000 0 0 38.000 54.000 2052.000 45.299 0 1 498 200 0 0
 7422 126541.000 185466.000 0 0 38.000 54.000 2052.000 45.299 0 1 498 200 0 0
 7423 126525.000 185471.000 0 0 38.000 54.000 2052.000 45.299 0 1 498 200 0 0
 7424 125526.000 185758.000 0 0 38.000 54.000 2052.000 45.299 0 1 498 200 0 0
 7425 121095.000 186916.000 0 0 34.000 54.000 1836.000 42.848 0 1 498 200 0 0
 7426 118685.000 187500.000 0 0 34.000 54.000 1836.000 42.848 0 1 509 200 0 0
 7427 117959.000 187669.000 0 0 34.000 54.000 1836.000 42.848 0 1 509 200 0 0
 7428 115710.000 188069.000 0 0 32.000 54.000 1728.000 41.569 0 1 510 200 0 0
 7429 94242.000 189255.000 0 0 0.000 0.000 0.000 0.120 0 1 0 0 0 0
 7430 82047.000 187668.000 0 0 34.000 54.000 1836.000 42.848 0 1 505 200 0 0
 7431 73051.000 185281.000 0 0 38.000 54.000 2052.000 45.299 0 1 497 200 0 0
 7432 67408.000 183299.000 0 0 0.000 0.000 0.000 0.123 0 1 0 0 0 0
 7433 58450.000 179165.000 0 0 44.000 56.000 2464.000 49.638 0 1 472 200 0 0
 7434 53949.000 176691.000 0 0 0.000 0.000 0.000 0.126 0 1 0 0 0 0
 7435 43599.000 169310.000 0 0 0.000 0.000 0.000 0.120 0 1 0 0 0 0
 7436 36671.000 163075.000 0 0 52.000 52.000 2704.000 52.000 0 1 387 200 0 0
 7437 22624.000 144668.000 0 0 54.000 46.000 2484.000 49.839 0 1 331 200 0 0
 7438 21880.000 143298.000 0 0 0.000 0.000 0.000 0.120 0 1 0 0 0 0
 7439 19969.000 139627.000 0 0 0.000 0.000 0.000 0.122 0 1 0 0 0 0
 7440 15198.000 127942.000 0 0 0.000 0.000 0.000 0.123 0 1 0 0 0 0
 7441 12863.000 119195.000 0 0 0.000 0.000 0.000 0.121 0 1 0 0 0 0
 7442 11351.000 90496.000 0 0 0.000 0.000 0.000 0.120 0 1 0 0 0 0
 7443 12229.000 84488.000 0 0 0.000 0.000 0.000 0.121 0 1 0 0 0 0
 7444 15975.000 70311.000 0 0 54.000 40.000 2160.000 46.475 0 1 176 200 0 0
 7445 16281.000 69511.000 0 0 0.000 0.000 0.000 0.120 0 1 0 0 0 0
 7446 16884.000 67876.000 0 0 0.000 0.000 0.000 0.120 0 1 0 0 0 0
 7447 21328.000 58215.000 0 0 56.000 44.000 2464.000 49.638 0 1 152 200 0 0
 7448 25832.000 50659.000 0 0 54.000 46.000 2484.000 49.839 0 1 130 200 0 0
 7449 29442.000 45627.000 0 0 0.000 0.000 0.000 0.120 0 1 0 0 0 0
 7450 30393.000 44410.000 0 0 0.000 0.000 0.000 0.120 0 1 0 0 0 0
 7451 54799.000 23265.000 0 0 0.000 0.000 0.000 0.121 0 1 0 0 0 0
 7452 59187.000 20823.000 0 0 0.000 0.000 0.000 0.122 0 1 0 0 0 0
 7453 66513.000 17483.000 0 0 0.000 0.000 0.000 0.121 0 1 0 0 0 0
 7454 79991.000 13192.000 0 0 34.000 54.000 1836.000 42.848 0 1 11 200 0 0
 7455 83624.000 12449.000 0 0 0.000 0.000 0.000 0.122 0 1 0 0 0 0
 7456 97414.000 10940.000 0 0 0.000 0.000 0.000 0.121 0 1 0 0 0 0
 7457 98018.000 10928.000 0 0 0.000 0.000 0.000 0.120 0 1 0 0 0 0
 7458 101118.000 10918.000 0 0 0.000 0.000 0.000 0.121 0 1 0 0 0 0
 7459 107823.000 11086.000 0 0 28.000 52.000 1456.000 38.157 0 1 9 200 0 0
 7460 115403.000 12214.000 0 0 0.000 0.000 0.000 0.121 0 1 0 0 0 0
 7461 117352.000 12523.000 0 0 32.000 54.000 1728.000 41.569 0 1 15 200 0 0
 7462 118344.000 12810.000 0 0 34.000 54.000 1836.000 42.848 0 1 15 200 0 0
 7463 118941.000 12862.000 0 0 34.000 54.000 1836.000 42.848 0 1 15 200 0 0
 7464 127185.000 14963.000 0 0 0.000 0.000 0.000 0.122 0 1 0 0 0 0
 7465 130680.000 16289.000 0 0 0.000 0.000 0.000 0.120 0 1 0 0 0 0
 7466 131721.000 16649.000 0 0 0.000 0.000 0.000 0.120 0 1 0 0 0 0
 7467 146176.000 23707.000 0 0 0.000 0.000 0.000 0.120 0 1 0 0 0 0
 7468 166730.000 40702.000 0 0 0.000 0.000 0.000 0.120 0 1 0 0 0 0
 7469 167179.000 41163.000 0 0 0.000 0.000 0.000 0.122 0 1 0 0 0 0
 7470 168958.000 43343.000 0 0 0.000 0.000 0.000 0.121 0 1 0 0 0 0
 7471 173211.000 48835.000 0 0 54.000 48.000 2592.000 50.911 0 1 126 200 0 0
 7472 178099.000 56626.000 0 0 0.000 0.000 0.000 0.120 0 1 0 0 0 0
 7473 179506.000 59298.000 0 0 56.000 44.000 2464.000 49.638 0 1 153 200 0 0
 7474 179911.000 60052.000 0 0 56.000 44.000 2464.000 49.638 0 1 153 200 0 0
 7475 181801.000 64183.000 0 0 0.000 0.000 0.000 0.121 0 1 0 0 0 0
 7476 182352.000 65270.000 0 0 0.000 0.000 0.000 0.123 0 1 0 0 0 0
 7477 183829.000 68880.000 0 0 56.000 40.000 2240.000 47.328 0 1 174 200 0 0
 7478 183866.000 69121.000 0 0 56.000 40.000 2240.000 47.328 0 1 174 200 0 0
 7479 185254.000 72984.000 0 0 54.000 38.000 2052.000 45.299 0 1 183 200 0 0
 7480 186800.000 78619.000 0 0 54.000 34.000 1836.000 42.848 0 1 185 200 0 0
 7481 188631.000 88097.000 0 0 52.000 30.000 1560.000 39.496 0 1 207 200 0 0
 7482 189460.000 100129.000 0 0 0.000 0.000 0.000 0.125 0 1 0 0 0 0
 7483 189391.000 104214.000 0 0 50.000 26.000 1300.000 36.055 0 1 242 200 0 0
 7484 189071.000 108611.000 0 0 52.000 28.000 1456.000 38.157 0 1 258 200 0 0
 7485 188933.000 109789.000 0 0 52.000 28.000 1456.000 38.157 0 1 258 200 0 0
 7486 188763.000 111443.000 0 0 52.000 30.000 1560.000 39.496 0 1 263 200 0 0
 7487 187860.000 117491.000 0 0 0.000 0.000 0.000 0.121 0 1 0 0 0 0
 7488 185536.000 126420.000 0 0 0.000 0.000 0.000 0.120 0 1 0 0 0 0
 7489 184541.000 129584.000 0 0 0.000 0.000 0.000 0.120 0 1 0 0 0 0
 7490 184493.000 129721.000 0 0 0.000 0.000 0.000 0.120 0 1 0 0 0 0
 7491 183233.000 133144.000 0 0 0.000 0.000 0.000 0.121 0 1 0 0 0 0
 7492 181272.000 137640.000 0 0 0.000 0.000 0.000 0.121 0 1 0 0 0 0
 7493 176825.000 146062.000 0 0 0.000 0.000 0.000 0.120 0 1 0 0 0 0
 7494 173461.000 151314.000 0 0 0.000 0.000 0.000 0.122 0 1 0 0 0 0
 7495 172180.000 153250.000 0 0 56.000 48.000 2688.000 51.845 0 1 352 200 0 0
 7496 162745.000 164036.000 0 0 0.000 0.000 0.000 0.121 0 1 0 0 0 0
 7497 157724.000 168584.000 0 0 52.000 54.000 2808.000 52.990 0 1 417 200 0 0
 7498 156176.000 169881.000 0 0 50.000 54.000 2700.000 51.961 0 1 417 200 0 0
 7499 151954.000 173079.000 0 0 48.000 54.000 2592.000 50.911 0 1 438 200 0 0
 7500 151263.000 173566.000 0 0 48.000 54.000 2592.000 50.911 0 1 438 200 0 0
 7501 145824.000 177088.000 0 0 46.000 56.000 2576.000 50.754 0 1 443 200 0 0
 7502 143311.000 178538.000 0 0 46.000 54.000 2484.000 49.839 0 1 443 200 0 0
 7503 141172.000 179601.000 0 0 44.000 56.000 2464.000 49.638 0 1 443 200 0 0
 7504 133083.000 183333.000 0 0 42.000 56.000 2352.000 48.497 0 1 488 200 0 0
 7505 132144.000 183696.000 0 0 40.000 56.000 2240.000 47.328 0 1 488 200 0 0
 7506 131967.000 183739.000 0 0 40.000 56.000 2240.000 47.328 0 1 488 200 0 0
 7507 131018.000 184127.000 0 0 40.000 56.000 2240.000 47.328 0 1 488 200 0 0
 7508 126152.000 185757.000 0 0 38.000 54.000 2052.000 45.299 0 1 498 200 0 0
 7509 123378.000 186532.000 0 0 36.000 56.000 2016.000 44.899 0 1 498 200 0 0
 7510 122682.000 186781.000 0 0 36.000 56.000 2016.000 44.899 0 1 498 200 0 0
 7511 120643.000 187211.000 0 0 0.000 0.000 0.000 0.122 0 1 0 0 0 0
 7512 116650.000 188088.000 0 0 32.000 54.000 1728.000 41.569 0 1 510 200 0 0
 7513 110866.000 188987.000 0 0 30.000 52.000 1560.000 39.496 0 1 511 200 0 0
 7514 109942.000 189085.000 0 0 0.000 0.000 0.000 0.120 0 1 0 0 0 0
 7515 108747.000 189278.000 0 0 0.000 0.000 0.000 0.121 0 1 0 0 0 0
 7516 105041.000 189520.000 0 0 0.000 0.000 0.000 0.121 0 1 0 0 0 0
 7517 103328.000 189577.000 0 0 0.000 0.000 0.000 0.121 0 1 0 0 0 0
 7518 81201.000 187691.000 0 0 34.000 54.000 1836.000 42.848 0 1 505 200 0 0
 7519 63656.000 181923.000 0 0 0.000 0.000 0.000 0.125 0 1 0 0 0 0
 7520 63125.000 181817.000 0 0 0.000 0.000 0.000 0.124 0 1 0 0 0 0
 7521 54198.000 177010.000 0 0 0.000 0.000 0.000 0.121 0 1 0 0 0 0
 7522 52310.000 175808.000 0 0 0.000 0.000 0.000 0.120 0 1 0 0 0 0
 7523 48920.000 173619.000 0 0 0.000 0.000 0.000 0.125 0 1 0 0 0 0
 7524 47565.000 172588.000 0 0 48.000 56.000 2688.000 51.845 0 1 431 210 0 0
 7525 46616.000 171904.000 0 0 0.000 0.000 0.000 0.122 0 1 0 0 0 0
 7526 30718.000 156696.000 0 0 54.000 50.000 2700.000 51.961 0 1 363 200 0 0
 7527 26507.000 151046.000 0 0 0.000 0.000 0.000 0.123 0 1 0 0 0 0
 7528 22795.000 145178.000 0 0 56.000 46.000 2576.000 50.754 0 1 331 200 0 0
 7529 19206.000 138363.000 0 0 0.000 0.000 0.000 0.122 0 1 0 0 0 0
 7530 14905.000 127446.000 0 0 0.000 0.000 0.000 0.120 0 1 0 0 0 0
 7531 12140.000 116551.000 0 0 54.000 32.000 1728.000 41.569 0 1 274 200 0 0
 7532 10931.000 92646.000 0 0 0.000 0.000 0.000 0.120 0 1 0 0 0 0
 7533 11262.000 90003.000 0 0 0.000 0.000 0.000 0.120 0 1 0 0 0 0
 7534 13065.000 79458.000 0 0 0.000 0.000 0.000 0.121 0 1 0 0 0 0
 7535 19600.000 61210.000 0 0 0.000 0.000 0.000 0.121 0 1 0 0 0 0
 7536 27847.000 47463.000 0 0 0.000 0.000 0.000 0.121 0 1 0 0 0 0
 7537 28003.000 47225.000 0 0 0.000 0.000 0.000 0.121 0 1 0 0 0 0
 7538 30977.000 43376.000 0 0 0.000 0.000 0.000 0.123 0 1 0 0 0 0
 7539 34182.000 39723.000 0 0 54.000 50.000 2700.000 51.961 0 1 108 200 0 0
 7540 43743.000 30719.000 0 0 0.000 0.000 0.000 0.120 0 1 0 0 0 0
 7541 48527.000 27089.000 0 0 0.000 0.000 0.000 0.120 0 1 0 0 0 0
 7542 53089.000 24097.000 0 0 0.000 0.000 0.000 0.120 0 1 0 0 0 0
 7543 55711.000 22532.000 0 0 0.000 0.000 0.000 0.122 0 1 0 0 0 0
 7544 65288.000 17807.000 0 0 0.000 0.000 0.000 0.120 0 1 0 0 0 0
 7545 66583.000 17245.000 0 0 0.000 0.000 0.000 0.121 0 1 0 0 0 0
 7546 76281.000 13961.000 0 0 0.000 0.000 0.000 0.120 0 1 0 0 0 0
 7547 78769.000 13331.000 0 0 34.000 54.000 1836.000 42.848 0 1 12 200 0 0
 7548 80392.000 12962.000 0 0 34.000 54.000 1836.000 42.848 0 1 11 200 0 0
 7549 88582.000 11487.000 0 0 0.000 0.000 0.000 0.121 0 1 0 0 0 0
 7550 90189.000 11295.000 0 0 28.000 52.000 1456.000 38.157 0 1 6 200 0 0
 7551 96034.000 10822.000 0 0 26.000 50.000 1300.000 36.055 0 1 8 200 0 0
 7552 117811.000 12507.000 0 0 32.000 54.000 1728.000 41.569 0 1 15 200 0 0
 7553 118187.000 12568.000 0 0 34.000 54.000 1836.000 42.848 0 1 15 200 0 0
 7554 119852.000 12935.000 0 0 0.000 0.000 0.000 0.120 0 1 0 0 0 0
 7555 147361.000 24242.000 0 0 0.000 0.000 0.000 0.120 0 1 0 0 0 0
 7556 169593.000 43805.000 0 0 0.000 0.000 0.000 0.120 0 1 0 0 0 0
 7557 172696.000 47854.000 0 0 54.000 48.000 2592.000 50.911 0 1 126 200 0 0
 7558 176184.000 52991.000 0 0 0.000 0.000 0.000 0.121 0 1 0 0 0 0
 7559 179744.000 59378.000 0 0 56.000 44.000 2464.000 49.638 0 1 153 200 0 0
 7560 180866.000 61547.000 0 0 56.000 42.000 2352.000 48.497 0 1 153 200 0 0
 7561 185008.000 71311.000 0 0 0.000 0.000 0.000 0.128 0 1 0 0 0 0
 7562 186157.000 75479.000 0 0 56.000 36.000 2016.000 44.899 0 1 185 200 0 0
 7563 187088.000 78888.000 0 0 54.000 34.000 1836.000 42.848 0 1 185 200 0 0
 7564 187860.000 82260.000 0 0 0.000 0.000 0.000 0.120 0 1 0 0 0 0
 7565 188295.000 83971.000 0 0 54.000 32.000 1728.000 41.569 0 1 207 200 0 0
 7566 188563.000 86609.000 0 0 52.000 30.000 1560.000 39.496 0 1 207 200 0 0
 7567 189018.000 89851.000 0 0 52.000 28.000 1456.000 38.157 0 1 207 200 0 0
 7568 189106.000 90221.000 0 0 52.000 28.000 1456.000 38.157 0 1 207 200 0 0
 7569 189278.000 92386.000 0 0 52.000 28.000 1456.000 38.157 0 1 207 200 0 0
 7570 189432.000 94159.000 0 0 0.000 0.000 0.000 0.120 0 1 0 0 0 0
 7571 189622.000 101446.000 0 0 50.000 24.000 1200.000 34.641 0 1 242 200 0 0
 7572 189645.000 101987.000 0 0 50.000 24.000 1200.000 34.641 0 1 242 200 0 0
 7573 189554.000 103899.000 0 0 50.000 26.000 1300.000 36.055 0 1 242 200 0 0
 7574 189453.000 106449.000 0 0 0.000 0.000 0.000 0.122 0 1 0 0 0 0
 7575 188860.000 111767.000 0 0 52.000 30.000 1560.000 39.496 0 1 263 200 0 0
 7576 186407.000 124200.000 0 0 0.000 0.000 0.000 0.121 0 1 0 0 0 0
 7577 185984.000 125669.000 0 0 0.000 0.000 0.000 0.120 0 1 0 0 0 0
 7578 185759.000 126355.000 0 0 0.000 0.000 0.000 0.121 0 1 0 0 0 0
 7579 179483.000 141639.000 0 0 56.000 44.000 2464.000 49.638 0 1 317 200 0 0
 7580 178661.000 143494.000 0 0 0.000 0.000 0.000 0.121 0 1 0 0 0 0
 7581 175362.000 148850.000 0 0 0.000 0.000 0.000 0.124 0 1 0 0 0 0
 7582 169249.000 157211.000 0 0 0.000 0.000 0.000 0.120 0 1 0 0 0 0
 7583 168237.000 158369.000 0 0 0.000 0.000 0.000 0.120 0 1 0 0 0 0
 7584 162268.000 164753.000 0 0 52.000 54.000 2808.000 52.990 0 1 397 200 0 0
 7585 162070.000 164844.000 0 0 52.000 54.000 2808.000 52.990 0 1 397 200 0 0
 7586 161017.000 165892.000 0 0 50.000 54.000 2700.000 51.961 0 1 397 200 0 0
 7587 157729.000 168789.000 0 0 52.000 54.000 2808.000 52.990 0 1 417 200 0 0
 7588 153985.000 171787.000 0 0 50.000 54.000 2700.000 51.961 0 1 419 200 0 0
 7589 147524.000 176208.000 0 0 48.000 56.000 2688.000 51.845 0 1 443 200 0 0
 7590 142010.000 179380.000 0 0 44.000 56.000 2464.000 49.638 0 1 443 200 0 0
 7591 139305.000 180806.000 0 0 42.000 56.000 2352.000 48.497 0 1 484 200 0 0
 7592 136752.000 181965.000 0 0 42.000 54.000 2268.000 47.623 0 1 490 200 0 0
 7593 134738.000 182814.000 0 0 42.000 56.000 2352.000 48.497 0 1 488 200 0 0
 7594 134365.000 182979.000 0 0 42.000 56.000 2352.000 48.497 0 1 488 200 0 0
 7595 132705.000 183710.000 0 0 42.000 56.000 2352.000 48.497 0 1 488 200 0 0
 7596 130751.000 184383.000 0 0 40.000 56.000 2240.000 47.328 0 1 488 200 0 0
 7597 124100.000 186535.000 0 0 36.000 56.000 2016.000 44.899 0 1 498 200 0 0
 7598 122435.000 186973.000 0 0 36.000 54.000 1944.000 44.090 0 1 498 200 0 0
 7599 118387.000 187914.000 0 0 34.000 54.000 1836.000 42.848 0 1 509 200 0 0
 7600 118101.000 188000.000 0 0 34.000 54.000 1836.000 42.848 0 1 509 200 0 0
 7601 116577.000 188306.000 0 0 32.000 54.000 1728.000 41.569 0 1 510 200 0 0
 7602 116071.000 188378.000 0 0 32.000 54.000 1728.000 41.569 0 1 510 200 0 0
 7603 115322.000 188507.000 0 0 32.000 54.000 1728.000 41.569 0 1 510 200 0 0
 7604 83912.000 188338.000 0 0 32.000 54.000 1728.000 41.569 0 1 504 200 0 0
 7605 82743.000 188164.000 0 0 32.000 54.000 1728.000 41.569 0 1 495 200 0 0
 7606 82376.000 188047.000 0 0 32.000 54.000 1728.000 41.569 0 1 495 200 0 0
 7607 81755.000 187915.000 0 0 34.000 54.000 1836.000 42.848 0 1 505 200 0 0
 7608 68104.000 183970.000 0 0 0.000 0.000 0.000 0.120 0 1 0 0 0 0
 7609 66456.000 183187.000 0 0 42.000 56.000 2352.000 48.497 0 1 493 200 0 0
 7610 66036.000 183092.000 0 0 42.000 56.000 2352.000 48.497 0 1 493 200 0 0
 7611 65109.000 182657.000 0 0 0.000 0.000 0.000 0.122 0 1 0 0 0 0
 7612 61884.000 181248.000 0 0 42.000 56.000 2352.000 48.497 0 1 478 200 0 0
 7613 61000.000 180996.000 0 0 42.000 56.000 2352.000 48.497 0 1 478 200 0 0
 7614 58543.000 179595.000 0 0 44.000 56.000 2464.000 49.638 0 1 472 200 0 0
 7615 56418.000 178469.000 0 0 0.000 0.000 0.000 0.121 0 1 0 0 0 0
 7616 45295.000 171144.000 0 0 0.000 0.000 0.000 0.120 0 1 0 0 0 0
 7617 36579.000 163474.000 0 0 52.000 52.000 2704.000 52.000 0 1 387 200 0 0
 7618 36451.000 163353.000 0 0 52.000 52.000 2704.000 52.000 0 1 387 200 0 0
 7619 25461.000 149851.000 0 0 0.000 0.000 0.000 0.121 0 1 0 0 0 0
 7620 23658.000 146991.000 0 0 0.000 0.000 0.000 0.120 0 1 0 0 0 0
 7621 19405.000 139187.000 0 0 0.000 0.000 0.000 0.120 0 1 0 0 0 0
 7622 15654.000 130136.000 0 0 0.000 0.000 0.000 0.120 0 1 0 0 0 0
 7623 11399.000 112984.000 0 0 52.000 30.000 1560.000 39.496 0 1 266 200 0 0
 7624 11327.000 112486.000 0 0 52.000 30.000 1560.000 39.496 0 1 266 200 0 0
 7625 11094.000 110681.000 0 0 0.000 0.000 0.000 0.121 0 1 0 0 0 0
 7626 10630.000 105482.000 0 0 0.000 0.000 0.000 0.120 0 1 0 0 0 0
 7627 10522.000 99330.000 0 0 51.000 24.000 1224.000 34.985 0 1 229 200 0 0
 7628 10833.000 92379.000 0 0 0.000 0.000 0.000 0.120 0 1 0 0 0 0
 7629 13312.000 77861.000 0 0 54.000 36.000 1944.000 44.090 0 1 189 200 0 0
 7630 17819.000 64780.000 0 0 54.000 42.000 2268.000 47.623 0 1 169 200 0 0
 7631 20147.000 59694.000 0 0 0.000 0.000 0.000 0.120 0 1 0 0 0 0
 7632 21349.000 57453.000 0 0 54.000 44.000 2376.000 48.744 0 1 152 200 0 0
 7633 29944.000 44462.000 0 0 0.000 0.000 0.000 0.121 0 1 0 0 0 0
 7634 40062.000 33682.000 0 0 0.000 0.000 0.000 0.120 0 1 0 0 0 0
 7635 62937.000 18647.000 0 0 0.000 0.000 0.000 0.122 0 1 0 0 0 0
 7636 63671.000 18265.000 0 0 0.000 0.000 0.000 0.122 0 1 0 0 0 0
 7637 82757.000 12239.000 0 0 0.000 0.000 0.000 0.120 0 1 0 0 0 0
 7638 92915.000 10849.000 0 0 0.000 0.000 0.000 0.121 0 1 0 0 0 0
 7639 97752.000 10605.000 0 0 0.000 0.000 0.000 0.123 0 1 0 0 0 0
 7640 107908.000 10940.000 0 0 28.000 52.000 1456.000 38.157 0 1 9 200 0 0
 7641 118933.000 12534.000 0 0 34.000 54.000 1836.000 42.848 0 1 15 200 0 0
 7642 127799.000 14929.000 0 0 0.000 0.000 0.000 0.122 0 1 0 0 0 0
 7643 131455.000 16207.000 0 0 0.000 0.000 0.000 0.120 0 1 0 0 0 0
 7644 135966.000 18013.000 0 0 0.000 0.000 0.000 0.120 0 1 0 0 0 0
 7645 142180.000 21038.000 0 0 0.000 0.000 0.000 0.120 0 1 0 0 0 0
 7646 146004.000 23210.000 0 0 0.000 0.000 0.000 0.121 0 1 0 0 0 0
 7647 169688.000 43656.000 0 0 0.000 0.000 0.000 0.123 0 1 0 0 0 0
 7648 175337.000 51283.000 0 0 0.000 0.000 0.000 0.120 0 1 0 0 0 0
 7649 179375.000 58262.000 0 0 56.000 44.000 2464.000 49.638 0 1 153 200 0 0
 7650 179899.000 59245.000 0 0 56.000 44.000 2464.000 49.638 0 1 153 200 0 0
 7651 180634.000 60844.000 0 0 56.000 42.000 2352.000 48.497 0 1 153 200 0 0
 7652 180925.000 61252.000 0 0 56.000 42.000 2352.000 48.497 0 1 153 200 0 0
 7653 182769.000 65513.000 0 0 0.000 0.000 0.000 0.123 0 1 0 0 0 0
 7654 183445.000 67090.000 0 0 56.000 42.000 2352.000 48.497 0 1 172 200 0 0
 7655 184077.000 68699.000 0 0 56.000 40.000 2240.000 47.328 0 1 174 200 0 0
 7656 184164.000 68854.000 0 0 56.000 40.000 2240.000 47.328 0 1 174 200 0 0
 7657 185844.000 73909.000 0 0 54.000 38.000 2052.000 45.299 0 1 185 200 0 0
 7658 185981.000 74398.000 0 0 54.000 38.000 2052.000 45.299 0 1 185 200 0 0
 7659 186487.000 75971.000 0 0 56.000 36.000 2016.000 44.899 0 1 185 200 0 0
 7660 186951.000 77214.000 0 0 56.000 36.000 2016.000 44.899 0 1 185 200 0 0
 7661 188218.000 83412.000 0 0 54.000 32.000 1728.000 41.569 0 1 207 200 0 0
 7662 188393.000 84377.000 0 0 54.000 32.000 1728.000 41.569 0 1 207 200 0 0
 7663 188435.000 84640.000 0 0 54.000 32.000 1728.000 41.569 0 1 207 200 0 0
 7664 189131.000 88997.000 0 0 52.000 30.000 1560.000 39.496 0 1 207 200 0 0
 7665 189598.000 93893.000 0 0 0.000 0.000 0.000 0.121 0 1 0 0 0 0
 7666 189714.000 96202.000 0 0 50.000 26.000 1300.000 36.055 0 1 220 200 0 0
 7667 189690.000 96456.000 0 0 50.000 24.000 1200.000 34.641 0 1 220 200 0 0
 7668 189794.000 98417.000 0 0 0.000 0.000 0.000 0.120 0 1 0 0 0 0
 7669 189755.000 103236.000 0 0 50.000 24.000 1200.000 34.641 0 1 242 200 0 0
 7670 189784.000 103526.000 0 0 50.000 24.000 1200.000 34.641 0 1 242 200 0 0
 7671 189392.000 108822.000 0 0 52.000 28.000 1456.000 38.157 0 1 258 200 0 0
 7672 189391.000 109004.000 0 0 52.000 28.000 1456.000 38.157 0 1 258 200 0 0
 7673 189251.000 110096.000 0 0 52.000 28.000 1456.000 38.157 0 1 258 200 0 0
 7674 188824.000 113614.000 0 0 0.000 0.000 0.000 0.120 0 1 0 0 0 0
 7675 188340.000 116402.000 0 0 0.000 0.000 0.000 0.120 0 1 0 0 0 0
 7676 184350.000 131056.000 0 0 0.000 0.000 0.000 0.120 0 1 0 0 0 0
 7677 177767.000 145121.000 0 0 56.000 46.000 2576.000 50.754 0 1 328 200 0 0
 7678 176114.000 148024.000 0 0 0.000 0.000 0.000 0.120 0 1 0 0 0 0
 7679 175014.000 149654.000 0 0 0.000 0.000 0.000 0.120 0 1 0 0 0 0
 7680 173849.000 151338.000 0 0 0.000 0.000 0.000 0.120 0 1 0 0 0 0
 7681 170976.000 155302.000 0 0 54.000 50.000 2700.000 51.961 0 1 343 200 0 0
 7682 170122.000 156303.000 0 0 0.000 0.000 0.000 0.121 0 1 0 0 0 0
 7683 165995.000 161172.000 0 0 54.000 50.000 2700.000 51.961 0 1 371 200 0 0
 7684 160209.000 166914.000 0 0 0.000 0.000 0.000 0.126 0 1 0 0 0 0
 7685 159232.000 167771.000 0 0 0.000 0.000 0.000 0.122 0 1 0 0 0 0
 7686 154138.000 172075.000 0 0 50.000 54.000 2700.000 51.961 0 1 419 200 0 0
 7687 150346.000 174597.000 0 0 46.000 54.000 2484.000 49.839 0 1 438 200 0 0
 7688 149386.000 175266.000 0 0 48.000 54.000 2592.000 50.911 0 1 443 200 0 0
 7689 149027.000 175465.000 0 0 48.000 54.000 2592.000 50.911 0 1 443 200 0 0
 7690 144529.000 178347.000 0 0 0.000 0.000 0.000 0.123 0 1 0 0 0 0
 7691 143067.000 178988.000 0 0 44.000 54.000 2376.000 48.744 0 1 443 200 0 0
 7692 139520.000 180835.000 0 0 42.000 56.000 2352.000 48.497 0 1 484 200 0 0
 7693 139328.000 180981.000 0 0 42.000 56.000 2352.000 48.497 0 1 484 200 0 0
 7694 137919.000 181633.000 0 0 42.000 56.000 2352.000 48.497 0 1 490 200 0 0
 7695 132513.000 183903.000 0 0 42.000 56.000 2352.000 48.497 0 1 488 200 0 0
 7696 130664.000 184609.000 0 0 40.000 56.000 2240.000 47.328 0 1 488 200 0 0
 7697 125500.000 186321.000 0 0 38.000 54.000 2052.000 45.299 0 1 498 200 0 0
 7698 121311.000 187497.000 0 0 34.000 54.000 1836.000 42.848 0 1 498 200 0 0
 7699 119226.000 187936.000 0 0 34.000 54.000 1836.000 42.848 0 1 509 200 0 0
 7700 116163.000 188548.000 0 0 32.000 54.000 1728.000 41.569 0 1 510 200 0 0
 7701 115756.000 188668.000 0 0 32.000 54.000 1728.000 41.569 0 1 510 200 0 0
 7702 115038.000 188736.000 0 0 32.000 54.000 1728.000 41.569 0 1 510 200 0 0
 7703 114379.000 188866.000 0 0 30.000 52.000 1560.000 39.496 0 1 510 200 0 0
 7704 82192.000 188330.000 0 0 32.000 54.000 1728.000 41.569 0 1 505 200 0 0
 7705 81481.000 188068.000 0 0 34.000 54.000 1836.000 42.848 0 1 505 200 0 0
 7706 79716.000 187672.000 0 0 0.000 0.000 0.000 0.120 0 1 0 0 0 0
 7707 73807.000 186082.000 0 0 0.000 0.000 0.000 0.121 0 1 0 0 0 0
 7708 69275.000 184509.000 0 0 0.000 0.000 0.000 0.120 0 1 0 0 0 0
 7709 68704.000 184282.000 0 0 0.000 0.000 0.000 0.121 0 1 0 0 0 0
 7710 66301.000 183432.000 0 0 42.000 56.000 2352.000 48.497 0 1 493 200 0 0
 7711 60909.000 180986.000 0 0 42.000 56.000 2352.000 48.497 0 1 478 200 0 0
 7712 59888.000 180505.000 0 0 0.000 0.000 0.000 0.120 0 1 0 0 0 0
 7713 51315.000 175594.000 0 0 0.000 0.000 0.000 0.121 0 1 0 0 0 0
 7714 46757.000 172419.000 0 0 0.000 0.000 0.000 0.121 0 1 0 0 0 0
 7715 35773.000 162850.000 0 0 52.000 52.000 2704.000 52.000 0 1 387 200 0 0
 7716 35625.000 162688.000 0 0 52.000 52.000 2704.000 52.000 0 1 387 200 0 0
 7717 30763.000 157247.000 0 0 54.000 50.000 2700.000 51.961 0 1 363 200 0 0
 7718 30545.000 157014.000 0 0 54.000 50.000 2700.000 51.961 0 1 363 200 0 0
 7719 22799.000 145881.000 0 0 56.000 46.000 2576.000 50.754 0 1 331 200 0 0
 7720 22785.000 145865.000 0 0 56.000 46.000 2576.000 50.754 0 1 331 200 0 0
 7721 17087.000 134873.000 0 0 0.000 0.000 0.000 0.127 0 1 0 0 0 0
 7722 15458.000 130087.000 0 0 0.000 0.000 0.000 0.123 0 1 0 0 0 0
 7723 14351.000 127339.000 0 0 0.000 0.000 0.000 0.124 0 1 0 0 0 0
 7724 10177.000 99236.000 0 0 51.000 24.000 1224.000 34.985 0 1 229 200 0 0
 7725 12107.000 82332.000 0 0 0.000 0.000 0.000 0.122 0 1 0 0 0 0
 7726 14316.000 73613.000 0 0 0.000 0.000 0.000 0.120 0 1 0 0 0 0
 7727 14405.000 73469.000 0 0 0.000 0.000 0.000 0.122 0 1 0 0 0 0
 7728 15342.000 70561.000 0 0 54.000 40.000 2160.000 46.475 0 1 176 200 0 0
 7729 16520.000 67416.000 0 0 0.000 0.000 0.000 0.121 0 1 0 0 0 0
 7730 18391.000 62903.000 0 0 0.000 0.000 0.000 0.121 0 1 0 0 0 0
 7731 20820.000 58072.000 0 0 56.000 44.000 2464.000 49.638 0 1 152 200 0 0
 7732 25370.000 50387.000 0 0 54.000 46.000 2484.000 49.839 0 1 130 200 0 0
 7733 31567.000 42211.000 0 0 54.000 52.000 2808.000 52.990 0 1 111 200 0 0
 7734 31775.000 41981.000 0 0 54.000 52.000 2808.000 52.990 0 1 111 200 0 0
 7735 45752.000 28749.000 0 0 0.000 0.000 0.000 0.121 0 1 0 0 0 0
 7736 69431.000 15811.000 0 0 0.000 0.000 0.000 0.123 0 1 0 0 0 0
 7737 79030.000 12910.000 0 0 34.000 54.000 1836.000 42.848 0 1 12 200 0 0
 7738 99284.000 10367.000 0 0 0.000 0.000 0.000 0.121 0 1 0 0 0 0
 7739 107408.000 10679.000 0 0 28.000 50.000 1400.000 37.416 0 1 9 200 0 0
 7740 109980.000 10937.000 0 0 0.000 0.000 0.000 0.124 0 1 0 0 0 0
 7741 112000.000 11136.000 0 0 0.000 0.000 0.000 0.120 0 1 0 0 0 0
 7742 124750.000 13836.000 0 0 0.000 0.000 0.000 0.123 0 1 0 0 0 0
 7743 129545.000 15342.000 0 0 0.000 0.000 0.000 0.120 0 1 0 0 0 0
 7744 130215.000 15566.000 0 0 0.000 0.000 0.000 0.120 0 1 0 0 0 0
 7745 134880.000 17366.000 0 0 0.000 0.000 0.000 0.122 0 1 0 0 0 0
 7746 137523.000 18525.000 0 0 42.000 56.000 2352.000 48.497 0 1 31 200 0 0
 7747 137953.000 18725.000 0 0 42.000 56.000 2352.000 48.497 0 1 31 200 0 0
 7748 139202.000 19341.000 0 0 0.000 0.000 0.000 0.125 0 1 0 0 0 0
 7749 139517.000 19520.000 0 0 0.000 0.000 0.000 0.122 0 1 0 0 0 0
 7750 140738.000 20100.000 0 0 0.000 0.000 0.000 0.120 0 1 0 0 0 0
 7751 143913.000 21789.000 0 0 0.000 0.000 0.000 0.121 0 1 0 0 0 0
 7752 170960.000 44937.000 0 0 54.000 50.000 2700.000 51.961 0 1 117 200 0 0
 7753 171700.000 45868.000 0 0 54.000 50.000 2700.000 51.961 0 1 117 200 0 0
 7754 173744.000 48486.000 0 0 54.000 48.000 2592.000 50.911 0 1 126 200 0 0
 7755 177763.000 55012.000 0 0 56.000 46.000 2576.000 50.754 0 1 141 200 0 0
 7756 177863.000 55193.000 0 0 54.000 46.000 2484.000 49.839 0 1 141 200 0 0
 7757 178933.000 57049.000 0 0 54.000 44.000 2376.000 48.744 0 1 141 200 0 0
 7758 179448.000 58073.000 0 0 56.000 44.000 2464.000 49.638 0 1 153 200 0 0
 7759 180497.000 60057.000 0 0 56.000 44.000 2464.000 49.638 0 1 153 200 0 0
 7760 180710.000 60532.000 0 0 56.000 42.000 2352.000 48.497 0 1 153 200 0 0
 7761 181374.000 61863.000 0 0 56.000 42.000 2352.000 48.497 0 1 153 200 0 0
 7762 181822.000 62799.000 0 0 0.000 0.000 0.000 0.122 0 1 0 0 0 0
 7763 183362.000 66265.000 0 0 56.000 42.000 2352.000 48.497 0 1 172 200 0 0
 7764 184007.000 67605.000 0 0 56.000 40.000 2240.000 47.328 0 1 172 200 0 0
 7765 184277.000 68707.000 0 0 56.000 40.000 2240.000 47.328 0 1 174 200 0 0
 7766 186329.000 74788.000 0 0 54.000 38.000 2052.000 45.299 0 1 185 200 0 0
 7767 186459.000 75370.000 0 0 56.000 36.000 2016.000 44.899 0 1 185 200 0 0
 7768 187326.000 78678.000 0 0 54.000 34.000 1836.000 42.848 0 1 185 200 0 0
 7769 187769.000 80586.000 0 0 0.000 0.000 0.000 0.122 0 1 0 0 0 0
 7770 189045.000 87506.000 0 0 52.000 30.000 1560.000 39.496 0 1 207 200 0 0
 7771 189229.000 88542.000 0 0 52.000 30.000 1560.000 39.496 0 1 207 200 0 0
 7772 189674.000 93297.000 0 0 0.000 0.000 0.000 0.120 0 1 0 0 0 0
 7773 189988.000 98957.000 0 0 0.000 0.000 0.000 0.122 0 1 0 0 0 0
 7774 189953.000 101744.000 0 0 50.000 24.000 1200.000 34.641 0 1 242 200 0 0
 7775 189975.000 102494.000 0 0 50.000 24.000 1200.000 34.641 0 1 242 200 0 0
 7776 189589.000 108517.000 0 0 52.000 28.000 1456.000 38.157 0 1 258 200 0 0
 7777 189347.000 111139.000 0 0 52.000 30.000 1560.000 39.496 0 1 263 200 0 0
 7778 181562.000 138220.000 0 0 0.000 0.000 0.000 0.121 0 1 0 0 0 0
 7779 176484.000 147645.000 0 0 0.000 0.000 0.000 0.122 0 1 0 0 0 0
 7780 172659.000 153291.000 0 0 56.000 48.000 2688.000 51.845 0 1 352 200 0 0
 7781 164144.000 163335.000 0 0 0.000 0.000 0.000 0.121 0 1 0 0 0 0
 7782 160071.000 167204.000 0 0 0.000 0.000 0.000 0.121 0 1 0 0 0 0
 7783 157078.000 169757.000 0 0 50.000 54.000 2700.000 51.961 0 1 417 200 0 0
 7784 153806.000 172381.000 0 0 48.000 56.000 2688.000 51.845 0 1 419 200 0 0
 7785 149145.000 175606.000 0 0 48.000 54.000 2592.000 50.911 0 1 443 200 0 0
 7786 143518.000 178905.000 0 0 46.000 54.000 2484.000 49.839 0 1 443 200 0 0
 7787 142301.000 179635.000 0 0 44.000 56.000 2464.000 49.638 0 1 443 200 0 0
 7788 139769.000 180861.000 0 0 44.000 56.000 2464.000 49.638 0 1 484 200 0 0
 7789 138856.000 181350.000 0 0 42.000 56.000 2352.000 48.497 0 1 484 200 0 0
 7790 135438.000 182924.000 0 0 42.000 54.000 2268.000 47.623 0 1 490 200 0 0
 7791 134091.000 183467.000 0 0 42.000 56.000 2352.000 48.497 0 1 488 200 0 0
 7792 126559.000 186178.000 0 0 38.000 54.000 2052.000 45.299 0 1 498 200 0 0
 7793 124734.000 186691.000 0 0 36.000 56.000 2016.000 44.899 0 1 498 200 0 0
 7794 122713.000 187241.000 0 0 36.000 56.000 2016.000 44.899 0 1 498 200 0 0
 7795 78464.000 187519.000 0 0 0.000 0.000 0.000 0.122 0 1 0 0 0 0
 7796 75027.000 186604.000 0 0 0.000 0.000 0.000 0.120 0 1 0 0 0 0
 7797 73725.000 186218.000 0 0 0.000 0.000 0.000 0.120 0 1 0 0 0 0
 7798 73359.000 186145.000 0 0 0.000 0.000 0.000 0.121 0 1 0 0 0 0
 7799 66427.000 183592.000 0 0 42.000 56.000 2352.000 48.497 0 1 493 200 0 0
 7800 66014.000 183441.000 0 0 42.000 56.000 2352.000 48.497 0 1 493 200 0 0
 7801 61687.000 181554.000 0 0 42.000 56.000 2352.000 48.497 0 1 478 200 0 0
 7802 60546.000 180954.000 0 0 0.000 0.000 0.000 0.120 0 1 0 0 0 0
 7803 60426.000 180895.000 0 0 0.000 0.000 0.000 0.120 0 1 0 0 0 0
 7804 59409.000 180584.000 0 0 0.000 0.000 0.000 0.124 0 1 0 0 0 0
 7805 57900.000 179652.000 0 0 44.000 56.000 2464.000 49.638 0 1 472 200 0 0
 7806 45247.000 171517.000 0 0 0.000 0.000 0.000 0.121 0 1 0 0 0 0
 7807 42786.000 169723.000 0 0 0.000 0.000 0.000 0.123 0 1 0 0 0 0
 7808 35305.000 162614.000 0 0 52.000 52.000 2704.000 52.000 0 1 387 200 0 0
 7809 34514.000 161724.000 0 0 0.000 0.000 0.000 0.120 0 1 0 0 0 0
 7810 29661.000 156172.000 0 0 0.000 0.000 0.000 0.120 0 1 0 0 0 0
 7811 24665.000 149231.000 0 0 0.000 0.000 0.000 0.120 0 1 0 0 0 0
 7812 24500.000 148942.000 0 0 0.000 0.000 0.000 0.121 0 1 0 0 0 0
 7813 20042.000 141268.000 0 0 0.000 0.000 0.000 0.120 0 1 0 0 0 0
 7814 16692.000 133921.000 0 0 0.000 0.000 0.000 0.122 0 1 0 0 0 0
 7815 15091.000 129663.000 0 0 0.000 0.000 0.000 0.121 0 1 0 0 0 0
 7816 171841.000 48011.000 0 0 56.000 48.000 2688.000 51.845 0 1 126 200 0 0
 7817 13247.000 123610.000 0 0 0.000 0.000 0.000 0.120 0 1 0 0 0 0
 7818 11573.000 116332.000 0 0 54.000 32.000 1728.000 41.569 0 1 274 200 0 0
 7819 10723.000 110560.000 0 0 0.000 0.000 0.000 0.120 0 1 0 0 0 0
 7820 10506.000 108107.000 0 0 0.000 0.000 0.000 0.120 0 1 0 0 0 0
 7821 10177.000 97739.000 0 0 50.000 24.000 1200.000 34.641 0 1 229 200 0 0
 7822 10199.000 97317.000 0 0 50.000 24.000 1200.000 34.641 0 1 229 200 0 0
 7823 10193.000 96722.000 0 0 50.000 24.000 1200.000 34.641 0 1 229 200 0 0
 7824 10781.000 89526.000 0 0 0.000 0.000 0.000 0.121 0 1 0 0 0 0
 7825 11211.000 86172.000 0 0 0.000 0.000 0.000 0.120 0 1 0 0 0 0
 7826 12257.000 80650.000 0 0 54.000 34.000 1836.000 42.848 0 1 189 200 0 0
 7827 15338.000 69974.000 0 0 56.000 40.000 2240.000 47.328 0 1 176 200 0 0
 7828 17018.000 65731.000 0 0 56.000 42.000 2352.000 48.497 0 1 173 200 0 0
 7829 20424.000 58452.000 0 0 56.000 44.000 2464.000 49.638 0 1 152 200 0 0
 7830 25910.000 49315.000 0 0 0.000 0.000 0.000 0.123 0 1 0 0 0 0
 7831 26504.000 48442.000 0 0 0.000 0.000 0.000 0.120 0 1 0 0 0 0
 7832 34747.000 38390.000 0 0 54.000 52.000 2808.000 52.990 0 1 108 200 0 0
 7833 41639.000 31824.000 0 0 52.000 52.000 2704.000 52.000 0 1 89 200 0 0
 7834 44380.000 29581.000 0 0 0.000 0.000 0.000 0.121 0 1 0 0 0 0
 7835 46743.000 27641.000 0 0 0.000 0.000 0.000 0.120 0 1 0 0 0 0
 7836 47602.000 27156.000 0 0 0.000 0.000 0.000 0.122 0 1 0 0 0 0
 7837 60679.000 19311.000 0 0 0.000 0.000 0.000 0.122 0 1 0 0 0 0
 7838 67552.000 16304.000 0 0 0.000 0.000 0.000 0.120 0 1 0 0 0 0
 7839 75381.000 13714.000 0 0 0.000 0.000 0.000 0.120 0 1 0 0 0 0
 7840 77169.000 13186.000 0 0 0.000 0.000 0.000 0.122 0 1 0 0 0 0
 7841 78554.000 12836.000 0 0 34.000 54.000 1836.000 42.848 0 1 12 200 0 0
 7842 80493.000 12410.000 0 0 34.000 54.000 1836.000 42.848 0 1 11 200 0 0
 7843 89800.000 10805.000 0 0 28.000 52.000 1456.000 38.157 0 1 6 200 0 0
 7844 95303.000 10319.000 0 0 26.000 50.000 1300.000 36.055 0 1 8 200 0 0
 7845 95786.000 10312.000 0 0 26.000 50.000 1300.000 36.055 0 1 8 200 0 0
 7846 104561.000 10364.000 0 0 0.000 0.000 0.000 0.121 0 1 0 0 0 0
 7847 104778.000 10357.000 0 0 0.000 0.000 0.000 0.123 0 1 0 0 0 0
 7848 147114.000 23455.000 0 0 0.000 0.000 0.000 0.122 0 1 0 0 0 0
 7849 170467.000 44094.000 0 0 0.000 0.000 0.000 0.120 0 1 0 0 0 0
 7850 171518.000 45378.000 0 0 54.000 50.000 2700.000 51.961 0 1 117 200 0 0
 7851 171725.000 45676.000 0 0 54.000 50.000 2700.000 51.961 0 1 117 200 0 0
 7852 172694.000 46966.000 0 0 0.000 0.000 0.000 0.122 0 1 0 0 0 0
 7853 176270.000 52206.000 0 0 0.000 0.000 0.000 0.120 0 1 0 0 0 0
 7854 177801.000 54740.000 0 0 56.000 46.000 2576.000 50.754 0 1 141 200 0 0
 7855 178395.000 55753.000 0 0 54.000 46.000 2484.000 49.839 0 1 141 200 0 0
 7856 178679.000 56247.000 0 0 54.000 46.000 2484.000 49.839 0 1 141 200 0 0
 7857 179997.000 58728.000 0 0 56.000 44.000 2464.000 49.638 0 1 153 200 0 0
 7858 180327.000 59326.000 0 0 56.000 44.000 2464.000 49.638 0 1 153 200 0 0
 7859 184061.000 67742.000 0 0 56.000 40.000 2240.000 47.328 0 1 172 200 0 0
 7860 184523.000 68914.000 0 0 56.000 40.000 2240.000 47.328 0 1 174 200 0 0
 7861 188108.000 80435.000 0 0 0.000 0.000 0.000 0.125 0 1 0 0 0 0
 7862 189539.000 89647.000 0 0 52.000 28.000 1456.000 38.157 0 1 207 200 0 0
 7863 189589.000 90218.000 0 0 52.000 28.000 1456.000 38.157 0 1 207 200 0 0
 7864 190119.000 99494.000 0 0 0.000 0.000 0.000 0.120 0 1 0 0 0 0
 7865 190091.000 104077.000 0 0 50.000 26.000 1300.000 36.055 0 1 242 200 0 0
 7866 189697.000 109386.000 0 0 52.000 28.000 1456.000 38.157 0 1 258 200 0 0
 7867 189535.000 110991.000 0 0 52.000 30.000 1560.000 39.496 0 1 263 200 0 0
 7868 172341.000 154065.000 0 0 56.000 48.000 2688.000 51.845 0 1 352 200 0 0
 7869 163996.000 163720.000 0 0 0.000 0.000 0.000 0.120 0 1 0 0 0 0
 7870 161997.000 165711.000 0 0 0.000 0.000 0.000 0.121 0 1 0 0 0 0
 7871 157009.000 170027.000 0 0 50.000 54.000 2700.000 51.961 0 1 417 200 0 0
 7872 156467.000 170537.000 0 0 50.000 54.000 2700.000 51.961 0 1 417 200 0 0
 7873 155532.000 171298.000 0 0 0.000 0.000 0.000 0.121 0 1 0 0 0 0
 7874 153297.000 172933.000 0 0 48.000 56.000 2688.000 51.845 0 1 419 200 0 0
 7875 152995.000 173136.000 0 0 48.000 56.000 2688.000 51.845 0 1 419 200 0 0
 7876 151178.000 174401.000 0 0 48.000 54.000 2592.000 50.911 0 1 438 200 0 0
 7877 151140.000 174460.000 0 0 48.000 54.000 2592.000 50.911 0 1 438 200 0 0
 7878 150202.000 175147.000 0 0 46.000 54.000 2484.000 49.839 0 1 438 200 0 0
 7879 149311.000 175703.000 0 0 48.000 54.000 2592.000 50.911 0 1 443 200 0 0
 7880 142102.000 179904.000 0 0 44.000 56.000 2464.000 49.638 0 1 443 200 0 0
 7881 137719.000 182057.000 0 0 42.000 56.000 2352.000 48.497 0 1 490 200 0 0
 7882 135806.000 182917.000 0 0 42.000 54.000 2268.000 47.623 0 1 490 200 0 0
 7883 134328.000 183487.000 0 0 42.000 56.000 2352.000 48.497 0 1 488 200 0 0
 7884 132800.000 184321.000 0 0 42.000 56.000 2352.000 48.497 0 1 488 200 0 0
 7885 129778.000 185308.000 0 0 40.000 54.000 2160.000 46.475 0 1 498 200 0 0
 7886 129197.000 185503.000 0 0 40.000 54.000 2160.000 46.475 0 1 498 200 0 0
 7887 128434.000 185750.000 0 0 38.000 54.000 2052.000 45.299 0 1 498 200 0 0
 7888 127034.000 186209.000 0 0 38.000 54.000 2052.000 45.299 0 1 498 200 0 0
 7889 122219.000 187559.000 0 0 36.000 54.000 1944.000 44.090 0 1 498 200 0 0
 7890 122076.000 187750.000 0 0 36.000 54.000 1944.000 44.090 0 1 498 200 0 0
 7891 113372.000 189340.000 0 0 0.000 0.000 0.000 0.121 0 1 0 0 0 0
 7892 110593.000 189714.000 0 0 28.000 52.000 1456.000 38.157 0 1 511 200 0 0
 7893 76989.000 187365.000 0 0 0.000 0.000 0.000 0.122 0 1 0 0 0 0
 7894 61527.000 181682.000 0 0 42.000 56.000 2352.000 48.497 0 1 478 200 0 0
 7895 53684.000 177439.000 0 0 0.000 0.000 0.000 0.120 0 1 0 0 0 0
 7896 49074.000 174493.000 0 0 0.000 0.000 0.000 0.120 0 1 0 0 0 0
 7897 31720.000 158926.000 0 0 0.000 0.000 0.000 0.121 0 1 0 0 0 0
 7898 22364.000 145852.000 0 0 56.000 46.000 2576.000 50.754 0 1 331 200 0 0
 7899 21460.000 144175.000 0 0 0.000 0.000 0.000 0.120 0 1 0 0 0 0
 7900 14243.000 127549.000 0 0 0.000 0.000 0.000 0.120 0 1 0 0 0 0
 7901 13469.000 125030.000 0 0 0.000 0.000 0.000 0.122 0 1 0 0 0 0
 7902 12239.000 120568.000 0 0 0.000 0.000 0.000 0.120 0 1 0 0 0 0
 7903 11486.000 116765.000 0 0 54.000 32.000 1728.000 41.569 0 1 274 200 0 0
 7904 10238.000 107145.000 0 0 0.000 0.000 0.000 0.122 0 1 0 0 0 0
 7905 10653.000 89076.000 0 0 0.000 0.000 0.000 0.121 0 1 0 0 0 0
 7906 10889.000 87421.000 0 0 0.000 0.000 0.000 0.121 0 1 0 0 0 0
 7907 12183.000 80360.000 0 0 54.000 34.000 1836.000 42.848 0 1 189 200 0 0
 7908 21268.000 56557.000 0 0 0.000 0.000 0.000 0.122 0 1 0 0 0 0
 7909 21700.000 55671.000 0 0 0.000 0.000 0.000 0.121 0 1 0 0 0 0
 7910 32225.000 40894.000 0 0 52.000 52.000 2704.000 52.000 0 1 111 200 0 0
 7911 33444.000 39468.000 0 0 54.000 50.000 2700.000 51.961 0 1 108 200 0 0
 7912 34067.000 38836.000 0 0 54.000 52.000 2808.000 52.990 0 1 108 200 0 0
 7913 36110.000 36724.000 0 0 0.000 0.000 0.000 0.121 0 1 0 0 0 0
 7914 41888.000 31421.000 0 0 52.000 54.000 2808.000 52.990 0 1 89 200 0 0
 7915 56266.000 21446.000 0 0 46.000 54.000 2484.000 49.839 0 1 42 210 0 0
 7916 58350.000 20321.000 0 0 44.000 56.000 2464.000 49.638 0 1 35 200 0 0
 7917 63753.000 17672.000 0 0 0.000 0.000 0.000 0.120 0 1 0 0 0 0
 7918 65530.000 16947.000 0 0 42.000 56.000 2352.000 48.497 0 1 23 200 0 0
 7919 85345.000 11267.000 0 0 0.000 0.000 0.000 0.122 0 1 0 0 0 0
 7920 91619.000 10435.000 0 0 0.000 0.000 0.000 0.121 0 1 0 0 0 0
 7921 108642.000 10444.000 0 0 28.000 52.000 1456.000 38.157 0 1 9 200 0 0
 7922 121360.000 12574.000 0 0 0.000 0.000 0.000 0.120 0 1 0 0 0 0
 7923 122992.000 13034.000 0 0 0.000 0.000 0.000 0.122 0 1 0 0 0 0
 7924 127434.000 14276.000 0 0 0.000 0.000 0.000 0.120 0 1 0 0 0 0
 7925 128799.000 14749.000 0 0 0.000 0.000 0.000 0.120 0 1 0 0 0 0
 7926 165399.000 37995.000 0 0 0.000 0.000 0.000 0.120 0 1 0 0 0 0
 7927 172208.000 46004.000 0 0 56.000 48.000 2688.000 51.845 0 1 117 200 0 0
 7928 178581.000 55453.000 0 0 54.000 46.000 2484.000 49.839 0 1 141 200 0 0
 7929 178705.000 55985.000 0 0 54.000 46.000 2484.000 49.839 0 1 141 200 0 0
 7930 180099.000 58467.000 0 0 56.000 44.000 2464.000 49.638 0 1 153 200 0 0
 7931 181364.000 61122.000 0 0 56.000 42.000 2352.000 48.497 0 1 153 200 0 0
 7932 183006.000 64673.000 0 0 55.000 42.000 2310.000 48.062 0 1 166 200 0 0
 7933 183659.000 66196.000 0 0 56.000 42.000 2352.000 48.497 0 1 172 200 0 0
 7934 186408.000 74048.000 0 0 54.000 38.000 2052.000 45.299 0 1 185 200 0 0
 7935 186928.000 75945.000 0 0 56.000 36.000 2016.000 44.899 0 1 185 200 0 0
 7936 187613.000 77781.000 0 0 0.000 0.000 0.000 0.126 0 1 0 0 0 0
 7937 189399.000 87590.000 0 0 52.000 30.000 1560.000 39.496 0 1 207 200 0 0
 7938 190297.000 100661.000 0 0 0.000 0.000 0.000 0.120 0 1 0 0 0 0
 7939 189566.000 112076.000 0 0 52.000 30.000 1560.000 39.496 0 1 263 200 0 0
 7940 189525.000 112241.000 0 0 52.000 30.000 1560.000 39.496 0 1 263 200 0 0
 7941 188814.000 116731.000 0 0 0.000 0.000 0.000 0.120 0 1 0 0 0 0
 7942 182233.000 137574.000 0 0 0.000 0.000 0.000 0.120 0 1 0 0 0 0
 7943 181887.000 138348.000 0 0 0.000 0.000 0.000 0.120 0 1 0 0 0 0
 7944 172962.000 153455.000 0 0 56.000 48.000 2688.000 51.845 0 1 352 200 0 0
 7945 172803.000 153687.000 0 0 56.000 48.000 2688.000 51.845 0 1 352 200 0 0
 7946 168845.000 158682.000 0 0 0.000 0.000 0.000 0.120 0 1 0 0 0 0
 7947 150524.000 175053.000 0 0 46.000 54.000 2484.000 49.839 0 1 438 200 0 0
 7948 148292.000 176475.000 0 0 48.000 56.000 2688.000 51.845 0 1 443 200 0 0
 7949 146809.000 177466.000 0 0 46.000 56.000 2576.000 50.754 0 1 443 200 0 0
 7950 143009.000 179731.000 0 0 44.000 56.000 2464.000 49.638 0 1 443 200 0 0
 7951 141511.000 180397.000 0 0 44.000 56.000 2464.000 49.638 0 1 443 200 0 0
 7952 137241.000 182496.000 0 0 42.000 54.000 2268.000 47.623 0 1 490 200 0 0
 7953 136635.000 182785.000 0 0 42.000 54.000 2268.000 47.623 0 1 490 200 0 0
 7954 130142.000 185507.000 0 0 40.000 54.000 2160.000 46.475 0 1 498 200 0 0
 7955 127859.000 186105.000 0 0 38.000 54.000 2052.000 45.299 0 1 498 200 0 0
 7956 126360.000 186591.000 0 0 38.000 54.000 2052.000 45.299 0 1 498 200 0 0
 7957 125621.000 186837.000 0 0 38.000 54.000 2052.000 45.299 0 1 498 200 0 0
 7958 122196.000 187750.000 0 0 36.000 54.000 1944.000 44.090 0 1 498 200 0 0
 7959 119117.000 188453.000 0 0 34.000 54.000 1836.000 42.848 0 1 509 200 0 0
 7960 118008.000 188708.000 0 0 32.000 54.000 1728.000 41.569 0 1 509 200 0 0
 7961 115084.000 189245.000 0 0 32.000 52.000 1664.000 40.792 0 1 510 200 0 0
 7962 111604.000 189756.000 0 0 30.000 52.000 1560.000 39.496 0 1 511 200 0 0
 7963 111067.000 189814.000 0 0 30.000 52.000 1560.000 39.496 0 1 511 200 0 0
 7964 79530.000 188091.000 0 0 0.000 0.000 0.000 0.120 0 1 0 0 0 0
 7965 72315.000 186109.000 0 0 0.000 0.000 0.000 0.121 0 1 0 0 0 0
 7966 71174.000 185728.000 0 0 0.000 0.000 0.000 0.120 0 1 0 0 0 0
 7967 67261.000 184309.000 0 0 0.000 0.000 0.000 0.121 0 1 0 0 0 0
 7968 62260.000 182214.000 0 0 0.000 0.000 0.000 0.120 0 1 0 0 0 0
 7969 54553.000 178135.000 0 0 0.000 0.000 0.000 0.121 0 1 0 0 0 0
 7970 51954.000 176581.000 0 0 0.000 0.000 0.000 0.122 0 1 0 0 0 0
 7971 30277.000 157455.000 0 0 54.000 50.000 2700.000 51.961 0 1 363 200 0 0
 7972 24241.000 149197.000 0 0 0.000 0.000 0.000 0.123 0 1 0 0 0 0
 7973 21754.000 145112.000 0 0 0.000 0.000 0.000 0.120 0 1 0 0 0 0
 7974 21188.000 144099.000 0 0 0.000 0.000 0.000 0.120 0 1 0 0 0 0
 7975 18275.000 138415.000 0 0 0.000 0.000 0.000 0.120 0 1 0 0 0 0
 7976 15367.000 131455.000 0 0 0.000 0.000 0.000 0.120 0 1 0 0 0 0
 7977 13498.000 125788.000 0 0 0.000 0.000 0.000 0.120 0 1 0 0 0 0
 7978 12602.000 122550.000 0 0 0.000 0.000 0.000 0.121 0 1 0 0 0 0
 7979 11882.000 119553.000 0 0 0.000 0.000 0.000 0.122 0 1 0 0 0 0
 7980 11850.000 119414.000 0 0 0.000 0.000 0.000 0.120 0 1 0 0 0 0
 7981 11193.000 115917.000 0 0 54.000 32.000 1728.000 41.569 0 1 274 200 0 0
 7982 9804.000 99569.000 0 0 51.000 24.000 1224.000 34.985 0 1 229 200 0 0
 7983 9801.000 99084.000 0 0 51.000 24.000 1224.000 34.985 0 1 229 200 0 0
 7984 12321.000 78935.000 0 0 54.000 34.000 1836.000 42.848 0 1 189 200 0 0
 7985 12480.000 78376.000 0 0 54.000 34.000 1836.000 42.848 0 1 189 200 0 0
 7986 12646.000 77659.000 0 0 54.000 36.000 1944.000 44.090 0 1 189 200 0 0
 7987 12765.000 77251.000 0 0 56.000 36.000 2016.000 44.899 0 1 189 200 0 0
 7988 12823.000 77106.000 0 0 56.000 36.000 2016.000 44.899 0 1 189 200 0 0
 7989 14842.000 70542.000 0 0 54.000 40.000 2160.000 46.475 0 1 176 200 0 0
 7990 20342.000 57871.000 0 0 56.000 44.000 2464.000 49.638 0 1 152 200 0 0
 7991 20410.000 57658.000 0 0 56.000 44.000 2464.000 49.638 0 1 152 200 0 0
 7992 25015.000 49922.000 0 0 54.000 46.000 2484.000 49.839 0 1 130 200 0 0
 7993 31718.000 41245.000 0 0 52.000 52.000 2704.000 52.000 0 1 111 200 0 0
 7994 35725.000 36829.000 0 0 0.000 0.000 0.000 0.120 0 1 0 0 0 0
 7995 41490.000 31509.000 0 0 52.000 54.000 2808.000 52.990 0 1 89 200 0 0
 7996 62996.000 17888.000 0 0 0.000 0.000 0.000 0.120 0 1 0 0 0 0
 7997 69551.000 15203.000 0 0 0.000 0.000 0.000 0.120 0 1 0 0 0 0
 7998 73094.000 14019.000 0 0 0.000 0.000 0.000 0.120 0 1 0 0 0 0
 7999 78631.000 12480.000 0 0 34.000 54.000 1836.000 42.848 0 1 12 200 0 0
 8000 80553.000 11924.000 0 0 34.000 54.000 1836.000 42.848 0 1 11 200 0 0
 8001 83476.000 11286.000 0 0 0.000 0.000 0.000 0.123 0 1 0 0 0 0
 8002 84779.000 11213.000 0 0 0.000 0.000 0.000 0.121 0 1 0 0 0 0
 8003 85791.000 11038.000 0 0 0.000 0.000 0.000 0.123 0 1 0 0 0 0
 8004 89205.000 10484.000 0 0 28.000 52.000 1456.000 38.157 0 1 6 200 0 0
 8005 96388.000 9838.000 0 0 26.000 50.000 1300.000 36.055 0 1 8 200 0 0
 8006 97168.000 9949.000 0 0 24.000 50.000 1200.000 34.641 0 1 8 200 0 0
 8007 105707.000 10079.000 0 0 0.000 0.000 0.000 0.121 0 1 0 0 0 0
 8008 108038.000 10249.000 0 0 28.000 52.000 1456.000 38.157 0 1 9 200 0 0
 8009 115818.000 11265.000 0 0 0.000 0.000 0.000 0.121 0 1 0 0 0 0
 8010 120113.000 12153.000 0 0 0.000 0.000 0.000 0.120 0 1 0 0 0 0
 8011 138023.000 18193.000 0 0 42.000 56.000 2352.000 48.497 0 1 31 200 0 0
 8012 141097.000 19660.000 0 0 0.000 0.000 0.000 0.120 0 1 0 0 0 0
 8013 166406.000 38783.000 0 0 0.000 0.000 0.000 0.121 0 1 0 0 0 0
 8014 169802.000 42686.000 0 0 54.000 50.000 2700.000 51.961 0 1 59 210 0 0
 8015 171337.000 44610.000 0 0 54.000 50.000 2700.000 51.961 0 1 117 200 0 0
 8016 171944.000 45406.000 0 0 54.000 50.000 2700.000 51.961 0 1 117 200 0 0
 8017 178334.000 54716.000 0 0 56.000 46.000 2576.000 50.754 0 1 141 200 0 0
 8018 178234.000 54828.000 0 0 56.000 46.000 2576.000 50.754 0 1 141 200 0 0
 8019 180641.000 59258.000 0 0 56.000 44.000 2464.000 49.638 0 1 153 200 0 0
 8020 187092.000 75706.000 0 0 56.000 36.000 2016.000 44.899 0 1 185 200 0 0
 8021 189982.000 90645.000 0 0 52.000 28.000 1456.000 38.157 0 1 207 200 0 0
 8022 190291.000 105803.000 0 0 0.000 0.000 0.000 0.121 0 1 0 0 0 0
 8023 190336.000 105923.000 0 0 0.000 0.000 0.000 0.121 0 1 0 0 0 0
 8024 188054.000 121266.000 0 0 0.000 0.000 0.000 0.121 0 1 0 0 0 0
 8025 179336.000 143743.000 0 0 0.000 0.000 0.000 0.121 0 1 0 0 0 0
 8026 178312.000 145558.000 0 0 56.000 46.000 2576.000 50.754 0 1 328 200 0 0
 8027 177844.000 146363.000 0 0 0.000 0.000 0.000 0.121 0 1 0 0 0 0
 8028 165376.000 162771.000 0 0 0.000 0.000 0.000 0.120 0 1 0 0 0 0
 8029 156865.000 170659.000 0 0 50.000 54.000 2700.000 51.961 0 1 417 200 0 0
 8030 154109.000 172729.000 0 0 48.000 56.000 2688.000 51.845 0 1 419 200 0 0
 8031 150287.000 175414.000 0 0 46.000 54.000 2484.000 49.839 0 1 438 200 0 0
 8032 149422.000 175992.000 0 0 48.000 54.000 2592.000 50.911 0 1 443 200 0 0
 8033 143598.000 179480.000 0 0 46.000 54.000 2484.000 49.839 0 1 443 200 0 0
 8034 142879.000 179919.000 0 0 44.000 56.000 2464.000 49.638 0 1 443 200 0 0
 8035 137541.000 182518.000 0 0 42.000 54.000 2268.000 47.623 0 1 490 200 0 0
 8036 132106.000 184811.000 0 0 40.000 56.000 2240.000 47.328 0 1 488 200 0 0
 8037 127653.000 186315.000 0 0 38.000 54.000 2052.000 45.299 0 1 498 200 0 0
 8038 123767.000 187508.000 0 0 36.000 56.000 2016.000 44.899 0 1 498 200 0 0
 8039 123483.000 187603.000 0 0 36.000 56.000 2016.000 44.899 0 1 498 200 0 0
 8040 122893.000 187747.000 0 0 36.000 56.000 2016.000 44.899 0 1 498 200 0 0
 8041 118308.000 188814.000 0 0 34.000 54.000 1836.000 42.848 0 1 509 200 0 0
 8042 116224.000 189202.000 0 0 32.000 54.000 1728.000 41.569 0 1 510 200 0 0
 8043 115789.000 189302.000 0 0 32.000 54.000 1728.000 41.569 0 1 510 200 0 0
 8044 114739.000 189461.000 0 0 32.000 52.000 1664.000 40.792 0 1 510 200 0 0
 8045 111200.000 189942.000 0 0 30.000 52.000 1560.000 39.496 0 1 511 200 0 0
 8046 73939.000 186808.000 0 0 0.000 0.000 0.000 0.122 0 1 0 0 0 0
 8047 71747.000 186104.000 0 0 0.000 0.000 0.000 0.120 0 1 0 0 0 0
 8048 70068.000 185524.000 0 0 40.000 54.000 2160.000 46.475 0 1 503 200 0 0
 8049 63788.000 183051.000 0 0 0.000 0.000 0.000 0.121 0 1 0 0 0 0
 8050 50104.000 175582.000 0 0 48.000 54.000 2592.000 50.911 0 1 449 200 0 0
 8051 43113.000 170432.000 0 0 0.000 0.000 0.000 0.120 0 1 0 0 0 0
 8052 41731.000 169341.000 0 0 0.000 0.000 0.000 0.120 0 1 0 0 0 0
 8053 40620.000 168285.000 0 0 0.000 0.000 0.000 0.120 0 1 0 0 0 0
 8054 31723.000 159415.000 0 0 0.000 0.000 0.000 0.122 0 1 0 0 0 0
 8055 28796.000 155858.000 0 0 0.000 0.000 0.000 0.122 0 1 0 0 0 0
 8056 25485.000 151339.000 0 0 54.000 48.000 2592.000 50.911 0 1 346 200 0 0
 8057 23098.000 147664.000 0 0 0.000 0.000 0.000 0.121 0 1 0 0 0 0
 8058 20190.000 142625.000 0 0 0.000 0.000 0.000 0.121 0 1 0 0 0 0
 8059 17166.000 136329.000 0 0 0.000 0.000 0.000 0.123 0 1 0 0 0 0
 8060 11578.000 118710.000 0 0 0.000 0.000 0.000 0.121 0 1 0 0 0 0
 8061 173616.000 47078.000 0 0 0.000 0.000 0.000 200000.000 0 1 0 200 0 0
 8062 10618.000 114422.000 0 0 0.000 0.000 0.000 0.124 0 1 0 0 0 0
 8063 10090.000 109122.000 0 0 0.000 0.000 0.000 0.120 0 1 0 0 0 0
 8064 9780.000 107381.000 0 0 0.000 0.000 0.000 0.122 0 1 0 0 0 0
 8065 9662.000 97803.000 0 0 50.000 24.000 1200.000 34.641 0 1 229 200 0 0
 8066 9689.000 97223.000 0 0 50.000 24.000 1200.000 34.641 0 1 229 200 0 0
 8067 9749.000 96266.000 0 0 50.000 26.000 1300.000 36.055 0 1 229 200 0 0
 8068 9791.000 94600.000 0 0 0.000 0.000 0.000 0.120 0 1 0 0 0 0
 8069 12025.000 79545.000 0 0 54.000 34.000 1836.000 42.848 0 1 189 200 0 0
 8070 12206.000 78777.000 0 0 54.000 34.000 1836.000 42.848 0 1 189 200 0 0
 8071 12755.000 76594.000 0 0 56.000 36.000 2016.000 44.899 0 1 189 200 0 0
 8072 13113.000 75288.000 0 0 56.000 36.000 2016.000 44.899 0 1 189 200 0 0
 8073 16211.000 66335.000 0 0 56.000 42.000 2352.000 48.497 0 1 173 200 0 0
 8074 18399.000 61366.000 0 0 0.000 0.000 0.000 0.120 0 1 0 0 0 0
 8075 18472.000 61237.000 0 0 0.000 0.000 0.000 0.122 0 1 0 0 0 0
 8076 19928.000 58275.000 0 0 56.000 44.000 2464.000 49.638 0 1 152 200 0 0
 8077 28430.000 44999.000 0 0 0.000 0.000 0.000 0.121 0 1 0 0 0 0
 8078 32547.000 39855.000 0 0 52.000 50.000 2600.000 50.990 0 1 111 200 0 0
 8079 44454.000 28854.000 0 0 0.000 0.000 0.000 0.122 0 1 0 0 0 0
 8080 52495.000 23242.000 0 0 0.000 0.000 0.000 0.121 0 1 0 0 0 0
 8081 56701.000 20826.000 0 0 44.000 54.000 2376.000 48.744 0 1 42 210 0 0
 8082 65268.000 16666.000 0 0 42.000 56.000 2352.000 48.497 0 1 23 200 0 0
 8083 66368.000 16236.000 0 0 42.000 56.000 2352.000 48.497 0 1 23 200 0 0
 8084 66661.000 16104.000 0 0 42.000 56.000 2352.000 48.497 0 1 23 200 0 0
 8085 69339.000 15127.000 0 0 0.000 0.000 0.000 0.121 0 1 0 0 0 0
 8086 74779.000 13343.000 0 0 0.000 0.000 0.000 0.120 0 1 0 0 0 0
 8087 75014.000 13300.000 0 0 0.000 0.000 0.000 0.121 0 1 0 0 0 0
 8088 92093.000 10054.000 0 0 0.000 0.000 0.000 0.121 0 1 0 0 0 0
 8089 97761.000 9748.000 0 0 24.000 50.000 1200.000 34.641 0 1 3 200 0 0
 8090 100745.000 9720.000 0 0 0.000 0.000 0.000 0.121 0 1 0 0 0 0
 8091 106722.000 9914.000 0 0 0.000 0.000 0.000 0.120 0 1 0 0 0 0
 8092 133864.000 16245.000 0 0 0.000 0.000 0.000 0.120 0 1 0 0 0 0
 8093 136572.000 17384.000 0 0 0.000 0.000 0.000 0.121 0 1 0 0 0 0
 8094 138331.000 18158.000 0 0 42.000 56.000 2352.000 48.497 0 1 31 200 0 0
 8095 163518.000 35665.000 0 0 0.000 0.000 0.000 0.120 0 1 0 0 0 0
 8096 163751.000 35824.000 0 0 0.000 0.000 0.000 0.121 0 1 0 0 0 0
 8097 168468.000 40849.000 0 0 0.000 0.000 0.000 0.120 0 1 0 0 0 0
 8098 170147.000 42828.000 0 0 54.000 50.000 2700.000 51.961 0 1 59 210 0 0
 8099 171718.000 44846.000 0 0 54.000 50.000 2700.000 51.961 0 1 117 200 0 0
 8100 173452.000 47126.000 0 0 0.000 0.000 0.000 200000.000 0 1 0 200 0 0
 8101 174449.000 48628.000 0 0 54.000 48.000 2592.000 50.911 0 1 126 200 0 0
 8102 178131.000 54351.000 0 0 56.000 46.000 2576.000 50.754 0 1 141 200 0 0
 8103 181042.000 59663.000 0 0 56.000 44.000 2464.000 49.638 0 1 153 200 0 0
 8104 184031.000 66226.000 0 0 56.000 42.000 2352.000 48.497 0 1 172 200 0 0
 8105 189632.000 86575.000 0 0 0.000 0.000 0.000 0.121 0 1 0 0 0 0
 8106 189805.000 87730.000 0 0 52.000 30.000 1560.000 39.496 0 1 207 200 0 0
 8107 189910.000 88566.000 0 0 52.000 30.000 1560.000 39.496 0 1 207 200 0 0
 8108 190331.000 92698.000 0 0 0.000 0.000 0.000 0.120 0 1 0 0 0 0
 8109 190422.000 106990.000 0 0 0.000 0.000 0.000 0.120 0 1 0 0 0 0
 8110 183272.000 136086.000 0 0 0.000 0.000 0.000 0.122 0 1 0 0 0 0
 8111 180363.000 142162.000 0 0 0.000 0.000 0.000 0.122 0 1 0 0 0 0
 8112 180115.000 142616.000 0 0 0.000 0.000 0.000 0.120 0 1 0 0 0 0
 8113 170121.000 157699.000 0 0 0.000 0.000 0.000 0.120 0 1 0 0 0 0
 8114 169838.000 158069.000 0 0 0.000 0.000 0.000 0.120 0 1 0 0 0 0
 8115 169795.000 158072.000 0 0 0.000 0.000 0.000 0.120 0 1 0 0 0 0
 8116 168282.000 159903.000 0 0 0.000 0.000 0.000 0.125 0 1 0 0 0 0
 8117 149402.000 176232.000 0 0 48.000 54.000 2592.000 50.911 0 1 443 200 0 0
 8118 148989.000 176520.000 0 0 48.000 56.000 2688.000 51.845 0 1 443 200 0 0
 8119 148476.000 176855.000 0 0 48.000 56.000 2688.000 51.845 0 1 443 200 0 0
 8120 143259.000 179900.000 0 0 44.000 54.000 2376.000 48.744 0 1 443 200 0 0
 8121 140908.000 181121.000 0 0 0.000 0.000 0.000 0.120 0 1 0 0 0 0
 8122 139669.000 181742.000 0 0 42.000 56.000 2352.000 48.497 0 1 484 200 0 0
 8123 134583.000 184008.000 0 0 42.000 56.000 2352.000 48.497 0 1 488 200 0 0
 8124 132563.000 184816.000 0 0 40.000 56.000 2240.000 47.328 0 1 488 200 0 0
 8125 131716.000 185164.000 0 0 40.000 56.000 2240.000 47.328 0 1 488 200 0 0
 8126 130238.000 185674.000 0 0 40.000 54.000 2160.000 46.475 0 1 498 200 0 0
 8127 129055.000 186070.000 0 0 38.000 54.000 2052.000 45.299 0 1 498 200 0 0
 8128 127003.000 186880.000 0 0 38.000 54.000 2052.000 45.299 0 1 498 200 0 0
 8129 124178.000 187580.000 0 0 36.000 56.000 2016.000 44.899 0 1 498 200 0 0
 8130 121287.000 188408.000 0 0 34.000 54.000 1836.000 42.848 0 1 498 200 0 0
 8131 119981.000 188624.000 0 0 34.000 54.000 1836.000 42.848 0 1 498 200 0 0
 8132 77998.000 188083.000 0 0 0.000 0.000 0.000 0.121 0 1 0 0 0 0
 8133 69640.000 185561.000 0 0 40.000 56.000 2240.000 47.328 0 1 503 200 0 0
 8134 64857.000 183718.000 0 0 0.000 0.000 0.000 0.122 0 1 0 0 0 0
 8135 60780.000 181848.000 0 0 42.000 56.000 2352.000 48.497 0 1 478 200 0 0
 8136 57892.000 180400.000 0 0 44.000 56.000 2464.000 49.638 0 1 472 200 0 0
 8137 47517.000 174080.000 0 0 0.000 0.000 0.000 0.120 0 1 0 0 0 0
 8138 46842.000 173533.000 0 0 0.000 0.000 0.000 0.122 0 1 0 0 0 0
 8139 28149.000 155561.000 0 0 0.000 0.000 0.000 0.123 0 1 0 0 0 0
 8140 25162.000 151176.000 0 0 54.000 48.000 2592.000 50.911 0 1 346 200 0 0
 8141 24865.000 150649.000 0 0 54.000 46.000 2484.000 49.839 0 1 346 200 0 0
 8142 13174.000 125938.000 0 0 0.000 0.000 0.000 0.121 0 1 0 0 0 0
 8143 10493.000 113879.000 0 0 0.000 0.000 0.000 0.120 0 1 0 0 0 0
 8144 9723.000 93550.000 0 0 0.000 0.000 0.000 0.121 0 1 0 0 0 0
 8145 10273.000 87771.000 0 0 0.000 0.000 0.000 0.120 0 1 0 0 0 0
 8146 11397.000 81465.000 0 0 0.000 0.000 0.000 0.121 0 1 0 0 0 0
 8147 12539.000 76774.000 0 0 56.000 36.000 2016.000 44.899 0 1 189 200 0 0
 8148 12752.000 75950.000 0 0 56.000 36.000 2016.000 44.899 0 1 189 200 0 0
 8149 12742.000 75878.000 0 0 56.000 36.000 2016.000 44.899 0 1 189 200 0 0
 8150 15798.000 66839.000 0 0 56.000 42.000 2352.000 48.497 0 1 173 200 0 0
 8151 16082.000 66110.000 0 0 56.000 42.000 2352.000 48.497 0 1 173 200 0 0
 8152 16256.000 65819.000 0 0 56.000 42.000 2352.000 48.497 0 1 173 200 0 0
 8153 22439.000 53456.000 0 0 0.000 0.000 0.000 0.121 0 1 0 0 0 0
 8154 24613.000 49998.000 0 0 54.000 48.000 2592.000 50.911 0 1 130 200 0 0
 8155 29354.000 43526.000 0 0 0.000 0.000 0.000 0.120 0 1 0 0 0 0
 8156 31992.000 40402.000 0 0 52.000 52.000 2704.000 52.000 0 1 111 200 0 0
 8157 33369.000 38858.000 0 0 54.000 50.000 2700.000 51.961 0 1 108 200 0 0
 8158 37996.000 34181.000 0 0 0.000 0.000 0.000 0.120 0 1 0 0 0 0
 8159 39719.000 32626.000 0 0 0.000 0.000 0.000 0.120 0 1 0 0 0 0
 8160 40381.000 31970.000 0 0 52.000 52.000 2704.000 52.000 0 1 90 210 0 0
 8161 41677.000 30884.000 0 0 52.000 54.000 2808.000 52.990 0 1 89 200 0 0
 8162 42011.000 30647.000 0 0 52.000 54.000 2808.000 52.990 0 1 89 200 0 0
 8163 47443.000 26389.000 0 0 0.000 0.000 0.000 0.120 0 1 0 0 0 0
 8164 55018.000 21562.000 0 0 46.000 54.000 2484.000 49.839 0 1 42 210 0 0
 8165 55668.000 21166.000 0 0 46.000 54.000 2484.000 49.839 0 1 42 210 0 0
 8166 57946.000 19932.000 0 0 44.000 56.000 2464.000 49.638 0 1 35 200 0 0
 8167 62107.000 17903.000 0 0 42.000 56.000 2352.000 48.497 0 1 24 200 0 0
 8168 65543.000 16397.000 0 0 42.000 56.000 2352.000 48.497 0 1 23 200 0 0
 8169 70743.000 14275.000 0 0 0.000 0.000 0.000 0.125 0 1 0 0 0 0
 8170 80807.000 11642.000 0 0 34.000 54.000 1836.000 42.848 0 1 11 200 0 0
 8171 87378.000 10448.000 0 0 0.000 0.000 0.000 0.122 0 1 0 0 0 0
 8172 88753.000 10298.000 0 0 30.000 52.000 1560.000 39.496 0 1 6 200 0 0
 8173 90783.000 10042.000 0 0 0.000 0.000 0.000 0.121 0 1 0 0 0 0
 8174 92160.000 9870.000 0 0 0.000 0.000 0.000 0.124 0 1 0 0 0 0
 8175 100998.000 9547.000 0 0 0.000 0.000 0.000 0.120 0 1 0 0 0 0
 8176 113589.000 10567.000 0 0 0.000 0.000 0.000 0.121 0 1 0 0 0 0
 8177 124218.000 12784.000 0 0 0.000 0.000 0.000 0.121 0 1 0 0 0 0
 8178 162004.000 33873.000 0 0 0.000 0.000 0.000 0.121 0 1 0 0 0 0
 8179 168879.000 41097.000 0 0 0.000 0.000 0.000 0.120 0 1 0 0 0 0
 8180 177703.000 53186.000 0 0 56.000 46.000 2576.000 50.754 0 1 135 200 0 0
 8181 180904.000 59036.000 0 0 56.000 44.000 2464.000 49.638 0 1 153 200 0 0
 8182 181417.000 60040.000 0 0 56.000 44.000 2464.000 49.638 0 1 153 200 0 0
 8183 181460.000 60130.000 0 0 56.000 42.000 2352.000 48.497 0 1 153 200 0 0
 8184 183538.000 64597.000 0 0 56.000 42.000 2352.000 48.497 0 1 166 200 0 0
 8185 184031.000 65776.000 0 0 56.000 42.000 2352.000 48.497 0 1 172 200 0 0
 8186 187069.000 74312.000 0 0 54.000 38.000 2052.000 45.299 0 1 185 200 0 0
 8187 187992.000 77611.000 0 0 0.000 0.000 0.000 0.120 0 1 0 0 0 0
 8188 188023.000 77837.000 0 0 0.000 0.000 0.000 0.122 0 1 0 0 0 0
 8189 188886.000 81606.000 0 0 54.000 34.000 1836.000 42.848 0 1 204 210 0 0
 8190 189021.000 82289.000 0 0 54.000 32.000 1728.000 41.569 0 1 204 210 0 0
 8191 189539.000 84978.000 0 0 0.000 0.000 0.000 0.121 0 1 0 0 0 0
 8192 189569.000 85062.000 0 0 0.000 0.000 0.000 0.120 0 1 0 0 0 0
 8193 189908.000 87065.000 0 0 0.000 0.000 0.000 0.120 0 1 0 0 0 0
 8194 190199.000 89721.000 0 0 52.000 28.000 1456.000 38.157 0 1 207 200 0 0
 8195 190436.000 91772.000 0 0 0.000 0.000 0.000 0.122 0 1 0 0 0 0
 8196 190731.000 96037.000 0 0 0.000 0.000 0.000 0.120 0 1 0 0 0 0
 8197 190806.000 100715.000 0 0 0.000 0.000 0.000 0.121 0 1 0 0 0 0
 8198 190766.000 103415.000 0 0 0.000 0.000 0.000 0.120 0 1 0 0 0 0
 8199 184606.000 133374.000 0 0 0.000 0.000 0.000 0.123 0 1 0 0 0 0
 8200 178917.000 145184.000 0 0 54.000 46.000 2484.000 49.839 0 1 328 200 0 0
 8201 155367.000 172227.000 0 0 0.000 0.000 0.000 0.120 0 1 0 0 0 0
 8202 152561.000 174292.000 0 0 0.000 0.000 0.000 0.120 0 1 0 0 0 0
 8203 150845.000 175468.000 0 0 46.000 54.000 2484.000 49.839 0 1 438 200 0 0
 8204 149768.000 176244.000 0 0 48.000 54.000 2592.000 50.911 0 1 443 200 0 0
 8205 147973.000 177304.000 0 0 48.000 56.000 2688.000 51.845 0 1 443 200 0 0
 8206 145069.000 179060.000 0 0 46.000 54.000 2484.000 49.839 0 1 443 200 0 0
 8207 138918.000 182234.000 0 0 0.000 0.000 0.000 0.120 0 1 0 0 0 0
 8208 121519.000 188593.000 0 0 34.000 54.000 1836.000 42.848 0 1 498 200 0 0
 8209 121134.000 188687.000 0 0 34.000 54.000 1836.000 42.848 0 1 498 200 0 0
 8210 118646.000 189242.000 0 0 34.000 54.000 1836.000 42.848 0 1 509 200 0 0
 8211 118536.000 189161.000 0 0 34.000 54.000 1836.000 42.848 0 1 509 200 0 0
 8212 118262.000 189149.000 0 0 34.000 54.000 1836.000 42.848 0 1 509 200 0 0
 8213 114319.000 189884.000 0 0 30.000 52.000 1560.000 39.496 0 1 510 200 0 0
 8214 75049.000 187480.000 0 0 0.000 0.000 0.000 0.120 0 1 0 0 0 0
 8215 57909.000 180638.000 0 0 44.000 56.000 2464.000 49.638 0 1 472 200 0 0
 8216 51027.000 176623.000 0 0 0.000 0.000 0.000 0.120 0 1 0 0 0 0
 8217 49531.000 175649.000 0 0 46.000 54.000 2484.000 49.839 0 1 449 200 0 0
 8218 35188.000 163711.000 0 0 0.000 0.000 0.000 0.121 0 1 0 0 0 0
 8219 30577.000 158697.000 0 0 54.000 52.000 2808.000 52.990 0 1 363 200 0 0
 8220 28835.000 156528.000 0 0 0.000 0.000 0.000 0.121 0 1 0 0 0 0
 8221 22801.000 147873.000 0 0 0.000 0.000 0.000 0.124 0 1 0 0 0 0
 8222 19511.000 142049.000 0 0 0.000 0.000 0.000 0.120 0 1 0 0 0 0
 8223 14466.000 130506.000 0 0 0.000 0.000 0.000 0.125 0 1 0 0 0 0
 8224 13326.000 126936.000 0 0 54.000 38.000 2052.000 45.299 0 1 293 200 0 0
 8225 9312.000 102855.000 0 0 50.000 24.000 1200.000 34.641 0 1 229 200 0 0
 8226 9294.000 98551.000 0 0 50.000 24.000 1200.000 34.641 0 1 229 200 0 0
 8227 9284.000 98072.000 0 0 50.000 24.000 1200.000 34.641 0 1 229 200 0 0
 8228 9469.000 94645.000 0 0 0.000 0.000 0.000 0.120 0 1 0 0 0 0
 8229 11704.000 79359.000 0 0 54.000 34.000 1836.000 42.848 0 1 189 200 0 0
 8230 12118.000 77563.000 0 0 54.000 36.000 1944.000 44.090 0 1 189 200 0 0
 8231 13683.000 72350.000 0 0 0.000 0.000 0.000 0.120 0 1 0 0 0 0
 8232 13798.000 71856.000 0 0 0.000 0.000 0.000 0.122 0 1 0 0 0 0
 8233 14546.000 69683.000 0 0 56.000 40.000 2240.000 47.328 0 1 176 200 0 0
 8234 14661.000 69146.000 0 0 56.000 40.000 2240.000 47.328 0 1 176 200 0 0
 8235 16404.000 64957.000 0 0 0.000 0.000 0.000 0.124 0 1 0 0 0 0
 8236 18340.000 60715.000 0 0 0.000 0.000 0.000 0.120 0 1 0 0 0 0
 8237 24682.000 49547.000 0 0 54.000 46.000 2484.000 49.839 0 1 130 200 0 0
 8238 25974.000 47760.000 0 0 0.000 0.000 0.000 0.122 0 1 0 0 0 0
 8239 31261.000 41006.000 0 0 52.000 52.000 2704.000 52.000 0 1 111 200 0 0
 8240 45124.000 27931.000 0 0 0.000 0.000 0.000 0.120 0 1 0 0 0 0
 8241 53246.000 22388.000 0 0 0.000 0.000 0.000 0.120 0 1 0 0 0 0
 8242 54211.000 21888.000 0 0 46.000 56.000 2576.000 50.754 0 1 42 210 0 0
 8243 54463.000 21706.000 0 0 46.000 56.000 2576.000 50.754 0 1 42 210 0 0
 8244 75889.000 12669.000 0 0 0.000 0.000 0.000 0.120 0 1 0 0 0 0
 8245 78174.000 12062.000 0 0 36.000 54.000 1944.000 44.090 0 1 12 200 0 0
 8246 80492.000 11526.000 0 0 34.000 54.000 1836.000 42.848 0 1 11 200 0 0
 8247 101318.000 9400.000 0 0 0.000 0.000 0.000 0.120 0 1 0 0 0 0
 8248 112695.000 10242.000 0 0 0.000 0.000 0.000 0.120 0 1 0 0 0 0
 8249 116223.000 10823.000 0 0 0.000 0.000 0.000 0.120 0 1 0 0 0 0
 8250 119275.000 11419.000 0 0 0.000 0.000 0.000 0.121 0 1 0 0 0 0
 8251 123784.000 12506.000 0 0 0.000 0.000 0.000 0.121 0 1 0 0 0 0
 8252 131640.000 15003.000 0 0 0.000 0.000 0.000 0.123 0 1 0 0 0 0
 8253 167511.000 39274.000 0 0 0.000 0.000 0.000 0.121 0 1 0 0 0 0
 8254 171158.000 43494.000 0 0 54.000 50.000 2700.000 51.961 0 1 117 200 0 0
 8255 171444.000 44012.000 0 0 54.000 50.000 2700.000 51.961 0 1 117 200 0 0
 8256 177819.000 53064.000 0 0 56.000 46.000 2576.000 50.754 0 1 135 200 0 0
 8257 180455.000 57749.000 0 0 56.000 44.000 2464.000 49.638 0 1 153 200 0 0
 8258 180886.000 58621.000 0 0 56.000 44.000 2464.000 49.638 0 1 153 200 0 0
 8259 180964.000 58703.000 0 0 56.000 44.000 2464.000 49.638 0 1 153 200 0 0
 8260 181699.000 60138.000 0 0 56.000 42.000 2352.000 48.497 0 1 153 200 0 0
 8261 182582.000 62091.000 0 0 0.000 0.000 0.000 0.122 0 1 0 0 0 0
 8262 185020.000 67842.000 0 0 0.000 0.000 0.000 0.122 0 1 0 0 0 0
 8263 185435.000 68882.000 0 0 0.000 0.000 0.000 0.120 0 1 0 0 0 0
 8264 185778.000 69888.000 0 0 0.000 0.000 0.000 0.120 0 1 0 0 0 0
 8265 186448.000 71841.000 0 0 0.000 0.000 0.000 0.120 0 1 0 0 0 0
 8266 188448.000 78813.000 0 0 0.000 0.000 0.000 0.120 0 1 0 0 0 0
 8267 189386.000 117143.000 0 0 0.000 0.000 0.000 0.120 0 1 0 0 0 0
 8268 189167.000 118499.000 0 0 0.000 0.000 0.000 0.120 0 1 0 0 0 0
 8269 187557.000 125076.000 0 0 0.000 0.000 0.000 0.120 0 1 0 0 0 0
 8270 175924.000 150412.000 0 0 0.000 0.000 0.000 0.121 0 1 0 0 0 0
 8271 172984.000 154598.000 0 0 56.000 48.000 2688.000 51.845 0 1 352 200 0 0
 8272 167291.000 161533.000 0 0 0.000 0.000 0.000 0.120 0 1 0 0 0 0
 8273 152289.000 174700.000 0 0 0.000 0.000 0.000 0.120 0 1 0 0 0 0
 8274 149716.000 176460.000 0 0 48.000 54.000 2592.000 50.911 0 1 443 200 0 0
 8275 147092.000 178094.000 0 0 46.000 56.000 2576.000 50.754 0 1 443 200 0 0
 8276 146255.000 178587.000 0 0 46.000 56.000 2576.000 50.754 0 1 443 200 0 0
 8277 145607.000 178973.000 0 0 46.000 56.000 2576.000 50.754 0 1 443 200 0 0
 8278 141964.000 180942.000 0 0 44.000 56.000 2464.000 49.638 0 1 443 200 0 0
 8279 137031.000 183334.000 0 0 42.000 54.000 2268.000 47.623 0 1 490 200 0 0
 8280 134294.000 184540.000 0 0 42.000 56.000 2352.000 48.497 0 1 488 200 0 0
 8281 133169.000 184909.000 0 0 42.000 56.000 2352.000 48.497 0 1 488 200 0 0
 8282 131556.000 185533.000 0 0 40.000 56.000 2240.000 47.328 0 1 488 200 0 0
 8283 127306.000 186975.000 0 0 38.000 54.000 2052.000 45.299 0 1 498 200 0 0
 8284 123814.000 187999.000 0 0 36.000 56.000 2016.000 44.899 0 1 498 200 0 0
 8285 123782.000 188045.000 0 0 36.000 56.000 2016.000 44.899 0 1 498 200 0 0
 8286 122187.000 188587.000 0 0 36.000 54.000 1944.000 44.090 0 1 498 200 0 0
 8287 121969.000 188470.000 0 0 36.000 54.000 1944.000 44.090 0 1 498 200 0 0
 8288 118403.000 189343.000 0 0 34.000 54.000 1836.000 42.848 0 1 509 200 0 0
 8289 114950.000 189969.000 0 0 32.000 52.000 1664.000 40.792 0 1 510 200 0 0
 8290 68903.000 185653.000 0 0 40.000 56.000 2240.000 47.328 0 1 503 200 0 0
 8291 67671.000 185202.000 0 0 40.000 56.000 2240.000 47.328 0 1 503 200 0 0
 8292 63826.000 183660.000 0 0 0.000 0.000 0.000 0.125 0 1 0 0 0 0
 8293 58306.000 181064.000 0 0 44.000 56.000 2464.000 49.638 0 1 472 200 0 0
 8294 46044.000 173369.000 0 0 0.000 0.000 0.000 0.120 0 1 0 0 0 0
 8295 45905.000 173272.000 0 0 0.000 0.000 0.000 0.122 0 1 0 0 0 0
 8296 44291.000 172029.000 0 0 50.000 54.000 2700.000 51.961 0 1 425 200 0 0
 8297 40153.000 168627.000 0 0 0.000 0.000 0.000 0.120 0 1 0 0 0 0
 8298 32817.000 161438.000 0 0 54.000 50.000 2700.000 51.961 0 1 381 200 0 0
 8299 29947.000 158139.000 0 0 54.000 50.000 2700.000 51.961 0 1 363 200 0 0
 8300 15881.000 134615.000 0 0 56.000 42.000 2352.000 48.497 0 1 305 200 0 0
 8301 15592.000 133946.000 0 0 56.000 42.000 2352.000 48.497 0 1 305 200 0 0
 8302 11899.000 122482.000 0 0 0.000 0.000 0.000 0.120 0 1 0 0 0 0
 8303 10919.000 118153.000 0 0 0.000 0.000 0.000 0.120 0 1 0 0 0 0
 8304 9059.000 104301.000 0 0 50.000 26.000 1300.000 36.055 0 1 251 200 0 0
 8305 10524.000 83663.000 0 0 0.000 0.000 0.000 0.122 0 1 0 0 0 0
 8306 13946.000 70580.000 0 0 0.000 0.000 0.000 0.121 0 1 0 0 0 0
 8307 35135.000 36518.000 0 0 0.000 0.000 0.000 0.120 0 1 0 0 0 0
 8308 37294.000 34396.000 0 0 0.000 0.000 0.000 0.122 0 1 0 0 0 0
 8309 40345.000 31585.000 0 0 52.000 52.000 2704.000 52.000 0 1 90 210 0 0
 8310 46983.000 26346.000 0 0 0.000 0.000 0.000 0.121 0 1 0 0 0 0
 8311 48530.000 25262.000 0 0 0.000 0.000 0.000 0.120 0 1 0 0 0 0
 8312 61651.000 17695.000 0 0 42.000 56.000 2352.000 48.497 0 1 24 200 0 0
 8313 63968.000 16732.000 0 0 0.000 0.000 0.000 0.121 0 1 0 0 0 0
 8314 77869.000 11954.000 0 0 36.000 54.000 1944.000 44.090 0 1 12 200 0 0
 8315 78824.000 11724.000 0 0 34.000 54.000 1836.000 42.848 0 1 12 200 0 0
 8316 81111.000 11213.000 0 0 34.000 54.000 1836.000 42.848 0 1 11 200 0 0
 8317 87396.000 10114.000 0 0 0.000 0.000 0.000 0.120 0 1 0 0 0 0
 8318 89138.000 9863.000 0 0 28.000 52.000 1456.000 38.157 0 1 6 200 0 0
 8319 97882.000 9211.000 0 0 24.000 50.000 1200.000 34.641 0 1 3 200 0 0
 8320 105813.000 9223.000 0 0 0.000 0.000 0.000 0.125 0 1 0 0 0 0
 8321 119059.000 11198.000 0 0 0.000 0.000 0.000 0.123 0 1 0 0 0 0
 8322 126417.000 13112.000 0 0 0.000 0.000 0.000 0.122 0 1 0 0 0 0
 8323 127758.000 13485.000 0 0 38.000 54.000 2052.000 45.299 0 1 13 200 0 0
 8324 128397.000 13724.000 0 0 38.000 54.000 2052.000 45.299 0 1 13 200 0 0
 8325 131826.000 14891.000 0 0 0.000 0.000 0.000 0.121 0 1 0 0 0 0
 8326 161302.000 32788.000 0 0 50.000 54.000 2700.000 51.961 0 1 87 200 0 0
 8327 167461.000 38949.000 0 0 0.000 0.000 0.000 0.121 0 1 0 0 0 0
 8328 168531.000 40159.000 0 0 0.000 0.000 0.000 0.121 0 1 0 0 0 0
 8329 170628.000 42649.000 0 0 54.000 50.000 2700.000 51.961 0 1 59 210 0 0
 8330 171729.000 44027.000 0 0 54.000 50.000 2700.000 51.961 0 1 117 200 0 0
 8331 176079.000 50087.000 0 0 0.000 0.000 0.000 0.121 0 1 0 0 0 0
 8332 176146.000 50174.000 0 0 0.000 0.000 0.000 0.120 0 1 0 0 0 0
 8333 176870.000 51240.000 0 0 56.000 48.000 2688.000 51.845 0 1 135 200 0 0
 8334 182104.000 60276.000 0 0 56.000 42.000 2352.000 48.497 0 1 153 200 0 0
 8335 182594.000 61682.000 0 0 0.000 0.000 0.000 0.120 0 1 0 0 0 0
 8336 182824.000 62167.000 0 0 0.000 0.000 0.000 0.123 0 1 0 0 0 0
 8337 183031.000 62600.000 0 0 0.000 0.000 0.000 0.120 0 1 0 0 0 0
 8338 183587.000 63878.000 0 0 54.000 42.000 2268.000 47.623 0 1 166 200 0 0
 8339 184253.000 65412.000 0 0 56.000 42.000 2352.000 48.497 0 1 172 200 0 0
 8340 185993.000 69946.000 0 0 0.000 0.000 0.000 0.120 0 1 0 0 0 0
 8341 187936.000 76198.000 0 0 0.000 0.000 0.000 0.120 0 1 0 0 0 0
 8342 191148.000 103031.000 0 0 0.000 0.000 0.000 0.120 0 1 0 0 0 0
 8343 186425.000 129240.000 0 0 54.000 40.000 2160.000 46.475 0 1 296 200 0 0
 8344 185868.000 130886.000 0 0 56.000 40.000 2240.000 47.328 0 1 296 200 0 0
 8345 182677.000 138620.000 0 0 0.000 0.000 0.000 0.120 0 1 0 0 0 0
 8346 182045.000 139963.000 0 0 0.000 0.000 0.000 0.120 0 1 0 0 0 0
 8347 175232.000 151728.000 0 0 0.000 0.000 0.000 0.124 0 1 0 0 0 0
 8348 174217.000 153224.000 0 0 0.000 0.000 0.000 0.125 0 1 0 0 0 0
 8349 154169.000 173548.000 0 0 48.000 56.000 2688.000 51.845 0 1 419 200 0 0
 8350 146965.000 178374.000 0 0 46.000 56.000 2576.000 50.754 0 1 443 200 0 0
 8351 146905.000 178382.000 0 0 46.000 56.000 2576.000 50.754 0 1 443 200 0 0
 8352 142520.000 180876.000 0 0 44.000 56.000 2464.000 49.638 0 1 443 200 0 0
 8353 140238.000 182045.000 0 0 44.000 56.000 2464.000 49.638 0 1 484 200 0 0
 8354 132623.000 185337.000 0 0 40.000 56.000 2240.000 47.328 0 1 488 200 0 0
 8355 126960.000 187346.000 0 0 38.000 54.000 2052.000 45.299 0 1 498 200 0 0
 8356 124151.000 188140.000 0 0 36.000 56.000 2016.000 44.899 0 1 498 200 0 0
 8357 123216.000 188363.000 0 0 36.000 56.000 2016.000 44.899 0 1 498 200 0 0
 8358 122730.000 188629.000 0 0 36.000 54.000 1944.000 44.090 0 1 498 200 0 0
 8359 122283.000 188632.000 0 0 36.000 54.000 1944.000 44.090 0 1 498 200 0 0
 8360 121654.000 188776.000 0 0 34.000 54.000 1836.000 42.848 0 1 498 200 0 0
 8361 120577.000 188987.000 0 0 34.000 54.000 1836.000 42.848 0 1 498 200 0 0
 8362 76768.000 188296.000 0 0 0.000 0.000 0.000 0.121 0 1 0 0 0 0
 8363 68443.000 185680.000 0 0 40.000 56.000 2240.000 47.328 0 1 503 200 0 0
 8364 68094.000 185553.000 0 0 40.000 56.000 2240.000 47.328 0 1 503 200 0 0
 8365 65443.000 184509.000 0 0 0.000 0.000 0.000 0.122 0 1 0 0 0 0
 8366 49470.000 176000.000 0 0 46.000 54.000 2484.000 49.839 0 1 449 200 0 0
 8367 48181.000 175113.000 0 0 0.000 0.000 0.000 0.120 0 1 0 0 0 0
 8368 32904.000 161713.000 0 0 54.000 50.000 2700.000 51.961 0 1 381 200 0 0
 8369 32259.000 161066.000 0 0 54.000 50.000 2700.000 51.961 0 1 381 200 0 0
 8370 24627.000 151329.000 0 0 54.000 48.000 2592.000 50.911 0 1 346 200 0 0
 8371 24344.000 150929.000 0 0 54.000 46.000 2484.000 49.839 0 1 346 200 0 0
 8372 23847.000 150205.000 0 0 0.000 0.000 0.000 0.121 0 1 0 0 0 0
 8373 22268.000 147646.000 0 0 0.000 0.000 0.000 0.120 0 1 0 0 0 0
 8374 16262.000 135903.000 0 0 54.000 42.000 2268.000 47.623 0 1 305 200 0 0
 8375 13557.000 129245.000 0 0 0.000 0.000 0.000 0.122 0 1 0 0 0 0
 8376 13220.000 127732.000 0 0 54.000 38.000 2052.000 45.299 0 1 293 200 0 0
 8377 12357.000 124813.000 0 0 0.000 0.000 0.000 0.121 0 1 0 0 0 0
 8378 9167.000 106688.000 0 0 0.000 0.000 0.000 0.120 0 1 0 0 0 0
 8379 9049.000 104476.000 0 0 50.000 26.000 1300.000 36.055 0 1 251 200 0 0
 8380 8856.000 99139.000 0 0 51.000 24.000 1224.000 34.985 0 1 229 200 0 0
 8381 8960.000 98611.000 0 0 50.000 24.000 1200.000 34.641 0 1 229 200 0 0
 8382 9079.000 95751.000 0 0 50.000 26.000 1300.000 36.055 0 1 229 200 0 0
 8383 9166.000 92000.000 0 0 0.000 0.000 0.000 0.125 0 1 0 0 0 0
 8384 10842.000 81735.000 0 0 0.000 0.000 0.000 0.120 0 1 0 0 0 0
 8385 12668.000 74419.000 0 0 0.000 0.000 0.000 0.123 0 1 0 0 0 0
 8386 17125.000 62391.000 0 0 0.000 0.000 0.000 0.120 0 1 0 0 0 0
 8387 18681.000 59171.000 0 0 0.000 0.000 0.000 0.120 0 1 0 0 0 0
 8388 25032.000 48496.000 0 0 0.000 0.000 0.000 0.122 0 1 0 0 0 0
 8389 27469.000 45086.000 0 0 0.000 0.000 0.000 0.121 0 1 0 0 0 0
 8390 45439.000 27253.000 0 0 49.000 55.000 2695.000 51.913 0 1 60 200 0 0
 8391 49828.000 24141.000 0 0 0.000 0.000 0.000 0.122 0 1 0 0 0 0
 8392 50663.000 23605.000 0 0 0.000 0.000 0.000 0.124 0 1 0 0 0 0
 8393 57345.000 19746.000 0 0 44.000 56.000 2464.000 49.638 0 1 35 200 0 0
 8394 60942.000 17862.000 0 0 42.000 56.000 2352.000 48.497 0 1 24 200 0 0
 8395 81131.000 11019.000 0 0 34.000 54.000 1836.000 42.848 0 1 11 200 0 0
 8396 85511.000 10208.000 0 0 0.000 0.000 0.000 0.120 0 1 0 0 0 0
 8397 88657.000 9779.000 0 0 30.000 52.000 1560.000 39.496 0 1 6 200 0 0
 8398 94414.000 9200.000 0 0 0.000 0.000 0.000 0.120 0 1 0 0 0 0
 8399 114800.000 10216.000 0 0 0.000 0.000 0.000 0.121 0 1 0 0 0 0
 8400 116376.000 10492.000 0 0 0.000 0.000 0.000 0.120 0 1 0 0 0 0
 8401 118387.000 10890.000 0 0 0.000 0.000 0.000 0.120 0 1 0 0 0 0
 8402 119888.000 11229.000 0 0 0.000 0.000 0.000 0.120 0 1 0 0 0 0
 8403 129638.000 13925.000 0 0 0.000 0.000 0.000 0.120 0 1 0 0 0 0
 8404 159854.000 31280.000 0 0 0.000 0.000 0.000 0.121 0 1 0 0 0 0
 8405 164812.000 35903.000 0 0 52.000 52.000 2704.000 52.000 0 1 59 210 0 0
 8406 166347.000 37521.000 0 0 54.000 52.000 2808.000 52.990 0 1 59 210 0 0
 8407 170382.000 42110.000 0 0 54.000 50.000 2700.000 51.961 0 1 59 210 0 0
 8408 171379.000 43283.000 0 0 54.000 50.000 2700.000 51.961 0 1 117 200 0 0
 8409 171799.000 43849.000 0 0 54.000 50.000 2700.000 51.961 0 1 117 200 0 0
 8410 178230.000 53090.000 0 0 56.000 46.000 2576.000 50.754 0 1 135 200 0 0
 8411 181935.000 59896.000 0 0 56.000 42.000 2352.000 48.497 0 1 153 200 0 0
 8412 187680.000 74129.000 0 0 54.000 38.000 2052.000 45.299 0 1 185 200 0 0
 8413 188086.000 75507.000 0 0 0.000 0.000 0.000 0.125 0 1 0 0 0 0
 8414 189628.000 82720.000 0 0 54.000 32.000 1728.000 41.569 0 1 204 210 0 0
 8415 187318.000 127003.000 0 0 54.000 38.000 2052.000 45.299 0 1 285 200 0 0
 8416 186350.000 129958.000 0 0 54.000 40.000 2160.000 46.475 0 1 296 200 0 0
 8417 180779.000 142968.000 0 0 0.000 0.000 0.000 0.121 0 1 0 0 0 0
 8418 162828.000 166500.000 0 0 0.000 0.000 0.000 0.120 0 1 0 0 0 0
 8419 160902.000 168276.000 0 0 0.000 0.000 0.000 0.123 0 1 0 0 0 0
 8420 154376.000 173621.000 0 0 48.000 56.000 2688.000 51.845 0 1 419 200 0 0
 8421 145066.000 179654.000 0 0 46.000 54.000 2484.000 49.839 0 1 443 200 0 0
 8422 143968.000 180254.000 0 0 46.000 54.000 2484.000 49.839 0 1 443 200 0 0
 8423 143597.000 180488.000 0 0 44.000 54.000 2376.000 48.744 0 1 443 200 0 0
 8424 126798.000 187474.000 0 0 38.000 54.000 2052.000 45.299 0 1 498 200 0 0
 8425 125290.000 187974.000 0 0 36.000 56.000 2016.000 44.899 0 1 498 200 0 0
 8426 120552.000 189226.000 0 0 34.000 54.000 1836.000 42.848 0 1 498 200 0 0
 8427 118390.000 189691.000 0 0 34.000 54.000 1836.000 42.848 0 1 509 200 0 0
 8428 117346.000 189941.000 0 0 32.000 54.000 1728.000 41.569 0 1 509 200 0 0
 8429 66879.000 185265.000 0 0 42.000 56.000 2352.000 48.497 0 1 503 200 0 0
 8430 60606.000 182543.000 0 0 42.000 56.000 2352.000 48.497 0 1 478 200 0 0
 8431 60053.000 182297.000 0 0 0.000 0.000 0.000 0.127 0 1 0 0 0 0
 8432 59511.000 182011.000 0 0 0.000 0.000 0.000 0.123 0 1 0 0 0 0
 8433 51968.000 177847.000 0 0 0.000 0.000 0.000 0.120 0 1 0 0 0 0
 8434 50318.000 176754.000 0 0 0.000 0.000 0.000 0.122 0 1 0 0 0 0
 8435 50040.000 176597.000 0 0 48.000 54.000 2592.000 50.911 0 1 449 200 0 0
 8436 44239.000 172439.000 0 0 50.000 54.000 2700.000 51.961 0 1 425 200 0 0
 8437 41925.000 170589.000 0 0 50.000 54.000 2700.000 51.961 0 1 425 200 0 0
 8438 38868.000 167982.000 0 0 0.000 0.000 0.000 0.120 0 1 0 0 0 0
 8439 31478.000 160455.000 0 0 0.000 0.000 0.000 0.121 0 1 0 0 0 0
 8440 30557.000 159394.000 0 0 53.000 52.000 2756.000 52.497 0 1 363 200 0 0
 8441 27238.000 155251.000 0 0 54.000 50.000 2700.000 51.961 0 1 357 200 0 0
 8442 26539.000 154407.000 0 0 56.000 48.000 2688.000 51.845 0 1 357 200 0 0
 8443 25399.000 152736.000 0 0 54.000 48.000 2592.000 50.911 0 1 351 200 0 0
 8444 19694.000 143498.000 0 0 0.000 0.000 0.000 0.120 0 1 0 0 0 0
 8445 15625.000 134880.000 0 0 56.000 42.000 2352.000 48.497 0 1 305 200 0 0
 8446 173287.000 47303.000 0 0 0.000 0.000 0.000 200000.000 0 1 0 200 0 0
 8447 11004.000 120306.000 0 0 0.000 0.000 0.000 0.122 0 1 0 0 0 0
 8448 10703.000 118884.000 0 0 0.000 0.000 0.000 0.122 0 1 0 0 0 0
 8449 10007.000 115109.000 0 0 0.000 0.000 0.000 0.120 0 1 0 0 0 0
 8450 9988.000 114944.000 0 0 0.000 0.000 0.000 0.121 0 1 0 0 0 0
 8451 9298.000 110520.000 0 0 52.000 28.000 1456.000 38.157 0 1 262 200 0 0
 8452 9375.000 110472.000 0 0 52.000 28.000 1456.000 38.157 0 1 262 200 0 0
 8453 9281.000 109668.000 0 0 52.000 28.000 1456.000 38.157 0 1 262 200 0 0
 8454 8914.000 104880.000 0 0 50.000 26.000 1300.000 36.055 0 1 251 200 0 0
 8455 8804.000 102695.000 0 0 50.000 24.000 1200.000 34.641 0 1 229 200 0 0
 8456 8799.000 99698.000 0 0 51.000 24.000 1224.000 34.985 0 1 229 200 0 0
 8457 12118.000 75746.000 0 0 56.000 36.000 2016.000 44.899 0 1 189 200 0 0
 8458 14591.000 68093.000 0 0 0.000 0.000 0.000 0.125 0 1 0 0 0 0
 8459 15270.000 66277.000 0 0 56.000 42.000 2352.000 48.497 0 1 173 200 0 0
 8460 16265.000 64062.000 0 0 0.000 0.000 0.000 0.121 0 1 0 0 0 0
 8461 19014.000 58108.000 0 0 0.000 0.000 0.000 0.122 0 1 0 0 0 0
 8462 20658.000 55159.000 0 0 0.000 0.000 0.000 0.124 0 1 0 0 0 0
 8463 21500.000 53713.000 0 0 0.000 0.000 0.000 0.122 0 1 0 0 0 0
 8464 26211.000 46500.000 0 0 0.000 0.000 0.000 0.121 0 1 0 0 0 0
 8465 28867.000 42990.000 0 0 0.000 0.000 0.000 0.120 0 1 0 0 0 0
 8466 33397.000 37813.000 0 0 54.000 52.000 2808.000 52.990 0 1 98 200 0 0
 8467 36222.000 34934.000 0 0 0.000 0.000 0.000 0.122 0 1 0 0 0 0
 8468 38204.000 32846.000 0 0 0.000 0.000 0.000 0.125 0 1 0 0 0 0
 8469 38351.000 32922.000 0 0 0.000 0.000 0.000 0.120 0 1 0 0 0 0
 8470 39725.000 31725.000 0 0 50.000 52.000 2600.000 50.990 0 1 90 210 0 0
 8471 57668.000 19308.000 0 0 44.000 56.000 2464.000 49.638 0 1 35 200 0 0
 8472 62046.000 17175.000 0 0 42.000 54.000 2268.000 47.623 0 1 24 200 0 0
 8473 83537.000 10369.000 0 0 0.000 0.000 0.000 0.121 0 1 0 0 0 0
 8474 84831.000 10140.000 0 0 0.000 0.000 0.000 0.121 0 1 0 0 0 0
 8475 114743.000 10043.000 0 0 0.000 0.000 0.000 0.121 0 1 0 0 0 0
 8476 115415.000 10168.000 0 0 0.000 0.000 0.000 0.120 0 1 0 0 0 0
 8477 127366.000 13000.000 0 0 38.000 54.000 2052.000 45.299 0 1 13 200 0 0
 8478 130225.000 13928.000 0 0 0.000 0.000 0.000 0.125 0 1 0 0 0 0
 8479 165707.000 36405.000 0 0 52.000 52.000 2704.000 52.000 0 1 59 210 0 0
 8480 166211.000 37082.000 0 0 54.000 52.000 2808.000 52.990 0 1 59 210 0 0
 8481 168762.000 39886.000 0 0 0.000 0.000 0.000 0.120 0 1 0 0 0 0
 8482 172112.000 44032.000 0 0 54.000 50.000 2700.000 51.961 0 1 117 200 0 0
 8483 172285.000 44230.000 0 0 54.000 50.000 2700.000 51.961 0 1 117 200 0 0
 8484 178520.000 53259.000 0 0 56.000 46.000 2576.000 50.754 0 1 135 200 0 0
 8485 184040.000 64077.000 0 0 54.000 42.000 2268.000 47.623 0 1 166 200 0 0
 8486 185597.000 67893.000 0 0 0.000 0.000 0.000 0.120 0 1 0 0 0 0
 8487 187207.000 72537.000 0 0 0.000 0.000 0.000 0.120 0 1 0 0 0 0
 8488 189780.000 82561.000 0 0 54.000 32.000 1728.000 41.569 0 1 204 210 0 0
 8489 191522.000 99058.000 0 0 0.000 0.000 0.000 0.123 0 1 0 0 0 0
 8490 190558.000 113476.000 0 0 52.000 30.000 1560.000 39.496 0 1 265 200 0 0
 8491 189619.000 118766.000 0 0 0.000 0.000 0.000 0.120 0 1 0 0 0 0
 8492 186206.000 131086.000 0 0 56.000 40.000 2240.000 47.328 0 1 296 200 0 0
 8493 180087.000 144504.000 0 0 54.000 46.000 2484.000 49.839 0 1 330 200 0 0
 8494 166015.000 163566.000 0 0 54.000 52.000 2808.000 52.990 0 1 392 210 0 0
 8495 151018.000 176163.000 0 0 46.000 54.000 2484.000 49.839 0 1 438 200 0 0
 8496 149021.000 177473.000 0 0 48.000 56.000 2688.000 51.845 0 1 443 200 0 0
 8497 146166.000 179265.000 0 0 46.000 56.000 2576.000 50.754 0 1 443 200 0 0
 8498 145462.000 179650.000 0 0 46.000 54.000 2484.000 49.839 0 1 443 200 0 0
 8499 142643.000 181202.000 0 0 44.000 56.000 2464.000 49.638 0 1 443 200 0 0
 8500 140696.000 182202.000 0 0 44.000 56.000 2464.000 49.638 0 1 484 200 0 0
 8501 127504.000 187476.000 0 0 38.000 54.000 2052.000 45.299 0 1 498 200 0 0
 8502 125161.000 188191.000 0 0 36.000 56.000 2016.000 44.899 0 1 498 200 0 0
 8503 124366.000 188409.000 0 0 36.000 56.000 2016.000 44.899 0 1 498 200 0 0
 8504 121059.000 189282.000 0 0 34.000 54.000 1836.000 42.848 0 1 498 200 0 0
 8505 120015.000 189493.000 0 0 34.000 54.000 1836.000 42.848 0 1 498 200 0 0
 8506 117689.000 189979.000 0 0 32.000 54.000 1728.000 41.569 0 1 509 200 0 0
 8507 117590.000 189998.000 0 0 32.000 54.000 1728.000 41.569 0 1 509 200 0 0
 8508 68774.000 186136.000 0 0 40.000 56.000 2240.000 47.328 0 1 503 200 0 0
 8509 63292.000 183965.000 0 0 0.000 0.000 0.000 0.122 0 1 0 0 0 0
 8510 57230.000 181043.000 0 0 44.000 56.000 2464.000 49.638 0 1 486 200 0 0
 8511 54196.000 179337.000 0 0 46.000 54.000 2484.000 49.839 0 1 475 200 0 0
 8512 49472.000 176414.000 0 0 48.000 54.000 2592.000 50.911 0 1 449 200 0 0
 8513 44689.000 172990.000 0 0 50.000 54.000 2700.000 51.961 0 1 425 200 0 0
 8514 39182.000 168484.000 0 0 0.000 0.000 0.000 0.120 0 1 0 0 0 0
 8515 36230.000 165753.000 0 0 0.000 0.000 0.000 0.120 0 1 0 0 0 0
 8516 34525.000 164015.000 0 0 0.000 0.000 0.000 0.121 0 1 0 0 0 0
 8517 28996.000 157774.000 0 0 0.000 0.000 0.000 0.120 0 1 0 0 0 0
 8518 25569.000 153275.000 0 0 54.000 48.000 2592.000 50.911 0 1 351 200 0 0
 8519 25019.000 152483.000 0 0 54.000 48.000 2592.000 50.911 0 1 351 200 0 0
 8520 20031.000 144502.000 0 0 0.000 0.000 0.000 0.122 0 1 0 0 0 0
 8521 15685.000 135453.000 0 0 56.000 42.000 2352.000 48.497 0 1 305 200 0 0
 8522 12980.000 128125.000 0 0 54.000 38.000 2052.000 45.299 0 1 293 200 0 0
 8523 11882.000 124495.000 0 0 0.000 0.000 0.000 0.123 0 1 0 0 0 0
 8524 9119.000 109891.000 0 0 52.000 28.000 1456.000 38.157 0 1 262 200 0 0
 8525 8702.000 104527.000 0 0 50.000 26.000 1300.000 36.055 0 1 251 200 0 0
 8526 8569.000 100032.000 0 0 51.000 24.000 1224.000 34.985 0 1 229 200 0 0
 8527 8599.000 98371.000 0 0 50.000 24.000 1200.000 34.641 0 1 229 200 0 0
 8528 9138.000 90257.000 0 0 0.000 0.000 0.000 0.120 0 1 0 0 0 0
 8529 9943.000 84639.000 0 0 0.000 0.000 0.000 0.123 0 1 0 0 0 0
 8530 24953.000 47763.000 0 0 0.000 0.000 0.000 0.125 0 1 0 0 0 0
 8531 25450.000 47265.000 0 0 0.000 0.000 0.000 0.120 0 1 0 0 0 0
 8532 26193.000 46298.000 0 0 0.000 0.000 0.000 0.120 0 1 0 0 0 0
 8533 29482.000 41981.000 0 0 0.000 0.000 0.000 0.121 0 1 0 0 0 0
 8534 29772.000 41612.000 0 0 0.000 0.000 0.000 0.121 0 1 0 0 0 0
 8535 32378.000 38691.000 0 0 0.000 0.000 0.000 0.120 0 1 0 0 0 0
 8536 37010.000 33952.000 0 0 0.000 0.000 0.000 0.120 0 1 0 0 0 0
 8537 42148.000 29394.000 0 0 0.000 0.000 0.000 0.121 0 1 0 0 0 0
 8538 44489.000 27543.000 0 0 0.000 0.000 0.000 0.120 0 1 0 0 0 0
 8539 63853.000 16134.000 0 0 0.000 0.000 0.000 0.121 0 1 0 0 0 0
 8540 70569.000 13571.000 0 0 0.000 0.000 0.000 0.120 0 1 0 0 0 0
 8541 88067.000 9522.000 0 0 30.000 52.000 1560.000 39.496 0 1 6 200 0 0
 8542 89326.000 9336.000 0 0 28.000 52.000 1456.000 38.157 0 1 6 200 0 0
 8543 89725.000 9310.000 0 0 28.000 52.000 1456.000 38.157 0 1 6 200 0 0
 8544 97810.000 8717.000 0 0 24.000 50.000 1200.000 34.641 0 1 3 200 0 0
 8545 102622.000 8724.000 0 0 0.000 0.000 0.000 0.123 0 1 0 0 0 0
 8546 103117.000 8760.000 0 0 0.000 0.000 0.000 0.120 0 1 0 0 0 0
 8547 109004.000 9148.000 0 0 0.000 0.000 0.000 0.120 0 1 0 0 0 0
 8548 125706.000 12338.000 0 0 38.000 54.000 2052.000 45.299 0 1 13 200 0 0
 8549 129407.000 13490.000 0 0 0.000 0.000 0.000 0.120 0 1 0 0 0 0
 8550 131146.000 14113.000 0 0 0.000 0.000 0.000 0.121 0 1 0 0 0 0
 8551 161564.000 32384.000 0 0 50.000 54.000 2700.000 51.961 0 1 87 200 0 0
 8552 162154.000 32734.000 0 0 50.000 54.000 2700.000 51.961 0 1 87 200 0 0
 8553 166328.000 37000.000 0 0 54.000 52.000 2808.000 52.990 0 1 59 210 0 0
 8554 166747.000 37383.000 0 0 54.000 52.000 2808.000 52.990 0 1 59 210 0 0
 8555 170382.000 41530.000 0 0 54.000 50.000 2700.000 51.961 0 1 59 210 0 0
 8556 172869.000 44700.000 0 0 54.000 50.000 2700.000 51.961 0 1 117 200 0 0
 8557 174489.000 46804.000 0 0 54.000 48.000 2592.000 50.911 0 1 124 200 0 0
 8558 177194.000 50782.000 0 0 56.000 48.000 2688.000 51.845 0 1 135 200 0 0
 8559 177908.000 51936.000 0 0 56.000 48.000 2688.000 51.845 0 1 135 200 0 0
 8560 181568.000 58398.000 0 0 56.000 44.000 2464.000 49.638 0 1 153 200 0 0
 8561 185082.000 66221.000 0 0 0.000 0.000 0.000 0.120 0 1 0 0 0 0
 8562 185452.000 67057.000 0 0 0.000 0.000 0.000 0.121 0 1 0 0 0 0
 8563 186993.000 71302.000 0 0 0.000 0.000 0.000 0.120 0 1 0 0 0 0
 8564 187062.000 71529.000 0 0 0.000 0.000 0.000 0.120 0 1 0 0 0 0
 8565 187478.000 72860.000 0 0 0.000 0.000 0.000 0.121 0 1 0 0 0 0
 8566 189555.000 80546.000 0 0 0.000 0.000 0.000 0.120 0 1 0 0 0 0
 8567 190847.000 87810.000 0 0 0.000 0.000 0.000 0.121 0 1 0 0 0 0
 8568 190869.000 88153.000 0 0 0.000 0.000 0.000 0.121 0 1 0 0 0 0
 8569 191683.000 99367.000 0 0 0.000 0.000 0.000 0.121 0 1 0 0 0 0
 8570 186599.000 130439.000 0 0 54.000 40.000 2160.000 46.475 0 1 296 200 0 0
 8571 180443.000 144209.000 0 0 54.000 46.000 2484.000 49.839 0 1 330 200 0 0
 8572 173186.000 155473.000 0 0 0.000 0.000 0.000 0.120 0 1 0 0 0 0
 8573 160210.000 169334.000 0 0 0.000 0.000 0.000 0.120 0 1 0 0 0 0
 8574 155873.000 172930.000 0 0 0.000 0.000 0.000 0.120 0 1 0 0 0 0
 8575 143974.000 180658.000 0 0 44.000 54.000 2376.000 48.744 0 1 443 200 0 0
 8576 142599.000 181366.000 0 0 44.000 56.000 2464.000 49.638 0 1 443 200 0 0
 8577 138559.000 183376.000 0 0 0.000 0.000 0.000 0.122 0 1 0 0 0 0
 8578 133972.000 185360.000 0 0 42.000 56.000 2352.000 48.497 0 1 488 200 0 0
 8579 132761.000 185819.000 0 0 40.000 56.000 2240.000 47.328 0 1 488 200 0 0
 8580 130955.000 186495.000 0 0 40.000 56.000 2240.000 47.328 0 1 508 210 0 0
 8581 128826.000 187226.000 0 0 38.000 54.000 2052.000 45.299 0 1 508 210 0 0
 8582 128057.000 187519.000 0 0 38.000 54.000 2052.000 45.299 0 1 508 210 0 0
 8583 127106.000 187805.000 0 0 38.000 54.000 2052.000 45.299 0 1 498 200 0 0
 8584 126740.000 187916.000 0 0 38.000 54.000 2052.000 45.299 0 1 498 200 0 0
 8585 124596.000 188503.000 0 0 36.000 56.000 2016.000 44.899 0 1 498 200 0 0
 8586 120898.000 189422.000 0 0 34.000 54.000 1836.000 42.848 0 1 498 200 0 0
 8587 120591.000 189517.000 0 0 34.000 54.000 1836.000 42.848 0 1 498 200 0 0
 8588 119866.000 189715.000 0 0 34.000 54.000 1836.000 42.848 0 1 498 200 0 0
 8589 119334.000 189811.000 0 0 34.000 54.000 1836.000 42.848 0 1 498 200 0 0
 8590 56619.000 180883.000 0 0 44.000 56.000 2464.000 49.638 0 1 486 200 0 0
 8591 54018.000 179486.000 0 0 46.000 56.000 2576.000 50.754 0 1 475 200 0 0
 8592 46070.000 174264.000 0 0 0.000 0.000 0.000 0.120 0 1 0 0 0 0
 8593 43980.000 172701.000 0 0 50.000 54.000 2700.000 51.961 0 1 425 200 0 0
 8594 41359.000 170585.000 0 0 50.000 54.000 2700.000 51.961 0 1 425 200 0 0
 8595 40982.000 170301.000 0 0 52.000 54.000 2808.000 52.990 0 1 425 200 0 0
 8596 34667.000 164404.000 0 0 0.000 0.000 0.000 0.120 0 1 0 0 0 0
 8597 33782.000 163524.000 0 0 54.000 52.000 2808.000 52.990 0 1 391 200 0 0
 8598 33593.000 163516.000 0 0 54.000 52.000 2808.000 52.990 0 1 391 200 0 0
 8599 32106.000 161882.000 0 0 54.000 50.000 2700.000 51.961 0 1 381 200 0 0
 8600 29743.000 158916.000 0 0 54.000 52.000 2808.000 52.990 0 1 363 200 0 0
 8601 25503.000 153473.000 0 0 54.000 48.000 2592.000 50.911 0 1 351 200 0 0
 8602 17704.000 140334.000 0 0 0.000 0.000 0.000 0.120 0 1 0 0 0 0
 8603 17593.000 140135.000 0 0 0.000 0.000 0.000 0.120 0 1 0 0 0 0
 8604 16052.000 136820.000 0 0 0.000 0.000 0.000 0.120 0 1 0 0 0 0
 8605 14588.000 133628.000 0 0 0.000 0.000 0.000 0.126 0 1 0 0 0 0
 8606 12762.000 128135.000 0 0 54.000 38.000 2052.000 45.299 0 1 293 200 0 0
 8607 11871.000 125013.000 0 0 0.000 0.000 0.000 0.120 0 1 0 0 0 0
 8608 10085.000 117518.000 0 0 0.000 0.000 0.000 0.121 0 1 0 0 0 0
 8609 8790.000 108200.000 0 0 0.000 0.000 0.000 0.120 0 1 0 0 0 0
 8610 8518.000 104610.000 0 0 50.000 26.000 1300.000 36.055 0 1 251 200 0 0
 8611 8441.000 102080.000 0 0 50.000 24.000 1200.000 34.641 0 1 229 200 0 0
 8612 8436.000 101632.000 0 0 51.000 24.000 1224.000 34.985 0 1 229 200 0 0
 8613 8583.000 94679.000 0 0 50.000 26.000 1300.000 36.055 0 1 226 200 0 0
 8614 9564.000 85858.000 0 0 0.000 0.000 0.000 0.121 0 1 0 0 0 0
 8615 9945.000 83596.000 0 0 0.000 0.000 0.000 0.121 0 1 0 0 0 0
 8616 12997.000 71731.000 0 0 0.000 0.000 0.000 0.121 0 1 0 0 0 0
 8617 15856.000 64083.000 0 0 0.000 0.000 0.000 0.121 0 1 0 0 0 0
 8618 15903.000 63926.000 0 0 0.000 0.000 0.000 0.121 0 1 0 0 0 0
 8619 17305.000 60942.000 0 0 0.000 0.000 0.000 0.120 0 1 0 0 0 0
 8620 21275.000 53437.000 0 0 0.000 0.000 0.000 0.120 0 1 0 0 0 0
 8621 26794.000 45142.000 0 0 0.000 0.000 0.000 0.122 0 1 0 0 0 0
 8622 27864.000 43735.000 0 0 0.000 0.000 0.000 0.121 0 1 0 0 0 0
 8623 28600.000 42815.000 0 0 0.000 0.000 0.000 0.120 0 1 0 0 0 0
 8624 31061.000 39894.000 0 0 52.000 52.000 2704.000 52.000 0 1 109 200 0 0
 8625 32445.000 38342.000 0 0 0.000 0.000 0.000 0.125 0 1 0 0 0 0
 8626 39292.000 31653.000 0 0 50.000 52.000 2600.000 50.990 0 1 90 210 0 0
 8627 50872.000 22834.000 0 0 0.000 0.000 0.000 0.120 0 1 0 0 0 0
 8628 51683.000 22349.000 0 0 0.000 0.000 0.000 0.120 0 1 0 0 0 0
 8629 51871.000 22242.000 0 0 0.000 0.000 0.000 0.120 0 1 0 0 0 0
 8630 62102.000 16780.000 0 0 42.000 54.000 2268.000 47.623 0 1 24 200 0 0
 8631 72813.000 12695.000 0 0 0.000 0.000 0.000 0.121 0 1 0 0 0 0
 8632 79604.000 10876.000 0 0 0.000 0.000 0.000 0.121 0 1 0 0 0 0
 8633 81040.000 10568.000 0 0 34.000 54.000 1836.000 42.848 0 1 11 200 0 0
 8634 81596.000 10437.000 0 0 34.000 54.000 1836.000 42.848 0 1 11 200 0 0
 8635 96063.000 8580.000 0 0 0.000 0.000 0.000 0.120 0 1 0 0 0 0
 8636 112023.000 9266.000 0 0 0.000 0.000 0.000 0.120 0 1 0 0 0 0
 8637 112039.000 9310.000 0 0 0.000 0.000 0.000 0.120 0 1 0 0 0 0
 8638 122240.000 11224.000 0 0 36.000 54.000 1944.000 44.090 0 1 10 200 0 0
 8639 124000.000 11690.000 0 0 0.000 0.000 0.000 0.120 0 1 0 0 0 0
 8640 153523.000 25688.000 0 0 0.000 0.000 0.000 0.121 0 1 0 0 0 0
 8641 155963.000 27491.000 0 0 50.000 54.000 2700.000 51.961 0 1 45 200 0 0
 8642 163995.000 34408.000 0 0 0.000 0.000 0.000 0.120 0 1 0 0 0 0
 8643 170171.000 41042.000 0 0 54.000 52.000 2808.000 52.990 0 1 59 210 0 0
 8644 172027.000 43284.000 0 0 54.000 50.000 2700.000 51.961 0 1 117 200 0 0
 8645 172941.000 44467.000 0 0 54.000 50.000 2700.000 51.961 0 1 117 200 0 0
 8646 175829.000 48456.000 0 0 54.000 48.000 2592.000 50.911 0 1 124 200 0 0
 8647 177874.000 51596.000 0 0 56.000 48.000 2688.000 51.845 0 1 135 200 0 0
 8648 178644.000 52845.000 0 0 56.000 46.000 2576.000 50.754 0 1 135 200 0 0
 8649 178733.000 52941.000 0 0 56.000 46.000 2576.000 50.754 0 1 135 200 0 0
 8650 182434.000 59732.000 0 0 56.000 42.000 2352.000 48.497 0 1 153 200 0 0
 8651 184602.000 64515.000 0 0 56.000 42.000 2352.000 48.497 0 1 166 200 0 0
 8652 184627.000 64586.000 0 0 56.000 42.000 2352.000 48.497 0 1 166 200 0 0
 8653 185627.000 67026.000 0 0 0.000 0.000 0.000 0.122 0 1 0 0 0 0
 8654 187626.000 72740.000 0 0 0.000 0.000 0.000 0.120 0 1 0 0 0 0
 8655 190234.000 83139.000 0 0 54.000 32.000 1728.000 41.569 0 1 204 210 0 0
 8656 191694.000 94857.000 0 0 0.000 0.000 0.000 0.120 0 1 0 0 0 0
 8657 190783.000 114265.000 0 0 52.000 30.000 1560.000 39.496 0 1 265 200 0 0
 8658 187810.000 127168.000 0 0 54.000 38.000 2052.000 45.299 0 1 285 200 0 0
 8659 186511.000 131102.000 0 0 56.000 40.000 2240.000 47.328 0 1 296 200 0 0
 8660 184619.000 136078.000 0 0 0.000 0.000 0.000 0.120 0 1 0 0 0 0
 8661 181840.000 141955.000 0 0 0.000 0.000 0.000 0.120 0 1 0 0 0 0
 8662 178386.000 148091.000 0 0 0.000 0.000 0.000 0.120 0 1 0 0 0 0
 8663 176740.000 150729.000 0 0 0.000 0.000 0.000 0.120 0 1 0 0 0 0
 8664 152833.000 175369.000 0 0 0.000 0.000 0.000 0.120 0 1 0 0 0 0
 8665 136594.000 184430.000 0 0 0.000 0.000 0.000 0.120 0 1 0 0 0 0
 8666 134656.000 185258.000 0 0 42.000 56.000 2352.000 48.497 0 1 488 200 0 0
 8667 131345.000 186539.000 0 0 40.000 56.000 2240.000 47.328 0 1 508 210 0 0
 8668 130237.000 186944.000 0 0 40.000 54.000 2160.000 46.475 0 1 508 210 0 0
 8669 129892.000 187038.000 0 0 40.000 54.000 2160.000 46.475 0 1 508 210 0 0
 8670 129289.000 187272.000 0 0 38.000 54.000 2052.000 45.299 0 1 508 210 0 0
 8671 124124.000 188791.000 0 0 36.000 56.000 2016.000 44.899 0 1 498 200 0 0
 8672 62041.000 183770.000 0 0 0.000 0.000 0.000 0.121 0 1 0 0 0 0
 8673 56538.000 181072.000 0 0 44.000 56.000 2464.000 49.638 0 1 486 200 0 0
 8674 48014.000 175833.000 0 0 0.000 0.000 0.000 0.120 0 1 0 0 0 0
 8675 46277.000 174609.000 0 0 0.000 0.000 0.000 0.120 0 1 0 0 0 0
 8676 45159.000 173804.000 0 0 0.000 0.000 0.000 0.120 0 1 0 0 0 0
 8677 42085.000 171398.000 0 0 50.000 54.000 2700.000 51.961 0 1 425 200 0 0
 8678 37967.000 167829.000 0 0 0.000 0.000 0.000 0.120 0 1 0 0 0 0
 8679 27723.000 156761.000 0 0 54.000 50.000 2700.000 51.961 0 1 357 200 0 0
 8680 27123.000 156000.000 0 0 54.000 50.000 2700.000 51.961 0 1 357 200 0 0
 8681 26538.000 155201.000 0 0 54.000 50.000 2700.000 51.961 0 1 357 200 0 0
 8682 17857.000 141057.000 0 0 0.000 0.000 0.000 0.120 0 1 0 0 0 0
 8683 15321.000 135471.000 0 0 56.000 42.000 2352.000 48.497 0 1 305 200 0 0
 8684 10612.000 120647.000 0 0 0.000 0.000 0.000 0.124 0 1 0 0 0 0
 8685 8812.000 110495.000 0 0 52.000 28.000 1456.000 38.157 0 1 262 200 0 0
 8686 8275.000 101378.000 0 0 50.000 24.000 1200.000 34.641 0 1 229 200 0 0
 8687 8284.000 98048.000 0 0 50.000 24.000 1200.000 34.641 0 1 229 200 0 0
 8688 8587.000 92425.000 0 0 0.000 0.000 0.000 0.121 0 1 0 0 0 0
 8689 8609.000 92383.000 0 0 0.000 0.000 0.000 0.123 0 1 0 0 0 0
 8690 9186.000 87264.000 0 0 0.000 0.000 0.000 0.121 0 1 0 0 0 0
 8691 15008.000 65712.000 0 0 56.000 42.000 2352.000 48.497 0 1 173 200 0 0
 8692 17076.000 60936.000 0 0 0.000 0.000 0.000 0.123 0 1 0 0 0 0
 8693 21077.000 53402.000 0 0 0.000 0.000 0.000 0.121 0 1 0 0 0 0
 8694 23044.000 50196.000 0 0 54.000 48.000 2592.000 50.911 0 1 129 200 0 0
 8695 38957.000 31694.000 0 0 50.000 52.000 2600.000 50.990 0 1 90 210 0 0
 8696 45770.000 26183.000 0 0 48.000 56.000 2688.000 51.845 0 1 60 200 0 0
 8697 51149.000 22538.000 0 0 0.000 0.000 0.000 0.121 0 1 0 0 0 0
 8698 57735.000 18705.000 0 0 44.000 56.000 2464.000 49.638 0 1 35 200 0 0
 8699 67284.000 14406.000 0 0 0.000 0.000 0.000 0.121 0 1 0 0 0 0
 8700 77293.000 11237.000 0 0 0.000 0.000 0.000 0.120 0 1 0 0 0 0
 8701 92838.000 8610.000 0 0 26.000 50.000 1300.000 36.055 0 1 4 200 0 0
 8702 95309.000 8480.000 0 0 0.000 0.000 0.000 0.121 0 1 0 0 0 0
 8703 97146.000 8443.000 0 0 24.000 50.000 1200.000 34.641 0 1 3 200 0 0
 8704 100032.000 8372.000 0 0 24.000 51.000 1224.000 34.985 0 1 2 200 0 0
 8705 102199.000 8354.000 0 0 0.000 0.000 0.000 0.121 0 1 0 0 0 0
 8706 108472.000 8748.000 0 0 0.000 0.000 0.000 0.121 0 1 0 0 0 0
 8707 117811.000 10060.000 0 0 0.000 0.000 0.000 0.122 0 1 0 0 0 0
 8708 126115.000 12115.000 0 0 38.000 54.000 2052.000 45.299 0 1 13 200 0 0
 8709 126617.000 12250.000 0 0 38.000 54.000 2052.000 45.299 0 1 13 200 0 0
 8710 126943.000 12344.000 0 0 38.000 54.000 2052.000 45.299 0 1 13 200 0 0
 8711 128282.000 12759.000 0 0 0.000 0.000 0.000 0.122 0 1 0 0 0 0
 8712 161333.000 31692.000 0 0 50.000 54.000 2700.000 51.961 0 1 87 200 0 0
 8713 162952.000 33186.000 0 0 52.000 54.000 2808.000 52.990 0 1 59 210 0 0
 8714 163244.000 33423.000 0 0 52.000 54.000 2808.000 52.990 0 1 59 210 0 0
 8715 164599.000 34578.000 0 0 0.000 0.000 0.000 0.122 0 1 0 0 0 0
 8716 165362.000 35497.000 0 0 52.000 52.000 2704.000 52.000 0 1 59 210 0 0
 8717 168649.000 39011.000 0 0 52.000 50.000 2600.000 50.990 0 1 59 210 0 0
 8718 169584.000 40112.000 0 0 0.000 0.000 0.000 0.122 0 1 0 0 0 0
 8719 175637.000 47888.000 0 0 54.000 48.000 2592.000 50.911 0 1 124 200 0 0
 8720 177684.000 50925.000 0 0 56.000 48.000 2688.000 51.845 0 1 135 200 0 0
 8721 179589.000 54056.000 0 0 0.000 0.000 0.000 0.122 0 1 0 0 0 0
 8722 183499.000 61619.000 0 0 0.000 0.000 0.000 0.120 0 1 0 0 0 0
 8723 192051.000 100563.000 0 0 0.000 0.000 0.000 0.121 0 1 0 0 0 0
 8724 190553.000 116673.000 0 0 0.000 0.000 0.000 0.120 0 1 0 0 0 0
 8725 188776.000 124528.000 0 0 56.000 36.000 2016.000 44.899 0 1 285 200 0 0
 8726 187854.000 127596.000 0 0 54.000 38.000 2052.000 45.299 0 1 285 200 0 0
 8727 186010.000 132912.000 0 0 0.000 0.000 0.000 0.120 0 1 0 0 0 0
 8728 180517.000 144853.000 0 0 54.000 46.000 2484.000 49.839 0 1 330 200 0 0
 8729 180050.000 145592.000 0 0 0.000 0.000 0.000 0.124 0 1 0 0 0 0
 8730 173709.000 155304.000 0 0 0.000 0.000 0.000 0.122 0 1 0 0 0 0
 8731 158570.000 171222.000 0 0 0.000 0.000 0.000 0.120 0 1 0 0 0 0
 8732 145805.000 180002.000 0 0 46.000 54.000 2484.000 49.839 0 1 443 200 0 0
 8733 142443.000 181818.000 0 0 44.000 56.000 2464.000 49.638 0 1 443 200 0 0
 8734 137690.000 184134.000 0 0 0.000 0.000 0.000 0.124 0 1 0 0 0 0
 8735 120011.000 189968.000 0 0 34.000 54.000 1836.000 42.848 0 1 498 200 0 0
 8736 56856.000 181401.000 0 0 44.000 56.000 2464.000 49.638 0 1 486 200 0 0
 8737 55233.000 180501.000 0 0 0.000 0.000 0.000 0.122 0 1 0 0 0 0
 8738 44107.000 173171.000 0 0 50.000 54.000 2700.000 51.961 0 1 425 200 0 0
 8739 42703.000 172112.000 0 0 50.000 54.000 2700.000 51.961 0 1 425 200 0 0
 8740 41611.000 171231.000 0 0 50.000 54.000 2700.000 51.961 0 1 425 200 0 0
 8741 33831.000 164027.000 0 0 52.000 52.000 2704.000 52.000 0 1 391 200 0 0
 8742 31521.000 161556.000 0 0 54.000 50.000 2700.000 51.961 0 1 381 200 0 0
 8743 31330.000 161370.000 0 0 52.000 50.000 2600.000 50.990 0 1 381 200 0 0
 8744 29881.000 159519.000 0 0 54.000 52.000 2808.000 52.990 0 1 363 200 0 0
 8745 21745.000 148446.000 0 0 0.000 0.000 0.000 0.120 0 1 0 0 0 0
 8746 16729.000 139116.000 0 0 0.000 0.000 0.000 0.122 0 1 0 0 0 0
 8747 15861.000 137234.000 0 0 0.000 0.000 0.000 0.121 0 1 0 0 0 0
 8748 12281.000 127549.000 0 0 54.000 38.000 2052.000 45.299 0 1 293 200 0 0
 8749 174958.000 46439.000 0 0 54.000 48.000 2592.000 50.911 0 1 124 200 0 0
 8750 10533.000 121271.000 0 0 0.000 0.000 0.000 0.120 0 1 0 0 0 0
 8751 175045.000 46448.000 0 0 54.000 48.000 2592.000 50.911 0 1 124 200 0 0
 8752 9774.000 117988.000 0 0 0.000 0.000 0.000 0.120 0 1 0 0 0 0
 8753 8807.000 111562.000 0 0 52.000 30.000 1560.000 39.496 0 1 262 200 0 0
 8754 8010.000 96782.000 0 0 50.000 24.000 1200.000 34.641 0 1 226 200 0 0
 8755 8234.000 95851.000 0 0 50.000 26.000 1300.000 36.055 0 1 226 200 0 0
 8756 8316.000 93637.000 0 0 0.000 0.000 0.000 0.123 0 1 0 0 0 0
 8757 11283.000 76286.000 0 0 56.000 36.000 2016.000 44.899 0 1 190 200 0 0
 8758 14031.000 67657.000 0 0 0.000 0.000 0.000 0.122 0 1 0 0 0 0
 8759 15699.000 63602.000 0 0 0.000 0.000 0.000 0.120 0 1 0 0 0 0
 8760 17300.000 60086.000 0 0 0.000 0.000 0.000 0.120 0 1 0 0 0 0
 8761 22216.000 51179.000 0 0 56.000 48.000 2688.000 51.845 0 1 129 200 0 0
 8762 22554.000 50646.000 0 0 56.000 48.000 2688.000 51.845 0 1 129 200 0 0
 8763 26853.000 44540.000 0 0 0.000 0.000 0.000 0.120 0 1 0 0 0 0
 8764 33018.000 37228.000 0 0 54.000 52.000 2808.000 52.990 0 1 98 200 0 0
 8765 36441.000 33789.000 0 0 0.000 0.000 0.000 0.120 0 1 0 0 0 0
 8766 40130.000 30214.000 0 0 0.000 0.000 0.000 0.126 0 1 0 0 0 0
 8767 40375.000 30256.000 0 0 0.000 0.000 0.000 0.120 0 1 0 0 0 0
 8768 44948.000 26570.000 0 0 48.000 56.000 2688.000 51.845 0 1 60 200 0 0
 8769 46465.000 25414.000 0 0 48.000 54.000 2592.000 50.911 0 1 53 210 0 0
 8770 51440.000 22098.000 0 0 0.000 0.000 0.000 0.121 0 1 0 0 0 0
 8771 57191.000 18817.000 0 0 44.000 56.000 2464.000 49.638 0 1 35 200 0 0
 8772 68391.000 13830.000 0 0 0.000 0.000 0.000 0.122 0 1 0 0 0 0
 8773 75067.000 11602.000 0 0 0.000 0.000 0.000 0.122 0 1 0 0 0 0
 8774 94658.000 8300.000 0 0 0.000 0.000 0.000 0.120 0 1 0 0 0 0
 8775 113391.000 9117.000 0 0 0.000 0.000 0.000 0.122 0 1 0 0 0 0
 8776 131807.000 13815.000 0 0 0.000 0.000 0.000 0.120 0 1 0 0 0 0
 8777 155748.000 26872.000 0 0 50.000 54.000 2700.000 51.961 0 1 45 200 0 0
 8778 159275.000 29670.000 0 0 0.000 0.000 0.000 0.121 0 1 0 0 0 0
 8779 160888.000 31071.000 0 0 50.000 52.000 2600.000 50.990 0 1 87 200 0 0
 8780 165343.000 35225.000 0 0 52.000 52.000 2704.000 52.000 0 1 59 210 0 0
 8781 167738.000 37777.000 0 0 54.000 50.000 2700.000 51.961 0 1 59 210 0 0
 8782 168090.000 38132.000 0 0 54.000 50.000 2700.000 51.961 0 1 59 210 0 0
 8783 168234.000 38328.000 0 0 54.000 50.000 2700.000 51.961 0 1 59 210 0 0
 8784 171293.000 41924.000 0 0 0.000 0.000 0.000 0.121 0 1 0 0 0 0
 8785 172398.000 43131.000 0 0 54.000 50.000 2700.000 51.961 0 1 117 200 0 0
 8786 175727.000 47708.000 0 0 54.000 48.000 2592.000 50.911 0 1 124 200 0 0
 8787 177017.000 49701.000 0 0 0.000 0.000 0.000 0.120 0 1 0 0 0 0
 8788 178482.000 51902.000 0 0 56.000 48.000 2688.000 51.845 0 1 135 200 0 0
 8789 178853.000 52513.000 0 0 56.000 46.000 2576.000 50.754 0 1 135 200 0 0
 8790 183113.000 60236.000 0 0 56.000 42.000 2352.000 48.497 0 1 153 200 0 0
 8791 188326.000 73859.000 0 0 54.000 38.000 2052.000 45.299 0 1 185 200 0 0
 8792 191036.000 85771.000 0 0 0.000 0.000 0.000 0.121 0 1 0 0 0 0
 8793 191078.000 85831.000 0 0 0.000 0.000 0.000 0.121 0 1 0 0 0 0
 8794 192196.000 100254.000 0 0 0.000 0.000 0.000 0.121 0 1 0 0 0 0
 8795 192179.000 100899.000 0 0 0.000 0.000 0.000 0.122 0 1 0 0 0 0
 8796 192199.000 101994.000 0 0 0.000 0.000 0.000 0.121 0 1 0 0 0 0
 8797 191693.000 109767.000 0 0 52.000 28.000 1456.000 38.157 0 1 261 200 0 0
 8798 189495.000 123007.000 0 0 0.000 0.000 0.000 0.125 0 1 0 0 0 0
 8799 186721.000 131933.000 0 0 0.000 0.000 0.000 0.124 0 1 0 0 0 0
 8800 186585.000 132024.000 0 0 0.000 0.000 0.000 0.121 0 1 0 0 0 0
 8801 185868.000 133831.000 0 0 0.000 0.000 0.000 0.123 0 1 0 0 0 0
 8802 185566.000 134586.000 0 0 0.000 0.000 0.000 0.120 0 1 0 0 0 0
 8803 184481.000 137266.000 0 0 54.000 42.000 2268.000 47.623 0 1 311 200 0 0
 8804 183602.000 139089.000 0 0 0.000 0.000 0.000 0.122 0 1 0 0 0 0
 8805 183485.000 139434.000 0 0 0.000 0.000 0.000 0.121 0 1 0 0 0 0
 8806 181954.000 142475.000 0 0 0.000 0.000 0.000 0.122 0 1 0 0 0 0
 8807 180833.000 144619.000 0 0 54.000 46.000 2484.000 49.839 0 1 330 200 0 0
 8808 179500.000 146981.000 0 0 0.000 0.000 0.000 0.125 0 1 0 0 0 0
 8809 176929.000 151012.000 0 0 0.000 0.000 0.000 0.122 0 1 0 0 0 0
 8810 175498.000 153142.000 0 0 54.000 48.000 2592.000 50.911 0 1 350 200 0 0
 8811 169462.000 160830.000 0 0 52.000 52.000 2704.000 52.000 0 1 380 200 0 0
 8812 166379.000 164227.000 0 0 52.000 52.000 2704.000 52.000 0 1 392 210 0 0
 8813 165260.000 165388.000 0 0 0.000 0.000 0.000 0.120 0 1 0 0 0 0
 8814 162062.000 168394.000 0 0 0.000 0.000 0.000 0.121 0 1 0 0 0 0
 8815 155265.000 174022.000 0 0 0.000 0.000 0.000 0.122 0 1 0 0 0 0
 8816 142052.000 182293.000 0 0 44.000 56.000 2464.000 49.638 0 1 443 200 0 0
 8817 141884.000 182323.000 0 0 44.000 56.000 2464.000 49.638 0 1 443 200 0 0
 8818 133884.000 185950.000 0 0 42.000 56.000 2352.000 48.497 0 1 488 200 0 0
 8819 133196.000 186191.000 0 0 40.000 56.000 2240.000 47.328 0 1 488 200 0 0
 8820 126665.000 188488.000 0 0 38.000 54.000 2052.000 45.299 0 1 498 200 0 0
 8821 126448.000 188519.000 0 0 38.000 54.000 2052.000 45.299 0 1 498 200 0 0
 8822 125217.000 188890.000 0 0 36.000 56.000 2016.000 44.899 0 1 498 200 0 0
 8823 120769.000 189978.000 0 0 34.000 54.000 1836.000 42.848 0 1 498 200 0 0
 8824 58572.000 182480.000 0 0 0.000 0.000 0.000 0.121 0 1 0 0 0 0
 8825 52408.000 179065.000 0 0 0.000 0.000 0.000 0.124 0 1 0 0 0 0
 8826 43506.000 172968.000 0 0 50.000 54.000 2700.000 51.961 0 1 425 200 0 0
 8827 36747.000 167134.000 0 0 0.000 0.000 0.000 0.121 0 1 0 0 0 0
 8828 24288.000 152636.000 0 0 54.000 48.000 2592.000 50.911 0 1 351 200 0 0
 8829 19573.000 145002.000 0 0 0.000 0.000 0.000 0.120 0 1 0 0 0 0
 8830 19100.000 144103.000 0 0 0.000 0.000 0.000 0.121 0 1 0 0 0 0
 8831 14225.000 133608.000 0 0 0.000 0.000 0.000 0.122 0 1 0 0 0 0
 8832 7945.000 97744.000 0 0 50.000 24.000 1200.000 34.641 0 1 229 200 0 0
 8833 8072.000 95038.000 0 0 50.000 26.000 1300.000 36.055 0 1 226 200 0 0
 8834 8228.000 92580.000 0 0 0.000 0.000 0.000 0.120 0 1 0 0 0 0
 8835 8359.000 91221.000 0 0 0.000 0.000 0.000 0.121 0 1 0 0 0 0
 8836 9034.000 85667.000 0 0 0.000 0.000 0.000 0.120 0 1 0 0 0 0
 8837 10150.000 79483.000 0 0 54.000 34.000 1836.000 42.848 0 1 196 200 0 0
 8838 10775.000 77613.000 0 0 0.000 0.000 0.000 0.120 0 1 0 0 0 0
 8839 14499.000 66011.000 0 0 56.000 42.000 2352.000 48.497 0 1 173 200 0 0
 8840 26862.000 44276.000 0 0 0.000 0.000 0.000 0.122 0 1 0 0 0 0
 8841 29015.000 41556.000 0 0 0.000 0.000 0.000 0.120 0 1 0 0 0 0
 8842 29776.000 40666.000 0 0 0.000 0.000 0.000 0.121 0 1 0 0 0 0
 8843 46292.000 25391.000 0 0 48.000 56.000 2688.000 51.845 0 1 53 210 0 0
 8844 46763.000 25047.000 0 0 48.000 54.000 2592.000 50.911 0 1 53 210 0 0
 8845 50120.000 22739.000 0 0 0.000 0.000 0.000 0.122 0 1 0 0 0 0
 8846 70926.000 12740.000 0 0 0.000 0.000 0.000 0.120 0 1 0 0 0 0
 8847 72648.000 12226.000 0 0 0.000 0.000 0.000 0.121 0 1 0 0 0 0
 8848 76457.000 11144.000 0 0 0.000 0.000 0.000 0.121 0 1 0 0 0 0
 8849 86394.000 8996.000 0 0 0.000 0.000 0.000 0.120 0 1 0 0 0 0
 8850 96845.000 8035.000 0 0 24.000 50.000 1200.000 34.641 0 1 3 200 0 0
 8851 97001.000 8076.000 0 0 24.000 50.000 1200.000 34.641 0 1 3 200 0 0
 8852 97819.000 8043.000 0 0 24.000 50.000 1200.000 34.641 0 1 3 200 0 0
 8853 103886.000 8106.000 0 0 0.000 0.000 0.000 0.120 0 1 0 0 0 0
 8854 105099.000 8171.000 0 0 0.000 0.000 0.000 0.121 0 1 0 0 0 0
 8855 114444.000 9096.000 0 0 0.000 0.000 0.000 0.120 0 1 0 0 0 0
 8856 122105.000 10664.000 0 0 36.000 54.000 1944.000 44.090 0 1 10 200 0 0
 8857 122774.000 10833.000 0 0 36.000 54.000 1944.000 44.090 0 1 10 200 0 0
 8858 123271.000 10979.000 0 0 36.000 56.000 2016.000 44.899 0 1 10 200 0 0
 8859 126266.000 11824.000 0 0 38.000 54.000 2052.000 45.299 0 1 13 200 0 0
 8860 126805.000 11945.000 0 0 38.000 54.000 2052.000 45.299 0 1 13 200 0 0
 8861 151922.000 23907.000 0 0 0.000 0.000 0.000 0.120 0 1 0 0 0 0
 8862 152141.000 24072.000 0 0 0.000 0.000 0.000 0.120 0 1 0 0 0 0
 8863 156288.000 27133.000 0 0 50.000 54.000 2700.000 51.961 0 1 45 200 0 0
 8864 163586.000 33364.000 0 0 52.000 54.000 2808.000 52.990 0 1 59 210 0 0
 8865 163687.000 33424.000 0 0 52.000 54.000 2808.000 52.990 0 1 59 210 0 0
 8866 168601.000 38473.000 0 0 54.000 50.000 2700.000 51.961 0 1 59 210 0 0
 8867 170578.000 40767.000 0 0 54.000 52.000 2808.000 52.990 0 1 59 210 0 0
 8868 170866.000 41033.000 0 0 54.000 50.000 2700.000 51.961 0 1 59 210 0 0
 8869 178179.000 51049.000 0 0 56.000 48.000 2688.000 51.845 0 1 135 200 0 0
 8870 185527.000 65357.000 0 0 0.000 0.000 0.000 0.121 0 1 0 0 0 0
 8871 189760.000 78291.000 0 0 54.000 34.000 1836.000 42.848 0 1 192 200 0 0
 8872 190551.000 81334.000 0 0 54.000 34.000 1836.000 42.848 0 1 197 200 0 0
 8873 192045.000 92701.000 0 0 0.000 0.000 0.000 0.121 0 1 0 0 0 0
 8874 192234.000 105201.000 0 0 50.000 26.000 1300.000 36.055 0 1 248 200 0 0
 8875 191406.000 113485.000 0 0 52.000 30.000 1560.000 39.496 0 1 265 200 0 0
 8876 189751.000 122044.000 0 0 54.000 34.000 1836.000 42.848 0 1 285 200 0 0
 8877 188921.000 125209.000 0 0 56.000 36.000 2016.000 44.899 0 1 285 200 0 0
 8878 188623.000 126326.000 0 0 54.000 38.000 2052.000 45.299 0 1 285 200 0 0
 8879 188439.000 126695.000 0 0 54.000 38.000 2052.000 45.299 0 1 285 200 0 0
 8880 187981.000 128238.000 0 0 54.000 38.000 2052.000 45.299 0 1 285 200 0 0
 8881 187277.000 130558.000 0 0 54.000 40.000 2160.000 46.475 0 1 296 200 0 0
 8882 184917.000 136454.000 0 0 0.000 0.000 0.000 0.122 0 1 0 0 0 0
 8883 183451.000 139932.000 0 0 0.000 0.000 0.000 0.121 0 1 0 0 0 0
 8884 181995.000 142715.000 0 0 0.000 0.000 0.000 0.120 0 1 0 0 0 0
 8885 180918.000 144777.000 0 0 54.000 46.000 2484.000 49.839 0 1 330 200 0 0
 8886 180265.000 145969.000 0 0 0.000 0.000 0.000 0.121 0 1 0 0 0 0
 8887 175970.000 152754.000 0 0 54.000 48.000 2592.000 50.911 0 1 350 200 0 0
 8888 175729.000 153147.000 0 0 54.000 48.000 2592.000 50.911 0 1 350 200 0 0
 8889 170123.000 160415.000 0 0 52.000 52.000 2704.000 52.000 0 1 380 200 0 0
 8890 169108.000 161496.000 0 0 52.000 50.000 2600.000 50.990 0 1 380 200 0 0
 8891 156880.000 173006.000 0 0 0.000 0.000 0.000 0.120 0 1 0 0 0 0
 8892 148591.000 178726.000 0 0 0.000 0.000 0.000 0.120 0 1 0 0 0 0
 8893 144529.000 181141.000 0 0 46.000 54.000 2484.000 49.839 0 1 443 200 0 0
 8894 141803.000 182571.000 0 0 44.000 56.000 2464.000 49.638 0 1 443 200 0 0
 8895 135681.000 185383.000 0 0 0.000 0.000 0.000 0.124 0 1 0 0 0 0
 8896 131838.000 186888.000 0 0 40.000 56.000 2240.000 47.328 0 1 508 210 0 0
 8897 53383.000 179831.000 0 0 46.000 56.000 2576.000 50.754 0 1 475 200 0 0
 8898 47401.000 176045.000 0 0 0.000 0.000 0.000 0.122 0 1 0 0 0 0
 8899 43083.000 172841.000 0 0 50.000 54.000 2700.000 51.961 0 1 425 200 0 0
 8900 42941.000 172715.000 0 0 50.000 54.000 2700.000 51.961 0 1 425 200 0 0
 8901 42542.000 172398.000 0 0 50.000 54.000 2700.000 51.961 0 1 425 200 0 0
 8902 41912.000 171882.000 0 0 50.000 54.000 2700.000 51.961 0 1 425 200 0 0
 8903 41352.000 171477.000 0 0 50.000 54.000 2700.000 51.961 0 1 425 200 0 0
 8904 35617.000 166496.000 0 0 0.000 0.000 0.000 0.128 0 1 0 0 0 0
 8905 32809.000 163468.000 0 0 54.000 52.000 2808.000 52.990 0 1 391 200 0 0
 8906 31698.000 162211.000 0 0 54.000 50.000 2700.000 51.961 0 1 381 200 0 0
 8907 28873.000 158961.000 0 0 0.000 0.000 0.000 0.121 0 1 0 0 0 0
 8908 27022.000 156712.000 0 0 54.000 50.000 2700.000 51.961 0 1 357 200 0 0
 8909 26521.000 156020.000 0 0 54.000 50.000 2700.000 51.961 0 1 357 200 0 0
 8910 22686.000 150579.000 0 0 54.000 48.000 2592.000 50.911 0 1 345 200 0 0
 8911 21077.000 147989.000 0 0 0.000 0.000 0.000 0.121 0 1 0 0 0 0
 8912 18374.000 143237.000 0 0 56.000 44.000 2464.000 49.638 0 1 323 200 0 0
 8913 17820.000 142093.000 0 0 56.000 44.000 2464.000 49.638 0 1 323 200 0 0
 8914 8886.000 114540.000 0 0 0.000 0.000 0.000 0.122 0 1 0 0 0 0
 8915 8671.000 113091.000 0 0 0.000 0.000 0.000 0.121 0 1 0 0 0 0
 8916 8396.000 110975.000 0 0 52.000 28.000 1456.000 38.157 0 1 262 200 0 0
 8917 7783.000 97854.000 0 0 50.000 24.000 1200.000 34.641 0 1 229 200 0 0
 8918 9633.000 81589.000 0 0 0.000 0.000 0.000 0.120 0 1 0 0 0 0
 8919 12812.000 70143.000 0 0 0.000 0.000 0.000 0.120 0 1 0 0 0 0
 8920 18535.000 56891.000 0 0 0.000 0.000 0.000 0.121 0 1 0 0 0 0
 8921 19977.000 54298.000 0 0 0.000 0.000 0.000 0.120 0 1 0 0 0 0
 8922 21352.000 51969.000 0 0 0.000 0.000 0.000 0.120 0 1 0 0 0 0
 8923 22655.000 49923.000 0 0 54.000 48.000 2592.000 50.911 0 1 129 200 0 0
 8924 23073.000 49280.000 0 0 54.000 48.000 2592.000 50.911 0 1 129 200 0 0
 8925 25724.000 45451.000 0 0 0.000 0.000 0.000 0.120 0 1 0 0 0 0
 8926 27469.000 43201.000 0 0 0.000 0.000 0.000 0.122 0 1 0 0 0 0
 8927 30411.000 39549.000 0 0 52.000 52.000 2704.000 52.000 0 1 109 200 0 0
 8928 30573.000 39438.000 0 0 52.000 52.000 2704.000 52.000 0 1 109 200 0 0
 8929 38183.000 31579.000 0 0 50.000 54.000 2700.000 51.961 0 1 90 210 0 0
 8930 52543.000 21039.000 0 0 0.000 0.000 0.000 0.124 0 1 0 0 0 0
 8931 55416.000 19374.000 0 0 0.000 0.000 0.000 0.120 0 1 0 0 0 0
 8932 61542.000 16310.000 0 0 42.000 56.000 2352.000 48.497 0 1 24 200 0 0
 8933 68506.000 13422.000 0 0 0.000 0.000 0.000 0.122 0 1 0 0 0 0
 8934 75022.000 11316.000 0 0 0.000 0.000 0.000 0.120 0 1 0 0 0 0
 8935 88486.000 8580.000 0 0 0.000 0.000 0.000 0.122 0 1 0 0 0 0
 8936 89378.000 8467.000 0 0 0.000 0.000 0.000 0.120 0 1 0 0 0 0
 8937 91925.000 8204.000 0 0 28.000 52.000 1456.000 38.157 0 1 4 200 0 0
 8938 92564.000 8127.000 0 0 28.000 50.000 1400.000 37.416 0 1 4 200 0 0
 8939 95146.000 7989.000 0 0 0.000 0.000 0.000 0.121 0 1 0 0 0 0
 8940 99559.000 7840.000 0 0 24.000 51.000 1224.000 34.985 0 1 2 200 0 0
 8941 99963.000 7841.000 0 0 24.000 51.000 1224.000 34.985 0 1 2 200 0 0
 8942 100474.000 7828.000 0 0 24.000 51.000 1224.000 34.985 0 1 2 200 0 0
 8943 109643.000 8344.000 0 0 0.000 0.000 0.000 0.121 0 1 0 0 0 0
 8944 111825.000 8595.000 0 0 0.000 0.000 0.000 0.120 0 1 0 0 0 0
 8945 119369.000 9895.000 0 0 0.000 0.000 0.000 0.120 0 1 0 0 0 0
 8946 119626.000 9937.000 0 0 0.000 0.000 0.000 0.121 0 1 0 0 0 0
 8947 125254.000 11326.000 0 0 0.000 0.000 0.000 0.121 0 1 0 0 0 0
 8948 153420.000 24799.000 0 0 0.000 0.000 0.000 0.120 0 1 0 0 0 0
 8949 155821.000 26549.000 0 0 50.000 54.000 2700.000 51.961 0 1 45 200 0 0
 8950 156978.000 27391.000 0 0 50.000 54.000 2700.000 51.961 0 1 45 200 0 0
 8951 161386.000 31035.000 0 0 50.000 52.000 2600.000 50.990 0 1 87 200 0 0
 8952 165067.000 34467.000 0 0 52.000 52.000 2704.000 52.000 0 1 59 210 0 0
 8953 166673.000 36096.000 0 0 54.000 52.000 2808.000 52.990 0 1 59 210 0 0
 8954 168384.000 37983.000 0 0 54.000 50.000 2700.000 51.961 0 1 59 210 0 0
 8955 170477.000 40325.000 0 0 54.000 52.000 2808.000 52.990 0 1 59 210 0 0
 8956 173039.000 43472.000 0 0 54.000 50.000 2700.000 51.961 0 1 117 200 0 0
 8957 176321.000 47927.000 0 0 54.000 48.000 2592.000 50.911 0 1 124 200 0 0
 8958 176790.000 48716.000 0 0 0.000 0.000 0.000 0.120 0 1 0 0 0 0
 8959 184520.000 62620.000 0 0 0.000 0.000 0.000 0.123 0 1 0 0 0 0
 8960 186568.000 67541.000 0 0 0.000 0.000 0.000 0.121 0 1 0 0 0 0
 8961 191556.000 86730.000 0 0 52.000 30.000 1560.000 39.496 0 1 213 200 0 0
 8962 191565.000 87011.000 0 0 52.000 30.000 1560.000 39.496 0 1 213 200 0 0
 8963 192404.000 95473.000 0 0 50.000 26.000 1300.000 36.055 0 1 223 200 0 0
 8964 192407.000 95814.000 0 0 50.000 26.000 1300.000 36.055 0 1 223 200 0 0
 8965 192468.000 97518.000 0 0 0.000 0.000 0.000 0.120 0 1 0 0 0 0
 8966 192641.000 103004.000 0 0 50.000 24.000 1200.000 34.641 0 1 237 200 0 0
 8967 192453.000 103101.000 0 0 50.000 24.000 1200.000 34.641 0 1 237 200 0 0
 8968 191686.000 113005.000 0 0 52.000 30.000 1560.000 39.496 0 1 265 200 0 0
 8969 190140.000 121268.000 0 0 54.000 34.000 1836.000 42.848 0 1 285 200 0 0
 8970 189312.000 124445.000 0 0 56.000 36.000 2016.000 44.899 0 1 285 200 0 0
 8971 188966.000 125738.000 0 0 56.000 36.000 2016.000 44.899 0 1 285 200 0 0
 8972 188608.000 127093.000 0 0 54.000 38.000 2052.000 45.299 0 1 285 200 0 0
 8973 188132.000 128490.000 0 0 54.000 38.000 2052.000 45.299 0 1 285 200 0 0
 8974 186788.000 132331.000 0 0 0.000 0.000 0.000 0.122 0 1 0 0 0 0
 8975 183138.000 140872.000 0 0 0.000 0.000 0.000 0.124 0 1 0 0 0 0
 8976 178644.000 149001.000 0 0 56.000 48.000 2688.000 51.845 0 1 340 210 0 0
 8977 176411.000 152407.000 0 0 54.000 48.000 2592.000 50.911 0 1 350 200 0 0
 8978 173555.000 156452.000 0 0 54.000 50.000 2700.000 51.961 0 1 340 210 0 0
 8979 169538.000 161268.000 0 0 52.000 52.000 2704.000 52.000 0 1 380 200 0 0
 8980 165126.000 165944.000 0 0 0.000 0.000 0.000 0.122 0 1 0 0 0 0
 8981 161439.000 169397.000 0 0 50.000 52.000 2600.000 50.990 0 1 424 200 0 0
 8982 161312.000 169581.000 0 0 52.000 52.000 2704.000 52.000 0 1 424 200 0 0
 8983 154085.000 175263.000 0 0 0.000 0.000 0.000 0.120 0 1 0 0 0 0
 8984 147650.000 179549.000 0 0 0.000 0.000 0.000 0.123 0 1 0 0 0 0
 8985 128892.000 188106.000 0 0 0.000 0.000 0.000 0.121 0 1 0 0 0 0
 8986 128558.000 188184.000 0 0 0.000 0.000 0.000 0.120 0 1 0 0 0 0
 8987 122675.000 189915.000 0 0 0.000 0.000 0.000 0.124 0 1 0 0 0 0
 8988 56573.000 181857.000 0 0 44.000 56.000 2464.000 49.638 0 1 486 200 0 0
 8989 55248.000 181146.000 0 0 0.000 0.000 0.000 0.124 0 1 0 0 0 0
 8990 39898.000 170479.000 0 0 0.000 0.000 0.000 0.121 0 1 0 0 0 0
 8991 31521.000 162329.000 0 0 54.000 50.000 2700.000 51.961 0 1 381 200 0 0
 8992 26006.000 155587.000 0 0 54.000 50.000 2700.000 51.961 0 1 357 200 0 0
 8993 22761.000 151006.000 0 0 54.000 48.000 2592.000 50.911 0 1 345 200 0 0
 8994 20880.000 147947.000 0 0 0.000 0.000 0.000 0.121 0 1 0 0 0 0
 8995 17749.000 142368.000 0 0 56.000 44.000 2464.000 49.638 0 1 323 200 0 0
 8996 17497.000 141854.000 0 0 56.000 44.000 2464.000 49.638 0 1 323 200 0 0
 8997 17005.000 140906.000 0 0 0.000 0.000 0.000 0.122 0 1 0 0 0 0
 8998 8475.000 112618.000 0 0 0.000 0.000 0.000 0.126 0 1 0 0 0 0
 8999 7573.000 98589.000 0 0 0.000 0.000 0.000 0.124 0 1 0 0 0 0
 9000 7656.000 96214.000 0 0 50.000 26.000 1300.000 36.055 0 1 226 200 0 0
 9001 7713.000 95257.000 0 0 50.000 26.000 1300.000 36.055 0 1 226 200 0 0
 9002 8271.000 88980.000 0 0 52.000 28.000 1456.000 38.157 0 1 214 200 0 0
 9003 10845.000 75801.000 0 0 56.000 36.000 2016.000 44.899 0 1 190 200 0 0
 9004 11306.000 74138.000 0 0 0.000 0.000 0.000 0.121 0 1 0 0 0 0
 9005 13119.000 68630.000 0 0 0.000 0.000 0.000 0.120 0 1 0 0 0 0
 9006 28921.000 41000.000 0 0 0.000 0.000 0.000 0.120 0 1 0 0 0 0
 9007 31538.000 38042.000 0 0 0.000 0.000 0.000 0.122 0 1 0 0 0 0
 9008 33115.000 36389.000 0 0 54.000 52.000 2808.000 52.990 0 1 98 200 0 0
 9009 43659.000 26868.000 0 0 0.000 0.000 0.000 0.120 0 1 0 0 0 0
 9010 45394.000 25572.000 0 0 48.000 56.000 2688.000 51.845 0 1 60 200 0 0
 9011 51843.000 21270.000 0 0 0.000 0.000 0.000 0.122 0 1 0 0 0 0
 9012 52913.000 20621.000 0 0 0.000 0.000 0.000 0.120 0 1 0 0 0 0
 9013 59904.000 16868.000 0 0 0.000 0.000 0.000 0.122 0 1 0 0 0 0
 9014 61296.000 16219.000 0 0 42.000 56.000 2352.000 48.497 0 1 24 200 0 0
 9015 70729.000 12461.000 0 0 0.000 0.000 0.000 0.121 0 1 0 0 0 0
 9016 72145.000 12013.000 0 0 0.000 0.000 0.000 0.120 0 1 0 0 0 0
 9017 83079.000 9262.000 0 0 0.000 0.000 0.000 0.122 0 1 0 0 0 0
 9018 96559.000 7726.000 0 0 24.000 50.000 1200.000 34.641 0 1 3 200 0 0
 9019 97265.000 7727.000 0 0 24.000 50.000 1200.000 34.641 0 1 3 200 0 0
 9020 98813.000 7671.000 0 0 24.000 51.000 1224.000 34.985 0 1 2 200 0 0
 9021 99230.000 7655.000 0 0 24.000 51.000 1224.000 34.985 0 1 2 200 0 0
 9022 102198.000 7682.000 0 0 0.000 0.000 0.000 0.120 0 1 0 0 0 0
 9023 109377.000 8112.000 0 0 0.000 0.000 0.000 0.120 0 1 0 0 0 0
 9024 112125.000 8455.000 0 0 0.000 0.000 0.000 0.120 0 1 0 0 0 0
 9025 113506.000 8639.000 0 0 0.000 0.000 0.000 0.122 0 1 0 0 0 0
 9026 113526.000 8658.000 0 0 0.000 0.000 0.000 0.121 0 1 0 0 0 0
 9027 116715.000 9171.000 0 0 0.000 0.000 0.000 0.123 0 1 0 0 0 0
 9028 120831.000 10018.000 0 0 0.000 0.000 0.000 0.120 0 1 0 0 0 0
 9029 121077.000 10090.000 0 0 0.000 0.000 0.000 0.121 0 1 0 0 0 0
 9030 144687.000 19102.000 0 0 0.000 0.000 0.000 0.121 0 1 0 0 0 0
 9031 157538.000 27440.000 0 0 50.000 54.000 2700.000 51.961 0 1 45 200 0 0
 9032 162908.000 32227.000 0 0 52.000 54.000 2808.000 52.990 0 1 59 210 0 0
 9033 163534.000 32741.000 0 0 52.000 54.000 2808.000 52.990 0 1 59 210 0 0
 9034 164461.000 33680.000 0 0 52.000 52.000 2704.000 52.000 0 1 59 210 0 0
 9035 168186.000 37442.000 0 0 54.000 50.000 2700.000 51.961 0 1 59 210 0 0
 9036 174638.000 45275.000 0 0 0.000 0.000 0.000 0.123 0 1 0 0 0 0
 9037 176107.000 47271.000 0 0 54.000 48.000 2592.000 50.911 0 1 124 200 0 0
 9038 178478.000 50888.000 0 0 56.000 48.000 2688.000 51.845 0 1 135 200 0 0
 9039 178890.000 51530.000 0 0 56.000 48.000 2688.000 51.845 0 1 135 200 0 0
 9040 190804.000 80841.000 0 0 54.000 34.000 1836.000 42.848 0 1 197 200 0 0
 9041 190699.000 80945.000 0 0 54.000 34.000 1836.000 42.848 0 1 197 200 0 0
 9042 191355.000 83786.000 0 0 54.000 32.000 1728.000 41.569 0 1 197 200 0 0
 9043 192443.000 93114.000 0 0 0.000 0.000 0.000 0.120 0 1 0 0 0 0
 9044 192614.000 95377.000 0 0 50.000 26.000 1300.000 36.055 0 1 223 200 0 0
 9045 192589.000 104965.000 0 0 50.000 26.000 1300.000 36.055 0 1 248 200 0 0
 9046 192536.000 105875.000 0 0 50.000 26.000 1300.000 36.055 0 1 248 200 0 0
 9047 192336.000 108370.000 0 0 52.000 28.000 1456.000 38.157 0 1 254 200 0 0
 9048 192213.000 109611.000 0 0 52.000 28.000 1456.000 38.157 0 1 261 200 0 0
 9049 191447.000 115330.000 0 0 0.000 0.000 0.000 0.121 0 1 0 0 0 0
 9050 190979.000 118046.000 0 0 0.000 0.000 0.000 0.122 0 1 0 0 0 0
 9051 190449.000 120502.000 0 0 0.000 0.000 0.000 0.120 0 1 0 0 0 0
 9052 188628.000 127401.000 0 0 54.000 38.000 2052.000 45.299 0 1 285 200 0 0
 9053 184797.000 137662.000 0 0 54.000 42.000 2268.000 47.623 0 1 311 200 0 0
 9054 184918.000 137774.000 0 0 54.000 42.000 2268.000 47.623 0 1 311 200 0 0
 9055 181635.000 144164.000 0 0 54.000 44.000 2376.000 48.744 0 1 329 200 0 0
 9056 177135.000 151644.000 0 0 0.000 0.000 0.000 0.122 0 1 0 0 0 0
 9057 176491.000 152613.000 0 0 54.000 48.000 2592.000 50.911 0 1 350 200 0 0
 9058 176197.000 153035.000 0 0 54.000 48.000 2592.000 50.911 0 1 350 200 0 0
 9059 175101.000 154549.000 0 0 56.000 48.000 2688.000 51.845 0 1 340 210 0 0
 9060 174437.000 155450.000 0 0 0.000 0.000 0.000 0.120 0 1 0 0 0 0
 9061 168927.000 162226.000 0 0 54.000 50.000 2700.000 51.961 0 1 380 200 0 0
 9062 168470.000 162741.000 0 0 54.000 50.000 2700.000 51.961 0 1 380 200 0 0
 9063 166418.000 164901.000 0 0 52.000 52.000 2704.000 52.000 0 1 392 210 0 0
 9064 156910.000 173405.000 0 0 0.000 0.000 0.000 0.126 0 1 0 0 0 0
 9065 144739.000 181431.000 0 0 46.000 54.000 2484.000 49.839 0 1 443 200 0 0
 9066 139062.000 184252.000 0 0 0.000 0.000 0.000 0.121 0 1 0 0 0 0
 9067 137918.000 184782.000 0 0 0.000 0.000 0.000 0.122 0 1 0 0 0 0
 9068 125318.000 189378.000 0 0 36.000 56.000 2016.000 44.899 0 1 498 200 0 0
 9069 58455.000 183027.000 0 0 0.000 0.000 0.000 0.120 0 1 0 0 0 0
 9070 57429.000 182469.000 0 0 0.000 0.000 0.000 0.122 0 1 0 0 0 0
 9071 53761.000 180449.000 0 0 46.000 54.000 2484.000 49.839 0 1 475 200 0 0
 9072 52432.000 179694.000 0 0 0.000 0.000 0.000 0.120 0 1 0 0 0 0
 9073 51630.000 179185.000 0 0 0.000 0.000 0.000 0.120 0 1 0 0 0 0
 9074 44889.000 174595.000 0 0 0.000 0.000 0.000 0.120 0 1 0 0 0 0
 9075 36032.000 167216.000 0 0 0.000 0.000 0.000 0.127 0 1 0 0 0 0
 9076 33287.000 164414.000 0 0 52.000 52.000 2704.000 52.000 0 1 391 200 0 0
 9077 31960.000 163004.000 0 0 54.000 50.000 2700.000 51.961 0 1 381 200 0 0
 9078 29567.000 160341.000 0 0 52.000 52.000 2704.000 52.000 0 1 379 200 0 0
 9079 26965.000 157139.000 0 0 54.000 50.000 2700.000 51.961 0 1 357 200 0 0
 9080 23081.000 151759.000 0 0 54.000 46.000 2484.000 49.839 0 1 345 200 0 0
 9081 17757.000 142748.000 0 0 56.000 44.000 2464.000 49.638 0 1 323 200 0 0
 9082 14949.000 136834.000 0 0 0.000 0.000 0.000 0.120 0 1 0 0 0 0
 9083 14850.000 136660.000 0 0 0.000 0.000 0.000 0.122 0 1 0 0 0 0
 9084 12924.000 131711.000 0 0 0.000 0.000 0.000 0.121 0 1 0 0 0 0
 9085 11997.000 129413.000 0 0 0.000 0.000 0.000 0.124 0 1 0 0 0 0
 9086 11205.000 126330.000 0 0 0.000 0.000 0.000 0.120 0 1 0 0 0 0
 9087 9884.000 121410.000 0 0 0.000 0.000 0.000 0.124 0 1 0 0 0 0
 9088 8332.000 114001.000 0 0 0.000 0.000 0.000 0.121 0 1 0 0 0 0
 9089 7454.000 97437.000 0 0 50.000 24.000 1200.000 34.641 0 1 229 200 0 0
 9090 8379.000 86782.000 0 0 0.000 0.000 0.000 0.120 0 1 0 0 0 0
 9091 8692.000 84712.000 0 0 0.000 0.000 0.000 0.120 0 1 0 0 0 0
 9092 9808.000 79298.000 0 0 54.000 34.000 1836.000 42.848 0 1 196 200 0 0
 9093 10824.000 75329.000 0 0 56.000 36.000 2016.000 44.899 0 1 190 200 0 0
 9094 13675.000 66791.000 0 0 0.000 0.000 0.000 0.122 0 1 0 0 0 0
 9095 20268.000 53113.000 0 0 0.000 0.000 0.000 0.120 0 1 0 0 0 0
 9096 21011.000 51786.000 0 0 0.000 0.000 0.000 0.121 0 1 0 0 0 0
 9097 21772.000 50410.000 0 0 56.000 48.000 2688.000 51.845 0 1 129 200 0 0
 9098 23449.000 48096.000 0 0 0.000 0.000 0.000 0.121 0 1 0 0 0 0
 9099 33121.000 36131.000 0 0 54.000 52.000 2808.000 52.990 0 1 98 200 0 0
 9100 33534.000 35732.000 0 0 52.000 52.000 2704.000 52.000 0 1 98 200 0 0
 9101 33737.000 35483.000 0 0 52.000 52.000 2704.000 52.000 0 1 98 200 0 0
 9102 35670.000 33557.000 0 0 0.000 0.000 0.000 0.121 0 1 0 0 0 0
 9103 36618.000 32657.000 0 0 0.000 0.000 0.000 0.123 0 1 0 0 0 0
 9104 40796.000 28955.000 0 0 0.000 0.000 0.000 0.122 0 1 0 0 0 0
 9105 44681.000 25922.000 0 0 48.000 56.000 2688.000 51.845 0 1 60 200 0 0
 9106 46410.000 24642.000 0 0 48.000 54.000 2592.000 50.911 0 1 53 210 0 0
 9107 67452.000 13465.000 0 0 0.000 0.000 0.000 0.120 0 1 0 0 0 0
 9108 73246.000 11482.000 0 0 0.000 0.000 0.000 0.120 0 1 0 0 0 0
 9109 90713.000 7989.000 0 0 0.000 0.000 0.000 0.120 0 1 0 0 0 0
 9110 92216.000 7859.000 0 0 28.000 52.000 1456.000 38.157 0 1 4 200 0 0
 9111 92969.000 7804.000 0 0 26.000 50.000 1300.000 36.055 0 1 4 200 0 0
 9112 93128.000 7781.000 0 0 26.000 50.000 1300.000 36.055 0 1 4 200 0 0
 9113 100382.000 7517.000 0 0 24.000 51.000 1224.000 34.985 0 1 2 200 0 0
 9114 104931.000 7648.000 0 0 0.000 0.000 0.000 0.123 0 1 0 0 0 0
 9115 154804.000 25336.000 0 0 48.000 56.000 2688.000 51.845 0 1 45 200 0 0
 9116 155818.000 26051.000 0 0 50.000 54.000 2700.000 51.961 0 1 45 200 0 0
 9117 156698.000 26760.000 0 0 50.000 54.000 2700.000 51.961 0 1 45 200 0 0
 9118 161438.000 30647.000 0 0 50.000 52.000 2600.000 50.990 0 1 87 200 0 0
 9119 165105.000 34068.000 0 0 52.000 52.000 2704.000 52.000 0 1 59 210 0 0
 9120 166495.000 35501.000 0 0 52.000 52.000 2704.000 52.000 0 1 59 210 0 0
 9121 167266.000 36228.000 0 0 54.000 52.000 2808.000 52.990 0 1 59 210 0 0
 9122 167546.000 36581.000 0 0 54.000 52.000 2808.000 52.990 0 1 59 210 0 0
 9123 167996.000 37044.000 0 0 54.000 50.000 2700.000 51.961 0 1 59 210 0 0
 9124 170865.000 40018.000 0 0 54.000 52.000 2808.000 52.990 0 1 59 210 0 0
 9125 171001.000 40417.000 0 0 54.000 52.000 2808.000 52.990 0 1 59 210 0 0
 9126 181187.000 55006.000 0 0 54.000 46.000 2484.000 49.839 0 1 142 200 0 0
 9127 181560.000 55837.000 0 0 54.000 44.000 2376.000 48.744 0 1 142 200 0 0
 9128 181967.000 56568.000 0 0 56.000 44.000 2464.000 49.638 0 1 142 200 0 0
 9129 182312.000 57346.000 0 0 56.000 44.000 2464.000 49.638 0 1 142 200 0 0
 9130 186185.000 65661.000 0 0 0.000 0.000 0.000 0.121 0 1 0 0 0 0
 9131 191280.000 83172.000 0 0 54.000 32.000 1728.000 41.569 0 1 197 200 0 0
 9132 191402.000 83706.000 0 0 54.000 32.000 1728.000 41.569 0 1 197 200 0 0
 9133 191961.000 86319.000 0 0 52.000 30.000 1560.000 39.496 0 1 213 200 0 0
 9134 191865.000 86523.000 0 0 52.000 30.000 1560.000 39.496 0 1 213 200 0 0
 9135 192226.000 89260.000 0 0 0.000 0.000 0.000 0.121 0 1 0 0 0 0
 9136 192458.000 91360.000 0 0 0.000 0.000 0.000 0.122 0 1 0 0 0 0
 9137 192567.000 92569.000 0 0 0.000 0.000 0.000 0.121 0 1 0 0 0 0
 9138 192685.000 94585.000 0 0 50.000 26.000 1300.000 36.055 0 1 223 200 0 0
 9139 192718.000 94708.000 0 0 50.000 26.000 1300.000 36.055 0 1 223 200 0 0
 9140 192833.000 97382.000 0 0 0.000 0.000 0.000 0.120 0 1 0 0 0 0
 9141 192852.000 102682.000 0 0 50.000 24.000 1200.000 34.641 0 1 237 200 0 0
 9142 192792.000 104032.000 0 0 50.000 26.000 1300.000 36.055 0 1 248 200 0 0
 9143 192759.000 104868.000 0 0 50.000 26.000 1300.000 36.055 0 1 248 200 0 0
 9144 190573.000 120666.000 0 0 0.000 0.000 0.000 0.123 0 1 0 0 0 0
 9145 189676.000 124411.000 0 0 56.000 36.000 2016.000 44.899 0 1 285 200 0 0
 9146 187743.000 130664.000 0 0 54.000 40.000 2160.000 46.475 0 1 296 200 0 0
 9147 187699.000 130728.000 0 0 54.000 40.000 2160.000 46.475 0 1 296 200 0 0
 9148 187549.000 131261.000 0 0 56.000 40.000 2240.000 47.328 0 1 296 200 0 0
 9149 185884.000 135923.000 0 0 0.000 0.000 0.000 0.122 0 1 0 0 0 0
 9150 184540.000 138705.000 0 0 54.000 42.000 2268.000 47.623 0 1 311 200 0 0
 9151 181491.000 144818.000 0 0 54.000 46.000 2484.000 49.839 0 1 329 200 0 0
 9152 180157.000 147105.000 0 0 0.000 0.000 0.000 0.120 0 1 0 0 0 0
 9153 178179.000 150426.000 0 0 56.000 48.000 2688.000 51.845 0 1 340 210 0 0
 9154 176513.000 152934.000 0 0 54.000 48.000 2592.000 50.911 0 1 350 200 0 0
 9155 171981.000 158864.000 0 0 54.000 50.000 2700.000 51.961 0 1 340 210 0 0
 9156 169843.000 161653.000 0 0 52.000 50.000 2600.000 50.990 0 1 380 200 0 0
 9157 168315.000 163195.000 0 0 54.000 50.000 2700.000 51.961 0 1 380 200 0 0
 9158 168235.000 163273.000 0 0 54.000 50.000 2700.000 51.961 0 1 380 200 0 0
 9159 166175.000 165422.000 0 0 52.000 52.000 2704.000 52.000 0 1 392 210 0 0
 9160 164770.000 166945.000 0 0 52.000 52.000 2704.000 52.000 0 1 412 200 0 0
 9161 162959.000 168495.000 0 0 50.000 54.000 2700.000 51.961 0 1 420 200 0 0
 9162 161844.000 169504.000 0 0 50.000 52.000 2600.000 50.990 0 1 424 200 0 0
 9163 160333.000 170824.000 0 0 52.000 54.000 2808.000 52.990 0 1 427 200 0 0
 9164 149868.000 178550.000 0 0 0.000 0.000 0.000 0.122 0 1 0 0 0 0
 9165 144574.000 181693.000 0 0 44.000 54.000 2376.000 48.744 0 1 443 200 0 0
 9166 136765.000 185484.000 0 0 0.000 0.000 0.000 0.120 0 1 0 0 0 0
 9167 45784.000 175524.000 0 0 0.000 0.000 0.000 0.122 0 1 0 0 0 0
 9168 36294.000 167683.000 0 0 0.000 0.000 0.000 0.120 0 1 0 0 0 0
 9169 33670.000 165065.000 0 0 52.000 52.000 2704.000 52.000 0 1 391 200 0 0
 9170 32199.000 163498.000 0 0 54.000 52.000 2808.000 52.990 0 1 391 200 0 0
 9171 22411.000 151024.000 0 0 54.000 48.000 2592.000 50.911 0 1 345 200 0 0
 9172 16301.000 140225.000 0 0 0.000 0.000 0.000 0.120 0 1 0 0 0 0
 9173 15993.000 139853.000 0 0 0.000 0.000 0.000 0.123 0 1 0 0 0 0
 9174 11940.000 129407.000 0 0 0.000 0.000 0.000 0.121 0 1 0 0 0 0
 9175 175003.000 46603.000 0 0 54.000 48.000 2592.000 50.911 0 1 124 200 0 0
 9176 11435.000 127821.000 0 0 0.000 0.000 0.000 0.121 0 1 0 0 0 0
 9177 10463.000 124410.000 0 0 0.000 0.000 0.000 0.123 0 1 0 0 0 0
 9178 9077.000 118510.000 0 0 0.000 0.000 0.000 0.120 0 1 0 0 0 0
 9179 8012.000 111857.000 0 0 52.000 30.000 1560.000 39.496 0 1 262 200 0 0
 9180 7574.000 108203.000 0 0 0.000 0.000 0.000 0.122 0 1 0 0 0 0
 9181 7357.000 105019.000 0 0 0.000 0.000 0.000 0.121 0 1 0 0 0 0
 9182 7291.000 97601.000 0 0 50.000 24.000 1200.000 34.641 0 1 229 200 0 0
 9183 9458.000 80013.000 0 0 54.000 34.000 1836.000 42.848 0 1 196 200 0 0
 9184 11780.000 71530.000 0 0 0.000 0.000 0.000 0.120 0 1 0 0 0 0
 9185 15797.000 61325.000 0 0 0.000 0.000 0.000 0.122 0 1 0 0 0 0
 9186 23201.000 48137.000 0 0 0.000 0.000 0.000 0.121 0 1 0 0 0 0
 9187 25413.000 45034.000 0 0 0.000 0.000 0.000 0.120 0 1 0 0 0 0
 9188 41527.000 28170.000 0 0 0.000 0.000 0.000 0.120 0 1 0 0 0 0
 9189 46659.000 24263.000 0 0 48.000 54.000 2592.000 50.911 0 1 53 210 0 0
 9190 47393.000 23697.000 0 0 48.000 54.000 2592.000 50.911 0 1 53 210 0 0
 9191 123447.000 10316.000 0 0 36.000 56.000 2016.000 44.899 0 1 10 200 0 0
 9192 140875.000 16586.000 0 0 0.000 0.000 0.000 0.124 0 1 0 0 0 0
 9193 143344.000 18022.000 0 0 0.000 0.000 0.000 0.120 0 1 0 0 0 0
 9194 146179.000 19550.000 0 0 0.000 0.000 0.000 0.120 0 1 0 0 0 0
 9195 158762.000 28182.000 0 0 50.000 54.000 2700.000 51.961 0 1 66 200 0 0
 9196 160659.000 29739.000 0 0 0.000 0.000 0.000 0.122 0 1 0 0 0 0
 9197 161390.000 30411.000 0 0 50.000 52.000 2600.000 50.990 0 1 87 200 0 0
 9198 162680.000 31555.000 0 0 50.000 54.000 2700.000 51.961 0 1 59 210 0 0
 9199 165419.000 34137.000 0 0 52.000 52.000 2704.000 52.000 0 1 59 210 0 0
 9200 165627.000 34161.000 0 0 52.000 52.000 2704.000 52.000 0 1 59 210 0 0
 9201 166794.000 35514.000 0 0 52.000 52.000 2704.000 52.000 0 1 59 210 0 0
 9202 171954.000 41308.000 0 0 54.000 50.000 2700.000 51.961 0 1 114 200 0 0
 9203 175092.000 45317.000 0 0 0.000 0.000 0.000 0.120 0 1 0 0 0 0
 9204 176794.000 47759.000 0 0 54.000 48.000 2592.000 50.911 0 1 124 200 0 0
 9205 180401.000 53399.000 0 0 0.000 0.000 0.000 0.120 0 1 0 0 0 0
 9206 182317.000 56972.000 0 0 56.000 44.000 2464.000 49.638 0 1 142 200 0 0
 9207 183993.000 60242.000 0 0 0.000 0.000 0.000 0.121 0 1 0 0 0 0
 9208 186910.000 67020.000 0 0 0.000 0.000 0.000 0.120 0 1 0 0 0 0
 9209 190354.000 78090.000 0 0 54.000 34.000 1836.000 42.848 0 1 192 200 0 0
 9210 191744.000 84902.000 0 0 52.000 32.000 1664.000 40.792 0 1 197 200 0 0
 9211 192234.000 87657.000 0 0 0.000 0.000 0.000 0.121 0 1 0 0 0 0
 9212 192455.000 89786.000 0 0 52.000 28.000 1456.000 38.157 0 1 216 200 0 0
 9213 192622.000 91299.000 0 0 0.000 0.000 0.000 0.121 0 1 0 0 0 0
 9214 192866.000 94285.000 0 0 50.000 26.000 1300.000 36.055 0 1 223 200 0 0
 9215 193072.000 95684.000 0 0 50.000 26.000 1300.000 36.055 0 1 223 200 0 0
 9216 193064.000 97901.000 0 0 0.000 0.000 0.000 0.122 0 1 0 0 0 0
 9217 193020.000 98076.000 0 0 0.000 0.000 0.000 0.121 0 1 0 0 0 0
 9218 193059.000 99663.000 0 0 51.000 24.000 1224.000 34.985 0 1 232 200 0 0
 9219 192833.000 107121.000 0 0 50.000 26.000 1300.000 36.055 0 1 254 200 0 0
 9220 192677.000 108651.000 0 0 52.000 28.000 1456.000 38.157 0 1 254 200 0 0
 9221 192574.000 109832.000 0 0 52.000 28.000 1456.000 38.157 0 1 261 200 0 0
 9222 192593.000 110699.000 0 0 52.000 28.000 1456.000 38.157 0 1 261 200 0 0
 9223 192251.000 112378.000 0 0 52.000 30.000 1560.000 39.496 0 1 265 200 0 0
 9224 192124.000 113179.000 0 0 52.000 30.000 1560.000 39.496 0 1 265 200 0 0
 9225 192134.000 113306.000 0 0 52.000 30.000 1560.000 39.496 0 1 265 200 0 0
 9226 190373.000 122365.000 0 0 54.000 36.000 1944.000 44.090 0 1 285 200 0 0
 9227 189680.000 125192.000 0 0 56.000 36.000 2016.000 44.899 0 1 285 200 0 0
 9228 189025.000 127299.000 0 0 54.000 38.000 2052.000 45.299 0 1 285 200 0 0
 9229 189004.000 127479.000 0 0 54.000 38.000 2052.000 45.299 0 1 285 200 0 0
 9230 188475.000 128993.000 0 0 54.000 38.000 2052.000 45.299 0 1 285 200 0 0
 9231 187779.000 131087.000 0 0 56.000 40.000 2240.000 47.328 0 1 296 200 0 0
 9232 186952.000 133399.000 0 0 0.000 0.000 0.000 0.120 0 1 0 0 0 0
 9233 185195.000 137701.000 0 0 54.000 42.000 2268.000 47.623 0 1 311 200 0 0
 9234 184153.000 139887.000 0 0 0.000 0.000 0.000 0.120 0 1 0 0 0 0
 9235 182614.000 143298.000 0 0 0.000 0.000 0.000 0.123 0 1 0 0 0 0
 9236 179531.000 148581.000 0 0 56.000 48.000 2688.000 51.845 0 1 340 210 0 0
 9237 179216.000 149152.000 0 0 56.000 48.000 2688.000 51.845 0 1 340 210 0 0
 9238 173964.000 156669.000 0 0 54.000 50.000 2700.000 51.961 0 1 340 210 0 0
 9239 173902.000 156773.000 0 0 54.000 50.000 2700.000 51.961 0 1 340 210 0 0
 9240 164425.000 167448.000 0 0 52.000 54.000 2808.000 52.990 0 1 412 200 0 0
 9241 154706.000 175509.000 0 0 0.000 0.000 0.000 0.121 0 1 0 0 0 0
 9242 148142.000 179858.000 0 0 0.000 0.000 0.000 0.120 0 1 0 0 0 0
 9243 139677.000 184381.000 0 0 0.000 0.000 0.000 0.124 0 1 0 0 0 0
 9244 72834.000 189139.000 0 0 0.000 0.000 0.000 0.120 0 1 0 0 0 0
 9245 52256.000 179928.000 0 0 0.000 0.000 0.000 0.120 0 1 0 0 0 0
 9246 43209.000 173814.000 0 0 0.000 0.000 0.000 0.121 0 1 0 0 0 0
 9247 41688.000 172611.000 0 0 50.000 54.000 2700.000 51.961 0 1 425 200 0 0
 9248 39865.000 171108.000 0 0 0.000 0.000 0.000 0.122 0 1 0 0 0 0
 9249 38243.000 169683.000 0 0 0.000 0.000 0.000 0.125 0 1 0 0 0 0
 9250 27840.000 158790.000 0 0 54.000 50.000 2700.000 51.961 0 1 372 200 0 0
 9251 26068.000 156492.000 0 0 54.000 50.000 2700.000 51.961 0 1 357 200 0 0
 9252 24595.000 154620.000 0 0 0.000 0.000 0.000 0.124 0 1 0 0 0 0
 9253 24505.000 154470.000 0 0 0.000 0.000 0.000 0.123 0 1 0 0 0 0
 9254 23431.000 152919.000 0 0 0.000 0.000 0.000 0.121 0 1 0 0 0 0
 9255 21280.000 149669.000 0 0 0.000 0.000 0.000 0.120 0 1 0 0 0 0
 9256 20426.000 148199.000 0 0 0.000 0.000 0.000 0.120 0 1 0 0 0 0
 9257 18626.000 145044.000 0 0 0.000 0.000 0.000 0.122 0 1 0 0 0 0
 9258 11464.000 128345.000 0 0 0.000 0.000 0.000 0.120 0 1 0 0 0 0
 9259 8012.000 113184.000 0 0 0.000 0.000 0.000 0.123 0 1 0 0 0 0
 9260 7607.000 110223.000 0 0 0.000 0.000 0.000 0.120 0 1 0 0 0 0
 9261 7170.000 98462.000 0 0 0.000 0.000 0.000 0.120 0 1 0 0 0 0
 9262 7110.000 97480.000 0 0 50.000 24.000 1200.000 34.641 0 1 229 200 0 0
 9263 7407.000 92083.000 0 0 0.000 0.000 0.000 0.122 0 1 0 0 0 0
 9264 7635.000 89879.000 0 0 52.000 28.000 1456.000 38.157 0 1 214 200 0 0
 9265 7933.000 87708.000 0 0 0.000 0.000 0.000 0.121 0 1 0 0 0 0
 9266 9562.000 78885.000 0 0 54.000 34.000 1836.000 42.848 0 1 196 200 0 0
 9267 9709.000 78300.000 0 0 54.000 34.000 1836.000 42.848 0 1 196 200 0 0
 9268 14550.000 63653.000 0 0 0.000 0.000 0.000 0.121 0 1 0 0 0 0
 9269 16054.000 60319.000 0 0 0.000 0.000 0.000 0.120 0 1 0 0 0 0
 9270 17088.000 58188.000 0 0 0.000 0.000 0.000 0.120 0 1 0 0 0 0
 9271 17207.000 58014.000 0 0 0.000 0.000 0.000 0.121 0 1 0 0 0 0
 9272 18164.000 56138.000 0 0 0.000 0.000 0.000 0.122 0 1 0 0 0 0
 9273 19672.000 53429.000 0 0 0.000 0.000 0.000 0.120 0 1 0 0 0 0
 9274 24466.000 46032.000 0 0 54.000 48.000 2592.000 50.911 0 1 118 200 0 0
 9275 26489.000 43362.000 0 0 0.000 0.000 0.000 0.122 0 1 0 0 0 0
 9276 29550.000 39633.000 0 0 52.000 52.000 2704.000 52.000 0 1 109 200 0 0
 9277 30620.000 38300.000 0 0 0.000 0.000 0.000 0.122 0 1 0 0 0 0
 9278 35234.000 33555.000 0 0 0.000 0.000 0.000 0.123 0 1 0 0 0 0
 9279 41784.000 27723.000 0 0 0.000 0.000 0.000 0.120 0 1 0 0 0 0
 9280 46903.000 23944.000 0 0 48.000 54.000 2592.000 50.911 0 1 53 210 0 0
 9281 46904.000 23867.000 0 0 48.000 54.000 2592.000 50.911 0 1 53 210 0 0
 9282 154980.000 25027.000 0 0 48.000 56.000 2688.000 51.845 0 1 45 200 0 0
 9283 156587.000 26048.000 0 0 50.000 54.000 2700.000 51.961 0 1 45 200 0 0
 9284 156780.000 26397.000 0 0 50.000 54.000 2700.000 51.961 0 1 45 200 0 0
 9285 157368.000 26826.000 0 0 50.000 54.000 2700.000 51.961 0 1 45 200 0 0
 9286 159143.000 28153.000 0 0 50.000 54.000 2700.000 51.961 0 1 66 200 0 0
 9287 163049.000 31648.000 0 0 50.000 54.000 2700.000 51.961 0 1 59 210 0 0
 9288 164929.000 33439.000 0 0 52.000 52.000 2704.000 52.000 0 1 59 210 0 0
 9289 165860.000 34363.000 0 0 52.000 52.000 2704.000 52.000 0 1 59 210 0 0
 9290 166359.000 34874.000 0 0 52.000 52.000 2704.000 52.000 0 1 59 210 0 0
 9291 169456.000 38159.000 0 0 52.000 50.000 2600.000 50.990 0 1 59 210 0 0
 9292 169766.000 38421.000 0 0 52.000 50.000 2600.000 50.990 0 1 59 210 0 0
 9293 171280.000 40291.000 0 0 54.000 52.000 2808.000 52.990 0 1 59 210 0 0
 9294 171643.000 40657.000 0 0 54.000 50.000 2700.000 51.961 0 1 114 200 0 0
 9295 172118.000 41231.000 0 0 54.000 50.000 2700.000 51.961 0 1 114 200 0 0
 9296 172305.000 41465.000 0 0 54.000 50.000 2700.000 51.961 0 1 114 200 0 0
 9297 181539.000 55132.000 0 0 54.000 46.000 2484.000 49.839 0 1 142 200 0 0
 9298 182095.000 56089.000 0 0 56.000 44.000 2464.000 49.638 0 1 142 200 0 0
 9299 184086.000 60098.000 0 0 0.000 0.000 0.000 0.120 0 1 0 0 0 0
 9300 185568.000 63326.000 0 0 0.000 0.000 0.000 0.122 0 1 0 0 0 0
 9301 188972.000 72426.000 0 0 0.000 0.000 0.000 0.120 0 1 0 0 0 0
 9302 191111.000 80652.000 0 0 54.000 34.000 1836.000 42.848 0 1 197 200 0 0
 9303 191364.000 81050.000 0 0 54.000 34.000 1836.000 42.848 0 1 197 200 0 0
 9304 191380.000 81188.000 0 0 54.000 34.000 1836.000 42.848 0 1 197 200 0 0
 9305 191486.000 81769.000 0 0 54.000 32.000 1728.000 41.569 0 1 197 200 0 0
 9306 191467.000 82446.000 0 0 54.000 32.000 1728.000 41.569 0 1 197 200 0 0
 9307 192183.000 86552.000 0 0 52.000 30.000 1560.000 39.496 0 1 213 200 0 0
 9308 192494.000 88927.000 0 0 0.000 0.000 0.000 0.120 0 1 0 0 0 0
 9309 193024.000 94806.000 0 0 50.000 26.000 1300.000 36.055 0 1 223 200 0 0
 9310 192891.000 107904.000 0 0 52.000 28.000 1456.000 38.157 0 1 254 200 0 0
 9311 191262.000 119210.000 0 0 54.000 34.000 1836.000 42.848 0 1 280 200 0 0
 9312 184959.000 138617.000 0 0 54.000 42.000 2268.000 47.623 0 1 311 200 0 0
 9313 181019.000 146353.000 0 0 0.000 0.000 0.000 0.121 0 1 0 0 0 0
 9314 179671.000 148583.000 0 0 56.000 48.000 2688.000 51.845 0 1 340 210 0 0
 9315 179086.000 149618.000 0 0 56.000 48.000 2688.000 51.845 0 1 340 210 0 0
 9316 178947.000 149831.000 0 0 56.000 48.000 2688.000 51.845 0 1 340 210 0 0
 9317 171527.000 160002.000 0 0 54.000 52.000 2808.000 52.990 0 1 340 210 0 0
 9318 171437.000 160142.000 0 0 54.000 52.000 2808.000 52.990 0 1 340 210 0 0
 9319 165078.000 166840.000 0 0 52.000 52.000 2704.000 52.000 0 1 412 200 0 0
 9320 161647.000 170346.000 0 0 52.000 52.000 2704.000 52.000 0 1 424 200 0 0
 9321 159987.000 171595.000 0 0 52.000 54.000 2808.000 52.990 0 1 427 200 0 0
 9322 158111.000 173094.000 0 0 50.000 54.000 2700.000 51.961 0 1 439 200 0 0
 9323 154634.000 175698.000 0 0 0.000 0.000 0.000 0.120 0 1 0 0 0 0
 9324 145119.000 181945.000 0 0 46.000 54.000 2484.000 49.839 0 1 443 200 0 0
 9325 53885.000 181282.000 0 0 46.000 54.000 2484.000 49.839 0 1 475 200 0 0
 9326 46366.000 176345.000 0 0 48.000 54.000 2592.000 50.911 0 1 457 200 0 0
 9327 43535.000 174239.000 0 0 0.000 0.000 0.000 0.120 0 1 0 0 0 0
 9328 40283.000 171699.000 0 0 0.000 0.000 0.000 0.124 0 1 0 0 0 0
 9329 39909.000 171380.000 0 0 0.000 0.000 0.000 0.120 0 1 0 0 0 0
 9330 24516.000 154748.000 0 0 0.000 0.000 0.000 0.120 0 1 0 0 0 0
 9331 22437.000 151727.000 0 0 54.000 46.000 2484.000 49.839 0 1 345 200 0 0
 9332 16419.000 141343.000 0 0 0.000 0.000 0.000 0.121 0 1 0 0 0 0
 9333 16329.000 141033.000 0 0 0.000 0.000 0.000 0.121 0 1 0 0 0 0
 9334 9159.000 120631.000 0 0 0.000 0.000 0.000 0.120 0 1 0 0 0 0
 9335 7463.000 110554.000 0 0 0.000 0.000 0.000 0.121 0 1 0 0 0 0
 9336 7074.000 105696.000 0 0 0.000 0.000 0.000 0.120 0 1 0 0 0 0
 9337 6944.000 103088.000 0 0 50.000 24.000 1200.000 34.641 0 1 246 200 0 0
 9338 7184.000 93094.000 0 0 0.000 0.000 0.000 0.121 0 1 0 0 0 0
 9339 7615.000 88936.000 0 0 52.000 28.000 1456.000 38.157 0 1 214 200 0 0
 9340 10268.000 75384.000 0 0 56.000 36.000 2016.000 44.899 0 1 190 200 0 0
 9341 12386.000 68555.000 0 0 0.000 0.000 0.000 0.120 0 1 0 0 0 0
 9342 17463.000 57151.000 0 0 0.000 0.000 0.000 0.121 0 1 0 0 0 0
 9343 20753.000 51314.000 0 0 0.000 0.000 0.000 0.120 0 1 0 0 0 0
 9344 23418.000 47167.000 0 0 54.000 48.000 2592.000 50.911 0 1 118 200 0 0
 9345 24009.000 46430.000 0 0 54.000 48.000 2592.000 50.911 0 1 118 200 0 0
 9346 29720.000 39096.000 0 0 52.000 52.000 2704.000 52.000 0 1 109 200 0 0
 9347 30771.000 37949.000 0 0 0.000 0.000 0.000 0.120 0 1 0 0 0 0
 9348 47484.000 23118.000 0 0 48.000 54.000 2592.000 50.911 0 1 53 210 0 0
 9349 145926.000 18991.000 0 0 0.000 0.000 0.000 0.120 0 1 0 0 0 0
 9350 153989.000 24086.000 0 0 48.000 54.000 2592.000 50.911 0 1 45 200 0 0
 9351 158635.000 27665.000 0 0 50.000 54.000 2700.000 51.961 0 1 66 200 0 0
 9352 162302.000 30723.000 0 0 50.000 54.000 2700.000 51.961 0 1 59 210 0 0
 9353 162733.000 31159.000 0 0 50.000 54.000 2700.000 51.961 0 1 59 210 0 0
 9354 163896.000 32192.000 0 0 52.000 54.000 2808.000 52.990 0 1 59 210 0 0
 9355 167526.000 35770.000 0 0 54.000 52.000 2808.000 52.990 0 1 59 210 0 0
 9356 167699.000 35989.000 0 0 54.000 52.000 2808.000 52.990 0 1 59 210 0 0
 9357 168853.000 37016.000 0 0 54.000 50.000 2700.000 51.961 0 1 59 210 0 0
 9358 170362.000 38712.000 0 0 52.000 52.000 2704.000 52.000 0 1 59 210 0 0
 9359 170545.000 39093.000 0 0 52.000 52.000 2704.000 52.000 0 1 59 210 0 0
 9360 170901.000 39540.000 0 0 54.000 52.000 2808.000 52.990 0 1 59 210 0 0
 9361 172551.000 41466.000 0 0 54.000 50.000 2700.000 51.961 0 1 114 200 0 0
 9362 175003.000 44405.000 0 0 0.000 0.000 0.000 0.125 0 1 0 0 0 0
 9363 176201.000 46284.000 0 0 0.000 0.000 0.000 0.120 0 1 0 0 0 0
 9364 176232.000 46339.000 0 0 0.000 0.000 0.000 0.120 0 1 0 0 0 0
 9365 178267.000 49377.000 0 0 0.000 0.000 0.000 0.121 0 1 0 0 0 0
 9366 178967.000 50479.000 0 0 56.000 48.000 2688.000 51.845 0 1 135 200 0 0
 9367 188536.000 70596.000 0 0 54.000 38.000 2052.000 45.299 0 1 178 200 0 0
 9368 189911.000 74999.000 0 0 0.000 0.000 0.000 0.120 0 1 0 0 0 0
 9369 190600.000 77625.000 0 0 54.000 34.000 1836.000 42.848 0 1 192 200 0 0
 9370 191915.000 83758.000 0 0 54.000 32.000 1728.000 41.569 0 1 197 200 0 0
 9371 192064.000 84554.000 0 0 52.000 32.000 1664.000 40.792 0 1 197 200 0 0
 9372 192650.000 88867.000 0 0 0.000 0.000 0.000 0.125 0 1 0 0 0 0
 9373 192966.000 91674.000 0 0 0.000 0.000 0.000 0.120 0 1 0 0 0 0
 9374 193189.000 93762.000 0 0 50.000 26.000 1300.000 36.055 0 1 223 200 0 0
 9375 193167.000 94413.000 0 0 50.000 26.000 1300.000 36.055 0 1 223 200 0 0
 9376 193427.000 100164.000 0 0 51.000 24.000 1224.000 34.985 0 1 232 200 0 0
 9377 193372.000 101980.000 0 0 50.000 24.000 1200.000 34.641 0 1 237 200 0 0
 9378 193230.000 105438.000 0 0 50.000 26.000 1300.000 36.055 0 1 248 200 0 0
 9379 192859.000 110068.000 0 0 52.000 28.000 1456.000 38.157 0 1 261 200 0 0
 9380 191252.000 120109.000 0 0 0.000 0.000 0.000 0.120 0 1 0 0 0 0
 9381 190248.000 124273.000 0 0 56.000 36.000 2016.000 44.899 0 1 285 200 0 0
 9382 189885.000 125430.000 0 0 56.000 36.000 2016.000 44.899 0 1 285 200 0 0
 9383 189482.000 127036.000 0 0 54.000 38.000 2052.000 45.299 0 1 285 200 0 0
 9384 187480.000 133040.000 0 0 0.000 0.000 0.000 0.120 0 1 0 0 0 0
 9385 186880.000 134506.000 0 0 0.000 0.000 0.000 0.122 0 1 0 0 0 0
 9386 186772.000 134819.000 0 0 0.000 0.000 0.000 0.120 0 1 0 0 0 0
 9387 185938.000 136895.000 0 0 0.000 0.000 0.000 0.122 0 1 0 0 0 0
 9388 185702.000 137330.000 0 0 0.000 0.000 0.000 0.121 0 1 0 0 0 0
 9389 183346.000 142398.000 0 0 0.000 0.000 0.000 0.124 0 1 0 0 0 0
 9390 182422.000 144471.000 0 0 55.000 44.000 2420.000 49.193 0 1 329 200 0 0
 9391 178953.000 150184.000 0 0 56.000 48.000 2688.000 51.845 0 1 340 210 0 0
 9392 178416.000 150945.000 0 0 54.000 48.000 2592.000 50.911 0 1 340 210 0 0
 9393 178100.000 151417.000 0 0 54.000 48.000 2592.000 50.911 0 1 340 210 0 0
 9394 175531.000 155215.000 0 0 56.000 48.000 2688.000 51.845 0 1 340 210 0 0
 9395 175305.000 155426.000 0 0 56.000 48.000 2688.000 51.845 0 1 340 210 0 0
 9396 175237.000 155748.000 0 0 56.000 48.000 2688.000 51.845 0 1 340 210 0 0
 9397 172326.000 159307.000 0 0 54.000 50.000 2700.000 51.961 0 1 340 210 0 0
 9398 172087.000 159631.000 0 0 54.000 50.000 2700.000 51.961 0 1 340 210 0 0
 9399 171092.000 160752.000 0 0 54.000 52.000 2808.000 52.990 0 1 340 210 0 0
 9400 163441.000 168748.000 0 0 50.000 54.000 2700.000 51.961 0 1 420 200 0 0
 9401 163183.000 168991.000 0 0 50.000 54.000 2700.000 51.961 0 1 420 200 0 0
 9402 160643.000 171250.000 0 0 52.000 54.000 2808.000 52.990 0 1 427 200 0 0
 9403 159885.000 171884.000 0 0 52.000 54.000 2808.000 52.990 0 1 427 200 0 0
 9404 155858.000 175077.000 0 0 0.000 0.000 0.000 0.120 0 1 0 0 0 0
 9405 141783.000 183698.000 0 0 0.000 0.000 0.000 0.122 0 1 0 0 0 0
 9406 139299.000 184934.000 0 0 0.000 0.000 0.000 0.120 0 1 0 0 0 0
 9407 137911.000 185546.000 0 0 0.000 0.000 0.000 0.120 0 1 0 0 0 0
 9408 74225.000 189897.000 0 0 36.000 56.000 2016.000 44.899 0 1 512 200 0 0
 9409 49360.000 178596.000 0 0 0.000 0.000 0.000 0.121 0 1 0 0 0 0
 9410 42437.000 173634.000 0 0 0.000 0.000 0.000 0.121 0 1 0 0 0 0
 9411 36512.000 168534.000 0 0 0.000 0.000 0.000 0.121 0 1 0 0 0 0
 9412 35054.000 167176.000 0 0 0.000 0.000 0.000 0.122 0 1 0 0 0 0
 9413 29259.000 160980.000 0 0 52.000 52.000 2704.000 52.000 0 1 379 200 0 0
 9414 28845.000 160545.000 0 0 54.000 52.000 2808.000 52.990 0 1 379 200 0 0
 9415 28170.000 159744.000 0 0 54.000 50.000 2700.000 51.961 0 1 372 200 0 0
 9416 26671.000 157884.000 0 0 54.000 50.000 2700.000 51.961 0 1 357 200 0 0
 9417 26539.000 157776.000 0 0 54.000 50.000 2700.000 51.961 0 1 357 200 0 0
 9418 21545.000 150585.000 0 0 0.000 0.000 0.000 0.122 0 1 0 0 0 0
 9419 19491.000 147342.000 0 0 0.000 0.000 0.000 0.120 0 1 0 0 0 0
 9420 18597.000 145693.000 0 0 0.000 0.000 0.000 0.121 0 1 0 0 0 0
 9421 16712.000 142241.000 0 0 0.000 0.000 0.000 0.123 0 1 0 0 0 0
 9422 15187.000 138952.000 0 0 0.000 0.000 0.000 0.120 0 1 0 0 0 0
 9423 13671.000 135523.000 0 0 0.000 0.000 0.000 0.123 0 1 0 0 0 0
 9424 11851.000 130732.000 0 0 54.000 40.000 2160.000 46.475 0 1 298 200 0 0
 9425 9374.000 122316.000 0 0 0.000 0.000 0.000 0.121 0 1 0 0 0 0
 9426 8338.000 117443.000 0 0 54.000 32.000 1728.000 41.569 0 1 278 200 0 0
 9427 7905.000 114939.000 0 0 0.000 0.000 0.000 0.120 0 1 0 0 0 0
 9428 6959.000 106765.000 0 0 0.000 0.000 0.000 0.120 0 1 0 0 0 0
 9429 6819.000 104971.000 0 0 0.000 0.000 0.000 0.120 0 1 0 0 0 0
 9430 6967.000 93948.000 0 0 0.000 0.000 0.000 0.121 0 1 0 0 0 0
 9431 7320.000 89730.000 0 0 52.000 28.000 1456.000 38.157 0 1 214 200 0 0
 9432 7533.000 88597.000 0 0 52.000 30.000 1560.000 39.496 0 1 214 200 0 0
 9433 9934.000 75993.000 0 0 56.000 36.000 2016.000 44.899 0 1 190 200 0 0
 9434 12610.000 67579.000 0 0 0.000 0.000 0.000 0.126 0 1 0 0 0 0
 9435 14270.000 63494.000 0 0 0.000 0.000 0.000 0.120 0 1 0 0 0 0
 9436 33118.000 35117.000 0 0 52.000 52.000 2704.000 52.000 0 1 98 200 0 0
 9437 39165.000 29439.000 0 0 52.000 52.000 2704.000 52.000 0 1 73 200 0 0
 9438 41452.000 27531.000 0 0 0.000 0.000 0.000 0.121 0 1 0 0 0 0
 9439 153414.000 23503.000 0 0 48.000 54.000 2592.000 50.911 0 1 45 200 0 0
 9440 162535.000 30765.000 0 0 50.000 54.000 2700.000 51.961 0 1 59 210 0 0
 9441 163313.000 31393.000 0 0 50.000 54.000 2700.000 51.961 0 1 59 210 0 0
 9442 169162.000 37298.000 0 0 54.000 50.000 2700.000 51.961 0 1 59 210 0 0
 9443 169879.000 38111.000 0 0 52.000 50.000 2600.000 50.990 0 1 59 210 0 0
 9444 170875.000 39203.000 0 0 52.000 52.000 2704.000 52.000 0 1 59 210 0 0
 9445 174015.000 43052.000 0 0 0.000 0.000 0.000 0.121 0 1 0 0 0 0
 9446 174275.000 43396.000 0 0 0.000 0.000 0.000 0.123 0 1 0 0 0 0
 9447 174266.000 43458.000 0 0 0.000 0.000 0.000 0.121 0 1 0 0 0 0
 9448 175652.000 45224.000 0 0 0.000 0.000 0.000 0.124 0 1 0 0 0 0
 9449 179635.000 51138.000 0 0 56.000 48.000 2688.000 51.845 0 1 135 200 0 0
 9450 179936.000 51705.000 0 0 56.000 46.000 2576.000 50.754 0 1 135 200 0 0
 9451 189819.000 73991.000 0 0 0.000 0.000 0.000 0.120 0 1 0 0 0 0
 9452 189796.000 74030.000 0 0 0.000 0.000 0.000 0.120 0 1 0 0 0 0
 9453 190450.000 75919.000 0 0 56.000 36.000 2016.000 44.899 0 1 192 200 0 0
 9454 190417.000 76327.000 0 0 56.000 36.000 2016.000 44.899 0 1 192 200 0 0
 9455 192351.000 85240.000 0 0 52.000 30.000 1560.000 39.496 0 1 197 200 0 0
 9456 192382.000 85353.000 0 0 52.000 30.000 1560.000 39.496 0 1 197 200 0 0
 9457 192683.000 87418.000 0 0 0.000 0.000 0.000 0.121 0 1 0 0 0 0
 9458 192961.000 89723.000 0 0 52.000 28.000 1456.000 38.157 0 1 216 200 0 0
 9459 193120.000 91215.000 0 0 0.000 0.000 0.000 0.122 0 1 0 0 0 0
 9460 193257.000 92530.000 0 0 0.000 0.000 0.000 0.126 0 1 0 0 0 0
 9461 193558.000 99324.000 0 0 51.000 24.000 1224.000 34.985 0 1 232 200 0 0
 9462 193548.000 99934.000 0 0 51.000 24.000 1224.000 34.985 0 1 232 200 0 0
 9463 193580.000 102329.000 0 0 50.000 24.000 1200.000 34.641 0 1 237 200 0 0
 9464 193399.000 106691.000 0 0 50.000 26.000 1300.000 36.055 0 1 254 200 0 0
 9465 193153.000 109104.000 0 0 52.000 28.000 1456.000 38.157 0 1 254 200 0 0
 9466 192834.000 111849.000 0 0 52.000 30.000 1560.000 39.496 0 1 265 200 0 0
 9467 191616.000 118969.000 0 0 54.000 34.000 1836.000 42.848 0 1 280 200 0 0
 9468 190926.000 122335.000 0 0 54.000 34.000 1836.000 42.848 0 1 285 200 0 0
 9469 190781.000 122954.000 0 0 54.000 36.000 1944.000 44.090 0 1 285 200 0 0
 9470 190648.000 123314.000 0 0 54.000 36.000 1944.000 44.090 0 1 285 200 0 0
 9471 188717.000 130389.000 0 0 54.000 40.000 2160.000 46.475 0 1 296 200 0 0
 9472 188290.000 131100.000 0 0 54.000 40.000 2160.000 46.475 0 1 296 200 0 0
 9473 185442.000 138329.000 0 0 54.000 42.000 2268.000 47.623 0 1 311 200 0 0
 9474 182163.000 144967.000 0 0 54.000 46.000 2484.000 49.839 0 1 329 200 0 0
 9475 181572.000 146023.000 0 0 0.000 0.000 0.000 0.122 0 1 0 0 0 0
 9476 176507.000 154140.000 0 0 54.000 48.000 2592.000 50.911 0 1 340 210 0 0
 9477 176164.000 154578.000 0 0 54.000 48.000 2592.000 50.911 0 1 340 210 0 0
 9478 175673.000 155252.000 0 0 56.000 48.000 2688.000 51.845 0 1 340 210 0 0
 9479 174576.000 156731.000 0 0 54.000 50.000 2700.000 51.961 0 1 340 210 0 0
 9480 174180.000 157319.000 0 0 54.000 50.000 2700.000 51.961 0 1 340 210 0 0
 9481 173034.000 158613.000 0 0 54.000 50.000 2700.000 51.961 0 1 340 210 0 0
 9482 169251.000 163146.000 0 0 54.000 50.000 2700.000 51.961 0 1 380 200 0 0
 9483 169132.000 163255.000 0 0 54.000 50.000 2700.000 51.961 0 1 380 200 0 0
 9484 168202.000 164207.000 0 0 0.000 0.000 0.000 0.120 0 1 0 0 0 0
 9485 166408.000 166030.000 0 0 52.000 52.000 2704.000 52.000 0 1 392 210 0 0
 9486 164968.000 167555.000 0 0 52.000 54.000 2808.000 52.990 0 1 412 200 0 0
 9487 159234.000 172641.000 0 0 0.000 0.000 0.000 0.120 0 1 0 0 0 0
 9488 158428.000 173277.000 0 0 50.000 54.000 2700.000 51.961 0 1 439 200 0 0
 9489 156959.000 174418.000 0 0 0.000 0.000 0.000 0.120 0 1 0 0 0 0
 9490 156489.000 174755.000 0 0 0.000 0.000 0.000 0.120 0 1 0 0 0 0
 9491 153715.000 176797.000 0 0 0.000 0.000 0.000 0.122 0 1 0 0 0 0
 9492 153399.000 177033.000 0 0 0.000 0.000 0.000 0.122 0 1 0 0 0 0
 9493 152568.000 177605.000 0 0 0.000 0.000 0.000 0.121 0 1 0 0 0 0
 9494 70486.000 188922.000 0 0 0.000 0.000 0.000 0.120 0 1 0 0 0 0
 9495 51310.000 180031.000 0 0 0.000 0.000 0.000 0.120 0 1 0 0 0 0
 9496 47076.000 177267.000 0 0 48.000 54.000 2592.000 50.911 0 1 457 200 0 0
 9497 46769.000 177040.000 0 0 48.000 54.000 2592.000 50.911 0 1 457 200 0 0
 9498 45991.000 176504.000 0 0 48.000 54.000 2592.000 50.911 0 1 457 200 0 0
 9499 44243.000 175224.000 0 0 0.000 0.000 0.000 0.121 0 1 0 0 0 0
 9500 40957.000 172695.000 0 0 50.000 54.000 2700.000 51.961 0 1 425 200 0 0
 9501 30184.000 162342.000 0 0 0.000 0.000 0.000 0.122 0 1 0 0 0 0
 9502 26390.000 157790.000 0 0 54.000 50.000 2700.000 51.961 0 1 357 200 0 0
 9503 25035.000 156027.000 0 0 0.000 0.000 0.000 0.121 0 1 0 0 0 0
 9504 15468.000 140056.000 0 0 0.000 0.000 0.000 0.121 0 1 0 0 0 0
 9505 15127.000 139270.000 0 0 0.000 0.000 0.000 0.122 0 1 0 0 0 0
 9506 13994.000 136786.000 0 0 0.000 0.000 0.000 0.121 0 1 0 0 0 0
 9507 12595.000 133207.000 0 0 0.000 0.000 0.000 0.120 0 1 0 0 0 0
 9508 7271.000 111617.000 0 0 52.000 30.000 1560.000 39.496 0 1 262 200 0 0
 9509 6895.000 108347.000 0 0 0.000 0.000 0.000 0.121 0 1 0 0 0 0
 9510 6589.000 101553.000 0 0 0.000 0.000 0.000 0.121 0 1 0 0 0 0
 9511 12627.000 67083.000 0 0 0.000 0.000 0.000 0.120 0 1 0 0 0 0
 9512 12653.000 67011.000 0 0 0.000 0.000 0.000 0.123 0 1 0 0 0 0
 9513 14256.000 63059.000 0 0 0.000 0.000 0.000 0.121 0 1 0 0 0 0
 9514 17068.000 57173.000 0 0 0.000 0.000 0.000 0.122 0 1 0 0 0 0
 9515 17399.000 56546.000 0 0 0.000 0.000 0.000 0.123 0 1 0 0 0 0
 9516 22505.000 47970.000 0 0 0.000 0.000 0.000 0.124 0 1 0 0 0 0
 9517 24305.000 45354.000 0 0 56.000 48.000 2688.000 51.845 0 1 118 200 0 0
 9518 33937.000 34105.000 0 0 0.000 0.000 0.000 0.121 0 1 0 0 0 0
 9519 36907.000 31242.000 0 0 50.000 54.000 2700.000 51.961 0 1 73 200 0 0
 9520 143109.000 17080.000 0 0 0.000 0.000 0.000 0.120 0 1 0 0 0 0
 9521 144759.000 17974.000 0 0 0.000 0.000 0.000 0.120 0 1 0 0 0 0
 9522 148814.000 20309.000 0 0 48.000 56.000 2688.000 51.845 0 1 34 200 0 0
 9523 152252.000 22518.000 0 0 46.000 54.000 2484.000 49.839 0 1 45 200 0 0
 9524 152702.000 22806.000 0 0 48.000 54.000 2592.000 50.911 0 1 45 200 0 0
 9525 153812.000 23528.000 0 0 48.000 54.000 2592.000 50.911 0 1 45 200 0 0
 9526 154396.000 24000.000 0 0 48.000 54.000 2592.000 50.911 0 1 45 200 0 0
 9527 155366.000 24673.000 0 0 48.000 56.000 2688.000 51.845 0 1 45 200 0 0
 9528 159238.000 27689.000 0 0 50.000 54.000 2700.000 51.961 0 1 66 200 0 0
 9529 163815.000 31675.000 0 0 52.000 54.000 2808.000 52.990 0 1 59 210 0 0
 9530 170163.000 38158.000 0 0 52.000 52.000 2704.000 52.000 0 1 59 210 0 0
 9531 171218.000 39405.000 0 0 54.000 52.000 2808.000 52.990 0 1 59 210 0 0
 9532 172268.000 40673.000 0 0 54.000 50.000 2700.000 51.961 0 1 114 200 0 0
 9533 172421.000 40814.000 0 0 54.000 50.000 2700.000 51.961 0 1 114 200 0 0
 9534 180063.000 51597.000 0 0 56.000 46.000 2576.000 50.754 0 1 135 200 0 0
 9535 181781.000 54500.000 0 0 54.000 46.000 2484.000 49.839 0 1 142 200 0 0
 9536 187071.000 65585.000 0 0 0.000 0.000 0.000 0.120 0 1 0 0 0 0
 9537 188361.000 69031.000 0 0 54.000 40.000 2160.000 46.475 0 1 171 210 0 0
 9538 188772.000 70119.000 0 0 54.000 38.000 2052.000 45.299 0 1 178 200 0 0
 9539 190134.000 74096.000 0 0 0.000 0.000 0.000 0.126 0 1 0 0 0 0
 9540 190810.000 76577.000 0 0 54.000 36.000 1944.000 44.090 0 1 192 200 0 0
 9541 191941.000 82199.000 0 0 54.000 32.000 1728.000 41.569 0 1 197 200 0 0
 9542 192399.000 84537.000 0 0 52.000 32.000 1664.000 40.792 0 1 197 200 0 0
 9543 193620.000 95545.000 0 0 50.000 26.000 1300.000 36.055 0 1 223 200 0 0
 9544 193586.000 105435.000 0 0 50.000 26.000 1300.000 36.055 0 1 248 200 0 0
 9545 193532.000 108295.000 0 0 52.000 28.000 1456.000 38.157 0 1 254 200 0 0
 9546 193321.000 108782.000 0 0 52.000 28.000 1456.000 38.157 0 1 254 200 0 0
 9547 193134.000 110878.000 0 0 52.000 28.000 1456.000 38.157 0 1 261 200 0 0
 9548 192314.000 116496.000 0 0 0.000 0.000 0.000 0.122 0 1 0 0 0 0
 9549 192329.000 116622.000 0 0 0.000 0.000 0.000 0.123 0 1 0 0 0 0
 9550 192046.000 117867.000 0 0 0.000 0.000 0.000 0.121 0 1 0 0 0 0
 9551 191776.000 119414.000 0 0 54.000 34.000 1836.000 42.848 0 1 280 200 0 0
 9552 190511.000 124529.000 0 0 56.000 36.000 2016.000 44.899 0 1 285 200 0 0
 9553 189472.000 128167.000 0 0 54.000 38.000 2052.000 45.299 0 1 285 200 0 0
 9554 186609.000 136073.000 0 0 0.000 0.000 0.000 0.120 0 1 0 0 0 0
 9555 183997.000 141862.000 0 0 0.000 0.000 0.000 0.121 0 1 0 0 0 0
 9556 183563.000 142694.000 0 0 0.000 0.000 0.000 0.121 0 1 0 0 0 0
 9557 180811.000 147686.000 0 0 0.000 0.000 0.000 0.121 0 1 0 0 0 0
 9558 174521.000 157071.000 0 0 54.000 50.000 2700.000 51.961 0 1 340 210 0 0
 9559 173499.000 158398.000 0 0 54.000 50.000 2700.000 51.961 0 1 340 210 0 0
 9560 172930.000 159087.000 0 0 54.000 50.000 2700.000 51.961 0 1 340 210 0 0
 9561 172077.000 160135.000 0 0 54.000 52.000 2808.000 52.990 0 1 340 210 0 0
 9562 171581.000 160727.000 0 0 54.000 52.000 2808.000 52.990 0 1 340 210 0 0
 9563 171082.000 161275.000 0 0 52.000 52.000 2704.000 52.000 0 1 340 210 0 0
 9564 170812.000 161659.000 0 0 52.000 52.000 2704.000 52.000 0 1 340 210 0 0
 9565 165355.000 167413.000 0 0 52.000 52.000 2704.000 52.000 0 1 412 200 0 0
 9566 165207.000 167732.000 0 0 52.000 54.000 2808.000 52.990 0 1 412 200 0 0
 9567 163763.000 168891.000 0 0 50.000 54.000 2700.000 51.961 0 1 420 200 0 0
 9568 162637.000 169962.000 0 0 50.000 54.000 2700.000 51.961 0 1 420 200 0 0
 9569 161875.000 170585.000 0 0 52.000 52.000 2704.000 52.000 0 1 424 200 0 0
 9570 160503.000 171756.000 0 0 52.000 54.000 2808.000 52.990 0 1 427 200 0 0
 9571 154654.000 176361.000 0 0 0.000 0.000 0.000 0.123 0 1 0 0 0 0
 9572 152048.000 178165.000 0 0 0.000 0.000 0.000 0.121 0 1 0 0 0 0
 9573 150332.000 179292.000 0 0 48.000 56.000 2688.000 51.845 0 1 474 200 0 0
 9574 143376.000 183282.000 0 0 0.000 0.000 0.000 0.121 0 1 0 0 0 0
 9575 49973.000 179300.000 0 0 0.000 0.000 0.000 0.121 0 1 0 0 0 0
 9576 47596.000 177994.000 0 0 0.000 0.000 0.000 0.124 0 1 0 0 0 0
 9577 42705.000 174253.000 0 0 0.000 0.000 0.000 0.121 0 1 0 0 0 0
 9578 31598.000 164120.000 0 0 54.000 52.000 2808.000 52.990 0 1 391 200 0 0
 9579 31066.000 163584.000 0 0 54.000 50.000 2700.000 51.961 0 1 391 200 0 0
 9580 27492.000 159465.000 0 0 54.000 50.000 2700.000 51.961 0 1 372 200 0 0
 9581 23075.000 153600.000 0 0 0.000 0.000 0.000 0.124 0 1 0 0 0 0
 9582 16850.000 143288.000 0 0 0.000 0.000 0.000 0.123 0 1 0 0 0 0
 9583 12884.000 134418.000 0 0 0.000 0.000 0.000 0.121 0 1 0 0 0 0
 9584 11512.000 130740.000 0 0 54.000 40.000 2160.000 46.475 0 1 298 200 0 0
 9585 6460.000 103755.000 0 0 50.000 26.000 1300.000 36.055 0 1 246 200 0 0
 9586 6527.000 95410.000 0 0 50.000 26.000 1300.000 36.055 0 1 222 200 0 0
 9587 6882.000 90775.000 0 0 52.000 28.000 1456.000 38.157 0 1 214 200 0 0
 9588 19478.000 52182.000 0 0 0.000 0.000 0.000 0.123 0 1 0 0 0 0
 9589 23358.000 46454.000 0 0 54.000 48.000 2592.000 50.911 0 1 118 200 0 0
 9590 28766.000 39464.000 0 0 0.000 0.000 0.000 0.121 0 1 0 0 0 0
 9591 37233.000 30513.000 0 0 50.000 54.000 2700.000 51.961 0 1 73 200 0 0
 9592 148850.000 20128.000 0 0 48.000 56.000 2688.000 51.845 0 1 34 200 0 0
 9593 153744.000 23319.000 0 0 48.000 54.000 2592.000 50.911 0 1 45 200 0 0
 9594 158330.000 26762.000 0 0 50.000 54.000 2700.000 51.961 0 1 66 200 0 0
 9595 161835.000 29654.000 0 0 52.000 52.000 2704.000 52.000 0 1 59 210 0 0
 9596 162303.000 30053.000 0 0 50.000 52.000 2600.000 50.990 0 1 59 210 0 0
 9597 162351.000 30114.000 0 0 50.000 52.000 2600.000 50.990 0 1 59 210 0 0
 9598 165242.000 32795.000 0 0 52.000 52.000 2704.000 52.000 0 1 59 210 0 0
 9599 166479.000 34011.000 0 0 52.000 52.000 2704.000 52.000 0 1 59 210 0 0
 9600 168902.000 36495.000 0 0 54.000 50.000 2700.000 51.961 0 1 59 210 0 0
 9601 169552.000 37144.000 0 0 54.000 50.000 2700.000 51.961 0 1 59 210 0 0
 9602 169978.000 37782.000 0 0 52.000 50.000 2600.000 50.990 0 1 59 210 0 0
 9603 172224.000 40290.000 0 0 54.000 50.000 2700.000 51.961 0 1 114 200 0 0
 9604 178401.000 48657.000 0 0 0.000 0.000 0.000 0.120 0 1 0 0 0 0
 9605 185300.000 61018.000 0 0 54.000 42.000 2268.000 47.623 0 1 155 200 0 0
 9606 185792.000 62117.000 0 0 0.000 0.000 0.000 0.121 0 1 0 0 0 0
 9607 187694.000 66688.000 0 0 56.000 40.000 2240.000 47.328 0 1 171 210 0 0
 9608 187985.000 67164.000 0 0 56.000 40.000 2240.000 47.328 0 1 171 210 0 0
 9609 188606.000 68721.000 0 0 54.000 40.000 2160.000 46.475 0 1 171 210 0 0
 9610 190908.000 76722.000 0 0 54.000 36.000 1944.000 44.090 0 1 192 200 0 0
 9611 190964.000 76918.000 0 0 54.000 36.000 1944.000 44.090 0 1 192 200 0 0
 9612 191496.000 79148.000 0 0 54.000 34.000 1836.000 42.848 0 1 197 200 0 0
 9613 191706.000 80050.000 0 0 54.000 34.000 1836.000 42.848 0 1 197 200 0 0
 9614 193391.000 90313.000 0 0 52.000 28.000 1456.000 38.157 0 1 216 200 0 0
 9615 193902.000 98650.000 0 0 50.000 24.000 1200.000 34.641 0 1 232 200 0 0
 9616 193862.000 101217.000 0 0 0.000 0.000 0.000 0.121 0 1 0 0 0 0
 9617 193839.000 104611.000 0 0 50.000 26.000 1300.000 36.055 0 1 248 200 0 0
 9618 193732.000 106430.000 0 0 50.000 26.000 1300.000 36.055 0 1 254 200 0 0
 9619 193487.000 108580.000 0 0 52.000 28.000 1456.000 38.157 0 1 254 200 0 0
 9620 193427.000 110109.000 0 0 52.000 28.000 1456.000 38.157 0 1 261 200 0 0
 9621 193292.000 111027.000 0 0 52.000 28.000 1456.000 38.157 0 1 261 200 0 0
 9622 192907.000 113830.000 0 0 0.000 0.000 0.000 0.122 0 1 0 0 0 0
 9623 192682.000 115347.000 0 0 0.000 0.000 0.000 0.120 0 1 0 0 0 0
 9624 192538.000 116289.000 0 0 0.000 0.000 0.000 0.122 0 1 0 0 0 0
 9625 192286.000 117505.000 0 0 0.000 0.000 0.000 0.120 0 1 0 0 0 0
 9626 191768.000 120899.000 0 0 54.000 34.000 1836.000 42.848 0 1 283 210 0 0
 9627 189919.000 127313.000 0 0 54.000 38.000 2052.000 45.299 0 1 285 200 0 0
 9628 187162.000 135164.000 0 0 0.000 0.000 0.000 0.121 0 1 0 0 0 0
 9629 183479.000 143277.000 0 0 0.000 0.000 0.000 0.121 0 1 0 0 0 0
 9630 177508.000 153294.000 0 0 54.000 48.000 2592.000 50.911 0 1 340 210 0 0
 9631 177093.000 153734.000 0 0 54.000 48.000 2592.000 50.911 0 1 340 210 0 0
 9632 174706.000 157128.000 0 0 54.000 50.000 2700.000 51.961 0 1 340 210 0 0
 9633 173963.000 158055.000 0 0 54.000 50.000 2700.000 51.961 0 1 340 210 0 0
 9634 172446.000 159933.000 0 0 54.000 50.000 2700.000 51.961 0 1 340 210 0 0
 9635 171495.000 161089.000 0 0 54.000 52.000 2808.000 52.990 0 1 340 210 0 0
 9636 167890.000 165054.000 0 0 0.000 0.000 0.000 0.121 0 1 0 0 0 0
 9637 165827.000 167124.000 0 0 52.000 52.000 2704.000 52.000 0 1 412 200 0 0
 9638 163050.000 169810.000 0 0 50.000 54.000 2700.000 51.961 0 1 420 200 0 0
 9639 156817.000 174964.000 0 0 0.000 0.000 0.000 0.120 0 1 0 0 0 0
 9640 151087.000 178962.000 0 0 48.000 54.000 2592.000 50.911 0 1 474 200 0 0
 9641 151034.000 179062.000 0 0 48.000 56.000 2688.000 51.845 0 1 474 200 0 0
 9642 150569.000 179328.000 0 0 48.000 56.000 2688.000 51.845 0 1 474 200 0 0
 9643 149959.000 179744.000 0 0 48.000 56.000 2688.000 51.845 0 1 474 200 0 0
 9644 147725.000 181100.000 0 0 0.000 0.000 0.000 0.122 0 1 0 0 0 0
 9645 136326.000 186763.000 0 0 0.000 0.000 0.000 0.121 0 1 0 0 0 0
 9646 73395.000 190225.000 0 0 38.000 54.000 2052.000 45.299 0 1 512 200 0 0
 9647 67187.000 188108.000 0 0 0.000 0.000 0.000 0.120 0 1 0 0 0 0
 9648 65235.000 187382.000 0 0 0.000 0.000 0.000 0.120 0 1 0 0 0 0
 9649 38112.000 170710.000 0 0 0.000 0.000 0.000 0.121 0 1 0 0 0 0
 9650 35111.000 167828.000 0 0 0.000 0.000 0.000 0.120 0 1 0 0 0 0
 9651 32335.000 165359.000 0 0 52.000 52.000 2704.000 52.000 0 1 391 200 0 0
 9652 32044.000 164910.000 0 0 54.000 52.000 2808.000 52.990 0 1 391 200 0 0
 9653 31707.000 164504.000 0 0 54.000 52.000 2808.000 52.990 0 1 391 200 0 0
 9654 29116.000 161666.000 0 0 52.000 52.000 2704.000 52.000 0 1 379 200 0 0
 9655 26170.000 158058.000 0 0 54.000 50.000 2700.000 51.961 0 1 357 200 0 0
 9656 11110.000 130193.000 0 0 54.000 40.000 2160.000 46.475 0 1 298 200 0 0
 9657 8045.000 118698.000 0 0 54.000 32.000 1728.000 41.569 0 1 278 200 0 0
 9658 7535.000 115973.000 0 0 0.000 0.000 0.000 0.121 0 1 0 0 0 0
 9659 7025.000 112627.000 0 0 0.000 0.000 0.000 0.120 0 1 0 0 0 0
 9660 6200.000 100474.000 0 0 0.000 0.000 0.000 0.120 0 1 0 0 0 0
 9661 6367.000 94919.000 0 0 50.000 26.000 1300.000 36.055 0 1 222 200 0 0
 9662 6732.000 90705.000 0 0 52.000 28.000 1456.000 38.157 0 1 214 200 0 0
 9663 6787.000 90118.000 0 0 52.000 28.000 1456.000 38.157 0 1 214 200 0 0
 9664 7004.000 88240.000 0 0 52.000 30.000 1560.000 39.496 0 1 214 200 0 0
 9665 8323.000 80640.000 0 0 0.000 0.000 0.000 0.121 0 1 0 0 0 0
 9666 8339.000 80394.000 0 0 0.000 0.000 0.000 0.121 0 1 0 0 0 0
 9667 10443.000 72389.000 0 0 54.000 38.000 2052.000 45.299 0 1 182 200 0 0
 9668 13564.000 63888.000 0 0 56.000 42.000 2352.000 48.497 0 1 162 200 0 0
 9669 14952.000 60629.000 0 0 56.000 42.000 2352.000 48.497 0 1 150 200 0 0
 9670 22935.000 46696.000 0 0 54.000 48.000 2592.000 50.911 0 1 118 200 0 0
 9671 26542.000 41850.000 0 0 0.000 0.000 0.000 0.120 0 1 0 0 0 0
 9672 36010.000 31616.000 0 0 0.000 0.000 0.000 0.121 0 1 0 0 0 0
 9673 149745.000 20451.000 0 0 0.000 0.000 0.000 0.121 0 1 0 0 0 0
 9674 157424.000 25752.000 0 0 50.000 54.000 2700.000 51.961 0 1 58 210 0 0
 9675 159284.000 27190.000 0 0 50.000 54.000 2700.000 51.961 0 1 66 200 0 0
 9676 162321.000 29864.000 0 0 50.000 52.000 2600.000 50.990 0 1 59 210 0 0
 9677 163694.000 31097.000 0 0 50.000 54.000 2700.000 51.961 0 1 59 210 0 0
 9678 173524.000 41662.000 0 0 0.000 0.000 0.000 0.120 0 1 0 0 0 0
 9679 174630.000 43050.000 0 0 0.000 0.000 0.000 0.122 0 1 0 0 0 0
 9680 178247.000 48014.000 0 0 0.000 0.000 0.000 0.120 0 1 0 0 0 0
 9681 178221.000 48123.000 0 0 0.000 0.000 0.000 0.120 0 1 0 0 0 0
 9682 187763.000 66120.000 0 0 56.000 42.000 2352.000 48.497 0 1 171 210 0 0
 9683 187876.000 66657.000 0 0 56.000 40.000 2240.000 47.328 0 1 171 210 0 0
 9684 188362.000 68124.000 0 0 56.000 40.000 2240.000 47.328 0 1 171 210 0 0
 9685 189302.000 70709.000 0 0 54.000 38.000 2052.000 45.299 0 1 178 200 0 0
 9686 189403.000 71107.000 0 0 54.000 38.000 2052.000 45.299 0 1 178 200 0 0
 9687 191833.000 79870.000 0 0 54.000 34.000 1836.000 42.848 0 1 197 200 0 0
 9688 192164.000 119260.000 0 0 54.000 34.000 1836.000 42.848 0 1 280 200 0 0
 9689 191495.000 122074.000 0 0 54.000 34.000 1836.000 42.848 0 1 285 200 0 0
 9690 191296.000 122884.000 0 0 54.000 36.000 1944.000 44.090 0 1 285 200 0 0
 9691 190995.000 124038.000 0 0 56.000 36.000 2016.000 44.899 0 1 285 200 0 0
 9692 190651.000 125383.000 0 0 56.000 36.000 2016.000 44.899 0 1 285 200 0 0
 9693 190534.000 125734.000 0 0 56.000 36.000 2016.000 44.899 0 1 285 200 0 0
 9694 190254.000 126853.000 0 0 54.000 38.000 2052.000 45.299 0 1 285 200 0 0
 9695 187826.000 133950.000 0 0 0.000 0.000 0.000 0.121 0 1 0 0 0 0
 9696 186931.000 136289.000 0 0 0.000 0.000 0.000 0.122 0 1 0 0 0 0
 9697 185323.000 140212.000 0 0 56.000 42.000 2352.000 48.497 0 1 320 200 0 0
 9698 184817.000 140946.000 0 0 56.000 42.000 2352.000 48.497 0 1 320 200 0 0
 9699 182638.000 145150.000 0 0 54.000 44.000 2376.000 48.744 0 1 329 200 0 0
 9700 179349.000 150786.000 0 0 56.000 48.000 2688.000 51.845 0 1 340 210 0 0
 9701 178692.000 151719.000 0 0 54.000 48.000 2592.000 50.911 0 1 340 210 0 0
 9702 178554.000 152239.000 0 0 54.000 46.000 2484.000 49.839 0 1 340 210 0 0
 9703 177937.000 152926.000 0 0 54.000 48.000 2592.000 50.911 0 1 340 210 0 0
 9704 172246.000 160469.000 0 0 54.000 52.000 2808.000 52.990 0 1 340 210 0 0
 9705 169763.000 163276.000 0 0 54.000 50.000 2700.000 51.961 0 1 380 200 0 0
 9706 158663.000 173730.000 0 0 50.000 54.000 2700.000 51.961 0 1 439 200 0 0
 9707 151162.000 179111.000 0 0 48.000 54.000 2592.000 50.911 0 1 474 200 0 0
 9708 148805.000 180590.000 0 0 0.000 0.000 0.000 0.120 0 1 0 0 0 0
 9709 144759.000 182926.000 0 0 0.000 0.000 0.000 0.120 0 1 0 0 0 0
 9710 139101.000 185773.000 0 0 0.000 0.000 0.000 0.123 0 1 0 0 0 0
 9711 74879.000 190816.000 0 0 0.000 0.000 0.000 0.121 0 1 0 0 0 0
 9712 73692.000 190443.000 0 0 36.000 56.000 2016.000 44.899 0 1 512 200 0 0
 9713 46206.000 177274.000 0 0 48.000 54.000 2592.000 50.911 0 1 457 200 0 0
 9714 27729.000 160256.000 0 0 54.000 52.000 2808.000 52.990 0 1 372 200 0 0
 9715 27543.000 160000.000 0 0 54.000 50.000 2700.000 51.961 0 1 372 200 0 0
 9716 26555.000 158851.000 0 0 54.000 50.000 2700.000 51.961 0 1 373 200 0 0
 9717 24580.000 156309.000 0 0 0.000 0.000 0.000 0.120 0 1 0 0 0 0
 9718 19261.000 148243.000 0 0 0.000 0.000 0.000 0.125 0 1 0 0 0 0
 9719 19035.000 147947.000 0 0 0.000 0.000 0.000 0.120 0 1 0 0 0 0
 9720 14324.000 138746.000 0 0 0.000 0.000 0.000 0.123 0 1 0 0 0 0
 9721 7867.000 118443.000 0 0 54.000 32.000 1728.000 41.569 0 1 278 200 0 0
 9722 7690.000 117716.000 0 0 54.000 32.000 1728.000 41.569 0 1 278 200 0 0
 9723 6131.000 103547.000 0 0 50.000 24.000 1200.000 34.641 0 1 246 200 0 0
 9724 8926.000 77099.000 0 0 0.000 0.000 0.000 0.124 0 1 0 0 0 0
 9725 10422.000 71895.000 0 0 54.000 38.000 2052.000 45.299 0 1 182 200 0 0
 9726 13239.000 64181.000 0 0 56.000 42.000 2352.000 48.497 0 1 162 200 0 0
 9727 14438.000 61072.000 0 0 54.000 42.000 2268.000 47.623 0 1 150 200 0 0
 9728 15282.000 59494.000 0 0 56.000 42.000 2352.000 48.497 0 1 150 200 0 0
 9729 17819.000 54637.000 0 0 0.000 0.000 0.000 0.120 0 1 0 0 0 0
 9730 18613.000 53148.000 0 0 0.000 0.000 0.000 0.124 0 1 0 0 0 0
 9731 19842.000 51102.000 0 0 0.000 0.000 0.000 0.125 0 1 0 0 0 0
 9732 21077.000 49258.000 0 0 0.000 0.000 0.000 0.121 0 1 0 0 0 0
 9733 21681.000 48301.000 0 0 0.000 0.000 0.000 0.123 0 1 0 0 0 0
 9734 26016.000 42060.000 0 0 0.000 0.000 0.000 0.123 0 1 0 0 0 0
 9735 28518.000 39199.000 0 0 0.000 0.000 0.000 0.124 0 1 0 0 0 0
 9736 38746.000 28904.000 0 0 52.000 52.000 2704.000 52.000 0 1 73 200 0 0
 9737 134171.000 12526.000 0 0 42.000 56.000 2352.000 48.497 0 1 7 200 0 0
 9738 148471.000 19545.000 0 0 46.000 56.000 2576.000 50.754 0 1 34 200 0 0
 9739 153331.000 22642.000 0 0 48.000 54.000 2592.000 50.911 0 1 45 200 0 0
 9740 153446.000 22547.000 0 0 48.000 54.000 2592.000 50.911 0 1 45 200 0 0
 9741 153910.000 23017.000 0 0 48.000 54.000 2592.000 50.911 0 1 45 200 0 0
 9742 155206.000 23960.000 0 0 48.000 56.000 2688.000 51.845 0 1 45 200 0 0
 9743 158951.000 26770.000 0 0 50.000 54.000 2700.000 51.961 0 1 66 200 0 0
 9744 159260.000 27077.000 0 0 50.000 54.000 2700.000 51.961 0 1 66 200 0 0
 9745 160331.000 27913.000 0 0 52.000 54.000 2808.000 52.990 0 1 59 210 0 0
 9746 160822.000 28345.000 0 0 52.000 54.000 2808.000 52.990 0 1 59 210 0 0
 9747 162468.000 29772.000 0 0 50.000 52.000 2600.000 50.990 0 1 59 210 0 0
 9748 166999.000 34059.000 0 0 52.000 52.000 2704.000 52.000 0 1 59 210 0 0
 9749 169866.000 37059.000 0 0 54.000 50.000 2700.000 51.961 0 1 59 210 0 0
 9750 173149.000 40899.000 0 0 54.000 50.000 2700.000 51.961 0 1 114 200 0 0
 9751 185220.000 60092.000 0 0 56.000 42.000 2352.000 48.497 0 1 155 200 0 0
 9752 185722.000 61107.000 0 0 54.000 42.000 2268.000 47.623 0 1 155 200 0 0
 9753 186484.000 62838.000 0 0 54.000 42.000 2268.000 47.623 0 1 158 200 0 0
 9754 186661.000 63276.000 0 0 56.000 42.000 2352.000 48.497 0 1 158 200 0 0
 9755 187431.000 65150.000 0 0 56.000 42.000 2352.000 48.497 0 1 171 210 0 0
 9756 188253.000 67170.000 0 0 56.000 40.000 2240.000 47.328 0 1 171 210 0 0
 9757 188350.000 67504.000 0 0 56.000 40.000 2240.000 47.328 0 1 171 210 0 0
 9758 189411.000 70492.000 0 0 54.000 38.000 2052.000 45.299 0 1 178 200 0 0
 9759 191888.000 78752.000 0 0 54.000 34.000 1836.000 42.848 0 1 197 200 0 0
 9760 192792.000 83614.000 0 0 0.000 0.000 0.000 0.122 0 1 0 0 0 0
 9761 193666.000 89966.000 0 0 52.000 28.000 1456.000 38.157 0 1 216 200 0 0
 9762 193875.000 91805.000 0 0 52.000 28.000 1456.000 38.157 0 1 216 200 0 0
 9763 194188.000 102807.000 0 0 50.000 24.000 1200.000 34.641 0 1 237 200 0 0
 9764 194332.000 103663.000 0 0 0.000 0.000 0.000 0.125 0 1 0 0 0 0
 9765 194120.000 104755.000 0 0 50.000 26.000 1300.000 36.055 0 1 248 200 0 0
 9766 194121.000 104913.000 0 0 50.000 26.000 1300.000 36.055 0 1 248 200 0 0
 9767 192252.000 119472.000 0 0 54.000 34.000 1836.000 42.848 0 1 280 200 0 0
 9768 191649.000 122135.000 0 0 54.000 34.000 1836.000 42.848 0 1 285 200 0 0
 9769 190501.000 126574.000 0 0 54.000 38.000 2052.000 45.299 0 1 285 200 0 0
 9770 188593.000 132402.000 0 0 0.000 0.000 0.000 0.122 0 1 0 0 0 0
 9771 186528.000 137658.000 0 0 0.000 0.000 0.000 0.124 0 1 0 0 0 0
 9772 185009.000 140918.000 0 0 56.000 42.000 2352.000 48.497 0 1 320 200 0 0
 9773 180094.000 149892.000 0 0 56.000 48.000 2688.000 51.845 0 1 342 200 0 0
 9774 179439.000 150962.000 0 0 56.000 48.000 2688.000 51.845 0 1 340 210 0 0
 9775 175785.000 156294.000 0 0 56.000 48.000 2688.000 51.845 0 1 340 210 0 0
 9776 163311.000 170037.000 0 0 50.000 54.000 2700.000 51.961 0 1 420 200 0 0
 9777 162298.000 170889.000 0 0 52.000 52.000 2704.000 52.000 0 1 424 200 0 0
 9778 158605.000 174035.000 0 0 50.000 54.000 2700.000 51.961 0 1 439 200 0 0
 9779 157933.000 174516.000 0 0 50.000 54.000 2700.000 51.961 0 1 439 200 0 0
 9780 149222.000 180590.000 0 0 0.000 0.000 0.000 0.120 0 1 0 0 0 0
 9781 143915.000 183585.000 0 0 0.000 0.000 0.000 0.120 0 1 0 0 0 0
 9782 48890.000 179289.000 0 0 0.000 0.000 0.000 0.120 0 1 0 0 0 0
 9783 46127.000 177443.000 0 0 48.000 54.000 2592.000 50.911 0 1 457 200 0 0
 9784 43248.000 175351.000 0 0 0.000 0.000 0.000 0.121 0 1 0 0 0 0
 9785 41541.000 174006.000 0 0 0.000 0.000 0.000 0.121 0 1 0 0 0 0
 9786 35129.000 168421.000 0 0 0.000 0.000 0.000 0.122 0 1 0 0 0 0
 9787 30850.000 164038.000 0 0 54.000 50.000 2700.000 51.961 0 1 391 200 0 0
 9788 26625.000 159228.000 0 0 54.000 50.000 2700.000 51.961 0 1 373 200 0 0
 9789 17424.000 145365.000 0 0 0.000 0.000 0.000 0.120 0 1 0 0 0 0
 9790 11887.000 133309.000 0 0 0.000 0.000 0.000 0.122 0 1 0 0 0 0
 9791 7913.000 119636.000 0 0 0.000 0.000 0.000 0.121 0 1 0 0 0 0
 9792 7108.000 115253.000 0 0 0.000 0.000 0.000 0.120 0 1 0 0 0 0
 9793 5962.000 103146.000 0 0 50.000 24.000 1200.000 34.641 0 1 246 200 0 0
 9794 5888.000 99042.000 0 0 0.000 0.000 0.000 0.122 0 1 0 0 0 0
 9795 6052.000 94376.000 0 0 50.000 26.000 1300.000 36.055 0 1 222 200 0 0
 9796 6084.000 94261.000 0 0 50.000 26.000 1300.000 36.055 0 1 222 200 0 0
 9797 7405.000 82521.000 0 0 54.000 32.000 1728.000 41.569 0 1 202 200 0 0
 9798 8585.000 77748.000 0 0 0.000 0.000 0.000 0.121 0 1 0 0 0 0
 9799 11360.000 68601.000 0 0 0.000 0.000 0.000 0.120 0 1 0 0 0 0
 9800 12449.000 65667.000 0 0 0.000 0.000 0.000 0.120 0 1 0 0 0 0
 9801 15452.000 58844.000 0 0 56.000 42.000 2352.000 48.497 0 1 150 200 0 0
 9802 15680.000 58317.000 0 0 56.000 44.000 2464.000 49.638 0 1 150 200 0 0
 9803 15869.000 57688.000 0 0 56.000 44.000 2464.000 49.638 0 1 150 200 0 0
 9804 20627.000 49602.000 0 0 0.000 0.000 0.000 0.120 0 1 0 0 0 0
 9805 22743.000 46480.000 0 0 54.000 48.000 2592.000 50.911 0 1 118 200 0 0
 9806 23073.000 45967.000 0 0 54.000 48.000 2592.000 50.911 0 1 118 200 0 0
 9807 24053.000 44613.000 0 0 56.000 48.000 2688.000 51.845 0 1 118 200 0 0
 9808 24593.000 43827.000 0 0 56.000 48.000 2688.000 51.845 0 1 118 200 0 0
 9809 26940.000 40863.000 0 0 54.000 50.000 2700.000 51.961 0 1 110 210 0 0
 9810 27046.000 40721.000 0 0 54.000 50.000 2700.000 51.961 0 1 110 210 0 0
 9811 27197.000 40576.000 0 0 54.000 50.000 2700.000 51.961 0 1 110 210 0 0
 9812 27519.000 40157.000 0 0 54.000 50.000 2700.000 51.961 0 1 110 210 0 0
 9813 29249.000 38124.000 0 0 0.000 0.000 0.000 0.123 0 1 0 0 0 0
 9814 30948.000 36189.000 0 0 54.000 50.000 2700.000 51.961 0 1 100 200 0 0
 9815 37491.000 29833.000 0 0 50.000 52.000 2600.000 50.990 0 1 73 200 0 0
 9816 149802.000 20094.000 0 0 0.000 0.000 0.000 0.120 0 1 0 0 0 0
 9817 162441.000 29496.000 0 0 50.000 52.000 2600.000 50.990 0 1 59 210 0 0
 9818 165488.000 32305.000 0 0 52.000 52.000 2704.000 52.000 0 1 59 210 0 0
 9819 165568.000 32372.000 0 0 52.000 52.000 2704.000 52.000 0 1 59 210 0 0
 9820 167075.000 33850.000 0 0 52.000 52.000 2704.000 52.000 0 1 59 210 0 0
 9821 180602.000 51168.000 0 0 56.000 46.000 2576.000 50.754 0 1 135 200 0 0
 9822 187501.000 64439.000 0 0 0.000 0.000 0.000 0.126 0 1 0 0 0 0
 9823 188032.000 66258.000 0 0 56.000 40.000 2240.000 47.328 0 1 171 210 0 0
 9824 190472.000 73310.000 0 0 0.000 0.000 0.000 0.120 0 1 0 0 0 0
 9825 190816.000 74425.000 0 0 0.000 0.000 0.000 0.120 0 1 0 0 0 0
 9826 191225.000 76015.000 0 0 56.000 36.000 2016.000 44.899 0 1 192 200 0 0
 9827 192362.000 80802.000 0 0 0.000 0.000 0.000 0.121 0 1 0 0 0 0
 9828 193667.000 88555.000 0 0 0.000 0.000 0.000 0.120 0 1 0 0 0 0
 9829 194435.000 98524.000 0 0 51.000 24.000 1224.000 34.985 0 1 232 200 0 0
 9830 194164.000 107083.000 0 0 50.000 26.000 1300.000 36.055 0 1 254 200 0 0
 9831 193826.000 110534.000 0 0 52.000 28.000 1456.000 38.157 0 1 261 200 0 0
 9832 193646.000 113275.000 0 0 0.000 0.000 0.000 0.124 0 1 0 0 0 0
 9833 192729.000 118127.000 0 0 0.000 0.000 0.000 0.120 0 1 0 0 0 0
 9834 190134.000 128317.000 0 0 54.000 38.000 2052.000 45.299 0 1 285 200 0 0
 9835 185037.000 141277.000 0 0 56.000 42.000 2352.000 48.497 0 1 320 200 0 0
 9836 180311.000 149909.000 0 0 56.000 48.000 2688.000 51.845 0 1 342 200 0 0
 9837 179203.000 151643.000 0 0 54.000 48.000 2592.000 50.911 0 1 340 210 0 0
 9838 175671.000 156726.000 0 0 55.000 48.000 2640.000 51.380 0 1 340 210 0 0
 9839 172412.000 160761.000 0 0 54.000 52.000 2808.000 52.990 0 1 340 210 0 0
 9840 172411.000 160830.000 0 0 54.000 52.000 2808.000 52.990 0 1 340 210 0 0
 9841 171074.000 162300.000 0 0 52.000 52.000 2704.000 52.000 0 1 340 210 0 0
 9842 170415.000 163134.000 0 0 54.000 50.000 2700.000 51.961 0 1 380 200 0 0
 9843 164032.000 169607.000 0 0 50.000 54.000 2700.000 51.961 0 1 420 200 0 0
 9844 159605.000 173405.000 0 0 0.000 0.000 0.000 0.120 0 1 0 0 0 0
 9845 154591.000 177252.000 0 0 0.000 0.000 0.000 0.122 0 1 0 0 0 0
 9846 152893.000 178431.000 0 0 0.000 0.000 0.000 0.120 0 1 0 0 0 0
 9847 147460.000 181836.000 0 0 0.000 0.000 0.000 0.120 0 1 0 0 0 0
 9848 145189.000 183103.000 0 0 0.000 0.000 0.000 0.120 0 1 0 0 0 0
 9849 143887.000 183765.000 0 0 0.000 0.000 0.000 0.121 0 1 0 0 0 0
 9850 143708.000 183860.000 0 0 0.000 0.000 0.000 0.120 0 1 0 0 0 0
 9851 140305.000 185599.000 0 0 0.000 0.000 0.000 0.120 0 1 0 0 0 0
 9852 140186.000 185645.000 0 0 0.000 0.000 0.000 0.120 0 1 0 0 0 0
 9853 137084.000 187062.000 0 0 0.000 0.000 0.000 0.121 0 1 0 0 0 0
 9854 134113.000 188233.000 0 0 0.000 0.000 0.000 0.120 0 1 0 0 0 0
 9855 130487.000 189588.000 0 0 0.000 0.000 0.000 0.120 0 1 0 0 0 0
 9856 73185.000 190664.000 0 0 38.000 54.000 2052.000 45.299 0 1 512 200 0 0
 9857 70515.000 189804.000 0 0 0.000 0.000 0.000 0.121 0 1 0 0 0 0
 9858 44183.000 176236.000 0 0 0.000 0.000 0.000 0.122 0 1 0 0 0 0
 9859 34151.000 167710.000 0 0 0.000 0.000 0.000 0.122 0 1 0 0 0 0
 9860 32321.000 165863.000 0 0 52.000 52.000 2704.000 52.000 0 1 391 200 0 0
 9861 28516.000 161749.000 0 0 52.000 52.000 2704.000 52.000 0 1 379 200 0 0
 9862 27139.000 160046.000 0 0 54.000 50.000 2700.000 51.961 0 1 372 200 0 0
 9863 21753.000 152831.000 0 0 0.000 0.000 0.000 0.120 0 1 0 0 0 0
 9864 20005.000 150138.000 0 0 0.000 0.000 0.000 0.121 0 1 0 0 0 0
 9865 19939.000 150013.000 0 0 0.000 0.000 0.000 0.122 0 1 0 0 0 0
 9866 16394.000 143865.000 0 0 0.000 0.000 0.000 0.121 0 1 0 0 0 0
 9867 13384.000 137452.000 0 0 54.000 42.000 2268.000 47.623 0 1 309 200 0 0
 9868 10402.000 129606.000 0 0 54.000 38.000 2052.000 45.299 0 1 298 200 0 0
 9869 10039.000 128483.000 0 0 0.000 0.000 0.000 0.121 0 1 0 0 0 0
 9870 5800.000 96468.000 0 0 50.000 24.000 1200.000 34.641 0 1 228 200 0 0
 9871 5868.000 95099.000 0 0 50.000 26.000 1300.000 36.055 0 1 222 200 0 0
 9872 5948.000 93993.000 0 0 50.000 26.000 1300.000 36.055 0 1 222 200 0 0
 9873 6043.000 91963.000 0 0 0.000 0.000 0.000 0.122 0 1 0 0 0 0
 9874 7356.000 82747.000 0 0 54.000 32.000 1728.000 41.569 0 1 202 200 0 0
 9875 7518.000 81893.000 0 0 54.000 32.000 1728.000 41.569 0 1 202 200 0 0
 9876 7627.000 81287.000 0 0 54.000 32.000 1728.000 41.569 0 1 202 200 0 0
 9877 8135.000 78822.000 0 0 0.000 0.000 0.000 0.120 0 1 0 0 0 0
 9878 11634.000 67379.000 0 0 0.000 0.000 0.000 0.121 0 1 0 0 0 0
 9879 12953.000 63965.000 0 0 56.000 42.000 2352.000 48.497 0 1 162 200 0 0
 9880 14613.000 59851.000 0 0 56.000 42.000 2352.000 48.497 0 1 150 200 0 0
 9881 16648.000 56227.000 0 0 0.000 0.000 0.000 0.124 0 1 0 0 0 0
 9882 25808.000 41966.000 0 0 0.000 0.000 0.000 0.124 0 1 0 0 0 0
 9883 27635.000 39583.000 0 0 54.000 52.000 2808.000 52.990 0 1 110 210 0 0
 9884 29125.000 38045.000 0 0 0.000 0.000 0.000 0.120 0 1 0 0 0 0
 9885 41434.000 26269.000 0 0 0.000 0.000 0.000 0.120 0 1 0 0 0 0
 9886 133729.000 12003.000 0 0 40.000 56.000 2240.000 47.328 0 1 7 200 0 0
 9887 143394.000 16285.000 0 0 0.000 0.000 0.000 0.122 0 1 0 0 0 0
 9888 145045.000 17152.000 0 0 0.000 0.000 0.000 0.121 0 1 0 0 0 0
 9889 145515.000 17465.000 0 0 0.000 0.000 0.000 0.120 0 1 0 0 0 0
 9890 146345.000 17962.000 0 0 0.000 0.000 0.000 0.120 0 1 0 0 0 0
 9891 147674.000 18612.000 0 0 46.000 56.000 2576.000 50.754 0 1 34 200 0 0
 9892 147956.000 18810.000 0 0 46.000 56.000 2576.000 50.754 0 1 34 200 0 0
 9893 149058.000 19472.000 0 0 48.000 56.000 2688.000 51.845 0 1 34 200 0 0
 9894 150363.000 20281.000 0 0 0.000 0.000 0.000 0.120 0 1 0 0 0 0
 9895 152563.000 21690.000 0 0 0.000 0.000 0.000 0.122 0 1 0 0 0 0
 9896 157583.000 25270.000 0 0 50.000 54.000 2700.000 51.961 0 1 58 210 0 0
 9897 160875.000 28030.000 0 0 52.000 54.000 2808.000 52.990 0 1 59 210 0 0
 9898 170991.000 37829.000 0 0 0.000 0.000 0.000 0.120 0 1 0 0 0 0
 9899 186695.000 62579.000 0 0 54.000 42.000 2268.000 47.623 0 1 158 200 0 0
 9900 189870.000 70822.000 0 0 54.000 38.000 2052.000 45.299 0 1 178 200 0 0
 9901 190308.000 72344.000 0 0 54.000 38.000 2052.000 45.299 0 1 178 200 0 0
 9902 190627.000 73174.000 0 0 0.000 0.000 0.000 0.120 0 1 0 0 0 0
 9903 192201.000 79283.000 0 0 54.000 34.000 1836.000 42.848 0 1 197 200 0 0
 9904 192933.000 82815.000 0 0 0.000 0.000 0.000 0.122 0 1 0 0 0 0
 9905 193443.000 85655.000 0 0 0.000 0.000 0.000 0.121 0 1 0 0 0 0
 9906 193667.000 87228.000 0 0 0.000 0.000 0.000 0.120 0 1 0 0 0 0
 9907 193735.000 87629.000 0 0 0.000 0.000 0.000 0.122 0 1 0 0 0 0
 9908 194121.000 90850.000 0 0 52.000 28.000 1456.000 38.157 0 1 216 200 0 0
 9909 194534.000 97267.000 0 0 50.000 24.000 1200.000 34.641 0 1 232 200 0 0
 9910 194304.000 107465.000 0 0 50.000 26.000 1300.000 36.055 0 1 254 200 0 0
 9911 193917.000 111492.000 0 0 52.000 30.000 1560.000 39.496 0 1 261 200 0 0
 9912 192219.000 121227.000 0 0 54.000 34.000 1836.000 42.848 0 1 283 210 0 0
 9913 189303.000 131302.000 0 0 0.000 0.000 0.000 0.120 0 1 0 0 0 0
 9914 188512.000 133573.000 0 0 0.000 0.000 0.000 0.120 0 1 0 0 0 0
 9915 188075.000 134754.000 0 0 0.000 0.000 0.000 0.120 0 1 0 0 0 0
 9916 183667.000 144327.000 0 0 0.000 0.000 0.000 0.123 0 1 0 0 0 0
 9917 182661.000 146167.000 0 0 54.000 46.000 2484.000 49.839 0 1 329 200 0 0
 9918 182190.000 147009.000 0 0 0.000 0.000 0.000 0.121 0 1 0 0 0 0
 9919 178700.000 152667.000 0 0 54.000 46.000 2484.000 49.839 0 1 340 210 0 0
 9920 177903.000 153839.000 0 0 54.000 48.000 2592.000 50.911 0 1 340 210 0 0
 9921 173936.000 159195.000 0 0 54.000 50.000 2700.000 51.961 0 1 374 200 0 0
 9922 172652.000 160737.000 0 0 54.000 52.000 2808.000 52.990 0 1 340 210 0 0
 9923 170413.000 163381.000 0 0 54.000 50.000 2700.000 51.961 0 1 380 200 0 0
 9924 169715.000 164284.000 0 0 54.000 50.000 2700.000 51.961 0 1 396 200 0 0
 9925 161976.000 171639.000 0 0 52.000 52.000 2704.000 52.000 0 1 424 200 0 0
 9926 156272.000 176201.000 0 0 0.000 0.000 0.000 0.120 0 1 0 0 0 0
 9927 72636.000 190666.000 0 0 38.000 54.000 2052.000 45.299 0 1 512 200 0 0
 9928 67955.000 189135.000 0 0 0.000 0.000 0.000 0.120 0 1 0 0 0 0
 9929 62405.000 186895.000 0 0 0.000 0.000 0.000 0.121 0 1 0 0 0 0
 9930 61416.000 186454.000 0 0 0.000 0.000 0.000 0.120 0 1 0 0 0 0
 9931 46608.000 178177.000 0 0 0.000 0.000 0.000 0.121 0 1 0 0 0 0
 9932 41475.000 174405.000 0 0 0.000 0.000 0.000 0.122 0 1 0 0 0 0
 9933 40521.000 173645.000 0 0 0.000 0.000 0.000 0.120 0 1 0 0 0 0
 9934 38506.000 171978.000 0 0 0.000 0.000 0.000 0.124 0 1 0 0 0 0
 9935 36843.000 170478.000 0 0 0.000 0.000 0.000 0.120 0 1 0 0 0 0
 9936 20728.000 151565.000 0 0 0.000 0.000 0.000 0.121 0 1 0 0 0 0
 9937 20546.000 151306.000 0 0 0.000 0.000 0.000 0.120 0 1 0 0 0 0
 9938 10398.000 130118.000 0 0 54.000 38.000 2052.000 45.299 0 1 298 200 0 0
 9939 9916.000 128721.000 0 0 0.000 0.000 0.000 0.123 0 1 0 0 0 0
 9940 7297.000 118349.000 0 0 54.000 32.000 1728.000 41.569 0 1 278 200 0 0
 9941 6271.000 87542.000 0 0 52.000 30.000 1560.000 39.496 0 1 209 200 0 0
 9942 8946.000 75084.000 0 0 56.000 36.000 2016.000 44.899 0 1 188 200 0 0
 9943 10774.000 69202.000 0 0 0.000 0.000 0.000 0.120 0 1 0 0 0 0
 9944 12931.000 63641.000 0 0 56.000 42.000 2352.000 48.497 0 1 162 200 0 0
 9945 13042.000 63334.000 0 0 56.000 42.000 2352.000 48.497 0 1 162 200 0 0
 9946 13261.000 62698.000 0 0 54.000 42.000 2268.000 47.623 0 1 162 200 0 0
 9947 21660.000 47148.000 0 0 54.000 46.000 2484.000 49.839 0 1 121 200 0 0
 9948 22603.000 46096.000 0 0 54.000 48.000 2592.000 50.911 0 1 118 200 0 0
 9949 22929.000 45321.000 0 0 54.000 48.000 2592.000 50.911 0 1 118 200 0 0
 9950 23142.000 45262.000 0 0 54.000 48.000 2592.000 50.911 0 1 118 200 0 0
 9951 23958.000 44144.000 0 0 56.000 48.000 2688.000 51.845 0 1 118 200 0 0
 9952 30211.000 36514.000 0 0 54.000 50.000 2700.000 51.961 0 1 100 200 0 0
 9953 30970.000 35727.000 0 0 54.000 52.000 2808.000 52.990 0 1 100 200 0 0
 9954 31732.000 34889.000 0 0 0.000 0.000 0.000 0.121 0 1 0 0 0 0
 9955 39284.000 27797.000 0 0 0.000 0.000 0.000 0.121 0 1 0 0 0 0
 9956 42104.000 25539.000 0 0 50.000 54.000 2700.000 51.961 0 1 57 200 0 0
 9957 44886.000 23445.000 0 0 0.000 0.000 0.000 0.120 0 1 0 0 0 0
 9958 130388.000 10583.000 0 0 0.000 0.000 0.000 0.121 0 1 0 0 0 0
 9959 143518.000 16164.000 0 0 0.000 0.000 0.000 0.121 0 1 0 0 0 0
 9960 148384.000 18833.000 0 0 46.000 56.000 2576.000 50.754 0 1 34 200 0 0
 9961 148467.000 18908.000 0 0 46.000 56.000 2576.000 50.754 0 1 34 200 0 0
 9962 154551.000 22672.000 0 0 48.000 54.000 2592.000 50.911 0 1 45 200 0 0
 9963 155780.000 23761.000 0 0 48.000 56.000 2688.000 51.845 0 1 45 200 0 0
 9964 156227.000 24041.000 0 0 48.000 56.000 2688.000 51.845 0 1 45 200 0 0
 9965 157670.000 25096.000 0 0 50.000 54.000 2700.000 51.961 0 1 58 210 0 0
 9966 158813.000 25993.000 0 0 50.000 54.000 2700.000 51.961 0 1 59 210 0 0
 9967 160966.000 27788.000 0 0 52.000 54.000 2808.000 52.990 0 1 59 210 0 0
 9968 163155.000 29626.000 0 0 50.000 54.000 2700.000 51.961 0 1 59 210 0 0
 9969 165395.000 31675.000 0 0 52.000 54.000 2808.000 52.990 0 1 59 210 0 0
 9970 166518.000 32830.000 0 0 0.000 0.000 0.000 0.121 0 1 0 0 0 0
 9971 167301.000 33601.000 0 0 52.000 52.000 2704.000 52.000 0 1 59 210 0 0
 9972 169504.000 35900.000 0 0 54.000 50.000 2700.000 51.961 0 1 59 210 0 0
 9973 184401.000 57207.000 0 0 0.000 0.000 0.000 0.120 0 1 0 0 0 0
 9974 184438.000 57260.000 0 0 0.000 0.000 0.000 0.120 0 1 0 0 0 0
 9975 187280.000 63402.000 0 0 56.000 42.000 2352.000 48.497 0 1 158 200 0 0
 9976 189530.000 69392.000 0 0 0.000 0.000 0.000 0.120 0 1 0 0 0 0
 9977 190368.000 71751.000 0 0 54.000 38.000 2052.000 45.299 0 1 178 200 0 0
 9978 191116.000 74302.000 0 0 0.000 0.000 0.000 0.121 0 1 0 0 0 0
 9979 194153.000 89753.000 0 0 52.000 28.000 1456.000 38.157 0 1 216 200 0 0
 9980 194193.000 90114.000 0 0 52.000 28.000 1456.000 38.157 0 1 216 200 0 0
 9981 194308.000 91374.000 0 0 52.000 28.000 1456.000 38.157 0 1 216 200 0 0
 9982 194328.000 91505.000 0 0 52.000 28.000 1456.000 38.157 0 1 216 200 0 0
 9983 194696.000 97793.000 0 0 50.000 24.000 1200.000 34.641 0 1 232 200 0 0
 9984 194732.000 100512.000 0 0 51.000 24.000 1224.000 34.985 0 1 237 200 0 0
 9985 194819.000 101475.000 0 0 50.000 24.000 1200.000 34.641 0 1 237 200 0 0
 9986 194417.000 108125.000 0 0 52.000 28.000 1456.000 38.157 0 1 254 200 0 0
 9987 194363.000 109006.000 0 0 0.000 0.000 0.000 0.120 0 1 0 0 0 0
 9988 194247.000 110293.000 0 0 52.000 28.000 1456.000 38.157 0 1 261 200 0 0
 9989 193141.000 117711.000 0 0 0.000 0.000 0.000 0.121 0 1 0 0 0 0
 9990 185133.000 141868.000 0 0 56.000 44.000 2464.000 49.638 0 1 320 200 0 0
 9991 184529.000 143093.000 0 0 0.000 0.000 0.000 0.124 0 1 0 0 0 0
 9992 183027.000 145882.000 0 0 54.000 46.000 2484.000 49.839 0 1 329 200 0 0
 9993 181062.000 149280.000 0 0 56.000 46.000 2576.000 50.754 0 1 342 200 0 0
 9994 180666.000 149873.000 0 0 56.000 48.000 2688.000 51.845 0 1 342 200 0 0
 9995 170366.000 163687.000 0 0 54.000 50.000 2700.000 51.961 0 1 380 200 0 0
 9996 156021.000 176563.000 0 0 0.000 0.000 0.000 0.122 0 1 0 0 0 0
 9997 152761.000 178908.000 0 0 0.000 0.000 0.000 0.121 0 1 0 0 0 0
 9998 150556.000 180319.000 0 0 48.000 56.000 2688.000 51.845 0 1 474 200 0 0
 9999 142207.000 185047.000 0 0 0.000 0.000 0.000 0.120 0 1 0 0 0 0
 10000 140429.000 185904.000 0 0 0.000 0.000 0.000 0.122 0 1 0 0 0 0
 10001 140236.000 185974.000 0 0 0.000 0.000 0.000 0.120 0 1 0 0 0 0
 10002 132944.000 189048.000 0 0 0.000 0.000 0.000 0.120 0 1 0 0 0 0
 10003 73496.000 191197.000 0 0 36.000 56.000 2016.000 44.899 0 1 512 200 0 0
 10004 68096.000 189358.000 0 0 0.000 0.000 0.000 0.120 0 1 0 0 0 0
 10005 64647.000 188032.000 0 0 0.000 0.000 0.000 0.122 0 1 0 0 0 0
 10006 62831.000 187257.000 0 0 0.000 0.000 0.000 0.122 0 1 0 0 0 0
 10007 30582.000 164520.000 0 0 54.000 52.000 2808.000 52.990 0 1 391 200 0 0
 10008 30338.000 164276.000 0 0 54.000 50.000 2700.000 51.961 0 1 391 200 0 0
 10009 25800.000 158948.000 0 0 54.000 50.000 2700.000 51.961 0 1 373 200 0 0
 10010 23075.000 155306.000 0 0 0.000 0.000 0.000 0.120 0 1 0 0 0 0
 10011 22710.000 154781.000 0 0 0.000 0.000 0.000 0.120 0 1 0 0 0 0
 10012 21381.000 152847.000 0 0 0.000 0.000 0.000 0.120 0 1 0 0 0 0
 10013 20766.000 152033.000 0 0 0.000 0.000 0.000 0.120 0 1 0 0 0 0
 10014 19166.000 149361.000 0 0 0.000 0.000 0.000 0.120 0 1 0 0 0 0
 10015 17275.000 146201.000 0 0 0.000 0.000 0.000 0.120 0 1 0 0 0 0
 10016 17136.000 145926.000 0 0 0.000 0.000 0.000 0.120 0 1 0 0 0 0
 10017 13921.000 139470.000 0 0 0.000 0.000 0.000 0.121 0 1 0 0 0 0
 10018 13064.000 137629.000 0 0 54.000 42.000 2268.000 47.623 0 1 309 200 0 0
 10019 7174.000 118608.000 0 0 54.000 32.000 1728.000 41.569 0 1 278 200 0 0
 10020 5628.000 93595.000 0 0 50.000 26.000 1300.000 36.055 0 1 222 200 0 0
 10021 5678.000 93311.000 0 0 50.000 26.000 1300.000 36.055 0 1 222 200 0 0
 10022 6597.000 85085.000 0 0 52.000 30.000 1560.000 39.496 0 1 209 200 0 0
 10023 7775.000 78841.000 0 0 0.000 0.000 0.000 0.120 0 1 0 0 0 0
 10024 9725.000 71875.000 0 0 54.000 38.000 2052.000 45.299 0 1 182 200 0 0
 10025 9957.000 71210.000 0 0 54.000 38.000 2052.000 45.299 0 1 182 200 0 0
 10026 10962.000 68151.000 0 0 0.000 0.000 0.000 0.122 0 1 0 0 0 0
 10027 13628.000 61535.000 0 0 0.000 0.000 0.000 0.121 0 1 0 0 0 0
 10028 22437.000 45946.000 0 0 54.000 48.000 2592.000 50.911 0 1 118 200 0 0
 10029 22728.000 45529.000 0 0 54.000 48.000 2592.000 50.911 0 1 118 200 0 0
 10030 23159.000 44888.000 0 0 54.000 48.000 2592.000 50.911 0 1 118 200 0 0
 10031 25197.000 42191.000 0 0 0.000 0.000 0.000 0.121 0 1 0 0 0 0
 10032 29907.000 36587.000 0 0 54.000 50.000 2700.000 51.961 0 1 100 200 0 0
 10033 37319.000 29271.000 0 0 50.000 52.000 2600.000 50.990 0 1 73 200 0 0
 10034 37925.000 28790.000 0 0 52.000 52.000 2704.000 52.000 0 1 73 200 0 0
 10035 40605.000 26474.000 0 0 0.000 0.000 0.000 0.120 0 1 0 0 0 0
 10036 46564.000 22067.000 0 0 0.000 0.000 0.000 0.120 0 1 0 0 0 0
 10037 139392.000 13966.000 0 0 42.000 54.000 2268.000 47.623 0 1 16 200 0 0
 10038 141376.000 14923.000 0 0 0.000 0.000 0.000 0.121 0 1 0 0 0 0
 10039 143197.000 15865.000 0 0 0.000 0.000 0.000 0.121 0 1 0 0 0 0
 10040 146492.000 17563.000 0 0 0.000 0.000 0.000 0.120 0 1 0 0 0 0
 10041 155691.000 23435.000 0 0 48.000 56.000 2688.000 51.845 0 1 45 200 0 0
 10042 155812.000 23562.000 0 0 48.000 56.000 2688.000 51.845 0 1 45 200 0 0
 10043 156701.000 24233.000 0 0 48.000 56.000 2688.000 51.845 0 1 45 200 0 0
 10044 160613.000 27269.000 0 0 52.000 54.000 2808.000 52.990 0 1 59 210 0 0
 10045 164477.000 30684.000 0 0 0.000 0.000 0.000 0.125 0 1 0 0 0 0
 10046 172624.000 39183.000 0 0 0.000 0.000 0.000 0.120 0 1 0 0 0 0
 10047 182992.000 54249.000 0 0 0.000 0.000 0.000 0.121 0 1 0 0 0 0
 10048 183473.000 54778.000 0 0 0.000 0.000 0.000 0.126 0 1 0 0 0 0
 10049 186007.000 60117.000 0 0 56.000 42.000 2352.000 48.497 0 1 155 200 0 0
 10050 186142.000 60480.000 0 0 56.000 42.000 2352.000 48.497 0 1 155 200 0 0
 10051 191392.000 74747.000 0 0 0.000 0.000 0.000 0.120 0 1 0 0 0 0
 10052 192536.000 79137.000 0 0 54.000 34.000 1836.000 42.848 0 1 197 200 0 0
 10053 193113.000 81880.000 0 0 0.000 0.000 0.000 0.122 0 1 0 0 0 0
 10054 194720.000 93627.000 0 0 0.000 0.000 0.000 0.122 0 1 0 0 0 0
 10055 194775.000 95113.000 0 0 0.000 0.000 0.000 0.120 0 1 0 0 0 0
 10056 194910.000 99152.000 0 0 50.000 24.000 1200.000 34.641 0 1 232 200 0 0
 10057 194914.000 102245.000 0 0 50.000 24.000 1200.000 34.641 0 1 237 200 0 0
 10058 194889.000 102645.000 0 0 50.000 24.000 1200.000 34.641 0 1 237 200 0 0
 10059 194734.000 106824.000 0 0 50.000 26.000 1300.000 36.055 0 1 254 200 0 0
 10060 193915.000 114884.000 0 0 0.000 0.000 0.000 0.123 0 1 0 0 0 0
 10061 193733.000 114929.000 0 0 0.000 0.000 0.000 0.120 0 1 0 0 0 0
 10062 193505.000 116601.000 0 0 0.000 0.000 0.000 0.120 0 1 0 0 0 0
 10063 191778.000 124315.000 0 0 56.000 36.000 2016.000 44.899 0 1 285 200 0 0
 10064 191072.000 126990.000 0 0 54.000 38.000 2052.000 45.299 0 1 285 200 0 0
 10065 190439.000 129102.000 0 0 54.000 38.000 2052.000 45.299 0 1 285 200 0 0
 10066 187900.000 136073.000 0 0 0.000 0.000 0.000 0.120 0 1 0 0 0 0
 10067 186546.000 139585.000 0 0 0.000 0.000 0.000 0.126 0 1 0 0 0 0
 10068 182228.000 147680.000 0 0 0.000 0.000 0.000 0.120 0 1 0 0 0 0
 10069 179827.000 151642.000 0 0 54.000 48.000 2592.000 50.911 0 1 340 210 0 0
 10070 177517.000 155024.000 0 0 0.000 0.000 0.000 0.120 0 1 0 0 0 0
 10071 175394.000 157865.000 0 0 0.000 0.000 0.000 0.120 0 1 0 0 0 0
 10072 158195.000 175178.000 0 0 0.000 0.000 0.000 0.120 0 1 0 0 0 0
 10073 150464.000 180549.000 0 0 48.000 56.000 2688.000 51.845 0 1 474 200 0 0
 10074 149493.000 181200.000 0 0 0.000 0.000 0.000 0.122 0 1 0 0 0 0
 10075 142146.000 185222.000 0 0 0.000 0.000 0.000 0.121 0 1 0 0 0 0
 10076 132452.000 189397.000 0 0 0.000 0.000 0.000 0.120 0 1 0 0 0 0
 10077 63095.000 187566.000 0 0 0.000 0.000 0.000 0.120 0 1 0 0 0 0
 10078 59177.000 185825.000 0 0 0.000 0.000 0.000 0.122 0 1 0 0 0 0
 10079 29266.000 163315.000 0 0 0.000 0.000 0.000 0.121 0 1 0 0 0 0
 10080 27501.000 161319.000 0 0 0.000 0.000 0.000 0.122 0 1 0 0 0 0
 10081 26697.000 160354.000 0 0 54.000 50.000 2700.000 51.961 0 1 372 200 0 0
 10082 16641.000 145352.000 0 0 0.000 0.000 0.000 0.121 0 1 0 0 0 0
 10083 12632.000 137003.000 0 0 56.000 42.000 2352.000 48.497 0 1 309 200 0 0
 10084 11477.000 134090.000 0 0 0.000 0.000 0.000 0.122 0 1 0 0 0 0
 10085 5221.000 102805.000 0 0 50.000 24.000 1200.000 34.641 0 1 246 200 0 0
 10086 5314.000 96435.000 0 0 50.000 24.000 1200.000 34.641 0 1 228 200 0 0
 10087 5283.000 96120.000 0 0 50.000 26.000 1300.000 36.055 0 1 228 200 0 0
 10088 5415.000 93858.000 0 0 50.000 26.000 1300.000 36.055 0 1 222 200 0 0
 10089 5652.000 91005.000 0 0 0.000 0.000 0.000 0.120 0 1 0 0 0 0
 10090 5724.000 90244.000 0 0 0.000 0.000 0.000 0.120 0 1 0 0 0 0
 10091 6057.000 87596.000 0 0 52.000 30.000 1560.000 39.496 0 1 209 200 0 0
 10092 6338.000 85627.000 0 0 52.000 30.000 1560.000 39.496 0 1 209 200 0 0
 10093 7589.000 79091.000 0 0 0.000 0.000 0.000 0.121 0 1 0 0 0 0
 10094 7848.000 77947.000 0 0 0.000 0.000 0.000 0.121 0 1 0 0 0 0
 10095 8752.000 74577.000 0 0 56.000 36.000 2016.000 44.899 0 1 188 200 0 0
 10096 11373.000 66607.000 0 0 0.000 0.000 0.000 0.120 0 1 0 0 0 0
 10097 13919.000 60509.000 0 0 56.000 42.000 2352.000 48.497 0 1 150 200 0 0
 10098 14174.000 59985.000 0 0 56.000 42.000 2352.000 48.497 0 1 150 200 0 0
 10099 15098.000 58012.000 0 0 56.000 44.000 2464.000 49.638 0 1 150 200 0 0
 10100 15143.000 57933.000 0 0 56.000 44.000 2464.000 49.638 0 1 150 200 0 0
 10101 15459.000 57302.000 0 0 56.000 44.000 2464.000 49.638 0 1 150 200 0 0
 10102 15478.000 57272.000 0 0 56.000 44.000 2464.000 49.638 0 1 150 200 0 0
 10103 16634.000 55000.000 0 0 0.000 0.000 0.000 0.122 0 1 0 0 0 0
 10104 21285.000 47367.000 0 0 54.000 46.000 2484.000 49.839 0 1 121 200 0 0
 10105 29548.000 36802.000 0 0 54.000 50.000 2700.000 51.961 0 1 100 200 0 0
 10106 125312.000 8664.000 0 0 0.000 0.000 0.000 0.124 0 1 0 0 0 0
 10107 139987.000 14086.000 0 0 42.000 56.000 2352.000 48.497 0 1 16 200 0 0
 10108 142103.000 15114.000 0 0 0.000 0.000 0.000 0.124 0 1 0 0 0 0
 10109 144366.000 16178.000 0 0 0.000 0.000 0.000 0.121 0 1 0 0 0 0
 10110 150973.000 19893.000 0 0 48.000 56.000 2688.000 51.845 0 1 39 200 0 0
 10111 153726.000 21897.000 0 0 48.000 54.000 2592.000 50.911 0 1 45 200 0 0
 10112 157756.000 24797.000 0 0 50.000 54.000 2700.000 51.961 0 1 58 210 0 0
 10113 157902.000 24920.000 0 0 50.000 54.000 2700.000 51.961 0 1 58 210 0 0
 10114 159864.000 26338.000 0 0 50.000 54.000 2700.000 51.961 0 1 59 210 0 0
 10115 164560.000 30526.000 0 0 0.000 0.000 0.000 0.120 0 1 0 0 0 0
 10116 167446.000 33296.000 0 0 52.000 52.000 2704.000 52.000 0 1 59 210 0 0
 10117 181825.000 51872.000 0 0 0.000 0.000 0.000 0.120 0 1 0 0 0 0
 10118 186877.000 61640.000 0 0 54.000 42.000 2268.000 47.623 0 1 158 200 0 0
 10119 189369.000 67771.000 0 0 0.000 0.000 0.000 0.120 0 1 0 0 0 0
 10120 189563.000 68360.000 0 0 0.000 0.000 0.000 0.120 0 1 0 0 0 0
 10121 190435.000 70910.000 0 0 54.000 38.000 2052.000 45.299 0 1 178 200 0 0
 10122 194189.000 87150.000 0 0 0.000 0.000 0.000 0.120 0 1 0 0 0 0
 10123 195112.000 99905.000 0 0 51.000 24.000 1224.000 34.985 0 1 237 200 0 0
 10124 195088.000 100823.000 0 0 50.000 24.000 1200.000 34.641 0 1 237 200 0 0
 10125 194997.000 104342.000 0 0 50.000 26.000 1300.000 36.055 0 1 249 200 0 0
 10126 194919.000 106170.000 0 0 50.000 26.000 1300.000 36.055 0 1 254 200 0 0
 10127 194758.000 108227.000 0 0 52.000 28.000 1456.000 38.157 0 1 254 200 0 0
 10128 194501.000 110714.000 0 0 52.000 28.000 1456.000 38.157 0 1 261 200 0 0
 10129 191661.000 125551.000 0 0 0.000 0.000 0.000 0.122 0 1 0 0 0 0
 10130 191055.000 127698.000 0 0 54.000 38.000 2052.000 45.299 0 1 285 200 0 0
 10131 189717.000 131783.000 0 0 0.000 0.000 0.000 0.120 0 1 0 0 0 0
 10132 182758.000 147061.000 0 0 0.000 0.000 0.000 0.121 0 1 0 0 0 0
 10133 181195.000 149637.000 0 0 56.000 48.000 2688.000 51.845 0 1 342 200 0 0
 10134 174139.000 159754.000 0 0 54.000 50.000 2700.000 51.961 0 1 374 200 0 0
 10135 173546.000 160469.000 0 0 54.000 50.000 2700.000 51.961 0 1 374 200 0 0
 10136 171257.000 163197.000 0 0 52.000 50.000 2600.000 50.990 0 1 380 200 0 0
 10137 169577.000 165030.000 0 0 54.000 52.000 2808.000 52.990 0 1 396 200 0 0
 10138 169225.000 165350.000 0 0 54.000 52.000 2808.000 52.990 0 1 396 200 0 0
 10139 167816.000 166901.000 0 0 0.000 0.000 0.000 0.121 0 1 0 0 0 0
 10140 167635.000 167016.000 0 0 0.000 0.000 0.000 0.121 0 1 0 0 0 0
 10141 158830.000 174920.000 0 0 0.000 0.000 0.000 0.120 0 1 0 0 0 0
 10142 157596.000 175856.000 0 0 0.000 0.000 0.000 0.120 0 1 0 0 0 0
 10143 142578.000 185252.000 0 0 0.000 0.000 0.000 0.120 0 1 0 0 0 0
 10144 141513.000 185739.000 0 0 0.000 0.000 0.000 0.122 0 1 0 0 0 0
 10145 137880.000 187395.000 0 0 0.000 0.000 0.000 0.121 0 1 0 0 0 0
 10146 73858.000 191564.000 0 0 36.000 56.000 2016.000 44.899 0 1 512 200 0 0
 10147 71899.000 190960.000 0 0 38.000 54.000 2052.000 45.299 0 1 512 200 0 0
 10148 71201.000 190753.000 0 0 38.000 54.000 2052.000 45.299 0 1 512 200 0 0
 10149 69040.000 190061.000 0 0 0.000 0.000 0.000 0.123 0 1 0 0 0 0
 10150 57713.000 185306.000 0 0 0.000 0.000 0.000 0.121 0 1 0 0 0 0
 10151 35582.000 169980.000 0 0 0.000 0.000 0.000 0.121 0 1 0 0 0 0
 10152 35175.000 169635.000 0 0 0.000 0.000 0.000 0.121 0 1 0 0 0 0
 10153 34442.000 168945.000 0 0 0.000 0.000 0.000 0.121 0 1 0 0 0 0
 10154 31551.000 166076.000 0 0 52.000 52.000 2704.000 52.000 0 1 391 200 0 0
 10155 24377.000 157634.000 0 0 0.000 0.000 0.000 0.122 0 1 0 0 0 0
 10156 15428.000 143448.000 0 0 0.000 0.000 0.000 0.120 0 1 0 0 0 0
 10157 13873.000 140172.000 0 0 0.000 0.000 0.000 0.120 0 1 0 0 0 0
 10158 12831.000 137898.000 0 0 54.000 42.000 2268.000 47.623 0 1 309 200 0 0
 10159 11402.000 134485.000 0 0 0.000 0.000 0.000 0.121 0 1 0 0 0 0
 10160 10147.000 130946.000 0 0 0.000 0.000 0.000 0.120 0 1 0 0 0 0
 10161 8982.000 127286.000 0 0 0.000 0.000 0.000 0.122 0 1 0 0 0 0
 10162 8186.000 124477.000 0 0 0.000 0.000 0.000 0.120 0 1 0 0 0 0
 10163 6424.000 116393.000 0 0 0.000 0.000 0.000 0.120 0 1 0 0 0 0
 10164 6128.000 114682.000 0 0 0.000 0.000 0.000 0.121 0 1 0 0 0 0
 10165 5092.000 96198.000 0 0 50.000 26.000 1300.000 36.055 0 1 228 200 0 0
 10166 6114.000 86008.000 0 0 52.000 30.000 1560.000 39.496 0 1 209 200 0 0
 10167 6107.000 85103.000 0 0 52.000 30.000 1560.000 39.496 0 1 209 200 0 0
 10168 6593.000 82825.000 0 0 54.000 32.000 1728.000 41.569 0 1 202 200 0 0
 10169 6756.000 82244.000 0 0 54.000 32.000 1728.000 41.569 0 1 202 200 0 0
 10170 6917.000 81505.000 0 0 54.000 32.000 1728.000 41.569 0 1 202 200 0 0
 10171 8586.000 74460.000 0 0 56.000 36.000 2016.000 44.899 0 1 188 200 0 0
 10172 9259.000 72202.000 0 0 54.000 38.000 2052.000 45.299 0 1 182 200 0 0
 10173 16826.000 54034.000 0 0 0.000 0.000 0.000 0.125 0 1 0 0 0 0
 10174 18990.000 50661.000 0 0 0.000 0.000 0.000 0.121 0 1 0 0 0 0
 10175 21507.000 46472.000 0 0 54.000 48.000 2592.000 50.911 0 1 121 200 0 0
 10176 23397.000 44048.000 0 0 56.000 48.000 2688.000 51.845 0 1 118 200 0 0
 10177 28885.000 37229.000 0 0 52.000 50.000 2600.000 50.990 0 1 100 200 0 0
 10178 40793.000 25930.000 0 0 0.000 0.000 0.000 0.120 0 1 0 0 0 0
 10179 41601.000 25261.000 0 0 50.000 54.000 2700.000 51.961 0 1 57 200 0 0
 10180 46139.000 21771.000 0 0 0.000 0.000 0.000 0.124 0 1 0 0 0 0
 10181 126518.000 8735.000 0 0 0.000 0.000 0.000 0.121 0 1 0 0 0 0
 10182 127901.000 9272.000 0 0 0.000 0.000 0.000 0.120 0 1 0 0 0 0
 10183 134296.000 11464.000 0 0 42.000 56.000 2352.000 48.497 0 1 7 200 0 0
 10184 134631.000 11494.000 0 0 42.000 56.000 2352.000 48.497 0 1 7 200 0 0
 10185 141036.000 14329.000 0 0 0.000 0.000 0.000 0.125 0 1 0 0 0 0
 10186 144588.000 16138.000 0 0 0.000 0.000 0.000 0.122 0 1 0 0 0 0
 10187 151216.000 20011.000 0 0 48.000 56.000 2688.000 51.845 0 1 39 200 0 0
 10188 153012.000 21001.000 0 0 0.000 0.000 0.000 0.127 0 1 0 0 0 0
 10189 158779.000 25328.000 0 0 50.000 54.000 2700.000 51.961 0 1 59 210 0 0
 10190 159370.000 25795.000 0 0 50.000 54.000 2700.000 51.961 0 1 59 210 0 0
 10191 160125.000 26435.000 0 0 50.000 54.000 2700.000 51.961 0 1 59 210 0 0
 10192 160584.000 26797.000 0 0 50.000 54.000 2700.000 51.961 0 1 59 210 0 0
 10193 161657.000 27725.000 0 0 0.000 0.000 0.000 0.122 0 1 0 0 0 0
 10194 161878.000 27880.000 0 0 0.000 0.000 0.000 0.122 0 1 0 0 0 0
 10195 166347.000 32004.000 0 0 0.000 0.000 0.000 0.120 0 1 0 0 0 0
 10196 169209.000 34805.000 0 0 0.000 0.000 0.000 0.121 0 1 0 0 0 0
 10197 171163.000 36944.000 0 0 0.000 0.000 0.000 0.120 0 1 0 0 0 0
 10198 181940.000 51725.000 0 0 0.000 0.000 0.000 0.120 0 1 0 0 0 0
 10199 183527.000 54469.000 0 0 0.000 0.000 0.000 0.122 0 1 0 0 0 0
 10200 187316.000 62194.000 0 0 54.000 42.000 2268.000 47.623 0 1 158 200 0 0
 10201 190171.000 69557.000 0 0 0.000 0.000 0.000 0.122 0 1 0 0 0 0
 10202 192324.000 76592.000 0 0 54.000 36.000 1944.000 44.090 0 1 193 200 0 0
 10203 193123.000 80200.000 0 0 0.000 0.000 0.000 0.120 0 1 0 0 0 0
 10204 193297.000 81095.000 0 0 0.000 0.000 0.000 0.120 0 1 0 0 0 0
 10205 195009.000 93817.000 0 0 0.000 0.000 0.000 0.121 0 1 0 0 0 0
 10206 195147.000 104494.000 0 0 50.000 26.000 1300.000 36.055 0 1 249 200 0 0
 10207 195116.000 105361.000 0 0 50.000 26.000 1300.000 36.055 0 1 254 200 0 0
 10208 195072.000 105938.000 0 0 50.000 26.000 1300.000 36.055 0 1 254 200 0 0
 10209 194712.000 110521.000 0 0 52.000 28.000 1456.000 38.157 0 1 261 200 0 0
 10210 193842.000 116632.000 0 0 0.000 0.000 0.000 0.120 0 1 0 0 0 0
 10211 193810.000 116840.000 0 0 0.000 0.000 0.000 0.120 0 1 0 0 0 0
 10212 192819.000 121767.000 0 0 54.000 34.000 1836.000 42.848 0 1 283 210 0 0
 10213 180804.000 150632.000 0 0 56.000 48.000 2688.000 51.845 0 1 342 200 0 0
 10214 177014.000 156228.000 0 0 0.000 0.000 0.000 0.120 0 1 0 0 0 0
 10215 175287.000 158547.000 0 0 0.000 0.000 0.000 0.121 0 1 0 0 0 0
 10216 175177.000 158750.000 0 0 0.000 0.000 0.000 0.121 0 1 0 0 0 0
 10217 174024.000 160194.000 0 0 54.000 50.000 2700.000 51.961 0 1 374 200 0 0
 10218 172197.000 162378.000 0 0 0.000 0.000 0.000 0.124 0 1 0 0 0 0
 10219 170774.000 163988.000 0 0 54.000 50.000 2700.000 51.961 0 1 380 200 0 0
 10220 161377.000 173238.000 0 0 0.000 0.000 0.000 0.124 0 1 0 0 0 0
 10221 154024.000 178688.000 0 0 0.000 0.000 0.000 0.120 0 1 0 0 0 0
 10222 69894.000 190535.000 0 0 0.000 0.000 0.000 0.121 0 1 0 0 0 0
 10223 25143.000 158938.000 0 0 54.000 50.000 2700.000 51.961 0 1 373 200 0 0
 10224 10664.000 132906.000 0 0 0.000 0.000 0.000 0.121 0 1 0 0 0 0
 10225 5251.000 91912.000 0 0 0.000 0.000 0.000 0.121 0 1 0 0 0 0
 10226 5844.000 86604.000 0 0 52.000 30.000 1560.000 39.496 0 1 209 200 0 0
 10227 6092.000 84799.000 0 0 52.000 30.000 1560.000 39.496 0 1 209 200 0 0
 10228 6529.000 81809.000 0 0 54.000 32.000 1728.000 41.569 0 1 202 200 0 0
 10229 8876.000 72939.000 0 0 54.000 38.000 2052.000 45.299 0 1 182 200 0 0
 10230 11725.000 64685.000 0 0 0.000 0.000 0.000 0.124 0 1 0 0 0 0
 10231 14500.000 58505.000 0 0 56.000 42.000 2352.000 48.497 0 1 150 200 0 0
 10232 17329.000 53017.000 0 0 0.000 0.000 0.000 0.121 0 1 0 0 0 0
 10233 20932.000 47300.000 0 0 54.000 46.000 2484.000 49.839 0 1 121 200 0 0
 10234 22994.000 44365.000 0 0 56.000 48.000 2688.000 51.845 0 1 118 200 0 0
 10235 30266.000 35445.000 0 0 54.000 50.000 2700.000 51.961 0 1 100 200 0 0
 10236 37896.000 28062.000 0 0 52.000 52.000 2704.000 52.000 0 1 73 200 0 0
 10237 129452.000 9571.000 0 0 38.000 54.000 2052.000 45.299 0 1 5 200 0 0
 10238 136001.000 11943.000 0 0 42.000 56.000 2352.000 48.497 0 1 7 200 0 0
 10239 138901.000 13271.000 0 0 42.000 54.000 2268.000 47.623 0 1 16 200 0 0
 10240 139272.000 13356.000 0 0 42.000 54.000 2268.000 47.623 0 1 16 200 0 0
 10241 148479.000 18083.000 0 0 0.000 0.000 0.000 0.120 0 1 0 0 0 0
 10242 150831.000 19570.000 0 0 48.000 56.000 2688.000 51.845 0 1 39 200 0 0
 10243 151566.000 20015.000 0 0 48.000 56.000 2688.000 51.845 0 1 39 200 0 0
 10244 154260.000 21820.000 0 0 48.000 54.000 2592.000 50.911 0 1 45 200 0 0
 10245 158761.000 25159.000 0 0 50.000 54.000 2700.000 51.961 0 1 59 210 0 0
 10246 186637.000 60282.000 0 0 56.000 42.000 2352.000 48.497 0 1 155 200 0 0
 10247 188274.000 64054.000 0 0 0.000 0.000 0.000 0.120 0 1 0 0 0 0
 10248 189819.000 68084.000 0 0 0.000 0.000 0.000 0.120 0 1 0 0 0 0
 10249 192535.000 77071.000 0 0 54.000 36.000 1944.000 44.090 0 1 193 200 0 0
 10250 192710.000 77569.000 0 0 54.000 34.000 1836.000 42.848 0 1 193 200 0 0
 10251 194975.000 90599.000 0 0 0.000 0.000 0.000 0.120 0 1 0 0 0 0
 10252 195135.000 92874.000 0 0 0.000 0.000 0.000 0.122 0 1 0 0 0 0
 10253 195417.000 102612.000 0 0 50.000 24.000 1200.000 34.641 0 1 237 200 0 0
 10254 195253.000 105830.000 0 0 50.000 26.000 1300.000 36.055 0 1 254 200 0 0
 10255 195138.000 107594.000 0 0 50.000 26.000 1300.000 36.055 0 1 254 200 0 0
 10256 194610.000 112487.000 0 0 0.000 0.000 0.000 0.120 0 1 0 0 0 0
 10257 194338.000 114650.000 0 0 0.000 0.000 0.000 0.121 0 1 0 0 0 0
 10258 193263.000 120533.000 0 0 0.000 0.000 0.000 0.120 0 1 0 0 0 0
 10259 184029.000 145490.000 0 0 0.000 0.000 0.000 0.120 0 1 0 0 0 0
 10260 176779.000 156859.000 0 0 0.000 0.000 0.000 0.121 0 1 0 0 0 0
 10261 176605.000 157169.000 0 0 0.000 0.000 0.000 0.121 0 1 0 0 0 0
 10262 165014.000 170059.000 0 0 0.000 0.000 0.000 0.121 0 1 0 0 0 0
 10263 164823.000 170250.000 0 0 0.000 0.000 0.000 0.121 0 1 0 0 0 0
 10264 157611.000 176252.000 0 0 0.000 0.000 0.000 0.120 0 1 0 0 0 0
 10265 153962.000 179065.000 0 0 0.000 0.000 0.000 0.123 0 1 0 0 0 0
 10266 136593.000 188322.000 0 0 0.000 0.000 0.000 0.120 0 1 0 0 0 0
 10267 132769.000 189827.000 0 0 0.000 0.000 0.000 0.121 0 1 0 0 0 0
 10268 74777.000 192207.000 0 0 0.000 0.000 0.000 0.121 0 1 0 0 0 0
 10269 71466.000 191214.000 0 0 38.000 54.000 2052.000 45.299 0 1 512 200 0 0
 10270 27138.000 161643.000 0 0 0.000 0.000 0.000 0.120 0 1 0 0 0 0
 10271 25530.000 159721.000 0 0 54.000 50.000 2700.000 51.961 0 1 373 200 0 0
 10272 9648.000 130980.000 0 0 0.000 0.000 0.000 0.126 0 1 0 0 0 0
 10273 6856.000 120294.000 0 0 0.000 0.000 0.000 0.120 0 1 0 0 0 0
 10274 4721.000 101607.000 0 0 0.000 0.000 0.000 0.120 0 1 0 0 0 0
 10275 4795.000 95696.000 0 0 50.000 26.000 1300.000 36.055 0 1 228 200 0 0
 10276 4943.000 93295.000 0 0 50.000 26.000 1300.000 36.055 0 1 222 200 0 0
 10277 4954.000 93158.000 0 0 50.000 26.000 1300.000 36.055 0 1 222 200 0 0
 10278 5575.000 87138.000 0 0 52.000 30.000 1560.000 39.496 0 1 209 200 0 0
 10279 5555.000 86581.000 0 0 52.000 30.000 1560.000 39.496 0 1 209 200 0 0
 10280 6346.000 82486.000 0 0 54.000 32.000 1728.000 41.569 0 1 202 200 0 0
 10281 6447.000 82054.000 0 0 54.000 32.000 1728.000 41.569 0 1 202 200 0 0
 10282 7176.000 78547.000 0 0 0.000 0.000 0.000 0.120 0 1 0 0 0 0
 10283 11912.000 63814.000 0 0 0.000 0.000 0.000 0.120 0 1 0 0 0 0
 10284 13814.000 59489.000 0 0 56.000 42.000 2352.000 48.497 0 1 150 200 0 0
 10285 20587.000 47494.000 0 0 54.000 48.000 2592.000 50.911 0 1 121 200 0 0
 10286 22593.000 44611.000 0 0 54.000 48.000 2592.000 50.911 0 1 118 200 0 0
 10287 24183.000 42424.000 0 0 0.000 0.000 0.000 0.120 0 1 0 0 0 0
 10288 38156.000 27628.000 0 0 52.000 54.000 2808.000 52.990 0 1 73 200 0 0
 10289 128490.000 9083.000 0 0 0.000 0.000 0.000 0.120 0 1 0 0 0 0
 10290 135299.000 11495.000 0 0 42.000 56.000 2352.000 48.497 0 1 7 200 0 0
 10291 139856.000 13441.000 0 0 42.000 56.000 2352.000 48.497 0 1 16 200 0 0
 10292 154125.000 21532.000 0 0 48.000 54.000 2592.000 50.911 0 1 45 200 0 0
 10293 157292.000 23806.000 0 0 50.000 54.000 2700.000 51.961 0 1 45 200 0 0
 10294 158801.000 24944.000 0 0 50.000 54.000 2700.000 51.961 0 1 59 210 0 0
 10295 160456.000 26290.000 0 0 50.000 54.000 2700.000 51.961 0 1 59 210 0 0
 10296 161769.000 27336.000 0 0 0.000 0.000 0.000 0.122 0 1 0 0 0 0
 10297 182478.000 51971.000 0 0 0.000 0.000 0.000 0.120 0 1 0 0 0 0
 10298 183352.000 53452.000 0 0 0.000 0.000 0.000 0.125 0 1 0 0 0 0
 10299 192744.000 77127.000 0 0 54.000 34.000 1836.000 42.848 0 1 193 200 0 0
 10300 194300.000 84422.000 0 0 0.000 0.000 0.000 0.120 0 1 0 0 0 0
 10301 195543.000 104567.000 0 0 50.000 26.000 1300.000 36.055 0 1 249 200 0 0
 10302 195411.000 106316.000 0 0 50.000 26.000 1300.000 36.055 0 1 254 200 0 0
 10303 179327.000 153602.000 0 0 0.000 0.000 0.000 0.121 0 1 0 0 0 0
 10304 173910.000 160803.000 0 0 54.000 50.000 2700.000 51.961 0 1 374 200 0 0
 10305 173115.000 161773.000 0 0 0.000 0.000 0.000 0.121 0 1 0 0 0 0
 10306 169902.000 165434.000 0 0 54.000 52.000 2808.000 52.990 0 1 396 200 0 0
 10307 169460.000 165910.000 0 0 54.000 52.000 2808.000 52.990 0 1 396 200 0 0
 10308 156110.000 177646.000 0 0 0.000 0.000 0.000 0.123 0 1 0 0 0 0
 10309 73649.000 192191.000 0 0 36.000 56.000 2016.000 44.899 0 1 512 200 0 0
 10310 71528.000 191397.000 0 0 38.000 54.000 2052.000 45.299 0 1 512 200 0 0
 10311 65574.000 189309.000 0 0 0.000 0.000 0.000 0.120 0 1 0 0 0 0
 10312 20235.000 152714.000 0 0 0.000 0.000 0.000 0.122 0 1 0 0 0 0
 10313 12486.000 138401.000 0 0 54.000 42.000 2268.000 47.623 0 1 309 200 0 0
 10314 11694.000 136632.000 0 0 0.000 0.000 0.000 0.120 0 1 0 0 0 0
 10315 9999.000 132008.000 0 0 0.000 0.000 0.000 0.121 0 1 0 0 0 0
 10316 4594.000 97455.000 0 0 0.000 0.000 0.000 0.120 0 1 0 0 0 0
 10317 4584.000 97116.000 0 0 0.000 0.000 0.000 0.121 0 1 0 0 0 0
 10318 4918.000 91725.000 0 0 0.000 0.000 0.000 0.121 0 1 0 0 0 0
 10319 5443.000 86880.000 0 0 52.000 30.000 1560.000 39.496 0 1 209 200 0 0
 10320 6167.000 82625.000 0 0 54.000 32.000 1728.000 41.569 0 1 202 200 0 0
 10321 7430.000 76842.000 0 0 0.000 0.000 0.000 0.120 0 1 0 0 0 0
 10322 8136.000 74214.000 0 0 56.000 36.000 2016.000 44.899 0 1 188 200 0 0
 10323 8723.000 72248.000 0 0 54.000 38.000 2052.000 45.299 0 1 182 200 0 0
 10324 10511.000 67005.000 0 0 0.000 0.000 0.000 0.120 0 1 0 0 0 0
 10325 18425.000 50568.000 0 0 0.000 0.000 0.000 0.121 0 1 0 0 0 0
 10326 21571.000 45750.000 0 0 54.000 48.000 2592.000 50.911 0 1 121 200 0 0
 10327 21936.000 45199.000 0 0 54.000 48.000 2592.000 50.911 0 1 121 200 0 0
 10328 24815.000 41299.000 0 0 0.000 0.000 0.000 0.123 0 1 0 0 0 0
 10329 35599.000 29665.000 0 0 0.000 0.000 0.000 0.120 0 1 0 0 0 0
 10330 41776.000 24480.000 0 0 50.000 54.000 2700.000 51.961 0 1 57 200 0 0
 10331 43764.000 22999.000 0 0 0.000 0.000 0.000 0.120 0 1 0 0 0 0
 10332 125188.000 7953.000 0 0 0.000 0.000 0.000 0.122 0 1 0 0 0 0
 10333 127415.000 8570.000 0 0 0.000 0.000 0.000 0.120 0 1 0 0 0 0
 10334 130019.000 9426.000 0 0 38.000 54.000 2052.000 45.299 0 1 5 200 0 0
 10335 140093.000 13387.000 0 0 42.000 56.000 2352.000 48.497 0 1 16 200 0 0
 10336 140249.000 13431.000 0 0 42.000 56.000 2352.000 48.497 0 1 16 200 0 0
 10337 142754.000 14666.000 0 0 0.000 0.000 0.000 0.120 0 1 0 0 0 0
 10338 146679.000 16714.000 0 0 0.000 0.000 0.000 0.124 0 1 0 0 0 0
 10339 149059.000 18055.000 0 0 46.000 56.000 2576.000 50.754 0 1 30 200 0 0
 10340 150106.000 18681.000 0 0 48.000 56.000 2688.000 51.845 0 1 30 200 0 0
 10341 150193.000 18760.000 0 0 48.000 56.000 2688.000 51.845 0 1 30 200 0 0
 10342 151399.000 19450.000 0 0 48.000 56.000 2688.000 51.845 0 1 39 200 0 0
 10343 159232.000 25078.000 0 0 50.000 54.000 2700.000 51.961 0 1 59 210 0 0
 10344 178640.000 45644.000 0 0 0.000 0.000 0.000 0.120 0 1 0 0 0 0
 10345 178902.000 46038.000 0 0 0.000 0.000 0.000 0.121 0 1 0 0 0 0
 10346 179359.000 46692.000 0 0 0.000 0.000 0.000 0.122 0 1 0 0 0 0
 10347 183588.000 53515.000 0 0 0.000 0.000 0.000 0.120 0 1 0 0 0 0
 10348 183852.000 53981.000 0 0 0.000 0.000 0.000 0.122 0 1 0 0 0 0
 10349 185928.000 57958.000 0 0 0.000 0.000 0.000 0.120 0 1 0 0 0 0
 10350 191159.000 70929.000 0 0 0.000 0.000 0.000 0.123 0 1 0 0 0 0
 10351 194157.000 82725.000 0 0 0.000 0.000 0.000 0.121 0 1 0 0 0 0
 10352 194876.000 87536.000 0 0 0.000 0.000 0.000 0.120 0 1 0 0 0 0
 10353 195214.000 90174.000 0 0 0.000 0.000 0.000 0.124 0 1 0 0 0 0
 10354 195721.000 99550.000 0 0 51.000 24.000 1224.000 34.985 0 1 237 200 0 0
 10355 195765.000 99784.000 0 0 51.000 24.000 1224.000 34.985 0 1 237 200 0 0
 10356 194969.000 112455.000 0 0 0.000 0.000 0.000 0.126 0 1 0 0 0 0
 10357 181110.000 151127.000 0 0 56.000 48.000 2688.000 51.845 0 1 342 200 0 0
 10358 178632.000 154954.000 0 0 0.000 0.000 0.000 0.120 0 1 0 0 0 0
 10359 169526.000 166074.000 0 0 54.000 52.000 2808.000 52.990 0 1 396 200 0 0
 10360 169485.000 166129.000 0 0 54.000 52.000 2808.000 52.990 0 1 396 200 0 0
 10361 166639.000 168992.000 0 0 0.000 0.000 0.000 0.122 0 1 0 0 0 0
 10362 163918.000 171555.000 0 0 0.000 0.000 0.000 0.122 0 1 0 0 0 0
 10363 163553.000 171808.000 0 0 0.000 0.000 0.000 0.123 0 1 0 0 0 0
 10364 70246.000 191162.000 0 0 0.000 0.000 0.000 0.121 0 1 0 0 0 0
 10365 68425.000 190532.000 0 0 0.000 0.000 0.000 0.121 0 1 0 0 0 0
 10366 20470.000 153378.000 0 0 0.000 0.000 0.000 0.121 0 1 0 0 0 0
 10367 15629.000 145314.000 0 0 0.000 0.000 0.000 0.120 0 1 0 0 0 0
 10368 14157.000 142433.000 0 0 0.000 0.000 0.000 0.120 0 1 0 0 0 0
 10369 9509.000 131217.000 0 0 0.000 0.000 0.000 0.123 0 1 0 0 0 0
 10370 5708.000 116261.000 0 0 0.000 0.000 0.000 0.120 0 1 0 0 0 0
 10371 5204.000 112934.000 0 0 0.000 0.000 0.000 0.120 0 1 0 0 0 0
 10372 5655.000 84695.000 0 0 52.000 32.000 1664.000 40.792 0 1 209 200 0 0
 10373 5662.000 84585.000 0 0 52.000 32.000 1664.000 40.792 0 1 209 200 0 0
 10374 6876.000 78231.000 0 0 0.000 0.000 0.000 0.120 0 1 0 0 0 0
 10375 6956.000 78100.000 0 0 0.000 0.000 0.000 0.123 0 1 0 0 0 0
 10376 7896.000 74476.000 0 0 56.000 36.000 2016.000 44.899 0 1 188 200 0 0
 10377 18735.000 49789.000 0 0 0.000 0.000 0.000 0.120 0 1 0 0 0 0
 10378 39935.000 25680.000 0 0 50.000 54.000 2700.000 51.961 0 1 57 200 0 0
 10379 42875.000 23417.000 0 0 0.000 0.000 0.000 0.121 0 1 0 0 0 0
 10380 44164.000 22505.000 0 0 0.000 0.000 0.000 0.121 0 1 0 0 0 0
 10381 46588.000 20795.000 0 0 0.000 0.000 0.000 0.123 0 1 0 0 0 0
 10382 124067.000 7476.000 0 0 36.000 56.000 2016.000 44.899 0 1 1 200 0 0
 10383 130450.000 9322.000 0 0 38.000 54.000 2052.000 45.299 0 1 5 200 0 0
 10384 132957.000 10211.000 0 0 40.000 56.000 2240.000 47.328 0 1 7 200 0 0
 10385 134388.000 10765.000 0 0 40.000 56.000 2240.000 47.328 0 1 7 200 0 0
 10386 137064.000 11830.000 0 0 0.000 0.000 0.000 0.122 0 1 0 0 0 0
 10387 139003.000 12702.000 0 0 42.000 54.000 2268.000 47.623 0 1 16 200 0 0
 10388 139135.000 12711.000 0 0 42.000 54.000 2268.000 47.623 0 1 16 200 0 0
 10389 143314.000 14767.000 0 0 0.000 0.000 0.000 0.120 0 1 0 0 0 0
 10390 147313.000 16868.000 0 0 0.000 0.000 0.000 0.122 0 1 0 0 0 0
 10391 155134.000 21817.000 0 0 0.000 0.000 0.000 0.120 0 1 0 0 0 0
 10392 156208.000 22566.000 0 0 0.000 0.000 0.000 0.121 0 1 0 0 0 0
 10393 157346.000 23236.000 0 0 48.000 56.000 2688.000 51.845 0 1 45 200 0 0
 10394 166487.000 31154.000 0 0 0.000 0.000 0.000 0.121 0 1 0 0 0 0
 10395 182003.000 50486.000 0 0 0.000 0.000 0.000 0.123 0 1 0 0 0 0
 10396 189615.000 66010.000 0 0 0.000 0.000 0.000 0.121 0 1 0 0 0 0
 10397 193092.000 76841.000 0 0 54.000 36.000 1944.000 44.090 0 1 193 200 0 0
 10398 193508.000 78740.000 0 0 0.000 0.000 0.000 0.120 0 1 0 0 0 0
 10399 194090.000 81458.000 0 0 0.000 0.000 0.000 0.120 0 1 0 0 0 0
 10400 195588.000 91982.000 0 0 0.000 0.000 0.000 0.120 0 1 0 0 0 0
 10401 195854.000 104135.000 0 0 50.000 26.000 1300.000 36.055 0 1 249 200 0 0
 10402 187755.000 139010.000 0 0 0.000 0.000 0.000 0.120 0 1 0 0 0 0
 10403 180439.000 152556.000 0 0 0.000 0.000 0.000 0.125 0 1 0 0 0 0
 10404 178756.000 155018.000 0 0 0.000 0.000 0.000 0.121 0 1 0 0 0 0
 10405 153002.000 180194.000 0 0 0.000 0.000 0.000 0.120 0 1 0 0 0 0
 10406 151272.000 181292.000 0 0 0.000 0.000 0.000 0.124 0 1 0 0 0 0
 10407 143603.000 185667.000 0 0 0.000 0.000 0.000 0.121 0 1 0 0 0 0
 10408 136219.000 189066.000 0 0 0.000 0.000 0.000 0.120 0 1 0 0 0 0
 10409 19471.000 152101.000 0 0 0.000 0.000 0.000 0.120 0 1 0 0 0 0
 10410 11228.000 136138.000 0 0 0.000 0.000 0.000 0.121 0 1 0 0 0 0
 10411 4346.000 94989.000 0 0 50.000 26.000 1300.000 36.055 0 1 228 200 0 0
 10412 4725.000 90074.000 0 0 0.000 0.000 0.000 0.121 0 1 0 0 0 0
 10413 36299.000 28563.000 0 0 0.000 0.000 0.000 0.120 0 1 0 0 0 0
 10414 40484.000 25080.000 0 0 50.000 54.000 2700.000 51.961 0 1 57 200 0 0
 10415 40972.000 24680.000 0 0 50.000 54.000 2700.000 51.961 0 1 57 200 0 0
 10416 45519.000 21291.000 0 0 0.000 0.000 0.000 0.120 0 1 0 0 0 0
 10417 130694.000 9260.000 0 0 40.000 54.000 2160.000 46.475 0 1 5 200 0 0
 10418 140120.000 12989.000 0 0 42.000 56.000 2352.000 48.497 0 1 16 200 0 0
 10419 143805.000 14794.000 0 0 0.000 0.000 0.000 0.121 0 1 0 0 0 0
 10420 148358.000 17300.000 0 0 0.000 0.000 0.000 0.120 0 1 0 0 0 0
 10421 149722.000 18076.000 0 0 46.000 56.000 2576.000 50.754 0 1 30 200 0 0
 10422 160448.000 25578.000 0 0 50.000 54.000 2700.000 51.961 0 1 59 210 0 0
 10423 161125.000 26169.000 0 0 50.000 54.000 2700.000 51.961 0 1 59 210 0 0
 10424 177592.000 43652.000 0 0 0.000 0.000 0.000 0.120 0 1 0 0 0 0
 10425 181249.000 48963.000 0 0 0.000 0.000 0.000 0.121 0 1 0 0 0 0
 10426 182621.000 51197.000 0 0 0.000 0.000 0.000 0.124 0 1 0 0 0 0
 10427 190123.000 66909.000 0 0 0.000 0.000 0.000 0.120 0 1 0 0 0 0
 10428 191379.000 70564.000 0 0 0.000 0.000 0.000 0.122 0 1 0 0 0 0
 10429 192236.000 73390.000 0 0 0.000 0.000 0.000 0.120 0 1 0 0 0 0
 10430 195996.000 104809.000 0 0 50.000 26.000 1300.000 36.055 0 1 249 200 0 0
 10431 195169.000 113715.000 0 0 0.000 0.000 0.000 0.120 0 1 0 0 0 0
 10432 194998.000 114815.000 0 0 0.000 0.000 0.000 0.120 0 1 0 0 0 0
 10433 193648.000 121780.000 0 0 54.000 34.000 1836.000 42.848 0 1 283 210 0 0
 10434 186574.000 141945.000 0 0 0.000 0.000 0.000 0.123 0 1 0 0 0 0
 10435 178258.000 156011.000 0 0 0.000 0.000 0.000 0.121 0 1 0 0 0 0
 10436 173947.000 161595.000 0 0 54.000 51.000 2754.000 52.478 0 1 374 200 0 0
 10437 163633.000 172245.000 0 0 0.000 0.000 0.000 0.123 0 1 0 0 0 0
 10438 158822.000 176227.000 0 0 0.000 0.000 0.000 0.122 0 1 0 0 0 0
 10439 150848.000 181786.000 0 0 0.000 0.000 0.000 0.120 0 1 0 0 0 0
 10440 148245.000 183361.000 0 0 0.000 0.000 0.000 0.120 0 1 0 0 0 0
 10441 144688.000 185282.000 0 0 0.000 0.000 0.000 0.123 0 1 0 0 0 0
 10442 135647.000 189469.000 0 0 0.000 0.000 0.000 0.120 0 1 0 0 0 0
 10443 74739.000 192881.000 0 0 0.000 0.000 0.000 0.120 0 1 0 0 0 0
 10444 67568.000 190623.000 0 0 0.000 0.000 0.000 0.120 0 1 0 0 0 0
 10445 67428.000 190537.000 0 0 0.000 0.000 0.000 0.120 0 1 0 0 0 0
 10446 17215.000 148831.000 0 0 0.000 0.000 0.000 0.120 0 1 0 0 0 0
 10447 8869.000 130487.000 0 0 0.000 0.000 0.000 0.123 0 1 0 0 0 0
 10448 7291.000 125074.000 0 0 0.000 0.000 0.000 0.121 0 1 0 0 0 0
 10449 6676.000 122650.000 0 0 0.000 0.000 0.000 0.121 0 1 0 0 0 0
 10450 6436.000 121727.000 0 0 0.000 0.000 0.000 0.121 0 1 0 0 0 0
 10451 6372.000 121345.000 0 0 0.000 0.000 0.000 0.120 0 1 0 0 0 0
 10452 6155.000 120497.000 0 0 0.000 0.000 0.000 0.122 0 1 0 0 0 0
 10453 4786.000 112344.000 0 0 0.000 0.000 0.000 0.120 0 1 0 0 0 0
 10454 4631.000 110971.000 0 0 0.000 0.000 0.000 0.120 0 1 0 0 0 0
 10455 4080.000 103868.000 0 0 0.000 0.000 0.000 0.123 0 1 0 0 0 0
 10456 4026.000 101009.000 0 0 0.000 0.000 0.000 0.121 0 1 0 0 0 0
 10457 4058.000 97477.000 0 0 0.000 0.000 0.000 0.120 0 1 0 0 0 0
 10458 5150.000 85624.000 0 0 0.000 0.000 0.000 0.123 0 1 0 0 0 0
 10459 5387.000 84123.000 0 0 52.000 32.000 1664.000 40.792 0 1 209 200 0 0
 10460 8142.000 72416.000 0 0 54.000 38.000 2052.000 45.299 0 1 182 200 0 0
 10461 22849.000 43059.000 0 0 0.000 0.000 0.000 0.121 0 1 0 0 0 0
 10462 27396.000 37383.000 0 0 52.000 52.000 2704.000 52.000 0 1 103 200 0 0
 10463 30327.000 34190.000 0 0 0.000 0.000 0.000 0.120 0 1 0 0 0 0
 10464 45274.000 21294.000 0 0 0.000 0.000 0.000 0.120 0 1 0 0 0 0
 10465 127298.000 7993.000 0 0 0.000 0.000 0.000 0.120 0 1 0 0 0 0
 10466 129196.000 8597.000 0 0 0.000 0.000 0.000 0.120 0 1 0 0 0 0
 10467 133743.000 10170.000 0 0 40.000 56.000 2240.000 47.328 0 1 7 200 0 0
 10468 134213.000 10331.000 0 0 40.000 56.000 2240.000 47.328 0 1 7 200 0 0
 10469 141570.000 13455.000 0 0 0.000 0.000 0.000 0.124 0 1 0 0 0 0
 10470 145006.000 15178.000 0 0 0.000 0.000 0.000 0.123 0 1 0 0 0 0
 10471 145192.000 15302.000 0 0 0.000 0.000 0.000 0.121 0 1 0 0 0 0
 10472 155396.000 21573.000 0 0 0.000 0.000 0.000 0.120 0 1 0 0 0 0
 10473 163197.000 27718.000 0 0 0.000 0.000 0.000 0.120 0 1 0 0 0 0
 10474 173520.000 38104.000 0 0 0.000 0.000 0.000 0.120 0 1 0 0 0 0
 10475 177561.000 43177.000 0 0 0.000 0.000 0.000 0.122 0 1 0 0 0 0
 10476 187440.000 60007.000 0 0 54.000 42.000 2268.000 47.623 0 1 155 200 0 0
 10477 195244.000 86124.000 0 0 0.000 0.000 0.000 0.120 0 1 0 0 0 0
 10478 194918.000 116240.000 0 0 0.000 0.000 0.000 0.122 0 1 0 0 0 0
 10479 193027.000 125068.000 0 0 0.000 0.000 0.000 0.120 0 1 0 0 0 0
 10480 181723.000 151148.000 0 0 56.000 48.000 2688.000 51.845 0 1 342 200 0 0
 10481 181537.000 151498.000 0 0 56.000 48.000 2688.000 51.845 0 1 342 200 0 0
 10482 178246.000 156332.000 0 0 0.000 0.000 0.000 0.121 0 1 0 0 0 0
 10483 177342.000 157595.000 0 0 0.000 0.000 0.000 0.123 0 1 0 0 0 0
 10484 163586.000 172505.000 0 0 0.000 0.000 0.000 0.120 0 1 0 0 0 0
 10485 158548.000 176689.000 0 0 0.000 0.000 0.000 0.121 0 1 0 0 0 0
 10486 153794.000 180086.000 0 0 0.000 0.000 0.000 0.121 0 1 0 0 0 0
 10487 152467.000 180922.000 0 0 0.000 0.000 0.000 0.120 0 1 0 0 0 0
 10488 146958.000 184269.000 0 0 0.000 0.000 0.000 0.120 0 1 0 0 0 0
 10489 144056.000 185816.000 0 0 0.000 0.000 0.000 0.121 0 1 0 0 0 0
 10490 134682.000 189988.000 0 0 0.000 0.000 0.000 0.126 0 1 0 0 0 0
 10491 21765.000 156147.000 0 0 0.000 0.000 0.000 0.122 0 1 0 0 0 0
 10492 7753.000 127387.000 0 0 0.000 0.000 0.000 0.120 0 1 0 0 0 0
 10493 4497.000 111279.000 0 0 0.000 0.000 0.000 0.121 0 1 0 0 0 0
 10494 4076.000 93661.000 0 0 0.000 0.000 0.000 0.120 0 1 0 0 0 0
 10495 4092.000 93093.000 0 0 0.000 0.000 0.000 0.120 0 1 0 0 0 0
 10496 4780.000 86977.000 0 0 52.000 30.000 1560.000 39.496 0 1 209 200 0 0
 10497 124467.000 7032.000 0 0 36.000 56.000 2016.000 44.899 0 1 1 200 0 0
 10498 130171.000 8702.000 0 0 38.000 54.000 2052.000 45.299 0 1 5 200 0 0
 10499 136654.000 11111.000 0 0 0.000 0.000 0.000 0.120 0 1 0 0 0 0
 10500 147064.000 16165.000 0 0 0.000 0.000 0.000 0.120 0 1 0 0 0 0
 10501 149362.000 17493.000 0 0 46.000 56.000 2576.000 50.754 0 1 30 200 0 0
 10502 155772.000 21648.000 0 0 0.000 0.000 0.000 0.120 0 1 0 0 0 0
 10503 176002.000 40896.000 0 0 0.000 0.000 0.000 0.121 0 1 0 0 0 0
 10504 178818.000 44706.000 0 0 0.000 0.000 0.000 0.120 0 1 0 0 0 0
 10505 181307.000 48380.000 0 0 0.000 0.000 0.000 0.120 0 1 0 0 0 0
 10506 190338.000 66510.000 0 0 0.000 0.000 0.000 0.121 0 1 0 0 0 0
 10507 196217.000 93911.000 0 0 0.000 0.000 0.000 0.120 0 1 0 0 0 0
 10508 195903.000 110113.000 0 0 0.000 0.000 0.000 0.120 0 1 0 0 0 0
 10509 175035.000 160789.000 0 0 0.000 0.000 0.000 0.121 0 1 0 0 0 0
 10510 175099.000 160988.000 0 0 0.000 0.000 0.000 0.126 0 1 0 0 0 0
 10511 164882.000 171607.000 0 0 0.000 0.000 0.000 0.120 0 1 0 0 0 0
 10512 157556.000 177627.000 0 0 0.000 0.000 0.000 0.121 0 1 0 0 0 0
 10513 152495.000 181127.000 0 0 0.000 0.000 0.000 0.120 0 1 0 0 0 0
 10514 148618.000 183564.000 0 0 0.000 0.000 0.000 0.122 0 1 0 0 0 0
 10515 70421.000 191933.000 0 0 0.000 0.000 0.000 0.120 0 1 0 0 0 0
 10516 53098.000 184404.000 0 0 0.000 0.000 0.000 0.121 0 1 0 0 0 0
 10517 12135.000 139674.000 0 0 0.000 0.000 0.000 0.120 0 1 0 0 0 0
 10518 3689.000 100503.000 0 0 0.000 0.000 0.000 0.120 0 1 0 0 0 0
 10519 5523.000 81369.000 0 0 0.000 0.000 0.000 0.122 0 1 0 0 0 0
 10520 5734.000 80333.000 0 0 0.000 0.000 0.000 0.120 0 1 0 0 0 0
 10521 7525.000 73248.000 0 0 0.000 0.000 0.000 0.121 0 1 0 0 0 0
 10522 15085.000 54681.000 0 0 0.000 0.000 0.000 0.120 0 1 0 0 0 0
 10523 16902.000 51546.000 0 0 0.000 0.000 0.000 0.121 0 1 0 0 0 0
 10524 19654.000 47008.000 0 0 0.000 0.000 0.000 0.123 0 1 0 0 0 0
 10525 27276.000 37005.000 0 0 52.000 52.000 2704.000 52.000 0 1 103 200 0 0
 10526 29116.000 34877.000 0 0 0.000 0.000 0.000 0.121 0 1 0 0 0 0
 10527 30477.000 33497.000 0 0 0.000 0.000 0.000 0.121 0 1 0 0 0 0
 10528 124478.000 6881.000 0 0 36.000 56.000 2016.000 44.899 0 1 1 200 0 0
 10529 130894.000 8824.000 0 0 40.000 54.000 2160.000 46.475 0 1 5 200 0 0
 10530 176624.000 41495.000 0 0 0.000 0.000 0.000 0.120 0 1 0 0 0 0
 10531 178986.000 44650.000 0 0 0.000 0.000 0.000 0.121 0 1 0 0 0 0
 10532 190039.000 65274.000 0 0 0.000 0.000 0.000 0.123 0 1 0 0 0 0
 10533 190824.000 67291.000 0 0 0.000 0.000 0.000 0.120 0 1 0 0 0 0
 10534 194332.000 79443.000 0 0 0.000 0.000 0.000 0.121 0 1 0 0 0 0
 10535 196256.000 92147.000 0 0 0.000 0.000 0.000 0.120 0 1 0 0 0 0
 10536 196606.000 98447.000 0 0 0.000 0.000 0.000 0.120 0 1 0 0 0 0
 10537 196569.000 102971.000 0 0 0.000 0.000 0.000 0.120 0 1 0 0 0 0
 10538 194024.000 122470.000 0 0 54.000 34.000 1836.000 42.848 0 1 283 210 0 0
 10539 179474.000 155174.000 0 0 0.000 0.000 0.000 0.120 0 1 0 0 0 0
 10540 167928.000 168940.000 0 0 0.000 0.000 0.000 0.122 0 1 0 0 0 0
 10541 158600.000 177022.000 0 0 0.000 0.000 0.000 0.120 0 1 0 0 0 0
 10542 155639.000 179392.000 0 0 0.000 0.000 0.000 0.127 0 1 0 0 0 0
 10543 145618.000 185381.000 0 0 0.000 0.000 0.000 0.123 0 1 0 0 0 0
 10544 139927.000 188196.000 0 0 0.000 0.000 0.000 0.120 0 1 0 0 0 0
 10545 61916.000 188923.000 0 0 0.000 0.000 0.000 0.120 0 1 0 0 0 0
 10546 11385.000 138427.000 0 0 0.000 0.000 0.000 0.120 0 1 0 0 0 0
 10547 3621.000 95431.000 0 0 50.000 26.000 1300.000 36.055 0 1 228 200 0 0
 10548 4619.000 85636.000 0 0 0.000 0.000 0.000 0.121 0 1 0 0 0 0
 10549 10546.000 64026.000 0 0 0.000 0.000 0.000 0.120 0 1 0 0 0 0
 10550 15742.000 53205.000 0 0 0.000 0.000 0.000 0.123 0 1 0 0 0 0
 10551 23471.000 41405.000 0 0 0.000 0.000 0.000 0.123 0 1 0 0 0 0
 10552 24454.000 40133.000 0 0 0.000 0.000 0.000 0.121 0 1 0 0 0 0
 10553 27464.000 36529.000 0 0 52.000 52.000 2704.000 52.000 0 1 103 200 0 0
 10554 124794.000 6804.000 0 0 36.000 56.000 2016.000 44.899 0 1 1 200 0 0
 10555 125493.000 6938.000 0 0 36.000 56.000 2016.000 44.899 0 1 1 200 0 0
 10556 142726.000 13508.000 0 0 0.000 0.000 0.000 0.121 0 1 0 0 0 0
 10557 151407.000 18290.000 0 0 0.000 0.000 0.000 0.120 0 1 0 0 0 0
 10558 175790.000 40157.000 0 0 0.000 0.000 0.000 0.120 0 1 0 0 0 0
 10559 183182.000 50779.000 0 0 0.000 0.000 0.000 0.120 0 1 0 0 0 0
 10560 187272.000 58436.000 0 0 0.000 0.000 0.000 0.122 0 1 0 0 0 0
 10561 189543.000 63598.000 0 0 0.000 0.000 0.000 0.122 0 1 0 0 0 0
 10562 191541.000 68825.000 0 0 0.000 0.000 0.000 0.121 0 1 0 0 0 0
 10563 193925.000 76947.000 0 0 54.000 34.000 1836.000 42.848 0 1 193 200 0 0
 10564 195941.000 112935.000 0 0 0.000 0.000 0.000 0.120 0 1 0 0 0 0
 10565 171002.000 166010.000 0 0 0.000 0.000 0.000 0.122 0 1 0 0 0 0
 10566 155466.000 179491.000 0 0 0.000 0.000 0.000 0.120 0 1 0 0 0 0
 10567 125948.000 193458.000 0 0 0.000 0.000 0.000 0.120 0 1 0 0 0 0
 10568 3845.000 90498.000 0 0 0.000 0.000 0.000 0.122 0 1 0 0 0 0
 10569 5382.000 80438.000 0 0 0.000 0.000 0.000 0.121 0 1 0 0 0 0
 10570 6030.000 77508.000 0 0 0.000 0.000 0.000 0.120 0 1 0 0 0 0
 10571 7181.000 73244.000 0 0 0.000 0.000 0.000 0.120 0 1 0 0 0 0
 10572 8733.000 68310.000 0 0 0.000 0.000 0.000 0.120 0 1 0 0 0 0
 10573 26627.000 37250.000 0 0 53.000 52.000 2756.000 52.497 0 1 103 200 0 0
 10574 35651.000 28017.000 0 0 0.000 0.000 0.000 0.122 0 1 0 0 0 0
 10575 41747.000 22997.000 0 0 0.000 0.000 0.000 0.121 0 1 0 0 0 0
 10576 43495.000 21693.000 0 0 0.000 0.000 0.000 0.120 0 1 0 0 0 0
 10577 133785.000 9459.000 0 0 40.000 56.000 2240.000 47.328 0 1 7 200 0 0
 10578 140828.000 12392.000 0 0 0.000 0.000 0.000 0.120 0 1 0 0 0 0
 10579 192000.000 69592.000 0 0 0.000 0.000 0.000 0.122 0 1 0 0 0 0
 10580 4039.000 113109.000 0 0 0.000 0.000 0.000 0.121 0 1 0 0 0 0
 10581 3902.000 112288.000 0 0 0.000 0.000 0.000 0.120 0 1 0 0 0 0
 10582 3503.000 92057.000 0 0 0.000 0.000 0.000 0.120 0 1 0 0 0 0
 10583 8313.000 69060.000 0 0 0.000 0.000 0.000 0.122 0 1 0 0 0 0
 10584 16569.000 51039.000 0 0 0.000 0.000 0.000 0.120 0 1 0 0 0 0
 10585 18706.000 47579.000 0 0 0.000 0.000 0.000 0.121 0 1 0 0 0 0
 10586 19160.000 46893.000 0 0 0.000 0.000 0.000 0.122 0 1 0 0 0 0
 10587 139862.000 11758.000 0 0 0.000 0.000 0.000 0.120 0 1 0 0 0 0
 10588 144683.000 14059.000 0 0 0.000 0.000 0.000 0.120 0 1 0 0 0 0
 10589 12990.000 57209.000 0 0 0.000 0.000 0.000 0.120 0 1 0 0 0 0
 10590 13303.000 56595.000 0 0 0.000 0.000 0.000 0.120 0 1 0 0 0 0
 10591 21770.000 42799.000 0 0 0.000 0.000 0.000 0.122 0 1 0 0 0 0
 10592 26298.000 37093.000 0 0 54.000 52.000 2808.000 52.990 0 1 103 200 0 0
 10593 27264.000 35963.000 0 0 52.000 52.000 2704.000 52.000 0 1 103 200 0 0
 10594 29797.000 33220.000 0 0 0.000 0.000 0.000 0.121 0 1 0 0 0 0
 10595 30226.000 32779.000 0 0 0.000 0.000 0.000 0.120 0 1 0 0 0 0
 10596 31453.000 31518.000 0 0 0.000 0.000 0.000 0.120 0 1 0 0 0 0
 10597 127133.000 41181.000 0 0 81.757 37.714 3083.486 55.529 0 1 112 200 0 0
 10598 127203.000 41213.000 0 0 19.734 9.132 180.219 13.424 0 1 112 200 0 0
 10599 127198.000 41023.000 0 0 93.310 43.032 4015.381 63.367 0 1 112 200 0 0
 10600 127266.000 41054.000 0 0 25.437 11.766 299.309 17.300 0 1 112 200 0 0
 10601 127363.000 41099.000 0 0 67.772 31.484 2133.802 46.193 0 1 112 200 0 0
 10602 127544.000 41182.000 0 0 64.843 30.365 1969.042 44.373 0 1 112 200 0 0
 10603 127266.000 40867.000 0 0 104.893 48.365 5073.246 71.226 0 1 112 200 0 0
 10604 127340.000 40901.000 0 0 28.321 13.102 371.079 19.263 0 1 112 200 0 0
 10605 127407.000 40931.000 0 0 11.322 5.253 59.487 7.712 0 1 112 200 0 0
 10606 127627.000 41034.000 0 0 87.614 41.049 3596.527 59.971 0 1 112 200 0 0
 10607 127404.000 40744.000 0 0 343.703 158.955 54633.443 233.737 0 1 112 200 0 0
 10608 127607.000 40837.000 0 0 25.531 11.913 304.173 17.440 0 1 112 200 0 0
 10609 127698.000 40879.000 0 0 104.871 49.132 5152.568 71.781 0 1 112 200 0 0
 10610 127468.000 40586.000 0 0 353.146 163.267 57657.278 240.119 0 1 112 200 0 0
 10611 127744.000 40713.000 0 0 156.306 73.147 11433.478 106.927 0 1 112 200 0 0
 10612 127546.000 40436.000 0 0 357.731 165.438 59182.395 243.274 0 1 112 200 0 0
 10613 127817.000 40561.000 0 0 165.268 77.344 12782.630 113.060 0 1 112 200 0 0
 10614 127633.000 40288.000 0 0 321.292 148.686 47771.886 218.567 0 1 112 200 0 0
 10615 127892.000 40407.000 0 0 177.119 82.900 14683.202 121.174 0 1 112 200 0 0
 10616 127633.000 40100.000 0 0 68.921 31.794 2191.363 46.811 0 1 112 200 0 0
 10617 127692.000 40126.000 0 0 37.315 17.258 644.010 25.377 0 1 112 200 0 0
 10618 127758.000 40158.000 0 0 43.030 19.960 858.904 29.307 0 1 112 200 0 0
 10619 127802.000 40178.000 0 0 40.135 18.653 748.658 27.361 0 1 112 200 0 0
 10620 127847.000 40200.000 0 0 14.343 6.679 95.802 9.787 0 1 112 200 0 0
 10621 127984.000 40264.000 0 0 100.237 46.958 4706.994 68.607 0 1 112 200 0 0
 10622 127691.000 39940.000 0 0 17.269 7.962 137.503 11.726 0 1 112 200 0 0
 10623 127721.000 39953.000 0 0 17.265 7.970 137.623 11.731 0 1 112 200 0 0
 10624 127827.000 40002.000 0 0 17.251 8.001 138.036 11.748 0 1 112 200 0 0
 10625 128050.000 40105.000 0 0 51.694 24.209 1251.527 35.376 0 1 112 200 0 0
 10626 164893.000 50873.000 0 0 16.491 21.784 359.263 18.954 0 1 133 200 0 0
 10627 165023.000 50763.000 0 0 25.966 34.292 890.461 29.840 0 1 133 200 0 0
 10628 165157.000 50659.000 0 0 37.832 49.959 1890.131 43.475 0 1 133 200 0 0
 10629 165204.000 50721.000 0 0 28.338 37.497 1062.621 32.597 0 1 133 200 0 0
 10630 165302.000 50570.000 0 0 116.106 153.389 17809.471 133.452 0 1 133 200 0 0
 10631 165435.000 50464.000 0 0 125.851 166.244 20922.132 144.644 0 1 133 200 0 0
 10632 165586.000 50380.000 0 0 145.087 191.772 27823.798 166.804 0 1 133 200 0 0
 10633 165728.000 50286.000 0 0 116.774 154.388 18028.710 134.271 0 1 133 200 0 0
 10634 165877.000 50202.000 0 0 97.880 129.483 12673.997 112.578 0 1 133 200 0 0
 10635 165989.000 50068.000 0 0 16.761 22.152 371.317 19.269 0 1 133 200 0 0
 10636 166026.000 50116.000 0 0 43.053 56.985 2453.448 49.532 0 1 133 200 0 0
 10637 166149.000 49998.000 0 0 33.547 44.380 1488.847 38.585 0 1 133 200 0 0
 10638 174491.000 46986.000 0 0 15.243 21.418 326.491 18.069 0 1 124 200 0 0
 10639 174560.000 46792.000 0 0 17.861 25.029 447.067 21.143 0 1 124 200 0 0
 10640 174627.000 46885.000 0 0 17.830 25.052 446.691 21.135 0 1 124 200 0 0
 10641 174668.000 46651.000 0 0 17.909 25.065 448.905 21.187 0 1 124 200 0 0
 10642 174702.000 46698.000 0 0 33.219 46.556 1546.574 39.326 0 1 124 200 0 0
 10643 174767.000 46788.000 0 0 25.500 35.830 913.685 30.227 0 1 124 200 0 0
 10644 174841.000 46600.000 0 0 92.151 129.151 11901.489 109.093 0 1 124 200 0 0
 10645 174911.000 46699.000 0 0 43.436 61.046 2651.622 51.493 0 1 124 200 0 0
 10646 174942.000 46450.000 0 0 20.529 28.731 589.854 24.286 0 1 124 200 0 0
 10647 175016.000 46556.000 0 0 112.717 158.214 17833.554 133.542 0 1 124 200 0 0
 10648 175115.000 46399.000 0 0 15.412 21.598 332.874 18.244 0 1 124 200 0 0
 10649 175153.000 46452.000 0 0 20.529 28.811 591.487 24.320 0 1 124 200 0 0
 10650 175186.000 46499.000 0 0 35.894 50.443 1810.647 42.551 0 1 124 200 0 0
 10651 175325.000 46399.000 0 0 15.412 21.658 333.803 18.270 0 1 124 200 0 0;
ProcessEquipmentIDList 1
  "6448" ;
SummarySpec 5
  TESTNO    NDEFECT    DEFDENSITY    NDIE    NDEFDIE  ;
SummaryList 
  1    10651    37.37    1    1  ;
EndOfFile;
