FileVersion 1 2;
FileTimestamp 01-07-26 19:44:05;
InspectionStationID "KLA-Tencor" "SFSSP1" "0901-0728-TBI";
SampleType WAFER;
ResultTimestamp 01-07-26 19:30:09;
LotID "2580";
SampleSize 1 200;
DeviceID "None";
SetupID "T2-2580NR" 01-07-26 19:30:09;
StepID "6545";
SampleOrientationMarkType NOTCH;
OrientationMarkLocation DOWN;
DiePitch 200000 200000;
DieOrigin 0 0;
WaferID "24";
Slot 24;
SampleCenterLocation 100000 100000;
ClassLookup 1
  0 "0"  ;
OrientationInstructions "Front";
CoordinatesMirrored No;
InspectionTest 1;
SampleTestPlan 1
  0 0 ;
AreaPerTest 2.73515e+010;
ClusterClassificationList 27
  7 210 
  12 200 
  13 210 
  10 210 
  11 200 
  9 200 
  8 210 
  14 210 
  4 210 
  15 200 
  3 210 
  16 200 
  17 200 
  18 200 
  19 200 
  24 210 
  1 200 
  20 200 
  6 210 
  21 210 
  2 210 
  5 210 
  25 210 
  22 200 
  26 210 
  23 210 
  27 210 ;
DefectRecordSpec 15 DEFECTID XREL YREL XINDEX YINDEX XSIZE YSIZE DEFECTAREA DSIZE CLASSNUMBER TEST CLUSTERNUMBER ROUGHBINNUMBER FINEBINNUMBER REVIEWSAMPLE ;
DefectList
 1 97995.000 100654.000 0 0 0.000 0.000 0.000 0.142 0 1 0 0 0 0
 2 103487.000 104679.000 0 0 0.000 0.000 0.000 0.145 0 1 0 0 0 0
 3 100524.000 93312.000 0 0 0.000 0.000 0.000 0.138 0 1 0 0 0 0
 4 99534.000 92198.000 0 0 0.000 0.000 0.000 0.145 0 1 0 0 0 0
 5 108192.000 95996.000 0 0 0.000 0.000 0.000 0.155 0 1 0 0 0 0
 6 95911.000 108802.000 0 0 0.000 0.000 0.000 0.482 0 1 0 0 0 0
 7 90143.000 95354.000 0 0 0.000 0.000 0.000 0.210 0 1 0 0 0 0
 8 104567.000 109909.000 0 0 0.000 0.000 0.000 0.131 0 1 0 0 0 0
 9 89853.000 106113.000 0 0 0.000 0.000 0.000 0.211 0 1 0 0 0 0
 10 111388.000 93614.000 0 0 0.000 0.000 0.000 0.136 0 1 0 0 0 0
 11 102731.000 112882.000 0 0 0.000 0.000 0.000 200000.000 0 1 0 200 0 0
 12 112332.000 94021.000 0 0 0.000 0.000 0.000 0.232 0 1 0 0 0 0
 13 106845.000 111565.000 0 0 0.000 0.000 0.000 0.141 0 1 0 0 0 0
 14 94955.000 86826.000 0 0 0.000 0.000 0.000 0.131 0 1 0 0 0 0
 15 85806.000 100428.000 0 0 0.000 0.000 0.000 0.249 0 1 0 0 0 0
 16 106609.000 86755.000 0 0 0.000 0.000 0.000 0.161 0 1 0 0 0 0
 17 114458.000 97302.000 0 0 0.000 0.000 0.000 0.135 0 1 0 0 0 0
 18 99547.000 84717.000 0 0 0.000 0.000 0.000 0.130 0 1 0 0 0 0
 19 88979.000 110976.000 0 0 0.000 0.000 0.000 0.133 0 1 0 0 0 0
 20 95239.000 84643.000 0 0 38.000 54.000 2052.000 45.299 0 1 7 210 0 0
 21 95663.000 84538.000 0 0 36.000 56.000 2016.000 44.899 0 1 7 210 0 0
 22 94326.000 84880.000 0 0 40.000 56.000 2240.000 47.328 0 1 7 210 0 0
 23 96334.000 84154.000 0 0 34.000 54.000 1836.000 42.848 0 1 7 210 0 0
 24 94662.000 84791.000 0 0 40.000 54.000 2160.000 46.475 0 1 7 210 0 0
 25 96485.000 84119.000 0 0 34.000 54.000 1836.000 42.848 0 1 7 210 0 0
 26 113491.000 91164.000 0 0 0.000 0.000 0.000 0.131 0 1 0 0 0 0
 27 93126.000 85164.000 0 0 42.000 56.000 2352.000 48.497 0 1 7 210 0 0
 28 96111.000 84188.000 0 0 34.000 54.000 1836.000 42.848 0 1 7 210 0 0
 29 93416.000 85114.000 0 0 42.000 54.000 2268.000 47.623 0 1 7 210 0 0
 30 96750.000 84061.000 0 0 32.000 54.000 1728.000 41.569 0 1 7 210 0 0
 31 95263.000 84412.000 0 0 38.000 54.000 2052.000 45.299 0 1 7 210 0 0
 32 97573.000 83761.000 0 0 30.000 52.000 1560.000 39.496 0 1 7 210 0 0
 33 98004.000 83707.000 0 0 30.000 52.000 1560.000 39.496 0 1 7 210 0 0
 34 93106.000 84979.000 0 0 42.000 56.000 2352.000 48.497 0 1 7 210 0 0
 35 97835.000 83744.000 0 0 30.000 52.000 1560.000 39.496 0 1 7 210 0 0
 36 97921.000 83731.000 0 0 30.000 52.000 1560.000 39.496 0 1 7 210 0 0
 37 98162.000 83694.000 0 0 28.000 52.000 1456.000 38.157 0 1 7 210 0 0
 38 98474.000 83584.000 0 0 28.000 52.000 1456.000 38.157 0 1 7 210 0 0
 39 98613.000 83578.000 0 0 28.000 52.000 1456.000 38.157 0 1 7 210 0 0
 40 98931.000 83514.000 0 0 26.000 50.000 1300.000 36.055 0 1 7 210 0 0
 41 98559.000 83875.000 0 0 28.000 52.000 1456.000 38.157 0 1 7 210 0 0
 42 92377.000 85174.000 0 0 44.000 56.000 2464.000 49.638 0 1 7 210 0 0
 43 92718.000 85074.000 0 0 42.000 56.000 2352.000 48.497 0 1 7 210 0 0
 44 99028.000 83445.000 0 0 26.000 50.000 1300.000 36.055 0 1 7 210 0 0
 45 99318.000 83330.000 0 0 26.000 50.000 1300.000 36.055 0 1 7 210 0 0
 46 99474.000 83314.000 0 0 24.000 50.000 1200.000 34.641 0 1 7 210 0 0
 47 99624.000 83271.000 0 0 24.000 50.000 1200.000 34.641 0 1 7 210 0 0
 48 99753.000 83238.000 0 0 24.000 50.000 1200.000 34.641 0 1 7 210 0 0
 49 100506.000 83275.000 0 0 24.000 50.000 1200.000 34.641 0 1 7 210 0 0
 50 91297.000 85664.000 0 0 46.000 56.000 2576.000 50.754 0 1 7 210 0 0
 51 91893.000 85275.000 0 0 46.000 54.000 2484.000 49.839 0 1 7 210 0 0
 52 99791.000 83216.000 0 0 24.000 50.000 1200.000 34.641 0 1 7 210 0 0
 53 91983.000 85265.000 0 0 44.000 54.000 2376.000 48.744 0 1 7 210 0 0
 54 99894.000 83201.000 0 0 24.000 51.000 1224.000 34.985 0 1 7 210 0 0
 55 92094.000 85236.000 0 0 44.000 56.000 2464.000 49.638 0 1 7 210 0 0
 56 100030.000 83155.000 0 0 24.000 51.000 1224.000 34.985 0 1 7 210 0 0
 57 90666.000 85820.000 0 0 48.000 54.000 2592.000 50.911 0 1 7 210 0 0
 58 90776.000 85796.000 0 0 48.000 54.000 2592.000 50.911 0 1 7 210 0 0
 59 90923.000 85761.000 0 0 48.000 56.000 2688.000 51.845 0 1 7 210 0 0
 60 91476.000 85428.000 0 0 46.000 56.000 2576.000 50.754 0 1 7 210 0 0
 61 108930.000 85477.000 0 0 0.000 0.000 0.000 0.132 0 1 0 0 0 0
 62 88888.000 86995.000 0 0 0.000 0.000 0.000 0.252 0 1 0 0 0 0
 63 89806.000 86047.000 0 0 0.000 0.000 0.000 0.158 0 1 0 0 0 0
 64 97400.000 82758.000 0 0 30.000 52.000 1560.000 39.496 0 1 7 210 0 0
 65 97512.000 82748.000 0 0 30.000 52.000 1560.000 39.496 0 1 7 210 0 0
 66 97538.000 82745.000 0 0 30.000 52.000 1560.000 39.496 0 1 7 210 0 0
 67 102291.000 82798.000 0 0 30.000 52.000 1560.000 39.496 0 1 7 210 0 0
 68 100208.000 82468.000 0 0 24.000 50.000 1200.000 34.641 0 1 7 210 0 0
 69 102404.000 82781.000 0 0 30.000 52.000 1560.000 39.496 0 1 7 210 0 0
 70 102588.000 82682.000 0 0 30.000 52.000 1560.000 39.496 0 1 7 210 0 0
 71 89318.000 85945.000 0 0 0.000 0.000 0.000 0.137 0 1 0 0 0 0
 72 103057.000 82582.000 0 0 32.000 54.000 1728.000 41.569 0 1 7 210 0 0
 73 115982.000 92845.000 0 0 0.000 0.000 0.000 0.131 0 1 0 0 0 0
 74 82608.000 97519.000 0 0 0.000 0.000 0.000 0.131 0 1 0 0 0 0
 75 96661.000 82391.000 0 0 32.000 54.000 1728.000 41.569 0 1 7 210 0 0
 76 96880.000 82340.000 0 0 32.000 54.000 1728.000 41.569 0 1 7 210 0 0
 77 98057.000 82139.000 0 0 28.000 52.000 1456.000 38.157 0 1 7 210 0 0
 78 103143.000 82557.000 0 0 32.000 54.000 1728.000 41.569 0 1 7 210 0 0
 79 103574.000 82445.000 0 0 32.000 54.000 1728.000 41.569 0 1 7 210 0 0
 80 97222.000 117235.000 0 0 0.000 0.000 0.000 0.149 0 1 0 0 0 0
 81 96976.000 82334.000 0 0 32.000 54.000 1728.000 41.569 0 1 7 210 0 0
 82 97679.000 82155.000 0 0 30.000 52.000 1560.000 39.496 0 1 7 210 0 0
 83 97882.000 82056.000 0 0 28.000 52.000 1456.000 38.157 0 1 7 210 0 0
 84 98197.000 82142.000 0 0 28.000 52.000 1456.000 38.157 0 1 7 210 0 0
 85 98355.000 82094.000 0 0 28.000 52.000 1456.000 38.157 0 1 7 210 0 0
 86 98426.000 82081.000 0 0 28.000 52.000 1456.000 38.157 0 1 7 210 0 0
 87 103818.000 82367.000 0 0 34.000 54.000 1836.000 42.848 0 1 7 210 0 0
 88 103979.000 82332.000 0 0 34.000 54.000 1836.000 42.848 0 1 7 210 0 0
 89 104134.000 82299.000 0 0 34.000 54.000 1836.000 42.848 0 1 7 210 0 0
 90 104310.000 82257.000 0 0 34.000 54.000 1836.000 42.848 0 1 7 210 0 0
 91 90350.000 84341.000 0 0 0.000 0.000 0.000 0.147 0 1 0 0 0 0
 92 104384.000 82224.000 0 0 34.000 54.000 1836.000 42.848 0 1 7 210 0 0
 93 104469.000 82196.000 0 0 36.000 54.000 1944.000 44.090 0 1 7 210 0 0
 94 104565.000 82173.000 0 0 36.000 54.000 1944.000 44.090 0 1 7 210 0 0
 95 87353.000 86451.000 0 0 0.000 0.000 0.000 0.136 0 1 0 0 0 0
 96 104721.000 82129.000 0 0 36.000 56.000 2016.000 44.899 0 1 7 210 0 0
 97 89899.000 84470.000 0 0 0.000 0.000 0.000 0.140 0 1 0 0 0 0
 98 104748.000 82121.000 0 0 36.000 56.000 2016.000 44.899 0 1 7 210 0 0
 99 104827.000 82106.000 0 0 36.000 56.000 2016.000 44.899 0 1 7 210 0 0
 100 104245.000 82268.000 0 0 34.000 54.000 1836.000 42.848 0 1 7 210 0 0
 101 104879.000 82096.000 0 0 36.000 56.000 2016.000 44.899 0 1 7 210 0 0
 102 105096.000 82022.000 0 0 36.000 56.000 2016.000 44.899 0 1 7 210 0 0
 103 86592.000 86866.000 0 0 0.000 0.000 0.000 0.153 0 1 0 0 0 0
 104 105235.000 81997.000 0 0 36.000 56.000 2016.000 44.899 0 1 7 210 0 0
 105 105401.000 81939.000 0 0 38.000 54.000 2052.000 45.299 0 1 7 210 0 0
 106 105574.000 81911.000 0 0 38.000 54.000 2052.000 45.299 0 1 7 210 0 0
 107 105687.000 81861.000 0 0 38.000 54.000 2052.000 45.299 0 1 7 210 0 0
 108 105786.000 81831.000 0 0 38.000 54.000 2052.000 45.299 0 1 7 210 0 0
 109 88257.000 84909.000 0 0 0.000 0.000 0.000 0.130 0 1 0 0 0 0
 110 105908.000 81813.000 0 0 38.000 54.000 2052.000 45.299 0 1 7 210 0 0
 111 85982.000 86790.000 0 0 0.000 0.000 0.000 0.131 0 1 0 0 0 0
 112 106120.000 81749.000 0 0 38.000 54.000 2052.000 45.299 0 1 7 210 0 0
 113 106313.000 81675.000 0 0 40.000 54.000 2160.000 46.475 0 1 7 210 0 0
 114 106406.000 81667.000 0 0 40.000 54.000 2160.000 46.475 0 1 7 210 0 0
 115 96613.000 80552.000 0 0 0.000 0.000 0.000 0.151 0 1 0 0 0 0
 116 107008.000 81497.000 0 0 40.000 56.000 2240.000 47.328 0 1 7 210 0 0
 117 107051.000 81484.000 0 0 40.000 56.000 2240.000 47.328 0 1 7 210 0 0
 118 86913.000 85175.000 0 0 50.000 52.000 2600.000 50.990 0 1 12 200 0 0
 119 107203.000 81430.000 0 0 42.000 56.000 2352.000 48.497 0 1 7 210 0 0
 120 107275.000 81447.000 0 0 42.000 56.000 2352.000 48.497 0 1 7 210 0 0
 121 86425.000 85178.000 0 0 50.000 54.000 2700.000 51.961 0 1 12 200 0 0
 122 97526.000 80084.000 0 0 0.000 0.000 0.000 0.131 0 1 0 0 0 0
 123 96407.000 80217.000 0 0 0.000 0.000 0.000 0.258 0 1 0 0 0 0
 124 107343.000 81398.000 0 0 42.000 56.000 2352.000 48.497 0 1 7 210 0 0
 125 107385.000 81379.000 0 0 42.000 56.000 2352.000 48.497 0 1 7 210 0 0
 126 89568.000 82627.000 0 0 0.000 0.000 0.000 0.146 0 1 0 0 0 0
 127 107535.000 81353.000 0 0 42.000 56.000 2352.000 48.497 0 1 7 210 0 0
 128 94510.000 80516.000 0 0 0.000 0.000 0.000 0.149 0 1 0 0 0 0
 129 98278.000 79859.000 0 0 0.000 0.000 0.000 0.143 0 1 0 0 0 0
 130 98386.000 79832.000 0 0 0.000 0.000 0.000 0.150 0 1 0 0 0 0
 131 107757.000 81277.000 0 0 42.000 56.000 2352.000 48.497 0 1 7 210 0 0
 132 116567.000 88556.000 0 0 0.000 0.000 0.000 0.136 0 1 0 0 0 0
 133 85668.000 85615.000 0 0 52.000 52.000 2704.000 52.000 0 1 12 200 0 0
 134 90711.000 81787.000 0 0 0.000 0.000 0.000 0.138 0 1 0 0 0 0
 135 107868.000 81240.000 0 0 42.000 56.000 2352.000 48.497 0 1 7 210 0 0
 136 107912.000 81225.000 0 0 42.000 56.000 2352.000 48.497 0 1 7 210 0 0
 137 90653.000 81809.000 0 0 0.000 0.000 0.000 0.148 0 1 0 0 0 0
 138 119278.000 106603.000 0 0 0.000 0.000 0.000 0.140 0 1 0 0 0 0
 139 83780.000 87309.000 0 0 54.000 50.000 2700.000 51.961 0 1 13 210 0 0
 140 100064.000 79211.000 0 0 0.000 0.000 0.000 0.289 0 1 0 0 0 0
 141 89239.000 82229.000 0 0 0.000 0.000 0.000 0.136 0 1 0 0 0 0
 142 101195.000 79385.000 0 0 0.000 0.000 0.000 0.202 0 1 0 0 0 0
 143 89614.000 82090.000 0 0 0.000 0.000 0.000 0.148 0 1 0 0 0 0
 144 108029.000 81201.000 0 0 42.000 54.000 2268.000 47.623 0 1 7 210 0 0
 145 100068.000 79215.000 0 0 0.000 0.000 0.000 0.186 0 1 0 0 0 0
 146 108451.000 81071.000 0 0 42.000 54.000 2268.000 47.623 0 1 7 210 0 0
 147 108575.000 81053.000 0 0 42.000 54.000 2268.000 47.623 0 1 7 210 0 0
 148 108623.000 81038.000 0 0 42.000 54.000 2268.000 47.623 0 1 7 210 0 0
 149 84395.000 85947.000 0 0 0.000 0.000 0.000 0.145 0 1 0 0 0 0
 150 101503.000 78928.000 0 0 0.000 0.000 0.000 0.379 0 1 0 0 0 0
 151 108383.000 81113.000 0 0 42.000 54.000 2268.000 47.623 0 1 7 210 0 0
 152 82959.000 87529.000 0 0 56.000 48.000 2688.000 51.845 0 1 13 210 0 0
 153 109227.000 80847.000 0 0 42.000 56.000 2352.000 48.497 0 1 7 210 0 0
 154 83159.000 87466.000 0 0 56.000 48.000 2688.000 51.845 0 1 13 210 0 0
 155 120464.000 94807.000 0 0 0.000 0.000 0.000 0.135 0 1 0 0 0 0
 156 84648.000 85084.000 0 0 0.000 0.000 0.000 0.132 0 1 0 0 0 0
 157 109388.000 80792.000 0 0 42.000 56.000 2352.000 48.497 0 1 7 210 0 0
 158 82173.000 88137.000 0 0 54.000 46.000 2484.000 49.839 0 1 13 210 0 0
 159 82421.000 87648.000 0 0 54.000 48.000 2592.000 50.911 0 1 13 210 0 0
 160 83576.000 86169.000 0 0 0.000 0.000 0.000 0.138 0 1 0 0 0 0
 161 102365.000 78508.000 0 0 0.000 0.000 0.000 0.145 0 1 0 0 0 0
 162 82248.000 87699.000 0 0 54.000 48.000 2592.000 50.911 0 1 13 210 0 0
 163 110003.000 80641.000 0 0 44.000 56.000 2464.000 49.638 0 1 7 210 0 0
 164 83299.000 86240.000 0 0 54.000 50.000 2700.000 51.961 0 1 13 210 0 0
 165 102641.000 78422.000 0 0 0.000 0.000 0.000 0.131 0 1 0 0 0 0
 166 117269.000 113049.000 0 0 0.000 0.000 0.000 0.180 0 1 0 0 0 0
 167 110235.000 80572.000 0 0 44.000 56.000 2464.000 49.638 0 1 7 210 0 0
 168 81672.000 87831.000 0 0 54.000 46.000 2484.000 49.839 0 1 13 210 0 0
 169 81430.000 87885.000 0 0 54.000 48.000 2592.000 50.911 0 1 13 210 0 0
 170 110436.000 80487.000 0 0 44.000 56.000 2464.000 49.638 0 1 7 210 0 0
 171 82649.000 86221.000 0 0 54.000 50.000 2700.000 51.961 0 1 13 210 0 0
 172 110667.000 80452.000 0 0 44.000 54.000 2376.000 48.744 0 1 7 210 0 0
 173 117771.000 86661.000 0 0 0.000 0.000 0.000 0.132 0 1 0 0 0 0
 174 81144.000 87936.000 0 0 56.000 48.000 2688.000 51.845 0 1 13 210 0 0
 175 110853.000 80405.000 0 0 46.000 54.000 2484.000 49.839 0 1 7 210 0 0
 176 113267.000 81887.000 0 0 0.000 0.000 0.000 0.162 0 1 0 0 0 0
 177 81027.000 87976.000 0 0 56.000 48.000 2688.000 51.845 0 1 13 210 0 0
 178 81061.000 87973.000 0 0 56.000 48.000 2688.000 51.845 0 1 13 210 0 0
 179 118353.000 112747.000 0 0 0.000 0.000 0.000 0.138 0 1 0 0 0 0
 180 104896.000 77747.000 0 0 0.000 0.000 0.000 0.155 0 1 0 0 0 0
 181 80508.000 88079.000 0 0 56.000 48.000 2688.000 51.845 0 1 13 210 0 0
 182 88997.000 119792.000 0 0 0.000 0.000 0.000 0.204 0 1 0 0 0 0
 183 93768.000 77930.000 0 0 0.000 0.000 0.000 0.161 0 1 0 0 0 0
 184 81280.000 86760.000 0 0 54.000 48.000 2592.000 50.911 0 1 13 210 0 0
 185 77335.000 96087.000 0 0 0.000 0.000 0.000 0.139 0 1 0 0 0 0
 186 80030.000 88216.000 0 0 56.000 46.000 2576.000 50.754 0 1 13 210 0 0
 187 106269.000 77338.000 0 0 0.000 0.000 0.000 0.154 0 1 0 0 0 0
 188 80272.000 87021.000 0 0 0.000 0.000 0.000 0.150 0 1 0 0 0 0
 189 79304.000 88380.000 0 0 54.000 46.000 2484.000 49.839 0 1 13 210 0 0
 190 90788.000 78098.000 0 0 0.000 0.000 0.000 0.132 0 1 0 0 0 0
 191 112417.000 79867.000 0 0 48.000 56.000 2688.000 51.845 0 1 7 210 0 0
 192 79306.000 88381.000 0 0 54.000 46.000 2484.000 49.839 0 1 13 210 0 0
 193 112640.000 79807.000 0 0 48.000 56.000 2688.000 51.845 0 1 7 210 0 0
 194 79817.000 87141.000 0 0 0.000 0.000 0.000 0.157 0 1 0 0 0 0
 195 78707.000 88522.000 0 0 56.000 44.000 2464.000 49.638 0 1 13 210 0 0
 196 79490.000 87214.000 0 0 0.000 0.000 0.000 0.147 0 1 0 0 0 0
 197 109260.000 122024.000 0 0 0.000 0.000 0.000 0.137 0 1 0 0 0 0
 198 78420.000 88583.000 0 0 56.000 44.000 2464.000 49.638 0 1 13 210 0 0
 199 122842.000 107673.000 0 0 0.000 0.000 0.000 0.166 0 1 0 0 0 0
 200 78230.000 88622.000 0 0 56.000 44.000 2464.000 49.638 0 1 13 210 0 0
 201 78513.000 88525.000 0 0 56.000 44.000 2464.000 49.638 0 1 13 210 0 0
 202 78119.000 88642.000 0 0 56.000 44.000 2464.000 49.638 0 1 13 210 0 0
 203 109114.000 76926.000 0 0 42.000 56.000 2352.000 48.497 0 1 10 210 0 0
 204 77764.000 88957.000 0 0 56.000 44.000 2464.000 49.638 0 1 13 210 0 0
 205 78566.000 87444.000 0 0 56.000 46.000 2576.000 50.754 0 1 13 210 0 0
 206 108729.000 76641.000 0 0 40.000 56.000 2240.000 47.328 0 1 10 210 0 0
 207 108882.000 76601.000 0 0 40.000 56.000 2240.000 47.328 0 1 10 210 0 0
 208 78274.000 87481.000 0 0 54.000 46.000 2484.000 49.839 0 1 13 210 0 0
 209 78397.000 87482.000 0 0 56.000 46.000 2576.000 50.754 0 1 13 210 0 0
 210 77450.000 89034.000 0 0 56.000 42.000 2352.000 48.497 0 1 13 210 0 0
 211 77366.000 88791.000 0 0 56.000 44.000 2464.000 49.638 0 1 13 210 0 0
 212 79624.000 85120.000 0 0 56.000 48.000 2688.000 51.845 0 1 11 200 0 0
 213 125016.000 101581.000 0 0 0.000 0.000 0.000 0.136 0 1 0 0 0 0
 214 77224.000 88834.000 0 0 56.000 44.000 2464.000 49.638 0 1 13 210 0 0
 215 109432.000 76323.000 0 0 42.000 56.000 2352.000 48.497 0 1 10 210 0 0
 216 79407.000 84902.000 0 0 56.000 48.000 2688.000 51.845 0 1 11 200 0 0
 217 79509.000 84782.000 0 0 56.000 48.000 2688.000 51.845 0 1 11 200 0 0
 218 110026.000 76225.000 0 0 42.000 56.000 2352.000 48.497 0 1 10 210 0 0
 219 110244.000 76245.000 0 0 42.000 54.000 2268.000 47.623 0 1 10 210 0 0
 220 74306.000 97503.000 0 0 0.000 0.000 0.000 0.151 0 1 0 0 0 0
 221 76690.000 88960.000 0 0 56.000 42.000 2352.000 48.497 0 1 13 210 0 0
 222 77152.000 87828.000 0 0 56.000 44.000 2464.000 49.638 0 1 13 210 0 0
 223 77325.000 87737.000 0 0 54.000 44.000 2376.000 48.744 0 1 13 210 0 0
 224 78607.000 85476.000 0 0 0.000 0.000 0.000 0.157 0 1 0 0 0 0
 225 74162.000 100234.000 0 0 0.000 0.000 0.000 0.279 0 1 0 0 0 0
 226 76891.000 87853.000 0 0 56.000 44.000 2464.000 49.638 0 1 13 210 0 0
 227 76216.000 89048.000 0 0 56.000 42.000 2352.000 48.497 0 1 13 210 0 0
 228 76987.000 87776.000 0 0 56.000 44.000 2464.000 49.638 0 1 13 210 0 0
 229 76037.000 89329.000 0 0 54.000 42.000 2268.000 47.623 0 1 13 210 0 0
 230 75986.000 89086.000 0 0 54.000 42.000 2268.000 47.623 0 1 13 210 0 0
 231 76512.000 87944.000 0 0 56.000 44.000 2464.000 49.638 0 1 13 210 0 0
 232 110885.000 75849.000 0 0 42.000 54.000 2268.000 47.623 0 1 10 210 0 0
 233 115508.000 78665.000 0 0 48.000 56.000 2688.000 51.845 0 1 7 210 0 0
 234 75776.000 89130.000 0 0 54.000 42.000 2268.000 47.623 0 1 13 210 0 0
 235 75829.000 89116.000 0 0 54.000 42.000 2268.000 47.623 0 1 13 210 0 0
 236 126459.000 97952.000 0 0 0.000 0.000 0.000 0.143 0 1 0 0 0 0
 237 76199.000 88017.000 0 0 56.000 44.000 2464.000 49.638 0 1 13 210 0 0
 238 95289.000 126120.000 0 0 0.000 0.000 0.000 0.134 0 1 0 0 0 0
 239 73221.000 99920.000 0 0 0.000 0.000 0.000 0.186 0 1 0 0 0 0
 240 75232.000 89429.000 0 0 54.000 42.000 2268.000 47.623 0 1 13 210 0 0
 241 75373.000 89210.000 0 0 54.000 42.000 2268.000 47.623 0 1 13 210 0 0
 242 75572.000 89172.000 0 0 54.000 42.000 2268.000 47.623 0 1 13 210 0 0
 243 75990.000 88082.000 0 0 56.000 44.000 2464.000 49.638 0 1 13 210 0 0
 244 114470.000 77198.000 0 0 0.000 0.000 0.000 0.131 0 1 0 0 0 0
 245 80629.000 118668.000 0 0 0.000 0.000 0.000 0.138 0 1 0 0 0 0
 246 75460.000 88190.000 0 0 56.000 42.000 2352.000 48.497 0 1 13 210 0 0
 247 74702.000 89371.000 0 0 56.000 42.000 2352.000 48.497 0 1 13 210 0 0
 248 75245.000 88240.000 0 0 56.000 42.000 2352.000 48.497 0 1 13 210 0 0
 249 74276.000 89468.000 0 0 56.000 42.000 2352.000 48.497 0 1 13 210 0 0
 250 117487.000 78248.000 0 0 50.000 54.000 2700.000 51.961 0 1 7 210 0 0
 251 75034.000 88289.000 0 0 56.000 42.000 2352.000 48.497 0 1 13 210 0 0
 252 117622.000 78216.000 0 0 50.000 54.000 2700.000 51.961 0 1 7 210 0 0
 253 115687.000 76768.000 0 0 0.000 0.000 0.000 0.137 0 1 0 0 0 0
 254 102307.000 127656.000 0 0 0.000 0.000 0.000 0.135 0 1 0 0 0 0
 255 73950.000 89544.000 0 0 56.000 42.000 2352.000 48.497 0 1 13 210 0 0
 256 74545.000 88401.000 0 0 54.000 42.000 2268.000 47.623 0 1 13 210 0 0
 257 125739.000 88937.000 0 0 0.000 0.000 0.000 0.131 0 1 0 0 0 0
 258 105885.000 127116.000 0 0 0.000 0.000 0.000 0.151 0 1 0 0 0 0
 259 73689.000 89828.000 0 0 56.000 42.000 2352.000 48.497 0 1 13 210 0 0
 260 73968.000 89496.000 0 0 56.000 42.000 2352.000 48.497 0 1 13 210 0 0
 261 127968.000 96221.000 0 0 0.000 0.000 0.000 0.133 0 1 0 0 0 0
 262 91881.000 72745.000 0 0 0.000 0.000 0.000 0.168 0 1 0 0 0 0
 263 73353.000 89893.000 0 0 56.000 40.000 2240.000 47.328 0 1 13 210 0 0
 264 73848.000 88558.000 0 0 54.000 42.000 2268.000 47.623 0 1 13 210 0 0
 265 74096.000 88305.000 0 0 54.000 42.000 2268.000 47.623 0 1 13 210 0 0
 266 89860.000 126568.000 0 0 0.000 0.000 0.000 0.138 0 1 0 0 0 0
 267 73234.000 89679.000 0 0 56.000 40.000 2240.000 47.328 0 1 13 210 0 0
 268 73331.000 89654.000 0 0 56.000 42.000 2352.000 48.497 0 1 13 210 0 0
 269 73954.000 89688.000 0 0 56.000 42.000 2352.000 48.497 0 1 13 210 0 0
 270 80958.000 121305.000 0 0 0.000 0.000 0.000 0.137 0 1 0 0 0 0
 271 72965.000 89960.000 0 0 56.000 40.000 2240.000 47.328 0 1 13 210 0 0
 272 73101.000 89714.000 0 0 56.000 40.000 2240.000 47.328 0 1 13 210 0 0
 273 73344.000 88668.000 0 0 56.000 42.000 2352.000 48.497 0 1 13 210 0 0
 274 72776.000 89999.000 0 0 56.000 40.000 2240.000 47.328 0 1 13 210 0 0
 275 74150.000 86527.000 0 0 0.000 0.000 0.000 0.173 0 1 0 0 0 0
 276 104379.000 70880.000 0 0 0.000 0.000 0.000 0.139 0 1 0 0 0 0
 277 103757.000 128792.000 0 0 0.000 0.000 0.000 0.158 0 1 0 0 0 0
 278 101966.000 70422.000 0 0 0.000 0.000 0.000 0.133 0 1 0 0 0 0
 279 128649.000 106534.000 0 0 0.000 0.000 0.000 0.154 0 1 0 0 0 0
 280 72384.000 90088.000 0 0 56.000 40.000 2240.000 47.328 0 1 13 210 0 0
 281 72133.000 89878.000 0 0 56.000 40.000 2240.000 47.328 0 1 13 210 0 0
 282 115055.000 74428.000 0 0 0.000 0.000 0.000 0.156 0 1 0 0 0 0
 283 73277.000 86726.000 0 0 0.000 0.000 0.000 0.139 0 1 0 0 0 0
 284 115148.000 74365.000 0 0 0.000 0.000 0.000 0.142 0 1 0 0 0 0
 285 115549.000 74438.000 0 0 0.000 0.000 0.000 0.145 0 1 0 0 0 0
 286 73481.000 86177.000 0 0 0.000 0.000 0.000 0.246 0 1 0 0 0 0
 287 124954.000 116155.000 0 0 0.000 0.000 0.000 0.133 0 1 0 0 0 0
 288 71601.000 90242.000 0 0 54.000 40.000 2160.000 46.475 0 1 13 210 0 0
 289 120048.000 77408.000 0 0 50.000 52.000 2600.000 50.990 0 1 7 210 0 0
 290 71587.000 90005.000 0 0 54.000 40.000 2160.000 46.475 0 1 13 210 0 0
 291 73105.000 86269.000 0 0 0.000 0.000 0.000 0.135 0 1 0 0 0 0
 292 120910.000 78218.000 0 0 0.000 0.000 0.000 0.151 0 1 0 0 0 0
 293 71359.000 90062.000 0 0 54.000 40.000 2160.000 46.475 0 1 13 210 0 0
 294 123381.000 119283.000 0 0 0.000 0.000 0.000 0.388 0 1 0 0 0 0
 295 97367.000 130153.000 0 0 0.000 0.000 0.000 0.139 0 1 0 0 0 0
 296 71439.000 110943.000 0 0 0.000 0.000 0.000 0.138 0 1 0 0 0 0
 297 71233.000 89145.000 0 0 56.000 40.000 2240.000 47.328 0 1 13 210 0 0
 298 71340.000 89125.000 0 0 56.000 40.000 2240.000 47.328 0 1 13 210 0 0
 299 116638.000 73895.000 0 0 0.000 0.000 0.000 0.225 0 1 0 0 0 0
 300 72487.000 113475.000 0 0 0.000 0.000 0.000 0.151 0 1 0 0 0 0
 301 69214.000 99759.000 0 0 0.000 0.000 0.000 0.162 0 1 0 0 0 0
 302 117211.000 73846.000 0 0 0.000 0.000 0.000 0.160 0 1 0 0 0 0
 303 131120.000 99491.000 0 0 0.000 0.000 0.000 0.144 0 1 0 0 0 0
 304 70798.000 89236.000 0 0 56.000 40.000 2240.000 47.328 0 1 13 210 0 0
 305 70934.000 89210.000 0 0 56.000 40.000 2240.000 47.328 0 1 13 210 0 0
 306 85956.000 72045.000 0 0 0.000 0.000 0.000 0.132 0 1 0 0 0 0
 307 70526.000 90208.000 0 0 54.000 38.000 2052.000 45.299 0 1 13 210 0 0
 308 70393.000 89358.000 0 0 56.000 40.000 2240.000 47.328 0 1 13 210 0 0
 309 117428.000 73580.000 0 0 0.000 0.000 0.000 0.133 0 1 0 0 0 0
 310 121463.000 76873.000 0 0 52.000 54.000 2808.000 52.990 0 1 7 210 0 0
 311 73966.000 117375.000 0 0 0.000 0.000 0.000 0.146 0 1 0 0 0 0
 312 70288.000 89347.000 0 0 56.000 40.000 2240.000 47.328 0 1 13 210 0 0
 313 69983.000 90318.000 0 0 54.000 38.000 2052.000 45.299 0 1 13 210 0 0
 314 121682.000 76812.000 0 0 52.000 54.000 2808.000 52.990 0 1 7 210 0 0
 315 87142.000 128622.000 0 0 0.000 0.000 0.000 0.132 0 1 0 0 0 0
 316 69809.000 90592.000 0 0 54.000 38.000 2052.000 45.299 0 1 13 210 0 0
 317 69994.000 89413.000 0 0 54.000 40.000 2160.000 46.475 0 1 13 210 0 0
 318 70891.000 87244.000 0 0 0.000 0.000 0.000 0.166 0 1 0 0 0 0
 319 131539.000 96759.000 0 0 0.000 0.000 0.000 0.160 0 1 0 0 0 0
 320 69475.000 90652.000 0 0 54.000 38.000 2052.000 45.299 0 1 13 210 0 0
 321 121972.000 76696.000 0 0 52.000 54.000 2808.000 52.990 0 1 7 210 0 0
 322 69565.000 90397.000 0 0 54.000 38.000 2052.000 45.299 0 1 13 210 0 0
 323 69674.000 90360.000 0 0 54.000 38.000 2052.000 45.299 0 1 13 210 0 0
 324 69628.000 89492.000 0 0 54.000 40.000 2160.000 46.475 0 1 13 210 0 0
 325 122235.000 76625.000 0 0 52.000 54.000 2808.000 52.990 0 1 7 210 0 0
 326 69327.000 90433.000 0 0 54.000 38.000 2052.000 45.299 0 1 13 210 0 0
 327 69434.000 89536.000 0 0 54.000 40.000 2160.000 46.475 0 1 13 210 0 0
 328 72060.000 83867.000 0 0 0.000 0.000 0.000 0.164 0 1 0 0 0 0
 329 122377.000 76565.000 0 0 52.000 54.000 2808.000 52.990 0 1 7 210 0 0
 330 69106.000 90473.000 0 0 54.000 38.000 2052.000 45.299 0 1 13 210 0 0
 331 68702.000 90796.000 0 0 54.000 38.000 2052.000 45.299 0 1 13 210 0 0
 332 69210.000 89578.000 0 0 54.000 40.000 2160.000 46.475 0 1 13 210 0 0
 333 68822.000 90779.000 0 0 54.000 38.000 2052.000 45.299 0 1 13 210 0 0
 334 122692.000 76439.000 0 0 52.000 54.000 2808.000 52.990 0 1 7 210 0 0
 335 68847.000 90534.000 0 0 54.000 38.000 2052.000 45.299 0 1 13 210 0 0
 336 68540.000 90586.000 0 0 54.000 38.000 2052.000 45.299 0 1 13 210 0 0
 337 122871.000 76366.000 0 0 52.000 52.000 2704.000 52.000 0 1 7 210 0 0
 338 68407.000 90834.000 0 0 56.000 36.000 2016.000 44.899 0 1 13 210 0 0
 339 68382.000 90616.000 0 0 54.000 38.000 2052.000 45.299 0 1 13 210 0 0
 340 102981.000 132692.000 0 0 0.000 0.000 0.000 0.136 0 1 0 0 0 0
 341 68222.000 90645.000 0 0 54.000 38.000 2052.000 45.299 0 1 13 210 0 0
 342 123373.000 76184.000 0 0 52.000 52.000 2704.000 52.000 0 1 7 210 0 0
 343 119610.000 73013.000 0 0 48.000 56.000 2688.000 51.845 0 1 9 200 0 0
 344 80077.000 126245.000 0 0 0.000 0.000 0.000 0.146 0 1 0 0 0 0
 345 68100.000 90678.000 0 0 54.000 38.000 2052.000 45.299 0 1 13 210 0 0
 346 67811.000 90967.000 0 0 56.000 36.000 2016.000 44.899 0 1 13 210 0 0
 347 67859.000 90713.000 0 0 56.000 36.000 2016.000 44.899 0 1 13 210 0 0
 348 68917.000 87532.000 0 0 0.000 0.000 0.000 0.210 0 1 0 0 0 0
 349 69002.000 87520.000 0 0 0.000 0.000 0.000 0.201 0 1 0 0 0 0
 350 123617.000 76087.000 0 0 52.000 52.000 2704.000 52.000 0 1 7 210 0 0
 351 67669.000 90754.000 0 0 56.000 36.000 2016.000 44.899 0 1 13 210 0 0
 352 67905.000 89852.000 0 0 54.000 38.000 2052.000 45.299 0 1 13 210 0 0
 353 68803.000 87702.000 0 0 0.000 0.000 0.000 0.161 0 1 0 0 0 0
 354 68851.000 87181.000 0 0 0.000 0.000 0.000 0.267 0 1 0 0 0 0
 355 119983.000 72627.000 0 0 48.000 56.000 2688.000 51.845 0 1 9 200 0 0
 356 120227.000 72963.000 0 0 48.000 56.000 2688.000 51.845 0 1 9 200 0 0
 357 120330.000 126507.000 0 0 0.000 0.000 0.000 0.130 0 1 0 0 0 0
 358 120166.000 72563.000 0 0 48.000 56.000 2688.000 51.845 0 1 9 200 0 0
 359 123944.000 75986.000 0 0 52.000 52.000 2704.000 52.000 0 1 7 210 0 0
 360 120221.000 72826.000 0 0 48.000 56.000 2688.000 51.845 0 1 9 200 0 0
 361 108404.000 132564.000 0 0 0.000 0.000 0.000 0.134 0 1 0 0 0 0
 362 67287.000 91043.000 0 0 56.000 36.000 2016.000 44.899 0 1 13 210 0 0
 363 91755.000 132752.000 0 0 0.000 0.000 0.000 0.130 0 1 0 0 0 0
 364 89548.000 132137.000 0 0 0.000 0.000 0.000 0.131 0 1 0 0 0 0
 365 67102.000 90848.000 0 0 56.000 36.000 2016.000 44.899 0 1 13 210 0 0
 366 67364.000 89958.000 0 0 54.000 38.000 2052.000 45.299 0 1 13 210 0 0
 367 67253.000 90825.000 0 0 56.000 36.000 2016.000 44.899 0 1 13 210 0 0
 368 120345.000 72491.000 0 0 48.000 56.000 2688.000 51.845 0 1 9 200 0 0
 369 67125.000 90002.000 0 0 54.000 38.000 2052.000 45.299 0 1 13 210 0 0
 370 67256.000 89982.000 0 0 54.000 38.000 2052.000 45.299 0 1 13 210 0 0
 371 66940.000 91120.000 0 0 56.000 36.000 2016.000 44.899 0 1 13 210 0 0
 372 66740.000 91145.000 0 0 56.000 36.000 2016.000 44.899 0 1 13 210 0 0
 373 66817.000 90896.000 0 0 56.000 36.000 2016.000 44.899 0 1 13 210 0 0
 374 66915.000 90052.000 0 0 54.000 38.000 2052.000 45.299 0 1 13 210 0 0
 375 120917.000 72293.000 0 0 50.000 54.000 2700.000 51.961 0 1 9 200 0 0
 376 123592.000 74599.000 0 0 0.000 0.000 0.000 0.134 0 1 0 0 0 0
 377 124317.000 75863.000 0 0 52.000 52.000 2704.000 52.000 0 1 7 210 0 0
 378 126658.000 121631.000 0 0 0.000 0.000 0.000 0.169 0 1 0 0 0 0
 379 66482.000 91206.000 0 0 56.000 36.000 2016.000 44.899 0 1 13 210 0 0
 380 66801.000 90071.000 0 0 54.000 38.000 2052.000 45.299 0 1 13 210 0 0
 381 66594.000 90942.000 0 0 56.000 36.000 2016.000 44.899 0 1 13 210 0 0
 382 66292.000 91239.000 0 0 56.000 36.000 2016.000 44.899 0 1 13 210 0 0
 383 66651.000 90102.000 0 0 54.000 38.000 2052.000 45.299 0 1 13 210 0 0
 384 106426.000 133967.000 0 0 0.000 0.000 0.000 0.151 0 1 0 0 0 0
 385 66090.000 91019.000 0 0 56.000 36.000 2016.000 44.899 0 1 13 210 0 0
 386 66398.000 90151.000 0 0 54.000 38.000 2052.000 45.299 0 1 13 210 0 0
 387 125077.000 75568.000 0 0 52.000 52.000 2704.000 52.000 0 1 7 210 0 0
 388 66174.000 90199.000 0 0 56.000 36.000 2016.000 44.899 0 1 13 210 0 0
 389 66121.000 91010.000 0 0 56.000 36.000 2016.000 44.899 0 1 13 210 0 0
 390 125264.000 75487.000 0 0 52.000 52.000 2704.000 52.000 0 1 7 210 0 0
 391 65983.000 91037.000 0 0 56.000 36.000 2016.000 44.899 0 1 13 210 0 0
 392 65812.000 91289.000 0 0 54.000 36.000 1944.000 44.090 0 1 13 210 0 0
 393 122861.000 126819.000 0 0 0.000 0.000 0.000 0.133 0 1 0 0 0 0
 394 65997.000 90236.000 0 0 56.000 36.000 2016.000 44.899 0 1 13 210 0 0
 395 65846.000 90262.000 0 0 56.000 36.000 2016.000 44.899 0 1 13 210 0 0
 396 95757.000 134981.000 0 0 0.000 0.000 0.000 0.155 0 1 0 0 0 0
 397 66659.000 87596.000 0 0 0.000 0.000 0.000 0.202 0 1 0 0 0 0
 398 108921.000 65172.000 0 0 0.000 0.000 0.000 0.144 0 1 0 0 0 0
 399 65439.000 91141.000 0 0 54.000 36.000 1944.000 44.090 0 1 13 210 0 0
 400 65549.000 91115.000 0 0 54.000 36.000 1944.000 44.090 0 1 13 210 0 0
 401 65671.000 90293.000 0 0 56.000 36.000 2016.000 44.899 0 1 13 210 0 0
 402 125877.000 75261.000 0 0 54.000 52.000 2808.000 52.990 0 1 7 210 0 0
 403 66620.000 112366.000 0 0 0.000 0.000 0.000 0.153 0 1 0 0 0 0
 404 122232.000 71761.000 0 0 0.000 0.000 0.000 0.132 0 1 0 0 0 0
 405 122437.000 71775.000 0 0 0.000 0.000 0.000 0.143 0 1 0 0 0 0
 406 130351.000 80597.000 0 0 0.000 0.000 0.000 0.130 0 1 0 0 0 0
 407 65277.000 90377.000 0 0 56.000 36.000 2016.000 44.899 0 1 13 210 0 0
 408 64877.000 91240.000 0 0 54.000 36.000 1944.000 44.090 0 1 13 210 0 0
 409 126521.000 75007.000 0 0 54.000 52.000 2808.000 52.990 0 1 7 210 0 0
 410 124856.000 73297.000 0 0 0.000 0.000 0.000 0.147 0 1 0 0 0 0
 411 65003.000 90421.000 0 0 56.000 36.000 2016.000 44.899 0 1 13 210 0 0
 412 133751.000 86352.000 0 0 0.000 0.000 0.000 0.144 0 1 0 0 0 0
 413 64839.000 90451.000 0 0 56.000 36.000 2016.000 44.899 0 1 13 210 0 0
 414 65428.000 88378.000 0 0 0.000 0.000 0.000 0.135 0 1 0 0 0 0
 415 65349.000 88255.000 0 0 0.000 0.000 0.000 0.163 0 1 0 0 0 0
 416 64325.000 91565.000 0 0 54.000 34.000 1836.000 42.848 0 1 13 210 0 0
 417 94887.000 136067.000 0 0 0.000 0.000 0.000 0.148 0 1 0 0 0 0
 418 126063.000 75249.000 0 0 54.000 52.000 2808.000 52.990 0 1 7 210 0 0
 419 126862.000 74866.000 0 0 54.000 52.000 2808.000 52.990 0 1 7 210 0 0
 420 127168.000 74756.000 0 0 54.000 52.000 2808.000 52.990 0 1 7 210 0 0
 421 75256.000 127227.000 0 0 0.000 0.000 0.000 0.137 0 1 0 0 0 0
 422 64121.000 90599.000 0 0 56.000 36.000 2016.000 44.899 0 1 13 210 0 0
 423 63176.000 96078.000 0 0 0.000 0.000 0.000 0.141 0 1 0 0 0 0
 424 108955.000 63753.000 0 0 0.000 0.000 0.000 0.136 0 1 0 0 0 0
 425 123606.000 71228.000 0 0 0.000 0.000 0.000 0.134 0 1 0 0 0 0
 426 121504.000 129858.000 0 0 0.000 0.000 0.000 0.136 0 1 0 0 0 0
 427 105752.000 136409.000 0 0 0.000 0.000 0.000 0.132 0 1 0 0 0 0
 428 65217.000 86890.000 0 0 0.000 0.000 0.000 0.146 0 1 0 0 0 0
 429 63969.000 90628.000 0 0 56.000 36.000 2016.000 44.899 0 1 13 210 0 0
 430 106350.000 136464.000 0 0 0.000 0.000 0.000 0.153 0 1 0 0 0 0
 431 124162.000 71297.000 0 0 0.000 0.000 0.000 0.168 0 1 0 0 0 0
 432 63612.000 91693.000 0 0 54.000 34.000 1836.000 42.848 0 1 13 210 0 0
 433 108268.000 136232.000 0 0 0.000 0.000 0.000 0.142 0 1 0 0 0 0
 434 63858.000 90657.000 0 0 56.000 36.000 2016.000 44.899 0 1 13 210 0 0
 435 62807.000 96028.000 0 0 0.000 0.000 0.000 0.183 0 1 0 0 0 0
 436 63614.000 90694.000 0 0 54.000 36.000 1944.000 44.090 0 1 13 210 0 0
 437 63154.000 91779.000 0 0 54.000 34.000 1836.000 42.848 0 1 13 210 0 0
 438 132596.000 119229.000 0 0 0.000 0.000 0.000 0.143 0 1 0 0 0 0
 439 117116.000 134002.000 0 0 0.000 0.000 0.000 0.136 0 1 0 0 0 0
 440 126370.000 71865.000 0 0 0.000 0.000 0.000 0.132 0 1 0 0 0 0
 441 62778.000 90858.000 0 0 54.000 34.000 1836.000 42.848 0 1 13 210 0 0
 442 135350.000 84897.000 0 0 0.000 0.000 0.000 0.137 0 1 0 0 0 0
 443 62888.000 90805.000 0 0 54.000 36.000 1944.000 44.090 0 1 13 210 0 0
 444 121823.000 131432.000 0 0 0.000 0.000 0.000 0.135 0 1 0 0 0 0
 445 62984.000 91866.000 0 0 54.000 34.000 1836.000 42.848 0 1 13 210 0 0
 446 125147.000 70607.000 0 0 52.000 52.000 2704.000 52.000 0 1 8 210 0 0
 447 133146.000 80224.000 0 0 0.000 0.000 0.000 0.151 0 1 0 0 0 0
 448 62362.000 90938.000 0 0 54.000 34.000 1836.000 42.848 0 1 13 210 0 0
 449 62460.000 90907.000 0 0 54.000 34.000 1836.000 42.848 0 1 13 210 0 0
 450 62025.000 91954.000 0 0 54.000 34.000 1836.000 42.848 0 1 13 210 0 0
 451 62094.000 90976.000 0 0 54.000 34.000 1836.000 42.848 0 1 13 210 0 0
 452 62652.000 88898.000 0 0 54.000 38.000 2052.000 45.299 0 1 14 210 0 0
 453 92687.000 138213.000 0 0 0.000 0.000 0.000 0.134 0 1 0 0 0 0
 454 62021.000 90991.000 0 0 54.000 34.000 1836.000 42.848 0 1 13 210 0 0
 455 61662.000 92017.000 0 0 54.000 34.000 1836.000 42.848 0 1 13 210 0 0
 456 77177.000 67793.000 0 0 48.000 54.000 2592.000 50.911 0 1 4 210 0 0
 457 62309.000 88969.000 0 0 54.000 38.000 2052.000 45.299 0 1 14 210 0 0
 458 77271.000 67734.000 0 0 48.000 54.000 2592.000 50.911 0 1 4 210 0 0
 459 89333.000 61990.000 0 0 0.000 0.000 0.000 0.132 0 1 0 0 0 0
 460 78138.000 67128.000 0 0 46.000 54.000 2484.000 49.839 0 1 4 210 0 0
 461 125621.000 70130.000 0 0 52.000 52.000 2704.000 52.000 0 1 8 210 0 0
 462 138086.000 90348.000 0 0 0.000 0.000 0.000 0.131 0 1 0 0 0 0
 463 66071.000 119577.000 0 0 0.000 0.000 0.000 0.139 0 1 0 0 0 0
 464 61611.000 91062.000 0 0 54.000 34.000 1836.000 42.848 0 1 13 210 0 0
 465 99237.000 60302.000 0 0 0.000 0.000 0.000 0.140 0 1 0 0 0 0
 466 75508.000 68907.000 0 0 50.000 54.000 2700.000 51.961 0 1 4 210 0 0
 467 75586.000 68847.000 0 0 50.000 54.000 2700.000 51.961 0 1 4 210 0 0
 468 78062.000 67170.000 0 0 46.000 54.000 2484.000 49.839 0 1 4 210 0 0
 469 78226.000 67065.000 0 0 48.000 54.000 2592.000 50.911 0 1 4 210 0 0
 470 78395.000 66941.000 0 0 48.000 54.000 2592.000 50.911 0 1 4 210 0 0
 471 65494.000 118721.000 0 0 0.000 0.000 0.000 0.182 0 1 0 0 0 0
 472 126206.000 70200.000 0 0 52.000 52.000 2704.000 52.000 0 1 8 210 0 0
 473 127873.000 127987.000 0 0 0.000 0.000 0.000 0.136 0 1 0 0 0 0
 474 61085.000 92113.000 0 0 54.000 32.000 1728.000 41.569 0 1 13 210 0 0
 475 61392.000 91106.000 0 0 54.000 34.000 1836.000 42.848 0 1 13 210 0 0
 476 139021.000 91762.000 0 0 0.000 0.000 0.000 0.137 0 1 0 0 0 0
 477 61183.000 91139.000 0 0 54.000 34.000 1836.000 42.848 0 1 13 210 0 0
 478 73329.000 70314.000 0 0 50.000 54.000 2700.000 51.961 0 1 4 210 0 0
 479 73401.000 70249.000 0 0 50.000 52.000 2600.000 50.990 0 1 4 210 0 0
 480 61724.000 88533.000 0 0 54.000 38.000 2052.000 45.299 0 1 14 210 0 0
 481 60964.000 91178.000 0 0 54.000 34.000 1836.000 42.848 0 1 13 210 0 0
 482 126899.000 69970.000 0 0 50.000 54.000 2700.000 51.961 0 1 8 210 0 0
 483 61633.000 88555.000 0 0 54.000 38.000 2052.000 45.299 0 1 14 210 0 0
 484 61419.000 88588.000 0 0 54.000 38.000 2052.000 45.299 0 1 14 210 0 0
 485 71134.000 71763.000 0 0 52.000 52.000 2704.000 52.000 0 1 4 210 0 0
 486 126997.000 69927.000 0 0 50.000 54.000 2700.000 51.961 0 1 8 210 0 0
 487 82698.000 63600.000 0 0 42.000 56.000 2352.000 48.497 0 1 4 210 0 0
 488 139616.000 92913.000 0 0 0.000 0.000 0.000 0.159 0 1 0 0 0 0
 489 84665.000 62492.000 0 0 42.000 56.000 2352.000 48.497 0 1 4 210 0 0
 490 72848.000 69940.000 0 0 50.000 54.000 2700.000 51.961 0 1 4 210 0 0
 491 60620.000 91232.000 0 0 54.000 34.000 1836.000 42.848 0 1 13 210 0 0
 492 70431.000 72217.000 0 0 54.000 52.000 2808.000 52.990 0 1 4 210 0 0
 493 70579.000 72106.000 0 0 54.000 52.000 2808.000 52.990 0 1 4 210 0 0
 494 70755.000 72006.000 0 0 54.000 52.000 2808.000 52.990 0 1 4 210 0 0
 495 70832.000 71948.000 0 0 54.000 52.000 2808.000 52.990 0 1 4 210 0 0
 496 70987.000 71873.000 0 0 52.000 52.000 2704.000 52.000 0 1 4 210 0 0
 497 84971.000 62362.000 0 0 42.000 56.000 2352.000 48.497 0 1 4 210 0 0
 498 85042.000 62285.000 0 0 42.000 56.000 2352.000 48.497 0 1 4 210 0 0
 499 85187.000 62188.000 0 0 42.000 56.000 2352.000 48.497 0 1 4 210 0 0
 500 85326.000 62077.000 0 0 42.000 56.000 2352.000 48.497 0 1 4 210 0 0
 501 85529.000 62017.000 0 0 40.000 56.000 2240.000 47.328 0 1 4 210 0 0
 502 85626.000 61980.000 0 0 40.000 56.000 2240.000 47.328 0 1 4 210 0 0
 503 74733.000 67968.000 0 0 0.000 0.000 0.000 0.147 0 1 0 0 0 0
 504 60194.000 91993.000 0 0 54.000 32.000 1728.000 41.569 0 1 13 210 0 0
 505 60370.000 91284.000 0 0 54.000 34.000 1836.000 42.848 0 1 13 210 0 0
 506 60485.000 91266.000 0 0 54.000 34.000 1836.000 42.848 0 1 13 210 0 0
 507 70300.000 72303.000 0 0 54.000 52.000 2808.000 52.990 0 1 4 210 0 0
 508 71828.000 70792.000 0 0 52.000 52.000 2704.000 52.000 0 1 4 210 0 0
 509 104839.000 140123.000 0 0 0.000 0.000 0.000 0.317 0 1 0 0 0 0
 510 121422.000 65076.000 0 0 0.000 0.000 0.000 0.165 0 1 0 0 0 0
 511 60172.000 91323.000 0 0 54.000 34.000 1836.000 42.848 0 1 13 210 0 0
 512 69618.000 72731.000 0 0 54.000 50.000 2700.000 51.961 0 1 4 210 0 0
 513 69707.000 72652.000 0 0 54.000 50.000 2700.000 51.961 0 1 4 210 0 0
 514 59287.000 95742.000 0 0 0.000 0.000 0.000 0.141 0 1 0 0 0 0
 515 59901.000 91362.000 0 0 54.000 34.000 1836.000 42.848 0 1 13 210 0 0
 516 59929.000 92225.000 0 0 54.000 32.000 1728.000 41.569 0 1 13 210 0 0
 517 60586.000 92226.000 0 0 54.000 32.000 1728.000 41.569 0 1 13 210 0 0
 518 60313.000 89309.000 0 0 0.000 0.000 0.000 0.153 0 1 0 0 0 0
 519 59794.000 91398.000 0 0 54.000 34.000 1836.000 42.848 0 1 13 210 0 0
 520 76050.000 66436.000 0 0 0.000 0.000 0.000 0.132 0 1 0 0 0 0
 521 83153.000 62410.000 0 0 0.000 0.000 0.000 0.156 0 1 0 0 0 0
 522 60625.000 111987.000 0 0 0.000 0.000 0.000 0.186 0 1 0 0 0 0
 523 128224.000 69762.000 0 0 0.000 0.000 0.000 0.416 0 1 0 0 0 0
 524 59441.000 92354.000 0 0 54.000 32.000 1728.000 41.569 0 1 13 210 0 0
 525 60117.000 89348.000 0 0 0.000 0.000 0.000 0.142 0 1 0 0 0 0
 526 90479.000 59519.000 0 0 34.000 54.000 1836.000 42.848 0 1 4 210 0 0
 527 113816.000 60845.000 0 0 0.000 0.000 0.000 0.130 0 1 0 0 0 0
 528 124287.000 66270.000 0 0 0.000 0.000 0.000 0.138 0 1 0 0 0 0
 529 128071.000 69373.000 0 0 0.000 0.000 0.000 0.139 0 1 0 0 0 0
 530 135674.000 78985.000 0 0 0.000 0.000 0.000 0.142 0 1 0 0 0 0
 531 59014.000 93735.000 0 0 0.000 0.000 0.000 0.207 0 1 0 0 0 0
 532 128566.000 69607.000 0 0 0.000 0.000 0.000 0.137 0 1 0 0 0 0
 533 68384.000 72805.000 0 0 52.000 52.000 2704.000 52.000 0 1 4 210 0 0
 534 59372.000 91450.000 0 0 54.000 34.000 1836.000 42.848 0 1 13 210 0 0
 535 88298.000 59800.000 0 0 36.000 56.000 2016.000 44.899 0 1 4 210 0 0
 536 88408.000 59704.000 0 0 36.000 56.000 2016.000 44.899 0 1 4 210 0 0
 537 88597.000 59649.000 0 0 36.000 56.000 2016.000 44.899 0 1 4 210 0 0
 538 59166.000 91498.000 0 0 54.000 34.000 1836.000 42.848 0 1 13 210 0 0
 539 86694.000 60233.000 0 0 38.000 54.000 2052.000 45.299 0 1 4 210 0 0
 540 88535.000 59676.000 0 0 36.000 56.000 2016.000 44.899 0 1 4 210 0 0
 541 136529.000 120231.000 0 0 0.000 0.000 0.000 0.134 0 1 0 0 0 0
 542 88744.000 59521.000 0 0 36.000 56.000 2016.000 44.899 0 1 4 210 0 0
 543 59019.000 92423.000 0 0 54.000 32.000 1728.000 41.569 0 1 13 210 0 0
 544 58812.000 92449.000 0 0 54.000 32.000 1728.000 41.569 0 1 13 210 0 0
 545 59491.000 89463.000 0 0 0.000 0.000 0.000 0.158 0 1 0 0 0 0
 546 128571.000 69172.000 0 0 0.000 0.000 0.000 0.176 0 1 0 0 0 0
 547 116209.000 60972.000 0 0 0.000 0.000 0.000 0.171 0 1 0 0 0 0
 548 58850.000 91541.000 0 0 54.000 34.000 1836.000 42.848 0 1 13 210 0 0
 549 70020.000 69972.000 0 0 0.000 0.000 0.000 0.139 0 1 0 0 0 0
 550 58419.000 92513.000 0 0 54.000 32.000 1728.000 41.569 0 1 13 210 0 0
 551 58551.000 91605.000 0 0 54.000 32.000 1728.000 41.569 0 1 13 210 0 0
 552 58660.000 91557.000 0 0 54.000 34.000 1836.000 42.848 0 1 13 210 0 0
 553 57743.000 101865.000 0 0 0.000 0.000 0.000 0.148 0 1 0 0 0 0
 554 90073.000 58520.000 0 0 34.000 54.000 1836.000 42.848 0 1 4 210 0 0
 555 59029.000 89044.000 0 0 0.000 0.000 0.000 0.130 0 1 0 0 0 0
 556 90131.000 58478.000 0 0 34.000 54.000 1836.000 42.848 0 1 4 210 0 0
 557 90249.000 58406.000 0 0 34.000 54.000 1836.000 42.848 0 1 4 210 0 0
 558 58077.000 92530.000 0 0 54.000 32.000 1728.000 41.569 0 1 13 210 0 0
 559 58366.000 91602.000 0 0 54.000 32.000 1728.000 41.569 0 1 13 210 0 0
 560 90502.000 58195.000 0 0 34.000 54.000 1836.000 42.848 0 1 4 210 0 0
 561 57836.000 92612.000 0 0 54.000 32.000 1728.000 41.569 0 1 13 210 0 0
 562 90632.000 58105.000 0 0 34.000 54.000 1836.000 42.848 0 1 4 210 0 0
 563 57895.000 91719.000 0 0 54.000 32.000 1728.000 41.569 0 1 13 210 0 0
 564 90950.000 57863.000 0 0 34.000 54.000 1836.000 42.848 0 1 4 210 0 0
 565 91095.000 57734.000 0 0 34.000 54.000 1836.000 42.848 0 1 4 210 0 0
 566 57590.000 92616.000 0 0 54.000 32.000 1728.000 41.569 0 1 13 210 0 0
 567 57645.000 91753.000 0 0 54.000 32.000 1728.000 41.569 0 1 13 210 0 0
 568 91213.000 57655.000 0 0 34.000 54.000 1836.000 42.848 0 1 4 210 0 0
 569 91322.000 57560.000 0 0 34.000 54.000 1836.000 42.848 0 1 4 210 0 0
 570 69653.000 68811.000 0 0 0.000 0.000 0.000 0.140 0 1 0 0 0 0
 571 57292.000 92645.000 0 0 54.000 32.000 1728.000 41.569 0 1 13 210 0 0
 572 57379.000 91788.000 0 0 54.000 32.000 1728.000 41.569 0 1 13 210 0 0
 573 91379.000 57483.000 0 0 32.000 54.000 1728.000 41.569 0 1 4 210 0 0
 574 142769.000 91666.000 0 0 0.000 0.000 0.000 0.136 0 1 0 0 0 0
 575 91871.000 57136.000 0 0 32.000 54.000 1728.000 41.569 0 1 4 210 0 0
 576 82638.000 139733.000 0 0 0.000 0.000 0.000 0.135 0 1 0 0 0 0
 577 56945.000 92717.000 0 0 54.000 32.000 1728.000 41.569 0 1 13 210 0 0
 578 131795.000 69856.000 0 0 0.000 0.000 0.000 0.141 0 1 0 0 0 0
 579 142561.000 109426.000 0 0 0.000 0.000 0.000 0.152 0 1 0 0 0 0
 580 124350.000 136071.000 0 0 0.000 0.000 0.000 0.131 0 1 0 0 0 0
 581 57381.000 89810.000 0 0 54.000 34.000 1836.000 42.848 0 1 15 200 0 0
 582 57571.000 89282.000 0 0 54.000 36.000 1944.000 44.090 0 1 15 200 0 0
 583 92715.000 56484.000 0 0 32.000 52.000 1664.000 40.792 0 1 4 210 0 0
 584 56081.000 101700.000 0 0 0.000 0.000 0.000 0.153 0 1 0 0 0 0
 585 56636.000 92767.000 0 0 52.000 32.000 1664.000 40.792 0 1 13 210 0 0
 586 92790.000 56401.000 0 0 32.000 52.000 1664.000 40.792 0 1 4 210 0 0
 587 56558.000 91699.000 0 0 54.000 32.000 1728.000 41.569 0 1 13 210 0 0
 588 87925.000 57278.000 0 0 0.000 0.000 0.000 0.141 0 1 0 0 0 0
 589 93083.000 56173.000 0 0 30.000 52.000 1560.000 39.496 0 1 4 210 0 0
 590 93181.000 56121.000 0 0 30.000 52.000 1560.000 39.496 0 1 4 210 0 0
 591 56184.000 92836.000 0 0 52.000 32.000 1664.000 40.792 0 1 13 210 0 0
 592 137154.000 123867.000 0 0 0.000 0.000 0.000 0.148 0 1 0 0 0 0
 593 56753.000 89392.000 0 0 54.000 34.000 1836.000 42.848 0 1 15 200 0 0
 594 93520.000 55873.000 0 0 30.000 52.000 1560.000 39.496 0 1 4 210 0 0
 595 56544.000 89428.000 0 0 54.000 34.000 1836.000 42.848 0 1 15 200 0 0
 596 93682.000 55701.000 0 0 30.000 52.000 1560.000 39.496 0 1 4 210 0 0
 597 56018.000 91788.000 0 0 54.000 32.000 1728.000 41.569 0 1 13 210 0 0
 598 93997.000 55473.000 0 0 30.000 52.000 1560.000 39.496 0 1 4 210 0 0
 599 56371.000 89979.000 0 0 54.000 34.000 1836.000 42.848 0 1 15 200 0 0
 600 56442.000 89439.000 0 0 54.000 34.000 1836.000 42.848 0 1 15 200 0 0
 601 55647.000 92902.000 0 0 52.000 30.000 1560.000 39.496 0 1 13 210 0 0
 602 55850.000 91815.000 0 0 54.000 32.000 1728.000 41.569 0 1 13 210 0 0
 603 123578.000 61566.000 0 0 0.000 0.000 0.000 0.130 0 1 0 0 0 0
 604 55528.000 91869.000 0 0 54.000 32.000 1728.000 41.569 0 1 13 210 0 0
 605 94459.000 55083.000 0 0 30.000 52.000 1560.000 39.496 0 1 4 210 0 0
 606 94603.000 54966.000 0 0 28.000 52.000 1456.000 38.157 0 1 4 210 0 0
 607 55162.000 92974.000 0 0 52.000 30.000 1560.000 39.496 0 1 13 210 0 0
 608 132163.000 67896.000 0 0 0.000 0.000 0.000 0.175 0 1 0 0 0 0
 609 55164.000 91951.000 0 0 54.000 32.000 1728.000 41.569 0 1 13 210 0 0
 610 139632.000 122378.000 0 0 0.000 0.000 0.000 0.145 0 1 0 0 0 0
 611 55044.000 91974.000 0 0 54.000 32.000 1728.000 41.569 0 1 13 210 0 0
 612 55400.000 89992.000 0 0 0.000 0.000 0.000 0.245 0 1 0 0 0 0
 613 95206.000 54227.000 0 0 28.000 52.000 1456.000 38.157 0 1 3 210 0 0
 614 54795.000 92757.000 0 0 52.000 30.000 1560.000 39.496 0 1 13 210 0 0
 615 95321.000 54177.000 0 0 28.000 52.000 1456.000 38.157 0 1 3 210 0 0
 616 95400.000 54120.000 0 0 28.000 52.000 1456.000 38.157 0 1 3 210 0 0
 617 54581.000 93046.000 0 0 52.000 30.000 1560.000 39.496 0 1 13 210 0 0
 618 95540.000 54015.000 0 0 28.000 52.000 1456.000 38.157 0 1 3 210 0 0
 619 54396.000 93074.000 0 0 52.000 30.000 1560.000 39.496 0 1 13 210 0 0
 620 54959.000 89671.000 0 0 0.000 0.000 0.000 0.136 0 1 0 0 0 0
 621 95149.000 54232.000 0 0 28.000 52.000 1456.000 38.157 0 1 3 210 0 0
 622 54717.000 90238.000 0 0 0.000 0.000 0.000 0.136 0 1 0 0 0 0
 623 96066.000 53600.000 0 0 28.000 52.000 1456.000 38.157 0 1 3 210 0 0
 624 53945.000 93128.000 0 0 52.000 30.000 1560.000 39.496 0 1 13 210 0 0
 625 96177.000 53519.000 0 0 28.000 50.000 1400.000 37.416 0 1 3 210 0 0
 626 96342.000 53373.000 0 0 26.000 50.000 1300.000 36.055 0 1 3 210 0 0
 627 133535.000 67506.000 0 0 0.000 0.000 0.000 0.140 0 1 0 0 0 0
 628 70862.000 136234.000 0 0 0.000 0.000 0.000 0.142 0 1 0 0 0 0
 629 53374.000 97527.000 0 0 0.000 0.000 0.000 0.141 0 1 0 0 0 0
 630 54353.000 90299.000 0 0 0.000 0.000 0.000 0.139 0 1 0 0 0 0
 631 97104.000 52757.000 0 0 26.000 50.000 1300.000 36.055 0 1 3 210 0 0
 632 97505.000 52594.000 0 0 26.000 50.000 1300.000 36.055 0 1 3 210 0 0
 633 97529.000 52410.000 0 0 26.000 50.000 1300.000 36.055 0 1 3 210 0 0
 634 53265.000 92956.000 0 0 52.000 30.000 1560.000 39.496 0 1 13 210 0 0
 635 97639.000 52305.000 0 0 26.000 50.000 1300.000 36.055 0 1 3 210 0 0
 636 97726.000 52242.000 0 0 26.000 50.000 1300.000 36.055 0 1 3 210 0 0
 637 147550.000 101257.000 0 0 0.000 0.000 0.000 0.157 0 1 0 0 0 0
 638 82454.000 144062.000 0 0 0.000 0.000 0.000 0.141 0 1 0 0 0 0
 639 52875.000 93005.000 0 0 52.000 30.000 1560.000 39.496 0 1 13 210 0 0
 640 114241.000 54182.000 0 0 0.000 0.000 0.000 0.146 0 1 0 0 0 0
 641 113324.000 145595.000 0 0 0.000 0.000 0.000 0.131 0 1 0 0 0 0
 642 52686.000 92526.000 0 0 52.000 30.000 1560.000 39.496 0 1 13 210 0 0
 643 72022.000 61023.000 0 0 0.000 0.000 0.000 0.131 0 1 0 0 0 0
 644 81108.000 55845.000 0 0 0.000 0.000 0.000 0.132 0 1 0 0 0 0
 645 97961.000 52033.000 0 0 26.000 50.000 1300.000 36.055 0 1 3 210 0 0
 646 52592.000 93266.000 0 0 52.000 30.000 1560.000 39.496 0 1 13 210 0 0
 647 52456.000 93291.000 0 0 52.000 30.000 1560.000 39.496 0 1 13 210 0 0
 648 52509.000 92559.000 0 0 52.000 30.000 1560.000 39.496 0 1 13 210 0 0
 649 84558.000 54130.000 0 0 0.000 0.000 0.000 0.146 0 1 0 0 0 0
 650 52626.000 90416.000 0 0 0.000 0.000 0.000 0.179 0 1 0 0 0 0
 651 115639.000 145565.000 0 0 0.000 0.000 0.000 0.143 0 1 0 0 0 0
 652 51734.000 104979.000 0 0 0.000 0.000 0.000 0.140 0 1 0 0 0 0
 653 51951.000 93122.000 0 0 52.000 30.000 1560.000 39.496 0 1 13 210 0 0
 654 52029.000 93109.000 0 0 52.000 30.000 1560.000 39.496 0 1 13 210 0 0
 655 69498.000 137706.000 0 0 0.000 0.000 0.000 0.152 0 1 0 0 0 0
 656 51656.000 93388.000 0 0 52.000 30.000 1560.000 39.496 0 1 13 210 0 0
 657 51817.000 93137.000 0 0 52.000 30.000 1560.000 39.496 0 1 13 210 0 0
 658 52174.000 90613.000 0 0 0.000 0.000 0.000 0.145 0 1 0 0 0 0
 659 52322.000 90104.000 0 0 0.000 0.000 0.000 0.147 0 1 0 0 0 0
 660 51447.000 93396.000 0 0 52.000 30.000 1560.000 39.496 0 1 13 210 0 0
 661 51502.000 93174.000 0 0 52.000 30.000 1560.000 39.496 0 1 13 210 0 0
 662 51107.000 93473.000 0 0 52.000 30.000 1560.000 39.496 0 1 13 210 0 0
 663 136513.000 66164.000 0 0 0.000 0.000 0.000 0.136 0 1 0 0 0 0
 664 124189.000 56205.000 0 0 0.000 0.000 0.000 0.145 0 1 0 0 0 0
 665 128885.000 58958.000 0 0 0.000 0.000 0.000 0.134 0 1 0 0 0 0
 666 50565.000 93517.000 0 0 52.000 30.000 1560.000 39.496 0 1 13 210 0 0
 667 136438.000 65679.000 0 0 0.000 0.000 0.000 200000.000 0 1 0 200 0 0
 668 50575.000 93294.000 0 0 52.000 30.000 1560.000 39.496 0 1 13 210 0 0
 669 50163.000 93538.000 0 0 52.000 30.000 1560.000 39.496 0 1 13 210 0 0
 670 50588.000 90847.000 0 0 0.000 0.000 0.000 0.136 0 1 0 0 0 0
 671 111172.000 148757.000 0 0 0.000 0.000 0.000 0.132 0 1 0 0 0 0
 672 101478.000 49460.000 0 0 0.000 0.000 0.000 0.172 0 1 0 0 0 0
 673 49707.000 93605.000 0 0 52.000 30.000 1560.000 39.496 0 1 13 210 0 0
 674 49961.000 90929.000 0 0 0.000 0.000 0.000 0.130 0 1 0 0 0 0
 675 49269.000 93642.000 0 0 52.000 30.000 1560.000 39.496 0 1 13 210 0 0
 676 49513.000 90965.000 0 0 0.000 0.000 0.000 0.160 0 1 0 0 0 0
 677 137976.000 65325.000 0 0 0.000 0.000 0.000 0.146 0 1 0 0 0 0
 678 94682.000 150785.000 0 0 0.000 0.000 0.000 0.139 0 1 0 0 0 0
 679 49083.000 93679.000 0 0 52.000 30.000 1560.000 39.496 0 1 13 210 0 0
 680 67313.000 139600.000 0 0 0.000 0.000 0.000 0.131 0 1 0 0 0 0
 681 48733.000 93702.000 0 0 52.000 30.000 1560.000 39.496 0 1 13 210 0 0
 682 48837.000 93027.000 0 0 52.000 30.000 1560.000 39.496 0 1 13 210 0 0
 683 50719.000 83911.000 0 0 54.000 38.000 2052.000 45.299 0 1 4 210 0 0
 684 48519.000 93732.000 0 0 52.000 30.000 1560.000 39.496 0 1 13 210 0 0
 685 48884.000 91079.000 0 0 0.000 0.000 0.000 0.142 0 1 0 0 0 0
 686 48072.000 93786.000 0 0 52.000 28.000 1456.000 38.157 0 1 13 210 0 0
 687 111786.000 48784.000 0 0 0.000 0.000 0.000 0.134 0 1 0 0 0 0
 688 48234.000 91160.000 0 0 54.000 32.000 1728.000 41.569 0 1 16 200 0 0
 689 48032.000 91185.000 0 0 54.000 32.000 1728.000 41.569 0 1 16 200 0 0
 690 56915.000 69710.000 0 0 0.000 0.000 0.000 0.132 0 1 0 0 0 0
 691 47705.000 93184.000 0 0 52.000 30.000 1560.000 39.496 0 1 13 210 0 0
 692 139447.000 64773.000 0 0 0.000 0.000 0.000 0.436 0 1 0 0 0 0
 693 152999.000 97398.000 0 0 0.000 0.000 0.000 0.130 0 1 0 0 0 0
 694 47517.000 93622.000 0 0 52.000 30.000 1560.000 39.496 0 1 13 210 0 0
 695 47262.000 93877.000 0 0 52.000 28.000 1456.000 38.157 0 1 13 210 0 0
 696 59703.000 134609.000 0 0 0.000 0.000 0.000 0.130 0 1 0 0 0 0
 697 47236.000 93261.000 0 0 52.000 30.000 1560.000 39.496 0 1 13 210 0 0
 698 47709.000 90701.000 0 0 54.000 32.000 1728.000 41.569 0 1 16 200 0 0
 699 47379.000 90730.000 0 0 54.000 32.000 1728.000 41.569 0 1 16 200 0 0
 700 78595.000 50923.000 0 0 0.000 0.000 0.000 0.131 0 1 0 0 0 0
 701 46916.000 93895.000 0 0 52.000 28.000 1456.000 38.157 0 1 13 210 0 0
 702 47373.000 90913.000 0 0 54.000 32.000 1728.000 41.569 0 1 16 200 0 0
 703 77019.000 148255.000 0 0 0.000 0.000 0.000 0.145 0 1 0 0 0 0
 704 49512.000 118850.000 0 0 0.000 0.000 0.000 0.135 0 1 0 0 0 0
 705 46745.000 93912.000 0 0 52.000 28.000 1456.000 38.157 0 1 13 210 0 0
 706 46420.000 93988.000 0 0 52.000 28.000 1456.000 38.157 0 1 13 210 0 0
 707 46805.000 91354.000 0 0 52.000 32.000 1664.000 40.792 0 1 16 200 0 0
 708 46806.000 91354.000 0 0 52.000 32.000 1664.000 40.792 0 1 16 200 0 0
 709 46799.000 90827.000 0 0 54.000 32.000 1728.000 41.569 0 1 16 200 0 0
 710 46233.000 93756.000 0 0 52.000 28.000 1456.000 38.157 0 1 13 210 0 0
 711 47554.000 85644.000 0 0 56.000 36.000 2016.000 44.899 0 1 4 210 0 0
 712 46469.000 90859.000 0 0 54.000 32.000 1728.000 41.569 0 1 16 200 0 0
 713 47670.000 85557.000 0 0 56.000 36.000 2016.000 44.899 0 1 4 210 0 0
 714 105289.000 45693.000 0 0 0.000 0.000 0.000 0.130 0 1 0 0 0 0
 715 45835.000 94020.000 0 0 52.000 28.000 1456.000 38.157 0 1 13 210 0 0
 716 46302.000 90881.000 0 0 54.000 32.000 1728.000 41.569 0 1 16 200 0 0
 717 47337.000 85735.000 0 0 56.000 36.000 2016.000 44.899 0 1 4 210 0 0
 718 46108.000 91431.000 0 0 0.000 0.000 0.000 0.132 0 1 0 0 0 0
 719 45708.000 94033.000 0 0 52.000 28.000 1456.000 38.157 0 1 13 210 0 0
 720 106334.000 45503.000 0 0 0.000 0.000 0.000 0.136 0 1 0 0 0 0
 721 47103.000 85868.000 0 0 56.000 36.000 2016.000 44.899 0 1 4 210 0 0
 722 88586.000 153312.000 0 0 0.000 0.000 0.000 0.131 0 1 0 0 0 0
 723 45567.000 93439.000 0 0 52.000 28.000 1456.000 38.157 0 1 13 210 0 0
 724 45600.000 93822.000 0 0 52.000 28.000 1456.000 38.157 0 1 13 210 0 0
 725 152252.000 82862.000 0 0 0.000 0.000 0.000 0.154 0 1 0 0 0 0
 726 45299.000 94075.000 0 0 52.000 28.000 1456.000 38.157 0 1 13 210 0 0
 727 46923.000 85973.000 0 0 56.000 36.000 2016.000 44.899 0 1 4 210 0 0
 728 144611.000 67600.000 0 0 56.000 48.000 2688.000 51.845 0 1 7 210 0 0
 729 45579.000 91352.000 0 0 0.000 0.000 0.000 0.146 0 1 0 0 0 0
 730 46308.000 86320.000 0 0 54.000 36.000 1944.000 44.090 0 1 4 210 0 0
 731 45153.000 93501.000 0 0 52.000 28.000 1456.000 38.157 0 1 13 210 0 0
 732 44859.000 93895.000 0 0 52.000 28.000 1456.000 38.157 0 1 13 210 0 0
 733 44660.000 94134.000 0 0 52.000 28.000 1456.000 38.157 0 1 13 210 0 0
 734 44489.000 93589.000 0 0 52.000 28.000 1456.000 38.157 0 1 13 210 0 0
 735 90108.000 44862.000 0 0 0.000 0.000 0.000 0.132 0 1 0 0 0 0
 736 44666.000 91079.000 0 0 52.000 30.000 1560.000 39.496 0 1 17 200 0 0
 737 45527.000 86704.000 0 0 54.000 34.000 1836.000 42.848 0 1 4 210 0 0
 738 44177.000 93950.000 0 0 52.000 28.000 1456.000 38.157 0 1 13 210 0 0
 739 44477.000 91101.000 0 0 52.000 30.000 1560.000 39.496 0 1 17 200 0 0
 740 45409.000 86786.000 0 0 54.000 34.000 1836.000 42.848 0 1 4 210 0 0
 741 44269.000 91126.000 0 0 52.000 30.000 1560.000 39.496 0 1 17 200 0 0
 742 129954.000 51922.000 0 0 0.000 0.000 0.000 0.137 0 1 0 0 0 0
 743 146968.000 68494.000 0 0 0.000 0.000 0.000 0.133 0 1 0 0 0 0
 744 113641.000 154611.000 0 0 0.000 0.000 0.000 0.138 0 1 0 0 0 0
 745 43812.000 94206.000 0 0 52.000 28.000 1456.000 38.157 0 1 13 210 0 0
 746 43915.000 94165.000 0 0 52.000 28.000 1456.000 38.157 0 1 13 210 0 0
 747 44039.000 91153.000 0 0 52.000 30.000 1560.000 39.496 0 1 17 200 0 0
 748 44916.000 87025.000 0 0 54.000 34.000 1836.000 42.848 0 1 4 210 0 0
 749 43543.000 94245.000 0 0 52.000 28.000 1456.000 38.157 0 1 13 210 0 0
 750 43735.000 91691.000 0 0 52.000 30.000 1560.000 39.496 0 1 17 200 0 0
 751 43720.000 91198.000 0 0 52.000 30.000 1560.000 39.496 0 1 17 200 0 0
 752 43484.000 91217.000 0 0 52.000 30.000 1560.000 39.496 0 1 17 200 0 0
 753 52296.000 131787.000 0 0 0.000 0.000 0.000 0.131 0 1 0 0 0 0
 754 138623.000 142567.000 0 0 0.000 0.000 0.000 0.154 0 1 0 0 0 0
 755 98884.000 41879.000 0 0 0.000 0.000 0.000 0.157 0 1 0 0 0 0
 756 43313.000 87863.000 0 0 54.000 34.000 1836.000 42.848 0 1 4 210 0 0
 757 100847.000 157652.000 0 0 0.000 0.000 0.000 0.147 0 1 0 0 0 0
 758 42292.000 94352.000 0 0 52.000 28.000 1456.000 38.157 0 1 13 210 0 0
 759 42621.000 91309.000 0 0 52.000 30.000 1560.000 39.496 0 1 18 200 0 0
 760 111086.000 42695.000 0 0 0.000 0.000 0.000 0.133 0 1 0 0 0 0
 761 113838.000 43156.000 0 0 0.000 0.000 0.000 0.159 0 1 0 0 0 0
 762 147178.000 65712.000 0 0 56.000 48.000 2688.000 51.845 0 1 7 210 0 0
 763 41967.000 94369.000 0 0 52.000 28.000 1456.000 38.157 0 1 13 210 0 0
 764 41448.000 100191.000 0 0 0.000 0.000 0.000 0.143 0 1 0 0 0 0
 765 41676.000 94404.000 0 0 52.000 28.000 1456.000 38.157 0 1 4 210 0 0
 766 41911.000 91921.000 0 0 52.000 30.000 1560.000 39.496 0 1 18 200 0 0
 767 42369.000 88339.000 0 0 54.000 32.000 1728.000 41.569 0 1 4 210 0 0
 768 41746.000 91930.000 0 0 52.000 30.000 1560.000 39.496 0 1 18 200 0 0
 769 41790.000 91407.000 0 0 52.000 30.000 1560.000 39.496 0 1 18 200 0 0
 770 153393.000 124732.000 0 0 0.000 0.000 0.000 0.136 0 1 0 0 0 0
 771 41254.000 94218.000 0 0 52.000 28.000 1456.000 38.157 0 1 4 210 0 0
 772 41205.000 93938.000 0 0 52.000 28.000 1456.000 38.157 0 1 4 210 0 0
 773 40985.000 94464.000 0 0 52.000 28.000 1456.000 38.157 0 1 4 210 0 0
 774 41286.000 91461.000 0 0 52.000 30.000 1560.000 39.496 0 1 18 200 0 0
 775 40986.000 93973.000 0 0 52.000 28.000 1456.000 38.157 0 1 4 210 0 0
 776 138065.000 53797.000 0 0 0.000 0.000 0.000 0.130 0 1 0 0 0 0
 777 40592.000 94489.000 0 0 52.000 28.000 1456.000 38.157 0 1 4 210 0 0
 778 40822.000 91503.000 0 0 52.000 30.000 1560.000 39.496 0 1 18 200 0 0
 779 40377.000 91566.000 0 0 52.000 30.000 1560.000 39.496 0 1 18 200 0 0
 780 40220.000 94516.000 0 0 52.000 28.000 1456.000 38.157 0 1 4 210 0 0
 781 110685.000 40557.000 0 0 0.000 0.000 0.000 0.140 0 1 0 0 0 0
 782 137332.000 52557.000 0 0 0.000 0.000 0.000 0.134 0 1 0 0 0 0
 783 39983.000 94542.000 0 0 52.000 28.000 1456.000 38.157 0 1 4 210 0 0
 784 40001.000 94068.000 0 0 52.000 28.000 1456.000 38.157 0 1 4 210 0 0
 785 153629.000 128336.000 0 0 0.000 0.000 0.000 0.143 0 1 0 0 0 0
 786 39691.000 94566.000 0 0 52.000 28.000 1456.000 38.157 0 1 4 210 0 0
 787 41846.000 82349.000 0 0 0.000 0.000 0.000 0.131 0 1 0 0 0 0
 788 40215.000 89433.000 0 0 54.000 32.000 1728.000 41.569 0 1 4 210 0 0
 789 159117.000 85347.000 0 0 0.000 0.000 0.000 0.148 0 1 0 0 0 0
 790 59792.000 145567.000 0 0 0.000 0.000 0.000 0.143 0 1 0 0 0 0
 791 39417.000 91647.000 0 0 52.000 30.000 1560.000 39.496 0 1 19 200 0 0
 792 160945.000 104450.000 0 0 0.000 0.000 0.000 0.132 0 1 0 0 0 0
 793 39176.000 92193.000 0 0 52.000 30.000 1560.000 39.496 0 1 19 200 0 0
 794 39321.000 91658.000 0 0 52.000 30.000 1560.000 39.496 0 1 19 200 0 0
 795 39039.000 94399.000 0 0 52.000 28.000 1456.000 38.157 0 1 4 210 0 0
 796 41180.000 82820.000 0 0 0.000 0.000 0.000 0.135 0 1 0 0 0 0
 797 158122.000 120547.000 0 0 0.000 0.000 0.000 0.134 0 1 0 0 0 0
 798 141333.000 145536.000 0 0 0.000 0.000 0.000 0.133 0 1 0 0 0 0
 799 38848.000 94615.000 0 0 52.000 28.000 1456.000 38.157 0 1 4 210 0 0
 800 38595.000 94425.000 0 0 52.000 28.000 1456.000 38.157 0 1 4 210 0 0
 801 38651.000 91716.000 0 0 52.000 30.000 1560.000 39.496 0 1 19 200 0 0
 802 160965.000 89110.000 0 0 0.000 0.000 0.000 0.149 0 1 0 0 0 0
 803 38313.000 94451.000 0 0 52.000 28.000 1456.000 38.157 0 1 4 210 0 0
 804 160855.000 87932.000 0 0 0.000 0.000 0.000 0.139 0 1 0 0 0 0
 805 37991.000 101026.000 0 0 0.000 0.000 0.000 0.131 0 1 0 0 0 0
 806 38099.000 94668.000 0 0 52.000 28.000 1456.000 38.157 0 1 4 210 0 0
 807 38324.000 92272.000 0 0 52.000 30.000 1560.000 39.496 0 1 19 200 0 0
 808 37963.000 94480.000 0 0 52.000 28.000 1456.000 38.157 0 1 24 210 0 0
 809 38170.000 91770.000 0 0 52.000 30.000 1560.000 39.496 0 1 19 200 0 0
 810 37876.000 91831.000 0 0 52.000 30.000 1560.000 39.496 0 1 19 200 0 0
 811 46417.000 132515.000 0 0 0.000 0.000 0.000 0.131 0 1 0 0 0 0
 812 37488.000 94504.000 0 0 52.000 28.000 1456.000 38.157 0 1 24 210 0 0
 813 161370.000 86376.000 0 0 0.000 0.000 0.000 0.151 0 1 0 0 0 0
 814 37163.000 94331.000 0 0 52.000 28.000 1456.000 38.157 0 1 24 210 0 0
 815 37297.000 92145.000 0 0 52.000 30.000 1560.000 39.496 0 1 19 200 0 0
 816 37720.000 90054.000 0 0 52.000 30.000 1560.000 39.496 0 1 4 210 0 0
 817 36989.000 94535.000 0 0 52.000 28.000 1456.000 38.157 0 1 24 210 0 0
 818 37054.000 92253.000 0 0 52.000 30.000 1560.000 39.496 0 1 19 200 0 0
 819 36752.000 94561.000 0 0 52.000 28.000 1456.000 38.157 0 1 24 210 0 0
 820 69536.000 43921.000 0 0 0.000 0.000 0.000 0.139 0 1 0 0 0 0
 821 160850.000 118932.000 0 0 0.000 0.000 0.000 0.152 0 1 0 0 0 0
 822 36106.000 94601.000 0 0 52.000 28.000 1456.000 38.157 0 1 4 210 0 0
 823 143549.000 146650.000 0 0 0.000 0.000 0.000 0.140 0 1 0 0 0 0
 824 138463.000 150795.000 0 0 0.000 0.000 0.000 0.134 0 1 0 0 0 0
 825 161371.000 81190.000 0 0 0.000 0.000 0.000 0.138 0 1 0 0 0 0
 826 36122.000 94805.000 0 0 50.000 28.000 1400.000 37.416 0 1 4 210 0 0
 827 36116.000 92480.000 0 0 52.000 28.000 1456.000 38.157 0 1 4 210 0 0
 828 35921.000 94824.000 0 0 50.000 28.000 1400.000 37.416 0 1 4 210 0 0
 829 35806.000 92504.000 0 0 52.000 28.000 1456.000 38.157 0 1 4 210 0 0
 830 158835.000 126618.000 0 0 0.000 0.000 0.000 0.145 0 1 0 0 0 0
 831 42266.000 70165.000 0 0 0.000 0.000 0.000 0.134 0 1 0 0 0 0
 832 35182.000 94867.000 0 0 50.000 26.000 1300.000 36.055 0 1 4 210 0 0
 833 153488.000 62728.000 0 0 54.000 48.000 2592.000 50.911 0 1 7 210 0 0
 834 62178.000 46651.000 0 0 0.000 0.000 0.000 0.134 0 1 0 0 0 0
 835 34774.000 94893.000 0 0 50.000 26.000 1300.000 36.055 0 1 4 210 0 0
 836 34938.000 92435.000 0 0 52.000 28.000 1456.000 38.157 0 1 4 210 0 0
 837 153898.000 62517.000 0 0 54.000 48.000 2592.000 50.911 0 1 7 210 0 0
 838 39425.000 125095.000 0 0 0.000 0.000 0.000 0.130 0 1 0 0 0 0
 839 59590.000 48007.000 0 0 0.000 0.000 0.000 0.136 0 1 0 0 0 0
 840 165461.000 93855.000 0 0 0.000 0.000 0.000 0.137 0 1 0 0 0 0
 841 34259.000 94930.000 0 0 50.000 26.000 1300.000 36.055 0 1 4 210 0 0
 842 154337.000 62283.000 0 0 54.000 48.000 2592.000 50.911 0 1 7 210 0 0
 843 151563.000 58368.000 0 0 0.000 0.000 0.000 0.140 0 1 0 0 0 0
 844 34204.000 92636.000 0 0 52.000 28.000 1456.000 38.157 0 1 4 210 0 0
 845 34094.000 92126.000 0 0 52.000 28.000 1456.000 38.157 0 1 4 210 0 0
 846 33896.000 94949.000 0 0 50.000 26.000 1300.000 36.055 0 1 4 210 0 0
 847 33866.000 92150.000 0 0 52.000 28.000 1456.000 38.157 0 1 4 210 0 0
 848 154785.000 62036.000 0 0 54.000 48.000 2592.000 50.911 0 1 7 210 0 0
 849 33549.000 94968.000 0 0 50.000 26.000 1300.000 36.055 0 1 4 210 0 0
 850 155286.000 61785.000 0 0 54.000 48.000 2592.000 50.911 0 1 7 210 0 0
 851 33016.000 94997.000 0 0 50.000 26.000 1300.000 36.055 0 1 4 210 0 0
 852 32884.000 95020.000 0 0 50.000 26.000 1300.000 36.055 0 1 4 210 0 0
 853 156045.000 61378.000 0 0 54.000 48.000 2592.000 50.911 0 1 7 210 0 0
 854 32414.000 95033.000 0 0 50.000 26.000 1300.000 36.055 0 1 4 210 0 0
 855 95239.000 31870.000 0 0 0.000 0.000 0.000 0.139 0 1 0 0 0 0
 856 156420.000 61181.000 0 0 54.000 48.000 2592.000 50.911 0 1 7 210 0 0
 857 153350.000 142460.000 0 0 0.000 0.000 0.000 0.145 0 1 0 0 0 0
 858 40703.000 65144.000 0 0 0.000 0.000 0.000 0.134 0 1 0 0 0 0
 859 31649.000 92837.000 0 0 52.000 28.000 1456.000 38.157 0 1 4 210 0 0
 860 31668.000 92687.000 0 0 52.000 28.000 1456.000 38.157 0 1 4 210 0 0
 861 65957.000 39971.000 0 0 0.000 0.000 0.000 0.153 0 1 0 0 0 0
 862 118394.000 33469.000 0 0 36.000 56.000 2016.000 44.899 0 1 1 200 0 0
 863 156771.000 61001.000 0 0 54.000 48.000 2592.000 50.911 0 1 7 210 0 0
 864 116662.000 32852.000 0 0 0.000 0.000 0.000 0.137 0 1 0 0 0 0
 865 117638.000 32962.000 0 0 36.000 56.000 2016.000 44.899 0 1 1 200 0 0
 866 31347.000 93461.000 0 0 52.000 28.000 1456.000 38.157 0 1 4 210 0 0
 867 71783.000 36650.000 0 0 0.000 0.000 0.000 0.132 0 1 0 0 0 0
 868 30799.000 100414.000 0 0 0.000 0.000 0.000 0.137 0 1 0 0 0 0
 869 31045.000 92869.000 0 0 52.000 28.000 1456.000 38.157 0 1 4 210 0 0
 870 30813.000 92893.000 0 0 52.000 28.000 1456.000 38.157 0 1 4 210 0 0
 871 131602.000 161668.000 0 0 0.000 0.000 0.000 0.150 0 1 0 0 0 0
 872 157523.000 60620.000 0 0 54.000 48.000 2592.000 50.911 0 1 7 210 0 0
 873 30332.000 100416.000 0 0 0.000 0.000 0.000 0.149 0 1 0 0 0 0
 874 30652.000 92901.000 0 0 52.000 28.000 1456.000 38.157 0 1 4 210 0 0
 875 30735.000 92372.000 0 0 52.000 28.000 1456.000 38.157 0 1 4 210 0 0
 876 30361.000 92925.000 0 0 52.000 28.000 1456.000 38.157 0 1 4 210 0 0
 877 169648.000 91351.000 0 0 0.000 0.000 0.000 0.139 0 1 0 0 0 0
 878 29973.000 92946.000 0 0 52.000 28.000 1456.000 38.157 0 1 20 200 0 0
 879 51463.000 48414.000 0 0 0.000 0.000 0.000 0.132 0 1 0 0 0 0
 880 158583.000 60052.000 0 0 54.000 48.000 2592.000 50.911 0 1 6 210 0 0
 881 29330.000 92992.000 0 0 52.000 28.000 1456.000 38.157 0 1 20 200 0 0
 882 170882.000 94592.000 0 0 0.000 0.000 0.000 0.132 0 1 0 0 0 0
 883 29223.000 92629.000 0 0 52.000 28.000 1456.000 38.157 0 1 20 200 0 0
 884 121439.000 31818.000 0 0 0.000 0.000 0.000 0.142 0 1 0 0 0 0
 885 29626.000 88883.000 0 0 0.000 0.000 0.000 0.132 0 1 0 0 0 0
 886 31352.000 80890.000 0 0 0.000 0.000 0.000 0.362 0 1 0 0 0 0
 887 57467.000 42473.000 0 0 0.000 0.000 0.000 0.296 0 1 0 0 0 0
 888 158963.000 59799.000 0 0 54.000 48.000 2592.000 50.911 0 1 6 210 0 0
 889 169783.000 114944.000 0 0 0.000 0.000 0.000 0.145 0 1 0 0 0 0
 890 29151.000 91029.000 0 0 0.000 0.000 0.000 0.130 0 1 0 0 0 0
 891 28620.000 93035.000 0 0 52.000 28.000 1456.000 38.157 0 1 20 200 0 0
 892 29279.000 92464.000 0 0 52.000 28.000 1456.000 38.157 0 1 20 200 0 0
 893 28563.000 92546.000 0 0 52.000 28.000 1456.000 38.157 0 1 20 200 0 0
 894 35518.000 67881.000 0 0 0.000 0.000 0.000 200000.000 0 1 0 200 0 0
 895 93915.000 28169.000 0 0 0.000 0.000 0.000 0.146 0 1 0 0 0 0
 896 169623.000 117358.000 0 0 0.000 0.000 0.000 0.160 0 1 0 0 0 0
 897 35504.000 67936.000 0 0 0.000 0.000 0.000 200000.000 0 1 0 200 0 0
 898 159604.000 59472.000 0 0 54.000 48.000 2592.000 50.911 0 1 6 210 0 0
 899 27591.000 93098.000 0 0 0.000 0.000 0.000 0.133 0 1 0 0 0 0
 900 27719.000 93089.000 0 0 0.000 0.000 0.000 0.131 0 1 0 0 0 0
 901 30880.000 76359.000 0 0 0.000 0.000 0.000 0.277 0 1 0 0 0 0
 902 27112.000 93121.000 0 0 0.000 0.000 0.000 0.138 0 1 0 0 0 0
 903 26848.000 92613.000 0 0 52.000 28.000 1456.000 38.157 0 1 21 210 0 0
 904 26508.000 95282.000 0 0 50.000 26.000 1300.000 36.055 0 1 4 210 0 0
 905 159625.000 56224.000 0 0 0.000 0.000 0.000 0.164 0 1 0 0 0 0
 906 161449.000 58460.000 0 0 0.000 0.000 0.000 0.162 0 1 0 0 0 0
 907 26038.000 93185.000 0 0 52.000 28.000 1456.000 38.157 0 1 21 210 0 0
 908 25769.000 93201.000 0 0 52.000 28.000 1456.000 38.157 0 1 21 210 0 0
 909 25315.000 95357.000 0 0 50.000 26.000 1300.000 36.055 0 1 4 210 0 0
 910 25791.000 93044.000 0 0 52.000 28.000 1456.000 38.157 0 1 21 210 0 0
 911 25957.000 92652.000 0 0 52.000 28.000 1456.000 38.157 0 1 21 210 0 0
 912 161888.000 58217.000 0 0 0.000 0.000 0.000 0.162 0 1 0 0 0 0
 913 25538.000 92702.000 0 0 52.000 28.000 1456.000 38.157 0 1 21 210 0 0
 914 25006.000 100408.000 0 0 0.000 0.000 0.000 0.136 0 1 0 0 0 0
 915 49000.000 44332.000 0 0 50.000 54.000 2700.000 51.961 0 1 2 210 0 0
 916 48870.000 44649.000 0 0 50.000 54.000 2700.000 51.961 0 1 2 210 0 0
 917 24862.000 93244.000 0 0 52.000 28.000 1456.000 38.157 0 1 21 210 0 0
 918 24857.000 92724.000 0 0 52.000 28.000 1456.000 38.157 0 1 21 210 0 0
 919 49289.000 43682.000 0 0 50.000 54.000 2700.000 51.961 0 1 2 210 0 0
 920 24648.000 95369.000 0 0 50.000 26.000 1300.000 36.055 0 1 4 210 0 0
 921 49303.000 43660.000 0 0 50.000 54.000 2700.000 51.961 0 1 2 210 0 0
 922 162781.000 57710.000 0 0 54.000 46.000 2484.000 49.839 0 1 5 210 0 0
 923 24634.000 92740.000 0 0 52.000 28.000 1456.000 38.157 0 1 21 210 0 0
 924 49332.000 43579.000 0 0 50.000 54.000 2700.000 51.961 0 1 2 210 0 0
 925 49366.000 43481.000 0 0 50.000 54.000 2700.000 51.961 0 1 2 210 0 0
 926 49642.000 42884.000 0 0 52.000 52.000 2704.000 52.000 0 1 2 210 0 0
 927 49681.000 42769.000 0 0 52.000 52.000 2704.000 52.000 0 1 2 210 0 0
 928 163365.000 57370.000 0 0 54.000 46.000 2484.000 49.839 0 1 5 210 0 0
 929 24008.000 93277.000 0 0 52.000 28.000 1456.000 38.157 0 1 21 210 0 0
 930 24030.000 95394.000 0 0 50.000 26.000 1300.000 36.055 0 1 4 210 0 0
 931 24083.000 92744.000 0 0 52.000 28.000 1456.000 38.157 0 1 21 210 0 0
 932 49778.000 42558.000 0 0 52.000 52.000 2704.000 52.000 0 1 2 210 0 0
 933 49898.000 42247.000 0 0 52.000 52.000 2704.000 52.000 0 1 2 210 0 0
 934 176194.000 97223.000 0 0 0.000 0.000 0.000 0.132 0 1 0 0 0 0
 935 49965.000 42102.000 0 0 52.000 52.000 2704.000 52.000 0 1 2 210 0 0
 936 50045.000 41908.000 0 0 52.000 52.000 2704.000 52.000 0 1 2 210 0 0
 937 50203.000 41529.000 0 0 52.000 54.000 2808.000 52.990 0 1 2 210 0 0
 938 23479.000 95389.000 0 0 50.000 26.000 1300.000 36.055 0 1 4 210 0 0
 939 50363.000 41172.000 0 0 52.000 54.000 2808.000 52.990 0 1 2 210 0 0
 940 175352.000 83895.000 0 0 0.000 0.000 0.000 0.133 0 1 0 0 0 0
 941 164073.000 56977.000 0 0 54.000 46.000 2484.000 49.839 0 1 5 210 0 0
 942 50535.000 40752.000 0 0 52.000 54.000 2808.000 52.990 0 1 2 210 0 0
 943 50628.000 40518.000 0 0 50.000 54.000 2700.000 51.961 0 1 2 210 0 0
 944 50684.000 40413.000 0 0 50.000 54.000 2700.000 51.961 0 1 2 210 0 0
 945 50731.000 40266.000 0 0 50.000 54.000 2700.000 51.961 0 1 2 210 0 0
 946 22917.000 95408.000 0 0 50.000 26.000 1300.000 36.055 0 1 4 210 0 0
 947 161495.000 53017.000 0 0 0.000 0.000 0.000 0.424 0 1 0 0 0 0
 948 175204.000 118313.000 0 0 0.000 0.000 0.000 0.134 0 1 0 0 0 0
 949 22555.000 93344.000 0 0 52.000 28.000 1456.000 38.157 0 1 21 210 0 0
 950 164765.000 56582.000 0 0 54.000 46.000 2484.000 49.839 0 1 5 210 0 0
 951 51169.000 39206.000 0 0 50.000 54.000 2700.000 51.961 0 1 2 210 0 0
 952 22421.000 92823.000 0 0 52.000 28.000 1456.000 38.157 0 1 21 210 0 0
 953 22058.000 95289.000 0 0 50.000 26.000 1300.000 36.055 0 1 4 210 0 0
 954 22221.000 93353.000 0 0 52.000 28.000 1456.000 38.157 0 1 21 210 0 0
 955 21672.000 97746.000 0 0 50.000 24.000 1200.000 34.641 0 1 4 210 0 0
 956 21781.000 93370.000 0 0 52.000 28.000 1456.000 38.157 0 1 21 210 0 0
 957 21787.000 92846.000 0 0 52.000 28.000 1456.000 38.157 0 1 21 210 0 0
 958 21321.000 95303.000 0 0 50.000 26.000 1300.000 36.055 0 1 4 210 0 0
 959 21360.000 97889.000 0 0 50.000 24.000 1200.000 34.641 0 1 4 210 0 0
 960 21501.000 92862.000 0 0 52.000 28.000 1456.000 38.157 0 1 21 210 0 0
 961 153960.000 42395.000 0 0 0.000 0.000 0.000 0.264 0 1 0 0 0 0
 962 166487.000 55600.000 0 0 0.000 0.000 0.000 0.187 0 1 0 0 0 0
 963 21034.000 93401.000 0 0 50.000 28.000 1400.000 37.416 0 1 21 210 0 0
 964 20660.000 93408.000 0 0 50.000 28.000 1400.000 37.416 0 1 21 210 0 0
 965 20389.000 92888.000 0 0 52.000 28.000 1456.000 38.157 0 1 21 210 0 0
 966 20376.000 93044.000 0 0 52.000 28.000 1456.000 38.157 0 1 21 210 0 0
 967 20381.000 92983.000 0 0 52.000 28.000 1456.000 38.157 0 1 21 210 0 0
 968 20163.000 95350.000 0 0 50.000 26.000 1300.000 36.055 0 1 25 210 0 0
 969 20017.000 93431.000 0 0 50.000 28.000 1400.000 37.416 0 1 21 210 0 0
 970 19856.000 95359.000 0 0 50.000 26.000 1300.000 36.055 0 1 25 210 0 0
 971 124428.000 23078.000 0 0 0.000 0.000 0.000 200000.000 0 1 0 200 0 0
 972 53265.000 33998.000 0 0 0.000 0.000 0.000 0.152 0 1 0 0 0 0
 973 167250.000 55191.000 0 0 0.000 0.000 0.000 0.171 0 1 0 0 0 0
 974 19428.000 105962.000 0 0 0.000 0.000 0.000 0.130 0 1 0 0 0 0
 975 19370.000 106212.000 0 0 0.000 0.000 0.000 0.269 0 1 0 0 0 0
 976 19341.000 93451.000 0 0 50.000 28.000 1400.000 37.416 0 1 22 200 0 0
 977 53408.000 33652.000 0 0 0.000 0.000 0.000 0.169 0 1 0 0 0 0
 978 18958.000 93464.000 0 0 50.000 28.000 1400.000 37.416 0 1 22 200 0 0
 979 18904.000 93316.000 0 0 50.000 28.000 1400.000 37.416 0 1 22 200 0 0
 980 19021.000 92937.000 0 0 52.000 28.000 1456.000 38.157 0 1 22 200 0 0
 981 18328.000 99125.000 0 0 51.000 24.000 1224.000 34.985 0 1 4 210 0 0
 982 18619.000 93470.000 0 0 50.000 27.000 1350.000 36.742 0 1 22 200 0 0
 983 168156.000 54661.000 0 0 0.000 0.000 0.000 0.171 0 1 0 0 0 0
 984 18256.000 99238.000 0 0 50.000 24.000 1200.000 34.641 0 1 4 210 0 0
 985 18322.000 93482.000 0 0 50.000 26.000 1300.000 36.055 0 1 22 200 0 0
 986 16975.000 95421.000 0 0 50.000 26.000 1300.000 36.055 0 1 25 210 0 0
 987 182320.000 105871.000 0 0 50.000 26.000 1300.000 36.055 0 1 26 210 0 0
 988 17664.000 100097.000 0 0 51.000 24.000 1224.000 34.985 0 1 4 210 0 0
 989 17428.000 93485.000 0 0 50.000 26.000 1300.000 36.055 0 1 23 210 0 0
 990 17497.000 92973.000 0 0 52.000 28.000 1456.000 38.157 0 1 23 210 0 0
 991 17274.000 99545.000 0 0 51.000 24.000 1224.000 34.985 0 1 4 210 0 0
 992 169019.000 54157.000 0 0 0.000 0.000 0.000 0.201 0 1 0 0 0 0
 993 17142.000 99596.000 0 0 51.000 24.000 1224.000 34.985 0 1 4 210 0 0
 994 17391.000 93127.000 0 0 50.000 28.000 1400.000 37.416 0 1 23 210 0 0
 995 16762.000 99747.000 0 0 51.000 24.000 1224.000 34.985 0 1 4 210 0 0
 996 183155.000 106106.000 0 0 50.000 26.000 1300.000 36.055 0 1 26 210 0 0
 997 183608.000 106289.000 0 0 50.000 26.000 1300.000 36.055 0 1 26 210 0 0
 998 170472.000 53323.000 0 0 0.000 0.000 0.000 0.179 0 1 0 0 0 0
 999 16045.000 100031.000 0 0 51.000 24.000 1224.000 34.985 0 1 4 210 0 0
 1000 16082.000 95456.000 0 0 50.000 26.000 1300.000 36.055 0 1 25 210 0 0
 1001 16106.000 93526.000 0 0 50.000 26.000 1300.000 36.055 0 1 23 210 0 0
 1002 15968.000 93005.000 0 0 50.000 28.000 1400.000 37.416 0 1 23 210 0 0
 1003 15760.000 93529.000 0 0 50.000 26.000 1300.000 36.055 0 1 23 210 0 0
 1004 184190.000 106517.000 0 0 50.000 26.000 1300.000 36.055 0 1 26 210 0 0
 1005 184573.000 106711.000 0 0 50.000 26.000 1300.000 36.055 0 1 26 210 0 0
 1006 184693.000 106807.000 0 0 50.000 28.000 1400.000 37.416 0 1 26 210 0 0
 1007 171087.000 52962.000 0 0 0.000 0.000 0.000 0.203 0 1 0 0 0 0
 1008 16244.000 93025.000 0 0 50.000 28.000 1400.000 37.416 0 1 23 210 0 0
 1009 14822.000 100505.000 0 0 51.000 24.000 1224.000 34.985 0 1 4 210 0 0
 1010 27673.000 54282.000 0 0 0.000 0.000 0.000 0.274 0 1 0 0 0 0
 1011 14558.000 93547.000 0 0 50.000 26.000 1300.000 36.055 0 1 23 210 0 0
 1012 171785.000 52556.000 0 0 0.000 0.000 0.000 0.178 0 1 0 0 0 0
 1013 93840.000 185360.000 0 0 0.000 0.000 0.000 0.144 0 1 0 0 0 0
 1014 14112.000 100783.000 0 0 50.000 24.000 1200.000 34.641 0 1 4 210 0 0
 1015 14285.000 93416.000 0 0 50.000 26.000 1300.000 36.055 0 1 23 210 0 0
 1016 14224.000 93030.000 0 0 50.000 28.000 1400.000 37.416 0 1 23 210 0 0
 1017 13770.000 105612.000 0 0 0.000 0.000 0.000 0.136 0 1 0 0 0 0
 1018 13884.000 93557.000 0 0 50.000 26.000 1300.000 36.055 0 1 23 210 0 0
 1019 19513.000 70335.000 0 0 0.000 0.000 0.000 200000.000 0 1 0 200 0 0
 1020 13656.000 100966.000 0 0 50.000 24.000 1200.000 34.641 0 1 4 210 0 0
 1021 13392.000 101061.000 0 0 51.000 24.000 1224.000 34.985 0 1 4 210 0 0
 1022 13560.000 100996.000 0 0 50.000 24.000 1200.000 34.641 0 1 4 210 0 0
 1023 13317.000 93558.000 0 0 50.000 26.000 1300.000 36.055 0 1 23 210 0 0
 1024 13226.000 106377.000 0 0 0.000 0.000 0.000 0.147 0 1 0 0 0 0
 1025 12884.000 101257.000 0 0 51.000 24.000 1224.000 34.985 0 1 4 210 0 0
 1026 13042.000 93043.000 0 0 50.000 26.000 1300.000 36.055 0 1 23 210 0 0
 1027 12865.000 93134.000 0 0 50.000 26.000 1300.000 36.055 0 1 23 210 0 0
 1028 141976.000 23113.000 0 0 0.000 0.000 0.000 200000.000 0 1 0 200 0 0
 1029 142051.000 23080.000 0 0 0.000 0.000 0.000 200000.000 0 1 0 200 0 0
 1030 12552.000 101384.000 0 0 50.000 24.000 1200.000 34.641 0 1 4 210 0 0
 1031 173042.000 51800.000 0 0 0.000 0.000 0.000 0.209 0 1 0 0 0 0
 1032 173556.000 51503.000 0 0 0.000 0.000 0.000 0.169 0 1 0 0 0 0
 1033 12534.000 93564.000 0 0 50.000 26.000 1300.000 36.055 0 1 23 210 0 0
 1034 12055.000 101579.000 0 0 50.000 24.000 1200.000 34.641 0 1 4 210 0 0
 1035 125510.000 15584.000 0 0 0.000 0.000 0.000 0.311 0 1 0 0 0 0
 1036 12011.000 93570.000 0 0 50.000 26.000 1300.000 36.055 0 1 23 210 0 0
 1037 173932.000 51317.000 0 0 0.000 0.000 0.000 0.137 0 1 0 0 0 0
 1038 11791.000 101665.000 0 0 51.000 24.000 1224.000 34.985 0 1 4 210 0 0
 1039 11508.000 101777.000 0 0 50.000 24.000 1200.000 34.641 0 1 4 210 0 0
 1040 11681.000 95649.000 0 0 50.000 26.000 1300.000 36.055 0 1 25 210 0 0
 1041 98628.000 11141.000 0 0 0.000 0.000 0.000 200000.000 0 1 0 200 0 0
 1042 11489.000 93550.000 0 0 50.000 26.000 1300.000 36.055 0 1 23 210 0 0
 1043 11277.000 101893.000 0 0 50.000 24.000 1200.000 34.641 0 1 4 210 0 0
 1044 86336.000 187726.000 0 0 0.000 0.000 0.000 0.138 0 1 0 0 0 0
 1045 11220.000 93442.000 0 0 50.000 26.000 1300.000 36.055 0 1 23 210 0 0
 1046 94308.000 10920.000 0 0 0.000 0.000 0.000 200000.000 0 1 0 200 0 0
 1047 174531.000 50970.000 0 0 0.000 0.000 0.000 0.153 0 1 0 0 0 0
 1048 10862.000 102028.000 0 0 50.000 24.000 1200.000 34.641 0 1 4 210 0 0
 1049 11140.000 93569.000 0 0 50.000 26.000 1300.000 36.055 0 1 23 210 0 0
 1050 104591.000 10397.000 0 0 0.000 0.000 0.000 200000.000 0 1 0 200 0 0
 1051 10944.000 93430.000 0 0 50.000 26.000 1300.000 36.055 0 1 23 210 0 0
 1052 10482.000 102170.000 0 0 50.000 24.000 1200.000 34.641 0 1 4 210 0 0
 1053 10324.000 93352.000 0 0 50.000 26.000 1300.000 36.055 0 1 23 210 0 0
 1054 10293.000 93350.000 0 0 50.000 26.000 1300.000 36.055 0 1 23 210 0 0
 1055 109775.000 10471.000 0 0 0.000 0.000 0.000 200000.000 0 1 0 200 0 0
 1056 9869.000 102395.000 0 0 50.000 24.000 1200.000 34.641 0 1 4 210 0 0
 1057 10117.000 93056.000 0 0 50.000 26.000 1300.000 36.055 0 1 23 210 0 0
 1058 53682.000 22418.000 0 0 0.000 0.000 0.000 0.139 0 1 0 0 0 0
 1059 9950.000 93568.000 0 0 50.000 26.000 1300.000 36.055 0 1 23 210 0 0
 1060 133272.000 15817.000 0 0 0.000 0.000 0.000 0.292 0 1 0 0 0 0
 1061 160014.000 32185.000 0 0 0.000 0.000 0.000 200000.000 0 1 0 200 0 0
 1062 162821.000 34827.000 0 0 0.000 0.000 0.000 0.337 0 1 0 0 0 0
 1063 9557.000 93084.000 0 0 50.000 26.000 1300.000 36.055 0 1 23 210 0 0
 1064 9319.000 102598.000 0 0 50.000 24.000 1200.000 34.641 0 1 4 210 0 0
 1065 159472.000 31018.000 0 0 0.000 0.000 0.000 200000.000 0 1 0 200 0 0
 1066 146886.000 21541.000 0 0 0.000 0.000 0.000 200000.000 0 1 0 200 0 0
 1067 161265.000 32400.000 0 0 0.000 0.000 0.000 200000.000 0 1 0 200 0 0
 1068 8589.000 93550.000 0 0 50.000 26.000 1300.000 36.055 0 1 23 210 0 0
 1069 8674.000 102829.000 0 0 50.000 24.000 1200.000 34.641 0 1 4 210 0 0
 1070 133722.000 14884.000 0 0 0.000 0.000 0.000 0.264 0 1 0 0 0 0
 1071 156400.000 27970.000 0 0 0.000 0.000 0.000 0.339 0 1 0 0 0 0
 1072 8424.000 93040.000 0 0 50.000 26.000 1300.000 36.055 0 1 23 210 0 0
 1073 130245.000 13012.000 0 0 0.000 0.000 0.000 200000.000 0 1 0 200 0 0
 1074 142620.000 18370.000 0 0 0.000 0.000 0.000 200000.000 0 1 0 200 0 0
 1075 153063.000 25022.000 0 0 0.000 0.000 0.000 0.426 0 1 0 0 0 0
 1076 170396.000 40712.000 0 0 0.000 0.000 0.000 200000.000 0 1 0 200 0 0
 1077 142558.000 18375.000 0 0 0.000 0.000 0.000 200000.000 0 1 0 200 0 0
 1078 155938.000 26446.000 0 0 0.000 0.000 0.000 200000.000 0 1 0 200 0 0
 1079 155826.000 26506.000 0 0 0.000 0.000 0.000 200000.000 0 1 0 200 0 0
 1080 145554.000 19418.000 0 0 0.000 0.000 0.000 200000.000 0 1 0 200 0 0
 1081 145617.000 19424.000 0 0 0.000 0.000 0.000 200000.000 0 1 0 200 0 0
 1082 159483.000 29399.000 0 0 0.000 0.000 0.000 0.332 0 1 0 0 0 0
 1083 8600.000 112633.000 0 0 52.000 30.000 1560.000 39.496 0 1 27 210 0 0
 1084 170253.000 40762.000 0 0 0.000 0.000 0.000 200000.000 0 1 0 200 0 0
 1085 7819.000 95657.000 0 0 50.000 26.000 1300.000 36.055 0 1 25 210 0 0
 1086 7718.000 103188.000 0 0 50.000 24.000 1200.000 34.641 0 1 4 210 0 0
 1087 8921.000 112400.000 0 0 52.000 30.000 1560.000 39.496 0 1 27 210 0 0
 1088 7567.000 103248.000 0 0 50.000 24.000 1200.000 34.641 0 1 4 210 0 0
 1089 8208.000 113164.000 0 0 52.000 30.000 1560.000 39.496 0 1 27 210 0 0
 1090 7502.000 93039.000 0 0 50.000 26.000 1300.000 36.055 0 1 23 210 0 0
 1091 8260.000 113084.000 0 0 52.000 30.000 1560.000 39.496 0 1 27 210 0 0
 1092 7359.000 103309.000 0 0 50.000 24.000 1200.000 34.641 0 1 4 210 0 0
 1093 25629.000 44309.000 0 0 0.000 0.000 0.000 0.268 0 1 0 0 0 0
 1094 8120.000 113266.000 0 0 52.000 30.000 1560.000 39.496 0 1 27 210 0 0
 1095 7329.000 103951.000 0 0 50.000 26.000 1300.000 36.055 0 1 4 210 0 0
 1096 151903.000 22512.000 0 0 0.000 0.000 0.000 200000.000 0 1 0 200 0 0
 1097 159131.000 28090.000 0 0 0.000 0.000 0.000 200000.000 0 1 0 200 0 0
 1098 7071.000 103409.000 0 0 50.000 24.000 1200.000 34.641 0 1 4 210 0 0
 1099 55379.000 18109.000 0 0 0.000 0.000 0.000 0.220 0 1 0 0 0 0
 1100 145054.000 18135.000 0 0 0.000 0.000 0.000 200000.000 0 1 0 200 0 0
 1101 142901.000 17894.000 0 0 0.000 0.000 0.000 200000.000 0 1 0 200 0 0
 1102 25482.000 43692.000 0 0 0.000 0.000 0.000 0.244 0 1 0 0 0 0
 1103 55236.000 17969.000 0 0 0.000 0.000 0.000 0.201 0 1 0 0 0 0
 1104 135923.000 13585.000 0 0 0.000 0.000 0.000 200000.000 0 1 0 200 0 0
 1105 135992.000 13572.000 0 0 0.000 0.000 0.000 200000.000 0 1 0 200 0 0
 1106 165275.000 32942.000 0 0 0.000 0.000 0.000 200000.000 0 1 0 200 0 0
 1107 135062.000 13162.000 0 0 0.000 0.000 0.000 0.214 0 1 0 0 0 0
 1108 144408.000 17202.000 0 0 0.000 0.000 0.000 200000.000 0 1 0 200 0 0
 1109 7544.000 114254.000 0 0 0.000 0.000 0.000 0.130 0 1 0 0 0 0
 1110 6733.000 93024.000 0 0 50.000 26.000 1300.000 36.055 0 1 23 210 0 0
 1111 7611.000 114158.000 0 0 0.000 0.000 0.000 0.136 0 1 0 0 0 0
 1112 55021.000 17772.000 0 0 0.000 0.000 0.000 0.225 0 1 0 0 0 0
 1113 6505.000 103606.000 0 0 50.000 24.000 1200.000 34.641 0 1 4 210 0 0
 1114 160333.000 28045.000 0 0 0.000 0.000 0.000 200000.000 0 1 0 200 0 0
 1115 28287.000 39454.000 0 0 0.000 0.000 0.000 0.170 0 1 0 0 0 0
 1116 138518.000 14253.000 0 0 0.000 0.000 0.000 0.466 0 1 0 0 0 0
 1117 54862.000 17650.000 0 0 0.000 0.000 0.000 0.229 0 1 0 0 0 0
 1118 135253.000 13451.000 0 0 0.000 0.000 0.000 200000.000 0 1 0 200 0 0
 1119 6224.000 103708.000 0 0 50.000 24.000 1200.000 34.641 0 1 4 210 0 0
 1120 7083.000 114807.000 0 0 0.000 0.000 0.000 0.136 0 1 0 0 0 0
 1121 6217.000 93050.000 0 0 50.000 26.000 1300.000 36.055 0 1 23 210 0 0
 1122 127900.000 9753.000 0 0 0.000 0.000 0.000 0.211 0 1 0 0 0 0
 1123 5700.000 98769.000 0 0 0.000 0.000 0.000 0.138 0 1 0 0 0 0
 1124 6910.000 115096.000 0 0 0.000 0.000 0.000 0.150 0 1 0 0 0 0
 1125 5588.000 103934.000 0 0 50.000 26.000 1300.000 36.055 0 1 4 210 0 0
 1126 5583.000 103930.000 0 0 50.000 26.000 1300.000 36.055 0 1 4 210 0 0
 1127 136660.000 12572.000 0 0 0.000 0.000 0.000 200000.000 0 1 0 200 0 0
 1128 136714.000 12585.000 0 0 0.000 0.000 0.000 200000.000 0 1 0 200 0 0
 1129 54024.000 16946.000 0 0 0.000 0.000 0.000 0.134 0 1 0 0 0 0
 1130 166017.000 32241.000 0 0 0.000 0.000 0.000 200000.000 0 1 0 200 0 0
 1131 5235.000 104054.000 0 0 50.000 26.000 1300.000 36.055 0 1 4 210 0 0
 1132 5175.000 104574.000 0 0 50.000 26.000 1300.000 36.055 0 1 4 210 0 0
 1133 5398.000 93015.000 0 0 50.000 26.000 1300.000 36.055 0 1 23 210 0 0
 1134 96360.000 84584.000 0 0 8.130 1.920 15.612 3.951 0 1 7 210 0 0
 1135 96449.000 84563.000 0 0 32.558 7.490 243.890 15.616 0 1 7 210 0 0
 1136 96597.000 84528.000 0 0 30.410 6.690 203.450 14.263 0 1 7 210 0 0
 1137 96657.000 84516.000 0 0 8.904 1.922 17.120 4.137 0 1 7 210 0 0
 1138 96698.000 84509.000 0 0 25.995 5.542 144.067 12.002 0 1 7 210 0 0
 1139 96752.000 84496.000 0 0 11.148 2.335 26.040 5.102 0 1 7 210 0 0
 1140 96782.000 84490.000 0 0 8.919 1.850 16.509 4.063 0 1 7 210 0 0
 1141 96835.000 84478.000 0 0 15.625 3.186 49.783 7.055 0 1 7 210 0 0
 1142 96882.000 84468.000 0 0 26.803 5.381 144.240 12.010 0 1 7 210 0 0
 1143 97401.000 84371.000 0 0 142.351 23.678 3370.664 58.057 0 1 7 210 0 0
 1144 97494.000 84354.000 0 0 21.748 3.483 75.759 8.703 0 1 7 210 0 0
 1145 97542.000 84346.000 0 0 13.510 2.121 28.663 5.353 0 1 7 210 0 0
 1146 96129.000 84468.000 0 0 8.932 2.226 19.887 4.459 0 1 7 210 0 0
 1147 96498.000 84383.000 0 0 657.417 147.426 96920.887 311.321 0 1 7 210 0 0
 1148 96851.000 84301.000 0 0 42.894 8.605 369.124 19.212 0 1 7 210 0 0
 1149 96972.000 84277.000 0 0 186.933 36.004 6730.456 82.039 0 1 7 210 0 0
 1150 97110.000 84249.000 0 0 7.548 1.385 10.454 3.233 0 1 7 210 0 0
 1151 97167.000 84239.000 0 0 47.596 8.555 407.200 20.179 0 1 7 210 0 0
 1152 97211.000 84231.000 0 0 14.361 2.540 36.491 6.040 0 1 7 210 0 0
 1153 97244.000 84226.000 0 0 28.734 5.021 144.278 12.011 0 1 7 210 0 0
 1154 97380.000 84203.000 0 0 222.647 36.933 8223.038 90.680 0 1 7 210 0 0
 1155 97516.000 84178.000 0 0 31.853 5.000 159.294 12.621 0 1 7 210 0 0
 1156 97627.000 84160.000 0 0 18.225 2.731 49.781 7.055 0 1 7 210 0 0
 1157 97498.000 84082.000 0 0 2836.239 445.925 1264752.525 1124.612 0 1 7 210 0 0
 1158 98901.000 83848.000 0 0 12.385 0.843 10.444 3.231 0 1 7 210 0 0
 1159 92355.000 85582.000 0 0 14.513 7.695 111.696 10.568 0 1 7 210 0 0
 1160 92721.000 85392.000 0 0 9.801 4.884 47.869 6.918 0 1 7 210 0 0
 1161 96239.000 84088.000 0 0 6.866 1.623 11.146 3.338 0 1 7 210 0 0
 1162 96338.000 84066.000 0 0 2.294 0.527 1.210 1.100 0 1 7 210 0 0
 1163 96452.000 84038.000 0 0 30.605 6.804 208.243 14.430 0 1 7 210 0 0
 1164 96486.000 84032.000 0 0 26.026 5.728 149.099 12.210 0 1 7 210 0 0
 1165 96537.000 84019.000 0 0 37.537 8.134 305.362 17.474 0 1 7 210 0 0
 1166 96589.000 84009.000 0 0 26.062 5.560 144.927 12.038 0 1 7 210 0 0
 1167 96640.000 83999.000 0 0 45.255 9.503 430.068 20.738 0 1 7 210 0 0
 1168 96675.000 83990.000 0 0 10.741 2.231 23.965 4.895 0 1 7 210 0 0
 1169 96701.000 83986.000 0 0 15.356 3.163 48.583 6.970 0 1 7 210 0 0
 1170 96731.000 83978.000 0 0 19.200 3.917 75.219 8.672 0 1 7 210 0 0
 1171 96781.000 83969.000 0 0 27.665 5.556 153.728 12.398 0 1 7 210 0 0
 1172 96911.000 83941.000 0 0 9.235 1.776 16.407 4.050 0 1 7 210 0 0
 1173 96935.000 83936.000 0 0 16.170 3.086 49.902 7.064 0 1 7 210 0 0
 1174 97107.000 83906.000 0 0 52.464 9.432 494.853 22.245 0 1 7 210 0 0
 1175 97167.000 83894.000 0 0 67.171 11.816 793.723 28.173 0 1 7 210 0 0
 1176 98149.000 83780.000 0 0 1879.110 214.470 403013.435 634.833 0 1 7 210 0 0
 1177 91996.000 85588.000 0 0 3.456 1.919 6.636 2.576 0 1 7 210 0 0
 1178 92080.000 85541.000 0 0 22.180 12.150 269.505 16.416 0 1 7 210 0 0
 1179 92216.000 85468.000 0 0 229.900 123.148 28311.935 168.261 0 1 7 210 0 0
 1180 92600.000 85263.000 0 0 169.555 85.145 14436.863 120.153 0 1 7 210 0 0
 1181 98482.000 83541.000 0 0 18.145 1.674 30.383 5.512 0 1 7 210 0 0
 1182 98647.000 83525.000 0 0 3.158 0.259 0.819 0.905 0 1 7 210 0 0
 1183 98659.000 83524.000 0 0 19.743 1.607 31.729 5.632 0 1 7 210 0 0
 1184 98685.000 83522.000 0 0 2.372 0.189 0.450 0.670 0 1 7 210 0 0
 1185 98694.000 83522.000 0 0 3.952 0.313 1.239 1.113 0 1 7 210 0 0
 1186 98837.000 83511.000 0 0 244.255 17.239 4210.955 64.891 0 1 7 210 0 0
 1187 99006.000 83500.000 0 0 82.263 4.959 407.992 20.198 0 1 7 210 0 0
 1188 92006.000 85390.000 0 0 364.213 199.296 72586.543 269.418 0 1 7 210 0 0
 1189 92216.000 85271.000 0 0 20.473 10.820 221.536 14.884 0 1 7 210 0 0
 1190 96474.000 82990.000 0 0 138.618 28.739 3983.798 63.117 0 1 7 210 0 0
 1191 96430.000 82827.000 0 0 221.456 46.038 10195.453 100.972 0 1 7 210 0 0
 1192 96680.000 82775.000 0 0 10.735 2.069 22.217 4.713 0 1 7 210 0 0
 1193 97374.000 82652.000 0 0 119.749 18.133 2171.453 46.598 0 1 7 210 0 0
 1194 97505.000 82632.000 0 0 135.717 19.496 2646.050 51.439 0 1 7 210 0 0
 1195 96474.000 82644.000 0 0 396.050 80.481 31874.802 178.535 0 1 7 210 0 0
 1196 97253.000 82499.000 0 0 31.045 4.873 151.294 12.300 0 1 7 210 0 0
 1197 97341.000 82484.000 0 0 134.347 20.400 2740.779 52.352 0 1 7 210 0 0
 1198 97480.000 82465.000 0 0 147.107 21.142 3110.287 55.769 0 1 7 210 0 0
 1199 96364.000 82494.000 0 0 237.503 49.328 11715.616 108.238 0 1 7 210 0 0
 1200 97427.000 82302.000 0 0 435.254 63.285 27545.459 165.968 0 1 7 210 0 0
 1201 96304.000 82331.000 0 0 4.237 0.886 3.758 1.938 0 1 7 210 0 0
 1202 96310.000 82330.000 0 0 2.544 0.531 1.352 1.162 0 1 7 210 0 0
 1203 96377.000 82315.000 0 0 6.780 1.389 9.419 3.069 0 1 7 210 0 0
 1204 97371.000 82138.000 0 0 268.884 39.579 10642.397 103.161 0 1 7 210 0 0
 1205 104731.000 82391.000 0 0 167.985 45.140 7582.991 87.080 0 1 7 210 0 0
 1206 104782.000 82230.000 0 0 179.743 48.376 8695.348 93.248 0 1 7 210 0 0
 1207 105703.000 82148.000 0 0 71.028 22.691 1611.780 40.146 0 1 7 210 0 0
 1208 105845.000 82016.000 0 0 270.712 87.985 23818.646 154.332 0 1 7 210 0 0
 1209 105994.000 82065.000 0 0 18.054 6.034 108.947 10.437 0 1 7 210 0 0
 1210 105853.000 81839.000 0 0 3.481 1.122 3.906 1.976 0 1 7 210 0 0
 1211 106023.000 81896.000 0 0 323.724 107.708 34867.741 186.729 0 1 7 210 0 0
 1212 106187.000 81771.000 0 0 100.494 34.107 3427.667 58.546 0 1 7 210 0 0
 1213 106492.000 81879.000 0 0 181.560 65.048 11810.207 108.674 0 1 7 210 0 0
 1214 106613.000 81923.000 0 0 39.858 14.582 581.234 24.108 0 1 7 210 0 0
 1215 106469.000 81690.000 0 0 7.901 2.792 22.062 4.696 0 1 7 210 0 0
 1216 106665.000 81762.000 0 0 343.608 125.577 43149.267 207.724 0 1 7 210 0 0
 1217 86643.000 85791.000 0 0 2.042 1.920 3.923 1.980 0 1 12 200 0 0
 1218 86820.000 85623.000 0 0 8.960 8.214 73.606 8.579 0 1 12 200 0 0
 1219 86971.000 85483.000 0 0 15.309 13.739 210.343 14.503 0 1 12 200 0 0
 1220 106694.000 81590.000 0 0 11.473 4.172 47.872 6.918 0 1 7 210 0 0
 1221 106887.000 81662.000 0 0 365.708 137.359 50233.541 224.128 0 1 7 210 0 0
 1222 107089.000 81742.000 0 0 28.008 10.875 304.611 17.453 0 1 7 210 0 0
 1223 86460.000 85731.000 0 0 20.521 19.472 399.603 19.990 0 1 12 200 0 0
 1224 86513.000 85681.000 0 0 76.878 72.413 5567.026 74.612 0 1 12 200 0 0
 1225 86775.000 85436.000 0 0 283.459 257.410 72965.464 270.121 0 1 12 200 0 0
 1226 107079.000 81555.000 0 0 195.415 74.999 14656.062 121.062 0 1 7 210 0 0
 1227 107282.000 81634.000 0 0 207.781 82.390 17119.220 130.840 0 1 7 210 0 0
 1228 86385.000 85569.000 0 0 194.396 183.406 35653.476 188.821 0 1 12 200 0 0
 1229 86615.000 85350.000 0 0 172.768 157.847 27271.184 165.139 0 1 12 200 0 0
 1230 86752.000 85224.000 0 0 94.205 84.468 7957.381 89.204 0 1 12 200 0 0
 1231 107423.000 81508.000 0 0 311.164 124.906 38866.342 197.145 0 1 7 210 0 0
 1232 86152.000 85557.000 0 0 2.076 1.990 4.134 2.033 0 1 12 200 0 0
 1233 86262.000 85453.000 0 0 196.660 185.721 36523.950 191.112 0 1 12 200 0 0
 1234 86482.000 85241.000 0 0 110.374 101.096 11158.492 105.633 0 1 12 200 0 0
 1235 107476.000 81346.000 0 0 8.939 3.582 32.029 5.659 0 1 7 210 0 0
 1236 107578.000 81386.000 0 0 140.091 57.031 7989.681 89.385 0 1 7 210 0 0
 1237 86136.000 85337.000 0 0 215.802 204.045 44033.462 209.841 0 1 12 200 0 0
 1238 86356.000 85126.000 0 0 4.989 4.577 22.839 4.779 0 1 12 200 0 0
 1239 85995.000 85235.000 0 0 50.252 47.666 2395.342 48.942 0 1 12 200 0 0
 1240 108618.000 81286.000 0 0 77.156 35.531 2741.482 52.359 0 1 7 210 0 0
 1241 108757.000 81162.000 0 0 223.058 103.690 23129.119 152.082 0 1 7 210 0 0
 1242 108889.000 81226.000 0 0 45.004 21.308 958.967 30.967 0 1 7 210 0 0
 1243 108774.000 80984.000 0 0 35.554 16.405 583.286 24.151 0 1 7 210 0 0
 1244 108963.000 81071.000 0 0 319.416 151.254 48313.106 219.802 0 1 7 210 0 0
 1245 109205.000 81001.000 0 0 357.943 173.439 62081.405 249.161 0 1 7 210 0 0
 1246 109308.000 80861.000 0 0 31.193 15.171 473.256 21.754 0 1 7 210 0 0
 1247 109478.000 80947.000 0 0 289.545 144.040 41706.209 204.220 0 1 7 210 0 0
 1248 109516.000 80775.000 0 0 3.685 1.824 6.723 2.592 0 1 7 210 0 0
 1249 109674.000 80855.000 0 0 291.864 147.484 43045.360 207.473 0 1 7 210 0 0
 1250 109825.000 80933.000 0 0 3.654 1.883 6.884 2.623 0 1 7 210 0 0
 1251 109891.000 80776.000 0 0 297.681 153.162 45593.711 213.526 0 1 7 210 0 0
 1252 110076.000 80872.000 0 0 25.675 13.525 347.287 18.635 0 1 7 210 0 0
 1253 110094.000 80690.000 0 0 205.505 107.425 22076.498 148.581 0 1 7 210 0 0
 1254 110258.000 80778.000 0 0 92.147 49.176 4531.522 67.316 0 1 7 210 0 0
 1255 110244.000 80577.000 0 0 38.177 20.136 768.777 27.726 0 1 7 210 0 0
 1256 110414.000 80669.000 0 0 251.142 135.293 33977.950 184.331 0 1 7 210 0 0
 1257 82337.000 86859.000 0 0 20.158 27.095 546.219 23.371 0 1 13 210 0 0
 1258 82519.000 86616.000 0 0 110.999 144.976 16092.297 126.855 0 1 13 210 0 0
 1259 110427.000 80483.000 0 0 10.293 5.499 56.609 7.523 0 1 7 210 0 0
 1260 110565.000 80558.000 0 0 247.911 134.725 33400.060 182.756 0 1 7 210 0 0
 1261 110716.000 80641.000 0 0 55.684 30.823 1716.394 41.429 0 1 7 210 0 0
 1262 82229.000 86722.000 0 0 77.660 103.938 8071.846 89.843 0 1 13 210 0 0
 1263 82276.000 86657.000 0 0 14.710 19.540 287.456 16.954 0 1 13 210 0 0
 1264 82354.000 86554.000 0 0 60.590 79.519 4818.093 69.412 0 1 13 210 0 0
 1265 110835.000 80513.000 0 0 326.969 181.796 59442.049 243.807 0 1 7 210 0 0
 1266 110999.000 80607.000 0 0 5.576 3.162 17.636 4.199 0 1 7 210 0 0
 1267 82087.000 86632.000 0 0 244.168 327.185 79888.417 282.645 0 1 13 210 0 0
 1268 110884.000 80346.000 0 0 16.963 9.393 159.350 12.623 0 1 7 210 0 0
 1269 111055.000 80441.000 0 0 272.855 154.220 42079.900 205.133 0 1 7 210 0 0
 1270 81807.000 86726.000 0 0 10.181 13.954 142.082 11.919 0 1 13 210 0 0
 1271 81937.000 86550.000 0 0 220.359 295.929 65210.917 255.364 0 1 13 210 0 0
 1272 111092.000 80267.000 0 0 14.190 7.976 113.189 10.639 0 1 7 210 0 0
 1273 111285.000 80377.000 0 0 311.376 179.076 55760.167 236.135 0 1 7 210 0 0
 1274 111444.000 80472.000 0 0 9.358 5.484 51.326 7.164 0 1 7 210 0 0
 1275 81749.000 86520.000 0 0 199.034 269.486 53637.251 231.597 0 1 13 210 0 0
 1276 111531.000 80325.000 0 0 315.020 184.627 58161.467 241.166 0 1 7 210 0 0
 1277 111707.000 80432.000 0 0 4.693 2.808 13.180 3.630 0 1 7 210 0 0
 1278 81585.000 86453.000 0 0 143.525 195.095 28001.169 167.335 0 1 13 210 0 0
 1279 111708.000 80234.000 0 0 349.657 207.112 72418.378 269.106 0 1 7 210 0 0
 1280 111922.000 80162.000 0 0 280.547 168.612 47303.721 217.494 0 1 7 210 0 0
 1281 112069.000 80253.000 0 0 6.629 4.051 26.859 5.182 0 1 7 210 0 0
 1282 111971.000 79993.000 0 0 12.468 7.460 93.027 9.645 0 1 7 210 0 0
 1283 112128.000 80089.000 0 0 281.579 171.522 48297.259 219.766 0 1 7 210 0 0
 1284 112226.000 79951.000 0 0 18.260 11.135 203.346 14.259 0 1 7 210 0 0
 1285 112366.000 80037.000 0 0 251.695 155.914 39242.990 198.098 0 1 7 210 0 0
 1286 112588.000 79977.000 0 0 278.371 175.009 48717.623 220.720 0 1 7 210 0 0
 1287 112665.000 79825.000 0 0 40.617 25.499 1035.727 32.182 0 1 7 210 0 0
 1288 112814.000 79919.000 0 0 224.296 143.136 32105.011 179.178 0 1 7 210 0 0
 1289 112935.000 79998.000 0 0 8.631 5.582 48.186 6.941 0 1 7 210 0 0
 1290 112999.000 79837.000 0 0 297.710 191.935 57141.293 239.042 0 1 7 210 0 0
 1291 113149.000 79934.000 0 0 5.769 3.781 21.815 4.670 0 1 7 210 0 0
 1292 113205.000 79767.000 0 0 298.747 194.977 58248.847 241.347 0 1 7 210 0 0
 1293 113414.000 79703.000 0 0 304.558 201.283 61302.624 247.593 0 1 7 210 0 0
 1294 113478.000 79540.000 0 0 18.634 12.275 228.748 15.124 0 1 7 210 0 0
 1295 113626.000 79640.000 0 0 246.935 165.256 40807.772 202.009 0 1 7 210 0 0
 1296 113752.000 79726.000 0 0 2.919 1.980 5.782 2.404 0 1 7 210 0 0
 1297 113824.000 79570.000 0 0 275.209 186.221 51249.902 226.384 0 1 7 210 0 0
 1298 114031.000 79505.000 0 0 269.202 184.297 49613.496 222.740 0 1 7 210 0 0
 1299 114244.000 79446.000 0 0 268.993 186.412 50143.793 223.928 0 1 7 210 0 0
 1300 78166.000 87734.000 0 0 91.141 162.236 14786.415 121.599 0 1 13 210 0 0
 1301 114443.000 79379.000 0 0 241.211 168.939 40750.289 201.867 0 1 7 210 0 0
 1302 77220.000 89236.000 0 0 18.576 39.312 730.272 27.023 0 1 13 210 0 0
 1303 78037.000 87623.000 0 0 180.968 321.135 58115.367 241.071 0 1 13 210 0 0
 1304 79712.000 84981.000 0 0 12.239 16.533 202.364 14.225 0 1 11 200 0 0
 1305 79794.000 84868.000 0 0 139.282 185.977 25903.499 160.945 0 1 11 200 0 0
 1306 114637.000 79308.000 0 0 270.801 191.565 51876.135 227.763 0 1 7 210 0 0
 1307 77065.000 89165.000 0 0 19.217 40.678 781.728 27.959 0 1 13 210 0 0
 1308 77112.000 89063.000 0 0 3.669 7.678 28.172 5.307 0 1 13 210 0 0
 1309 77134.000 89016.000 0 0 17.902 37.268 667.207 25.830 0 1 13 210 0 0
 1310 77874.000 87566.000 0 0 173.465 308.662 53542.506 231.392 0 1 13 210 0 0
 1311 79624.000 84815.000 0 0 142.679 191.451 27316.083 165.275 0 1 11 200 0 0
 1312 79701.000 84707.000 0 0 5.863 7.782 45.630 6.755 0 1 11 200 0 0
 1313 114837.000 79243.000 0 0 255.732 182.792 46745.997 216.208 0 1 7 210 0 0
 1314 114967.000 79338.000 0 0 7.921 5.738 45.455 6.742 0 1 7 210 0 0
 1315 76949.000 89014.000 0 0 80.053 167.960 13445.798 115.956 0 1 13 210 0 0
 1316 77687.000 87550.000 0 0 100.268 179.696 18017.776 134.230 0 1 13 210 0 0
 1317 79420.000 84804.000 0 0 6.558 8.881 58.243 7.631 0 1 11 200 0 0
 1318 79454.000 84757.000 0 0 59.918 80.766 4839.418 69.565 0 1 11 200 0 0
 1319 115041.000 79180.000 0 0 248.525 179.535 44619.194 211.232 0 1 7 210 0 0
 1320 76758.000 89019.000 0 0 56.852 120.332 6841.138 82.711 0 1 13 210 0 0
 1321 77530.000 87481.000 0 0 72.016 129.258 9308.728 96.481 0 1 13 210 0 0
 1322 115239.000 79115.000 0 0 245.297 178.979 43903.279 209.531 0 1 7 210 0 0
 1323 76584.000 88991.000 0 0 4.751 10.105 48.011 6.929 0 1 13 210 0 0
 1324 115443.000 79055.000 0 0 258.042 190.262 49095.864 221.575 0 1 7 210 0 0
 1325 115643.000 78991.000 0 0 262.863 195.728 51449.954 226.825 0 1 7 210 0 0
 1326 115825.000 78916.000 0 0 215.285 161.583 34786.636 186.511 0 1 7 210 0 0
 1327 115943.000 79005.000 0 0 10.061 7.640 76.875 8.767 0 1 7 210 0 0
 1328 116013.000 78845.000 0 0 270.776 204.960 55498.404 235.580 0 1 7 210 0 0
 1329 116063.000 78670.000 0 0 3.071 2.313 7.105 2.665 0 1 7 210 0 0
 1330 116224.000 78792.000 0 0 249.085 190.548 47462.846 217.859 0 1 7 210 0 0
 1331 116420.000 78729.000 0 0 233.511 180.258 42092.351 205.164 0 1 7 210 0 0
 1332 75779.000 88304.000 0 0 38.126 78.954 3010.256 54.865 0 1 13 210 0 0
 1333 116604.000 78657.000 0 0 232.256 180.693 41967.116 204.858 0 1 7 210 0 0
 1334 75095.000 89433.000 0 0 69.399 163.562 11351.159 106.541 0 1 13 210 0 0
 1335 75556.000 88379.000 0 0 5.015 10.548 52.906 7.273 0 1 13 210 0 0
 1336 75610.000 88264.000 0 0 67.510 140.300 9471.706 97.322 0 1 13 210 0 0
 1337 116797.000 78593.000 0 0 211.395 165.870 35064.275 187.254 0 1 7 210 0 0
 1338 74910.000 89434.000 0 0 59.261 140.723 8339.445 91.320 0 1 13 210 0 0
 1339 75410.000 88289.000 0 0 66.809 140.272 9371.611 96.807 0 1 13 210 0 0
 1340 75455.000 88192.000 0 0 9.056 18.826 170.506 13.057 0 1 13 210 0 0
 1341 116991.000 78530.000 0 0 230.553 182.452 42064.957 205.097 0 1 7 210 0 0
 1342 74722.000 89445.000 0 0 71.344 170.863 12190.142 110.408 0 1 13 210 0 0
 1343 75228.000 88277.000 0 0 6.182 13.064 80.771 8.987 0 1 13 210 0 0
 1344 117180.000 78464.000 0 0 223.003 177.893 39670.837 199.175 0 1 7 210 0 0
 1345 74537.000 89446.000 0 0 16.190 39.060 632.392 25.147 0 1 13 210 0 0
 1346 117363.000 78394.000 0 0 228.899 183.944 42104.869 205.194 0 1 7 210 0 0
 1347 117565.000 78340.000 0 0 214.934 174.307 37464.723 193.558 0 1 7 210 0 0
 1348 74527.000 88591.000 0 0 8.204 18.317 150.284 12.259 0 1 13 210 0 0
 1349 74550.000 88540.000 0 0 27.468 61.000 1675.589 40.933 0 1 13 210 0 0
 1350 117749.000 78270.000 0 0 212.506 173.577 36886.430 192.058 0 1 7 210 0 0
 1351 74358.000 88554.000 0 0 69.136 154.881 10708.020 103.479 0 1 13 210 0 0
 1352 74396.000 88470.000 0 0 1.657 3.681 6.102 2.470 0 1 13 210 0 0
 1353 117945.000 78210.000 0 0 225.627 185.821 41926.341 204.759 0 1 7 210 0 0
 1354 74154.000 88600.000 0 0 84.160 190.808 16058.574 126.722 0 1 13 210 0 0
 1355 74242.000 88395.000 0 0 8.345 18.521 154.574 12.432 0 1 13 210 0 0
 1356 118130.000 78144.000 0 0 214.786 178.176 38269.850 195.626 0 1 7 210 0 0
 1357 73915.000 88728.000 0 0 9.185 21.257 195.271 13.973 0 1 13 210 0 0
 1358 73956.000 88630.000 0 0 71.945 164.798 11856.487 108.887 0 1 13 210 0 0
 1359 118305.000 78070.000 0 0 206.053 171.994 35440.124 188.255 0 1 7 210 0 0
 1360 73745.000 88694.000 0 0 97.556 226.553 22101.823 148.666 0 1 13 210 0 0
 1361 118391.000 77919.000 0 0 5.296 4.411 23.362 4.833 0 1 7 210 0 0
 1362 118502.000 78013.000 0 0 213.968 180.055 38526.194 196.280 0 1 7 210 0 0
 1363 73023.000 90082.000 0 0 38.037 103.457 3935.231 62.731 0 1 13 210 0 0
 1364 73543.000 88736.000 0 0 91.259 214.339 19560.413 139.858 0 1 13 210 0 0
 1365 118594.000 77869.000 0 0 25.464 21.394 544.813 23.341 0 1 7 210 0 0
 1366 118692.000 77953.000 0 0 170.152 144.262 24546.511 156.673 0 1 7 210 0 0
 1367 72851.000 90056.000 0 0 55.772 152.267 8492.287 92.153 0 1 13 210 0 0
 1368 72914.000 89882.000 0 0 17.460 46.743 816.170 28.568 0 1 13 210 0 0
 1369 73344.000 88773.000 0 0 98.495 233.843 23032.529 151.764 0 1 13 210 0 0
 1370 118872.000 77882.000 0 0 207.815 177.322 36850.242 191.964 0 1 7 210 0 0
 1371 72670.000 90058.000 0 0 2.382 6.548 15.601 3.949 0 1 13 210 0 0
 1372 72712.000 89936.000 0 0 1.446 3.923 5.677 2.382 0 1 13 210 0 0
 1373 72739.000 89867.000 0 0 48.090 129.375 6221.777 78.878 0 1 13 210 0 0
 1374 73137.000 88832.000 0 0 100.116 240.815 24109.586 155.272 0 1 13 210 0 0
 1375 119052.000 77813.000 0 0 191.450 164.399 31474.321 177.410 0 1 7 210 0 0
 1376 72512.000 89994.000 0 0 7.195 19.765 142.228 11.925 0 1 13 210 0 0
 1377 72530.000 89949.000 0 0 11.081 30.285 335.608 18.319 0 1 13 210 0 0
 1378 72556.000 89873.000 0 0 41.266 111.826 4614.656 67.931 0 1 13 210 0 0
 1379 72939.000 88869.000 0 0 97.118 236.099 22929.719 151.425 0 1 13 210 0 0
 1380 119242.000 77753.000 0 0 198.368 171.574 34034.991 184.485 0 1 7 210 0 0
 1381 72349.000 89946.000 0 0 49.641 136.528 6777.477 82.325 0 1 13 210 0 0
 1382 72382.000 89851.000 0 0 5.352 14.565 77.961 8.829 0 1 13 210 0 0
 1383 72739.000 88911.000 0 0 97.809 240.457 23519.031 153.359 0 1 13 210 0 0
 1384 119337.000 77612.000 0 0 10.729 9.267 99.429 9.971 0 1 7 210 0 0
 1385 119433.000 77695.000 0 0 173.223 150.913 26141.817 161.684 0 1 7 210 0 0
 1386 72161.000 89971.000 0 0 71.633 198.845 14244.046 119.348 0 1 13 210 0 0
 1387 72541.000 88946.000 0 0 87.436 217.189 18990.365 137.805 0 1 13 210 0 0
 1388 119602.000 77618.000 0 0 178.107 155.986 27782.427 166.680 0 1 7 210 0 0
 1389 71972.000 89995.000 0 0 42.689 119.583 5104.986 71.449 0 1 13 210 0 0
 1390 71998.000 89920.000 0 0 3.381 9.393 31.765 5.636 0 1 13 210 0 0
 1391 72343.000 88989.000 0 0 86.042 216.106 18594.376 136.361 0 1 13 210 0 0
 1392 119799.000 77563.000 0 0 182.844 161.347 29501.434 171.759 0 1 7 210 0 0
 1393 71797.000 89981.000 0 0 6.724 18.928 127.284 11.281 0 1 13 210 0 0
 1394 72139.000 89045.000 0 0 73.001 185.648 13552.674 116.415 0 1 13 210 0 0
 1395 119988.000 77504.000 0 0 173.620 154.264 26783.437 163.656 0 1 7 210 0 0
 1396 71940.000 89089.000 0 0 77.934 200.420 15619.621 124.978 0 1 13 210 0 0
 1397 120165.000 77435.000 0 0 182.812 163.369 29866.111 172.818 0 1 7 210 0 0
 1398 71375.000 90165.000 0 0 39.134 113.892 4457.096 66.761 0 1 13 210 0 0
 1399 71741.000 89136.000 0 0 83.326 216.748 18060.966 134.391 0 1 13 210 0 0
 1400 120351.000 77374.000 0 0 186.560 167.796 31304.155 176.929 0 1 7 210 0 0
 1401 71194.000 90176.000 0 0 56.983 167.086 9521.149 97.576 0 1 13 210 0 0
 1402 71548.000 89166.000 0 0 80.505 211.413 17019.948 130.460 0 1 13 210 0 0
 1403 120531.000 77307.000 0 0 168.616 152.549 25722.241 160.381 0 1 7 210 0 0
 1404 71003.000 90210.000 0 0 58.668 173.758 10194.195 100.966 0 1 13 210 0 0
 1405 71357.000 89193.000 0 0 69.423 183.992 12773.437 113.019 0 1 13 210 0 0
 1406 120708.000 77241.000 0 0 176.743 160.821 28424.174 168.594 0 1 7 210 0 0
 1407 70813.000 90243.000 0 0 44.434 132.919 5906.279 76.852 0 1 13 210 0 0
 1408 71157.000 89245.000 0 0 70.121 188.041 13185.732 114.829 0 1 13 210 0 0
 1409 120877.000 77165.000 0 0 175.148 160.128 28046.301 167.470 0 1 7 210 0 0
 1410 70630.000 90255.000 0 0 38.307 115.449 4422.612 66.502 0 1 13 210 0 0
 1411 70954.000 89301.000 0 0 65.648 178.225 11700.300 108.167 0 1 13 210 0 0
 1412 121064.000 77106.000 0 0 169.020 155.505 26283.538 162.121 0 1 7 210 0 0
 1413 70457.000 90236.000 0 0 14.042 42.487 596.610 24.425 0 1 13 210 0 0
 1414 70763.000 89339.000 0 0 66.951 183.604 12292.543 110.871 0 1 13 210 0 0
 1415 121254.000 77051.000 0 0 134.217 124.306 16684.027 129.166 0 1 7 210 0 0
 1416 70566.000 89381.000 0 0 69.741 193.305 13481.371 116.109 0 1 13 210 0 0
 1417 121424.000 76978.000 0 0 161.135 149.948 24161.980 155.441 0 1 7 210 0 0
 1418 70371.000 89426.000 0 0 75.025 210.208 15771.102 125.583 0 1 13 210 0 0
 1419 121525.000 76840.000 0 0 11.098 10.315 114.492 10.700 0 1 7 210 0 0
 1420 121621.000 76929.000 0 0 141.563 132.666 18780.756 137.042 0 1 7 210 0 0
 1421 70178.000 89463.000 0 0 65.669 185.850 12204.697 110.474 0 1 13 210 0 0
 1422 121779.000 76845.000 0 0 153.179 144.074 22069.281 148.557 0 1 7 210 0 0
 1423 69984.000 89505.000 0 0 71.948 205.765 14804.626 121.674 0 1 13 210 0 0
 1424 121963.000 76786.000 0 0 158.018 149.501 23624.016 153.701 0 1 7 210 0 0
 1425 69789.000 89549.000 0 0 68.634 198.405 13617.480 116.693 0 1 13 210 0 0
 1426 122071.000 76654.000 0 0 8.950 8.461 75.737 8.702 0 1 7 210 0 0
 1427 122161.000 76740.000 0 0 119.313 113.673 13562.821 116.459 0 1 7 210 0 0
 1428 69562.000 89694.000 0 0 3.951 11.669 46.109 6.790 0 1 13 210 0 0
 1429 69602.000 89574.000 0 0 63.475 185.067 11747.255 108.384 0 1 13 210 0 0
 1430 122315.000 76650.000 0 0 149.988 143.344 21500.121 146.629 0 1 7 210 0 0
 1431 69407.000 89624.000 0 0 72.625 214.120 15550.562 124.701 0 1 13 210 0 0
 1432 122495.000 76589.000 0 0 162.729 156.366 25445.468 159.516 0 1 7 210 0 0
 1433 69213.000 89670.000 0 0 67.846 202.191 13717.923 117.123 0 1 13 210 0 0
 1434 122674.000 76525.000 0 0 128.296 123.914 15897.871 126.086 0 1 7 210 0 0
 1435 69020.000 89715.000 0 0 72.481 218.314 15823.812 125.792 0 1 13 210 0 0
 1436 122837.000 76448.000 0 0 126.446 122.610 15503.715 124.513 0 1 7 210 0 0
 1437 68833.000 89740.000 0 0 73.779 224.107 16534.672 128.587 0 1 13 210 0 0
 1438 123046.000 76415.000 0 0 140.196 136.995 19206.283 138.586 0 1 7 210 0 0
 1439 68641.000 89776.000 0 0 69.600 213.464 14857.232 121.890 0 1 13 210 0 0
 1440 123214.000 76342.000 0 0 159.911 156.913 25092.223 158.405 0 1 7 210 0 0
 1441 68454.000 89807.000 0 0 70.367 217.765 15323.666 123.788 0 1 13 210 0 0
 1442 123373.000 76261.000 0 0 147.940 145.658 21548.679 146.794 0 1 7 210 0 0
 1443 68260.000 89857.000 0 0 62.723 196.279 12311.414 110.956 0 1 13 210 0 0
 1444 123561.000 76206.000 0 0 152.842 151.346 23132.039 152.092 0 1 7 210 0 0
 1445 67721.000 91107.000 0 0 24.728 89.750 2219.390 47.110 0 1 13 210 0 0
 1446 68071.000 89898.000 0 0 61.507 194.388 11956.335 109.345 0 1 13 210 0 0
 1447 123663.000 76070.000 0 0 17.207 17.015 292.792 17.111 0 1 7 210 0 0
 1448 123745.000 76151.000 0 0 139.481 138.874 19370.422 139.177 0 1 7 210 0 0
 1449 67549.000 91096.000 0 0 42.686 155.560 6640.260 81.487 0 1 13 210 0 0
 1450 67880.000 89938.000 0 0 60.294 192.473 11605.087 107.726 0 1 13 210 0 0
 1451 123901.000 76068.000 0 0 129.641 129.470 16784.768 129.556 0 1 7 210 0 0
 1452 67374.000 91097.000 0 0 35.851 131.377 4710.122 68.630 0 1 13 210 0 0
 1453 67692.000 89974.000 0 0 61.039 196.697 12006.392 109.573 0 1 13 210 0 0
 1454 124082.000 76008.000 0 0 142.616 143.150 20415.717 142.883 0 1 7 210 0 0
 1455 67199.000 91091.000 0 0 14.094 51.888 731.347 27.043 0 1 13 210 0 0
 1456 67500.000 90018.000 0 0 60.775 197.862 12025.248 109.659 0 1 13 210 0 0
 1457 124242.000 75930.000 0 0 94.623 95.299 9017.509 94.960 0 1 7 210 0 0
 1458 67314.000 90049.000 0 0 61.059 200.564 12246.279 110.662 0 1 13 210 0 0
 1459 124384.000 75832.000 0 0 41.707 42.080 1755.066 41.893 0 1 7 210 0 0
 1460 67126.000 90087.000 0 0 59.402 196.991 11701.784 108.174 0 1 13 210 0 0
 1461 66938.000 90127.000 0 0 59.166 198.119 11722.034 108.268 0 1 13 210 0 0
 1462 66750.000 90161.000 0 0 60.377 204.023 12318.352 110.988 0 1 13 210 0 0
 1463 66561.000 90205.000 0 0 57.757 197.171 11388.142 106.715 0 1 13 210 0 0
 1464 66374.000 90241.000 0 0 57.076 196.660 11224.684 105.946 0 1 13 210 0 0
 1465 125326.000 75580.000 0 0 52.680 54.633 2878.117 53.648 0 1 7 210 0 0
 1466 65949.000 91173.000 0 0 1.692 6.527 11.044 3.323 0 1 13 210 0 0
 1467 65959.000 91135.000 0 0 15.298 58.744 898.699 29.978 0 1 13 210 0 0
 1468 66190.000 90267.000 0 0 53.190 184.769 9827.899 99.135 0 1 13 210 0 0
 1469 125472.000 75487.000 0 0 101.062 105.016 10613.247 103.020 0 1 7 210 0 0
 1470 65708.000 91439.000 0 0 12.722 50.960 648.364 25.462 0 1 13 210 0 0
 1471 65778.000 91157.000 0 0 36.879 142.723 5263.626 72.550 0 1 13 210 0 0
 1472 65798.000 91078.000 0 0 2.138 8.195 17.522 4.185 0 1 13 210 0 0
 1473 66002.000 90308.000 0 0 52.036 182.535 9498.523 97.460 0 1 13 210 0 0
 1474 125639.000 75416.000 0 0 113.139 117.992 13349.529 115.540 0 1 7 210 0 0
 1475 65528.000 91463.000 0 0 20.053 80.972 1623.780 40.296 0 1 13 210 0 0
 1476 65544.000 91400.000 0 0 10.719 42.948 460.406 21.457 0 1 13 210 0 0
 1477 65598.000 91171.000 0 0 30.472 118.733 3618.115 60.150 0 1 13 210 0 0
 1478 65815.000 90347.000 0 0 54.142 191.734 10381.076 101.887 0 1 13 210 0 0
 1479 125819.000 75359.000 0 0 109.849 115.102 12643.971 112.445 0 1 7 210 0 0
 1480 65350.000 91469.000 0 0 21.676 88.031 1908.191 43.682 0 1 13 210 0 0
 1481 65408.000 91235.000 0 0 18.069 71.308 1288.475 35.895 0 1 13 210 0 0
 1482 65425.000 91167.000 0 0 15.667 61.322 960.745 30.995 0 1 13 210 0 0
 1483 65627.000 90384.000 0 0 49.324 176.311 8696.460 93.254 0 1 13 210 0 0
 1484 125987.000 75291.000 0 0 135.038 142.025 19178.840 138.487 0 1 7 210 0 0
 1485 65180.000 91449.000 0 0 6.968 28.375 197.734 14.061 0 1 13 210 0 0
 1486 65229.000 91254.000 0 0 37.319 148.353 5536.416 74.407 0 1 13 210 0 0
 1487 65442.000 90420.000 0 0 52.354 188.855 9887.477 99.435 0 1 13 210 0 0
 1488 126147.000 75213.000 0 0 112.879 119.072 13440.813 115.934 0 1 7 210 0 0
 1489 65048.000 91280.000 0 0 27.171 108.908 2959.196 54.398 0 1 13 210 0 0
 1490 65259.000 90453.000 0 0 47.597 173.200 8243.914 90.796 0 1 13 210 0 0
 1491 126320.000 75148.000 0 0 122.713 129.963 15948.196 126.286 0 1 7 210 0 0
 1492 64870.000 91291.000 0 0 29.226 117.880 3445.183 58.695 0 1 13 210 0 0
 1493 65073.000 90486.000 0 0 47.435 174.123 8259.617 90.882 0 1 13 210 0 0
 1494 126498.000 75089.000 0 0 126.579 134.646 17043.389 130.550 0 1 7 210 0 0
 1495 64684.000 91336.000 0 0 20.351 82.955 1688.299 41.088 0 1 13 210 0 0
 1496 64887.000 90527.000 0 0 45.868 170.003 7797.744 88.304 0 1 13 210 0 0
 1497 126673.000 75028.000 0 0 119.709 127.862 15306.366 123.718 0 1 7 210 0 0
 1498 64500.000 91373.000 0 0 22.746 93.594 2128.967 46.140 0 1 13 210 0 0
 1499 64703.000 90562.000 0 0 41.175 153.981 6340.228 79.625 0 1 13 210 0 0
 1500 126835.000 74954.000 0 0 138.074 147.936 20426.248 142.920 0 1 7 210 0 0
 1501 64246.000 91728.000 0 0 1.189 5.140 6.113 2.472 0 1 13 210 0 0
 1502 64253.000 91693.000 0 0 1.990 8.565 17.049 4.129 0 1 13 210 0 0
 1503 64320.000 91399.000 0 0 21.852 90.650 1980.925 44.507 0 1 13 210 0 0
 1504 64332.000 91349.000 0 0 1.243 5.127 6.378 2.525 0 1 13 210 0 0
 1505 64520.000 90587.000 0 0 41.968 158.177 6638.567 81.477 0 1 13 210 0 0
 1506 127004.000 74885.000 0 0 122.802 132.040 16214.845 127.337 0 1 7 210 0 0
 1507 64067.000 91748.000 0 0 4.352 18.950 82.477 9.081 0 1 13 210 0 0
 1508 64080.000 91688.000 0 0 19.924 86.095 1715.421 41.417 0 1 13 210 0 0
 1509 64141.000 91420.000 0 0 19.331 80.794 1561.895 39.520 0 1 13 210 0 0
 1510 64332.000 90639.000 0 0 41.286 157.309 6494.823 80.590 0 1 13 210 0 0
 1511 127173.000 74816.000 0 0 136.420 147.193 20080.085 141.704 0 1 7 210 0 0
 1512 63899.000 91716.000 0 0 36.537 159.217 5817.369 76.271 0 1 13 210 0 0
 1513 63957.000 91460.000 0 0 18.015 76.026 1369.656 37.008 0 1 13 210 0 0
 1514 64148.000 90670.000 0 0 41.151 158.119 6506.884 80.665 0 1 13 210 0 0
 1515 127278.000 74681.000 0 0 16.987 18.301 310.885 17.631 0 1 7 210 0 0
 1516 127353.000 74761.000 0 0 118.571 128.500 15236.488 123.436 0 1 7 210 0 0
 1517 63723.000 91731.000 0 0 29.334 128.691 3775.076 61.441 0 1 13 210 0 0
 1518 63775.000 91490.000 0 0 20.397 86.826 1771.084 42.084 0 1 13 210 0 0
 1519 63948.000 90768.000 0 0 2.212 8.638 19.110 4.371 0 1 13 210 0 0
 1520 63969.000 90683.000 0 0 34.392 133.000 4574.237 67.633 0 1 13 210 0 0
 1521 127452.000 74620.000 0 0 3.654 3.953 14.449 3.801 0 1 7 210 0 0
 1522 127512.000 74684.000 0 0 110.434 120.010 13253.375 115.123 0 1 7 210 0 0
 1523 63549.000 91731.000 0 0 13.081 57.663 754.341 27.465 0 1 13 210 0 0
 1524 63556.000 91690.000 0 0 4.382 19.220 84.239 9.178 0 1 13 210 0 0
 1525 63595.000 91516.000 0 0 21.148 90.746 1919.171 43.808 0 1 13 210 0 0
 1526 63783.000 90732.000 0 0 40.877 159.730 6529.333 80.804 0 1 13 210 0 0
 1527 127688.000 74626.000 0 0 131.366 143.342 18830.414 137.223 0 1 7 210 0 0
 1528 63417.000 91542.000 0 0 18.651 80.672 1504.655 38.789 0 1 13 210 0 0
 1529 63598.000 90764.000 0 0 36.749 144.835 5322.573 72.955 0 1 13 210 0 0
 1530 127857.000 74557.000 0 0 120.754 132.208 15964.823 126.351 0 1 7 210 0 0
 1531 63233.000 91584.000 0 0 20.576 89.888 1849.614 43.007 0 1 13 210 0 0
 1532 63246.000 91524.000 0 0 2.437 10.568 25.756 5.075 0 1 13 210 0 0
 1533 63414.000 90807.000 0 0 35.698 142.061 5071.404 71.213 0 1 13 210 0 0
 1534 128022.000 74486.000 0 0 119.860 131.646 15779.146 125.615 0 1 7 210 0 0
 1535 63056.000 91593.000 0 0 24.181 106.262 2569.545 50.690 0 1 13 210 0 0
 1536 63230.000 90840.000 0 0 38.202 153.346 5858.298 76.539 0 1 13 210 0 0
 1537 128194.000 74424.000 0 0 125.057 137.855 17239.914 131.300 0 1 7 210 0 0
 1538 62873.000 91631.000 0 0 22.870 101.450 2320.205 48.168 0 1 13 210 0 0
 1539 63046.000 90877.000 0 0 36.299 147.031 5337.187 73.056 0 1 13 210 0 0
 1540 128362.000 74356.000 0 0 133.996 148.198 19858.178 140.919 0 1 7 210 0 0
 1541 62694.000 91661.000 0 0 24.386 109.091 2660.314 51.578 0 1 13 210 0 0
 1542 62864.000 90904.000 0 0 39.244 160.221 6287.769 79.295 0 1 13 210 0 0
 1543 128529.000 74286.000 0 0 126.969 140.868 17886.026 133.738 0 1 7 210 0 0
 1544 62513.000 91694.000 0 0 25.483 115.011 2930.922 54.137 0 1 13 210 0 0
 1545 62682.000 90939.000 0 0 40.396 166.373 6720.889 81.981 0 1 13 210 0 0
 1546 128691.000 74214.000 0 0 114.955 127.907 14703.687 121.258 0 1 7 210 0 0
 1547 62332.000 91723.000 0 0 22.219 101.114 2246.727 47.399 0 1 13 210 0 0
 1548 62500.000 90969.000 0 0 37.230 154.597 5755.794 75.866 0 1 13 210 0 0
 1549 128862.000 74151.000 0 0 126.389 141.124 17836.689 133.554 0 1 7 210 0 0
 1550 62154.000 91748.000 0 0 24.924 114.298 2848.812 53.374 0 1 13 210 0 0
 1551 62317.000 91005.000 0 0 37.945 158.960 6031.790 77.664 0 1 13 210 0 0
 1552 129026.000 74080.000 0 0 123.018 137.761 16947.195 130.181 0 1 7 210 0 0
 1553 61973.000 91780.000 0 0 22.857 105.733 2416.806 49.161 0 1 13 210 0 0
 1554 62134.000 91040.000 0 0 36.512 154.288 5633.408 75.056 0 1 13 210 0 0
 1555 76782.000 68572.000 0 0 13.562 10.019 135.894 11.657 0 1 4 210 0 0
 1556 77393.000 68125.000 0 0 22.921 16.256 372.611 19.303 0 1 4 210 0 0
 1557 77851.000 67800.000 0 0 10.809 7.435 80.374 8.965 0 1 4 210 0 0
 1558 77882.000 67780.000 0 0 29.345 20.144 591.146 24.313 0 1 4 210 0 0
 1559 77927.000 67749.000 0 0 17.008 11.641 198.003 14.071 0 1 4 210 0 0
 1560 78852.000 67131.000 0 0 245.808 158.156 38876.381 197.170 0 1 4 210 0 0
 1561 79078.000 66984.000 0 0 98.130 62.185 6102.224 78.116 0 1 4 210 0 0
 1562 79259.000 66869.000 0 0 44.471 27.840 1238.136 35.187 0 1 4 210 0 0
 1563 79453.000 66748.000 0 0 259.833 160.558 41718.358 204.250 0 1 4 210 0 0
 1564 79632.000 66636.000 0 0 17.595 10.741 189.008 13.748 0 1 4 210 0 0
 1565 79666.000 66616.000 0 0 8.007 4.877 39.053 6.249 0 1 4 210 0 0
 1566 79713.000 66587.000 0 0 9.607 5.833 56.043 7.486 0 1 4 210 0 0
 1567 80648.000 66031.000 0 0 34.193 19.480 666.098 25.808 0 1 4 210 0 0
 1568 129187.000 74006.000 0 0 110.898 124.523 13809.415 117.513 0 1 7 210 0 0
 1569 61792.000 91812.000 0 0 19.234 89.747 1726.276 41.548 0 1 13 210 0 0
 1570 61954.000 91070.000 0 0 36.815 156.848 5774.387 75.989 0 1 13 210 0 0
 1571 75310.000 69506.000 0 0 45.310 36.685 1662.208 40.770 0 1 4 210 0 0
 1572 75434.000 69405.000 0 0 85.068 68.306 5810.788 76.228 0 1 4 210 0 0
 1573 75562.000 69301.000 0 0 97.126 77.320 7509.839 86.659 0 1 4 210 0 0
 1574 75639.000 69240.000 0 0 8.844 7.004 61.954 7.871 0 1 4 210 0 0
 1575 75721.000 69174.000 0 0 91.620 72.162 6611.530 81.311 0 1 4 210 0 0
 1576 77193.000 68110.000 0 0 2646.257 1892.538 5008144.204 2237.888 0 1 4 210 0 0
 1577 78797.000 66967.000 0 0 581.174 373.048 216806.294 465.624 0 1 4 210 0 0
 1578 79347.000 66616.000 0 0 486.513 300.978 146430.149 382.661 0 1 4 210 0 0
 1579 79626.000 66440.000 0 0 54.697 33.207 1816.352 42.618 0 1 4 210 0 0
 1580 79675.000 66411.000 0 0 38.647 23.386 903.838 30.063 0 1 4 210 0 0
 1581 79912.000 66267.000 0 0 25.865 15.403 398.408 19.960 0 1 4 210 0 0
 1582 80027.000 66198.000 0 0 29.173 17.238 502.905 22.425 0 1 4 210 0 0
 1583 80692.000 65812.000 0 0 485.117 273.973 132909.253 364.567 0 1 4 210 0 0
 1584 80938.000 65671.000 0 0 6.580 3.654 24.046 4.903 0 1 4 210 0 0
 1585 81182.000 65537.000 0 0 16.515 9.018 148.943 12.204 0 1 4 210 0 0
 1586 81371.000 65432.000 0 0 11.604 6.253 72.573 8.518 0 1 4 210 0 0
 1587 129365.000 73950.000 0 0 133.621 150.625 20126.726 141.868 0 1 7 210 0 0
 1588 61614.000 91832.000 0 0 24.279 114.089 2769.988 52.630 0 1 13 210 0 0
 1589 61771.000 91108.000 0 0 40.072 172.265 6903.135 83.085 0 1 13 210 0 0
 1590 76097.000 68772.000 0 0 3841.579 2940.596 11296534.692 3361.031 0 1 4 210 0 0
 1591 78168.000 67176.000 0 0 361.910 240.716 87117.750 295.157 0 1 4 210 0 0
 1592 78383.000 67031.000 0 0 37.935 24.873 943.581 30.717 0 1 4 210 0 0
 1593 78436.000 66996.000 0 0 28.485 18.611 530.163 23.025 0 1 4 210 0 0
 1594 78460.000 66982.000 0 0 11.084 7.231 80.151 8.952 0 1 4 210 0 0
 1595 78742.000 66800.000 0 0 522.035 334.264 174497.726 417.729 0 1 4 210 0 0
 1596 80536.000 65757.000 0 0 3047.065 1731.968 5277421.666 2297.263 0 1 4 210 0 0
 1597 82080.000 64866.000 0 0 63.998 32.642 2089.085 45.706 0 1 4 210 0 0
 1598 129540.000 73892.000 0 0 128.915 145.862 18803.933 137.127 0 1 7 210 0 0
 1599 61423.000 91917.000 0 0 1.162 5.546 6.445 2.538 0 1 13 210 0 0
 1600 61436.000 91856.000 0 0 22.645 107.225 2428.169 49.276 0 1 13 210 0 0
 1601 61591.000 91135.000 0 0 37.399 162.026 6059.723 77.844 0 1 13 210 0 0
 1602 73165.000 70927.000 0 0 9.752 9.001 87.795 9.369 0 1 4 210 0 0
 1603 73258.000 70840.000 0 0 4.192 3.844 16.118 4.014 0 1 4 210 0 0
 1604 73314.000 70789.000 0 0 35.010 31.984 1119.797 33.463 0 1 4 210 0 0
 1605 74463.000 69815.000 0 0 2229.426 1886.086 4204891.472 2050.583 0 1 4 210 0 0
 1606 75566.000 68863.000 0 0 10.452 8.202 85.737 9.259 0 1 4 210 0 0
 1607 75585.000 68848.000 0 0 14.928 11.700 174.673 13.216 0 1 4 210 0 0
 1608 75619.000 68822.000 0 0 4.489 3.511 15.764 3.970 0 1 4 210 0 0
 1609 75679.000 68775.000 0 0 23.942 18.648 446.496 21.130 0 1 4 210 0 0
 1610 75734.000 68731.000 0 0 23.975 18.606 446.114 21.121 0 1 4 210 0 0
 1611 75775.000 68698.000 0 0 28.509 22.063 629.016 25.080 0 1 4 210 0 0
 1612 75795.000 68684.000 0 0 7.511 5.805 43.609 6.603 0 1 4 210 0 0
 1613 75821.000 68664.000 0 0 31.543 24.339 767.758 27.708 0 1 4 210 0 0
 1614 75868.000 68626.000 0 0 6.014 4.625 27.821 5.274 0 1 4 210 0 0
 1615 78807.000 66553.000 0 0 4.816 3.051 14.700 3.834 0 1 4 210 0 0
 1616 78820.000 66543.000 0 0 14.438 9.140 131.967 11.487 0 1 4 210 0 0
 1617 78837.000 66532.000 0 0 11.235 7.104 79.818 8.934 0 1 4 210 0 0
 1618 78981.000 66441.000 0 0 12.866 8.058 103.680 10.182 0 1 4 210 0 0
 1619 79095.000 66370.000 0 0 17.736 11.025 195.548 13.983 0 1 4 210 0 0
 1620 79117.000 66355.000 0 0 16.123 10.007 161.365 12.702 0 1 4 210 0 0
 1621 79223.000 66289.000 0 0 176.146 108.567 19123.866 138.289 0 1 4 210 0 0
 1622 79340.000 66217.000 0 0 12.951 7.920 102.586 10.128 0 1 4 210 0 0
 1623 79366.000 66201.000 0 0 22.676 13.843 313.923 17.717 0 1 4 210 0 0
 1624 79385.000 66189.000 0 0 12.962 7.903 102.451 10.121 0 1 4 210 0 0
 1625 79738.000 65975.000 0 0 11.422 6.802 77.694 8.814 0 1 4 210 0 0
 1626 79796.000 65941.000 0 0 6.528 3.872 25.285 5.028 0 1 4 210 0 0
 1627 79815.000 65929.000 0 0 9.796 5.804 56.860 7.540 0 1 4 210 0 0
 1628 79858.000 65904.000 0 0 8.178 4.831 39.510 6.285 0 1 4 210 0 0
 1629 79902.000 65877.000 0 0 27.807 16.378 455.436 21.340 0 1 4 210 0 0
 1630 79929.000 65860.000 0 0 6.544 3.847 25.180 5.017 0 1 4 210 0 0
 1631 79963.000 65841.000 0 0 16.370 9.602 157.192 12.537 0 1 4 210 0 0
 1632 79987.000 65826.000 0 0 22.927 13.427 307.852 17.545 0 1 4 210 0 0
 1633 80036.000 65798.000 0 0 22.947 13.394 307.354 17.531 0 1 4 210 0 0
 1634 80054.000 65786.000 0 0 9.837 5.735 56.422 7.511 0 1 4 210 0 0
 1635 81538.000 65004.000 0 0 2949.309 1555.963 4589018.415 2142.199 0 1 4 210 0 0
 1636 83313.000 64069.000 0 0 10.331 4.798 49.574 7.040 0 1 4 210 0 0
 1637 129699.000 73815.000 0 0 124.274 140.954 17517.122 132.352 0 1 7 210 0 0
 1638 61255.000 91890.000 0 0 21.381 102.149 2184.123 46.734 0 1 13 210 0 0
 1639 61410.000 91166.000 0 0 34.728 151.692 5267.965 72.580 0 1 13 210 0 0
 1640 72351.000 71472.000 0 0 175.048 169.658 29698.456 172.332 0 1 4 210 0 0
 1641 73407.000 70512.000 0 0 1935.878 1745.835 3379724.288 1838.402 0 1 4 210 0 0
 1642 74991.000 69109.000 0 0 7.409 5.998 44.444 6.666 0 1 4 210 0 0
 1643 81270.000 64906.000 0 0 10.090 5.385 54.346 7.371 0 1 4 210 0 0
 1644 81397.000 64838.000 0 0 11.803 6.244 73.713 8.585 0 1 4 210 0 0
 1645 81418.000 64827.000 0 0 5.065 2.675 13.554 3.681 0 1 4 210 0 0
 1646 82618.000 64243.000 0 0 2390.354 1162.007 2777610.977 1666.616 0 1 4 210 0 0
 1647 83809.000 63655.000 0 0 6.967 3.103 21.623 4.650 0 1 4 210 0 0
 1648 129869.000 73750.000 0 0 139.677 158.935 22199.798 148.995 0 1 7 210 0 0
 1649 61077.000 91916.000 0 0 19.764 95.157 1880.721 43.367 0 1 13 210 0 0
 1650 61229.000 91201.000 0 0 35.012 154.262 5401.166 73.492 0 1 13 210 0 0
 1651 71790.000 71788.000 0 0 5.408 5.407 29.244 5.407 0 1 4 210 0 0
 1652 71917.000 71661.000 0 0 69.283 68.657 4756.867 68.970 0 1 4 210 0 0
 1653 72023.000 71556.000 0 0 55.908 54.991 3074.460 55.447 0 1 4 210 0 0
 1654 72060.000 71518.000 0 0 10.919 10.711 116.968 10.815 0 1 4 210 0 0
 1655 72661.000 70951.000 0 0 1101.649 1036.793 1142183.690 1068.729 0 1 4 210 0 0
 1656 82124.000 64270.000 0 0 10.273 5.140 52.808 7.266 0 1 4 210 0 0
 1657 82548.000 64059.000 0 0 134.382 65.252 8768.765 93.641 0 1 4 210 0 0
 1658 83517.000 63613.000 0 0 1568.351 710.480 1114283.573 1055.596 0 1 4 210 0 0
 1659 130039.000 73687.000 0 0 131.184 149.756 19645.753 140.163 0 1 7 210 0 0
 1660 60899.000 91940.000 0 0 21.250 103.089 2190.732 46.805 0 1 13 210 0 0
 1661 61047.000 91232.000 0 0 34.467 153.117 5277.522 72.646 0 1 13 210 0 0
 1662 71243.000 72107.000 0 0 17.384 17.922 311.563 17.651 0 1 4 210 0 0
 1663 71951.000 71408.000 0 0 1305.080 1280.264 1670848.971 1292.613 0 1 4 210 0 0
 1664 72613.000 70747.000 0 0 18.231 17.068 311.188 17.640 0 1 4 210 0 0
 1665 82773.000 63762.000 0 0 24.312 11.558 281.012 16.763 0 1 4 210 0 0
 1666 84085.000 63176.000 0 0 1698.463 734.074 1246798.021 1116.601 0 1 4 210 0 0
 1667 84930.000 62804.000 0 0 5.356 2.170 11.624 3.409 0 1 4 210 0 0
 1668 130206.000 73621.000 0 0 130.251 149.151 19427.215 139.381 0 1 7 210 0 0
 1669 60721.000 91967.000 0 0 19.255 94.146 1812.887 42.578 0 1 13 210 0 0
 1670 60867.000 91266.000 0 0 32.661 146.326 4779.206 69.131 0 1 13 210 0 0
 1671 70578.000 72564.000 0 0 23.673 25.387 600.990 24.515 0 1 4 210 0 0
 1672 71205.000 71917.000 0 0 1079.804 1107.198 1195558.175 1093.415 0 1 4 210 0 0
 1673 71774.000 71323.000 0 0 37.118 36.535 1356.151 36.825 0 1 4 210 0 0
 1674 71805.000 71293.000 0 0 9.629 9.458 91.084 9.543 0 1 4 210 0 0
 1675 71826.000 71271.000 0 0 12.397 12.158 150.737 12.277 0 1 4 210 0 0
 1676 71944.000 71156.000 0 0 85.728 83.388 7148.783 84.550 0 1 4 210 0 0
 1677 72019.000 71083.000 0 0 63.766 61.703 3934.586 62.726 0 1 4 210 0 0
 1678 72065.000 71037.000 0 0 9.715 9.371 91.048 9.541 0 1 4 210 0 0
 1679 72898.000 70249.000 0 0 195.386 177.991 34777.194 186.486 0 1 4 210 0 0
 1680 83989.000 63017.000 0 0 10.634 4.603 48.957 6.996 0 1 4 210 0 0
 1681 84006.000 63009.000 0 0 14.181 6.132 86.962 9.325 0 1 4 210 0 0
 1682 84733.000 62711.000 0 0 1410.533 577.521 814613.529 902.559 0 1 4 210 0 0
 1683 85453.000 62412.000 0 0 39.647 15.344 608.376 24.665 0 1 4 210 0 0
 1684 130371.000 73551.000 0 0 139.464 160.143 22334.392 149.446 0 1 7 210 0 0
 1685 60541.000 91996.000 0 0 22.640 111.604 2526.759 50.266 0 1 13 210 0 0
 1686 60686.000 91293.000 0 0 35.060 158.305 5550.257 74.500 0 1 13 210 0 0
 1687 70459.000 72453.000 0 0 681.441 730.762 497971.823 705.671 0 1 4 210 0 0
 1688 70856.000 72020.000 0 0 118.032 122.940 14511.019 120.461 0 1 4 210 0 0
 1689 70969.000 71902.000 0 0 105.064 108.554 11405.215 106.795 0 1 4 210 0 0
 1690 71040.000 71827.000 0 0 29.709 30.539 907.336 30.122 0 1 4 210 0 0
 1691 71069.000 71797.000 0 0 25.686 26.349 676.838 26.016 0 1 4 210 0 0
 1692 71095.000 71771.000 0 0 21.652 22.170 480.042 21.909 0 1 4 210 0 0
 1693 71119.000 71747.000 0 0 18.962 19.384 367.561 19.171 0 1 4 210 0 0
 1694 71947.000 70914.000 0 0 13.945 13.450 187.581 13.696 0 1 4 210 0 0
 1695 72781.000 70125.000 0 0 204.795 186.591 38213.083 195.481 0 1 4 210 0 0
 1696 85386.000 62267.000 0 0 1512.384 585.765 885902.017 941.223 0 1 4 210 0 0
 1697 86178.000 61956.000 0 0 5.478 1.990 10.905 3.302 0 1 4 210 0 0
 1698 130535.000 73482.000 0 0 141.105 162.478 22926.682 151.415 0 1 7 210 0 0
 1699 60363.000 92020.000 0 0 21.421 106.401 2279.267 47.741 0 1 13 210 0 0
 1700 60504.000 91329.000 0 0 33.670 153.359 5163.668 71.858 0 1 13 210 0 0
 1701 69543.000 73211.000 0 0 11.560 13.143 151.951 12.326 0 1 4 210 0 0
 1702 69718.000 73014.000 0 0 314.363 352.750 110892.155 333.004 0 1 4 210 0 0
 1703 70143.000 72543.000 0 0 537.037 583.968 313613.091 560.011 0 1 4 210 0 0
 1704 70446.000 72206.000 0 0 66.618 70.837 4719.049 68.695 0 1 4 210 0 0
 1705 70498.000 72153.000 0 0 25.362 26.869 681.497 26.105 0 1 4 210 0 0
 1706 70519.000 72129.000 0 0 16.034 16.961 271.964 16.491 0 1 4 210 0 0
 1707 70543.000 72103.000 0 0 5.347 5.646 30.196 5.495 0 1 4 210 0 0
 1708 72643.000 70022.000 0 0 79.036 72.125 5700.571 75.502 0 1 4 210 0 0
 1709 85967.000 61862.000 0 0 1409.745 518.743 731295.515 855.158 0 1 4 210 0 0
 1710 130706.000 73420.000 0 0 138.886 160.448 22284.091 149.278 0 1 7 210 0 0
 1711 60185.000 92041.000 0 0 22.511 112.611 2535.061 50.349 0 1 13 210 0 0
 1712 60324.000 91358.000 0 0 34.387 157.862 5428.506 73.678 0 1 13 210 0 0
 1713 69079.000 73489.000 0 0 6.352 7.409 47.066 6.860 0 1 4 210 0 0
 1714 69539.000 72968.000 0 0 907.166 1022.250 927351.374 962.990 0 1 4 210 0 0
 1715 85740.000 61757.000 0 0 14.661 5.467 80.157 8.953 0 1 4 210 0 0
 1716 85758.000 61750.000 0 0 5.508 2.051 11.298 3.361 0 1 4 210 0 0
 1717 86423.000 61514.000 0 0 1319.249 465.405 613986.796 783.573 0 1 4 210 0 0
 1718 87078.000 61279.000 0 0 7.422 2.477 18.386 4.287 0 1 4 210 0 0
 1719 87096.000 61274.000 0 0 18.558 6.184 114.769 10.713 0 1 4 210 0 0
 1720 130870.000 73349.000 0 0 135.419 156.856 21241.395 145.744 0 1 7 210 0 0
 1721 60005.000 92076.000 0 0 18.994 95.861 1820.859 42.671 0 1 13 210 0 0
 1722 60143.000 91390.000 0 0 33.020 152.852 5047.281 71.044 0 1 13 210 0 0
 1723 68522.000 73893.000 0 0 26.279 31.686 832.707 28.856 0 1 4 210 0 0
 1724 68570.000 73834.000 0 0 13.799 16.576 228.742 15.124 0 1 4 210 0 0
 1725 69046.000 73280.000 0 0 867.232 1004.652 871266.976 933.416 0 1 4 210 0 0
 1726 86698.000 61235.000 0 0 997.961 342.460 341762.277 584.604 0 1 4 210 0 0
 1727 87357.000 61007.000 0 0 229.907 74.550 17139.659 130.918 0 1 4 210 0 0
 1728 131033.000 73280.000 0 0 133.210 154.712 20609.319 143.559 0 1 7 210 0 0
 1729 59829.000 92100.000 0 0 17.042 86.658 1476.859 38.429 0 1 13 210 0 0
 1730 59962.000 91427.000 0 0 32.058 149.707 4799.351 69.277 0 1 13 210 0 0
 1731 68092.000 74151.000 0 0 12.393 15.298 189.609 13.769 0 1 4 210 0 0
 1732 68182.000 74040.000 0 0 93.335 114.397 10677.431 103.331 0 1 4 210 0 0
 1733 68623.000 73516.000 0 0 774.504 917.590 710677.823 843.017 0 1 4 210 0 0
 1734 87331.000 60845.000 0 0 1268.973 410.592 521031.156 721.824 0 1 4 210 0 0
 1735 131199.000 73210.000 0 0 134.848 157.040 21176.621 145.521 0 1 7 210 0 0
 1736 59651.000 92129.000 0 0 17.734 90.909 1612.234 40.152 0 1 13 210 0 0
 1737 59784.000 91452.000 0 0 31.552 148.447 4683.906 68.439 0 1 13 210 0 0
 1738 67513.000 74614.000 0 0 6.082 7.784 47.351 6.881 0 1 4 210 0 0
 1739 67656.000 74431.000 0 0 11.034 13.958 154.016 12.410 0 1 4 210 0 0
 1740 68127.000 73854.000 0 0 839.833 1023.788 859811.938 927.260 0 1 4 210 0 0
 1741 68551.000 73325.000 0 0 7.669 9.042 69.359 8.328 0 1 4 210 0 0
 1742 87169.000 60712.000 0 0 28.251 9.226 260.670 16.145 0 1 4 210 0 0
 1743 87758.000 60528.000 0 0 1141.074 353.902 403828.638 635.475 0 1 4 210 0 0
 1744 88350.000 60342.000 0 0 11.403 3.349 38.198 6.180 0 1 4 210 0 0
 1745 131366.000 73146.000 0 0 133.878 156.372 20934.967 144.689 0 1 7 210 0 0
 1746 59474.000 92151.000 0 0 16.933 87.424 1480.381 38.475 0 1 13 210 0 0
 1747 59605.000 91484.000 0 0 33.067 156.853 5186.811 72.019 0 1 13 210 0 0
 1748 67727.000 74079.000 0 0 781.641 973.196 760690.639 872.175 0 1 4 210 0 0
 1749 68125.000 73572.000 0 0 27.869 33.613 936.806 30.607 0 1 4 210 0 0
 1750 88126.000 60238.000 0 0 1240.981 370.594 459900.355 678.159 0 1 4 210 0 0
 1751 88762.000 60046.000 0 0 26.805 7.540 202.117 14.216 0 1 4 210 0 0
 1752 89070.000 59960.000 0 0 172.753 47.158 8146.783 90.259 0 1 4 210 0 0
 1753 131527.000 73075.000 0 0 132.949 155.674 20696.871 143.864 0 1 7 210 0 0
 1754 59294.000 92191.000 0 0 16.847 87.812 1479.434 38.463 0 1 13 210 0 0
 1755 59303.000 92140.000 0 0 1.883 9.751 18.368 4.285 0 1 13 210 0 0
 1756 59424.000 91513.000 0 0 32.550 155.610 5065.181 71.170 0 1 13 210 0 0
 1757 67148.000 74537.000 0 0 524.890 677.201 355456.844 596.202 0 1 4 210 0 0
 1758 67525.000 74048.000 0 0 223.931 280.224 62751.044 250.501 0 1 4 210 0 0
 1759 67695.000 73831.000 0 0 10.032 12.385 124.257 11.147 0 1 4 210 0 0
 1760 87966.000 60103.000 0 0 15.295 4.613 70.569 8.400 0 1 4 210 0 0
 1761 88070.000 60071.000 0 0 55.501 16.582 920.365 30.337 0 1 4 210 0 0
 1762 88166.000 60042.000 0 0 38.507 11.404 439.171 20.956 0 1 4 210 0 0
 1763 88225.000 60025.000 0 0 34.502 10.163 350.653 18.725 0 1 4 210 0 0
 1764 88523.000 59938.000 0 0 516.616 148.006 76462.416 276.518 0 1 4 210 0 0
 1765 88837.000 59847.000 0 0 28.872 8.027 231.773 15.224 0 1 4 210 0 0
 1766 89008.000 59800.000 0 0 226.998 62.070 14089.810 118.700 0 1 4 210 0 0
 1767 89340.000 59710.000 0 0 13.525 3.578 48.401 6.957 0 1 4 210 0 0
 1768 89391.000 59694.000 0 0 38.650 10.173 393.220 19.829 0 1 4 210 0 0
 1769 89508.000 59665.000 0 0 96.686 25.150 2431.771 49.312 0 1 4 210 0 0
 1770 131698.000 73011.000 0 0 128.092 150.437 19269.990 138.816 0 1 7 210 0 0
 1771 59119.000 92200.000 0 0 16.826 88.190 1483.924 38.521 0 1 13 210 0 0
 1772 59244.000 91546.000 0 0 32.015 154.346 4941.523 70.295 0 1 13 210 0 0
 1773 66482.000 75133.000 0 0 9.533 12.850 122.509 11.068 0 1 4 210 0 0
 1774 66854.000 74647.000 0 0 723.192 945.471 683757.666 826.896 0 1 4 210 0 0
 1775 67224.000 74152.000 0 0 27.257 34.563 942.105 30.693 0 1 4 210 0 0
 1776 67243.000 74131.000 0 0 3.719 4.709 17.515 4.185 0 1 4 210 0 0
 1777 67254.000 74117.000 0 0 13.650 17.270 235.745 15.353 0 1 4 210 0 0
 1778 67290.000 74071.000 0 0 4.970 6.270 31.166 5.582 0 1 4 210 0 0
 1779 88305.000 59823.000 0 0 23.104 6.725 155.394 12.465 0 1 4 210 0 0
 1780 88382.000 59802.000 0 0 25.052 7.240 181.402 13.468 0 1 4 210 0 0
 1781 88433.000 59786.000 0 0 44.334 12.752 565.389 23.777 0 1 4 210 0 0
 1782 88813.000 59679.000 0 0 560.549 155.530 87182.606 295.267 0 1 4 210 0 0
 1783 89447.000 59507.000 0 0 444.533 115.856 51502.191 226.940 0 1 4 210 0 0
 1784 89831.000 59407.000 0 0 319.130 79.947 25513.576 159.729 0 1 4 210 0 0
 1785 131846.000 72923.000 0 0 162.245 190.824 30960.376 175.955 0 1 7 210 0 0
 1786 58939.000 92236.000 0 0 18.237 96.449 1758.960 41.939 0 1 13 210 0 0
 1787 59064.000 91576.000 0 0 31.096 151.103 4698.768 68.547 0 1 13 210 0 0
 1788 66404.000 74967.000 0 0 648.048 869.721 563621.724 750.747 0 1 4 210 0 0
 1789 66734.000 74514.000 0 0 12.219 15.949 194.902 13.960 0 1 4 210 0 0
 1790 66749.000 74493.000 0 0 13.452 17.536 235.898 15.358 0 1 4 210 0 0
 1791 88383.000 59624.000 0 0 23.219 6.680 155.122 12.454 0 1 4 210 0 0
 1792 88540.000 59579.000 0 0 17.443 4.945 86.267 9.287 0 1 4 210 0 0
 1793 88743.000 59520.000 0 0 36.868 10.252 378.005 19.442 0 1 4 210 0 0
 1794 88792.000 59507.000 0 0 15.524 4.297 66.712 8.167 0 1 4 210 0 0
 1795 88945.000 59464.000 0 0 289.533 78.962 22862.234 151.202 0 1 4 210 0 0
 1796 89397.000 59343.000 0 0 450.227 117.423 52867.060 229.928 0 1 4 210 0 0
 1797 89826.000 59232.000 0 0 388.914 97.060 37748.351 194.289 0 1 4 210 0 0
 1798 90037.000 59180.000 0 0 19.562 4.774 93.400 9.664 0 1 4 210 0 0
 1799 131992.000 72834.000 0 0 199.243 234.644 46751.298 216.220 0 1 7 210 0 0
 1800 58710.000 92550.000 0 0 12.143 67.295 817.179 28.586 0 1 13 210 0 0
 1801 58762.000 92259.000 0 0 17.441 92.913 1620.560 40.256 0 1 13 210 0 0
 1802 58886.000 91602.000 0 0 30.197 147.822 4463.803 66.811 0 1 13 210 0 0
 1803 66043.000 75172.000 0 0 634.419 867.679 550472.581 741.938 0 1 4 210 0 0
 1804 66364.000 74721.000 0 0 8.480 11.283 95.686 9.781 0 1 4 210 0 0
 1805 89250.000 59206.000 0 0 246.614 64.990 16027.725 126.600 0 1 4 210 0 0
 1806 89686.000 59094.000 0 0 587.134 148.042 86920.569 294.822 0 1 4 210 0 0
 1807 89998.000 59014.000 0 0 21.615 5.274 114.019 10.677 0 1 4 210 0 0
 1808 90214.000 58960.000 0 0 13.776 3.285 45.259 6.727 0 1 4 210 0 0
 1809 132070.000 72661.000 0 0 58.976 69.182 4080.159 63.876 0 1 7 210 0 0
 1810 132190.000 72802.000 0 0 126.474 149.688 18931.704 137.592 0 1 7 210 0 0
 1811 58538.000 92548.000 0 0 20.721 115.283 2388.864 48.876 0 1 13 210 0 0
 1812 58586.000 92281.000 0 0 18.872 101.248 1910.770 43.712 0 1 13 210 0 0
 1813 58707.000 91633.000 0 0 29.681 146.486 4348.018 65.939 0 1 13 210 0 0
 1814 65408.000 75764.000 0 0 9.291 13.262 123.226 11.100 0 1 4 210 0 0
 1815 65455.000 75696.000 0 0 27.959 39.740 1111.120 33.333 0 1 4 210 0 0
 1816 65733.000 75309.000 0 0 522.005 724.442 378162.807 614.949 0 1 4 210 0 0
 1817 89291.000 59020.000 0 0 62.863 16.428 1032.736 32.136 0 1 4 210 0 0
 1818 89372.000 58999.000 0 0 19.648 5.093 100.084 10.004 0 1 4 210 0 0
 1819 89774.000 58898.000 0 0 782.255 194.631 152251.924 390.194 0 1 4 210 0 0
 1820 90197.000 58791.000 0 0 71.115 16.917 1203.078 34.685 0 1 4 210 0 0
 1821 90448.000 58731.000 0 0 17.809 4.122 73.412 8.568 0 1 4 210 0 0
 1822 132350.000 72730.000 0 0 129.422 153.534 19870.865 140.964 0 1 7 210 0 0
 1823 58362.000 92567.000 0 0 16.392 91.818 1505.153 38.796 0 1 13 210 0 0
 1824 58407.000 92314.000 0 0 16.213 87.733 1422.480 37.715 0 1 13 210 0 0
 1825 58529.000 91660.000 0 0 27.986 139.158 3894.556 62.406 0 1 13 210 0 0
 1826 65029.000 76015.000 0 0 13.799 20.119 277.632 16.662 0 1 4 210 0 0
 1827 65321.000 75598.000 0 0 565.023 802.980 453703.336 673.575 0 1 4 210 0 0
 1828 90167.000 58625.000 0 0 670.392 159.332 106815.554 326.826 0 1 4 210 0 0
 1829 132515.000 72662.000 0 0 133.669 158.983 21251.348 145.778 0 1 7 210 0 0
 1830 58188.000 92585.000 0 0 23.462 132.286 3103.820 55.711 0 1 13 210 0 0
 1831 58231.000 92333.000 0 0 15.071 82.099 1237.373 35.176 0 1 13 210 0 0
 1832 58349.000 91693.000 0 0 27.080 135.769 3676.687 60.635 0 1 13 210 0 0
 1833 64650.000 76275.000 0 0 10.238 15.255 156.187 12.497 0 1 4 210 0 0
 1834 64927.000 75872.000 0 0 422.188 613.696 259095.101 509.013 0 1 4 210 0 0
 1835 65146.000 75546.000 0 0 12.896 18.381 237.069 15.397 0 1 4 210 0 0
 1836 65179.000 75497.000 0 0 15.271 21.701 331.412 18.204 0 1 4 210 0 0
 1837 65210.000 75452.000 0 0 28.240 40.022 1130.247 33.619 0 1 4 210 0 0
 1838 90200.000 58440.000 0 0 15.933 3.757 59.867 7.737 0 1 4 210 0 0
 1839 90531.000 58365.000 0 0 610.741 138.904 84834.673 291.263 0 1 4 210 0 0
 1840 90871.000 58286.000 0 0 23.988 5.250 125.948 11.222 0 1 4 210 0 0
 1841 132680.000 72595.000 0 0 131.373 156.659 20580.913 143.460 0 1 7 210 0 0
 1842 58007.000 92627.000 0 0 22.267 126.822 2824.075 53.142 0 1 13 210 0 0
 1843 58020.000 92553.000 0 0 3.214 18.116 58.226 7.630 0 1 13 210 0 0
 1844 58024.000 92533.000 0 0 2.505 14.081 35.276 5.939 0 1 13 210 0 0
 1845 58052.000 92361.000 0 0 15.747 86.470 1361.671 36.900 0 1 13 210 0 0
 1846 58168.000 91726.000 0 0 26.971 136.359 3677.763 60.644 0 1 13 210 0 0
 1847 64334.000 76446.000 0 0 11.293 17.100 193.122 13.896 0 1 4 210 0 0
 1848 64605.000 76046.000 0 0 509.862 753.385 384123.208 619.776 0 1 4 210 0 0
 1849 65004.000 75450.000 0 0 7.059 10.062 71.033 8.428 0 1 4 210 0 0
 1850 65034.000 75405.000 0 0 3.535 5.026 17.775 4.216 0 1 4 210 0 0
 1851 65069.000 75356.000 0 0 24.807 35.162 872.277 29.534 0 1 4 210 0 0
 1852 90501.000 58195.000 0 0 16.027 3.642 58.371 7.640 0 1 4 210 0 0
 1853 90795.000 58130.000 0 0 469.670 103.255 48496.189 220.218 0 1 4 210 0 0
 1854 91050.000 58074.000 0 0 24.110 5.147 124.104 11.140 0 1 4 210 0 0
 1855 91293.000 58022.000 0 0 18.115 3.757 68.073 8.250 0 1 4 210 0 0
 1856 132845.000 72527.000 0 0 131.700 157.449 20736.057 144.000 0 1 7 210 0 0
 1857 57831.000 92645.000 0 0 21.509 123.311 2652.361 51.501 0 1 13 210 0 0
 1858 57877.000 92383.000 0 0 16.067 88.851 1427.599 37.783 0 1 13 210 0 0
 1859 57991.000 91753.000 0 0 27.674 140.961 3901.019 62.458 0 1 13 210 0 0
 1860 64322.000 76161.000 0 0 398.839 596.909 238071.071 487.925 0 1 4 210 0 0
 1861 64547.000 75817.000 0 0 6.953 10.193 70.885 8.419 0 1 4 210 0 0
 1862 90920.000 57928.000 0 0 40.343 8.707 351.304 18.743 0 1 4 210 0 0
 1863 90969.000 57918.000 0 0 40.353 8.660 349.492 18.694 0 1 4 210 0 0
 1864 91249.000 57858.000 0 0 494.944 102.782 50871.788 225.547 0 1 4 210 0 0
 1865 133008.000 72457.000 0 0 133.362 159.820 21313.985 145.993 0 1 7 210 0 0
 1866 57650.000 92702.000 0 0 1.748 10.147 17.747 4.212 0 1 13 210 0 0
 1867 57660.000 92642.000 0 0 14.816 85.249 1263.069 35.539 0 1 13 210 0 0
 1868 57698.000 92415.000 0 0 15.273 85.173 1300.862 36.067 0 1 13 210 0 0
 1869 57813.000 91783.000 0 0 29.151 149.655 4362.748 66.051 0 1 13 210 0 0
 1870 63948.000 76425.000 0 0 471.291 720.706 339662.635 582.805 0 1 4 210 0 0
 1871 91445.000 57645.000 0 0 507.613 102.528 52044.993 228.133 0 1 4 210 0 0
 1872 91721.000 57587.000 0 0 6.107 1.192 7.283 2.698 0 1 4 210 0 0
 1873 133169.000 72384.000 0 0 131.065 157.420 20632.449 143.639 0 1 7 210 0 0
 1874 57479.000 92690.000 0 0 14.719 85.613 1260.213 35.499 0 1 13 210 0 0
 1875 57521.000 92438.000 0 0 15.589 87.564 1365.101 36.947 0 1 13 210 0 0
 1876 57635.000 91812.000 0 0 27.478 142.158 3906.261 62.500 0 1 13 210 0 0
 1877 63602.000 76650.000 0 0 407.448 635.138 258786.312 508.710 0 1 4 210 0 0
 1878 91382.000 57482.000 0 0 6.122 1.241 7.599 2.756 0 1 4 210 0 0
 1879 91421.000 57474.000 0 0 14.275 2.880 41.117 6.412 0 1 4 210 0 0
 1880 91791.000 57402.000 0 0 579.946 111.772 64821.973 254.601 0 1 4 210 0 0
 1881 133333.000 72316.000 0 0 128.734 155.007 19954.799 141.261 0 1 7 210 0 0
 1882 57312.000 92668.000 0 0 10.545 61.392 647.398 25.444 0 1 13 210 0 0
 1883 57346.000 92461.000 0 0 13.733 77.696 1067.070 32.666 0 1 13 210 0 0
 1884 57457.000 91840.000 0 0 29.730 154.997 4608.139 67.883 0 1 13 210 0 0
 1885 63298.000 76815.000 0 0 463.489 733.704 340064.633 583.150 0 1 4 210 0 0
 1886 92002.000 57189.000 0 0 420.719 78.603 33069.976 181.851 0 1 4 210 0 0
 1887 92252.000 57141.000 0 0 18.495 3.343 61.845 7.864 0 1 4 210 0 0
 1888 133496.000 72247.000 0 0 131.715 158.972 20939.129 144.703 0 1 7 210 0 0
 1889 57141.000 92653.000 0 0 2.816 16.431 46.283 6.803 0 1 13 210 0 0
 1890 57170.000 92481.000 0 0 12.976 73.912 959.143 30.970 0 1 13 210 0 0
 1891 57278.000 91870.000 0 0 28.843 151.553 4371.282 66.115 0 1 13 210 0 0
 1892 62775.000 77335.000 0 0 4.344 7.135 31.003 5.568 0 1 4 210 0 0
 1893 62804.000 77285.000 0 0 13.068 21.399 279.653 16.722 0 1 4 210 0 0
 1894 63010.000 76953.000 0 0 346.915 556.791 193159.594 439.499 0 1 4 210 0 0
 1895 92112.000 56994.000 0 0 140.186 25.714 3604.877 60.040 0 1 4 210 0 0
 1896 92383.000 56946.000 0 0 379.768 67.195 25518.592 159.745 0 1 4 210 0 0
 1897 133658.000 72177.000 0 0 129.383 156.516 20250.685 142.304 0 1 7 210 0 0
 1898 56993.000 92507.000 0 0 14.728 84.531 1244.979 35.284 0 1 13 210 0 0
 1899 57100.000 91895.000 0 0 29.140 154.240 4494.658 67.042 0 1 13 210 0 0
 1900 62683.000 77164.000 0 0 395.203 645.795 255220.810 505.193 0 1 4 210 0 0
 1901 92359.000 56777.000 0 0 18.652 3.297 61.509 7.842 0 1 4 210 0 0
 1902 92491.000 56755.000 0 0 236.339 41.040 9699.545 98.486 0 1 4 210 0 0
 1903 133823.000 72110.000 0 0 127.009 154.025 19562.785 139.867 0 1 7 210 0 0
 1904 56816.000 92535.000 0 0 14.673 84.880 1245.480 35.291 0 1 13 210 0 0
 1905 56924.000 91916.000 0 0 32.166 171.391 5513.099 74.250 0 1 13 210 0 0
 1906 62175.000 77680.000 0 0 14.980 25.386 380.300 19.501 0 1 4 210 0 0
 1907 62370.000 77355.000 0 0 372.344 618.742 230385.566 479.984 0 1 4 210 0 0
 1908 62557.000 77039.000 0 0 8.803 14.354 126.366 11.241 0 1 4 210 0 0
 1909 92945.000 56503.000 0 0 191.835 31.114 5968.920 77.258 0 1 4 210 0 0
 1910 133985.000 72040.000 0 0 125.991 153.142 19294.681 138.905 0 1 7 210 0 0
 1911 56640.000 92559.000 0 0 14.626 85.225 1246.542 35.306 0 1 13 210 0 0
 1912 56743.000 91955.000 0 0 29.698 159.670 4742.001 68.862 0 1 13 210 0 0
 1913 61871.000 77867.000 0 0 3.182 5.481 17.443 4.176 0 1 4 210 0 0
 1914 62068.000 77533.000 0 0 361.880 610.982 221102.883 470.215 0 1 4 210 0 0
 1915 92998.000 56322.000 0 0 25.117 4.026 101.144 10.057 0 1 4 210 0 0
 1916 134148.000 71970.000 0 0 123.620 150.602 18617.498 136.445 0 1 7 210 0 0
 1917 56463.000 92583.000 0 0 13.511 79.304 1071.500 32.733 0 1 13 210 0 0
 1918 56567.000 91987.000 0 0 28.428 154.078 4380.245 66.183 0 1 13 210 0 0
 1919 61760.000 77725.000 0 0 337.438 579.291 195475.620 442.126 0 1 4 210 0 0
 1920 61936.000 77417.000 0 0 15.156 25.547 387.215 19.677 0 1 4 210 0 0
 1921 134310.000 71899.000 0 0 125.275 152.955 19161.522 138.425 0 1 7 210 0 0
 1922 56286.000 92607.000 0 0 13.467 79.626 1072.396 32.747 0 1 13 210 0 0
 1923 56389.000 92012.000 0 0 27.569 150.518 4149.756 64.418 0 1 13 210 0 0
 1924 61305.000 78177.000 0 0 17.784 31.533 560.800 23.681 0 1 4 210 0 0
 1925 61489.000 77856.000 0 0 297.232 516.915 153643.909 391.974 0 1 4 210 0 0
 1926 94019.000 55827.000 0 0 55.060 7.455 410.503 20.260 0 1 4 210 0 0
 1927 94230.000 55799.000 0 0 84.751 11.064 937.704 30.621 0 1 4 210 0 0
 1928 94292.000 55791.000 0 0 21.186 2.735 57.957 7.612 0 1 4 210 0 0
 1929 134469.000 71828.000 0 0 120.192 147.055 17675.014 132.947 0 1 7 210 0 0
 1930 56112.000 92629.000 0 0 12.721 75.736 963.470 31.039 0 1 13 210 0 0
 1931 56211.000 92044.000 0 0 27.460 151.134 4150.265 64.422 0 1 13 210 0 0
 1932 60993.000 78392.000 0 0 6.213 11.216 69.687 8.347 0 1 4 210 0 0
 1933 61181.000 78057.000 0 0 304.004 537.800 163493.855 404.343 0 1 4 210 0 0
 1934 94091.000 55647.000 0 0 325.302 43.339 14098.556 118.737 0 1 4 210 0 0
 1935 94275.000 55621.000 0 0 31.911 4.117 131.392 11.462 0 1 4 210 0 0
 1936 94386.000 55605.000 0 0 6.393 0.808 5.169 2.273 0 1 4 210 0 0
 1937 134634.000 71759.000 0 0 124.552 152.745 19024.857 137.930 0 1 7 210 0 0
 1938 55935.000 92656.000 0 0 11.970 71.818 859.719 29.320 0 1 13 210 0 0
 1939 56034.000 92069.000 0 0 27.757 153.860 4270.744 65.350 0 1 13 210 0 0
 1940 60718.000 78540.000 0 0 5.142 9.412 48.400 6.957 0 1 4 210 0 0
 1941 60741.000 78498.000 0 0 4.121 7.525 31.018 5.569 0 1 4 210 0 0
 1942 60888.000 78235.000 0 0 273.364 491.242 134288.261 366.453 0 1 4 210 0 0
 1943 61030.000 77973.000 0 0 6.333 11.205 70.970 8.424 0 1 4 210 0 0
 1944 94248.000 55454.000 0 0 557.358 71.971 40113.766 200.284 0 1 4 210 0 0
 1945 134797.000 71690.000 0 0 120.780 148.453 17930.263 133.903 0 1 7 210 0 0
 1946 55758.000 92681.000 0 0 14.033 84.829 1190.480 34.503 0 1 13 210 0 0
 1947 55856.000 92098.000 0 0 26.894 150.241 4040.620 63.565 0 1 13 210 0 0
 1948 60575.000 78455.000 0 0 316.056 578.331 182785.229 427.533 0 1 4 210 0 0
 1949 60736.000 78153.000 0 0 12.568 22.588 283.913 16.849 0 1 4 210 0 0
 1950 94192.000 55289.000 0 0 40.721 5.290 215.425 14.677 0 1 4 210 0 0
 1951 94371.000 55267.000 0 0 298.077 37.513 11181.945 105.744 0 1 4 210 0 0
 1952 134957.000 71619.000 0 0 122.447 150.821 18467.815 135.896 0 1 7 210 0 0
 1953 55584.000 92698.000 0 0 12.251 74.520 912.973 30.215 0 1 13 210 0 0
 1954 55679.000 92122.000 0 0 26.813 150.843 4044.636 63.597 0 1 13 210 0 0
 1955 60174.000 78840.000 0 0 12.173 22.912 278.927 16.701 0 1 4 210 0 0
 1956 60317.000 78576.000 0 0 269.087 498.413 134116.950 366.219 0 1 4 210 0 0
 1957 60458.000 78308.000 0 0 3.118 5.684 17.729 4.210 0 1 4 210 0 0
 1958 94464.000 55082.000 0 0 47.377 5.839 276.658 16.633 0 1 4 210 0 0
 1959 135117.000 71546.000 0 0 128.220 158.245 20290.294 142.444 0 1 7 210 0 0
 1960 55408.000 92722.000 0 0 11.513 70.541 812.183 28.498 0 1 13 210 0 0
 1961 55501.000 92152.000 0 0 27.088 153.581 4160.329 64.500 0 1 13 210 0 0
 1962 59888.000 79023.000 0 0 7.036 13.456 94.690 9.730 0 1 4 210 0 0
 1963 60042.000 78733.000 0 0 273.230 513.366 140267.258 374.522 0 1 4 210 0 0
 1964 135278.000 71476.000 0 0 125.802 155.588 19573.385 139.904 0 1 7 210 0 0
 1965 55232.000 92744.000 0 0 10.087 62.238 627.833 25.056 0 1 13 210 0 0
 1966 55325.000 92182.000 0 0 26.235 149.910 3933.042 62.713 0 1 13 210 0 0
 1967 59622.000 79169.000 0 0 5.989 11.610 69.541 8.339 0 1 4 210 0 0
 1968 59758.000 78909.000 0 0 263.891 503.505 132870.873 364.514 0 1 4 210 0 0
 1969 135442.000 71407.000 0 0 120.622 149.515 18034.850 134.293 0 1 7 210 0 0
 1970 55055.000 92783.000 0 0 9.687 60.329 584.439 24.175 0 1 13 210 0 0
 1971 55061.000 92738.000 0 0 2.784 17.228 47.970 6.926 0 1 13 210 0 0
 1972 55150.000 92191.000 0 0 31.445 180.596 5678.883 75.358 0 1 13 210 0 0
 1973 59349.000 79333.000 0 0 17.832 35.075 625.498 25.009 0 1 4 210 0 0
 1974 59480.000 79077.000 0 0 239.717 464.242 111287.321 333.597 0 1 4 210 0 0
 1975 59612.000 78816.000 0 0 12.187 23.235 283.182 16.828 0 1 4 210 0 0
 1976 95408.000 54463.000 0 0 170.260 17.171 2923.706 54.071 0 1 3 210 0 0
 1977 135601.000 71335.000 0 0 123.677 153.600 18996.910 137.829 0 1 7 210 0 0
 1978 54881.000 92797.000 0 0 13.122 82.185 1078.454 32.839 0 1 13 210 0 0
 1979 54983.000 92160.000 0 0 48.482 278.380 13496.519 116.174 0 1 13 210 0 0
 1980 59090.000 79473.000 0 0 6.886 13.723 94.502 9.721 0 1 4 210 0 0
 1981 59217.000 79221.000 0 0 246.037 482.899 118811.181 344.689 0 1 4 210 0 0
 1982 59344.000 78966.000 0 0 8.064 15.586 125.697 11.211 0 1 4 210 0 0
 1983 95459.000 54287.000 0 0 311.167 30.912 9618.934 98.076 0 1 3 210 0 0
 1984 135763.000 71267.000 0 0 118.462 147.444 17466.704 132.161 0 1 7 210 0 0
 1985 54706.000 92815.000 0 0 12.743 80.334 1023.727 31.995 0 1 13 210 0 0
 1986 54813.000 92151.000 0 0 47.034 270.769 12735.564 112.851 0 1 13 210 0 0
 1987 58791.000 79694.000 0 0 6.812 13.823 94.168 9.704 0 1 4 210 0 0
 1988 58936.000 79403.000 0 0 274.496 547.253 150218.965 387.580 0 1 4 210 0 0
 1989 95408.000 54120.000 0 0 35.179 3.521 123.875 11.129 0 1 3 210 0 0
 1990 95625.000 54099.000 0 0 389.469 37.123 14458.510 120.243 0 1 3 210 0 0
 1991 135926.000 71197.000 0 0 117.361 146.383 17179.818 131.071 0 1 7 210 0 0
 1992 54530.000 92839.000 0 0 11.672 74.109 865.055 29.411 0 1 13 210 0 0
 1993 54611.000 92320.000 0 0 2.208 13.051 28.822 5.368 0 1 13 210 0 0
 1994 54646.000 92117.000 0 0 37.034 213.068 7890.950 88.831 0 1 13 210 0 0
 1995 58544.000 79814.000 0 0 6.771 13.906 94.173 9.704 0 1 4 210 0 0
 1996 58662.000 79573.000 0 0 197.812 400.299 79184.216 281.396 0 1 4 210 0 0
 1997 58768.000 79353.000 0 0 17.815 35.576 633.818 25.175 0 1 4 210 0 0
 1998 58792.000 79305.000 0 0 14.881 29.631 440.963 20.999 0 1 4 210 0 0
 1999 95786.000 53915.000 0 0 205.447 18.786 3859.684 62.126 0 1 3 210 0 0
 2000 136086.000 71127.000 0 0 119.036 148.776 17709.763 133.078 0 1 7 210 0 0
 2001 54353.000 92865.000 0 0 12.313 78.773 969.956 31.144 0 1 13 210 0 0
 2002 54441.000 92309.000 0 0 6.267 37.126 232.708 15.254 0 1 13 210 0 0
 2003 54473.000 92119.000 0 0 41.183 237.890 9797.281 98.981 0 1 13 210 0 0
 2004 58422.000 79684.000 0 0 244.459 500.294 122301.759 349.716 0 1 4 210 0 0
 2005 96366.000 53692.000 0 0 17.753 1.393 24.735 4.973 0 1 3 210 0 0
 2006 136248.000 71056.000 0 0 120.709 151.173 18248.002 135.085 0 1 7 210 0 0
 2007 54180.000 92889.000 0 0 13.635 87.854 1197.971 34.611 0 1 13 210 0 0
 2008 54263.000 92344.000 0 0 9.543 57.009 544.063 23.325 0 1 13 210 0 0
 2009 54295.000 92149.000 0 0 45.164 262.912 11874.238 108.968 0 1 13 210 0 0
 2010 58041.000 80084.000 0 0 9.549 20.118 192.115 13.860 0 1 4 210 0 0
 2011 58162.000 79831.000 0 0 229.151 475.334 108923.830 330.036 0 1 4 210 0 0
 2012 58281.000 79576.000 0 0 3.915 7.997 31.310 5.595 0 1 4 210 0 0
 2013 96478.000 53514.000 0 0 276.328 20.940 5786.395 76.068 0 1 3 210 0 0
 2014 136407.000 70983.000 0 0 119.632 150.099 17956.766 134.002 0 1 7 210 0 0
 2015 54004.000 92908.000 0 0 14.619 94.815 1386.199 37.231 0 1 13 210 0 0
 2016 54114.000 92201.000 0 0 32.527 191.367 6224.789 78.897 0 1 13 210 0 0
 2017 57760.000 80284.000 0 0 7.559 16.194 122.412 11.064 0 1 4 210 0 0
 2018 57901.000 79987.000 0 0 217.783 458.114 99769.991 315.863 0 1 4 210 0 0
 2019 96442.000 53345.000 0 0 13.414 1.023 13.725 3.704 0 1 3 210 0 0
 2020 96542.000 53339.000 0 0 181.183 13.428 2432.993 49.325 0 1 3 210 0 0
 2021 136568.000 70913.000 0 0 117.131 147.256 17248.371 131.333 0 1 7 210 0 0
 2022 53830.000 92931.000 0 0 12.878 84.101 1083.055 32.909 0 1 13 210 0 0
 2023 53904.000 92435.000 0 0 1.812 11.045 20.022 4.474 0 1 13 210 0 0
 2024 53941.000 92212.000 0 0 36.586 216.376 7916.557 88.975 0 1 13 210 0 0
 2025 57517.000 80408.000 0 0 2.816 6.107 17.204 4.147 0 1 4 210 0 0
 2026 57636.000 80151.000 0 0 227.416 485.375 110382.481 332.238 0 1 4 210 0 0
 2027 57752.000 79899.000 0 0 7.706 16.197 124.824 11.172 0 1 4 210 0 0
 2028 136730.000 70845.000 0 0 111.801 140.850 15747.370 125.488 0 1 7 210 0 0
 2029 53655.000 92951.000 0 0 13.516 88.861 1201.079 34.656 0 1 13 210 0 0
 2030 53733.000 92428.000 0 0 10.526 64.321 677.110 26.021 0 1 13 210 0 0
 2031 53767.000 92220.000 0 0 38.040 226.060 8599.408 92.732 0 1 13 210 0 0
 2032 57271.000 80538.000 0 0 12.129 26.629 323.016 17.972 0 1 4 210 0 0
 2033 57376.000 80310.000 0 0 174.622 378.002 66007.892 256.920 0 1 4 210 0 0
 2034 57490.000 80057.000 0 0 10.518 22.419 235.805 15.355 0 1 4 210 0 0
 2035 97201.000 52954.000 0 0 124.035 7.381 915.609 30.259 0 1 3 210 0 0
 2036 136889.000 70772.000 0 0 117.699 148.549 17484.083 132.227 0 1 7 210 0 0
 2037 53480.000 92974.000 0 0 13.810 91.436 1262.828 35.536 0 1 13 210 0 0
 2038 53556.000 92461.000 0 0 11.927 73.471 876.307 29.602 0 1 13 210 0 0
 2039 53589.000 92252.000 0 0 39.003 233.612 9111.707 95.455 0 1 13 210 0 0
 2040 56981.000 80769.000 0 0 5.529 12.369 68.398 8.270 0 1 4 210 0 0
 2041 57130.000 80443.000 0 0 203.446 445.955 90728.006 301.210 0 1 4 210 0 0
 2042 57246.000 80180.000 0 0 12.352 26.645 329.137 18.142 0 1 4 210 0 0
 2043 97270.000 52779.000 0 0 258.069 14.924 3851.613 62.061 0 1 3 210 0 0
 2044 137050.000 70701.000 0 0 116.576 147.414 17185.049 131.091 0 1 7 210 0 0
 2045 53304.000 92993.000 0 0 13.436 89.533 1203.002 34.684 0 1 13 210 0 0
 2046 53381.000 92479.000 0 0 12.618 78.215 986.956 31.415 0 1 13 210 0 0
 2047 53413.000 92280.000 0 0 36.268 218.859 7937.765 89.094 0 1 13 210 0 0
 2048 56759.000 80854.000 0 0 3.670 8.288 30.422 5.515 0 1 4 210 0 0
 2049 56781.000 80803.000 0 0 6.439 14.498 93.364 9.662 0 1 4 210 0 0
 2050 56888.000 80567.000 0 0 201.225 446.404 89828.114 299.713 0 1 4 210 0 0
 2051 56991.000 80331.000 0 0 7.540 16.488 124.342 11.150 0 1 4 210 0 0
 2052 57005.000 80300.000 0 0 7.552 16.483 124.497 11.157 0 1 4 210 0 0
 2053 97325.000 52604.000 0 0 20.453 1.154 23.618 4.859 0 1 3 210 0 0
 2054 97353.000 52603.000 0 0 15.910 0.888 14.138 3.760 0 1 3 210 0 0
 2055 97379.000 52602.000 0 0 20.454 1.131 23.142 4.810 0 1 3 210 0 0
 2056 137211.000 70631.000 0 0 114.037 144.487 16476.920 128.362 0 1 7 210 0 0
 2057 53130.000 93019.000 0 0 14.390 96.618 1390.411 37.288 0 1 13 210 0 0
 2058 53205.000 92503.000 0 0 11.142 69.540 774.827 27.835 0 1 13 210 0 0
 2059 53216.000 92431.000 0 0 3.266 20.189 65.953 8.121 0 1 13 210 0 0
 2060 53236.000 92311.000 0 0 34.648 210.728 7301.457 85.448 0 1 13 210 0 0
 2061 56492.000 81046.000 0 0 7.266 16.680 121.208 11.009 0 1 4 210 0 0
 2062 56516.000 80989.000 0 0 5.466 12.503 68.350 8.267 0 1 4 210 0 0
 2063 56629.000 80731.000 0 0 216.154 486.503 105160.188 324.284 0 1 4 210 0 0
 2064 137369.000 70557.000 0 0 115.742 146.900 17002.700 130.394 0 1 7 210 0 0
 2065 52954.000 93038.000 0 0 12.348 83.441 1030.418 32.100 0 1 13 210 0 0
 2066 53026.000 92556.000 0 0 6.423 40.531 260.337 16.134 0 1 13 210 0 0
 2067 53059.000 92337.000 0 0 36.293 222.323 8069.017 89.827 0 1 13 210 0 0
 2068 56288.000 81088.000 0 0 7.250 16.758 121.506 11.022 0 1 4 210 0 0
 2069 56387.000 80861.000 0 0 178.914 407.688 72941.199 270.076 0 1 4 210 0 0
 2070 56483.000 80638.000 0 0 14.850 33.377 495.689 22.264 0 1 4 210 0 0
 2071 56498.000 80604.000 0 0 8.370 18.773 157.133 12.535 0 1 4 210 0 0
 2072 56516.000 80563.000 0 0 5.588 12.503 69.878 8.359 0 1 4 210 0 0
 2073 137532.000 70488.000 0 0 108.935 138.540 15091.980 122.849 0 1 7 210 0 0
 2074 52779.000 93064.000 0 0 12.966 88.277 1144.661 33.832 0 1 13 210 0 0
 2075 52853.000 92559.000 0 0 12.841 81.360 1044.823 32.323 0 1 13 210 0 0
 2076 52884.000 92363.000 0 0 36.979 228.119 8435.788 91.846 0 1 13 210 0 0
 2077 56033.000 81255.000 0 0 3.593 8.428 30.285 5.503 0 1 4 210 0 0
 2078 56149.000 80986.000 0 0 185.945 428.837 79740.355 282.383 0 1 4 210 0 0
 2079 137694.000 70418.000 0 0 109.193 139.136 15192.719 123.258 0 1 7 210 0 0
 2080 52605.000 93089.000 0 0 13.251 90.874 1204.232 34.702 0 1 13 210 0 0
 2081 52678.000 92581.000 0 0 13.159 83.931 1104.527 33.234 0 1 13 210 0 0
 2082 52708.000 92392.000 0 0 35.117 218.293 7665.861 87.554 0 1 13 210 0 0
 2083 55893.000 81153.000 0 0 182.507 427.111 77951.107 279.197 0 1 4 210 0 0
 2084 55995.000 80911.000 0 0 13.726 31.643 434.362 20.841 0 1 4 210 0 0
 2085 56022.000 80849.000 0 0 2.753 6.322 17.409 4.172 0 1 4 210 0 0
 2086 137793.000 70270.000 0 0 5.699 7.244 41.287 6.425 0 1 7 210 0 0
 2087 137853.000 70346.000 0 0 109.458 139.725 15294.174 123.669 0 1 7 210 0 0
 2088 52431.000 93105.000 0 0 12.890 88.928 1146.335 33.857 0 1 13 210 0 0
 2089 52502.000 92608.000 0 0 12.403 79.690 988.410 31.438 0 1 13 210 0 0
 2090 52531.000 92412.000 0 0 33.831 211.626 7159.697 84.614 0 1 13 210 0 0
 2091 55656.000 81277.000 0 0 164.250 389.011 63895.294 252.775 0 1 4 210 0 0
 2092 55756.000 81037.000 0 0 4.543 10.601 48.171 6.940 0 1 4 210 0 0
 2093 138011.000 70273.000 0 0 109.731 140.309 15396.270 124.081 0 1 7 210 0 0
 2094 52255.000 93126.000 0 0 13.840 96.133 1330.529 36.476 0 1 13 210 0 0
 2095 52324.000 92649.000 0 0 16.563 107.417 1779.242 42.181 0 1 13 210 0 0
 2096 52356.000 92430.000 0 0 33.386 210.124 7015.209 83.756 0 1 13 210 0 0
 2097 55411.000 81427.000 0 0 200.331 480.940 96347.415 310.398 0 1 4 210 0 0
 2098 138170.000 70202.000 0 0 108.558 139.057 15095.860 122.865 0 1 7 210 0 0
 2099 52081.000 93146.000 0 0 13.143 91.878 1207.588 34.750 0 1 13 210 0 0
 2100 52148.000 92679.000 0 0 19.301 126.159 2435.057 49.346 0 1 13 210 0 0
 2101 52179.000 92461.000 0 0 31.443 199.434 6270.967 79.189 0 1 13 210 0 0
 2102 55168.000 81571.000 0 0 136.935 333.122 45616.169 213.579 0 1 4 210 0 0
 2103 55239.000 81393.000 0 0 8.029 19.316 155.106 12.454 0 1 4 210 0 0
 2104 55262.000 81339.000 0 0 10.736 25.738 276.330 16.623 0 1 4 210 0 0
 2105 138331.000 70131.000 0 0 107.391 137.813 14800.100 121.655 0 1 7 210 0 0
 2106 51908.000 93166.000 0 0 13.103 92.211 1208.274 34.760 0 1 13 210 0 0
 2107 51967.000 92743.000 0 0 1.391 9.207 12.809 3.579 0 1 13 210 0 0
 2108 51976.000 92682.000 0 0 15.787 103.599 1635.621 40.442 0 1 13 210 0 0
 2109 52005.000 92480.000 0 0 31.093 198.444 6170.328 78.551 0 1 13 210 0 0
 2110 54944.000 81672.000 0 0 183.633 451.412 82894.209 287.913 0 1 4 210 0 0
 2111 55040.000 81431.000 0 0 10.683 25.865 276.329 16.623 0 1 4 210 0 0
 2112 138490.000 70058.000 0 0 107.655 138.388 14898.189 122.058 0 1 7 210 0 0
 2113 51733.000 93191.000 0 0 12.404 87.920 1090.594 33.024 0 1 13 210 0 0
 2114 51799.000 92714.000 0 0 21.003 138.939 2918.152 54.019 0 1 13 210 0 0
 2115 51831.000 92500.000 0 0 30.657 196.890 6036.182 77.692 0 1 13 210 0 0
 2116 54695.000 81839.000 0 0 189.792 473.454 89858.040 299.763 0 1 4 210 0 0
 2117 54797.000 81579.000 0 0 7.062 17.330 122.390 11.062 0 1 4 210 0 0
 2118 54882.000 81368.000 0 0 8.040 19.470 156.551 12.512 0 1 4 210 0 0
 2119 138650.000 69986.000 0 0 109.343 140.805 15396.168 124.081 0 1 7 210 0 0
 2120 51559.000 93206.000 0 0 11.399 81.273 926.484 30.438 0 1 13 210 0 0
 2121 51623.000 92746.000 0 0 20.517 136.827 2807.408 52.984 0 1 13 210 0 0
 2122 51657.000 92519.000 0 0 30.427 196.621 5982.751 77.348 0 1 13 210 0 0
 2123 54339.000 82283.000 0 0 4.245 10.940 46.447 6.815 0 1 4 210 0 0
 2124 54361.000 82223.000 0 0 2.555 6.561 16.769 4.095 0 1 4 210 0 0
 2125 54472.000 81943.000 0 0 145.419 366.657 53319.090 230.909 0 1 4 210 0 0
 2126 54558.000 81722.000 0 0 11.391 28.320 322.628 17.961 0 1 4 210 0 0
 2127 138808.000 69915.000 0 0 103.837 133.942 13908.276 117.933 0 1 7 210 0 0
 2128 51384.000 93227.000 0 0 11.364 81.566 926.960 30.446 0 1 13 210 0 0
 2129 51448.000 92770.000 0 0 21.835 146.631 3201.789 56.584 0 1 13 210 0 0
 2130 51483.000 92525.000 0 0 25.200 163.552 4121.653 64.200 0 1 13 210 0 0
 2131 54232.000 82095.000 0 0 179.389 458.552 82259.354 286.808 0 1 4 210 0 0
 2132 54324.000 81847.000 0 0 4.349 10.944 47.607 6.899 0 1 4 210 0 0
 2133 138966.000 69840.000 0 0 99.764 128.893 12859.053 113.397 0 1 7 210 0 0
 2134 51210.000 93252.000 0 0 9.382 67.829 636.396 25.226 0 1 13 210 0 0
 2135 51270.000 92812.000 0 0 25.845 175.203 4528.193 67.291 0 1 13 210 0 0
 2136 51297.000 92623.000 0 0 8.133 53.692 436.716 20.897 0 1 13 210 0 0
 2137 51311.000 92531.000 0 0 17.544 114.366 2006.457 44.793 0 1 13 210 0 0
 2138 53902.000 82479.000 0 0 10.919 28.729 313.717 17.712 0 1 4 210 0 0
 2139 53998.000 82228.000 0 0 166.128 430.023 71439.049 267.280 0 1 4 210 0 0
 2140 139126.000 69772.000 0 0 98.536 127.540 12567.340 112.104 0 1 7 210 0 0
 2141 51035.000 93276.000 0 0 9.349 68.072 636.417 25.227 0 1 13 210 0 0
 2142 51076.000 92965.000 0 0 2.359 16.412 38.732 6.223 0 1 13 210 0 0
 2143 51095.000 92832.000 0 0 26.118 178.175 4653.697 68.218 0 1 13 210 0 0
 2144 51130.000 92588.000 0 0 28.071 185.076 5195.394 72.079 0 1 13 210 0 0
 2145 53664.000 82628.000 0 0 7.497 19.995 149.910 12.243 0 1 4 210 0 0
 2146 53760.000 82375.000 0 0 152.929 401.207 61356.261 247.701 0 1 4 210 0 0
 2147 53841.000 82157.000 0 0 6.840 17.696 121.058 11.002 0 1 4 210 0 0
 2148 53851.000 82132.000 0 0 5.994 15.481 92.795 9.633 0 1 4 210 0 0
 2149 139286.000 69700.000 0 0 98.770 128.059 12648.500 112.465 0 1 7 210 0 0
 2150 50860.000 93292.000 0 0 8.683 63.605 552.329 23.501 0 1 13 210 0 0
 2151 50922.000 92844.000 0 0 29.844 204.679 6108.636 78.157 0 1 13 210 0 0
 2152 50953.000 92624.000 0 0 22.592 150.230 3394.105 58.258 0 1 13 210 0 0
 2153 50969.000 92517.000 0 0 4.305 28.207 121.451 11.020 0 1 13 210 0 0
 2154 53539.000 82483.000 0 0 158.709 420.955 66809.655 258.475 0 1 4 210 0 0
 2155 139445.000 69628.000 0 0 97.555 126.698 12360.145 111.176 0 1 7 210 0 0
 2156 50688.000 93311.000 0 0 9.299 68.554 637.518 25.249 0 1 13 210 0 0
 2157 50747.000 92870.000 0 0 29.737 205.407 6108.334 78.155 0 1 13 210 0 0
 2158 50781.000 92632.000 0 0 21.547 143.927 3101.352 55.689 0 1 13 210 0 0
 2159 53315.000 82598.000 0 0 142.653 382.698 54593.135 233.651 0 1 4 210 0 0
 2160 53389.000 82393.000 0 0 6.750 17.869 120.627 10.983 0 1 4 210 0 0
 2161 139606.000 69558.000 0 0 97.779 127.215 12439.015 111.530 0 1 7 210 0 0
 2162 50513.000 93330.000 0 0 9.913 73.541 729.022 27.000 0 1 13 210 0 0
 2163 50555.000 93008.000 0 0 1.675 11.847 19.852 4.455 0 1 13 210 0 0
 2164 50571.000 92897.000 0 0 28.603 199.033 5692.987 75.451 0 1 13 210 0 0
 2165 50603.000 92674.000 0 0 23.758 160.195 3805.934 61.692 0 1 13 210 0 0
 2166 52968.000 83051.000 0 0 9.751 27.057 263.843 16.243 0 1 4 210 0 0
 2167 52999.000 82966.000 0 0 4.081 11.262 45.967 6.779 0 1 4 210 0 0
 2168 53084.000 82735.000 0 0 164.704 447.555 73714.450 271.504 0 1 4 210 0 0
 2169 53167.000 82503.000 0 0 4.192 11.221 47.048 6.859 0 1 4 210 0 0
 2170 139761.000 69483.000 0 0 95.097 123.901 11782.789 108.548 0 1 7 210 0 0
 2171 50338.000 93356.000 0 0 9.874 73.801 728.761 26.995 0 1 13 210 0 0
 2172 50397.000 92919.000 0 0 29.872 209.246 6250.749 79.061 0 1 13 210 0 0
 2173 50427.000 92701.000 0 0 19.243 130.697 2515.125 50.151 0 1 13 210 0 0
 2174 52743.000 83181.000 0 0 5.642 15.852 89.447 9.457 0 1 4 210 0 0
 2175 52844.000 82899.000 0 0 152.480 420.467 64113.258 253.205 0 1 4 210 0 0
 2176 52927.000 82663.000 0 0 5.816 15.791 91.841 9.583 0 1 4 210 0 0
 2177 139920.000 69410.000 0 0 98.256 128.225 12599.020 112.245 0 1 7 210 0 0
 2178 50164.000 93371.000 0 0 9.851 74.059 729.572 27.010 0 1 13 210 0 0
 2179 50228.000 92904.000 0 0 28.914 202.802 5863.881 76.575 0 1 13 210 0 0
 2180 50253.000 92716.000 0 0 14.666 100.163 1469.010 38.327 0 1 13 210 0 0
 2181 52620.000 83018.000 0 0 126.996 354.322 44997.665 212.126 0 1 4 210 0 0
 2182 52691.000 82815.000 0 0 11.534 31.751 366.230 19.137 0 1 4 210 0 0
 2183 52703.000 82784.000 0 0 7.429 20.410 151.638 12.314 0 1 4 210 0 0
 2184 52712.000 82761.000 0 0 4.956 13.597 67.399 8.209 0 1 4 210 0 0
 2185 140079.000 69339.000 0 0 97.006 126.805 12300.942 110.909 0 1 7 210 0 0
 2186 49991.000 93392.000 0 0 10.454 79.109 827.017 28.757 0 1 13 210 0 0
 2187 50048.000 92953.000 0 0 2.364 16.756 39.614 6.293 0 1 13 210 0 0
 2188 50057.000 92888.000 0 0 14.661 102.951 1509.392 38.850 0 1 13 210 0 0
 2189 50081.000 92718.000 0 0 4.538 31.111 141.203 11.882 0 1 13 210 0 0
 2190 52411.000 83104.000 0 0 140.934 396.946 55943.324 236.523 0 1 4 210 0 0
 2191 52488.000 82883.000 0 0 9.847 27.334 269.180 16.406 0 1 4 210 0 0
 2192 140236.000 69265.000 0 0 98.723 129.239 12758.934 112.955 0 1 7 210 0 0
 2193 49817.000 93413.000 0 0 8.526 64.956 553.857 23.534 0 1 13 210 0 0
 2194 52108.000 83458.000 0 0 6.341 18.360 116.443 10.790 0 1 4 210 0 0
 2195 52189.000 83227.000 0 0 105.959 302.022 32002.150 178.891 0 1 4 210 0 0
 2196 52263.000 83011.000 0 0 4.885 13.726 67.053 8.188 0 1 4 210 0 0
 2197 140394.000 69191.000 0 0 97.476 127.800 12457.496 111.613 0 1 7 210 0 0
 2198 49643.000 93432.000 0 0 9.760 74.834 730.454 27.026 0 1 13 210 0 0
 2199 51886.000 83589.000 0 0 11.014 32.292 355.695 18.859 0 1 4 210 0 0
 2200 51960.000 83371.000 0 0 135.521 391.504 53057.409 230.341 0 1 4 210 0 0
 2201 52029.000 83166.000 0 0 5.647 16.092 90.879 9.533 0 1 4 210 0 0
 2202 52062.000 83067.000 0 0 8.118 22.984 186.606 13.660 0 1 4 210 0 0
 2203 140551.000 69116.000 0 0 88.832 116.636 10361.101 101.789 0 1 7 210 0 0
 2204 49469.000 93453.000 0 0 8.475 65.406 554.332 23.544 0 1 13 210 0 0
 2205 51663.000 83717.000 0 0 4.682 13.898 65.075 8.066 0 1 4 210 0 0
 2206 51717.000 83556.000 0 0 103.267 303.205 31311.161 176.949 0 1 4 210 0 0
 2207 51772.000 83389.000 0 0 7.168 20.812 149.192 12.214 0 1 4 210 0 0
 2208 140706.000 69040.000 0 0 86.083 113.183 9743.200 98.707 0 1 7 210 0 0
 2209 49295.000 93469.000 0 0 9.393 72.921 684.955 26.171 0 1 13 210 0 0
 2210 51449.000 83823.000 0 0 3.101 9.306 28.861 5.372 0 1 4 210 0 0
 2211 51463.000 83782.000 0 0 4.663 13.956 65.084 8.067 0 1 4 210 0 0
 2212 51519.000 83611.000 0 0 101.353 299.802 30385.902 174.315 0 1 4 210 0 0
 2213 51575.000 83442.000 0 0 11.113 32.500 361.180 19.004 0 1 4 210 0 0
 2214 51607.000 83351.000 0 0 15.164 44.075 668.357 25.852 0 1 4 210 0 0
 2215 140866.000 68971.000 0 0 93.704 123.408 11563.955 107.535 0 1 7 210 0 0
 2216 49122.000 93490.000 0 0 8.738 68.293 596.782 24.429 0 1 13 210 0 0
 2217 51242.000 83905.000 0 0 5.399 16.356 88.310 9.397 0 1 4 210 0 0
 2218 51304.000 83722.000 0 0 115.491 345.487 39900.717 199.751 0 1 4 210 0 0
 2219 51376.000 83500.000 0 0 6.325 18.641 117.923 10.859 0 1 4 210 0 0
 2220 51444.000 83299.000 0 0 11.208 32.588 365.281 19.112 0 1 4 210 0 0
 2221 141023.000 68896.000 0 0 93.929 123.882 11636.223 107.871 0 1 7 210 0 0
 2222 48949.000 93507.000 0 0 9.027 70.973 640.689 25.311 0 1 13 210 0 0
 2223 51086.000 83843.000 0 0 123.925 375.169 46493.250 215.622 0 1 4 210 0 0
 2224 51215.000 83445.000 0 0 2.380 7.013 16.693 4.085 0 1 4 210 0 0
 2225 141185.000 68829.000 0 0 97.133 128.340 12466.218 111.652 0 1 7 210 0 0
 2226 48774.000 93527.000 0 0 8.689 68.761 597.480 24.443 0 1 13 210 0 0
 2227 50809.000 84146.000 0 0 20.521 63.671 1306.659 36.147 0 1 4 210 0 0
 2228 50879.000 83930.000 0 0 116.326 355.562 41361.400 203.375 0 1 4 210 0 0
 2229 141342.000 68752.000 0 0 97.373 128.827 12544.374 112.001 0 1 7 210 0 0
 2230 48601.000 93550.000 0 0 7.731 61.604 476.288 21.824 0 1 13 210 0 0
 2231 50648.000 84097.000 0 0 108.259 335.947 36369.486 190.707 0 1 4 210 0 0
 2232 50706.000 83909.000 0 0 3.855 11.811 45.543 6.748 0 1 4 210 0 0
 2233 50715.000 83881.000 0 0 3.089 9.447 29.192 5.402 0 1 4 210 0 0
 2234 141499.000 68678.000 0 0 94.587 125.319 11853.657 108.874 0 1 7 210 0 0
 2235 48429.000 93563.000 0 0 6.788 54.383 369.161 19.213 0 1 13 210 0 0
 2236 50339.000 84507.000 0 0 5.197 16.659 86.583 9.304 0 1 4 210 0 0
 2237 50354.000 84460.000 0 0 6.706 21.424 143.680 11.986 0 1 4 210 0 0
 2238 50429.000 84225.000 0 0 120.244 377.838 45433.082 213.150 0 1 4 210 0 0
 2239 141651.000 68600.000 0 0 88.804 117.796 10460.881 102.278 0 1 7 210 0 0
 2240 48256.000 93582.000 0 0 7.383 59.525 439.524 20.964 0 1 13 210 0 0
 2241 50139.000 84585.000 0 0 16.255 52.580 854.727 29.235 0 1 4 210 0 0
 2242 50213.000 84350.000 0 0 129.791 412.899 53590.770 231.496 0 1 4 210 0 0
 2243 141810.000 68528.000 0 0 93.540 124.265 11623.896 107.814 0 1 7 210 0 0
 2244 48082.000 93605.000 0 0 7.357 59.725 439.430 20.962 0 1 13 210 0 0
 2245 49929.000 84690.000 0 0 2.934 9.598 28.170 5.307 0 1 4 210 0 0
 2246 50014.000 84420.000 0 0 120.250 385.791 46391.755 215.387 0 1 4 210 0 0
 2247 141967.000 68454.000 0 0 87.712 116.688 10235.075 101.168 0 1 7 210 0 0
 2248 47908.000 93620.000 0 0 7.340 59.925 439.878 20.973 0 1 13 210 0 0
 2249 49800.000 84534.000 0 0 114.920 373.004 42865.840 207.040 0 1 4 210 0 0
 2250 49862.000 84326.000 0 0 2.253 7.208 16.243 4.030 0 1 4 210 0 0
 2251 142125.000 68381.000 0 0 87.915 117.127 10297.287 101.475 0 1 7 210 0 0
 2252 47734.000 93641.000 0 0 7.011 57.621 404.002 20.099 0 1 13 210 0 0
 2253 49577.000 84685.000 0 0 93.240 306.977 28622.864 169.182 0 1 4 210 0 0
 2254 49649.000 84447.000 0 0 11.929 38.619 460.696 21.463 0 1 4 210 0 0
 2255 49672.000 84368.000 0 0 5.243 16.882 88.533 9.409 0 1 4 210 0 0
 2256 142277.000 68300.000 0 0 92.690 123.617 11458.135 107.042 0 1 7 210 0 0
 2257 47562.000 93650.000 0 0 8.523 70.388 599.972 24.494 0 1 13 210 0 0
 2258 49369.000 84792.000 0 0 87.484 291.252 25480.141 159.625 0 1 4 210 0 0
 2259 49422.000 84610.000 0 0 6.641 21.826 144.964 12.040 0 1 4 210 0 0
 2260 49436.000 84560.000 0 0 8.142 26.666 217.142 14.735 0 1 4 210 0 0
 2261 49486.000 84396.000 0 0 8.229 26.640 219.236 14.806 0 1 4 210 0 0
 2262 142436.000 68230.000 0 0 83.761 111.881 9371.425 96.806 0 1 7 210 0 0
 2263 47388.000 93679.000 0 0 7.879 65.579 516.745 22.732 0 1 13 210 0 0
 2264 49077.000 85180.000 0 0 4.261 14.642 62.394 7.898 0 1 4 210 0 0
 2265 49149.000 84936.000 0 0 109.046 368.081 40137.834 200.344 0 1 4 210 0 0
 2266 49214.000 84711.000 0 0 8.063 26.783 215.966 14.695 0 1 4 210 0 0
 2267 49225.000 84676.000 0 0 7.347 24.345 178.870 13.374 0 1 4 210 0 0
 2268 49231.000 84655.000 0 0 3.677 12.164 44.731 6.688 0 1 4 210 0 0
 2269 49259.000 84562.000 0 0 38.482 126.481 4867.275 69.765 0 1 4 210 0 0
 2270 142597.000 68161.000 0 0 93.098 124.553 11595.753 107.683 0 1 7 210 0 0
 2271 47215.000 93694.000 0 0 6.953 58.193 404.624 20.115 0 1 13 210 0 0
 2272 48880.000 85255.000 0 0 14.842 51.458 763.792 27.636 0 1 4 210 0 0
 2273 48936.000 85061.000 0 0 96.059 328.326 31538.737 177.591 0 1 4 210 0 0
 2274 48996.000 84849.000 0 0 2.178 7.332 15.973 3.996 0 1 4 210 0 0
 2275 49023.000 84760.000 0 0 8.767 29.327 257.144 16.035 0 1 4 210 0 0
 2276 49050.000 84669.000 0 0 32.338 107.468 3475.399 58.952 0 1 4 210 0 0
 2277 142754.000 68088.000 0 0 85.671 114.778 9833.200 99.162 0 1 7 210 0 0
 2278 47042.000 93707.000 0 0 6.033 50.770 306.311 17.501 0 1 13 210 0 0
 2279 48732.000 85155.000 0 0 104.612 361.275 37794.062 194.406 0 1 4 210 0 0
 2280 48801.000 84915.000 0 0 4.337 14.721 63.855 7.990 0 1 4 210 0 0
 2281 48814.000 84868.000 0 0 9.431 31.901 300.864 17.345 0 1 4 210 0 0
 2282 48832.000 84809.000 0 0 5.096 17.164 87.472 9.352 0 1 4 210 0 0
 2283 142912.000 68016.000 0 0 93.520 125.475 11734.562 108.326 0 1 7 210 0 0
 2284 46869.000 93726.000 0 0 6.316 53.482 337.805 18.379 0 1 13 210 0 0
 2285 48531.000 85243.000 0 0 101.870 355.293 36194.132 190.247 0 1 4 210 0 0
 2286 48581.000 85059.000 0 0 2.148 7.392 15.879 3.984 0 1 4 210 0 0
 2287 48586.000 85042.000 0 0 5.017 17.247 86.545 9.302 0 1 4 210 0 0
 2288 48651.000 84821.000 0 0 7.277 24.620 179.178 13.385 0 1 4 210 0 0
 2289 143063.000 67934.000 0 0 86.084 115.608 9952.096 99.760 0 1 7 210 0 0
 2290 46697.000 93748.000 0 0 5.994 51.101 306.308 17.501 0 1 13 210 0 0
 2291 48328.000 85339.000 0 0 96.285 339.350 32674.488 180.760 0 1 4 210 0 0
 2292 48385.000 85133.000 0 0 5.699 19.788 112.791 10.620 0 1 4 210 0 0
 2293 143223.000 67866.000 0 0 100.134 134.690 13487.201 116.134 0 1 7 210 0 0
 2294 46523.000 93766.000 0 0 7.770 66.657 517.980 22.759 0 1 13 210 0 0
 2295 48115.000 85468.000 0 0 85.691 305.937 26216.081 161.913 0 1 4 210 0 0
 2296 143380.000 67792.000 0 0 88.002 118.527 10430.654 102.130 0 1 7 210 0 0
 2297 46351.000 93783.000 0 0 7.152 61.717 441.448 21.010 0 1 13 210 0 0
 2298 47863.000 85741.000 0 0 2.733 9.994 27.318 5.226 0 1 4 210 0 0
 2299 47905.000 85590.000 0 0 78.749 284.691 22419.339 149.730 0 1 4 210 0 0
 2300 47954.000 85404.000 0 0 3.497 12.470 43.615 6.604 0 1 4 210 0 0
 2301 143539.000 67719.000 0 0 91.295 123.134 11241.570 106.026 0 1 7 210 0 0
 2302 46178.000 93795.000 0 0 7.437 64.507 479.749 21.903 0 1 13 210 0 0
 2303 47704.000 85686.000 0 0 80.283 293.306 23547.707 153.452 0 1 4 210 0 0
 2304 143693.000 67642.000 0 0 85.310 115.195 9827.410 99.133 0 1 7 210 0 0
 2305 46002.000 93825.000 0 0 9.472 82.832 784.666 28.011 0 1 13 210 0 0
 2306 47495.000 85808.000 0 0 64.633 239.112 15454.618 124.316 0 1 4 210 0 0
 2307 47539.000 85640.000 0 0 17.899 65.391 1170.499 34.212 0 1 4 210 0 0
 2308 143847.000 67566.000 0 0 80.854 109.308 8838.154 94.011 0 1 7 210 0 0
 2309 45831.000 93836.000 0 0 7.683 67.519 518.818 22.777 0 1 13 210 0 0
 2310 47292.000 85911.000 0 0 73.621 275.410 20276.058 142.394 0 1 4 210 0 0
 2311 47339.000 85730.000 0 0 3.419 12.618 43.146 6.568 0 1 4 210 0 0
 2312 144001.000 67490.000 0 0 88.827 120.224 10679.246 103.340 0 1 7 210 0 0
 2313 45659.000 93846.000 0 0 9.441 83.359 786.999 28.053 0 1 13 210 0 0
 2314 47028.000 86251.000 0 0 4.612 17.769 81.963 9.053 0 1 4 210 0 0
 2315 47083.000 86043.000 0 0 101.700 385.577 39213.470 198.023 0 1 4 210 0 0
 2316 144159.000 67415.000 0 0 78.110 105.853 8268.255 90.929 0 1 7 210 0 0
 2317 45486.000 93872.000 0 0 6.462 57.487 371.532 19.275 0 1 13 210 0 0
 2318 46876.000 86160.000 0 0 64.356 247.023 15897.529 126.085 0 1 4 210 0 0
 2319 144323.000 67352.000 0 0 93.907 127.486 11971.877 109.416 0 1 7 210 0 0
 2320 45313.000 93882.000 0 0 8.213 73.407 602.901 24.554 0 1 13 210 0 0
 2321 46687.000 86220.000 0 0 77.287 299.013 23110.132 152.020 0 1 4 210 0 0
 2322 144479.000 67277.000 0 0 90.986 123.671 11252.464 106.077 0 1 7 210 0 0
 2323 45141.000 93900.000 0 0 8.773 78.896 692.171 26.309 0 1 13 210 0 0
 2324 46476.000 86357.000 0 0 75.867 297.629 22580.357 150.267 0 1 4 210 0 0
 2325 46533.000 86128.000 0 0 3.988 15.373 61.323 7.830 0 1 4 210 0 0
 2326 144633.000 67200.000 0 0 91.200 124.100 11318.091 106.386 0 1 7 210 0 0
 2327 44967.000 93920.000 0 0 8.744 79.145 692.097 26.307 0 1 13 210 0 0
 2328 46268.000 86492.000 0 0 87.420 347.726 30398.398 174.351 0 1 4 210 0 0
 2329 144788.000 67123.000 0 0 85.112 115.945 9868.318 99.339 0 1 7 210 0 0
 2330 44796.000 93934.000 0 0 8.724 79.392 692.665 26.318 0 1 13 210 0 0
 2331 46075.000 86562.000 0 0 74.082 297.276 22023.148 148.401 0 1 4 210 0 0
 2332 46114.000 86407.000 0 0 2.605 10.329 26.917 5.188 0 1 4 210 0 0
 2333 144937.000 67041.000 0 0 80.577 109.860 8852.339 94.086 0 1 7 210 0 0
 2334 44622.000 93950.000 0 0 9.860 90.257 889.991 29.832 0 1 13 210 0 0
 2335 45845.000 86786.000 0 0 3.166 12.976 41.087 6.409 0 1 4 210 0 0
 2336 45885.000 86628.000 0 0 69.872 282.761 19757.165 140.560 0 1 4 210 0 0
 2337 145096.000 66971.000 0 0 82.339 112.422 9256.843 96.212 0 1 7 210 0 0
 2338 44450.000 93961.000 0 0 10.132 93.200 944.389 30.730 0 1 13 210 0 0
 2339 45635.000 86938.000 0 0 13.774 57.330 789.711 28.101 0 1 4 210 0 0
 2340 45677.000 86759.000 0 0 61.569 252.597 15552.335 124.709 0 1 4 210 0 0
 2341 45714.000 86610.000 0 0 7.703 31.231 240.596 15.511 0 1 4 210 0 0
 2342 45720.000 86574.000 0 0 3.860 15.607 60.254 7.762 0 1 4 210 0 0
 2343 145254.000 66898.000 0 0 87.273 119.309 10412.545 102.041 0 1 7 210 0 0
 2344 44277.000 93978.000 0 0 10.681 98.830 1055.643 32.490 0 1 13 210 0 0
 2345 45468.000 86903.000 0 0 58.390 243.114 14195.636 119.145 0 1 4 210 0 0
 2346 145405.000 66817.000 0 0 81.124 111.006 9005.277 94.896 0 1 7 210 0 0
 2347 44105.000 93999.000 0 0 13.808 128.614 1776.016 42.142 0 1 13 210 0 0
 2348 45279.000 86966.000 0 0 61.859 259.694 16064.630 126.746 0 1 4 210 0 0
 2349 145565.000 66748.000 0 0 87.668 120.130 10531.703 102.624 0 1 7 210 0 0
 2350 43932.000 94016.000 0 0 12.049 112.890 1360.251 36.881 0 1 13 210 0 0
 2351 45077.000 87089.000 0 0 79.223 337.008 26698.953 163.398 0 1 4 210 0 0
 2352 145716.000 66666.000 0 0 86.294 118.348 10212.814 101.058 0 1 7 210 0 0
 2353 43759.000 94036.000 0 0 12.866 121.325 1561.065 39.510 0 1 13 210 0 0
 2354 44835.000 87388.000 0 0 3.626 15.861 57.525 7.584 0 1 4 210 0 0
 2355 44874.000 87213.000 0 0 67.428 290.686 19600.683 140.002 0 1 4 210 0 0
 2356 44916.000 87026.000 0 0 3.730 15.838 59.089 7.686 0 1 4 210 0 0
 2357 145873.000 66591.000 0 0 88.081 120.942 10652.761 103.212 0 1 7 210 0 0
 2358 43586.000 94059.000 0 0 12.246 116.290 1424.169 37.738 0 1 13 210 0 0
 2359 44684.000 87286.000 0 0 75.576 328.815 24850.831 157.641 0 1 4 210 0 0
 2360 146027.000 66515.000 0 0 81.862 112.524 9211.608 95.977 0 1 7 210 0 0
 2361 43413.000 94078.000 0 0 15.047 143.766 2163.321 46.511 0 1 13 210 0 0
 2362 44489.000 87377.000 0 0 71.406 314.000 22421.697 149.738 0 1 4 210 0 0
 2363 146182.000 66439.000 0 0 85.264 117.330 10004.152 100.020 0 1 7 210 0 0
 2364 43241.000 94090.000 0 0 18.416 176.855 3256.971 57.069 0 1 13 210 0 0
 2365 44245.000 87696.000 0 0 3.538 16.031 56.720 7.531 0 1 4 210 0 0
 2366 44292.000 87480.000 0 0 69.021 307.103 21196.906 145.591 0 1 4 210 0 0
 2367 146339.000 66365.000 0 0 83.849 115.520 9686.337 98.419 0 1 7 210 0 0
 2368 43066.000 94136.000 0 0 21.645 210.157 4548.924 67.445 0 1 13 210 0 0
 2369 44097.000 87581.000 0 0 66.681 300.145 20014.242 141.471 0 1 4 210 0 0
 2370 44131.000 87418.000 0 0 3.617 16.064 58.121 7.623 0 1 4 210 0 0
 2371 146491.000 66287.000 0 0 82.421 113.660 9368.038 96.788 0 1 7 210 0 0
 2372 42894.000 94156.000 0 0 21.854 213.528 4666.475 68.311 0 1 13 210 0 0
 2373 43898.000 87694.000 0 0 58.405 266.249 15550.358 124.701 0 1 4 210 0 0
 2374 43930.000 87541.000 0 0 6.571 29.570 194.308 13.939 0 1 4 210 0 0
 2375 146648.000 66213.000 0 0 80.989 111.819 9056.191 95.164 0 1 7 210 0 0
 2376 42719.000 94185.000 0 0 24.810 244.391 6063.486 77.868 0 1 13 210 0 0
 2377 43705.000 87788.000 0 0 65.570 302.247 19818.547 140.778 0 1 4 210 0 0
 2378 43738.000 87620.000 0 0 5.342 24.279 129.711 11.389 0 1 4 210 0 0
 2379 146802.000 66136.000 0 0 82.790 114.419 9472.815 97.328 0 1 7 210 0 0
 2380 42547.000 94196.000 0 0 22.538 223.085 5027.963 70.908 0 1 13 210 0 0
 2381 43515.000 87865.000 0 0 62.826 292.443 18373.241 135.547 0 1 4 210 0 0
 2382 146957.000 66060.000 0 0 84.610 117.059 9904.443 99.521 0 1 7 210 0 0
 2383 42377.000 94191.000 0 0 18.102 179.549 3250.316 57.011 0 1 13 210 0 0
 2384 43316.000 87981.000 0 0 59.346 279.875 16609.626 128.878 0 1 4 210 0 0
 2385 147107.000 65978.000 0 0 76.655 106.135 8135.858 90.198 0 1 7 210 0 0
 2386 42209.000 94162.000 0 0 10.075 99.729 1004.870 31.699 0 1 13 210 0 0
 2387 43121.000 88084.000 0 0 55.981 267.211 14958.976 122.306 0 1 4 210 0 0
 2388 43153.000 87923.000 0 0 3.472 16.345 56.761 7.533 0 1 4 210 0 0
 2389 147262.000 65902.000 0 0 75.183 104.208 7834.797 88.514 0 1 7 210 0 0
 2390 42037.000 94175.000 0 0 8.656 86.136 745.628 27.306 0 1 13 210 0 0
 2391 42925.000 88189.000 0 0 54.355 262.659 14276.870 119.485 0 1 4 210 0 0
 2392 42958.000 88026.000 0 0 5.167 24.616 127.199 11.278 0 1 4 210 0 0
 2393 147419.000 65831.000 0 0 80.261 111.383 8939.771 94.550 0 1 7 210 0 0
 2394 41864.000 94198.000 0 0 6.397 64.091 410.027 20.249 0 1 4 210 0 0
 2395 41871.000 94126.000 0 0 2.251 22.285 50.187 7.084 0 1 4 210 0 0
 2396 42737.000 88269.000 0 0 64.109 312.933 20062.054 141.640 0 1 4 210 0 0
 2397 147573.000 65752.000 0 0 77.164 107.184 8270.892 90.944 0 1 7 210 0 0
 2398 41691.000 94216.000 0 0 8.319 83.857 697.656 26.413 0 1 4 210 0 0
 2399 42543.000 88372.000 0 0 67.448 333.270 22478.658 149.928 0 1 4 210 0 0
 2400 147727.000 65677.000 0 0 72.389 100.660 7286.758 85.362 0 1 7 210 0 0
 2401 41520.000 94227.000 0 0 7.473 75.695 565.710 23.784 0 1 4 210 0 0
 2402 42349.000 88479.000 0 0 64.619 323.344 20894.233 144.548 0 1 4 210 0 0
 2403 147883.000 65602.000 0 0 77.501 107.883 8361.138 91.439 0 1 7 210 0 0
 2404 41348.000 94236.000 0 0 6.354 64.661 410.911 20.270 0 1 4 210 0 0
 2405 42158.000 88567.000 0 0 62.484 316.098 19751.256 140.539 0 1 4 210 0 0
 2406 148037.000 65524.000 0 0 72.711 101.314 7366.740 85.829 0 1 7 210 0 0
 2407 41176.000 94250.000 0 0 8.269 84.598 699.601 26.449 0 1 4 210 0 0
 2408 41967.000 88668.000 0 0 64.099 328.267 21041.918 145.058 0 1 4 210 0 0
 2409 148192.000 65449.000 0 0 79.493 110.877 8813.976 93.882 0 1 7 210 0 0
 2410 41003.000 94269.000 0 0 7.418 76.364 566.495 23.801 0 1 4 210 0 0
 2411 41774.000 88770.000 0 0 64.601 334.939 21637.550 147.097 0 1 4 210 0 0
 2412 148344.000 65370.000 0 0 79.676 111.227 8862.181 94.139 0 1 7 210 0 0
 2413 40831.000 94284.000 0 0 7.673 79.422 609.448 24.686 0 1 4 210 0 0
 2414 41551.000 89040.000 0 0 1.575 8.403 13.241 3.638 0 1 4 210 0 0
 2415 41584.000 88863.000 0 0 58.731 308.036 18091.573 134.504 0 1 4 210 0 0
 2416 148501.000 65298.000 0 0 74.860 104.628 7832.548 88.501 0 1 7 210 0 0
 2417 40660.000 94296.000 0 0 8.204 85.339 700.133 26.460 0 1 4 210 0 0
 2418 41392.000 88961.000 0 0 51.331 272.521 13988.875 118.274 0 1 4 210 0 0
 2419 148656.000 65223.000 0 0 78.356 109.626 8589.974 92.682 0 1 7 210 0 0
 2420 40487.000 94307.000 0 0 7.369 77.032 567.693 23.826 0 1 4 210 0 0
 2421 41173.000 89215.000 0 0 1.550 8.457 13.114 3.621 0 1 4 210 0 0
 2422 41203.000 89053.000 0 0 52.480 281.853 14791.733 121.621 0 1 4 210 0 0
 2423 148808.000 65143.000 0 0 78.536 109.968 8636.558 92.933 0 1 7 210 0 0
 2424 40294.000 94562.000 0 0 3.128 34.349 107.465 10.366 0 1 4 210 0 0
 2425 40316.000 94320.000 0 0 8.169 85.834 701.255 26.481 0 1 4 210 0 0
 2426 41013.000 89146.000 0 0 60.877 330.835 20140.456 141.917 0 1 4 210 0 0
 2427 148959.000 65061.000 0 0 72.022 100.923 7268.762 85.257 0 1 7 210 0 0
 2428 40123.000 94568.000 0 0 6.511 71.764 467.286 21.616 0 1 4 210 0 0
 2429 40144.000 94332.000 0 0 7.880 83.213 655.761 25.607 0 1 4 210 0 0
 2430 40824.000 89244.000 0 0 52.076 286.506 14920.254 122.148 0 1 4 210 0 0
 2431 149113.000 64984.000 0 0 65.469 91.825 6011.812 77.535 0 1 7 210 0 0
 2432 39951.000 94584.000 0 0 4.932 54.690 269.785 16.425 0 1 4 210 0 0
 2433 39955.000 94543.000 0 0 2.092 23.020 48.164 6.940 0 1 4 210 0 0
 2434 39972.000 94350.000 0 0 7.042 74.822 526.968 22.955 0 1 4 210 0 0
 2435 40610.000 89468.000 0 0 7.069 39.859 281.773 16.786 0 1 4 210 0 0
 2436 40641.000 89302.000 0 0 47.694 264.636 12621.739 112.346 0 1 4 210 0 0
 2437 149265.000 64905.000 0 0 67.290 94.460 6356.266 79.726 0 1 7 210 0 0
 2438 39779.000 94587.000 0 0 7.007 77.948 546.238 23.371 0 1 4 210 0 0
 2439 39800.000 94362.000 0 0 7.298 77.921 568.739 23.848 0 1 4 210 0 0
 2440 40445.000 89431.000 0 0 58.773 331.165 19463.674 139.512 0 1 4 210 0 0
 2441 149425.000 64837.000 0 0 75.855 106.621 8087.844 89.932 0 1 7 210 0 0
 2442 39609.000 94589.000 0 0 7.003 78.168 547.486 23.398 0 1 4 210 0 0
 2443 39628.000 94371.000 0 0 7.017 75.250 528.037 22.979 0 1 4 210 0 0
 2444 40255.000 89531.000 0 0 50.185 286.399 14373.067 119.887 0 1 4 210 0 0
 2445 149579.000 64761.000 0 0 79.397 111.704 8868.999 94.175 0 1 7 210 0 0
 2446 39439.000 94598.000 0 0 5.438 60.961 331.513 18.207 0 1 4 210 0 0
 2447 39457.000 94376.000 0 0 8.627 92.872 801.280 28.306 0 1 4 210 0 0
 2448 40066.000 89624.000 0 0 53.225 307.423 16362.762 127.917 0 1 4 210 0 0
 2449 149730.000 64679.000 0 0 79.581 112.045 8916.813 94.428 0 1 7 210 0 0
 2450 39264.000 94621.000 0 0 7.478 84.436 631.442 25.128 0 1 4 210 0 0
 2451 39287.000 94373.000 0 0 11.871 128.062 1520.242 38.990 0 1 4 210 0 0
 2452 39881.000 89710.000 0 0 53.276 311.254 16582.598 128.773 0 1 4 210 0 0
 2453 149881.000 64597.000 0 0 72.979 102.823 7503.970 86.625 0 1 7 210 0 0
 2454 39095.000 94629.000 0 0 5.663 64.226 363.775 19.072 0 1 4 210 0 0
 2455 39113.000 94415.000 0 0 5.622 61.289 344.597 18.563 0 1 4 210 0 0
 2456 39116.000 94365.000 0 0 1.890 20.424 38.609 6.213 0 1 4 210 0 0
 2457 39121.000 94319.000 0 0 3.541 37.941 134.356 11.591 0 1 4 210 0 0
 2458 39692.000 89811.000 0 0 50.311 297.766 14980.925 122.396 0 1 4 210 0 0
 2459 150034.000 64519.000 0 0 74.831 105.524 7896.603 88.862 0 1 7 210 0 0
 2460 38924.000 94628.000 0 0 4.893 55.625 272.193 16.498 0 1 4 210 0 0
 2461 38941.000 94427.000 0 0 6.411 70.240 450.319 21.220 0 1 4 210 0 0
 2462 39504.000 89899.000 0 0 46.003 275.502 12674.002 112.578 0 1 4 210 0 0
 2463 150185.000 64438.000 0 0 64.777 91.413 5921.504 76.951 0 1 7 210 0 0
 2464 38770.000 94436.000 0 0 5.334 58.700 313.132 17.695 0 1 4 210 0 0
 2465 39293.000 90147.000 0 0 3.305 20.364 67.310 8.204 0 1 4 210 0 0
 2466 39318.000 89986.000 0 0 48.964 296.704 14528.084 120.532 0 1 4 210 0 0
 2467 150338.000 64360.000 0 0 68.336 96.516 6595.538 81.212 0 1 7 210 0 0
 2468 38598.000 94452.000 0 0 6.650 73.593 489.416 22.122 0 1 4 210 0 0
 2469 39130.000 90089.000 0 0 50.837 312.224 15872.637 125.986 0 1 4 210 0 0
 2470 150496.000 64292.000 0 0 78.734 111.340 8766.292 93.628 0 1 7 210 0 0
 2471 38425.000 94464.000 0 0 4.511 50.178 226.379 15.045 0 1 4 210 0 0
 2472 38944.000 90177.000 0 0 48.503 301.461 14622.042 120.921 0 1 4 210 0 0
 2473 150649.000 64213.000 0 0 77.202 109.260 8435.174 91.843 0 1 7 210 0 0
 2474 38254.000 94481.000 0 0 5.291 59.195 313.232 17.698 0 1 4 210 0 0
 2475 38760.000 90256.000 0 0 45.309 284.761 12902.406 113.588 0 1 4 210 0 0
 2476 150802.000 64134.000 0 0 73.934 104.723 7742.641 87.992 0 1 7 210 0 0
 2477 38082.000 94491.000 0 0 4.753 53.425 253.982 15.936 0 1 4 210 0 0
 2478 38553.000 90477.000 0 0 14.152 91.314 1292.341 35.949 0 1 4 210 0 0
 2479 38578.000 90320.000 0 0 33.412 211.991 7083.089 84.161 0 1 4 210 0 0
 2480 150950.000 64050.000 0 0 72.375 102.574 7423.848 86.161 0 1 7 210 0 0
 2481 37911.000 94498.000 0 0 5.538 62.499 346.157 18.605 0 1 24 210 0 0
 2482 38385.000 90461.000 0 0 48.014 310.143 14891.466 122.030 0 1 4 210 0 0
 2483 151103.000 63974.000 0 0 67.358 95.546 6435.934 80.224 0 1 7 210 0 0
 2484 37738.000 94517.000 0 0 5.519 62.673 345.926 18.599 0 1 24 210 0 0
 2485 38198.000 90564.000 0 0 45.233 296.260 13400.745 115.761 0 1 4 210 0 0
 2486 151255.000 63894.000 0 0 65.767 93.362 6140.290 78.359 0 1 7 210 0 0
 2487 37567.000 94525.000 0 0 4.724 53.869 254.525 15.953 0 1 24 210 0 0
 2488 38015.000 90640.000 0 0 48.461 320.913 15551.782 124.706 0 1 4 210 0 0
 2489 151415.000 63824.000 0 0 76.298 108.436 8273.571 90.959 0 1 7 210 0 0
 2490 37396.000 94541.000 0 0 5.757 66.017 380.108 19.496 0 1 24 210 0 0
 2491 37829.000 90735.000 0 0 46.193 309.944 14317.415 119.655 0 1 4 210 0 0
 2492 151567.000 63746.000 0 0 72.988 103.817 7577.420 87.048 0 1 7 210 0 0
 2493 37225.000 94549.000 0 0 4.965 57.173 283.868 16.848 0 1 24 210 0 0
 2494 37644.000 90823.000 0 0 45.315 307.877 13951.504 118.116 0 1 4 210 0 0
 2495 151718.000 63664.000 0 0 71.419 101.654 7260.073 85.206 0 1 7 210 0 0
 2496 37052.000 94558.000 0 0 5.217 60.347 314.849 17.743 0 1 24 210 0 0
 2497 37460.000 90909.000 0 0 44.016 302.794 13327.911 115.446 0 1 4 210 0 0
 2498 151865.000 63578.000 0 0 64.608 92.000 5943.996 77.097 0 1 7 210 0 0
 2499 36881.000 94576.000 0 0 5.460 63.536 346.940 18.626 0 1 24 210 0 0
 2500 37275.000 91006.000 0 0 42.686 297.676 12706.850 112.724 0 1 4 210 0 0
 2501 152024.000 63510.000 0 0 76.961 109.721 8444.290 91.892 0 1 7 210 0 0
 2502 36710.000 94587.000 0 0 4.670 54.609 255.068 15.970 0 1 24 210 0 0
 2503 37090.000 91100.000 0 0 44.799 316.659 14186.226 119.105 0 1 4 210 0 0
 2504 152173.000 63427.000 0 0 66.620 95.034 6331.236 79.569 0 1 7 210 0 0
 2505 36538.000 94595.000 0 0 5.700 66.922 381.466 19.531 0 1 24 210 0 0
 2506 36907.000 91193.000 0 0 44.753 320.602 14348.008 119.783 0 1 4 210 0 0
 2507 152323.000 63344.000 0 0 59.743 85.278 5094.805 71.377 0 1 7 210 0 0
 2508 36366.000 94610.000 0 0 5.425 64.054 347.534 18.642 0 1 24 210 0 0
 2509 36723.000 91284.000 0 0 43.872 318.506 13973.764 118.210 0 1 4 210 0 0
 2510 152473.000 63262.000 0 0 56.355 80.493 4536.294 67.352 0 1 7 210 0 0
 2511 36195.000 94616.000 0 0 4.645 55.053 255.775 15.992 0 1 4 210 0 0
 2512 36541.000 91365.000 0 0 39.326 288.999 11365.254 106.607 0 1 4 210 0 0
 2513 152626.000 63185.000 0 0 61.776 88.307 5455.308 73.860 0 1 7 210 0 0
 2514 36024.000 94622.000 0 0 4.898 58.267 285.402 16.893 0 1 4 210 0 0
 2515 36358.000 91451.000 0 0 38.524 286.779 11047.951 105.109 0 1 4 210 0 0
 2516 152776.000 63103.000 0 0 58.377 83.500 4874.587 69.818 0 1 7 210 0 0
 2517 35852.000 94639.000 0 0 4.882 58.423 285.269 16.889 0 1 4 210 0 0
 2518 36178.000 91514.000 0 0 32.953 247.814 8166.337 90.367 0 1 4 210 0 0
 2519 152928.000 63024.000 0 0 58.502 83.741 4899.109 69.993 0 1 7 210 0 0
 2520 35681.000 94653.000 0 0 4.614 55.496 256.073 16.002 0 1 4 210 0 0
 2521 35993.000 91621.000 0 0 35.751 273.089 9763.247 98.809 0 1 4 210 0 0
 2522 153081.000 62945.000 0 0 51.506 73.781 3800.267 61.646 0 1 7 210 0 0
 2523 35509.000 94668.000 0 0 4.345 52.555 228.368 15.111 0 1 4 210 0 0
 2524 35807.000 91735.000 0 0 24.963 193.868 4839.617 69.567 0 1 4 210 0 0
 2525 35821.000 91612.000 0 0 3.215 24.604 79.126 8.895 0 1 4 210 0 0
 2526 153236.000 62868.000 0 0 56.960 81.663 4651.593 68.202 0 1 7 210 0 0
 2527 35337.000 94679.000 0 0 5.102 61.991 316.287 17.784 0 1 4 210 0 0
 2528 35627.000 91798.000 0 0 33.029 259.209 8561.443 92.528 0 1 4 210 0 0
 2529 153394.000 62799.000 0 0 41.012 58.864 2414.177 49.134 0 1 7 210 0 0
 2530 35166.000 94685.000 0 0 4.841 59.048 285.863 16.907 0 1 4 210 0 0
 2531 35445.000 91890.000 0 0 32.268 256.848 8288.248 91.039 0 1 4 210 0 0
 2532 153548.000 62723.000 0 0 41.096 59.034 2426.098 49.255 0 1 7 210 0 0
 2533 34995.000 94695.000 0 0 5.594 68.550 383.506 19.583 0 1 4 210 0 0
 2534 35268.000 91946.000 0 0 29.420 236.456 6956.652 83.406 0 1 4 210 0 0
 2535 153699.000 62644.000 0 0 34.022 48.907 1663.948 40.791 0 1 7 210 0 0
 2536 34823.000 94706.000 0 0 4.822 59.360 286.247 16.918 0 1 4 210 0 0
 2537 35081.000 92072.000 0 0 36.611 299.762 10974.657 104.759 0 1 4 210 0 0
 2538 153851.000 62565.000 0 0 35.897 51.639 1853.729 43.054 0 1 7 210 0 0
 2539 34636.000 94958.000 0 0 0.966 12.529 12.110 3.479 0 1 4 210 0 0
 2540 34653.000 94713.000 0 0 5.068 62.647 317.550 17.819 0 1 4 210 0 0
 2541 34895.000 92201.000 0 0 20.563 171.646 3529.665 59.410 0 1 4 210 0 0
 2542 34908.000 92088.000 0 0 5.689 46.806 266.307 16.318 0 1 4 210 0 0
 2543 154003.000 62485.000 0 0 37.763 54.360 2052.842 45.308 0 1 7 210 0 0
 2544 34466.000 94945.000 0 0 2.423 31.421 76.164 8.727 0 1 4 210 0 0
 2545 34481.000 94727.000 0 0 4.803 59.672 286.614 16.929 0 1 4 210 0 0
 2546 34717.000 92255.000 0 0 27.847 234.715 6536.204 80.846 0 1 4 210 0 0
 2547 154156.000 62409.000 0 0 27.031 38.942 1052.665 32.444 0 1 7 210 0 0
 2548 34295.000 94951.000 0 0 4.840 62.990 304.925 17.462 0 1 4 210 0 0
 2549 34310.000 94739.000 0 0 4.792 59.828 286.717 16.932 0 1 4 210 0 0
 2550 34500.000 92665.000 0 0 2.812 25.111 70.620 8.403 0 1 4 210 0 0
 2551 34539.000 92326.000 0 0 26.488 225.930 5984.659 77.360 0 1 4 210 0 0
 2552 154306.000 62324.000 0 0 32.517 46.870 1524.114 39.039 0 1 7 210 0 0
 2553 34124.000 94960.000 0 0 3.624 47.369 171.695 13.103 0 1 4 210 0 0
 2554 34139.000 94744.000 0 0 5.290 66.296 350.761 18.728 0 1 4 210 0 0
 2555 34332.000 92649.000 0 0 3.524 31.485 110.981 10.534 0 1 4 210 0 0
 2556 34360.000 92393.000 0 0 28.079 242.292 6803.415 82.482 0 1 4 210 0 0
 2557 154458.000 62247.000 0 0 23.529 33.939 798.574 28.259 0 1 7 210 0 0
 2558 33953.000 94965.000 0 0 5.310 69.648 369.862 19.231 0 1 4 210 0 0
 2559 33969.000 94752.000 0 0 5.031 63.303 318.526 17.847 0 1 4 210 0 0
 2560 34174.000 92527.000 0 0 20.779 183.025 3803.174 61.669 0 1 4 210 0 0
 2561 34189.000 92390.000 0 0 2.552 22.076 56.358 7.507 0 1 4 210 0 0
 2562 154608.000 62166.000 0 0 25.383 36.637 929.974 30.495 0 1 7 210 0 0
 2563 33782.000 94974.000 0 0 5.781 76.175 440.434 20.986 0 1 4 210 0 0
 2564 33799.000 94758.000 0 0 6.534 82.517 539.180 23.220 0 1 4 210 0 0
 2565 33994.000 92608.000 0 0 25.515 227.810 5812.694 76.241 0 1 4 210 0 0
 2566 154759.000 62084.000 0 0 45.435 65.617 2981.338 54.601 0 1 7 210 0 0
 2567 33612.000 94983.000 0 0 5.050 66.827 337.509 18.371 0 1 4 210 0 0
 2568 33627.000 94778.000 0 0 5.006 63.631 318.600 17.849 0 1 4 210 0 0
 2569 33816.000 92680.000 0 0 28.075 253.814 7125.875 84.414 0 1 4 210 0 0
 2570 154915.000 62009.000 0 0 36.430 52.659 1918.421 43.799 0 1 7 210 0 0
 2571 33440.000 94998.000 0 0 5.754 76.568 440.608 20.990 0 1 4 210 0 0
 2572 33456.000 94782.000 0 0 5.252 66.984 351.860 18.757 0 1 4 210 0 0
 2573 33635.000 92774.000 0 0 26.329 241.788 6366.153 79.788 0 1 4 210 0 0
 2574 155062.000 61925.000 0 0 41.976 60.703 2548.107 50.478 0 1 7 210 0 0
 2575 33268.000 95017.000 0 0 5.973 79.980 477.754 21.857 0 1 4 210 0 0
 2576 33284.000 94792.000 0 0 4.743 60.762 288.228 16.977 0 1 4 210 0 0
 2577 33454.000 92866.000 0 0 24.280 226.486 5499.269 74.157 0 1 4 210 0 0
 2578 155205.000 61833.000 0 0 51.232 74.102 3796.436 61.615 0 1 7 210 0 0
 2579 33098.000 95018.000 0 0 4.776 64.138 306.335 17.502 0 1 4 210 0 0
 2580 33113.000 94805.000 0 0 5.229 67.329 352.125 18.764 0 1 4 210 0 0
 2581 33277.000 92930.000 0 0 29.148 275.066 8017.714 89.541 0 1 4 210 0 0
 2582 33294.000 92763.000 0 0 1.734 15.983 27.720 5.264 0 1 4 210 0 0
 2583 155364.000 61763.000 0 0 29.318 42.450 1244.594 35.278 0 1 7 210 0 0
 2584 32926.000 95033.000 0 0 4.286 57.874 248.076 15.750 0 1 4 210 0 0
 2585 32943.000 94817.000 0 0 4.968 64.287 319.440 17.872 0 1 4 210 0 0
 2586 33095.000 93035.000 0 0 25.378 243.754 6186.142 78.652 0 1 4 210 0 0
 2587 33125.000 92747.000 0 0 3.477 32.064 111.519 10.560 0 1 4 210 0 0
 2588 32755.000 95040.000 0 0 5.230 70.911 370.934 19.259 0 1 4 210 0 0
 2589 32770.000 94827.000 0 0 4.959 64.452 319.649 17.878 0 1 4 210 0 0
 2590 32917.000 93116.000 0 0 27.391 266.907 7310.895 85.503 0 1 4 210 0 0
 2591 32584.000 95045.000 0 0 5.462 74.322 406.010 20.149 0 1 4 210 0 0
 2592 32599.000 94834.000 0 0 5.448 71.076 387.241 19.678 0 1 4 210 0 0
 2593 32740.000 93186.000 0 0 27.113 267.611 7256.014 85.182 0 1 4 210 0 0
 2594 32413.000 95056.000 0 0 5.450 74.511 406.141 20.152 0 1 4 210 0 0
 2595 32427.000 94854.000 0 0 6.414 84.226 540.260 23.243 0 1 4 210 0 0
 2596 32561.000 93265.000 0 0 23.245 232.757 5410.627 73.556 0 1 4 210 0 0
 2597 32242.000 95071.000 0 0 4.017 55.217 221.821 14.893 0 1 4 210 0 0
 2598 32257.000 94865.000 0 0 6.893 90.932 626.816 25.036 0 1 4 210 0 0
 2599 32383.000 93342.000 0 0 25.535 259.312 6621.687 81.373 0 1 4 210 0 0
 2600 32398.000 93172.000 0 0 4.909 48.610 238.678 15.449 0 1 4 210 0 0
 2601 32071.000 95068.000 0 0 4.728 65.122 307.946 17.548 0 1 4 210 0 0
 2602 32085.000 94870.000 0 0 6.641 87.908 583.828 24.162 0 1 4 210 0 0
 2603 32204.000 93427.000 0 0 21.427 220.995 4735.324 68.813 0 1 4 210 0 0
 2604 32225.000 93212.000 0 0 2.929 29.247 85.682 9.256 0 1 4 210 0 0
 2605 32230.000 93158.000 0 0 5.248 51.979 272.811 16.517 0 1 4 210 0 0
 2606 31900.000 95084.000 0 0 4.006 55.496 222.358 14.911 0 1 4 210 0 0
 2607 31914.000 94877.000 0 0 6.631 88.129 584.400 24.174 0 1 4 210 0 0
 2608 32026.000 93509.000 0 0 25.517 267.195 6818.032 82.571 0 1 4 210 0 0
 2609 32060.000 93144.000 0 0 3.287 32.574 107.083 10.348 0 1 4 210 0 0
 2610 31731.000 95080.000 0 0 4.717 65.449 308.746 17.571 0 1 4 210 0 0
 2611 31743.000 94896.000 0 0 7.829 104.705 819.839 28.632 0 1 4 210 0 0
 2612 31849.000 93579.000 0 0 24.010 254.825 6118.375 78.220 0 1 4 210 0 0
 2613 31559.000 95091.000 0 0 6.119 85.308 522.053 22.848 0 1 4 210 0 0
 2614 31572.000 94906.000 0 0 7.571 101.689 769.909 27.747 0 1 4 210 0 0
 2615 31669.000 93669.000 0 0 21.245 229.285 4871.363 69.795 0 1 4 210 0 0
 2616 117486.000 33364.000 0 0 99.010 25.981 2572.475 50.719 0 1 1 200 0 0
 2617 31387.000 95105.000 0 0 6.336 88.811 562.752 23.722 0 1 4 210 0 0
 2618 31401.000 94899.000 0 0 6.359 85.506 543.739 23.318 0 1 4 210 0 0
 2619 31490.000 93774.000 0 0 19.101 210.188 4014.866 63.362 0 1 4 210 0 0
 2620 117564.000 33207.000 0 0 172.910 45.469 7862.231 88.669 0 1 1 200 0 0
 2621 31216.000 95115.000 0 0 7.259 102.218 742.057 27.240 0 1 4 210 0 0
 2622 31232.000 94897.000 0 0 4.403 59.336 261.292 16.164 0 1 4 210 0 0
 2623 31312.000 93854.000 0 0 18.563 207.442 3850.824 62.055 0 1 4 210 0 0
 2624 117633.000 33050.000 0 0 173.318 45.648 7911.797 88.948 0 1 1 200 0 0
 2625 31046.000 95123.000 0 0 7.482 105.775 791.470 28.133 0 1 4 210 0 0
 2626 31061.000 94908.000 0 0 3.905 52.875 206.523 14.370 0 1 4 210 0 0
 2627 31135.000 93928.000 0 0 18.340 207.977 3814.457 61.761 0 1 4 210 0 0
 2628 117716.000 32897.000 0 0 86.841 22.927 1991.027 44.620 0 1 1 200 0 0
 2629 30874.000 95131.000 0 0 7.936 112.664 894.125 29.901 0 1 4 210 0 0
 2630 30888.000 94916.000 0 0 3.412 46.384 158.275 12.580 0 1 4 210 0 0
 2631 30957.000 94014.000 0 0 17.506 201.898 3534.627 59.452 0 1 4 210 0 0
 2632 30704.000 95144.000 0 0 8.381 119.584 1002.251 31.658 0 1 4 210 0 0
 2633 30718.000 94924.000 0 0 3.406 46.498 158.417 12.586 0 1 4 210 0 0
 2634 30781.000 94092.000 0 0 20.675 242.233 5008.268 70.769 0 1 4 210 0 0
 2635 30532.000 95156.000 0 0 9.288 133.195 1237.234 35.174 0 1 4 210 0 0
 2636 30547.000 94935.000 0 0 3.399 46.613 158.464 12.588 0 1 4 210 0 0
 2637 30603.000 94187.000 0 0 18.393 219.562 4038.514 63.549 0 1 4 210 0 0
 2638 30361.000 95162.000 0 0 9.044 130.186 1177.465 34.314 0 1 4 210 0 0
 2639 30376.000 94944.000 0 0 3.878 53.401 207.114 14.391 0 1 4 210 0 0
 2640 30426.000 94259.000 0 0 18.163 220.120 3998.180 63.231 0 1 4 210 0 0
 2641 30190.000 95168.000 0 0 8.107 117.125 949.632 30.816 0 1 4 210 0 0
 2642 30206.000 94954.000 0 0 4.596 63.566 292.172 17.093 0 1 4 210 0 0
 2643 30249.000 94341.000 0 0 18.992 234.052 4445.122 66.671 0 1 4 210 0 0
 2644 30020.000 95172.000 0 0 7.407 107.349 795.141 28.198 0 1 4 210 0 0
 2645 30034.000 94961.000 0 0 4.347 60.369 262.488 16.201 0 1 4 210 0 0
 2646 30073.000 94427.000 0 0 20.305 254.764 5173.028 71.923 0 1 4 210 0 0
 2647 29849.000 95178.000 0 0 6.935 100.887 699.691 26.451 0 1 4 210 0 0
 2648 29863.000 94965.000 0 0 4.344 60.517 262.922 16.214 0 1 4 210 0 0
 2649 29896.000 94508.000 0 0 18.430 235.234 4335.452 65.844 0 1 4 210 0 0
 2650 29678.000 95187.000 0 0 6.922 101.133 700.105 26.459 0 1 4 210 0 0
 2651 29693.000 94969.000 0 0 4.100 57.294 234.925 15.327 0 1 4 210 0 0
 2652 29719.000 94592.000 0 0 18.928 245.949 4655.493 68.231 0 1 4 210 0 0
 2653 29504.000 95247.000 0 0 1.822 27.026 49.253 7.018 0 1 4 210 0 0
 2654 29508.000 95185.000 0 0 5.539 81.092 449.223 21.194 0 1 4 210 0 0
 2655 29522.000 94977.000 0 0 3.853 54.056 208.297 14.432 0 1 4 210 0 0
 2656 29545.000 94642.000 0 0 21.063 276.946 5833.369 76.376 0 1 4 210 0 0
 2657 29336.000 95202.000 0 0 6.901 101.625 701.349 26.482 0 1 4 210 0 0
 2658 29350.000 94987.000 0 0 3.124 44.031 137.591 11.729 0 1 4 210 0 0
 2659 29370.000 94734.000 0 0 18.681 250.558 4680.821 68.416 0 1 4 210 0 0
 2660 29166.000 95201.000 0 0 5.060 74.696 378.039 19.443 0 1 4 210 0 0
 2661 29181.000 94990.000 0 0 2.882 40.743 117.440 10.836 0 1 4 210 0 0
 2662 29192.000 94817.000 0 0 17.888 244.384 4371.762 66.119 0 1 4 210 0 0
 2663 28993.000 95235.000 0 0 7.767 115.729 898.925 29.982 0 1 4 210 0 0
 2664 29016.000 94893.000 0 0 18.363 255.214 4686.631 68.458 0 1 4 210 0 0
 2665 158988.000 59836.000 0 0 17.332 25.455 441.209 21.004 0 1 6 210 0 0
 2666 28824.000 95240.000 0 0 6.845 102.362 700.748 26.471 0 1 4 210 0 0
 2667 28843.000 94940.000 0 0 16.010 225.128 3604.424 60.036 0 1 4 210 0 0
 2668 159128.000 59741.000 0 0 17.373 25.516 443.300 21.054 0 1 6 210 0 0
 2669 28650.000 95293.000 0 0 1.127 17.096 19.284 4.391 0 1 4 210 0 0
 2670 28653.000 95241.000 0 0 5.475 82.075 449.425 21.199 0 1 4 210 0 0
 2671 28667.000 95021.000 0 0 13.844 198.338 2745.821 52.400 0 1 4 210 0 0
 2672 159282.000 59663.000 0 0 40.603 59.673 2422.958 49.223 0 1 6 210 0 0
 2673 28488.000 95144.000 0 0 21.419 315.387 6755.379 82.191 0 1 4 210 0 0
 2674 159424.000 59572.000 0 0 46.517 68.374 3180.582 56.396 0 1 6 210 0 0
 2675 28312.000 95231.000 0 0 14.861 223.373 3319.737 57.617 0 1 4 210 0 0
 2676 28326.000 95024.000 0 0 3.578 51.538 184.438 13.580 0 1 4 210 0 0
 2677 159581.000 59501.000 0 0 33.003 48.554 1602.456 40.030 0 1 6 210 0 0
 2678 159606.000 59537.000 0 0 7.756 11.425 88.623 9.413 0 1 6 210 0 0
 2679 28138.000 95297.000 0 0 15.330 234.246 3591.122 59.925 0 1 4 210 0 0
 2680 28155.000 95033.000 0 0 4.286 61.990 265.727 16.301 0 1 4 210 0 0
 2681 159734.000 59422.000 0 0 27.224 40.076 1091.074 33.031 0 1 6 210 0 0
 2682 27964.000 95344.000 0 0 16.741 258.997 4336.068 65.848 0 1 4 210 0 0
 2683 27984.000 95039.000 0 0 3.805 55.235 210.200 14.498 0 1 4 210 0 0
 2684 159884.000 59341.000 0 0 23.381 34.437 805.207 28.376 0 1 6 210 0 0
 2685 27789.000 95455.000 0 0 15.471 245.768 3802.413 61.663 0 1 4 210 0 0
 2686 27800.000 95253.000 0 0 4.095 62.296 255.166 15.973 0 1 4 210 0 0
 2687 27814.000 95046.000 0 0 4.037 58.825 237.501 15.411 0 1 4 210 0 0
 2688 160037.000 59263.000 0 0 27.331 40.279 1100.904 33.179 0 1 6 210 0 0
 2689 27613.000 95537.000 0 0 14.121 229.020 3234.139 56.869 0 1 4 210 0 0
 2690 27629.000 95267.000 0 0 5.673 86.739 492.074 22.182 0 1 4 210 0 0
 2691 27643.000 95050.000 0 0 3.560 52.030 185.234 13.610 0 1 4 210 0 0
 2692 160183.000 59177.000 0 0 19.563 28.841 564.237 23.753 0 1 6 210 0 0
 2693 27437.000 95612.000 0 0 14.935 246.964 3688.618 60.733 0 1 4 210 0 0
 2694 27458.000 95272.000 0 0 5.213 79.973 416.938 20.419 0 1 4 210 0 0
 2695 27472.000 95056.000 0 0 4.029 59.104 238.154 15.432 0 1 4 210 0 0
 2696 27264.000 95688.000 0 0 14.468 244.066 3531.392 59.425 0 1 4 210 0 0
 2697 27284.000 95331.000 0 0 2.910 45.318 131.888 11.484 0 1 4 210 0 0
 2698 27287.000 95289.000 0 0 1.128 17.422 19.670 4.435 0 1 4 210 0 0
 2699 27289.000 95257.000 0 0 2.047 31.377 64.232 8.014 0 1 4 210 0 0
 2700 27300.000 95074.000 0 0 5.194 76.664 398.266 19.956 0 1 4 210 0 0
 2701 27089.000 95753.000 0 0 14.864 255.153 3792.712 61.584 0 1 4 210 0 0
 2702 27114.000 95325.000 0 0 4.034 62.888 253.700 15.927 0 1 4 210 0 0
 2703 27130.000 95074.000 0 0 4.250 62.875 267.264 16.348 0 1 4 210 0 0
 2704 26917.000 95822.000 0 0 13.821 241.729 3341.155 57.802 0 1 4 210 0 0
 2705 26945.000 95327.000 0 0 3.808 59.534 226.747 15.058 0 1 4 210 0 0
 2706 26959.000 95074.000 0 0 3.778 56.021 211.705 14.550 0 1 4 210 0 0
 2707 26741.000 95908.000 0 0 12.555 224.758 2821.910 53.121 0 1 4 210 0 0
 2708 26776.000 95303.000 0 0 2.027 31.599 64.060 8.003 0 1 4 210 0 0
 2709 26789.000 95080.000 0 0 3.773 56.152 211.902 14.556 0 1 4 210 0 0
 2710 48142.000 47835.000 0 0 14.999 14.911 223.658 14.955 0 1 2 210 0 0
 2711 26567.000 95983.000 0 0 12.134 221.771 2690.995 51.874 0 1 4 210 0 0
 2712 26603.000 95325.000 0 0 6.500 102.038 663.313 25.754 0 1 4 210 0 0
 2713 26618.000 95087.000 0 0 3.768 56.283 212.096 14.563 0 1 4 210 0 0
 2714 47807.000 47929.000 0 0 9.981 10.004 99.865 9.993 0 1 2 210 0 0
 2715 48016.000 47718.000 0 0 170.422 169.451 28878.307 169.936 0 1 2 210 0 0
 2716 48117.000 47617.000 0 0 27.626 27.362 755.922 27.494 0 1 2 210 0 0
 2717 48151.000 47585.000 0 0 30.155 29.829 899.506 29.991 0 1 2 210 0 0
 2718 48224.000 47513.000 0 0 40.257 39.712 1598.736 39.984 0 1 2 210 0 0
 2719 48319.000 47417.000 0 0 17.639 17.336 305.809 17.487 0 1 2 210 0 0
 2720 26392.000 96051.000 0 0 11.549 215.245 2485.971 49.859 0 1 4 210 0 0
 2721 26432.000 95335.000 0 0 3.354 52.900 177.470 13.321 0 1 4 210 0 0
 2722 26447.000 95091.000 0 0 3.295 49.365 162.664 12.753 0 1 4 210 0 0
 2723 47710.000 47784.000 0 0 147.687 147.897 21842.577 147.792 0 1 2 210 0 0
 2724 47904.000 47590.000 0 0 216.060 214.768 46403.138 215.413 0 1 2 210 0 0
 2725 48078.000 47418.000 0 0 123.511 121.961 15063.627 122.733 0 1 2 210 0 0
 2726 48184.000 47312.000 0 0 85.873 84.452 7252.218 85.159 0 1 2 210 0 0
 2727 26219.000 96145.000 0 0 10.904 208.680 2275.503 47.702 0 1 4 210 0 0
 2728 26261.000 95355.000 0 0 3.562 56.557 201.508 14.195 0 1 4 210 0 0
 2729 26264.000 95310.000 0 0 1.348 21.201 28.595 5.347 0 1 4 210 0 0
 2730 26276.000 95097.000 0 0 3.291 49.479 162.844 12.761 0 1 4 210 0 0
 2731 47821.000 47437.000 0 0 574.504 570.303 327641.629 572.399 0 1 2 210 0 0
 2732 48562.000 46705.000 0 0 48.539 46.847 2273.989 47.686 0 1 2 210 0 0
 2733 26045.000 96221.000 0 0 9.783 191.434 1872.952 43.277 0 1 4 210 0 0
 2734 26091.000 95365.000 0 0 3.333 53.146 177.152 13.309 0 1 4 210 0 0
 2735 26107.000 95099.000 0 0 3.055 46.052 140.692 11.861 0 1 4 210 0 0
 2736 47938.000 47082.000 0 0 649.421 638.914 414925.259 644.146 0 1 2 210 0 0
 2737 48445.000 46580.000 0 0 112.679 108.745 12253.372 110.694 0 1 2 210 0 0
 2738 25871.000 96292.000 0 0 9.777 195.436 1910.916 43.714 0 1 4 210 0 0
 2739 25921.000 95363.000 0 0 4.445 71.019 315.739 17.769 0 1 4 210 0 0
 2740 25936.000 95106.000 0 0 3.050 46.158 140.788 11.865 0 1 4 210 0 0
 2741 48095.000 46689.000 0 0 592.902 577.265 342261.989 585.031 0 1 2 210 0 0
 2742 48422.000 46365.000 0 0 28.286 27.201 769.439 27.738 0 1 2 210 0 0
 2743 25697.000 96369.000 0 0 11.142 227.960 2540.113 50.399 0 1 4 210 0 0
 2744 25749.000 95367.000 0 0 4.442 71.183 316.207 17.782 0 1 4 210 0 0
 2745 25765.000 95111.000 0 0 2.812 42.707 120.131 10.960 0 1 4 210 0 0
 2746 47978.000 46561.000 0 0 20.487 19.944 408.611 20.214 0 1 2 210 0 0
 2747 48084.000 46457.000 0 0 141.163 136.873 19321.514 139.001 0 1 2 210 0 0
 2748 48409.000 46144.000 0 0 451.802 432.807 195543.482 442.202 0 1 2 210 0 0
 2749 48653.000 45909.000 0 0 25.934 24.619 638.490 25.268 0 1 2 210 0 0
 2750 25524.000 96441.000 0 0 12.115 253.476 3070.950 55.416 0 1 4 210 0 0
 2751 25578.000 95370.000 0 0 4.217 67.780 285.870 16.907 0 1 4 210 0 0
 2752 25594.000 95119.000 0 0 3.276 49.937 163.621 12.791 0 1 4 210 0 0
 2753 48109.000 46195.000 0 0 12.892 12.433 160.299 12.660 0 1 2 210 0 0
 2754 48510.000 45815.000 0 0 722.107 686.191 495503.933 703.920 0 1 2 210 0 0
 2755 48889.000 45450.000 0 0 28.769 26.955 775.477 27.847 0 1 2 210 0 0
 2756 25350.000 96525.000 0 0 10.330 221.869 2292.089 47.875 0 1 4 210 0 0
 2757 25408.000 95375.000 0 0 4.213 67.935 286.223 16.918 0 1 4 210 0 0
 2758 25424.000 95125.000 0 0 3.506 53.625 188.014 13.711 0 1 4 210 0 0
 2759 48381.000 45699.000 0 0 23.433 22.275 521.998 22.847 0 1 2 210 0 0
 2760 48419.000 45664.000 0 0 26.052 24.731 644.308 25.383 0 1 2 210 0 0
 2761 48725.000 45375.000 0 0 576.100 540.766 311535.796 558.153 0 1 2 210 0 0
 2762 49053.000 45064.000 0 0 34.237 31.751 1087.102 32.971 0 1 2 210 0 0
 2763 25177.000 96604.000 0 0 10.745 236.729 2543.745 50.435 0 1 4 210 0 0
 2764 25238.000 95368.000 0 0 3.775 60.925 229.995 15.165 0 1 4 210 0 0
 2765 25253.000 95126.000 0 0 3.738 57.330 214.347 14.640 0 1 4 210 0 0
 2766 48823.000 45049.000 0 0 508.406 473.490 240726.032 490.638 0 1 2 210 0 0
 2767 25004.000 96674.000 0 0 9.727 219.304 2133.322 46.187 0 1 4 210 0 0
 2768 25069.000 95353.000 0 0 2.673 43.108 115.259 10.735 0 1 4 210 0 0
 2769 25079.000 95184.000 0 0 1.846 28.723 53.036 7.282 0 1 4 210 0 0
 2770 25082.000 95132.000 0 0 3.967 61.052 242.222 15.563 0 1 4 210 0 0
 2771 48725.000 44905.000 0 0 31.696 29.499 935.017 30.578 0 1 2 210 0 0
 2772 48759.000 44872.000 0 0 26.431 24.568 649.383 25.482 0 1 2 210 0 0
 2773 48783.000 44850.000 0 0 13.214 12.272 162.174 12.734 0 1 2 210 0 0
 2774 48888.000 44753.000 0 0 190.679 176.406 33637.204 183.404 0 1 2 210 0 0
 2775 24832.000 96734.000 0 0 10.335 237.820 2458.064 49.578 0 1 4 210 0 0
 2776 24896.000 95395.000 0 0 3.312 54.005 178.868 13.374 0 1 4 210 0 0
 2777 24899.000 95336.000 0 0 1.341 21.594 28.964 5.381 0 1 4 210 0 0
 2778 24908.000 95186.000 0 0 2.077 32.405 67.322 8.205 0 1 4 210 0 0
 2779 24912.000 95134.000 0 0 3.732 57.592 214.978 14.662 0 1 4 210 0 0
 2780 24659.000 96817.000 0 0 8.852 209.482 1854.359 43.062 0 1 4 210 0 0
 2781 24727.000 95391.000 0 0 3.977 64.949 258.317 16.072 0 1 4 210 0 0
 2782 24742.000 95136.000 0 0 3.497 54.116 189.277 13.757 0 1 4 210 0 0
 2783 24486.000 96888.000 0 0 9.101 220.820 2009.748 44.830 0 1 4 210 0 0
 2784 24555.000 95391.000 0 0 3.093 50.635 156.641 12.515 0 1 4 210 0 0
 2785 24572.000 95140.000 0 0 3.029 47.009 142.398 11.933 0 1 4 210 0 0
 2786 49860.000 43182.000 0 0 13.614 12.014 163.567 12.789 0 1 2 210 0 0
 2787 24311.000 96970.000 0 0 9.296 232.212 2158.719 46.462 0 1 4 210 0 0
 2788 24385.000 95414.000 0 0 3.518 57.996 204.044 14.284 0 1 4 210 0 0
 2789 24400.000 95147.000 0 0 3.024 47.116 142.519 11.938 0 1 4 210 0 0
 2790 49798.000 43008.000 0 0 139.331 122.731 17100.431 130.768 0 1 2 210 0 0
 2791 163018.000 57603.000 0 0 28.445 42.279 1202.644 34.679 0 1 5 210 0 0
 2792 24140.000 97058.000 0 0 9.027 232.739 2100.948 45.836 0 1 4 210 0 0
 2793 24216.000 95408.000 0 0 4.402 72.653 319.859 17.884 0 1 4 210 0 0
 2794 24229.000 95152.000 0 0 2.557 39.960 102.188 10.108 0 1 4 210 0 0
 2795 49692.000 42877.000 0 0 134.178 118.170 15855.852 125.920 0 1 2 210 0 0
 2796 163161.000 57511.000 0 0 42.770 63.578 2719.268 52.146 0 1 5 210 0 0
 2797 23966.000 97116.000 0 0 8.987 236.914 2129.306 46.144 0 1 4 210 0 0
 2798 24044.000 95405.000 0 0 4.405 72.817 320.798 17.910 0 1 4 210 0 0
 2799 24059.000 95155.000 0 0 2.787 43.689 121.799 11.036 0 1 4 210 0 0
 2800 163309.000 57426.000 0 0 48.986 72.844 3568.364 59.735 0 1 5 210 0 0
 2801 23794.000 97193.000 0 0 8.614 233.798 2014.053 44.878 0 1 4 210 0 0
 2802 23874.000 95400.000 0 0 2.646 43.795 115.922 10.766 0 1 4 210 0 0
 2803 23889.000 95157.000 0 0 2.554 40.139 102.521 10.125 0 1 4 210 0 0
 2804 163456.000 57340.000 0 0 44.996 66.931 3011.678 54.878 0 1 5 210 0 0
 2805 23623.000 97261.000 0 0 8.668 241.645 2094.624 45.767 0 1 4 210 0 0
 2806 23704.000 95399.000 0 0 1.985 32.924 65.378 8.085 0 1 4 210 0 0
 2807 23718.000 95161.000 0 0 2.552 40.230 102.670 10.132 0 1 4 210 0 0
 2808 50657.000 41366.000 0 0 11.239 9.458 106.310 10.310 0 1 2 210 0 0
 2809 163600.000 57251.000 0 0 34.837 51.829 1805.599 42.492 0 1 5 210 0 0
 2810 23450.000 97338.000 0 0 7.786 223.849 1743.089 41.750 0 1 4 210 0 0
 2811 23534.000 95391.000 0 0 1.767 29.315 51.807 7.197 0 1 4 210 0 0
 2812 23547.000 95166.000 0 0 2.549 40.320 102.793 10.138 0 1 4 210 0 0
 2813 50594.000 41197.000 0 0 200.145 168.164 33657.461 183.459 0 1 2 210 0 0
 2814 163759.000 57184.000 0 0 38.995 58.069 2264.455 47.586 0 1 5 210 0 0
 2815 23277.000 97413.000 0 0 7.815 231.708 1810.889 42.554 0 1 4 210 0 0
 2816 23361.000 95437.000 0 0 3.062 51.436 157.545 12.551 0 1 4 210 0 0
 2817 23377.000 95171.000 0 0 2.778 44.082 122.467 11.066 0 1 4 210 0 0
 2818 50516.000 41040.000 0 0 197.843 166.046 32851.282 181.249 0 1 2 210 0 0
 2819 163906.000 57094.000 0 0 45.256 67.405 3050.565 55.231 0 1 5 210 0 0
 2820 23105.000 97488.000 0 0 7.346 224.859 1652.005 40.644 0 1 4 210 0 0
 2821 23192.000 95430.000 0 0 4.163 69.953 291.218 17.065 0 1 4 210 0 0
 2822 23206.000 95174.000 0 0 2.545 40.500 103.083 10.153 0 1 4 210 0 0
 2823 50411.000 40906.000 0 0 8.509 7.141 60.769 7.795 0 1 2 210 0 0
 2824 164051.000 57007.000 0 0 47.398 70.613 3346.946 57.852 0 1 5 210 0 0
 2825 22932.000 97555.000 0 0 7.268 229.056 1664.869 40.802 0 1 4 210 0 0
 2826 23021.000 95431.000 0 0 4.599 77.487 356.436 18.879 0 1 4 210 0 0
 2827 23037.000 95176.000 0 0 3.007 47.965 144.235 12.009 0 1 4 210 0 0
 2828 164202.000 56927.000 0 0 49.561 73.871 3661.164 60.507 0 1 5 210 0 0
 2829 22760.000 97629.000 0 0 6.593 214.762 1416.027 37.630 0 1 4 210 0 0
 2830 22851.000 95432.000 0 0 5.036 85.053 428.374 20.697 0 1 4 210 0 0
 2831 22865.000 95179.000 0 0 2.773 44.376 123.084 11.094 0 1 4 210 0 0
 2832 164360.000 56858.000 0 0 28.945 43.180 1249.853 35.353 0 1 5 210 0 0
 2833 22589.000 97698.000 0 0 6.181 207.800 1284.576 35.840 0 1 4 210 0 0
 2834 22680.000 95440.000 0 0 4.153 70.420 292.473 17.101 0 1 4 210 0 0
 2835 22694.000 95183.000 0 0 2.771 44.474 123.255 11.102 0 1 4 210 0 0
 2836 164505.000 56768.000 0 0 26.943 40.201 1083.175 32.911 0 1 5 210 0 0
 2837 22416.000 97775.000 0 0 6.613 230.589 1525.071 39.052 0 1 4 210 0 0
 2838 22511.000 95440.000 0 0 4.591 78.001 358.110 18.923 0 1 4 210 0 0
 2839 22524.000 95184.000 0 0 2.770 44.572 123.502 11.113 0 1 4 210 0 0
 2840 164649.000 56678.000 0 0 45.695 68.190 3115.956 55.820 0 1 5 210 0 0
 2841 22244.000 97853.000 0 0 5.764 208.725 1203.143 34.686 0 1 4 210 0 0
 2842 22339.000 95446.000 0 0 4.366 74.452 325.063 18.029 0 1 4 210 0 0
 2843 22354.000 95188.000 0 0 2.537 40.949 103.928 10.194 0 1 4 210 0 0
 2844 164793.000 56588.000 0 0 39.537 59.010 2333.167 48.302 0 1 5 210 0 0
 2845 22073.000 97926.000 0 0 5.668 212.937 1207.026 34.742 0 1 4 210 0 0
 2846 22169.000 95448.000 0 0 4.800 82.075 393.981 19.848 0 1 4 210 0 0
 2847 22183.000 95193.000 0 0 2.535 41.039 104.052 10.200 0 1 4 210 0 0
 2848 164943.000 56506.000 0 0 39.612 59.148 2343.029 48.404 0 1 5 210 0 0
 2849 21901.000 97975.000 0 0 6.118 235.864 1443.113 37.988 0 1 4 210 0 0
 2850 21997.000 95462.000 0 0 5.221 89.732 468.525 21.645 0 1 4 210 0 0
 2851 22013.000 95194.000 0 0 2.534 41.128 104.257 10.210 0 1 4 210 0 0
 2852 165080.000 56405.000 0 0 10.456 15.609 163.218 12.775 0 1 5 210 0 0
 2853 165100.000 56436.000 0 0 12.526 18.718 234.470 15.312 0 1 5 210 0 0
 2854 21730.000 98060.000 0 0 4.929 198.854 980.307 31.309 0 1 4 210 0 0
 2855 21733.000 97898.000 0 0 0.705 26.255 18.514 4.302 0 1 4 210 0 0
 2856 21828.000 95462.000 0 0 5.439 93.691 509.673 22.575 0 1 4 210 0 0
 2857 21842.000 95197.000 0 0 2.763 44.964 124.259 11.147 0 1 4 210 0 0
 2858 165243.000 56343.000 0 0 6.286 9.395 59.068 7.685 0 1 5 210 0 0
 2859 21558.000 98133.000 0 0 4.834 203.049 981.554 31.329 0 1 4 210 0 0
 2860 21564.000 97891.000 0 0 1.314 48.883 64.265 8.016 0 1 4 210 0 0
 2861 21658.000 95464.000 0 0 4.783 82.614 395.195 19.879 0 1 4 210 0 0
 2862 21672.000 95197.000 0 0 2.533 41.309 104.650 10.229 0 1 4 210 0 0
 2863 165385.000 56249.000 0 0 27.267 40.749 1111.130 33.333 0 1 5 210 0 0
 2864 21386.000 98203.000 0 0 4.393 192.192 844.384 29.058 0 1 4 210 0 0
 2865 21394.000 97889.000 0 0 1.012 37.688 38.161 6.177 0 1 4 210 0 0
 2866 21487.000 95471.000 0 0 4.342 75.269 326.854 18.079 0 1 4 210 0 0
 2867 21502.000 95202.000 0 0 2.530 41.398 104.769 10.235 0 1 4 210 0 0
 2868 21215.000 98275.000 0 0 4.382 200.160 877.242 29.618 0 1 4 210 0 0
 2869 21317.000 95469.000 0 0 4.778 82.973 396.492 19.912 0 1 4 210 0 0
 2870 21332.000 95205.000 0 0 2.758 45.258 124.865 11.174 0 1 4 210 0 0
 2871 21499.000 92887.000 0 0 2.045 22.571 46.166 6.794 0 1 21 210 0 0
 2872 21044.000 98350.000 0 0 4.271 204.380 873.017 29.546 0 1 4 210 0 0
 2873 21147.000 95464.000 0 0 5.218 90.710 473.368 21.757 0 1 4 210 0 0
 2874 21160.000 95207.000 0 0 2.757 45.357 125.087 11.184 0 1 4 210 0 0
 2875 21327.000 92890.000 0 0 5.112 56.571 289.239 17.007 0 1 21 210 0 0
 2876 20872.000 98431.000 0 0 3.762 189.656 713.594 26.713 0 1 4 210 0 0
 2877 20976.000 95456.000 0 0 4.574 79.546 363.906 19.076 0 1 4 210 0 0
 2878 20990.000 95212.000 0 0 2.754 45.454 125.226 11.190 0 1 4 210 0 0
 2879 21157.000 92898.000 0 0 5.107 56.694 289.540 17.015 0 1 21 210 0 0
 2880 20701.000 98504.000 0 0 3.874 205.268 795.219 28.199 0 1 4 210 0 0
 2881 20807.000 95453.000 0 0 3.052 53.150 162.219 12.736 0 1 25 210 0 0
 2882 20820.000 95220.000 0 0 2.979 49.347 147.027 12.125 0 1 25 210 0 0
 2883 20985.000 92905.000 0 0 6.802 75.750 515.301 22.700 0 1 21 210 0 0
 2884 20530.000 98566.000 0 0 3.851 213.328 821.556 28.662 0 1 4 210 0 0
 2885 20638.000 95446.000 0 0 3.274 57.067 186.894 13.670 0 1 25 210 0 0
 2886 20650.000 95214.000 0 0 2.983 49.453 147.529 12.146 0 1 25 210 0 0
 2887 20795.000 93129.000 0 0 1.975 22.774 44.996 6.707 0 1 21 210 0 0
 2888 20805.000 93019.000 0 0 3.347 37.971 127.111 11.274 0 1 21 210 0 0
 2889 20815.000 92905.000 0 0 6.802 75.913 516.418 22.724 0 1 21 210 0 0
 2890 20359.000 98639.000 0 0 3.523 206.152 726.297 26.949 0 1 4 210 0 0
 2891 20467.000 95447.000 0 0 3.056 53.378 163.135 12.772 0 1 25 210 0 0
 2892 20479.000 95215.000 0 0 2.982 49.559 147.817 12.158 0 1 25 210 0 0
 2893 20636.000 93002.000 0 0 23.147 262.506 6076.281 77.950 0 1 21 210 0 0
 2894 20188.000 98711.000 0 0 3.398 210.420 715.199 26.743 0 1 4 210 0 0
 2895 20295.000 95454.000 0 0 2.833 49.674 140.763 11.864 0 1 25 210 0 0
 2896 20309.000 95217.000 0 0 2.981 49.665 148.072 12.168 0 1 25 210 0 0
 2897 20456.000 93100.000 0 0 2.645 30.495 80.672 8.981 0 1 21 210 0 0
 2898 20461.000 93051.000 0 0 5.330 61.006 325.177 18.032 0 1 21 210 0 0
 2899 20468.000 92967.000 0 0 8.091 91.491 740.294 27.208 0 1 21 210 0 0
 2900 20475.000 92893.000 0 0 4.429 49.562 219.548 14.817 0 1 21 210 0 0
 2901 20018.000 98769.000 0 0 3.187 207.035 659.975 25.689 0 1 4 210 0 0
 2902 20125.000 95475.000 0 0 4.988 88.059 439.289 20.959 0 1 25 210 0 0
 2903 20139.000 95218.000 0 0 3.209 53.599 172.051 13.116 0 1 25 210 0 0
 2904 20292.000 93035.000 0 0 1.668 19.098 31.876 5.645 0 1 21 210 0 0
 2905 20302.000 92922.000 0 0 3.393 38.212 129.678 11.387 0 1 21 210 0 0
 2906 19847.000 98839.000 0 0 3.062 211.319 647.183 25.439 0 1 4 210 0 0
 2907 19954.000 95475.000 0 0 5.424 95.937 520.415 22.812 0 1 25 210 0 0
 2908 19968.000 95218.000 0 0 2.751 46.042 126.669 11.254 0 1 25 210 0 0
 2909 20131.000 92919.000 0 0 4.752 53.604 254.775 15.961 0 1 21 210 0 0
 2910 19675.000 98913.000 0 0 2.761 204.074 563.593 23.740 0 1 4 210 0 0
 2911 19784.000 95477.000 0 0 4.986 88.434 440.983 20.999 0 1 25 210 0 0
 2912 19799.000 95223.000 0 0 2.977 49.983 148.839 12.199 0 1 25 210 0 0
 2913 19960.000 92920.000 0 0 2.714 30.685 83.294 9.126 0 1 21 210 0 0
 2914 19505.000 98983.000 0 0 2.341 185.218 433.689 20.825 0 1 4 210 0 0
 2915 19616.000 95454.000 0 0 3.051 53.949 164.637 12.831 0 1 25 210 0 0
 2916 19627.000 95224.000 0 0 2.976 50.090 149.098 12.210 0 1 25 210 0 0
 2917 19334.000 99033.000 0 0 2.735 228.152 624.045 24.980 0 1 4 210 0 0
 2918 19445.000 95454.000 0 0 2.833 50.204 142.241 11.926 0 1 25 210 0 0
 2919 19456.000 95224.000 0 0 2.747 46.337 127.324 11.283 0 1 25 210 0 0
 2920 19164.000 99125.000 0 0 1.971 182.128 359.072 18.949 0 1 4 210 0 0
 2921 19274.000 95457.000 0 0 2.831 50.310 142.450 11.935 0 1 25 210 0 0
 2922 19287.000 95227.000 0 0 2.746 46.435 127.512 11.292 0 1 25 210 0 0
 2923 18993.000 99192.000 0 0 1.782 178.633 318.400 17.843 0 1 4 210 0 0
 2924 19104.000 95467.000 0 0 2.390 42.663 101.998 10.099 0 1 25 210 0 0
 2925 19116.000 95225.000 0 0 3.204 54.285 173.975 13.189 0 1 25 210 0 0
 2926 18823.000 99264.000 0 0 1.694 186.787 316.496 17.790 0 1 4 210 0 0
 2927 18933.000 95464.000 0 0 2.175 38.868 84.539 9.194 0 1 25 210 0 0
 2928 18946.000 95223.000 0 0 3.663 62.168 227.781 15.092 0 1 25 210 0 0
 2929 18652.000 99339.000 0 0 1.553 191.078 296.909 17.231 0 1 4 210 0 0
 2930 18763.000 95461.000 0 0 1.958 35.056 68.675 8.287 0 1 25 210 0 0
 2931 18777.000 95226.000 0 0 2.746 46.728 128.348 11.329 0 1 25 210 0 0
 2932 18483.000 99401.000 0 0 1.408 191.477 269.737 16.423 0 1 4 210 0 0
 2933 18594.000 95464.000 0 0 1.087 19.505 21.204 4.604 0 1 25 210 0 0
 2934 18605.000 95228.000 0 0 2.745 46.826 128.567 11.338 0 1 25 210 0 0
 2935 18311.000 99459.000 0 0 1.531 231.046 353.875 18.811 0 1 4 210 0 0
 2936 18312.000 99317.000 0 0 0.196 23.488 4.618 2.148 0 1 4 210 0 0
 2937 18422.000 95473.000 0 0 2.170 39.113 84.907 9.214 0 1 25 210 0 0
 2938 18435.000 95230.000 0 0 2.287 39.107 89.450 9.457 0 1 25 210 0 0
 2939 18142.000 99527.000 0 0 1.317 227.602 299.836 17.315 0 1 4 210 0 0
 2940 18252.000 95470.000 0 0 2.389 43.112 103.010 10.149 0 1 25 210 0 0
 2941 18266.000 95229.000 0 0 2.745 47.022 129.078 11.361 0 1 25 210 0 0
 2942 181728.000 105792.000 0 0 2.221 31.342 69.626 8.344 0 1 26 210 0 0
 2943 17973.000 99597.000 0 0 1.005 204.468 205.513 14.335 0 1 4 210 0 0
 2944 18082.000 95466.000 0 0 2.174 39.276 85.394 9.240 0 1 25 210 0 0
 2945 18094.000 95233.000 0 0 2.514 43.195 108.609 10.421 0 1 25 210 0 0
 2946 181902.000 105751.000 0 0 2.481 35.335 87.683 9.363 0 1 26 210 0 0
 2947 181897.000 105824.000 0 0 6.142 86.369 530.503 23.032 0 1 26 210 0 0
 2948 17802.000 99664.000 0 0 0.806 197.014 158.903 12.605 0 1 4 210 0 0
 2949 17913.000 95468.000 0 0 2.390 43.291 103.485 10.172 0 1 25 210 0 0
 2950 17924.000 95232.000 0 0 2.514 43.285 108.859 10.433 0 1 25 210 0 0
 2951 182068.000 105822.000 0 0 10.327 145.562 1503.313 38.772 0 1 26 210 0 0
 2952 17632.000 99743.000 0 0 0.617 197.422 121.945 11.042 0 1 4 210 0 0
 2953 17741.000 95467.000 0 0 2.825 51.266 144.851 12.035 0 1 25 210 0 0
 2954 17755.000 95234.000 0 0 2.513 43.375 109.038 10.442 0 1 25 210 0 0
 2955 182234.000 105880.000 0 0 11.840 165.567 1960.329 44.275 0 1 26 210 0 0
 2956 17462.000 99805.000 0 0 0.497 209.696 104.340 10.214 0 1 4 210 0 0
 2957 17571.000 95464.000 0 0 2.609 47.421 123.770 11.125 0 1 25 210 0 0
 2958 17584.000 95235.000 0 0 2.284 39.515 90.291 9.502 0 1 25 210 0 0
 2959 182401.000 105921.000 0 0 8.515 118.501 1009.085 31.766 0 1 26 210 0 0
 2960 17292.000 99879.000 0 0 0.261 178.420 46.650 6.830 0 1 4 210 0 0
 2961 17401.000 95468.000 0 0 2.390 43.561 104.134 10.204 0 1 25 210 0 0
 2962 17414.000 95233.000 0 0 2.742 47.512 130.322 11.415 0 1 25 210 0 0
 2963 182569.000 105961.000 0 0 4.572 63.329 289.577 17.016 0 1 26 210 0 0
 2964 17122.000 99947.000 0 0 0.125 194.674 24.390 4.938 0 1 4 210 0 0
 2965 17231.000 95458.000 0 0 2.178 39.684 86.437 9.297 0 1 25 210 0 0
 2966 17244.000 95232.000 0 0 3.200 55.542 177.764 13.332 0 1 25 210 0 0
 2967 16952.000 100021.000 0 0 0.051 199.053 10.241 3.200 0 1 4 210 0 0
 2968 17062.000 95445.000 0 0 1.746 31.796 55.537 7.452 0 1 25 210 0 0
 2969 17073.000 95235.000 0 0 2.741 47.708 130.807 11.437 0 1 25 210 0 0
 2970 17184.000 93524.000 0 0 2.172 27.781 60.359 7.769 0 1 23 210 0 0
 2971 16783.000 100086.000 0 0 0.206 199.458 41.243 6.422 0 1 4 210 0 0
 2972 16900.000 95283.000 0 0 1.130 19.911 22.510 4.744 0 1 25 210 0 0
 2973 16903.000 95229.000 0 0 3.659 63.734 233.268 15.273 0 1 25 210 0 0
 2974 17014.000 93518.000 0 0 1.864 23.861 44.478 6.669 0 1 23 210 0 0
 2975 16613.000 100158.000 0 0 0.409 215.850 88.323 9.398 0 1 4 210 0 0
 2976 16732.000 95244.000 0 0 5.472 95.789 524.176 22.894 0 1 25 210 0 0
 2977 16843.000 93527.000 0 0 2.171 27.895 60.581 7.783 0 1 23 210 0 0
 2978 16444.000 100226.000 0 0 0.587 216.287 127.004 11.269 0 1 4 210 0 0
 2979 16562.000 95241.000 0 0 4.791 83.989 402.428 20.060 0 1 25 210 0 0
 2980 16671.000 93532.000 0 0 3.101 39.953 123.919 11.131 0 1 23 210 0 0
 2981 16275.000 100297.000 0 0 0.756 212.711 160.850 12.682 0 1 4 210 0 0
 2982 16392.000 95235.000 0 0 3.883 68.133 264.569 16.265 0 1 25 210 0 0
 2983 16502.000 93531.000 0 0 3.722 48.037 178.804 13.371 0 1 23 210 0 0
 2984 16103.000 100355.000 0 0 0.902 213.148 192.469 13.873 0 1 4 210 0 0
 2985 16222.000 95238.000 0 0 3.880 68.272 264.946 16.277 0 1 25 210 0 0
 2986 16331.000 93534.000 0 0 4.339 56.154 243.694 15.610 0 1 23 210 0 0
 2987 15935.000 100420.000 0 0 1.027 205.519 211.144 14.530 0 1 4 210 0 0
 2988 16051.000 95253.000 0 0 5.689 100.616 572.485 23.926 0 1 25 210 0 0
 2989 16160.000 93535.000 0 0 4.029 52.251 210.531 14.509 0 1 23 210 0 0
 2990 15765.000 100488.000 0 0 1.312 226.118 296.775 17.227 0 1 4 210 0 0
 2991 15880.000 95248.000 0 0 5.695 100.821 574.267 23.963 0 1 25 210 0 0
 2992 15989.000 93541.000 0 0 3.096 40.279 124.742 11.168 0 1 23 210 0 0
 2993 15597.000 100569.000 0 0 1.393 206.343 287.456 16.954 0 1 4 210 0 0
 2994 15698.000 95500.000 0 0 4.314 80.819 348.689 18.673 0 1 25 210 0 0
 2995 15709.000 95270.000 0 0 6.803 121.222 824.713 28.717 0 1 25 210 0 0
 2996 15819.000 93541.000 0 0 3.096 40.361 124.996 11.180 0 1 23 210 0 0
 2997 15427.000 100624.000 0 0 1.527 206.760 315.733 17.768 0 1 4 210 0 0
 2998 15528.000 95489.000 0 0 4.541 85.030 386.148 19.650 0 1 25 210 0 0
 2999 15533.000 95379.000 0 0 1.550 28.335 43.925 6.627 0 1 25 210 0 0
 3000 15540.000 95265.000 0 0 8.172 145.750 1191.153 34.513 0 1 25 210 0 0
 3001 15648.000 93546.000 0 0 1.546 20.211 31.257 5.590 0 1 23 210 0 0
 3002 15258.000 100689.000 0 0 1.718 211.233 362.984 19.052 0 1 4 210 0 0
 3003 15357.000 95487.000 0 0 4.327 81.146 351.126 18.738 0 1 25 210 0 0
 3004 15363.000 95377.000 0 0 1.772 32.448 57.512 7.583 0 1 25 210 0 0
 3005 15368.000 95273.000 0 0 8.837 158.214 1398.144 37.391 0 1 25 210 0 0
 3006 15479.000 93546.000 0 0 2.785 36.474 101.589 10.079 0 1 23 210 0 0
 3007 15088.000 100760.000 0 0 1.894 211.658 401.063 20.026 0 1 4 210 0 0
 3008 15187.000 95482.000 0 0 3.898 73.180 285.316 16.891 0 1 25 210 0 0
 3009 15197.000 95295.000 0 0 10.376 187.003 1940.389 44.049 0 1 25 210 0 0
 3010 15308.000 93538.000 0 0 4.027 52.782 212.584 14.580 0 1 23 210 0 0
 3011 14919.000 100824.000 0 0 2.016 208.003 419.522 20.482 0 1 4 210 0 0
 3012 15016.000 95494.000 0 0 4.320 81.473 352.005 18.761 0 1 25 210 0 0
 3013 15027.000 95282.000 0 0 9.046 162.924 1473.970 38.392 0 1 25 210 0 0
 3014 15136.000 93553.000 0 0 2.782 36.622 101.892 10.094 0 1 23 210 0 0
 3015 14750.000 100895.000 0 0 2.104 200.244 421.372 20.527 0 1 4 210 0 0
 3016 14847.000 95489.000 0 0 4.325 81.635 353.103 18.791 0 1 25 210 0 0
 3017 14857.000 95281.000 0 0 9.049 163.250 1477.287 38.435 0 1 25 210 0 0
 3018 14965.000 93560.000 0 0 3.705 48.921 181.263 13.463 0 1 23 210 0 0
 3019 14582.000 100950.000 0 0 2.369 212.920 504.487 22.460 0 1 4 210 0 0
 3020 14677.000 95484.000 0 0 4.546 85.886 390.507 19.761 0 1 25 210 0 0
 3021 14688.000 95264.000 0 0 7.265 130.868 950.833 30.835 0 1 25 210 0 0
 3022 14795.000 93558.000 0 0 3.397 44.935 152.676 12.356 0 1 23 210 0 0
 3023 14412.000 101011.000 0 0 2.472 209.243 517.368 22.745 0 1 4 210 0 0
 3024 14506.000 95476.000 0 0 5.204 98.350 511.861 22.624 0 1 25 210 0 0
 3025 14519.000 95233.000 0 0 3.428 61.466 210.729 14.516 0 1 25 210 0 0
 3026 14624.000 93560.000 0 0 3.705 49.117 181.992 13.490 0 1 23 210 0 0
 3027 14242.000 101074.000 0 0 2.677 213.766 572.336 23.923 0 1 4 210 0 0
 3028 14337.000 95472.000 0 0 5.644 106.775 602.679 24.549 0 1 25 210 0 0
 3029 14350.000 95220.000 0 0 2.521 45.170 113.884 10.671 0 1 25 210 0 0
 3030 14454.000 93560.000 0 0 3.705 49.215 182.358 13.503 0 1 23 210 0 0
 3031 14073.000 101148.000 0 0 2.808 210.070 590.066 24.291 0 1 4 210 0 0
 3032 14168.000 95464.000 0 0 5.654 106.985 604.947 24.595 0 1 25 210 0 0
 3033 14180.000 95219.000 0 0 2.521 45.260 114.134 10.683 0 1 25 210 0 0
 3034 14283.000 93566.000 0 0 4.010 53.421 214.235 14.636 0 1 23 210 0 0
 3035 13904.000 101215.000 0 0 2.914 206.357 601.345 24.522 0 1 4 210 0 0
 3036 13997.000 95463.000 0 0 5.655 107.199 606.302 24.623 0 1 25 210 0 0
 3037 14009.000 95218.000 0 0 2.522 45.350 114.386 10.695 0 1 25 210 0 0
 3038 14112.000 93564.000 0 0 3.703 49.411 182.975 13.526 0 1 23 210 0 0
 3039 13735.000 101272.000 0 0 3.171 215.031 682.058 26.116 0 1 4 210 0 0
 3040 13827.000 95459.000 0 0 5.660 107.411 608.050 24.658 0 1 25 210 0 0
 3041 13839.000 95212.000 0 0 2.295 41.310 94.847 9.738 0 1 25 210 0 0
 3042 13942.000 93566.000 0 0 3.393 45.385 154.018 12.410 0 1 23 210 0 0
 3043 13566.000 101333.000 0 0 3.323 215.452 716.040 26.758 0 1 4 210 0 0
 3044 13657.000 95454.000 0 0 5.885 111.760 657.746 25.646 0 1 25 210 0 0
 3045 13669.000 95208.000 0 0 2.068 37.255 77.050 8.777 0 1 25 210 0 0
 3046 13772.000 93562.000 0 0 3.395 45.475 154.420 12.426 0 1 23 210 0 0
 3047 13398.000 101404.000 0 0 3.569 220.021 785.363 28.024 0 1 4 210 0 0
 3048 13487.000 95449.000 0 0 5.891 111.980 659.783 25.686 0 1 25 210 0 0
 3049 13499.000 95213.000 0 0 2.066 37.328 77.123 8.781 0 1 25 210 0 0
 3050 13601.000 93569.000 0 0 3.700 49.706 183.926 13.561 0 1 23 210 0 0
 3051 13230.000 101470.000 0 0 3.736 220.448 823.726 28.700 0 1 4 210 0 0
 3052 13318.000 95446.000 0 0 5.239 99.716 522.487 22.857 0 1 25 210 0 0
 3053 13329.000 95205.000 0 0 2.299 41.555 95.551 9.775 0 1 25 210 0 0
 3054 13430.000 93569.000 0 0 3.083 41.507 127.998 11.313 0 1 23 210 0 0
 3055 13060.000 101542.000 0 0 3.400 191.714 651.948 25.533 0 1 4 210 0 0
 3056 13146.000 95450.000 0 0 6.107 116.585 712.083 26.684 0 1 25 210 0 0
 3057 13159.000 95205.000 0 0 2.299 41.637 95.740 9.784 0 1 25 210 0 0
 3058 13261.000 93570.000 0 0 3.083 41.588 128.229 11.323 0 1 23 210 0 0
 3059 12893.000 101615.000 0 0 3.640 196.259 714.505 26.730 0 1 4 210 0 0
 3060 12977.000 95444.000 0 0 5.897 112.641 664.310 25.774 0 1 25 210 0 0
 3061 12989.000 95202.000 0 0 2.070 37.548 77.758 8.818 0 1 25 210 0 0
 3062 13090.000 93566.000 0 0 4.318 58.329 251.882 15.870 0 1 23 210 0 0
 3063 12725.000 101673.000 0 0 3.770 196.637 741.489 27.230 0 1 4 210 0 0
 3064 12807.000 95435.000 0 0 5.471 104.504 571.799 23.912 0 1 25 210 0 0
 3065 12819.000 95202.000 0 0 2.070 37.621 77.909 8.826 0 1 25 210 0 0
 3066 12918.000 93579.000 0 0 3.694 50.098 185.067 13.603 0 1 23 210 0 0
 3067 12555.000 101738.000 0 0 3.999 201.210 804.840 28.369 0 1 4 210 0 0
 3068 12637.000 95440.000 0 0 6.340 121.453 770.058 27.749 0 1 25 210 0 0
 3069 12648.000 95199.000 0 0 2.302 41.881 96.425 9.819 0 1 25 210 0 0
 3070 12749.000 93577.000 0 0 3.387 46.015 155.894 12.485 0 1 23 210 0 0
 3071 12386.000 101800.000 0 0 4.142 201.598 835.064 28.897 0 1 4 210 0 0
 3072 12466.000 95438.000 0 0 6.562 125.886 826.079 28.741 0 1 25 210 0 0
 3073 12479.000 95195.000 0 0 2.304 41.962 96.693 9.833 0 1 25 210 0 0
 3074 12579.000 93570.000 0 0 2.775 37.725 104.694 10.232 0 1 23 210 0 0
 3075 12217.000 101861.000 0 0 4.551 214.607 976.755 31.253 0 1 4 210 0 0
 3076 12297.000 95441.000 0 0 6.993 134.535 940.914 30.674 0 1 25 210 0 0
 3077 12308.000 95192.000 0 0 2.075 37.842 78.531 8.861 0 1 25 210 0 0
 3078 12408.000 93579.000 0 0 2.771 37.799 104.753 10.234 0 1 23 210 0 0
 3079 12050.000 101922.000 0 0 4.791 219.232 1050.531 32.411 0 1 4 210 0 0
 3080 12126.000 95444.000 0 0 7.207 139.010 1001.974 31.653 0 1 25 210 0 0
 3081 12138.000 95189.000 0 0 2.306 42.126 97.173 9.857 0 1 25 210 0 0
 3082 12237.000 93577.000 0 0 3.695 50.490 186.577 13.659 0 1 23 210 0 0
 3083 11881.000 101983.000 0 0 5.038 223.875 1127.908 33.584 0 1 4 210 0 0
 3084 11955.000 95442.000 0 0 7.429 143.498 1066.189 32.652 0 1 25 210 0 0
 3085 11968.000 95184.000 0 0 2.309 42.207 97.463 9.872 0 1 25 210 0 0
 3086 12067.000 93578.000 0 0 3.694 50.588 186.913 13.671 0 1 23 210 0 0
 3087 11711.000 102051.000 0 0 5.014 215.844 1082.319 32.898 0 1 4 210 0 0
 3088 11785.000 95449.000 0 0 8.072 156.458 1262.941 35.537 0 1 25 210 0 0
 3089 11798.000 95184.000 0 0 2.309 42.289 97.653 9.881 0 1 25 210 0 0
 3090 11896.000 93580.000 0 0 3.385 46.464 157.324 12.542 0 1 23 210 0 0
 3091 11544.000 102108.000 0 0 5.256 220.493 1158.989 34.043 0 1 4 210 0 0
 3092 11616.000 95440.000 0 0 7.650 148.287 1134.502 33.682 0 1 25 210 0 0
 3093 11629.000 95178.000 0 0 2.080 38.135 79.356 8.908 0 1 25 210 0 0
 3094 11725.000 93571.000 0 0 4.315 59.245 255.657 15.989 0 1 23 210 0 0
 3095 11375.000 102172.000 0 0 5.415 220.913 1196.334 34.588 0 1 4 210 0 0
 3096 11446.000 95419.000 0 0 5.490 106.135 582.736 24.139 0 1 25 210 0 0
 3097 11458.000 95175.000 0 0 2.313 42.452 98.214 9.910 0 1 25 210 0 0
 3098 11555.000 93567.000 0 0 4.934 67.836 334.759 18.296 0 1 23 210 0 0
 3099 11208.000 102238.000 0 0 5.258 208.565 1096.732 33.116 0 1 4 210 0 0
 3100 11276.000 95417.000 0 0 6.152 119.094 732.727 27.068 0 1 25 210 0 0
 3101 11288.000 95173.000 0 0 2.083 38.282 79.747 8.930 0 1 25 210 0 0
 3102 11385.000 93581.000 0 0 3.693 50.981 188.280 13.721 0 1 23 210 0 0
 3103 11039.000 102293.000 0 0 5.496 213.224 1172.059 34.235 0 1 4 210 0 0
 3104 11097.000 95623.000 0 0 1.678 34.083 57.206 7.563 0 1 25 210 0 0
 3105 11106.000 95413.000 0 0 6.157 119.323 734.789 27.106 0 1 25 210 0 0
 3106 11118.000 95168.000 0 0 2.085 38.356 79.983 8.943 0 1 25 210 0 0
 3107 11214.000 93576.000 0 0 4.004 55.334 221.559 14.884 0 1 23 210 0 0
 3108 10871.000 102360.000 0 0 5.769 217.899 1257.211 35.457 0 1 4 210 0 0
 3109 10926.000 95623.000 0 0 1.678 34.149 57.304 7.569 0 1 25 210 0 0
 3110 10936.000 95409.000 0 0 6.163 119.551 736.854 27.145 0 1 25 210 0 0
 3111 10949.000 95168.000 0 0 2.085 38.429 80.135 8.951 0 1 25 210 0 0
 3112 11044.000 93581.000 0 0 3.385 46.914 158.827 12.602 0 1 23 210 0 0
 3113 10703.000 102429.000 0 0 5.705 209.751 1196.779 34.594 0 1 4 210 0 0
 3114 10756.000 95622.000 0 0 1.889 38.512 72.764 8.530 0 1 25 210 0 0
 3115 10766.000 95408.000 0 0 5.944 115.503 686.635 26.203 0 1 25 210 0 0
 3116 10778.000 95164.000 0 0 2.087 38.502 80.355 8.964 0 1 25 210 0 0
 3117 10873.000 93582.000 0 0 3.384 47.004 159.109 12.613 0 1 23 210 0 0
 3118 10534.000 102499.000 0 0 5.272 188.709 994.963 31.543 0 1 4 210 0 0
 3119 10586.000 95622.000 0 0 1.889 38.585 72.904 8.538 0 1 25 210 0 0
 3120 10597.000 95403.000 0 0 6.390 124.290 794.339 28.184 0 1 25 210 0 0
 3121 10608.000 95159.000 0 0 2.089 38.576 80.592 8.977 0 1 25 210 0 0
 3122 10703.000 93579.000 0 0 4.002 55.652 222.734 14.924 0 1 23 210 0 0
 3123 10367.000 102568.000 0 0 5.785 201.948 1168.446 34.182 0 1 4 210 0 0
 3124 10415.000 95632.000 0 0 1.885 38.659 72.877 8.536 0 1 25 210 0 0
 3125 10425.000 95408.000 0 0 6.384 124.529 795.024 28.196 0 1 25 210 0 0
 3126 10437.000 95163.000 0 0 2.087 38.650 80.681 8.982 0 1 25 210 0 0
 3127 10533.000 93587.000 0 0 3.689 51.470 189.918 13.781 0 1 23 210 0 0
 3128 10198.000 102621.000 0 0 5.654 193.723 1095.382 33.096 0 1 4 210 0 0
 3129 10245.000 95617.000 0 0 2.101 43.033 90.444 9.510 0 1 25 210 0 0
 3130 10256.000 95394.000 0 0 6.182 120.464 744.821 27.291 0 1 25 210 0 0
 3131 10269.000 95148.000 0 0 2.326 43.022 100.095 10.004 0 1 25 210 0 0
 3132 10364.000 93570.000 0 0 4.932 68.750 339.079 18.414 0 1 23 210 0 0
 3133 10030.000 102683.000 0 0 5.918 198.397 1174.144 34.265 0 1 4 210 0 0
 3134 10072.000 95663.000 0 0 1.039 21.547 22.396 4.732 0 1 25 210 0 0
 3135 10075.000 95608.000 0 0 3.579 73.281 262.321 16.196 0 1 25 210 0 0
 3136 10086.000 95392.000 0 0 5.080 99.126 503.629 22.441 0 1 25 210 0 0
 3137 10097.000 95146.000 0 0 2.094 38.796 81.272 9.015 0 1 25 210 0 0
 3138 10193.000 93565.000 0 0 5.244 73.185 383.816 19.591 0 1 23 210 0 0
 3139 9863.000 102741.000 0 0 6.307 207.403 1308.217 36.169 0 1 4 210 0 0
 3140 9905.000 95621.000 0 0 5.668 116.617 661.040 25.710 0 1 25 210 0 0
 3141 9917.000 95382.000 0 0 4.870 94.995 462.655 21.509 0 1 25 210 0 0
 3142 9928.000 95142.000 0 0 2.096 38.869 81.493 9.027 0 1 25 210 0 0
 3143 10022.000 93575.000 0 0 3.388 47.453 160.809 12.681 0 1 23 210 0 0
 3144 9694.000 102797.000 0 0 6.839 220.776 1509.975 38.858 0 1 4 210 0 0
 3145 9735.000 95620.000 0 0 5.880 121.163 712.443 26.691 0 1 25 210 0 0
 3146 9747.000 95378.000 0 0 5.318 103.825 552.144 23.497 0 1 25 210 0 0
 3147 9758.000 95137.000 0 0 2.098 38.942 81.731 9.040 0 1 25 210 0 0
 3148 9851.000 93577.000 0 0 3.387 47.543 161.064 12.691 0 1 23 210 0 0
 3149 9526.000 102872.000 0 0 6.470 203.843 1319.050 36.318 0 1 4 210 0 0
 3150 9565.000 95608.000 0 0 6.737 138.726 934.714 30.573 0 1 25 210 0 0
 3151 9576.000 95376.000 0 0 5.542 108.376 600.647 24.508 0 1 25 210 0 0
 3152 9588.000 95133.000 0 0 2.100 39.016 81.953 9.052 0 1 25 210 0 0
 3153 9682.000 93574.000 0 0 3.389 47.632 161.444 12.706 0 1 23 210 0 0
 3154 9360.000 102926.000 0 0 7.153 221.593 1585.224 39.814 0 1 4 210 0 0
 3155 9394.000 95602.000 0 0 6.958 143.330 997.334 31.580 0 1 25 210 0 0
 3156 9407.000 95374.000 0 0 5.321 104.216 554.610 23.550 0 1 25 210 0 0
 3157 9418.000 95128.000 0 0 2.102 39.089 82.192 9.065 0 1 25 210 0 0
 3158 9510.000 93573.000 0 0 3.081 43.386 133.708 11.563 0 1 23 210 0 0
 3159 9191.000 102991.000 0 0 7.169 217.654 1560.415 39.502 0 1 4 210 0 0
 3160 9225.000 95596.000 0 0 6.756 139.247 940.843 30.673 0 1 25 210 0 0
 3161 9237.000 95370.000 0 0 5.326 104.412 556.144 23.582 0 1 25 210 0 0
 3162 9248.000 95125.000 0 0 2.103 39.162 82.398 9.077 0 1 25 210 0 0
 3163 9340.000 93571.000 0 0 4.006 56.501 226.395 15.046 0 1 23 210 0 0
 3164 9024.000 103044.000 0 0 7.298 218.055 1591.421 39.892 0 1 4 210 0 0
 3165 9055.000 95596.000 0 0 8.234 170.016 1400.067 37.417 0 1 25 210 0 0
 3166 9066.000 95362.000 0 0 5.335 104.608 558.163 23.625 0 1 25 210 0 0
 3167 9077.000 95118.000 0 0 1.871 34.857 65.247 8.077 0 1 25 210 0 0
 3168 9171.000 93571.000 0 0 3.698 52.254 193.274 13.902 0 1 23 210 0 0
 3169 8854.000 103098.000 0 0 6.832 200.989 1373.290 37.057 0 1 4 210 0 0
 3170 8886.000 95581.000 0 0 8.898 183.454 1632.527 40.404 0 1 25 210 0 0
 3171 8896.000 95356.000 0 0 5.119 100.438 514.240 22.676 0 1 25 210 0 0
 3172 8908.000 95111.000 0 0 2.110 39.309 82.947 9.107 0 1 25 210 0 0
 3173 9000.000 93564.000 0 0 4.319 61.074 263.835 16.243 0 1 23 210 0 0
 3174 8687.000 103162.000 0 0 6.973 201.357 1404.135 37.471 0 1 4 210 0 0
 3175 8716.000 95564.000 0 0 8.080 166.275 1343.581 36.654 0 1 25 210 0 0
 3176 8726.000 95353.000 0 0 4.900 96.251 471.678 21.718 0 1 25 210 0 0
 3177 8739.000 95107.000 0 0 2.580 48.129 124.199 11.144 0 1 25 210 0 0
 3178 8829.000 93572.000 0 0 5.238 74.297 389.194 19.728 0 1 23 210 0 0
 3179 8519.000 103225.000 0 0 6.803 192.960 1312.815 36.232 0 1 4 210 0 0
 3180 8515.000 103096.000 0 0 0.741 21.920 16.262 4.032 0 1 4 210 0 0
 3181 8514.000 103058.000 0 0 0.879 26.305 23.136 4.809 0 1 4 210 0 0
 3182 8541.000 95666.000 0 0 1.246 26.297 32.772 5.724 0 1 25 210 0 0
 3183 8547.000 95550.000 0 0 8.748 179.754 1572.527 39.655 0 1 25 210 0 0
 3184 8556.000 95350.000 0 0 4.903 96.430 472.872 21.745 0 1 25 210 0 0
 3185 8568.000 95108.000 0 0 2.111 39.456 83.307 9.127 0 1 25 210 0 0
 3186 8659.000 93563.000 0 0 5.554 78.812 437.757 20.922 0 1 23 210 0 0
 3187 8352.000 103286.000 0 0 7.719 215.272 1661.743 40.764 0 1 4 210 0 0
 3188 8343.000 103102.000 0 0 1.040 30.746 32.001 5.656 0 1 4 210 0 0
 3189 8371.000 95661.000 0 0 1.872 39.541 74.052 8.605 0 1 25 210 0 0
 3190 8376.000 95538.000 0 0 8.770 180.089 1579.432 39.742 0 1 25 210 0 0
 3191 8386.000 95344.000 0 0 4.686 92.219 432.216 20.789 0 1 25 210 0 0
 3192 8399.000 95096.000 0 0 2.821 52.698 148.689 12.193 0 1 25 210 0 0
 3193 8488.000 93567.000 0 0 3.392 48.261 163.739 12.796 0 1 23 210 0 0
 3194 8184.000 103348.000 0 0 8.026 220.068 1766.468 42.029 0 1 4 210 0 0
 3195 8201.000 95660.000 0 0 2.497 52.812 131.875 11.483 0 1 25 210 0 0
 3196 8208.000 95514.000 0 0 9.892 202.414 2002.413 44.748 0 1 25 210 0 0
 3197 8216.000 95339.000 0 0 4.469 87.992 393.269 19.831 0 1 25 210 0 0
 3198 8229.000 95095.000 0 0 2.117 39.603 83.840 9.156 0 1 25 210 0 0
 3199 8318.000 93563.000 0 0 3.394 48.351 164.147 12.811 0 1 23 210 0 0
 3200 8016.000 103410.000 0 0 7.683 207.246 1592.438 39.905 0 1 4 210 0 0
 3201 8032.000 95663.000 0 0 1.455 30.851 44.889 6.699 0 1 25 210 0 0
 3202 8038.000 95508.000 0 0 8.829 180.754 1596.031 39.950 0 1 25 210 0 0
 3203 8046.000 95330.000 0 0 4.477 88.155 394.679 19.866 0 1 25 210 0 0
 3204 8059.000 95085.000 0 0 2.592 48.488 125.691 11.211 0 1 25 210 0 0
 3205 8149.000 93566.000 0 0 3.393 48.441 164.374 12.820 0 1 23 210 0 0
 3206 7849.000 103475.000 0 0 7.998 212.038 1695.902 41.181 0 1 4 210 0 0
 3207 7861.000 95656.000 0 0 1.457 30.908 45.045 6.711 0 1 25 210 0 0
 3208 7868.000 95512.000 0 0 9.897 203.164 2010.905 44.843 0 1 25 210 0 0
 3209 7876.000 95325.000 0 0 4.258 83.903 357.314 18.902 0 1 25 210 0 0
 3210 7889.000 95081.000 0 0 2.594 48.578 126.027 11.226 0 1 25 210 0 0
 3211 7978.000 93561.000 0 0 3.704 52.941 196.129 14.004 0 1 23 210 0 0
 3212 7680.000 103536.000 0 0 8.476 221.275 1875.539 43.307 0 1 4 210 0 0
 3213 7691.000 95648.000 0 0 1.878 39.834 74.827 8.650 0 1 25 210 0 0
 3214 7698.000 95507.000 0 0 10.125 207.962 2105.659 45.887 0 1 25 210 0 0
 3215 7706.000 95320.000 0 0 4.711 92.903 437.701 20.921 0 1 25 210 0 0
 3216 7719.000 95076.000 0 0 2.833 53.090 150.409 12.264 0 1 25 210 0 0
 3217 7808.000 93561.000 0 0 3.395 48.620 165.113 12.849 0 1 23 210 0 0
 3218 7514.000 103598.000 0 0 8.798 226.107 1989.390 44.602 0 1 4 210 0 0
 3219 7521.000 95654.000 0 0 1.458 31.022 45.233 6.725 0 1 25 210 0 0
 3220 7528.000 95506.000 0 0 9.480 195.051 1849.135 43.001 0 1 25 210 0 0
 3221 7536.000 95317.000 0 0 4.714 93.075 438.798 20.947 0 1 25 210 0 0
 3222 7549.000 95071.000 0 0 2.835 53.187 150.840 12.281 0 1 25 210 0 0
 3223 7638.000 93558.000 0 0 3.397 48.710 165.496 12.864 0 1 23 210 0 0
 3224 7346.000 103657.000 0 0 8.415 213.196 1794.173 42.357 0 1 4 210 0 0
 3225 7351.000 95652.000 0 0 1.876 39.981 75.036 8.662 0 1 25 210 0 0
 3226 7358.000 95498.000 0 0 9.497 195.410 1855.896 43.080 0 1 25 210 0 0
 3227 7366.000 95315.000 0 0 4.491 88.807 398.904 19.972 0 1 25 210 0 0
 3228 7379.000 95066.000 0 0 2.838 53.285 151.272 12.299 0 1 25 210 0 0
 3229 7466.000 93560.000 0 0 3.396 48.800 165.754 12.874 0 1 23 210 0 0
 3230 7178.000 103710.000 0 0 8.716 218.031 1900.509 43.594 0 1 4 210 0 0
 3231 7181.000 95646.000 0 0 1.669 35.585 59.410 7.707 0 1 25 210 0 0
 3232 7189.000 95490.000 0 0 9.514 195.766 1862.647 43.158 0 1 25 210 0 0
 3233 7196.000 95307.000 0 0 4.499 88.969 400.323 20.008 0 1 25 210 0 0
 3234 7208.000 95058.000 0 0 2.843 53.383 151.799 12.320 0 1 25 210 0 0
 3235 7297.000 93558.000 0 0 4.015 57.775 231.988 15.231 0 1 23 210 0 0
 3236 7010.000 103766.000 0 0 8.847 218.425 1932.570 43.961 0 1 4 210 0 0
 3237 7011.000 95640.000 0 0 1.881 40.128 75.503 8.689 0 1 25 210 0 0
 3238 7020.000 95474.000 0 0 10.416 213.946 2228.550 47.207 0 1 25 210 0 0
 3239 7026.000 95306.000 0 0 4.725 93.588 442.279 21.030 0 1 25 210 0 0
 3240 7039.000 95054.000 0 0 2.845 53.481 152.200 12.336 0 1 25 210 0 0
 3241 7126.000 93553.000 0 0 3.709 53.431 198.196 14.078 0 1 23 210 0 0
 3242 6843.000 103828.000 0 0 8.624 209.888 1810.229 42.546 0 1 4 210 0 0
 3243 6841.000 95637.000 0 0 1.882 40.201 75.694 8.700 0 1 25 210 0 0
 3244 6848.000 95477.000 0 0 9.325 192.020 1790.715 42.316 0 1 25 210 0 0
 3245 6856.000 95293.000 0 0 4.287 84.831 363.699 19.070 0 1 25 210 0 0
 3246 6869.000 95046.000 0 0 2.850 53.578 152.726 12.358 0 1 25 210 0 0
 3247 6956.000 93549.000 0 0 4.021 57.987 233.171 15.269 0 1 23 210 0 0
 3248 6675.000 103884.000 0 0 8.007 192.377 1540.551 39.249 0 1 4 210 0 0
 3249 6670.000 95637.000 0 0 1.673 35.780 59.861 7.737 0 1 25 210 0 0
 3250 6678.000 95473.000 0 0 10.634 219.204 2331.201 48.282 0 1 25 210 0 0
 3251 6686.000 95290.000 0 0 4.290 84.986 364.601 19.094 0 1 25 210 0 0
 3252 6699.000 95039.000 0 0 2.616 49.205 128.753 11.346 0 1 25 210 0 0
 3253 6786.000 93542.000 0 0 4.644 67.027 311.285 17.643 0 1 23 210 0 0
 3254 6508.000 103946.000 0 0 8.135 192.722 1567.884 39.596 0 1 4 210 0 0
 3255 6500.000 95634.000 0 0 1.674 35.845 60.012 7.746 0 1 25 210 0 0
 3256 6509.000 95470.000 0 0 10.206 210.641 2150.008 46.368 0 1 25 210 0 0
 3257 6516.000 95286.000 0 0 4.293 85.141 365.581 19.120 0 1 25 210 0 0
 3258 6529.000 95030.000 0 0 3.097 58.254 180.442 13.432 0 1 25 210 0 0
 3259 6617.000 93535.000 0 0 5.269 76.099 400.986 20.024 0 1 23 210 0 0
 3260 6339.000 104011.000 0 0 8.654 202.046 1748.643 41.816 0 1 4 210 0 0
 3261 6330.000 95640.000 0 0 2.508 53.889 135.200 11.627 0 1 25 210 0 0
 3262 6338.000 95471.000 0 0 10.180 210.535 2143.439 46.297 0 1 25 210 0 0
 3263 6346.000 95287.000 0 0 3.389 67.344 228.258 15.108 0 1 25 210 0 0
 3264 6360.000 95026.000 0 0 2.623 49.384 129.563 11.382 0 1 25 210 0 0
 3265 6446.000 93544.000 0 0 3.714 53.822 199.931 14.139 0 1 23 210 0 0
 3266 6173.000 104073.000 0 0 8.396 193.413 1623.991 40.298 0 1 4 210 0 0
 3267 6168.000 95463.000 0 0 9.787 202.416 1981.174 44.510 0 1 25 210 0 0
 3268 6176.000 95278.000 0 0 3.395 67.466 229.114 15.136 0 1 25 210 0 0
 3269 6190.000 95021.000 0 0 2.864 53.969 154.623 12.434 0 1 25 210 0 0
 3270 6276.000 93537.000 0 0 4.337 62.902 272.867 16.518 0 1 23 210 0 0
 3271 6005.000 104127.000 0 0 9.298 211.776 1969.222 44.375 0 1 4 210 0 0
 3272 5999.000 95460.000 0 0 10.230 211.790 2166.790 46.548 0 1 25 210 0 0
 3273 6006.000 95271.000 0 0 3.401 67.588 229.871 15.161 0 1 25 210 0 0
 3274 6019.000 95031.000 0 0 5.002 94.602 473.207 21.753 0 1 25 210 0 0
 3275 6106.000 93530.000 0 0 4.962 72.016 357.377 18.904 0 1 23 210 0 0
 3276 5838.000 104186.000 0 0 9.231 207.641 1916.747 43.780 0 1 4 210 0 0
 3277 5829.000 95450.000 0 0 10.470 216.685 2268.737 47.631 0 1 25 210 0 0
 3278 5836.000 95267.000 0 0 3.403 67.710 230.485 15.181 0 1 25 210 0 0
 3279 5849.000 95026.000 0 0 5.245 99.285 520.836 22.821 0 1 25 210 0 0
 3280 5935.000 93525.000 0 0 4.656 67.639 314.968 17.747 0 1 23 210 0 0
 3281 5672.000 104255.000 0 0 8.772 194.446 1705.821 41.301 0 1 4 210 0 0
 3282 5658.000 95445.000 0 0 10.701 221.600 2371.352 48.696 0 1 25 210 0 0
 3283 5666.000 95261.000 0 0 3.634 72.353 262.998 16.217 0 1 25 210 0 0
 3284 5679.000 95023.000 0 0 5.010 94.944 475.700 21.810 0 1 25 210 0 0
 3285 5765.000 93534.000 0 0 3.719 54.214 201.673 14.201 0 1 23 210 0 0
 3286 5504.000 104306.000 0 0 9.496 208.378 1978.965 44.485 0 1 4 210 0 0
 3287 5489.000 95437.000 0 0 10.720 221.998 2379.896 48.784 0 1 25 210 0 0
 3288 5497.000 95251.000 0 0 3.415 67.954 232.103 15.234 0 1 25 210 0 0
 3289 5509.000 95011.000 0 0 5.980 113.250 677.260 26.024 0 1 25 210 0 0
 3290 5595.000 93524.000 0 0 4.346 63.359 275.411 16.595 0 1 23 210 0 0
 3291 5336.000 104366.000 0 0 9.420 204.210 1923.722 43.860 0 1 4 210 0 0
 3292 5320.000 95432.000 0 0 10.949 226.933 2484.852 49.848 0 1 25 210 0 0
 3293 5327.000 95247.000 0 0 3.417 68.077 232.670 15.253 0 1 25 210 0 0
 3294 5339.000 95007.000 0 0 5.985 113.454 679.035 26.058 0 1 25 210 0 0
 3295 5426.000 93516.000 0 0 4.973 72.538 360.759 18.993 0 1 23 210 0 0
 3296 5170.000 104424.000 0 0 9.544 204.570 1952.613 44.188 0 1 4 210 0 0
 3297 5148.000 95435.000 0 0 11.162 231.889 2588.476 50.877 0 1 25 210 0 0
 3298 5158.000 95246.000 0 0 3.646 72.743 265.265 16.286 0 1 25 210 0 0
 3299 5169.000 95005.000 0 0 6.226 118.202 735.947 27.128 0 1 25 210 0 0
 3300 5256.000 93522.000 0 0 4.658 68.128 317.399 17.815 0 1 23 210 0 0;
ProcessEquipmentIDList 1
  "6632" ;
SummarySpec 5
  TESTNO    NDEFECT    DEFDENSITY    NDIE    NDEFDIE  ;
SummaryList 
  1    3300    12.07    1    1  ;
EndOfFile;
