FileVersion 1 2;
FileTimestamp 01-07-26 19:42:58;
InspectionStationID "KLA-Tencor" "SFSSP1" "0901-0728-TBI";
SampleType WAFER;
ResultTimestamp 01-07-26 19:30:09;
LotID "2580";
SampleSize 1 200;
DeviceID "None";
SetupID "T2-2580NR" 01-07-26 19:30:09;
StepID "6545";
SampleOrientationMarkType NOTCH;
OrientationMarkLocation DOWN;
DiePitch 200000 200000;
DieOrigin 0 0;
WaferID "22";
Slot 22;
SampleCenterLocation 100000 100000;
ClassLookup 1
  0 "0"  ;
OrientationInstructions "Front";
CoordinatesMirrored No;
InspectionTest 1;
SampleTestPlan 1
  0 0 ;
AreaPerTest 2.7352e+010;
ClusterClassificationList 3
  1 210 
  3 200 
  2 210 ;
DefectRecordSpec 15 DEFECTID XREL YREL XINDEX YINDEX XSIZE YSIZE DEFECTAREA DSIZE CLASSNUMBER TEST CLUSTERNUMBER ROUGHBINNUMBER FINEBINNUMBER REVIEWSAMPLE ;
DefectList
 1 96325.000 97388.000 0 0 0.000 0.000 0.000 0.142 0 1 0 0 0 0
 2 103202.000 95698.000 0 0 0.000 0.000 0.000 0.139 0 1 0 0 0 0
 3 99210.000 93862.000 0 0 0.000 0.000 0.000 0.133 0 1 0 0 0 0
 4 94583.000 102136.000 0 0 0.000 0.000 0.000 0.132 0 1 0 0 0 0
 5 100293.000 107965.000 0 0 0.000 0.000 0.000 0.145 0 1 0 0 0 0
 6 109390.000 95267.000 0 0 0.000 0.000 0.000 0.137 0 1 0 0 0 0
 7 100079.000 86178.000 0 0 0.000 0.000 0.000 0.144 0 1 0 0 0 0
 8 113834.000 103507.000 0 0 0.000 0.000 0.000 0.139 0 1 0 0 0 0
 9 84929.000 103848.000 0 0 0.000 0.000 0.000 0.142 0 1 0 0 0 0
 10 115421.000 102972.000 0 0 0.000 0.000 0.000 0.135 0 1 0 0 0 0
 11 115906.000 102812.000 0 0 0.000 0.000 0.000 0.136 0 1 0 0 0 0
 12 115787.000 102857.000 0 0 0.000 0.000 0.000 0.135 0 1 0 0 0 0
 13 116274.000 102689.000 0 0 0.000 0.000 0.000 0.138 0 1 0 0 0 0
 14 97649.000 82708.000 0 0 0.000 0.000 0.000 0.130 0 1 0 0 0 0
 15 83179.000 104361.000 0 0 0.000 0.000 0.000 0.133 0 1 0 0 0 0
 16 115356.000 108689.000 0 0 0.000 0.000 0.000 0.132 0 1 0 0 0 0
 17 104214.000 117561.000 0 0 0.000 0.000 0.000 0.133 0 1 0 0 0 0
 18 88969.000 115138.000 0 0 0.000 0.000 0.000 0.138 0 1 0 0 0 0
 19 119095.000 101776.000 0 0 0.000 0.000 0.000 0.157 0 1 0 0 0 0
 20 119025.000 101799.000 0 0 0.000 0.000 0.000 0.166 0 1 0 0 0 0
 21 83014.000 88648.000 0 0 0.000 0.000 0.000 0.148 0 1 0 0 0 0
 22 80470.000 92476.000 0 0 0.000 0.000 0.000 0.143 0 1 0 0 0 0
 23 89031.000 81800.000 0 0 0.000 0.000 0.000 0.131 0 1 0 0 0 0
 24 122319.000 96396.000 0 0 0.000 0.000 0.000 0.134 0 1 0 0 0 0
 25 93450.000 77602.000 0 0 0.000 0.000 0.000 0.132 0 1 0 0 0 0
 26 110486.000 79248.000 0 0 0.000 0.000 0.000 0.132 0 1 0 0 0 0
 27 120196.000 112390.000 0 0 0.000 0.000 0.000 0.137 0 1 0 0 0 0
 28 121949.000 112306.000 0 0 0.000 0.000 0.000 0.130 0 1 0 0 0 0
 29 74488.000 93629.000 0 0 0.000 0.000 0.000 0.139 0 1 0 0 0 0
 30 124175.000 110808.000 0 0 0.000 0.000 0.000 0.148 0 1 0 0 0 0
 31 90392.000 124459.000 0 0 0.000 0.000 0.000 0.131 0 1 0 0 0 0
 32 99683.000 126396.000 0 0 0.000 0.000 0.000 0.131 0 1 0 0 0 0
 33 113432.000 76485.000 0 0 0.000 0.000 0.000 0.137 0 1 0 0 0 0
 34 127493.000 101819.000 0 0 0.000 0.000 0.000 0.146 0 1 0 0 0 0
 35 124476.000 86392.000 0 0 0.000 0.000 0.000 0.133 0 1 0 0 0 0
 36 75361.000 86470.000 0 0 0.000 0.000 0.000 0.141 0 1 0 0 0 0
 37 127887.000 106071.000 0 0 0.000 0.000 0.000 0.148 0 1 0 0 0 0
 38 108247.000 127549.000 0 0 38.000 54.000 2052.000 45.299 0 1 1 210 0 0
 39 79827.000 120760.000 0 0 0.000 0.000 0.000 0.150 0 1 0 0 0 0
 40 113634.000 125859.000 0 0 44.000 56.000 2464.000 49.638 0 1 1 210 0 0
 41 113232.000 126066.000 0 0 44.000 56.000 2464.000 49.638 0 1 1 210 0 0
 42 112869.000 126245.000 0 0 44.000 56.000 2464.000 49.638 0 1 1 210 0 0
 43 114249.000 125629.000 0 0 46.000 54.000 2484.000 49.839 0 1 1 210 0 0
 44 109742.000 127669.000 0 0 40.000 54.000 2160.000 46.475 0 1 1 210 0 0
 45 114150.000 125675.000 0 0 46.000 54.000 2484.000 49.839 0 1 1 210 0 0
 46 113967.000 125746.000 0 0 44.000 54.000 2376.000 48.744 0 1 1 210 0 0
 47 109278.000 127876.000 0 0 38.000 54.000 2052.000 45.299 0 1 1 210 0 0
 48 109868.000 127612.000 0 0 40.000 56.000 2240.000 47.328 0 1 1 210 0 0
 49 109645.000 127722.000 0 0 40.000 54.000 2160.000 46.475 0 1 1 210 0 0
 50 109148.000 127931.000 0 0 38.000 54.000 2052.000 45.299 0 1 1 210 0 0
 51 108857.000 128024.000 0 0 38.000 54.000 2052.000 45.299 0 1 1 210 0 0
 52 108066.000 128433.000 0 0 36.000 56.000 2016.000 44.899 0 1 1 210 0 0
 53 115576.000 125075.000 0 0 48.000 56.000 2688.000 51.845 0 1 1 210 0 0
 54 107960.000 128467.000 0 0 36.000 56.000 2016.000 44.899 0 1 1 210 0 0
 55 107492.000 128593.000 0 0 36.000 56.000 2016.000 44.899 0 1 1 210 0 0
 56 76266.000 117868.000 0 0 0.000 0.000 0.000 0.133 0 1 0 0 0 0
 57 122315.000 79947.000 0 0 0.000 0.000 0.000 0.131 0 1 0 0 0 0
 58 107281.000 128776.000 0 0 36.000 54.000 1944.000 44.090 0 1 1 210 0 0
 59 106826.000 128933.000 0 0 34.000 54.000 1836.000 42.848 0 1 1 210 0 0
 60 106488.000 129163.000 0 0 34.000 54.000 1836.000 42.848 0 1 1 210 0 0
 61 93015.000 70343.000 0 0 0.000 0.000 0.000 0.132 0 1 0 0 0 0
 62 105405.000 129576.000 0 0 32.000 54.000 1728.000 41.569 0 1 1 210 0 0
 63 105333.000 129589.000 0 0 32.000 54.000 1728.000 41.569 0 1 1 210 0 0
 64 121109.000 121590.000 0 0 52.000 52.000 2704.000 52.000 0 1 1 210 0 0
 65 116768.000 124989.000 0 0 46.000 54.000 2484.000 49.839 0 1 1 210 0 0
 66 119790.000 123192.000 0 0 52.000 54.000 2808.000 52.990 0 1 1 210 0 0
 67 119699.000 123217.000 0 0 52.000 54.000 2808.000 52.990 0 1 1 210 0 0
 68 119657.000 123252.000 0 0 52.000 54.000 2808.000 52.990 0 1 1 210 0 0
 69 119604.000 123296.000 0 0 52.000 54.000 2808.000 52.990 0 1 1 210 0 0
 70 119509.000 123376.000 0 0 52.000 54.000 2808.000 52.990 0 1 1 210 0 0
 71 119453.000 123392.000 0 0 50.000 54.000 2700.000 51.961 0 1 1 210 0 0
 72 120046.000 123129.000 0 0 52.000 52.000 2704.000 52.000 0 1 1 210 0 0
 73 118613.000 124187.000 0 0 50.000 54.000 2700.000 51.961 0 1 1 210 0 0
 74 119994.000 123151.000 0 0 52.000 52.000 2704.000 52.000 0 1 1 210 0 0
 75 118503.000 124224.000 0 0 50.000 54.000 2700.000 51.961 0 1 1 210 0 0
 76 118385.000 124268.000 0 0 50.000 54.000 2700.000 51.961 0 1 1 210 0 0
 77 118305.000 124322.000 0 0 50.000 54.000 2700.000 51.961 0 1 1 210 0 0
 78 118216.000 124388.000 0 0 48.000 56.000 2688.000 51.845 0 1 1 210 0 0
 79 120675.000 122818.000 0 0 50.000 54.000 2700.000 51.961 0 1 1 210 0 0
 80 118830.000 124137.000 0 0 50.000 54.000 2700.000 51.961 0 1 1 210 0 0
 81 103664.000 130446.000 0 0 28.000 52.000 1456.000 38.157 0 1 1 210 0 0
 82 103517.000 130512.000 0 0 28.000 52.000 1456.000 38.157 0 1 1 210 0 0
 83 103288.000 130568.000 0 0 28.000 52.000 1456.000 38.157 0 1 1 210 0 0
 84 97693.000 68714.000 0 0 0.000 0.000 0.000 0.141 0 1 0 0 0 0
 85 119883.000 123628.000 0 0 52.000 54.000 2808.000 52.990 0 1 1 210 0 0
 86 102910.000 130777.000 0 0 28.000 52.000 1456.000 38.157 0 1 1 210 0 0
 87 121415.000 122545.000 0 0 52.000 54.000 2808.000 52.990 0 1 1 210 0 0
 88 102785.000 130789.000 0 0 28.000 52.000 1456.000 38.157 0 1 1 210 0 0
 89 120343.000 123422.000 0 0 52.000 52.000 2704.000 52.000 0 1 1 210 0 0
 90 102556.000 130960.000 0 0 28.000 50.000 1400.000 37.416 0 1 1 210 0 0
 91 121996.000 122281.000 0 0 52.000 52.000 2704.000 52.000 0 1 1 210 0 0
 92 120850.000 123205.000 0 0 50.000 54.000 2700.000 51.961 0 1 1 210 0 0
 93 129323.000 111565.000 0 0 0.000 0.000 0.000 0.134 0 1 0 0 0 0
 94 122424.000 122096.000 0 0 52.000 52.000 2704.000 52.000 0 1 1 210 0 0
 95 122326.000 122162.000 0 0 52.000 52.000 2704.000 52.000 0 1 1 210 0 0
 96 122103.000 122175.000 0 0 52.000 52.000 2704.000 52.000 0 1 1 210 0 0
 97 110867.000 129668.000 0 0 0.000 0.000 0.000 0.133 0 1 0 0 0 0
 98 122766.000 122019.000 0 0 52.000 52.000 2704.000 52.000 0 1 1 210 0 0
 99 122592.000 122053.000 0 0 52.000 52.000 2704.000 52.000 0 1 1 210 0 0
 100 101217.000 131573.000 0 0 24.000 50.000 1200.000 34.641 0 1 1 210 0 0
 101 101299.000 131563.000 0 0 26.000 50.000 1300.000 36.055 0 1 1 210 0 0
 102 123089.000 121843.000 0 0 54.000 52.000 2808.000 52.990 0 1 1 210 0 0
 103 105505.000 68072.000 0 0 0.000 0.000 0.000 0.139 0 1 0 0 0 0
 104 123560.000 121640.000 0 0 54.000 50.000 2700.000 51.961 0 1 1 210 0 0
 105 123449.000 121687.000 0 0 54.000 50.000 2700.000 51.961 0 1 1 210 0 0
 106 122922.000 122324.000 0 0 52.000 52.000 2704.000 52.000 0 1 1 210 0 0
 107 122812.000 122429.000 0 0 52.000 52.000 2704.000 52.000 0 1 1 210 0 0
 108 123091.000 122244.000 0 0 54.000 52.000 2808.000 52.990 0 1 1 210 0 0
 109 123808.000 121520.000 0 0 54.000 50.000 2700.000 51.961 0 1 1 210 0 0
 110 124290.000 121345.000 0 0 52.000 52.000 2704.000 52.000 0 1 1 210 0 0
 111 123935.000 121491.000 0 0 54.000 50.000 2700.000 51.961 0 1 1 210 0 0
 112 124128.000 121397.000 0 0 52.000 50.000 2600.000 50.990 0 1 1 210 0 0
 113 99809.000 132254.000 0 0 24.000 51.000 1224.000 34.985 0 1 1 210 0 0
 114 124748.000 121085.000 0 0 54.000 52.000 2808.000 52.990 0 1 1 210 0 0
 115 124670.000 121175.000 0 0 52.000 52.000 2704.000 52.000 0 1 1 210 0 0
 116 124556.000 121220.000 0 0 52.000 52.000 2704.000 52.000 0 1 1 210 0 0
 117 125017.000 121012.000 0 0 54.000 52.000 2808.000 52.990 0 1 1 210 0 0
 118 67537.000 94914.000 0 0 0.000 0.000 0.000 0.135 0 1 0 0 0 0
 119 81974.000 72288.000 0 0 0.000 0.000 0.000 0.135 0 1 0 0 0 0
 120 125410.000 120828.000 0 0 54.000 50.000 2700.000 51.961 0 1 1 210 0 0
 121 125272.000 120924.000 0 0 54.000 50.000 2700.000 51.961 0 1 1 210 0 0
 122 125676.000 120705.000 0 0 54.000 50.000 2700.000 51.961 0 1 1 210 0 0
 123 126541.000 120397.000 0 0 54.000 50.000 2700.000 51.961 0 1 1 210 0 0
 124 126915.000 120259.000 0 0 54.000 50.000 2700.000 51.961 0 1 1 210 0 0
 125 77420.000 74396.000 0 0 0.000 0.000 0.000 0.144 0 1 0 0 0 0
 126 127790.000 120340.000 0 0 56.000 48.000 2688.000 51.845 0 1 1 210 0 0
 127 127536.000 120403.000 0 0 56.000 48.000 2688.000 51.845 0 1 1 210 0 0
 128 128135.000 120187.000 0 0 54.000 48.000 2592.000 50.911 0 1 1 210 0 0
 129 127946.000 120255.000 0 0 56.000 48.000 2688.000 51.845 0 1 1 210 0 0
 130 127665.000 120436.000 0 0 56.000 48.000 2688.000 51.845 0 1 1 210 0 0
 131 128315.000 120123.000 0 0 54.000 48.000 2592.000 50.911 0 1 1 210 0 0
 132 107047.000 65536.000 0 0 0.000 0.000 0.000 0.141 0 1 0 0 0 0
 133 135110.000 103390.000 0 0 0.000 0.000 0.000 0.138 0 1 0 0 0 0
 134 123709.000 73412.000 0 0 0.000 0.000 0.000 0.143 0 1 0 0 0 0
 135 134714.000 108931.000 0 0 0.000 0.000 0.000 0.132 0 1 0 0 0 0
 136 70633.000 120555.000 0 0 0.000 0.000 0.000 0.136 0 1 0 0 0 0
 137 86831.000 66196.000 0 0 0.000 0.000 0.000 0.145 0 1 0 0 0 0
 138 70492.000 120623.000 0 0 0.000 0.000 0.000 0.139 0 1 0 0 0 0
 139 95002.000 135681.000 0 0 30.000 52.000 1560.000 39.496 0 1 1 210 0 0
 140 136364.000 102046.000 0 0 0.000 0.000 0.000 0.135 0 1 0 0 0 0
 141 131634.000 118330.000 0 0 56.000 46.000 2576.000 50.754 0 1 1 210 0 0
 142 91509.000 135704.000 0 0 34.000 54.000 1836.000 42.848 0 1 1 210 0 0
 143 73595.000 73807.000 0 0 0.000 0.000 0.000 0.137 0 1 0 0 0 0
 144 132087.000 118144.000 0 0 54.000 46.000 2484.000 49.839 0 1 1 210 0 0
 145 132502.000 117968.000 0 0 54.000 46.000 2484.000 49.839 0 1 1 210 0 0
 146 132374.000 118033.000 0 0 54.000 46.000 2484.000 49.839 0 1 1 210 0 0
 147 132785.000 117833.000 0 0 54.000 44.000 2376.000 48.744 0 1 1 210 0 0
 148 132573.000 117932.000 0 0 54.000 46.000 2484.000 49.839 0 1 1 210 0 0
 149 128066.000 124781.000 0 0 0.000 0.000 0.000 0.148 0 1 0 0 0 0
 150 133004.000 117764.000 0 0 56.000 44.000 2464.000 49.638 0 1 1 210 0 0
 151 132903.000 117823.000 0 0 54.000 44.000 2376.000 48.744 0 1 1 210 0 0
 152 91277.000 136356.000 0 0 34.000 54.000 1836.000 42.848 0 1 1 210 0 0
 153 133248.000 117676.000 0 0 56.000 44.000 2464.000 49.638 0 1 1 210 0 0
 154 133131.000 117724.000 0 0 56.000 44.000 2464.000 49.638 0 1 1 210 0 0
 155 91088.000 136460.000 0 0 34.000 54.000 1836.000 42.848 0 1 1 210 0 0
 156 133480.000 117598.000 0 0 56.000 44.000 2464.000 49.638 0 1 1 210 0 0
 157 90870.000 136601.000 0 0 36.000 54.000 1944.000 44.090 0 1 1 210 0 0
 158 133693.000 117522.000 0 0 56.000 44.000 2464.000 49.638 0 1 1 210 0 0
 159 61936.000 104734.000 0 0 0.000 0.000 0.000 0.136 0 1 0 0 0 0
 160 89741.000 136805.000 0 0 36.000 56.000 2016.000 44.899 0 1 1 210 0 0
 161 68055.000 121680.000 0 0 0.000 0.000 0.000 0.170 0 1 0 0 0 0
 162 89561.000 137251.000 0 0 36.000 56.000 2016.000 44.899 0 1 1 210 0 0
 163 89475.000 137295.000 0 0 36.000 56.000 2016.000 44.899 0 1 1 210 0 0
 164 135046.000 116979.000 0 0 56.000 42.000 2352.000 48.497 0 1 1 210 0 0
 165 89358.000 137338.000 0 0 36.000 56.000 2016.000 44.899 0 1 1 210 0 0
 166 89174.000 137438.000 0 0 36.000 56.000 2016.000 44.899 0 1 1 210 0 0
 167 89025.000 137521.000 0 0 38.000 54.000 2052.000 45.299 0 1 1 210 0 0
 168 88870.000 137609.000 0 0 38.000 54.000 2052.000 45.299 0 1 1 210 0 0
 169 88756.000 137618.000 0 0 38.000 54.000 2052.000 45.299 0 1 1 210 0 0
 170 137397.000 113112.000 0 0 0.000 0.000 0.000 0.130 0 1 0 0 0 0
 171 88463.000 137794.000 0 0 38.000 54.000 2052.000 45.299 0 1 1 210 0 0
 172 88374.000 137848.000 0 0 38.000 54.000 2052.000 45.299 0 1 1 210 0 0
 173 131985.000 123797.000 0 0 0.000 0.000 0.000 0.136 0 1 0 0 0 0
 174 136233.000 116522.000 0 0 54.000 42.000 2268.000 47.623 0 1 1 210 0 0
 175 88193.000 137941.000 0 0 38.000 54.000 2052.000 45.299 0 1 1 210 0 0
 176 88107.000 137955.000 0 0 38.000 54.000 2052.000 45.299 0 1 1 210 0 0
 177 136541.000 116382.000 0 0 54.000 42.000 2268.000 47.623 0 1 1 210 0 0
 178 87920.000 138056.000 0 0 38.000 54.000 2052.000 45.299 0 1 1 210 0 0
 179 87763.000 138146.000 0 0 38.000 54.000 2052.000 45.299 0 1 1 210 0 0
 180 133958.000 121845.000 0 0 0.000 0.000 0.000 0.131 0 1 0 0 0 0
 181 137075.000 116179.000 0 0 54.000 40.000 2160.000 46.475 0 1 1 210 0 0
 182 136910.000 116239.000 0 0 54.000 42.000 2268.000 47.623 0 1 1 210 0 0
 183 136774.000 116278.000 0 0 54.000 42.000 2268.000 47.623 0 1 1 210 0 0
 184 137161.000 116125.000 0 0 54.000 42.000 2268.000 47.623 0 1 1 210 0 0
 185 106446.000 139979.000 0 0 0.000 0.000 0.000 0.145 0 1 0 0 0 0
 186 137355.000 116047.000 0 0 54.000 42.000 2268.000 47.623 0 1 1 210 0 0
 187 136195.000 80608.000 0 0 0.000 0.000 0.000 0.136 0 1 0 0 0 0
 188 137665.000 115939.000 0 0 56.000 42.000 2352.000 48.497 0 1 1 210 0 0
 189 137651.000 115961.000 0 0 56.000 42.000 2352.000 48.497 0 1 1 210 0 0
 190 137918.000 115855.000 0 0 56.000 42.000 2352.000 48.497 0 1 1 210 0 0
 191 86611.000 138771.000 0 0 40.000 54.000 2160.000 46.475 0 1 1 210 0 0
 192 59558.000 107885.000 0 0 0.000 0.000 0.000 0.139 0 1 0 0 0 0
 193 86448.000 138835.000 0 0 40.000 54.000 2160.000 46.475 0 1 1 210 0 0
 194 137221.000 81654.000 0 0 0.000 0.000 0.000 0.139 0 1 0 0 0 0
 195 133176.000 125313.000 0 0 0.000 0.000 0.000 0.146 0 1 0 0 0 0
 196 83521.000 138522.000 0 0 0.000 0.000 0.000 0.135 0 1 0 0 0 0
 197 85195.000 139471.000 0 0 40.000 56.000 2240.000 47.328 0 1 1 210 0 0
 198 102536.000 57416.000 0 0 0.000 0.000 0.000 0.135 0 1 0 0 0 0
 199 84934.000 139620.000 0 0 40.000 56.000 2240.000 47.328 0 1 1 210 0 0
 200 84729.000 139729.000 0 0 40.000 56.000 2240.000 47.328 0 1 1 210 0 0
 201 58702.000 88311.000 0 0 0.000 0.000 0.000 0.149 0 1 0 0 0 0
 202 84550.000 139810.000 0 0 42.000 56.000 2352.000 48.497 0 1 1 210 0 0
 203 93739.000 57159.000 0 0 0.000 0.000 0.000 0.140 0 1 0 0 0 0
 204 76174.000 136071.000 0 0 0.000 0.000 0.000 0.144 0 1 0 0 0 0
 205 56705.000 97796.000 0 0 0.000 0.000 0.000 0.231 0 1 0 0 0 0
 206 119400.000 60551.000 0 0 0.000 0.000 0.000 0.130 0 1 0 0 0 0
 207 83423.000 140400.000 0 0 42.000 56.000 2352.000 48.497 0 1 1 210 0 0
 208 130642.000 68397.000 0 0 0.000 0.000 0.000 0.131 0 1 0 0 0 0
 209 83199.000 140461.000 0 0 42.000 56.000 2352.000 48.497 0 1 1 210 0 0
 210 105641.000 55567.000 0 0 0.000 0.000 0.000 0.130 0 1 0 0 0 0
 211 142240.000 114260.000 0 0 54.000 38.000 2052.000 45.299 0 1 1 210 0 0
 212 142525.000 114174.000 0 0 54.000 38.000 2052.000 45.299 0 1 1 210 0 0
 213 59264.000 118774.000 0 0 0.000 0.000 0.000 0.137 0 1 0 0 0 0
 214 142737.000 114079.000 0 0 54.000 38.000 2052.000 45.299 0 1 1 210 0 0
 215 142589.000 114125.000 0 0 54.000 38.000 2052.000 45.299 0 1 1 210 0 0
 216 143014.000 114009.000 0 0 54.000 38.000 2052.000 45.299 0 1 1 210 0 0
 217 142844.000 114037.000 0 0 54.000 38.000 2052.000 45.299 0 1 1 210 0 0
 218 69037.000 133083.000 0 0 0.000 0.000 0.000 0.138 0 1 0 0 0 0
 219 92125.000 54979.000 0 0 0.000 0.000 0.000 0.131 0 1 0 0 0 0
 220 143380.000 113854.000 0 0 54.000 38.000 2052.000 45.299 0 1 1 210 0 0
 221 143241.000 113910.000 0 0 54.000 38.000 2052.000 45.299 0 1 1 210 0 0
 222 143495.000 113810.000 0 0 54.000 38.000 2052.000 45.299 0 1 1 210 0 0
 223 103139.000 53932.000 0 0 0.000 0.000 0.000 0.138 0 1 0 0 0 0
 224 143804.000 113724.000 0 0 54.000 38.000 2052.000 45.299 0 1 1 210 0 0
 225 143926.000 113658.000 0 0 54.000 38.000 2052.000 45.299 0 1 1 210 0 0
 226 130673.000 134430.000 0 0 0.000 0.000 0.000 0.130 0 1 0 0 0 0
 227 144075.000 113616.000 0 0 54.000 38.000 2052.000 45.299 0 1 1 210 0 0
 228 56951.000 117122.000 0 0 0.000 0.000 0.000 0.134 0 1 0 0 0 0
 229 144421.000 113506.000 0 0 54.000 38.000 2052.000 45.299 0 1 1 210 0 0
 230 146319.000 105967.000 0 0 0.000 0.000 0.000 0.138 0 1 0 0 0 0
 231 146866.000 99785.000 0 0 0.000 0.000 0.000 0.143 0 1 0 0 0 0
 232 111446.000 54053.000 0 0 0.000 0.000 0.000 0.132 0 1 0 0 0 0
 233 61990.000 71907.000 0 0 0.000 0.000 0.000 0.133 0 1 0 0 0 0
 234 121254.000 142061.000 0 0 0.000 0.000 0.000 0.138 0 1 0 0 0 0
 235 55996.000 82061.000 0 0 0.000 0.000 0.000 0.179 0 1 0 0 0 0
 236 56027.000 81940.000 0 0 0.000 0.000 0.000 200000.000 0 1 0 200 0 0
 237 87667.000 53636.000 0 0 0.000 0.000 0.000 0.135 0 1 0 0 0 0
 238 147003.000 89048.000 0 0 0.000 0.000 0.000 0.163 0 1 0 0 0 0
 239 82635.000 54202.000 0 0 0.000 0.000 0.000 0.149 0 1 0 0 0 0
 240 144680.000 119276.000 0 0 0.000 0.000 0.000 0.130 0 1 0 0 0 0
 241 77307.000 56412.000 0 0 0.000 0.000 0.000 0.139 0 1 0 0 0 0
 242 149070.000 102997.000 0 0 0.000 0.000 0.000 0.133 0 1 0 0 0 0
 243 142951.000 124124.000 0 0 0.000 0.000 0.000 0.139 0 1 0 0 0 0
 244 121938.000 144615.000 0 0 0.000 0.000 0.000 200000.000 0 1 0 200 0 0
 245 78038.000 144621.000 0 0 44.000 56.000 2464.000 49.638 0 1 1 210 0 0
 246 109892.000 149340.000 0 0 0.000 0.000 0.000 0.146 0 1 0 0 0 0
 247 123099.000 145258.000 0 0 0.000 0.000 0.000 0.134 0 1 0 0 0 0
 248 77157.000 145424.000 0 0 0.000 0.000 0.000 0.147 0 1 0 0 0 0
 249 50017.000 109996.000 0 0 0.000 0.000 0.000 0.162 0 1 0 0 0 0
 250 68004.000 139745.000 0 0 0.000 0.000 0.000 0.143 0 1 0 0 0 0
 251 61165.000 133879.000 0 0 0.000 0.000 0.000 0.142 0 1 0 0 0 0
 252 67825.000 58982.000 0 0 0.000 0.000 0.000 0.150 0 1 0 0 0 0
 253 108670.000 48466.000 0 0 0.000 0.000 0.000 0.139 0 1 0 0 0 0
 254 138162.000 63327.000 0 0 0.000 0.000 0.000 0.137 0 1 0 0 0 0
 255 106821.000 46940.000 0 0 0.000 0.000 0.000 0.138 0 1 0 0 0 0
 256 150514.000 83050.000 0 0 0.000 0.000 0.000 0.147 0 1 0 0 0 0
 257 152545.000 90948.000 0 0 0.000 0.000 0.000 0.132 0 1 0 0 0 0
 258 88595.000 152154.000 0 0 0.000 0.000 0.000 0.145 0 1 0 0 0 0
 259 137633.000 61271.000 0 0 0.000 0.000 0.000 0.130 0 1 0 0 0 0
 260 53787.000 129331.000 0 0 0.000 0.000 0.000 0.156 0 1 0 0 0 0
 261 153934.000 110693.000 0 0 54.000 32.000 1728.000 41.569 0 1 1 210 0 0
 262 119011.000 48088.000 0 0 0.000 0.000 0.000 0.132 0 1 0 0 0 0
 263 120160.000 150963.000 0 0 0.000 0.000 0.000 0.142 0 1 0 0 0 0
 264 87286.000 45419.000 0 0 0.000 0.000 0.000 0.134 0 1 0 0 0 0
 265 46832.000 81511.000 0 0 0.000 0.000 0.000 0.137 0 1 0 0 0 0
 266 56405.000 63642.000 0 0 0.000 0.000 0.000 0.131 0 1 0 0 0 0
 267 115603.000 154419.000 0 0 0.000 0.000 0.000 0.130 0 1 0 0 0 0
 268 68565.000 148515.000 0 0 48.000 54.000 2592.000 50.911 0 1 1 210 0 0
 269 155262.000 118601.000 0 0 0.000 0.000 0.000 0.133 0 1 0 0 0 0
 270 154385.000 77414.000 0 0 0.000 0.000 0.000 0.149 0 1 0 0 0 0
 271 41246.000 108488.000 0 0 0.000 0.000 0.000 0.130 0 1 0 0 0 0
 272 124817.000 154055.000 0 0 0.000 0.000 0.000 0.131 0 1 0 0 0 0
 273 156459.000 121030.000 0 0 0.000 0.000 0.000 0.143 0 1 0 0 0 0
 274 135780.000 149756.000 0 0 0.000 0.000 0.000 0.138 0 1 0 0 0 0
 275 136238.000 49054.000 0 0 0.000 0.000 0.000 0.133 0 1 0 0 0 0
 276 160907.000 85789.000 0 0 0.000 0.000 0.000 0.143 0 1 0 0 0 0
 277 73243.000 157374.000 0 0 0.000 0.000 0.000 0.130 0 1 0 0 0 0
 278 51360.000 140865.000 0 0 0.000 0.000 0.000 0.147 0 1 0 0 0 0
 279 62925.000 151752.000 0 0 48.000 54.000 2592.000 50.911 0 1 1 210 0 0
 280 74453.000 40947.000 0 0 0.000 0.000 0.000 0.132 0 1 0 0 0 0
 281 62444.000 152023.000 0 0 48.000 56.000 2688.000 51.845 0 1 1 210 0 0
 282 62344.000 152040.000 0 0 48.000 56.000 2688.000 51.845 0 1 1 210 0 0
 283 62178.000 152147.000 0 0 48.000 56.000 2688.000 51.845 0 1 1 210 0 0
 284 62002.000 152290.000 0 0 48.000 56.000 2688.000 51.845 0 1 1 210 0 0
 285 61666.000 152441.000 0 0 48.000 56.000 2688.000 51.845 0 1 1 210 0 0
 286 61421.000 152623.000 0 0 48.000 56.000 2688.000 51.845 0 1 1 210 0 0
 287 104178.000 165547.000 0 0 0.000 0.000 0.000 200000.000 0 1 0 200 0 0
 288 87072.000 34454.000 0 0 0.000 0.000 0.000 0.131 0 1 0 0 0 0
 289 44512.000 136585.000 0 0 0.000 0.000 0.000 0.149 0 1 0 0 0 0
 290 72243.000 161058.000 0 0 0.000 0.000 0.000 0.167 0 1 0 0 0 0
 291 50429.000 52932.000 0 0 0.000 0.000 0.000 0.130 0 1 0 0 0 0
 292 37217.000 127060.000 0 0 0.000 0.000 0.000 0.133 0 1 0 0 0 0
 293 160682.000 67604.000 0 0 0.000 0.000 0.000 0.133 0 1 0 0 0 0
 294 100320.000 168909.000 0 0 0.000 0.000 0.000 200000.000 0 1 0 200 0 0
 295 111949.000 168735.000 0 0 0.000 0.000 0.000 0.136 0 1 0 0 0 0
 296 76908.000 166123.000 0 0 0.000 0.000 0.000 0.273 0 1 0 0 0 0
 297 86666.000 169012.000 0 0 0.000 0.000 0.000 0.138 0 1 0 0 0 0
 298 118357.000 168973.000 0 0 0.000 0.000 0.000 0.157 0 1 0 0 0 0
 299 28489.000 102352.000 0 0 0.000 0.000 0.000 0.223 0 1 0 0 0 0
 300 48446.000 49204.000 0 0 0.000 0.000 0.000 0.140 0 1 0 0 0 0
 301 54635.000 156634.000 0 0 50.000 54.000 2700.000 51.961 0 1 1 210 0 0
 302 100403.000 26829.000 0 0 0.000 0.000 0.000 0.135 0 1 0 0 0 0
 303 170728.000 81920.000 0 0 0.000 0.000 0.000 0.131 0 1 0 0 0 0
 304 42736.000 145040.000 0 0 0.000 0.000 0.000 0.152 0 1 0 0 0 0
 305 75120.000 169884.000 0 0 0.000 0.000 0.000 0.138 0 1 0 0 0 0
 306 52495.000 157960.000 0 0 50.000 54.000 2700.000 51.961 0 1 1 210 0 0
 307 120055.000 172173.000 0 0 0.000 0.000 0.000 0.146 0 1 0 0 0 0
 308 119909.000 173493.000 0 0 0.000 0.000 0.000 0.134 0 1 0 0 0 0
 309 175335.000 115971.000 0 0 0.000 0.000 0.000 0.150 0 1 0 0 0 0
 310 50329.000 159293.000 0 0 52.000 54.000 2808.000 52.990 0 1 1 210 0 0
 311 50069.000 159464.000 0 0 52.000 54.000 2808.000 52.990 0 1 1 210 0 0
 312 49738.000 159653.000 0 0 52.000 54.000 2808.000 52.990 0 1 1 210 0 0
 313 49311.000 159940.000 0 0 52.000 54.000 2808.000 52.990 0 1 1 210 0 0
 314 48943.000 160161.000 0 0 52.000 54.000 2808.000 52.990 0 1 1 210 0 0
 315 48393.000 160520.000 0 0 52.000 54.000 2808.000 52.990 0 1 1 210 0 0
 316 166392.000 144415.000 0 0 0.000 0.000 0.000 200000.000 0 1 0 200 0 0
 317 47950.000 160798.000 0 0 52.000 52.000 2704.000 52.000 0 1 1 210 0 0
 318 47358.000 161169.000 0 0 52.000 52.000 2704.000 52.000 0 1 1 210 0 0
 319 131107.000 175117.000 0 0 0.000 0.000 0.000 0.131 0 1 0 0 0 0
 320 123408.000 178595.000 0 0 0.000 0.000 0.000 0.132 0 1 0 0 0 0
 321 35665.000 151267.000 0 0 54.000 50.000 2700.000 51.961 0 1 3 200 0 0
 322 45712.000 162225.000 0 0 52.000 52.000 2704.000 52.000 0 1 1 210 0 0
 323 45364.000 162443.000 0 0 52.000 52.000 2704.000 52.000 0 1 1 210 0 0
 324 169980.000 145152.000 0 0 0.000 0.000 0.000 200000.000 0 1 0 200 0 0
 325 45108.000 162608.000 0 0 52.000 52.000 2704.000 52.000 0 1 1 210 0 0
 326 45012.000 162669.000 0 0 52.000 52.000 2704.000 52.000 0 1 1 210 0 0
 327 44662.000 162887.000 0 0 52.000 52.000 2704.000 52.000 0 1 1 210 0 0
 328 44467.000 162998.000 0 0 52.000 52.000 2704.000 52.000 0 1 1 210 0 0
 329 83176.000 182837.000 0 0 0.000 0.000 0.000 0.169 0 1 0 0 0 0
 330 44203.000 163183.000 0 0 50.000 52.000 2600.000 50.990 0 1 1 210 0 0
 331 43930.000 163370.000 0 0 50.000 52.000 2600.000 50.990 0 1 1 210 0 0
 332 43793.000 163459.000 0 0 50.000 52.000 2600.000 50.990 0 1 1 210 0 0
 333 83235.000 183288.000 0 0 0.000 0.000 0.000 0.143 0 1 0 0 0 0
 334 89691.000 184861.000 0 0 0.000 0.000 0.000 0.349 0 1 0 0 0 0
 335 173703.000 145953.000 0 0 0.000 0.000 0.000 200000.000 0 1 0 200 0 0
 336 173876.000 145998.000 0 0 0.000 0.000 0.000 200000.000 0 1 0 200 0 0
 337 187532.000 96864.000 0 0 0.000 0.000 0.000 0.142 0 1 0 0 0 0
 338 174909.000 146225.000 0 0 0.000 0.000 0.000 0.150 0 1 0 0 0 0
 339 176026.000 146470.000 0 0 56.000 48.000 2688.000 51.845 0 1 2 210 0 0
 340 189682.000 103928.000 0 0 0.000 0.000 0.000 0.138 0 1 0 0 0 0
 341 177200.000 146759.000 0 0 56.000 46.000 2576.000 50.754 0 1 2 210 0 0
 342 190398.000 103919.000 0 0 0.000 0.000 0.000 200000.000 0 1 0 200 0 0
 343 9658.000 91863.000 0 0 0.000 0.000 0.000 0.169 0 1 0 0 0 0
 344 9518.000 92031.000 0 0 0.000 0.000 0.000 0.167 0 1 0 0 0 0
 345 177898.000 146902.000 0 0 56.000 46.000 2576.000 50.754 0 1 2 210 0 0
 346 178105.000 146957.000 0 0 56.000 46.000 2576.000 50.754 0 1 2 210 0 0
 347 178491.000 147057.000 0 0 56.000 46.000 2576.000 50.754 0 1 2 210 0 0
 348 8697.000 107241.000 0 0 0.000 0.000 0.000 0.383 0 1 0 0 0 0
 349 143618.000 180500.000 0 0 0.000 0.000 0.000 0.272 0 1 0 0 0 0
 350 11840.000 73189.000 0 0 0.000 0.000 0.000 0.138 0 1 0 0 0 0
 351 179033.000 147181.000 0 0 56.000 46.000 2576.000 50.754 0 1 2 210 0 0
 352 37596.000 167493.000 0 0 50.000 54.000 2700.000 51.961 0 1 1 210 0 0
 353 37365.000 167659.000 0 0 50.000 54.000 2700.000 51.961 0 1 1 210 0 0
 354 36845.000 168018.000 0 0 52.000 54.000 2808.000 52.990 0 1 1 210 0 0
 355 179890.000 147536.000 0 0 0.000 0.000 0.000 0.135 0 1 0 0 0 0
 356 179937.000 147403.000 0 0 0.000 0.000 0.000 0.288 0 1 0 0 0 0
 357 36675.000 168110.000 0 0 52.000 54.000 2808.000 52.990 0 1 1 210 0 0
 358 70038.000 187990.000 0 0 0.000 0.000 0.000 200000.000 0 1 0 200 0 0
 359 180805.000 147621.000 0 0 0.000 0.000 0.000 0.215 0 1 0 0 0 0
 360 36090.000 168509.000 0 0 52.000 54.000 2808.000 52.990 0 1 1 210 0 0
 361 42725.000 175225.000 0 0 0.000 0.000 0.000 0.302 0 1 0 0 0 0
 362 180925.000 147594.000 0 0 0.000 0.000 0.000 200000.000 0 1 0 200 0 0
 363 181754.000 147861.000 0 0 0.000 0.000 0.000 0.220 0 1 0 0 0 0
 364 180937.000 147607.000 0 0 0.000 0.000 0.000 200000.000 0 1 0 200 0 0
 365 18181.000 148048.000 0 0 0.000 0.000 0.000 0.132 0 1 0 0 0 0
 366 112927.000 125837.000 0 0 9.908 4.957 49.124 7.008 0 1 1 210 0 0
 367 112181.000 126195.000 0 0 64.040 29.780 1907.177 43.671 0 1 1 210 0 0
 368 112134.000 126216.000 0 0 11.310 5.235 59.213 7.694 0 1 1 210 0 0
 369 111462.000 126514.000 0 0 10.168 4.395 44.698 6.685 0 1 1 210 0 0
 370 111409.000 126538.000 0 0 12.720 5.469 69.571 8.340 0 1 1 210 0 0
 371 111072.000 126679.000 0 0 578.106 239.930 138705.256 372.431 0 1 1 210 0 0
 372 110670.000 126840.000 0 0 28.307 11.253 318.560 17.848 0 1 1 210 0 0
 373 110615.000 126863.000 0 0 10.302 4.071 41.940 6.476 0 1 1 210 0 0
 374 110599.000 126868.000 0 0 9.016 3.556 32.070 5.663 0 1 1 210 0 0
 375 114892.000 124964.000 0 0 9.573 5.711 54.677 7.394 0 1 1 210 0 0
 376 113755.000 125577.000 0 0 2221.843 1194.950 2654991.811 1629.414 0 1 1 210 0 0
 377 111333.000 126728.000 0 0 2294.931 973.066 2233120.588 1494.362 0 1 1 210 0 0
 378 109789.000 127352.000 0 0 191.437 68.512 13115.845 114.524 0 1 1 210 0 0
 379 115855.000 124571.000 0 0 11.778 7.599 89.514 9.461 0 1 1 210 0 0
 380 115788.000 124613.000 0 0 9.439 6.054 57.153 7.559 0 1 1 210 0 0
 381 115767.000 124626.000 0 0 3.540 2.266 8.026 2.832 0 1 1 210 0 0
 382 115740.000 124643.000 0 0 18.901 12.072 228.184 15.105 0 1 1 210 0 0
 383 115570.000 124749.000 0 0 3.558 2.238 7.965 2.822 0 1 1 210 0 0
 384 115518.000 124783.000 0 0 10.691 6.695 71.583 8.460 0 1 1 210 0 0
 385 114700.000 125263.000 0 0 1383.815 805.251 1114320.273 1055.613 0 1 1 210 0 0
 386 113962.000 125685.000 0 0 12.311 6.692 82.403 9.077 0 1 1 210 0 0
 387 113921.000 125707.000 0 0 64.080 34.701 2223.692 47.156 0 1 1 210 0 0
 388 109829.000 127520.000 0 0 153.030 54.658 8364.317 91.456 0 1 1 210 0 0
 389 116858.000 124106.000 0 0 4.622 3.232 14.942 3.865 0 1 1 210 0 0
 390 116799.000 124146.000 0 0 13.890 9.664 134.236 11.586 0 1 1 210 0 0
 391 116665.000 124238.000 0 0 33.694 23.168 780.653 27.940 0 1 1 210 0 0
 392 116625.000 124267.000 0 0 25.592 17.532 448.693 21.182 0 1 1 210 0 0
 393 116536.000 124326.000 0 0 138.770 94.330 13090.377 114.413 0 1 1 210 0 0
 394 116107.000 124609.000 0 0 711.408 465.621 331246.993 575.540 0 1 1 210 0 0
 395 115480.000 125006.000 0 0 375.994 232.771 87520.928 295.839 0 1 1 210 0 0
 396 115276.000 125130.000 0 0 8.432 5.126 43.231 6.575 0 1 1 210 0 0
 397 115260.000 125140.000 0 0 16.873 10.242 172.817 13.145 0 1 1 210 0 0
 398 115228.000 125160.000 0 0 12.060 7.299 88.037 9.382 0 1 1 210 0 0
 399 115064.000 125257.000 0 0 12.106 7.221 87.426 9.350 0 1 1 210 0 0
 400 114438.000 125617.000 0 0 11.051 6.228 68.840 8.297 0 1 1 210 0 0
 401 114257.000 125717.000 0 0 16.027 8.885 142.418 11.933 0 1 1 210 0 0
 402 114211.000 125742.000 0 0 11.105 6.131 68.091 8.251 0 1 1 210 0 0
 403 114180.000 125759.000 0 0 11.113 6.117 67.987 8.245 0 1 1 210 0 0
 404 114079.000 125815.000 0 0 6.188 3.375 20.889 4.570 0 1 1 210 0 0
 405 114058.000 125826.000 0 0 9.904 5.391 53.399 7.307 0 1 1 210 0 0
 406 114035.000 125839.000 0 0 6.194 3.364 20.843 4.565 0 1 1 210 0 0
 407 113970.000 125871.000 0 0 17.734 9.576 169.825 13.031 0 1 1 210 0 0
 408 113936.000 125892.000 0 0 14.893 8.015 119.383 10.926 0 1 1 210 0 0
 409 112193.000 126689.000 0 0 3404.051 1555.181 5293919.437 2300.851 0 1 1 210 0 0
 410 110410.000 127488.000 0 0 27.673 10.480 290.020 17.029 0 1 1 210 0 0
 411 107446.000 128427.000 0 0 194.873 51.045 9947.326 99.736 0 1 1 210 0 0
 412 117699.000 123712.000 0 0 5.683 4.242 24.109 4.910 0 1 1 210 0 0
 413 117512.000 123850.000 0 0 17.149 12.592 215.962 14.695 0 1 1 210 0 0
 414 116970.000 124231.000 0 0 1016.547 711.933 723714.703 850.714 0 1 1 210 0 0
 415 116385.000 124632.000 0 0 123.986 82.475 10225.851 101.122 0 1 1 210 0 0
 416 116211.000 124746.000 0 0 8.304 5.440 45.177 6.721 0 1 1 210 0 0
 417 115363.000 125276.000 0 0 16.964 10.310 174.916 13.225 0 1 1 210 0 0
 418 115323.000 125301.000 0 0 14.552 8.813 128.269 11.325 0 1 1 210 0 0
 419 115290.000 125321.000 0 0 15.258 9.214 140.595 11.857 0 1 1 210 0 0
 420 115245.000 125347.000 0 0 13.364 8.038 107.429 10.364 0 1 1 210 0 0
 421 115221.000 125361.000 0 0 12.156 7.296 88.700 9.418 0 1 1 210 0 0
 422 115152.000 125401.000 0 0 14.610 8.715 127.340 11.284 0 1 1 210 0 0
 423 115128.000 125416.000 0 0 20.712 12.328 255.345 15.979 0 1 1 210 0 0
 424 111863.000 126860.000 0 0 6509.452 2874.968 18714468.549 4326.022 0 1 1 210 0 0
 425 108485.000 128315.000 0 0 116.735 34.982 4083.669 63.903 0 1 1 210 0 0
 426 108392.000 128343.000 0 0 4.074 1.206 4.917 2.217 0 1 1 210 0 0
 427 108358.000 128353.000 0 0 21.746 6.411 139.425 11.807 0 1 1 210 0 0
 428 107484.000 128594.000 0 0 60.310 15.786 952.109 30.856 0 1 1 210 0 0
 429 107441.000 128605.000 0 0 8.228 2.140 17.614 4.196 0 1 1 210 0 0
 430 106503.000 128832.000 0 0 193.499 43.643 8445.064 91.897 0 1 1 210 0 0
 431 118192.000 123555.000 0 0 15.807 12.208 192.996 13.892 0 1 1 210 0 0
 432 117698.000 123922.000 0 0 941.606 696.619 655941.435 809.902 0 1 1 210 0 0
 433 117197.000 124285.000 0 0 27.940 19.785 552.814 23.511 0 1 1 210 0 0
 434 117170.000 124304.000 0 0 12.816 9.054 116.044 10.772 0 1 1 210 0 0
 435 116413.000 124817.000 0 0 8.328 5.507 45.870 6.772 0 1 1 210 0 0
 436 116310.000 124884.000 0 0 70.382 46.131 3246.839 56.981 0 1 1 210 0 0
 437 116211.000 124948.000 0 0 45.445 29.530 1342.020 36.633 0 1 1 210 0 0
 438 116160.000 124981.000 0 0 26.345 17.042 448.995 21.189 0 1 1 210 0 0
 439 115004.000 125658.000 0 0 2242.678 1311.467 2941199.581 1714.992 0 1 1 210 0 0
 440 113710.000 126392.000 0 0 234.063 121.590 28459.907 168.700 0 1 1 210 0 0
 441 113510.000 126496.000 0 0 5.079 2.589 13.153 3.626 0 1 1 210 0 0
 442 113356.000 126574.000 0 0 5.093 2.560 13.042 3.611 0 1 1 210 0 0
 443 112924.000 126783.000 0 0 5.134 2.477 12.719 3.566 0 1 1 210 0 0
 444 112903.000 126794.000 0 0 14.127 6.803 96.121 9.804 0 1 1 210 0 0
 445 112019.000 127199.000 0 0 10.430 4.609 48.081 6.934 0 1 1 210 0 0
 446 111626.000 127370.000 0 0 20.992 8.917 187.197 13.682 0 1 1 210 0 0
 447 111550.000 127402.000 0 0 44.660 18.825 840.756 28.995 0 1 1 210 0 0
 448 111444.000 127446.000 0 0 165.780 69.123 11459.357 107.048 0 1 1 210 0 0
 449 111322.000 127495.000 0 0 54.040 22.254 1202.617 34.678 0 1 1 210 0 0
 450 111286.000 127510.000 0 0 14.505 5.951 86.322 9.290 0 1 1 210 0 0
 451 111271.000 127516.000 0 0 3.955 1.620 6.411 2.531 0 1 1 210 0 0
 452 111251.000 127524.000 0 0 32.985 13.483 444.761 21.089 0 1 1 210 0 0
 453 111134.000 127571.000 0 0 11.894 4.803 57.140 7.559 0 1 1 210 0 0
 454 111111.000 127581.000 0 0 15.864 6.390 101.386 10.069 0 1 1 210 0 0
 455 110985.000 127631.000 0 0 17.220 6.846 117.898 10.858 0 1 1 210 0 0
 456 110911.000 127659.000 0 0 14.583 5.753 83.905 9.159 0 1 1 210 0 0
 457 110746.000 127722.000 0 0 23.920 9.272 221.806 14.893 0 1 1 210 0 0
 458 109127.000 128248.000 0 0 3194.876 1032.290 3298040.480 1816.050 0 1 1 210 0 0
 459 107470.000 128774.000 0 0 12.413 3.222 40.009 6.325 0 1 1 210 0 0
 460 106526.000 129001.000 0 0 175.172 39.420 6905.343 83.098 0 1 1 210 0 0
 461 118807.000 123288.000 0 0 7.815 6.311 49.325 7.023 0 1 1 210 0 0
 462 118353.000 123642.000 0 0 818.363 635.296 519903.805 721.043 0 1 1 210 0 0
 463 117909.000 123980.000 0 0 34.485 25.755 888.185 29.802 0 1 1 210 0 0
 464 117857.000 124017.000 0 0 11.512 8.559 98.547 9.927 0 1 1 210 0 0
 465 117827.000 124041.000 0 0 9.219 6.836 63.033 7.939 0 1 1 210 0 0
 466 117208.000 124484.000 0 0 8.216 5.774 47.447 6.888 0 1 1 210 0 0
 467 116736.000 124803.000 0 0 898.996 606.590 545323.188 738.460 0 1 1 210 0 0
 468 116138.000 125197.000 0 0 268.154 171.749 46055.268 214.604 0 1 1 210 0 0
 469 115941.000 125320.000 0 0 111.666 70.305 7850.792 88.604 0 1 1 210 0 0
 470 115854.000 125375.000 0 0 11.664 7.287 85.006 9.219 0 1 1 210 0 0
 471 115823.000 125393.000 0 0 32.399 20.189 654.112 25.575 0 1 1 210 0 0
 472 115786.000 125416.000 0 0 30.459 18.918 576.254 24.005 0 1 1 210 0 0
 473 115702.000 125469.000 0 0 6.105 3.764 22.985 4.794 0 1 1 210 0 0
 474 115540.000 125567.000 0 0 9.805 5.959 58.436 7.644 0 1 1 210 0 0
 475 115084.000 125835.000 0 0 22.292 13.015 290.140 17.033 0 1 1 210 0 0
 476 115031.000 125867.000 0 0 37.201 21.617 804.196 28.358 0 1 1 210 0 0
 477 114954.000 125910.000 0 0 37.263 21.507 801.438 28.309 0 1 1 210 0 0
 478 114893.000 125945.000 0 0 12.436 7.139 88.785 9.422 0 1 1 210 0 0
 479 108745.000 128591.000 0 0 6.854 2.096 14.370 3.790 0 1 1 210 0 0
 480 108692.000 128607.000 0 0 4.112 1.249 5.140 2.267 0 1 1 210 0 0
 481 108686.000 128610.000 0 0 4.113 1.248 5.137 2.266 0 1 1 210 0 0
 482 108548.000 128651.000 0 0 46.697 13.932 650.630 25.507 0 1 1 210 0 0
 483 107680.000 128882.000 0 0 1661.066 441.690 733677.486 856.549 0 1 1 210 0 0
 484 105317.000 129418.000 0 0 221.403 40.017 8859.923 94.127 0 1 1 210 0 0
 485 105045.000 129467.000 0 0 93.228 15.962 1488.139 38.576 0 1 1 210 0 0
 486 118857.000 123465.000 0 0 664.849 534.278 355214.688 595.998 0 1 1 210 0 0
 487 118472.000 123768.000 0 0 24.362 18.933 461.262 21.477 0 1 1 210 0 0
 488 117473.000 124503.000 0 0 834.054 594.784 496083.141 704.331 0 1 1 210 0 0
 489 116951.000 124865.000 0 0 7.151 4.874 34.862 5.904 0 1 1 210 0 0
 490 116870.000 124920.000 0 0 10.751 7.278 78.249 8.845 0 1 1 210 0 0
 491 106836.000 129263.000 0 0 2006.781 468.830 940840.190 969.969 0 1 1 210 0 0
 492 105809.000 129500.000 0 0 5.654 1.113 6.297 2.509 0 1 1 210 0 0
 493 105323.000 129591.000 0 0 5.672 1.020 5.788 2.405 0 1 1 210 0 0
 494 105012.000 129645.000 0 0 218.848 37.003 8098.221 89.990 0 1 1 210 0 0
 495 104698.000 129695.000 0 0 61.210 9.684 592.787 24.347 0 1 1 210 0 0
 496 119234.000 123382.000 0 0 126.657 104.191 13196.683 114.876 0 1 1 210 0 0
 497 118492.000 123968.000 0 0 9.191 7.091 65.186 8.073 0 1 1 210 0 0
 498 117994.000 124337.000 0 0 859.914 635.805 546738.242 739.417 0 1 1 210 0 0
 499 117531.000 124673.000 0 0 30.751 21.850 671.931 25.921 0 1 1 210 0 0
 500 107069.000 129399.000 0 0 5.635 1.355 7.636 2.763 0 1 1 210 0 0
 501 107063.000 129400.000 0 0 4.226 1.015 4.292 2.071 0 1 1 210 0 0
 502 106082.000 129604.000 0 0 1883.812 387.019 729071.419 853.856 0 1 1 210 0 0
 503 104723.000 129863.000 0 0 57.263 9.056 518.619 22.773 0 1 1 210 0 0
 504 120395.000 122612.000 0 0 3.252 2.933 9.540 3.088 0 1 1 210 0 0
 505 120325.000 122677.000 0 0 14.131 12.666 178.995 13.378 0 1 1 210 0 0
 506 120148.000 122832.000 0 0 241.891 213.460 51634.156 227.231 0 1 1 210 0 0
 507 118908.000 123858.000 0 0 708.570 561.560 397905.494 630.797 0 1 1 210 0 0
 508 118512.000 124166.000 0 0 18.535 14.199 263.182 16.222 0 1 1 210 0 0
 509 118482.000 124188.000 0 0 16.232 12.403 201.346 14.189 0 1 1 210 0 0
 510 118470.000 124198.000 0 0 4.639 3.541 16.433 4.053 0 1 1 210 0 0
 511 106353.000 129735.000 0 0 5.699 1.217 6.942 2.634 0 1 1 210 0 0
 512 106329.000 129741.000 0 0 38.493 8.192 315.350 17.758 0 1 1 210 0 0
 513 106300.000 129747.000 0 0 14.258 3.020 43.065 6.562 0 1 1 210 0 0
 514 105487.000 129895.000 0 0 1586.579 291.225 462052.327 679.744 0 1 1 210 0 0
 515 104676.000 130044.000 0 0 20.164 3.138 63.292 7.955 0 1 1 210 0 0
 516 103632.000 130187.000 0 0 20.260 2.438 49.398 7.028 0 1 1 210 0 0
 517 120508.000 122738.000 0 0 656.232 591.873 388406.772 623.222 0 1 1 210 0 0
 518 119808.000 123347.000 0 0 16.788 14.243 239.126 15.463 0 1 1 210 0 0
 519 119782.000 123368.000 0 0 15.682 13.275 208.201 14.429 0 1 1 210 0 0
 520 119695.000 123442.000 0 0 68.549 57.592 3947.911 62.832 0 1 1 210 0 0
 521 119370.000 123707.000 0 0 578.493 472.654 273427.825 522.903 0 1 1 210 0 0
 522 119062.000 123954.000 0 0 3.445 2.741 9.446 3.073 0 1 1 210 0 0
 523 119032.000 123979.000 0 0 39.081 31.019 1212.281 34.817 0 1 1 210 0 0
 524 105632.000 130051.000 0 0 5.760 1.079 6.220 2.494 0 1 1 210 0 0
 525 104894.000 130172.000 0 0 1466.919 237.957 349063.938 590.816 0 1 1 210 0 0
 526 104124.000 130295.000 0 0 26.140 3.559 93.035 9.645 0 1 1 210 0 0
 527 103652.000 130356.000 0 0 20.373 2.451 49.947 7.067 0 1 1 210 0 0
 528 103577.000 130365.000 0 0 16.010 1.886 30.205 5.495 0 1 1 210 0 0
 529 120943.000 122577.000 0 0 310.621 288.136 89501.467 299.167 0 1 1 210 0 0
 530 120744.000 122757.000 0 0 72.001 65.633 4725.681 68.743 0 1 1 210 0 0
 531 120291.000 123159.000 0 0 8.881 7.781 69.112 8.313 0 1 1 210 0 0
 532 120251.000 123192.000 0 0 14.452 12.619 182.396 13.505 0 1 1 210 0 0
 533 119875.000 123512.000 0 0 658.049 556.258 366045.921 605.017 0 1 1 210 0 0
 534 105271.000 130290.000 0 0 24.684 4.295 106.041 10.297 0 1 1 210 0 0
 535 105229.000 130298.000 0 0 33.405 5.765 192.600 13.878 0 1 1 210 0 0
 536 104342.000 130428.000 0 0 1472.070 210.099 309281.620 556.130 0 1 1 210 0 0
 537 102394.000 130651.000 0 0 17.630 1.377 24.279 4.927 0 1 1 210 0 0
 538 121542.000 122248.000 0 0 275.160 266.431 73311.625 270.761 0 1 1 210 0 0
 539 120829.000 122910.000 0 0 38.439 34.948 1343.398 36.652 0 1 1 210 0 0
 540 120765.000 122967.000 0 0 12.111 10.950 132.619 11.516 0 1 1 210 0 0
 541 120468.000 123229.000 0 0 473.284 417.030 197374.198 444.268 0 1 1 210 0 0
 542 120215.000 123447.000 0 0 6.743 5.813 39.205 6.261 0 1 1 210 0 0
 543 120135.000 123516.000 0 0 11.272 9.651 108.799 10.430 0 1 1 210 0 0
 544 103826.000 130670.000 0 0 1280.772 159.793 204658.983 452.392 0 1 1 210 0 0
 545 103168.000 130753.000 0 0 4.421 0.455 2.014 1.419 0 1 1 210 0 0
 546 103135.000 130755.000 0 0 11.794 1.202 14.180 3.765 0 1 1 210 0 0
 547 102222.000 130833.000 0 0 508.473 36.654 18637.820 136.520 0 1 1 210 0 0
 548 101941.000 130854.000 0 0 4.435 0.279 1.238 1.112 0 1 1 210 0 0
 549 122100.000 121938.000 0 0 33.653 33.902 1140.947 33.777 0 1 1 210 0 0
 550 121807.000 122227.000 0 0 245.067 240.439 58923.926 242.742 0 1 1 210 0 0
 551 121666.000 122365.000 0 0 7.505 7.270 54.568 7.387 0 1 1 210 0 0
 552 121351.000 122661.000 0 0 8.690 8.188 71.162 8.435 0 1 1 210 0 0
 553 121067.000 122924.000 0 0 450.566 414.080 186570.850 431.938 0 1 1 210 0 0
 554 120808.000 123157.000 0 0 19.981 17.954 358.748 18.940 0 1 1 210 0 0
 555 120788.000 123175.000 0 0 13.331 11.958 159.424 12.626 0 1 1 210 0 0
 556 120768.000 123193.000 0 0 10.005 8.960 89.654 9.468 0 1 1 210 0 0
 557 120740.000 123216.000 0 0 4.451 3.976 17.705 4.207 0 1 1 210 0 0
 558 120729.000 123226.000 0 0 12.248 10.931 133.885 11.570 0 1 1 210 0 0
 559 120660.000 123288.000 0 0 3.349 2.971 9.953 3.154 0 1 1 210 0 0
 560 120642.000 123302.000 0 0 3.351 2.968 9.951 3.154 0 1 1 210 0 0
 561 103339.000 130898.000 0 0 1214.706 131.289 159478.530 399.347 0 1 1 210 0 0
 562 102004.000 131018.000 0 0 667.163 43.112 28762.810 169.596 0 1 1 210 0 0
 563 101645.000 131041.000 0 0 10.416 0.552 5.753 2.398 0 1 1 210 0 0
 564 122330.000 121949.000 0 0 256.733 261.190 67056.353 258.952 0 1 1 210 0 0
 565 121430.000 122820.000 0 0 617.051 579.460 357556.978 597.960 0 1 1 210 0 0
 566 102928.000 131112.000 0 0 1005.311 94.618 95120.744 308.416 0 1 1 210 0 0
 567 102365.000 131165.000 0 0 16.432 1.247 20.497 4.527 0 1 1 210 0 0
 568 101956.000 131194.000 0 0 23.926 1.500 35.896 5.991 0 1 1 210 0 0
 569 101700.000 131208.000 0 0 456.305 24.867 11347.259 106.523 0 1 1 210 0 0
 570 122644.000 121872.000 0 0 333.425 345.204 115099.812 339.263 0 1 1 210 0 0
 571 121884.000 122624.000 0 0 655.113 633.674 415129.108 644.305 0 1 1 210 0 0
 572 102852.000 131295.000 0 0 234.028 21.334 4992.910 70.660 0 1 1 210 0 0
 573 102344.000 131335.000 0 0 614.398 45.973 28246.335 168.066 0 1 1 210 0 0
 574 123240.000 121494.000 0 0 12.364 13.368 165.296 12.856 0 1 1 210 0 0
 575 122531.000 122229.000 0 0 4.262 4.320 18.416 4.291 0 1 1 210 0 0
 576 122301.000 122459.000 0 0 441.428 438.325 193488.994 439.873 0 1 1 210 0 0
 577 122032.000 122719.000 0 0 19.602 19.010 372.662 19.304 0 1 1 210 0 0
 578 102007.000 131525.000 0 0 1151.702 73.322 84446.044 290.596 0 1 1 210 0 0
 579 123499.000 121465.000 0 0 42.189 46.186 1948.566 44.142 0 1 1 210 0 0
 580 123383.000 121590.000 0 0 169.738 183.835 31203.867 176.646 0 1 1 210 0 0
 581 123059.000 121934.000 0 0 25.234 26.529 669.466 25.874 0 1 1 210 0 0
 582 122707.000 122293.000 0 0 536.494 546.469 293178.049 541.459 0 1 1 210 0 0
 583 101524.000 131724.000 0 0 1117.883 53.702 60033.438 245.017 0 1 1 210 0 0
 584 123630.000 121573.000 0 0 10.340 11.327 117.133 10.822 0 1 1 210 0 0
 585 123432.000 121785.000 0 0 6.265 6.739 42.222 6.497 0 1 1 210 0 0
 586 123156.000 122076.000 0 0 407.451 427.376 174135.542 417.295 0 1 1 210 0 0
 587 101673.000 131891.000 0 0 4.584 0.240 1.103 1.050 0 1 1 210 0 0
 588 101662.000 131891.000 0 0 15.286 0.796 12.181 3.490 0 1 1 210 0 0
 589 101141.000 131910.000 0 0 1008.154 36.076 36370.285 190.709 0 1 1 210 0 0
 590 123558.000 121900.000 0 0 520.752 560.164 291706.733 540.098 0 1 1 210 0 0
 591 101352.000 132076.000 0 0 13.838 0.583 8.072 2.841 0 1 1 210 0 0
 592 100808.000 132090.000 0 0 1039.998 26.217 27266.243 165.124 0 1 1 210 0 0
 593 100229.000 132105.000 0 0 9.235 0.065 0.609 0.780 0 1 1 210 0 0
 594 123924.000 121756.000 0 0 490.346 539.213 264401.863 514.200 0 1 1 210 0 0
 595 100420.000 132269.000 0 0 942.136 12.289 11577.953 107.600 0 1 1 210 0 0
 596 99130.000 132265.000 0 0 109.816 2.964 325.512 18.041 0 1 1 210 0 0
 597 99048.000 132262.000 0 0 9.280 0.274 2.543 1.594 0 1 1 210 0 0
 598 99001.000 132261.000 0 0 64.952 2.012 130.701 11.432 0 1 1 210 0 0
 599 98843.000 132256.000 0 0 24.740 0.887 21.962 4.686 0 1 1 210 0 0
 600 124541.000 121323.000 0 0 10.221 11.763 120.238 10.965 0 1 1 210 0 0
 601 124277.000 121619.000 0 0 514.065 577.273 296756.314 544.753 0 1 1 210 0 0
 602 100525.000 132441.000 0 0 21.773 0.352 7.673 2.770 0 1 1 210 0 0
 603 100049.000 132443.000 0 0 925.436 1.405 1300.856 36.067 0 1 1 210 0 0
 604 99573.000 132443.000 0 0 10.887 0.143 1.562 1.249 0 1 1 210 0 0
 605 98983.000 132429.000 0 0 405.745 12.735 5167.251 71.883 0 1 1 210 0 0
 606 98679.000 132420.000 0 0 13.986 0.570 7.977 2.824 0 1 1 210 0 0
 607 124912.000 121156.000 0 0 8.113 9.553 77.516 8.804 0 1 1 210 0 0
 608 124862.000 121212.000 0 0 28.353 33.231 942.245 30.696 0 1 1 210 0 0
 609 124615.000 121495.000 0 0 421.465 482.636 203414.913 451.015 0 1 1 210 0 0
 610 124389.000 121749.000 0 0 8.340 9.353 78.012 8.832 0 1 1 210 0 0
 611 99697.000 132612.000 0 0 701.934 6.542 4592.359 67.766 0 1 1 210 0 0
 612 98594.000 132583.000 0 0 849.758 36.689 31177.271 176.570 0 1 1 210 0 0
 613 125260.000 121010.000 0 0 7.050 8.476 59.765 7.730 0 1 1 210 0 0
 614 124994.000 121321.000 0 0 455.856 534.405 243612.582 493.571 0 1 1 210 0 0
 615 99408.000 132778.000 0 0 680.250 12.288 8358.947 91.427 0 1 1 210 0 0
 616 98664.000 132759.000 0 0 17.272 0.704 12.173 3.488 0 1 1 210 0 0
 617 98271.000 132739.000 0 0 700.416 36.994 25911.251 160.969 0 1 1 210 0 0
 618 125911.000 120483.000 0 0 170.855 216.125 36926.226 192.161 0 1 1 210 0 0
 619 125560.000 120915.000 0 0 9.023 11.027 99.501 9.975 0 1 1 210 0 0
 620 125338.000 121179.000 0 0 391.917 468.866 183756.931 428.668 0 1 1 210 0 0
 621 99402.000 132951.000 0 0 4.737 0.086 0.408 0.638 0 1 1 210 0 0
 622 99390.000 132951.000 0 0 11.057 0.204 2.265 1.505 0 1 1 210 0 0
 623 99060.000 132941.000 0 0 625.339 17.856 11166.622 105.672 0 1 1 210 0 0
 624 98674.000 132930.000 0 0 11.050 0.445 4.919 2.217 0 1 1 210 0 0
 625 98352.000 132916.000 0 0 36.292 1.817 65.951 8.120 0 1 1 210 0 0
 626 97955.000 132892.000 0 0 749.709 46.630 34959.245 186.973 0 1 1 210 0 0
 627 126225.000 120361.000 0 0 132.745 170.975 22696.227 150.652 0 1 1 210 0 0
 628 125901.000 120766.000 0 0 8.958 11.174 100.109 10.005 0 1 1 210 0 0
 629 125671.000 121046.000 0 0 377.333 460.257 173670.564 416.738 0 1 1 210 0 0
 630 99031.000 133112.000 0 0 68.253 1.997 136.344 11.676 0 1 1 210 0 0
 631 98965.000 133110.000 0 0 51.134 1.599 81.778 9.043 0 1 1 210 0 0
 632 98918.000 133109.000 0 0 12.697 0.415 5.270 2.295 0 1 1 210 0 0
 633 98659.000 133099.000 0 0 464.899 18.841 8759.332 93.591 0 1 1 210 0 0
 634 98031.000 133070.000 0 0 15.851 0.944 14.968 3.868 0 1 1 210 0 0
 635 97674.000 133044.000 0 0 666.561 46.924 31278.277 176.856 0 1 1 210 0 0
 636 126663.000 120070.000 0 0 8.658 11.503 99.602 9.980 0 1 1 210 0 0
 637 126560.000 120205.000 0 0 139.477 183.349 25573.061 159.915 0 1 1 210 0 0
 638 126236.000 120618.000 0 0 8.895 11.319 100.684 10.034 0 1 1 210 0 0
 639 126017.000 120892.000 0 0 366.561 456.489 167331.774 409.062 0 1 1 210 0 0
 640 98707.000 133271.000 0 0 20.735 0.806 16.714 4.088 0 1 1 210 0 0
 641 98391.000 133256.000 0 0 603.006 29.182 17597.434 132.655 0 1 1 210 0 0
 642 98056.000 133242.000 0 0 20.717 1.211 25.105 5.010 0 1 1 210 0 0
 643 97555.000 133207.000 0 0 465.631 34.294 15968.642 126.367 0 1 1 210 0 0
 644 97117.000 133173.000 0 0 332.362 28.886 9600.724 97.983 0 1 1 210 0 0
 645 126846.000 120111.000 0 0 152.323 203.335 30972.762 175.990 0 1 1 210 0 0
 646 126711.000 120289.000 0 0 14.589 19.207 280.220 16.739 0 1 1 210 0 0
 647 126521.000 120532.000 0 0 7.874 10.170 80.089 8.949 0 1 1 210 0 0
 648 126356.000 120742.000 0 0 316.206 401.787 127047.901 356.437 0 1 1 210 0 0
 649 126181.000 120958.000 0 0 17.079 21.335 364.398 19.089 0 1 1 210 0 0
 650 126166.000 120978.000 0 0 4.022 5.017 20.183 4.492 0 1 1 210 0 0
 651 126160.000 120984.000 0 0 3.018 3.762 11.356 3.369 0 1 1 210 0 0
 652 126097.000 121063.000 0 0 4.038 5.004 20.211 4.495 0 1 1 210 0 0
 653 98582.000 133436.000 0 0 11.220 0.476 5.341 2.311 0 1 1 210 0 0
 654 98546.000 133436.000 0 0 19.232 0.836 16.091 4.011 0 1 1 210 0 0
 655 98492.000 133433.000 0 0 24.041 1.085 26.087 5.107 0 1 1 210 0 0
 656 98158.000 133415.000 0 0 632.446 34.866 22051.056 148.495 0 1 1 210 0 0
 657 97475.000 133371.000 0 0 20.798 1.573 32.733 5.721 0 1 1 210 0 0
 658 97114.000 133341.000 0 0 692.709 59.966 41539.400 203.812 0 1 1 210 0 0
 659 96730.000 133309.000 0 0 23.952 2.352 56.337 7.505 0 1 1 210 0 0
 660 127250.000 119854.000 0 0 8.565 11.756 100.699 10.034 0 1 1 210 0 0
 661 127117.000 120032.000 0 0 217.987 295.089 64325.730 253.625 0 1 1 210 0 0
 662 126999.000 120188.000 0 0 2.903 3.883 11.276 3.357 0 1 1 210 0 0
 663 126645.000 120650.000 0 0 329.648 425.354 140217.221 374.455 0 1 1 210 0 0
 664 97823.000 133564.000 0 0 664.535 43.106 28645.528 169.249 0 1 1 210 0 0
 665 96841.000 133490.000 0 0 461.729 43.563 20114.704 141.826 0 1 1 210 0 0
 666 96529.000 133459.000 0 0 149.168 15.476 2308.613 48.048 0 1 1 210 0 0
 667 127552.000 119727.000 0 0 5.673 7.923 44.957 6.704 0 1 1 210 0 0
 668 127423.000 119905.000 0 0 237.599 327.342 77776.429 278.884 0 1 1 210 0 0
 669 126960.000 120522.000 0 0 302.025 396.781 119838.360 346.176 0 1 1 210 0 0
 670 126790.000 120740.000 0 0 7.954 10.274 81.721 9.039 0 1 1 210 0 0
 671 97843.000 133740.000 0 0 19.406 1.241 24.085 4.907 0 1 1 210 0 0
 672 97717.000 133730.000 0 0 58.208 3.939 229.333 15.143 0 1 1 210 0 0
 673 97656.000 133726.000 0 0 45.267 3.146 142.448 11.935 0 1 1 210 0 0
 674 97399.000 133706.000 0 0 463.155 35.747 16556.467 128.671 0 1 1 210 0 0
 675 96555.000 133632.000 0 0 457.877 46.913 21480.581 146.562 0 1 1 210 0 0
 676 96312.000 133607.000 0 0 15.123 1.659 25.103 5.010 0 1 1 210 0 0
 677 127715.000 119793.000 0 0 231.523 324.185 75056.767 273.964 0 1 1 210 0 0
 678 127255.000 120414.000 0 0 285.756 381.518 109021.397 330.183 0 1 1 210 0 0
 679 127105.000 120611.000 0 0 2.964 3.898 11.557 3.399 0 1 1 210 0 0
 680 97498.000 133886.000 0 0 12.995 0.959 12.471 3.531 0 1 1 210 0 0
 681 97162.000 133859.000 0 0 566.473 47.484 26898.686 164.008 0 1 1 210 0 0
 682 96230.000 133769.000 0 0 511.546 57.120 29219.781 170.937 0 1 1 210 0 0
 683 95963.000 133740.000 0 0 11.322 1.354 15.341 3.916 0 1 1 210 0 0
 684 128016.000 119665.000 0 0 204.569 291.439 59619.684 244.171 0 1 1 210 0 0
 685 127572.000 120274.000 0 0 247.842 337.045 83534.086 289.022 0 1 1 210 0 0
 686 127416.000 120483.000 0 0 9.818 13.141 129.032 11.359 0 1 1 210 0 0
 687 97174.000 134032.000 0 0 48.944 4.064 198.950 14.104 0 1 1 210 0 0
 688 96852.000 134003.000 0 0 540.979 50.090 27097.829 164.614 0 1 1 210 0 0
 689 96567.000 133976.000 0 0 17.914 1.810 32.436 5.695 0 1 1 210 0 0
 690 95913.000 133903.000 0 0 534.711 64.463 34469.417 185.659 0 1 1 210 0 0
 691 128312.000 119540.000 0 0 170.479 247.012 42110.652 205.208 0 1 1 210 0 0
 692 128218.000 119674.000 0 0 8.487 12.174 103.330 10.165 0 1 1 210 0 0
 693 127999.000 119981.000 0 0 17.241 24.158 416.521 20.408 0 1 1 210 0 0
 694 127863.000 120169.000 0 0 240.749 332.592 80071.500 282.969 0 1 1 210 0 0
 695 127699.000 120389.000 0 0 9.773 13.277 129.770 11.391 0 1 1 210 0 0
 696 96876.000 134177.000 0 0 27.851 2.546 70.925 8.421 0 1 1 210 0 0
 697 96842.000 134173.000 0 0 16.380 1.513 24.797 4.979 0 1 1 210 0 0
 698 96804.000 134169.000 0 0 6.549 0.612 4.013 2.003 0 1 1 210 0 0
 699 96779.000 134167.000 0 0 14.740 1.389 20.485 4.526 0 1 1 210 0 0
 700 96508.000 134141.000 0 0 464.805 47.546 22099.775 148.659 0 1 1 210 0 0
 701 95649.000 134043.000 0 0 461.841 59.039 27266.736 165.126 0 1 1 210 0 0
 702 95407.000 134013.000 0 0 9.783 1.321 12.929 3.595 0 1 1 210 0 0
 703 128645.000 119358.000 0 0 111.357 164.779 18349.455 135.460 0 1 1 210 0 0
 704 128516.000 119544.000 0 0 44.971 65.614 2950.795 54.321 0 1 1 210 0 0
 705 128187.000 120011.000 0 0 272.439 383.745 104547.451 323.337 0 1 1 210 0 0
 706 128032.000 120224.000 0 0 3.878 5.375 20.845 4.565 0 1 1 210 0 0
 707 96663.000 134328.000 0 0 6.580 0.639 4.209 2.051 0 1 1 210 0 0
 708 96649.000 134326.000 0 0 16.454 1.606 26.431 5.141 0 1 1 210 0 0
 709 96265.000 134284.000 0 0 659.062 71.808 47326.077 217.545 0 1 1 210 0 0
 710 95603.000 134209.000 0 0 9.840 1.265 12.449 3.528 0 1 1 210 0 0
 711 95373.000 134178.000 0 0 407.969 55.240 22536.401 150.121 0 1 1 210 0 0
 712 128870.000 119326.000 0 0 207.528 310.012 64336.503 253.646 0 1 1 210 0 0
 713 128484.000 119886.000 0 0 253.581 363.212 92103.696 303.485 0 1 1 210 0 0
 714 96290.000 134459.000 0 0 4.954 0.533 2.643 1.625 0 1 1 210 0 0
 715 96258.000 134456.000 0 0 54.506 5.919 322.669 17.962 0 1 1 210 0 0
 716 96212.000 134452.000 0 0 23.122 2.542 58.793 7.667 0 1 1 210 0 0
 717 95948.000 134421.000 0 0 503.275 59.253 29820.955 172.687 0 1 1 210 0 0
 718 95590.000 134379.000 0 0 13.184 1.691 22.300 4.722 0 1 1 210 0 0
 719 95086.000 134310.000 0 0 447.371 64.081 28668.107 169.316 0 1 1 210 0 0
 720 94851.000 134277.000 0 0 4.927 0.740 3.648 1.910 0 1 1 210 0 0
 721 129154.000 119210.000 0 0 175.895 266.936 46952.837 216.686 0 1 1 210 0 0
 722 128754.000 119797.000 0 0 280.918 408.018 114619.867 338.555 0 1 1 210 0 0
 723 95686.000 134560.000 0 0 576.553 71.971 41495.511 203.704 0 1 1 210 0 0
 724 95357.000 134521.000 0 0 9.930 1.335 13.265 3.642 0 1 1 210 0 0
 725 94803.000 134440.000 0 0 449.069 67.769 30433.139 174.450 0 1 1 210 0 0
 726 129613.000 118818.000 0 0 34.279 53.943 1849.154 43.001 0 1 1 210 0 0
 727 129547.000 118920.000 0 0 8.162 12.747 104.050 10.200 0 1 1 210 0 0
 728 129437.000 119090.000 0 0 163.806 252.596 41376.989 203.413 0 1 1 210 0 0
 729 129349.000 119224.000 0 0 6.451 9.848 63.537 7.971 0 1 1 210 0 0
 730 129038.000 119685.000 0 0 259.506 382.814 99342.860 315.187 0 1 1 210 0 0
 731 95635.000 134727.000 0 0 9.989 1.255 12.545 3.541 0 1 1 210 0 0
 732 95366.000 134692.000 0 0 492.279 65.756 32370.498 179.918 0 1 1 210 0 0
 733 94599.000 134582.000 0 0 358.523 55.995 20075.538 141.688 0 1 1 210 0 0
 734 94378.000 134548.000 0 0 8.282 1.347 11.165 3.341 0 1 1 210 0 0
 735 129772.000 118887.000 0 0 179.268 282.583 50658.329 225.074 0 1 1 210 0 0
 736 129654.000 119067.000 0 0 5.483 8.528 46.768 6.838 0 1 1 210 0 0
 737 129513.000 119284.000 0 0 8.319 12.732 105.929 10.292 0 1 1 210 0 0
 738 129327.000 119564.000 0 0 260.726 390.836 101901.591 319.220 0 1 1 210 0 0
 739 95433.000 134873.000 0 0 45.134 5.911 266.812 16.334 0 1 1 210 0 0
 740 95359.000 134864.000 0 0 11.699 1.557 18.224 4.268 0 1 1 210 0 0
 741 95086.000 134825.000 0 0 469.112 66.200 31055.286 176.225 0 1 1 210 0 0
 742 94817.000 134788.000 0 0 11.674 1.739 20.308 4.506 0 1 1 210 0 0
 743 94266.000 134701.000 0 0 430.961 71.215 30691.062 175.188 0 1 1 210 0 0
 744 93969.000 134653.000 0 0 13.289 2.313 30.739 5.544 0 1 1 210 0 0
 745 129973.000 118889.000 0 0 133.108 211.212 28114.192 167.672 0 1 1 210 0 0
 746 129644.000 119394.000 0 0 231.502 353.852 81917.600 286.212 0 1 1 210 0 0
 747 129509.000 119597.000 0 0 4.696 7.072 33.219 5.763 0 1 1 210 0 0
 748 129489.000 119625.000 0 0 27.281 40.995 1118.437 33.443 0 1 1 210 0 0
 749 94829.000 134960.000 0 0 412.871 61.071 25214.538 158.790 0 1 1 210 0 0
 750 94574.000 134923.000 0 0 10.045 1.561 15.682 3.960 0 1 1 210 0 0
 751 94271.000 134876.000 0 0 15.046 2.471 37.192 6.098 0 1 1 210 0 0
 752 93972.000 134823.000 0 0 582.615 100.853 58758.889 242.402 0 1 1 210 0 0
 753 93666.000 134771.000 0 0 18.333 3.339 61.230 7.824 0 1 1 210 0 0
 754 130324.000 118649.000 0 0 92.975 151.179 14056.050 118.558 0 1 1 210 0 0
 755 129905.000 119307.000 0 0 212.878 329.723 70190.924 264.935 0 1 1 210 0 0
 756 129787.000 119487.000 0 0 14.012 21.419 300.150 17.324 0 1 1 210 0 0
 757 129773.000 119507.000 0 0 6.546 9.991 65.405 8.087 0 1 1 210 0 0
 758 94922.000 135146.000 0 0 21.904 3.165 69.334 8.326 0 1 1 210 0 0
 759 94853.000 135135.000 0 0 112.847 16.531 1865.571 43.192 0 1 1 210 0 0
 760 94571.000 135092.000 0 0 431.638 66.784 28826.919 169.784 0 1 1 210 0 0
 761 93686.000 134946.000 0 0 520.560 94.055 48961.798 221.273 0 1 1 210 0 0
 762 93415.000 134899.000 0 0 6.689 1.262 8.445 2.905 0 1 1 210 0 0
 763 130555.000 118601.000 0 0 131.971 216.778 28608.631 169.140 0 1 1 210 0 0
 764 130156.000 119231.000 0 0 285.797 448.148 128079.831 357.882 0 1 1 210 0 0
 765 94669.000 135281.000 0 0 15.221 2.300 35.010 5.916 0 1 1 210 0 0
 766 94610.000 135272.000 0 0 20.288 3.100 62.899 7.930 0 1 1 210 0 0
 767 94576.000 135268.000 0 0 5.070 0.779 3.954 1.988 0 1 1 210 0 0
 768 94308.000 135224.000 0 0 450.846 72.858 32848.054 181.240 0 1 1 210 0 0
 769 93463.000 135078.000 0 0 462.949 86.277 39942.164 199.855 0 1 1 210 0 0
 770 130895.000 118368.000 0 0 4.402 7.404 32.598 5.709 0 1 1 210 0 0
 771 130818.000 118495.000 0 0 119.693 199.443 23872.072 154.505 0 1 1 210 0 0
 772 130740.000 118622.000 0 0 16.961 27.998 474.910 21.792 0 1 1 210 0 0
 773 130430.000 119118.000 0 0 290.537 462.428 134352.855 366.541 0 1 1 210 0 0
 774 94032.000 135352.000 0 0 455.881 76.969 35088.871 187.320 0 1 1 210 0 0
 775 93776.000 135309.000 0 0 27.082 4.774 129.295 11.370 0 1 1 210 0 0
 776 93293.000 135220.000 0 0 310.663 59.160 18379.035 135.569 0 1 1 210 0 0
 777 93113.000 135188.000 0 0 37.111 7.263 269.572 16.418 0 1 1 210 0 0
 778 93035.000 135171.000 0 0 25.291 5.008 126.676 11.255 0 1 1 210 0 0
 779 131079.000 118389.000 0 0 111.073 187.724 20851.278 144.399 0 1 1 210 0 0
 780 131018.000 118493.000 0 0 9.752 16.356 159.512 12.629 0 1 1 210 0 0
 781 130702.000 119007.000 0 0 226.885 366.482 83149.513 288.356 0 1 1 210 0 0
 782 130575.000 119207.000 0 0 2.762 4.397 12.149 3.485 0 1 1 210 0 0
 783 94089.000 135534.000 0 0 18.736 3.116 58.396 7.641 0 1 1 210 0 0
 784 93948.000 135510.000 0 0 25.534 4.352 111.134 10.542 0 1 1 210 0 0
 785 93737.000 135473.000 0 0 376.786 66.525 25065.748 158.321 0 1 1 210 0 0
 786 93064.000 135349.000 0 0 477.707 93.741 44781.187 211.615 0 1 1 210 0 0
 787 92794.000 135298.000 0 0 37.227 7.600 282.944 16.820 0 1 1 210 0 0
 788 131398.000 118186.000 0 0 22.666 39.132 886.996 29.782 0 1 1 210 0 0
 789 131313.000 118331.000 0 0 126.544 216.155 27353.170 165.387 0 1 1 210 0 0
 790 130986.000 118873.000 0 0 201.754 331.244 66829.832 258.514 0 1 1 210 0 0
 791 130866.000 119065.000 0 0 30.160 48.827 1472.671 38.375 0 1 1 210 0 0
 792 130846.000 119096.000 0 0 6.408 10.351 66.334 8.144 0 1 1 210 0 0
 793 93808.000 135659.000 0 0 10.257 1.781 18.273 4.274 0 1 1 210 0 0
 794 93757.000 135651.000 0 0 25.635 4.489 115.097 10.728 0 1 1 210 0 0
 795 93542.000 135612.000 0 0 389.234 70.590 27476.191 165.759 0 1 1 210 0 0
 796 93333.000 135574.000 0 0 10.233 1.917 19.625 4.430 0 1 1 210 0 0
 797 92781.000 135468.000 0 0 425.151 86.538 36791.976 191.812 0 1 1 210 0 0
 798 92546.000 135421.000 0 0 6.789 1.428 9.702 3.114 0 1 1 210 0 0
 799 131613.000 118157.000 0 0 153.192 266.720 40859.611 202.137 0 1 1 210 0 0
 800 131242.000 118781.000 0 0 222.386 369.927 82266.907 286.822 0 1 1 210 0 0
 801 93621.000 135800.000 0 0 39.471 7.033 277.645 16.662 0 1 1 210 0 0
 802 93321.000 135744.000 0 0 507.197 94.780 48072.290 219.253 0 1 1 210 0 0
 803 92509.000 135586.000 0 0 463.073 97.485 45142.757 212.468 0 1 1 210 0 0
 804 131849.000 118089.000 0 0 153.483 270.236 41477.026 203.659 0 1 1 210 0 0
 805 131765.000 118232.000 0 0 3.496 6.090 21.295 4.614 0 1 1 210 0 0
 806 131512.000 118660.000 0 0 194.117 327.809 63633.469 252.256 0 1 1 210 0 0
 807 131404.000 118839.000 0 0 9.030 15.053 135.939 11.659 0 1 1 210 0 0
 808 131388.000 118866.000 0 0 8.139 13.541 110.219 10.498 0 1 1 210 0 0
 809 93319.000 135917.000 0 0 13.774 2.562 35.296 5.941 0 1 1 210 0 0
 810 93252.000 135905.000 0 0 8.607 1.617 13.925 3.731 0 1 1 210 0 0
 811 93027.000 135861.000 0 0 414.607 80.618 33424.953 182.824 0 1 1 210 0 0
 812 92287.000 135713.000 0 0 368.079 79.494 29260.366 171.056 0 1 1 210 0 0
 813 92097.000 135671.000 0 0 5.128 1.136 5.827 2.413 0 1 1 210 0 0
 814 132092.000 118005.000 0 0 173.488 309.226 53647.241 231.618 0 1 1 210 0 0
 815 131764.000 118570.000 0 0 195.844 334.994 65606.758 256.138 0 1 1 210 0 0
 816 93034.000 136036.000 0 0 15.546 3.005 46.727 6.835 0 1 1 210 0 0
 817 92802.000 135991.000 0 0 429.430 85.889 36883.714 192.051 0 1 1 210 0 0
 818 92098.000 135844.000 0 0 332.259 73.256 24340.087 156.013 0 1 1 210 0 0
 819 91893.000 135801.000 0 0 39.473 8.939 352.865 18.784 0 1 1 210 0 0
 820 132368.000 117858.000 0 0 140.400 254.475 35728.527 189.019 0 1 1 210 0 0
 821 132291.000 117999.000 0 0 12.942 23.219 300.530 17.335 0 1 1 210 0 0
 822 132280.000 118017.000 0 0 3.454 6.189 21.385 4.624 0 1 1 210 0 0
 823 132021.000 118468.000 0 0 179.720 311.608 56002.441 236.648 0 1 1 210 0 0
 824 131921.000 118637.000 0 0 5.359 9.180 49.206 7.014 0 1 1 210 0 0
 825 92760.000 136158.000 0 0 27.733 5.553 154.020 12.410 0 1 1 210 0 0
 826 92729.000 136152.000 0 0 5.197 1.045 5.434 2.330 0 1 1 210 0 0
 827 92518.000 136108.000 0 0 373.883 77.480 28968.532 170.201 0 1 1 210 0 0
 828 92009.000 135999.000 0 0 20.706 4.596 95.175 9.755 0 1 1 210 0 0
 829 91951.000 135987.000 0 0 37.954 8.489 322.225 17.950 0 1 1 210 0 0
 830 91776.000 135947.000 0 0 273.995 62.689 17176.747 131.060 0 1 1 210 0 0
 831 91631.000 135915.000 0 0 5.163 1.203 6.213 2.492 0 1 1 210 0 0
 832 132596.000 117802.000 0 0 155.315 284.387 44169.888 210.166 0 1 1 210 0 0
 833 132285.000 118351.000 0 0 174.187 306.437 53377.700 231.036 0 1 1 210 0 0
 834 132184.000 118527.000 0 0 5.328 9.255 49.319 7.022 0 1 1 210 0 0
 835 132152.000 118580.000 0 0 10.688 18.495 197.689 14.060 0 1 1 210 0 0
 836 92251.000 136225.000 0 0 387.257 82.842 32081.349 179.112 0 1 1 210 0 0
 837 92037.000 136181.000 0 0 20.810 4.580 95.321 9.763 0 1 1 210 0 0
 838 91745.000 136115.000 0 0 20.773 4.748 98.638 9.931 0 1 1 210 0 0
 839 91570.000 136075.000 0 0 325.119 75.976 24701.583 157.167 0 1 1 210 0 0
 840 91364.000 136027.000 0 0 17.269 4.139 71.492 8.455 0 1 1 210 0 0
 841 132853.000 117684.000 0 0 142.424 264.580 37682.840 194.120 0 1 1 210 0 0
 842 132528.000 118270.000 0 0 178.675 318.103 56837.382 238.405 0 1 1 210 0 0
 843 132430.000 118440.000 0 0 6.188 10.882 67.345 8.206 0 1 1 210 0 0
 844 91977.000 136340.000 0 0 353.636 78.080 27612.105 166.168 0 1 1 210 0 0
 845 91787.000 136299.000 0 0 12.181 2.756 33.572 5.794 0 1 1 210 0 0
 846 91313.000 136189.000 0 0 303.595 72.882 22126.664 148.750 0 1 1 210 0 0
 847 91137.000 136148.000 0 0 5.196 1.274 6.622 2.573 0 1 1 210 0 0
 848 133104.000 117578.000 0 0 116.285 218.994 25465.825 159.580 0 1 1 210 0 0
 849 132772.000 118182.000 0 0 189.137 340.915 64479.814 253.928 0 1 1 210 0 0
 850 92003.000 136521.000 0 0 21.006 4.600 96.631 9.830 0 1 1 210 0 0
 851 91956.000 136511.000 0 0 40.256 8.869 357.038 18.895 0 1 1 210 0 0
 852 91770.000 136469.000 0 0 319.929 72.205 23100.643 151.988 0 1 1 210 0 0
 853 91593.000 136429.000 0 0 22.703 5.239 118.958 10.906 0 1 1 210 0 0
 854 91256.000 136351.000 0 0 10.456 2.515 26.301 5.128 0 1 1 210 0 0
 855 91069.000 136306.000 0 0 341.120 83.915 28625.474 169.190 0 1 1 210 0 0
 856 133401.000 117383.000 0 0 17.499 33.623 588.397 24.256 0 1 1 210 0 0
 857 133331.000 117516.000 0 0 117.558 223.691 26296.879 162.163 0 1 1 210 0 0
 858 133039.000 118053.000 0 0 180.012 329.439 59303.203 243.522 0 1 1 210 0 0
 859 132939.000 118231.000 0 0 3.495 6.316 22.081 4.699 0 1 1 210 0 0
 860 91600.000 136604.000 0 0 549.232 126.045 69228.331 263.112 0 1 1 210 0 0
 861 90822.000 136420.000 0 0 293.314 73.919 21681.746 147.247 0 1 1 210 0 0
 862 133571.000 117423.000 0 0 146.998 283.242 41636.282 204.049 0 1 1 210 0 0
 863 133278.000 117972.000 0 0 182.645 338.202 61771.260 248.538 0 1 1 210 0 0
 864 91576.000 136774.000 0 0 17.627 4.038 71.185 8.437 0 1 1 210 0 0
 865 91304.000 136710.000 0 0 397.714 94.219 37472.305 193.577 0 1 1 210 0 0
 866 91088.000 136661.000 0 0 15.816 3.845 60.815 7.798 0 1 1 210 0 0
 867 90830.000 136597.000 0 0 14.034 3.516 49.361 7.025 0 1 1 210 0 0
 868 90635.000 136547.000 0 0 339.886 87.099 29604.012 172.058 0 1 1 210 0 0
 869 90451.000 136500.000 0 0 5.247 1.372 7.204 2.684 0 1 1 210 0 0
 870 133826.000 117303.000 0 0 158.434 309.717 49069.847 221.517 0 1 1 210 0 0
 871 133512.000 117895.000 0 0 187.015 350.218 65496.400 255.922 0 1 1 210 0 0
 872 91068.000 136830.000 0 0 404.792 98.172 39739.294 199.347 0 1 1 210 0 0
 873 90415.000 136667.000 0 0 321.666 84.090 27049.218 164.466 0 1 1 210 0 0
 874 90234.000 136621.000 0 0 12.289 3.277 40.274 6.346 0 1 1 210 0 0
 875 134068.000 117205.000 0 0 153.409 303.765 46600.532 215.871 0 1 1 210 0 0
 876 133772.000 117773.000 0 0 190.847 362.645 69209.948 263.077 0 1 1 210 0 0
 877 133665.000 117968.000 0 0 8.613 16.138 139.010 11.790 0 1 1 210 0 0
 878 90823.000 136945.000 0 0 375.467 93.268 35019.321 187.134 0 1 1 210 0 0
 879 90359.000 136828.000 0 0 7.059 1.848 13.047 3.612 0 1 1 210 0 0
 880 90161.000 136775.000 0 0 365.473 97.785 35737.952 189.044 0 1 1 210 0 0
 881 134418.000 116887.000 0 0 4.857 9.899 48.084 6.934 0 1 1 210 0 0
 882 134398.000 116928.000 0 0 3.245 6.595 21.410 4.627 0 1 1 210 0 0
 883 134313.000 117098.000 0 0 163.495 328.091 53641.265 231.605 0 1 1 210 0 0
 884 134016.000 117675.000 0 0 155.907 300.039 46778.343 216.283 0 1 1 210 0 0
 885 133928.000 117840.000 0 0 6.841 13.011 89.021 9.435 0 1 1 210 0 0
 886 90615.000 137068.000 0 0 401.843 101.747 40886.387 202.203 0 1 1 210 0 0
 887 90133.000 136945.000 0 0 15.939 4.257 67.856 8.237 0 1 1 210 0 0
 888 89982.000 136903.000 0 0 277.741 75.402 20942.307 144.714 0 1 1 210 0 0
 889 89830.000 136864.000 0 0 12.370 3.412 42.220 6.497 0 1 1 210 0 0
 890 134532.000 117042.000 0 0 126.627 256.584 32490.732 180.251 0 1 1 210 0 0
 891 134238.000 117618.000 0 0 183.278 356.157 65276.170 255.492 0 1 1 210 0 0
 892 90569.000 137234.000 0 0 5.353 1.355 7.258 2.694 0 1 1 210 0 0
 893 90375.000 137182.000 0 0 374.314 96.893 36268.614 190.443 0 1 1 210 0 0
 894 89767.000 137022.000 0 0 347.006 95.915 33283.387 182.437 0 1 1 210 0 0
 895 134758.000 116967.000 0 0 156.229 320.034 49998.782 223.604 0 1 1 210 0 0
 896 134480.000 117519.000 0 0 210.996 415.275 87621.681 296.009 0 1 1 210 0 0
 897 134368.000 117733.000 0 0 2.549 4.942 12.602 3.549 0 1 1 210 0 0
 898 90333.000 137349.000 0 0 19.692 5.097 100.383 10.019 0 1 1 210 0 0
 899 90128.000 137294.000 0 0 380.804 100.801 38385.676 195.922 0 1 1 210 0 0
 900 89489.000 137122.000 0 0 234.897 66.512 15623.490 124.993 0 1 1 210 0 0
 901 135010.000 116839.000 0 0 102.518 213.144 21851.361 147.822 0 1 1 210 0 0
 902 134710.000 117445.000 0 0 138.819 276.210 38343.483 195.814 0 1 1 210 0 0
 903 134630.000 117600.000 0 0 3.374 6.640 22.410 4.733 0 1 1 210 0 0
 904 90138.000 137473.000 0 0 5.387 1.417 7.639 2.763 0 1 1 210 0 0
 905 90114.000 137468.000 0 0 16.164 4.265 68.943 8.303 0 1 1 210 0 0
 906 89899.000 137409.000 0 0 410.669 110.886 45537.497 213.395 0 1 1 210 0 0
 907 89378.000 137268.000 0 0 12.506 3.564 44.579 6.676 0 1 1 210 0 0
 908 89243.000 137228.000 0 0 237.354 68.584 16278.880 127.588 0 1 1 210 0 0
 909 135233.000 116771.000 0 0 122.203 256.728 31373.001 177.124 0 1 1 210 0 0
 910 135162.000 116915.000 0 0 10.541 21.912 230.986 15.198 0 1 1 210 0 0
 911 135150.000 116940.000 0 0 4.060 8.424 34.205 5.848 0 1 1 210 0 0
 912 134938.000 117368.000 0 0 213.144 428.763 91388.527 302.305 0 1 1 210 0 0
 913 89674.000 137524.000 0 0 411.928 113.362 46697.320 216.095 0 1 1 210 0 0
 914 89037.000 137345.000 0 0 207.666 60.964 12660.397 112.518 0 1 1 210 0 0
 915 135541.000 116517.000 0 0 10.293 22.148 227.977 15.098 0 1 1 210 0 0
 916 135477.000 116652.000 0 0 112.556 239.800 26991.182 164.289 0 1 1 210 0 0
 917 135203.000 117219.000 0 0 146.933 300.387 44136.976 210.088 0 1 1 210 0 0
 918 135107.000 117408.000 0 0 5.841 11.780 68.813 8.295 0 1 1 210 0 0
 919 89645.000 137694.000 0 0 7.225 1.985 14.343 3.787 0 1 1 210 0 0
 920 89439.000 137637.000 0 0 385.541 108.188 41711.342 204.233 0 1 1 210 0 0
 921 89231.000 137580.000 0 0 18.013 5.162 92.995 9.643 0 1 1 210 0 0
 922 88939.000 137495.000 0 0 21.566 6.362 137.218 11.714 0 1 1 210 0 0
 923 88817.000 137459.000 0 0 202.911 60.578 12292.091 110.869 0 1 1 210 0 0
 924 88701.000 137425.000 0 0 16.146 4.874 78.706 8.871 0 1 1 210 0 0
 925 135769.000 116433.000 0 0 3.938 8.572 33.765 5.810 0 1 1 210 0 0
 926 135704.000 116572.000 0 0 122.342 263.578 32246.897 179.574 0 1 1 210 0 0
 927 135434.000 117133.000 0 0 155.229 321.044 49835.790 223.239 0 1 1 210 0 0
 928 89225.000 137754.000 0 0 385.499 110.026 42415.153 205.949 0 1 1 210 0 0
 929 88628.000 137579.000 0 0 277.424 83.955 23291.400 152.615 0 1 1 210 0 0
 930 88455.000 137528.000 0 0 8.996 2.767 24.901 4.990 0 1 1 210 0 0
 931 135929.000 116495.000 0 0 109.912 239.405 26313.605 162.214 0 1 1 210 0 0
 932 135654.000 117070.000 0 0 170.210 355.510 60511.744 245.991 0 1 1 210 0 0
 933 89243.000 137937.000 0 0 5.454 1.546 8.435 2.904 0 1 1 210 0 0
 934 89001.000 137866.000 0 0 404.793 117.581 47596.302 218.165 0 1 1 210 0 0
 935 88496.000 137717.000 0 0 12.657 3.860 48.863 6.990 0 1 1 210 0 0
 936 88373.000 137680.000 0 0 220.368 67.998 14984.795 122.412 0 1 1 210 0 0
 937 136157.000 116404.000 0 0 114.025 251.326 28657.558 169.285 0 1 1 210 0 0
 938 135886.000 116981.000 0 0 155.478 328.579 51087.266 226.024 0 1 1 210 0 0
 939 89092.000 138071.000 0 0 9.126 2.615 23.867 4.885 0 1 1 210 0 0
 940 89040.000 138055.000 0 0 14.594 4.203 61.341 7.832 0 1 1 210 0 0
 941 89016.000 138048.000 0 0 23.712 6.845 162.335 12.741 0 1 1 210 0 0
 942 88990.000 138041.000 0 0 23.708 6.862 162.694 12.755 0 1 1 210 0 0
 943 88760.000 137972.000 0 0 388.013 114.860 44567.429 211.109 0 1 1 210 0 0
 944 88164.000 137793.000 0 0 253.638 79.437 20148.320 141.944 0 1 1 210 0 0
 945 88024.000 137751.000 0 0 16.286 5.166 84.149 9.173 0 1 1 210 0 0
 946 136455.000 116159.000 0 0 2.323 5.242 12.181 3.490 0 1 1 210 0 0
 947 136390.000 116302.000 0 0 115.664 258.181 29862.273 172.807 0 1 1 210 0 0
 948 136130.000 116864.000 0 0 143.904 308.293 44364.882 210.629 0 1 1 210 0 0
 949 136052.000 117027.000 0 0 6.530 13.825 90.283 9.501 0 1 1 210 0 0
 950 136040.000 117052.000 0 0 2.452 5.182 12.708 3.564 0 1 1 210 0 0
 951 136032.000 117069.000 0 0 7.364 15.544 114.476 10.699 0 1 1 210 0 0
 952 88554.000 138088.000 0 0 369.144 110.934 40950.735 202.362 0 1 1 210 0 0
 953 87959.000 137908.000 0 0 232.604 73.883 17185.681 131.094 0 1 1 210 0 0
 954 87825.000 137866.000 0 0 25.414 8.171 207.676 14.410 0 1 1 210 0 0
 955 136618.000 116209.000 0 0 101.792 229.955 23407.811 152.996 0 1 1 210 0 0
 956 136361.000 116771.000 0 0 143.111 310.270 44403.323 210.720 0 1 1 210 0 0
 957 88315.000 138196.000 0 0 344.230 105.307 36250.149 190.394 0 1 1 210 0 0
 958 87724.000 138012.000 0 0 307.952 99.458 30628.444 175.009 0 1 1 210 0 0
 959 136841.000 116130.000 0 0 113.669 259.610 29509.804 171.784 0 1 1 210 0 0
 960 136589.000 116684.000 0 0 136.768 299.930 41021.145 202.536 0 1 1 210 0 0
 961 136514.000 116848.000 0 0 3.230 7.001 22.620 4.756 0 1 1 210 0 0
 962 88129.000 138316.000 0 0 394.912 122.353 48318.812 219.815 0 1 1 210 0 0
 963 87513.000 138121.000 0 0 246.706 80.810 19936.504 141.196 0 1 1 210 0 0
 964 87376.000 138078.000 0 0 12.778 4.236 54.134 7.357 0 1 1 210 0 0
 965 137067.000 116038.000 0 0 116.098 268.313 31150.742 176.495 0 1 1 210 0 0
 966 136815.000 116602.000 0 0 145.645 322.961 47037.907 216.882 0 1 1 210 0 0
 967 88137.000 138496.000 0 0 5.534 1.705 9.440 3.072 0 1 1 210 0 0
 968 87902.000 138422.000 0 0 340.749 107.291 36559.704 191.205 0 1 1 210 0 0
 969 87356.000 138250.000 0 0 282.373 93.342 26357.496 162.349 0 1 1 210 0 0
 970 137289.000 115952.000 0 0 108.589 253.833 27563.766 166.023 0 1 1 210 0 0
 971 137229.000 116090.000 0 0 5.398 12.492 67.445 8.212 0 1 1 210 0 0
 972 137043.000 116509.000 0 0 143.247 321.409 46041.244 214.572 0 1 1 210 0 0
 973 87689.000 138535.000 0 0 380.368 121.526 46224.830 214.999 0 1 1 210 0 0
 974 87253.000 138395.000 0 0 12.884 4.277 55.115 7.423 0 1 1 210 0 0
 975 87232.000 138388.000 0 0 9.202 3.060 28.170 5.307 0 1 1 210 0 0
 976 87086.000 138340.000 0 0 263.339 88.703 23359.087 152.836 0 1 1 210 0 0
 977 137520.000 115848.000 0 0 126.113 298.575 37654.389 194.047 0 1 1 210 0 0
 978 137260.000 116444.000 0 0 155.633 352.641 54882.931 234.271 0 1 1 210 0 0
 979 87484.000 138648.000 0 0 377.947 122.403 46262.149 215.086 0 1 1 210 0 0
 980 86895.000 138453.000 0 0 267.288 91.094 24348.471 156.039 0 1 1 210 0 0
 981 86747.000 138404.000 0 0 22.089 7.623 168.397 12.976 0 1 1 210 0 0
 982 137727.000 115796.000 0 0 91.623 218.833 20050.303 141.599 0 1 1 210 0 0
 983 137490.000 116341.000 0 0 156.672 359.442 56314.601 237.306 0 1 1 210 0 0
 984 137406.000 116529.000 0 0 2.376 5.378 12.785 3.575 0 1 1 210 0 0
 985 87464.000 138822.000 0 0 11.167 3.606 40.271 6.345 0 1 1 210 0 0
 986 87256.000 138752.000 0 0 367.987 121.021 44534.354 211.031 0 1 1 210 0 0
 987 86797.000 138602.000 0 0 7.399 2.530 18.728 4.327 0 1 1 210 0 0
 988 86696.000 138566.000 0 0 170.083 58.676 9979.979 99.899 0 1 1 210 0 0
 989 137953.000 115697.000 0 0 140.720 340.223 47876.456 218.806 0 1 1 210 0 0
 990 137709.000 116266.000 0 0 141.917 329.002 46691.176 216.081 0 1 1 210 0 0
 991 137631.000 116442.000 0 0 7.093 16.234 115.166 10.731 0 1 1 210 0 0
 992 137623.000 116461.000 0 0 2.367 5.410 12.806 3.578 0 1 1 210 0 0
 993 87047.000 138863.000 0 0 352.107 117.362 41324.249 203.283 0 1 1 210 0 0
 994 86609.000 138716.000 0 0 64.956 22.467 1459.407 38.202 0 1 1 210 0 0
 995 86562.000 138701.000 0 0 20.405 7.085 144.584 12.024 0 1 1 210 0 0
 996 86428.000 138653.000 0 0 239.027 83.929 20061.340 141.638 0 1 1 210 0 0
 997 138169.000 115620.000 0 0 116.064 283.606 32916.496 181.429 0 1 1 210 0 0
 998 137932.000 116182.000 0 0 129.689 303.994 39425.028 198.557 0 1 1 210 0 0
 999 137856.000 116353.000 0 0 15.679 36.294 569.070 23.855 0 1 1 210 0 0
 1000 86846.000 138976.000 0 0 349.395 117.920 41200.955 202.980 0 1 1 210 0 0
 1001 86259.000 138775.000 0 0 200.744 71.140 14281.027 119.503 0 1 1 210 0 0
 1002 138384.000 115544.000 0 0 119.967 296.249 35540.222 188.521 0 1 1 210 0 0
 1003 138134.000 116141.000 0 0 164.043 387.553 63575.843 252.142 0 1 1 210 0 0
 1004 86637.000 139085.000 0 0 363.484 124.278 45173.236 212.539 0 1 1 210 0 0
 1005 86099.000 138898.000 0 0 303.939 108.624 33015.372 181.701 0 1 1 210 0 0
 1006 138675.000 115282.000 0 0 17.582 44.495 782.317 27.969 0 1 1 210 0 0
 1007 138605.000 115453.000 0 0 113.340 283.149 32092.299 179.143 0 1 1 210 0 0
 1008 138368.000 116027.000 0 0 129.935 311.058 40417.448 201.040 0 1 1 210 0 0
 1009 138294.000 116199.000 0 0 7.765 18.357 142.557 11.939 0 1 1 210 0 0
 1010 86417.000 139189.000 0 0 326.883 113.298 37035.434 192.445 0 1 1 210 0 0
 1011 85838.000 138987.000 0 0 229.328 83.306 19104.592 138.219 0 1 1 210 0 0
 1012 138823.000 115369.000 0 0 131.144 331.269 43444.330 208.433 0 1 1 210 0 0
 1013 138581.000 115961.000 0 0 143.851 347.699 50017.042 223.644 0 1 1 210 0 0
 1014 86206.000 139296.000 0 0 331.544 116.385 38587.101 196.435 0 1 1 210 0 0
 1015 85675.000 139108.000 0 0 241.842 88.589 21424.675 146.371 0 1 1 210 0 0
 1016 139121.000 115076.000 0 0 10.840 28.129 304.953 17.462 0 1 1 210 0 0
 1017 139038.000 115288.000 0 0 123.120 314.397 38708.916 196.745 0 1 1 210 0 0
 1018 138879.000 115681.000 0 0 6.013 14.910 89.666 9.469 0 1 1 210 0 0
 1019 138799.000 115876.000 0 0 143.845 351.532 50566.304 224.869 0 1 1 210 0 0
 1020 86015.000 139409.000 0 0 332.498 117.992 39232.340 198.071 0 1 1 210 0 0
 1021 85516.000 139231.000 0 0 218.152 80.540 17570.130 132.552 0 1 1 210 0 0
 1022 85369.000 139176.000 0 0 58.219 21.744 1265.918 35.579 0 1 1 210 0 0
 1023 139249.000 115219.000 0 0 113.086 291.631 32979.479 181.602 0 1 1 210 0 0
 1024 139181.000 115386.000 0 0 5.900 15.025 88.661 9.415 0 1 1 210 0 0
 1025 139031.000 115762.000 0 0 133.480 330.531 44119.572 210.046 0 1 1 210 0 0
 1026 138955.000 115945.000 0 0 3.821 9.336 35.681 5.973 0 1 1 210 0 0
 1027 138950.000 115955.000 0 0 3.059 7.468 22.850 4.780 0 1 1 210 0 0
 1028 85985.000 139579.000 0 0 5.690 2.014 11.466 3.386 0 1 1 210 0 0
 1029 85800.000 139514.000 0 0 337.169 121.170 40855.073 202.126 0 1 1 210 0 0
 1030 85241.000 139311.000 0 0 156.410 58.722 9184.882 95.837 0 1 1 210 0 0
 1031 85135.000 139271.000 0 0 7.527 2.849 21.451 4.631 0 1 1 210 0 0
 1032 139450.000 115173.000 0 0 100.376 260.976 26195.831 161.851 0 1 1 210 0 0
 1033 139228.000 115727.000 0 0 149.830 373.713 55993.635 236.629 0 1 1 210 0 0
 1034 85566.000 139610.000 0 0 343.683 125.242 43043.787 207.469 0 1 1 210 0 0
 1035 85121.000 139446.000 0 0 39.712 14.979 594.875 24.390 0 1 1 210 0 0
 1036 85008.000 139404.000 0 0 179.447 68.276 12252.017 110.688 0 1 1 210 0 0
 1037 139663.000 115091.000 0 0 117.923 309.921 36546.994 191.172 0 1 1 210 0 0
 1038 139435.000 115670.000 0 0 142.054 357.485 50782.519 225.349 0 1 1 210 0 0
 1039 85372.000 139720.000 0 0 335.121 123.418 41360.187 203.372 0 1 1 210 0 0
 1040 84835.000 139520.000 0 0 193.237 74.152 14329.046 119.703 0 1 1 210 0 0
 1041 84725.000 139478.000 0 0 5.675 2.196 12.465 3.530 0 1 1 210 0 0
 1042 139881.000 114999.000 0 0 103.672 275.647 28576.924 169.047 0 1 1 210 0 0
 1043 139735.000 115373.000 0 0 5.895 15.238 89.841 9.478 0 1 1 210 0 0
 1044 139652.000 115584.000 0 0 147.179 374.466 55113.638 234.762 0 1 1 210 0 0
 1045 85391.000 139908.000 0 0 13.392 4.902 65.657 8.102 0 1 1 210 0 0
 1046 85184.000 139833.000 0 0 311.247 115.770 36033.417 189.824 0 1 1 210 0 0
 1047 84754.000 139672.000 0 0 11.411 4.385 50.048 7.074 0 1 1 210 0 0
 1048 84633.000 139626.000 0 0 180.460 69.982 12629.060 112.379 0 1 1 210 0 0
 1049 140098.000 114907.000 0 0 107.910 290.250 31321.037 176.977 0 1 1 210 0 0
 1050 139874.000 115484.000 0 0 145.492 374.647 54508.184 233.469 0 1 1 210 0 0
 1051 84966.000 139933.000 0 0 356.056 134.054 47730.778 218.473 0 1 1 210 0 0
 1052 84452.000 139737.000 0 0 241.920 94.661 22900.515 151.329 0 1 1 210 0 0
 1053 140352.000 114710.000 0 0 2.820 7.737 21.825 4.671 0 1 1 210 0 0
 1054 140300.000 114854.000 0 0 98.977 268.531 26578.596 163.029 0 1 1 210 0 0
 1055 140103.000 115368.000 0 0 105.439 275.145 29011.321 170.327 0 1 1 210 0 0
 1056 84735.000 140027.000 0 0 316.750 120.796 38262.252 195.607 0 1 1 210 0 0
 1057 84249.000 139841.000 0 0 168.068 66.448 11167.836 105.677 0 1 1 210 0 0
 1058 84152.000 139803.000 0 0 11.449 4.558 52.197 7.224 0 1 1 210 0 0
 1059 140567.000 114615.000 0 0 3.502 9.722 34.058 5.835 0 1 1 210 0 0
 1060 140512.000 114769.000 0 0 107.006 293.512 31407.770 177.222 0 1 1 210 0 0
 1061 140315.000 115291.000 0 0 118.749 313.079 37178.094 192.816 0 1 1 210 0 0
 1062 84781.000 140228.000 0 0 13.499 5.107 68.947 8.303 0 1 1 210 0 0
 1063 84589.000 140153.000 0 0 367.648 141.108 51878.203 227.767 0 1 1 210 0 0
 1064 84393.000 140079.000 0 0 11.528 4.489 51.760 7.194 0 1 1 210 0 0
 1065 84138.000 139981.000 0 0 7.663 3.040 23.304 4.827 0 1 1 210 0 0
 1066 84040.000 139942.000 0 0 173.341 69.265 12006.666 109.574 0 1 1 210 0 0
 1067 140723.000 114688.000 0 0 96.342 267.108 25733.945 160.418 0 1 1 210 0 0
 1068 140581.000 115069.000 0 0 7.223 19.453 140.531 11.854 0 1 1 210 0 0
 1069 140524.000 115219.000 0 0 102.872 273.913 28178.143 167.863 0 1 1 210 0 0
 1070 140468.000 115363.000 0 0 3.682 9.699 35.714 5.976 0 1 1 210 0 0
 1071 84366.000 140250.000 0 0 356.041 138.300 49240.838 221.902 0 1 1 210 0 0
 1072 83836.000 140044.000 0 0 178.526 72.062 12865.135 113.424 0 1 1 210 0 0
 1073 140930.000 114614.000 0 0 108.591 304.126 33025.473 181.729 0 1 1 210 0 0
 1074 140735.000 115144.000 0 0 110.348 296.817 32753.328 180.978 0 1 1 210 0 0
 1075 84160.000 140352.000 0 0 344.322 135.167 46541.119 215.733 0 1 1 210 0 0
 1076 83643.000 140149.000 0 0 202.089 82.331 16638.253 128.989 0 1 1 210 0 0
 1077 141193.000 114383.000 0 0 4.137 11.848 49.016 7.001 0 1 1 210 0 0
 1078 141138.000 114541.000 0 0 98.987 280.029 27719.463 166.491 0 1 1 210 0 0
 1079 140947.000 115062.000 0 0 100.363 272.842 27383.480 165.479 0 1 1 210 0 0
 1080 83971.000 140462.000 0 0 335.555 132.934 44607.058 211.203 0 1 1 210 0 0
 1081 83465.000 140260.000 0 0 167.907 68.963 11579.505 107.608 0 1 1 210 0 0
 1082 141349.000 114457.000 0 0 101.185 289.394 29282.572 171.121 0 1 1 210 0 0
 1083 141158.000 114983.000 0 0 108.459 297.923 32312.721 179.757 0 1 1 210 0 0
 1084 83933.000 140630.000 0 0 5.841 2.309 13.493 3.673 0 1 1 210 0 0
 1085 83760.000 140563.000 0 0 332.507 133.124 44265.071 210.392 0 1 1 210 0 0
 1086 83334.000 140390.000 0 0 29.043 11.984 348.067 18.656 0 1 1 210 0 0
 1087 83220.000 140343.000 0 0 166.320 69.178 11505.720 107.264 0 1 1 210 0 0
 1088 141552.000 114394.000 0 0 101.433 292.807 29700.524 172.338 0 1 1 210 0 0
 1089 141363.000 114915.000 0 0 104.391 289.495 30221.029 173.841 0 1 1 210 0 0
 1090 83572.000 140670.000 0 0 336.550 135.943 45751.800 213.896 0 1 1 210 0 0
 1091 83052.000 140457.000 0 0 137.698 57.684 7943.131 89.124 0 1 1 210 0 0
 1092 141757.000 114324.000 0 0 96.817 282.242 27326.171 165.306 0 1 1 210 0 0
 1093 141576.000 114829.000 0 0 107.342 300.949 32304.804 179.735 0 1 1 210 0 0
 1094 83369.000 140771.000 0 0 347.898 141.916 49372.484 222.199 0 1 1 210 0 0
 1095 82964.000 140605.000 0 0 9.734 4.084 39.758 6.305 0 1 1 210 0 0
 1096 82858.000 140561.000 0 0 196.385 82.996 16299.365 127.668 0 1 1 210 0 0
 1097 141958.000 114256.000 0 0 90.210 265.502 23951.051 154.761 0 1 1 210 0 0
 1098 141828.000 114629.000 0 0 6.311 18.045 113.896 10.672 0 1 1 210 0 0
 1099 141773.000 114780.000 0 0 92.820 262.329 24349.622 156.043 0 1 1 210 0 0
 1100 83171.000 140874.000 0 0 317.423 130.695 41485.992 203.681 0 1 1 210 0 0
 1101 82680.000 140670.000 0 0 167.667 71.407 11972.656 109.419 0 1 1 210 0 0
 1102 142202.000 114070.000 0 0 3.372 10.114 34.110 5.840 0 1 1 210 0 0
 1103 142167.000 114172.000 0 0 63.864 190.011 12134.993 110.158 0 1 1 210 0 0
 1104 141988.000 114685.000 0 0 109.118 311.986 34043.451 184.508 0 1 1 210 0 0
 1105 82980.000 140979.000 0 0 335.918 139.522 46868.050 216.490 0 1 1 210 0 0
 1106 82483.000 140771.000 0 0 203.267 87.332 17751.884 133.236 0 1 1 210 0 0
 1107 82335.000 140708.000 0 0 21.463 9.314 199.924 14.139 0 1 1 210 0 0
 1108 142368.000 114113.000 0 0 99.452 298.563 29692.842 172.316 0 1 1 210 0 0
 1109 142196.000 114607.000 0 0 101.535 293.305 29780.840 172.571 0 1 1 210 0 0
 1110 82796.000 141087.000 0 0 301.348 126.183 38025.187 195.000 0 1 1 210 0 0
 1111 82386.000 140915.000 0 0 21.573 9.287 200.363 14.154 0 1 1 210 0 0
 1112 82250.000 140855.000 0 0 215.435 93.599 20164.731 142.002 0 1 1 210 0 0
 1113 82117.000 140799.000 0 0 23.467 10.286 241.394 15.536 0 1 1 210 0 0
 1114 142582.000 114006.000 0 0 77.212 234.747 18125.365 134.630 0 1 1 210 0 0
 1115 142537.000 114139.000 0 0 9.489 28.547 270.906 16.459 0 1 1 210 0 0
 1116 142402.000 114534.000 0 0 104.800 305.742 32042.109 179.003 0 1 1 210 0 0
 1117 82583.000 141181.000 0 0 327.787 138.635 45442.908 213.173 0 1 1 210 0 0
 1118 82081.000 140968.000 0 0 274.944 120.258 33064.399 181.836 0 1 1 210 0 0
 1119 142787.000 113930.000 0 0 64.106 196.905 12622.951 112.351 0 1 1 210 0 0
 1120 142738.000 114076.000 0 0 4.048 12.292 49.768 7.054 0 1 1 210 0 0
 1121 142605.000 114469.000 0 0 93.640 275.723 25818.937 160.682 0 1 1 210 0 0
 1122 82545.000 141351.000 0 0 9.913 4.184 41.484 6.440 0 1 1 210 0 0
 1123 82389.000 141286.000 0 0 297.164 126.761 37668.950 194.084 0 1 1 210 0 0
 1124 81879.000 141066.000 0 0 271.664 119.881 32567.517 180.464 0 1 1 210 0 0
 1125 142980.000 113885.000 0 0 77.877 241.062 18773.430 137.016 0 1 1 210 0 0
 1126 142814.000 114386.000 0 0 99.310 295.543 29350.584 171.320 0 1 1 210 0 0
 1127 82205.000 141391.000 0 0 287.972 123.810 35653.951 188.822 0 1 1 210 0 0
 1128 81732.000 141186.000 0 0 286.285 126.984 36353.827 190.666 0 1 1 210 0 0
 1129 143188.000 113792.000 0 0 72.729 227.738 16563.404 128.698 0 1 1 210 0 0
 1130 143145.000 113924.000 0 0 6.007 18.613 111.817 10.574 0 1 1 210 0 0
 1131 143022.000 114299.000 0 0 87.056 261.921 22802.008 151.003 0 1 1 210 0 0
 1132 142973.000 114445.000 0 0 6.231 18.539 115.535 10.748 0 1 1 210 0 0
 1133 82055.000 141512.000 0 0 328.503 142.005 46649.344 215.984 0 1 1 210 0 0
 1134 81876.000 141436.000 0 0 11.919 5.213 62.143 7.883 0 1 1 210 0 0
 1135 81505.000 141273.000 0 0 301.251 134.997 40668.197 201.663 0 1 1 210 0 0
 1136 81298.000 141181.000 0 0 76.990 34.965 2691.982 51.884 0 1 1 210 0 0
 1137 143391.000 113721.000 0 0 74.326 235.044 17470.005 132.174 0 1 1 210 0 0
 1138 143345.000 113862.000 0 0 7.309 22.855 167.064 12.925 0 1 1 210 0 0
 1139 143221.000 114242.000 0 0 96.269 292.139 28124.232 167.702 0 1 1 210 0 0
 1140 82011.000 141679.000 0 0 5.992 2.586 15.498 3.936 0 1 1 210 0 0
 1141 81842.000 141605.000 0 0 287.203 125.346 35999.977 189.736 0 1 1 210 0 0
 1142 81267.000 141352.000 0 0 315.188 142.786 45004.780 212.143 0 1 1 210 0 0
 1143 81095.000 141275.000 0 0 9.889 4.530 44.802 6.693 0 1 1 210 0 0
 1144 143588.000 113664.000 0 0 62.230 198.500 12352.798 111.143 0 1 1 210 0 0
 1145 143418.000 114186.000 0 0 97.930 299.716 29351.367 171.322 0 1 1 210 0 0
 1146 81629.000 141698.000 0 0 313.828 138.268 43392.606 208.308 0 1 1 210 0 0
 1147 81297.000 141553.000 0 0 9.961 4.483 44.667 6.683 0 1 1 210 0 0
 1148 81124.000 141474.000 0 0 310.155 141.163 43782.828 209.243 0 1 1 210 0 0
 1149 80956.000 141398.000 0 0 17.864 8.218 146.824 12.117 0 1 1 210 0 0
 1150 143784.000 113610.000 0 0 78.948 253.964 20049.971 141.597 0 1 1 210 0 0
 1151 143629.000 114088.000 0 0 93.196 288.623 26898.758 164.008 0 1 1 210 0 0
 1152 81448.000 141806.000 0 0 237.542 105.416 25040.849 158.243 0 1 1 210 0 0
 1153 80916.000 141566.000 0 0 312.836 143.630 44932.719 211.973 0 1 1 210 0 0
 1154 80732.000 141482.000 0 0 37.780 17.549 663.016 25.749 0 1 1 210 0 0
 1155 143986.000 113530.000 0 0 70.051 227.728 15952.815 126.304 0 1 1 210 0 0
 1156 143944.000 113664.000 0 0 10.480 33.705 353.255 18.795 0 1 1 210 0 0
 1157 143827.000 114034.000 0 0 88.806 277.326 24628.414 156.934 0 1 1 210 0 0
 1158 81425.000 141980.000 0 0 6.035 2.670 16.118 4.014 0 1 1 210 0 0
 1159 81259.000 141907.000 0 0 321.785 143.907 46307.295 215.191 0 1 1 210 0 0
 1160 80701.000 141654.000 0 0 323.483 149.877 48482.910 220.188 0 1 1 210 0 0
 1161 144192.000 113441.000 0 0 71.522 235.150 16818.502 129.686 0 1 1 210 0 0
 1162 144029.000 113956.000 0 0 86.971 274.385 23863.634 154.478 0 1 1 210 0 0
 1163 81296.000 142110.000 0 0 8.072 3.585 28.943 5.379 0 1 1 210 0 0
 1164 81234.000 142083.000 0 0 6.050 2.698 16.323 4.040 0 1 1 210 0 0
 1165 81090.000 142018.000 0 0 271.923 122.381 33278.452 182.423 0 1 1 210 0 0
 1166 80527.000 141762.000 0 0 296.290 138.160 40935.719 202.325 0 1 1 210 0 0
 1167 80365.000 141686.000 0 0 15.981 7.527 120.310 10.968 0 1 1 210 0 0
 1168 144381.000 113404.000 0 0 86.746 287.216 24914.962 157.844 0 1 1 210 0 0
 1169 144231.000 113889.000 0 0 86.557 275.640 23858.766 154.462 0 1 1 210 0 0
 1170 81020.000 142172.000 0 0 16.172 7.279 117.724 10.850 0 1 1 210 0 0
 1171 80862.000 142103.000 0 0 292.654 133.027 38930.944 197.309 0 1 1 210 0 0
 1172 80328.000 141856.000 0 0 315.018 148.056 46640.529 215.964 0 1 1 210 0 0
 1173 144585.000 113323.000 0 0 77.918 260.750 20317.334 142.538 0 1 1 210 0 0
 1174 144430.000 113823.000 0 0 77.531 249.191 19320.109 138.996 0 1 1 210 0 0
 1175 80709.000 142220.000 0 0 277.275 126.694 35129.221 187.427 0 1 1 210 0 0
 1176 80166.000 141968.000 0 0 281.664 133.114 37493.719 193.632 0 1 1 210 0 0
 1177 144791.000 113229.000 0 0 64.685 219.009 14166.836 119.024 0 1 1 210 0 0
 1178 144629.000 113754.000 0 0 88.350 286.679 25328.382 159.148 0 1 1 210 0 0
 1179 80491.000 142306.000 0 0 308.715 142.361 43949.199 209.640 0 1 1 210 0 0
 1180 79952.000 142055.000 0 0 334.657 159.532 53388.554 231.059 0 1 1 210 0 0
 1181 144982.000 113180.000 0 0 75.185 256.603 19292.996 138.899 0 1 1 210 0 0
 1182 144928.000 113360.000 0 0 3.202 10.768 34.480 5.871 0 1 1 210 0 0
 1183 144827.000 113691.000 0 0 87.292 285.803 24948.584 157.951 0 1 1 210 0 0
 1184 80307.000 142409.000 0 0 256.156 118.953 30470.627 174.558 0 1 1 210 0 0
 1185 79767.000 142155.000 0 0 312.383 149.938 46838.469 216.421 0 1 1 210 0 0
 1186 145186.000 113090.000 0 0 66.517 229.609 15273.080 123.584 0 1 1 210 0 0
 1187 145028.000 113614.000 0 0 87.452 289.243 25295.219 159.044 0 1 1 210 0 0
 1188 80127.000 142512.000 0 0 307.725 143.854 44267.655 210.398 0 1 1 210 0 0
 1189 79594.000 142261.000 0 0 307.934 148.689 45786.485 213.977 0 1 1 210 0 0
 1190 145379.000 113035.000 0 0 73.114 254.517 18608.798 136.414 0 1 1 210 0 0
 1191 145227.000 113550.000 0 0 90.290 301.361 27210.220 164.955 0 1 1 210 0 0
 1192 80125.000 142701.000 0 0 20.473 9.529 195.099 13.967 0 1 1 210 0 0
 1193 79934.000 142610.000 0 0 285.967 134.673 38512.153 196.245 0 1 1 210 0 0
 1194 79402.000 142359.000 0 0 290.332 141.180 40989.356 202.458 0 1 1 210 0 0
 1195 145572.000 112978.000 0 0 81.504 286.185 23325.350 152.726 0 1 1 210 0 0
 1196 145424.000 113487.000 0 0 86.640 291.787 25280.463 158.998 0 1 1 210 0 0
 1197 79769.000 142720.000 0 0 341.999 161.965 55392.195 235.355 0 1 1 210 0 0
 1198 79241.000 142470.000 0 0 248.347 121.387 30146.337 173.627 0 1 1 210 0 0
 1199 145807.000 112775.000 0 0 1.837 6.587 12.101 3.478 0 1 1 210 0 0
 1200 145766.000 112921.000 0 0 78.663 278.628 21917.907 148.046 0 1 1 210 0 0
 1201 145621.000 113417.000 0 0 84.899 288.679 24508.647 156.552 0 1 1 210 0 0
 1202 79559.000 142809.000 0 0 274.989 131.304 36107.264 190.019 0 1 1 210 0 0
 1203 79408.000 142738.000 0 0 16.384 7.894 129.357 11.373 0 1 1 210 0 0
 1204 79029.000 142554.000 0 0 320.276 157.832 50550.104 224.833 0 1 1 210 0 0
 1205 145969.000 112833.000 0 0 75.053 268.841 20177.345 142.046 0 1 1 210 0 0
 1206 145819.000 113349.000 0 0 83.191 285.539 23754.543 154.125 0 1 1 210 0 0
 1207 145775.000 113498.000 0 0 1.940 6.582 12.776 3.574 0 1 1 210 0 0
 1208 79380.000 142912.000 0 0 327.081 157.167 51406.569 226.730 0 1 1 210 0 0
 1209 78832.000 142648.000 0 0 280.083 139.015 38936.056 197.322 0 1 1 210 0 0
 1210 146167.000 112754.000 0 0 68.479 247.869 16974.005 130.284 0 1 1 210 0 0
 1211 146016.000 113285.000 0 0 82.791 286.764 23741.694 154.083 0 1 1 210 0 0
 1212 79369.000 143097.000 0 0 6.195 2.966 18.378 4.286 0 1 1 210 0 0
 1213 79196.000 143013.000 0 0 303.105 146.603 44436.308 210.799 0 1 1 210 0 0
 1214 78657.000 142750.000 0 0 279.217 139.399 38922.899 197.288 0 1 1 210 0 0
 1215 146361.000 112693.000 0 0 71.803 262.245 18830.275 137.223 0 1 1 210 0 0
 1216 146214.000 113208.000 0 0 92.444 323.444 29900.493 172.917 0 1 1 210 0 0
 1217 79009.000 143111.000 0 0 330.667 161.000 53237.621 230.732 0 1 1 210 0 0
 1218 78478.000 142851.000 0 0 250.614 125.870 31545.035 177.609 0 1 1 210 0 0
 1219 146591.000 112495.000 0 0 2.994 11.166 33.441 5.782 0 1 1 210 0 0
 1220 146555.000 112626.000 0 0 66.580 245.492 16345.000 127.847 0 1 1 210 0 0
 1221 146409.000 113146.000 0 0 86.337 304.790 26314.723 162.218 0 1 1 210 0 0
 1222 78813.000 143207.000 0 0 287.771 141.116 40609.214 201.517 0 1 1 210 0 0
 1223 78307.000 142955.000 0 0 263.574 133.110 35084.448 187.308 0 1 1 210 0 0
 1224 146752.000 112553.000 0 0 66.194 246.531 16319.033 127.745 0 1 1 210 0 0
 1225 146605.000 113077.000 0 0 84.631 301.609 25525.621 159.767 0 1 1 210 0 0
 1226 78651.000 143317.000 0 0 303.168 149.421 45299.905 212.837 0 1 1 210 0 0
 1227 78123.000 143054.000 0 0 284.822 144.727 41221.538 203.030 0 1 1 210 0 0
 1228 146995.000 112307.000 0 0 8.259 31.539 260.509 16.140 0 1 1 210 0 0
 1229 146948.000 112482.000 0 0 67.613 254.316 17195.348 131.131 0 1 1 210 0 0
 1230 146802.000 113009.000 0 0 96.040 345.508 33182.738 182.161 0 1 1 210 0 0
 1231 78635.000 143499.000 0 0 14.592 7.167 104.582 10.226 0 1 1 210 0 0
 1232 78468.000 143417.000 0 0 290.435 144.035 41833.071 204.531 0 1 1 210 0 0
 1233 77959.000 143160.000 0 0 277.240 141.581 39252.234 198.121 0 1 1 210 0 0
 1234 147145.000 112406.000 0 0 76.721 291.542 22367.754 149.558 0 1 1 210 0 0
 1235 147001.000 112932.000 0 0 96.092 349.236 33559.048 183.191 0 1 1 210 0 0
 1236 78299.000 143522.000 0 0 298.348 148.761 44382.794 210.672 0 1 1 210 0 0
 1237 77785.000 143263.000 0 0 259.242 133.119 34510.262 185.769 0 1 1 210 0 0
 1238 77642.000 143190.000 0 0 6.209 3.214 19.960 4.467 0 1 1 210 0 0
 1239 147386.000 112155.000 0 0 1.747 6.814 11.910 3.451 0 1 1 210 0 0
 1240 147341.000 112328.000 0 0 85.693 329.067 28198.939 167.925 0 1 1 210 0 0
 1241 147191.000 112882.000 0 0 86.454 316.707 27380.783 165.471 0 1 1 210 0 0
 1242 78238.000 143683.000 0 0 16.747 8.343 139.724 11.820 0 1 1 210 0 0
 1243 78095.000 143610.000 0 0 250.860 126.010 31611.066 177.795 0 1 1 210 0 0
 1244 77604.000 143362.000 0 0 286.861 148.160 42501.599 206.159 0 1 1 210 0 0
 1245 147539.000 112246.000 0 0 85.709 332.721 28517.247 168.870 0 1 1 210 0 0
 1246 147384.000 112822.000 0 0 86.666 320.278 27757.365 166.605 0 1 1 210 0 0
 1247 78073.000 143790.000 0 0 14.689 7.355 108.053 10.394 0 1 1 210 0 0
 1248 77912.000 143708.000 0 0 282.857 142.940 40431.809 201.076 0 1 1 210 0 0
 1249 77420.000 143459.000 0 0 255.755 132.886 33986.347 184.353 0 1 1 210 0 0
 1250 147726.000 112205.000 0 0 66.114 258.530 17092.542 130.738 0 1 1 210 0 0
 1251 147582.000 112746.000 0 0 83.096 310.208 25777.336 160.553 0 1 1 210 0 0
 1252 77888.000 143887.000 0 0 6.309 3.179 20.059 4.478 0 1 1 210 0 0
 1253 77840.000 143865.000 0 0 14.714 7.433 109.386 10.458 0 1 1 210 0 0
 1254 77708.000 143796.000 0 0 243.538 123.961 30189.371 173.750 0 1 1 210 0 0
 1255 77257.000 143565.000 0 0 267.316 139.551 37304.447 193.143 0 1 1 210 0 0
 1256 77105.000 143487.000 0 0 6.252 3.291 20.579 4.536 0 1 1 210 0 0
 1257 147907.000 112182.000 0 0 60.734 238.839 14505.780 120.439 0 1 1 210 0 0
 1258 147773.000 112688.000 0 0 87.991 331.295 29151.119 170.736 0 1 1 210 0 0
 1259 77530.000 143896.000 0 0 267.245 136.799 36559.159 191.204 0 1 1 210 0 0
 1260 77061.000 143654.000 0 0 247.785 130.206 32263.330 179.619 0 1 1 210 0 0
 1261 148127.000 112009.000 0 0 2.302 9.228 21.251 4.609 0 1 1 210 0 0
 1262 148092.000 112146.000 0 0 65.794 260.512 17140.262 130.920 0 1 1 210 0 0
 1263 147964.000 112634.000 0 0 84.793 321.891 27294.202 165.209 0 1 1 210 0 0
 1264 77350.000 143995.000 0 0 272.061 140.069 38107.517 195.211 0 1 1 210 0 0
 1265 76893.000 143759.000 0 0 247.524 130.708 32353.499 179.870 0 1 1 210 0 0
 1266 148290.000 112060.000 0 0 66.484 266.214 17699.099 133.037 0 1 1 210 0 0
 1267 148159.000 112559.000 0 0 87.901 337.062 29628.283 172.128 0 1 1 210 0 0
 1268 77176.000 144096.000 0 0 264.236 136.770 36139.667 190.104 0 1 1 210 0 0
 1269 76716.000 143856.000 0 0 283.816 150.683 42766.479 206.800 0 1 1 210 0 0
 1270 148478.000 112003.000 0 0 61.567 248.661 15309.530 123.731 0 1 1 210 0 0
 1271 148360.000 112462.000 0 0 60.934 236.464 14408.802 120.036 0 1 1 210 0 0
 1272 148295.000 112710.000 0 0 6.702 25.465 170.678 13.064 0 1 1 210 0 0
 1273 76988.000 144193.000 0 0 233.035 121.347 28278.297 168.161 0 1 1 210 0 0
 1274 76524.000 143949.000 0 0 219.104 117.036 25643.317 160.135 0 1 1 210 0 0
 1275 148669.000 111939.000 0 0 61.241 249.639 15288.326 123.645 0 1 1 210 0 0
 1276 148553.000 112402.000 0 0 61.834 242.062 14967.714 122.342 0 1 1 210 0 0
 1277 76811.000 144291.000 0 0 265.402 138.956 36879.335 192.039 0 1 1 210 0 0
 1278 76482.000 144120.000 0 0 12.686 6.762 85.786 9.262 0 1 1 210 0 0
 1279 76351.000 144050.000 0 0 223.840 120.174 26900.025 164.012 0 1 1 210 0 0
 1280 148861.000 111877.000 0 0 61.491 252.967 15555.432 124.721 0 1 1 210 0 0
 1281 148746.000 112334.000 0 0 63.268 250.033 15819.272 125.774 0 1 1 210 0 0
 1282 76627.000 144386.000 0 0 248.831 131.028 32604.035 180.565 0 1 1 210 0 0
 1283 76174.000 144148.000 0 0 239.149 129.063 30865.533 175.685 0 1 1 210 0 0
 1284 149054.000 111806.000 0 0 68.479 284.532 19484.750 139.587 0 1 1 210 0 0
 1285 148938.000 112267.000 0 0 56.454 225.213 12714.387 112.758 0 1 1 210 0 0
 1286 76456.000 144489.000 0 0 258.051 136.567 35241.333 187.726 0 1 1 210 0 0
 1287 75999.000 144247.000 0 0 241.802 131.164 31715.963 178.089 0 1 1 210 0 0
 1288 149241.000 111751.000 0 0 59.151 247.853 14660.890 121.082 0 1 1 210 0 0
 1289 149129.000 112208.000 0 0 57.352 230.802 13237.071 115.052 0 1 1 210 0 0
 1290 76408.000 144657.000 0 0 14.980 7.914 118.558 10.888 0 1 1 210 0 0
 1291 76276.000 144585.000 0 0 246.850 131.354 32425.023 180.069 0 1 1 210 0 0
 1292 75815.000 144341.000 0 0 229.569 125.214 28745.593 169.545 0 1 1 210 0 0
 1293 149433.000 111681.000 0 0 57.679 244.077 14078.185 118.651 0 1 1 210 0 0
 1294 149321.000 112135.000 0 0 58.172 236.434 13753.989 117.277 0 1 1 210 0 0
 1295 76106.000 144690.000 0 0 265.654 142.037 37732.807 194.249 0 1 1 210 0 0
 1296 75639.000 144439.000 0 0 227.944 124.960 28483.981 168.771 0 1 1 210 0 0
 1297 149624.000 111613.000 0 0 67.364 287.843 19390.462 139.249 0 1 1 210 0 0
 1298 149513.000 112071.000 0 0 56.708 232.606 13190.826 114.851 0 1 1 210 0 0
 1299 75925.000 144786.000 0 0 257.628 138.492 35679.584 188.890 0 1 1 210 0 0
 1300 75458.000 144532.000 0 0 234.825 129.417 30390.573 174.328 0 1 1 210 0 0
 1301 149813.000 111553.000 0 0 57.046 245.954 14030.921 118.452 0 1 1 210 0 0
 1302 149701.000 112016.000 0 0 58.223 240.825 14021.679 118.413 0 1 1 210 0 0
 1303 75739.000 144879.000 0 0 258.162 139.561 36029.723 189.814 0 1 1 210 0 0
 1304 75287.000 144633.000 0 0 224.664 124.394 27947.018 167.173 0 1 1 210 0 0
 1305 150000.000 111502.000 0 0 52.935 230.101 12180.550 110.365 0 1 1 210 0 0
 1306 149894.000 111944.000 0 0 56.684 236.785 13422.083 115.853 0 1 1 210 0 0
 1307 75566.000 144978.000 0 0 250.108 135.872 33982.753 184.344 0 1 1 210 0 0
 1308 75097.000 144722.000 0 0 220.815 122.956 27150.789 164.774 0 1 1 210 0 0
 1309 150193.000 111426.000 0 0 62.441 274.299 17127.754 130.873 0 1 1 210 0 0
 1310 150085.000 111883.000 0 0 52.407 220.886 11576.232 107.592 0 1 1 210 0 0
 1311 75373.000 145069.000 0 0 254.933 139.304 35513.270 188.449 0 1 1 210 0 0
 1312 74940.000 144830.000 0 0 214.903 120.130 25816.605 160.675 0 1 1 210 0 0
 1313 150384.000 111358.000 0 0 54.450 241.527 13151.179 114.678 0 1 1 210 0 0
 1314 150273.000 111828.000 0 0 50.463 214.484 10823.613 104.036 0 1 1 210 0 0
 1315 75208.000 145172.000 0 0 264.186 144.999 38306.865 195.721 0 1 1 210 0 0
 1316 74746.000 144915.000 0 0 221.768 124.691 27652.717 166.291 0 1 1 210 0 0
 1317 150567.000 111313.000 0 0 53.692 239.981 12885.337 113.513 0 1 1 210 0 0
 1318 150467.000 111745.000 0 0 57.429 246.762 14171.498 119.044 0 1 1 210 0 0
 1319 75033.000 145270.000 0 0 266.928 147.216 39296.295 198.232 0 1 1 210 0 0
 1320 74571.000 145013.000 0 0 215.778 121.900 26303.558 162.183 0 1 1 210 0 0
 1321 150756.000 111253.000 0 0 53.406 240.877 12864.316 113.420 0 1 1 210 0 0
 1322 150653.000 111693.000 0 0 51.009 220.964 11271.247 106.166 0 1 1 210 0 0
 1323 74849.000 145362.000 0 0 258.766 143.477 37127.066 192.683 0 1 1 210 0 0
 1324 74393.000 145108.000 0 0 229.214 130.121 29825.585 172.700 0 1 1 210 0 0
 1325 150944.000 111189.000 0 0 50.421 229.559 11574.770 107.586 0 1 1 210 0 0
 1326 150842.000 111635.000 0 0 54.101 236.411 12790.342 113.094 0 1 1 210 0 0
 1327 74680.000 145464.000 0 0 257.168 143.225 36833.214 191.919 0 1 1 210 0 0
 1328 74206.000 145197.000 0 0 259.989 148.379 38577.013 196.410 0 1 1 210 0 0
 1329 151135.000 111116.000 0 0 58.619 269.640 15806.176 125.722 0 1 1 210 0 0
 1330 151032.000 111566.000 0 0 51.009 225.063 11480.453 107.146 0 1 1 210 0 0
 1331 74502.000 145559.000 0 0 264.259 147.895 39082.836 197.693 0 1 1 210 0 0
 1332 74030.000 145293.000 0 0 256.201 146.904 37637.067 194.002 0 1 1 210 0 0
 1333 151321.000 111061.000 0 0 55.679 258.319 14382.982 119.929 0 1 1 210 0 0
 1334 151222.000 111500.000 0 0 54.026 240.635 13000.614 114.020 0 1 1 210 0 0
 1335 74325.000 145655.000 0 0 271.387 152.622 41419.735 203.518 0 1 1 210 0 0
 1336 73870.000 145397.000 0 0 206.744 118.997 24602.018 156.850 0 1 1 210 0 0
 1337 151510.000 110996.000 0 0 53.770 251.862 13542.684 116.373 0 1 1 210 0 0
 1338 151409.000 111445.000 0 0 52.124 234.117 12203.299 110.468 0 1 1 210 0 0
 1339 74151.000 145752.000 0 0 266.008 150.292 39979.012 199.947 0 1 1 210 0 0
 1340 73696.000 145493.000 0 0 215.899 124.835 26951.936 164.170 0 1 1 210 0 0
 1341 151697.000 110937.000 0 0 48.759 230.474 11237.879 106.008 0 1 1 210 0 0
 1342 151595.000 111388.000 0 0 50.225 227.548 11428.814 106.905 0 1 1 210 0 0
 1343 73984.000 145852.000 0 0 270.364 153.405 41475.338 203.654 0 1 1 210 0 0
 1344 73544.000 145601.000 0 0 216.413 125.557 27172.344 164.840 0 1 1 210 0 0
 1345 151883.000 110880.000 0 0 52.679 251.199 13233.067 115.035 0 1 1 210 0 0
 1346 151787.000 111317.000 0 0 52.624 240.806 12672.357 112.571 0 1 1 210 0 0
 1347 73815.000 145952.000 0 0 268.752 153.141 41157.095 202.872 0 1 1 210 0 0
 1348 73359.000 145693.000 0 0 179.611 104.723 18809.553 137.147 0 1 1 210 0 0
 1349 152070.000 110808.000 0 0 51.294 247.116 12675.671 112.586 0 1 1 210 0 0
 1350 151972.000 111265.000 0 0 46.444 214.262 9951.333 99.756 0 1 1 210 0 0
 1351 73626.000 146040.000 0 0 253.808 145.395 36902.613 192.100 0 1 1 210 0 0
 1352 73179.000 145784.000 0 0 197.536 115.720 22858.934 151.191 0 1 1 210 0 0
 1353 152257.000 110752.000 0 0 48.452 235.474 11409.201 106.813 0 1 1 210 0 0
 1354 152161.000 111201.000 0 0 50.474 235.044 11863.821 108.921 0 1 1 210 0 0
 1355 73459.000 146140.000 0 0 269.849 155.225 41887.711 204.664 0 1 1 210 0 0
 1356 73019.000 145888.000 0 0 178.180 104.764 18666.983 136.627 0 1 1 210 0 0
 1357 152442.000 110693.000 0 0 52.798 258.936 13671.393 116.924 0 1 1 210 0 0
 1358 152349.000 111137.000 0 0 44.846 210.794 9453.456 97.228 0 1 1 210 0 0
 1359 73278.000 146233.000 0 0 243.795 140.910 34353.392 185.346 0 1 1 210 0 0
 1360 72843.000 145981.000 0 0 209.403 123.676 25898.287 160.929 0 1 1 210 0 0
 1361 152629.000 110630.000 0 0 51.979 257.337 13376.258 115.655 0 1 1 210 0 0
 1362 152535.000 111077.000 0 0 44.606 211.545 9436.373 97.140 0 1 1 210 0 0
 1363 73103.000 146328.000 0 0 264.277 153.436 40549.728 201.369 0 1 1 210 0 0
 1364 72658.000 146071.000 0 0 178.890 106.166 18992.122 137.811 0 1 1 210 0 0
 1365 152815.000 110575.000 0 0 49.176 245.585 12076.974 109.895 0 1 1 210 0 0
 1366 152724.000 111010.000 0 0 44.863 214.833 9638.158 98.174 0 1 1 210 0 0
 1367 72933.000 146427.000 0 0 253.718 147.919 37529.780 193.726 0 1 1 210 0 0
 1368 72472.000 146158.000 0 0 245.609 146.480 35976.913 189.675 0 1 1 210 0 0
 1369 153001.000 110513.000 0 0 50.901 256.612 13061.901 114.288 0 1 1 210 0 0
 1370 152910.000 110947.000 0 0 43.555 210.517 9169.263 95.756 0 1 1 210 0 0
 1371 72748.000 146517.000 0 0 251.980 147.624 37198.414 192.868 0 1 1 210 0 0
 1372 72301.000 146253.000 0 0 246.118 147.391 36275.831 190.462 0 1 1 210 0 0
 1373 153184.000 110458.000 0 0 49.631 252.400 12526.974 111.923 0 1 1 210 0 0
 1374 153097.000 110892.000 0 0 41.773 203.624 8506.102 92.228 0 1 1 210 0 0
 1375 72578.000 146614.000 0 0 227.922 134.084 30560.838 174.816 0 1 1 210 0 0
 1376 72124.000 146346.000 0 0 237.725 142.988 33991.997 184.369 0 1 1 210 0 0
 1377 153370.000 110395.000 0 0 45.846 235.376 10791.258 103.880 0 1 1 210 0 0
 1378 153279.000 110842.000 0 0 45.216 222.204 10047.375 100.236 0 1 1 210 0 0
 1379 72434.000 146727.000 0 0 273.281 161.221 44058.763 209.901 0 1 1 210 0 0
 1380 71940.000 146434.000 0 0 258.206 156.036 40289.677 200.722 0 1 1 210 0 0
 1381 153555.000 110341.000 0 0 48.583 251.594 12223.382 110.559 0 1 1 210 0 0
 1382 153468.000 110771.000 0 0 41.825 207.612 8683.494 93.185 0 1 1 210 0 0
 1383 72429.000 146923.000 0 0 11.243 6.606 74.278 8.618 0 1 1 210 0 0
 1384 72265.000 146825.000 0 0 280.875 166.365 46728.180 216.167 0 1 1 210 0 0
 1385 71768.000 146530.000 0 0 245.360 148.873 36527.821 191.122 0 1 1 210 0 0
 1386 153741.000 110276.000 0 0 49.263 257.618 12691.224 112.655 0 1 1 210 0 0
 1387 153652.000 110718.000 0 0 38.535 192.896 7433.251 86.216 0 1 1 210 0 0
 1388 72102.000 146926.000 0 0 321.686 191.245 61521.129 248.034 0 1 1 210 0 0
 1389 71627.000 146642.000 0 0 219.119 133.292 29206.864 170.900 0 1 1 210 0 0
 1390 71505.000 146569.000 0 0 13.390 8.193 109.712 10.474 0 1 1 210 0 0
 1391 153923.000 110225.000 0 0 48.529 255.909 12419.070 111.440 0 1 1 210 0 0
 1392 153839.000 110657.000 0 0 39.337 198.728 7817.526 88.416 0 1 1 210 0 0
 1393 71911.000 147010.000 0 0 227.603 135.996 30953.286 175.935 0 1 1 210 0 0
 1394 71458.000 146739.000 0 0 255.424 155.979 39841.001 199.602 0 1 1 210 0 0
 1395 154109.000 110162.000 0 0 43.845 233.447 10235.507 101.170 0 1 1 210 0 0
 1396 154025.000 110593.000 0 0 37.579 191.644 7201.940 84.864 0 1 1 210 0 0
 1397 71755.000 147115.000 0 0 261.692 156.881 41054.638 202.619 0 1 1 210 0 0
 1398 71280.000 146829.000 0 0 244.692 150.067 36720.468 191.625 0 1 1 210 0 0
 1399 154294.000 110099.000 0 0 46.479 249.860 11613.281 107.764 0 1 1 210 0 0
 1400 154208.000 110533.000 0 0 38.882 200.092 7780.043 88.204 0 1 1 210 0 0
 1401 71586.000 147212.000 0 0 307.795 185.243 57017.156 238.782 0 1 1 210 0 0
 1402 71116.000 146928.000 0 0 233.956 144.001 33689.960 183.548 0 1 1 210 0 0
 1403 154478.000 110039.000 0 0 47.165 255.930 12070.988 109.868 0 1 1 210 0 0
 1404 154391.000 110490.000 0 0 38.220 198.158 7573.794 87.027 0 1 1 210 0 0
 1405 71375.000 147285.000 0 0 217.604 131.734 28665.997 169.310 0 1 1 210 0 0
 1406 70938.000 147019.000 0 0 241.177 149.070 35952.542 189.611 0 1 1 210 0 0
 1407 154665.000 109971.000 0 0 45.889 251.569 11544.371 107.444 0 1 1 210 0 0
 1408 154582.000 110402.000 0 0 43.884 230.252 10104.539 100.521 0 1 1 210 0 0
 1409 71221.000 147390.000 0 0 240.812 146.239 35216.384 187.660 0 1 1 210 0 0
 1410 70783.000 147123.000 0 0 250.743 155.466 38982.214 197.439 0 1 1 210 0 0
 1411 154848.000 109918.000 0 0 47.545 262.926 12500.902 111.807 0 1 1 210 0 0
 1412 154765.000 110355.000 0 0 38.225 202.146 7727.130 87.904 0 1 1 210 0 0
 1413 71046.000 147483.000 0 0 236.720 144.346 34169.717 184.850 0 1 1 210 0 0
 1414 70600.000 147209.000 0 0 237.628 147.987 35166.085 187.526 0 1 1 210 0 0
 1415 155032.000 109857.000 0 0 43.472 242.702 10550.917 102.717 0 1 1 210 0 0
 1416 154948.000 110302.000 0 0 38.522 205.456 7914.682 88.964 0 1 1 210 0 0
 1417 70871.000 147576.000 0 0 248.597 152.205 37837.992 194.519 0 1 1 210 0 0
 1418 70420.000 147297.000 0 0 244.873 153.143 37500.846 193.651 0 1 1 210 0 0
 1419 155215.000 109798.000 0 0 44.623 251.450 11220.490 105.926 0 1 1 210 0 0
 1420 155130.000 110252.000 0 0 39.318 211.423 8312.790 91.174 0 1 1 210 0 0
 1421 70706.000 147673.000 0 0 239.965 147.454 35383.894 188.106 0 1 1 210 0 0
 1422 70274.000 147406.000 0 0 231.794 145.347 33690.810 183.550 0 1 1 210 0 0
 1423 155396.000 109747.000 0 0 45.325 257.588 11675.382 108.052 0 1 1 210 0 0
 1424 155316.000 110186.000 0 0 40.042 217.440 8706.776 93.310 0 1 1 210 0 0
 1425 70542.000 147772.000 0 0 229.005 141.211 32338.192 179.828 0 1 1 210 0 0
 1426 70097.000 147497.000 0 0 232.237 146.214 33956.442 184.272 0 1 1 210 0 0
 1427 155579.000 109688.000 0 0 42.727 245.117 10473.350 102.339 0 1 1 210 0 0
 1428 155501.000 110118.000 0 0 40.258 220.825 8890.057 94.287 0 1 1 210 0 0
 1429 70383.000 147875.000 0 0 229.497 141.974 32582.859 180.507 0 1 1 210 0 0
 1430 69938.000 147598.000 0 0 221.326 139.785 30938.317 175.892 0 1 1 210 0 0
 1431 155763.000 109630.000 0 0 41.547 240.581 9995.591 99.977 0 1 1 210 0 0
 1432 155685.000 110062.000 0 0 38.589 213.549 8240.824 90.778 0 1 1 210 0 0
 1433 70212.000 147968.000 0 0 267.436 166.077 44415.193 210.749 0 1 1 210 0 0
 1434 69777.000 147697.000 0 0 208.072 131.845 27433.560 165.630 0 1 1 210 0 0
 1435 155943.000 109584.000 0 0 38.593 225.268 8693.997 93.241 0 1 1 210 0 0
 1436 155868.000 110009.000 0 0 41.744 232.999 9726.371 98.622 0 1 1 210 0 0
 1437 70162.000 148138.000 0 0 6.920 4.289 29.688 5.448 0 1 1 210 0 0
 1438 70030.000 148055.000 0 0 248.797 155.167 38605.410 196.482 0 1 1 210 0 0
 1439 69618.000 147800.000 0 0 208.522 132.537 27637.058 166.243 0 1 1 210 0 0
 1440 156127.000 109517.000 0 0 39.694 234.080 9291.772 96.393 0 1 1 210 0 0
 1441 156050.000 109957.000 0 0 37.232 209.576 7803.120 88.335 0 1 1 210 0 0
 1442 69987.000 148229.000 0 0 11.556 7.191 83.108 9.116 0 1 1 210 0 0
 1443 69857.000 148149.000 0 0 242.362 151.725 36772.487 191.761 0 1 1 210 0 0
 1444 69458.000 147898.000 0 0 183.690 117.129 21515.524 146.681 0 1 1 210 0 0
 1445 156308.000 109472.000 0 0 40.411 240.234 9708.298 98.530 0 1 1 210 0 0
 1446 156234.000 109896.000 0 0 39.848 226.440 9023.410 94.991 0 1 1 210 0 0
 1447 69694.000 148246.000 0 0 233.591 146.730 34274.990 185.135 0 1 1 210 0 0
 1448 69283.000 147989.000 0 0 197.838 126.632 25052.813 158.280 0 1 1 210 0 0
 1449 156490.000 109414.000 0 0 36.555 219.347 8018.363 89.545 0 1 1 210 0 0
 1450 156416.000 109838.000 0 0 39.616 227.172 8999.774 94.867 0 1 1 210 0 0
 1451 69523.000 148342.000 0 0 238.687 150.479 35917.533 189.519 0 1 1 210 0 0
 1452 69120.000 148087.000 0 0 189.023 121.383 22944.354 151.473 0 1 1 210 0 0
 1453 156692.000 109235.000 0 0 2.656 16.306 43.312 6.581 0 1 1 210 0 0
 1454 156672.000 109357.000 0 0 36.782 222.770 8193.982 90.520 0 1 1 210 0 0
 1455 156598.000 109786.000 0 0 32.840 189.922 6237.170 78.975 0 1 1 210 0 0
 1456 69358.000 148438.000 0 0 241.872 153.012 37009.605 192.378 0 1 1 210 0 0
 1457 68959.000 148186.000 0 0 180.176 116.069 20913.025 144.613 0 1 1 210 0 0
 1458 156857.000 109287.000 0 0 39.180 239.849 9397.435 96.940 0 1 1 210 0 0
 1459 156784.000 109719.000 0 0 37.738 220.486 8320.882 91.218 0 1 1 210 0 0
 1460 69187.000 148532.000 0 0 233.006 147.935 34469.892 185.660 0 1 1 210 0 0
 1461 68891.000 148344.000 0 0 11.583 7.454 86.348 9.292 0 1 1 210 0 0
 1462 68783.000 148277.000 0 0 178.201 115.228 20533.848 143.296 0 1 1 210 0 0
 1463 157036.000 109242.000 0 0 38.987 240.607 9380.756 96.854 0 1 1 210 0 0
 1464 156964.000 109668.000 0 0 37.077 218.455 8099.679 89.998 0 1 1 210 0 0
 1465 69021.000 148629.000 0 0 237.772 151.475 36016.681 189.780 0 1 1 210 0 0
 1466 68609.000 148365.000 0 0 159.973 103.830 16610.110 128.880 0 1 1 210 0 0
 1467 157221.000 109169.000 0 0 37.362 233.158 8711.362 93.334 0 1 1 210 0 0
 1468 157148.000 109604.000 0 0 36.833 219.161 8072.379 89.846 0 1 1 210 0 0
 1469 68852.000 148723.000 0 0 238.231 152.301 36282.892 190.480 0 1 1 210 0 0
 1470 68459.000 148470.000 0 0 192.851 125.497 24202.342 155.571 0 1 1 210 0 0
 1471 157401.000 109118.000 0 0 35.843 225.633 8087.596 89.931 0 1 1 210 0 0
 1472 157330.000 109549.000 0 0 40.740 244.592 9964.825 99.823 0 1 1 210 0 0
 1473 157307.000 109683.000 0 0 1.856 10.988 20.403 4.517 0 1 1 210 0 0
 1474 68689.000 148820.000 0 0 243.387 156.098 37992.432 194.916 0 1 1 210 0 0
 1475 68290.000 148563.000 0 0 186.239 121.609 22648.517 150.494 0 1 1 210 0 0
 1476 157582.000 109065.000 0 0 37.805 240.149 9079.032 95.283 0 1 1 210 0 0
 1477 157512.000 109496.000 0 0 41.882 253.639 10623.150 103.068 0 1 1 210 0 0
 1478 68525.000 148917.000 0 0 241.526 155.406 37534.753 193.738 0 1 1 210 0 0
 1479 68114.000 148651.000 0 0 156.255 102.412 16002.542 126.501 0 1 1 210 0 0
 1480 157763.000 109010.000 0 0 35.418 227.057 8041.992 89.677 0 1 1 210 0 0
 1481 157691.000 109446.000 0 0 35.772 218.479 7815.611 88.405 0 1 1 210 0 0
 1482 68351.000 149007.000 0 0 237.272 153.233 36358.263 190.678 0 1 1 210 0 0
 1483 67945.000 148745.000 0 0 161.229 106.025 17094.473 130.745 0 1 1 210 0 0
 1484 157963.000 108832.000 0 0 2.117 13.893 29.413 5.423 0 1 1 210 0 0
 1485 157946.000 108954.000 0 0 33.480 216.665 7254.138 85.171 0 1 1 210 0 0
 1486 157875.000 109382.000 0 0 39.130 241.369 9444.907 97.184 0 1 1 210 0 0
 1487 68187.000 149105.000 0 0 247.171 160.131 39579.914 198.947 0 1 1 210 0 0
 1488 67788.000 148844.000 0 0 149.852 98.827 14809.578 121.694 0 1 1 210 0 0
 1489 158126.000 108897.000 0 0 35.825 234.059 8385.329 91.571 0 1 1 210 0 0
 1490 158057.000 109324.000 0 0 36.206 225.432 8162.179 90.344 0 1 1 210 0 0
 1491 68130.000 149271.000 0 0 7.083 4.581 32.456 5.696 0 1 1 210 0 0
 1492 68013.000 149193.000 0 0 224.029 145.672 32634.974 180.651 0 1 1 210 0 0
 1493 67610.000 148931.000 0 0 178.270 118.008 21037.498 145.043 0 1 1 210 0 0
 1494 158307.000 108840.000 0 0 36.022 237.581 8558.342 92.511 0 1 1 210 0 0
 1495 158239.000 109267.000 0 0 35.986 226.135 8137.798 90.209 0 1 1 210 0 0
 1496 67850.000 149291.000 0 0 245.734 160.281 39386.726 198.460 0 1 1 210 0 0
 1497 67433.000 149017.000 0 0 166.828 110.842 18491.793 135.984 0 1 1 210 0 0
 1498 158487.000 108788.000 0 0 33.701 224.296 7559.160 86.943 0 1 1 210 0 0
 1499 158419.000 109215.000 0 0 36.665 232.437 8522.348 92.316 0 1 1 210 0 0
 1500 67686.000 149388.000 0 0 227.284 148.710 33799.555 183.846 0 1 1 210 0 0
 1501 67284.000 149123.000 0 0 171.907 114.492 19682.034 140.292 0 1 1 210 0 0
 1502 158667.000 108735.000 0 0 33.920 227.797 7727.017 87.903 0 1 1 210 0 0
 1503 158599.000 109167.000 0 0 36.034 230.343 8300.210 91.105 0 1 1 210 0 0
 1504 67520.000 149483.000 0 0 237.204 155.700 36932.825 192.179 0 1 1 210 0 0
 1505 67116.000 149216.000 0 0 191.103 127.686 24401.322 156.209 0 1 1 210 0 0
 1506 158846.000 108685.000 0 0 32.059 217.210 6963.647 83.448 0 1 1 210 0 0
 1507 158779.000 109112.000 0 0 35.381 228.235 8075.212 89.862 0 1 1 210 0 0
 1508 67350.000 149574.000 0 0 228.140 150.257 34279.868 185.148 0 1 1 210 0 0
 1509 66952.000 149311.000 0 0 193.834 129.907 25180.572 158.683 0 1 1 210 0 0
 1510 159027.000 108629.000 0 0 34.334 234.856 8063.611 89.797 0 1 1 210 0 0
 1511 158962.000 109050.000 0 0 35.141 228.944 8045.541 89.696 0 1 1 210 0 0
 1512 67186.000 149670.000 0 0 235.720 155.730 36708.782 191.595 0 1 1 210 0 0
 1513 66788.000 149406.000 0 0 191.838 128.961 24739.705 157.288 0 1 1 210 0 0
 1514 159207.000 108575.000 0 0 32.473 224.218 7281.210 85.330 0 1 1 210 0 0
 1515 159141.000 109001.000 0 0 31.499 206.960 6519.146 80.741 0 1 1 210 0 0
 1516 67020.000 149764.000 0 0 214.703 142.293 30550.874 174.788 0 1 1 210 0 0
 1517 66626.000 149501.000 0 0 166.103 111.989 18601.929 136.388 0 1 1 210 0 0
 1518 159385.000 108527.000 0 0 33.520 233.435 7824.907 88.458 0 1 1 210 0 0
 1519 159322.000 108941.000 0 0 32.577 216.124 7040.754 83.909 0 1 1 210 0 0
 1520 66861.000 149862.000 0 0 224.688 149.328 33552.466 183.173 0 1 1 210 0 0
 1521 66465.000 149599.000 0 0 171.186 115.742 19813.526 140.760 0 1 1 210 0 0
 1522 159565.000 108481.000 0 0 36.591 256.983 9403.400 96.971 0 1 1 210 0 0
 1523 159504.000 108881.000 0 0 30.227 202.525 6121.841 78.242 0 1 1 210 0 0
 1524 66694.000 149955.000 0 0 217.924 145.294 31663.337 177.941 0 1 1 210 0 0
 1525 66304.000 149697.000 0 0 178.679 121.150 21647.092 147.129 0 1 1 210 0 0
 1526 66186.000 149617.000 0 0 16.644 11.343 188.800 13.740 0 1 1 210 0 0
 1527 159746.000 108415.000 0 0 33.484 237.715 7959.811 89.217 0 1 1 210 0 0
 1528 159684.000 108832.000 0 0 27.944 188.833 5276.798 72.641 0 1 1 210 0 0
 1529 66526.000 150049.000 0 0 211.125 141.206 29812.322 172.662 0 1 1 210 0 0
 1530 66131.000 149784.000 0 0 178.991 121.772 21796.286 147.635 0 1 1 210 0 0
 1531 159924.000 108364.000 0 0 30.874 221.191 6829.193 82.638 0 1 1 210 0 0
 1532 159864.000 108777.000 0 0 29.453 200.881 5916.602 76.919 0 1 1 210 0 0
 1533 66354.000 150138.000 0 0 224.243 150.485 33745.496 183.699 0 1 1 210 0 0
 1534 65977.000 149883.000 0 0 157.822 107.644 16988.701 130.340 0 1 1 210 0 0
 1535 160103.000 108311.000 0 0 30.680 221.851 6806.441 82.501 0 1 1 210 0 0
 1536 160044.000 108724.000 0 0 29.276 201.483 5898.751 76.803 0 1 1 210 0 0
 1537 66199.000 150239.000 0 0 214.345 144.215 30911.900 175.817 0 1 1 210 0 0
 1538 65819.000 149982.000 0 0 186.890 127.810 23886.602 154.552 0 1 1 210 0 0
 1539 160283.000 108260.000 0 0 31.280 228.295 7141.281 84.506 0 1 1 210 0 0
 1540 160225.000 108667.000 0 0 28.252 196.317 5546.398 74.474 0 1 1 210 0 0
 1541 66036.000 150334.000 0 0 209.916 141.646 29733.835 172.435 0 1 1 210 0 0
 1542 65634.000 150064.000 0 0 193.713 132.975 25759.160 160.496 0 1 1 210 0 0
 1543 160463.000 108199.000 0 0 29.479 217.382 6408.360 80.052 0 1 1 210 0 0
 1544 160424.000 108475.000 0 0 3.656 26.069 95.329 9.763 0 1 1 210 0 0
 1545 160405.000 108612.000 0 0 27.248 191.111 5207.503 72.163 0 1 1 210 0 0
 1546 65872.000 150429.000 0 0 217.576 147.245 32037.095 178.989 0 1 1 210 0 0
 1547 65480.000 150163.000 0 0 214.023 147.282 31521.864 177.543 0 1 1 210 0 0
 1548 160642.000 108149.000 0 0 28.908 215.119 6218.861 78.859 0 1 1 210 0 0
 1549 160585.000 108542.000 0 0 33.169 235.247 7803.064 88.334 0 1 1 210 0 0
 1550 65708.000 150522.000 0 0 210.701 143.015 30133.627 173.590 0 1 1 210 0 0
 1551 65318.000 150259.000 0 0 204.788 141.315 28939.702 170.116 0 1 1 210 0 0
 1552 160822.000 108097.000 0 0 29.501 221.587 6537.255 80.853 0 1 1 210 0 0
 1553 160761.000 108516.000 0 0 30.211 215.542 6511.829 80.695 0 1 1 210 0 0
 1554 65531.000 150608.000 0 0 218.344 148.717 32471.683 180.199 0 1 1 210 0 0
 1555 65162.000 150358.000 0 0 205.190 141.951 29127.131 170.666 0 1 1 210 0 0
 1556 161000.000 108038.000 0 0 28.514 216.389 6170.131 78.550 0 1 1 210 0 0
 1557 160943.000 108445.000 0 0 35.223 254.165 8952.701 94.618 0 1 1 210 0 0
 1558 65380.000 150711.000 0 0 204.199 139.406 28466.774 168.720 0 1 1 210 0 0
 1559 64997.000 150450.000 0 0 188.642 130.883 24690.168 157.131 0 1 1 210 0 0
 1560 161179.000 107981.000 0 0 28.312 217.023 6144.567 78.387 0 1 1 210 0 0
 1561 161121.000 108408.000 0 0 32.649 237.326 7748.642 88.026 0 1 1 210 0 0
 1562 65217.000 150807.000 0 0 209.455 143.395 30034.938 173.305 0 1 1 210 0 0
 1563 64828.000 150541.000 0 0 174.434 121.391 21174.829 145.515 0 1 1 210 0 0
 1564 161355.000 107941.000 0 0 27.789 214.705 5966.556 77.243 0 1 1 210 0 0
 1565 161319.000 108209.000 0 0 2.361 17.636 41.646 6.453 0 1 1 210 0 0
 1566 161316.000 108238.000 0 0 4.343 32.332 140.452 11.851 0 1 1 210 0 0
 1567 161299.000 108365.000 0 0 28.471 208.634 5940.147 77.072 0 1 1 210 0 0
 1568 65051.000 150901.000 0 0 217.171 149.112 32382.972 179.952 0 1 1 210 0 0
 1569 64670.000 150639.000 0 0 177.211 123.639 21910.393 148.021 0 1 1 210 0 0
 1570 161534.000 107886.000 0 0 27.598 215.333 5942.833 77.089 0 1 1 210 0 0
 1571 161480.000 108295.000 0 0 35.807 265.377 9502.553 97.481 0 1 1 210 0 0
 1572 64882.000 150990.000 0 0 200.433 138.045 27668.795 166.339 0 1 1 210 0 0
 1573 64502.000 150728.000 0 0 167.790 117.414 19701.055 140.360 0 1 1 210 0 0
 1574 161714.000 107830.000 0 0 27.777 218.920 6081.023 77.980 0 1 1 210 0 0
 1575 161658.000 108251.000 0 0 26.897 200.987 5406.030 73.525 0 1 1 210 0 0
 1576 64716.000 151083.000 0 0 213.041 147.149 31348.984 177.056 0 1 1 210 0 0
 1577 64344.000 150826.000 0 0 170.547 119.644 20405.086 142.846 0 1 1 210 0 0
 1578 161891.000 107780.000 0 0 29.463 234.385 6905.807 83.101 0 1 1 210 0 0
 1579 161835.000 108202.000 0 0 31.456 237.135 7459.424 86.367 0 1 1 210 0 0
 1580 64550.000 151174.000 0 0 201.157 139.347 28030.835 167.424 0 1 1 210 0 0
 1581 64187.000 150923.000 0 0 163.552 115.024 18812.463 137.158 0 1 1 210 0 0
 1582 64088.000 150853.000 0 0 9.748 6.883 67.106 8.191 0 1 1 210 0 0
 1583 162070.000 107723.000 0 0 28.876 232.086 6701.947 81.865 0 1 1 210 0 0
 1584 162014.000 108141.000 0 0 26.929 205.122 5523.764 74.322 0 1 1 210 0 0
 1585 64391.000 151271.000 0 0 203.997 141.681 28902.732 170.008 0 1 1 210 0 0
 1586 64020.000 151013.000 0 0 171.177 120.731 20666.544 143.758 0 1 1 210 0 0
 1587 162248.000 107665.000 0 0 27.560 223.800 6168.127 78.537 0 1 1 210 0 0
 1588 162195.000 108078.000 0 0 30.979 238.516 7389.177 85.960 0 1 1 210 0 0
 1589 64351.000 151451.000 0 0 14.794 10.250 151.643 12.314 0 1 1 210 0 0
 1590 64225.000 151363.000 0 0 199.440 138.911 27704.539 166.446 0 1 1 210 0 0
 1591 63859.000 151108.000 0 0 169.045 119.539 20207.606 142.153 0 1 1 210 0 0
 1592 162425.000 107623.000 0 0 26.312 215.457 5669.283 75.294 0 1 1 210 0 0
 1593 162373.000 108029.000 0 0 27.327 212.288 5801.270 76.166 0 1 1 210 0 0
 1594 64063.000 151458.000 0 0 194.875 136.095 26521.551 162.854 0 1 1 210 0 0
 1595 63792.000 151270.000 0 0 12.284 8.675 106.583 10.323 0 1 1 210 0 0
 1596 63694.000 151201.000 0 0 174.259 123.565 21532.371 146.739 0 1 1 210 0 0
 1597 162602.000 107579.000 0 0 26.158 216.071 5652.144 75.180 0 1 1 210 0 0
 1598 162551.000 107985.000 0 0 26.797 209.895 5624.639 74.997 0 1 1 210 0 0
 1599 63900.000 151552.000 0 0 207.585 145.363 30175.398 173.710 0 1 1 210 0 0
 1600 63633.000 151364.000 0 0 9.846 6.971 68.639 8.284 0 1 1 210 0 0
 1601 63536.000 151295.000 0 0 174.580 124.106 21666.515 147.195 0 1 1 210 0 0
 1602 162781.000 107515.000 0 0 26.659 222.707 5937.187 77.053 0 1 1 210 0 0
 1603 162728.000 107933.000 0 0 28.141 222.518 6262.027 79.132 0 1 1 210 0 0
 1604 63746.000 151652.000 0 0 203.036 142.508 28934.453 170.101 0 1 1 210 0 0
 1605 63381.000 151395.000 0 0 167.532 119.366 19997.749 141.413 0 1 1 210 0 0
 1606 162959.000 107466.000 0 0 24.338 205.230 4995.106 70.676 0 1 1 210 0 0
 1607 162907.000 107878.000 0 0 26.060 208.075 5422.615 73.638 0 1 1 210 0 0
 1608 63583.000 151745.000 0 0 213.321 150.130 32026.112 178.958 0 1 1 210 0 0
 1609 63211.000 151481.000 0 0 157.944 112.869 17827.084 133.518 0 1 1 210 0 0
 1610 163136.000 107413.000 0 0 25.942 220.938 5731.665 75.707 0 1 1 210 0 0
 1611 163085.000 107824.000 0 0 26.630 214.712 5717.861 75.616 0 1 1 210 0 0
 1612 63428.000 151844.000 0 0 218.698 154.273 33739.428 183.682 0 1 1 210 0 0
 1613 63059.000 151583.000 0 0 170.617 122.185 20846.973 144.384 0 1 1 210 0 0
 1614 163315.000 107360.000 0 0 26.464 227.636 6024.179 77.615 0 1 1 210 0 0
 1615 163263.000 107772.000 0 0 26.079 212.285 5536.373 74.406 0 1 1 210 0 0
 1616 63262.000 151936.000 0 0 201.663 142.651 28767.623 169.610 0 1 1 210 0 0
 1617 62886.000 151669.000 0 0 165.948 119.203 19781.640 140.647 0 1 1 210 0 0
 1618 163490.000 107315.000 0 0 27.353 237.397 6493.728 80.583 0 1 1 210 0 0
 1619 163441.000 107724.000 0 0 24.438 200.718 4905.256 70.037 0 1 1 210 0 0
 1620 63091.000 152023.000 0 0 206.989 146.851 30396.649 174.346 0 1 1 210 0 0
 1621 62726.000 151762.000 0 0 171.210 123.287 21108.124 145.286 0 1 1 210 0 0
 1622 163670.000 107249.000 0 0 26.758 235.017 6288.820 79.302 0 1 1 210 0 0
 1623 163619.000 107669.000 0 0 24.631 204.331 5032.985 70.943 0 1 1 210 0 0
 1624 62926.000 152113.000 0 0 217.337 154.614 33603.547 183.312 0 1 1 210 0 0
 1625 62563.000 151856.000 0 0 149.153 107.679 16060.800 126.731 0 1 1 210 0 0
 1626 163847.000 107197.000 0 0 26.911 238.731 6424.628 80.153 0 1 1 210 0 0
 1627 163797.000 107618.000 0 0 24.835 207.961 5164.878 71.867 0 1 1 210 0 0
 1628 62768.000 152211.000 0 0 215.240 153.491 33037.439 181.762 0 1 1 210 0 0
 1629 62403.000 151948.000 0 0 154.398 111.745 17253.319 131.351 0 1 1 210 0 0
 1630 164024.000 107144.000 0 0 27.054 242.462 6559.813 80.992 0 1 1 210 0 0
 1631 163972.000 107569.000 0 0 24.673 208.532 5145.182 71.729 0 1 1 210 0 0
 1632 62609.000 152306.000 0 0 230.200 164.557 37881.164 194.630 0 1 1 210 0 0
 1633 62240.000 152042.000 0 0 144.700 104.989 15192.059 123.256 0 1 1 210 0 0
 1634 164201.000 107087.000 0 0 24.462 221.590 5420.746 73.625 0 1 1 210 0 0
 1635 164166.000 107393.000 0 0 1.417 12.303 17.442 4.176 0 1 1 210 0 0
 1636 164152.000 107518.000 0 0 24.146 206.044 4975.199 70.535 0 1 1 210 0 0
 1637 62444.000 152397.000 0 0 218.520 156.625 34225.781 185.002 0 1 1 210 0 0
 1638 62082.000 152138.000 0 0 134.961 98.152 13246.765 115.094 0 1 1 210 0 0
 1639 164379.000 107037.000 0 0 24.963 228.375 5700.994 75.504 0 1 1 210 0 0
 1640 164330.000 107451.000 0 0 28.220 243.621 6875.038 82.915 0 1 1 210 0 0
 1641 62287.000 152494.000 0 0 213.894 153.667 32868.788 181.297 0 1 1 210 0 0
 1642 61913.000 152224.000 0 0 150.212 109.550 16455.881 128.280 0 1 1 210 0 0
 1643 164555.000 106991.000 0 0 24.801 228.999 5679.454 75.362 0 1 1 210 0 0
 1644 164507.000 107410.000 0 0 26.644 231.922 6179.434 78.609 0 1 1 210 0 0
 1645 62131.000 152592.000 0 0 211.771 152.487 32292.547 179.701 0 1 1 210 0 0
 1646 61746.000 152313.000 0 0 152.975 111.862 17112.226 130.813 0 1 1 210 0 0
 1647 164731.000 106949.000 0 0 24.984 232.729 5814.655 76.253 0 1 1 210 0 0
 1648 164684.000 107360.000 0 0 23.992 210.852 5058.931 71.126 0 1 1 210 0 0
 1649 61966.000 152683.000 0 0 217.186 156.796 34054.044 184.537 0 1 1 210 0 0
 1650 61587.000 152407.000 0 0 155.761 114.169 17783.263 133.353 0 1 1 210 0 0
 1651 164908.000 106894.000 0 0 23.797 224.030 5331.410 73.016 0 1 1 210 0 0
 1652 164861.000 107308.000 0 0 23.824 211.429 5037.120 70.972 0 1 1 210 0 0
 1653 61807.000 152779.000 0 0 215.052 155.622 33466.986 182.939 0 1 1 210 0 0
 1654 61444.000 152514.000 0 0 138.452 101.650 14073.723 118.632 0 1 1 210 0 0
 1655 165084.000 106848.000 0 0 23.636 224.637 5309.636 72.867 0 1 1 210 0 0
 1656 165051.000 107149.000 0 0 1.028 9.355 9.619 3.101 0 1 1 210 0 0
 1657 165037.000 107266.000 0 0 23.687 212.002 5021.918 70.865 0 1 1 210 0 0
 1658 61638.000 152865.000 0 0 207.803 150.796 31335.971 177.019 0 1 1 210 0 0
 1659 61271.000 152598.000 0 0 163.890 120.677 19777.911 140.633 0 1 1 210 0 0
 1660 165261.000 106801.000 0 0 22.822 218.990 4998.013 70.696 0 1 1 210 0 0
 1661 165214.000 107208.000 0 0 23.844 215.707 5143.378 71.717 0 1 1 210 0 0
 1662 61497.000 152972.000 0 0 236.440 171.860 40634.663 201.580 0 1 1 210 0 0
 1663 61109.000 152691.000 0 0 154.079 113.728 17523.167 132.375 0 1 1 210 0 0
 1664 165436.000 106752.000 0 0 21.685 210.167 4557.683 67.510 0 1 1 210 0 0
 1665 165391.000 107165.000 0 0 22.328 203.753 4549.416 67.449 0 1 1 210 0 0
 1666 61338.000 153069.000 0 0 234.732 171.008 40141.144 200.352 0 1 1 210 0 0
 1667 60961.000 152792.000 0 0 149.315 110.417 16487.037 128.401 0 1 1 210 0 0
 1668 165611.000 106708.000 0 0 21.869 213.875 4677.276 68.390 0 1 1 210 0 0
 1669 165568.000 107113.000 0 0 22.163 204.304 4528.127 67.291 0 1 1 210 0 0
 1670 61181.000 153163.000 0 0 244.338 178.415 43593.806 208.791 0 1 1 210 0 0
 1671 60809.000 152893.000 0 0 152.136 112.726 17149.866 130.957 0 1 1 210 0 0
 1672 165788.000 106658.000 0 0 22.024 217.606 4792.764 69.229 0 1 1 210 0 0
 1673 165744.000 107063.000 0 0 20.316 189.095 3841.707 61.981 0 1 1 210 0 0
 1674 61030.000 153264.000 0 0 237.465 173.738 41256.788 203.117 0 1 1 210 0 0
 1675 60653.000 152989.000 0 0 144.795 107.516 15567.960 124.771 0 1 1 210 0 0
 1676 165963.000 106611.000 0 0 21.551 215.021 4634.016 68.073 0 1 1 210 0 0
 1677 165922.000 107009.000 0 0 20.161 189.606 3822.762 61.828 0 1 1 210 0 0
 1678 60973.000 153434.000 0 0 12.803 9.351 119.729 10.942 0 1 1 210 0 0
 1679 60845.000 153340.000 0 0 191.776 140.778 26997.946 164.310 0 1 1 210 0 0
 1680 60483.000 153075.000 0 0 134.842 100.396 13537.765 116.351 0 1 1 210 0 0
 1681 166140.000 106557.000 0 0 21.060 212.429 4473.769 66.886 0 1 1 210 0 0
 1682 166097.000 106963.000 0 0 20.362 193.278 3935.634 62.734 0 1 1 210 0 0
 1683 60692.000 153438.000 0 0 215.179 158.281 34058.910 184.550 0 1 1 210 0 0
 1684 60322.000 153168.000 0 0 140.175 104.608 14663.575 121.093 0 1 1 210 0 0
 1685 166315.000 106515.000 0 0 20.926 212.990 4457.055 66.761 0 1 1 210 0 0
 1686 166273.000 106918.000 0 0 20.231 193.794 3920.829 62.616 0 1 1 210 0 0
 1687 60527.000 153528.000 0 0 205.280 151.377 31074.916 176.280 0 1 1 210 0 0
 1688 60162.000 153261.000 0 0 135.314 101.213 13695.592 117.028 0 1 1 210 0 0
 1689 166490.000 106468.000 0 0 20.776 213.554 4436.819 66.609 0 1 1 210 0 0
 1690 166450.000 106858.000 0 0 20.384 197.498 4025.912 63.450 0 1 1 210 0 0
 1691 60506.000 153725.000 0 0 15.447 11.356 175.425 13.244 0 1 1 210 0 0
 1692 60375.000 153627.000 0 0 205.659 151.962 31252.439 176.783 0 1 1 210 0 0
 1693 60008.000 153358.000 0 0 153.472 115.029 17653.934 132.868 0 1 1 210 0 0
 1694 166668.000 106410.000 0 0 20.281 210.928 4277.952 65.406 0 1 1 210 0 0
 1695 166627.000 106812.000 0 0 18.613 182.053 3388.600 58.211 0 1 1 210 0 0
 1696 60358.000 153827.000 0 0 23.228 17.107 397.377 19.934 0 1 1 210 0 0
 1697 60322.000 153799.000 0 0 12.891 9.507 122.559 11.070 0 1 1 210 0 0
 1698 60202.000 153711.000 0 0 200.835 148.812 29886.822 172.878 0 1 1 210 0 0
 1699 59856.000 153456.000 0 0 164.002 123.163 20199.070 142.123 0 1 1 210 0 0
 1700 166842.000 106366.000 0 0 20.143 211.478 4259.852 65.267 0 1 1 210 0 0
 1701 166804.000 106767.000 0 0 19.463 192.142 3739.775 61.153 0 1 1 210 0 0
 1702 60159.000 153893.000 0 0 20.661 15.274 315.588 17.764 0 1 1 210 0 0
 1703 60041.000 153804.000 0 0 190.868 141.752 27056.007 164.487 0 1 1 210 0 0
 1704 59689.000 153543.000 0 0 138.598 104.346 14462.269 120.259 0 1 1 210 0 0
 1705 167019.000 106312.000 0 0 21.181 224.889 4763.585 69.018 0 1 1 210 0 0
 1706 166978.000 106720.000 0 0 20.618 205.487 4236.951 65.091 0 1 1 210 0 0
 1707 60021.000 154002.000 0 0 18.115 13.411 242.951 15.586 0 1 1 210 0 0
 1708 59889.000 153904.000 0 0 194.192 144.500 28060.865 167.513 0 1 1 210 0 0
 1709 59526.000 153633.000 0 0 141.402 106.707 15088.686 122.836 0 1 1 210 0 0
 1710 167193.000 106260.000 0 0 20.407 219.032 4469.853 66.856 0 1 1 210 0 0
 1711 167156.000 106664.000 0 0 19.168 193.155 3702.530 60.848 0 1 1 210 0 0
 1712 59738.000 154003.000 0 0 217.454 162.123 35254.563 187.761 0 1 1 210 0 0
 1713 59357.000 153719.000 0 0 146.788 111.058 16302.115 127.679 0 1 1 210 0 0
 1714 167368.000 106224.000 0 0 19.396 209.915 4071.566 63.808 0 1 1 210 0 0
 1715 167330.000 106615.000 0 0 18.709 190.430 3562.841 59.689 0 1 1 210 0 0
 1716 59584.000 154102.000 0 0 230.828 172.436 39803.183 199.507 0 1 1 210 0 0
 1717 59207.000 153818.000 0 0 134.151 101.685 13641.236 116.795 0 1 1 210 0 0
 1718 167544.000 106174.000 0 0 20.718 226.650 4695.840 68.526 0 1 1 210 0 0
 1719 167506.000 106571.000 0 0 18.585 190.928 3548.535 59.569 0 1 1 210 0 0
 1720 59520.000 154266.000 0 0 31.220 23.288 727.067 26.964 0 1 1 210 0 0
 1721 59406.000 154180.000 0 0 186.995 140.104 26198.999 161.861 0 1 1 210 0 0
 1722 59053.000 153916.000 0 0 136.980 104.030 14250.080 119.373 0 1 1 210 0 0
 1723 167720.000 106122.000 0 0 20.544 227.242 4668.700 68.327 0 1 1 210 0 0
 1724 167682.000 106516.000 0 0 19.056 197.915 3771.558 61.413 0 1 1 210 0 0
 1725 59259.000 154283.000 0 0 215.979 162.100 35010.421 187.110 0 1 1 210 0 0
 1726 58898.000 154012.000 0 0 129.457 98.515 12753.576 112.931 0 1 1 210 0 0
 1727 167894.000 106077.000 0 0 19.227 214.807 4130.242 64.266 0 1 1 210 0 0
 1728 167857.000 106474.000 0 0 17.691 185.414 3280.252 57.273 0 1 1 210 0 0
 1729 59095.000 154373.000 0 0 198.097 149.028 29522.201 171.820 0 1 1 210 0 0
 1730 58738.000 154102.000 0 0 129.675 98.898 12824.682 113.246 0 1 1 210 0 0
 1731 168070.000 106022.000 0 0 18.767 212.102 3980.542 63.091 0 1 1 210 0 0
 1732 168031.000 106429.000 0 0 17.569 185.890 3265.926 57.148 0 1 1 210 0 0
 1733 58935.000 154464.000 0 0 185.365 139.762 25907.188 160.957 0 1 1 210 0 0
 1734 58589.000 154202.000 0 0 150.707 115.142 17352.884 131.730 0 1 1 210 0 0
 1735 168245.000 105979.000 0 0 18.056 206.103 3721.564 61.004 0 1 1 210 0 0
 1736 168207.000 106372.000 0 0 18.330 196.180 3596.014 59.966 0 1 1 210 0 0
 1737 58788.000 154567.000 0 0 211.879 160.023 33905.738 184.135 0 1 1 210 0 0
 1738 58430.000 154296.000 0 0 140.546 107.606 15123.736 122.978 0 1 1 210 0 0
 1739 168419.000 105937.000 0 0 18.784 216.469 4066.210 63.766 0 1 1 210 0 0
 1740 168384.000 106322.000 0 0 17.882 193.409 3458.588 58.809 0 1 1 210 0 0
 1741 58743.000 154745.000 0 0 15.741 11.862 186.735 13.665 0 1 1 210 0 0
 1742 58621.000 154654.000 0 0 201.739 152.740 30813.831 175.538 0 1 1 210 0 0
 1743 58277.000 154394.000 0 0 146.014 112.001 16353.821 127.882 0 1 1 210 0 0
 1744 168594.000 105884.000 0 0 18.336 213.735 3919.142 62.603 0 1 1 210 0 0
 1745 168558.000 106281.000 0 0 18.067 197.189 3562.663 59.688 0 1 1 210 0 0
 1746 58594.000 154847.000 0 0 28.925 21.836 631.642 25.132 0 1 1 210 0 0
 1747 58471.000 154755.000 0 0 204.736 155.283 31792.239 178.303 0 1 1 210 0 0
 1748 58110.000 154480.000 0 0 133.189 102.410 13640.014 116.790 0 1 1 210 0 0
 1749 168770.000 105840.000 0 0 18.197 214.281 3899.324 62.444 0 1 1 210 0 0
 1750 168734.000 106238.000 0 0 16.746 184.515 3089.961 55.587 0 1 1 210 0 0
 1751 58316.000 154850.000 0 0 226.122 171.845 38858.121 197.124 0 1 1 210 0 0
 1752 57952.000 154574.000 0 0 130.804 100.781 13182.714 114.816 0 1 1 210 0 0
 1753 168946.000 105790.000 0 0 17.486 208.219 3640.986 60.340 0 1 1 210 0 0
 1754 168909.000 106188.000 0 0 17.798 198.199 3527.586 59.393 0 1 1 210 0 0
 1755 58147.000 154936.000 0 0 200.659 152.871 30675.106 175.143 0 1 1 210 0 0
 1756 57801.000 154670.000 0 0 128.416 99.122 12728.946 112.822 0 1 1 210 0 0
 1757 169119.000 105742.000 0 0 17.619 212.056 3736.295 61.125 0 1 1 210 0 0
 1758 169084.000 106140.000 0 0 15.894 178.831 2842.523 53.315 0 1 1 210 0 0
 1759 58004.000 155039.000 0 0 218.988 167.091 36591.088 191.287 0 1 1 210 0 0
 1760 57639.000 154761.000 0 0 120.757 93.412 11280.203 106.208 0 1 1 210 0 0
 1761 169294.000 105695.000 0 0 17.472 212.592 3714.569 60.947 0 1 1 210 0 0
 1762 169260.000 106089.000 0 0 16.348 185.928 3039.608 55.132 0 1 1 210 0 0
 1763 57937.000 155203.000 0 0 37.049 28.230 1045.946 32.341 0 1 1 210 0 0
 1764 57818.000 155114.000 0 0 182.294 139.520 25433.919 159.480 0 1 1 210 0 0
 1765 57481.000 154854.000 0 0 131.476 101.911 13398.942 115.753 0 1 1 210 0 0
 1766 169469.000 105647.000 0 0 18.138 223.121 4047.119 63.616 0 1 1 210 0 0
 1767 169434.000 106045.000 0 0 15.650 179.737 2812.900 53.036 0 1 1 210 0 0
 1768 57678.000 155218.000 0 0 222.344 170.418 37891.637 194.657 0 1 1 210 0 0
 1769 57321.000 154945.000 0 0 142.227 110.475 15712.635 125.350 0 1 1 210 0 0
 1770 169644.000 105597.000 0 0 17.708 220.343 3901.923 62.465 0 1 1 210 0 0
 1771 169609.000 105997.000 0 0 16.099 186.863 3008.445 54.849 0 1 1 210 0 0
 1772 57510.000 155304.000 0 0 188.224 144.615 27220.152 164.985 0 1 1 210 0 0
 1773 57177.000 155048.000 0 0 139.855 108.797 15215.988 123.353 0 1 1 210 0 0
 1774 169817.000 105559.000 0 0 18.388 230.933 4246.527 65.165 0 1 1 210 0 0
 1775 169783.000 105957.000 0 0 15.136 177.294 2683.582 51.803 0 1 1 210 0 0
 1776 57360.000 155404.000 0 0 183.253 141.036 25845.469 160.765 0 1 1 210 0 0
 1777 57020.000 155142.000 0 0 126.881 98.896 12548.094 112.018 0 1 1 210 0 0
 1778 169993.000 105507.000 0 0 16.370 208.027 3405.457 58.356 0 1 1 210 0 0
 1779 169959.000 105901.000 0 0 14.994 177.742 2665.187 51.625 0 1 1 210 0 0
 1780 57200.000 155495.000 0 0 202.184 155.934 31527.518 177.559 0 1 1 210 0 0
 1781 56854.000 155228.000 0 0 140.314 109.618 15381.062 124.020 0 1 1 210 0 0
 1782 170166.000 105460.000 0 0 17.277 221.996 3835.555 61.931 0 1 1 210 0 0
 1783 170134.000 105861.000 0 0 16.296 194.997 3177.853 56.372 0 1 1 210 0 0
 1784 57042.000 155588.000 0 0 196.851 152.124 29945.975 173.049 0 1 1 210 0 0
 1785 56704.000 155326.000 0 0 124.654 97.548 12159.878 110.271 0 1 1 210 0 0
 1786 170340.000 105415.000 0 0 16.874 219.174 3698.413 60.814 0 1 1 210 0 0
 1787 170307.000 105823.000 0 0 15.913 192.107 3057.098 55.291 0 1 1 210 0 0
 1788 56885.000 155684.000 0 0 200.205 155.013 31034.632 176.166 0 1 1 210 0 0
 1789 56548.000 155421.000 0 0 140.803 110.394 15543.979 124.675 0 1 1 210 0 0
 1790 170516.000 105366.000 0 0 16.978 223.101 3787.989 61.546 0 1 1 210 0 0
 1791 170482.000 105774.000 0 0 15.777 192.587 3038.578 55.123 0 1 1 210 0 0
 1792 56741.000 155784.000 0 0 192.532 149.304 28746.099 169.546 0 1 1 210 0 0
 1793 56384.000 155509.000 0 0 143.685 112.901 16222.365 127.367 0 1 1 210 0 0
 1794 170691.000 105315.000 0 0 17.072 227.044 3876.164 62.258 0 1 1 210 0 0
 1795 170657.000 105721.000 0 0 14.537 179.516 2609.638 51.084 0 1 1 210 0 0
 1796 56576.000 155873.000 0 0 195.530 151.964 29713.558 172.376 0 1 1 210 0 0
 1797 56232.000 155605.000 0 0 143.936 113.295 16307.274 127.699 0 1 1 210 0 0
 1798 170865.000 105269.000 0 0 16.925 227.603 3852.268 62.066 0 1 1 210 0 0
 1799 170831.000 105677.000 0 0 14.968 186.750 2795.355 52.871 0 1 1 210 0 0
 1800 56409.000 155959.000 0 0 166.317 129.558 21547.899 146.792 0 1 1 210 0 0
 1801 56083.000 155704.000 0 0 149.531 117.890 17628.291 132.771 0 1 1 210 0 0
 1802 171038.000 105230.000 0 0 16.048 217.943 3497.641 59.140 0 1 1 210 0 0
 1803 171006.000 105627.000 0 0 13.218 166.787 2204.631 46.953 0 1 1 210 0 0
 1804 56280.000 156075.000 0 0 215.046 167.666 36056.105 189.884 0 1 1 210 0 0
 1805 55926.000 155798.000 0 0 141.761 111.975 15873.795 125.991 0 1 1 210 0 0
 1806 171212.000 105184.000 0 0 15.409 211.649 3261.436 57.108 0 1 1 210 0 0
 1807 171180.000 105586.000 0 0 14.729 187.668 2764.305 52.576 0 1 1 210 0 0
 1808 56253.000 156268.000 0 0 13.482 10.482 141.329 11.888 0 1 1 210 0 0
 1809 56109.000 156156.000 0 0 177.667 138.864 24671.750 157.072 0 1 1 210 0 0
 1810 55775.000 155895.000 0 0 142.008 112.359 15956.007 126.317 0 1 1 210 0 0
 1811 171387.000 105140.000 0 0 15.276 212.168 3241.252 56.931 0 1 1 210 0 0
 1812 171353.000 105545.000 0 0 15.152 194.967 2954.219 54.352 0 1 1 210 0 0
 1813 55953.000 156251.000 0 0 175.272 137.247 24055.718 155.099 0 1 1 210 0 0
 1814 55618.000 155987.000 0 0 134.191 106.377 14274.911 119.477 0 1 1 210 0 0
 1815 171559.000 105093.000 0 0 15.381 216.112 3324.052 57.654 0 1 1 210 0 0
 1816 171528.000 105505.000 0 0 14.780 192.015 2838.114 53.273 0 1 1 210 0 0
 1817 55800.000 156345.000 0 0 172.866 135.607 23442.010 153.107 0 1 1 210 0 0
 1818 55455.000 156076.000 0 0 129.030 102.497 13225.342 115.001 0 1 1 210 0 0
 1819 171734.000 105054.000 0 0 15.750 223.516 3520.407 59.333 0 1 1 210 0 0
 1820 171702.000 105453.000 0 0 14.378 189.046 2718.152 52.135 0 1 1 210 0 0
 1821 55640.000 156436.000 0 0 189.374 148.850 28188.418 167.894 0 1 1 210 0 0
 1822 55301.000 156170.000 0 0 102.316 81.421 8330.725 91.272 0 1 1 210 0 0
 1823 171906.000 105007.000 0 0 15.122 217.160 3284.095 57.307 0 1 1 210 0 0
 1824 171877.000 105414.000 0 0 15.314 203.289 3113.191 55.795 0 1 1 210 0 0
 1825 55481.000 156527.000 0 0 192.387 151.519 29150.444 170.735 0 1 1 210 0 0
 1826 55148.000 156266.000 0 0 115.985 92.457 10723.774 103.555 0 1 1 210 0 0
 1827 172081.000 104958.000 0 0 14.499 210.777 3056.077 55.281 0 1 1 210 0 0
 1828 172051.000 105366.000 0 0 14.663 196.873 2886.800 53.728 0 1 1 210 0 0
 1829 55317.000 156616.000 0 0 208.982 164.934 34468.442 185.656 0 1 1 210 0 0
 1830 54988.000 156358.000 0 0 113.475 90.630 10284.323 101.411 0 1 1 210 0 0
 1831 172254.000 104915.000 0 0 14.843 218.211 3239.057 56.912 0 1 1 210 0 0
 1832 172225.000 105316.000 0 0 14.527 197.349 2866.947 53.543 0 1 1 210 0 0
 1833 55158.000 156707.000 0 0 203.881 161.225 32870.928 181.303 0 1 1 210 0 0
 1834 54840.000 156456.000 0 0 108.247 86.589 9373.158 96.815 0 1 1 210 0 0
 1835 172430.000 104860.000 0 0 14.910 222.212 3313.313 57.561 0 1 1 210 0 0
 1836 172398.000 105278.000 0 0 14.928 204.763 3056.836 55.288 0 1 1 210 0 0
 1837 55017.000 156812.000 0 0 190.633 150.943 28774.904 169.631 0 1 1 210 0 0
 1838 54686.000 156551.000 0 0 100.299 80.369 8061.029 89.783 0 1 1 210 0 0
 1839 172602.000 104807.000 0 0 12.213 184.459 2252.869 47.464 0 1 1 210 0 0
 1840 172572.000 105232.000 0 0 14.549 201.776 2935.682 54.181 0 1 1 210 0 0
 1841 54858.000 156902.000 0 0 182.757 144.987 26497.516 162.780 0 1 1 210 0 0
 1842 54520.000 156637.000 0 0 105.879 85.023 9002.288 94.880 0 1 1 210 0 0
 1843 172776.000 104768.000 0 0 12.342 188.389 2325.252 48.220 0 1 1 210 0 0
 1844 172746.000 105180.000 0 0 14.402 202.260 2913.066 53.972 0 1 1 210 0 0
 1845 54701.000 156995.000 0 0 191.249 152.002 29070.414 170.500 0 1 1 210 0 0
 1846 54374.000 156738.000 0 0 103.349 83.109 8589.340 92.678 0 1 1 210 0 0
 1847 172950.000 104723.000 0 0 12.681 195.832 2483.373 49.833 0 1 1 210 0 0
 1848 172921.000 105128.000 0 0 15.486 220.225 3410.630 58.400 0 1 1 210 0 0
 1849 54548.000 157092.000 0 0 180.631 143.802 25975.157 161.168 0 1 1 210 0 0
 1850 54216.000 156829.000 0 0 114.422 92.184 10548.008 102.703 0 1 1 210 0 0
 1851 173124.000 104678.000 0 0 12.334 192.794 2378.062 48.765 0 1 1 210 0 0
 1852 173095.000 105084.000 0 0 14.868 213.741 3178.103 56.374 0 1 1 210 0 0
 1853 54388.000 157182.000 0 0 180.915 144.308 26107.658 161.578 0 1 1 210 0 0
 1854 54056.000 156918.000 0 0 106.405 85.890 9139.277 95.599 0 1 1 210 0 0
 1855 173297.000 104636.000 0 0 12.224 193.251 2362.409 48.604 0 1 1 210 0 0
 1856 173268.000 105044.000 0 0 14.267 207.223 2956.564 54.374 0 1 1 210 0 0
 1857 54233.000 157277.000 0 0 183.959 146.994 27040.969 164.441 0 1 1 210 0 0
 1858 53912.000 157022.000 0 0 92.936 75.116 6981.036 83.552 0 1 1 210 0 0
 1859 173470.000 104580.000 0 0 12.077 193.706 2339.489 48.368 0 1 1 210 0 0
 1860 173441.000 105003.000 0 0 15.590 228.837 3567.582 59.729 0 1 1 210 0 0
 1861 54083.000 157373.000 0 0 187.018 149.677 27992.330 167.309 0 1 1 210 0 0
 1862 53752.000 157109.000 0 0 114.987 93.119 10707.578 103.477 0 1 1 210 0 0
 1863 173643.000 104541.000 0 0 12.626 204.752 2585.306 50.845 0 1 1 210 0 0
 1864 173614.000 104962.000 0 0 14.985 222.318 3331.613 57.720 0 1 1 210 0 0
 1865 53929.000 157469.000 0 0 181.823 145.761 26502.904 162.797 0 1 1 210 0 0
 1866 53598.000 157204.000 0 0 109.680 88.970 9758.358 98.784 0 1 1 210 0 0
 1867 173816.000 104493.000 0 0 12.278 201.695 2476.608 49.765 0 1 1 210 0 0
 1868 173788.000 104911.000 0 0 15.305 229.918 3518.904 59.320 0 1 1 210 0 0
 1869 53771.000 157561.000 0 0 179.357 144.046 25835.796 160.735 0 1 1 210 0 0
 1870 53448.000 157301.000 0 0 118.119 95.961 11334.905 106.465 0 1 1 210 0 0
 1871 173990.000 104446.000 0 0 12.363 205.718 2543.450 50.432 0 1 1 210 0 0
 1872 173962.000 104870.000 0 0 14.241 216.278 3080.025 55.497 0 1 1 210 0 0
 1873 53621.000 157658.000 0 0 179.657 144.513 25962.938 161.130 0 1 1 210 0 0
 1874 53294.000 157395.000 0 0 101.795 82.838 8432.612 91.829 0 1 1 210 0 0
 1875 174163.000 104404.000 0 0 11.613 195.533 2270.764 47.652 0 1 1 210 0 0
 1876 174136.000 104820.000 0 0 14.559 223.893 3259.742 57.094 0 1 1 210 0 0
 1877 53459.000 157747.000 0 0 185.470 149.478 27723.809 166.504 0 1 1 210 0 0
 1878 53140.000 157488.000 0 0 107.472 87.602 9414.881 97.030 0 1 1 210 0 0
 1879 174337.000 104362.000 0 0 11.920 203.118 2421.234 49.206 0 1 1 210 0 0
 1880 174309.000 104772.000 0 0 13.955 217.293 3032.527 55.068 0 1 1 210 0 0
 1881 53303.000 157839.000 0 0 174.679 141.029 24634.937 156.955 0 1 1 210 0 0
 1882 52983.000 157581.000 0 0 102.126 83.390 8516.330 92.283 0 1 1 210 0 0
 1883 174508.000 104320.000 0 0 11.599 200.016 2320.098 48.167 0 1 1 210 0 0
 1884 174482.000 104735.000 0 0 13.619 214.227 2917.593 54.014 0 1 1 210 0 0
 1885 53144.000 157930.000 0 0 166.624 134.771 22456.216 149.853 0 1 1 210 0 0
 1886 52831.000 157676.000 0 0 102.295 83.660 8558.024 92.509 0 1 1 210 0 0
 1887 174681.000 104274.000 0 0 11.885 207.640 2467.894 49.677 0 1 1 210 0 0
 1888 174656.000 104689.000 0 0 13.487 214.729 2896.169 53.816 0 1 1 210 0 0
 1889 52991.000 158026.000 0 0 169.680 137.466 23325.280 152.726 0 1 1 210 0 0
 1890 52682.000 157774.000 0 0 91.394 74.852 6841.155 82.711 0 1 1 210 0 0
 1891 174854.000 104228.000 0 0 11.960 211.709 2532.114 50.320 0 1 1 210 0 0
 1892 174828.000 104645.000 0 0 12.692 204.462 2595.150 50.942 0 1 1 210 0 0
 1893 52837.000 158119.000 0 0 164.384 133.396 21928.288 148.082 0 1 1 210 0 0
 1894 52527.000 157868.000 0 0 85.996 70.549 6066.950 77.890 0 1 1 210 0 0
 1895 175027.000 104188.000 0 0 11.044 197.811 2184.652 46.740 0 1 1 210 0 0
 1896 175002.000 104609.000 0 0 13.479 219.318 2956.239 54.371 0 1 1 210 0 0
 1897 52693.000 158222.000 0 0 170.255 138.335 23552.336 153.467 0 1 1 210 0 0
 1898 52372.000 157960.000 0 0 97.243 79.908 7770.524 88.150 0 1 1 210 0 0
 1899 175199.000 104144.000 0 0 10.926 198.266 2166.269 46.543 0 1 1 210 0 0
 1900 175174.000 104564.000 0 0 13.566 223.425 3031.124 55.055 0 1 1 210 0 0
 1901 52542.000 158317.000 0 0 181.711 147.875 26870.573 163.922 0 1 1 210 0 0
 1902 52218.000 158053.000 0 0 94.617 77.876 7368.534 85.840 0 1 1 210 0 0
 1903 175373.000 104102.000 0 0 11.012 202.337 2228.165 47.203 0 1 1 210 0 0
 1904 175348.000 104522.000 0 0 12.358 205.882 2544.379 50.441 0 1 1 210 0 0
 1905 52391.000 158414.000 0 0 179.215 146.064 26177.030 161.793 0 1 1 210 0 0
 1906 52065.000 158149.000 0 0 100.347 82.720 8300.727 91.108 0 1 1 210 0 0
 1907 175546.000 104056.000 0 0 11.083 206.422 2287.816 47.831 0 1 1 210 0 0
 1908 175520.000 104477.000 0 0 13.737 231.693 3182.943 56.417 0 1 1 210 0 0
 1909 52236.000 158507.000 0 0 173.892 141.962 24686.250 157.118 0 1 1 210 0 0
 1910 51920.000 158249.000 0 0 97.728 80.667 7883.516 88.789 0 1 1 210 0 0
 1911 175717.000 104012.000 0 0 11.155 210.521 2348.438 48.460 0 1 1 210 0 0
 1912 175694.000 104428.000 0 0 12.523 214.085 2681.141 51.779 0 1 1 210 0 0
 1913 52081.000 158600.000 0 0 168.553 137.829 23231.543 152.418 0 1 1 210 0 0
 1914 51764.000 158341.000 0 0 103.474 85.551 8852.419 94.087 0 1 1 210 0 0
 1915 175891.000 103964.000 0 0 11.022 211.004 2325.829 48.226 0 1 1 210 0 0
 1916 175866.000 104394.000 0 0 13.481 232.756 3137.957 56.017 0 1 1 210 0 0
 1917 51919.000 158687.000 0 0 160.365 131.384 21069.418 145.153 0 1 1 210 0 0
 1918 51612.000 158434.000 0 0 92.438 76.546 7075.841 84.118 0 1 1 210 0 0
 1919 176064.000 103906.000 0 0 12.922 251.595 3251.158 57.018 0 1 1 210 0 0
 1920 176038.000 104356.000 0 0 13.782 240.572 3315.678 57.581 0 1 1 210 0 0
 1921 51771.000 158786.000 0 0 160.635 131.786 21169.644 145.497 0 1 1 210 0 0
 1922 51453.000 158525.000 0 0 98.190 81.451 7997.745 89.430 0 1 1 210 0 0
 1923 176236.000 103875.000 0 0 11.332 222.927 2526.284 50.262 0 1 1 210 0 0
 1924 176211.000 104312.000 0 0 12.403 219.199 2718.915 52.143 0 1 1 210 0 0
 1925 51616.000 158879.000 0 0 166.532 136.847 22789.540 150.962 0 1 1 210 0 0
 1926 51303.000 158621.000 0 0 95.543 79.368 7583.155 87.081 0 1 1 210 0 0
 1927 176409.000 103842.000 0 0 10.682 212.444 2269.469 47.638 0 1 1 210 0 0
 1928 176384.000 104272.000 0 0 12.493 223.360 2790.646 52.826 0 1 1 210 0 0
 1929 51467.000 158977.000 0 0 163.983 134.945 22128.863 148.757 0 1 1 210 0 0
 1930 51149.000 158716.000 0 0 123.849 103.042 12761.683 112.967 0 1 1 210 0 0
 1931 176580.000 103802.000 0 0 9.660 194.565 1879.542 43.353 0 1 1 210 0 0
 1932 176556.000 104233.000 0 0 12.175 220.194 2680.903 51.777 0 1 1 210 0 0
 1933 51322.000 159077.000 0 0 181.248 149.343 27068.266 164.524 0 1 1 210 0 0
 1934 51005.000 158817.000 0 0 121.244 100.997 12245.410 110.658 0 1 1 210 0 0
 1935 176753.000 103761.000 0 0 10.096 206.043 2080.280 45.610 0 1 1 210 0 0
 1936 176729.000 104201.000 0 0 13.493 246.439 3325.290 57.665 0 1 1 210 0 0
 1937 51179.000 159180.000 0 0 173.054 142.763 24705.849 157.180 0 1 1 210 0 0
 1938 50857.000 158914.000 0 0 132.737 110.722 14696.987 121.231 0 1 1 210 0 0
 1939 176924.000 103720.000 0 0 10.523 217.565 2289.509 47.848 0 1 1 210 0 0
 1940 176903.000 104148.000 0 0 11.733 217.503 2552.147 50.518 0 1 1 210 0 0
 1941 51032.000 159280.000 0 0 193.233 159.621 30844.076 175.624 0 1 1 210 0 0
 1942 50706.000 159010.000 0 0 115.986 96.890 11237.957 106.009 0 1 1 210 0 0
 1943 177097.000 103680.000 0 0 10.410 218.052 2270.115 47.645 0 1 1 210 0 0
 1944 177075.000 104104.000 0 0 11.018 206.907 2279.740 47.746 0 1 1 210 0 0
 1945 50882.000 159375.000 0 0 187.853 155.401 29192.722 170.858 0 1 1 210 0 0
 1946 50545.000 159096.000 0 0 113.310 94.823 10744.432 103.655 0 1 1 210 0 0
 1947 177269.000 103645.000 0 0 10.309 218.541 2253.101 47.466 0 1 1 210 0 0
 1948 177248.000 104061.000 0 0 10.903 207.370 2261.047 47.550 0 1 1 210 0 0
 1949 50720.000 159462.000 0 0 185.278 153.551 28449.804 168.670 0 1 1 210 0 0
 1950 50387.000 159186.000 0 0 93.626 78.483 7348.178 85.721 0 1 1 210 0 0
 1951 177443.000 103592.000 0 0 10.332 222.744 2301.491 47.973 0 1 1 210 0 0
 1952 177420.000 104017.000 0 0 10.590 204.122 2161.856 46.495 0 1 1 210 0 0
 1953 50561.000 159551.000 0 0 162.726 135.095 21983.668 148.268 0 1 1 210 0 0
 1954 50228.000 159274.000 0 0 90.925 76.350 6942.246 83.320 0 1 1 210 0 0
 1955 177615.000 103538.000 0 0 11.872 260.444 3092.178 55.607 0 1 1 210 0 0
 1956 177593.000 103976.000 0 0 11.056 215.735 2385.385 48.840 0 1 1 210 0 0
 1957 50416.000 159652.000 0 0 183.013 152.123 27840.717 166.855 0 1 1 210 0 0
 1958 50082.000 159376.000 0 0 76.855 64.613 4965.864 70.468 0 1 1 210 0 0
 1959 177788.000 103490.000 0 0 11.378 253.568 2885.322 53.715 0 1 1 210 0 0
 1960 177765.000 103938.000 0 0 10.949 216.214 2367.383 48.655 0 1 1 210 0 0
 1961 50373.000 159838.000 0 0 34.425 28.550 982.868 31.350 0 1 1 210 0 0
 1962 50257.000 159742.000 0 0 163.248 135.925 22189.627 148.961 0 1 1 210 0 0
 1963 49932.000 159470.000 0 0 85.527 72.005 6158.481 78.475 0 1 1 210 0 0
 1964 177959.000 103470.000 0 0 9.814 220.491 2164.080 46.519 0 1 1 210 0 0
 1965 177938.000 103898.000 0 0 11.211 224.168 2513.284 50.132 0 1 1 210 0 0
 1966 50107.000 159839.000 0 0 166.380 138.724 23081.128 151.924 0 1 1 210 0 0
 1967 49779.000 159564.000 0 0 91.371 77.038 7039.116 83.899 0 1 1 210 0 0
 1968 178131.000 103429.000 0 0 8.712 198.505 1729.473 41.586 0 1 1 210 0 0
 1969 178110.000 103863.000 0 0 10.926 220.918 2413.957 49.132 0 1 1 210 0 0
 1970 50052.000 160014.000 0 0 20.132 16.755 337.327 18.366 0 1 1 210 0 0
 1971 49954.000 159933.000 0 0 166.640 139.150 23188.185 152.276 0 1 1 210 0 0
 1972 49629.000 159659.000 0 0 88.658 74.855 6636.602 81.465 0 1 1 210 0 0
 1973 178304.000 103392.000 0 0 8.619 198.944 1714.723 41.409 0 1 1 210 0 0
 1974 178282.000 103819.000 0 0 11.716 240.168 2814.004 53.047 0 1 1 210 0 0
 1975 49803.000 160028.000 0 0 161.137 134.747 21712.994 147.353 0 1 1 210 0 0
 1976 49476.000 159756.000 0 0 74.483 62.976 4690.680 68.488 0 1 1 210 0 0
 1977 178476.000 103353.000 0 0 8.360 195.619 1635.389 40.439 0 1 1 210 0 0
 1978 178455.000 103769.000 0 0 10.298 214.372 2207.795 46.987 0 1 1 210 0 0
 1979 49666.000 160135.000 0 0 184.493 154.425 28490.516 168.791 0 1 1 210 0 0
 1980 49335.000 159858.000 0 0 63.122 53.427 3372.483 58.073 0 1 1 210 0 0
 1981 178647.000 103312.000 0 0 8.575 203.585 1745.833 41.783 0 1 1 210 0 0
 1982 178628.000 103724.000 0 0 9.820 207.307 2035.782 45.119 0 1 1 210 0 0
 1983 49509.000 160225.000 0 0 170.339 142.809 24326.048 155.968 0 1 1 210 0 0
 1984 49170.000 159941.000 0 0 71.841 60.922 4376.722 66.156 0 1 1 210 0 0
 1985 178819.000 103269.000 0 0 8.305 200.252 1663.229 40.782 0 1 1 210 0 0
 1986 178800.000 103682.000 0 0 9.533 203.983 1944.725 44.099 0 1 1 210 0 0
 1987 49467.000 160412.000 0 0 26.070 21.807 568.518 23.843 0 1 1 210 0 0
 1988 49357.000 160318.000 0 0 182.165 152.945 27861.524 166.917 0 1 1 210 0 0
 1989 49031.000 160045.000 0 0 69.074 58.633 4050.060 63.640 0 1 1 210 0 0
 1990 178991.000 103231.000 0 0 8.209 200.691 1647.622 40.590 0 1 1 210 0 0
 1991 178972.000 103644.000 0 0 9.607 208.214 2000.476 44.726 0 1 1 210 0 0
 1992 49312.000 160504.000 0 0 23.196 19.432 450.762 21.231 0 1 1 210 0 0
 1993 49191.000 160402.000 0 0 156.352 131.521 20563.737 143.400 0 1 1 210 0 0
 1994 48874.000 160134.000 0 0 100.890 85.778 8654.208 93.027 0 1 1 210 0 0
 1995 179163.000 103189.000 0 0 8.103 201.127 1629.852 40.371 0 1 1 210 0 0
 1996 179145.000 103599.000 0 0 9.145 201.080 1838.915 42.882 0 1 1 210 0 0
 1997 49145.000 160586.000 0 0 17.420 14.622 254.733 15.960 0 1 1 210 0 0
 1998 49045.000 160501.000 0 0 159.509 134.341 21428.679 146.385 0 1 1 210 0 0
 1999 48727.000 160234.000 0 0 109.717 93.395 10247.148 101.228 0 1 1 210 0 0
 2000 179336.000 103149.000 0 0 8.153 205.369 1674.423 40.919 0 1 1 210 0 0
 2001 179317.000 103561.000 0 0 9.049 201.517 1823.561 42.703 0 1 1 210 0 0
 2002 48895.000 160598.000 0 0 159.762 134.735 21525.783 146.716 0 1 1 210 0 0
 2003 48572.000 160325.000 0 0 95.429 81.354 7763.644 88.111 0 1 1 210 0 0
 2004 179508.000 103113.000 0 0 7.909 202.002 1597.652 39.970 0 1 1 210 0 0
 2005 179488.000 103523.000 0 0 8.953 201.953 1808.122 42.522 0 1 1 210 0 0
 2006 48743.000 160692.000 0 0 157.102 132.680 20844.397 144.375 0 1 1 210 0 0
 2007 48425.000 160423.000 0 0 98.479 84.059 8278.162 90.984 0 1 1 210 0 0
 2008 179679.000 103070.000 0 0 8.094 210.078 1700.424 41.236 0 1 1 210 0 0
 2009 179660.000 103479.000 0 0 8.506 194.753 1656.623 40.701 0 1 1 210 0 0
 2010 48595.000 160789.000 0 0 154.440 130.601 20170.138 142.021 0 1 1 210 0 0
 2011 48285.000 160527.000 0 0 95.748 81.808 7833.128 88.504 0 1 1 210 0 0
 2012 179850.000 103029.000 0 0 7.841 206.700 1620.884 40.260 0 1 1 210 0 0
 2013 179832.000 103444.000 0 0 8.750 202.827 1774.937 42.129 0 1 1 210 0 0
 2014 48445.000 160886.000 0 0 163.441 138.393 22619.224 150.396 0 1 1 210 0 0
 2015 48123.000 160613.000 0 0 69.728 59.678 4161.278 64.507 0 1 1 210 0 0
 2016 180023.000 102990.000 0 0 7.455 199.475 1487.097 38.562 0 1 1 210 0 0
 2017 180005.000 103400.000 0 0 8.477 199.431 1690.588 41.116 0 1 1 210 0 0
 2018 48292.000 160979.000 0 0 152.001 128.893 19591.971 139.971 0 1 1 210 0 0
 2019 47984.000 160718.000 0 0 64.029 54.853 3512.196 59.263 0 1 1 210 0 0
 2020 47938.000 160679.000 0 0 14.539 12.474 181.375 13.467 0 1 1 210 0 0
 2021 180193.000 102958.000 0 0 7.375 199.899 1474.409 38.398 0 1 1 210 0 0
 2022 180177.000 103359.000 0 0 8.214 196.016 1610.171 40.126 0 1 1 210 0 0
 2023 48150.000 161081.000 0 0 169.832 144.166 24484.170 156.474 0 1 1 210 0 0
 2024 47836.000 160815.000 0 0 75.803 65.021 4928.826 70.205 0 1 1 210 0 0
 2025 180366.000 102917.000 0 0 7.411 204.182 1513.258 38.900 0 1 1 210 0 0
 2026 180349.000 103318.000 0 0 8.430 204.140 1720.912 41.483 0 1 1 210 0 0
 2027 47991.000 161170.000 0 0 149.545 127.150 19014.762 137.894 0 1 1 210 0 0
 2028 47686.000 160910.000 0 0 78.841 67.715 5338.746 73.066 0 1 1 210 0 0
 2029 180537.000 102874.000 0 0 7.577 212.340 1609.068 40.113 0 1 1 210 0 0
 2030 180521.000 103277.000 0 0 8.483 208.436 1768.240 42.050 0 1 1 210 0 0
 2031 47860.000 161281.000 0 0 188.010 159.966 30075.437 173.422 0 1 1 210 0 0
 2032 47535.000 161006.000 0 0 70.180 60.355 4235.721 65.082 0 1 1 210 0 0
 2033 47480.000 160959.000 0 0 8.763 7.550 66.173 8.134 0 1 1 210 0 0
 2034 180709.000 102826.000 0 0 7.451 212.792 1585.693 39.820 0 1 1 210 0 0
 2035 180692.000 103238.000 0 0 8.072 201.144 1623.795 40.296 0 1 1 210 0 0
 2036 47792.000 161447.000 0 0 44.185 37.541 1658.777 40.728 0 1 1 210 0 0
 2037 47686.000 161357.000 0 0 144.121 122.881 17709.943 133.078 0 1 1 210 0 0
 2038 47383.000 161100.000 0 0 70.287 60.529 4254.498 65.226 0 1 1 210 0 0
 2039 180881.000 102786.000 0 0 7.346 213.247 1566.728 39.581 0 1 1 210 0 0
 2040 180864.000 103198.000 0 0 7.973 201.573 1607.272 40.090 0 1 1 210 0 0
 2041 47630.000 161533.000 0 0 23.590 20.077 473.648 21.763 0 1 1 210 0 0
 2042 47528.000 161446.000 0 0 156.111 133.311 20811.481 144.261 0 1 1 210 0 0
 2043 47238.000 161199.000 0 0 61.603 53.110 3271.832 57.199 0 1 1 210 0 0
 2044 181053.000 102745.000 0 0 6.976 205.928 1436.673 37.903 0 1 1 210 0 0
 2045 181036.000 103158.000 0 0 7.874 202.001 1590.645 39.882 0 1 1 210 0 0
 2046 47520.000 161662.000 0 0 23.639 20.119 475.632 21.808 0 1 1 210 0 0
 2047 47381.000 161544.000 0 0 159.307 136.205 21698.542 147.304 0 1 1 210 0 0
 2048 47067.000 161277.000 0 0 88.125 76.126 6708.707 81.906 0 1 1 210 0 0
 2049 181224.000 102711.000 0 0 7.017 210.257 1475.578 38.413 0 1 1 210 0 0
 2050 181208.000 103120.000 0 0 7.777 202.428 1574.453 39.679 0 1 1 210 0 0
 2051 47340.000 161732.000 0 0 20.708 17.665 365.819 19.126 0 1 1 210 0 0
 2052 47231.000 161639.000 0 0 168.430 144.193 24286.556 155.841 0 1 1 210 0 0
 2053 46922.000 161377.000 0 0 73.562 63.616 4679.781 68.408 0 1 1 210 0 0
 2054 181396.000 102667.000 0 0 6.649 202.898 1349.103 36.730 0 1 1 210 0 0
 2055 181380.000 103084.000 0 0 7.984 210.661 1681.925 41.011 0 1 1 210 0 0
 2056 47081.000 161734.000 0 0 165.717 142.054 23540.976 153.430 0 1 1 210 0 0
 2057 46787.000 161485.000 0 0 73.691 63.778 4699.940 68.556 0 1 1 210 0 0
 2058 181567.000 102631.000 0 0 6.938 215.055 1492.077 38.627 0 1 1 210 0 0
 2059 181552.000 103047.000 0 0 7.596 203.286 1544.346 39.298 0 1 1 210 0 0
 2060 46929.000 161829.000 0 0 174.876 150.104 26249.802 162.017 0 1 1 210 0 0
 2061 46640.000 161581.000 0 0 76.758 66.511 5105.325 71.451 0 1 1 210 0 0
 2062 181739.000 102586.000 0 0 6.820 215.507 1469.763 38.337 0 1 1 210 0 0
 2063 181723.000 103002.000 0 0 7.341 199.796 1466.786 38.298 0 1 1 210 0 0
 2064 46777.000 161922.000 0 0 172.172 147.985 25479.037 159.621 0 1 1 210 0 0
 2065 46489.000 161677.000 0 0 76.877 66.699 5127.685 71.607 0 1 1 210 0 0
 2066 181910.000 102549.000 0 0 6.967 223.811 1559.375 39.488 0 1 1 210 0 0
 2067 181895.000 102966.000 0 0 6.967 192.364 1340.255 36.609 0 1 1 210 0 0
 2068 46625.000 162016.000 0 0 175.406 150.964 26480.013 162.726 0 1 1 210 0 0
 2069 46339.000 161770.000 0 0 79.954 69.458 5553.471 74.521 0 1 1 210 0 0
 2070 35951.000 150980.000 0 0 51.316 64.472 3308.549 57.519 0 1 3 200 0 0
 2071 182082.000 102496.000 0 0 7.301 240.023 1752.556 41.863 0 1 1 210 0 0
 2072 182066.000 102927.000 0 0 7.296 204.569 1492.712 38.635 0 1 1 210 0 0
 2073 46480.000 162117.000 0 0 172.713 148.809 25701.536 160.316 0 1 1 210 0 0
 2074 46186.000 161863.000 0 0 80.075 69.656 5577.752 74.684 0 1 1 210 0 0
 2075 35841.000 151117.000 0 0 102.921 129.181 13295.604 115.306 0 1 3 200 0 0
 2076 182254.000 102459.000 0 0 7.191 240.523 1729.662 41.589 0 1 1 210 0 0
 2077 182239.000 102894.000 0 0 7.492 212.883 1595.032 39.937 0 1 1 210 0 0
 2078 46436.000 162303.000 0 0 8.957 7.700 68.978 8.305 0 1 1 210 0 0
 2079 46337.000 162218.000 0 0 164.035 141.480 23207.703 152.340 0 1 1 210 0 0
 2080 46039.000 161961.000 0 0 74.262 64.674 4802.921 69.303 0 1 1 210 0 0
 2081 35726.000 151243.000 0 0 98.253 123.237 12108.500 110.038 0 1 3 200 0 0
 2082 182425.000 102423.000 0 0 6.506 221.268 1439.600 37.942 0 1 1 210 0 0
 2083 182410.000 102857.000 0 0 7.397 213.327 1578.034 39.724 0 1 1 210 0 0
 2084 46189.000 162315.000 0 0 161.304 139.290 22468.258 149.894 0 1 1 210 0 0
 2085 45932.000 162094.000 0 0 14.878 12.955 192.755 13.883 0 1 1 210 0 0
 2086 45886.000 162054.000 0 0 71.385 62.251 4443.814 66.661 0 1 1 210 0 0
 2087 182595.000 102382.000 0 0 6.054 209.846 1270.448 35.643 0 1 1 210 0 0
 2088 182580.000 102823.000 0 0 7.309 213.767 1562.606 39.529 0 1 1 210 0 0
 2089 46036.000 162408.000 0 0 161.546 139.688 22566.111 150.220 0 1 1 210 0 0
 2090 45748.000 162159.000 0 0 59.590 52.010 3099.356 55.671 0 1 1 210 0 0
 2091 182766.000 102339.000 0 0 6.727 238.055 1601.516 40.018 0 1 1 210 0 0
 2092 182753.000 102785.000 0 0 7.609 226.114 1720.711 41.481 0 1 1 210 0 0
 2093 45883.000 162500.000 0 0 143.811 124.523 17907.890 133.820 0 1 1 210 0 0
 2094 182939.000 102290.000 0 0 6.697 242.527 1624.219 40.301 0 1 1 210 0 0
 2095 182924.000 102743.000 0 0 7.495 226.583 1698.408 41.211 0 1 1 210 0 0
 2096 45733.000 162596.000 0 0 138.032 119.668 16518.136 128.522 0 1 1 210 0 0
 2097 183110.000 102254.000 0 0 6.700 247.011 1655.118 40.683 0 1 1 210 0 0
 2098 183094.000 102704.000 0 0 7.000 215.099 1505.894 38.805 0 1 1 210 0 0
 2099 45582.000 162690.000 0 0 138.241 119.999 16588.920 128.797 0 1 1 210 0 0
 2100 183282.000 102214.000 0 0 6.157 231.553 1425.864 37.760 0 1 1 210 0 0
 2101 183267.000 102667.000 0 0 7.033 219.536 1544.137 39.295 0 1 1 210 0 0
 2102 45431.000 162784.000 0 0 144.466 125.562 18139.585 134.683 0 1 1 210 0 0
 2103 183451.000 102201.000 0 0 5.172 196.020 1013.877 31.841 0 1 1 210 0 0
 2104 183438.000 102631.000 0 0 6.813 215.988 1471.560 38.360 0 1 1 210 0 0
 2105 45287.000 162884.000 0 0 144.696 125.893 18216.452 134.968 0 1 1 210 0 0
 2106 183622.000 102177.000 0 0 4.800 184.396 885.264 29.753 0 1 1 210 0 0
 2107 183609.000 102594.000 0 0 6.715 216.431 1453.402 38.123 0 1 1 210 0 0
 2108 45142.000 162985.000 0 0 157.001 136.743 21468.920 146.522 0 1 1 210 0 0
 2109 183793.000 102139.000 0 0 5.025 196.823 989.084 31.449 0 1 1 210 0 0
 2110 183780.000 102555.000 0 0 6.614 216.874 1434.613 37.876 0 1 1 210 0 0
 2111 44996.000 163082.000 0 0 160.267 139.745 22396.660 149.655 0 1 1 210 0 0
 2112 183964.000 102102.000 0 0 5.241 209.300 1097.000 33.120 0 1 1 210 0 0
 2113 183953.000 102501.000 0 0 5.516 185.126 1021.186 31.955 0 1 1 210 0 0
 2114 44854.000 163182.000 0 0 169.604 148.032 25106.985 158.451 0 1 1 210 0 0
 2115 184135.000 102066.000 0 0 4.953 201.659 998.987 31.606 0 1 1 210 0 0
 2116 184123.000 102464.000 0 0 5.278 180.209 951.251 30.842 0 1 1 210 0 0
 2117 44693.000 163270.000 0 0 154.679 135.212 20914.631 144.618 0 1 1 210 0 0
 2118 184307.000 102029.000 0 0 4.960 206.113 1022.436 31.975 0 1 1 210 0 0
 2119 184295.000 102428.000 0 0 5.239 181.840 952.760 30.866 0 1 1 210 0 0
 2120 44543.000 163363.000 0 0 160.980 140.894 22681.338 150.603 0 1 1 210 0 0
 2121 184478.000 101987.000 0 0 4.953 210.581 1043.158 32.297 0 1 1 210 0 0
 2122 184467.000 102392.000 0 0 5.274 186.258 982.487 31.344 0 1 1 210 0 0
 2123 44396.000 163460.000 0 0 152.104 133.274 20271.567 142.378 0 1 1 210 0 0
 2124 184650.000 101947.000 0 0 4.854 211.010 1024.366 32.005 0 1 1 210 0 0
 2125 184638.000 102359.000 0 0 5.315 190.692 1013.660 31.838 0 1 1 210 0 0
 2126 44249.000 163559.000 0 0 161.477 141.642 22872.052 151.235 0 1 1 210 0 0
 2127 184821.000 101912.000 0 0 4.859 215.501 1047.261 32.361 0 1 1 210 0 0
 2128 184810.000 102319.000 0 0 5.225 191.080 998.586 31.600 0 1 1 210 0 0
 2129 44104.000 163656.000 0 0 173.942 152.739 26567.852 162.996 0 1 1 210 0 0
 2130 43731.000 163329.000 0 0 63.747 56.640 3610.697 60.089 0 1 1 210 0 0
 2131 184991.000 101868.000 0 0 4.748 215.933 1025.339 32.020 0 1 1 210 0 0
 2132 184981.000 102281.000 0 0 5.250 195.539 1026.640 32.041 0 1 1 210 0 0
 2133 43949.000 163748.000 0 0 174.192 153.162 26679.781 163.339 0 1 1 210 0 0
 2134 43615.000 163453.000 0 0 106.458 94.601 10071.088 100.354 0 1 1 210 0 0
 2135 43547.000 163394.000 0 0 9.113 8.116 73.970 8.600 0 1 1 210 0 0
 2136 185162.000 101827.000 0 0 4.466 208.203 930.012 30.496 0 1 1 210 0 0
 2137 185151.000 102240.000 0 0 5.156 195.931 1010.289 31.785 0 1 1 210 0 0
 2138 43803.000 163845.000 0 0 174.460 153.561 26790.408 163.677 0 1 1 210 0 0
 2139 43463.000 163546.000 0 0 155.355 138.219 21473.235 146.537 0 1 1 210 0 0
 2140 185333.000 101788.000 0 0 4.801 229.074 1099.842 33.163 0 1 1 210 0 0
 2141 185322.000 102200.000 0 0 5.168 200.414 1035.752 32.183 0 1 1 210 0 0
 2142 43665.000 163950.000 0 0 183.940 162.038 29805.447 172.642 0 1 1 210 0 0
 2143 43310.000 163638.000 0 0 161.678 144.026 23286.098 152.597 0 1 1 210 0 0
 2144 185503.000 101751.000 0 0 4.702 229.532 1079.384 32.853 0 1 1 210 0 0
 2145 185494.000 102167.000 0 0 4.883 192.622 940.579 30.668 0 1 1 210 0 0
 2146 43510.000 164041.000 0 0 184.200 162.482 29929.470 173.001 0 1 1 210 0 0
 2147 43161.000 163732.000 0 0 168.027 149.854 25179.640 158.680 0 1 1 210 0 0
 2148 185674.000 101705.000 0 0 4.579 229.991 1053.282 32.454 0 1 1 210 0 0
 2149 185665.000 102129.000 0 0 5.308 213.539 1133.656 33.669 0 1 1 210 0 0
 2150 43362.000 164136.000 0 0 181.400 160.193 29059.181 170.467 0 1 1 210 0 0
 2151 43012.000 163828.000 0 0 171.337 152.976 26210.681 161.897 0 1 1 210 0 0
 2152 185845.000 101667.000 0 0 4.555 234.565 1068.596 32.689 0 1 1 210 0 0
 2153 185836.000 102101.000 0 0 4.836 197.506 955.153 30.905 0 1 1 210 0 0
 2154 43217.000 164236.000 0 0 184.761 163.324 30176.211 173.713 0 1 1 210 0 0
 2155 42865.000 163925.000 0 0 165.472 147.896 24472.801 156.437 0 1 1 210 0 0
 2156 186016.000 101642.000 0 0 3.856 202.044 779.270 27.915 0 1 1 210 0 0
 2157 186007.000 102069.000 0 0 4.959 206.145 1022.322 31.973 0 1 1 210 0 0
 2158 43062.000 164325.000 0 0 172.673 152.843 26392.058 162.456 0 1 1 210 0 0
 2159 42720.000 164023.000 0 0 162.656 145.525 23670.729 153.852 0 1 1 210 0 0
 2160 186186.000 101616.000 0 0 3.488 185.918 648.490 25.465 0 1 1 210 0 0
 2161 186177.000 102034.000 0 0 4.778 202.424 967.211 31.100 0 1 1 210 0 0
 2162 42911.000 164421.000 0 0 172.928 153.247 26500.946 162.791 0 1 1 210 0 0
 2163 42567.000 164114.000 0 0 175.193 156.937 27494.449 165.814 0 1 1 210 0 0
 2164 186357.000 101583.000 0 0 3.567 194.566 694.050 26.344 0 1 1 210 0 0
 2165 186348.000 101999.000 0 0 4.984 215.243 1072.871 32.754 0 1 1 210 0 0
 2166 42764.000 164516.000 0 0 173.185 153.642 26608.574 163.121 0 1 1 210 0 0
 2167 42422.000 164212.000 0 0 166.214 149.043 24773.136 157.394 0 1 1 210 0 0
 2168 186529.000 101551.000 0 0 3.570 199.100 710.804 26.660 0 1 1 210 0 0
 2169 186520.000 101952.000 0 0 3.836 170.049 652.400 25.542 0 1 1 210 0 0
 2170 42615.000 164612.000 0 0 167.250 148.543 24843.905 157.619 0 1 1 210 0 0
 2171 42274.000 164307.000 0 0 166.461 149.426 24873.791 157.714 0 1 1 210 0 0
 2172 186699.000 101514.000 0 0 3.703 211.961 785.061 28.018 0 1 1 210 0 0
 2173 186690.000 101921.000 0 0 3.868 174.538 675.146 25.983 0 1 1 210 0 0
 2174 42468.000 164709.000 0 0 167.500 148.923 24944.863 157.939 0 1 1 210 0 0
 2175 42130.000 164407.000 0 0 160.545 144.252 23159.083 152.181 0 1 1 210 0 0
 2176 186869.000 101480.000 0 0 3.547 208.212 738.644 27.178 0 1 1 210 0 0
 2177 186861.000 101879.000 0 0 3.603 166.555 600.173 24.498 0 1 1 210 0 0
 2178 42315.000 164799.000 0 0 167.734 149.319 25045.993 158.259 0 1 1 210 0 0
 2179 41985.000 164506.000 0 0 166.976 150.173 25075.552 158.352 0 1 1 210 0 0
 2180 187041.000 101439.000 0 0 3.519 212.796 748.833 27.364 0 1 1 210 0 0
 2181 187032.000 101843.000 0 0 3.623 171.054 619.776 24.895 0 1 1 210 0 0
 2182 42175.000 164902.000 0 0 168.000 149.681 25146.685 158.577 0 1 1 210 0 0
 2183 41838.000 164603.000 0 0 151.746 136.618 20731.343 143.983 0 1 1 210 0 0
 2184 187210.000 101402.000 0 0 3.361 209.030 702.675 26.508 0 1 1 210 0 0
 2185 187202.000 101807.000 0 0 3.639 175.568 639.011 25.278 0 1 1 210 0 0
 2186 42024.000 164995.000 0 0 168.241 150.073 25248.551 158.897 0 1 1 210 0 0
 2187 41692.000 164699.000 0 0 158.173 142.549 22547.509 150.158 0 1 1 210 0 0
 2188 187383.000 101370.000 0 0 3.219 205.255 660.814 25.706 0 1 1 210 0 0
 2189 187373.000 101773.000 0 0 3.571 175.914 628.294 25.065 0 1 1 210 0 0
 2190 41876.000 165092.000 0 0 168.492 150.456 25350.842 159.219 0 1 1 210 0 0
 2191 41547.000 164798.000 0 0 164.626 148.507 24448.203 156.359 0 1 1 210 0 0
 2192 187552.000 101332.000 0 0 3.194 209.850 670.429 25.892 0 1 1 210 0 0
 2193 187544.000 101738.000 0 0 3.582 180.454 646.564 25.427 0 1 1 210 0 0
 2194 41725.000 165187.000 0 0 168.738 150.846 25453.500 159.541 0 1 1 210 0 0
 2195 41402.000 164895.000 0 0 152.433 137.642 20981.234 144.849 0 1 1 210 0 0
 2196 187723.000 101297.000 0 0 3.046 206.054 627.763 25.055 0 1 1 210 0 0
 2197 187715.000 101704.000 0 0 3.677 189.216 695.764 26.377 0 1 1 210 0 0
 2198 41576.000 165281.000 0 0 165.853 148.433 24618.258 156.902 0 1 1 210 0 0
 2199 41257.000 164994.000 0 0 146.436 132.353 19381.383 139.217 0 1 1 210 0 0
 2200 187894.000 101259.000 0 0 3.018 210.670 635.891 25.216 0 1 1 210 0 0
 2201 187887.000 101668.000 0 0 3.680 193.799 713.200 26.705 0 1 1 210 0 0
 2202 41430.000 165378.000 0 0 169.231 151.610 25657.303 160.178 0 1 1 210 0 0
 2203 41110.000 165091.000 0 0 149.773 135.506 20295.213 142.461 0 1 1 210 0 0
 2204 188064.000 101212.000 0 0 3.254 236.406 769.289 27.736 0 1 1 210 0 0
 2205 188057.000 101627.000 0 0 3.822 206.839 790.677 28.118 0 1 1 210 0 0
 2206 41283.000 165474.000 0 0 163.205 146.364 23887.438 154.555 0 1 1 210 0 0
 2207 40963.000 165187.000 0 0 153.119 138.673 21233.510 145.717 0 1 1 210 0 0
 2208 188236.000 101170.000 0 0 3.085 232.637 717.819 26.792 0 1 1 210 0 0
 2209 188227.000 101595.000 0 0 3.671 203.009 745.285 27.299 0 1 1 210 0 0
 2210 41134.000 165570.000 0 0 163.445 146.734 23983.155 154.864 0 1 1 210 0 0
 2211 40820.000 165287.000 0 0 150.224 136.173 20456.581 143.026 0 1 1 210 0 0
 2212 188405.000 101143.000 0 0 3.125 241.559 754.932 27.476 0 1 1 210 0 0
 2213 188399.000 101567.000 0 0 3.831 216.116 827.967 28.774 0 1 1 210 0 0
 2214 40989.000 165667.000 0 0 157.394 141.439 22261.735 149.203 0 1 1 210 0 0
 2215 40672.000 165382.000 0 0 147.311 133.670 19691.092 140.324 0 1 1 210 0 0
 2216 188576.000 101105.000 0 0 2.862 229.287 656.231 25.617 0 1 1 210 0 0
 2217 188568.000 101534.000 0 0 3.677 212.285 780.591 27.939 0 1 1 210 0 0
 2218 40837.000 165759.000 0 0 148.159 133.299 19749.542 140.533 0 1 1 210 0 0
 2219 40525.000 165479.000 0 0 144.390 131.150 18936.875 137.611 0 1 1 210 0 0
 2220 188747.000 101085.000 0 0 2.237 182.933 409.304 20.231 0 1 1 210 0 0
 2221 188740.000 101504.000 0 0 3.605 212.696 766.918 27.693 0 1 1 210 0 0
 2222 40691.000 165858.000 0 0 154.694 139.311 21550.774 146.801 0 1 1 210 0 0
 2223 40381.000 165578.000 0 0 141.465 128.611 18194.051 134.885 0 1 1 210 0 0
 2224 188917.000 101052.000 0 0 2.169 183.285 397.691 19.942 0 1 1 210 0 0
 2225 188910.000 101473.000 0 0 3.389 204.581 693.527 26.334 0 1 1 210 0 0
 2226 40543.000 165952.000 0 0 148.595 133.960 19905.815 141.087 0 1 1 210 0 0
 2227 40233.000 165674.000 0 0 151.115 137.522 20781.857 144.159 0 1 1 210 0 0
 2228 189088.000 101027.000 0 0 2.215 192.177 425.784 20.634 0 1 1 210 0 0
 2229 189081.000 101420.000 0 0 2.723 170.812 465.223 21.569 0 1 1 210 0 0
 2230 40393.000 166047.000 0 0 142.478 128.585 18320.654 135.353 0 1 1 210 0 0
 2231 40084.000 165768.000 0 0 145.028 132.123 19161.686 138.425 0 1 1 210 0 0
 2232 189258.000 100991.000 0 0 2.186 196.823 430.286 20.743 0 1 1 210 0 0
 2233 189253.000 101387.000 0 0 2.861 183.976 526.362 22.942 0 1 1 210 0 0
 2234 40246.000 166141.000 0 0 142.682 128.903 18392.281 135.618 0 1 1 210 0 0
 2235 39938.000 165864.000 0 0 161.023 146.838 23644.398 153.767 0 1 1 210 0 0
 2236 189429.000 100955.000 0 0 2.199 205.775 452.597 21.274 0 1 1 210 0 0
 2237 189423.000 101348.000 0 0 2.391 158.607 379.302 19.475 0 1 1 210 0 0
 2238 40097.000 166237.000 0 0 142.888 129.225 18464.858 135.885 0 1 1 210 0 0
 2239 39796.000 165964.000 0 0 145.461 132.758 19311.208 138.964 0 1 1 210 0 0
 2240 189599.000 100925.000 0 0 2.086 201.870 421.131 20.521 0 1 1 210 0 0
 2241 189594.000 101323.000 0 0 2.664 180.384 480.550 21.921 0 1 1 210 0 0
 2242 39951.000 166335.000 0 0 143.099 129.539 18536.993 136.150 0 1 1 210 0 0
 2243 39652.000 166063.000 0 0 136.180 124.400 16940.957 130.157 0 1 1 210 0 0
 2244 189770.000 100892.000 0 0 2.053 206.559 424.087 20.593 0 1 1 210 0 0
 2245 189763.000 101291.000 0 0 2.599 180.725 469.881 21.676 0 1 1 210 0 0
 2246 39805.000 166432.000 0 0 143.309 129.853 18609.254 136.415 0 1 1 210 0 0
 2247 39511.000 166167.000 0 0 117.354 107.284 12590.250 112.206 0 1 1 210 0 0
 2248 189940.000 100861.000 0 0 2.023 211.262 427.573 20.677 0 1 1 210 0 0
 2249 189935.000 101267.000 0 0 2.855 202.626 578.557 24.053 0 1 1 210 0 0
 2250 39656.000 166526.000 0 0 137.136 124.392 17058.657 130.608 0 1 1 210 0 0
 2251 39355.000 166255.000 0 0 111.159 101.748 11310.298 106.349 0 1 1 210 0 0
 2252 190111.000 100819.000 0 0 1.925 211.663 407.598 20.189 0 1 1 210 0 0
 2253 190105.000 101220.000 0 0 2.340 172.775 404.305 20.107 0 1 1 210 0 0
 2254 190103.000 101328.000 0 0 0.509 34.554 17.601 4.195 0 1 1 210 0 0
 2255 39510.000 166624.000 0 0 143.722 130.490 18754.345 136.946 0 1 1 210 0 0
 2256 39211.000 166352.000 0 0 114.502 104.903 12011.678 109.597 0 1 1 210 0 0
 2257 190281.000 100768.000 0 0 1.915 225.046 431.124 20.763 0 1 1 210 0 0
 2258 190276.000 101182.000 0 0 2.381 181.757 432.862 20.805 0 1 1 210 0 0
 2259 39366.000 166722.000 0 0 127.931 116.258 14873.118 121.955 0 1 1 210 0 0
 2260 39070.000 166455.000 0 0 114.680 105.145 12058.160 109.809 0 1 1 210 0 0
 2261 190451.000 100728.000 0 0 1.851 229.807 425.579 20.629 0 1 1 210 0 0
 2262 190446.000 101144.000 0 0 2.468 195.108 481.719 21.948 0 1 1 210 0 0
 2263 39221.000 166820.000 0 0 131.337 119.463 15690.024 125.259 0 1 1 210 0 0
 2264 38925.000 166551.000 0 0 105.278 96.615 10171.554 100.854 0 1 1 210 0 0
 2265 190622.000 100688.000 0 0 1.748 230.240 402.521 20.062 0 1 1 210 0 0
 2266 190617.000 101117.000 0 0 2.411 195.475 471.315 21.709 0 1 1 210 0 0
 2267 39075.000 166917.000 0 0 131.528 119.750 15750.547 125.501 0 1 1 210 0 0
 2268 38781.000 166649.000 0 0 108.627 99.778 10838.660 104.108 0 1 1 210 0 0
 2269 190792.000 100660.000 0 0 1.583 217.615 344.670 18.565 0 1 1 210 0 0
 2270 190787.000 101087.000 0 0 2.397 200.195 479.898 21.906 0 1 1 210 0 0
 2271 38924.000 167011.000 0 0 118.851 108.324 12874.541 113.466 0 1 1 210 0 0
 2272 38635.000 166746.000 0 0 111.984 102.955 11529.494 107.375 0 1 1 210 0 0
 2273 190962.000 100642.000 0 0 1.324 187.500 248.416 15.761 0 1 1 210 0 0
 2274 190957.000 101061.000 0 0 2.391 204.931 490.096 22.138 0 1 1 210 0 0
 2275 38773.000 167104.000 0 0 122.231 111.526 13632.006 116.756 0 1 1 210 0 0
 2276 38487.000 166841.000 0 0 51.267 47.180 2418.800 49.181 0 1 1 210 0 0
 2277 191133.000 100614.000 0 0 1.267 187.853 238.110 15.430 0 1 1 210 0 0
 2278 191128.000 101035.000 0 0 2.283 200.946 458.821 21.420 0 1 1 210 0 0
 2279 38625.000 167198.000 0 0 132.080 120.635 15933.580 126.228 0 1 1 210 0 0
 2280 38334.000 166933.000 0 0 60.880 56.089 3414.760 58.435 0 1 1 210 0 0
 2281 191303.000 100576.000 0 0 1.187 188.202 223.491 14.949 0 1 1 210 0 0
 2282 191299.000 100992.000 0 0 2.140 196.947 421.650 20.534 0 1 1 210 0 0
 2283 38483.000 167299.000 0 0 129.037 117.950 15220.104 123.369 0 1 1 210 0 0
 2284 38205.000 167045.000 0 0 83.568 77.025 6436.925 80.230 0 1 1 210 0 0
 2285 191474.000 100549.000 0 0 1.158 192.939 223.608 14.953 0 1 1 210 0 0
 2286 191468.000 100952.000 0 0 1.826 175.389 320.396 17.899 0 1 1 210 0 0
 2287 38339.000 167398.000 0 0 129.227 118.226 15278.099 123.604 0 1 1 210 0 0
 2288 38123.000 167199.000 0 0 25.762 23.722 611.158 24.721 0 1 1 210 0 0
 2289 38055.000 167136.000 0 0 90.117 83.149 7493.240 86.563 0 1 1 210 0 0
 2290 191643.000 100513.000 0 0 1.058 188.903 199.929 14.139 0 1 1 210 0 0
 2291 191639.000 100920.000 0 0 1.852 184.502 341.841 18.488 0 1 1 210 0 0
 2292 38189.000 167490.000 0 0 122.934 112.589 13841.213 117.648 0 1 1 210 0 0
 2293 37931.000 167255.000 0 0 100.266 92.534 9278.162 96.323 0 1 1 210 0 0
 2294 191814.000 100356.000 0 0 0.085 22.006 1.878 1.370 0 1 1 210 0 0
 2295 191813.000 100482.000 0 0 1.155 220.063 254.250 15.945 0 1 1 210 0 0
 2296 191810.000 100888.000 0 0 1.831 189.248 346.646 18.618 0 1 1 210 0 0
 2297 38125.000 167663.000 0 0 16.212 14.826 240.372 15.503 0 1 1 210 0 0
 2298 38045.000 167590.000 0 0 116.638 106.914 12470.335 111.670 0 1 1 210 0 0
 2299 37797.000 167361.000 0 0 9.684 8.942 86.605 9.306 0 1 1 210 0 0
 2300 37759.000 167329.000 0 0 51.640 47.738 2465.283 49.651 0 1 1 210 0 0
 2301 191984.000 100433.000 0 0 1.059 224.883 238.301 15.437 0 1 1 210 0 0
 2302 191981.000 100851.000 0 0 1.755 189.599 332.899 18.245 0 1 1 210 0 0
 2303 37899.000 167686.000 0 0 120.048 110.143 13222.522 114.989 0 1 1 210 0 0
 2304 37615.000 167426.000 0 0 51.715 47.849 2474.544 49.744 0 1 1 210 0 0
 2305 192155.000 100393.000 0 0 0.962 225.299 216.825 14.724 0 1 1 210 0 0
 2306 192150.000 100821.000 0 0 1.694 189.948 321.831 17.939 0 1 1 210 0 0
 2307 37755.000 167784.000 0 0 116.974 107.416 12564.947 112.093 0 1 1 210 0 0
 2308 37471.000 167524.000 0 0 51.790 47.959 2483.876 49.838 0 1 1 210 0 0
 2309 192325.000 100359.000 0 0 0.879 225.715 198.578 14.091 0 1 1 210 0 0
 2310 192321.000 100796.000 0 0 1.679 194.726 327.082 18.085 0 1 1 210 0 0
 2311 37612.000 167884.000 0 0 120.399 110.652 13322.507 115.423 0 1 1 210 0 0
 2312 37327.000 167624.000 0 0 42.145 39.059 1646.186 40.573 0 1 1 210 0 0
 2313 192495.000 100340.000 0 0 0.718 195.093 140.133 11.837 0 1 1 210 0 0
 2314 192491.000 100766.000 0 0 1.616 195.085 315.416 17.759 0 1 1 210 0 0
 2315 37462.000 167977.000 0 0 110.792 101.926 11292.704 106.267 0 1 1 210 0 0
 2316 37181.000 167720.000 0 0 38.959 36.140 1408.031 37.523 0 1 1 210 0 0
 2317 192666.000 100317.000 0 0 0.623 182.127 113.495 10.653 0 1 1 210 0 0
 2318 192662.000 100739.000 0 0 1.596 199.889 319.058 17.862 0 1 1 210 0 0
 2319 37318.000 168076.000 0 0 110.953 102.161 11335.105 106.466 0 1 1 210 0 0
 2320 37038.000 167821.000 0 0 32.517 30.187 981.641 31.331 0 1 1 210 0 0
 2321 192836.000 100285.000 0 0 0.574 186.912 107.423 10.364 0 1 1 210 0 0
 2322 192832.000 100705.000 0 0 1.589 209.154 332.488 18.234 0 1 1 210 0 0
 2323 37174.000 168174.000 0 0 111.112 102.397 11377.605 106.665 0 1 1 210 0 0
 2324 193006.000 100259.000 0 0 0.572 205.088 117.376 10.834 0 1 1 210 0 0
 2325 193002.000 100678.000 0 0 1.562 213.996 334.336 18.284 0 1 1 210 0 0
 2326 37029.000 168273.000 0 0 111.274 102.632 11420.394 106.866 0 1 1 210 0 0
 2327 193176.000 100225.000 0 0 0.518 214.396 111.095 10.540 0 1 1 210 0 0
 2328 193172.000 100644.000 0 0 1.482 214.387 317.780 17.826 0 1 1 210 0 0
 2329 36884.000 168369.000 0 0 111.431 102.868 11462.804 107.064 0 1 1 210 0 0
 2330 193346.000 100187.000 0 0 0.385 192.414 74.250 8.616 0 1 1 210 0 0
 2331 193343.000 100604.000 0 0 1.361 210.307 286.265 16.919 0 1 1 210 0 0
 2332 36738.000 168467.000 0 0 114.871 106.139 12192.355 110.418 0 1 1 210 0 0
 2333 193516.000 100154.000 0 0 0.310 188.282 58.431 7.644 0 1 1 210 0 0
 2334 193514.000 100578.000 0 0 1.413 228.621 323.235 17.978 0 1 1 210 0 0
 2335 36598.000 168568.000 0 0 111.755 103.334 11548.205 107.462 0 1 1 210 0 0
 2336 193686.000 100122.000 0 0 0.239 184.133 44.176 6.646 0 1 1 210 0 0
 2337 193683.000 100517.000 0 0 1.115 202.090 225.400 15.013 0 1 1 210 0 0
 2338 36453.000 168666.000 0 0 111.915 103.571 11591.308 107.662 0 1 1 210 0 0
 2339 193857.000 100095.000 0 0 0.197 193.468 38.173 6.178 0 1 1 210 0 0
 2340 193853.000 100491.000 0 0 1.013 193.459 196.088 14.003 0 1 1 210 0 0
 2341 36308.000 168765.000 0 0 112.076 103.808 11634.471 107.863 0 1 1 210 0 0
 2342 194027.000 100066.000 0 0 0.134 189.311 25.403 5.040 0 1 1 210 0 0
 2343 194024.000 100467.000 0 0 0.851 171.275 145.900 12.078 0 1 1 210 0 0
 2344 36165.000 168865.000 0 0 105.638 97.922 10344.383 101.707 0 1 1 210 0 0
 2345 194196.000 100040.000 0 0 0.090 207.713 18.713 4.325 0 1 1 210 0 0
 2346 194194.000 100449.000 0 0 0.925 194.162 179.733 13.406 0 1 1 210 0 0
 2347 36022.000 168964.000 0 0 115.705 107.339 12419.804 111.444 0 1 1 210 0 0
 2348 194367.000 100005.000 0 0 0.010 189.995 1.920 1.385 0 1 1 210 0 0
 2349 194364.000 100427.000 0 0 0.962 212.607 204.683 14.306 0 1 1 210 0 0
 2350 35876.000 169062.000 0 0 109.250 101.439 11082.230 105.272 0 1 1 210 0 0
 2351 194536.000 99972.000 0 0 0.058 194.867 11.466 3.386 0 1 1 210 0 0
 2352 194535.000 100390.000 0 0 0.899 217.522 195.581 13.985 0 1 1 210 0 0
 2353 35808.000 169229.000 0 0 16.588 15.381 255.146 15.973 0 1 1 210 0 0
 2354 35737.000 169163.000 0 0 106.095 98.579 10458.904 102.268 0 1 1 210 0 0
 2355 194707.000 99938.000 0 0 0.126 190.680 24.055 4.904 0 1 1 210 0 0
 2356 194705.000 100364.000 0 0 0.803 208.834 167.814 12.954 0 1 1 210 0 0
 2357 35694.000 169356.000 0 0 13.294 12.326 163.882 12.801 0 1 1 210 0 0
 2358 35592.000 169262.000 0 0 109.567 101.888 11163.579 105.657 0 1 1 210 0 0
 2359 194877.000 99904.000 0 0 0.208 204.666 42.678 6.532 0 1 1 210 0 0
 2360 194875.000 100333.000 0 0 0.766 218.305 167.347 12.936 0 1 1 210 0 0
 2361 35449.000 169360.000 0 0 106.397 99.021 10535.618 102.643 0 1 1 210 0 0
 2362 35305.000 169458.000 0 0 109.876 102.342 11245.059 106.042 0 1 1 210 0 0;
ProcessEquipmentIDList 1
  "6632" ;
SummarySpec 5
  TESTNO    NDEFECT    DEFDENSITY    NDIE    NDEFDIE  ;
SummaryList 
  1    2362    8.636    1    1  ;
EndOfFile;
