FileVersion 1 2;
FileTimestamp 01-07-26 22:59:20;
InspectionStationID "KLA-Tencor" "SFSSP1" "0901-0728-TBI";
SampleType WAFER;
ResultTimestamp 01-07-26 22:52:04;
LotID "2580";
SampleSize 1 200;
DeviceID "None";
SetupID "T2-2580NR" 01-07-26 22:52:04;
StepID "6545";
SampleOrientationMarkType NOTCH;
OrientationMarkLocation DOWN;
DiePitch 200000 200000;
DieOrigin 0 0;
WaferID "12";
Slot 12;
SampleCenterLocation 100000 100000;
ClassLookup 1
  0 "0"  ;
OrientationInstructions "Front";
CoordinatesMirrored No;
InspectionTest 1;
SampleTestPlan 1
  0 0 ;
AreaPerTest 2.73516e+010;
ClusterClassificationList 35
  26 200 
  11 200 
  13 200 
  15 200 
  27 210 
  21 200 
  25 200 
  7 200 
  16 200 
  20 200 
  12 200 
  32 200 
  19 200 
  22 200 
  9 200 
  18 200 
  34 200 
  6 200 
  30 200 
  5 200 
  24 200 
  23 200 
  28 200 
  17 200 
  35 200 
  33 210 
  31 200 
  10 200 
  2 200 
  14 200 
  8 200 
  3 200 
  4 200 
  1 210 
  29 200 ;
DefectRecordSpec 15 DEFECTID XREL YREL XINDEX YINDEX XSIZE YSIZE DEFECTAREA DSIZE CLASSNUMBER TEST CLUSTERNUMBER ROUGHBINNUMBER FINEBINNUMBER REVIEWSAMPLE ;
DefectList
 1 97154.000 99878.000 0 0 0.000 0.000 0.000 0.159 0 1 0 0 0 0
 2 106556.000 101775.000 0 0 0.000 0.000 0.000 0.156 0 1 0 0 0 0
 3 93233.000 96414.000 0 0 0.000 0.000 0.000 0.141 0 1 0 0 0 0
 4 104889.000 106905.000 0 0 0.000 0.000 0.000 0.136 0 1 0 0 0 0
 5 107684.000 103587.000 0 0 0.000 0.000 0.000 0.143 0 1 0 0 0 0
 6 91638.000 97348.000 0 0 0.000 0.000 0.000 0.140 0 1 0 0 0 0
 7 98025.000 90260.000 0 0 0.000 0.000 0.000 0.157 0 1 0 0 0 0
 8 107520.000 108195.000 0 0 0.000 0.000 0.000 0.132 0 1 0 0 0 0
 9 95438.000 110515.000 0 0 0.000 0.000 0.000 0.141 0 1 0 0 0 0
 10 91710.000 92250.000 0 0 0.000 0.000 0.000 0.143 0 1 0 0 0 0
 11 107719.000 109328.000 0 0 0.000 0.000 0.000 0.131 0 1 0 0 0 0
 12 92228.000 109281.000 0 0 0.000 0.000 0.000 0.134 0 1 0 0 0 0
 13 91479.000 110874.000 0 0 0.000 0.000 0.000 0.151 0 1 0 0 0 0
 14 111445.000 91561.000 0 0 0.000 0.000 0.000 0.133 0 1 0 0 0 0
 15 95056.000 86492.000 0 0 0.000 0.000 0.000 0.138 0 1 0 0 0 0
 16 85301.000 102736.000 0 0 0.000 0.000 0.000 0.141 0 1 0 0 0 0
 17 85245.000 102544.000 0 0 0.000 0.000 0.000 0.132 0 1 0 0 0 0
 18 93426.000 86749.000 0 0 0.000 0.000 0.000 0.143 0 1 0 0 0 0
 19 111604.000 90636.000 0 0 0.000 0.000 0.000 0.141 0 1 0 0 0 0
 20 113976.000 105873.000 0 0 0.000 0.000 0.000 0.144 0 1 0 0 0 0
 21 93098.000 113843.000 0 0 0.000 0.000 0.000 0.137 0 1 0 0 0 0
 22 96246.000 115576.000 0 0 0.000 0.000 0.000 0.134 0 1 0 0 0 0
 23 110003.000 113373.000 0 0 0.000 0.000 0.000 0.142 0 1 0 0 0 0
 24 103763.000 84103.000 0 0 0.000 0.000 0.000 0.134 0 1 0 0 0 0
 25 109758.000 85867.000 0 0 0.000 0.000 0.000 0.143 0 1 0 0 0 0
 26 89310.000 114495.000 0 0 0.000 0.000 0.000 0.136 0 1 0 0 0 0
 27 109000.000 115873.000 0 0 0.000 0.000 0.000 0.151 0 1 0 0 0 0
 28 85069.000 110822.000 0 0 0.000 0.000 0.000 0.143 0 1 0 0 0 0
 29 114380.000 88927.000 0 0 0.000 0.000 0.000 0.133 0 1 0 0 0 0
 30 116263.000 91460.000 0 0 0.000 0.000 0.000 0.134 0 1 0 0 0 0
 31 87687.000 86059.000 0 0 0.000 0.000 0.000 0.130 0 1 0 0 0 0
 32 116199.000 109801.000 0 0 0.000 0.000 0.000 0.151 0 1 0 0 0 0
 33 109970.000 116388.000 0 0 0.000 0.000 0.000 0.133 0 1 0 0 0 0
 34 95667.000 118847.000 0 0 0.000 0.000 0.000 0.132 0 1 0 0 0 0
 35 119257.000 98738.000 0 0 0.000 0.000 0.000 0.133 0 1 0 0 0 0
 36 116405.000 110814.000 0 0 0.000 0.000 0.000 0.132 0 1 0 0 0 0
 37 100380.000 119753.000 0 0 0.000 0.000 0.000 0.133 0 1 0 0 0 0
 38 81777.000 107489.000 0 0 0.000 0.000 0.000 0.152 0 1 0 0 0 0
 39 99325.000 120219.000 0 0 0.000 0.000 0.000 0.138 0 1 0 0 0 0
 40 91811.000 118459.000 0 0 0.000 0.000 0.000 0.130 0 1 0 0 0 0
 41 111910.000 83403.000 0 0 0.000 0.000 0.000 0.137 0 1 0 0 0 0
 42 85473.000 116455.000 0 0 0.000 0.000 0.000 0.134 0 1 0 0 0 0
 43 92872.000 78990.000 0 0 0.000 0.000 0.000 0.161 0 1 0 0 0 0
 44 113384.000 118439.000 0 0 0.000 0.000 0.000 0.130 0 1 0 0 0 0
 45 101561.000 77104.000 0 0 0.000 0.000 0.000 0.138 0 1 0 0 0 0
 46 110770.000 79637.000 0 0 0.000 0.000 0.000 0.144 0 1 0 0 0 0
 47 88323.000 80074.000 0 0 0.000 0.000 0.000 0.162 0 1 0 0 0 0
 48 97802.000 123911.000 0 0 0.000 0.000 0.000 0.156 0 1 0 0 0 0
 49 96739.000 76278.000 0 0 0.000 0.000 0.000 0.165 0 1 0 0 0 0
 50 79621.000 86387.000 0 0 0.000 0.000 0.000 0.139 0 1 0 0 0 0
 51 77322.000 110288.000 0 0 0.000 0.000 0.000 0.133 0 1 0 0 0 0
 52 119606.000 115371.000 0 0 0.000 0.000 0.000 0.141 0 1 0 0 0 0
 53 111191.000 77034.000 0 0 0.000 0.000 0.000 0.133 0 1 0 0 0 0
 54 105249.000 125807.000 0 0 0.000 0.000 0.000 0.144 0 1 0 0 0 0
 55 96116.000 126030.000 0 0 0.000 0.000 0.000 0.138 0 1 0 0 0 0
 56 78558.000 85379.000 0 0 0.000 0.000 0.000 0.130 0 1 0 0 0 0
 57 88734.000 124579.000 0 0 0.000 0.000 0.000 0.130 0 1 0 0 0 0
 58 118415.000 80564.000 0 0 0.000 0.000 0.000 0.154 0 1 0 0 0 0
 59 125503.000 91063.000 0 0 0.000 0.000 0.000 0.142 0 1 0 0 0 0
 60 75516.000 112360.000 0 0 0.000 0.000 0.000 0.134 0 1 0 0 0 0
 61 74657.000 110504.000 0 0 0.000 0.000 0.000 0.139 0 1 0 0 0 0
 62 93242.000 126832.000 0 0 0.000 0.000 0.000 0.143 0 1 0 0 0 0
 63 125194.000 111584.000 0 0 0.000 0.000 0.000 0.152 0 1 0 0 0 0
 64 92121.000 126857.000 0 0 0.000 0.000 0.000 0.134 0 1 0 0 0 0
 65 127797.000 99750.000 0 0 0.000 0.000 0.000 0.131 0 1 0 0 0 0
 66 117532.000 122241.000 0 0 0.000 0.000 0.000 0.130 0 1 0 0 0 0
 67 125580.000 112706.000 0 0 0.000 0.000 0.000 0.155 0 1 0 0 0 0
 68 107776.000 128245.000 0 0 0.000 0.000 0.000 0.146 0 1 0 0 0 0
 69 106918.000 129095.000 0 0 0.000 0.000 0.000 0.143 0 1 0 0 0 0
 70 112985.000 127088.000 0 0 0.000 0.000 0.000 0.139 0 1 0 0 0 0
 71 81806.000 124213.000 0 0 0.000 0.000 0.000 0.145 0 1 0 0 0 0
 72 99177.000 69866.000 0 0 0.000 0.000 0.000 0.131 0 1 0 0 0 0
 73 71138.000 112051.000 0 0 0.000 0.000 0.000 0.138 0 1 0 0 0 0
 74 126931.000 116078.000 0 0 0.000 0.000 0.000 0.131 0 1 0 0 0 0
 75 116529.000 126840.000 0 0 0.000 0.000 0.000 0.132 0 1 0 0 0 0
 76 130892.000 105973.000 0 0 0.000 0.000 0.000 0.139 0 1 0 0 0 0
 77 106573.000 131184.000 0 0 0.000 0.000 0.000 0.168 0 1 0 0 0 0
 78 103458.000 68484.000 0 0 0.000 0.000 0.000 0.137 0 1 0 0 0 0
 79 130130.000 110896.000 0 0 0.000 0.000 0.000 0.136 0 1 0 0 0 0
 80 87533.000 70693.000 0 0 0.000 0.000 0.000 0.133 0 1 0 0 0 0
 81 112257.000 70619.000 0 0 0.000 0.000 0.000 0.141 0 1 0 0 0 0
 82 123247.000 122471.000 0 0 0.000 0.000 0.000 0.142 0 1 0 0 0 0
 83 119127.000 126067.000 0 0 0.000 0.000 0.000 0.137 0 1 0 0 0 0
 84 68443.000 108373.000 0 0 0.000 0.000 0.000 0.145 0 1 0 0 0 0
 85 132236.000 95963.000 0 0 0.000 0.000 0.000 0.133 0 1 0 0 0 0
 86 132464.000 95587.000 0 0 0.000 0.000 0.000 0.147 0 1 0 0 0 0
 87 81577.000 72970.000 0 0 0.000 0.000 0.000 0.131 0 1 0 0 0 0
 88 67775.000 92606.000 0 0 0.000 0.000 0.000 0.135 0 1 0 0 0 0
 89 71897.000 82256.000 0 0 0.000 0.000 0.000 0.138 0 1 0 0 0 0
 90 126769.000 80317.000 0 0 0.000 0.000 0.000 0.136 0 1 0 0 0 0
 91 116955.000 71233.000 0 0 0.000 0.000 0.000 0.154 0 1 0 0 0 0
 92 128509.000 117984.000 0 0 0.000 0.000 0.000 0.137 0 1 0 0 0 0
 93 108239.000 67599.000 0 0 0.000 0.000 0.000 0.131 0 1 0 0 0 0
 94 123503.000 124455.000 0 0 0.000 0.000 0.000 0.134 0 1 0 0 0 0
 95 105743.000 66622.000 0 0 0.000 0.000 0.000 0.132 0 1 0 0 0 0
 96 69394.000 115513.000 0 0 0.000 0.000 0.000 0.133 0 1 0 0 0 0
 97 69793.000 83890.000 0 0 0.000 0.000 0.000 0.134 0 1 0 0 0 0
 98 129825.000 117469.000 0 0 0.000 0.000 0.000 0.131 0 1 0 0 0 0
 99 88903.000 67404.000 0 0 0.000 0.000 0.000 0.135 0 1 0 0 0 0
 100 120513.000 72288.000 0 0 0.000 0.000 0.000 0.143 0 1 0 0 0 0
 101 109730.000 133686.000 0 0 0.000 0.000 0.000 0.133 0 1 0 0 0 0
 102 121546.000 128030.000 0 0 0.000 0.000 0.000 0.133 0 1 0 0 0 0
 103 99885.000 64595.000 0 0 0.000 0.000 0.000 0.140 0 1 0 0 0 0
 104 105247.000 136377.000 0 0 0.000 0.000 0.000 0.130 0 1 0 0 0 0
 105 130123.000 79223.000 0 0 0.000 0.000 0.000 0.134 0 1 0 0 0 0
 106 63337.000 103305.000 0 0 0.000 0.000 0.000 0.155 0 1 0 0 0 0
 107 100487.000 63282.000 0 0 0.000 0.000 0.000 0.142 0 1 0 0 0 0
 108 80292.000 68671.000 0 0 0.000 0.000 0.000 0.164 0 1 0 0 0 0
 109 85983.000 65127.000 0 0 0.000 0.000 0.000 0.142 0 1 0 0 0 0
 110 84352.000 134879.000 0 0 0.000 0.000 0.000 0.140 0 1 0 0 0 0
 111 73059.000 127119.000 0 0 0.000 0.000 0.000 0.135 0 1 0 0 0 0
 112 66375.000 82483.000 0 0 0.000 0.000 0.000 0.134 0 1 0 0 0 0
 113 133036.000 119246.000 0 0 0.000 0.000 0.000 0.132 0 1 0 0 0 0
 114 119905.000 133804.000 0 0 0.000 0.000 0.000 0.154 0 1 0 0 0 0
 115 111142.000 62750.000 0 0 0.000 0.000 0.000 0.163 0 1 0 0 0 0
 116 111463.000 62617.000 0 0 0.000 0.000 0.000 0.133 0 1 0 0 0 0
 117 115838.000 136745.000 0 0 0.000 0.000 0.000 0.137 0 1 0 0 0 0
 118 87372.000 62298.000 0 0 0.000 0.000 0.000 0.146 0 1 0 0 0 0
 119 140365.000 105317.000 0 0 0.000 0.000 0.000 0.163 0 1 0 0 0 0
 120 135635.000 119869.000 0 0 0.000 0.000 0.000 0.142 0 1 0 0 0 0
 121 71152.000 71161.000 0 0 0.000 0.000 0.000 0.141 0 1 0 0 0 0
 122 131399.000 74146.000 0 0 0.000 0.000 0.000 0.133 0 1 0 0 0 0
 123 62146.000 84255.000 0 0 0.000 0.000 0.000 0.136 0 1 0 0 0 0
 124 89552.000 140269.000 0 0 0.000 0.000 0.000 0.150 0 1 0 0 0 0
 125 136440.000 80773.000 0 0 0.000 0.000 0.000 0.130 0 1 0 0 0 0
 126 128706.000 130190.000 0 0 0.000 0.000 0.000 0.152 0 1 0 0 0 0
 127 107839.000 140914.000 0 0 0.000 0.000 0.000 0.132 0 1 0 0 0 0
 128 64464.000 121822.000 0 0 0.000 0.000 0.000 0.151 0 1 0 0 0 0
 129 61023.000 85855.000 0 0 0.000 0.000 0.000 0.132 0 1 0 0 0 0
 130 58947.000 107734.000 0 0 0.000 0.000 0.000 0.135 0 1 0 0 0 0
 131 126353.000 132918.000 0 0 0.000 0.000 0.000 0.136 0 1 0 0 0 0
 132 115770.000 61240.000 0 0 0.000 0.000 0.000 0.132 0 1 0 0 0 0
 133 81425.000 138416.000 0 0 0.000 0.000 0.000 0.132 0 1 0 0 0 0
 134 78991.000 63314.000 0 0 0.000 0.000 0.000 0.133 0 1 0 0 0 0
 135 90992.000 58092.000 0 0 0.000 0.000 0.000 0.138 0 1 0 0 0 0
 136 123126.000 136633.000 0 0 0.000 0.000 0.000 0.131 0 1 0 0 0 0
 137 97038.000 56865.000 0 0 0.000 0.000 0.000 0.132 0 1 0 0 0 0
 138 111279.000 58341.000 0 0 0.000 0.000 0.000 0.132 0 1 0 0 0 0
 139 74045.000 135562.000 0 0 0.000 0.000 0.000 0.151 0 1 0 0 0 0
 140 56743.000 107059.000 0 0 0.000 0.000 0.000 0.131 0 1 0 0 0 0
 141 119255.000 61034.000 0 0 0.000 0.000 0.000 0.156 0 1 0 0 0 0
 142 70170.000 67795.000 0 0 0.000 0.000 0.000 0.134 0 1 0 0 0 0
 143 129847.000 132521.000 0 0 0.000 0.000 0.000 0.134 0 1 0 0 0 0
 144 95256.000 55876.000 0 0 0.000 0.000 0.000 0.136 0 1 0 0 0 0
 145 95839.000 55760.000 0 0 0.000 0.000 0.000 0.139 0 1 0 0 0 0
 146 110283.000 56796.000 0 0 0.000 0.000 0.000 0.134 0 1 0 0 0 0
 147 55467.000 106726.000 0 0 0.000 0.000 0.000 0.132 0 1 0 0 0 0
 148 137775.000 124793.000 0 0 0.000 0.000 0.000 0.132 0 1 0 0 0 0
 149 144036.000 89565.000 0 0 0.000 0.000 0.000 0.135 0 1 0 0 0 0
 150 83270.000 142547.000 0 0 0.000 0.000 0.000 0.131 0 1 0 0 0 0
 151 61553.000 124949.000 0 0 0.000 0.000 0.000 0.153 0 1 0 0 0 0
 152 57721.000 82929.000 0 0 0.000 0.000 0.000 0.134 0 1 0 0 0 0
 153 138449.000 74894.000 0 0 0.000 0.000 0.000 0.144 0 1 0 0 0 0
 154 54659.000 90970.000 0 0 0.000 0.000 0.000 0.137 0 1 0 0 0 0
 155 114717.000 144908.000 0 0 0.000 0.000 0.000 0.148 0 1 0 0 0 0
 156 144435.000 84383.000 0 0 0.000 0.000 0.000 0.136 0 1 0 0 0 0
 157 108350.000 147120.000 0 0 0.000 0.000 0.000 0.142 0 1 0 0 0 0
 158 62961.000 70179.000 0 0 0.000 0.000 0.000 0.138 0 1 0 0 0 0
 159 72324.000 60962.000 0 0 0.000 0.000 0.000 0.132 0 1 0 0 0 0
 160 134446.000 133825.000 0 0 0.000 0.000 0.000 0.143 0 1 0 0 0 0
 161 108096.000 147657.000 0 0 0.000 0.000 0.000 0.131 0 1 0 0 0 0
 162 58488.000 74793.000 0 0 0.000 0.000 0.000 0.134 0 1 0 0 0 0
 163 98763.000 51304.000 0 0 0.000 0.000 0.000 0.150 0 1 0 0 0 0
 164 140084.000 71926.000 0 0 0.000 0.000 0.000 0.142 0 1 0 0 0 0
 165 131814.000 137811.000 0 0 0.000 0.000 0.000 0.154 0 1 0 0 0 0
 166 103777.000 50946.000 0 0 0.000 0.000 0.000 0.130 0 1 0 0 0 0
 167 144070.000 122657.000 0 0 0.000 0.000 0.000 0.148 0 1 0 0 0 0
 168 51015.000 108610.000 0 0 0.000 0.000 0.000 0.147 0 1 0 0 0 0
 169 72140.000 58762.000 0 0 0.000 0.000 0.000 0.142 0 1 0 0 0 0
 170 116779.000 53043.000 0 0 0.000 0.000 0.000 0.142 0 1 0 0 0 0
 171 145933.000 80114.000 0 0 0.000 0.000 0.000 0.139 0 1 0 0 0 0
 172 53711.000 80405.000 0 0 0.000 0.000 0.000 0.148 0 1 0 0 0 0
 173 49575.000 104947.000 0 0 0.000 0.000 0.000 0.158 0 1 0 0 0 0
 174 52037.000 118395.000 0 0 0.000 0.000 0.000 0.161 0 1 0 0 0 0
 175 133628.000 61474.000 0 0 0.000 0.000 0.000 0.132 0 1 0 0 0 0
 176 68240.000 141145.000 0 0 0.000 0.000 0.000 0.131 0 1 0 0 0 0
 177 108600.000 151765.000 0 0 0.000 0.000 0.000 0.136 0 1 0 0 0 0
 178 152231.000 101035.000 0 0 0.000 0.000 0.000 0.140 0 1 0 0 0 0
 179 141853.000 131768.000 0 0 0.000 0.000 0.000 0.140 0 1 0 0 0 0
 180 152420.000 109034.000 0 0 0.000 0.000 0.000 0.131 0 1 0 0 0 0
 181 104323.000 47027.000 0 0 0.000 0.000 0.000 0.135 0 1 0 0 0 0
 182 139652.000 62642.000 0 0 0.000 0.000 0.000 0.136 0 1 0 0 0 0
 183 106765.000 45252.000 0 0 0.000 0.000 0.000 0.133 0 1 0 0 0 0
 184 121469.000 49018.000 0 0 0.000 0.000 0.000 0.139 0 1 0 0 0 0
 185 96857.000 156032.000 0 0 0.000 0.000 0.000 0.130 0 1 0 0 0 0
 186 46960.000 119136.000 0 0 0.000 0.000 0.000 0.142 0 1 0 0 0 0
 187 114678.000 45943.000 0 0 0.000 0.000 0.000 0.148 0 1 0 0 0 0
 188 46760.000 119121.000 0 0 0.000 0.000 0.000 0.132 0 1 0 0 0 0
 189 63152.000 143259.000 0 0 0.000 0.000 0.000 0.165 0 1 0 0 0 0
 190 46250.000 119665.000 0 0 0.000 0.000 0.000 0.141 0 1 0 0 0 0
 191 83224.000 45758.000 0 0 0.000 0.000 0.000 0.131 0 1 0 0 0 0
 192 145709.000 65501.000 0 0 0.000 0.000 0.000 0.144 0 1 0 0 0 0
 193 51826.000 131871.000 0 0 0.000 0.000 0.000 0.130 0 1 0 0 0 0
 194 87481.000 43939.000 0 0 0.000 0.000 0.000 0.142 0 1 0 0 0 0
 195 92515.000 157773.000 0 0 0.000 0.000 0.000 0.145 0 1 0 0 0 0
 196 157563.000 108765.000 0 0 0.000 0.000 0.000 0.136 0 1 0 0 0 0
 197 43710.000 115910.000 0 0 0.000 0.000 0.000 0.151 0 1 0 0 0 0
 198 85750.000 43159.000 0 0 0.000 0.000 0.000 0.142 0 1 0 0 0 0
 199 143180.000 140177.000 0 0 0.000 0.000 0.000 0.132 0 1 0 0 0 0
 200 110837.000 158107.000 0 0 0.000 0.000 0.000 0.149 0 1 0 0 0 0
 201 49510.000 131108.000 0 0 0.000 0.000 0.000 0.142 0 1 0 0 0 0
 202 155491.000 121243.000 0 0 0.000 0.000 0.000 0.132 0 1 0 0 0 0
 203 39238.000 94130.000 0 0 0.000 0.000 0.000 0.134 0 1 0 0 0 0
 204 137155.000 51879.000 0 0 0.000 0.000 0.000 0.139 0 1 0 0 0 0
 205 151676.000 67850.000 0 0 0.000 0.000 0.000 0.133 0 1 0 0 0 0
 206 129622.000 46593.000 0 0 0.000 0.000 0.000 0.135 0 1 0 0 0 0
 207 53832.000 140917.000 0 0 0.000 0.000 0.000 0.131 0 1 0 0 0 0
 208 85114.000 40468.000 0 0 0.000 0.000 0.000 0.163 0 1 0 0 0 0
 209 128883.000 155213.000 0 0 0.000 0.000 0.000 0.142 0 1 0 0 0 0
 210 58782.000 148019.000 0 0 0.000 0.000 0.000 200000.000 0 1 0 200 0 0
 211 46541.000 133936.000 0 0 0.000 0.000 0.000 0.134 0 1 0 0 0 0
 212 111052.000 38058.000 0 0 0.000 0.000 0.000 0.130 0 1 0 0 0 0
 213 163237.000 94946.000 0 0 0.000 0.000 0.000 0.130 0 1 0 0 0 0
 214 49440.000 139146.000 0 0 0.000 0.000 0.000 0.135 0 1 0 0 0 0
 215 157641.000 72919.000 0 0 0.000 0.000 0.000 0.139 0 1 0 0 0 0
 216 81705.000 161497.000 0 0 0.000 0.000 0.000 0.135 0 1 0 0 0 0
 217 84687.000 38123.000 0 0 0.000 0.000 0.000 0.156 0 1 0 0 0 0
 218 151191.000 139918.000 0 0 0.000 0.000 0.000 0.139 0 1 0 0 0 0
 219 129523.000 42445.000 0 0 0.000 0.000 0.000 0.140 0 1 0 0 0 0
 220 148327.000 57057.000 0 0 0.000 0.000 0.000 0.139 0 1 0 0 0 0
 221 35060.000 114435.000 0 0 0.000 0.000 0.000 0.133 0 1 0 0 0 0
 222 102760.000 33932.000 0 0 0.000 0.000 0.000 0.145 0 1 0 0 0 0
 223 154837.000 61632.000 0 0 0.000 0.000 0.000 0.139 0 1 0 0 0 0
 224 124411.000 37545.000 0 0 0.000 0.000 0.000 0.136 0 1 0 0 0 0
 225 33449.000 89477.000 0 0 0.000 0.000 0.000 0.137 0 1 0 0 0 0
 226 48572.000 56537.000 0 0 0.000 0.000 0.000 0.135 0 1 0 0 0 0
 227 104298.000 32179.000 0 0 0.000 0.000 0.000 0.134 0 1 0 0 0 0
 228 32049.000 108876.000 0 0 0.000 0.000 0.000 0.138 0 1 0 0 0 0
 229 36272.000 127221.000 0 0 0.000 0.000 0.000 0.225 0 1 0 0 0 0
 230 30971.000 103288.000 0 0 0.000 0.000 0.000 0.213 0 1 0 0 0 0
 231 42195.000 139581.000 0 0 0.000 0.000 0.000 0.170 0 1 0 0 0 0
 232 49864.000 149293.000 0 0 0.000 0.000 0.000 0.335 0 1 0 0 0 0
 233 64572.000 39607.000 0 0 0.000 0.000 0.000 0.132 0 1 0 0 0 0
 234 32578.000 122338.000 0 0 0.000 0.000 0.000 200000.000 0 1 0 200 0 0
 235 148191.000 47851.000 0 0 0.000 0.000 0.000 0.140 0 1 0 0 0 0
 236 62450.000 160992.000 0 0 0.000 0.000 0.000 200000.000 0 1 0 200 0 0
 237 29464.000 89642.000 0 0 0.000 0.000 0.000 0.133 0 1 0 0 0 0
 238 39993.000 139108.000 0 0 0.000 0.000 0.000 0.288 0 1 0 0 0 0
 239 148603.000 47683.000 0 0 0.000 0.000 0.000 0.138 0 1 0 0 0 0
 240 32617.000 122379.000 0 0 0.000 0.000 0.000 200000.000 0 1 0 200 0 0
 241 30591.000 118630.000 0 0 0.000 0.000 0.000 200000.000 0 1 0 200 0 0
 242 34282.000 129539.000 0 0 0.000 0.000 0.000 0.140 0 1 0 0 0 0
 243 94881.000 172105.000 0 0 0.000 0.000 0.000 0.136 0 1 0 0 0 0
 244 62526.000 160973.000 0 0 0.000 0.000 0.000 200000.000 0 1 0 200 0 0
 245 32344.000 127169.000 0 0 0.000 0.000 0.000 200000.000 0 1 0 200 0 0
 246 31863.000 125931.000 0 0 0.000 0.000 0.000 200000.000 0 1 0 200 0 0
 247 32509.000 127160.000 0 0 0.000 0.000 0.000 200000.000 0 1 0 200 0 0
 248 59602.000 161393.000 0 0 0.000 0.000 0.000 200000.000 0 1 0 200 0 0
 249 46470.000 150343.000 0 0 0.000 0.000 0.000 0.255 0 1 0 0 0 0
 250 60720.000 162518.000 0 0 0.000 0.000 0.000 200000.000 0 1 0 200 0 0
 251 41503.000 144697.000 0 0 0.000 0.000 0.000 0.421 0 1 0 0 0 0
 252 59323.000 161657.000 0 0 0.000 0.000 0.000 200000.000 0 1 0 200 0 0
 253 74372.000 169613.000 0 0 0.000 0.000 0.000 200000.000 0 1 0 200 0 0
 254 51653.000 156462.000 0 0 0.000 0.000 0.000 200000.000 0 1 0 200 0 0
 255 33308.000 131126.000 0 0 0.000 0.000 0.000 200000.000 0 1 0 200 0 0
 256 51694.000 156497.000 0 0 0.000 0.000 0.000 200000.000 0 1 0 200 0 0
 257 50979.000 156555.000 0 0 0.000 0.000 0.000 200000.000 0 1 0 200 0 0
 258 139619.000 163038.000 0 0 0.000 0.000 0.000 0.140 0 1 0 0 0 0
 259 65147.000 165960.000 0 0 0.000 0.000 0.000 0.279 0 1 0 0 0 0
 260 36291.000 138601.000 0 0 0.000 0.000 0.000 0.140 0 1 0 0 0 0
 261 55453.000 159716.000 0 0 0.000 0.000 0.000 0.250 0 1 0 0 0 0
 262 41908.000 146712.000 0 0 0.000 0.000 0.000 0.278 0 1 0 0 0 0
 263 47920.000 153670.000 0 0 0.000 0.000 0.000 0.353 0 1 0 0 0 0
 264 47219.000 153168.000 0 0 0.000 0.000 0.000 0.260 0 1 0 0 0 0
 265 43307.000 149600.000 0 0 0.000 0.000 0.000 200000.000 0 1 0 200 0 0
 266 42544.000 148991.000 0 0 0.000 0.000 0.000 200000.000 0 1 0 200 0 0
 267 51214.000 156295.000 0 0 0.000 0.000 0.000 200000.000 0 1 0 200 0 0
 268 54158.000 160411.000 0 0 0.000 0.000 0.000 0.134 0 1 0 0 0 0
 269 65361.000 167367.000 0 0 0.000 0.000 0.000 0.205 0 1 0 0 0 0
 270 59135.000 163799.000 0 0 0.000 0.000 0.000 0.313 0 1 0 0 0 0
 271 56590.000 162289.000 0 0 0.000 0.000 0.000 0.243 0 1 0 0 0 0
 272 41122.000 147895.000 0 0 0.000 0.000 0.000 0.305 0 1 0 0 0 0
 273 27592.000 122937.000 0 0 0.000 0.000 0.000 200000.000 0 1 0 200 0 0
 274 73573.000 171310.000 0 0 0.000 0.000 0.000 200000.000 0 1 0 200 0 0
 275 28770.000 126845.000 0 0 0.000 0.000 0.000 200000.000 0 1 0 200 0 0
 276 28739.000 126798.000 0 0 0.000 0.000 0.000 200000.000 0 1 0 200 0 0
 277 130170.000 30566.000 0 0 0.000 0.000 0.000 0.132 0 1 0 0 0 0
 278 74722.000 171898.000 0 0 0.000 0.000 0.000 0.240 0 1 0 0 0 0
 279 53824.000 160838.000 0 0 0.000 0.000 0.000 200000.000 0 1 0 200 0 0
 280 53878.000 160858.000 0 0 0.000 0.000 0.000 200000.000 0 1 0 200 0 0
 281 28461.000 126668.000 0 0 0.000 0.000 0.000 200000.000 0 1 0 200 0 0
 282 27833.000 124721.000 0 0 0.000 0.000 0.000 0.259 0 1 0 0 0 0
 283 25644.000 82998.000 0 0 0.000 0.000 0.000 0.154 0 1 0 0 0 0
 284 79996.000 174011.000 0 0 0.000 0.000 0.000 0.238 0 1 0 0 0 0
 285 67443.000 169247.000 0 0 0.000 0.000 0.000 0.201 0 1 0 0 0 0
 286 48576.000 156670.000 0 0 0.000 0.000 0.000 200000.000 0 1 0 200 0 0
 287 60777.000 166338.000 0 0 0.000 0.000 0.000 200000.000 0 1 0 200 0 0
 288 60860.000 166308.000 0 0 0.000 0.000 0.000 200000.000 0 1 0 200 0 0
 289 39737.000 147702.000 0 0 0.000 0.000 0.000 0.413 0 1 0 0 0 0
 290 42892.000 151861.000 0 0 0.000 0.000 0.000 200000.000 0 1 0 200 0 0
 291 52095.000 160712.000 0 0 0.000 0.000 0.000 0.246 0 1 0 0 0 0
 292 33560.000 139336.000 0 0 0.000 0.000 0.000 0.215 0 1 0 0 0 0
 293 70367.000 171479.000 0 0 0.000 0.000 0.000 0.280 0 1 0 0 0 0
 294 65650.000 169432.000 0 0 0.000 0.000 0.000 0.213 0 1 0 0 0 0
 295 54944.000 162934.000 0 0 0.000 0.000 0.000 200000.000 0 1 0 200 0 0
 296 44522.000 154190.000 0 0 52.000 52.000 2704.000 52.000 0 1 26 200 0 0
 297 29944.000 133377.000 0 0 0.000 0.000 0.000 200000.000 0 1 0 200 0 0
 298 77185.000 174278.000 0 0 0.000 0.000 0.000 0.262 0 1 0 0 0 0
 299 33763.000 141261.000 0 0 0.000 0.000 0.000 200000.000 0 1 0 200 0 0
 300 32583.000 139292.000 0 0 0.000 0.000 0.000 200000.000 0 1 0 200 0 0
 301 25516.000 123079.000 0 0 54.000 38.000 2052.000 45.299 0 1 11 200 0 0
 302 63689.000 169113.000 0 0 0.000 0.000 0.000 0.353 0 1 0 0 0 0
 303 63470.000 169016.000 0 0 0.000 0.000 0.000 200000.000 0 1 0 200 0 0
 304 44239.000 154767.000 0 0 52.000 52.000 2704.000 52.000 0 1 26 200 0 0
 305 30073.000 134867.000 0 0 0.000 0.000 0.000 0.223 0 1 0 0 0 0
 306 29015.000 132364.000 0 0 0.000 0.000 0.000 200000.000 0 1 0 200 0 0
 307 24183.000 118033.000 0 0 0.000 0.000 0.000 0.467 0 1 0 0 0 0
 308 30757.000 136234.000 0 0 0.000 0.000 0.000 0.279 0 1 0 0 0 0
 309 25530.000 123885.000 0 0 54.000 38.000 2052.000 45.299 0 1 11 200 0 0
 310 65440.000 170474.000 0 0 0.000 0.000 0.000 0.250 0 1 0 0 0 0
 311 48082.000 158762.000 0 0 0.000 0.000 0.000 200000.000 0 1 0 200 0 0
 312 30732.000 136844.000 0 0 0.000 0.000 0.000 200000.000 0 1 0 200 0 0
 313 21656.000 100710.000 0 0 0.000 0.000 0.000 0.293 0 1 0 0 0 0
 314 53825.000 163616.000 0 0 0.000 0.000 0.000 0.217 0 1 0 0 0 0
 315 24852.000 123279.000 0 0 54.000 38.000 2052.000 45.299 0 1 11 200 0 0
 316 23495.000 118288.000 0 0 0.000 0.000 0.000 200000.000 0 1 0 200 0 0
 317 43589.000 155182.000 0 0 52.000 52.000 2704.000 52.000 0 1 26 200 0 0
 318 29133.000 134327.000 0 0 0.000 0.000 0.000 200000.000 0 1 0 200 0 0
 319 25513.000 125337.000 0 0 0.000 0.000 0.000 200000.000 0 1 0 200 0 0
 320 73206.000 174384.000 0 0 0.000 0.000 0.000 0.260 0 1 0 0 0 0
 321 48043.000 158727.000 0 0 0.000 0.000 0.000 200000.000 0 1 0 200 0 0
 322 71890.000 173804.000 0 0 0.000 0.000 0.000 0.369 0 1 0 0 0 0
 323 50594.000 161768.000 0 0 0.000 0.000 0.000 200000.000 0 1 0 200 0 0
 324 41901.000 153372.000 0 0 0.000 0.000 0.000 0.478 0 1 0 0 0 0
 325 24437.000 123667.000 0 0 54.000 38.000 2052.000 45.299 0 1 11 200 0 0
 326 21058.000 101432.000 0 0 0.000 0.000 0.000 200000.000 0 1 0 200 0 0
 327 72722.000 174439.000 0 0 0.000 0.000 0.000 200000.000 0 1 0 200 0 0
 328 72672.000 174422.000 0 0 0.000 0.000 0.000 200000.000 0 1 0 200 0 0
 329 62829.000 169764.000 0 0 0.000 0.000 0.000 0.326 0 1 0 0 0 0
 330 58936.000 167702.000 0 0 0.000 0.000 0.000 0.368 0 1 0 0 0 0
 331 43448.000 155525.000 0 0 52.000 52.000 2704.000 52.000 0 1 26 200 0 0
 332 42777.000 154830.000 0 0 54.000 52.000 2808.000 52.990 0 1 26 200 0 0
 333 33459.000 142690.000 0 0 0.000 0.000 0.000 200000.000 0 1 0 200 0 0
 334 26748.000 129748.000 0 0 0.000 0.000 0.000 200000.000 0 1 0 200 0 0
 335 24375.000 122997.000 0 0 54.000 38.000 2052.000 45.299 0 1 11 200 0 0
 336 25024.000 123276.000 0 0 54.000 38.000 2052.000 45.299 0 1 11 200 0 0
 337 74913.000 175223.000 0 0 0.000 0.000 0.000 0.239 0 1 0 0 0 0
 338 42822.000 154877.000 0 0 54.000 52.000 2808.000 52.990 0 1 26 200 0 0
 339 24346.000 123997.000 0 0 54.000 38.000 2052.000 45.299 0 1 11 200 0 0
 340 35108.000 146155.000 0 0 0.000 0.000 0.000 0.252 0 1 0 0 0 0
 341 24775.000 125896.000 0 0 0.000 0.000 0.000 0.210 0 1 0 0 0 0
 342 26568.000 131151.000 0 0 0.000 0.000 0.000 200000.000 0 1 0 200 0 0
 343 85150.000 179085.000 0 0 0.000 0.000 0.000 200000.000 0 1 0 200 0 0
 344 66452.000 172955.000 0 0 0.000 0.000 0.000 200000.000 0 1 0 200 0 0
 345 53065.000 165228.000 0 0 0.000 0.000 0.000 0.253 0 1 0 0 0 0
 346 39119.000 152571.000 0 0 0.000 0.000 0.000 200000.000 0 1 0 200 0 0
 347 46570.000 158886.000 0 0 0.000 0.000 0.000 200000.000 0 1 0 200 0 0
 348 80216.000 178047.000 0 0 0.000 0.000 0.000 0.344 0 1 0 0 0 0
 349 64925.000 172402.000 0 0 0.000 0.000 0.000 0.346 0 1 0 0 0 0
 350 49427.000 162792.000 0 0 0.000 0.000 0.000 200000.000 0 1 0 200 0 0
 351 48748.000 162458.000 0 0 0.000 0.000 0.000 200000.000 0 1 0 200 0 0
 352 39369.000 153200.000 0 0 0.000 0.000 0.000 0.303 0 1 0 0 0 0
 353 29250.000 138547.000 0 0 0.000 0.000 0.000 0.211 0 1 0 0 0 0
 354 26242.000 132830.000 0 0 0.000 0.000 0.000 200000.000 0 1 0 200 0 0
 355 54656.000 167084.000 0 0 0.000 0.000 0.000 200000.000 0 1 0 200 0 0
 356 35213.000 148799.000 0 0 0.000 0.000 0.000 200000.000 0 1 0 200 0 0
 357 41676.000 155812.000 0 0 0.000 0.000 0.000 0.130 0 1 0 0 0 0
 358 20504.000 113836.000 0 0 0.000 0.000 0.000 0.481 0 1 0 0 0 0
 359 34181.000 147391.000 0 0 0.000 0.000 0.000 200000.000 0 1 0 200 0 0
 360 66403.000 172932.000 0 0 0.000 0.000 0.000 200000.000 0 1 0 200 0 0
 361 22297.000 123052.000 0 0 0.000 0.000 0.000 200000.000 0 1 0 200 0 0
 362 78789.000 178283.000 0 0 0.000 0.000 0.000 0.260 0 1 0 0 0 0
 363 54673.000 167399.000 0 0 0.000 0.000 0.000 0.330 0 1 0 0 0 0
 364 32285.000 143179.000 0 0 0.000 0.000 0.000 200000.000 0 1 0 200 0 0
 365 97892.000 19252.000 0 0 0.000 0.000 0.000 0.140 0 1 0 0 0 0
 366 114515.000 180154.000 0 0 0.000 0.000 0.000 200000.000 0 1 0 200 0 0
 367 56670.000 169007.000 0 0 0.000 0.000 0.000 200000.000 0 1 0 200 0 0
 368 48044.000 162538.000 0 0 0.000 0.000 0.000 200000.000 0 1 0 200 0 0
 369 43790.000 158736.000 0 0 0.000 0.000 0.000 0.247 0 1 0 0 0 0
 370 31039.000 143298.000 0 0 0.000 0.000 0.000 200000.000 0 1 0 200 0 0
 371 31004.000 143260.000 0 0 0.000 0.000 0.000 200000.000 0 1 0 200 0 0
 372 42616.000 157102.000 0 0 52.000 52.000 2704.000 52.000 0 1 26 200 0 0
 373 77091.000 178300.000 0 0 0.000 0.000 0.000 0.205 0 1 0 0 0 0
 374 66193.000 174244.000 0 0 0.000 0.000 0.000 0.208 0 1 0 0 0 0
 375 58722.000 170651.000 0 0 0.000 0.000 0.000 200000.000 0 1 0 200 0 0
 376 50443.000 164785.000 0 0 0.000 0.000 0.000 200000.000 0 1 0 200 0 0
 377 38071.000 153102.000 0 0 0.000 0.000 0.000 0.229 0 1 0 0 0 0
 378 27770.000 138684.000 0 0 0.000 0.000 0.000 200000.000 0 1 0 200 0 0
 379 26875.000 136190.000 0 0 0.000 0.000 0.000 200000.000 0 1 0 200 0 0
 380 26380.000 134771.000 0 0 0.000 0.000 0.000 200000.000 0 1 0 200 0 0
 381 18646.000 105126.000 0 0 0.000 0.000 0.000 200000.000 0 1 0 200 0 0
 382 145135.000 168012.000 0 0 0.000 0.000 0.000 0.130 0 1 0 0 0 0
 383 77958.000 178703.000 0 0 0.000 0.000 0.000 0.256 0 1 0 0 0 0
 384 71888.000 176793.000 0 0 0.000 0.000 0.000 0.241 0 1 0 0 0 0
 385 55764.000 168723.000 0 0 0.000 0.000 0.000 0.261 0 1 0 0 0 0
 386 32599.000 146273.000 0 0 0.000 0.000 0.000 0.227 0 1 0 0 0 0
 387 25761.000 133918.000 0 0 0.000 0.000 0.000 200000.000 0 1 0 200 0 0
 388 21074.000 120394.000 0 0 0.000 0.000 0.000 0.442 0 1 0 0 0 0
 389 60356.000 171776.000 0 0 0.000 0.000 0.000 200000.000 0 1 0 200 0 0
 390 37701.000 153269.000 0 0 0.000 0.000 0.000 200000.000 0 1 0 200 0 0
 391 36694.000 152063.000 0 0 0.000 0.000 0.000 200000.000 0 1 0 200 0 0
 392 28813.000 140184.000 0 0 0.000 0.000 0.000 0.348 0 1 0 0 0 0
 393 24568.000 131954.000 0 0 0.000 0.000 0.000 200000.000 0 1 0 200 0 0
 394 21639.000 123491.000 0 0 0.000 0.000 0.000 0.384 0 1 0 0 0 0
 395 36641.000 150721.000 0 0 0.000 0.000 0.000 200000.000 0 1 0 200 0 0
 396 26134.000 133463.000 0 0 0.000 0.000 0.000 200000.000 0 1 0 200 0 0
 397 39478.000 155324.000 0 0 0.000 0.000 0.000 0.494 0 1 0 0 0 0
 398 36060.000 151144.000 0 0 0.000 0.000 0.000 0.222 0 1 0 0 0 0
 399 33792.000 148593.000 0 0 0.000 0.000 0.000 200000.000 0 1 0 200 0 0
 400 30203.000 143583.000 0 0 0.000 0.000 0.000 200000.000 0 1 0 200 0 0
 401 23075.000 128290.000 0 0 0.000 0.000 0.000 200000.000 0 1 0 200 0 0
 402 20880.000 121794.000 0 0 0.000 0.000 0.000 200000.000 0 1 0 200 0 0
 403 20066.000 117816.000 0 0 0.000 0.000 0.000 0.460 0 1 0 0 0 0
 404 21002.000 119548.000 0 0 0.000 0.000 0.000 200000.000 0 1 0 200 0 0
 405 42330.000 157206.000 0 0 52.000 52.000 2704.000 52.000 0 1 26 200 0 0
 406 40215.000 156531.000 0 0 0.000 0.000 0.000 200000.000 0 1 0 200 0 0
 407 30331.000 143569.000 0 0 0.000 0.000 0.000 200000.000 0 1 0 200 0 0
 408 68239.000 176152.000 0 0 0.000 0.000 0.000 200000.000 0 1 0 200 0 0
 409 92459.000 182140.000 0 0 0.000 0.000 0.000 0.216 0 1 0 0 0 0
 410 25163.000 132910.000 0 0 0.000 0.000 0.000 200000.000 0 1 0 200 0 0
 411 68239.000 176152.000 0 0 0.000 0.000 0.000 200000.000 0 1 0 200 0 0
 412 57817.000 170716.000 0 0 0.000 0.000 0.000 200000.000 0 1 0 200 0 0
 413 54441.000 168566.000 0 0 0.000 0.000 0.000 200000.000 0 1 0 200 0 0
 414 27440.000 139146.000 0 0 0.000 0.000 0.000 200000.000 0 1 0 200 0 0
 415 85270.000 181162.000 0 0 0.000 0.000 0.000 0.275 0 1 0 0 0 0
 416 73303.000 178139.000 0 0 0.000 0.000 0.000 0.228 0 1 0 0 0 0
 417 54018.000 168704.000 0 0 0.000 0.000 0.000 200000.000 0 1 0 200 0 0
 418 20046.000 121311.000 0 0 0.000 0.000 0.000 200000.000 0 1 0 200 0 0
 419 19903.000 120065.000 0 0 0.000 0.000 0.000 200000.000 0 1 0 200 0 0
 420 19890.000 120011.000 0 0 0.000 0.000 0.000 200000.000 0 1 0 200 0 0
 421 53131.000 168515.000 0 0 0.000 0.000 0.000 200000.000 0 1 0 200 0 0
 422 37529.000 153591.000 0 0 0.000 0.000 0.000 200000.000 0 1 0 200 0 0
 423 51219.000 166922.000 0 0 0.000 0.000 0.000 200000.000 0 1 0 200 0 0
 424 47306.000 162825.000 0 0 0.000 0.000 0.000 200000.000 0 1 0 200 0 0
 425 25395.000 135867.000 0 0 0.000 0.000 0.000 200000.000 0 1 0 200 0 0
 426 18632.000 113920.000 0 0 0.000 0.000 0.000 0.230 0 1 0 0 0 0
 427 56215.000 170928.000 0 0 0.000 0.000 0.000 200000.000 0 1 0 200 0 0
 428 32020.000 146678.000 0 0 0.000 0.000 0.000 200000.000 0 1 0 200 0 0
 429 41144.000 158759.000 0 0 0.000 0.000 0.000 200000.000 0 1 0 200 0 0
 430 41314.000 158410.000 0 0 0.000 0.000 0.000 0.345 0 1 0 0 0 0
 431 71591.000 178008.000 0 0 0.000 0.000 0.000 200000.000 0 1 0 200 0 0
 432 71028.000 177801.000 0 0 0.000 0.000 0.000 200000.000 0 1 0 200 0 0
 433 62462.000 174148.000 0 0 0.000 0.000 0.000 0.233 0 1 0 0 0 0
 434 43641.000 161007.000 0 0 0.000 0.000 0.000 0.271 0 1 0 0 0 0
 435 42468.000 159822.000 0 0 0.000 0.000 0.000 200000.000 0 1 0 200 0 0
 436 19859.000 121082.000 0 0 0.000 0.000 0.000 0.339 0 1 0 0 0 0
 437 80153.000 180852.000 0 0 0.000 0.000 0.000 0.222 0 1 0 0 0 0
 438 38313.000 156024.000 0 0 0.000 0.000 0.000 200000.000 0 1 0 200 0 0
 439 26970.000 140063.000 0 0 0.000 0.000 0.000 200000.000 0 1 0 200 0 0
 440 35091.000 150966.000 0 0 0.000 0.000 0.000 200000.000 0 1 0 200 0 0
 441 20724.000 126553.000 0 0 54.000 38.000 2052.000 45.299 0 1 13 200 0 0
 442 20560.000 125502.000 0 0 54.000 38.000 2052.000 45.299 0 1 13 200 0 0
 443 19775.000 122269.000 0 0 0.000 0.000 0.000 200000.000 0 1 0 200 0 0
 444 44233.000 160999.000 0 0 0.000 0.000 0.000 200000.000 0 1 0 200 0 0
 445 22008.000 126891.000 0 0 0.000 0.000 0.000 200000.000 0 1 0 200 0 0
 446 19806.000 122318.000 0 0 0.000 0.000 0.000 200000.000 0 1 0 200 0 0
 447 18463.000 117605.000 0 0 0.000 0.000 0.000 200000.000 0 1 0 200 0 0
 448 75266.000 179777.000 0 0 0.000 0.000 0.000 0.209 0 1 0 0 0 0
 449 40153.000 158235.000 0 0 0.000 0.000 0.000 200000.000 0 1 0 200 0 0
 450 31707.000 148608.000 0 0 0.000 0.000 0.000 200000.000 0 1 0 200 0 0
 451 23178.000 133030.000 0 0 0.000 0.000 0.000 200000.000 0 1 0 200 0 0
 452 18374.000 117996.000 0 0 0.000 0.000 0.000 200000.000 0 1 0 200 0 0
 453 36894.000 155195.000 0 0 0.000 0.000 0.000 200000.000 0 1 0 200 0 0
 454 62381.000 174856.000 0 0 0.000 0.000 0.000 0.247 0 1 0 0 0 0
 455 59601.000 173388.000 0 0 0.000 0.000 0.000 0.296 0 1 0 0 0 0
 456 20449.000 122574.000 0 0 0.000 0.000 0.000 200000.000 0 1 0 200 0 0
 457 28948.000 144222.000 0 0 0.000 0.000 0.000 200000.000 0 1 0 200 0 0
 458 65171.000 176302.000 0 0 0.000 0.000 0.000 0.273 0 1 0 0 0 0
 459 59592.000 173603.000 0 0 0.000 0.000 0.000 0.254 0 1 0 0 0 0
 460 24513.000 134261.000 0 0 0.000 0.000 0.000 200000.000 0 1 0 200 0 0
 461 41947.000 159554.000 0 0 0.000 0.000 0.000 200000.000 0 1 0 200 0 0
 462 21300.000 128946.000 0 0 0.000 0.000 0.000 0.250 0 1 0 0 0 0
 463 20967.000 125381.000 0 0 54.000 38.000 2052.000 45.299 0 1 13 200 0 0
 464 86135.000 182996.000 0 0 0.000 0.000 0.000 0.236 0 1 0 0 0 0
 465 45885.000 164362.000 0 0 0.000 0.000 0.000 0.201 0 1 0 0 0 0
 466 27994.000 143357.000 0 0 0.000 0.000 0.000 200000.000 0 1 0 200 0 0
 467 35102.000 152208.000 0 0 0.000 0.000 0.000 200000.000 0 1 0 200 0 0
 468 22122.000 132716.000 0 0 0.000 0.000 0.000 200000.000 0 1 0 200 0 0
 469 20558.000 127307.000 0 0 54.000 40.000 2160.000 46.475 0 1 13 200 0 0
 470 20276.000 126250.000 0 0 54.000 38.000 2052.000 45.299 0 1 13 200 0 0
 471 16115.000 104219.000 0 0 0.000 0.000 0.000 0.137 0 1 0 0 0 0
 472 84461.000 182867.000 0 0 0.000 0.000 0.000 0.201 0 1 0 0 0 0
 473 22135.000 68669.000 0 0 0.000 0.000 0.000 0.139 0 1 0 0 0 0
 474 83109.000 182518.000 0 0 0.000 0.000 0.000 0.390 0 1 0 0 0 0
 475 82295.000 182361.000 0 0 0.000 0.000 0.000 0.235 0 1 0 0 0 0
 476 16960.000 113217.000 0 0 0.000 0.000 0.000 200000.000 0 1 0 200 0 0
 477 69760.000 178644.000 0 0 0.000 0.000 0.000 0.297 0 1 0 0 0 0
 478 57377.000 172685.000 0 0 0.000 0.000 0.000 0.241 0 1 0 0 0 0
 479 33603.000 152008.000 0 0 0.000 0.000 0.000 200000.000 0 1 0 200 0 0
 480 17127.000 115061.000 0 0 0.000 0.000 0.000 200000.000 0 1 0 200 0 0
 481 17089.000 115015.000 0 0 0.000 0.000 0.000 200000.000 0 1 0 200 0 0
 482 56125.000 172069.000 0 0 0.000 0.000 0.000 200000.000 0 1 0 200 0 0
 483 53750.000 170506.000 0 0 0.000 0.000 0.000 0.375 0 1 0 0 0 0
 484 29787.000 147322.000 0 0 0.000 0.000 0.000 200000.000 0 1 0 200 0 0
 485 23399.000 136022.000 0 0 0.000 0.000 0.000 200000.000 0 1 0 200 0 0
 486 21023.000 129783.000 0 0 56.000 40.000 2240.000 47.328 0 1 15 200 0 0
 487 19509.000 125569.000 0 0 0.000 0.000 0.000 200000.000 0 1 0 200 0 0
 488 19070.000 124131.000 0 0 0.000 0.000 0.000 200000.000 0 1 0 200 0 0
 489 15513.000 103781.000 0 0 0.000 0.000 0.000 200000.000 0 1 0 200 0 0
 490 62359.000 175681.000 0 0 0.000 0.000 0.000 0.134 0 1 0 0 0 0
 491 78930.000 181983.000 0 0 0.000 0.000 0.000 0.271 0 1 0 0 0 0
 492 74841.000 180817.000 0 0 0.000 0.000 0.000 0.452 0 1 0 0 0 0
 493 66858.000 177968.000 0 0 0.000 0.000 0.000 200000.000 0 1 0 200 0 0
 494 64294.000 176826.000 0 0 0.000 0.000 0.000 200000.000 0 1 0 200 0 0
 495 56159.000 172488.000 0 0 0.000 0.000 0.000 200000.000 0 1 0 200 0 0
 496 47768.000 166473.000 0 0 0.000 0.000 0.000 200000.000 0 1 0 200 0 0
 497 29928.000 147291.000 0 0 0.000 0.000 0.000 200000.000 0 1 0 200 0 0
 498 25848.000 141198.000 0 0 0.000 0.000 0.000 200000.000 0 1 0 200 0 0
 499 25525.000 139986.000 0 0 0.000 0.000 0.000 0.269 0 1 0 0 0 0
 500 18052.000 121071.000 0 0 0.000 0.000 0.000 200000.000 0 1 0 200 0 0
 501 15637.000 103832.000 0 0 0.000 0.000 0.000 200000.000 0 1 0 200 0 0
 502 23212.000 133635.000 0 0 0.000 0.000 0.000 200000.000 0 1 0 200 0 0
 503 72587.000 180185.000 0 0 0.000 0.000 0.000 200000.000 0 1 0 200 0 0
 504 35714.000 155121.000 0 0 0.000 0.000 0.000 200000.000 0 1 0 200 0 0
 505 25960.000 141401.000 0 0 0.000 0.000 0.000 200000.000 0 1 0 200 0 0
 506 16446.000 113457.000 0 0 0.000 0.000 0.000 0.371 0 1 0 0 0 0
 507 19699.000 128289.000 0 0 54.000 40.000 2160.000 46.475 0 1 13 200 0 0
 508 61346.000 175692.000 0 0 0.000 0.000 0.000 200000.000 0 1 0 200 0 0
 509 52864.000 170796.000 0 0 0.000 0.000 0.000 200000.000 0 1 0 200 0 0
 510 38105.000 158151.000 0 0 54.000 52.000 2808.000 52.990 0 1 27 210 0 0
 511 37616.000 157779.000 0 0 54.000 50.000 2700.000 51.961 0 1 27 210 0 0
 512 32086.000 151079.000 0 0 0.000 0.000 0.000 0.227 0 1 0 0 0 0
 513 19814.000 127549.000 0 0 54.000 40.000 2160.000 46.475 0 1 13 200 0 0
 514 78121.000 182173.000 0 0 0.000 0.000 0.000 0.358 0 1 0 0 0 0
 515 49922.000 168952.000 0 0 0.000 0.000 0.000 200000.000 0 1 0 200 0 0
 516 28881.000 146569.000 0 0 0.000 0.000 0.000 200000.000 0 1 0 200 0 0
 517 39147.000 159432.000 0 0 0.000 0.000 0.000 0.216 0 1 0 0 0 0
 518 35137.000 155501.000 0 0 0.000 0.000 0.000 200000.000 0 1 0 200 0 0
 519 33587.000 153141.000 0 0 0.000 0.000 0.000 0.281 0 1 0 0 0 0
 520 28985.000 146856.000 0 0 0.000 0.000 0.000 0.261 0 1 0 0 0 0
 521 21804.000 133608.000 0 0 0.000 0.000 0.000 0.238 0 1 0 0 0 0
 522 16173.000 114710.000 0 0 0.000 0.000 0.000 200000.000 0 1 0 200 0 0
 523 79302.000 182765.000 0 0 0.000 0.000 0.000 0.350 0 1 0 0 0 0
 524 65466.000 177968.000 0 0 0.000 0.000 0.000 200000.000 0 1 0 200 0 0
 525 89086.000 183873.000 0 0 0.000 0.000 0.000 200000.000 0 1 0 200 0 0
 526 46579.000 166611.000 0 0 0.000 0.000 0.000 200000.000 0 1 0 200 0 0
 527 37654.000 158199.000 0 0 54.000 52.000 2808.000 52.990 0 1 27 210 0 0
 528 20339.000 129886.000 0 0 56.000 40.000 2240.000 47.328 0 1 15 200 0 0
 529 19455.000 128106.000 0 0 54.000 40.000 2160.000 46.475 0 1 13 200 0 0
 530 16183.000 114766.000 0 0 0.000 0.000 0.000 200000.000 0 1 0 200 0 0
 531 14786.000 102405.000 0 0 0.000 0.000 0.000 200000.000 0 1 0 200 0 0
 532 30014.000 147961.000 0 0 0.000 0.000 0.000 200000.000 0 1 0 200 0 0
 533 33557.000 153630.000 0 0 0.000 0.000 0.000 200000.000 0 1 0 200 0 0
 534 19717.000 129350.000 0 0 56.000 40.000 2240.000 47.328 0 1 15 200 0 0
 535 31519.000 151523.000 0 0 0.000 0.000 0.000 200000.000 0 1 0 200 0 0
 536 30436.000 149518.000 0 0 0.000 0.000 0.000 200000.000 0 1 0 200 0 0
 537 26472.000 143445.000 0 0 0.000 0.000 0.000 0.254 0 1 0 0 0 0
 538 15181.000 111612.000 0 0 0.000 0.000 0.000 200000.000 0 1 0 200 0 0
 539 83329.000 184043.000 0 0 0.000 0.000 0.000 0.136 0 1 0 0 0 0
 540 16768.000 115392.000 0 0 0.000 0.000 0.000 200000.000 0 1 0 200 0 0
 541 60039.000 175608.000 0 0 0.000 0.000 0.000 0.473 0 1 0 0 0 0
 542 46106.000 166885.000 0 0 0.000 0.000 0.000 200000.000 0 1 0 200 0 0
 543 36322.000 157368.000 0 0 54.000 50.000 2700.000 51.961 0 1 27 210 0 0
 544 38583.000 159587.000 0 0 0.000 0.000 0.000 0.200 0 1 0 0 0 0
 545 19850.000 130686.000 0 0 56.000 40.000 2240.000 47.328 0 1 15 200 0 0
 546 33689.000 154296.000 0 0 0.000 0.000 0.000 200000.000 0 1 0 200 0 0
 547 28884.000 147568.000 0 0 0.000 0.000 0.000 0.275 0 1 0 0 0 0
 548 19999.000 130463.000 0 0 56.000 40.000 2240.000 47.328 0 1 15 200 0 0
 549 19793.000 130050.000 0 0 56.000 40.000 2240.000 47.328 0 1 15 200 0 0
 550 19321.000 126901.000 0 0 0.000 0.000 0.000 200000.000 0 1 0 200 0 0
 551 76565.000 182475.000 0 0 0.000 0.000 0.000 200000.000 0 1 0 200 0 0
 552 21145.000 133898.000 0 0 0.000 0.000 0.000 200000.000 0 1 0 200 0 0
 553 73799.000 181598.000 0 0 0.000 0.000 0.000 0.442 0 1 0 0 0 0
 554 19480.000 126728.000 0 0 0.000 0.000 0.000 200000.000 0 1 0 200 0 0
 555 62190.000 176052.000 0 0 0.000 0.000 0.000 200000.000 0 1 0 200 0 0
 556 41722.000 162861.000 0 0 0.000 0.000 0.000 200000.000 0 1 0 200 0 0
 557 28337.000 146949.000 0 0 0.000 0.000 0.000 0.203 0 1 0 0 0 0
 558 27349.000 145753.000 0 0 0.000 0.000 0.000 200000.000 0 1 0 200 0 0
 559 14311.000 97165.000 0 0 0.000 0.000 0.000 200000.000 0 1 0 200 0 0
 560 79192.000 183527.000 0 0 0.000 0.000 0.000 200000.000 0 1 0 200 0 0
 561 24526.000 142316.000 0 0 54.000 46.000 2484.000 49.839 0 1 21 200 0 0
 562 59818.000 175892.000 0 0 0.000 0.000 0.000 0.202 0 1 0 0 0 0
 563 49695.000 168854.000 0 0 0.000 0.000 0.000 200000.000 0 1 0 200 0 0
 564 38433.000 158963.000 0 0 0.000 0.000 0.000 200000.000 0 1 0 200 0 0
 565 25457.000 143271.000 0 0 0.000 0.000 0.000 200000.000 0 1 0 200 0 0
 566 20042.000 131131.000 0 0 56.000 42.000 2352.000 48.497 0 1 15 200 0 0
 567 15866.000 117166.000 0 0 0.000 0.000 0.000 0.394 0 1 0 0 0 0
 568 14177.000 101639.000 0 0 0.000 0.000 0.000 200000.000 0 1 0 200 0 0
 569 79856.000 183860.000 0 0 0.000 0.000 0.000 200000.000 0 1 0 200 0 0
 570 66642.000 179537.000 0 0 0.000 0.000 0.000 200000.000 0 1 0 200 0 0
 571 21103.000 132920.000 0 0 0.000 0.000 0.000 200000.000 0 1 0 200 0 0
 572 26306.000 144660.000 0 0 0.000 0.000 0.000 0.222 0 1 0 0 0 0
 573 17895.000 125559.000 0 0 0.000 0.000 0.000 0.275 0 1 0 0 0 0
 574 17178.000 123705.000 0 0 0.000 0.000 0.000 200000.000 0 1 0 200 0 0
 575 13944.000 102720.000 0 0 0.000 0.000 0.000 200000.000 0 1 0 200 0 0
 576 80153.000 184056.000 0 0 0.000 0.000 0.000 200000.000 0 1 0 200 0 0
 577 64977.000 178769.000 0 0 0.000 0.000 0.000 0.416 0 1 0 0 0 0
 578 57819.000 175617.000 0 0 0.000 0.000 0.000 200000.000 0 1 0 200 0 0
 579 30254.000 151245.000 0 0 0.000 0.000 0.000 200000.000 0 1 0 200 0 0
 580 27269.000 146579.000 0 0 0.000 0.000 0.000 200000.000 0 1 0 200 0 0
 581 47487.000 167432.000 0 0 0.000 0.000 0.000 200000.000 0 1 0 200 0 0
 582 36977.000 157708.000 0 0 54.000 50.000 2700.000 51.961 0 1 27 210 0 0
 583 32978.000 152998.000 0 0 0.000 0.000 0.000 200000.000 0 1 0 200 0 0
 584 17076.000 123911.000 0 0 0.000 0.000 0.000 200000.000 0 1 0 200 0 0
 585 14626.000 112554.000 0 0 0.000 0.000 0.000 200000.000 0 1 0 200 0 0
 586 85863.000 185229.000 0 0 0.000 0.000 0.000 0.356 0 1 0 0 0 0
 587 57915.000 175546.000 0 0 0.000 0.000 0.000 200000.000 0 1 0 200 0 0
 588 45009.000 167087.000 0 0 0.000 0.000 0.000 200000.000 0 1 0 200 0 0
 589 38946.000 161607.000 0 0 0.000 0.000 0.000 200000.000 0 1 0 200 0 0
 590 30737.000 151763.000 0 0 0.000 0.000 0.000 0.239 0 1 0 0 0 0
 591 30366.000 151224.000 0 0 0.000 0.000 0.000 200000.000 0 1 0 200 0 0
 592 23029.000 139131.000 0 0 0.000 0.000 0.000 0.242 0 1 0 0 0 0
 593 16151.000 120556.000 0 0 0.000 0.000 0.000 0.230 0 1 0 0 0 0
 594 20274.000 131408.000 0 0 56.000 42.000 2352.000 48.497 0 1 15 200 0 0
 595 25768.000 143096.000 0 0 0.000 0.000 0.000 200000.000 0 1 0 200 0 0
 596 27126.000 145509.000 0 0 0.000 0.000 0.000 200000.000 0 1 0 200 0 0
 597 24879.000 141314.000 0 0 54.000 46.000 2484.000 49.839 0 1 21 200 0 0
 598 14319.000 111026.000 0 0 0.000 0.000 0.000 0.300 0 1 0 0 0 0
 599 13988.000 109285.000 0 0 0.000 0.000 0.000 200000.000 0 1 0 200 0 0
 600 13481.000 96429.000 0 0 0.000 0.000 0.000 200000.000 0 1 0 200 0 0
 601 52349.000 172902.000 0 0 0.000 0.000 0.000 200000.000 0 1 0 200 0 0
 602 66716.000 179488.000 0 0 0.000 0.000 0.000 200000.000 0 1 0 200 0 0
 603 25712.000 145038.000 0 0 0.000 0.000 0.000 200000.000 0 1 0 200 0 0
 604 15246.000 118002.000 0 0 0.000 0.000 0.000 200000.000 0 1 0 200 0 0
 605 83258.000 184460.000 0 0 0.000 0.000 0.000 200000.000 0 1 0 200 0 0
 606 24287.000 140679.000 0 0 0.000 0.000 0.000 200000.000 0 1 0 200 0 0
 607 17767.000 127405.000 0 0 0.000 0.000 0.000 0.258 0 1 0 0 0 0
 608 64907.000 21041.000 0 0 0.000 0.000 0.000 0.133 0 1 0 0 0 0
 609 74684.000 183196.000 0 0 0.000 0.000 0.000 0.422 0 1 0 0 0 0
 610 67035.000 180481.000 0 0 0.000 0.000 0.000 0.271 0 1 0 0 0 0
 611 58017.000 176504.000 0 0 0.000 0.000 0.000 200000.000 0 1 0 200 0 0
 612 30164.000 151982.000 0 0 0.000 0.000 0.000 200000.000 0 1 0 200 0 0
 613 51925.000 172825.000 0 0 0.000 0.000 0.000 200000.000 0 1 0 200 0 0
 614 28627.000 149840.000 0 0 54.000 48.000 2592.000 50.911 0 1 25 200 0 0
 615 24871.000 142129.000 0 0 54.000 46.000 2484.000 49.839 0 1 21 200 0 0
 616 20108.000 134926.000 0 0 0.000 0.000 0.000 200000.000 0 1 0 200 0 0
 617 17637.000 127549.000 0 0 0.000 0.000 0.000 0.387 0 1 0 0 0 0
 618 13698.000 109261.000 0 0 0.000 0.000 0.000 0.322 0 1 0 0 0 0
 619 83679.000 185727.000 0 0 0.000 0.000 0.000 200000.000 0 1 0 200 0 0
 620 48069.000 170123.000 0 0 0.000 0.000 0.000 200000.000 0 1 0 200 0 0
 621 76667.000 183929.000 0 0 0.000 0.000 0.000 0.368 0 1 0 0 0 0
 622 38353.000 161737.000 0 0 0.000 0.000 0.000 200000.000 0 1 0 200 0 0
 623 70334.000 181893.000 0 0 0.000 0.000 0.000 200000.000 0 1 0 200 0 0
 624 68719.000 181291.000 0 0 0.000 0.000 0.000 0.224 0 1 0 0 0 0
 625 65261.000 180057.000 0 0 0.000 0.000 0.000 200000.000 0 1 0 200 0 0
 626 44814.000 167806.000 0 0 0.000 0.000 0.000 200000.000 0 1 0 200 0 0
 627 16060.000 118999.000 0 0 0.000 0.000 0.000 200000.000 0 1 0 200 0 0
 628 27917.000 149034.000 0 0 0.000 0.000 0.000 0.242 0 1 0 0 0 0
 629 14699.000 117196.000 0 0 54.000 32.000 1728.000 41.569 0 1 7 200 0 0
 630 28310.000 149833.000 0 0 54.000 48.000 2592.000 50.911 0 1 25 200 0 0
 631 77220.000 184420.000 0 0 0.000 0.000 0.000 200000.000 0 1 0 200 0 0
 632 70967.000 182287.000 0 0 0.000 0.000 0.000 0.289 0 1 0 0 0 0
 633 37918.000 161211.000 0 0 0.000 0.000 0.000 0.304 0 1 0 0 0 0
 634 18805.000 132683.000 0 0 56.000 42.000 2352.000 48.497 0 1 16 200 0 0
 635 21389.000 135891.000 0 0 0.000 0.000 0.000 200000.000 0 1 0 200 0 0
 636 15731.000 123584.000 0 0 0.000 0.000 0.000 200000.000 0 1 0 200 0 0
 637 14354.000 116115.000 0 0 54.000 32.000 1728.000 41.569 0 1 7 200 0 0
 638 49552.000 170782.000 0 0 0.000 0.000 0.000 200000.000 0 1 0 200 0 0
 639 59782.000 177639.000 0 0 0.000 0.000 0.000 200000.000 0 1 0 200 0 0
 640 25927.000 146630.000 0 0 0.000 0.000 0.000 0.213 0 1 0 0 0 0
 641 24464.000 144120.000 0 0 0.000 0.000 0.000 0.499 0 1 0 0 0 0
 642 22562.000 140813.000 0 0 56.000 44.000 2464.000 49.638 0 1 20 200 0 0
 643 19580.000 134561.000 0 0 0.000 0.000 0.000 200000.000 0 1 0 200 0 0
 644 18013.000 130632.000 0 0 0.000 0.000 0.000 200000.000 0 1 0 200 0 0
 645 16052.000 125311.000 0 0 54.000 38.000 2052.000 45.299 0 1 12 200 0 0
 646 14250.000 116667.000 0 0 54.000 32.000 1728.000 41.569 0 1 7 200 0 0
 647 95678.000 187664.000 0 0 0.000 0.000 0.000 200000.000 0 1 0 200 0 0
 648 46766.000 169994.000 0 0 0.000 0.000 0.000 200000.000 0 1 0 200 0 0
 649 27891.000 148296.000 0 0 0.000 0.000 0.000 200000.000 0 1 0 200 0 0
 650 18914.000 132897.000 0 0 56.000 42.000 2352.000 48.497 0 1 16 200 0 0
 651 27964.000 150164.000 0 0 54.000 48.000 2592.000 50.911 0 1 25 200 0 0
 652 68531.000 181943.000 0 0 0.000 0.000 0.000 0.286 0 1 0 0 0 0
 653 27323.000 149446.000 0 0 0.000 0.000 0.000 200000.000 0 1 0 200 0 0
 654 35483.000 158507.000 0 0 0.000 0.000 0.000 200000.000 0 1 0 200 0 0
 655 77302.000 184309.000 0 0 0.000 0.000 0.000 200000.000 0 1 0 200 0 0
 656 15950.000 124946.000 0 0 54.000 38.000 2052.000 45.299 0 1 12 200 0 0
 657 15222.000 123014.000 0 0 0.000 0.000 0.000 200000.000 0 1 0 200 0 0
 658 13301.000 113088.000 0 0 0.000 0.000 0.000 0.315 0 1 0 0 0 0
 659 24273.000 143112.000 0 0 54.000 46.000 2484.000 49.839 0 1 21 200 0 0
 660 82096.000 186169.000 0 0 0.000 0.000 0.000 0.225 0 1 0 0 0 0
 661 47403.000 170653.000 0 0 48.000 56.000 2688.000 51.845 0 1 32 200 0 0
 662 44687.000 168539.000 0 0 0.000 0.000 0.000 0.226 0 1 0 0 0 0
 663 26722.000 148710.000 0 0 0.000 0.000 0.000 0.405 0 1 0 0 0 0
 664 21146.000 137218.000 0 0 0.000 0.000 0.000 200000.000 0 1 0 200 0 0
 665 14249.000 119384.000 0 0 0.000 0.000 0.000 0.209 0 1 0 0 0 0
 666 12637.000 110456.000 0 0 0.000 0.000 0.000 200000.000 0 1 0 200 0 0
 667 78001.000 185377.000 0 0 0.000 0.000 0.000 0.202 0 1 0 0 0 0
 668 25335.000 147021.000 0 0 0.000 0.000 0.000 200000.000 0 1 0 200 0 0
 669 35160.000 160133.000 0 0 0.000 0.000 0.000 200000.000 0 1 0 200 0 0
 670 27807.000 150745.000 0 0 54.000 48.000 2592.000 50.911 0 1 25 200 0 0
 671 13963.000 119310.000 0 0 0.000 0.000 0.000 200000.000 0 1 0 200 0 0
 672 14288.000 115373.000 0 0 54.000 32.000 1728.000 41.569 0 1 7 200 0 0
 673 16437.000 125191.000 0 0 54.000 38.000 2052.000 45.299 0 1 12 200 0 0
 674 26311.000 148850.000 0 0 0.000 0.000 0.000 200000.000 0 1 0 200 0 0
 675 18821.000 134153.000 0 0 0.000 0.000 0.000 0.492 0 1 0 0 0 0
 676 18070.000 132636.000 0 0 56.000 42.000 2352.000 48.497 0 1 16 200 0 0
 677 14184.000 119524.000 0 0 0.000 0.000 0.000 200000.000 0 1 0 200 0 0
 678 13674.000 117150.000 0 0 54.000 32.000 1728.000 41.569 0 1 7 200 0 0
 679 22896.000 141027.000 0 0 56.000 44.000 2464.000 49.638 0 1 20 200 0 0
 680 18433.000 130965.000 0 0 0.000 0.000 0.000 200000.000 0 1 0 200 0 0
 681 13007.000 114156.000 0 0 0.000 0.000 0.000 0.241 0 1 0 0 0 0
 682 83234.000 186706.000 0 0 0.000 0.000 0.000 0.260 0 1 0 0 0 0
 683 62141.000 179849.000 0 0 0.000 0.000 0.000 0.279 0 1 0 0 0 0
 684 21312.000 142105.000 0 0 56.000 44.000 2464.000 49.638 0 1 20 200 0 0
 685 18275.000 133643.000 0 0 0.000 0.000 0.000 200000.000 0 1 0 200 0 0
 686 15584.000 125816.000 0 0 54.000 38.000 2052.000 45.299 0 1 12 200 0 0
 687 15332.000 124689.000 0 0 55.000 36.000 1980.000 44.497 0 1 12 200 0 0
 688 13147.000 117051.000 0 0 54.000 32.000 1728.000 41.569 0 1 7 200 0 0
 689 12429.000 111541.000 0 0 0.000 0.000 0.000 200000.000 0 1 0 200 0 0
 690 21207.000 140058.000 0 0 56.000 44.000 2464.000 49.638 0 1 19 200 0 0
 691 61473.000 179746.000 0 0 0.000 0.000 0.000 200000.000 0 1 0 200 0 0
 692 50590.000 173569.000 0 0 0.000 0.000 0.000 200000.000 0 1 0 200 0 0
 693 47636.000 171437.000 0 0 48.000 56.000 2688.000 51.845 0 1 32 200 0 0
 694 46879.000 171355.000 0 0 48.000 56.000 2688.000 51.845 0 1 32 200 0 0
 695 44253.000 169103.000 0 0 0.000 0.000 0.000 200000.000 0 1 0 200 0 0
 696 38433.000 163722.000 0 0 0.000 0.000 0.000 200000.000 0 1 0 200 0 0
 697 33545.000 158338.000 0 0 0.000 0.000 0.000 200000.000 0 1 0 200 0 0
 698 33380.000 158408.000 0 0 0.000 0.000 0.000 200000.000 0 1 0 200 0 0
 699 22024.000 142351.000 0 0 54.000 44.000 2376.000 48.744 0 1 20 200 0 0
 700 22108.000 141728.000 0 0 56.000 44.000 2464.000 49.638 0 1 20 200 0 0
 701 14486.000 122113.000 0 0 0.000 0.000 0.000 0.262 0 1 0 0 0 0
 702 13890.000 116590.000 0 0 54.000 32.000 1728.000 41.569 0 1 7 200 0 0
 703 12229.000 109627.000 0 0 0.000 0.000 0.000 0.309 0 1 0 0 0 0
 704 84840.000 187280.000 0 0 0.000 0.000 0.000 0.412 0 1 0 0 0 0
 705 76577.000 185532.000 0 0 0.000 0.000 0.000 200000.000 0 1 0 200 0 0
 706 75438.000 185183.000 0 0 0.000 0.000 0.000 0.273 0 1 0 0 0 0
 707 16607.000 130253.000 0 0 0.000 0.000 0.000 200000.000 0 1 0 200 0 0
 708 29068.000 153355.000 0 0 0.000 0.000 0.000 200000.000 0 1 0 200 0 0
 709 26583.000 149870.000 0 0 0.000 0.000 0.000 200000.000 0 1 0 200 0 0
 710 22845.000 144864.000 0 0 56.000 46.000 2576.000 50.754 0 1 22 200 0 0
 711 19940.000 139420.000 0 0 56.000 44.000 2464.000 49.638 0 1 19 200 0 0
 712 17420.000 132885.000 0 0 56.000 42.000 2352.000 48.497 0 1 16 200 0 0
 713 14133.000 122124.000 0 0 0.000 0.000 0.000 200000.000 0 1 0 200 0 0
 714 13092.000 117649.000 0 0 54.000 32.000 1728.000 41.569 0 1 7 200 0 0
 715 12310.000 114281.000 0 0 0.000 0.000 0.000 200000.000 0 1 0 200 0 0
 716 12128.000 110580.000 0 0 0.000 0.000 0.000 0.204 0 1 0 0 0 0
 717 65275.000 181708.000 0 0 0.000 0.000 0.000 0.347 0 1 0 0 0 0
 718 28478.000 152846.000 0 0 0.000 0.000 0.000 200000.000 0 1 0 200 0 0
 719 20214.000 138846.000 0 0 56.000 42.000 2352.000 48.497 0 1 19 200 0 0
 720 16392.000 130158.000 0 0 0.000 0.000 0.000 200000.000 0 1 0 200 0 0
 721 14681.000 124823.000 0 0 56.000 36.000 2016.000 44.899 0 1 12 200 0 0
 722 14655.000 124774.000 0 0 56.000 36.000 2016.000 44.899 0 1 12 200 0 0
 723 13649.000 120275.000 0 0 54.000 34.000 1836.000 42.848 0 1 9 200 0 0
 724 12352.000 113319.000 0 0 0.000 0.000 0.000 0.430 0 1 0 0 0 0
 725 12238.000 108277.000 0 0 0.000 0.000 0.000 200000.000 0 1 0 200 0 0
 726 68790.000 183330.000 0 0 0.000 0.000 0.000 0.274 0 1 0 0 0 0
 727 38806.000 164788.000 0 0 0.000 0.000 0.000 200000.000 0 1 0 200 0 0
 728 19717.000 136968.000 0 0 0.000 0.000 0.000 200000.000 0 1 0 200 0 0
 729 47215.000 172025.000 0 0 48.000 56.000 2688.000 51.845 0 1 32 200 0 0
 730 16372.000 131094.000 0 0 56.000 40.000 2240.000 47.328 0 1 16 200 0 0
 731 38141.000 163945.000 0 0 0.000 0.000 0.000 0.266 0 1 0 0 0 0
 732 15910.000 128775.000 0 0 54.000 40.000 2160.000 46.475 0 1 12 200 0 0
 733 29651.000 155510.000 0 0 0.000 0.000 0.000 200000.000 0 1 0 200 0 0
 734 21777.000 142611.000 0 0 54.000 44.000 2376.000 48.744 0 1 20 200 0 0
 735 20076.000 140457.000 0 0 56.000 44.000 2464.000 49.638 0 1 19 200 0 0
 736 18407.000 135257.000 0 0 0.000 0.000 0.000 0.288 0 1 0 0 0 0
 737 15266.000 127275.000 0 0 54.000 38.000 2052.000 45.299 0 1 12 200 0 0
 738 13758.000 121411.000 0 0 54.000 36.000 1944.000 44.090 0 1 9 200 0 0
 739 84628.000 187974.000 0 0 0.000 0.000 0.000 200000.000 0 1 0 200 0 0
 740 22351.000 142180.000 0 0 54.000 44.000 2376.000 48.744 0 1 20 200 0 0
 741 81275.000 187165.000 0 0 0.000 0.000 0.000 0.352 0 1 0 0 0 0
 742 55020.000 177151.000 0 0 0.000 0.000 0.000 200000.000 0 1 0 200 0 0
 743 13263.000 116053.000 0 0 54.000 32.000 1728.000 41.569 0 1 7 200 0 0
 744 40869.000 165836.000 0 0 0.000 0.000 0.000 200000.000 0 1 0 200 0 0
 745 26605.000 150805.000 0 0 0.000 0.000 0.000 200000.000 0 1 0 200 0 0
 746 23458.000 145478.000 0 0 56.000 46.000 2576.000 50.754 0 1 22 200 0 0
 747 16660.000 132338.000 0 0 56.000 42.000 2352.000 48.497 0 1 16 200 0 0
 748 16625.000 131770.000 0 0 56.000 40.000 2240.000 47.328 0 1 16 200 0 0
 749 15168.000 127616.000 0 0 54.000 38.000 2052.000 45.299 0 1 12 200 0 0
 750 14826.000 126538.000 0 0 54.000 38.000 2052.000 45.299 0 1 12 200 0 0
 751 13398.000 121373.000 0 0 54.000 34.000 1836.000 42.848 0 1 9 200 0 0
 752 13479.000 121054.000 0 0 54.000 34.000 1836.000 42.848 0 1 9 200 0 0
 753 12499.000 116507.000 0 0 54.000 32.000 1728.000 41.569 0 1 7 200 0 0
 754 10984.000 100190.000 0 0 0.000 0.000 0.000 200000.000 0 1 0 200 0 0
 755 55238.000 177670.000 0 0 0.000 0.000 0.000 200000.000 0 1 0 200 0 0
 756 86808.000 188472.000 0 0 0.000 0.000 0.000 0.213 0 1 0 0 0 0
 757 44347.000 170049.000 0 0 0.000 0.000 0.000 200000.000 0 1 0 200 0 0
 758 80481.000 187237.000 0 0 0.000 0.000 0.000 200000.000 0 1 0 200 0 0
 759 47145.000 171014.000 0 0 48.000 56.000 2688.000 51.845 0 1 32 200 0 0
 760 73990.000 185488.000 0 0 0.000 0.000 0.000 200000.000 0 1 0 200 0 0
 761 11475.000 111807.000 0 0 0.000 0.000 0.000 0.137 0 1 0 0 0 0
 762 67952.000 183543.000 0 0 0.000 0.000 0.000 200000.000 0 1 0 200 0 0
 763 56961.000 178254.000 0 0 0.000 0.000 0.000 200000.000 0 1 0 200 0 0
 764 25700.000 148054.000 0 0 0.000 0.000 0.000 200000.000 0 1 0 200 0 0
 765 22448.000 144170.000 0 0 54.000 46.000 2484.000 49.839 0 1 22 200 0 0
 766 20077.000 140082.000 0 0 56.000 44.000 2464.000 49.638 0 1 19 200 0 0
 767 15267.000 128348.000 0 0 54.000 38.000 2052.000 45.299 0 1 12 200 0 0
 768 11184.000 109700.000 0 0 0.000 0.000 0.000 200000.000 0 1 0 200 0 0
 769 17789.000 132743.000 0 0 56.000 42.000 2352.000 48.497 0 1 16 200 0 0
 770 83986.000 188144.000 0 0 0.000 0.000 0.000 0.241 0 1 0 0 0 0
 771 71909.000 184909.000 0 0 0.000 0.000 0.000 0.424 0 1 0 0 0 0
 772 68242.000 183745.000 0 0 0.000 0.000 0.000 0.428 0 1 0 0 0 0
 773 62708.000 181711.000 0 0 0.000 0.000 0.000 200000.000 0 1 0 200 0 0
 774 25792.000 150215.000 0 0 0.000 0.000 0.000 200000.000 0 1 0 200 0 0
 775 28348.000 152372.000 0 0 0.000 0.000 0.000 200000.000 0 1 0 200 0 0
 776 24706.000 146948.000 0 0 0.000 0.000 0.000 200000.000 0 1 0 200 0 0
 777 21282.000 142766.000 0 0 54.000 44.000 2376.000 48.744 0 1 20 200 0 0
 778 18773.000 138960.000 0 0 56.000 42.000 2352.000 48.497 0 1 19 200 0 0
 779 17562.000 135461.000 0 0 54.000 42.000 2268.000 47.623 0 1 18 200 0 0
 780 16714.000 132947.000 0 0 56.000 42.000 2352.000 48.497 0 1 16 200 0 0
 781 16301.000 131839.000 0 0 56.000 40.000 2240.000 47.328 0 1 16 200 0 0
 782 15451.000 130047.000 0 0 56.000 40.000 2240.000 47.328 0 1 16 200 0 0
 783 14819.000 127531.000 0 0 54.000 38.000 2052.000 45.299 0 1 12 200 0 0
 784 14532.000 126736.000 0 0 54.000 38.000 2052.000 45.299 0 1 12 200 0 0
 785 14121.000 125127.000 0 0 54.000 38.000 2052.000 45.299 0 1 12 200 0 0
 786 13197.000 121977.000 0 0 54.000 36.000 1944.000 44.090 0 1 9 200 0 0
 787 11408.000 112870.000 0 0 0.000 0.000 0.000 200000.000 0 1 0 200 0 0
 788 73108.000 185877.000 0 0 0.000 0.000 0.000 200000.000 0 1 0 200 0 0
 789 10587.000 101569.000 0 0 0.000 0.000 0.000 0.283 0 1 0 0 0 0
 790 71063.000 185210.000 0 0 0.000 0.000 0.000 200000.000 0 1 0 200 0 0
 791 70356.000 184679.000 0 0 40.000 54.000 2160.000 46.475 0 1 34 200 0 0
 792 20117.000 140801.000 0 0 56.000 44.000 2464.000 49.638 0 1 19 200 0 0
 793 69074.000 184237.000 0 0 0.000 0.000 0.000 0.438 0 1 0 0 0 0
 794 21439.000 141095.000 0 0 56.000 44.000 2464.000 49.638 0 1 20 200 0 0
 795 64286.000 182345.000 0 0 0.000 0.000 0.000 200000.000 0 1 0 200 0 0
 796 63268.000 182151.000 0 0 0.000 0.000 0.000 200000.000 0 1 0 200 0 0
 797 22523.000 146332.000 0 0 0.000 0.000 0.000 200000.000 0 1 0 200 0 0
 798 23420.000 145051.000 0 0 56.000 46.000 2576.000 50.754 0 1 22 200 0 0
 799 15717.000 130787.000 0 0 56.000 40.000 2240.000 47.328 0 1 16 200 0 0
 800 14799.000 128115.000 0 0 54.000 38.000 2052.000 45.299 0 1 12 200 0 0
 801 14832.000 127662.000 0 0 54.000 38.000 2052.000 45.299 0 1 12 200 0 0
 802 11070.000 111643.000 0 0 0.000 0.000 0.000 200000.000 0 1 0 200 0 0
 803 66394.000 183460.000 0 0 0.000 0.000 0.000 200000.000 0 1 0 200 0 0
 804 49553.000 174716.000 0 0 0.000 0.000 0.000 200000.000 0 1 0 200 0 0
 805 19747.000 140372.000 0 0 56.000 44.000 2464.000 49.638 0 1 19 200 0 0
 806 18792.000 139784.000 0 0 56.000 42.000 2352.000 48.497 0 1 19 200 0 0
 807 16917.000 134142.000 0 0 56.000 42.000 2352.000 48.497 0 1 16 200 0 0
 808 14589.000 128578.000 0 0 54.000 38.000 2052.000 45.299 0 1 12 200 0 0
 809 13850.000 125659.000 0 0 54.000 38.000 2052.000 45.299 0 1 12 200 0 0
 810 11370.000 114304.000 0 0 52.000 30.000 1560.000 39.496 0 1 6 200 0 0
 811 10761.000 111905.000 0 0 0.000 0.000 0.000 200000.000 0 1 0 200 0 0
 812 59650.000 180625.000 0 0 0.000 0.000 0.000 200000.000 0 1 0 200 0 0
 813 10303.000 105119.000 0 0 0.000 0.000 0.000 200000.000 0 1 0 200 0 0
 814 19803.000 141048.000 0 0 56.000 44.000 2464.000 49.638 0 1 19 200 0 0
 815 10502.000 94810.000 0 0 0.000 0.000 0.000 200000.000 0 1 0 200 0 0
 816 20440.000 140277.000 0 0 56.000 44.000 2464.000 49.638 0 1 19 200 0 0
 817 94349.000 189757.000 0 0 0.000 0.000 0.000 0.274 0 1 0 0 0 0
 818 42355.000 169271.000 0 0 50.000 54.000 2700.000 51.961 0 1 30 200 0 0
 819 31620.000 158664.000 0 0 0.000 0.000 0.000 0.240 0 1 0 0 0 0
 820 21029.000 143016.000 0 0 0.000 0.000 0.000 200000.000 0 1 0 200 0 0
 821 16002.000 132286.000 0 0 56.000 40.000 2240.000 47.328 0 1 16 200 0 0
 822 14420.000 127749.000 0 0 54.000 38.000 2052.000 45.299 0 1 12 200 0 0
 823 12348.000 121376.000 0 0 0.000 0.000 0.000 200000.000 0 1 0 200 0 0
 824 11225.000 116011.000 0 0 54.000 32.000 1728.000 41.569 0 1 6 200 0 0
 825 10449.000 108077.000 0 0 0.000 0.000 0.000 200000.000 0 1 0 200 0 0
 826 29921.000 155278.000 0 0 0.000 0.000 0.000 200000.000 0 1 0 200 0 0
 827 10010.000 98801.000 0 0 0.000 0.000 0.000 200000.000 0 1 0 200 0 0
 828 89325.000 189534.000 0 0 0.000 0.000 0.000 0.206 0 1 0 0 0 0
 829 11736.000 118658.000 0 0 0.000 0.000 0.000 200000.000 0 1 0 200 0 0
 830 71908.000 185779.000 0 0 0.000 0.000 0.000 0.274 0 1 0 0 0 0
 831 65253.000 183156.000 0 0 0.000 0.000 0.000 0.328 0 1 0 0 0 0
 832 57448.000 179563.000 0 0 0.000 0.000 0.000 0.210 0 1 0 0 0 0
 833 54397.000 177969.000 0 0 0.000 0.000 0.000 200000.000 0 1 0 200 0 0
 834 22185.000 145314.000 0 0 56.000 46.000 2576.000 50.754 0 1 22 200 0 0
 835 14654.000 128911.000 0 0 54.000 40.000 2160.000 46.475 0 1 12 200 0 0
 836 11986.000 119819.000 0 0 0.000 0.000 0.000 200000.000 0 1 0 200 0 0
 837 10897.000 113723.000 0 0 52.000 30.000 1560.000 39.496 0 1 6 200 0 0
 838 10723.000 112886.000 0 0 0.000 0.000 0.000 200000.000 0 1 0 200 0 0
 839 10112.000 102873.000 0 0 0.000 0.000 0.000 0.334 0 1 0 0 0 0
 840 183499.000 133822.000 0 0 0.000 0.000 0.000 0.136 0 1 0 0 0 0
 841 9837.000 98966.000 0 0 0.000 0.000 0.000 200000.000 0 1 0 200 0 0
 842 52494.000 177221.000 0 0 0.000 0.000 0.000 200000.000 0 1 0 200 0 0
 843 40439.000 168340.000 0 0 0.000 0.000 0.000 200000.000 0 1 0 200 0 0
 844 27438.000 154015.000 0 0 0.000 0.000 0.000 200000.000 0 1 0 200 0 0
 845 17442.000 137304.000 0 0 0.000 0.000 0.000 200000.000 0 1 0 200 0 0
 846 20370.000 142788.000 0 0 0.000 0.000 0.000 200000.000 0 1 0 200 0 0
 847 17056.000 133367.000 0 0 56.000 42.000 2352.000 48.497 0 1 16 200 0 0
 848 13937.000 127196.000 0 0 54.000 38.000 2052.000 45.299 0 1 12 200 0 0
 849 12717.000 123517.000 0 0 0.000 0.000 0.000 200000.000 0 1 0 200 0 0
 850 10988.000 115648.000 0 0 54.000 32.000 1728.000 41.569 0 1 6 200 0 0
 851 10377.000 111579.000 0 0 0.000 0.000 0.000 200000.000 0 1 0 200 0 0
 852 9661.000 99514.000 0 0 0.000 0.000 0.000 200000.000 0 1 0 200 0 0
 853 48209.000 174412.000 0 0 0.000 0.000 0.000 200000.000 0 1 0 200 0 0
 854 79596.000 188165.000 0 0 0.000 0.000 0.000 0.200 0 1 0 0 0 0
 855 68762.000 185035.000 0 0 0.000 0.000 0.000 0.250 0 1 0 0 0 0
 856 60327.000 181718.000 0 0 0.000 0.000 0.000 200000.000 0 1 0 200 0 0
 857 49601.000 175976.000 0 0 0.000 0.000 0.000 200000.000 0 1 0 200 0 0
 858 32041.000 160230.000 0 0 0.000 0.000 0.000 200000.000 0 1 0 200 0 0
 859 30821.000 159348.000 0 0 0.000 0.000 0.000 200000.000 0 1 0 200 0 0
 860 21974.000 146407.000 0 0 0.000 0.000 0.000 200000.000 0 1 0 200 0 0
 861 13280.000 126126.000 0 0 54.000 38.000 2052.000 45.299 0 1 12 200 0 0
 862 11195.000 117703.000 0 0 54.000 32.000 1728.000 41.569 0 1 6 200 0 0
 863 11036.000 116828.000 0 0 54.000 32.000 1728.000 41.569 0 1 6 200 0 0
 864 9911.000 108938.000 0 0 52.000 28.000 1456.000 38.157 0 1 5 200 0 0
 865 41979.000 169729.000 0 0 50.000 54.000 2700.000 51.961 0 1 30 200 0 0
 866 11093.000 118055.000 0 0 54.000 32.000 1728.000 41.569 0 1 6 200 0 0
 867 81720.000 188893.000 0 0 0.000 0.000 0.000 0.208 0 1 0 0 0 0
 868 76301.000 187658.000 0 0 0.000 0.000 0.000 200000.000 0 1 0 200 0 0
 869 76242.000 187677.000 0 0 0.000 0.000 0.000 200000.000 0 1 0 200 0 0
 870 69891.000 185703.000 0 0 40.000 54.000 2160.000 46.475 0 1 34 200 0 0
 871 63008.000 182966.000 0 0 0.000 0.000 0.000 200000.000 0 1 0 200 0 0
 872 59952.000 180568.000 0 0 0.000 0.000 0.000 200000.000 0 1 0 200 0 0
 873 24233.000 150944.000 0 0 0.000 0.000 0.000 200000.000 0 1 0 200 0 0
 874 16609.000 135505.000 0 0 55.000 42.000 2310.000 48.062 0 1 18 200 0 0
 875 16473.000 135219.000 0 0 56.000 42.000 2352.000 48.497 0 1 18 200 0 0
 876 15200.000 129572.000 0 0 54.000 40.000 2160.000 46.475 0 1 16 200 0 0
 877 12233.000 122389.000 0 0 0.000 0.000 0.000 200000.000 0 1 0 200 0 0
 878 11635.000 119804.000 0 0 0.000 0.000 0.000 200000.000 0 1 0 200 0 0
 879 10993.000 117552.000 0 0 54.000 32.000 1728.000 41.569 0 1 6 200 0 0
 880 10337.000 113760.000 0 0 52.000 30.000 1560.000 39.496 0 1 6 200 0 0
 881 22856.000 146134.000 0 0 0.000 0.000 0.000 200000.000 0 1 0 200 0 0
 882 64465.000 183688.000 0 0 0.000 0.000 0.000 0.207 0 1 0 0 0 0
 883 11584.000 115955.000 0 0 54.000 32.000 1728.000 41.569 0 1 6 200 0 0
 884 81491.000 188933.000 0 0 0.000 0.000 0.000 200000.000 0 1 0 200 0 0
 885 24397.000 151492.000 0 0 0.000 0.000 0.000 200000.000 0 1 0 200 0 0
 886 23872.000 149528.000 0 0 54.000 48.000 2592.000 50.911 0 1 24 200 0 0
 887 19505.000 141793.000 0 0 56.000 44.000 2464.000 49.638 0 1 19 200 0 0
 888 15523.000 131325.000 0 0 56.000 40.000 2240.000 47.328 0 1 16 200 0 0
 889 14457.000 128307.000 0 0 54.000 38.000 2052.000 45.299 0 1 12 200 0 0
 890 38604.000 166692.000 0 0 0.000 0.000 0.000 200000.000 0 1 0 200 0 0
 891 69704.000 185893.000 0 0 40.000 54.000 2160.000 46.475 0 1 34 200 0 0
 892 23128.000 148935.000 0 0 56.000 48.000 2688.000 51.845 0 1 23 200 0 0
 893 65010.000 184020.000 0 0 0.000 0.000 0.000 200000.000 0 1 0 200 0 0
 894 69664.000 185028.000 0 0 40.000 56.000 2240.000 47.328 0 1 34 200 0 0
 895 16803.000 136276.000 0 0 54.000 40.000 2160.000 46.475 0 1 18 200 0 0
 896 51103.000 177556.000 0 0 0.000 0.000 0.000 200000.000 0 1 0 200 0 0
 897 42297.000 171236.000 0 0 50.000 54.000 2700.000 51.961 0 1 30 200 0 0
 898 12987.000 126705.000 0 0 54.000 38.000 2052.000 45.299 0 1 12 200 0 0
 899 11750.000 121731.000 0 0 0.000 0.000 0.000 0.204 0 1 0 0 0 0
 900 75053.000 187842.000 0 0 0.000 0.000 0.000 200000.000 0 1 0 200 0 0
 901 58798.000 181527.000 0 0 0.000 0.000 0.000 200000.000 0 1 0 200 0 0
 902 52053.000 177555.000 0 0 0.000 0.000 0.000 0.232 0 1 0 0 0 0
 903 45892.000 173450.000 0 0 0.000 0.000 0.000 200000.000 0 1 0 200 0 0
 904 45559.000 173226.000 0 0 0.000 0.000 0.000 200000.000 0 1 0 200 0 0
 905 45461.000 173269.000 0 0 0.000 0.000 0.000 200000.000 0 1 0 200 0 0
 906 31035.000 160890.000 0 0 0.000 0.000 0.000 200000.000 0 1 0 200 0 0
 907 15360.000 133822.000 0 0 0.000 0.000 0.000 0.286 0 1 0 0 0 0
 908 13405.000 129331.000 0 0 0.000 0.000 0.000 200000.000 0 1 0 200 0 0
 909 13228.000 127446.000 0 0 54.000 38.000 2052.000 45.299 0 1 12 200 0 0
 910 12237.000 127370.000 0 0 54.000 38.000 2052.000 45.299 0 1 12 200 0 0
 911 12904.000 126570.000 0 0 54.000 38.000 2052.000 45.299 0 1 12 200 0 0
 912 12175.000 125383.000 0 0 0.000 0.000 0.000 200000.000 0 1 0 200 0 0
 913 9502.000 101763.000 0 0 0.000 0.000 0.000 200000.000 0 1 0 200 0 0
 914 9170.000 106543.000 0 0 0.000 0.000 0.000 200000.000 0 1 0 200 0 0
 915 57652.000 180553.000 0 0 0.000 0.000 0.000 200000.000 0 1 0 200 0 0
 916 68973.000 186099.000 0 0 40.000 56.000 2240.000 47.328 0 1 34 200 0 0
 917 48565.000 174700.000 0 0 0.000 0.000 0.000 200000.000 0 1 0 200 0 0
 918 18335.000 142655.000 0 0 56.000 44.000 2464.000 49.638 0 1 19 200 0 0
 919 18242.000 140973.000 0 0 56.000 44.000 2464.000 49.638 0 1 19 200 0 0
 920 18192.000 140802.000 0 0 56.000 44.000 2464.000 49.638 0 1 19 200 0 0
 921 10809.000 120005.000 0 0 0.000 0.000 0.000 200000.000 0 1 0 200 0 0
 922 10346.000 116885.000 0 0 54.000 32.000 1728.000 41.569 0 1 6 200 0 0
 923 9458.000 111498.000 0 0 0.000 0.000 0.000 0.290 0 1 0 0 0 0
 924 9207.000 110381.000 0 0 52.000 28.000 1456.000 38.157 0 1 5 200 0 0
 925 42449.000 170315.000 0 0 50.000 54.000 2700.000 51.961 0 1 30 200 0 0
 926 9230.000 109153.000 0 0 52.000 28.000 1456.000 38.157 0 1 5 200 0 0
 927 32451.000 161957.000 0 0 54.000 50.000 2700.000 51.961 0 1 28 200 0 0
 928 76827.000 188614.000 0 0 0.000 0.000 0.000 0.372 0 1 0 0 0 0
 929 68019.000 185750.000 0 0 0.000 0.000 0.000 200000.000 0 1 0 200 0 0
 930 60217.000 182797.000 0 0 0.000 0.000 0.000 200000.000 0 1 0 200 0 0
 931 61212.000 182066.000 0 0 0.000 0.000 0.000 200000.000 0 1 0 200 0 0
 932 28887.000 158629.000 0 0 0.000 0.000 0.000 200000.000 0 1 0 200 0 0
 933 24401.000 152100.000 0 0 0.000 0.000 0.000 200000.000 0 1 0 200 0 0
 934 22444.000 148807.000 0 0 56.000 48.000 2688.000 51.845 0 1 23 200 0 0
 935 18059.000 140605.000 0 0 56.000 44.000 2464.000 49.638 0 1 19 200 0 0
 936 18685.000 140426.000 0 0 56.000 44.000 2464.000 49.638 0 1 19 200 0 0
 937 16698.000 139349.000 0 0 0.000 0.000 0.000 200000.000 0 1 0 200 0 0
 938 16698.000 138134.000 0 0 0.000 0.000 0.000 200000.000 0 1 0 200 0 0
 939 15615.000 135659.000 0 0 56.000 42.000 2352.000 48.497 0 1 17 200 0 0
 940 17501.000 137437.000 0 0 0.000 0.000 0.000 200000.000 0 1 0 200 0 0
 941 16927.000 135901.000 0 0 54.000 42.000 2268.000 47.623 0 1 18 200 0 0
 942 8374.000 103939.000 0 0 0.000 0.000 0.000 200000.000 0 1 0 200 0 0
 943 8906.000 93885.000 0 0 0.000 0.000 0.000 0.130 0 1 0 0 0 0
 944 32587.000 162356.000 0 0 54.000 50.000 2700.000 51.961 0 1 28 200 0 0
 945 8472.000 99456.000 0 0 0.000 0.000 0.000 200000.000 0 1 0 200 0 0
 946 20271.000 145157.000 0 0 54.000 46.000 2484.000 49.839 0 1 19 200 0 0
 947 74108.000 188008.000 0 0 38.000 54.000 2052.000 45.299 0 1 35 200 0 0
 948 24574.000 150700.000 0 0 0.000 0.000 0.000 200000.000 0 1 0 200 0 0
 949 69751.000 186578.000 0 0 40.000 54.000 2160.000 46.475 0 1 34 200 0 0
 950 48136.000 175808.000 0 0 0.000 0.000 0.000 200000.000 0 1 0 200 0 0
 951 14043.000 132146.000 0 0 56.000 40.000 2240.000 47.328 0 1 17 200 0 0
 952 19250.000 143267.000 0 0 56.000 44.000 2464.000 49.638 0 1 19 200 0 0
 953 12827.000 128663.000 0 0 54.000 38.000 2052.000 45.299 0 1 12 200 0 0
 954 17157.000 140694.000 0 0 56.000 44.000 2464.000 49.638 0 1 19 200 0 0
 955 12521.000 127714.000 0 0 54.000 38.000 2052.000 45.299 0 1 12 200 0 0
 956 9924.000 119125.000 0 0 54.000 34.000 1836.000 42.848 0 1 6 200 0 0
 957 9610.000 115307.000 0 0 54.000 32.000 1728.000 41.569 0 1 6 200 0 0
 958 9215.000 113148.000 0 0 0.000 0.000 0.000 200000.000 0 1 0 200 0 0
 959 8896.000 109040.000 0 0 52.000 28.000 1456.000 38.157 0 1 5 200 0 0
 960 25025.000 153586.000 0 0 0.000 0.000 0.000 200000.000 0 1 0 200 0 0
 961 13692.000 129230.000 0 0 0.000 0.000 0.000 200000.000 0 1 0 200 0 0
 962 72878.000 187827.000 0 0 0.000 0.000 0.000 0.291 0 1 0 0 0 0
 963 69081.000 186587.000 0 0 40.000 56.000 2240.000 47.328 0 1 34 200 0 0
 964 10059.000 118325.000 0 0 54.000 32.000 1728.000 41.569 0 1 6 200 0 0
 965 64082.000 184578.000 0 0 0.000 0.000 0.000 0.291 0 1 0 0 0 0
 966 56321.000 180966.000 0 0 44.000 56.000 2464.000 49.638 0 1 33 210 0 0
 967 46513.000 174725.000 0 0 0.000 0.000 0.000 0.302 0 1 0 0 0 0
 968 19294.000 144448.000 0 0 54.000 46.000 2484.000 49.839 0 1 19 200 0 0
 969 15860.000 136667.000 0 0 0.000 0.000 0.000 200000.000 0 1 0 200 0 0
 970 9940.000 117833.000 0 0 54.000 32.000 1728.000 41.569 0 1 6 200 0 0
 971 9872.000 112434.000 0 0 0.000 0.000 0.000 200000.000 0 1 0 200 0 0
 972 8827.000 102041.000 0 0 0.000 0.000 0.000 200000.000 0 1 0 200 0 0
 973 8544.000 107363.000 0 0 0.000 0.000 0.000 0.380 0 1 0 0 0 0
 974 8363.000 96766.000 0 0 0.000 0.000 0.000 200000.000 0 1 0 200 0 0
 975 8156.000 102490.000 0 0 0.000 0.000 0.000 200000.000 0 1 0 200 0 0
 976 8828.000 98345.000 0 0 0.000 0.000 0.000 200000.000 0 1 0 200 0 0
 977 74455.000 189120.000 0 0 36.000 56.000 2016.000 44.899 0 1 35 200 0 0
 978 63713.000 184203.000 0 0 0.000 0.000 0.000 200000.000 0 1 0 200 0 0
 979 71368.000 187427.000 0 0 0.000 0.000 0.000 0.459 0 1 0 0 0 0
 980 39867.000 170762.000 0 0 52.000 54.000 2808.000 52.990 0 1 31 200 0 0
 981 69952.000 187165.000 0 0 40.000 54.000 2160.000 46.475 0 1 34 200 0 0
 982 13064.000 127168.000 0 0 54.000 38.000 2052.000 45.299 0 1 12 200 0 0
 983 55379.000 180679.000 0 0 0.000 0.000 0.000 200000.000 0 1 0 200 0 0
 984 11101.000 124707.000 0 0 0.000 0.000 0.000 200000.000 0 1 0 200 0 0
 985 21843.000 149765.000 0 0 56.000 48.000 2688.000 51.845 0 1 23 200 0 0
 986 22140.000 147772.000 0 0 0.000 0.000 0.000 200000.000 0 1 0 200 0 0
 987 11009.000 123120.000 0 0 56.000 36.000 2016.000 44.899 0 1 10 200 0 0
 988 10211.000 121936.000 0 0 54.000 34.000 1836.000 42.848 0 1 10 200 0 0
 989 10271.000 119939.000 0 0 0.000 0.000 0.000 200000.000 0 1 0 200 0 0
 990 8965.000 113317.000 0 0 0.000 0.000 0.000 200000.000 0 1 0 200 0 0
 991 8623.000 109773.000 0 0 52.000 28.000 1456.000 38.157 0 1 5 200 0 0
 992 10720.000 118452.000 0 0 54.000 34.000 1836.000 42.848 0 1 6 200 0 0
 993 9942.000 114670.000 0 0 52.000 32.000 1664.000 40.792 0 1 6 200 0 0
 994 9851.000 114317.000 0 0 52.000 30.000 1560.000 39.496 0 1 6 200 0 0
 995 9239.000 108440.000 0 0 52.000 28.000 1456.000 38.157 0 1 5 200 0 0
 996 48030.000 176352.000 0 0 0.000 0.000 0.000 200000.000 0 1 0 200 0 0
 997 74390.000 188564.000 0 0 36.000 56.000 2016.000 44.899 0 1 35 200 0 0
 998 8646.000 99086.000 0 0 0.000 0.000 0.000 200000.000 0 1 0 200 0 0
 999 47683.000 175853.000 0 0 0.000 0.000 0.000 0.436 0 1 0 0 0 0
 1000 51275.000 177260.000 0 0 0.000 0.000 0.000 200000.000 0 1 0 200 0 0
 1001 21526.000 149582.000 0 0 56.000 48.000 2688.000 51.845 0 1 23 200 0 0
 1002 20145.000 146651.000 0 0 0.000 0.000 0.000 200000.000 0 1 0 200 0 0
 1003 11196.000 124416.000 0 0 0.000 0.000 0.000 0.220 0 1 0 0 0 0
 1004 18949.000 142391.000 0 0 56.000 44.000 2464.000 49.638 0 1 19 200 0 0
 1005 13067.000 128102.000 0 0 54.000 38.000 2052.000 45.299 0 1 12 200 0 0
 1006 10347.000 122491.000 0 0 54.000 36.000 1944.000 44.090 0 1 10 200 0 0
 1007 8884.000 115438.000 0 0 54.000 32.000 1728.000 41.569 0 1 6 200 0 0
 1008 10291.000 121539.000 0 0 54.000 34.000 1836.000 42.848 0 1 10 200 0 0
 1009 8137.000 108218.000 0 0 0.000 0.000 0.000 200000.000 0 1 0 200 0 0
 1010 62155.000 184399.000 0 0 0.000 0.000 0.000 0.138 0 1 0 0 0 0
 1011 7986.000 96294.000 0 0 0.000 0.000 0.000 0.261 0 1 0 0 0 0
 1012 8489.000 99513.000 0 0 0.000 0.000 0.000 200000.000 0 1 0 200 0 0
 1013 77870.000 189781.000 0 0 0.000 0.000 0.000 200000.000 0 1 0 200 0 0
 1014 13124.000 131060.000 0 0 56.000 40.000 2240.000 47.328 0 1 12 200 0 0
 1015 77801.000 189837.000 0 0 0.000 0.000 0.000 200000.000 0 1 0 200 0 0
 1016 73581.000 188641.000 0 0 38.000 54.000 2052.000 45.299 0 1 35 200 0 0
 1017 66554.000 186126.000 0 0 0.000 0.000 0.000 200000.000 0 1 0 200 0 0
 1018 55999.000 181599.000 0 0 44.000 56.000 2464.000 49.638 0 1 33 210 0 0
 1019 35448.000 166276.000 0 0 0.000 0.000 0.000 200000.000 0 1 0 200 0 0
 1020 20419.000 147116.000 0 0 0.000 0.000 0.000 200000.000 0 1 0 200 0 0
 1021 17126.000 142160.000 0 0 56.000 44.000 2464.000 49.638 0 1 19 200 0 0
 1022 14803.000 135444.000 0 0 56.000 42.000 2352.000 48.497 0 1 17 200 0 0
 1023 14519.000 132621.000 0 0 56.000 40.000 2240.000 47.328 0 1 17 200 0 0
 1024 10255.000 122117.000 0 0 54.000 34.000 1836.000 42.848 0 1 10 200 0 0
 1025 12065.000 125784.000 0 0 0.000 0.000 0.000 200000.000 0 1 0 200 0 0
 1026 9593.000 118458.000 0 0 54.000 34.000 1836.000 42.848 0 1 6 200 0 0
 1027 8327.000 110966.000 0 0 0.000 0.000 0.000 0.252 0 1 0 0 0 0
 1028 8276.000 109996.000 0 0 52.000 28.000 1456.000 38.157 0 1 5 200 0 0
 1029 10345.000 118228.000 0 0 54.000 32.000 1728.000 41.569 0 1 6 200 0 0
 1030 66670.000 186511.000 0 0 0.000 0.000 0.000 200000.000 0 1 0 200 0 0
 1031 7627.000 101421.000 0 0 50.000 24.000 1200.000 34.641 0 1 2 200 0 0
 1032 40921.000 171426.000 0 0 50.000 54.000 2700.000 51.961 0 1 31 200 0 0
 1033 77052.000 189711.000 0 0 0.000 0.000 0.000 0.307 0 1 0 0 0 0
 1034 17093.000 139167.000 0 0 0.000 0.000 0.000 200000.000 0 1 0 200 0 0
 1035 63421.000 185102.000 0 0 0.000 0.000 0.000 0.209 0 1 0 0 0 0
 1036 10326.000 123103.000 0 0 54.000 36.000 1944.000 44.090 0 1 10 200 0 0
 1037 36006.000 166921.000 0 0 0.000 0.000 0.000 0.200 0 1 0 0 0 0
 1038 20587.000 147428.000 0 0 0.000 0.000 0.000 200000.000 0 1 0 200 0 0
 1039 10291.000 119054.000 0 0 54.000 34.000 1836.000 42.848 0 1 6 200 0 0
 1040 13776.000 135213.000 0 0 56.000 42.000 2352.000 48.497 0 1 17 200 0 0
 1041 13033.000 131581.000 0 0 56.000 40.000 2240.000 47.328 0 1 12 200 0 0
 1042 8298.000 111896.000 0 0 0.000 0.000 0.000 0.309 0 1 0 0 0 0
 1043 10829.000 120629.000 0 0 0.000 0.000 0.000 200000.000 0 1 0 200 0 0
 1044 7605.000 101688.000 0 0 50.000 24.000 1200.000 34.641 0 1 2 200 0 0
 1045 17527.000 140509.000 0 0 56.000 44.000 2464.000 49.638 0 1 19 200 0 0
 1046 7610.000 101475.000 0 0 50.000 24.000 1200.000 34.641 0 1 2 200 0 0
 1047 14951.000 63778.000 0 0 0.000 0.000 0.000 200000.000 0 1 0 200 0 0
 1048 11800.000 126522.000 0 0 0.000 0.000 0.000 200000.000 0 1 0 200 0 0
 1049 71025.000 12412.000 0 0 0.000 0.000 0.000 0.255 0 1 0 0 0 0
 1050 36580.000 166705.000 0 0 0.000 0.000 0.000 200000.000 0 1 0 200 0 0
 1051 18683.000 145801.000 0 0 54.000 46.000 2484.000 49.839 0 1 19 200 0 0
 1052 14730.000 136199.000 0 0 56.000 42.000 2352.000 48.497 0 1 17 200 0 0
 1053 13957.000 132535.000 0 0 56.000 40.000 2240.000 47.328 0 1 17 200 0 0
 1054 10813.000 125560.000 0 0 56.000 36.000 2016.000 44.899 0 1 14 200 0 0
 1055 9330.000 118960.000 0 0 54.000 34.000 1836.000 42.848 0 1 6 200 0 0
 1056 9045.000 117344.000 0 0 54.000 32.000 1728.000 41.569 0 1 6 200 0 0
 1057 8939.000 117030.000 0 0 54.000 32.000 1728.000 41.569 0 1 6 200 0 0
 1058 8325.000 115188.000 0 0 52.000 32.000 1664.000 40.792 0 1 6 200 0 0
 1059 8299.000 113923.000 0 0 52.000 30.000 1560.000 39.496 0 1 6 200 0 0
 1060 8224.000 112179.000 0 0 0.000 0.000 0.000 0.260 0 1 0 0 0 0
 1061 61879.000 185069.000 0 0 0.000 0.000 0.000 200000.000 0 1 0 200 0 0
 1062 52639.000 180090.000 0 0 0.000 0.000 0.000 200000.000 0 1 0 200 0 0
 1063 8385.000 106463.000 0 0 0.000 0.000 0.000 200000.000 0 1 0 200 0 0
 1064 16350.000 139005.000 0 0 0.000 0.000 0.000 200000.000 0 1 0 200 0 0
 1065 13521.000 134116.000 0 0 56.000 42.000 2352.000 48.497 0 1 17 200 0 0
 1066 13241.000 133394.000 0 0 56.000 40.000 2240.000 47.328 0 1 17 200 0 0
 1067 12442.000 128187.000 0 0 54.000 38.000 2052.000 45.299 0 1 12 200 0 0
 1068 13259.000 133291.000 0 0 56.000 40.000 2240.000 47.328 0 1 17 200 0 0
 1069 9086.000 115619.000 0 0 54.000 32.000 1728.000 41.569 0 1 6 200 0 0
 1070 12044.000 129746.000 0 0 54.000 40.000 2160.000 46.475 0 1 12 200 0 0
 1071 10673.000 128068.000 0 0 54.000 38.000 2052.000 45.299 0 1 12 200 0 0
 1072 9922.000 122894.000 0 0 54.000 36.000 1944.000 44.090 0 1 10 200 0 0
 1073 9942.000 122774.000 0 0 54.000 36.000 1944.000 44.090 0 1 10 200 0 0
 1074 8104.000 112453.000 0 0 0.000 0.000 0.000 0.295 0 1 0 0 0 0
 1075 7455.000 108219.000 0 0 0.000 0.000 0.000 200000.000 0 1 0 200 0 0
 1076 7582.000 107540.000 0 0 0.000 0.000 0.000 0.299 0 1 0 0 0 0
 1077 40148.000 171223.000 0 0 52.000 54.000 2808.000 52.990 0 1 31 200 0 0
 1078 7111.000 100948.000 0 0 50.000 24.000 1200.000 34.641 0 1 2 200 0 0
 1079 15777.000 140186.000 0 0 0.000 0.000 0.000 200000.000 0 1 0 200 0 0
 1080 51562.000 180238.000 0 0 0.000 0.000 0.000 200000.000 0 1 0 200 0 0
 1081 15592.000 139795.000 0 0 0.000 0.000 0.000 200000.000 0 1 0 200 0 0
 1082 47887.000 177898.000 0 0 0.000 0.000 0.000 200000.000 0 1 0 200 0 0
 1083 46911.000 177443.000 0 0 0.000 0.000 0.000 200000.000 0 1 0 200 0 0
 1084 42806.000 173448.000 0 0 0.000 0.000 0.000 0.273 0 1 0 0 0 0
 1085 22358.000 149831.000 0 0 56.000 48.000 2688.000 51.845 0 1 23 200 0 0
 1086 16719.000 142107.000 0 0 56.000 44.000 2464.000 49.638 0 1 19 200 0 0
 1087 10604.000 125554.000 0 0 56.000 36.000 2016.000 44.899 0 1 14 200 0 0
 1088 9870.000 123376.000 0 0 56.000 36.000 2016.000 44.899 0 1 10 200 0 0
 1089 8183.000 114481.000 0 0 52.000 30.000 1560.000 39.496 0 1 6 200 0 0
 1090 7743.000 113654.000 0 0 52.000 30.000 1560.000 39.496 0 1 6 200 0 0
 1091 7710.000 110311.000 0 0 52.000 28.000 1456.000 38.157 0 1 5 200 0 0
 1092 38928.000 171078.000 0 0 52.000 52.000 2704.000 52.000 0 1 31 200 0 0
 1093 74634.000 189793.000 0 0 36.000 56.000 2016.000 44.899 0 1 35 200 0 0
 1094 21524.000 150847.000 0 0 0.000 0.000 0.000 200000.000 0 1 0 200 0 0
 1095 71452.000 188759.000 0 0 0.000 0.000 0.000 200000.000 0 1 0 200 0 0
 1096 21874.000 149180.000 0 0 56.000 48.000 2688.000 51.845 0 1 23 200 0 0
 1097 69808.000 188375.000 0 0 0.000 0.000 0.000 200000.000 0 1 0 200 0 0
 1098 19553.000 145704.000 0 0 54.000 46.000 2484.000 49.839 0 1 19 200 0 0
 1099 62386.000 185665.000 0 0 0.000 0.000 0.000 200000.000 0 1 0 200 0 0
 1100 17451.000 143311.000 0 0 56.000 44.000 2464.000 49.638 0 1 19 200 0 0
 1101 13546.000 132845.000 0 0 56.000 40.000 2240.000 47.328 0 1 17 200 0 0
 1102 13373.000 134615.000 0 0 56.000 42.000 2352.000 48.497 0 1 17 200 0 0
 1103 11830.000 128894.000 0 0 54.000 38.000 2052.000 45.299 0 1 12 200 0 0
 1104 10554.000 125888.000 0 0 56.000 36.000 2016.000 44.899 0 1 14 200 0 0
 1105 7951.000 114923.000 0 0 52.000 32.000 1664.000 40.792 0 1 6 200 0 0
 1106 9497.000 122596.000 0 0 54.000 36.000 1944.000 44.090 0 1 10 200 0 0
 1107 8345.000 120666.000 0 0 54.000 34.000 1836.000 42.848 0 1 8 200 0 0
 1108 7782.000 113915.000 0 0 52.000 30.000 1560.000 39.496 0 1 6 200 0 0
 1109 7507.000 90501.000 0 0 0.000 0.000 0.000 0.268 0 1 0 0 0 0
 1110 7080.000 103451.000 0 0 50.000 24.000 1200.000 34.641 0 1 3 200 0 0
 1111 24036.000 155123.000 0 0 0.000 0.000 0.000 200000.000 0 1 0 200 0 0
 1112 6860.000 101405.000 0 0 50.000 24.000 1200.000 34.641 0 1 2 200 0 0
 1113 17490.000 141965.000 0 0 56.000 44.000 2464.000 49.638 0 1 19 200 0 0
 1114 40175.000 170416.000 0 0 52.000 54.000 2808.000 52.990 0 1 31 200 0 0
 1115 12941.000 131228.000 0 0 56.000 40.000 2240.000 47.328 0 1 12 200 0 0
 1116 22799.000 153370.000 0 0 0.000 0.000 0.000 200000.000 0 1 0 200 0 0
 1117 8740.000 115123.000 0 0 52.000 32.000 1664.000 40.792 0 1 6 200 0 0
 1118 12637.000 132992.000 0 0 56.000 40.000 2240.000 47.328 0 1 17 200 0 0
 1119 12198.000 131649.000 0 0 56.000 40.000 2240.000 47.328 0 1 12 200 0 0
 1120 11548.000 131248.000 0 0 54.000 40.000 2160.000 46.475 0 1 12 200 0 0
 1121 11379.000 129365.000 0 0 54.000 38.000 2052.000 45.299 0 1 12 200 0 0
 1122 9998.000 127021.000 0 0 54.000 38.000 2052.000 45.299 0 1 14 200 0 0
 1123 10330.000 126208.000 0 0 54.000 38.000 2052.000 45.299 0 1 14 200 0 0
 1124 8530.000 119926.000 0 0 54.000 34.000 1836.000 42.848 0 1 8 200 0 0
 1125 8323.000 118071.000 0 0 54.000 32.000 1728.000 41.569 0 1 6 200 0 0
 1126 8315.000 117158.000 0 0 54.000 32.000 1728.000 41.569 0 1 6 200 0 0
 1127 8037.000 115533.000 0 0 52.000 32.000 1664.000 40.792 0 1 6 200 0 0
 1128 8013.000 115316.000 0 0 52.000 32.000 1664.000 40.792 0 1 6 200 0 0
 1129 6873.000 93057.000 0 0 0.000 0.000 0.000 200000.000 0 1 0 200 0 0
 1130 28057.000 160025.000 0 0 0.000 0.000 0.000 200000.000 0 1 0 200 0 0
 1131 72350.000 189459.000 0 0 0.000 0.000 0.000 0.250 0 1 0 0 0 0
 1132 14700.000 138663.000 0 0 54.000 42.000 2268.000 47.623 0 1 17 200 0 0
 1133 12813.000 134172.000 0 0 56.000 42.000 2352.000 48.497 0 1 17 200 0 0
 1134 52986.000 181669.000 0 0 0.000 0.000 0.000 200000.000 0 1 0 200 0 0
 1135 17821.000 146000.000 0 0 54.000 46.000 2484.000 49.839 0 1 19 200 0 0
 1136 17412.000 145258.000 0 0 54.000 46.000 2484.000 49.839 0 1 19 200 0 0
 1137 16084.000 142734.000 0 0 56.000 44.000 2464.000 49.638 0 1 19 200 0 0
 1138 13646.000 135792.000 0 0 56.000 42.000 2352.000 48.497 0 1 17 200 0 0
 1139 11357.000 130171.000 0 0 54.000 40.000 2160.000 46.475 0 1 12 200 0 0
 1140 10238.000 127227.000 0 0 54.000 38.000 2052.000 45.299 0 1 14 200 0 0
 1141 9521.000 124063.000 0 0 56.000 36.000 2016.000 44.899 0 1 10 200 0 0
 1142 7915.000 116822.000 0 0 54.000 32.000 1728.000 41.569 0 1 6 200 0 0
 1143 9413.000 119985.000 0 0 0.000 0.000 0.000 200000.000 0 1 0 200 0 0
 1144 7044.000 112318.000 0 0 0.000 0.000 0.000 200000.000 0 1 0 200 0 0
 1145 6634.000 106404.000 0 0 50.000 26.000 1300.000 36.055 0 1 4 200 0 0
 1146 66762.000 187821.000 0 0 0.000 0.000 0.000 200000.000 0 1 0 200 0 0
 1147 6745.000 106258.000 0 0 50.000 26.000 1300.000 36.055 0 1 4 200 0 0
 1148 66653.000 187688.000 0 0 0.000 0.000 0.000 0.138 0 1 0 0 0 0
 1149 6714.000 105555.000 0 0 50.000 26.000 1300.000 36.055 0 1 4 200 0 0
 1150 26277.000 158369.000 0 0 0.000 0.000 0.000 200000.000 0 1 0 200 0 0
 1151 6280.000 98261.000 0 0 50.000 24.000 1200.000 34.641 0 1 1 210 0 0
 1152 19052.000 145580.000 0 0 54.000 46.000 2484.000 49.839 0 1 19 200 0 0
 1153 65873.000 187479.000 0 0 0.000 0.000 0.000 200000.000 0 1 0 200 0 0
 1154 13846.000 137577.000 0 0 54.000 40.000 2160.000 46.475 0 1 17 200 0 0
 1155 56595.000 183263.000 0 0 0.000 0.000 0.000 200000.000 0 1 0 200 0 0
 1156 13958.000 134886.000 0 0 56.000 42.000 2352.000 48.497 0 1 17 200 0 0
 1157 9640.000 124509.000 0 0 56.000 36.000 2016.000 44.899 0 1 10 200 0 0
 1158 15827.000 141460.000 0 0 0.000 0.000 0.000 200000.000 0 1 0 200 0 0
 1159 16517.000 140521.000 0 0 56.000 42.000 2352.000 48.497 0 1 19 200 0 0
 1160 7269.000 115041.000 0 0 52.000 32.000 1664.000 40.792 0 1 6 200 0 0
 1161 14331.000 138258.000 0 0 54.000 42.000 2268.000 47.623 0 1 17 200 0 0
 1162 14309.000 137787.000 0 0 54.000 42.000 2268.000 47.623 0 1 17 200 0 0
 1163 11719.000 131726.000 0 0 56.000 40.000 2240.000 47.328 0 1 12 200 0 0
 1164 12499.000 131210.000 0 0 56.000 40.000 2240.000 47.328 0 1 12 200 0 0
 1165 11228.000 130318.000 0 0 54.000 40.000 2160.000 46.475 0 1 12 200 0 0
 1166 9204.000 123440.000 0 0 54.000 36.000 1944.000 44.090 0 1 10 200 0 0
 1167 8844.000 121653.000 0 0 54.000 34.000 1836.000 42.848 0 1 8 200 0 0
 1168 8342.000 119825.000 0 0 54.000 34.000 1836.000 42.848 0 1 8 200 0 0
 1169 10160.000 123496.000 0 0 56.000 36.000 2016.000 44.899 0 1 10 200 0 0
 1170 7843.000 116716.000 0 0 54.000 32.000 1728.000 41.569 0 1 6 200 0 0
 1171 7643.000 116259.000 0 0 54.000 32.000 1728.000 41.569 0 1 6 200 0 0
 1172 17476.000 145377.000 0 0 54.000 46.000 2484.000 49.839 0 1 19 200 0 0
 1173 6326.000 103113.000 0 0 50.000 24.000 1200.000 34.641 0 1 3 200 0 0
 1174 6436.000 99130.000 0 0 50.000 24.000 1200.000 34.641 0 1 1 210 0 0
 1175 8447.000 118098.000 0 0 54.000 32.000 1728.000 41.569 0 1 6 200 0 0
 1176 6385.000 98668.000 0 0 50.000 24.000 1200.000 34.641 0 1 1 210 0 0
 1177 73920.000 190204.000 0 0 36.000 56.000 2016.000 44.899 0 1 35 200 0 0
 1178 71175.000 189413.000 0 0 0.000 0.000 0.000 0.466 0 1 0 0 0 0
 1179 7429.000 113618.000 0 0 52.000 30.000 1560.000 39.496 0 1 6 200 0 0
 1180 57544.000 184513.000 0 0 0.000 0.000 0.000 200000.000 0 1 0 200 0 0
 1181 41504.000 172421.000 0 0 0.000 0.000 0.000 200000.000 0 1 0 200 0 0
 1182 11598.000 131955.000 0 0 56.000 40.000 2240.000 47.328 0 1 12 200 0 0
 1183 10705.000 130892.000 0 0 54.000 40.000 2160.000 46.475 0 1 12 200 0 0
 1184 9643.000 126412.000 0 0 54.000 38.000 2052.000 45.299 0 1 14 200 0 0
 1185 8550.000 121546.000 0 0 54.000 34.000 1836.000 42.848 0 1 8 200 0 0
 1186 7553.000 117670.000 0 0 54.000 32.000 1728.000 41.569 0 1 6 200 0 0
 1187 7436.000 114701.000 0 0 52.000 30.000 1560.000 39.496 0 1 6 200 0 0
 1188 6939.000 114022.000 0 0 52.000 30.000 1560.000 39.496 0 1 6 200 0 0
 1189 6416.000 108029.000 0 0 0.000 0.000 0.000 200000.000 0 1 0 200 0 0
 1190 6114.000 102377.000 0 0 50.000 24.000 1200.000 34.641 0 1 3 200 0 0
 1191 6171.000 100366.000 0 0 51.000 24.000 1224.000 34.985 0 1 1 210 0 0
 1192 66385.000 188405.000 0 0 0.000 0.000 0.000 200000.000 0 1 0 200 0 0
 1193 45731.000 177006.000 0 0 0.000 0.000 0.000 0.229 0 1 0 0 0 0
 1194 51746.000 179919.000 0 0 0.000 0.000 0.000 200000.000 0 1 0 200 0 0
 1195 25514.000 157668.000 0 0 0.000 0.000 0.000 200000.000 0 1 0 200 0 0
 1196 19169.000 149331.000 0 0 0.000 0.000 0.000 200000.000 0 1 0 200 0 0
 1197 16987.000 144474.000 0 0 56.000 44.000 2464.000 49.638 0 1 19 200 0 0
 1198 18580.000 148348.000 0 0 0.000 0.000 0.000 200000.000 0 1 0 200 0 0
 1199 12580.000 133569.000 0 0 56.000 40.000 2240.000 47.328 0 1 17 200 0 0
 1200 11199.000 131279.000 0 0 54.000 40.000 2160.000 46.475 0 1 12 200 0 0
 1201 11097.000 127941.000 0 0 54.000 38.000 2052.000 45.299 0 1 12 200 0 0
 1202 7741.000 118630.000 0 0 54.000 32.000 1728.000 41.569 0 1 6 200 0 0
 1203 10970.000 127704.000 0 0 54.000 38.000 2052.000 45.299 0 1 12 200 0 0
 1204 7950.000 121235.000 0 0 54.000 34.000 1836.000 42.848 0 1 8 200 0 0
 1205 5978.000 106786.000 0 0 50.000 26.000 1300.000 36.055 0 1 4 200 0 0
 1206 7323.000 111822.000 0 0 0.000 0.000 0.000 200000.000 0 1 0 200 0 0
 1207 6097.000 99567.000 0 0 51.000 24.000 1224.000 34.985 0 1 1 210 0 0
 1208 6386.000 92744.000 0 0 0.000 0.000 0.000 200000.000 0 1 0 200 0 0
 1209 32143.000 165847.000 0 0 0.000 0.000 0.000 200000.000 0 1 0 200 0 0
 1210 23222.000 154499.000 0 0 0.000 0.000 0.000 0.205 0 1 0 0 0 0
 1211 19178.000 149018.000 0 0 0.000 0.000 0.000 200000.000 0 1 0 200 0 0
 1212 47148.000 177089.000 0 0 0.000 0.000 0.000 200000.000 0 1 0 200 0 0
 1213 14373.000 140792.000 0 0 56.000 42.000 2352.000 48.497 0 1 17 200 0 0
 1214 17510.000 143734.000 0 0 56.000 44.000 2464.000 49.638 0 1 19 200 0 0
 1215 14594.000 139660.000 0 0 56.000 42.000 2352.000 48.497 0 1 17 200 0 0
 1216 12292.000 134709.000 0 0 56.000 42.000 2352.000 48.497 0 1 17 200 0 0
 1217 14978.000 138685.000 0 0 54.000 42.000 2268.000 47.623 0 1 17 200 0 0
 1218 11266.000 128576.000 0 0 54.000 38.000 2052.000 45.299 0 1 12 200 0 0
 1219 9806.000 128141.000 0 0 54.000 38.000 2052.000 45.299 0 1 14 200 0 0
 1220 9726.000 127295.000 0 0 54.000 38.000 2052.000 45.299 0 1 14 200 0 0
 1221 9456.000 126984.000 0 0 54.000 38.000 2052.000 45.299 0 1 14 200 0 0
 1222 9445.000 126338.000 0 0 56.000 36.000 2016.000 44.899 0 1 14 200 0 0
 1223 9172.000 125059.000 0 0 56.000 36.000 2016.000 44.899 0 1 10 200 0 0
 1224 8176.000 120837.000 0 0 54.000 34.000 1836.000 42.848 0 1 8 200 0 0
 1225 5764.000 101897.000 0 0 50.000 24.000 1200.000 34.641 0 1 3 200 0 0
 1226 7807.000 80634.000 0 0 0.000 0.000 0.000 200000.000 0 1 0 200 0 0
 1227 44291.000 176418.000 0 0 0.000 0.000 0.000 200000.000 0 1 0 200 0 0
 1228 52523.000 181991.000 0 0 0.000 0.000 0.000 200000.000 0 1 0 200 0 0
 1229 41682.000 174660.000 0 0 0.000 0.000 0.000 200000.000 0 1 0 200 0 0
 1230 38905.000 172178.000 0 0 0.000 0.000 0.000 200000.000 0 1 0 200 0 0
 1231 12940.000 136752.000 0 0 56.000 42.000 2352.000 48.497 0 1 17 200 0 0
 1232 24904.000 157710.000 0 0 0.000 0.000 0.000 200000.000 0 1 0 200 0 0
 1233 12502.000 132528.000 0 0 56.000 40.000 2240.000 47.328 0 1 17 200 0 0
 1234 10389.000 129877.000 0 0 54.000 38.000 2052.000 45.299 0 1 12 200 0 0
 1235 15521.000 142756.000 0 0 0.000 0.000 0.000 200000.000 0 1 0 200 0 0
 1236 9221.000 125895.000 0 0 56.000 36.000 2016.000 44.899 0 1 14 200 0 0
 1237 14858.000 138885.000 0 0 54.000 42.000 2268.000 47.623 0 1 17 200 0 0
 1238 8863.000 124891.000 0 0 56.000 36.000 2016.000 44.899 0 1 10 200 0 0
 1239 12345.000 132678.000 0 0 56.000 40.000 2240.000 47.328 0 1 17 200 0 0
 1240 8864.000 124320.000 0 0 56.000 36.000 2016.000 44.899 0 1 10 200 0 0
 1241 8312.000 121671.000 0 0 54.000 34.000 1836.000 42.848 0 1 8 200 0 0
 1242 10412.000 126904.000 0 0 54.000 38.000 2052.000 45.299 0 1 14 200 0 0
 1243 7436.000 114356.000 0 0 52.000 30.000 1560.000 39.496 0 1 6 200 0 0
 1244 5630.000 110525.000 0 0 0.000 0.000 0.000 200000.000 0 1 0 200 0 0
 1245 5664.000 107149.000 0 0 50.000 26.000 1300.000 36.055 0 1 4 200 0 0
 1246 73379.000 190933.000 0 0 0.000 0.000 0.000 200000.000 0 1 0 200 0 0
 1247 55701.000 183753.000 0 0 0.000 0.000 0.000 200000.000 0 1 0 200 0 0
 1248 59899.000 185711.000 0 0 0.000 0.000 0.000 200000.000 0 1 0 200 0 0
 1249 18160.000 145804.000 0 0 54.000 46.000 2484.000 49.839 0 1 19 200 0 0
 1250 47814.000 179074.000 0 0 0.000 0.000 0.000 200000.000 0 1 0 200 0 0
 1251 16445.000 142541.000 0 0 56.000 44.000 2464.000 49.638 0 1 19 200 0 0
 1252 22634.000 154916.000 0 0 0.000 0.000 0.000 200000.000 0 1 0 200 0 0
 1253 12726.000 134881.000 0 0 56.000 42.000 2352.000 48.497 0 1 17 200 0 0
 1254 14765.000 139368.000 0 0 56.000 42.000 2352.000 48.497 0 1 17 200 0 0
 1255 11678.000 130653.000 0 0 54.000 40.000 2160.000 46.475 0 1 12 200 0 0
 1256 10944.000 131479.000 0 0 54.000 40.000 2160.000 46.475 0 1 12 200 0 0
 1257 8789.000 120564.000 0 0 54.000 34.000 1836.000 42.848 0 1 8 200 0 0
 1258 10645.000 130520.000 0 0 54.000 40.000 2160.000 46.475 0 1 12 200 0 0
 1259 7912.000 117607.000 0 0 54.000 32.000 1728.000 41.569 0 1 6 200 0 0
 1260 8286.000 122513.000 0 0 54.000 34.000 1836.000 42.848 0 1 8 200 0 0
 1261 6839.000 117546.000 0 0 54.000 32.000 1728.000 41.569 0 1 6 200 0 0
 1262 7965.000 117422.000 0 0 54.000 32.000 1728.000 41.569 0 1 6 200 0 0
 1263 6067.000 111367.000 0 0 0.000 0.000 0.000 200000.000 0 1 0 200 0 0
 1264 5462.000 103403.000 0 0 0.000 0.000 0.000 200000.000 0 1 0 200 0 0
 1265 7253.000 112528.000 0 0 0.000 0.000 0.000 200000.000 0 1 0 200 0 0
 1266 71018.000 190388.000 0 0 0.000 0.000 0.000 200000.000 0 1 0 200 0 0
 1267 45343.000 177593.000 0 0 0.000 0.000 0.000 200000.000 0 1 0 200 0 0
 1268 6601.000 108687.000 0 0 0.000 0.000 0.000 200000.000 0 1 0 200 0 0
 1269 53158.000 181353.000 0 0 0.000 0.000 0.000 200000.000 0 1 0 200 0 0
 1270 69389.000 189767.000 0 0 0.000 0.000 0.000 0.391 0 1 0 0 0 0
 1271 35003.000 169147.000 0 0 0.000 0.000 0.000 200000.000 0 1 0 200 0 0
 1272 68412.000 189278.000 0 0 0.000 0.000 0.000 0.370 0 1 0 0 0 0
 1273 23206.000 155556.000 0 0 0.000 0.000 0.000 0.130 0 1 0 0 0 0
 1274 63122.000 187463.000 0 0 0.000 0.000 0.000 200000.000 0 1 0 200 0 0
 1275 16910.000 143755.000 0 0 56.000 44.000 2464.000 49.638 0 1 19 200 0 0
 1276 58836.000 185425.000 0 0 0.000 0.000 0.000 0.221 0 1 0 0 0 0
 1277 12063.000 132997.000 0 0 56.000 40.000 2240.000 47.328 0 1 17 200 0 0
 1278 54683.000 183197.000 0 0 0.000 0.000 0.000 0.344 0 1 0 0 0 0
 1279 52994.000 182236.000 0 0 0.000 0.000 0.000 0.248 0 1 0 0 0 0
 1280 6190.000 113358.000 0 0 0.000 0.000 0.000 0.137 0 1 0 0 0 0
 1281 28427.000 161955.000 0 0 0.000 0.000 0.000 0.308 0 1 0 0 0 0
 1282 22909.000 155010.000 0 0 0.000 0.000 0.000 200000.000 0 1 0 200 0 0
 1283 5588.000 110131.000 0 0 0.000 0.000 0.000 200000.000 0 1 0 200 0 0
 1284 13093.000 135807.000 0 0 56.000 42.000 2352.000 48.497 0 1 17 200 0 0
 1285 9049.000 126235.000 0 0 56.000 36.000 2016.000 44.899 0 1 14 200 0 0
 1286 10656.000 129018.000 0 0 54.000 38.000 2052.000 45.299 0 1 12 200 0 0
 1287 7964.000 123471.000 0 0 54.000 36.000 1944.000 44.090 0 1 10 200 0 0
 1288 5162.000 104451.000 0 0 0.000 0.000 0.000 200000.000 0 1 0 200 0 0
 1289 5411.000 97453.000 0 0 0.000 0.000 0.000 0.250 0 1 0 0 0 0
 1290 5882.000 101944.000 0 0 50.000 24.000 1200.000 34.641 0 1 3 200 0 0
 1291 6292.000 87110.000 0 0 0.000 0.000 0.000 200000.000 0 1 0 200 0 0
 1292 32719.000 166925.000 0 0 0.000 0.000 0.000 0.186 0 1 0 0 0 0
 1293 68429.000 189515.000 0 0 0.000 0.000 0.000 200000.000 0 1 0 200 0 0
 1294 11105.000 130753.000 0 0 54.000 40.000 2160.000 46.475 0 1 12 200 0 0
 1295 70780.000 189639.000 0 0 0.000 0.000 0.000 200000.000 0 1 0 200 0 0
 1296 43099.000 174971.000 0 0 0.000 0.000 0.000 200000.000 0 1 0 200 0 0
 1297 13396.000 136259.000 0 0 56.000 42.000 2352.000 48.497 0 1 17 200 0 0
 1298 7178.000 120106.000 0 0 54.000 34.000 1836.000 42.848 0 1 8 200 0 0
 1299 6272.000 115274.000 0 0 52.000 32.000 1664.000 40.792 0 1 6 200 0 0
 1300 6154.000 114239.000 0 0 52.000 30.000 1560.000 39.496 0 1 6 200 0 0
 1301 10478.000 129635.000 0 0 54.000 38.000 2052.000 45.299 0 1 12 200 0 0
 1302 62292.000 186426.000 0 0 0.000 0.000 0.000 200000.000 0 1 0 200 0 0
 1303 7272.000 116640.000 0 0 54.000 32.000 1728.000 41.569 0 1 6 200 0 0
 1304 16157.000 143098.000 0 0 56.000 44.000 2464.000 49.638 0 1 19 200 0 0
 1305 6723.000 113720.000 0 0 52.000 30.000 1560.000 39.496 0 1 6 200 0 0
 1306 8366.000 121156.000 0 0 54.000 34.000 1836.000 42.848 0 1 8 200 0 0
 1307 6839.000 114701.000 0 0 52.000 30.000 1560.000 39.496 0 1 6 200 0 0
 1308 6909.000 113854.000 0 0 52.000 30.000 1560.000 39.496 0 1 6 200 0 0
 1309 5136.000 100190.000 0 0 0.000 0.000 0.000 0.403 0 1 0 0 0 0
 1310 14721.000 140616.000 0 0 56.000 42.000 2352.000 48.497 0 1 17 200 0 0
 1311 59572.000 185511.000 0 0 0.000 0.000 0.000 200000.000 0 1 0 200 0 0
 1312 13830.000 139628.000 0 0 0.000 0.000 0.000 200000.000 0 1 0 200 0 0
 1313 7747.000 120565.000 0 0 54.000 34.000 1836.000 42.848 0 1 8 200 0 0
 1314 6168.000 111197.000 0 0 0.000 0.000 0.000 200000.000 0 1 0 200 0 0
 1315 39617.000 173326.000 0 0 0.000 0.000 0.000 0.160 0 1 0 0 0 0
 1316 39619.000 173246.000 0 0 0.000 0.000 0.000 200000.000 0 1 0 200 0 0
 1317 38127.000 171928.000 0 0 0.000 0.000 0.000 200000.000 0 1 0 200 0 0
 1318 37762.000 171546.000 0 0 0.000 0.000 0.000 200000.000 0 1 0 200 0 0
 1319 25818.000 158993.000 0 0 0.000 0.000 0.000 200000.000 0 1 0 200 0 0
 1320 23592.000 156388.000 0 0 0.000 0.000 0.000 0.145 0 1 0 0 0 0
 1321 23674.000 156267.000 0 0 0.000 0.000 0.000 0.297 0 1 0 0 0 0
 1322 21753.000 153799.000 0 0 0.000 0.000 0.000 0.139 0 1 0 0 0 0
 1323 21831.000 153687.000 0 0 0.000 0.000 0.000 0.263 0 1 0 0 0 0
 1324 17156.000 146378.000 0 0 54.000 46.000 2484.000 49.839 0 1 19 200 0 0
 1325 16243.000 144494.000 0 0 56.000 44.000 2464.000 49.638 0 1 19 200 0 0
 1326 15143.000 142569.000 0 0 0.000 0.000 0.000 0.169 0 1 0 0 0 0
 1327 14755.000 141782.000 0 0 56.000 44.000 2464.000 49.638 0 1 17 200 0 0
 1328 14785.000 141134.000 0 0 56.000 42.000 2352.000 48.497 0 1 17 200 0 0
 1329 12357.000 135912.000 0 0 56.000 42.000 2352.000 48.497 0 1 17 200 0 0
 1330 10321.000 131079.000 0 0 54.000 40.000 2160.000 46.475 0 1 12 200 0 0
 1331 10526.000 130317.000 0 0 54.000 40.000 2160.000 46.475 0 1 12 200 0 0
 1332 10144.000 129757.000 0 0 54.000 38.000 2052.000 45.299 0 1 12 200 0 0
 1333 9614.000 128425.000 0 0 54.000 38.000 2052.000 45.299 0 1 14 200 0 0
 1334 8433.000 124405.000 0 0 56.000 36.000 2016.000 44.899 0 1 10 200 0 0
 1335 8506.000 123535.000 0 0 54.000 36.000 1944.000 44.090 0 1 10 200 0 0
 1336 7398.000 120468.000 0 0 54.000 34.000 1836.000 42.848 0 1 8 200 0 0
 1337 7243.000 119595.000 0 0 54.000 34.000 1836.000 42.848 0 1 8 200 0 0
 1338 5948.000 113107.000 0 0 0.000 0.000 0.000 200000.000 0 1 0 200 0 0
 1339 5826.000 112178.000 0 0 0.000 0.000 0.000 200000.000 0 1 0 200 0 0
 1340 33137.000 166946.000 0 0 0.000 0.000 0.000 200000.000 0 1 0 200 0 0
 1341 14836.000 141701.000 0 0 56.000 42.000 2352.000 48.497 0 1 17 200 0 0
 1342 14698.000 141664.000 0 0 56.000 42.000 2352.000 48.497 0 1 17 200 0 0
 1343 12573.000 136976.000 0 0 56.000 42.000 2352.000 48.497 0 1 17 200 0 0
 1344 11797.000 134891.000 0 0 56.000 42.000 2352.000 48.497 0 1 17 200 0 0
 1345 11331.000 133463.000 0 0 56.000 40.000 2240.000 47.328 0 1 17 200 0 0
 1346 10334.000 130394.000 0 0 54.000 40.000 2160.000 46.475 0 1 12 200 0 0
 1347 10135.000 130248.000 0 0 54.000 38.000 2052.000 45.299 0 1 12 200 0 0
 1348 9132.000 127381.000 0 0 54.000 38.000 2052.000 45.299 0 1 14 200 0 0
 1349 9104.000 127290.000 0 0 54.000 38.000 2052.000 45.299 0 1 14 200 0 0
 1350 8966.000 126822.000 0 0 54.000 38.000 2052.000 45.299 0 1 14 200 0 0
 1351 9085.000 126738.000 0 0 54.000 38.000 2052.000 45.299 0 1 14 200 0 0
 1352 8677.000 125815.000 0 0 56.000 36.000 2016.000 44.899 0 1 14 200 0 0
 1353 7399.000 120716.000 0 0 54.000 34.000 1836.000 42.848 0 1 8 200 0 0
 1354 6330.000 115093.000 0 0 52.000 30.000 1560.000 39.496 0 1 6 200 0 0
 1355 5320.000 105824.000 0 0 0.000 0.000 0.000 0.240 0 1 0 0 0 0
 1356 5376.000 105770.000 0 0 0.000 0.000 0.000 200000.000 0 1 0 200 0 0
 1357 43508.000 156189.000 0 0 8.078 8.121 65.609 8.099 0 1 26 200 0 0
 1358 43424.000 156348.000 0 0 18.902 18.978 358.744 18.940 0 1 26 200 0 0
 1359 43389.000 156312.000 0 0 29.698 29.855 886.674 29.777 0 1 26 200 0 0
 1360 43305.000 156468.000 0 0 27.074 27.183 735.965 27.128 0 1 26 200 0 0
 1361 43270.000 156433.000 0 0 37.875 38.074 1442.073 37.974 0 1 26 200 0 0
 1362 43154.000 156557.000 0 0 40.668 40.876 1662.405 40.772 0 1 26 200 0 0
 1363 43040.000 156685.000 0 0 24.461 24.580 601.287 24.521 0 1 26 200 0 0
 1364 42931.000 156815.000 0 0 73.540 73.869 5432.380 73.704 0 1 26 200 0 0
 1365 42812.000 156936.000 0 0 81.882 82.245 6734.492 82.063 0 1 26 200 0 0
 1366 42691.000 157055.000 0 0 76.586 76.926 5891.512 76.756 0 1 26 200 0 0
 1367 42552.000 157158.000 0 0 30.144 30.297 913.301 30.220 0 1 26 200 0 0
 1368 24726.000 142843.000 0 0 10.265 18.036 185.159 13.607 0 1 21 200 0 0
 1369 24681.000 142766.000 0 0 20.505 36.112 740.487 27.211 0 1 21 200 0 0
 1370 28730.000 149542.000 0 0 18.993 27.323 518.963 22.780 0 1 25 200 0 0
 1371 24554.000 142886.000 0 0 69.887 122.947 8592.464 92.695 0 1 21 200 0 0
 1372 28607.000 149662.000 0 0 71.421 102.674 7333.142 85.633 0 1 25 200 0 0
 1373 24433.000 143016.000 0 0 61.822 108.604 6714.198 81.940 0 1 21 200 0 0
 1374 24385.000 142934.000 0 0 24.700 43.501 1074.501 32.779 0 1 21 200 0 0
 1375 28463.000 149751.000 0 0 66.781 96.024 6412.660 80.079 0 1 25 200 0 0
 1376 24286.000 143104.000 0 0 66.122 116.145 7679.786 87.634 0 1 21 200 0 0
 1377 24235.000 143011.000 0 0 10.306 18.154 187.098 13.678 0 1 21 200 0 0
 1378 28382.000 149934.000 0 0 9.571 13.728 131.408 11.463 0 1 25 200 0 0
 1379 28330.000 149859.000 0 0 76.484 109.941 8408.797 91.699 0 1 25 200 0 0
 1380 24140.000 143190.000 0 0 64.183 112.733 7235.653 85.062 0 1 21 200 0 0
 1381 28225.000 150006.000 0 0 64.726 92.904 6013.433 77.546 0 1 25 200 0 0
 1382 28169.000 149925.000 0 0 19.140 27.538 527.101 22.958 0 1 25 200 0 0
 1383 24009.000 143303.000 0 0 14.526 25.491 370.306 19.243 0 1 21 200 0 0
 1384 23982.000 143257.000 0 0 29.032 51.019 1481.199 38.486 0 1 21 200 0 0
 1385 28087.000 150105.000 0 0 69.658 99.975 6964.120 83.451 0 1 25 200 0 0
 1386 27965.000 150228.000 0 0 21.675 31.086 673.802 25.957 0 1 25 200 0 0
 1387 27934.000 150184.000 0 0 33.681 48.367 1629.058 40.361 0 1 25 200 0 0
 1388 22431.000 141495.000 0 0 23.872 44.626 1065.335 32.639 0 1 20 200 0 0
 1389 22280.000 141571.000 0 0 35.869 67.060 2405.397 49.044 0 1 20 200 0 0
 1390 22129.000 141648.000 0 0 29.948 55.995 1676.977 40.950 0 1 20 200 0 0
 1391 21982.000 141734.000 0 0 16.000 29.910 478.575 21.876 0 1 20 200 0 0
 1392 21851.000 141852.000 0 0 8.022 14.980 120.182 10.962 0 1 20 200 0 0
 1393 21829.000 141807.000 0 0 22.048 41.226 908.984 30.149 0 1 20 200 0 0
 1394 21685.000 141902.000 0 0 56.245 105.123 5912.677 76.893 0 1 20 200 0 0
 1395 21535.000 141981.000 0 0 60.375 112.843 6812.986 82.540 0 1 20 200 0 0
 1396 20754.000 140482.000 0 0 15.520 30.381 471.522 21.714 0 1 19 200 0 0
 1397 21403.000 142093.000 0 0 18.165 33.917 616.122 24.821 0 1 20 200 0 0
 1398 21376.000 142043.000 0 0 32.247 60.304 1944.649 44.098 0 1 20 200 0 0
 1399 20597.000 140547.000 0 0 15.544 30.441 473.211 21.753 0 1 19 200 0 0
 1400 21229.000 142130.000 0 0 8.075 15.099 121.942 11.042 0 1 20 200 0 0
 1401 20463.000 140658.000 0 0 62.369 122.009 7609.666 87.233 0 1 19 200 0 0
 1402 20311.000 140734.000 0 0 64.438 126.061 8123.177 90.128 0 1 19 200 0 0
 1403 20204.000 140901.000 0 0 15.680 30.592 479.703 21.902 0 1 19 200 0 0
 1404 20160.000 140813.000 0 0 66.519 130.127 8655.999 93.037 0 1 19 200 0 0
 1405 43103.000 169589.000 0 0 26.678 21.813 581.956 24.123 0 1 30 200 0 0
 1406 20038.000 140947.000 0 0 58.887 114.997 6771.937 82.291 0 1 19 200 0 0
 1407 19992.000 140859.000 0 0 19.590 38.360 751.510 27.413 0 1 19 200 0 0
 1408 43010.000 169733.000 0 0 76.877 62.828 4830.105 69.498 0 1 30 200 0 0
 1409 24547.000 149103.000 0 0 30.602 47.024 1439.064 37.935 0 1 24 200 0 0
 1410 19886.000 141028.000 0 0 53.105 103.698 5506.956 74.208 0 1 19 200 0 0
 1411 42887.000 169852.000 0 0 120.542 98.558 11880.497 108.997 0 1 30 200 0 0
 1412 42392.000 169444.000 0 0 16.639 13.803 229.687 15.155 0 1 30 200 0 0
 1413 42284.000 169353.000 0 0 43.222 35.970 1554.743 39.430 0 1 30 200 0 0
 1414 24401.000 149191.000 0 0 9.429 14.491 136.648 11.689 0 1 24 200 0 0
 1415 19751.000 141133.000 0 0 15.769 30.765 485.162 22.026 0 1 19 200 0 0
 1416 19728.000 141088.000 0 0 25.607 50.027 1281.085 35.792 0 1 19 200 0 0
 1417 42778.000 169982.000 0 0 117.413 96.005 11272.284 106.171 0 1 30 200 0 0
 1418 42225.000 169525.000 0 0 156.644 130.171 20390.687 142.795 0 1 30 200 0 0
 1419 24333.000 149397.000 0 0 7.101 10.878 77.255 8.789 0 1 24 200 0 0
 1420 24269.000 149298.000 0 0 63.811 98.025 6255.089 79.089 0 1 24 200 0 0
 1421 42650.000 170096.000 0 0 97.449 79.729 7769.577 88.145 0 1 30 200 0 0
 1422 42115.000 169655.000 0 0 163.613 135.966 22245.943 149.150 0 1 30 200 0 0
 1423 24214.000 149523.000 0 0 14.239 21.791 310.300 17.615 0 1 24 200 0 0
 1424 24184.000 149477.000 0 0 30.835 47.250 1457.025 38.170 0 1 24 200 0 0
 1425 24128.000 149393.000 0 0 75.769 116.387 8818.593 93.907 0 1 24 200 0 0
 1426 18606.000 139594.000 0 0 13.282 27.304 362.657 19.043 0 1 19 200 0 0
 1427 42546.000 170231.000 0 0 117.831 96.395 11358.365 106.575 0 1 30 200 0 0
 1428 42066.000 169835.000 0 0 26.773 22.210 594.656 24.385 0 1 30 200 0 0
 1429 41991.000 169774.000 0 0 113.720 94.545 10751.756 103.690 0 1 30 200 0 0
 1430 34472.000 162748.000 0 0 42.113 43.979 1852.133 43.036 0 1 29 200 0 0
 1431 33124.000 161305.000 0 0 17.627 19.229 338.960 18.410 0 1 28 200 0 0
 1432 24015.000 149531.000 0 0 140.092 214.915 30108.051 173.516 0 1 24 200 0 0
 1433 18491.000 139746.000 0 0 13.333 27.342 364.564 19.093 0 1 19 200 0 0
 1434 18456.000 139671.000 0 0 13.308 27.354 364.038 19.079 0 1 19 200 0 0
 1435 42437.000 170362.000 0 0 124.795 102.093 12740.820 112.875 0 1 30 200 0 0
 1436 34351.000 162867.000 0 0 45.206 47.206 2134.051 46.195 0 1 29 200 0 0
 1437 34268.000 162781.000 0 0 42.135 44.116 1858.866 43.114 0 1 29 200 0 0
 1438 33021.000 161446.000 0 0 70.686 77.051 5446.438 73.799 0 1 28 200 0 0
 1439 23911.000 149684.000 0 0 61.928 94.841 5873.434 76.638 0 1 24 200 0 0
 1440 23842.000 149576.000 0 0 64.170 98.577 6325.737 79.534 0 1 24 200 0 0
 1441 18329.000 139802.000 0 0 30.528 62.641 1912.335 43.730 0 1 19 200 0 0
 1442 18298.000 139741.000 0 0 22.863 47.003 1074.662 32.782 0 1 19 200 0 0
 1443 13570.000 127925.000 0 0 9.367 28.993 271.604 16.480 0 1 12 200 0 0
 1444 42326.000 170491.000 0 0 111.511 91.235 10173.749 100.865 0 1 30 200 0 0
 1445 34237.000 162996.000 0 0 84.560 88.273 7464.446 86.397 0 1 29 200 0 0
 1446 34145.000 162900.000 0 0 45.229 47.354 2141.839 46.280 0 1 29 200 0 0
 1447 32893.000 161558.000 0 0 70.814 77.198 5466.788 73.937 0 1 28 200 0 0
 1448 23758.000 149758.000 0 0 28.626 43.862 1255.623 35.434 0 1 24 200 0 0
 1449 18170.000 139863.000 0 0 86.269 177.092 15277.595 123.602 0 1 19 200 0 0
 1450 13409.000 127979.000 0 0 8.185 25.331 207.340 14.399 0 1 12 200 0 0
 1451 42197.000 170605.000 0 0 33.852 27.714 938.206 30.630 0 1 30 200 0 0
 1452 34080.000 163077.000 0 0 166.045 173.528 28813.529 169.745 0 1 29 200 0 0
 1453 32776.000 161682.000 0 0 118.267 128.893 15243.895 123.466 0 1 28 200 0 0
 1454 18020.000 139943.000 0 0 91.956 188.733 17355.364 131.739 0 1 19 200 0 0
 1455 14605.000 131952.000 0 0 9.187 24.554 225.588 15.019 0 1 17 200 0 0
 1456 13261.000 128076.000 0 0 10.589 32.716 346.459 18.613 0 1 12 200 0 0
 1457 13246.000 128028.000 0 0 17.468 54.067 944.473 30.732 0 1 12 200 0 0
 1458 33950.000 163188.000 0 0 178.418 186.498 33274.841 182.413 0 1 29 200 0 0
 1459 32654.000 161801.000 0 0 124.433 135.597 16872.834 129.895 0 1 28 200 0 0
 1460 17881.000 140048.000 0 0 57.595 118.099 6802.068 82.474 0 1 19 200 0 0
 1461 17840.000 139963.000 0 0 22.991 47.267 1086.721 32.965 0 1 19 200 0 0
 1462 14461.000 132050.000 0 0 10.751 28.694 308.510 17.564 0 1 17 200 0 0
 1463 14443.000 132006.000 0 0 19.947 53.321 1063.609 32.613 0 1 17 200 0 0
 1464 13088.000 128093.000 0 0 39.056 120.827 4719.039 68.695 0 1 12 200 0 0
 1465 13055.000 127987.000 0 0 10.729 33.332 357.649 18.911 0 1 12 200 0 0
 1466 56627.000 180681.000 0 0 34.817 18.717 651.679 25.528 0 1 33 210 0 0
 1467 33886.000 163366.000 0 0 9.110 9.505 86.592 9.305 0 1 29 200 0 0
 1468 33807.000 163283.000 0 0 136.514 142.793 19493.468 139.619 0 1 29 200 0 0
 1469 32530.000 161916.000 0 0 121.698 132.615 16139.101 127.039 0 1 28 200 0 0
 1470 18962.000 142570.000 0 0 10.200 19.417 198.065 14.073 0 1 19 200 0 0
 1471 18087.000 140852.000 0 0 21.544 43.199 930.718 30.507 0 1 19 200 0 0
 1472 17744.000 140154.000 0 0 15.394 31.535 485.466 22.033 0 1 19 200 0 0
 1473 17723.000 140111.000 0 0 23.076 47.334 1092.298 33.049 0 1 19 200 0 0
 1474 14338.000 132208.000 0 0 7.717 20.525 158.405 12.585 0 1 17 200 0 0
 1475 14300.000 132107.000 0 0 58.484 156.105 9129.820 95.550 0 1 17 200 0 0
 1476 12928.000 128147.000 0 0 37.782 116.877 4415.875 66.452 0 1 12 200 0 0
 1477 12895.000 128041.000 0 0 16.132 50.112 808.436 28.433 0 1 12 200 0 0
 1478 56553.000 180833.000 0 0 23.242 12.492 290.356 17.039 0 1 33 210 0 0
 1479 33660.000 163377.000 0 0 91.145 95.406 8695.863 93.251 0 1 29 200 0 0
 1480 32405.000 162031.000 0 0 104.074 113.408 11802.931 108.641 0 1 28 200 0 0
 1481 19824.000 144531.000 0 0 19.217 34.599 664.890 25.785 0 1 19 200 0 0
 1482 19752.000 144400.000 0 0 10.638 19.228 204.567 14.302 0 1 19 200 0 0
 1483 18799.000 142623.000 0 0 53.127 101.213 5377.235 73.329 0 1 19 200 0 0
 1484 17942.000 140943.000 0 0 53.025 106.273 5635.230 75.068 0 1 19 200 0 0
 1485 14149.000 132188.000 0 0 75.608 201.657 15247.015 123.478 0 1 17 200 0 0
 1486 12777.000 128234.000 0 0 6.765 20.899 141.391 11.890 0 1 12 200 0 0
 1487 12760.000 128182.000 0 0 16.213 50.189 813.764 28.526 0 1 12 200 0 0
 1488 12731.000 128091.000 0 0 17.507 54.388 952.201 30.857 0 1 12 200 0 0
 1489 56505.000 181000.000 0 0 27.172 14.590 396.459 19.911 0 1 33 210 0 0
 1490 56459.000 180976.000 0 0 58.228 31.309 1823.102 42.697 0 1 33 210 0 0
 1491 32258.000 162123.000 0 0 8.931 9.739 86.983 9.326 0 1 28 200 0 0
 1492 20106.000 145381.000 0 0 21.758 38.306 833.496 28.870 0 1 19 200 0 0
 1493 19696.000 144652.000 0 0 19.269 34.654 667.766 25.841 0 1 19 200 0 0
 1494 19663.000 144591.000 0 0 42.749 77.017 3292.437 57.379 0 1 19 200 0 0
 1495 19605.000 144486.000 0 0 19.197 34.693 666.036 25.807 0 1 19 200 0 0
 1496 18732.000 142863.000 0 0 14.378 27.261 391.989 19.798 0 1 19 200 0 0
 1497 18645.000 142694.000 0 0 61.400 117.001 7183.887 84.757 0 1 19 200 0 0
 1498 17789.000 141017.000 0 0 59.018 118.290 6981.366 83.554 0 1 19 200 0 0
 1499 14869.000 134517.000 0 0 13.233 32.637 431.899 20.782 0 1 17 200 0 0
 1500 14008.000 132298.000 0 0 38.710 103.064 3989.668 63.163 0 1 17 200 0 0
 1501 13983.000 132230.000 0 0 9.267 24.732 229.208 15.139 0 1 17 200 0 0
 1502 13965.000 132183.000 0 0 16.972 45.373 770.116 27.750 0 1 17 200 0 0
 1503 13537.000 131007.000 0 0 5.943 16.573 98.512 9.925 0 1 12 200 0 0
 1504 13511.000 130931.000 0 0 34.099 95.350 3251.430 57.021 0 1 12 200 0 0
 1505 12575.000 128161.000 0 0 36.451 113.161 4124.840 64.224 0 1 12 200 0 0
 1506 56398.000 181137.000 0 0 101.133 54.348 5496.444 74.138 0 1 33 210 0 0
 1507 20019.000 145573.000 0 0 13.103 22.997 301.352 17.359 0 1 19 200 0 0
 1508 19961.000 145469.000 0 0 21.800 38.375 836.618 28.924 0 1 19 200 0 0
 1509 19526.000 144695.000 0 0 70.703 127.302 9000.770 94.872 0 1 19 200 0 0
 1510 19462.000 144579.000 0 0 44.873 81.070 3637.927 60.315 0 1 19 200 0 0
 1511 18681.000 143129.000 0 0 10.334 19.484 201.365 14.190 0 1 19 200 0 0
 1512 18584.000 142946.000 0 0 18.532 35.134 651.138 25.517 0 1 19 200 0 0
 1513 18489.000 142763.000 0 0 18.453 35.175 649.122 25.477 0 1 19 200 0 0
 1514 18468.000 142723.000 0 0 10.237 19.536 199.992 14.141 0 1 19 200 0 0
 1515 17638.000 141095.000 0 0 49.253 98.714 4862.071 69.728 0 1 19 200 0 0
 1516 14712.000 134583.000 0 0 14.924 36.805 549.280 23.436 0 1 17 200 0 0
 1517 13842.000 132339.000 0 0 15.505 41.309 640.522 25.308 0 1 17 200 0 0
 1518 13356.000 131006.000 0 0 53.506 149.519 8000.250 89.444 0 1 12 200 0 0
 1519 12412.000 128208.000 0 0 44.353 137.722 6108.451 78.156 0 1 12 200 0 0
 1520 56320.000 181288.000 0 0 105.217 56.538 5948.881 77.128 0 1 33 210 0 0
 1521 19870.000 145654.000 0 0 10.939 19.200 210.035 14.492 0 1 19 200 0 0
 1522 19811.000 145548.000 0 0 30.569 53.819 1645.252 40.561 0 1 19 200 0 0
 1523 19399.000 144818.000 0 0 12.886 23.175 298.657 17.281 0 1 19 200 0 0
 1524 19335.000 144697.000 0 0 107.069 193.226 20688.593 143.835 0 1 19 200 0 0
 1525 19256.000 144555.000 0 0 17.081 30.955 528.768 22.994 0 1 19 200 0 0
 1526 18532.000 143210.000 0 0 8.283 15.616 129.353 11.373 0 1 19 200 0 0
 1527 18457.000 143072.000 0 0 18.587 35.188 654.070 25.574 0 1 19 200 0 0
 1528 18431.000 143021.000 0 0 26.812 50.835 1363.016 36.919 0 1 19 200 0 0
 1529 18340.000 142844.000 0 0 10.266 19.566 200.875 14.173 0 1 19 200 0 0
 1530 18317.000 142801.000 0 0 28.725 54.821 1574.809 39.683 0 1 19 200 0 0
 1531 17473.000 141146.000 0 0 19.727 39.568 780.605 27.939 0 1 19 200 0 0
 1532 14551.000 134637.000 0 0 13.279 32.759 435.021 20.857 0 1 17 200 0 0
 1533 13827.000 132780.000 0 0 20.429 53.705 1097.201 33.124 0 1 17 200 0 0
 1534 13198.000 131067.000 0 0 56.167 156.933 8814.581 93.885 0 1 12 200 0 0
 1535 12250.000 128259.000 0 0 42.123 130.800 5509.779 74.227 0 1 12 200 0 0
 1536 56267.000 181451.000 0 0 35.149 18.872 663.361 25.755 0 1 33 210 0 0
 1537 56213.000 181425.000 0 0 62.452 33.584 2097.432 45.797 0 1 33 210 0 0
 1538 39759.000 170111.000 0 0 26.879 23.095 620.775 24.915 0 1 31 200 0 0
 1539 19744.000 145777.000 0 0 10.968 19.230 210.932 14.523 0 1 19 200 0 0
 1540 19718.000 145731.000 0 0 28.501 50.034 1426.028 37.762 0 1 19 200 0 0
 1541 19670.000 145647.000 0 0 61.272 107.826 6606.862 81.282 0 1 19 200 0 0
 1542 19166.000 144745.000 0 0 68.532 123.806 8484.824 92.113 0 1 19 200 0 0
 1543 19105.000 144633.000 0 0 21.399 38.786 830.022 28.810 0 1 19 200 0 0
 1544 18378.000 143286.000 0 0 24.902 46.957 1169.379 34.196 0 1 19 200 0 0
 1545 18293.000 143121.000 0 0 57.882 109.675 6348.239 79.675 0 1 19 200 0 0
 1546 18176.000 142898.000 0 0 53.471 101.990 5453.553 73.848 0 1 19 200 0 0
 1547 17322.000 141224.000 0 0 15.804 31.696 500.959 22.382 0 1 19 200 0 0
 1548 14394.000 134700.000 0 0 16.637 41.044 682.878 26.131 0 1 17 200 0 0
 1549 13662.000 132825.000 0 0 66.217 174.166 11532.967 107.391 0 1 17 200 0 0
 1550 13060.000 131187.000 0 0 41.862 116.699 4885.383 69.895 0 1 12 200 0 0
 1551 13024.000 131084.000 0 0 19.372 54.205 1050.118 32.405 0 1 12 200 0 0
 1552 12106.000 128368.000 0 0 13.601 42.141 573.198 23.941 0 1 12 200 0 0
 1553 12082.000 128292.000 0 0 16.276 50.580 823.283 28.692 0 1 12 200 0 0
 1554 56200.000 181608.000 0 0 39.128 21.000 821.709 28.665 0 1 33 210 0 0
 1555 39650.000 170241.000 0 0 30.312 26.043 789.426 28.096 0 1 31 200 0 0
 1556 19547.000 145776.000 0 0 121.003 212.666 25733.425 160.416 0 1 19 200 0 0
 1557 18990.000 144776.000 0 0 111.613 201.933 22538.392 150.127 0 1 19 200 0 0
 1558 18236.000 143379.000 0 0 51.991 97.996 5095.025 71.379 0 1 19 200 0 0
 1559 18150.000 143216.000 0 0 78.718 149.092 11736.396 108.334 0 1 19 200 0 0
 1560 18030.000 142988.000 0 0 65.944 125.741 8291.898 91.059 0 1 19 200 0 0
 1561 17175.000 141310.000 0 0 45.306 90.836 4115.475 64.151 0 1 19 200 0 0
 1562 14236.000 134761.000 0 0 18.332 45.230 829.181 28.795 0 1 17 200 0 0
 1563 13517.000 132923.000 0 0 41.036 107.797 4423.673 66.510 0 1 17 200 0 0
 1564 13482.000 132832.000 0 0 25.182 66.359 1671.077 40.878 0 1 17 200 0 0
 1565 12901.000 131247.000 0 0 47.933 133.609 6404.402 80.027 0 1 12 200 0 0
 1566 11943.000 128420.000 0 0 16.350 50.659 828.312 28.780 0 1 12 200 0 0
 1567 56118.000 181757.000 0 0 50.953 27.348 1393.506 37.329 0 1 33 210 0 0
 1568 39533.000 170364.000 0 0 43.853 37.685 1652.614 40.652 0 1 31 200 0 0
 1569 19404.000 145865.000 0 0 114.326 200.900 22968.211 151.552 0 1 19 200 0 0
 1570 18984.000 145118.000 0 0 8.648 15.529 134.315 11.589 0 1 19 200 0 0
 1571 18812.000 144808.000 0 0 73.073 132.400 9674.990 98.361 0 1 19 200 0 0
 1572 18087.000 143460.000 0 0 58.337 109.952 6414.304 80.089 0 1 19 200 0 0
 1573 18005.000 143305.000 0 0 76.807 145.426 11169.816 105.687 0 1 19 200 0 0
 1574 17895.000 143095.000 0 0 37.184 70.843 2634.262 51.325 0 1 19 200 0 0
 1575 17864.000 143035.000 0 0 20.633 39.381 812.589 28.505 0 1 19 200 0 0
 1576 17021.000 141383.000 0 0 59.347 118.999 7062.279 84.037 0 1 19 200 0 0
 1577 14084.000 134839.000 0 0 40.078 98.836 3961.194 62.938 0 1 17 200 0 0
 1578 13369.000 133015.000 0 0 14.247 37.384 532.631 23.078 0 1 17 200 0 0
 1579 13351.000 132964.000 0 0 20.544 54.002 1109.452 33.308 0 1 17 200 0 0
 1580 13326.000 132901.000 0 0 15.774 41.556 655.551 25.603 0 1 17 200 0 0
 1581 12740.000 131303.000 0 0 43.406 120.998 5252.116 72.471 0 1 12 200 0 0
 1582 11782.000 128471.000 0 0 13.651 42.297 577.399 24.029 0 1 12 200 0 0
 1583 11768.000 128428.000 0 0 9.536 29.597 282.256 16.800 0 1 12 200 0 0
 1584 56041.000 181910.000 0 0 35.347 18.970 670.547 25.894 0 1 33 210 0 0
 1585 39441.000 170510.000 0 0 87.887 75.484 6634.163 81.450 0 1 31 200 0 0
 1586 19284.000 145999.000 0 0 48.507 85.118 4128.852 64.256 0 1 19 200 0 0
 1587 18832.000 145195.000 0 0 36.830 66.145 2436.167 49.357 0 1 19 200 0 0
 1588 18665.000 144894.000 0 0 68.696 124.456 8549.762 92.464 0 1 19 200 0 0
 1589 17937.000 143539.000 0 0 50.086 94.402 4728.298 68.762 0 1 19 200 0 0
 1590 17864.000 143403.000 0 0 64.500 122.059 7872.931 88.729 0 1 19 200 0 0
 1591 17756.000 143197.000 0 0 62.124 118.279 7348.028 85.720 0 1 19 200 0 0
 1592 16872.000 141464.000 0 0 61.649 123.593 7619.437 87.289 0 1 19 200 0 0
 1593 15448.000 138463.000 0 0 18.441 40.539 747.615 27.342 0 1 17 200 0 0
 1594 13926.000 134902.000 0 0 46.850 115.537 5412.953 73.572 0 1 17 200 0 0
 1595 13529.000 133902.000 0 0 16.255 41.459 673.928 25.960 0 1 17 200 0 0
 1596 12593.000 131395.000 0 0 6.018 16.755 100.834 10.041 0 1 12 200 0 0
 1597 12574.000 131342.000 0 0 16.529 46.107 762.132 27.606 0 1 12 200 0 0
 1598 12253.000 130425.000 0 0 10.206 29.435 300.427 17.332 0 1 12 200 0 0
 1599 11609.000 128487.000 0 0 39.603 122.884 4866.641 69.761 0 1 12 200 0 0
 1600 39329.000 170639.000 0 0 101.589 87.254 8864.111 94.149 0 1 31 200 0 0
 1601 18679.000 145272.000 0 0 39.062 70.166 2740.933 52.353 0 1 19 200 0 0
 1602 18639.000 145199.000 0 0 17.328 31.191 540.504 23.248 0 1 19 200 0 0
 1603 18531.000 145004.000 0 0 8.626 15.616 134.722 11.606 0 1 19 200 0 0
 1604 18506.000 144956.000 0 0 30.172 54.694 1650.269 40.623 0 1 19 200 0 0
 1605 17773.000 143595.000 0 0 25.080 47.305 1186.446 34.444 0 1 19 200 0 0
 1606 17714.000 143483.000 0 0 52.116 98.622 5139.823 71.692 0 1 19 200 0 0
 1607 17604.000 143274.000 0 0 72.604 138.240 10036.851 100.184 0 1 19 200 0 0
 1608 16716.000 141532.000 0 0 53.758 107.801 5795.215 76.126 0 1 19 200 0 0
 1609 15346.000 138652.000 0 0 20.384 44.645 910.077 30.167 0 1 17 200 0 0
 1610 15296.000 138537.000 0 0 14.774 32.473 479.778 21.903 0 1 17 200 0 0
 1611 13820.000 135097.000 0 0 15.145 37.190 563.273 23.733 0 1 17 200 0 0
 1612 13768.000 134969.000 0 0 45.038 111.061 5002.037 70.725 0 1 17 200 0 0
 1613 13367.000 133958.000 0 0 14.654 37.385 547.858 23.406 0 1 17 200 0 0
 1614 12091.000 130475.000 0 0 16.072 46.361 745.139 27.297 0 1 12 200 0 0
 1615 11446.000 128537.000 0 0 43.776 135.840 5946.655 77.114 0 1 12 200 0 0
 1616 39219.000 170767.000 0 0 94.991 81.586 7750.027 88.034 0 1 31 200 0 0
 1617 18545.000 145379.000 0 0 76.135 136.661 10404.771 102.003 0 1 19 200 0 0
 1618 18491.000 145283.000 0 0 23.881 42.986 1026.597 32.040 0 1 19 200 0 0
 1619 17625.000 143679.000 0 0 46.061 86.867 4001.220 63.255 0 1 19 200 0 0
 1620 17496.000 143437.000 0 0 6.244 11.861 74.071 8.606 0 1 19 200 0 0
 1621 17447.000 143341.000 0 0 85.188 162.259 13822.752 117.570 0 1 19 200 0 0
 1622 15193.000 138723.000 0 0 27.844 60.982 1698.052 41.207 0 1 17 200 0 0
 1623 15144.000 138617.000 0 0 42.573 93.549 3982.708 63.108 0 1 17 200 0 0
 1624 13661.000 135156.000 0 0 18.540 45.534 844.233 29.055 0 1 17 200 0 0
 1625 13641.000 135104.000 0 0 6.729 16.554 111.395 10.554 0 1 17 200 0 0
 1626 13603.000 135011.000 0 0 15.108 37.283 563.306 23.734 0 1 17 200 0 0
 1627 13217.000 134036.000 0 0 40.794 104.013 4243.134 65.139 0 1 17 200 0 0
 1628 11939.000 130558.000 0 0 49.579 142.874 7083.612 84.164 0 1 12 200 0 0
 1629 11298.000 128631.000 0 0 10.976 34.006 373.284 19.320 0 1 12 200 0 0
 1630 11275.000 128557.000 0 0 34.227 106.340 3639.716 60.330 0 1 12 200 0 0
 1631 39102.000 170892.000 0 0 105.350 90.499 9534.159 97.643 0 1 31 200 0 0
 1632 18383.000 145440.000 0 0 111.089 199.533 22166.012 148.882 0 1 19 200 0 0
 1633 17658.000 144104.000 0 0 19.032 35.533 676.300 26.005 0 1 19 200 0 0
 1634 17476.000 143762.000 0 0 62.926 118.661 7466.959 86.411 0 1 19 200 0 0
 1635 17349.000 143518.000 0 0 18.769 35.647 669.096 25.866 0 1 19 200 0 0
 1636 17295.000 143416.000 0 0 77.003 146.686 11295.324 106.279 0 1 19 200 0 0
 1637 15011.000 138736.000 0 0 109.726 240.745 26416.296 162.530 0 1 17 200 0 0
 1638 14052.000 136544.000 0 0 14.010 32.950 461.647 21.485 0 1 17 200 0 0
 1639 13507.000 135228.000 0 0 52.351 128.535 6729.077 82.030 0 1 17 200 0 0
 1640 13060.000 134104.000 0 0 45.778 116.699 5342.284 73.090 0 1 17 200 0 0
 1641 12565.000 132808.000 0 0 11.005 29.330 322.804 17.966 0 1 17 200 0 0
 1642 11779.000 130613.000 0 0 50.113 144.416 7237.276 85.072 0 1 12 200 0 0
 1643 11112.000 128609.000 0 0 39.957 124.146 4960.627 70.431 0 1 12 200 0 0
 1644 39000.000 171027.000 0 0 108.955 93.573 10195.390 100.972 0 1 31 200 0 0
 1645 18228.000 145508.000 0 0 117.798 211.669 24934.308 157.906 0 1 19 200 0 0
 1646 17508.000 144184.000 0 0 27.536 51.411 1415.698 37.625 0 1 19 200 0 0
 1647 17326.000 143841.000 0 0 67.859 127.964 8683.585 93.185 0 1 19 200 0 0
 1648 17199.000 143598.000 0 0 18.814 35.732 672.285 25.928 0 1 19 200 0 0
 1649 17110.000 143430.000 0 0 31.229 59.603 1861.424 43.144 0 1 19 200 0 0
 1650 14861.000 138816.000 0 0 111.324 244.175 27182.703 164.871 0 1 17 200 0 0
 1651 13894.000 136608.000 0 0 15.797 37.158 587.014 24.228 0 1 17 200 0 0
 1652 13352.000 135300.000 0 0 49.075 120.459 5911.636 76.887 0 1 17 200 0 0
 1653 12901.000 134162.000 0 0 42.582 108.565 4622.953 67.992 0 1 17 200 0 0
 1654 12405.000 132865.000 0 0 12.458 33.206 413.706 20.339 0 1 17 200 0 0
 1655 11651.000 130766.000 0 0 11.795 33.871 399.518 19.987 0 1 12 200 0 0
 1656 11620.000 130677.000 0 0 47.058 135.574 6379.879 79.874 0 1 12 200 0 0
 1657 10950.000 128659.000 0 0 38.469 119.532 4598.312 67.810 0 1 12 200 0 0
 1658 38885.000 171153.000 0 0 95.508 82.034 7835.054 88.515 0 1 31 200 0 0
 1659 18059.000 145555.000 0 0 87.248 156.934 13692.282 117.014 0 1 19 200 0 0
 1660 17361.000 144270.000 0 0 59.423 110.926 6591.641 81.188 0 1 19 200 0 0
 1661 17174.000 143919.000 0 0 56.931 107.366 6112.517 78.182 0 1 19 200 0 0
 1662 17053.000 143686.000 0 0 58.640 111.340 6529.102 80.802 0 1 19 200 0 0
 1663 16968.000 143526.000 0 0 60.510 115.432 6984.957 83.576 0 1 19 200 0 0
 1664 14732.000 138941.000 0 0 65.334 143.059 9346.677 96.678 0 1 17 200 0 0
 1665 14693.000 138853.000 0 0 11.171 24.528 274.026 16.553 0 1 17 200 0 0
 1666 14671.000 138807.000 0 0 24.185 53.179 1286.191 35.863 0 1 17 200 0 0
 1667 13740.000 136680.000 0 0 42.195 99.230 4187.149 64.708 0 1 17 200 0 0
 1668 13186.000 135343.000 0 0 62.685 153.973 9651.924 98.244 0 1 17 200 0 0
 1669 12732.000 134199.000 0 0 16.397 41.841 686.080 26.193 0 1 17 200 0 0
 1670 12260.000 132963.000 0 0 6.318 16.818 106.273 10.308 0 1 17 200 0 0
 1671 12242.000 132914.000 0 0 20.513 54.693 1121.934 33.495 0 1 17 200 0 0
 1672 11478.000 130786.000 0 0 39.849 114.580 4565.963 67.571 0 1 12 200 0 0
 1673 10796.000 128738.000 0 0 6.885 21.374 147.183 12.131 0 1 12 200 0 0
 1674 10781.000 128691.000 0 0 15.131 47.052 711.966 26.682 0 1 12 200 0 0
 1675 7779.000 116546.000 0 0 3.171 17.677 56.069 7.487 0 1 6 200 0 0
 1676 38759.000 171268.000 0 0 34.170 29.362 1003.348 31.675 0 1 31 200 0 0
 1677 17901.000 145619.000 0 0 54.676 98.399 5380.111 73.349 0 1 19 200 0 0
 1678 17212.000 144352.000 0 0 65.910 123.029 8108.953 90.049 0 1 19 200 0 0
 1679 17020.000 143988.000 0 0 12.648 23.859 301.781 17.371 0 1 19 200 0 0
 1680 16908.000 143778.000 0 0 88.145 167.302 14746.935 121.436 0 1 19 200 0 0
 1681 16815.000 143598.000 0 0 62.701 119.633 7501.176 86.609 0 1 19 200 0 0
 1682 14575.000 139006.000 0 0 56.096 122.854 6891.744 83.016 0 1 17 200 0 0
 1683 13580.000 136737.000 0 0 52.667 123.893 6525.152 80.778 0 1 17 200 0 0
 1684 13045.000 135446.000 0 0 10.192 25.002 254.827 15.963 0 1 17 200 0 0
 1685 13013.000 135369.000 0 0 49.171 120.931 5946.335 77.112 0 1 17 200 0 0
 1686 12569.000 134248.000 0 0 13.129 33.519 440.107 20.978 0 1 17 200 0 0
 1687 12086.000 132981.000 0 0 42.690 113.794 4858.008 69.699 0 1 17 200 0 0
 1688 12052.000 132891.000 0 0 15.770 42.167 664.999 25.787 0 1 17 200 0 0
 1689 11315.000 130836.000 0 0 39.914 114.792 4581.847 67.689 0 1 12 200 0 0
 1690 9102.000 123462.000 0 0 13.498 52.294 705.883 26.568 0 1 10 200 0 0
 1691 9082.000 123384.000 0 0 8.965 34.856 312.488 17.677 0 1 10 200 0 0
 1692 7611.000 116568.000 0 0 3.970 22.137 87.887 9.374 0 1 6 200 0 0
 1693 17744.000 145689.000 0 0 21.906 39.438 863.952 29.393 0 1 19 200 0 0
 1694 17061.000 144427.000 0 0 78.795 147.101 11590.934 107.661 0 1 19 200 0 0
 1695 16764.000 143867.000 0 0 88.325 167.592 14802.715 121.666 0 1 19 200 0 0
 1696 16667.000 143683.000 0 0 56.543 107.864 6099.002 78.096 0 1 19 200 0 0
 1697 13430.000 136818.000 0 0 54.521 128.195 6989.439 83.602 0 1 17 200 0 0
 1698 13094.000 136015.000 0 0 20.720 49.997 1035.955 32.186 0 1 17 200 0 0
 1699 12861.000 135443.000 0 0 44.178 108.615 4798.471 69.270 0 1 17 200 0 0
 1700 12434.000 134368.000 0 0 13.176 33.571 442.341 21.031 0 1 17 200 0 0
 1701 12414.000 134319.000 0 0 21.388 54.585 1167.529 34.169 0 1 17 200 0 0
 1702 11919.000 133021.000 0 0 69.652 185.789 12940.746 113.757 0 1 17 200 0 0
 1703 11169.000 130933.000 0 0 8.894 25.541 227.177 15.072 0 1 12 200 0 0
 1704 11152.000 130884.000 0 0 19.247 55.372 1065.802 32.646 0 1 12 200 0 0
 1705 8942.000 123521.000 0 0 31.573 122.226 3859.080 62.121 0 1 10 200 0 0
 1706 8917.000 123426.000 0 0 15.722 61.130 961.131 31.002 0 1 10 200 0 0
 1707 7453.000 116648.000 0 0 5.584 31.045 173.383 13.167 0 1 6 200 0 0
 1708 7444.000 116596.000 0 0 9.547 53.248 508.408 22.547 0 1 6 200 0 0
 1709 16903.000 144493.000 0 0 81.046 151.364 12267.519 110.758 0 1 19 200 0 0
 1710 16616.000 143951.000 0 0 84.271 159.878 13473.203 116.074 0 1 19 200 0 0
 1711 16508.000 143743.000 0 0 33.550 64.038 2148.553 46.352 0 1 19 200 0 0
 1712 13272.000 136885.000 0 0 40.663 95.613 3888.018 62.353 0 1 17 200 0 0
 1713 12984.000 136196.000 0 0 13.876 33.360 462.935 21.515 0 1 17 200 0 0
 1714 12937.000 136082.000 0 0 25.945 62.604 1624.322 40.302 0 1 17 200 0 0
 1715 12697.000 135490.000 0 0 17.016 41.858 712.284 26.688 0 1 17 200 0 0
 1716 12263.000 134400.000 0 0 39.573 100.930 3994.109 63.198 0 1 17 200 0 0
 1717 11784.000 133147.000 0 0 14.304 38.068 544.558 23.335 0 1 17 200 0 0
 1718 11750.000 133056.000 0 0 50.707 135.374 6864.532 82.852 0 1 17 200 0 0
 1719 10638.000 129899.000 0 0 14.335 42.845 614.219 24.783 0 1 12 200 0 0
 1720 10608.000 129807.000 0 0 9.999 29.987 299.846 17.316 0 1 12 200 0 0
 1721 8772.000 123544.000 0 0 59.918 232.165 13911.100 117.945 0 1 10 200 0 0
 1722 7279.000 116641.000 0 0 21.540 120.016 2585.254 50.845 0 1 6 200 0 0
 1723 16738.000 144548.000 0 0 57.661 107.773 6214.402 78.831 0 1 19 200 0 0
 1724 16467.000 144033.000 0 0 25.332 48.057 1217.427 34.891 0 1 19 200 0 0
 1725 13118.000 136950.000 0 0 19.487 45.820 892.911 29.881 0 1 17 200 0 0
 1726 12828.000 136262.000 0 0 15.648 37.618 588.679 24.262 0 1 17 200 0 0
 1727 12782.000 136151.000 0 0 53.722 129.612 6963.151 83.445 0 1 17 200 0 0
 1728 12117.000 134491.000 0 0 6.611 16.846 111.382 10.553 0 1 17 200 0 0
 1729 12097.000 134441.000 0 0 19.814 50.571 1002.037 31.654 0 1 17 200 0 0
 1730 11596.000 133128.000 0 0 6.350 16.946 107.614 10.373 0 1 17 200 0 0
 1731 11579.000 133081.000 0 0 15.861 42.394 672.428 25.931 0 1 17 200 0 0
 1732 10476.000 129951.000 0 0 15.795 47.213 745.776 27.308 0 1 12 200 0 0
 1733 10447.000 129863.000 0 0 8.586 25.749 221.100 14.869 0 1 12 200 0 0
 1734 8645.000 123733.000 0 0 9.098 35.023 318.675 17.851 0 1 10 200 0 0
 1735 8619.000 123628.000 0 0 43.039 166.453 7164.112 84.641 0 1 10 200 0 0
 1736 8588.000 123512.000 0 0 14.653 56.970 834.821 28.893 0 1 10 200 0 0
 1737 7112.000 116670.000 0 0 21.578 120.233 2594.407 50.935 0 1 6 200 0 0
 1738 7093.000 116573.000 0 0 7.152 40.092 286.755 16.933 0 1 6 200 0 0
 1739 16588.000 144625.000 0 0 47.058 87.960 4139.348 64.337 0 1 19 200 0 0
 1740 12979.000 137061.000 0 0 10.656 25.021 266.638 16.329 0 1 17 200 0 0
 1741 12959.000 137012.000 0 0 26.614 62.588 1665.773 40.813 0 1 17 200 0 0
 1742 12644.000 136265.000 0 0 98.829 238.056 23526.885 153.384 0 1 17 200 0 0
 1743 10314.000 130004.000 0 0 44.588 133.279 5942.695 77.088 0 1 12 200 0 0
 1744 10283.000 129905.000 0 0 18.638 55.914 1042.144 32.282 0 1 12 200 0 0
 1745 8460.000 123692.000 0 0 54.397 210.174 11433.048 106.925 0 1 10 200 0 0
 1746 6941.000 116685.000 0 0 8.000 44.618 356.953 18.893 0 1 6 200 0 0
 1747 6929.000 116611.000 0 0 3.980 22.300 88.765 9.421 0 1 6 200 0 0
 1748 16430.000 144691.000 0 0 6.425 12.014 77.196 8.786 0 1 19 200 0 0
 1749 12807.000 137092.000 0 0 58.313 137.079 7993.616 89.407 0 1 17 200 0 0
 1750 12493.000 136340.000 0 0 104.647 251.989 26370.216 162.389 0 1 17 200 0 0
 1751 10141.000 130021.000 0 0 71.663 214.498 15371.668 123.982 0 1 12 200 0 0
 1752 8317.000 123818.000 0 0 9.131 35.149 320.962 17.915 0 1 10 200 0 0
 1753 8288.000 123705.000 0 0 44.576 172.457 7687.514 87.678 0 1 10 200 0 0
 1754 6762.000 116648.000 0 0 19.151 107.258 2054.187 45.323 0 1 6 200 0 0
 1755 12653.000 137161.000 0 0 58.715 138.008 8103.244 90.018 0 1 17 200 0 0
 1756 12339.000 136414.000 0 0 97.688 235.168 22973.192 151.569 0 1 17 200 0 0
 1757 9979.000 130073.000 0 0 70.624 211.408 14930.600 122.190 0 1 12 200 0 0
 1758 8118.000 123726.000 0 0 32.985 127.737 4213.503 64.911 0 1 10 200 0 0
 1759 6595.000 116677.000 0 0 20.787 116.425 2420.251 49.196 0 1 6 200 0 0;
ProcessEquipmentIDList 1
  "6632" ;
SummarySpec 5
  TESTNO    NDEFECT    DEFDENSITY    NDIE    NDEFDIE  ;
SummaryList 
  1    1759    6.431    1    1  ;
EndOfFile;
