FileVersion 1 2;
FileTimestamp 01-07-26 17:23:49;
InspectionStationID "KLA-Tencor" "SFSSP1" "0901-0728-TBI";
SampleType WAFER;
ResultTimestamp 01-07-26 17:07:56;
LotID "2580";
SampleSize 1 200;
DeviceID "None";
SetupID "T2-2580NR" 01-07-26 17:07:56;
StepID "6545";
SampleOrientationMarkType NOTCH;
OrientationMarkLocation DOWN;
DiePitch 200000 200000;
DieOrigin 0 0;
WaferID "24";
Slot 24;
SampleCenterLocation 100000 100000;
ClassLookup 1
  0 "0"  ;
OrientationInstructions "Front";
CoordinatesMirrored No;
InspectionTest 1;
SampleTestPlan 1
  0 0 ;
AreaPerTest 2.73531e+010;
ClusterClassificationList 3
  2 200 
  1 200 
  3 200 ;
DefectRecordSpec 15 DEFECTID XREL YREL XINDEX YINDEX XSIZE YSIZE DEFECTAREA DSIZE CLASSNUMBER TEST CLUSTERNUMBER ROUGHBINNUMBER FINEBINNUMBER REVIEWSAMPLE ;
DefectList
 1 96022.000 100422.000 0 0 0.000 0.000 0.000 0.167 0 1 0 0 0 0
 2 103471.000 97192.000 0 0 0.000 0.000 0.000 200000.000 0 1 0 200 0 0
 3 103344.000 97224.000 0 0 0.000 0.000 0.000 200000.000 0 1 0 200 0 0
 4 105012.000 96628.000 0 0 0.000 0.000 0.000 0.157 0 1 0 0 0 0
 5 95180.000 104839.000 0 0 0.000 0.000 0.000 200000.000 0 1 0 200 0 0
 6 93477.000 100911.000 0 0 0.000 0.000 0.000 0.487 0 1 0 0 0 0
 7 95222.000 104877.000 0 0 0.000 0.000 0.000 200000.000 0 1 0 200 0 0
 8 104763.000 94719.000 0 0 0.000 0.000 0.000 0.256 0 1 0 0 0 0
 9 105041.000 94930.000 0 0 0.000 0.000 0.000 200000.000 0 1 0 200 0 0
 10 105782.000 95583.000 0 0 0.000 0.000 0.000 0.133 0 1 0 0 0 0
 11 107838.000 99751.000 0 0 0.000 0.000 0.000 200000.000 0 1 0 200 0 0
 12 107665.000 99706.000 0 0 0.000 0.000 0.000 200000.000 0 1 0 200 0 0
 13 108993.000 102290.000 0 0 0.000 0.000 0.000 200000.000 0 1 0 200 0 0
 14 108852.000 102204.000 0 0 0.000 0.000 0.000 200000.000 0 1 0 200 0 0
 15 109338.000 98629.000 0 0 0.000 0.000 0.000 0.130 0 1 0 0 0 0
 16 89902.000 100207.000 0 0 0.000 0.000 0.000 200000.000 0 1 0 200 0 0
 17 89902.000 100206.000 0 0 0.000 0.000 0.000 200000.000 0 1 0 200 0 0
 18 91920.000 93363.000 0 0 0.000 0.000 0.000 200000.000 0 1 0 200 0 0
 19 92011.000 93514.000 0 0 0.000 0.000 0.000 200000.000 0 1 0 200 0 0
 20 90658.000 105491.000 0 0 0.000 0.000 0.000 0.140 0 1 0 0 0 0
 21 89314.000 98634.000 0 0 0.000 0.000 0.000 0.133 0 1 0 0 0 0
 22 102659.000 89687.000 0 0 0.000 0.000 0.000 0.202 0 1 0 0 0 0
 23 88971.000 97723.000 0 0 0.000 0.000 0.000 0.139 0 1 0 0 0 0
 24 109561.000 93135.000 0 0 0.000 0.000 0.000 200000.000 0 1 0 200 0 0
 25 109607.000 93169.000 0 0 0.000 0.000 0.000 200000.000 0 1 0 200 0 0
 26 108347.000 90560.000 0 0 0.000 0.000 0.000 200000.000 0 1 0 200 0 0
 27 108196.000 90655.000 0 0 0.000 0.000 0.000 200000.000 0 1 0 200 0 0
 28 109619.000 91319.000 0 0 0.000 0.000 0.000 200000.000 0 1 0 200 0 0
 29 109555.000 91309.000 0 0 0.000 0.000 0.000 200000.000 0 1 0 200 0 0
 30 101698.000 87191.000 0 0 0.000 0.000 0.000 0.150 0 1 0 0 0 0
 31 113203.000 101216.000 0 0 0.000 0.000 0.000 0.139 0 1 0 0 0 0
 32 87605.000 94406.000 0 0 0.000 0.000 0.000 0.138 0 1 0 0 0 0
 33 91091.000 110993.000 0 0 0.000 0.000 0.000 200000.000 0 1 0 200 0 0
 34 87903.000 107729.000 0 0 0.000 0.000 0.000 0.150 0 1 0 0 0 0
 35 112978.000 93820.000 0 0 0.000 0.000 0.000 200000.000 0 1 0 200 0 0
 36 85337.000 104806.000 0 0 0.000 0.000 0.000 200000.000 0 1 0 200 0 0
 37 109278.000 88341.000 0 0 0.000 0.000 0.000 0.232 0 1 0 0 0 0
 38 85514.000 104805.000 0 0 0.000 0.000 0.000 200000.000 0 1 0 200 0 0
 39 86698.000 90954.000 0 0 0.000 0.000 0.000 200000.000 0 1 0 200 0 0
 40 86797.000 91085.000 0 0 0.000 0.000 0.000 200000.000 0 1 0 200 0 0
 41 107325.000 85258.000 0 0 0.000 0.000 0.000 0.225 0 1 0 0 0 0
 42 98086.000 83295.000 0 0 0.000 0.000 0.000 200000.000 0 1 0 200 0 0
 43 98045.000 83412.000 0 0 0.000 0.000 0.000 200000.000 0 1 0 200 0 0
 44 107563.000 84785.000 0 0 0.000 0.000 0.000 200000.000 0 1 0 200 0 0
 45 107515.000 84761.000 0 0 0.000 0.000 0.000 200000.000 0 1 0 200 0 0
 46 107635.000 84631.000 0 0 0.000 0.000 0.000 200000.000 0 1 0 200 0 0
 47 116401.000 95855.000 0 0 0.000 0.000 0.000 0.279 0 1 0 0 0 0
 48 109612.000 114573.000 0 0 0.000 0.000 0.000 0.131 0 1 0 0 0 0
 49 100476.000 117541.000 0 0 0.000 0.000 0.000 200000.000 0 1 0 200 0 0
 50 87362.000 88059.000 0 0 0.000 0.000 0.000 0.139 0 1 0 0 0 0
 51 111763.000 113229.000 0 0 0.000 0.000 0.000 0.134 0 1 0 0 0 0
 52 82512.000 97192.000 0 0 0.000 0.000 0.000 200000.000 0 1 0 200 0 0
 53 94838.000 117128.000 0 0 0.000 0.000 0.000 0.212 0 1 0 0 0 0
 54 115717.000 108477.000 0 0 0.000 0.000 0.000 0.131 0 1 0 0 0 0
 55 94635.000 117793.000 0 0 0.000 0.000 0.000 200000.000 0 1 0 200 0 0
 56 94732.000 117644.000 0 0 0.000 0.000 0.000 200000.000 0 1 0 200 0 0
 57 116889.000 91979.000 0 0 0.000 0.000 0.000 0.496 0 1 0 0 0 0
 58 118766.000 100995.000 0 0 0.000 0.000 0.000 0.137 0 1 0 0 0 0
 59 117000.000 91985.000 0 0 0.000 0.000 0.000 200000.000 0 1 0 200 0 0
 60 84457.000 111321.000 0 0 0.000 0.000 0.000 0.135 0 1 0 0 0 0
 61 118251.000 94426.000 0 0 0.000 0.000 0.000 0.139 0 1 0 0 0 0
 62 117577.000 108071.000 0 0 0.000 0.000 0.000 0.130 0 1 0 0 0 0
 63 110082.000 83451.000 0 0 0.000 0.000 0.000 200000.000 0 1 0 200 0 0
 64 115097.000 88031.000 0 0 0.000 0.000 0.000 0.341 0 1 0 0 0 0
 65 110038.000 83424.000 0 0 0.000 0.000 0.000 200000.000 0 1 0 200 0 0
 66 118848.000 106199.000 0 0 0.000 0.000 0.000 200000.000 0 1 0 200 0 0
 67 111835.000 84334.000 0 0 0.000 0.000 0.000 0.140 0 1 0 0 0 0
 68 94110.000 81062.000 0 0 0.000 0.000 0.000 200000.000 0 1 0 200 0 0
 69 94144.000 80992.000 0 0 0.000 0.000 0.000 200000.000 0 1 0 200 0 0
 70 116677.000 111289.000 0 0 0.000 0.000 0.000 0.130 0 1 0 0 0 0
 71 105865.000 80519.000 0 0 0.000 0.000 0.000 200000.000 0 1 0 200 0 0
 72 105925.000 80500.000 0 0 0.000 0.000 0.000 200000.000 0 1 0 200 0 0
 73 112503.000 83994.000 0 0 0.000 0.000 0.000 0.140 0 1 0 0 0 0
 74 78824.000 98792.000 0 0 0.000 0.000 0.000 0.152 0 1 0 0 0 0
 75 100819.000 121948.000 0 0 0.000 0.000 0.000 0.135 0 1 0 0 0 0
 76 119977.000 91329.000 0 0 0.000 0.000 0.000 0.310 0 1 0 0 0 0
 77 104623.000 121843.000 0 0 0.000 0.000 0.000 0.161 0 1 0 0 0 0
 78 87881.000 81495.000 0 0 0.000 0.000 0.000 0.146 0 1 0 0 0 0
 79 121796.000 94116.000 0 0 0.000 0.000 0.000 200000.000 0 1 0 200 0 0
 80 121960.000 94069.000 0 0 0.000 0.000 0.000 200000.000 0 1 0 200 0 0
 81 122656.000 97562.000 0 0 0.000 0.000 0.000 200000.000 0 1 0 200 0 0
 82 118855.000 87406.000 0 0 0.000 0.000 0.000 200000.000 0 1 0 200 0 0
 83 119622.000 88950.000 0 0 0.000 0.000 0.000 200000.000 0 1 0 200 0 0
 84 121782.000 94065.000 0 0 0.000 0.000 0.000 200000.000 0 1 0 200 0 0
 85 122489.000 97531.000 0 0 0.000 0.000 0.000 200000.000 0 1 0 200 0 0
 86 119187.000 87446.000 0 0 0.000 0.000 0.000 0.134 0 1 0 0 0 0
 87 123086.000 100375.000 0 0 0.000 0.000 0.000 0.262 0 1 0 0 0 0
 88 116246.000 116598.000 0 0 0.000 0.000 0.000 0.139 0 1 0 0 0 0
 89 76672.000 103476.000 0 0 0.000 0.000 0.000 0.137 0 1 0 0 0 0
 90 78318.000 109766.000 0 0 0.000 0.000 0.000 200000.000 0 1 0 200 0 0
 91 121822.000 91359.000 0 0 0.000 0.000 0.000 0.151 0 1 0 0 0 0
 92 105790.000 77287.000 0 0 0.000 0.000 0.000 200000.000 0 1 0 200 0 0
 93 123889.000 96550.000 0 0 0.000 0.000 0.000 200000.000 0 1 0 200 0 0
 94 75892.000 98707.000 0 0 0.000 0.000 0.000 0.134 0 1 0 0 0 0
 95 121092.000 112103.000 0 0 0.000 0.000 0.000 200000.000 0 1 0 200 0 0
 96 76011.000 96968.000 0 0 0.000 0.000 0.000 200000.000 0 1 0 200 0 0
 97 108604.000 122709.000 0 0 0.000 0.000 0.000 0.130 0 1 0 0 0 0
 98 123759.000 96519.000 0 0 0.000 0.000 0.000 200000.000 0 1 0 200 0 0
 99 122194.000 109776.000 0 0 0.000 0.000 0.000 0.229 0 1 0 0 0 0
 100 106480.000 123620.000 0 0 0.000 0.000 0.000 0.132 0 1 0 0 0 0
 101 90971.000 122748.000 0 0 0.000 0.000 0.000 0.130 0 1 0 0 0 0
 102 89115.000 78129.000 0 0 0.000 0.000 0.000 0.139 0 1 0 0 0 0
 103 107703.000 76650.000 0 0 0.000 0.000 0.000 200000.000 0 1 0 200 0 0
 104 107766.000 76624.000 0 0 0.000 0.000 0.000 200000.000 0 1 0 200 0 0
 105 80727.000 115946.000 0 0 0.000 0.000 0.000 0.133 0 1 0 0 0 0
 106 120761.000 111913.000 0 0 0.000 0.000 0.000 200000.000 0 1 0 200 0 0
 107 122713.000 89350.000 0 0 0.000 0.000 0.000 200000.000 0 1 0 200 0 0
 108 114713.000 79948.000 0 0 0.000 0.000 0.000 0.404 0 1 0 0 0 0
 109 122548.000 89372.000 0 0 0.000 0.000 0.000 200000.000 0 1 0 200 0 0
 110 110658.000 76994.000 0 0 0.000 0.000 0.000 0.137 0 1 0 0 0 0
 111 112976.000 78132.000 0 0 0.000 0.000 0.000 0.137 0 1 0 0 0 0
 112 116305.000 80153.000 0 0 0.000 0.000 0.000 200000.000 0 1 0 200 0 0
 113 116193.000 80208.000 0 0 0.000 0.000 0.000 200000.000 0 1 0 200 0 0
 114 118427.000 82120.000 0 0 0.000 0.000 0.000 0.137 0 1 0 0 0 0
 115 100300.000 74052.000 0 0 0.000 0.000 0.000 0.144 0 1 0 0 0 0
 116 121165.000 85326.000 0 0 0.000 0.000 0.000 0.231 0 1 0 0 0 0
 117 75165.000 91474.000 0 0 0.000 0.000 0.000 0.161 0 1 0 0 0 0
 118 78060.000 115280.000 0 0 0.000 0.000 0.000 0.134 0 1 0 0 0 0
 119 96542.000 73379.000 0 0 0.000 0.000 0.000 200000.000 0 1 0 200 0 0
 120 93409.000 75302.000 0 0 0.000 0.000 0.000 200000.000 0 1 0 200 0 0
 121 76726.000 86819.000 0 0 0.000 0.000 0.000 0.342 0 1 0 0 0 0
 122 96493.000 73385.000 0 0 0.000 0.000 0.000 200000.000 0 1 0 200 0 0
 123 105556.000 73813.000 0 0 0.000 0.000 0.000 0.257 0 1 0 0 0 0
 124 102470.000 127115.000 0 0 0.000 0.000 0.000 0.144 0 1 0 0 0 0
 125 90662.000 125648.000 0 0 0.000 0.000 0.000 0.145 0 1 0 0 0 0
 126 101740.000 127689.000 0 0 0.000 0.000 0.000 200000.000 0 1 0 200 0 0
 127 119649.000 81143.000 0 0 0.000 0.000 0.000 200000.000 0 1 0 200 0 0
 128 98103.000 128030.000 0 0 0.000 0.000 0.000 200000.000 0 1 0 200 0 0
 129 81020.000 79849.000 0 0 0.000 0.000 0.000 0.134 0 1 0 0 0 0
 130 111933.000 75077.000 0 0 0.000 0.000 0.000 0.139 0 1 0 0 0 0
 131 116611.000 77597.000 0 0 0.000 0.000 0.000 200000.000 0 1 0 200 0 0
 132 125767.000 111003.000 0 0 0.000 0.000 0.000 200000.000 0 1 0 200 0 0
 133 125755.000 111052.000 0 0 0.000 0.000 0.000 200000.000 0 1 0 200 0 0
 134 116504.000 77656.000 0 0 0.000 0.000 0.000 200000.000 0 1 0 200 0 0
 135 74983.000 87335.000 0 0 0.000 0.000 0.000 0.258 0 1 0 0 0 0
 136 124726.000 113732.000 0 0 0.000 0.000 0.000 0.133 0 1 0 0 0 0
 137 128273.000 100737.000 0 0 0.000 0.000 0.000 0.135 0 1 0 0 0 0
 138 91391.000 127379.000 0 0 0.000 0.000 0.000 0.143 0 1 0 0 0 0
 139 78900.000 119304.000 0 0 0.000 0.000 0.000 0.141 0 1 0 0 0 0
 140 120436.000 80207.000 0 0 0.000 0.000 0.000 0.135 0 1 0 0 0 0
 141 127707.000 108624.000 0 0 0.000 0.000 0.000 200000.000 0 1 0 200 0 0
 142 127221.000 109679.000 0 0 0.000 0.000 0.000 200000.000 0 1 0 200 0 0
 143 127665.000 91573.000 0 0 0.000 0.000 0.000 200000.000 0 1 0 200 0 0
 144 123247.000 82520.000 0 0 0.000 0.000 0.000 0.237 0 1 0 0 0 0
 145 108450.000 128353.000 0 0 0.000 0.000 0.000 200000.000 0 1 0 200 0 0
 146 81210.000 122708.000 0 0 0.000 0.000 0.000 0.160 0 1 0 0 0 0
 147 126108.000 114265.000 0 0 0.000 0.000 0.000 200000.000 0 1 0 200 0 0
 148 126084.000 114311.000 0 0 0.000 0.000 0.000 200000.000 0 1 0 200 0 0
 149 90244.000 128164.000 0 0 0.000 0.000 0.000 0.133 0 1 0 0 0 0
 150 123809.000 82073.000 0 0 0.000 0.000 0.000 200000.000 0 1 0 200 0 0
 151 70356.000 97297.000 0 0 0.000 0.000 0.000 0.158 0 1 0 0 0 0
 152 85847.000 73824.000 0 0 0.000 0.000 0.000 0.136 0 1 0 0 0 0
 153 90956.000 128756.000 0 0 0.000 0.000 0.000 200000.000 0 1 0 200 0 0
 154 129593.000 96883.000 0 0 0.000 0.000 0.000 200000.000 0 1 0 200 0 0
 155 118464.000 123944.000 0 0 0.000 0.000 0.000 0.136 0 1 0 0 0 0
 156 129729.000 105146.000 0 0 0.000 0.000 0.000 200000.000 0 1 0 200 0 0
 157 104662.000 69608.000 0 0 0.000 0.000 0.000 200000.000 0 1 0 200 0 0
 158 104592.000 69736.000 0 0 0.000 0.000 0.000 200000.000 0 1 0 200 0 0
 159 127969.000 110312.000 0 0 0.000 0.000 0.000 200000.000 0 1 0 200 0 0
 160 119120.000 75015.000 0 0 0.000 0.000 0.000 200000.000 0 1 0 200 0 0
 161 118977.000 75121.000 0 0 0.000 0.000 0.000 200000.000 0 1 0 200 0 0
 162 130469.000 90495.000 0 0 0.000 0.000 0.000 200000.000 0 1 0 200 0 0
 163 115817.000 72475.000 0 0 0.000 0.000 0.000 0.134 0 1 0 0 0 0
 164 131762.000 98832.000 0 0 0.000 0.000 0.000 0.150 0 1 0 0 0 0
 165 123333.000 78355.000 0 0 0.000 0.000 0.000 200000.000 0 1 0 200 0 0
 166 122939.000 77951.000 0 0 0.000 0.000 0.000 200000.000 0 1 0 200 0 0
 167 112253.000 130241.000 0 0 0.000 0.000 0.000 200000.000 0 1 0 200 0 0
 168 126219.000 81328.000 0 0 0.000 0.000 0.000 200000.000 0 1 0 200 0 0
 169 126190.000 81288.000 0 0 0.000 0.000 0.000 200000.000 0 1 0 200 0 0
 170 94006.000 68363.000 0 0 0.000 0.000 0.000 0.132 0 1 0 0 0 0
 171 112235.000 130065.000 0 0 0.000 0.000 0.000 200000.000 0 1 0 200 0 0
 172 129552.000 90336.000 0 0 0.000 0.000 0.000 200000.000 0 1 0 200 0 0
 173 115107.000 71649.000 0 0 0.000 0.000 0.000 0.135 0 1 0 0 0 0
 174 117845.000 73266.000 0 0 0.000 0.000 0.000 200000.000 0 1 0 200 0 0
 175 132303.000 96644.000 0 0 0.000 0.000 0.000 200000.000 0 1 0 200 0 0
 176 123830.000 122351.000 0 0 0.000 0.000 0.000 0.144 0 1 0 0 0 0
 177 93762.000 132171.000 0 0 0.000 0.000 0.000 0.134 0 1 0 0 0 0
 178 69198.000 89671.000 0 0 0.000 0.000 0.000 0.155 0 1 0 0 0 0
 179 123185.000 78426.000 0 0 0.000 0.000 0.000 200000.000 0 1 0 200 0 0
 180 130111.000 90602.000 0 0 0.000 0.000 0.000 200000.000 0 1 0 200 0 0
 181 118378.000 74053.000 0 0 0.000 0.000 0.000 200000.000 0 1 0 200 0 0
 182 119951.000 73726.000 0 0 0.000 0.000 0.000 200000.000 0 1 0 200 0 0
 183 119828.000 73804.000 0 0 0.000 0.000 0.000 200000.000 0 1 0 200 0 0
 184 124617.000 77972.000 0 0 0.000 0.000 0.000 0.140 0 1 0 0 0 0
 185 132129.000 91716.000 0 0 0.000 0.000 0.000 0.269 0 1 0 0 0 0
 186 128099.000 82674.000 0 0 0.000 0.000 0.000 0.131 0 1 0 0 0 0
 187 106725.000 133077.000 0 0 0.000 0.000 0.000 0.133 0 1 0 0 0 0
 188 86467.000 69397.000 0 0 0.000 0.000 0.000 0.134 0 1 0 0 0 0
 189 118500.000 72221.000 0 0 0.000 0.000 0.000 0.134 0 1 0 0 0 0
 190 124338.000 77190.000 0 0 0.000 0.000 0.000 200000.000 0 1 0 200 0 0
 191 133838.000 101650.000 0 0 0.000 0.000 0.000 200000.000 0 1 0 200 0 0
 192 66891.000 93419.000 0 0 0.000 0.000 0.000 0.149 0 1 0 0 0 0
 193 122322.000 75075.000 0 0 0.000 0.000 0.000 0.293 0 1 0 0 0 0
 194 133655.000 96494.000 0 0 0.000 0.000 0.000 200000.000 0 1 0 200 0 0
 195 72034.000 119388.000 0 0 0.000 0.000 0.000 0.137 0 1 0 0 0 0
 196 133839.000 101599.000 0 0 0.000 0.000 0.000 200000.000 0 1 0 200 0 0
 197 67166.000 91659.000 0 0 0.000 0.000 0.000 0.138 0 1 0 0 0 0
 198 132756.000 108877.000 0 0 0.000 0.000 0.000 200000.000 0 1 0 200 0 0
 199 94793.000 66501.000 0 0 0.000 0.000 0.000 0.143 0 1 0 0 0 0
 200 133638.000 96445.000 0 0 0.000 0.000 0.000 200000.000 0 1 0 200 0 0
 201 133128.000 107377.000 0 0 0.000 0.000 0.000 0.294 0 1 0 0 0 0
 202 93708.000 132653.000 0 0 0.000 0.000 0.000 200000.000 0 1 0 200 0 0
 203 117917.000 71297.000 0 0 0.000 0.000 0.000 0.207 0 1 0 0 0 0
 204 122994.000 75006.000 0 0 0.000 0.000 0.000 0.246 0 1 0 0 0 0
 205 134335.000 101926.000 0 0 0.000 0.000 0.000 200000.000 0 1 0 200 0 0
 206 128040.000 120177.000 0 0 0.000 0.000 0.000 200000.000 0 1 0 200 0 0
 207 77639.000 126358.000 0 0 0.000 0.000 0.000 0.253 0 1 0 0 0 0
 208 104840.000 66136.000 0 0 0.000 0.000 0.000 0.302 0 1 0 0 0 0
 209 122755.000 126293.000 0 0 0.000 0.000 0.000 200000.000 0 1 0 200 0 0
 210 109875.000 66954.000 0 0 0.000 0.000 0.000 200000.000 0 1 0 200 0 0
 211 81010.000 129297.000 0 0 0.000 0.000 0.000 0.146 0 1 0 0 0 0
 212 133986.000 106890.000 0 0 0.000 0.000 0.000 0.405 0 1 0 0 0 0
 213 123976.000 125647.000 0 0 0.000 0.000 0.000 200000.000 0 1 0 200 0 0
 214 132763.000 87868.000 0 0 0.000 0.000 0.000 0.420 0 1 0 0 0 0
 215 128080.000 121816.000 0 0 0.000 0.000 0.000 0.139 0 1 0 0 0 0
 216 118593.000 70048.000 0 0 0.000 0.000 0.000 0.140 0 1 0 0 0 0
 217 134965.000 93753.000 0 0 0.000 0.000 0.000 200000.000 0 1 0 200 0 0
 218 130859.000 118196.000 0 0 0.000 0.000 0.000 0.134 0 1 0 0 0 0
 219 134956.000 93703.000 0 0 0.000 0.000 0.000 200000.000 0 1 0 200 0 0
 220 134797.000 108014.000 0 0 0.000 0.000 0.000 0.210 0 1 0 0 0 0
 221 121975.000 71849.000 0 0 0.000 0.000 0.000 200000.000 0 1 0 200 0 0
 222 121916.000 71845.000 0 0 0.000 0.000 0.000 200000.000 0 1 0 200 0 0
 223 127929.000 77185.000 0 0 0.000 0.000 0.000 200000.000 0 1 0 200 0 0
 224 132722.000 84668.000 0 0 0.000 0.000 0.000 200000.000 0 1 0 200 0 0
 225 135276.000 92769.000 0 0 0.000 0.000 0.000 200000.000 0 1 0 200 0 0
 226 136402.000 101306.000 0 0 0.000 0.000 0.000 200000.000 0 1 0 200 0 0
 227 120217.000 130799.000 0 0 0.000 0.000 0.000 200000.000 0 1 0 200 0 0
 228 120166.000 130629.000 0 0 0.000 0.000 0.000 200000.000 0 1 0 200 0 0
 229 135434.000 98696.000 0 0 0.000 0.000 0.000 200000.000 0 1 0 200 0 0
 230 116592.000 67634.000 0 0 0.000 0.000 0.000 0.132 0 1 0 0 0 0
 231 107757.000 136140.000 0 0 0.000 0.000 0.000 0.140 0 1 0 0 0 0
 232 92257.000 136209.000 0 0 0.000 0.000 0.000 0.140 0 1 0 0 0 0
 233 75594.000 127818.000 0 0 0.000 0.000 0.000 0.136 0 1 0 0 0 0
 234 116467.000 133158.000 0 0 0.000 0.000 0.000 0.142 0 1 0 0 0 0
 235 129172.000 122993.000 0 0 0.000 0.000 0.000 0.413 0 1 0 0 0 0
 236 108275.000 63897.000 0 0 0.000 0.000 0.000 200000.000 0 1 0 200 0 0
 237 108325.000 63909.000 0 0 0.000 0.000 0.000 200000.000 0 1 0 200 0 0
 238 136999.000 101631.000 0 0 0.000 0.000 0.000 0.163 0 1 0 0 0 0
 239 128807.000 76456.000 0 0 0.000 0.000 0.000 0.134 0 1 0 0 0 0
 240 108095.000 63509.000 0 0 0.000 0.000 0.000 200000.000 0 1 0 200 0 0
 241 131540.000 120377.000 0 0 0.000 0.000 0.000 0.252 0 1 0 0 0 0
 242 67405.000 80760.000 0 0 0.000 0.000 0.000 200000.000 0 1 0 200 0 0
 243 67421.000 80712.000 0 0 0.000 0.000 0.000 200000.000 0 1 0 200 0 0
 244 110430.000 136653.000 0 0 0.000 0.000 0.000 0.136 0 1 0 0 0 0
 245 135319.000 86803.000 0 0 0.000 0.000 0.000 200000.000 0 1 0 200 0 0
 246 134962.000 85512.000 0 0 0.000 0.000 0.000 200000.000 0 1 0 200 0 0
 247 134168.000 86221.000 0 0 0.000 0.000 0.000 200000.000 0 1 0 200 0 0
 248 134946.000 84965.000 0 0 0.000 0.000 0.000 0.132 0 1 0 0 0 0
 249 66336.000 81339.000 0 0 0.000 0.000 0.000 0.134 0 1 0 0 0 0
 250 131826.000 121766.000 0 0 0.000 0.000 0.000 0.211 0 1 0 0 0 0
 251 129610.000 124765.000 0 0 0.000 0.000 0.000 0.131 0 1 0 0 0 0
 252 64820.000 116344.000 0 0 0.000 0.000 0.000 0.135 0 1 0 0 0 0
 253 131857.000 78409.000 0 0 0.000 0.000 0.000 200000.000 0 1 0 200 0 0
 254 138377.000 94576.000 0 0 0.000 0.000 0.000 200000.000 0 1 0 200 0 0
 255 138216.000 94547.000 0 0 0.000 0.000 0.000 200000.000 0 1 0 200 0 0
 256 129462.000 125205.000 0 0 0.000 0.000 0.000 0.131 0 1 0 0 0 0
 257 124118.000 130637.000 0 0 0.000 0.000 0.000 0.145 0 1 0 0 0 0
 258 76763.000 68710.000 0 0 0.000 0.000 0.000 200000.000 0 1 0 200 0 0
 259 108896.000 62338.000 0 0 0.000 0.000 0.000 0.229 0 1 0 0 0 0
 260 136542.000 86732.000 0 0 0.000 0.000 0.000 200000.000 0 1 0 200 0 0
 261 132047.000 78331.000 0 0 0.000 0.000 0.000 0.472 0 1 0 0 0 0
 262 90260.000 62395.000 0 0 0.000 0.000 0.000 0.133 0 1 0 0 0 0
 263 137573.000 90471.000 0 0 0.000 0.000 0.000 200000.000 0 1 0 200 0 0
 264 104332.000 61423.000 0 0 0.000 0.000 0.000 0.165 0 1 0 0 0 0
 265 76734.000 68753.000 0 0 0.000 0.000 0.000 200000.000 0 1 0 200 0 0
 266 120375.000 66829.000 0 0 0.000 0.000 0.000 200000.000 0 1 0 200 0 0
 267 139033.000 98084.000 0 0 0.000 0.000 0.000 200000.000 0 1 0 200 0 0
 268 136913.000 112709.000 0 0 0.000 0.000 0.000 200000.000 0 1 0 200 0 0
 269 73639.000 129194.000 0 0 0.000 0.000 0.000 0.328 0 1 0 0 0 0
 270 125078.000 69759.000 0 0 0.000 0.000 0.000 200000.000 0 1 0 200 0 0
 271 68617.000 123958.000 0 0 0.000 0.000 0.000 0.130 0 1 0 0 0 0
 272 136770.000 113733.000 0 0 0.000 0.000 0.000 0.357 0 1 0 0 0 0
 273 74080.000 129684.000 0 0 0.000 0.000 0.000 0.337 0 1 0 0 0 0
 274 109052.000 61634.000 0 0 0.000 0.000 0.000 200000.000 0 1 0 200 0 0
 275 124930.000 69859.000 0 0 0.000 0.000 0.000 200000.000 0 1 0 200 0 0
 276 103800.000 139629.000 0 0 0.000 0.000 0.000 200000.000 0 1 0 200 0 0
 277 133768.000 78838.000 0 0 0.000 0.000 0.000 200000.000 0 1 0 200 0 0
 278 139373.000 94473.000 0 0 0.000 0.000 0.000 0.222 0 1 0 0 0 0
 279 130116.000 126339.000 0 0 0.000 0.000 0.000 200000.000 0 1 0 200 0 0
 280 130081.000 126378.000 0 0 0.000 0.000 0.000 200000.000 0 1 0 200 0 0
 281 136377.000 86827.000 0 0 0.000 0.000 0.000 200000.000 0 1 0 200 0 0
 282 119105.000 65139.000 0 0 0.000 0.000 0.000 200000.000 0 1 0 200 0 0
 283 133596.000 78886.000 0 0 0.000 0.000 0.000 200000.000 0 1 0 200 0 0
 284 132771.000 77046.000 0 0 0.000 0.000 0.000 200000.000 0 1 0 200 0 0
 285 132650.000 77068.000 0 0 0.000 0.000 0.000 200000.000 0 1 0 200 0 0
 286 115105.000 62886.000 0 0 0.000 0.000 0.000 0.226 0 1 0 0 0 0
 287 139895.000 94388.000 0 0 0.000 0.000 0.000 200000.000 0 1 0 200 0 0
 288 140210.000 101479.000 0 0 0.000 0.000 0.000 0.373 0 1 0 0 0 0
 289 140352.000 96712.000 0 0 0.000 0.000 0.000 200000.000 0 1 0 200 0 0
 290 129948.000 127774.000 0 0 0.000 0.000 0.000 0.138 0 1 0 0 0 0
 291 108790.000 61324.000 0 0 0.000 0.000 0.000 200000.000 0 1 0 200 0 0
 292 139385.000 111200.000 0 0 0.000 0.000 0.000 0.285 0 1 0 0 0 0
 293 140382.000 102814.000 0 0 0.000 0.000 0.000 200000.000 0 1 0 200 0 0
 294 67256.000 74977.000 0 0 0.000 0.000 0.000 0.145 0 1 0 0 0 0
 295 110737.000 140319.000 0 0 0.000 0.000 0.000 200000.000 0 1 0 200 0 0
 296 76626.000 65692.000 0 0 0.000 0.000 0.000 200000.000 0 1 0 200 0 0
 297 73511.000 67905.000 0 0 0.000 0.000 0.000 0.142 0 1 0 0 0 0
 298 139817.000 112187.000 0 0 0.000 0.000 0.000 0.221 0 1 0 0 0 0
 299 73009.000 67984.000 0 0 0.000 0.000 0.000 200000.000 0 1 0 200 0 0
 300 129057.000 69847.000 0 0 0.000 0.000 0.000 0.139 0 1 0 0 0 0
 301 130223.000 128016.000 0 0 0.000 0.000 0.000 200000.000 0 1 0 200 0 0
 302 136630.000 81238.000 0 0 0.000 0.000 0.000 200000.000 0 1 0 200 0 0
 303 123131.000 135597.000 0 0 0.000 0.000 0.000 200000.000 0 1 0 200 0 0
 304 120851.000 136361.000 0 0 0.000 0.000 0.000 0.212 0 1 0 0 0 0
 305 109085.000 58331.000 0 0 0.000 0.000 0.000 200000.000 0 1 0 200 0 0
 306 128602.000 68763.000 0 0 0.000 0.000 0.000 200000.000 0 1 0 200 0 0
 307 128449.000 68854.000 0 0 0.000 0.000 0.000 200000.000 0 1 0 200 0 0
 308 142249.000 95333.000 0 0 0.000 0.000 0.000 200000.000 0 1 0 200 0 0
 309 115570.000 60471.000 0 0 0.000 0.000 0.000 200000.000 0 1 0 200 0 0
 310 142434.000 95461.000 0 0 0.000 0.000 0.000 200000.000 0 1 0 200 0 0
 311 115620.000 60491.000 0 0 0.000 0.000 0.000 200000.000 0 1 0 200 0 0
 312 141944.000 108303.000 0 0 0.000 0.000 0.000 200000.000 0 1 0 200 0 0
 313 139197.000 116796.000 0 0 0.000 0.000 0.000 0.146 0 1 0 0 0 0
 314 136958.000 78880.000 0 0 0.000 0.000 0.000 200000.000 0 1 0 200 0 0
 315 129431.000 131095.000 0 0 0.000 0.000 0.000 0.137 0 1 0 0 0 0
 316 142294.000 95423.000 0 0 0.000 0.000 0.000 200000.000 0 1 0 200 0 0
 317 142409.000 103304.000 0 0 0.000 0.000 0.000 200000.000 0 1 0 200 0 0
 318 141844.000 108232.000 0 0 0.000 0.000 0.000 200000.000 0 1 0 200 0 0
 319 95883.000 57374.000 0 0 0.000 0.000 0.000 200000.000 0 1 0 200 0 0
 320 140695.000 91633.000 0 0 0.000 0.000 0.000 200000.000 0 1 0 200 0 0
 321 136993.000 78916.000 0 0 0.000 0.000 0.000 200000.000 0 1 0 200 0 0
 322 63950.000 122806.000 0 0 0.000 0.000 0.000 0.219 0 1 0 0 0 0
 323 121134.000 136831.000 0 0 0.000 0.000 0.000 200000.000 0 1 0 200 0 0
 324 95843.000 57494.000 0 0 0.000 0.000 0.000 200000.000 0 1 0 200 0 0
 325 138310.000 80627.000 0 0 0.000 0.000 0.000 200000.000 0 1 0 200 0 0
 326 141713.000 88961.000 0 0 0.000 0.000 0.000 200000.000 0 1 0 200 0 0
 327 126155.000 65843.000 0 0 0.000 0.000 0.000 200000.000 0 1 0 200 0 0
 328 141546.000 88950.000 0 0 0.000 0.000 0.000 200000.000 0 1 0 200 0 0
 329 131457.000 70370.000 0 0 0.000 0.000 0.000 200000.000 0 1 0 200 0 0
 330 109004.000 58679.000 0 0 0.000 0.000 0.000 200000.000 0 1 0 200 0 0
 331 142755.000 108115.000 0 0 0.000 0.000 0.000 0.447 0 1 0 0 0 0
 332 143151.000 106200.000 0 0 0.000 0.000 0.000 200000.000 0 1 0 200 0 0
 333 131681.000 130037.000 0 0 0.000 0.000 0.000 0.135 0 1 0 0 0 0
 334 57276.000 109661.000 0 0 0.000 0.000 0.000 200000.000 0 1 0 200 0 0
 335 57383.000 109690.000 0 0 0.000 0.000 0.000 200000.000 0 1 0 200 0 0
 336 63510.000 123093.000 0 0 0.000 0.000 0.000 200000.000 0 1 0 200 0 0
 337 134562.000 73720.000 0 0 0.000 0.000 0.000 0.210 0 1 0 0 0 0
 338 143134.000 94530.000 0 0 0.000 0.000 0.000 0.271 0 1 0 0 0 0
 339 72996.000 134897.000 0 0 0.000 0.000 0.000 0.154 0 1 0 0 0 0
 340 122296.000 62652.000 0 0 0.000 0.000 0.000 0.202 0 1 0 0 0 0
 341 140430.000 114362.000 0 0 0.000 0.000 0.000 200000.000 0 1 0 200 0 0
 342 132306.000 70032.000 0 0 0.000 0.000 0.000 200000.000 0 1 0 200 0 0
 343 138775.000 79320.000 0 0 0.000 0.000 0.000 200000.000 0 1 0 200 0 0
 344 91811.000 56576.000 0 0 0.000 0.000 0.000 200000.000 0 1 0 200 0 0
 345 143640.000 106532.000 0 0 0.000 0.000 0.000 0.130 0 1 0 0 0 0
 346 132156.000 70103.000 0 0 0.000 0.000 0.000 200000.000 0 1 0 200 0 0
 347 142870.000 106142.000 0 0 0.000 0.000 0.000 200000.000 0 1 0 200 0 0
 348 141238.000 87010.000 0 0 0.000 0.000 0.000 200000.000 0 1 0 200 0 0
 349 134291.000 72303.000 0 0 0.000 0.000 0.000 200000.000 0 1 0 200 0 0
 350 141819.000 85715.000 0 0 0.000 0.000 0.000 200000.000 0 1 0 200 0 0
 351 113396.000 57889.000 0 0 0.000 0.000 0.000 200000.000 0 1 0 200 0 0
 352 121817.000 61475.000 0 0 0.000 0.000 0.000 0.130 0 1 0 0 0 0
 353 135129.000 127448.000 0 0 0.000 0.000 0.000 0.288 0 1 0 0 0 0
 354 129198.000 66532.000 0 0 0.000 0.000 0.000 200000.000 0 1 0 200 0 0
 355 144441.000 93760.000 0 0 52.000 30.000 1560.000 39.496 0 1 2 200 0 0
 356 139543.000 79151.000 0 0 0.000 0.000 0.000 0.282 0 1 0 0 0 0
 357 89897.000 56445.000 0 0 0.000 0.000 0.000 0.134 0 1 0 0 0 0
 358 144265.000 93734.000 0 0 52.000 30.000 1560.000 39.496 0 1 2 200 0 0
 359 144487.000 93214.000 0 0 52.000 30.000 1560.000 39.496 0 1 2 200 0 0
 360 135013.000 128697.000 0 0 0.000 0.000 0.000 200000.000 0 1 0 200 0 0
 361 144163.000 103178.000 0 0 0.000 0.000 0.000 200000.000 0 1 0 200 0 0
 362 55828.000 90287.000 0 0 0.000 0.000 0.000 0.137 0 1 0 0 0 0
 363 134964.000 128590.000 0 0 0.000 0.000 0.000 200000.000 0 1 0 200 0 0
 364 62623.000 125409.000 0 0 0.000 0.000 0.000 0.254 0 1 0 0 0 0
 365 131602.000 68092.000 0 0 0.000 0.000 0.000 0.277 0 1 0 0 0 0
 366 144135.000 91055.000 0 0 0.000 0.000 0.000 200000.000 0 1 0 200 0 0
 367 112858.000 143891.000 0 0 0.000 0.000 0.000 200000.000 0 1 0 200 0 0
 368 136299.000 127601.000 0 0 0.000 0.000 0.000 200000.000 0 1 0 200 0 0
 369 112895.000 143838.000 0 0 0.000 0.000 0.000 200000.000 0 1 0 200 0 0
 370 99613.000 54831.000 0 0 0.000 0.000 0.000 0.208 0 1 0 0 0 0
 371 145199.000 93093.000 0 0 52.000 30.000 1560.000 39.496 0 1 2 200 0 0
 372 145201.000 93104.000 0 0 52.000 30.000 1560.000 39.496 0 1 2 200 0 0
 373 57777.000 117855.000 0 0 0.000 0.000 0.000 200000.000 0 1 0 200 0 0
 374 57726.000 117819.000 0 0 0.000 0.000 0.000 200000.000 0 1 0 200 0 0
 375 75686.000 61580.000 0 0 0.000 0.000 0.000 0.302 0 1 0 0 0 0
 376 58856.000 120510.000 0 0 0.000 0.000 0.000 0.151 0 1 0 0 0 0
 377 129997.000 65682.000 0 0 0.000 0.000 0.000 200000.000 0 1 0 200 0 0
 378 144094.000 88304.000 0 0 0.000 0.000 0.000 0.279 0 1 0 0 0 0
 379 99559.000 54293.000 0 0 0.000 0.000 0.000 200000.000 0 1 0 200 0 0
 380 99610.000 54123.000 0 0 0.000 0.000 0.000 200000.000 0 1 0 200 0 0
 381 122039.000 60079.000 0 0 0.000 0.000 0.000 0.140 0 1 0 0 0 0
 382 71676.000 65220.000 0 0 0.000 0.000 0.000 200000.000 0 1 0 200 0 0
 383 110380.000 55311.000 0 0 0.000 0.000 0.000 200000.000 0 1 0 200 0 0
 384 137421.000 73741.000 0 0 0.000 0.000 0.000 0.135 0 1 0 0 0 0
 385 141722.000 119164.000 0 0 0.000 0.000 0.000 0.134 0 1 0 0 0 0
 386 144537.000 106921.000 0 0 0.000 0.000 0.000 200000.000 0 1 0 200 0 0
 387 137077.000 72847.000 0 0 0.000 0.000 0.000 200000.000 0 1 0 200 0 0
 388 119357.000 58321.000 0 0 0.000 0.000 0.000 0.256 0 1 0 0 0 0
 389 70812.000 136244.000 0 0 0.000 0.000 0.000 0.144 0 1 0 0 0 0
 390 140130.000 123331.000 0 0 0.000 0.000 0.000 200000.000 0 1 0 200 0 0
 391 56318.000 84879.000 0 0 0.000 0.000 0.000 0.132 0 1 0 0 0 0
 392 86647.000 55874.000 0 0 0.000 0.000 0.000 0.133 0 1 0 0 0 0
 393 57358.000 118688.000 0 0 0.000 0.000 0.000 0.139 0 1 0 0 0 0
 394 144989.000 112485.000 0 0 0.000 0.000 0.000 200000.000 0 1 0 200 0 0
 395 144962.000 112423.000 0 0 0.000 0.000 0.000 200000.000 0 1 0 200 0 0
 396 67089.000 66939.000 0 0 0.000 0.000 0.000 200000.000 0 1 0 200 0 0
 397 124256.000 60036.000 0 0 0.000 0.000 0.000 200000.000 0 1 0 200 0 0
 398 123018.000 60500.000 0 0 0.000 0.000 0.000 200000.000 0 1 0 200 0 0
 399 138294.000 127171.000 0 0 0.000 0.000 0.000 200000.000 0 1 0 200 0 0
 400 124146.000 60117.000 0 0 0.000 0.000 0.000 200000.000 0 1 0 200 0 0
 401 135907.000 69729.000 0 0 0.000 0.000 0.000 200000.000 0 1 0 200 0 0
 402 135836.000 69724.000 0 0 0.000 0.000 0.000 200000.000 0 1 0 200 0 0
 403 110225.000 54129.000 0 0 0.000 0.000 0.000 0.236 0 1 0 0 0 0
 404 136675.000 70538.000 0 0 0.000 0.000 0.000 0.350 0 1 0 0 0 0
 405 91700.000 146905.000 0 0 0.000 0.000 0.000 0.132 0 1 0 0 0 0
 406 118674.000 56656.000 0 0 0.000 0.000 0.000 0.227 0 1 0 0 0 0
 407 54662.000 85730.000 0 0 0.000 0.000 0.000 0.132 0 1 0 0 0 0
 408 56617.000 80765.000 0 0 0.000 0.000 0.000 0.136 0 1 0 0 0 0
 409 138199.000 127040.000 0 0 0.000 0.000 0.000 200000.000 0 1 0 200 0 0
 410 129211.000 62618.000 0 0 0.000 0.000 0.000 200000.000 0 1 0 200 0 0
 411 147392.000 95452.000 0 0 0.000 0.000 0.000 200000.000 0 1 0 200 0 0
 412 59709.000 125736.000 0 0 0.000 0.000 0.000 0.224 0 1 0 0 0 0
 413 139453.000 75076.000 0 0 0.000 0.000 0.000 200000.000 0 1 0 200 0 0
 414 146750.000 109832.000 0 0 0.000 0.000 0.000 0.134 0 1 0 0 0 0
 415 147805.000 100560.000 0 0 0.000 0.000 0.000 200000.000 0 1 0 200 0 0
 416 142240.000 122309.000 0 0 0.000 0.000 0.000 200000.000 0 1 0 200 0 0
 417 143656.000 80662.000 0 0 0.000 0.000 0.000 0.288 0 1 0 0 0 0
 418 146980.000 109085.000 0 0 0.000 0.000 0.000 0.354 0 1 0 0 0 0
 419 132890.000 135227.000 0 0 0.000 0.000 0.000 200000.000 0 1 0 200 0 0
 420 89675.000 53193.000 0 0 0.000 0.000 0.000 200000.000 0 1 0 200 0 0
 421 133967.000 66282.000 0 0 0.000 0.000 0.000 0.132 0 1 0 0 0 0
 422 138067.000 70498.000 0 0 0.000 0.000 0.000 200000.000 0 1 0 200 0 0
 423 144672.000 82300.000 0 0 0.000 0.000 0.000 200000.000 0 1 0 200 0 0
 424 137920.000 70546.000 0 0 0.000 0.000 0.000 200000.000 0 1 0 200 0 0
 425 145460.000 83992.000 0 0 54.000 40.000 2160.000 46.475 0 1 1 200 0 0
 426 54728.000 117341.000 0 0 0.000 0.000 0.000 0.152 0 1 0 0 0 0
 427 145507.000 84028.000 0 0 54.000 40.000 2160.000 46.475 0 1 1 200 0 0
 428 129788.000 138559.000 0 0 0.000 0.000 0.000 200000.000 0 1 0 200 0 0
 429 148331.000 97256.000 0 0 0.000 0.000 0.000 200000.000 0 1 0 200 0 0
 430 129748.000 138419.000 0 0 0.000 0.000 0.000 200000.000 0 1 0 200 0 0
 431 133839.000 65050.000 0 0 0.000 0.000 0.000 200000.000 0 1 0 200 0 0
 432 145694.000 83650.000 0 0 56.000 40.000 2240.000 47.328 0 1 1 200 0 0
 433 112861.000 53254.000 0 0 0.000 0.000 0.000 0.134 0 1 0 0 0 0
 434 124511.000 58206.000 0 0 0.000 0.000 0.000 0.133 0 1 0 0 0 0
 435 133683.000 65137.000 0 0 0.000 0.000 0.000 200000.000 0 1 0 200 0 0
 436 145536.000 83123.000 0 0 56.000 40.000 2240.000 47.328 0 1 1 200 0 0
 437 144752.000 83623.000 0 0 56.000 40.000 2240.000 47.328 0 1 1 200 0 0
 438 76942.000 56894.000 0 0 0.000 0.000 0.000 0.167 0 1 0 0 0 0
 439 110656.000 52348.000 0 0 0.000 0.000 0.000 0.135 0 1 0 0 0 0
 440 148505.000 107195.000 0 0 0.000 0.000 0.000 200000.000 0 1 0 200 0 0
 441 112342.000 52292.000 0 0 0.000 0.000 0.000 200000.000 0 1 0 200 0 0
 442 146673.000 115237.000 0 0 0.000 0.000 0.000 0.213 0 1 0 0 0 0
 443 124222.000 57452.000 0 0 0.000 0.000 0.000 0.259 0 1 0 0 0 0
 444 129806.000 139533.000 0 0 0.000 0.000 0.000 0.146 0 1 0 0 0 0
 445 144904.000 80064.000 0 0 0.000 0.000 0.000 0.265 0 1 0 0 0 0
 446 106092.000 51113.000 0 0 0.000 0.000 0.000 200000.000 0 1 0 200 0 0
 447 135063.000 64819.000 0 0 0.000 0.000 0.000 200000.000 0 1 0 200 0 0
 448 70318.000 60328.000 0 0 0.000 0.000 0.000 0.132 0 1 0 0 0 0
 449 118536.000 146339.000 0 0 0.000 0.000 0.000 200000.000 0 1 0 200 0 0
 450 118509.000 146416.000 0 0 0.000 0.000 0.000 200000.000 0 1 0 200 0 0
 451 140767.000 71584.000 0 0 0.000 0.000 0.000 200000.000 0 1 0 200 0 0
 452 133846.000 63529.000 0 0 0.000 0.000 0.000 0.132 0 1 0 0 0 0
 453 149938.000 99126.000 0 0 0.000 0.000 0.000 0.263 0 1 0 0 0 0
 454 112239.000 52634.000 0 0 0.000 0.000 0.000 200000.000 0 1 0 200 0 0
 455 147044.000 117442.000 0 0 0.000 0.000 0.000 0.153 0 1 0 0 0 0
 456 145133.000 78309.000 0 0 0.000 0.000 0.000 200000.000 0 1 0 200 0 0
 457 139253.000 131192.000 0 0 0.000 0.000 0.000 0.131 0 1 0 0 0 0
 458 147838.000 114953.000 0 0 0.000 0.000 0.000 0.223 0 1 0 0 0 0
 459 150106.000 95792.000 0 0 0.000 0.000 0.000 200000.000 0 1 0 200 0 0
 460 59785.000 130548.000 0 0 0.000 0.000 0.000 0.131 0 1 0 0 0 0
 461 150161.000 95841.000 0 0 0.000 0.000 0.000 200000.000 0 1 0 200 0 0
 462 141595.000 71270.000 0 0 0.000 0.000 0.000 200000.000 0 1 0 200 0 0
 463 141493.000 71128.000 0 0 0.000 0.000 0.000 200000.000 0 1 0 200 0 0
 464 141451.000 71308.000 0 0 0.000 0.000 0.000 200000.000 0 1 0 200 0 0
 465 61626.000 66540.000 0 0 0.000 0.000 0.000 200000.000 0 1 0 200 0 0
 466 123449.000 55271.000 0 0 0.000 0.000 0.000 0.242 0 1 0 0 0 0
 467 148945.000 114605.000 0 0 0.000 0.000 0.000 200000.000 0 1 0 200 0 0
 468 149483.000 113451.000 0 0 0.000 0.000 0.000 200000.000 0 1 0 200 0 0
 469 71208.000 142610.000 0 0 0.000 0.000 0.000 0.132 0 1 0 0 0 0
 470 77522.000 54184.000 0 0 0.000 0.000 0.000 0.380 0 1 0 0 0 0
 471 48769.000 103924.000 0 0 0.000 0.000 0.000 0.136 0 1 0 0 0 0
 472 137155.000 64768.000 0 0 0.000 0.000 0.000 200000.000 0 1 0 200 0 0
 473 80123.000 52764.000 0 0 0.000 0.000 0.000 0.134 0 1 0 0 0 0
 474 150669.000 91767.000 0 0 0.000 0.000 0.000 200000.000 0 1 0 200 0 0
 475 151243.000 102936.000 0 0 0.000 0.000 0.000 0.235 0 1 0 0 0 0
 476 150642.000 108523.000 0 0 0.000 0.000 0.000 0.278 0 1 0 0 0 0
 477 134630.000 138250.000 0 0 0.000 0.000 0.000 200000.000 0 1 0 200 0 0
 478 123182.000 146281.000 0 0 0.000 0.000 0.000 0.143 0 1 0 0 0 0
 479 142983.000 128654.000 0 0 0.000 0.000 0.000 0.444 0 1 0 0 0 0
 480 149280.000 115639.000 0 0 0.000 0.000 0.000 0.151 0 1 0 0 0 0
 481 100915.000 151935.000 0 0 0.000 0.000 0.000 0.130 0 1 0 0 0 0
 482 151346.000 106956.000 0 0 0.000 0.000 0.000 200000.000 0 1 0 200 0 0
 483 150925.000 98096.000 0 0 0.000 0.000 0.000 200000.000 0 1 0 200 0 0
 484 143356.000 71528.000 0 0 0.000 0.000 0.000 0.218 0 1 0 0 0 0
 485 52804.000 122584.000 0 0 0.000 0.000 0.000 0.144 0 1 0 0 0 0
 486 152072.000 98220.000 0 0 0.000 0.000 0.000 0.203 0 1 0 0 0 0
 487 151442.000 108201.000 0 0 0.000 0.000 0.000 0.427 0 1 0 0 0 0
 488 149310.000 117487.000 0 0 0.000 0.000 0.000 200000.000 0 1 0 200 0 0
 489 139327.000 65885.000 0 0 0.000 0.000 0.000 200000.000 0 1 0 200 0 0
 490 129690.000 57254.000 0 0 0.000 0.000 0.000 200000.000 0 1 0 200 0 0
 491 152166.000 97182.000 0 0 0.000 0.000 0.000 0.130 0 1 0 0 0 0
 492 56961.000 130047.000 0 0 0.000 0.000 0.000 0.132 0 1 0 0 0 0
 493 131566.000 59679.000 0 0 0.000 0.000 0.000 200000.000 0 1 0 200 0 0
 494 68862.000 57851.000 0 0 0.000 0.000 0.000 200000.000 0 1 0 200 0 0
 495 80192.000 51522.000 0 0 0.000 0.000 0.000 200000.000 0 1 0 200 0 0
 496 143816.000 71215.000 0 0 0.000 0.000 0.000 200000.000 0 1 0 200 0 0
 497 150048.000 84186.000 0 0 0.000 0.000 0.000 200000.000 0 1 0 200 0 0
 498 145455.000 126349.000 0 0 0.000 0.000 0.000 200000.000 0 1 0 200 0 0
 499 140047.000 66161.000 0 0 0.000 0.000 0.000 200000.000 0 1 0 200 0 0
 500 151475.000 111530.000 0 0 0.000 0.000 0.000 200000.000 0 1 0 200 0 0
 501 137189.000 137447.000 0 0 0.000 0.000 0.000 200000.000 0 1 0 200 0 0
 502 143765.000 70373.000 0 0 0.000 0.000 0.000 0.259 0 1 0 0 0 0
 503 150191.000 83131.000 0 0 0.000 0.000 0.000 200000.000 0 1 0 200 0 0
 504 89024.000 48229.000 0 0 0.000 0.000 0.000 0.137 0 1 0 0 0 0
 505 150249.000 83168.000 0 0 0.000 0.000 0.000 200000.000 0 1 0 200 0 0
 506 143358.000 131198.000 0 0 0.000 0.000 0.000 200000.000 0 1 0 200 0 0
 507 150489.000 116743.000 0 0 0.000 0.000 0.000 0.290 0 1 0 0 0 0
 508 143289.000 131082.000 0 0 0.000 0.000 0.000 200000.000 0 1 0 200 0 0
 509 137775.000 62558.000 0 0 0.000 0.000 0.000 200000.000 0 1 0 200 0 0
 510 147144.000 75143.000 0 0 0.000 0.000 0.000 200000.000 0 1 0 200 0 0
 511 147003.000 75160.000 0 0 0.000 0.000 0.000 200000.000 0 1 0 200 0 0
 512 151390.000 114850.000 0 0 0.000 0.000 0.000 200000.000 0 1 0 200 0 0
 513 67396.000 57781.000 0 0 0.000 0.000 0.000 0.136 0 1 0 0 0 0
 514 149182.000 120865.000 0 0 0.000 0.000 0.000 0.283 0 1 0 0 0 0
 515 46701.000 104761.000 0 0 0.000 0.000 0.000 200000.000 0 1 0 200 0 0
 516 128764.000 56061.000 0 0 0.000 0.000 0.000 200000.000 0 1 0 200 0 0
 517 149973.000 80449.000 0 0 0.000 0.000 0.000 200000.000 0 1 0 200 0 0
 518 153490.000 97068.000 0 0 0.000 0.000 0.000 200000.000 0 1 0 200 0 0
 519 151540.000 114947.000 0 0 0.000 0.000 0.000 200000.000 0 1 0 200 0 0
 520 151738.000 114869.000 0 0 0.000 0.000 0.000 200000.000 0 1 0 200 0 0
 521 95875.000 46790.000 0 0 0.000 0.000 0.000 0.135 0 1 0 0 0 0
 522 149796.000 80463.000 0 0 0.000 0.000 0.000 200000.000 0 1 0 200 0 0
 523 151250.000 84040.000 0 0 0.000 0.000 0.000 200000.000 0 1 0 200 0 0
 524 151588.000 114773.000 0 0 0.000 0.000 0.000 200000.000 0 1 0 200 0 0
 525 152968.000 89272.000 0 0 0.000 0.000 0.000 200000.000 0 1 0 200 0 0
 526 153107.000 91068.000 0 0 0.000 0.000 0.000 0.137 0 1 0 0 0 0
 527 152843.000 110323.000 0 0 0.000 0.000 0.000 0.134 0 1 0 0 0 0
 528 124853.000 147971.000 0 0 0.000 0.000 0.000 0.136 0 1 0 0 0 0
 529 128423.000 55275.000 0 0 0.000 0.000 0.000 200000.000 0 1 0 200 0 0
 530 143030.000 67502.000 0 0 0.000 0.000 0.000 200000.000 0 1 0 200 0 0
 531 143079.000 67532.000 0 0 0.000 0.000 0.000 200000.000 0 1 0 200 0 0
 532 50760.000 123084.000 0 0 0.000 0.000 0.000 200000.000 0 1 0 200 0 0
 533 128951.000 54143.000 0 0 0.000 0.000 0.000 200000.000 0 1 0 200 0 0
 534 135287.000 59244.000 0 0 0.000 0.000 0.000 200000.000 0 1 0 200 0 0
 535 154123.000 103048.000 0 0 0.000 0.000 0.000 0.456 0 1 0 0 0 0
 536 148275.000 75937.000 0 0 0.000 0.000 0.000 0.130 0 1 0 0 0 0
 537 152376.000 114004.000 0 0 0.000 0.000 0.000 0.218 0 1 0 0 0 0
 538 150873.000 81715.000 0 0 0.000 0.000 0.000 0.136 0 1 0 0 0 0
 539 128872.000 54170.000 0 0 0.000 0.000 0.000 200000.000 0 1 0 200 0 0
 540 147262.000 73361.000 0 0 0.000 0.000 0.000 0.143 0 1 0 0 0 0
 541 141935.000 67160.000 0 0 0.000 0.000 0.000 200000.000 0 1 0 200 0 0
 542 141781.000 65406.000 0 0 0.000 0.000 0.000 200000.000 0 1 0 200 0 0
 543 144868.000 69452.000 0 0 0.000 0.000 0.000 200000.000 0 1 0 200 0 0
 544 144909.000 69487.000 0 0 0.000 0.000 0.000 200000.000 0 1 0 200 0 0
 545 45497.000 103889.000 0 0 0.000 0.000 0.000 0.152 0 1 0 0 0 0
 546 149043.000 76400.000 0 0 0.000 0.000 0.000 0.255 0 1 0 0 0 0
 547 86655.000 47170.000 0 0 0.000 0.000 0.000 0.138 0 1 0 0 0 0
 548 150671.000 120206.000 0 0 0.000 0.000 0.000 0.212 0 1 0 0 0 0
 549 110423.000 46478.000 0 0 0.000 0.000 0.000 0.219 0 1 0 0 0 0
 550 149377.000 123996.000 0 0 0.000 0.000 0.000 200000.000 0 1 0 200 0 0
 551 124405.000 51298.000 0 0 0.000 0.000 0.000 0.274 0 1 0 0 0 0
 552 149760.000 77485.000 0 0 0.000 0.000 0.000 0.492 0 1 0 0 0 0
 553 149246.000 123878.000 0 0 0.000 0.000 0.000 200000.000 0 1 0 200 0 0
 554 136316.000 60665.000 0 0 0.000 0.000 0.000 200000.000 0 1 0 200 0 0
 555 126137.000 51716.000 0 0 0.000 0.000 0.000 200000.000 0 1 0 200 0 0
 556 63503.000 59053.000 0 0 0.000 0.000 0.000 0.163 0 1 0 0 0 0
 557 118320.000 48434.000 0 0 0.000 0.000 0.000 200000.000 0 1 0 200 0 0
 558 126021.000 51825.000 0 0 0.000 0.000 0.000 200000.000 0 1 0 200 0 0
 559 153282.000 113670.000 0 0 0.000 0.000 0.000 0.243 0 1 0 0 0 0
 560 149449.000 124115.000 0 0 0.000 0.000 0.000 0.203 0 1 0 0 0 0
 561 131680.000 54965.000 0 0 0.000 0.000 0.000 0.228 0 1 0 0 0 0
 562 130895.000 145948.000 0 0 0.000 0.000 0.000 200000.000 0 1 0 200 0 0
 563 148393.000 73738.000 0 0 0.000 0.000 0.000 0.231 0 1 0 0 0 0
 564 86511.000 46603.000 0 0 0.000 0.000 0.000 200000.000 0 1 0 200 0 0
 565 155248.000 102323.000 0 0 0.000 0.000 0.000 200000.000 0 1 0 200 0 0
 566 152702.000 116477.000 0 0 0.000 0.000 0.000 0.258 0 1 0 0 0 0
 567 138884.000 139718.000 0 0 0.000 0.000 0.000 0.146 0 1 0 0 0 0
 568 152415.000 82149.000 0 0 0.000 0.000 0.000 200000.000 0 1 0 200 0 0
 569 58810.000 137491.000 0 0 0.000 0.000 0.000 0.170 0 1 0 0 0 0
 570 151478.000 120458.000 0 0 0.000 0.000 0.000 0.383 0 1 0 0 0 0
 571 127136.000 51859.000 0 0 0.000 0.000 0.000 200000.000 0 1 0 200 0 0
 572 131881.000 54869.000 0 0 0.000 0.000 0.000 200000.000 0 1 0 200 0 0
 573 148532.000 73271.000 0 0 0.000 0.000 0.000 0.207 0 1 0 0 0 0
 574 132087.000 54390.000 0 0 0.000 0.000 0.000 200000.000 0 1 0 200 0 0
 575 50956.000 127048.000 0 0 0.000 0.000 0.000 0.138 0 1 0 0 0 0
 576 155310.000 106267.000 0 0 0.000 0.000 0.000 0.214 0 1 0 0 0 0
 577 107867.000 44821.000 0 0 0.000 0.000 0.000 200000.000 0 1 0 200 0 0
 578 107800.000 44934.000 0 0 0.000 0.000 0.000 200000.000 0 1 0 200 0 0
 579 131948.000 54500.000 0 0 0.000 0.000 0.000 200000.000 0 1 0 200 0 0
 580 152449.000 119315.000 0 0 0.000 0.000 0.000 200000.000 0 1 0 200 0 0
 581 148475.000 128597.000 0 0 0.000 0.000 0.000 200000.000 0 1 0 200 0 0
 582 63131.000 142334.000 0 0 0.000 0.000 0.000 0.141 0 1 0 0 0 0
 583 146100.000 132022.000 0 0 0.000 0.000 0.000 200000.000 0 1 0 200 0 0
 584 60560.000 139954.000 0 0 0.000 0.000 0.000 0.149 0 1 0 0 0 0
 585 135363.000 56938.000 0 0 0.000 0.000 0.000 0.130 0 1 0 0 0 0
 586 148356.000 128462.000 0 0 0.000 0.000 0.000 200000.000 0 1 0 200 0 0
 587 154469.000 92360.000 0 0 0.000 0.000 0.000 200000.000 0 1 0 200 0 0
 588 126661.000 50711.000 0 0 0.000 0.000 0.000 200000.000 0 1 0 200 0 0
 589 150531.000 75612.000 0 0 0.000 0.000 0.000 0.145 0 1 0 0 0 0
 590 126736.000 50687.000 0 0 0.000 0.000 0.000 200000.000 0 1 0 200 0 0
 591 50763.000 127798.000 0 0 0.000 0.000 0.000 0.144 0 1 0 0 0 0
 592 106464.000 44322.000 0 0 0.000 0.000 0.000 0.244 0 1 0 0 0 0
 593 61808.000 58653.000 0 0 0.000 0.000 0.000 0.133 0 1 0 0 0 0
 594 114855.000 45571.000 0 0 0.000 0.000 0.000 200000.000 0 1 0 200 0 0
 595 131528.000 53451.000 0 0 0.000 0.000 0.000 200000.000 0 1 0 200 0 0
 596 154789.000 109888.000 0 0 0.000 0.000 0.000 200000.000 0 1 0 200 0 0
 597 145329.000 66850.000 0 0 0.000 0.000 0.000 0.289 0 1 0 0 0 0
 598 156051.000 108464.000 0 0 0.000 0.000 0.000 200000.000 0 1 0 200 0 0
 599 114758.000 45720.000 0 0 0.000 0.000 0.000 200000.000 0 1 0 200 0 0
 600 143764.000 64516.000 0 0 0.000 0.000 0.000 0.309 0 1 0 0 0 0
 601 81567.000 153878.000 0 0 0.000 0.000 0.000 0.134 0 1 0 0 0 0
 602 152135.000 77676.000 0 0 0.000 0.000 0.000 200000.000 0 1 0 200 0 0
 603 155372.000 89521.000 0 0 0.000 0.000 0.000 0.299 0 1 0 0 0 0
 604 155890.000 108386.000 0 0 0.000 0.000 0.000 200000.000 0 1 0 200 0 0
 605 127630.000 50597.000 0 0 0.000 0.000 0.000 200000.000 0 1 0 200 0 0
 606 151998.000 77680.000 0 0 0.000 0.000 0.000 200000.000 0 1 0 200 0 0
 607 47542.000 77882.000 0 0 0.000 0.000 0.000 200000.000 0 1 0 200 0 0
 608 155667.000 113235.000 0 0 0.000 0.000 0.000 200000.000 0 1 0 200 0 0
 609 47523.000 77930.000 0 0 0.000 0.000 0.000 200000.000 0 1 0 200 0 0
 610 153849.000 81338.000 0 0 0.000 0.000 0.000 0.373 0 1 0 0 0 0
 611 155882.000 111591.000 0 0 0.000 0.000 0.000 0.350 0 1 0 0 0 0
 612 155523.000 113150.000 0 0 0.000 0.000 0.000 200000.000 0 1 0 200 0 0
 613 153173.000 121243.000 0 0 0.000 0.000 0.000 200000.000 0 1 0 200 0 0
 614 128879.000 50721.000 0 0 0.000 0.000 0.000 200000.000 0 1 0 200 0 0
 615 77883.000 153084.000 0 0 0.000 0.000 0.000 0.135 0 1 0 0 0 0
 616 131053.000 148696.000 0 0 0.000 0.000 0.000 200000.000 0 1 0 200 0 0
 617 151758.000 75220.000 0 0 0.000 0.000 0.000 200000.000 0 1 0 200 0 0
 618 157106.000 93581.000 0 0 0.000 0.000 0.000 200000.000 0 1 0 200 0 0
 619 148684.000 130573.000 0 0 0.000 0.000 0.000 200000.000 0 1 0 200 0 0
 620 151602.000 125254.000 0 0 0.000 0.000 0.000 200000.000 0 1 0 200 0 0
 621 131039.000 148578.000 0 0 0.000 0.000 0.000 200000.000 0 1 0 200 0 0
 622 148647.000 130615.000 0 0 0.000 0.000 0.000 200000.000 0 1 0 200 0 0
 623 64183.000 145147.000 0 0 0.000 0.000 0.000 0.157 0 1 0 0 0 0
 624 52436.000 67573.000 0 0 0.000 0.000 0.000 200000.000 0 1 0 200 0 0
 625 155738.000 85565.000 0 0 0.000 0.000 0.000 200000.000 0 1 0 200 0 0
 626 157222.000 107080.000 0 0 0.000 0.000 0.000 0.142 0 1 0 0 0 0
 627 155773.000 85610.000 0 0 0.000 0.000 0.000 200000.000 0 1 0 200 0 0
 628 99225.000 42468.000 0 0 0.000 0.000 0.000 0.148 0 1 0 0 0 0
 629 156780.000 109349.000 0 0 0.000 0.000 0.000 0.310 0 1 0 0 0 0
 630 138053.000 56808.000 0 0 0.000 0.000 0.000 0.143 0 1 0 0 0 0
 631 131951.000 52086.000 0 0 0.000 0.000 0.000 200000.000 0 1 0 200 0 0
 632 150895.000 127757.000 0 0 0.000 0.000 0.000 200000.000 0 1 0 200 0 0
 633 132021.000 52081.000 0 0 0.000 0.000 0.000 200000.000 0 1 0 200 0 0
 634 96328.000 42421.000 0 0 0.000 0.000 0.000 0.138 0 1 0 0 0 0
 635 139973.000 58653.000 0 0 0.000 0.000 0.000 200000.000 0 1 0 200 0 0
 636 150778.000 127638.000 0 0 0.000 0.000 0.000 200000.000 0 1 0 200 0 0
 637 157481.000 94055.000 0 0 0.000 0.000 0.000 0.133 0 1 0 0 0 0
 638 157978.000 98467.000 0 0 0.000 0.000 0.000 200000.000 0 1 0 200 0 0
 639 157923.000 101767.000 0 0 0.000 0.000 0.000 200000.000 0 1 0 200 0 0
 640 107658.000 42751.000 0 0 0.000 0.000 0.000 0.148 0 1 0 0 0 0
 641 157985.000 101821.000 0 0 0.000 0.000 0.000 200000.000 0 1 0 200 0 0
 642 148626.000 68656.000 0 0 0.000 0.000 0.000 0.134 0 1 0 0 0 0
 643 155492.000 82794.000 0 0 0.000 0.000 0.000 200000.000 0 1 0 200 0 0
 644 155763.000 84330.000 0 0 0.000 0.000 0.000 0.214 0 1 0 0 0 0
 645 153297.000 123177.000 0 0 0.000 0.000 0.000 200000.000 0 1 0 200 0 0
 646 157389.000 109455.000 0 0 0.000 0.000 0.000 200000.000 0 1 0 200 0 0
 647 130258.000 149862.000 0 0 0.000 0.000 0.000 0.149 0 1 0 0 0 0
 648 157437.000 109517.000 0 0 0.000 0.000 0.000 200000.000 0 1 0 200 0 0
 649 105141.000 42282.000 0 0 0.000 0.000 0.000 200000.000 0 1 0 200 0 0
 650 150976.000 74181.000 0 0 0.000 0.000 0.000 200000.000 0 1 0 200 0 0
 651 155117.000 81120.000 0 0 0.000 0.000 0.000 200000.000 0 1 0 200 0 0
 652 155094.000 81074.000 0 0 0.000 0.000 0.000 200000.000 0 1 0 200 0 0
 653 156868.000 87503.000 0 0 0.000 0.000 0.000 0.389 0 1 0 0 0 0
 654 158233.000 95452.000 0 0 0.000 0.000 0.000 0.164 0 1 0 0 0 0
 655 157642.000 90578.000 0 0 0.000 0.000 0.000 200000.000 0 1 0 200 0 0
 656 157901.000 107366.000 0 0 0.000 0.000 0.000 0.131 0 1 0 0 0 0
 657 157716.000 90620.000 0 0 0.000 0.000 0.000 200000.000 0 1 0 200 0 0
 658 151245.000 128281.000 0 0 0.000 0.000 0.000 0.279 0 1 0 0 0 0
 659 147046.000 64977.000 0 0 0.000 0.000 0.000 0.135 0 1 0 0 0 0
 660 138751.000 56135.000 0 0 0.000 0.000 0.000 0.278 0 1 0 0 0 0
 661 158198.000 108825.000 0 0 0.000 0.000 0.000 0.212 0 1 0 0 0 0
 662 146353.000 136523.000 0 0 0.000 0.000 0.000 0.216 0 1 0 0 0 0
 663 146234.000 136713.000 0 0 0.000 0.000 0.000 200000.000 0 1 0 200 0 0
 664 106329.000 158846.000 0 0 0.000 0.000 0.000 0.133 0 1 0 0 0 0
 665 44810.000 121409.000 0 0 0.000 0.000 0.000 0.144 0 1 0 0 0 0
 666 128042.000 48319.000 0 0 0.000 0.000 0.000 0.210 0 1 0 0 0 0
 667 149779.000 67908.000 0 0 0.000 0.000 0.000 200000.000 0 1 0 200 0 0
 668 150787.000 70298.000 0 0 0.000 0.000 0.000 0.383 0 1 0 0 0 0
 669 154107.000 76245.000 0 0 0.000 0.000 0.000 200000.000 0 1 0 200 0 0
 670 156901.000 83941.000 0 0 0.000 0.000 0.000 200000.000 0 1 0 200 0 0
 671 131215.000 49986.000 0 0 0.000 0.000 0.000 0.498 0 1 0 0 0 0
 672 43957.000 120214.000 0 0 0.000 0.000 0.000 0.145 0 1 0 0 0 0
 673 154221.000 76266.000 0 0 0.000 0.000 0.000 200000.000 0 1 0 200 0 0
 674 42006.000 113183.000 0 0 0.000 0.000 0.000 0.136 0 1 0 0 0 0
 675 158903.000 108931.000 0 0 0.000 0.000 0.000 200000.000 0 1 0 200 0 0
 676 146830.000 63214.000 0 0 0.000 0.000 0.000 200000.000 0 1 0 200 0 0
 677 159001.000 93734.000 0 0 0.000 0.000 0.000 0.206 0 1 0 0 0 0
 678 159414.000 96466.000 0 0 0.000 0.000 0.000 200000.000 0 1 0 200 0 0
 679 159509.000 101800.000 0 0 0.000 0.000 0.000 200000.000 0 1 0 200 0 0
 680 159516.000 101851.000 0 0 0.000 0.000 0.000 200000.000 0 1 0 200 0 0
 681 158742.000 108856.000 0 0 0.000 0.000 0.000 200000.000 0 1 0 200 0 0
 682 134407.000 51711.000 0 0 0.000 0.000 0.000 0.151 0 1 0 0 0 0
 683 146665.000 63280.000 0 0 0.000 0.000 0.000 200000.000 0 1 0 200 0 0
 684 153799.000 74900.000 0 0 0.000 0.000 0.000 0.387 0 1 0 0 0 0
 685 108473.000 40786.000 0 0 0.000 0.000 0.000 200000.000 0 1 0 200 0 0
 686 159178.000 91786.000 0 0 0.000 0.000 0.000 0.136 0 1 0 0 0 0
 687 108401.000 40923.000 0 0 0.000 0.000 0.000 200000.000 0 1 0 200 0 0
 688 156751.000 83931.000 0 0 0.000 0.000 0.000 200000.000 0 1 0 200 0 0
 689 145545.000 61382.000 0 0 0.000 0.000 0.000 200000.000 0 1 0 200 0 0
 690 153185.000 72569.000 0 0 0.000 0.000 0.000 0.340 0 1 0 0 0 0
 691 73429.000 46283.000 0 0 0.000 0.000 0.000 0.134 0 1 0 0 0 0
 692 100711.000 41103.000 0 0 0.000 0.000 0.000 200000.000 0 1 0 200 0 0
 693 150499.000 67573.000 0 0 0.000 0.000 0.000 0.137 0 1 0 0 0 0
 694 156431.000 79740.000 0 0 0.000 0.000 0.000 200000.000 0 1 0 200 0 0
 695 58452.000 56598.000 0 0 0.000 0.000 0.000 0.135 0 1 0 0 0 0
 696 59307.000 55579.000 0 0 0.000 0.000 0.000 200000.000 0 1 0 200 0 0
 697 156787.000 79725.000 0 0 0.000 0.000 0.000 200000.000 0 1 0 200 0 0
 698 156642.000 79722.000 0 0 0.000 0.000 0.000 200000.000 0 1 0 200 0 0
 699 125385.000 155041.000 0 0 0.000 0.000 0.000 0.145 0 1 0 0 0 0
 700 60298.000 54720.000 0 0 0.000 0.000 0.000 200000.000 0 1 0 200 0 0
 701 118674.000 157761.000 0 0 0.000 0.000 0.000 0.135 0 1 0 0 0 0
 702 160709.000 98830.000 0 0 0.000 0.000 0.000 200000.000 0 1 0 200 0 0
 703 160131.000 107429.000 0 0 0.000 0.000 0.000 200000.000 0 1 0 200 0 0
 704 160726.000 100045.000 0 0 0.000 0.000 0.000 200000.000 0 1 0 200 0 0
 705 63849.000 149222.000 0 0 0.000 0.000 0.000 200000.000 0 1 0 200 0 0
 706 40735.000 86335.000 0 0 0.000 0.000 0.000 0.132 0 1 0 0 0 0
 707 158842.000 90486.000 0 0 0.000 0.000 0.000 200000.000 0 1 0 200 0 0
 708 43776.000 76950.000 0 0 0.000 0.000 0.000 0.134 0 1 0 0 0 0
 709 144586.000 58522.000 0 0 0.000 0.000 0.000 200000.000 0 1 0 200 0 0
 710 146717.000 61190.000 0 0 0.000 0.000 0.000 200000.000 0 1 0 200 0 0
 711 113461.000 40495.000 0 0 0.000 0.000 0.000 200000.000 0 1 0 200 0 0
 712 122726.000 43741.000 0 0 0.000 0.000 0.000 200000.000 0 1 0 200 0 0
 713 144428.000 58602.000 0 0 0.000 0.000 0.000 200000.000 0 1 0 200 0 0
 714 161066.000 99446.000 0 0 0.000 0.000 0.000 0.130 0 1 0 0 0 0
 715 156944.000 78258.000 0 0 0.000 0.000 0.000 0.200 0 1 0 0 0 0
 716 160442.000 109164.000 0 0 0.000 0.000 0.000 200000.000 0 1 0 200 0 0
 717 159918.000 113204.000 0 0 0.000 0.000 0.000 0.146 0 1 0 0 0 0
 718 159946.000 114351.000 0 0 0.000 0.000 0.000 200000.000 0 1 0 200 0 0
 719 144708.000 142140.000 0 0 0.000 0.000 0.000 200000.000 0 1 0 200 0 0
 720 142351.000 55719.000 0 0 0.000 0.000 0.000 0.490 0 1 0 0 0 0
 721 152290.000 67788.000 0 0 0.000 0.000 0.000 0.240 0 1 0 0 0 0
 722 158367.000 80944.000 0 0 0.000 0.000 0.000 0.212 0 1 0 0 0 0
 723 161533.000 97959.000 0 0 0.000 0.000 0.000 200000.000 0 1 0 200 0 0
 724 159830.000 114272.000 0 0 0.000 0.000 0.000 200000.000 0 1 0 200 0 0
 725 97169.000 38545.000 0 0 0.000 0.000 0.000 200000.000 0 1 0 200 0 0
 726 104234.000 38629.000 0 0 0.000 0.000 0.000 200000.000 0 1 0 200 0 0
 727 128271.000 45441.000 0 0 0.000 0.000 0.000 0.219 0 1 0 0 0 0
 728 113373.000 40858.000 0 0 0.000 0.000 0.000 200000.000 0 1 0 200 0 0
 729 130635.000 46631.000 0 0 0.000 0.000 0.000 200000.000 0 1 0 200 0 0
 730 143349.000 56277.000 0 0 0.000 0.000 0.000 200000.000 0 1 0 200 0 0
 731 149514.000 63362.000 0 0 0.000 0.000 0.000 200000.000 0 1 0 200 0 0
 732 157508.000 78100.000 0 0 0.000 0.000 0.000 0.244 0 1 0 0 0 0
 733 97116.000 38545.000 0 0 0.000 0.000 0.000 200000.000 0 1 0 200 0 0
 734 161307.000 108937.000 0 0 0.000 0.000 0.000 200000.000 0 1 0 200 0 0
 735 149128.000 62570.000 0 0 0.000 0.000 0.000 200000.000 0 1 0 200 0 0
 736 152741.000 67499.000 0 0 0.000 0.000 0.000 200000.000 0 1 0 200 0 0
 737 129569.000 45473.000 0 0 0.000 0.000 0.000 200000.000 0 1 0 200 0 0
 738 129623.000 45484.000 0 0 0.000 0.000 0.000 200000.000 0 1 0 200 0 0
 739 49932.000 63194.000 0 0 0.000 0.000 0.000 0.133 0 1 0 0 0 0
 740 161978.000 94391.000 0 0 0.000 0.000 0.000 200000.000 0 1 0 200 0 0
 741 135831.000 149982.000 0 0 0.000 0.000 0.000 200000.000 0 1 0 200 0 0
 742 113557.000 39270.000 0 0 0.000 0.000 0.000 0.417 0 1 0 0 0 0
 743 105049.000 162420.000 0 0 0.000 0.000 0.000 0.132 0 1 0 0 0 0
 744 153596.000 67918.000 0 0 0.000 0.000 0.000 200000.000 0 1 0 200 0 0
 745 157675.000 75727.000 0 0 0.000 0.000 0.000 0.402 0 1 0 0 0 0
 746 105464.000 37667.000 0 0 0.000 0.000 0.000 0.297 0 1 0 0 0 0
 747 115904.000 39517.000 0 0 0.000 0.000 0.000 200000.000 0 1 0 200 0 0
 748 141150.000 53205.000 0 0 0.000 0.000 0.000 0.320 0 1 0 0 0 0
 749 157270.000 74163.000 0 0 0.000 0.000 0.000 200000.000 0 1 0 200 0 0
 750 107002.000 37538.000 0 0 0.000 0.000 0.000 200000.000 0 1 0 200 0 0
 751 107062.000 37520.000 0 0 0.000 0.000 0.000 200000.000 0 1 0 200 0 0
 752 131739.000 47182.000 0 0 0.000 0.000 0.000 200000.000 0 1 0 200 0 0
 753 158653.000 80417.000 0 0 0.000 0.000 0.000 200000.000 0 1 0 200 0 0
 754 160581.000 87763.000 0 0 0.000 0.000 0.000 200000.000 0 1 0 200 0 0
 755 156498.000 127953.000 0 0 0.000 0.000 0.000 200000.000 0 1 0 200 0 0
 756 141650.000 147708.000 0 0 0.000 0.000 0.000 200000.000 0 1 0 200 0 0
 757 41624.000 124701.000 0 0 0.000 0.000 0.000 200000.000 0 1 0 200 0 0
 758 70964.000 44169.000 0 0 0.000 0.000 0.000 0.215 0 1 0 0 0 0
 759 143627.000 54416.000 0 0 0.000 0.000 0.000 200000.000 0 1 0 200 0 0
 760 157203.000 73505.000 0 0 0.000 0.000 0.000 0.386 0 1 0 0 0 0
 761 56425.000 54343.000 0 0 0.000 0.000 0.000 0.146 0 1 0 0 0 0
 762 146016.000 144223.000 0 0 0.000 0.000 0.000 200000.000 0 1 0 200 0 0
 763 104980.000 37062.000 0 0 0.000 0.000 0.000 0.225 0 1 0 0 0 0
 764 161349.000 84335.000 0 0 0.000 0.000 0.000 0.140 0 1 0 0 0 0
 765 143587.000 54378.000 0 0 0.000 0.000 0.000 200000.000 0 1 0 200 0 0
 766 162265.000 88809.000 0 0 0.000 0.000 0.000 0.130 0 1 0 0 0 0
 767 153656.000 66587.000 0 0 0.000 0.000 0.000 0.210 0 1 0 0 0 0
 768 162811.000 91541.000 0 0 0.000 0.000 0.000 200000.000 0 1 0 200 0 0
 769 163333.000 104068.000 0 0 0.000 0.000 0.000 200000.000 0 1 0 200 0 0
 770 162849.000 91588.000 0 0 0.000 0.000 0.000 200000.000 0 1 0 200 0 0
 771 163166.000 104006.000 0 0 0.000 0.000 0.000 200000.000 0 1 0 200 0 0
 772 157518.000 127463.000 0 0 0.000 0.000 0.000 200000.000 0 1 0 200 0 0
 773 159790.000 123460.000 0 0 0.000 0.000 0.000 200000.000 0 1 0 200 0 0
 774 119123.000 39208.000 0 0 0.000 0.000 0.000 0.339 0 1 0 0 0 0
 775 147752.000 57196.000 0 0 0.000 0.000 0.000 200000.000 0 1 0 200 0 0
 776 162421.000 84850.000 0 0 0.000 0.000 0.000 200000.000 0 1 0 200 0 0
 777 162269.000 84941.000 0 0 0.000 0.000 0.000 200000.000 0 1 0 200 0 0
 778 163325.000 90160.000 0 0 0.000 0.000 0.000 200000.000 0 1 0 200 0 0
 779 159657.000 123356.000 0 0 0.000 0.000 0.000 200000.000 0 1 0 200 0 0
 780 138821.000 151343.000 0 0 0.000 0.000 0.000 200000.000 0 1 0 200 0 0
 781 136095.000 153264.000 0 0 0.000 0.000 0.000 0.215 0 1 0 0 0 0
 782 127617.000 158187.000 0 0 0.000 0.000 0.000 200000.000 0 1 0 200 0 0
 783 131959.000 44450.000 0 0 0.000 0.000 0.000 200000.000 0 1 0 200 0 0
 784 163979.000 95523.000 0 0 0.000 0.000 0.000 0.134 0 1 0 0 0 0
 785 147679.000 57191.000 0 0 0.000 0.000 0.000 200000.000 0 1 0 200 0 0
 786 162243.000 84840.000 0 0 0.000 0.000 0.000 200000.000 0 1 0 200 0 0
 787 134424.000 45737.000 0 0 0.000 0.000 0.000 200000.000 0 1 0 200 0 0
 788 153196.000 64102.000 0 0 0.000 0.000 0.000 0.331 0 1 0 0 0 0
 789 158829.000 74052.000 0 0 0.000 0.000 0.000 0.247 0 1 0 0 0 0
 790 94188.000 35679.000 0 0 0.000 0.000 0.000 200000.000 0 1 0 200 0 0
 791 164074.000 107991.000 0 0 0.000 0.000 0.000 0.132 0 1 0 0 0 0
 792 109220.000 37215.000 0 0 0.000 0.000 0.000 200000.000 0 1 0 200 0 0
 793 164386.000 97052.000 0 0 0.000 0.000 0.000 200000.000 0 1 0 200 0 0
 794 151143.000 140094.000 0 0 0.000 0.000 0.000 200000.000 0 1 0 200 0 0
 795 132894.000 155750.000 0 0 0.000 0.000 0.000 0.249 0 1 0 0 0 0
 796 131513.000 43628.000 0 0 0.000 0.000 0.000 0.219 0 1 0 0 0 0
 797 132972.000 44468.000 0 0 0.000 0.000 0.000 200000.000 0 1 0 200 0 0
 798 163724.000 111096.000 0 0 0.000 0.000 0.000 200000.000 0 1 0 200 0 0
 799 162241.000 82870.000 0 0 0.000 0.000 0.000 0.240 0 1 0 0 0 0
 800 164431.000 93301.000 0 0 0.000 0.000 0.000 200000.000 0 1 0 200 0 0
 801 163715.000 111041.000 0 0 0.000 0.000 0.000 200000.000 0 1 0 200 0 0
 802 158210.000 129153.000 0 0 0.000 0.000 0.000 200000.000 0 1 0 200 0 0
 803 53970.000 54333.000 0 0 0.000 0.000 0.000 200000.000 0 1 0 200 0 0
 804 146716.000 55124.000 0 0 0.000 0.000 0.000 0.216 0 1 0 0 0 0
 805 138026.000 152805.000 0 0 0.000 0.000 0.000 0.146 0 1 0 0 0 0
 806 163926.000 103474.000 0 0 0.000 0.000 0.000 200000.000 0 1 0 200 0 0
 807 153432.000 64941.000 0 0 0.000 0.000 0.000 200000.000 0 1 0 200 0 0
 808 158083.000 129028.000 0 0 0.000 0.000 0.000 200000.000 0 1 0 200 0 0
 809 140676.000 49140.000 0 0 0.000 0.000 0.000 200000.000 0 1 0 200 0 0
 810 35866.000 111963.000 0 0 0.000 0.000 0.000 0.134 0 1 0 0 0 0
 811 158691.000 128298.000 0 0 0.000 0.000 0.000 0.349 0 1 0 0 0 0
 812 145430.000 146990.000 0 0 0.000 0.000 0.000 200000.000 0 1 0 200 0 0
 813 161318.000 122370.000 0 0 0.000 0.000 0.000 0.141 0 1 0 0 0 0
 814 165123.000 97401.000 0 0 0.000 0.000 0.000 0.203 0 1 0 0 0 0
 815 150830.000 139842.000 0 0 0.000 0.000 0.000 200000.000 0 1 0 200 0 0
 816 152444.000 139071.000 0 0 0.000 0.000 0.000 0.405 0 1 0 0 0 0
 817 124887.000 39665.000 0 0 0.000 0.000 0.000 200000.000 0 1 0 200 0 0
 818 149227.000 57322.000 0 0 0.000 0.000 0.000 200000.000 0 1 0 200 0 0
 819 147095.000 54746.000 0 0 0.000 0.000 0.000 200000.000 0 1 0 200 0 0
 820 149195.000 57285.000 0 0 0.000 0.000 0.000 200000.000 0 1 0 200 0 0
 821 163196.000 82460.000 0 0 0.000 0.000 0.000 200000.000 0 1 0 200 0 0
 822 164400.000 96233.000 0 0 0.000 0.000 0.000 200000.000 0 1 0 200 0 0
 823 165450.000 102452.000 0 0 0.000 0.000 0.000 200000.000 0 1 0 200 0 0
 824 159861.000 126836.000 0 0 0.000 0.000 0.000 200000.000 0 1 0 200 0 0
 825 159839.000 126886.000 0 0 0.000 0.000 0.000 200000.000 0 1 0 200 0 0
 826 154812.000 136123.000 0 0 0.000 0.000 0.000 200000.000 0 1 0 200 0 0
 827 150510.000 58499.000 0 0 0.000 0.000 0.000 0.132 0 1 0 0 0 0
 828 153176.000 61998.000 0 0 0.000 0.000 0.000 200000.000 0 1 0 200 0 0
 829 163018.000 82455.000 0 0 0.000 0.000 0.000 200000.000 0 1 0 200 0 0
 830 38186.000 77999.000 0 0 0.000 0.000 0.000 0.130 0 1 0 0 0 0
 831 164820.000 88802.000 0 0 0.000 0.000 0.000 200000.000 0 1 0 200 0 0
 832 149950.000 142690.000 0 0 0.000 0.000 0.000 0.426 0 1 0 0 0 0
 833 164660.000 88777.000 0 0 0.000 0.000 0.000 200000.000 0 1 0 200 0 0
 834 129135.000 159529.000 0 0 0.000 0.000 0.000 200000.000 0 1 0 200 0 0
 835 34298.000 92854.000 0 0 0.000 0.000 0.000 0.140 0 1 0 0 0 0
 836 129126.000 159398.000 0 0 0.000 0.000 0.000 200000.000 0 1 0 200 0 0
 837 165970.000 98410.000 0 0 0.000 0.000 0.000 0.314 0 1 0 0 0 0
 838 166176.000 104873.000 0 0 0.000 0.000 0.000 200000.000 0 1 0 200 0 0
 839 156733.000 134204.000 0 0 0.000 0.000 0.000 0.131 0 1 0 0 0 0
 840 159230.000 129776.000 0 0 0.000 0.000 0.000 200000.000 0 1 0 200 0 0
 841 80442.000 37052.000 0 0 0.000 0.000 0.000 0.339 0 1 0 0 0 0
 842 160595.000 72847.000 0 0 0.000 0.000 0.000 200000.000 0 1 0 200 0 0
 843 166038.000 104813.000 0 0 0.000 0.000 0.000 200000.000 0 1 0 200 0 0
 844 110201.000 166050.000 0 0 0.000 0.000 0.000 200000.000 0 1 0 200 0 0
 845 165302.000 102419.000 0 0 0.000 0.000 0.000 200000.000 0 1 0 200 0 0
 846 136434.000 154547.000 0 0 0.000 0.000 0.000 200000.000 0 1 0 200 0 0
 847 139435.000 46836.000 0 0 0.000 0.000 0.000 200000.000 0 1 0 200 0 0
 848 160558.000 72808.000 0 0 0.000 0.000 0.000 200000.000 0 1 0 200 0 0
 849 144867.000 149193.000 0 0 0.000 0.000 0.000 0.292 0 1 0 0 0 0
 850 110237.000 165931.000 0 0 0.000 0.000 0.000 200000.000 0 1 0 200 0 0
 851 160898.000 73108.000 0 0 0.000 0.000 0.000 200000.000 0 1 0 200 0 0
 852 160724.000 73125.000 0 0 0.000 0.000 0.000 200000.000 0 1 0 200 0 0
 853 34061.000 90299.000 0 0 0.000 0.000 0.000 0.134 0 1 0 0 0 0
 854 162446.000 122933.000 0 0 0.000 0.000 0.000 0.344 0 1 0 0 0 0
 855 122283.000 37395.000 0 0 0.000 0.000 0.000 200000.000 0 1 0 200 0 0
 856 156557.000 136239.000 0 0 0.000 0.000 0.000 200000.000 0 1 0 200 0 0
 857 133915.000 157683.000 0 0 0.000 0.000 0.000 0.390 0 1 0 0 0 0
 858 123540.000 37492.000 0 0 0.000 0.000 0.000 200000.000 0 1 0 200 0 0
 859 161489.000 73183.000 0 0 0.000 0.000 0.000 200000.000 0 1 0 200 0 0
 860 68595.000 159394.000 0 0 0.000 0.000 0.000 0.160 0 1 0 0 0 0
 861 165974.000 88730.000 0 0 0.000 0.000 0.000 0.214 0 1 0 0 0 0
 862 56069.000 49619.000 0 0 0.000 0.000 0.000 0.145 0 1 0 0 0 0
 863 165099.000 116193.000 0 0 0.000 0.000 0.000 200000.000 0 1 0 200 0 0
 864 146985.000 52445.000 0 0 0.000 0.000 0.000 0.281 0 1 0 0 0 0
 865 154978.000 62027.000 0 0 0.000 0.000 0.000 0.344 0 1 0 0 0 0
 866 160007.000 130466.000 0 0 0.000 0.000 0.000 200000.000 0 1 0 200 0 0
 867 152750.000 142176.000 0 0 0.000 0.000 0.000 200000.000 0 1 0 200 0 0
 868 151658.000 143119.000 0 0 0.000 0.000 0.000 0.277 0 1 0 0 0 0
 869 156311.000 63486.000 0 0 0.000 0.000 0.000 0.148 0 1 0 0 0 0
 870 167118.000 94607.000 0 0 0.000 0.000 0.000 200000.000 0 1 0 200 0 0
 871 167111.000 97082.000 0 0 0.000 0.000 0.000 200000.000 0 1 0 200 0 0
 872 167349.000 101215.000 0 0 0.000 0.000 0.000 200000.000 0 1 0 200 0 0
 873 167348.000 101267.000 0 0 0.000 0.000 0.000 200000.000 0 1 0 200 0 0
 874 123110.000 36939.000 0 0 0.000 0.000 0.000 0.355 0 1 0 0 0 0
 875 163808.000 121634.000 0 0 0.000 0.000 0.000 0.200 0 1 0 0 0 0
 876 139778.000 154870.000 0 0 0.000 0.000 0.000 200000.000 0 1 0 200 0 0
 877 167158.000 108789.000 0 0 0.000 0.000 0.000 200000.000 0 1 0 200 0 0
 878 166705.000 111650.000 0 0 0.000 0.000 0.000 0.230 0 1 0 0 0 0
 879 156239.000 136034.000 0 0 0.000 0.000 0.000 200000.000 0 1 0 200 0 0
 880 139706.000 154913.000 0 0 0.000 0.000 0.000 0.204 0 1 0 0 0 0
 881 98998.000 32368.000 0 0 0.000 0.000 0.000 200000.000 0 1 0 200 0 0
 882 167521.000 95153.000 0 0 0.000 0.000 0.000 0.141 0 1 0 0 0 0
 883 154089.000 59028.000 0 0 0.000 0.000 0.000 200000.000 0 1 0 200 0 0
 884 153055.000 142884.000 0 0 0.000 0.000 0.000 200000.000 0 1 0 200 0 0
 885 134039.000 41165.000 0 0 0.000 0.000 0.000 200000.000 0 1 0 200 0 0
 886 134097.000 41169.000 0 0 0.000 0.000 0.000 200000.000 0 1 0 200 0 0
 887 153732.000 58314.000 0 0 0.000 0.000 0.000 200000.000 0 1 0 200 0 0
 888 160255.000 68574.000 0 0 0.000 0.000 0.000 200000.000 0 1 0 200 0 0
 889 168177.000 98296.000 0 0 0.000 0.000 0.000 200000.000 0 1 0 200 0 0
 890 166538.000 115201.000 0 0 0.000 0.000 0.000 200000.000 0 1 0 200 0 0
 891 144447.000 152259.000 0 0 0.000 0.000 0.000 200000.000 0 1 0 200 0 0
 892 160931.000 69231.000 0 0 0.000 0.000 0.000 200000.000 0 1 0 200 0 0
 893 161718.000 72746.000 0 0 0.000 0.000 0.000 200000.000 0 1 0 200 0 0
 894 148061.000 149170.000 0 0 0.000 0.000 0.000 200000.000 0 1 0 200 0 0
 895 78173.000 165216.000 0 0 0.000 0.000 0.000 0.255 0 1 0 0 0 0
 896 137793.000 43042.000 0 0 0.000 0.000 0.000 0.157 0 1 0 0 0 0
 897 142291.000 46292.000 0 0 0.000 0.000 0.000 0.203 0 1 0 0 0 0
 898 160083.000 67389.000 0 0 0.000 0.000 0.000 0.329 0 1 0 0 0 0
 899 168701.000 93277.000 0 0 0.000 0.000 0.000 200000.000 0 1 0 200 0 0
 900 82136.000 166570.000 0 0 0.000 0.000 0.000 0.131 0 1 0 0 0 0
 901 160078.000 133642.000 0 0 0.000 0.000 0.000 200000.000 0 1 0 200 0 0
 902 138562.000 43355.000 0 0 0.000 0.000 0.000 0.381 0 1 0 0 0 0
 903 153862.000 57553.000 0 0 0.000 0.000 0.000 0.460 0 1 0 0 0 0
 904 157936.000 63261.000 0 0 0.000 0.000 0.000 200000.000 0 1 0 200 0 0
 905 161774.000 70163.000 0 0 0.000 0.000 0.000 0.252 0 1 0 0 0 0
 906 168798.000 99950.000 0 0 0.000 0.000 0.000 0.210 0 1 0 0 0 0
 907 144189.000 151952.000 0 0 0.000 0.000 0.000 200000.000 0 1 0 200 0 0
 908 137218.000 42169.000 0 0 0.000 0.000 0.000 0.204 0 1 0 0 0 0
 909 155127.000 58964.000 0 0 0.000 0.000 0.000 0.267 0 1 0 0 0 0
 910 157489.000 62437.000 0 0 0.000 0.000 0.000 0.359 0 1 0 0 0 0
 911 162449.000 71096.000 0 0 0.000 0.000 0.000 200000.000 0 1 0 200 0 0
 912 165681.000 79013.000 0 0 0.000 0.000 0.000 200000.000 0 1 0 200 0 0
 913 168719.000 107087.000 0 0 0.000 0.000 0.000 200000.000 0 1 0 200 0 0
 914 167164.000 117050.000 0 0 0.000 0.000 0.000 200000.000 0 1 0 200 0 0
 915 168124.000 102804.000 0 0 0.000 0.000 0.000 200000.000 0 1 0 200 0 0
 916 158000.000 136050.000 0 0 0.000 0.000 0.000 200000.000 0 1 0 200 0 0
 917 136889.000 41865.000 0 0 0.000 0.000 0.000 200000.000 0 1 0 200 0 0
 918 169199.000 98336.000 0 0 0.000 0.000 0.000 200000.000 0 1 0 200 0 0
 919 149069.000 147971.000 0 0 0.000 0.000 0.000 200000.000 0 1 0 200 0 0
 920 146524.000 48757.000 0 0 0.000 0.000 0.000 200000.000 0 1 0 200 0 0
 921 162923.000 71399.000 0 0 0.000 0.000 0.000 200000.000 0 1 0 200 0 0
 922 166180.000 120589.000 0 0 0.000 0.000 0.000 200000.000 0 1 0 200 0 0
 923 159076.000 136699.000 0 0 0.000 0.000 0.000 200000.000 0 1 0 200 0 0
 924 144188.000 153811.000 0 0 0.000 0.000 0.000 200000.000 0 1 0 200 0 0
 925 163234.000 128873.000 0 0 0.000 0.000 0.000 200000.000 0 1 0 200 0 0
 926 166362.000 117394.000 0 0 0.000 0.000 0.000 200000.000 0 1 0 200 0 0
 927 146485.000 48720.000 0 0 0.000 0.000 0.000 200000.000 0 1 0 200 0 0
 928 163623.000 127917.000 0 0 0.000 0.000 0.000 0.408 0 1 0 0 0 0
 929 153906.000 56011.000 0 0 0.000 0.000 0.000 200000.000 0 1 0 200 0 0
 930 169075.000 98288.000 0 0 0.000 0.000 0.000 200000.000 0 1 0 200 0 0
 931 167585.000 82400.000 0 0 0.000 0.000 0.000 200000.000 0 1 0 200 0 0
 932 144817.000 47854.000 0 0 0.000 0.000 0.000 200000.000 0 1 0 200 0 0
 933 169356.000 91509.000 0 0 0.000 0.000 0.000 200000.000 0 1 0 200 0 0
 934 161422.000 133606.000 0 0 0.000 0.000 0.000 0.220 0 1 0 0 0 0
 935 124122.000 165688.000 0 0 0.000 0.000 0.000 0.289 0 1 0 0 0 0
 936 101277.000 30248.000 0 0 0.000 0.000 0.000 0.328 0 1 0 0 0 0
 937 146238.000 47591.000 0 0 0.000 0.000 0.000 200000.000 0 1 0 200 0 0
 938 168534.000 109015.000 0 0 0.000 0.000 0.000 200000.000 0 1 0 200 0 0
 939 169532.000 91548.000 0 0 0.000 0.000 0.000 200000.000 0 1 0 200 0 0
 940 163576.000 129758.000 0 0 0.000 0.000 0.000 200000.000 0 1 0 200 0 0
 941 163709.000 129876.000 0 0 0.000 0.000 0.000 200000.000 0 1 0 200 0 0
 942 88511.000 30921.000 0 0 0.000 0.000 0.000 200000.000 0 1 0 200 0 0
 943 167694.000 119010.000 0 0 0.000 0.000 0.000 200000.000 0 1 0 200 0 0
 944 169190.000 86289.000 0 0 0.000 0.000 0.000 200000.000 0 1 0 200 0 0
 945 31222.000 85239.000 0 0 0.000 0.000 0.000 0.130 0 1 0 0 0 0
 946 151783.000 147660.000 0 0 0.000 0.000 0.000 0.353 0 1 0 0 0 0
 947 109418.000 30448.000 0 0 0.000 0.000 0.000 200000.000 0 1 0 200 0 0
 948 53260.000 47429.000 0 0 0.000 0.000 0.000 0.216 0 1 0 0 0 0
 949 106994.000 29821.000 0 0 0.000 0.000 0.000 200000.000 0 1 0 200 0 0
 950 168217.000 85903.000 0 0 0.000 0.000 0.000 200000.000 0 1 0 200 0 0
 951 151007.000 51684.000 0 0 0.000 0.000 0.000 200000.000 0 1 0 200 0 0
 952 156869.000 58620.000 0 0 0.000 0.000 0.000 0.272 0 1 0 0 0 0
 953 170152.000 94654.000 0 0 0.000 0.000 0.000 0.395 0 1 0 0 0 0
 954 168275.000 85886.000 0 0 0.000 0.000 0.000 200000.000 0 1 0 200 0 0
 955 168585.000 116959.000 0 0 0.000 0.000 0.000 200000.000 0 1 0 200 0 0
 956 111346.000 30391.000 0 0 0.000 0.000 0.000 200000.000 0 1 0 200 0 0
 957 160633.000 64216.000 0 0 0.000 0.000 0.000 0.131 0 1 0 0 0 0
 958 138297.000 159590.000 0 0 0.000 0.000 0.000 0.261 0 1 0 0 0 0
 959 169181.000 91481.000 0 0 0.000 0.000 0.000 200000.000 0 1 0 200 0 0
 960 114611.000 169472.000 0 0 0.000 0.000 0.000 0.202 0 1 0 0 0 0
 961 100442.000 29334.000 0 0 0.000 0.000 0.000 200000.000 0 1 0 200 0 0
 962 100493.000 29303.000 0 0 0.000 0.000 0.000 200000.000 0 1 0 200 0 0
 963 161630.000 65277.000 0 0 0.000 0.000 0.000 200000.000 0 1 0 200 0 0
 964 161710.000 65294.000 0 0 0.000 0.000 0.000 200000.000 0 1 0 200 0 0
 965 168826.000 86356.000 0 0 0.000 0.000 0.000 200000.000 0 1 0 200 0 0
 966 146968.000 47973.000 0 0 0.000 0.000 0.000 200000.000 0 1 0 200 0 0
 967 122013.000 167924.000 0 0 0.000 0.000 0.000 200000.000 0 1 0 200 0 0
 968 121964.000 167939.000 0 0 0.000 0.000 0.000 200000.000 0 1 0 200 0 0
 969 150553.000 149315.000 0 0 0.000 0.000 0.000 200000.000 0 1 0 200 0 0
 970 171104.000 103120.000 0 0 0.000 0.000 0.000 0.254 0 1 0 0 0 0
 971 106938.000 30220.000 0 0 0.000 0.000 0.000 200000.000 0 1 0 200 0 0
 972 127040.000 166253.000 0 0 0.000 0.000 0.000 200000.000 0 1 0 200 0 0
 973 94213.000 171263.000 0 0 0.000 0.000 0.000 0.131 0 1 0 0 0 0
 974 28946.000 92538.000 0 0 0.000 0.000 0.000 200000.000 0 1 0 200 0 0
 975 29057.000 92601.000 0 0 0.000 0.000 0.000 200000.000 0 1 0 200 0 0
 976 161375.000 136506.000 0 0 0.000 0.000 0.000 200000.000 0 1 0 200 0 0
 977 129661.000 165104.000 0 0 0.000 0.000 0.000 0.493 0 1 0 0 0 0
 978 140189.000 41142.000 0 0 0.000 0.000 0.000 200000.000 0 1 0 200 0 0
 979 170249.000 113671.000 0 0 0.000 0.000 0.000 0.131 0 1 0 0 0 0
 980 168381.000 121237.000 0 0 0.000 0.000 0.000 0.224 0 1 0 0 0 0
 981 164665.000 130706.000 0 0 0.000 0.000 0.000 200000.000 0 1 0 200 0 0
 982 170457.000 102505.000 0 0 0.000 0.000 0.000 200000.000 0 1 0 200 0 0
 983 143710.000 43099.000 0 0 0.000 0.000 0.000 200000.000 0 1 0 200 0 0
 984 154197.000 53350.000 0 0 0.000 0.000 0.000 200000.000 0 1 0 200 0 0
 985 171638.000 96965.000 0 0 0.000 0.000 0.000 0.270 0 1 0 0 0 0
 986 170304.000 114284.000 0 0 0.000 0.000 0.000 200000.000 0 1 0 200 0 0
 987 161367.000 137517.000 0 0 0.000 0.000 0.000 200000.000 0 1 0 200 0 0
 988 161338.000 137563.000 0 0 0.000 0.000 0.000 200000.000 0 1 0 200 0 0
 989 143562.000 43200.000 0 0 0.000 0.000 0.000 200000.000 0 1 0 200 0 0
 990 162476.000 136160.000 0 0 0.000 0.000 0.000 0.282 0 1 0 0 0 0
 991 156495.000 144978.000 0 0 0.000 0.000 0.000 0.273 0 1 0 0 0 0
 992 70251.000 34331.000 0 0 0.000 0.000 0.000 200000.000 0 1 0 200 0 0
 993 149736.000 48072.000 0 0 0.000 0.000 0.000 0.341 0 1 0 0 0 0
 994 172221.000 101636.000 0 0 0.000 0.000 0.000 0.222 0 1 0 0 0 0
 995 146744.000 44900.000 0 0 0.000 0.000 0.000 200000.000 0 1 0 200 0 0
 996 170286.000 83287.000 0 0 0.000 0.000 0.000 0.136 0 1 0 0 0 0
 997 146791.000 44925.000 0 0 0.000 0.000 0.000 200000.000 0 1 0 200 0 0
 998 72710.000 33047.000 0 0 0.000 0.000 0.000 0.141 0 1 0 0 0 0
 999 166527.000 71734.000 0 0 0.000 0.000 0.000 0.213 0 1 0 0 0 0
 1000 109504.000 28420.000 0 0 0.000 0.000 0.000 200000.000 0 1 0 200 0 0
 1001 138340.000 161666.000 0 0 0.000 0.000 0.000 0.281 0 1 0 0 0 0
 1002 117090.000 29472.000 0 0 0.000 0.000 0.000 200000.000 0 1 0 200 0 0
 1003 169659.000 79717.000 0 0 0.000 0.000 0.000 200000.000 0 1 0 200 0 0
 1004 169674.000 79770.000 0 0 0.000 0.000 0.000 200000.000 0 1 0 200 0 0
 1005 165663.000 131314.000 0 0 0.000 0.000 0.000 200000.000 0 1 0 200 0 0
 1006 151287.000 151499.000 0 0 0.000 0.000 0.000 0.371 0 1 0 0 0 0
 1007 81303.000 29923.000 0 0 0.000 0.000 0.000 0.212 0 1 0 0 0 0
 1008 117005.000 29614.000 0 0 0.000 0.000 0.000 200000.000 0 1 0 200 0 0
 1009 145874.000 43723.000 0 0 0.000 0.000 0.000 200000.000 0 1 0 200 0 0
 1010 162229.000 62677.000 0 0 0.000 0.000 0.000 0.385 0 1 0 0 0 0
 1011 123198.000 31290.000 0 0 0.000 0.000 0.000 0.130 0 1 0 0 0 0
 1012 169834.000 120835.000 0 0 0.000 0.000 0.000 200000.000 0 1 0 200 0 0
 1013 138989.000 161638.000 0 0 0.000 0.000 0.000 0.225 0 1 0 0 0 0
 1014 136948.000 37363.000 0 0 0.000 0.000 0.000 200000.000 0 1 0 200 0 0
 1015 144046.000 42310.000 0 0 0.000 0.000 0.000 0.292 0 1 0 0 0 0
 1016 145834.000 43690.000 0 0 0.000 0.000 0.000 200000.000 0 1 0 200 0 0
 1017 172962.000 99525.000 0 0 0.000 0.000 0.000 200000.000 0 1 0 200 0 0
 1018 160201.000 140035.000 0 0 0.000 0.000 0.000 200000.000 0 1 0 200 0 0
 1019 169671.000 122525.000 0 0 0.000 0.000 0.000 200000.000 0 1 0 200 0 0
 1020 100363.000 27073.000 0 0 0.000 0.000 0.000 0.241 0 1 0 0 0 0
 1021 117010.000 171533.000 0 0 0.000 0.000 0.000 0.131 0 1 0 0 0 0
 1022 163554.000 136820.000 0 0 0.000 0.000 0.000 200000.000 0 1 0 200 0 0
 1023 138267.000 162676.000 0 0 0.000 0.000 0.000 0.451 0 1 0 0 0 0
 1024 137790.000 37371.000 0 0 0.000 0.000 0.000 200000.000 0 1 0 200 0 0
 1025 173369.000 104252.000 0 0 0.000 0.000 0.000 200000.000 0 1 0 200 0 0
 1026 157671.000 54725.000 0 0 0.000 0.000 0.000 200000.000 0 1 0 200 0 0
 1027 163545.000 136758.000 0 0 0.000 0.000 0.000 200000.000 0 1 0 200 0 0
 1028 170218.000 78667.000 0 0 0.000 0.000 0.000 0.219 0 1 0 0 0 0
 1029 163645.000 64921.000 0 0 0.000 0.000 0.000 200000.000 0 1 0 200 0 0
 1030 173269.000 104197.000 0 0 0.000 0.000 0.000 200000.000 0 1 0 200 0 0
 1031 140331.000 38765.000 0 0 0.000 0.000 0.000 200000.000 0 1 0 200 0 0
 1032 151106.000 47220.000 0 0 0.000 0.000 0.000 200000.000 0 1 0 200 0 0
 1033 151146.000 47260.000 0 0 0.000 0.000 0.000 200000.000 0 1 0 200 0 0
 1034 157497.000 53960.000 0 0 0.000 0.000 0.000 200000.000 0 1 0 200 0 0
 1035 162003.000 60197.000 0 0 0.000 0.000 0.000 200000.000 0 1 0 200 0 0
 1036 157361.000 54007.000 0 0 0.000 0.000 0.000 200000.000 0 1 0 200 0 0
 1037 161832.000 60244.000 0 0 0.000 0.000 0.000 200000.000 0 1 0 200 0 0
 1038 164986.000 65247.000 0 0 0.000 0.000 0.000 200000.000 0 1 0 200 0 0
 1039 170725.000 79126.000 0 0 0.000 0.000 0.000 200000.000 0 1 0 200 0 0
 1040 132331.000 34770.000 0 0 0.000 0.000 0.000 200000.000 0 1 0 200 0 0
 1041 74473.000 30953.000 0 0 0.000 0.000 0.000 200000.000 0 1 0 200 0 0
 1042 173296.000 109816.000 0 0 0.000 0.000 0.000 200000.000 0 1 0 200 0 0
 1043 135588.000 35182.000 0 0 0.000 0.000 0.000 200000.000 0 1 0 200 0 0
 1044 135634.000 35208.000 0 0 0.000 0.000 0.000 200000.000 0 1 0 200 0 0
 1045 136679.000 35854.000 0 0 0.000 0.000 0.000 0.288 0 1 0 0 0 0
 1046 174180.000 100386.000 0 0 0.000 0.000 0.000 0.227 0 1 0 0 0 0
 1047 140495.000 37513.000 0 0 0.000 0.000 0.000 200000.000 0 1 0 200 0 0
 1048 145515.000 41486.000 0 0 0.000 0.000 0.000 200000.000 0 1 0 200 0 0
 1049 168617.000 71255.000 0 0 0.000 0.000 0.000 200000.000 0 1 0 200 0 0
 1050 153357.000 150707.000 0 0 0.000 0.000 0.000 200000.000 0 1 0 200 0 0
 1051 174118.000 109294.000 0 0 0.000 0.000 0.000 200000.000 0 1 0 200 0 0
 1052 168166.000 129887.000 0 0 0.000 0.000 0.000 200000.000 0 1 0 200 0 0
 1053 163257.000 139604.000 0 0 0.000 0.000 0.000 200000.000 0 1 0 200 0 0
 1054 140358.000 37626.000 0 0 0.000 0.000 0.000 200000.000 0 1 0 200 0 0
 1055 144131.000 40016.000 0 0 0.000 0.000 0.000 200000.000 0 1 0 200 0 0
 1056 153361.000 48023.000 0 0 0.000 0.000 0.000 200000.000 0 1 0 200 0 0
 1057 173976.000 109223.000 0 0 0.000 0.000 0.000 200000.000 0 1 0 200 0 0
 1058 156763.000 148506.000 0 0 0.000 0.000 0.000 0.291 0 1 0 0 0 0
 1059 124053.000 170857.000 0 0 0.000 0.000 0.000 0.334 0 1 0 0 0 0
 1060 76470.000 29273.000 0 0 0.000 0.000 0.000 0.324 0 1 0 0 0 0
 1061 126582.000 30293.000 0 0 0.000 0.000 0.000 200000.000 0 1 0 200 0 0
 1062 126636.000 30303.000 0 0 0.000 0.000 0.000 200000.000 0 1 0 200 0 0
 1063 133815.000 33480.000 0 0 0.000 0.000 0.000 200000.000 0 1 0 200 0 0
 1064 164803.000 63013.000 0 0 0.000 0.000 0.000 0.310 0 1 0 0 0 0
 1065 174733.000 103070.000 0 0 0.000 0.000 0.000 0.209 0 1 0 0 0 0
 1066 119009.000 27677.000 0 0 0.000 0.000 0.000 200000.000 0 1 0 200 0 0
 1067 171679.000 78271.000 0 0 0.000 0.000 0.000 200000.000 0 1 0 200 0 0
 1068 171723.000 78314.000 0 0 0.000 0.000 0.000 200000.000 0 1 0 200 0 0
 1069 171694.000 78871.000 0 0 0.000 0.000 0.000 200000.000 0 1 0 200 0 0
 1070 156978.000 148736.000 0 0 0.000 0.000 0.000 0.459 0 1 0 0 0 0
 1071 145633.000 159797.000 0 0 0.000 0.000 0.000 200000.000 0 1 0 200 0 0
 1072 145607.000 159851.000 0 0 0.000 0.000 0.000 200000.000 0 1 0 200 0 0
 1073 123692.000 170949.000 0 0 0.000 0.000 0.000 200000.000 0 1 0 200 0 0
 1074 171872.000 121976.000 0 0 0.000 0.000 0.000 200000.000 0 1 0 200 0 0
 1075 153202.000 48103.000 0 0 0.000 0.000 0.000 200000.000 0 1 0 200 0 0
 1076 172312.000 83299.000 0 0 0.000 0.000 0.000 200000.000 0 1 0 200 0 0
 1077 172327.000 81720.000 0 0 0.000 0.000 0.000 200000.000 0 1 0 200 0 0
 1078 121829.000 172235.000 0 0 0.000 0.000 0.000 0.136 0 1 0 0 0 0
 1079 36870.000 59108.000 0 0 0.000 0.000 0.000 0.145 0 1 0 0 0 0
 1080 175295.000 103044.000 0 0 0.000 0.000 0.000 200000.000 0 1 0 200 0 0
 1081 175463.000 103101.000 0 0 0.000 0.000 0.000 200000.000 0 1 0 200 0 0
 1082 125801.000 29387.000 0 0 0.000 0.000 0.000 0.330 0 1 0 0 0 0
 1083 128119.000 30279.000 0 0 0.000 0.000 0.000 0.355 0 1 0 0 0 0
 1084 148460.000 42586.000 0 0 0.000 0.000 0.000 0.448 0 1 0 0 0 0
 1085 154225.000 47447.000 0 0 0.000 0.000 0.000 200000.000 0 1 0 200 0 0
 1086 137860.000 34509.000 0 0 0.000 0.000 0.000 200000.000 0 1 0 200 0 0
 1087 164412.000 60590.000 0 0 0.000 0.000 0.000 200000.000 0 1 0 200 0 0
 1088 158992.000 145630.000 0 0 0.000 0.000 0.000 200000.000 0 1 0 200 0 0
 1089 164473.000 60612.000 0 0 0.000 0.000 0.000 200000.000 0 1 0 200 0 0
 1090 133680.000 33742.000 0 0 0.000 0.000 0.000 200000.000 0 1 0 200 0 0
 1091 143136.000 38052.000 0 0 0.000 0.000 0.000 0.131 0 1 0 0 0 0
 1092 152264.000 45281.000 0 0 0.000 0.000 0.000 200000.000 0 1 0 200 0 0
 1093 152309.000 45313.000 0 0 0.000 0.000 0.000 200000.000 0 1 0 200 0 0
 1094 110772.000 25073.000 0 0 0.000 0.000 0.000 0.135 0 1 0 0 0 0
 1095 126742.000 29186.000 0 0 0.000 0.000 0.000 0.307 0 1 0 0 0 0
 1096 163710.000 58770.000 0 0 0.000 0.000 0.000 200000.000 0 1 0 200 0 0
 1097 151445.000 156275.000 0 0 0.000 0.000 0.000 200000.000 0 1 0 200 0 0
 1098 171630.000 75296.000 0 0 0.000 0.000 0.000 200000.000 0 1 0 200 0 0
 1099 153511.000 154540.000 0 0 0.000 0.000 0.000 200000.000 0 1 0 200 0 0
 1100 151392.000 156142.000 0 0 0.000 0.000 0.000 200000.000 0 1 0 200 0 0
 1101 164148.000 58195.000 0 0 0.000 0.000 0.000 200000.000 0 1 0 200 0 0
 1102 170524.000 71576.000 0 0 0.000 0.000 0.000 0.255 0 1 0 0 0 0
 1103 170788.000 126214.000 0 0 0.000 0.000 0.000 200000.000 0 1 0 200 0 0
 1104 155617.000 152336.000 0 0 0.000 0.000 0.000 200000.000 0 1 0 200 0 0
 1105 153428.000 154383.000 0 0 0.000 0.000 0.000 200000.000 0 1 0 200 0 0
 1106 174533.000 83797.000 0 0 0.000 0.000 0.000 0.215 0 1 0 0 0 0
 1107 172505.000 123599.000 0 0 0.000 0.000 0.000 0.409 0 1 0 0 0 0
 1108 175146.000 107908.000 0 0 0.000 0.000 0.000 200000.000 0 1 0 200 0 0
 1109 138176.000 166448.000 0 0 0.000 0.000 0.000 200000.000 0 1 0 200 0 0
 1110 166875.000 63386.000 0 0 0.000 0.000 0.000 200000.000 0 1 0 200 0 0
 1111 171892.000 74144.000 0 0 0.000 0.000 0.000 200000.000 0 1 0 200 0 0
 1112 171955.000 74180.000 0 0 0.000 0.000 0.000 200000.000 0 1 0 200 0 0
 1113 24988.000 115567.000 0 0 0.000 0.000 0.000 200000.000 0 1 0 200 0 0
 1114 152164.000 44032.000 0 0 0.000 0.000 0.000 200000.000 0 1 0 200 0 0
 1115 176005.000 110626.000 0 0 0.000 0.000 0.000 200000.000 0 1 0 200 0 0
 1116 153375.000 155151.000 0 0 0.000 0.000 0.000 200000.000 0 1 0 200 0 0
 1117 121952.000 172599.000 0 0 0.000 0.000 0.000 200000.000 0 1 0 200 0 0
 1118 170806.000 126780.000 0 0 0.000 0.000 0.000 200000.000 0 1 0 200 0 0
 1119 140225.000 34881.000 0 0 0.000 0.000 0.000 0.241 0 1 0 0 0 0
 1120 175229.000 83632.000 0 0 0.000 0.000 0.000 200000.000 0 1 0 200 0 0
 1121 176741.000 95731.000 0 0 0.000 0.000 0.000 200000.000 0 1 0 200 0 0
 1122 174757.000 118200.000 0 0 0.000 0.000 0.000 200000.000 0 1 0 200 0 0
 1123 101164.000 23275.000 0 0 0.000 0.000 0.000 0.480 0 1 0 0 0 0
 1124 176738.000 95677.000 0 0 0.000 0.000 0.000 200000.000 0 1 0 200 0 0
 1125 163825.000 58401.000 0 0 0.000 0.000 0.000 200000.000 0 1 0 200 0 0
 1126 176635.000 111030.000 0 0 0.000 0.000 0.000 200000.000 0 1 0 200 0 0
 1127 143702.000 163757.000 0 0 0.000 0.000 0.000 200000.000 0 1 0 200 0 0
 1128 161749.000 53891.000 0 0 0.000 0.000 0.000 200000.000 0 1 0 200 0 0
 1129 152114.000 156351.000 0 0 0.000 0.000 0.000 200000.000 0 1 0 200 0 0
 1130 106234.000 22924.000 0 0 0.000 0.000 0.000 200000.000 0 1 0 200 0 0
 1131 167551.000 62526.000 0 0 0.000 0.000 0.000 0.140 0 1 0 0 0 0
 1132 155626.000 46375.000 0 0 0.000 0.000 0.000 0.217 0 1 0 0 0 0
 1133 160427.000 51975.000 0 0 0.000 0.000 0.000 0.300 0 1 0 0 0 0
 1134 176181.000 114812.000 0 0 0.000 0.000 0.000 200000.000 0 1 0 200 0 0
 1135 103693.000 22590.000 0 0 0.000 0.000 0.000 200000.000 0 1 0 200 0 0
 1136 110139.000 23169.000 0 0 0.000 0.000 0.000 200000.000 0 1 0 200 0 0
 1137 120540.000 25419.000 0 0 0.000 0.000 0.000 0.230 0 1 0 0 0 0
 1138 92761.000 177640.000 0 0 0.000 0.000 0.000 0.133 0 1 0 0 0 0
 1139 175831.000 116770.000 0 0 0.000 0.000 0.000 0.207 0 1 0 0 0 0
 1140 159205.000 150600.000 0 0 0.000 0.000 0.000 0.243 0 1 0 0 0 0
 1141 178030.000 97910.000 0 0 0.000 0.000 0.000 200000.000 0 1 0 200 0 0
 1142 154030.000 156154.000 0 0 0.000 0.000 0.000 0.234 0 1 0 0 0 0
 1143 176271.000 110974.000 0 0 0.000 0.000 0.000 200000.000 0 1 0 200 0 0
 1144 141512.000 34380.000 0 0 0.000 0.000 0.000 0.268 0 1 0 0 0 0
 1145 169990.000 65294.000 0 0 0.000 0.000 0.000 200000.000 0 1 0 200 0 0
 1146 177879.000 97863.000 0 0 0.000 0.000 0.000 200000.000 0 1 0 200 0 0
 1147 178017.000 103040.000 0 0 0.000 0.000 0.000 200000.000 0 1 0 200 0 0
 1148 176621.000 114311.000 0 0 0.000 0.000 0.000 200000.000 0 1 0 200 0 0
 1149 165521.000 142415.000 0 0 0.000 0.000 0.000 200000.000 0 1 0 200 0 0
 1150 162172.000 52900.000 0 0 0.000 0.000 0.000 200000.000 0 1 0 200 0 0
 1151 162273.000 52893.000 0 0 0.000 0.000 0.000 200000.000 0 1 0 200 0 0
 1152 177384.000 87649.000 0 0 0.000 0.000 0.000 200000.000 0 1 0 200 0 0
 1153 168371.000 138316.000 0 0 0.000 0.000 0.000 200000.000 0 1 0 200 0 0
 1154 177280.000 98055.000 0 0 0.000 0.000 0.000 200000.000 0 1 0 200 0 0
 1155 108928.000 22382.000 0 0 0.000 0.000 0.000 200000.000 0 1 0 200 0 0
 1156 108986.000 22340.000 0 0 0.000 0.000 0.000 200000.000 0 1 0 200 0 0
 1157 175917.000 85689.000 0 0 0.000 0.000 0.000 200000.000 0 1 0 200 0 0
 1158 103632.000 22709.000 0 0 0.000 0.000 0.000 200000.000 0 1 0 200 0 0
 1159 177288.000 87607.000 0 0 0.000 0.000 0.000 200000.000 0 1 0 200 0 0
 1160 163850.000 145564.000 0 0 0.000 0.000 0.000 0.212 0 1 0 0 0 0
 1161 138768.000 31895.000 0 0 0.000 0.000 0.000 200000.000 0 1 0 200 0 0
 1162 140856.000 33261.000 0 0 0.000 0.000 0.000 200000.000 0 1 0 200 0 0
 1163 140962.000 33188.000 0 0 0.000 0.000 0.000 200000.000 0 1 0 200 0 0
 1164 175399.000 77547.000 0 0 0.000 0.000 0.000 200000.000 0 1 0 200 0 0
 1165 175282.000 77526.000 0 0 0.000 0.000 0.000 200000.000 0 1 0 200 0 0
 1166 178545.000 98072.000 0 0 0.000 0.000 0.000 0.292 0 1 0 0 0 0
 1167 171571.000 132748.000 0 0 0.000 0.000 0.000 200000.000 0 1 0 200 0 0
 1168 169056.000 138131.000 0 0 0.000 0.000 0.000 200000.000 0 1 0 200 0 0
 1169 164763.000 144894.000 0 0 0.000 0.000 0.000 0.266 0 1 0 0 0 0
 1170 175627.000 122735.000 0 0 0.000 0.000 0.000 0.136 0 1 0 0 0 0
 1171 178771.000 105075.000 0 0 0.000 0.000 0.000 200000.000 0 1 0 200 0 0
 1172 107195.000 22586.000 0 0 0.000 0.000 0.000 200000.000 0 1 0 200 0 0
 1173 145530.000 35650.000 0 0 0.000 0.000 0.000 200000.000 0 1 0 200 0 0
 1174 145606.000 35633.000 0 0 0.000 0.000 0.000 200000.000 0 1 0 200 0 0
 1175 23993.000 122777.000 0 0 0.000 0.000 0.000 200000.000 0 1 0 200 0 0
 1176 146956.000 36697.000 0 0 0.000 0.000 0.000 0.281 0 1 0 0 0 0
 1177 138503.000 169390.000 0 0 0.000 0.000 0.000 200000.000 0 1 0 200 0 0
 1178 41956.000 154203.000 0 0 0.000 0.000 0.000 200000.000 0 1 0 200 0 0
 1179 24141.000 122789.000 0 0 0.000 0.000 0.000 200000.000 0 1 0 200 0 0
 1180 175679.000 77066.000 0 0 0.000 0.000 0.000 0.289 0 1 0 0 0 0
 1181 177399.000 83339.000 0 0 0.000 0.000 0.000 0.219 0 1 0 0 0 0
 1182 178813.000 94482.000 0 0 0.000 0.000 0.000 0.319 0 1 0 0 0 0
 1183 20938.000 108391.000 0 0 0.000 0.000 0.000 0.133 0 1 0 0 0 0
 1184 176127.000 78407.000 0 0 0.000 0.000 0.000 0.374 0 1 0 0 0 0
 1185 178694.000 90215.000 0 0 0.000 0.000 0.000 0.238 0 1 0 0 0 0
 1186 167585.000 57888.000 0 0 0.000 0.000 0.000 200000.000 0 1 0 200 0 0
 1187 178767.000 105128.000 0 0 0.000 0.000 0.000 200000.000 0 1 0 200 0 0
 1188 169912.000 62558.000 0 0 0.000 0.000 0.000 200000.000 0 1 0 200 0 0
 1189 177925.000 116502.000 0 0 0.000 0.000 0.000 200000.000 0 1 0 200 0 0
 1190 171166.000 135936.000 0 0 0.000 0.000 0.000 200000.000 0 1 0 200 0 0
 1191 171447.000 132762.000 0 0 0.000 0.000 0.000 200000.000 0 1 0 200 0 0
 1192 167477.000 57897.000 0 0 0.000 0.000 0.000 200000.000 0 1 0 200 0 0
 1193 178089.000 83182.000 0 0 0.000 0.000 0.000 200000.000 0 1 0 200 0 0
 1194 174809.000 127782.000 0 0 0.000 0.000 0.000 0.251 0 1 0 0 0 0
 1195 99654.000 20292.000 0 0 0.000 0.000 0.000 200000.000 0 1 0 200 0 0
 1196 152617.000 40070.000 0 0 0.000 0.000 0.000 200000.000 0 1 0 200 0 0
 1197 157031.000 44586.000 0 0 0.000 0.000 0.000 0.392 0 1 0 0 0 0
 1198 162315.000 50184.000 0 0 0.000 0.000 0.000 200000.000 0 1 0 200 0 0
 1199 176810.000 78633.000 0 0 0.000 0.000 0.000 200000.000 0 1 0 200 0 0
 1200 179153.000 90426.000 0 0 0.000 0.000 0.000 0.205 0 1 0 0 0 0
 1201 179765.000 98130.000 0 0 0.000 0.000 0.000 0.211 0 1 0 0 0 0
 1202 171895.000 134968.000 0 0 0.000 0.000 0.000 0.309 0 1 0 0 0 0
 1203 162438.000 149933.000 0 0 0.000 0.000 0.000 200000.000 0 1 0 200 0 0
 1204 153925.000 159085.000 0 0 0.000 0.000 0.000 0.257 0 1 0 0 0 0
 1205 147308.000 35810.000 0 0 0.000 0.000 0.000 200000.000 0 1 0 200 0 0
 1206 161408.000 48548.000 0 0 0.000 0.000 0.000 200000.000 0 1 0 200 0 0
 1207 177219.000 78965.000 0 0 0.000 0.000 0.000 200000.000 0 1 0 200 0 0
 1208 179114.000 88103.000 0 0 0.000 0.000 0.000 0.236 0 1 0 0 0 0
 1209 179906.000 102498.000 0 0 0.000 0.000 0.000 200000.000 0 1 0 200 0 0
 1210 175694.000 125817.000 0 0 0.000 0.000 0.000 0.203 0 1 0 0 0 0
 1211 158653.000 154704.000 0 0 0.000 0.000 0.000 0.369 0 1 0 0 0 0
 1212 146530.000 34621.000 0 0 0.000 0.000 0.000 200000.000 0 1 0 200 0 0
 1213 147985.000 35889.000 0 0 0.000 0.000 0.000 200000.000 0 1 0 200 0 0
 1214 179637.000 91339.000 0 0 0.000 0.000 0.000 0.422 0 1 0 0 0 0
 1215 180058.000 105590.000 0 0 0.000 0.000 0.000 200000.000 0 1 0 200 0 0
 1216 62675.000 171378.000 0 0 0.000 0.000 0.000 0.141 0 1 0 0 0 0
 1217 180096.000 105649.000 0 0 0.000 0.000 0.000 200000.000 0 1 0 200 0 0
 1218 28627.000 63265.000 0 0 0.000 0.000 0.000 0.131 0 1 0 0 0 0
 1219 175896.000 125829.000 0 0 0.000 0.000 0.000 200000.000 0 1 0 200 0 0
 1220 177801.000 116422.000 0 0 0.000 0.000 0.000 200000.000 0 1 0 200 0 0
 1221 163489.000 149254.000 0 0 0.000 0.000 0.000 200000.000 0 1 0 200 0 0
 1222 163538.000 149355.000 0 0 0.000 0.000 0.000 200000.000 0 1 0 200 0 0
 1223 161000.000 152479.000 0 0 0.000 0.000 0.000 200000.000 0 1 0 200 0 0
 1224 146410.000 34704.000 0 0 0.000 0.000 0.000 200000.000 0 1 0 200 0 0
 1225 153241.000 160607.000 0 0 0.000 0.000 0.000 200000.000 0 1 0 200 0 0
 1226 134106.000 27194.000 0 0 0.000 0.000 0.000 200000.000 0 1 0 200 0 0
 1227 72919.000 176110.000 0 0 0.000 0.000 0.000 0.130 0 1 0 0 0 0
 1228 145122.000 33701.000 0 0 0.000 0.000 0.000 0.279 0 1 0 0 0 0
 1229 169347.000 58814.000 0 0 0.000 0.000 0.000 200000.000 0 1 0 200 0 0
 1230 148702.000 164681.000 0 0 0.000 0.000 0.000 0.460 0 1 0 0 0 0
 1231 148477.000 35542.000 0 0 0.000 0.000 0.000 0.419 0 1 0 0 0 0
 1232 173392.000 66049.000 0 0 0.000 0.000 0.000 0.240 0 1 0 0 0 0
 1233 179861.000 108485.000 0 0 0.000 0.000 0.000 200000.000 0 1 0 200 0 0
 1234 158829.000 155910.000 0 0 0.000 0.000 0.000 0.275 0 1 0 0 0 0
 1235 119375.000 21281.000 0 0 0.000 0.000 0.000 200000.000 0 1 0 200 0 0
 1236 120609.000 21770.000 0 0 0.000 0.000 0.000 200000.000 0 1 0 200 0 0
 1237 136644.000 27896.000 0 0 0.000 0.000 0.000 0.431 0 1 0 0 0 0
 1238 148679.000 35377.000 0 0 0.000 0.000 0.000 0.314 0 1 0 0 0 0
 1239 161245.000 153581.000 0 0 0.000 0.000 0.000 0.430 0 1 0 0 0 0
 1240 142949.000 31231.000 0 0 0.000 0.000 0.000 200000.000 0 1 0 200 0 0
 1241 180394.000 87511.000 0 0 0.000 0.000 0.000 0.488 0 1 0 0 0 0
 1242 166254.000 147402.000 0 0 0.000 0.000 0.000 200000.000 0 1 0 200 0 0
 1243 180585.000 89290.000 0 0 0.000 0.000 0.000 200000.000 0 1 0 200 0 0
 1244 180342.000 98528.000 0 0 0.000 0.000 0.000 200000.000 0 1 0 200 0 0
 1245 177992.000 119706.000 0 0 0.000 0.000 0.000 200000.000 0 1 0 200 0 0
 1246 150715.000 37144.000 0 0 0.000 0.000 0.000 200000.000 0 1 0 200 0 0
 1247 136383.000 27323.000 0 0 0.000 0.000 0.000 0.200 0 1 0 0 0 0
 1248 175795.000 129925.000 0 0 0.000 0.000 0.000 0.334 0 1 0 0 0 0
 1249 162338.000 153005.000 0 0 0.000 0.000 0.000 200000.000 0 1 0 200 0 0
 1250 180426.000 84394.000 0 0 0.000 0.000 0.000 200000.000 0 1 0 200 0 0
 1251 177169.000 126915.000 0 0 0.000 0.000 0.000 200000.000 0 1 0 200 0 0
 1252 180610.000 86544.000 0 0 0.000 0.000 0.000 0.218 0 1 0 0 0 0
 1253 172313.000 138534.000 0 0 0.000 0.000 0.000 200000.000 0 1 0 200 0 0
 1254 179248.000 77997.000 0 0 0.000 0.000 0.000 200000.000 0 1 0 200 0 0
 1255 180249.000 84377.000 0 0 0.000 0.000 0.000 200000.000 0 1 0 200 0 0
 1256 180350.000 84896.000 0 0 0.000 0.000 0.000 200000.000 0 1 0 200 0 0
 1257 171906.000 139653.000 0 0 0.000 0.000 0.000 200000.000 0 1 0 200 0 0
 1258 165055.000 149937.000 0 0 0.000 0.000 0.000 0.207 0 1 0 0 0 0
 1259 43806.000 159950.000 0 0 0.000 0.000 0.000 200000.000 0 1 0 200 0 0
 1260 18087.000 104079.000 0 0 0.000 0.000 0.000 200000.000 0 1 0 200 0 0
 1261 48721.000 36024.000 0 0 0.000 0.000 0.000 200000.000 0 1 0 200 0 0
 1262 165983.000 148850.000 0 0 0.000 0.000 0.000 0.472 0 1 0 0 0 0
 1263 181342.000 113966.000 0 0 0.000 0.000 0.000 200000.000 0 1 0 200 0 0
 1264 178400.000 124999.000 0 0 0.000 0.000 0.000 0.200 0 1 0 0 0 0
 1265 99681.000 17759.000 0 0 0.000 0.000 0.000 200000.000 0 1 0 200 0 0
 1266 99740.000 17742.000 0 0 0.000 0.000 0.000 200000.000 0 1 0 200 0 0
 1267 105368.000 17918.000 0 0 0.000 0.000 0.000 200000.000 0 1 0 200 0 0
 1268 25262.000 133229.000 0 0 0.000 0.000 0.000 200000.000 0 1 0 200 0 0
 1269 141375.000 28687.000 0 0 0.000 0.000 0.000 200000.000 0 1 0 200 0 0
 1270 168946.000 145271.000 0 0 0.000 0.000 0.000 0.447 0 1 0 0 0 0
 1271 156888.000 159975.000 0 0 0.000 0.000 0.000 200000.000 0 1 0 200 0 0
 1272 27944.000 59667.000 0 0 0.000 0.000 0.000 200000.000 0 1 0 200 0 0
 1273 43046.000 40057.000 0 0 0.000 0.000 0.000 200000.000 0 1 0 200 0 0
 1274 125368.000 21390.000 0 0 0.000 0.000 0.000 200000.000 0 1 0 200 0 0
 1275 139696.000 27741.000 0 0 0.000 0.000 0.000 200000.000 0 1 0 200 0 0
 1276 141248.000 28796.000 0 0 0.000 0.000 0.000 200000.000 0 1 0 200 0 0
 1277 173504.000 62478.000 0 0 0.000 0.000 0.000 200000.000 0 1 0 200 0 0
 1278 179510.000 122291.000 0 0 0.000 0.000 0.000 0.438 0 1 0 0 0 0
 1279 24103.000 133106.000 0 0 0.000 0.000 0.000 0.460 0 1 0 0 0 0
 1280 17793.000 110583.000 0 0 0.000 0.000 0.000 200000.000 0 1 0 200 0 0
 1281 43098.000 40193.000 0 0 0.000 0.000 0.000 200000.000 0 1 0 200 0 0
 1282 125284.000 21471.000 0 0 0.000 0.000 0.000 200000.000 0 1 0 200 0 0
 1283 128048.000 22445.000 0 0 0.000 0.000 0.000 200000.000 0 1 0 200 0 0
 1284 175445.000 68878.000 0 0 0.000 0.000 0.000 200000.000 0 1 0 200 0 0
 1285 176059.000 70066.000 0 0 0.000 0.000 0.000 200000.000 0 1 0 200 0 0
 1286 182614.000 102130.000 0 0 0.000 0.000 0.000 0.337 0 1 0 0 0 0
 1287 182746.000 103906.000 0 0 0.000 0.000 0.000 200000.000 0 1 0 200 0 0
 1288 166821.000 149230.000 0 0 0.000 0.000 0.000 200000.000 0 1 0 200 0 0
 1289 21489.000 126918.000 0 0 0.000 0.000 0.000 0.258 0 1 0 0 0 0
 1290 132811.000 23818.000 0 0 0.000 0.000 0.000 200000.000 0 1 0 200 0 0
 1291 164046.000 152003.000 0 0 0.000 0.000 0.000 200000.000 0 1 0 200 0 0
 1292 180555.000 80288.000 0 0 0.000 0.000 0.000 200000.000 0 1 0 200 0 0
 1293 180409.000 80271.000 0 0 0.000 0.000 0.000 200000.000 0 1 0 200 0 0
 1294 181353.000 83830.000 0 0 0.000 0.000 0.000 200000.000 0 1 0 200 0 0
 1295 181363.000 83885.000 0 0 0.000 0.000 0.000 200000.000 0 1 0 200 0 0
 1296 41381.000 158945.000 0 0 0.000 0.000 0.000 0.133 0 1 0 0 0 0
 1297 176896.000 131214.000 0 0 0.000 0.000 0.000 0.430 0 1 0 0 0 0
 1298 154341.000 162801.000 0 0 0.000 0.000 0.000 200000.000 0 1 0 200 0 0
 1299 21090.000 73874.000 0 0 0.000 0.000 0.000 200000.000 0 1 0 200 0 0
 1300 21103.000 73820.000 0 0 0.000 0.000 0.000 200000.000 0 1 0 200 0 0
 1301 130349.000 22930.000 0 0 0.000 0.000 0.000 200000.000 0 1 0 200 0 0
 1302 180971.000 113901.000 0 0 0.000 0.000 0.000 200000.000 0 1 0 200 0 0
 1303 132736.000 23857.000 0 0 0.000 0.000 0.000 200000.000 0 1 0 200 0 0
 1304 120766.000 180801.000 0 0 0.000 0.000 0.000 200000.000 0 1 0 200 0 0
 1305 112624.000 17856.000 0 0 0.000 0.000 0.000 200000.000 0 1 0 200 0 0
 1306 120726.000 180868.000 0 0 0.000 0.000 0.000 200000.000 0 1 0 200 0 0
 1307 112552.000 17957.000 0 0 0.000 0.000 0.000 200000.000 0 1 0 200 0 0
 1308 183159.000 94846.000 0 0 0.000 0.000 0.000 200000.000 0 1 0 200 0 0
 1309 182439.000 111455.000 0 0 0.000 0.000 0.000 0.252 0 1 0 0 0 0
 1310 175282.000 135655.000 0 0 0.000 0.000 0.000 200000.000 0 1 0 200 0 0
 1311 134019.000 25370.000 0 0 0.000 0.000 0.000 200000.000 0 1 0 200 0 0
 1312 179345.000 74727.000 0 0 0.000 0.000 0.000 0.212 0 1 0 0 0 0
 1313 182560.000 113894.000 0 0 0.000 0.000 0.000 200000.000 0 1 0 200 0 0
 1314 135526.000 175721.000 0 0 0.000 0.000 0.000 200000.000 0 1 0 200 0 0
 1315 40876.000 159445.000 0 0 0.000 0.000 0.000 200000.000 0 1 0 200 0 0
 1316 111129.000 17127.000 0 0 0.000 0.000 0.000 200000.000 0 1 0 200 0 0
 1317 179958.000 125516.000 0 0 0.000 0.000 0.000 200000.000 0 1 0 200 0 0
 1318 165541.000 152312.000 0 0 0.000 0.000 0.000 200000.000 0 1 0 200 0 0
 1319 111064.000 17247.000 0 0 0.000 0.000 0.000 200000.000 0 1 0 200 0 0
 1320 129506.000 21754.000 0 0 0.000 0.000 0.000 200000.000 0 1 0 200 0 0
 1321 183025.000 94803.000 0 0 0.000 0.000 0.000 200000.000 0 1 0 200 0 0
 1322 107701.000 16567.000 0 0 0.000 0.000 0.000 200000.000 0 1 0 200 0 0
 1323 112854.000 17235.000 0 0 0.000 0.000 0.000 0.226 0 1 0 0 0 0
 1324 155194.000 36678.000 0 0 0.000 0.000 0.000 200000.000 0 1 0 200 0 0
 1325 145446.000 170933.000 0 0 0.000 0.000 0.000 0.144 0 1 0 0 0 0
 1326 124549.000 19885.000 0 0 0.000 0.000 0.000 200000.000 0 1 0 200 0 0
 1327 41033.000 159362.000 0 0 0.000 0.000 0.000 200000.000 0 1 0 200 0 0
 1328 155042.000 36772.000 0 0 0.000 0.000 0.000 200000.000 0 1 0 200 0 0
 1329 182401.000 113812.000 0 0 0.000 0.000 0.000 200000.000 0 1 0 200 0 0
 1330 156093.000 162797.000 0 0 0.000 0.000 0.000 0.202 0 1 0 0 0 0
 1331 147068.000 170081.000 0 0 0.000 0.000 0.000 200000.000 0 1 0 200 0 0
 1332 147035.000 170127.000 0 0 0.000 0.000 0.000 200000.000 0 1 0 200 0 0
 1333 38054.000 157239.000 0 0 0.000 0.000 0.000 0.263 0 1 0 0 0 0
 1334 16261.000 109490.000 0 0 0.000 0.000 0.000 0.276 0 1 0 0 0 0
 1335 16018.000 91949.000 0 0 0.000 0.000 0.000 200000.000 0 1 0 200 0 0
 1336 131350.000 22971.000 0 0 0.000 0.000 0.000 200000.000 0 1 0 200 0 0
 1337 177990.000 132111.000 0 0 0.000 0.000 0.000 0.311 0 1 0 0 0 0
 1338 175413.000 138462.000 0 0 0.000 0.000 0.000 200000.000 0 1 0 200 0 0
 1339 16024.000 92005.000 0 0 0.000 0.000 0.000 200000.000 0 1 0 200 0 0
 1340 102722.000 15860.000 0 0 0.000 0.000 0.000 0.207 0 1 0 0 0 0
 1341 178675.000 69733.000 0 0 0.000 0.000 0.000 200000.000 0 1 0 200 0 0
 1342 145838.000 171527.000 0 0 0.000 0.000 0.000 200000.000 0 1 0 200 0 0
 1343 44467.000 164106.000 0 0 0.000 0.000 0.000 200000.000 0 1 0 200 0 0
 1344 44389.000 164110.000 0 0 0.000 0.000 0.000 200000.000 0 1 0 200 0 0
 1345 158676.000 39170.000 0 0 0.000 0.000 0.000 200000.000 0 1 0 200 0 0
 1346 147331.000 30108.000 0 0 0.000 0.000 0.000 0.256 0 1 0 0 0 0
 1347 182879.000 82818.000 0 0 0.000 0.000 0.000 200000.000 0 1 0 200 0 0
 1348 158534.000 39241.000 0 0 0.000 0.000 0.000 200000.000 0 1 0 200 0 0
 1349 182712.000 82803.000 0 0 0.000 0.000 0.000 200000.000 0 1 0 200 0 0
 1350 183707.000 87358.000 0 0 0.000 0.000 0.000 200000.000 0 1 0 200 0 0
 1351 182395.000 85064.000 0 0 0.000 0.000 0.000 200000.000 0 1 0 200 0 0
 1352 153286.000 166134.000 0 0 0.000 0.000 0.000 200000.000 0 1 0 200 0 0
 1353 171029.000 53810.000 0 0 0.000 0.000 0.000 200000.000 0 1 0 200 0 0
 1354 184514.000 105821.000 0 0 0.000 0.000 0.000 200000.000 0 1 0 200 0 0
 1355 183862.000 111661.000 0 0 0.000 0.000 0.000 0.201 0 1 0 0 0 0
 1356 182816.000 118816.000 0 0 0.000 0.000 0.000 200000.000 0 1 0 200 0 0
 1357 181782.000 123581.000 0 0 0.000 0.000 0.000 200000.000 0 1 0 200 0 0
 1358 106384.000 15457.000 0 0 0.000 0.000 0.000 0.141 0 1 0 0 0 0
 1359 117718.000 17067.000 0 0 0.000 0.000 0.000 0.138 0 1 0 0 0 0
 1360 182828.000 118764.000 0 0 0.000 0.000 0.000 200000.000 0 1 0 200 0 0
 1361 182674.000 119230.000 0 0 0.000 0.000 0.000 0.201 0 1 0 0 0 0
 1362 149911.000 169152.000 0 0 0.000 0.000 0.000 200000.000 0 1 0 200 0 0
 1363 172573.000 142808.000 0 0 0.000 0.000 0.000 200000.000 0 1 0 200 0 0
 1364 129245.000 20388.000 0 0 0.000 0.000 0.000 0.300 0 1 0 0 0 0
 1365 172640.000 55720.000 0 0 0.000 0.000 0.000 200000.000 0 1 0 200 0 0
 1366 176328.000 138106.000 0 0 0.000 0.000 0.000 200000.000 0 1 0 200 0 0
 1367 172992.000 143927.000 0 0 0.000 0.000 0.000 200000.000 0 1 0 200 0 0
 1368 147588.000 170779.000 0 0 0.000 0.000 0.000 200000.000 0 1 0 200 0 0
 1369 49544.000 169304.000 0 0 0.000 0.000 0.000 200000.000 0 1 0 200 0 0
 1370 184733.000 109568.000 0 0 0.000 0.000 0.000 200000.000 0 1 0 200 0 0
 1371 123651.000 19170.000 0 0 0.000 0.000 0.000 200000.000 0 1 0 200 0 0
 1372 179379.000 132173.000 0 0 0.000 0.000 0.000 200000.000 0 1 0 200 0 0
 1373 18449.000 126706.000 0 0 0.000 0.000 0.000 200000.000 0 1 0 200 0 0
 1374 164873.000 44730.000 0 0 0.000 0.000 0.000 200000.000 0 1 0 200 0 0
 1375 183856.000 116313.000 0 0 0.000 0.000 0.000 200000.000 0 1 0 200 0 0
 1376 183097.000 79938.000 0 0 0.000 0.000 0.000 200000.000 0 1 0 200 0 0
 1377 179288.000 132079.000 0 0 0.000 0.000 0.000 200000.000 0 1 0 200 0 0
 1378 177864.000 136123.000 0 0 0.000 0.000 0.000 200000.000 0 1 0 200 0 0
 1379 174687.000 142000.000 0 0 0.000 0.000 0.000 200000.000 0 1 0 200 0 0
 1380 181208.000 124476.000 0 0 0.000 0.000 0.000 200000.000 0 1 0 200 0 0
 1381 160218.000 161058.000 0 0 0.000 0.000 0.000 200000.000 0 1 0 200 0 0
 1382 18535.000 126734.000 0 0 0.000 0.000 0.000 200000.000 0 1 0 200 0 0
 1383 18181.000 125705.000 0 0 0.000 0.000 0.000 200000.000 0 1 0 200 0 0
 1384 14653.000 107081.000 0 0 0.000 0.000 0.000 0.255 0 1 0 0 0 0
 1385 150771.000 31216.000 0 0 0.000 0.000 0.000 200000.000 0 1 0 200 0 0
 1386 166404.000 46076.000 0 0 0.000 0.000 0.000 0.139 0 1 0 0 0 0
 1387 150834.000 31228.000 0 0 0.000 0.000 0.000 200000.000 0 1 0 200 0 0
 1388 183082.000 79887.000 0 0 0.000 0.000 0.000 200000.000 0 1 0 200 0 0
 1389 173511.000 144371.000 0 0 0.000 0.000 0.000 200000.000 0 1 0 200 0 0
 1390 124683.000 182184.000 0 0 0.000 0.000 0.000 0.334 0 1 0 0 0 0
 1391 133514.000 21161.000 0 0 0.000 0.000 0.000 200000.000 0 1 0 200 0 0
 1392 134235.000 21526.000 0 0 0.000 0.000 0.000 200000.000 0 1 0 200 0 0
 1393 134308.000 21502.000 0 0 0.000 0.000 0.000 200000.000 0 1 0 200 0 0
 1394 164617.000 43931.000 0 0 0.000 0.000 0.000 200000.000 0 1 0 200 0 0
 1395 185382.000 91898.000 0 0 0.000 0.000 0.000 0.254 0 1 0 0 0 0
 1396 98016.000 15298.000 0 0 0.000 0.000 0.000 200000.000 0 1 0 200 0 0
 1397 15962.000 119656.000 0 0 0.000 0.000 0.000 200000.000 0 1 0 200 0 0
 1398 184634.000 115856.000 0 0 0.000 0.000 0.000 200000.000 0 1 0 200 0 0
 1399 170645.000 149402.000 0 0 0.000 0.000 0.000 200000.000 0 1 0 200 0 0
 1400 167469.000 152396.000 0 0 0.000 0.000 0.000 200000.000 0 1 0 200 0 0
 1401 153210.000 167676.000 0 0 0.000 0.000 0.000 0.247 0 1 0 0 0 0
 1402 137019.000 177932.000 0 0 0.000 0.000 0.000 200000.000 0 1 0 200 0 0
 1403 47326.000 32119.000 0 0 0.000 0.000 0.000 200000.000 0 1 0 200 0 0
 1404 91844.000 14392.000 0 0 0.000 0.000 0.000 200000.000 0 1 0 200 0 0
 1405 102166.000 14029.000 0 0 0.000 0.000 0.000 200000.000 0 1 0 200 0 0
 1406 148699.000 29087.000 0 0 0.000 0.000 0.000 200000.000 0 1 0 200 0 0
 1407 148610.000 29115.000 0 0 0.000 0.000 0.000 200000.000 0 1 0 200 0 0
 1408 166936.000 45626.000 0 0 0.000 0.000 0.000 200000.000 0 1 0 200 0 0
 1409 169666.000 49515.000 0 0 0.000 0.000 0.000 200000.000 0 1 0 200 0 0
 1410 183120.000 123163.000 0 0 0.000 0.000 0.000 200000.000 0 1 0 200 0 0
 1411 16852.000 121161.000 0 0 0.000 0.000 0.000 200000.000 0 1 0 200 0 0
 1412 183117.000 123222.000 0 0 0.000 0.000 0.000 200000.000 0 1 0 200 0 0
 1413 23106.000 139660.000 0 0 0.000 0.000 0.000 200000.000 0 1 0 200 0 0
 1414 16246.000 121536.000 0 0 0.000 0.000 0.000 200000.000 0 1 0 200 0 0
 1415 96560.000 14041.000 0 0 0.000 0.000 0.000 0.320 0 1 0 0 0 0
 1416 117840.000 16394.000 0 0 0.000 0.000 0.000 200000.000 0 1 0 200 0 0
 1417 138361.000 22828.000 0 0 0.000 0.000 0.000 200000.000 0 1 0 200 0 0
 1418 164378.000 156446.000 0 0 0.000 0.000 0.000 200000.000 0 1 0 200 0 0
 1419 176360.000 60137.000 0 0 0.000 0.000 0.000 0.204 0 1 0 0 0 0
 1420 182371.000 74650.000 0 0 0.000 0.000 0.000 0.302 0 1 0 0 0 0
 1421 173285.000 145639.000 0 0 0.000 0.000 0.000 0.373 0 1 0 0 0 0
 1422 175874.000 141680.000 0 0 0.000 0.000 0.000 200000.000 0 1 0 200 0 0
 1423 167362.000 154932.000 0 0 0.000 0.000 0.000 200000.000 0 1 0 200 0 0
 1424 140354.000 176703.000 0 0 0.000 0.000 0.000 200000.000 0 1 0 200 0 0
 1425 16606.000 123545.000 0 0 0.000 0.000 0.000 200000.000 0 1 0 200 0 0
 1426 13663.000 108844.000 0 0 0.000 0.000 0.000 200000.000 0 1 0 200 0 0
 1427 125978.000 17659.000 0 0 0.000 0.000 0.000 200000.000 0 1 0 200 0 0
 1428 16329.000 119574.000 0 0 0.000 0.000 0.000 200000.000 0 1 0 200 0 0
 1429 167303.000 154814.000 0 0 0.000 0.000 0.000 200000.000 0 1 0 200 0 0
 1430 166969.000 155389.000 0 0 0.000 0.000 0.000 0.137 0 1 0 0 0 0
 1431 97671.000 13351.000 0 0 0.000 0.000 0.000 200000.000 0 1 0 200 0 0
 1432 166146.000 43882.000 0 0 0.000 0.000 0.000 200000.000 0 1 0 200 0 0
 1433 147150.000 27441.000 0 0 0.000 0.000 0.000 200000.000 0 1 0 200 0 0
 1434 165981.000 43952.000 0 0 0.000 0.000 0.000 200000.000 0 1 0 200 0 0
 1435 186354.000 89075.000 0 0 0.000 0.000 0.000 200000.000 0 1 0 200 0 0
 1436 153813.000 33029.000 0 0 0.000 0.000 0.000 200000.000 0 1 0 200 0 0
 1437 186235.000 109846.000 0 0 0.000 0.000 0.000 200000.000 0 1 0 200 0 0
 1438 155674.000 166794.000 0 0 0.000 0.000 0.000 0.245 0 1 0 0 0 0
 1439 15281.000 119693.000 0 0 0.000 0.000 0.000 0.393 0 1 0 0 0 0
 1440 15196.000 119614.000 0 0 0.000 0.000 0.000 0.334 0 1 0 0 0 0
 1441 16276.000 121584.000 0 0 0.000 0.000 0.000 200000.000 0 1 0 200 0 0
 1442 186223.000 89038.000 0 0 0.000 0.000 0.000 200000.000 0 1 0 200 0 0
 1443 186457.000 91705.000 0 0 0.000 0.000 0.000 0.472 0 1 0 0 0 0
 1444 175267.000 143603.000 0 0 0.000 0.000 0.000 0.348 0 1 0 0 0 0
 1445 104211.000 13254.000 0 0 0.000 0.000 0.000 200000.000 0 1 0 200 0 0
 1446 110400.000 13606.000 0 0 0.000 0.000 0.000 200000.000 0 1 0 200 0 0
 1447 18739.000 131817.000 0 0 0.000 0.000 0.000 0.342 0 1 0 0 0 0
 1448 164539.000 41542.000 0 0 0.000 0.000 0.000 200000.000 0 1 0 200 0 0
 1449 172620.000 148951.000 0 0 0.000 0.000 0.000 200000.000 0 1 0 200 0 0
 1450 172560.000 148850.000 0 0 0.000 0.000 0.000 200000.000 0 1 0 200 0 0
 1451 186226.000 108337.000 0 0 0.000 0.000 0.000 200000.000 0 1 0 200 0 0
 1452 185448.000 85377.000 0 0 0.000 0.000 0.000 200000.000 0 1 0 200 0 0
 1453 13190.000 113277.000 0 0 0.000 0.000 0.000 200000.000 0 1 0 200 0 0
 1454 12814.000 106619.000 0 0 0.000 0.000 0.000 0.320 0 1 0 0 0 0
 1455 184504.000 77920.000 0 0 0.000 0.000 0.000 0.254 0 1 0 0 0 0
 1456 184133.000 123807.000 0 0 0.000 0.000 0.000 0.491 0 1 0 0 0 0
 1457 152625.000 170529.000 0 0 0.000 0.000 0.000 200000.000 0 1 0 200 0 0
 1458 13366.000 113302.000 0 0 0.000 0.000 0.000 200000.000 0 1 0 200 0 0
 1459 111028.000 13171.000 0 0 0.000 0.000 0.000 200000.000 0 1 0 200 0 0
 1460 117253.000 14356.000 0 0 0.000 0.000 0.000 0.228 0 1 0 0 0 0
 1461 180729.000 65850.000 0 0 0.000 0.000 0.000 200000.000 0 1 0 200 0 0
 1462 179427.000 137999.000 0 0 0.000 0.000 0.000 200000.000 0 1 0 200 0 0
 1463 152581.000 170379.000 0 0 0.000 0.000 0.000 200000.000 0 1 0 200 0 0
 1464 185426.000 79772.000 0 0 0.000 0.000 0.000 0.246 0 1 0 0 0 0
 1465 168138.000 156401.000 0 0 0.000 0.000 0.000 200000.000 0 1 0 200 0 0
 1466 14374.000 121045.000 0 0 0.000 0.000 0.000 200000.000 0 1 0 200 0 0
 1467 167286.000 155633.000 0 0 0.000 0.000 0.000 200000.000 0 1 0 200 0 0
 1468 175199.000 146078.000 0 0 0.000 0.000 0.000 0.256 0 1 0 0 0 0
 1469 94947.000 12248.000 0 0 0.000 0.000 0.000 200000.000 0 1 0 200 0 0
 1470 188095.000 99761.000 0 0 0.000 0.000 0.000 200000.000 0 1 0 200 0 0
 1471 152659.000 171352.000 0 0 0.000 0.000 0.000 200000.000 0 1 0 200 0 0
 1472 185840.000 78997.000 0 0 0.000 0.000 0.000 200000.000 0 1 0 200 0 0
 1473 187879.000 90363.000 0 0 0.000 0.000 0.000 200000.000 0 1 0 200 0 0
 1474 187178.000 114932.000 0 0 0.000 0.000 0.000 200000.000 0 1 0 200 0 0
 1475 179663.000 61077.000 0 0 0.000 0.000 0.000 200000.000 0 1 0 200 0 0
 1476 170744.000 153329.000 0 0 0.000 0.000 0.000 0.463 0 1 0 0 0 0
 1477 155606.000 169046.000 0 0 0.000 0.000 0.000 0.485 0 1 0 0 0 0
 1478 14036.000 123171.000 0 0 0.000 0.000 0.000 200000.000 0 1 0 200 0 0
 1479 55728.000 23258.000 0 0 0.000 0.000 0.000 200000.000 0 1 0 200 0 0
 1480 178979.000 59346.000 0 0 0.000 0.000 0.000 200000.000 0 1 0 200 0 0
 1481 14205.000 123179.000 0 0 0.000 0.000 0.000 200000.000 0 1 0 200 0 0
 1482 55677.000 23280.000 0 0 0.000 0.000 0.000 200000.000 0 1 0 200 0 0
 1483 188239.000 90515.000 0 0 0.000 0.000 0.000 200000.000 0 1 0 200 0 0
 1484 188556.000 106042.000 0 0 0.000 0.000 0.000 0.411 0 1 0 0 0 0
 1485 145760.000 25279.000 0 0 0.000 0.000 0.000 200000.000 0 1 0 200 0 0
 1486 152437.000 171048.000 0 0 0.000 0.000 0.000 200000.000 0 1 0 200 0 0
 1487 167147.000 158625.000 0 0 0.000 0.000 0.000 200000.000 0 1 0 200 0 0
 1488 18391.000 136083.000 0 0 0.000 0.000 0.000 200000.000 0 1 0 200 0 0
 1489 16221.000 69756.000 0 0 0.000 0.000 0.000 200000.000 0 1 0 200 0 0
 1490 188916.000 99002.000 0 0 0.000 0.000 0.000 0.278 0 1 0 0 0 0
 1491 182157.000 133011.000 0 0 0.000 0.000 0.000 200000.000 0 1 0 200 0 0
 1492 185485.000 126054.000 0 0 0.000 0.000 0.000 200000.000 0 1 0 200 0 0
 1493 180615.000 137760.000 0 0 0.000 0.000 0.000 0.289 0 1 0 0 0 0
 1494 167183.000 158577.000 0 0 0.000 0.000 0.000 200000.000 0 1 0 200 0 0
 1495 172318.000 47887.000 0 0 0.000 0.000 0.000 200000.000 0 1 0 200 0 0
 1496 19099.000 136422.000 0 0 0.000 0.000 0.000 200000.000 0 1 0 200 0 0
 1497 185111.000 73844.000 0 0 0.000 0.000 0.000 200000.000 0 1 0 200 0 0
 1498 188102.000 86858.000 0 0 0.000 0.000 0.000 200000.000 0 1 0 200 0 0
 1499 186458.000 122542.000 0 0 0.000 0.000 0.000 200000.000 0 1 0 200 0 0
 1500 177411.000 144778.000 0 0 0.000 0.000 0.000 200000.000 0 1 0 200 0 0
 1501 187977.000 84066.000 0 0 0.000 0.000 0.000 200000.000 0 1 0 200 0 0
 1502 188434.000 86990.000 0 0 0.000 0.000 0.000 0.244 0 1 0 0 0 0
 1503 176198.000 146892.000 0 0 0.000 0.000 0.000 0.220 0 1 0 0 0 0
 1504 18072.000 136622.000 0 0 0.000 0.000 0.000 200000.000 0 1 0 200 0 0
 1505 10436.000 104330.000 0 0 0.000 0.000 0.000 200000.000 0 1 0 200 0 0
 1506 189368.000 104430.000 0 0 0.000 0.000 0.000 0.366 0 1 0 0 0 0
 1507 16178.000 132970.000 0 0 0.000 0.000 0.000 200000.000 0 1 0 200 0 0
 1508 10637.000 108437.000 0 0 0.000 0.000 0.000 0.336 0 1 0 0 0 0
 1509 118489.000 12361.000 0 0 0.000 0.000 0.000 200000.000 0 1 0 200 0 0
 1510 188518.000 116352.000 0 0 0.000 0.000 0.000 200000.000 0 1 0 200 0 0
 1511 156543.000 170060.000 0 0 0.000 0.000 0.000 200000.000 0 1 0 200 0 0
 1512 151931.000 173561.000 0 0 0.000 0.000 0.000 200000.000 0 1 0 200 0 0
 1513 173873.000 150134.000 0 0 0.000 0.000 0.000 200000.000 0 1 0 200 0 0
 1514 14130.000 127148.000 0 0 0.000 0.000 0.000 200000.000 0 1 0 200 0 0
 1515 189136.000 86876.000 0 0 0.000 0.000 0.000 200000.000 0 1 0 200 0 0
 1516 189790.000 103289.000 0 0 0.000 0.000 0.000 0.229 0 1 0 0 0 0
 1517 174326.000 149763.000 0 0 0.000 0.000 0.000 200000.000 0 1 0 200 0 0
 1518 188393.000 116273.000 0 0 0.000 0.000 0.000 200000.000 0 1 0 200 0 0
 1519 164395.000 162814.000 0 0 0.000 0.000 0.000 0.430 0 1 0 0 0 0
 1520 36519.000 164462.000 0 0 0.000 0.000 0.000 200000.000 0 1 0 200 0 0
 1521 30468.000 157599.000 0 0 0.000 0.000 0.000 200000.000 0 1 0 200 0 0
 1522 10374.000 92053.000 0 0 0.000 0.000 0.000 200000.000 0 1 0 200 0 0
 1523 182841.000 65171.000 0 0 0.000 0.000 0.000 200000.000 0 1 0 200 0 0
 1524 133352.000 16499.000 0 0 0.000 0.000 0.000 200000.000 0 1 0 200 0 0
 1525 187413.000 77590.000 0 0 0.000 0.000 0.000 200000.000 0 1 0 200 0 0
 1526 172186.000 154151.000 0 0 0.000 0.000 0.000 200000.000 0 1 0 200 0 0
 1527 172209.000 154238.000 0 0 0.000 0.000 0.000 200000.000 0 1 0 200 0 0
 1528 162063.000 165603.000 0 0 0.000 0.000 0.000 0.248 0 1 0 0 0 0
 1529 36633.000 164420.000 0 0 0.000 0.000 0.000 200000.000 0 1 0 200 0 0
 1530 19544.000 141240.000 0 0 0.000 0.000 0.000 200000.000 0 1 0 200 0 0
 1531 63891.000 17440.000 0 0 0.000 0.000 0.000 200000.000 0 1 0 200 0 0
 1532 182192.000 134059.000 0 0 0.000 0.000 0.000 200000.000 0 1 0 200 0 0
 1533 187249.000 81852.000 0 0 0.000 0.000 0.000 200000.000 0 1 0 200 0 0
 1534 171757.000 154839.000 0 0 0.000 0.000 0.000 200000.000 0 1 0 200 0 0
 1535 144651.000 178804.000 0 0 0.000 0.000 0.000 200000.000 0 1 0 200 0 0
 1536 16521.000 132839.000 0 0 0.000 0.000 0.000 200000.000 0 1 0 200 0 0
 1537 189999.000 111079.000 0 0 0.000 0.000 0.000 200000.000 0 1 0 200 0 0
 1538 181959.000 138205.000 0 0 0.000 0.000 0.000 200000.000 0 1 0 200 0 0
 1539 10538.000 115015.000 0 0 0.000 0.000 0.000 200000.000 0 1 0 200 0 0
 1540 119132.000 11629.000 0 0 0.000 0.000 0.000 200000.000 0 1 0 200 0 0
 1541 133245.000 16627.000 0 0 0.000 0.000 0.000 200000.000 0 1 0 200 0 0
 1542 189837.000 111007.000 0 0 0.000 0.000 0.000 200000.000 0 1 0 200 0 0
 1543 172269.000 155010.000 0 0 0.000 0.000 0.000 200000.000 0 1 0 200 0 0
 1544 163563.000 164810.000 0 0 0.000 0.000 0.000 0.295 0 1 0 0 0 0
 1545 10560.000 115069.000 0 0 0.000 0.000 0.000 200000.000 0 1 0 200 0 0
 1546 162959.000 165511.000 0 0 0.000 0.000 0.000 200000.000 0 1 0 200 0 0
 1547 189771.000 112974.000 0 0 0.000 0.000 0.000 0.206 0 1 0 0 0 0
 1548 185943.000 129099.000 0 0 0.000 0.000 0.000 200000.000 0 1 0 200 0 0
 1549 56334.000 180035.000 0 0 0.000 0.000 0.000 200000.000 0 1 0 200 0 0
 1550 15095.000 132836.000 0 0 0.000 0.000 0.000 0.219 0 1 0 0 0 0
 1551 121809.000 12426.000 0 0 0.000 0.000 0.000 200000.000 0 1 0 200 0 0
 1552 175683.000 150484.000 0 0 0.000 0.000 0.000 0.261 0 1 0 0 0 0
 1553 174264.000 152564.000 0 0 0.000 0.000 0.000 200000.000 0 1 0 200 0 0
 1554 168275.000 160694.000 0 0 0.000 0.000 0.000 200000.000 0 1 0 200 0 0
 1555 44292.000 172590.000 0 0 0.000 0.000 0.000 200000.000 0 1 0 200 0 0
 1556 164762.000 35856.000 0 0 0.000 0.000 0.000 200000.000 0 1 0 200 0 0
 1557 191142.000 101905.000 0 0 0.000 0.000 0.000 200000.000 0 1 0 200 0 0
 1558 149641.000 175604.000 0 0 0.000 0.000 0.000 200000.000 0 1 0 200 0 0
 1559 166252.000 162616.000 0 0 0.000 0.000 0.000 0.205 0 1 0 0 0 0
 1560 44411.000 172522.000 0 0 0.000 0.000 0.000 200000.000 0 1 0 200 0 0
 1561 10906.000 120420.000 0 0 0.000 0.000 0.000 200000.000 0 1 0 200 0 0
 1562 180177.000 143699.000 0 0 0.000 0.000 0.000 200000.000 0 1 0 200 0 0
 1563 10842.000 120902.000 0 0 0.000 0.000 0.000 200000.000 0 1 0 200 0 0
 1564 120559.000 11076.000 0 0 0.000 0.000 0.000 200000.000 0 1 0 200 0 0
 1565 189829.000 116899.000 0 0 0.000 0.000 0.000 0.341 0 1 0 0 0 0
 1566 182631.000 139497.000 0 0 0.000 0.000 0.000 200000.000 0 1 0 200 0 0
 1567 182636.000 139562.000 0 0 0.000 0.000 0.000 200000.000 0 1 0 200 0 0
 1568 175749.000 149947.000 0 0 0.000 0.000 0.000 200000.000 0 1 0 200 0 0
 1569 127851.000 13121.000 0 0 0.000 0.000 0.000 0.203 0 1 0 0 0 0
 1570 191284.000 93830.000 0 0 0.000 0.000 0.000 0.215 0 1 0 0 0 0
 1571 10747.000 121973.000 0 0 0.000 0.000 0.000 200000.000 0 1 0 200 0 0
 1572 187337.000 71868.000 0 0 0.000 0.000 0.000 200000.000 0 1 0 200 0 0
 1573 190250.000 83966.000 0 0 0.000 0.000 0.000 0.212 0 1 0 0 0 0
 1574 10760.000 122023.000 0 0 0.000 0.000 0.000 200000.000 0 1 0 200 0 0
 1575 187327.000 71810.000 0 0 0.000 0.000 0.000 200000.000 0 1 0 200 0 0
 1576 190940.000 115315.000 0 0 0.000 0.000 0.000 200000.000 0 1 0 200 0 0
 1577 173082.000 155841.000 0 0 0.000 0.000 0.000 0.259 0 1 0 0 0 0
 1578 135829.000 185059.000 0 0 0.000 0.000 0.000 200000.000 0 1 0 200 0 0
 1579 10894.000 120944.000 0 0 0.000 0.000 0.000 200000.000 0 1 0 200 0 0
 1580 27636.000 157327.000 0 0 0.000 0.000 0.000 0.246 0 1 0 0 0 0
 1581 25878.000 155327.000 0 0 0.000 0.000 0.000 200000.000 0 1 0 200 0 0
 1582 16136.000 136930.000 0 0 0.000 0.000 0.000 200000.000 0 1 0 200 0 0
 1583 135264.000 15071.000 0 0 0.000 0.000 0.000 0.255 0 1 0 0 0 0
 1584 184792.000 137290.000 0 0 0.000 0.000 0.000 200000.000 0 1 0 200 0 0
 1585 180971.000 144335.000 0 0 0.000 0.000 0.000 200000.000 0 1 0 200 0 0
 1586 191441.000 113170.000 0 0 0.000 0.000 0.000 200000.000 0 1 0 200 0 0
 1587 188666.000 126693.000 0 0 0.000 0.000 0.000 200000.000 0 1 0 200 0 0
 1588 20413.000 147642.000 0 0 0.000 0.000 0.000 0.130 0 1 0 0 0 0
 1589 178988.000 148781.000 0 0 0.000 0.000 0.000 200000.000 0 1 0 200 0 0
 1590 153348.000 175758.000 0 0 0.000 0.000 0.000 200000.000 0 1 0 200 0 0
 1591 66341.000 186561.000 0 0 0.000 0.000 0.000 200000.000 0 1 0 200 0 0
 1592 14581.000 136694.000 0 0 0.000 0.000 0.000 200000.000 0 1 0 200 0 0
 1593 161119.000 30748.000 0 0 0.000 0.000 0.000 0.232 0 1 0 0 0 0
 1594 166792.000 35988.000 0 0 0.000 0.000 0.000 200000.000 0 1 0 200 0 0
 1595 192376.000 93812.000 0 0 0.000 0.000 0.000 0.205 0 1 0 0 0 0
 1596 192315.000 108555.000 0 0 0.000 0.000 0.000 200000.000 0 1 0 200 0 0
 1597 171343.000 159462.000 0 0 0.000 0.000 0.000 200000.000 0 1 0 200 0 0
 1598 155803.000 174308.000 0 0 0.000 0.000 0.000 200000.000 0 1 0 200 0 0
 1599 13686.000 134140.000 0 0 0.000 0.000 0.000 200000.000 0 1 0 200 0 0
 1600 190591.000 115258.000 0 0 0.000 0.000 0.000 200000.000 0 1 0 200 0 0
 1601 172279.000 42216.000 0 0 0.000 0.000 0.000 0.436 0 1 0 0 0 0
 1602 9995.000 119838.000 0 0 0.000 0.000 0.000 200000.000 0 1 0 200 0 0
 1603 187367.000 132235.000 0 0 0.000 0.000 0.000 200000.000 0 1 0 200 0 0
 1604 184828.000 138882.000 0 0 0.000 0.000 0.000 200000.000 0 1 0 200 0 0
 1605 177202.000 152495.000 0 0 0.000 0.000 0.000 200000.000 0 1 0 200 0 0
 1606 19917.000 147927.000 0 0 0.000 0.000 0.000 200000.000 0 1 0 200 0 0
 1607 12724.000 133459.000 0 0 0.000 0.000 0.000 200000.000 0 1 0 200 0 0
 1608 6908.000 105256.000 0 0 0.000 0.000 0.000 200000.000 0 1 0 200 0 0
 1609 130572.000 12197.000 0 0 0.000 0.000 0.000 200000.000 0 1 0 200 0 0
 1610 192757.000 108030.000 0 0 0.000 0.000 0.000 0.332 0 1 0 0 0 0
 1611 192204.000 108495.000 0 0 0.000 0.000 0.000 200000.000 0 1 0 200 0 0
 1612 192294.000 112024.000 0 0 0.000 0.000 0.000 200000.000 0 1 0 200 0 0
 1613 187371.000 132180.000 0 0 0.000 0.000 0.000 200000.000 0 1 0 200 0 0
 1614 184756.000 138790.000 0 0 0.000 0.000 0.000 200000.000 0 1 0 200 0 0
 1615 182787.000 142964.000 0 0 0.000 0.000 0.000 0.231 0 1 0 0 0 0
 1616 178967.000 149523.000 0 0 0.000 0.000 0.000 0.239 0 1 0 0 0 0
 1617 14946.000 136550.000 0 0 0.000 0.000 0.000 200000.000 0 1 0 200 0 0
 1618 178280.000 150865.000 0 0 0.000 0.000 0.000 200000.000 0 1 0 200 0 0
 1619 174346.000 156426.000 0 0 0.000 0.000 0.000 200000.000 0 1 0 200 0 0
 1620 170953.000 160718.000 0 0 0.000 0.000 0.000 200000.000 0 1 0 200 0 0
 1621 168433.000 163477.000 0 0 0.000 0.000 0.000 200000.000 0 1 0 200 0 0
 1622 19940.000 147975.000 0 0 0.000 0.000 0.000 200000.000 0 1 0 200 0 0
 1623 19257.000 147143.000 0 0 0.000 0.000 0.000 200000.000 0 1 0 200 0 0
 1624 13236.000 135232.000 0 0 0.000 0.000 0.000 200000.000 0 1 0 200 0 0
 1625 17487.000 141608.000 0 0 0.000 0.000 0.000 200000.000 0 1 0 200 0 0
 1626 192051.000 106967.000 0 0 0.000 0.000 0.000 200000.000 0 1 0 200 0 0
 1627 6923.000 105313.000 0 0 0.000 0.000 0.000 200000.000 0 1 0 200 0 0
 1628 192819.000 92150.000 0 0 0.000 0.000 0.000 200000.000 0 1 0 200 0 0
 1629 186142.000 133703.000 0 0 0.000 0.000 0.000 200000.000 0 1 0 200 0 0
 1630 192650.000 111813.000 0 0 0.000 0.000 0.000 200000.000 0 1 0 200 0 0
 1631 190261.000 124155.000 0 0 0.000 0.000 0.000 200000.000 0 1 0 200 0 0
 1632 174744.000 156524.000 0 0 0.000 0.000 0.000 200000.000 0 1 0 200 0 0
 1633 29730.000 161623.000 0 0 0.000 0.000 0.000 0.203 0 1 0 0 0 0
 1634 172814.000 41718.000 0 0 0.000 0.000 0.000 0.214 0 1 0 0 0 0
 1635 193534.000 99602.000 0 0 0.000 0.000 0.000 200000.000 0 1 0 200 0 0
 1636 192641.000 114361.000 0 0 0.000 0.000 0.000 200000.000 0 1 0 200 0 0
 1637 178103.000 151755.000 0 0 0.000 0.000 0.000 200000.000 0 1 0 200 0 0
 1638 149591.000 179815.000 0 0 0.000 0.000 0.000 200000.000 0 1 0 200 0 0
 1639 29178.000 162117.000 0 0 0.000 0.000 0.000 200000.000 0 1 0 200 0 0
 1640 23107.000 154103.000 0 0 0.000 0.000 0.000 200000.000 0 1 0 200 0 0
 1641 16959.000 144001.000 0 0 0.000 0.000 0.000 200000.000 0 1 0 200 0 0
 1642 19386.000 147130.000 0 0 0.000 0.000 0.000 200000.000 0 1 0 200 0 0
 1643 16914.000 143965.000 0 0 0.000 0.000 0.000 200000.000 0 1 0 200 0 0
 1644 13084.000 133325.000 0 0 0.000 0.000 0.000 200000.000 0 1 0 200 0 0
 1645 149276.000 20340.000 0 0 0.000 0.000 0.000 200000.000 0 1 0 200 0 0
 1646 176221.000 154789.000 0 0 56.000 48.000 2688.000 51.845 0 1 3 200 0 0
 1647 6995.000 114376.000 0 0 0.000 0.000 0.000 200000.000 0 1 0 200 0 0
 1648 11429.000 129432.000 0 0 0.000 0.000 0.000 200000.000 0 1 0 200 0 0
 1649 8809.000 120395.000 0 0 0.000 0.000 0.000 200000.000 0 1 0 200 0 0
 1650 157130.000 25540.000 0 0 0.000 0.000 0.000 200000.000 0 1 0 200 0 0
 1651 193978.000 101974.000 0 0 0.000 0.000 0.000 0.220 0 1 0 0 0 0
 1652 166003.000 166990.000 0 0 0.000 0.000 0.000 0.278 0 1 0 0 0 0
 1653 12808.000 135934.000 0 0 0.000 0.000 0.000 200000.000 0 1 0 200 0 0
 1654 11889.000 133657.000 0 0 0.000 0.000 0.000 200000.000 0 1 0 200 0 0
 1655 5896.000 104547.000 0 0 0.000 0.000 0.000 200000.000 0 1 0 200 0 0
 1656 5850.000 104494.000 0 0 0.000 0.000 0.000 200000.000 0 1 0 200 0 0
 1657 177406.000 152800.000 0 0 0.000 0.000 0.000 200000.000 0 1 0 200 0 0
 1658 190090.000 73335.000 0 0 0.000 0.000 0.000 0.256 0 1 0 0 0 0
 1659 175661.000 155080.000 0 0 56.000 48.000 2688.000 51.845 0 1 3 200 0 0
 1660 9226.000 125807.000 0 0 0.000 0.000 0.000 0.480 0 1 0 0 0 0
 1661 9117.000 125031.000 0 0 0.000 0.000 0.000 200000.000 0 1 0 200 0 0
 1662 8787.000 124278.000 0 0 0.000 0.000 0.000 0.260 0 1 0 0 0 0
 1663 7055.000 117763.000 0 0 0.000 0.000 0.000 200000.000 0 1 0 200 0 0
 1664 16082.000 141690.000 0 0 0.000 0.000 0.000 200000.000 0 1 0 200 0 0
 1665 149862.000 20302.000 0 0 0.000 0.000 0.000 200000.000 0 1 0 200 0 0
 1666 126147.000 10392.000 0 0 0.000 0.000 0.000 200000.000 0 1 0 200 0 0
 1667 193924.000 109604.000 0 0 0.000 0.000 0.000 200000.000 0 1 0 200 0 0
 1668 159336.000 173548.000 0 0 0.000 0.000 0.000 200000.000 0 1 0 200 0 0
 1669 8434.000 124592.000 0 0 0.000 0.000 0.000 200000.000 0 1 0 200 0 0
 1670 172591.000 159380.000 0 0 0.000 0.000 0.000 200000.000 0 1 0 200 0 0
 1671 193919.000 109549.000 0 0 0.000 0.000 0.000 200000.000 0 1 0 200 0 0
 1672 191550.000 123929.000 0 0 0.000 0.000 0.000 200000.000 0 1 0 200 0 0
 1673 181466.000 148624.000 0 0 0.000 0.000 0.000 200000.000 0 1 0 200 0 0
 1674 179394.000 149873.000 0 0 0.000 0.000 0.000 200000.000 0 1 0 200 0 0
 1675 32608.000 166565.000 0 0 0.000 0.000 0.000 200000.000 0 1 0 200 0 0
 1676 17276.000 146156.000 0 0 0.000 0.000 0.000 0.302 0 1 0 0 0 0
 1677 11170.000 133192.000 0 0 0.000 0.000 0.000 200000.000 0 1 0 200 0 0
 1678 10481.000 131789.000 0 0 0.000 0.000 0.000 200000.000 0 1 0 200 0 0
 1679 177717.000 46393.000 0 0 0.000 0.000 0.000 200000.000 0 1 0 200 0 0
 1680 178355.000 47023.000 0 0 0.000 0.000 0.000 200000.000 0 1 0 200 0 0
 1681 194178.000 110455.000 0 0 0.000 0.000 0.000 200000.000 0 1 0 200 0 0
 1682 159188.000 26144.000 0 0 0.000 0.000 0.000 0.215 0 1 0 0 0 0
 1683 167287.000 33092.000 0 0 0.000 0.000 0.000 200000.000 0 1 0 200 0 0
 1684 192017.000 77066.000 0 0 0.000 0.000 0.000 200000.000 0 1 0 200 0 0
 1685 6875.000 113812.000 0 0 0.000 0.000 0.000 200000.000 0 1 0 200 0 0
 1686 178976.000 152762.000 0 0 0.000 0.000 0.000 0.146 0 1 0 0 0 0
 1687 191884.000 77043.000 0 0 0.000 0.000 0.000 200000.000 0 1 0 200 0 0
 1688 194058.000 111604.000 0 0 0.000 0.000 0.000 0.433 0 1 0 0 0 0
 1689 190187.000 129802.000 0 0 0.000 0.000 0.000 200000.000 0 1 0 200 0 0
 1690 178690.000 153024.000 0 0 0.000 0.000 0.000 200000.000 0 1 0 200 0 0
 1691 174837.000 41765.000 0 0 0.000 0.000 0.000 200000.000 0 1 0 200 0 0
 1692 174937.000 41755.000 0 0 0.000 0.000 0.000 200000.000 0 1 0 200 0 0
 1693 191726.000 121983.000 0 0 0.000 0.000 0.000 200000.000 0 1 0 200 0 0
 1694 194551.000 99267.000 0 0 0.000 0.000 0.000 200000.000 0 1 0 200 0 0
 1695 181143.000 148427.000 0 0 0.000 0.000 0.000 200000.000 0 1 0 200 0 0
 1696 15266.000 142340.000 0 0 0.000 0.000 0.000 200000.000 0 1 0 200 0 0
 1697 10171.000 130048.000 0 0 0.000 0.000 0.000 200000.000 0 1 0 200 0 0
 1698 169224.000 164831.000 0 0 0.000 0.000 0.000 0.170 0 1 0 0 0 0
 1699 169145.000 164832.000 0 0 0.000 0.000 0.000 200000.000 0 1 0 200 0 0
 1700 21298.000 153122.000 0 0 0.000 0.000 0.000 0.130 0 1 0 0 0 0
 1701 16646.000 144996.000 0 0 0.000 0.000 0.000 200000.000 0 1 0 200 0 0
 1702 6881.000 118207.000 0 0 0.000 0.000 0.000 0.162 0 1 0 0 0 0
 1703 6923.000 118147.000 0 0 0.000 0.000 0.000 200000.000 0 1 0 200 0 0
 1704 188278.000 66318.000 0 0 0.000 0.000 0.000 200000.000 0 1 0 200 0 0
 1705 189990.000 130128.000 0 0 0.000 0.000 0.000 0.276 0 1 0 0 0 0
 1706 189933.000 130163.000 0 0 0.000 0.000 0.000 200000.000 0 1 0 200 0 0
 1707 176746.000 155126.000 0 0 56.000 48.000 2688.000 51.845 0 1 3 200 0 0
 1708 194828.000 94891.000 0 0 0.000 0.000 0.000 0.210 0 1 0 0 0 0
 1709 194599.000 103118.000 0 0 0.000 0.000 0.000 200000.000 0 1 0 200 0 0
 1710 176013.000 154648.000 0 0 18.338 25.508 467.785 21.628 0 1 3 200 0 0
 1711 176156.000 154740.000 0 0 23.615 32.855 775.914 27.855 0 1 3 200 0 0
 1712 176319.000 154804.000 0 0 15.761 21.949 345.948 18.599 0 1 3 200 0 0
 1713 176292.000 154843.000 0 0 28.919 40.230 1163.470 34.109 0 1 3 200 0 0
 1714 176433.000 154935.000 0 0 73.737 102.592 7564.853 86.976 0 1 3 200 0 0
 1715 176576.000 155029.000 0 0 81.777 113.798 9306.149 96.468 0 1 3 200 0 0
 1716 176713.000 155130.000 0 0 73.998 102.968 7619.457 87.289 0 1 3 200 0 0
 1717 176874.000 155198.000 0 0 23.813 33.165 789.778 28.102 0 1 3 200 0 0
 1718 177111.000 155157.000 0 0 15.862 22.176 351.787 18.755 0 1 3 200 0 0
 1719 177020.000 155286.000 0 0 66.196 92.219 6104.595 78.131 0 1 3 200 0 0
 1720 177190.000 155339.000 0 0 140.598 196.113 27573.268 166.052 0 1 3 200 0 0;
ProcessEquipmentIDList 1
  "6632" ;
SummarySpec 5
  TESTNO    NDEFECT    DEFDENSITY    NDIE    NDEFDIE  ;
SummaryList 
  1    1720    6.288    1    1  ;
EndOfFile;
