FileVersion 1 2;
FileTimestamp 01-07-26 09:25:16;
InspectionStationID "KLA-Tencor" "SFSSP1" "0901-0728-TBI";
SampleType WAFER;
ResultTimestamp 01-07-26 09:16:13;
LotID "2580";
SampleSize 1 200;
DeviceID "None";
SetupID "T2-2580NR" 01-07-26 09:16:13;
StepID "6542";
SampleOrientationMarkType NOTCH;
OrientationMarkLocation DOWN;
DiePitch 200000 200000;
DieOrigin 0 0;
WaferID "21";
Slot 21;
SampleCenterLocation 100000 100000;
ClassLookup 1
  0 "0"  ;
OrientationInstructions "Front";
CoordinatesMirrored No;
InspectionTest 1;
SampleTestPlan 1
  0 0 ;
AreaPerTest 2.73516e+010;
ClusterClassificationList 76
  72 210 
  75 210 
  25 210 
  35 200 
  23 200 
  33 210 
  49 200 
  37 200 
  5 200 
  43 200 
  24 210 
  68 200 
  27 200 
  52 200 
  58 210 
  56 200 
  55 200 
  74 200 
  46 210 
  64 200 
  50 200 
  14 210 
  41 200 
  62 200 
  71 210 
  65 210 
  30 200 
  32 200 
  40 210 
  76 200 
  54 200 
  8 200 
  21 210 
  28 200 
  63 200 
  29 200 
  66 200 
  59 200 
  57 200 
  22 200 
  51 200 
  73 210 
  42 200 
  3 200 
  45 200 
  69 200 
  11 200 
  61 200 
  39 200 
  19 200 
  16 210 
  20 200 
  4 210 
  47 200 
  9 200 
  2 200 
  53 200 
  44 200 
  15 210 
  12 200 
  38 200 
  17 200 
  7 200 
  31 210 
  26 200 
  1 200 
  67 200 
  36 200 
  60 200 
  48 200 
  70 200 
  34 200 
  18 200 
  13 200 
  6 200 
  10 200 ;
DefectRecordSpec 15 DEFECTID XREL YREL XINDEX YINDEX XSIZE YSIZE DEFECTAREA DSIZE CLASSNUMBER TEST CLUSTERNUMBER ROUGHBINNUMBER FINEBINNUMBER REVIEWSAMPLE ;
DefectList
 1 99766.000 97844.000 0 0 0.000 0.000 0.000 200000.000 0 1 0 200 0 0
 2 98166.000 101937.000 0 0 0.000 0.000 0.000 0.140 0 1 0 0 0 0
 3 99697.000 97870.000 0 0 0.000 0.000 0.000 200000.000 0 1 0 200 0 0
 4 94812.000 101705.000 0 0 0.000 0.000 0.000 0.131 0 1 0 0 0 0
 5 94690.000 97835.000 0 0 0.000 0.000 0.000 200000.000 0 1 0 200 0 0
 6 94116.000 102457.000 0 0 0.000 0.000 0.000 0.134 0 1 0 0 0 0
 7 93703.000 100724.000 0 0 0.000 0.000 0.000 0.136 0 1 0 0 0 0
 8 101055.000 106623.000 0 0 0.000 0.000 0.000 0.464 0 1 0 0 0 0
 9 93604.000 102646.000 0 0 0.000 0.000 0.000 200000.000 0 1 0 200 0 0
 10 93604.000 102646.000 0 0 0.000 0.000 0.000 200000.000 0 1 0 200 0 0
 11 108101.000 102809.000 0 0 0.000 0.000 0.000 0.169 0 1 0 0 0 0
 12 102283.000 91158.000 0 0 0.000 0.000 0.000 200000.000 0 1 0 200 0 0
 13 100930.000 109996.000 0 0 0.000 0.000 0.000 200000.000 0 1 0 200 0 0
 14 105804.000 92548.000 0 0 0.000 0.000 0.000 200000.000 0 1 0 200 0 0
 15 105885.000 92531.000 0 0 0.000 0.000 0.000 200000.000 0 1 0 200 0 0
 16 100974.000 109902.000 0 0 0.000 0.000 0.000 0.494 0 1 0 0 0 0
 17 94036.000 92123.000 0 0 0.000 0.000 0.000 200000.000 0 1 0 200 0 0
 18 93975.000 92132.000 0 0 0.000 0.000 0.000 0.228 0 1 0 0 0 0
 19 90915.000 93866.000 0 0 0.000 0.000 0.000 200000.000 0 1 0 200 0 0
 20 90845.000 93883.000 0 0 0.000 0.000 0.000 0.203 0 1 0 0 0 0
 21 107352.000 109570.000 0 0 0.000 0.000 0.000 0.148 0 1 0 0 0 0
 22 89789.000 94223.000 0 0 0.000 0.000 0.000 0.481 0 1 0 0 0 0
 23 111183.000 104522.000 0 0 0.000 0.000 0.000 0.132 0 1 0 0 0 0
 24 107799.000 90578.000 0 0 0.000 0.000 0.000 200000.000 0 1 0 200 0 0
 25 107758.000 90543.000 0 0 0.000 0.000 0.000 200000.000 0 1 0 200 0 0
 26 98899.000 86316.000 0 0 0.000 0.000 0.000 200000.000 0 1 0 200 0 0
 27 98845.000 86316.000 0 0 0.000 0.000 0.000 0.212 0 1 0 0 0 0
 28 112671.000 106581.000 0 0 0.000 0.000 0.000 0.131 0 1 0 0 0 0
 29 87231.000 107652.000 0 0 0.000 0.000 0.000 0.176 0 1 0 0 0 0
 30 87860.000 90304.000 0 0 0.000 0.000 0.000 200000.000 0 1 0 200 0 0
 31 112641.000 109436.000 0 0 0.000 0.000 0.000 200000.000 0 1 0 200 0 0
 32 112652.000 109509.000 0 0 0.000 0.000 0.000 200000.000 0 1 0 200 0 0
 33 103930.000 85002.000 0 0 0.000 0.000 0.000 0.140 0 1 0 0 0 0
 34 85104.000 106664.000 0 0 0.000 0.000 0.000 0.132 0 1 0 0 0 0
 35 105833.000 84973.000 0 0 0.000 0.000 0.000 0.132 0 1 0 0 0 0
 36 89929.000 113936.000 0 0 0.000 0.000 0.000 200000.000 0 1 0 200 0 0
 37 83646.000 96141.000 0 0 0.000 0.000 0.000 200000.000 0 1 0 200 0 0
 38 91007.000 114660.000 0 0 0.000 0.000 0.000 200000.000 0 1 0 200 0 0
 39 90004.000 113924.000 0 0 0.000 0.000 0.000 200000.000 0 1 0 200 0 0
 40 91575.000 115228.000 0 0 0.000 0.000 0.000 0.130 0 1 0 0 0 0
 41 109846.000 114390.000 0 0 0.000 0.000 0.000 200000.000 0 1 0 200 0 0
 42 109803.000 114419.000 0 0 0.000 0.000 0.000 200000.000 0 1 0 200 0 0
 43 110422.000 114394.000 0 0 0.000 0.000 0.000 200000.000 0 1 0 200 0 0
 44 107120.000 84309.000 0 0 0.000 0.000 0.000 0.141 0 1 0 0 0 0
 45 111173.000 113750.000 0 0 0.000 0.000 0.000 0.140 0 1 0 0 0 0
 46 94144.000 116998.000 0 0 0.000 0.000 0.000 0.136 0 1 0 0 0 0
 47 117513.000 103847.000 0 0 0.000 0.000 0.000 200000.000 0 1 0 200 0 0
 48 82571.000 95284.000 0 0 0.000 0.000 0.000 0.132 0 1 0 0 0 0
 49 100109.000 81913.000 0 0 0.000 0.000 0.000 200000.000 0 1 0 200 0 0
 50 118223.000 102626.000 0 0 0.000 0.000 0.000 200000.000 0 1 0 200 0 0
 51 116666.000 92129.000 0 0 0.000 0.000 0.000 200000.000 0 1 0 200 0 0
 52 95688.000 118639.000 0 0 0.000 0.000 0.000 0.288 0 1 0 0 0 0
 53 118216.000 102675.000 0 0 0.000 0.000 0.000 200000.000 0 1 0 200 0 0
 54 106530.000 81797.000 0 0 0.000 0.000 0.000 200000.000 0 1 0 200 0 0
 55 106636.000 81655.000 0 0 0.000 0.000 0.000 200000.000 0 1 0 200 0 0
 56 97623.000 119946.000 0 0 0.000 0.000 0.000 200000.000 0 1 0 200 0 0
 57 97677.000 119910.000 0 0 0.000 0.000 0.000 200000.000 0 1 0 200 0 0
 58 80262.000 101531.000 0 0 0.000 0.000 0.000 0.130 0 1 0 0 0 0
 59 83372.000 88932.000 0 0 0.000 0.000 0.000 200000.000 0 1 0 200 0 0
 60 103928.000 80896.000 0 0 0.000 0.000 0.000 200000.000 0 1 0 200 0 0
 61 84029.000 88264.000 0 0 0.000 0.000 0.000 0.136 0 1 0 0 0 0
 62 83381.000 88998.000 0 0 0.000 0.000 0.000 200000.000 0 1 0 200 0 0
 63 119771.000 102790.000 0 0 0.000 0.000 0.000 200000.000 0 1 0 200 0 0
 64 96442.000 80422.000 0 0 0.000 0.000 0.000 0.136 0 1 0 0 0 0
 65 104896.000 80593.000 0 0 0.000 0.000 0.000 200000.000 0 1 0 200 0 0
 66 104829.000 80639.000 0 0 0.000 0.000 0.000 0.211 0 1 0 0 0 0
 67 120236.000 98550.000 0 0 0.000 0.000 0.000 0.130 0 1 0 0 0 0
 68 119601.000 107099.000 0 0 0.000 0.000 0.000 200000.000 0 1 0 200 0 0
 69 119488.000 107005.000 0 0 0.000 0.000 0.000 200000.000 0 1 0 200 0 0
 70 97769.000 120820.000 0 0 0.000 0.000 0.000 0.141 0 1 0 0 0 0
 71 119570.000 108602.000 0 0 0.000 0.000 0.000 200000.000 0 1 0 200 0 0
 72 114742.000 84743.000 0 0 0.000 0.000 0.000 0.133 0 1 0 0 0 0
 73 78356.000 102852.000 0 0 0.000 0.000 0.000 200000.000 0 1 0 200 0 0
 74 119433.000 108489.000 0 0 0.000 0.000 0.000 200000.000 0 1 0 200 0 0
 75 76632.000 97693.000 0 0 0.000 0.000 0.000 200000.000 0 1 0 200 0 0
 76 87011.000 80450.000 0 0 0.000 0.000 0.000 200000.000 0 1 0 200 0 0
 77 123655.000 102321.000 0 0 0.000 0.000 0.000 0.487 0 1 0 0 0 0
 78 94942.000 76882.000 0 0 0.000 0.000 0.000 0.132 0 1 0 0 0 0
 79 98842.000 124475.000 0 0 0.000 0.000 0.000 200000.000 0 1 0 200 0 0
 80 124064.000 97614.000 0 0 0.000 0.000 0.000 0.157 0 1 0 0 0 0
 81 114961.000 81187.000 0 0 0.000 0.000 0.000 0.216 0 1 0 0 0 0
 82 76290.000 107037.000 0 0 0.000 0.000 0.000 0.419 0 1 0 0 0 0
 83 124954.000 101850.000 0 0 0.000 0.000 0.000 200000.000 0 1 0 200 0 0
 84 111887.000 122298.000 0 0 0.000 0.000 0.000 0.146 0 1 0 0 0 0
 85 88530.000 77640.000 0 0 0.000 0.000 0.000 0.138 0 1 0 0 0 0
 86 104626.000 124236.000 0 0 0.000 0.000 0.000 200000.000 0 1 0 200 0 0
 87 87835.000 122831.000 0 0 0.000 0.000 0.000 200000.000 0 1 0 200 0 0
 88 76211.000 109559.000 0 0 0.000 0.000 0.000 0.136 0 1 0 0 0 0
 89 88293.000 77161.000 0 0 0.000 0.000 0.000 200000.000 0 1 0 200 0 0
 90 124254.000 108623.000 0 0 0.000 0.000 0.000 0.255 0 1 0 0 0 0
 91 73947.000 99924.000 0 0 0.000 0.000 0.000 200000.000 0 1 0 200 0 0
 92 88249.000 77190.000 0 0 0.000 0.000 0.000 200000.000 0 1 0 200 0 0
 93 94021.000 125676.000 0 0 0.000 0.000 0.000 200000.000 0 1 0 200 0 0
 94 93967.000 125682.000 0 0 0.000 0.000 0.000 200000.000 0 1 0 200 0 0
 95 73977.000 99978.000 0 0 0.000 0.000 0.000 200000.000 0 1 0 200 0 0
 96 74978.000 91826.000 0 0 0.000 0.000 0.000 200000.000 0 1 0 200 0 0
 97 75081.000 91917.000 0 0 0.000 0.000 0.000 200000.000 0 1 0 200 0 0
 98 78188.000 85090.000 0 0 0.000 0.000 0.000 200000.000 0 1 0 200 0 0
 99 111733.000 124070.000 0 0 0.000 0.000 0.000 0.145 0 1 0 0 0 0
 100 93835.000 74418.000 0 0 0.000 0.000 0.000 0.143 0 1 0 0 0 0
 101 99778.000 73480.000 0 0 0.000 0.000 0.000 0.132 0 1 0 0 0 0
 102 126348.000 95991.000 0 0 0.000 0.000 0.000 200000.000 0 1 0 200 0 0
 103 113133.000 76699.000 0 0 0.000 0.000 0.000 0.455 0 1 0 0 0 0
 104 75723.000 112570.000 0 0 0.000 0.000 0.000 200000.000 0 1 0 200 0 0
 105 74126.000 109770.000 0 0 0.000 0.000 0.000 200000.000 0 1 0 200 0 0
 106 72593.000 96431.000 0 0 0.000 0.000 0.000 0.137 0 1 0 0 0 0
 107 74143.000 109818.000 0 0 0.000 0.000 0.000 200000.000 0 1 0 200 0 0
 108 125387.000 111843.000 0 0 0.000 0.000 0.000 200000.000 0 1 0 200 0 0
 109 73648.000 90630.000 0 0 0.000 0.000 0.000 0.203 0 1 0 0 0 0
 110 117388.000 78003.000 0 0 0.000 0.000 0.000 200000.000 0 1 0 200 0 0
 111 99144.000 128399.000 0 0 0.000 0.000 0.000 200000.000 0 1 0 200 0 0
 112 103688.000 72365.000 0 0 0.000 0.000 0.000 0.139 0 1 0 0 0 0
 113 117258.000 78084.000 0 0 0.000 0.000 0.000 200000.000 0 1 0 200 0 0
 114 81908.000 122123.000 0 0 0.000 0.000 0.000 200000.000 0 1 0 200 0 0
 115 94699.000 72318.000 0 0 0.000 0.000 0.000 200000.000 0 1 0 200 0 0
 116 119835.000 120867.000 0 0 0.000 0.000 0.000 200000.000 0 1 0 200 0 0
 117 119765.000 120725.000 0 0 0.000 0.000 0.000 200000.000 0 1 0 200 0 0
 118 120739.000 119830.000 0 0 0.000 0.000 0.000 0.143 0 1 0 0 0 0
 119 106150.000 72264.000 0 0 0.000 0.000 0.000 0.146 0 1 0 0 0 0
 120 103216.000 128729.000 0 0 0.000 0.000 0.000 200000.000 0 1 0 200 0 0
 121 80882.000 121467.000 0 0 0.000 0.000 0.000 200000.000 0 1 0 200 0 0
 122 73406.000 110783.000 0 0 0.000 0.000 0.000 200000.000 0 1 0 200 0 0
 123 112515.000 74555.000 0 0 0.000 0.000 0.000 200000.000 0 1 0 200 0 0
 124 92513.000 128035.000 0 0 0.000 0.000 0.000 0.272 0 1 0 0 0 0
 125 86271.000 125984.000 0 0 0.000 0.000 0.000 200000.000 0 1 0 200 0 0
 126 86200.000 126006.000 0 0 0.000 0.000 0.000 200000.000 0 1 0 200 0 0
 127 100678.000 129759.000 0 0 0.000 0.000 0.000 200000.000 0 1 0 200 0 0
 128 103253.000 128592.000 0 0 0.000 0.000 0.000 200000.000 0 1 0 200 0 0
 129 95115.000 71174.000 0 0 0.000 0.000 0.000 0.133 0 1 0 0 0 0
 130 100726.000 129620.000 0 0 0.000 0.000 0.000 200000.000 0 1 0 200 0 0
 131 105152.000 71136.000 0 0 0.000 0.000 0.000 0.146 0 1 0 0 0 0
 132 124063.000 83345.000 0 0 0.000 0.000 0.000 0.133 0 1 0 0 0 0
 133 117615.000 123986.000 0 0 0.000 0.000 0.000 0.145 0 1 0 0 0 0
 134 103973.000 129917.000 0 0 0.000 0.000 0.000 0.154 0 1 0 0 0 0
 135 76760.000 119180.000 0 0 0.000 0.000 0.000 0.132 0 1 0 0 0 0
 136 101090.000 130597.000 0 0 0.000 0.000 0.000 200000.000 0 1 0 200 0 0
 137 128040.000 89185.000 0 0 0.000 0.000 0.000 0.141 0 1 0 0 0 0
 138 101137.000 130426.000 0 0 0.000 0.000 0.000 200000.000 0 1 0 200 0 0
 139 69967.000 94645.000 0 0 0.000 0.000 0.000 0.136 0 1 0 0 0 0
 140 130519.000 100027.000 0 0 0.000 0.000 0.000 0.269 0 1 0 0 0 0
 141 87858.000 128484.000 0 0 0.000 0.000 0.000 200000.000 0 1 0 200 0 0
 142 70791.000 90414.000 0 0 0.000 0.000 0.000 200000.000 0 1 0 200 0 0
 143 90997.000 129636.000 0 0 0.000 0.000 0.000 200000.000 0 1 0 200 0 0
 144 68878.000 100877.000 0 0 0.000 0.000 0.000 200000.000 0 1 0 200 0 0
 145 68851.000 100828.000 0 0 0.000 0.000 0.000 200000.000 0 1 0 200 0 0
 146 69514.000 93535.000 0 0 0.000 0.000 0.000 200000.000 0 1 0 200 0 0
 147 69415.000 93459.000 0 0 0.000 0.000 0.000 200000.000 0 1 0 200 0 0
 148 71292.000 112706.000 0 0 0.000 0.000 0.000 0.484 0 1 0 0 0 0
 149 77577.000 122548.000 0 0 0.000 0.000 0.000 200000.000 0 1 0 200 0 0
 150 77648.000 122547.000 0 0 0.000 0.000 0.000 200000.000 0 1 0 200 0 0
 151 68345.000 101042.000 0 0 0.000 0.000 0.000 200000.000 0 1 0 200 0 0
 152 70806.000 90366.000 0 0 0.000 0.000 0.000 200000.000 0 1 0 200 0 0
 153 129022.000 113115.000 0 0 0.000 0.000 0.000 0.149 0 1 0 0 0 0
 154 72064.000 84616.000 0 0 0.000 0.000 0.000 200000.000 0 1 0 200 0 0
 155 72166.000 84734.000 0 0 0.000 0.000 0.000 200000.000 0 1 0 200 0 0
 156 125710.000 81346.000 0 0 0.000 0.000 0.000 0.135 0 1 0 0 0 0
 157 81714.000 73990.000 0 0 0.000 0.000 0.000 200000.000 0 1 0 200 0 0
 158 105972.000 68631.000 0 0 0.000 0.000 0.000 0.138 0 1 0 0 0 0
 159 120837.000 124854.000 0 0 0.000 0.000 0.000 0.131 0 1 0 0 0 0
 160 103836.000 67905.000 0 0 0.000 0.000 0.000 0.136 0 1 0 0 0 0
 161 67936.000 95008.000 0 0 0.000 0.000 0.000 200000.000 0 1 0 200 0 0
 162 67669.000 94442.000 0 0 0.000 0.000 0.000 0.136 0 1 0 0 0 0
 163 100988.000 67483.000 0 0 0.000 0.000 0.000 0.137 0 1 0 0 0 0
 164 132588.000 102220.000 0 0 0.000 0.000 0.000 0.135 0 1 0 0 0 0
 165 110991.000 131119.000 0 0 0.000 0.000 0.000 0.138 0 1 0 0 0 0
 166 78335.000 75368.000 0 0 0.000 0.000 0.000 200000.000 0 1 0 200 0 0
 167 78347.000 75304.000 0 0 0.000 0.000 0.000 200000.000 0 1 0 200 0 0
 168 117962.000 128186.000 0 0 0.000 0.000 0.000 200000.000 0 1 0 200 0 0
 169 67326.000 106297.000 0 0 0.000 0.000 0.000 0.133 0 1 0 0 0 0
 170 117925.000 128034.000 0 0 0.000 0.000 0.000 200000.000 0 1 0 200 0 0
 171 124693.000 77986.000 0 0 0.000 0.000 0.000 0.140 0 1 0 0 0 0
 172 115390.000 70679.000 0 0 0.000 0.000 0.000 0.132 0 1 0 0 0 0
 173 128806.000 117603.000 0 0 0.000 0.000 0.000 0.132 0 1 0 0 0 0
 174 124971.000 122652.000 0 0 0.000 0.000 0.000 200000.000 0 1 0 200 0 0
 175 68684.000 112454.000 0 0 0.000 0.000 0.000 0.173 0 1 0 0 0 0
 176 132328.000 109532.000 0 0 0.000 0.000 0.000 0.131 0 1 0 0 0 0
 177 75028.000 76848.000 0 0 0.000 0.000 0.000 200000.000 0 1 0 200 0 0
 178 92738.000 67120.000 0 0 0.000 0.000 0.000 0.150 0 1 0 0 0 0
 179 82567.000 129452.000 0 0 0.000 0.000 0.000 0.137 0 1 0 0 0 0
 180 75103.000 76990.000 0 0 0.000 0.000 0.000 200000.000 0 1 0 200 0 0
 181 134054.000 99638.000 0 0 0.000 0.000 0.000 0.131 0 1 0 0 0 0
 182 121786.000 126490.000 0 0 0.000 0.000 0.000 200000.000 0 1 0 200 0 0
 183 69717.000 116959.000 0 0 0.000 0.000 0.000 0.136 0 1 0 0 0 0
 184 105949.000 134684.000 0 0 0.000 0.000 0.000 200000.000 0 1 0 200 0 0
 185 92028.000 134264.000 0 0 0.000 0.000 0.000 200000.000 0 1 0 200 0 0
 186 75481.000 125019.000 0 0 0.000 0.000 0.000 0.315 0 1 0 0 0 0
 187 73074.000 123443.000 0 0 0.000 0.000 0.000 200000.000 0 1 0 200 0 0
 188 99681.000 64967.000 0 0 0.000 0.000 0.000 0.134 0 1 0 0 0 0
 189 65442.000 93347.000 0 0 0.000 0.000 0.000 200000.000 0 1 0 200 0 0
 190 104077.000 65140.000 0 0 0.000 0.000 0.000 0.135 0 1 0 0 0 0
 191 100292.000 64725.000 0 0 0.000 0.000 0.000 0.145 0 1 0 0 0 0
 192 73211.000 123393.000 0 0 0.000 0.000 0.000 200000.000 0 1 0 200 0 0
 193 64783.000 94771.000 0 0 0.000 0.000 0.000 0.136 0 1 0 0 0 0
 194 90304.000 133404.000 0 0 0.000 0.000 0.000 200000.000 0 1 0 200 0 0
 195 84074.000 132165.000 0 0 0.000 0.000 0.000 0.135 0 1 0 0 0 0
 196 64895.000 107795.000 0 0 0.000 0.000 0.000 200000.000 0 1 0 200 0 0
 197 83519.000 68441.000 0 0 0.000 0.000 0.000 0.343 0 1 0 0 0 0
 198 66083.000 112558.000 0 0 0.000 0.000 0.000 200000.000 0 1 0 200 0 0
 199 123019.000 72497.000 0 0 0.000 0.000 0.000 0.154 0 1 0 0 0 0
 200 136563.000 100027.000 0 0 0.000 0.000 0.000 200000.000 0 1 0 200 0 0
 201 65924.000 113548.000 0 0 0.000 0.000 0.000 200000.000 0 1 0 200 0 0
 202 136439.000 99975.000 0 0 0.000 0.000 0.000 200000.000 0 1 0 200 0 0
 203 92834.000 136218.000 0 0 0.000 0.000 0.000 200000.000 0 1 0 200 0 0
 204 68266.000 118399.000 0 0 0.000 0.000 0.000 0.135 0 1 0 0 0 0
 205 109811.000 135725.000 0 0 0.000 0.000 0.000 200000.000 0 1 0 200 0 0
 206 70967.000 77619.000 0 0 0.000 0.000 0.000 0.131 0 1 0 0 0 0
 207 109805.000 135903.000 0 0 0.000 0.000 0.000 200000.000 0 1 0 200 0 0
 208 101076.000 137231.000 0 0 0.000 0.000 0.000 200000.000 0 1 0 200 0 0
 209 101026.000 137232.000 0 0 0.000 0.000 0.000 200000.000 0 1 0 200 0 0
 210 63146.000 104517.000 0 0 0.000 0.000 0.000 200000.000 0 1 0 200 0 0
 211 83814.000 67046.000 0 0 0.000 0.000 0.000 0.158 0 1 0 0 0 0
 212 79400.000 69382.000 0 0 0.000 0.000 0.000 200000.000 0 1 0 200 0 0
 213 62616.000 100288.000 0 0 0.000 0.000 0.000 0.131 0 1 0 0 0 0
 214 102137.000 137692.000 0 0 0.000 0.000 0.000 200000.000 0 1 0 200 0 0
 215 131538.000 120265.000 0 0 0.000 0.000 0.000 0.159 0 1 0 0 0 0
 216 102182.000 137579.000 0 0 0.000 0.000 0.000 200000.000 0 1 0 200 0 0
 217 64968.000 113433.000 0 0 0.000 0.000 0.000 200000.000 0 1 0 200 0 0
 218 70530.000 123843.000 0 0 0.000 0.000 0.000 200000.000 0 1 0 200 0 0
 219 66446.000 83605.000 0 0 0.000 0.000 0.000 0.143 0 1 0 0 0 0
 220 134632.000 85752.000 0 0 0.000 0.000 0.000 0.159 0 1 0 0 0 0
 221 70695.000 123777.000 0 0 0.000 0.000 0.000 200000.000 0 1 0 200 0 0
 222 137691.000 100373.000 0 0 0.000 0.000 0.000 0.138 0 1 0 0 0 0
 223 113302.000 64990.000 0 0 0.000 0.000 0.000 0.262 0 1 0 0 0 0
 224 79638.000 68213.000 0 0 0.000 0.000 0.000 200000.000 0 1 0 200 0 0
 225 116775.000 134120.000 0 0 0.000 0.000 0.000 0.146 0 1 0 0 0 0
 226 78535.000 68623.000 0 0 0.000 0.000 0.000 0.131 0 1 0 0 0 0
 227 79594.000 68241.000 0 0 0.000 0.000 0.000 200000.000 0 1 0 200 0 0
 228 104206.000 62200.000 0 0 0.000 0.000 0.000 200000.000 0 1 0 200 0 0
 229 117994.000 133931.000 0 0 0.000 0.000 0.000 200000.000 0 1 0 200 0 0
 230 95089.000 138073.000 0 0 0.000 0.000 0.000 0.430 0 1 0 0 0 0
 231 113049.000 64038.000 0 0 0.000 0.000 0.000 0.131 0 1 0 0 0 0
 232 79752.000 68422.000 0 0 0.000 0.000 0.000 200000.000 0 1 0 200 0 0
 233 91486.000 62046.000 0 0 0.000 0.000 0.000 200000.000 0 1 0 200 0 0
 234 106533.000 137881.000 0 0 0.000 0.000 0.000 200000.000 0 1 0 200 0 0
 235 74412.000 130201.000 0 0 0.000 0.000 0.000 0.228 0 1 0 0 0 0
 236 73409.000 71147.000 0 0 0.000 0.000 0.000 0.135 0 1 0 0 0 0
 237 66912.000 78687.000 0 0 0.000 0.000 0.000 200000.000 0 1 0 200 0 0
 238 88580.000 62455.000 0 0 0.000 0.000 0.000 200000.000 0 1 0 200 0 0
 239 69874.000 74450.000 0 0 0.000 0.000 0.000 200000.000 0 1 0 200 0 0
 240 77600.000 132997.000 0 0 0.000 0.000 0.000 0.135 0 1 0 0 0 0
 241 135598.000 84896.000 0 0 0.000 0.000 0.000 200000.000 0 1 0 200 0 0
 242 138188.000 111010.000 0 0 0.000 0.000 0.000 0.149 0 1 0 0 0 0
 243 74059.000 130628.000 0 0 0.000 0.000 0.000 200000.000 0 1 0 200 0 0
 244 74014.000 130398.000 0 0 0.000 0.000 0.000 200000.000 0 1 0 200 0 0
 245 138502.000 110919.000 0 0 0.000 0.000 0.000 0.137 0 1 0 0 0 0
 246 68827.000 125018.000 0 0 0.000 0.000 0.000 200000.000 0 1 0 200 0 0
 247 138352.000 110991.000 0 0 0.000 0.000 0.000 0.145 0 1 0 0 0 0
 248 101311.000 60235.000 0 0 0.000 0.000 0.000 0.147 0 1 0 0 0 0
 249 125585.000 131445.000 0 0 0.000 0.000 0.000 200000.000 0 1 0 200 0 0
 250 138703.000 110917.000 0 0 0.000 0.000 0.000 0.140 0 1 0 0 0 0
 251 88828.000 138702.000 0 0 0.000 0.000 0.000 0.276 0 1 0 0 0 0
 252 125535.000 131302.000 0 0 0.000 0.000 0.000 200000.000 0 1 0 200 0 0
 253 69907.000 74411.000 0 0 0.000 0.000 0.000 200000.000 0 1 0 200 0 0
 254 123085.000 133511.000 0 0 0.000 0.000 0.000 0.145 0 1 0 0 0 0
 255 82745.000 63133.000 0 0 0.000 0.000 0.000 0.148 0 1 0 0 0 0
 256 140880.000 100782.000 0 0 0.000 0.000 0.000 0.135 0 1 0 0 0 0
 257 129343.000 128859.000 0 0 0.000 0.000 0.000 0.141 0 1 0 0 0 0
 258 109558.000 140355.000 0 0 0.000 0.000 0.000 200000.000 0 1 0 200 0 0
 259 60709.000 113111.000 0 0 0.000 0.000 0.000 200000.000 0 1 0 200 0 0
 260 68707.000 73724.000 0 0 0.000 0.000 0.000 200000.000 0 1 0 200 0 0
 261 125816.000 68198.000 0 0 0.000 0.000 0.000 200000.000 0 1 0 200 0 0
 262 123488.000 134099.000 0 0 0.000 0.000 0.000 200000.000 0 1 0 200 0 0
 263 109594.000 140287.000 0 0 0.000 0.000 0.000 200000.000 0 1 0 200 0 0
 264 115609.000 62038.000 0 0 0.000 0.000 0.000 0.138 0 1 0 0 0 0
 265 63122.000 118919.000 0 0 0.000 0.000 0.000 200000.000 0 1 0 200 0 0
 266 60849.000 113121.000 0 0 0.000 0.000 0.000 200000.000 0 1 0 200 0 0
 267 65028.000 122682.000 0 0 0.000 0.000 0.000 0.135 0 1 0 0 0 0
 268 141448.000 98644.000 0 0 0.000 0.000 0.000 0.141 0 1 0 0 0 0
 269 123439.000 133935.000 0 0 0.000 0.000 0.000 200000.000 0 1 0 200 0 0
 270 76380.000 135001.000 0 0 0.000 0.000 0.000 200000.000 0 1 0 200 0 0
 271 125118.000 133977.000 0 0 0.000 0.000 0.000 0.140 0 1 0 0 0 0
 272 100435.000 142517.000 0 0 0.000 0.000 0.000 200000.000 0 1 0 200 0 0
 273 58462.000 91843.000 0 0 0.000 0.000 0.000 200000.000 0 1 0 200 0 0
 274 82466.000 61756.000 0 0 0.000 0.000 0.000 0.143 0 1 0 0 0 0
 275 136702.000 121577.000 0 0 0.000 0.000 0.000 0.143 0 1 0 0 0 0
 276 134317.000 125632.000 0 0 0.000 0.000 0.000 200000.000 0 1 0 200 0 0
 277 134307.000 125689.000 0 0 0.000 0.000 0.000 200000.000 0 1 0 200 0 0
 278 86470.000 141027.000 0 0 0.000 0.000 0.000 200000.000 0 1 0 200 0 0
 279 86417.000 141024.000 0 0 0.000 0.000 0.000 200000.000 0 1 0 200 0 0
 280 75963.000 135903.000 0 0 0.000 0.000 0.000 200000.000 0 1 0 200 0 0
 281 67931.000 129174.000 0 0 0.000 0.000 0.000 200000.000 0 1 0 200 0 0
 282 66666.000 127192.000 0 0 0.000 0.000 0.000 0.218 0 1 0 0 0 0
 283 108043.000 142597.000 0 0 0.000 0.000 0.000 200000.000 0 1 0 200 0 0
 284 68076.000 129118.000 0 0 0.000 0.000 0.000 200000.000 0 1 0 200 0 0
 285 57347.000 94354.000 0 0 0.000 0.000 0.000 200000.000 0 1 0 200 0 0
 286 69219.000 69779.000 0 0 0.000 0.000 0.000 0.496 0 1 0 0 0 0
 287 119367.000 139088.000 0 0 0.000 0.000 0.000 0.145 0 1 0 0 0 0
 288 57204.000 110017.000 0 0 0.000 0.000 0.000 200000.000 0 1 0 200 0 0
 289 62636.000 77179.000 0 0 0.000 0.000 0.000 200000.000 0 1 0 200 0 0
 290 143219.000 108360.000 0 0 0.000 0.000 0.000 0.149 0 1 0 0 0 0
 291 56080.000 95264.000 0 0 0.000 0.000 0.000 200000.000 0 1 0 200 0 0
 292 56041.000 95208.000 0 0 0.000 0.000 0.000 200000.000 0 1 0 200 0 0
 293 143865.000 94932.000 0 0 0.000 0.000 0.000 200000.000 0 1 0 200 0 0
 294 143896.000 94979.000 0 0 0.000 0.000 0.000 200000.000 0 1 0 200 0 0
 295 88288.000 141698.000 0 0 0.000 0.000 0.000 200000.000 0 1 0 200 0 0
 296 55249.000 99590.000 0 0 0.000 0.000 0.000 200000.000 0 1 0 200 0 0
 297 55384.000 99643.000 0 0 0.000 0.000 0.000 200000.000 0 1 0 200 0 0
 298 63022.000 125560.000 0 0 0.000 0.000 0.000 0.237 0 1 0 0 0 0
 299 132667.000 69669.000 0 0 0.000 0.000 0.000 0.139 0 1 0 0 0 0
 300 56981.000 113152.000 0 0 0.000 0.000 0.000 200000.000 0 1 0 200 0 0
 301 71026.000 135184.000 0 0 0.000 0.000 0.000 200000.000 0 1 0 200 0 0
 302 55309.000 107392.000 0 0 0.000 0.000 0.000 200000.000 0 1 0 200 0 0
 303 127582.000 136289.000 0 0 0.000 0.000 0.000 0.265 0 1 0 0 0 0
 304 127573.000 136377.000 0 0 0.000 0.000 0.000 200000.000 0 1 0 200 0 0
 305 63114.000 127014.000 0 0 0.000 0.000 0.000 200000.000 0 1 0 200 0 0
 306 145152.000 107607.000 0 0 0.000 0.000 0.000 200000.000 0 1 0 200 0 0
 307 68382.000 133524.000 0 0 0.000 0.000 0.000 200000.000 0 1 0 200 0 0
 308 65003.000 129962.000 0 0 0.000 0.000 0.000 200000.000 0 1 0 200 0 0
 309 55134.000 110103.000 0 0 0.000 0.000 0.000 200000.000 0 1 0 200 0 0
 310 56194.000 114582.000 0 0 0.000 0.000 0.000 200000.000 0 1 0 200 0 0
 311 145979.000 98795.000 0 0 0.000 0.000 0.000 0.148 0 1 0 0 0 0
 312 56168.000 114537.000 0 0 0.000 0.000 0.000 200000.000 0 1 0 200 0 0
 313 143518.000 115442.000 0 0 0.000 0.000 0.000 200000.000 0 1 0 200 0 0
 314 142609.000 117655.000 0 0 0.000 0.000 0.000 0.146 0 1 0 0 0 0
 315 85991.000 144097.000 0 0 0.000 0.000 0.000 0.137 0 1 0 0 0 0
 316 87596.000 55661.000 0 0 0.000 0.000 0.000 200000.000 0 1 0 200 0 0
 317 142489.000 82347.000 0 0 0.000 0.000 0.000 200000.000 0 1 0 200 0 0
 318 88602.000 145198.000 0 0 0.000 0.000 0.000 200000.000 0 1 0 200 0 0
 319 85783.000 144749.000 0 0 0.000 0.000 0.000 200000.000 0 1 0 200 0 0
 320 54691.000 111238.000 0 0 0.000 0.000 0.000 0.152 0 1 0 0 0 0
 321 85874.000 144629.000 0 0 0.000 0.000 0.000 200000.000 0 1 0 200 0 0
 322 102365.000 53598.000 0 0 0.000 0.000 0.000 0.138 0 1 0 0 0 0
 323 114351.000 55871.000 0 0 0.000 0.000 0.000 0.139 0 1 0 0 0 0
 324 144324.000 85627.000 0 0 0.000 0.000 0.000 0.154 0 1 0 0 0 0
 325 125293.000 60836.000 0 0 0.000 0.000 0.000 0.133 0 1 0 0 0 0
 326 114286.000 144633.000 0 0 0.000 0.000 0.000 0.294 0 1 0 0 0 0
 327 136201.000 70601.000 0 0 0.000 0.000 0.000 0.136 0 1 0 0 0 0
 328 59579.000 76771.000 0 0 0.000 0.000 0.000 0.406 0 1 0 0 0 0
 329 71856.000 138054.000 0 0 0.000 0.000 0.000 0.149 0 1 0 0 0 0
 330 75096.000 60218.000 0 0 0.000 0.000 0.000 0.132 0 1 0 0 0 0
 331 99063.000 53058.000 0 0 0.000 0.000 0.000 0.138 0 1 0 0 0 0
 332 146610.000 92940.000 0 0 0.000 0.000 0.000 0.140 0 1 0 0 0 0
 333 139965.000 125313.000 0 0 0.000 0.000 0.000 0.145 0 1 0 0 0 0
 334 137625.000 128634.000 0 0 0.000 0.000 0.000 200000.000 0 1 0 200 0 0
 335 95397.000 147189.000 0 0 0.000 0.000 0.000 0.393 0 1 0 0 0 0
 336 123901.000 141294.000 0 0 0.000 0.000 0.000 200000.000 0 1 0 200 0 0
 337 65682.000 133485.000 0 0 0.000 0.000 0.000 200000.000 0 1 0 200 0 0
 338 54907.000 114924.000 0 0 0.000 0.000 0.000 0.132 0 1 0 0 0 0
 339 138139.000 128769.000 0 0 0.000 0.000 0.000 0.139 0 1 0 0 0 0
 340 147619.000 98319.000 0 0 0.000 0.000 0.000 0.131 0 1 0 0 0 0
 341 74215.000 140649.000 0 0 0.000 0.000 0.000 200000.000 0 1 0 200 0 0
 342 141741.000 123504.000 0 0 0.000 0.000 0.000 0.137 0 1 0 0 0 0
 343 65735.000 133505.000 0 0 0.000 0.000 0.000 200000.000 0 1 0 200 0 0
 344 142919.000 78490.000 0 0 0.000 0.000 0.000 200000.000 0 1 0 200 0 0
 345 127871.000 139746.000 0 0 0.000 0.000 0.000 200000.000 0 1 0 200 0 0
 346 117659.000 144987.000 0 0 0.000 0.000 0.000 0.270 0 1 0 0 0 0
 347 127814.000 139578.000 0 0 0.000 0.000 0.000 200000.000 0 1 0 200 0 0
 348 148317.000 99847.000 0 0 0.000 0.000 0.000 0.139 0 1 0 0 0 0
 349 74351.000 140534.000 0 0 0.000 0.000 0.000 200000.000 0 1 0 200 0 0
 350 94476.000 148503.000 0 0 0.000 0.000 0.000 200000.000 0 1 0 200 0 0
 351 148632.000 100786.000 0 0 0.000 0.000 0.000 0.137 0 1 0 0 0 0
 352 108741.000 148346.000 0 0 0.000 0.000 0.000 200000.000 0 1 0 200 0 0
 353 51270.000 105393.000 0 0 0.000 0.000 0.000 200000.000 0 1 0 200 0 0
 354 54712.000 81508.000 0 0 0.000 0.000 0.000 200000.000 0 1 0 200 0 0
 355 63881.000 133264.000 0 0 0.000 0.000 0.000 0.132 0 1 0 0 0 0
 356 145196.000 81177.000 0 0 0.000 0.000 0.000 0.136 0 1 0 0 0 0
 357 112418.000 148050.000 0 0 0.000 0.000 0.000 200000.000 0 1 0 200 0 0
 358 110216.000 148472.000 0 0 0.000 0.000 0.000 0.151 0 1 0 0 0 0
 359 112428.000 147872.000 0 0 0.000 0.000 0.000 200000.000 0 1 0 200 0 0
 360 58295.000 127083.000 0 0 0.000 0.000 0.000 200000.000 0 1 0 200 0 0
 361 58210.000 127073.000 0 0 0.000 0.000 0.000 200000.000 0 1 0 200 0 0
 362 57239.000 125718.000 0 0 0.000 0.000 0.000 200000.000 0 1 0 200 0 0
 363 51024.000 91474.000 0 0 0.000 0.000 0.000 0.145 0 1 0 0 0 0
 364 57162.000 125703.000 0 0 0.000 0.000 0.000 200000.000 0 1 0 200 0 0
 365 138811.000 131537.000 0 0 0.000 0.000 0.000 200000.000 0 1 0 200 0 0
 366 66223.000 136905.000 0 0 0.000 0.000 0.000 200000.000 0 1 0 200 0 0
 367 79734.000 54512.000 0 0 0.000 0.000 0.000 200000.000 0 1 0 200 0 0
 368 131401.000 61347.000 0 0 0.000 0.000 0.000 200000.000 0 1 0 200 0 0
 369 76497.000 144721.000 0 0 0.000 0.000 0.000 200000.000 0 1 0 200 0 0
 370 73038.000 57928.000 0 0 0.000 0.000 0.000 0.135 0 1 0 0 0 0
 371 101078.000 150496.000 0 0 0.000 0.000 0.000 200000.000 0 1 0 200 0 0
 372 101024.000 150497.000 0 0 0.000 0.000 0.000 200000.000 0 1 0 200 0 0
 373 76973.000 144939.000 0 0 0.000 0.000 0.000 0.230 0 1 0 0 0 0
 374 76563.000 144708.000 0 0 0.000 0.000 0.000 200000.000 0 1 0 200 0 0
 375 49653.000 95871.000 0 0 0.000 0.000 0.000 200000.000 0 1 0 200 0 0
 376 102980.000 49883.000 0 0 0.000 0.000 0.000 0.139 0 1 0 0 0 0
 377 147793.000 116606.000 0 0 0.000 0.000 0.000 200000.000 0 1 0 200 0 0
 378 147707.000 116522.000 0 0 0.000 0.000 0.000 200000.000 0 1 0 200 0 0
 379 50722.000 111689.000 0 0 0.000 0.000 0.000 0.144 0 1 0 0 0 0
 380 111215.000 149746.000 0 0 0.000 0.000 0.000 200000.000 0 1 0 200 0 0
 381 108517.000 150285.000 0 0 0.000 0.000 0.000 200000.000 0 1 0 200 0 0
 382 108467.000 150293.000 0 0 0.000 0.000 0.000 200000.000 0 1 0 200 0 0
 383 80377.000 147294.000 0 0 0.000 0.000 0.000 200000.000 0 1 0 200 0 0
 384 148582.000 85997.000 0 0 0.000 0.000 0.000 0.150 0 1 0 0 0 0
 385 73684.000 143446.000 0 0 0.000 0.000 0.000 0.409 0 1 0 0 0 0
 386 80489.000 147159.000 0 0 0.000 0.000 0.000 200000.000 0 1 0 200 0 0
 387 63773.000 64521.000 0 0 0.000 0.000 0.000 200000.000 0 1 0 200 0 0
 388 90706.000 49891.000 0 0 0.000 0.000 0.000 200000.000 0 1 0 200 0 0
 389 141094.000 70028.000 0 0 0.000 0.000 0.000 200000.000 0 1 0 200 0 0
 390 114875.000 149141.000 0 0 0.000 0.000 0.000 200000.000 0 1 0 200 0 0
 391 111143.000 149339.000 0 0 0.000 0.000 0.000 200000.000 0 1 0 200 0 0
 392 74312.000 144591.000 0 0 0.000 0.000 0.000 200000.000 0 1 0 200 0 0
 393 61681.000 134405.000 0 0 0.000 0.000 0.000 0.154 0 1 0 0 0 0
 394 147976.000 119071.000 0 0 0.000 0.000 0.000 200000.000 0 1 0 200 0 0
 395 90675.000 151036.000 0 0 0.000 0.000 0.000 200000.000 0 1 0 200 0 0
 396 75775.000 54544.000 0 0 0.000 0.000 0.000 200000.000 0 1 0 200 0 0
 397 141027.000 70010.000 0 0 0.000 0.000 0.000 200000.000 0 1 0 200 0 0
 398 142566.000 129624.000 0 0 0.000 0.000 0.000 200000.000 0 1 0 200 0 0
 399 105728.000 151626.000 0 0 0.000 0.000 0.000 0.140 0 1 0 0 0 0
 400 103989.000 151772.000 0 0 0.000 0.000 0.000 200000.000 0 1 0 200 0 0
 401 103943.000 151883.000 0 0 0.000 0.000 0.000 200000.000 0 1 0 200 0 0
 402 90724.000 151045.000 0 0 0.000 0.000 0.000 200000.000 0 1 0 200 0 0
 403 50980.000 117239.000 0 0 0.000 0.000 0.000 200000.000 0 1 0 200 0 0
 404 77676.000 147137.000 0 0 0.000 0.000 0.000 200000.000 0 1 0 200 0 0
 405 72362.000 56120.000 0 0 0.000 0.000 0.000 0.200 0 1 0 0 0 0
 406 114228.000 50010.000 0 0 0.000 0.000 0.000 200000.000 0 1 0 200 0 0
 407 122161.000 147454.000 0 0 0.000 0.000 0.000 0.131 0 1 0 0 0 0
 408 58457.000 69910.000 0 0 0.000 0.000 0.000 200000.000 0 1 0 200 0 0
 409 142468.000 129492.000 0 0 0.000 0.000 0.000 200000.000 0 1 0 200 0 0
 410 151929.000 106398.000 0 0 0.000 0.000 0.000 0.134 0 1 0 0 0 0
 411 125406.000 146305.000 0 0 0.000 0.000 0.000 200000.000 0 1 0 200 0 0
 412 67973.000 142092.000 0 0 0.000 0.000 0.000 200000.000 0 1 0 200 0 0
 413 62321.000 63132.000 0 0 0.000 0.000 0.000 200000.000 0 1 0 200 0 0
 414 62335.000 63073.000 0 0 0.000 0.000 0.000 200000.000 0 1 0 200 0 0
 415 131411.000 142628.000 0 0 0.000 0.000 0.000 0.470 0 1 0 0 0 0
 416 113127.000 151729.000 0 0 36.000 54.000 1944.000 44.090 0 1 72 210 0 0
 417 68454.000 57564.000 0 0 0.000 0.000 0.000 200000.000 0 1 0 200 0 0
 418 68489.000 57521.000 0 0 0.000 0.000 0.000 200000.000 0 1 0 200 0 0
 419 75776.000 53011.000 0 0 0.000 0.000 0.000 200000.000 0 1 0 200 0 0
 420 138532.000 136519.000 0 0 0.000 0.000 0.000 200000.000 0 1 0 200 0 0
 421 99036.000 153222.000 0 0 0.000 0.000 0.000 200000.000 0 1 0 200 0 0
 422 113137.000 151552.000 0 0 36.000 54.000 1944.000 44.090 0 1 72 210 0 0
 423 99087.000 153214.000 0 0 0.000 0.000 0.000 200000.000 0 1 0 200 0 0
 424 55290.000 128852.000 0 0 0.000 0.000 0.000 200000.000 0 1 0 200 0 0
 425 147186.000 124481.000 0 0 0.000 0.000 0.000 200000.000 0 1 0 200 0 0
 426 48093.000 112854.000 0 0 0.000 0.000 0.000 200000.000 0 1 0 200 0 0
 427 67928.000 142059.000 0 0 0.000 0.000 0.000 200000.000 0 1 0 200 0 0
 428 151114.000 115313.000 0 0 0.000 0.000 0.000 0.149 0 1 0 0 0 0
 429 56272.000 131077.000 0 0 0.000 0.000 0.000 0.133 0 1 0 0 0 0
 430 46325.000 97114.000 0 0 0.000 0.000 0.000 200000.000 0 1 0 200 0 0
 431 61699.000 63007.000 0 0 0.000 0.000 0.000 0.131 0 1 0 0 0 0
 432 113046.000 150930.000 0 0 36.000 54.000 1944.000 44.090 0 1 72 210 0 0
 433 48901.000 85841.000 0 0 0.000 0.000 0.000 200000.000 0 1 0 200 0 0
 434 63134.000 139557.000 0 0 0.000 0.000 0.000 200000.000 0 1 0 200 0 0
 435 47197.000 92100.000 0 0 0.000 0.000 0.000 200000.000 0 1 0 200 0 0
 436 88605.000 153076.000 0 0 0.000 0.000 0.000 200000.000 0 1 0 200 0 0
 437 140597.000 136121.000 0 0 0.000 0.000 0.000 0.133 0 1 0 0 0 0
 438 46492.000 97175.000 0 0 0.000 0.000 0.000 200000.000 0 1 0 200 0 0
 439 95671.000 46004.000 0 0 0.000 0.000 0.000 200000.000 0 1 0 200 0 0
 440 95721.000 45982.000 0 0 0.000 0.000 0.000 200000.000 0 1 0 200 0 0
 441 132320.000 56614.000 0 0 0.000 0.000 0.000 0.256 0 1 0 0 0 0
 442 45495.000 103020.000 0 0 0.000 0.000 0.000 0.147 0 1 0 0 0 0
 443 48668.000 81916.000 0 0 0.000 0.000 0.000 0.269 0 1 0 0 0 0
 444 152707.000 86079.000 0 0 0.000 0.000 0.000 200000.000 0 1 0 200 0 0
 445 125488.000 148773.000 0 0 0.000 0.000 0.000 200000.000 0 1 0 200 0 0
 446 49421.000 79177.000 0 0 0.000 0.000 0.000 200000.000 0 1 0 200 0 0
 447 131769.000 143685.000 0 0 0.000 0.000 0.000 200000.000 0 1 0 200 0 0
 448 125479.000 148643.000 0 0 0.000 0.000 0.000 200000.000 0 1 0 200 0 0
 449 100239.000 154987.000 0 0 0.000 0.000 0.000 0.221 0 1 0 0 0 0
 450 97475.000 154969.000 0 0 0.000 0.000 0.000 0.202 0 1 0 0 0 0
 451 51517.000 74621.000 0 0 0.000 0.000 0.000 200000.000 0 1 0 200 0 0
 452 153668.000 88862.000 0 0 0.000 0.000 0.000 0.134 0 1 0 0 0 0
 453 127681.000 52806.000 0 0 0.000 0.000 0.000 200000.000 0 1 0 200 0 0
 454 134690.000 57667.000 0 0 0.000 0.000 0.000 200000.000 0 1 0 200 0 0
 455 89401.000 47142.000 0 0 0.000 0.000 0.000 200000.000 0 1 0 200 0 0
 456 74161.000 149062.000 0 0 0.000 0.000 0.000 200000.000 0 1 0 200 0 0
 457 152642.000 84014.000 0 0 0.000 0.000 0.000 200000.000 0 1 0 200 0 0
 458 74267.000 148969.000 0 0 0.000 0.000 0.000 200000.000 0 1 0 200 0 0
 459 142930.000 65182.000 0 0 0.000 0.000 0.000 200000.000 0 1 0 200 0 0
 460 137776.000 140397.000 0 0 0.000 0.000 0.000 0.274 0 1 0 0 0 0
 461 47476.000 82941.000 0 0 0.000 0.000 0.000 200000.000 0 1 0 200 0 0
 462 142809.000 65211.000 0 0 0.000 0.000 0.000 200000.000 0 1 0 200 0 0
 463 132319.000 145473.000 0 0 0.000 0.000 0.000 0.149 0 1 0 0 0 0
 464 152516.000 83998.000 0 0 0.000 0.000 0.000 200000.000 0 1 0 200 0 0
 465 101207.000 155069.000 0 0 0.000 0.000 0.000 200000.000 0 1 0 200 0 0
 466 63798.000 142587.000 0 0 0.000 0.000 0.000 200000.000 0 1 0 200 0 0
 467 63726.000 142594.000 0 0 0.000 0.000 0.000 200000.000 0 1 0 200 0 0
 468 75465.000 50125.000 0 0 0.000 0.000 0.000 200000.000 0 1 0 200 0 0
 469 152757.000 118375.000 0 0 0.000 0.000 0.000 200000.000 0 1 0 200 0 0
 470 49871.000 75649.000 0 0 0.000 0.000 0.000 0.152 0 1 0 0 0 0
 471 83001.000 152361.000 0 0 0.000 0.000 0.000 200000.000 0 1 0 200 0 0
 472 80477.000 152560.000 0 0 0.000 0.000 0.000 0.204 0 1 0 0 0 0
 473 112555.000 45801.000 0 0 0.000 0.000 0.000 0.134 0 1 0 0 0 0
 474 72814.000 148864.000 0 0 0.000 0.000 0.000 0.392 0 1 0 0 0 0
 475 44252.000 103094.000 0 0 0.000 0.000 0.000 0.278 0 1 0 0 0 0
 476 62078.000 59068.000 0 0 0.000 0.000 0.000 200000.000 0 1 0 200 0 0
 477 67548.000 145925.000 0 0 0.000 0.000 0.000 0.150 0 1 0 0 0 0
 478 62060.000 59126.000 0 0 0.000 0.000 0.000 200000.000 0 1 0 200 0 0
 479 88726.000 154333.000 0 0 0.000 0.000 0.000 200000.000 0 1 0 200 0 0
 480 138228.000 141610.000 0 0 0.000 0.000 0.000 200000.000 0 1 0 200 0 0
 481 147136.000 130909.000 0 0 0.000 0.000 0.000 0.136 0 1 0 0 0 0
 482 75427.000 50165.000 0 0 0.000 0.000 0.000 200000.000 0 1 0 200 0 0
 483 43696.000 99994.000 0 0 0.000 0.000 0.000 0.445 0 1 0 0 0 0
 484 156246.000 103904.000 0 0 0.000 0.000 0.000 0.133 0 1 0 0 0 0
 485 155262.000 112567.000 0 0 0.000 0.000 0.000 0.136 0 1 0 0 0 0
 486 101259.000 156754.000 0 0 0.000 0.000 0.000 0.131 0 1 0 0 0 0
 487 43526.000 94427.000 0 0 0.000 0.000 0.000 0.133 0 1 0 0 0 0
 488 126865.000 150351.000 0 0 0.000 0.000 0.000 200000.000 0 1 0 200 0 0
 489 127957.000 50680.000 0 0 0.000 0.000 0.000 0.151 0 1 0 0 0 0
 490 150473.000 74222.000 0 0 0.000 0.000 0.000 200000.000 0 1 0 200 0 0
 491 153622.000 84379.000 0 0 0.000 0.000 0.000 200000.000 0 1 0 200 0 0
 492 93079.000 156855.000 0 0 0.000 0.000 0.000 200000.000 0 1 0 200 0 0
 493 47262.000 121818.000 0 0 0.000 0.000 0.000 200000.000 0 1 0 200 0 0
 494 93022.000 156891.000 0 0 0.000 0.000 0.000 200000.000 0 1 0 200 0 0
 495 43581.000 109416.000 0 0 0.000 0.000 0.000 200000.000 0 1 0 200 0 0
 496 155781.000 112635.000 0 0 0.000 0.000 0.000 200000.000 0 1 0 200 0 0
 497 155770.000 112685.000 0 0 0.000 0.000 0.000 200000.000 0 1 0 200 0 0
 498 42689.000 101867.000 0 0 0.000 0.000 0.000 200000.000 0 1 0 200 0 0
 499 45248.000 83502.000 0 0 0.000 0.000 0.000 0.378 0 1 0 0 0 0
 500 42796.000 94346.000 0 0 0.000 0.000 0.000 200000.000 0 1 0 200 0 0
 501 61908.000 57351.000 0 0 0.000 0.000 0.000 0.285 0 1 0 0 0 0
 502 135222.000 145721.000 0 0 0.000 0.000 0.000 200000.000 0 1 0 200 0 0
 503 108615.000 156837.000 0 0 0.000 0.000 0.000 0.228 0 1 0 0 0 0
 504 42824.000 92172.000 0 0 0.000 0.000 0.000 200000.000 0 1 0 200 0 0
 505 63826.000 55103.000 0 0 0.000 0.000 0.000 200000.000 0 1 0 200 0 0
 506 42918.000 94411.000 0 0 0.000 0.000 0.000 200000.000 0 1 0 200 0 0
 507 48270.000 73345.000 0 0 0.000 0.000 0.000 200000.000 0 1 0 200 0 0
 508 48247.000 73270.000 0 0 0.000 0.000 0.000 200000.000 0 1 0 200 0 0
 509 136969.000 145269.000 0 0 0.000 0.000 0.000 0.214 0 1 0 0 0 0
 510 67886.000 148991.000 0 0 0.000 0.000 0.000 0.142 0 1 0 0 0 0
 511 41139.000 100889.000 0 0 0.000 0.000 0.000 200000.000 0 1 0 200 0 0
 512 156582.000 115286.000 0 0 0.000 0.000 0.000 200000.000 0 1 0 200 0 0
 513 106361.000 158402.000 0 0 0.000 0.000 0.000 0.341 0 1 0 0 0 0
 514 83727.000 156647.000 0 0 0.000 0.000 0.000 0.482 0 1 0 0 0 0
 515 81859.000 156344.000 0 0 0.000 0.000 0.000 200000.000 0 1 0 200 0 0
 516 155959.000 119113.000 0 0 0.000 0.000 0.000 0.130 0 1 0 0 0 0
 517 61323.000 145237.000 0 0 0.000 0.000 0.000 200000.000 0 1 0 200 0 0
 518 81162.000 156361.000 0 0 0.000 0.000 0.000 0.339 0 1 0 0 0 0
 519 61448.000 145169.000 0 0 0.000 0.000 0.000 200000.000 0 1 0 200 0 0
 520 75207.000 154311.000 0 0 0.000 0.000 0.000 200000.000 0 1 0 200 0 0
 521 75157.000 154288.000 0 0 0.000 0.000 0.000 200000.000 0 1 0 200 0 0
 522 67545.000 150306.000 0 0 0.000 0.000 0.000 200000.000 0 1 0 200 0 0
 523 90261.000 158909.000 0 0 0.000 0.000 0.000 0.219 0 1 0 0 0 0
 524 55724.000 60458.000 0 0 0.000 0.000 0.000 0.134 0 1 0 0 0 0
 525 78088.000 155560.000 0 0 0.000 0.000 0.000 200000.000 0 1 0 200 0 0
 526 67425.000 50197.000 0 0 0.000 0.000 0.000 200000.000 0 1 0 200 0 0
 527 79647.000 44299.000 0 0 0.000 0.000 0.000 0.141 0 1 0 0 0 0
 528 147286.000 136510.000 0 0 0.000 0.000 0.000 0.229 0 1 0 0 0 0
 529 110108.000 158336.000 0 0 0.000 0.000 0.000 200000.000 0 1 0 200 0 0
 530 148410.000 65125.000 0 0 0.000 0.000 0.000 0.139 0 1 0 0 0 0
 531 158435.000 113232.000 0 0 0.000 0.000 0.000 200000.000 0 1 0 200 0 0
 532 64000.000 147401.000 0 0 0.000 0.000 0.000 200000.000 0 1 0 200 0 0
 533 100756.000 160362.000 0 0 0.000 0.000 0.000 200000.000 0 1 0 200 0 0
 534 44943.000 78000.000 0 0 0.000 0.000 0.000 200000.000 0 1 0 200 0 0
 535 89692.000 158539.000 0 0 0.000 0.000 0.000 200000.000 0 1 0 200 0 0
 536 67768.000 149973.000 0 0 0.000 0.000 0.000 200000.000 0 1 0 200 0 0
 537 41029.000 113247.000 0 0 0.000 0.000 0.000 200000.000 0 1 0 200 0 0
 538 68237.000 151429.000 0 0 0.000 0.000 0.000 0.148 0 1 0 0 0 0
 539 41198.000 113266.000 0 0 0.000 0.000 0.000 200000.000 0 1 0 200 0 0
 540 158446.000 114923.000 0 0 0.000 0.000 0.000 200000.000 0 1 0 200 0 0
 541 150692.000 133064.000 0 0 0.000 0.000 0.000 200000.000 0 1 0 200 0 0
 542 157388.000 81269.000 0 0 0.000 0.000 0.000 0.132 0 1 0 0 0 0
 543 100111.000 160722.000 0 0 0.000 0.000 0.000 0.246 0 1 0 0 0 0
 544 53210.000 138649.000 0 0 0.000 0.000 0.000 200000.000 0 1 0 200 0 0
 545 45288.000 126962.000 0 0 0.000 0.000 0.000 200000.000 0 1 0 200 0 0
 546 63790.000 51482.000 0 0 0.000 0.000 0.000 200000.000 0 1 0 200 0 0
 547 62088.000 52687.000 0 0 0.000 0.000 0.000 0.141 0 1 0 0 0 0
 548 45464.000 126935.000 0 0 0.000 0.000 0.000 200000.000 0 1 0 200 0 0
 549 82749.000 41997.000 0 0 0.000 0.000 0.000 0.155 0 1 0 0 0 0
 550 39191.000 103633.000 0 0 0.000 0.000 0.000 200000.000 0 1 0 200 0 0
 551 142278.000 143979.000 0 0 0.000 0.000 0.000 0.220 0 1 0 0 0 0
 552 142726.000 56921.000 0 0 0.000 0.000 0.000 0.132 0 1 0 0 0 0
 553 87358.000 159947.000 0 0 0.000 0.000 0.000 0.143 0 1 0 0 0 0
 554 139691.000 146765.000 0 0 0.000 0.000 0.000 0.228 0 1 0 0 0 0
 555 41749.000 81748.000 0 0 0.000 0.000 0.000 0.136 0 1 0 0 0 0
 556 86743.000 160128.000 0 0 0.000 0.000 0.000 200000.000 0 1 0 200 0 0
 557 51509.000 135801.000 0 0 0.000 0.000 0.000 200000.000 0 1 0 200 0 0
 558 53176.000 138610.000 0 0 0.000 0.000 0.000 200000.000 0 1 0 200 0 0
 559 136190.000 149768.000 0 0 0.000 0.000 0.000 0.134 0 1 0 0 0 0
 560 45218.000 127943.000 0 0 0.000 0.000 0.000 0.213 0 1 0 0 0 0
 561 42988.000 76939.000 0 0 0.000 0.000 0.000 200000.000 0 1 0 200 0 0
 562 102371.000 161850.000 0 0 0.000 0.000 0.000 200000.000 0 1 0 200 0 0
 563 81912.000 159193.000 0 0 0.000 0.000 0.000 200000.000 0 1 0 200 0 0
 564 38492.000 94701.000 0 0 0.000 0.000 0.000 200000.000 0 1 0 200 0 0
 565 47199.000 68529.000 0 0 0.000 0.000 0.000 0.382 0 1 0 0 0 0
 566 160721.000 111358.000 0 0 0.000 0.000 0.000 200000.000 0 1 0 200 0 0
 567 63778.000 150163.000 0 0 0.000 0.000 0.000 200000.000 0 1 0 200 0 0
 568 145849.000 141624.000 0 0 0.000 0.000 0.000 0.149 0 1 0 0 0 0
 569 57913.000 145614.000 0 0 0.000 0.000 0.000 200000.000 0 1 0 200 0 0
 570 141926.000 145968.000 0 0 0.000 0.000 0.000 0.130 0 1 0 0 0 0
 571 83427.000 160058.000 0 0 0.000 0.000 0.000 0.136 0 1 0 0 0 0
 572 37946.000 95104.000 0 0 0.000 0.000 0.000 200000.000 0 1 0 200 0 0
 573 80595.000 159332.000 0 0 0.000 0.000 0.000 200000.000 0 1 0 200 0 0
 574 38271.000 108366.000 0 0 0.000 0.000 0.000 200000.000 0 1 0 200 0 0
 575 89647.000 38893.000 0 0 0.000 0.000 0.000 0.132 0 1 0 0 0 0
 576 38129.000 90664.000 0 0 0.000 0.000 0.000 200000.000 0 1 0 200 0 0
 577 54752.000 56972.000 0 0 0.000 0.000 0.000 200000.000 0 1 0 200 0 0
 578 162407.000 101951.000 0 0 0.000 0.000 0.000 0.294 0 1 0 0 0 0
 579 119403.000 159812.000 0 0 0.000 0.000 0.000 200000.000 0 1 0 200 0 0
 580 37416.000 93490.000 0 0 0.000 0.000 0.000 200000.000 0 1 0 200 0 0
 581 39556.000 118372.000 0 0 0.000 0.000 0.000 200000.000 0 1 0 200 0 0
 582 37482.000 107272.000 0 0 0.000 0.000 0.000 0.136 0 1 0 0 0 0
 583 161111.000 115211.000 0 0 0.000 0.000 0.000 200000.000 0 1 0 200 0 0
 584 161102.000 115265.000 0 0 0.000 0.000 0.000 200000.000 0 1 0 200 0 0
 585 49406.000 137644.000 0 0 0.000 0.000 0.000 200000.000 0 1 0 200 0 0
 586 43073.000 72583.000 0 0 0.000 0.000 0.000 200000.000 0 1 0 200 0 0
 587 154046.000 132825.000 0 0 0.000 0.000 0.000 200000.000 0 1 0 200 0 0
 588 62111.000 151085.000 0 0 0.000 0.000 0.000 200000.000 0 1 0 200 0 0
 589 148370.000 59527.000 0 0 0.000 0.000 0.000 0.142 0 1 0 0 0 0
 590 39391.000 118998.000 0 0 0.000 0.000 0.000 200000.000 0 1 0 200 0 0
 591 43174.000 72693.000 0 0 0.000 0.000 0.000 200000.000 0 1 0 200 0 0
 592 90498.000 162864.000 0 0 0.000 0.000 0.000 200000.000 0 1 0 200 0 0
 593 87485.000 162281.000 0 0 0.000 0.000 0.000 0.212 0 1 0 0 0 0
 594 62221.000 151029.000 0 0 0.000 0.000 0.000 200000.000 0 1 0 200 0 0
 595 149959.000 139641.000 0 0 0.000 0.000 0.000 200000.000 0 1 0 200 0 0
 596 52215.000 142203.000 0 0 0.000 0.000 0.000 200000.000 0 1 0 200 0 0
 597 36316.000 103977.000 0 0 0.000 0.000 0.000 200000.000 0 1 0 200 0 0
 598 149895.000 139522.000 0 0 0.000 0.000 0.000 200000.000 0 1 0 200 0 0
 599 62873.000 152062.000 0 0 0.000 0.000 0.000 200000.000 0 1 0 200 0 0
 600 37530.000 93557.000 0 0 0.000 0.000 0.000 200000.000 0 1 0 200 0 0
 601 153393.000 134952.000 0 0 0.000 0.000 0.000 0.437 0 1 0 0 0 0
 602 130607.000 44466.000 0 0 0.000 0.000 0.000 0.130 0 1 0 0 0 0
 603 39568.000 118997.000 0 0 0.000 0.000 0.000 200000.000 0 1 0 200 0 0
 604 37117.000 112821.000 0 0 0.000 0.000 0.000 200000.000 0 1 0 200 0 0
 605 35905.000 102079.000 0 0 0.000 0.000 0.000 200000.000 0 1 0 200 0 0
 606 35890.000 102027.000 0 0 0.000 0.000 0.000 200000.000 0 1 0 200 0 0
 607 68617.000 44446.000 0 0 0.000 0.000 0.000 0.227 0 1 0 0 0 0
 608 116594.000 38176.000 0 0 0.000 0.000 0.000 0.143 0 1 0 0 0 0
 609 119343.000 39083.000 0 0 0.000 0.000 0.000 0.141 0 1 0 0 0 0
 610 37091.000 107329.000 0 0 0.000 0.000 0.000 200000.000 0 1 0 200 0 0
 611 69912.000 157200.000 0 0 0.000 0.000 0.000 200000.000 0 1 0 200 0 0
 612 36043.000 108366.000 0 0 0.000 0.000 0.000 200000.000 0 1 0 200 0 0
 613 151255.000 61472.000 0 0 0.000 0.000 0.000 200000.000 0 1 0 200 0 0
 614 52340.000 142161.000 0 0 0.000 0.000 0.000 200000.000 0 1 0 200 0 0
 615 36455.000 104024.000 0 0 0.000 0.000 0.000 200000.000 0 1 0 200 0 0
 616 121441.000 161274.000 0 0 0.000 0.000 0.000 200000.000 0 1 0 200 0 0
 617 121391.000 161291.000 0 0 0.000 0.000 0.000 200000.000 0 1 0 200 0 0
 618 57686.000 149003.000 0 0 0.000 0.000 0.000 0.326 0 1 0 0 0 0
 619 102034.000 35664.000 0 0 0.000 0.000 0.000 0.499 0 1 0 0 0 0
 620 154550.000 135237.000 0 0 0.000 0.000 0.000 200000.000 0 1 0 200 0 0
 621 89549.000 164467.000 0 0 0.000 0.000 0.000 200000.000 0 1 0 200 0 0
 622 154570.000 135186.000 0 0 0.000 0.000 0.000 200000.000 0 1 0 200 0 0
 623 89625.000 164334.000 0 0 0.000 0.000 0.000 200000.000 0 1 0 200 0 0
 624 35130.000 107905.000 0 0 0.000 0.000 0.000 200000.000 0 1 0 200 0 0
 625 129649.000 42068.000 0 0 0.000 0.000 0.000 200000.000 0 1 0 200 0 0
 626 147946.000 144454.000 0 0 0.000 0.000 0.000 0.215 0 1 0 0 0 0
 627 81877.000 163278.000 0 0 0.000 0.000 0.000 200000.000 0 1 0 200 0 0
 628 66994.000 156498.000 0 0 0.000 0.000 0.000 0.204 0 1 0 0 0 0
 629 35159.000 107958.000 0 0 0.000 0.000 0.000 200000.000 0 1 0 200 0 0
 630 150231.000 142276.000 0 0 0.000 0.000 0.000 200000.000 0 1 0 200 0 0
 631 130949.000 157913.000 0 0 0.000 0.000 0.000 0.235 0 1 0 0 0 0
 632 97995.000 165952.000 0 0 0.000 0.000 0.000 200000.000 0 1 0 200 0 0
 633 81969.000 163135.000 0 0 0.000 0.000 0.000 200000.000 0 1 0 200 0 0
 634 43994.000 134226.000 0 0 0.000 0.000 0.000 0.251 0 1 0 0 0 0
 635 98054.000 165787.000 0 0 0.000 0.000 0.000 200000.000 0 1 0 200 0 0
 636 92849.000 165435.000 0 0 0.000 0.000 0.000 0.236 0 1 0 0 0 0
 637 66636.000 157129.000 0 0 0.000 0.000 0.000 200000.000 0 1 0 200 0 0
 638 37126.000 81285.000 0 0 0.000 0.000 0.000 200000.000 0 1 0 200 0 0
 639 65569.000 43932.000 0 0 0.000 0.000 0.000 200000.000 0 1 0 200 0 0
 640 160824.000 125394.000 0 0 0.000 0.000 0.000 200000.000 0 1 0 200 0 0
 641 160717.000 125653.000 0 0 0.000 0.000 0.000 200000.000 0 1 0 200 0 0
 642 160721.000 125594.000 0 0 0.000 0.000 0.000 200000.000 0 1 0 200 0 0
 643 64523.000 155942.000 0 0 0.000 0.000 0.000 0.146 0 1 0 0 0 0
 644 42481.000 67512.000 0 0 0.000 0.000 0.000 200000.000 0 1 0 200 0 0
 645 51037.000 55912.000 0 0 0.000 0.000 0.000 0.266 0 1 0 0 0 0
 646 165725.000 105779.000 0 0 0.000 0.000 0.000 0.130 0 1 0 0 0 0
 647 116658.000 36224.000 0 0 0.000 0.000 0.000 200000.000 0 1 0 200 0 0
 648 141226.000 48741.000 0 0 0.000 0.000 0.000 200000.000 0 1 0 200 0 0
 649 150254.000 142225.000 0 0 0.000 0.000 0.000 200000.000 0 1 0 200 0 0
 650 111876.000 165400.000 0 0 0.000 0.000 0.000 200000.000 0 1 0 200 0 0
 651 111905.000 165256.000 0 0 0.000 0.000 0.000 200000.000 0 1 0 200 0 0
 652 70652.000 159627.000 0 0 0.000 0.000 0.000 200000.000 0 1 0 200 0 0
 653 124443.000 38657.000 0 0 0.000 0.000 0.000 0.132 0 1 0 0 0 0
 654 65614.000 44103.000 0 0 0.000 0.000 0.000 200000.000 0 1 0 200 0 0
 655 117139.000 164562.000 0 0 0.000 0.000 0.000 200000.000 0 1 0 200 0 0
 656 117087.000 164576.000 0 0 0.000 0.000 0.000 200000.000 0 1 0 200 0 0
 657 34894.000 86556.000 0 0 0.000 0.000 0.000 200000.000 0 1 0 200 0 0
 658 165896.000 90461.000 0 0 0.000 0.000 0.000 0.138 0 1 0 0 0 0
 659 121276.000 162771.000 0 0 0.000 0.000 0.000 200000.000 0 1 0 200 0 0
 660 142059.000 152231.000 0 0 0.000 0.000 0.000 200000.000 0 1 0 200 0 0
 661 108514.000 166490.000 0 0 0.000 0.000 0.000 0.492 0 1 0 0 0 0
 662 104046.000 166871.000 0 0 0.000 0.000 0.000 200000.000 0 1 0 200 0 0
 663 85906.000 165821.000 0 0 0.000 0.000 0.000 0.136 0 1 0 0 0 0
 664 41889.000 133939.000 0 0 0.000 0.000 0.000 200000.000 0 1 0 200 0 0
 665 37679.000 75103.000 0 0 0.000 0.000 0.000 200000.000 0 1 0 200 0 0
 666 128909.000 39721.000 0 0 0.000 0.000 0.000 0.150 0 1 0 0 0 0
 667 88475.000 166485.000 0 0 0.000 0.000 0.000 0.143 0 1 0 0 0 0
 668 58766.000 153238.000 0 0 0.000 0.000 0.000 0.297 0 1 0 0 0 0
 669 72273.000 38855.000 0 0 0.000 0.000 0.000 200000.000 0 1 0 200 0 0
 670 100778.000 33085.000 0 0 0.000 0.000 0.000 0.295 0 1 0 0 0 0
 671 123522.000 163399.000 0 0 0.000 0.000 0.000 0.138 0 1 0 0 0 0
 672 166942.000 108511.000 0 0 0.000 0.000 0.000 0.133 0 1 0 0 0 0
 673 38180.000 127393.000 0 0 0.000 0.000 0.000 200000.000 0 1 0 200 0 0
 674 32525.000 97400.000 0 0 0.000 0.000 0.000 200000.000 0 1 0 200 0 0
 675 33004.000 91706.000 0 0 0.000 0.000 0.000 200000.000 0 1 0 200 0 0
 676 47811.000 142251.000 0 0 0.000 0.000 0.000 200000.000 0 1 0 200 0 0
 677 100347.000 167846.000 0 0 24.000 51.000 1224.000 34.985 0 1 75 210 0 0
 678 75932.000 163263.000 0 0 0.000 0.000 0.000 0.293 0 1 0 0 0 0
 679 43824.000 137680.000 0 0 0.000 0.000 0.000 200000.000 0 1 0 200 0 0
 680 39926.000 131319.000 0 0 0.000 0.000 0.000 200000.000 0 1 0 200 0 0
 681 32509.000 97455.000 0 0 0.000 0.000 0.000 200000.000 0 1 0 200 0 0
 682 45344.000 60277.000 0 0 0.000 0.000 0.000 200000.000 0 1 0 200 0 0
 683 100637.000 168015.000 0 0 24.000 50.000 1200.000 34.641 0 1 75 210 0 0
 684 100399.000 167845.000 0 0 24.000 51.000 1224.000 34.985 0 1 75 210 0 0
 685 77555.000 164036.000 0 0 0.000 0.000 0.000 0.205 0 1 0 0 0 0
 686 75562.000 163250.000 0 0 0.000 0.000 0.000 0.487 0 1 0 0 0 0
 687 167631.000 104429.000 0 0 0.000 0.000 0.000 0.291 0 1 0 0 0 0
 688 149636.000 146502.000 0 0 0.000 0.000 0.000 200000.000 0 1 0 200 0 0
 689 123761.000 164048.000 0 0 0.000 0.000 0.000 200000.000 0 1 0 200 0 0
 690 35947.000 122822.000 0 0 0.000 0.000 0.000 0.484 0 1 0 0 0 0
 691 58939.000 45983.000 0 0 0.000 0.000 0.000 200000.000 0 1 0 200 0 0
 692 105579.000 168094.000 0 0 0.000 0.000 0.000 0.134 0 1 0 0 0 0
 693 123755.000 163875.000 0 0 0.000 0.000 0.000 200000.000 0 1 0 200 0 0
 694 80922.000 165470.000 0 0 0.000 0.000 0.000 0.237 0 1 0 0 0 0
 695 160132.000 132432.000 0 0 0.000 0.000 0.000 200000.000 0 1 0 200 0 0
 696 104667.000 168193.000 0 0 0.000 0.000 0.000 200000.000 0 1 0 200 0 0
 697 101303.000 168514.000 0 0 24.000 50.000 1200.000 34.641 0 1 75 210 0 0
 698 71222.000 162209.000 0 0 0.000 0.000 0.000 200000.000 0 1 0 200 0 0
 699 37903.000 71736.000 0 0 0.000 0.000 0.000 200000.000 0 1 0 200 0 0
 700 43792.000 137636.000 0 0 0.000 0.000 0.000 200000.000 0 1 0 200 0 0
 701 37870.000 71659.000 0 0 0.000 0.000 0.000 200000.000 0 1 0 200 0 0
 702 38224.000 127434.000 0 0 0.000 0.000 0.000 200000.000 0 1 0 200 0 0
 703 100692.000 167958.000 0 0 24.000 50.000 1200.000 34.641 0 1 75 210 0 0
 704 101356.000 168529.000 0 0 24.000 50.000 1200.000 34.641 0 1 75 210 0 0
 705 168409.000 105909.000 0 0 0.000 0.000 0.000 0.136 0 1 0 0 0 0
 706 84486.000 167035.000 0 0 0.000 0.000 0.000 0.233 0 1 0 0 0 0
 707 55271.000 152167.000 0 0 0.000 0.000 0.000 0.208 0 1 0 0 0 0
 708 129614.000 38071.000 0 0 0.000 0.000 0.000 200000.000 0 1 0 200 0 0
 709 58452.000 153881.000 0 0 0.000 0.000 0.000 200000.000 0 1 0 200 0 0
 710 39712.000 133739.000 0 0 0.000 0.000 0.000 0.137 0 1 0 0 0 0
 711 83616.000 167080.000 0 0 0.000 0.000 0.000 200000.000 0 1 0 200 0 0
 712 39318.000 133002.000 0 0 0.000 0.000 0.000 0.132 0 1 0 0 0 0
 713 84396.000 167454.000 0 0 0.000 0.000 0.000 0.131 0 1 0 0 0 0
 714 31269.000 107928.000 0 0 0.000 0.000 0.000 200000.000 0 1 0 200 0 0
 715 34312.000 78354.000 0 0 0.000 0.000 0.000 200000.000 0 1 0 200 0 0
 716 78532.000 34614.000 0 0 0.000 0.000 0.000 0.131 0 1 0 0 0 0
 717 33814.000 79335.000 0 0 0.000 0.000 0.000 200000.000 0 1 0 200 0 0
 718 168139.000 114186.000 0 0 0.000 0.000 0.000 200000.000 0 1 0 200 0 0
 719 83561.000 167066.000 0 0 0.000 0.000 0.000 200000.000 0 1 0 200 0 0
 720 66752.000 39324.000 0 0 0.000 0.000 0.000 200000.000 0 1 0 200 0 0
 721 140900.000 44254.000 0 0 0.000 0.000 0.000 0.394 0 1 0 0 0 0
 722 148625.000 50295.000 0 0 0.000 0.000 0.000 200000.000 0 1 0 200 0 0
 723 75239.000 165371.000 0 0 0.000 0.000 0.000 200000.000 0 1 0 200 0 0
 724 30117.000 98109.000 0 0 0.000 0.000 0.000 200000.000 0 1 0 200 0 0
 725 148518.000 50327.000 0 0 0.000 0.000 0.000 200000.000 0 1 0 200 0 0
 726 159692.000 136302.000 0 0 0.000 0.000 0.000 200000.000 0 1 0 200 0 0
 727 131893.000 162071.000 0 0 0.000 0.000 0.000 0.131 0 1 0 0 0 0
 728 33045.000 80099.000 0 0 0.000 0.000 0.000 200000.000 0 1 0 200 0 0
 729 46842.000 54826.000 0 0 0.000 0.000 0.000 200000.000 0 1 0 200 0 0
 730 159717.000 136255.000 0 0 0.000 0.000 0.000 200000.000 0 1 0 200 0 0
 731 154087.000 144816.000 0 0 0.000 0.000 0.000 200000.000 0 1 0 200 0 0
 732 31461.000 114716.000 0 0 0.000 0.000 0.000 200000.000 0 1 0 200 0 0
 733 30009.000 99116.000 0 0 0.000 0.000 0.000 0.134 0 1 0 0 0 0
 734 31422.000 114669.000 0 0 0.000 0.000 0.000 200000.000 0 1 0 200 0 0
 735 149052.000 50437.000 0 0 0.000 0.000 0.000 0.202 0 1 0 0 0 0
 736 153997.000 144672.000 0 0 0.000 0.000 0.000 200000.000 0 1 0 200 0 0
 737 136321.000 160212.000 0 0 0.000 0.000 0.000 200000.000 0 1 0 200 0 0
 738 109199.000 169953.000 0 0 0.000 0.000 0.000 200000.000 0 1 0 200 0 0
 739 167764.000 114106.000 0 0 0.000 0.000 0.000 200000.000 0 1 0 200 0 0
 740 67179.000 162485.000 0 0 0.000 0.000 0.000 200000.000 0 1 0 200 0 0
 741 54739.000 153919.000 0 0 0.000 0.000 0.000 200000.000 0 1 0 200 0 0
 742 38796.000 133288.000 0 0 0.000 0.000 0.000 200000.000 0 1 0 200 0 0
 743 131538.000 162887.000 0 0 0.000 0.000 0.000 0.140 0 1 0 0 0 0
 744 109237.000 169829.000 0 0 0.000 0.000 0.000 200000.000 0 1 0 200 0 0
 745 35784.000 73453.000 0 0 0.000 0.000 0.000 200000.000 0 1 0 200 0 0
 746 67289.000 162383.000 0 0 0.000 0.000 0.000 200000.000 0 1 0 200 0 0
 747 75302.000 165364.000 0 0 0.000 0.000 0.000 200000.000 0 1 0 200 0 0
 748 30502.000 112614.000 0 0 0.000 0.000 0.000 200000.000 0 1 0 200 0 0
 749 168123.000 117329.000 0 0 0.000 0.000 0.000 0.278 0 1 0 0 0 0
 750 53808.000 153572.000 0 0 0.000 0.000 0.000 200000.000 0 1 0 200 0 0
 751 30622.000 112647.000 0 0 0.000 0.000 0.000 200000.000 0 1 0 200 0 0
 752 170553.000 101490.000 0 0 0.000 0.000 0.000 200000.000 0 1 0 200 0 0
 753 52455.000 47942.000 0 0 0.000 0.000 0.000 0.234 0 1 0 0 0 0
 754 54808.000 153922.000 0 0 0.000 0.000 0.000 200000.000 0 1 0 200 0 0
 755 113555.000 169665.000 0 0 0.000 0.000 0.000 0.495 0 1 0 0 0 0
 756 79323.000 167984.000 0 0 0.000 0.000 0.000 0.212 0 1 0 0 0 0
 757 29642.000 110481.000 0 0 0.000 0.000 0.000 200000.000 0 1 0 200 0 0
 758 127264.000 165643.000 0 0 0.000 0.000 0.000 0.146 0 1 0 0 0 0
 759 46414.000 146931.000 0 0 0.000 0.000 0.000 200000.000 0 1 0 200 0 0
 760 30939.000 89767.000 0 0 0.000 0.000 0.000 200000.000 0 1 0 200 0 0
 761 169849.000 88345.000 0 0 0.000 0.000 0.000 0.132 0 1 0 0 0 0
 762 44517.000 143079.000 0 0 0.000 0.000 0.000 200000.000 0 1 0 200 0 0
 763 120039.000 168514.000 0 0 0.000 0.000 0.000 200000.000 0 1 0 200 0 0
 764 53767.000 153537.000 0 0 0.000 0.000 0.000 200000.000 0 1 0 200 0 0
 765 31118.000 82795.000 0 0 0.000 0.000 0.000 0.203 0 1 0 0 0 0
 766 48793.000 50661.000 0 0 0.000 0.000 0.000 200000.000 0 1 0 200 0 0
 767 34208.000 127993.000 0 0 0.000 0.000 0.000 0.142 0 1 0 0 0 0
 768 79132.000 168673.000 0 0 0.000 0.000 0.000 200000.000 0 1 0 200 0 0
 769 39360.000 137865.000 0 0 0.000 0.000 0.000 200000.000 0 1 0 200 0 0
 770 39281.000 137849.000 0 0 0.000 0.000 0.000 200000.000 0 1 0 200 0 0
 771 28619.000 97211.000 0 0 0.000 0.000 0.000 200000.000 0 1 0 200 0 0
 772 68578.000 35894.000 0 0 0.000 0.000 0.000 200000.000 0 1 0 200 0 0
 773 149744.000 151776.000 0 0 0.000 0.000 0.000 200000.000 0 1 0 200 0 0
 774 106428.000 170950.000 0 0 0.000 0.000 0.000 200000.000 0 1 0 200 0 0
 775 32968.000 75160.000 0 0 0.000 0.000 0.000 0.139 0 1 0 0 0 0
 776 149673.000 151628.000 0 0 0.000 0.000 0.000 200000.000 0 1 0 200 0 0
 777 46491.000 146937.000 0 0 0.000 0.000 0.000 200000.000 0 1 0 200 0 0
 778 122551.000 32242.000 0 0 0.000 0.000 0.000 0.142 0 1 0 0 0 0
 779 111520.000 171327.000 0 0 0.000 0.000 0.000 200000.000 0 1 0 200 0 0
 780 99172.000 172017.000 0 0 0.000 0.000 0.000 0.135 0 1 0 0 0 0
 781 88005.000 171058.000 0 0 0.000 0.000 0.000 0.239 0 1 0 0 0 0
 782 40487.000 60043.000 0 0 0.000 0.000 0.000 0.318 0 1 0 0 0 0
 783 171163.000 110307.000 0 0 0.000 0.000 0.000 200000.000 0 1 0 200 0 0
 784 171212.000 110370.000 0 0 0.000 0.000 0.000 200000.000 0 1 0 200 0 0
 785 111563.000 171269.000 0 0 0.000 0.000 0.000 200000.000 0 1 0 200 0 0
 786 108419.000 171766.000 0 0 0.000 0.000 0.000 200000.000 0 1 0 200 0 0
 787 47411.000 148112.000 0 0 0.000 0.000 0.000 200000.000 0 1 0 200 0 0
 788 33556.000 128264.000 0 0 0.000 0.000 0.000 200000.000 0 1 0 200 0 0
 789 30259.000 81181.000 0 0 0.000 0.000 0.000 200000.000 0 1 0 200 0 0
 790 32447.000 74958.000 0 0 0.000 0.000 0.000 200000.000 0 1 0 200 0 0
 791 68604.000 36070.000 0 0 0.000 0.000 0.000 200000.000 0 1 0 200 0 0
 792 55286.000 156854.000 0 0 0.000 0.000 0.000 200000.000 0 1 0 200 0 0
 793 79228.000 168320.000 0 0 0.000 0.000 0.000 200000.000 0 1 0 200 0 0
 794 30345.000 81262.000 0 0 0.000 0.000 0.000 200000.000 0 1 0 200 0 0
 795 36054.000 134651.000 0 0 0.000 0.000 0.000 200000.000 0 1 0 200 0 0
 796 33292.000 71924.000 0 0 0.000 0.000 0.000 200000.000 0 1 0 200 0 0
 797 36185.000 134636.000 0 0 0.000 0.000 0.000 200000.000 0 1 0 200 0 0
 798 33732.000 128245.000 0 0 0.000 0.000 0.000 200000.000 0 1 0 200 0 0
 799 30320.000 121311.000 0 0 0.000 0.000 0.000 200000.000 0 1 0 200 0 0
 800 160962.000 139655.000 0 0 0.000 0.000 0.000 0.232 0 1 0 0 0 0
 801 72815.000 167892.000 0 0 0.000 0.000 0.000 200000.000 0 1 0 200 0 0
 802 49757.000 153113.000 0 0 0.000 0.000 0.000 200000.000 0 1 0 200 0 0
 803 97853.000 171942.000 0 0 0.000 0.000 0.000 200000.000 0 1 0 200 0 0
 804 72921.000 167767.000 0 0 0.000 0.000 0.000 200000.000 0 1 0 200 0 0
 805 82696.000 29547.000 0 0 0.000 0.000 0.000 0.142 0 1 0 0 0 0
 806 49891.000 153048.000 0 0 0.000 0.000 0.000 200000.000 0 1 0 200 0 0
 807 147072.000 155790.000 0 0 0.000 0.000 0.000 0.233 0 1 0 0 0 0
 808 67898.000 165710.000 0 0 0.000 0.000 0.000 200000.000 0 1 0 200 0 0
 809 39079.000 59852.000 0 0 0.000 0.000 0.000 0.148 0 1 0 0 0 0
 810 27347.000 108022.000 0 0 0.000 0.000 0.000 200000.000 0 1 0 200 0 0
 811 27269.000 107977.000 0 0 0.000 0.000 0.000 200000.000 0 1 0 200 0 0
 812 30720.000 121193.000 0 0 0.000 0.000 0.000 200000.000 0 1 0 200 0 0
 813 31649.000 73710.000 0 0 0.000 0.000 0.000 200000.000 0 1 0 200 0 0
 814 55454.000 42227.000 0 0 0.000 0.000 0.000 200000.000 0 1 0 200 0 0
 815 45445.000 51260.000 0 0 0.000 0.000 0.000 200000.000 0 1 0 200 0 0
 816 135570.000 36268.000 0 0 0.000 0.000 0.000 0.264 0 1 0 0 0 0
 817 89958.000 172951.000 0 0 0.000 0.000 0.000 200000.000 0 1 0 200 0 0
 818 33671.000 131835.000 0 0 0.000 0.000 0.000 200000.000 0 1 0 200 0 0
 819 38403.000 140893.000 0 0 0.000 0.000 0.000 200000.000 0 1 0 200 0 0
 820 34949.000 133647.000 0 0 0.000 0.000 0.000 200000.000 0 1 0 200 0 0
 821 38521.000 140875.000 0 0 0.000 0.000 0.000 200000.000 0 1 0 200 0 0
 822 36447.000 137391.000 0 0 0.000 0.000 0.000 0.282 0 1 0 0 0 0
 823 136018.000 36031.000 0 0 0.000 0.000 0.000 200000.000 0 1 0 200 0 0
 824 26856.000 90223.000 0 0 0.000 0.000 0.000 200000.000 0 1 0 200 0 0
 825 26863.000 90171.000 0 0 0.000 0.000 0.000 200000.000 0 1 0 200 0 0
 826 26990.000 100177.000 0 0 0.000 0.000 0.000 200000.000 0 1 0 200 0 0
 827 96043.000 174208.000 0 0 0.000 0.000 0.000 200000.000 0 1 0 200 0 0
 828 34085.000 133395.000 0 0 0.000 0.000 0.000 0.203 0 1 0 0 0 0
 829 31131.000 127267.000 0 0 0.000 0.000 0.000 200000.000 0 1 0 200 0 0
 830 96101.000 174095.000 0 0 0.000 0.000 0.000 200000.000 0 1 0 200 0 0
 831 45423.000 51311.000 0 0 0.000 0.000 0.000 200000.000 0 1 0 200 0 0
 832 29810.000 124681.000 0 0 0.000 0.000 0.000 200000.000 0 1 0 200 0 0
 833 29219.000 122308.000 0 0 0.000 0.000 0.000 0.138 0 1 0 0 0 0
 834 34034.000 66713.000 0 0 0.000 0.000 0.000 200000.000 0 1 0 200 0 0
 835 26535.000 101974.000 0 0 0.000 0.000 0.000 200000.000 0 1 0 200 0 0
 836 142703.000 160805.000 0 0 0.000 0.000 0.000 0.141 0 1 0 0 0 0
 837 49171.000 45999.000 0 0 0.000 0.000 0.000 200000.000 0 1 0 200 0 0
 838 108837.000 173137.000 0 0 0.000 0.000 0.000 200000.000 0 1 0 200 0 0
 839 30176.000 125985.000 0 0 0.000 0.000 0.000 0.211 0 1 0 0 0 0
 840 31260.000 127274.000 0 0 0.000 0.000 0.000 200000.000 0 1 0 200 0 0
 841 25920.000 94067.000 0 0 0.000 0.000 0.000 200000.000 0 1 0 200 0 0
 842 27080.000 90213.000 0 0 0.000 0.000 0.000 200000.000 0 1 0 200 0 0
 843 28717.000 122457.000 0 0 0.000 0.000 0.000 200000.000 0 1 0 200 0 0
 844 34058.000 66661.000 0 0 0.000 0.000 0.000 200000.000 0 1 0 200 0 0
 845 143777.000 160730.000 0 0 0.000 0.000 0.000 200000.000 0 1 0 200 0 0
 846 102927.000 174929.000 0 0 0.000 0.000 0.000 200000.000 0 1 0 200 0 0
 847 93975.000 174592.000 0 0 0.000 0.000 0.000 0.132 0 1 0 0 0 0
 848 94206.000 174941.000 0 0 0.000 0.000 0.000 200000.000 0 1 0 200 0 0
 849 90794.000 174601.000 0 0 0.000 0.000 0.000 200000.000 0 1 0 200 0 0
 850 87157.000 173871.000 0 0 0.000 0.000 0.000 200000.000 0 1 0 200 0 0
 851 87100.000 173882.000 0 0 0.000 0.000 0.000 200000.000 0 1 0 200 0 0
 852 48129.000 154380.000 0 0 0.000 0.000 0.000 200000.000 0 1 0 200 0 0
 853 49216.000 46126.000 0 0 0.000 0.000 0.000 200000.000 0 1 0 200 0 0
 854 27213.000 117636.000 0 0 0.000 0.000 0.000 200000.000 0 1 0 200 0 0
 855 30674.000 126190.000 0 0 0.000 0.000 0.000 200000.000 0 1 0 200 0 0
 856 117125.000 173156.000 0 0 0.000 0.000 0.000 200000.000 0 1 0 200 0 0
 857 94272.000 174784.000 0 0 0.000 0.000 0.000 200000.000 0 1 0 200 0 0
 858 112131.000 173355.000 0 0 0.000 0.000 0.000 200000.000 0 1 0 200 0 0
 859 69021.000 168679.000 0 0 0.000 0.000 0.000 200000.000 0 1 0 200 0 0
 860 51004.000 157203.000 0 0 0.000 0.000 0.000 200000.000 0 1 0 200 0 0
 861 30404.000 129097.000 0 0 0.000 0.000 0.000 200000.000 0 1 0 200 0 0
 862 37660.000 58509.000 0 0 0.000 0.000 0.000 200000.000 0 1 0 200 0 0
 863 171155.000 124331.000 0 0 0.000 0.000 0.000 200000.000 0 1 0 200 0 0
 864 171179.000 124397.000 0 0 0.000 0.000 0.000 200000.000 0 1 0 200 0 0
 865 122902.000 171902.000 0 0 0.000 0.000 0.000 200000.000 0 1 0 200 0 0
 866 121783.000 171288.000 0 0 0.000 0.000 0.000 200000.000 0 1 0 200 0 0
 867 57367.000 38108.000 0 0 0.000 0.000 0.000 200000.000 0 1 0 200 0 0
 868 58195.000 37548.000 0 0 0.000 0.000 0.000 200000.000 0 1 0 200 0 0
 869 79052.000 172725.000 0 0 0.000 0.000 0.000 200000.000 0 1 0 200 0 0
 870 117164.000 173086.000 0 0 0.000 0.000 0.000 200000.000 0 1 0 200 0 0
 871 75479.000 171410.000 0 0 0.000 0.000 0.000 0.293 0 1 0 0 0 0
 872 90846.000 174218.000 0 0 0.000 0.000 0.000 200000.000 0 1 0 200 0 0
 873 48394.000 154108.000 0 0 0.000 0.000 0.000 200000.000 0 1 0 200 0 0
 874 43022.000 148725.000 0 0 0.000 0.000 0.000 200000.000 0 1 0 200 0 0
 875 36960.000 58641.000 0 0 0.000 0.000 0.000 200000.000 0 1 0 200 0 0
 876 39765.000 54963.000 0 0 0.000 0.000 0.000 0.137 0 1 0 0 0 0
 877 40155.000 53886.000 0 0 0.000 0.000 0.000 200000.000 0 1 0 200 0 0
 878 165262.000 62307.000 0 0 0.000 0.000 0.000 200000.000 0 1 0 200 0 0
 879 104814.000 175630.000 0 0 0.000 0.000 0.000 200000.000 0 1 0 200 0 0
 880 69129.000 168570.000 0 0 0.000 0.000 0.000 200000.000 0 1 0 200 0 0
 881 79113.000 172707.000 0 0 0.000 0.000 0.000 200000.000 0 1 0 200 0 0
 882 58367.000 163399.000 0 0 0.000 0.000 0.000 200000.000 0 1 0 200 0 0
 883 51738.000 158720.000 0 0 0.000 0.000 0.000 200000.000 0 1 0 200 0 0
 884 30939.000 131608.000 0 0 0.000 0.000 0.000 200000.000 0 1 0 200 0 0
 885 30511.000 129981.000 0 0 0.000 0.000 0.000 0.200 0 1 0 0 0 0
 886 40196.000 53987.000 0 0 0.000 0.000 0.000 200000.000 0 1 0 200 0 0
 887 30540.000 130418.000 0 0 0.000 0.000 0.000 0.372 0 1 0 0 0 0
 888 33300.000 136349.000 0 0 0.000 0.000 0.000 200000.000 0 1 0 200 0 0
 889 29112.000 75546.000 0 0 0.000 0.000 0.000 200000.000 0 1 0 200 0 0
 890 30839.000 129691.000 0 0 0.000 0.000 0.000 200000.000 0 1 0 200 0 0
 891 29854.000 73475.000 0 0 0.000 0.000 0.000 200000.000 0 1 0 200 0 0
 892 24877.000 97178.000 0 0 0.000 0.000 0.000 200000.000 0 1 0 200 0 0
 893 26859.000 120595.000 0 0 0.000 0.000 0.000 0.201 0 1 0 0 0 0
 894 36975.000 58716.000 0 0 0.000 0.000 0.000 200000.000 0 1 0 200 0 0
 895 39231.000 54626.000 0 0 0.000 0.000 0.000 200000.000 0 1 0 200 0 0
 896 173467.000 80139.000 0 0 0.000 0.000 0.000 200000.000 0 1 0 200 0 0
 897 161621.000 143118.000 0 0 0.000 0.000 0.000 200000.000 0 1 0 200 0 0
 898 108799.000 174891.000 0 0 0.000 0.000 0.000 200000.000 0 1 0 200 0 0
 899 29820.000 128110.000 0 0 0.000 0.000 0.000 200000.000 0 1 0 200 0 0
 900 78865.000 172548.000 0 0 0.000 0.000 0.000 200000.000 0 1 0 200 0 0
 901 68481.000 30930.000 0 0 0.000 0.000 0.000 0.136 0 1 0 0 0 0
 902 27927.000 124693.000 0 0 0.000 0.000 0.000 0.217 0 1 0 0 0 0
 903 23797.000 99603.000 0 0 0.000 0.000 0.000 200000.000 0 1 0 200 0 0
 904 30278.000 69470.000 0 0 0.000 0.000 0.000 200000.000 0 1 0 200 0 0
 905 173289.000 80131.000 0 0 0.000 0.000 0.000 200000.000 0 1 0 200 0 0
 906 51994.000 158415.000 0 0 0.000 0.000 0.000 200000.000 0 1 0 200 0 0
 907 48829.000 157115.000 0 0 0.000 0.000 0.000 200000.000 0 1 0 200 0 0
 908 31313.000 131443.000 0 0 0.000 0.000 0.000 200000.000 0 1 0 200 0 0
 909 29647.000 127383.000 0 0 0.000 0.000 0.000 200000.000 0 1 0 200 0 0
 910 24899.000 86329.000 0 0 0.000 0.000 0.000 200000.000 0 1 0 200 0 0
 911 23536.000 103724.000 0 0 0.000 0.000 0.000 200000.000 0 1 0 200 0 0
 912 82418.000 174530.000 0 0 0.000 0.000 0.000 200000.000 0 1 0 200 0 0
 913 25442.000 83013.000 0 0 0.000 0.000 0.000 0.135 0 1 0 0 0 0
 914 137478.000 165764.000 0 0 0.000 0.000 0.000 200000.000 0 1 0 200 0 0
 915 24581.000 88519.000 0 0 0.000 0.000 0.000 0.305 0 1 0 0 0 0
 916 93535.000 176763.000 0 0 0.000 0.000 0.000 200000.000 0 1 0 200 0 0
 917 63034.000 166270.000 0 0 0.000 0.000 0.000 200000.000 0 1 0 200 0 0
 918 39449.000 54691.000 0 0 0.000 0.000 0.000 200000.000 0 1 0 200 0 0
 919 53415.000 160708.000 0 0 0.000 0.000 0.000 200000.000 0 1 0 200 0 0
 920 46920.000 44853.000 0 0 0.000 0.000 0.000 200000.000 0 1 0 200 0 0
 921 47967.000 43868.000 0 0 0.000 0.000 0.000 200000.000 0 1 0 200 0 0
 922 161517.000 146076.000 0 0 0.000 0.000 0.000 200000.000 0 1 0 200 0 0
 923 113283.000 175856.000 0 0 0.000 0.000 0.000 200000.000 0 1 0 200 0 0
 924 58758.000 164884.000 0 0 0.000 0.000 0.000 0.295 0 1 0 0 0 0
 925 43520.000 152608.000 0 0 0.000 0.000 0.000 200000.000 0 1 0 200 0 0
 926 30286.000 69529.000 0 0 0.000 0.000 0.000 200000.000 0 1 0 200 0 0
 927 69129.000 169683.000 0 0 0.000 0.000 0.000 200000.000 0 1 0 200 0 0
 928 48981.000 157023.000 0 0 0.000 0.000 0.000 200000.000 0 1 0 200 0 0
 929 56337.000 163672.000 0 0 0.000 0.000 0.000 200000.000 0 1 0 200 0 0
 930 23803.000 111674.000 0 0 0.000 0.000 0.000 200000.000 0 1 0 200 0 0
 931 22206.000 96080.000 0 0 50.000 26.000 1300.000 36.055 0 1 25 210 0 0
 932 24250.000 87388.000 0 0 0.000 0.000 0.000 0.328 0 1 0 0 0 0
 933 24921.000 82889.000 0 0 0.000 0.000 0.000 200000.000 0 1 0 200 0 0
 934 126734.000 172374.000 0 0 0.000 0.000 0.000 200000.000 0 1 0 200 0 0
 935 37264.000 56675.000 0 0 0.000 0.000 0.000 200000.000 0 1 0 200 0 0
 936 108029.000 176807.000 0 0 0.000 0.000 0.000 0.232 0 1 0 0 0 0
 937 25740.000 118776.000 0 0 0.000 0.000 0.000 200000.000 0 1 0 200 0 0
 938 53019.000 160831.000 0 0 0.000 0.000 0.000 200000.000 0 1 0 200 0 0
 939 23792.000 114658.000 0 0 0.000 0.000 0.000 200000.000 0 1 0 200 0 0
 940 23192.000 111022.000 0 0 0.000 0.000 0.000 200000.000 0 1 0 200 0 0
 941 43680.000 152531.000 0 0 0.000 0.000 0.000 200000.000 0 1 0 200 0 0
 942 95295.000 177475.000 0 0 0.000 0.000 0.000 0.257 0 1 0 0 0 0
 943 28936.000 130974.000 0 0 0.000 0.000 0.000 0.229 0 1 0 0 0 0
 944 107365.000 176525.000 0 0 0.000 0.000 0.000 200000.000 0 1 0 200 0 0
 945 120274.000 175162.000 0 0 0.000 0.000 0.000 200000.000 0 1 0 200 0 0
 946 36175.000 144868.000 0 0 0.000 0.000 0.000 200000.000 0 1 0 200 0 0
 947 36329.000 144824.000 0 0 0.000 0.000 0.000 200000.000 0 1 0 200 0 0
 948 89189.000 176620.000 0 0 0.000 0.000 0.000 200000.000 0 1 0 200 0 0
 949 22202.000 96155.000 0 0 50.000 26.000 1300.000 36.055 0 1 25 210 0 0
 950 26059.000 76238.000 0 0 0.000 0.000 0.000 200000.000 0 1 0 200 0 0
 951 23946.000 113613.000 0 0 0.000 0.000 0.000 200000.000 0 1 0 200 0 0
 952 23351.000 89503.000 0 0 0.000 0.000 0.000 200000.000 0 1 0 200 0 0
 953 152350.000 42776.000 0 0 0.000 0.000 0.000 0.134 0 1 0 0 0 0
 954 91462.000 177738.000 0 0 0.000 0.000 0.000 0.139 0 1 0 0 0 0
 955 114760.000 176706.000 0 0 0.000 0.000 0.000 0.349 0 1 0 0 0 0
 956 27896.000 129927.000 0 0 0.000 0.000 0.000 0.409 0 1 0 0 0 0
 957 25371.000 122781.000 0 0 0.000 0.000 0.000 0.432 0 1 0 0 0 0
 958 22199.000 96218.000 0 0 50.000 26.000 1300.000 36.055 0 1 25 210 0 0
 959 143093.000 35177.000 0 0 0.000 0.000 0.000 200000.000 0 1 0 200 0 0
 960 62190.000 168618.000 0 0 0.000 0.000 0.000 0.240 0 1 0 0 0 0
 961 25612.000 125014.000 0 0 0.000 0.000 0.000 200000.000 0 1 0 200 0 0
 962 28576.000 70703.000 0 0 0.000 0.000 0.000 200000.000 0 1 0 200 0 0
 963 23308.000 114974.000 0 0 0.000 0.000 0.000 0.330 0 1 0 0 0 0
 964 22530.000 90540.000 0 0 0.000 0.000 0.000 200000.000 0 1 0 200 0 0
 965 25229.000 77174.000 0 0 0.000 0.000 0.000 200000.000 0 1 0 200 0 0
 966 76553.000 25835.000 0 0 0.000 0.000 0.000 0.477 0 1 0 0 0 0
 967 120319.000 175115.000 0 0 0.000 0.000 0.000 200000.000 0 1 0 200 0 0
 968 22173.000 107859.000 0 0 52.000 28.000 1456.000 38.157 0 1 35 200 0 0
 969 21459.000 102827.000 0 0 0.000 0.000 0.000 200000.000 0 1 0 200 0 0
 970 169206.000 63456.000 0 0 0.000 0.000 0.000 200000.000 0 1 0 200 0 0
 971 154707.000 156198.000 0 0 0.000 0.000 0.000 200000.000 0 1 0 200 0 0
 972 114418.000 177124.000 0 0 0.000 0.000 0.000 0.328 0 1 0 0 0 0
 973 104254.000 178779.000 0 0 0.000 0.000 0.000 200000.000 0 1 0 200 0 0
 974 94559.000 178717.000 0 0 0.000 0.000 0.000 200000.000 0 1 0 200 0 0
 975 91400.000 178436.000 0 0 0.000 0.000 0.000 200000.000 0 1 0 200 0 0
 976 116183.000 176205.000 0 0 0.000 0.000 0.000 200000.000 0 1 0 200 0 0
 977 73641.000 173206.000 0 0 0.000 0.000 0.000 200000.000 0 1 0 200 0 0
 978 26927.000 128806.000 0 0 0.000 0.000 0.000 200000.000 0 1 0 200 0 0
 979 24032.000 119644.000 0 0 0.000 0.000 0.000 200000.000 0 1 0 200 0 0
 980 21917.000 108519.000 0 0 52.000 28.000 1456.000 38.157 0 1 35 200 0 0
 981 21461.000 102895.000 0 0 0.000 0.000 0.000 200000.000 0 1 0 200 0 0
 982 53075.000 37205.000 0 0 0.000 0.000 0.000 200000.000 0 1 0 200 0 0
 983 131364.000 28220.000 0 0 0.000 0.000 0.000 200000.000 0 1 0 200 0 0
 984 104301.000 178655.000 0 0 0.000 0.000 0.000 200000.000 0 1 0 200 0 0
 985 64595.000 170451.000 0 0 0.000 0.000 0.000 0.227 0 1 0 0 0 0
 986 49302.000 160347.000 0 0 0.000 0.000 0.000 200000.000 0 1 0 200 0 0
 987 31478.000 139365.000 0 0 0.000 0.000 0.000 200000.000 0 1 0 200 0 0
 988 22535.000 90484.000 0 0 0.000 0.000 0.000 200000.000 0 1 0 200 0 0
 989 29621.000 135474.000 0 0 0.000 0.000 0.000 200000.000 0 1 0 200 0 0
 990 21645.000 107102.000 0 0 0.000 0.000 0.000 0.264 0 1 0 0 0 0
 991 143034.000 35166.000 0 0 0.000 0.000 0.000 200000.000 0 1 0 200 0 0
 992 21260.000 94852.000 0 0 50.000 26.000 1300.000 36.055 0 1 23 200 0 0
 993 32393.000 138720.000 0 0 0.000 0.000 0.000 200000.000 0 1 0 200 0 0
 994 125892.000 174846.000 0 0 0.000 0.000 0.000 200000.000 0 1 0 200 0 0
 995 34089.000 143354.000 0 0 0.000 0.000 0.000 200000.000 0 1 0 200 0 0
 996 21774.000 98492.000 0 0 0.000 0.000 0.000 200000.000 0 1 0 200 0 0
 997 21085.000 98967.000 0 0 0.000 0.000 0.000 200000.000 0 1 0 200 0 0
 998 21425.000 94920.000 0 0 50.000 26.000 1300.000 36.055 0 1 23 200 0 0
 999 33556.000 57639.000 0 0 0.000 0.000 0.000 200000.000 0 1 0 200 0 0
 1000 34642.000 56296.000 0 0 0.000 0.000 0.000 200000.000 0 1 0 200 0 0
 1001 127501.000 173216.000 0 0 0.000 0.000 0.000 200000.000 0 1 0 200 0 0
 1002 130253.000 173141.000 0 0 0.000 0.000 0.000 200000.000 0 1 0 200 0 0
 1003 26155.000 127087.000 0 0 0.000 0.000 0.000 200000.000 0 1 0 200 0 0
 1004 125903.000 174717.000 0 0 0.000 0.000 0.000 200000.000 0 1 0 200 0 0
 1005 70752.000 173564.000 0 0 0.000 0.000 0.000 0.352 0 1 0 0 0 0
 1006 27108.000 132198.000 0 0 0.000 0.000 0.000 200000.000 0 1 0 200 0 0
 1007 26434.000 128731.000 0 0 0.000 0.000 0.000 0.462 0 1 0 0 0 0
 1008 21384.000 107360.000 0 0 0.000 0.000 0.000 0.400 0 1 0 0 0 0
 1009 160789.000 149587.000 0 0 0.000 0.000 0.000 200000.000 0 1 0 200 0 0
 1010 81665.000 177276.000 0 0 0.000 0.000 0.000 200000.000 0 1 0 200 0 0
 1011 63252.000 170255.000 0 0 0.000 0.000 0.000 0.216 0 1 0 0 0 0
 1012 29905.000 136806.000 0 0 0.000 0.000 0.000 0.424 0 1 0 0 0 0
 1013 28472.000 134359.000 0 0 0.000 0.000 0.000 200000.000 0 1 0 200 0 0
 1014 22985.000 118381.000 0 0 0.000 0.000 0.000 0.338 0 1 0 0 0 0
 1015 21201.000 112648.000 0 0 0.000 0.000 0.000 200000.000 0 1 0 200 0 0
 1016 162759.000 148938.000 0 0 0.000 0.000 0.000 200000.000 0 1 0 200 0 0
 1017 20830.000 94575.000 0 0 50.000 26.000 1300.000 36.055 0 1 23 200 0 0
 1018 132329.000 171768.000 0 0 0.000 0.000 0.000 200000.000 0 1 0 200 0 0
 1019 21162.000 99022.000 0 0 0.000 0.000 0.000 200000.000 0 1 0 200 0 0
 1020 94989.000 179341.000 0 0 0.000 0.000 0.000 0.207 0 1 0 0 0 0
 1021 73955.000 25270.000 0 0 0.000 0.000 0.000 0.139 0 1 0 0 0 0
 1022 92178.000 179200.000 0 0 0.000 0.000 0.000 200000.000 0 1 0 200 0 0
 1023 27711.000 134341.000 0 0 0.000 0.000 0.000 200000.000 0 1 0 200 0 0
 1024 162657.000 148792.000 0 0 0.000 0.000 0.000 200000.000 0 1 0 200 0 0
 1025 124988.000 175691.000 0 0 0.000 0.000 0.000 200000.000 0 1 0 200 0 0
 1026 72071.000 174714.000 0 0 0.000 0.000 0.000 200000.000 0 1 0 200 0 0
 1027 23774.000 120673.000 0 0 0.000 0.000 0.000 200000.000 0 1 0 200 0 0
 1028 69576.000 173916.000 0 0 0.000 0.000 0.000 200000.000 0 1 0 200 0 0
 1029 31753.000 140868.000 0 0 0.000 0.000 0.000 200000.000 0 1 0 200 0 0
 1030 73407.000 25309.000 0 0 0.000 0.000 0.000 0.135 0 1 0 0 0 0
 1031 24003.000 123899.000 0 0 0.000 0.000 0.000 200000.000 0 1 0 200 0 0
 1032 21818.000 114335.000 0 0 0.000 0.000 0.000 200000.000 0 1 0 200 0 0
 1033 33538.000 57695.000 0 0 0.000 0.000 0.000 200000.000 0 1 0 200 0 0
 1034 32195.000 58528.000 0 0 0.000 0.000 0.000 200000.000 0 1 0 200 0 0
 1035 121454.000 23611.000 0 0 0.000 0.000 0.000 200000.000 0 1 0 200 0 0
 1036 154292.000 42308.000 0 0 0.000 0.000 0.000 200000.000 0 1 0 200 0 0
 1037 81754.000 177127.000 0 0 0.000 0.000 0.000 200000.000 0 1 0 200 0 0
 1038 125042.000 175673.000 0 0 0.000 0.000 0.000 200000.000 0 1 0 200 0 0
 1039 69688.000 173784.000 0 0 0.000 0.000 0.000 200000.000 0 1 0 200 0 0
 1040 68399.000 27168.000 0 0 0.000 0.000 0.000 200000.000 0 1 0 200 0 0
 1041 92245.000 179062.000 0 0 0.000 0.000 0.000 200000.000 0 1 0 200 0 0
 1042 118031.000 177847.000 0 0 0.000 0.000 0.000 0.286 0 1 0 0 0 0
 1043 38072.000 151021.000 0 0 0.000 0.000 0.000 200000.000 0 1 0 200 0 0
 1044 23111.000 78495.000 0 0 0.000 0.000 0.000 0.138 0 1 0 0 0 0
 1045 23898.000 124698.000 0 0 0.000 0.000 0.000 200000.000 0 1 0 200 0 0
 1046 71952.000 25441.000 0 0 0.000 0.000 0.000 0.132 0 1 0 0 0 0
 1047 23811.000 124424.000 0 0 0.000 0.000 0.000 200000.000 0 1 0 200 0 0
 1048 21731.000 116498.000 0 0 0.000 0.000 0.000 200000.000 0 1 0 200 0 0
 1049 109149.000 20930.000 0 0 0.000 0.000 0.000 0.460 0 1 0 0 0 0
 1050 22180.000 85889.000 0 0 0.000 0.000 0.000 200000.000 0 1 0 200 0 0
 1051 101292.000 180416.000 0 0 0.000 0.000 0.000 200000.000 0 1 0 200 0 0
 1052 28467.000 136232.000 0 0 0.000 0.000 0.000 0.140 0 1 0 0 0 0
 1053 98347.000 180108.000 0 0 0.000 0.000 0.000 200000.000 0 1 0 200 0 0
 1054 29843.000 137818.000 0 0 0.000 0.000 0.000 200000.000 0 1 0 200 0 0
 1055 44524.000 158224.000 0 0 0.000 0.000 0.000 200000.000 0 1 0 200 0 0
 1056 24639.000 125853.000 0 0 0.000 0.000 0.000 200000.000 0 1 0 200 0 0
 1057 32258.000 142970.000 0 0 0.000 0.000 0.000 200000.000 0 1 0 200 0 0
 1058 24932.000 128193.000 0 0 0.000 0.000 0.000 200000.000 0 1 0 200 0 0
 1059 24649.000 127333.000 0 0 0.000 0.000 0.000 0.210 0 1 0 0 0 0
 1060 23430.000 123776.000 0 0 0.000 0.000 0.000 200000.000 0 1 0 200 0 0
 1061 21096.000 114067.000 0 0 0.000 0.000 0.000 200000.000 0 1 0 200 0 0
 1062 20268.000 93262.000 0 0 0.000 0.000 0.000 0.268 0 1 0 0 0 0
 1063 119793.000 22637.000 0 0 0.000 0.000 0.000 200000.000 0 1 0 200 0 0
 1064 154331.000 42345.000 0 0 0.000 0.000 0.000 200000.000 0 1 0 200 0 0
 1065 134638.000 172416.000 0 0 0.000 0.000 0.000 0.249 0 1 0 0 0 0
 1066 101343.000 180277.000 0 0 0.000 0.000 0.000 200000.000 0 1 0 200 0 0
 1067 72129.000 174719.000 0 0 0.000 0.000 0.000 200000.000 0 1 0 200 0 0
 1068 44660.000 158159.000 0 0 0.000 0.000 0.000 200000.000 0 1 0 200 0 0
 1069 27974.000 135671.000 0 0 0.000 0.000 0.000 200000.000 0 1 0 200 0 0
 1070 21607.000 112589.000 0 0 0.000 0.000 0.000 200000.000 0 1 0 200 0 0
 1071 19671.000 108875.000 0 0 0.000 0.000 0.000 200000.000 0 1 0 200 0 0
 1072 19790.000 98416.000 0 0 0.000 0.000 0.000 0.211 0 1 0 0 0 0
 1073 97797.000 179475.000 0 0 0.000 0.000 0.000 200000.000 0 1 0 200 0 0
 1074 45923.000 158284.000 0 0 0.000 0.000 0.000 200000.000 0 1 0 200 0 0
 1075 27869.000 133344.000 0 0 0.000 0.000 0.000 200000.000 0 1 0 200 0 0
 1076 64273.000 28350.000 0 0 0.000 0.000 0.000 200000.000 0 1 0 200 0 0
 1077 178064.000 81648.000 0 0 0.000 0.000 0.000 200000.000 0 1 0 200 0 0
 1078 105309.000 180359.000 0 0 0.000 0.000 0.000 200000.000 0 1 0 200 0 0
 1079 100323.000 180428.000 0 0 0.000 0.000 0.000 200000.000 0 1 0 200 0 0
 1080 105258.000 180421.000 0 0 0.000 0.000 0.000 200000.000 0 1 0 200 0 0
 1081 47782.000 161618.000 0 0 0.000 0.000 0.000 200000.000 0 1 0 200 0 0
 1082 42871.000 156766.000 0 0 0.000 0.000 0.000 200000.000 0 1 0 200 0 0
 1083 28079.000 134159.000 0 0 0.000 0.000 0.000 200000.000 0 1 0 200 0 0
 1084 42796.000 156765.000 0 0 0.000 0.000 0.000 200000.000 0 1 0 200 0 0
 1085 29598.000 139143.000 0 0 0.000 0.000 0.000 200000.000 0 1 0 200 0 0
 1086 25918.000 131588.000 0 0 0.000 0.000 0.000 200000.000 0 1 0 200 0 0
 1087 22521.000 121248.000 0 0 0.000 0.000 0.000 200000.000 0 1 0 200 0 0
 1088 21445.000 118364.000 0 0 0.000 0.000 0.000 200000.000 0 1 0 200 0 0
 1089 18989.000 104681.000 0 0 50.000 26.000 1300.000 36.055 0 1 33 210 0 0
 1090 19334.000 95674.000 0 0 50.000 26.000 1300.000 36.055 0 1 23 200 0 0
 1091 19808.000 95096.000 0 0 50.000 26.000 1300.000 36.055 0 1 23 200 0 0
 1092 22414.000 78298.000 0 0 0.000 0.000 0.000 200000.000 0 1 0 200 0 0
 1093 162189.000 151174.000 0 0 0.000 0.000 0.000 0.476 0 1 0 0 0 0
 1094 121215.000 176948.000 0 0 0.000 0.000 0.000 200000.000 0 1 0 200 0 0
 1095 38237.000 150955.000 0 0 0.000 0.000 0.000 200000.000 0 1 0 200 0 0
 1096 79795.000 178063.000 0 0 0.000 0.000 0.000 0.202 0 1 0 0 0 0
 1097 20448.000 112236.000 0 0 0.000 0.000 0.000 200000.000 0 1 0 200 0 0
 1098 47914.000 161540.000 0 0 0.000 0.000 0.000 200000.000 0 1 0 200 0 0
 1099 29844.000 139929.000 0 0 0.000 0.000 0.000 200000.000 0 1 0 200 0 0
 1100 28241.000 138064.000 0 0 0.000 0.000 0.000 200000.000 0 1 0 200 0 0
 1101 23988.000 127592.000 0 0 0.000 0.000 0.000 200000.000 0 1 0 200 0 0
 1102 20089.000 90292.000 0 0 0.000 0.000 0.000 0.275 0 1 0 0 0 0
 1103 20400.000 94559.000 0 0 50.000 26.000 1300.000 36.055 0 1 23 200 0 0
 1104 22544.000 78390.000 0 0 0.000 0.000 0.000 200000.000 0 1 0 200 0 0
 1105 60457.000 29984.000 0 0 0.000 0.000 0.000 200000.000 0 1 0 200 0 0
 1106 69510.000 25627.000 0 0 0.000 0.000 0.000 0.143 0 1 0 0 0 0
 1107 23615.000 126533.000 0 0 0.000 0.000 0.000 200000.000 0 1 0 200 0 0
 1108 148300.000 35624.000 0 0 0.000 0.000 0.000 0.147 0 1 0 0 0 0
 1109 21508.000 119358.000 0 0 54.000 34.000 1836.000 42.848 0 1 49 200 0 0
 1110 19404.000 97805.000 0 0 0.000 0.000 0.000 200000.000 0 1 0 200 0 0
 1111 179712.000 86253.000 0 0 0.000 0.000 0.000 200000.000 0 1 0 200 0 0
 1112 30173.000 141182.000 0 0 0.000 0.000 0.000 200000.000 0 1 0 200 0 0
 1113 121123.000 177432.000 0 0 0.000 0.000 0.000 200000.000 0 1 0 200 0 0
 1114 19795.000 96667.000 0 0 50.000 26.000 1300.000 36.055 0 1 23 200 0 0
 1115 25031.000 131229.000 0 0 0.000 0.000 0.000 200000.000 0 1 0 200 0 0
 1116 20029.000 88305.000 0 0 0.000 0.000 0.000 200000.000 0 1 0 200 0 0
 1117 179582.000 86221.000 0 0 0.000 0.000 0.000 200000.000 0 1 0 200 0 0
 1118 155069.000 159405.000 0 0 0.000 0.000 0.000 200000.000 0 1 0 200 0 0
 1119 143937.000 168682.000 0 0 0.000 0.000 0.000 200000.000 0 1 0 200 0 0
 1120 88231.000 180604.000 0 0 0.000 0.000 0.000 200000.000 0 1 0 200 0 0
 1121 21821.000 118271.000 0 0 0.000 0.000 0.000 200000.000 0 1 0 200 0 0
 1122 56005.000 168553.000 0 0 0.000 0.000 0.000 200000.000 0 1 0 200 0 0
 1123 38141.000 152693.000 0 0 0.000 0.000 0.000 200000.000 0 1 0 200 0 0
 1124 21480.000 120636.000 0 0 56.000 36.000 2016.000 44.899 0 1 49 200 0 0
 1125 20033.000 113930.000 0 0 0.000 0.000 0.000 200000.000 0 1 0 200 0 0
 1126 19181.000 107364.000 0 0 0.000 0.000 0.000 200000.000 0 1 0 200 0 0
 1127 29773.000 139123.000 0 0 0.000 0.000 0.000 200000.000 0 1 0 200 0 0
 1128 61745.000 28778.000 0 0 0.000 0.000 0.000 200000.000 0 1 0 200 0 0
 1129 61758.000 28688.000 0 0 0.000 0.000 0.000 200000.000 0 1 0 200 0 0
 1130 60471.000 30125.000 0 0 0.000 0.000 0.000 200000.000 0 1 0 200 0 0
 1131 88306.000 180443.000 0 0 0.000 0.000 0.000 200000.000 0 1 0 200 0 0
 1132 27843.000 136551.000 0 0 0.000 0.000 0.000 200000.000 0 1 0 200 0 0
 1133 19799.000 109977.000 0 0 52.000 30.000 1560.000 39.496 0 1 37 200 0 0
 1134 35057.000 148901.000 0 0 0.000 0.000 0.000 0.244 0 1 0 0 0 0
 1135 20049.000 108818.000 0 0 0.000 0.000 0.000 200000.000 0 1 0 200 0 0
 1136 22103.000 123500.000 0 0 0.000 0.000 0.000 200000.000 0 1 0 200 0 0
 1137 18696.000 99661.000 0 0 0.000 0.000 0.000 200000.000 0 1 0 200 0 0
 1138 43200.000 42065.000 0 0 0.000 0.000 0.000 200000.000 0 1 0 200 0 0
 1139 148140.000 165748.000 0 0 0.000 0.000 0.000 0.139 0 1 0 0 0 0
 1140 72646.000 176754.000 0 0 0.000 0.000 0.000 200000.000 0 1 0 200 0 0
 1141 46305.000 161465.000 0 0 0.000 0.000 0.000 200000.000 0 1 0 200 0 0
 1142 21033.000 120268.000 0 0 54.000 36.000 1944.000 44.090 0 1 49 200 0 0
 1143 27487.000 63099.000 0 0 56.000 44.000 2464.000 49.638 0 1 5 200 0 0
 1144 20635.000 88702.000 0 0 0.000 0.000 0.000 200000.000 0 1 0 200 0 0
 1145 19691.000 95685.000 0 0 50.000 26.000 1300.000 36.055 0 1 23 200 0 0
 1146 18870.000 94891.000 0 0 0.000 0.000 0.000 200000.000 0 1 0 200 0 0
 1147 18922.000 92944.000 0 0 0.000 0.000 0.000 200000.000 0 1 0 200 0 0
 1148 18846.000 91287.000 0 0 0.000 0.000 0.000 200000.000 0 1 0 200 0 0
 1149 20674.000 82561.000 0 0 0.000 0.000 0.000 0.301 0 1 0 0 0 0
 1150 136292.000 27332.000 0 0 0.000 0.000 0.000 200000.000 0 1 0 200 0 0
 1151 163261.000 151859.000 0 0 0.000 0.000 0.000 200000.000 0 1 0 200 0 0
 1152 28623.000 137867.000 0 0 0.000 0.000 0.000 200000.000 0 1 0 200 0 0
 1153 27823.000 138364.000 0 0 0.000 0.000 0.000 200000.000 0 1 0 200 0 0
 1154 21166.000 121450.000 0 0 0.000 0.000 0.000 200000.000 0 1 0 200 0 0
 1155 19052.000 114242.000 0 0 0.000 0.000 0.000 200000.000 0 1 0 200 0 0
 1156 31882.000 55225.000 0 0 0.000 0.000 0.000 200000.000 0 1 0 200 0 0
 1157 56655.000 169769.000 0 0 0.000 0.000 0.000 200000.000 0 1 0 200 0 0
 1158 27614.000 138697.000 0 0 0.000 0.000 0.000 200000.000 0 1 0 200 0 0
 1159 19808.000 116417.000 0 0 54.000 34.000 1836.000 42.848 0 1 43 200 0 0
 1160 38105.000 152652.000 0 0 0.000 0.000 0.000 200000.000 0 1 0 200 0 0
 1161 18160.000 105097.000 0 0 0.000 0.000 0.000 200000.000 0 1 0 200 0 0
 1162 19739.000 116074.000 0 0 54.000 32.000 1728.000 41.569 0 1 43 200 0 0
 1163 36199.000 49018.000 0 0 0.000 0.000 0.000 200000.000 0 1 0 200 0 0
 1164 148559.000 166324.000 0 0 0.000 0.000 0.000 200000.000 0 1 0 200 0 0
 1165 57429.000 169649.000 0 0 0.000 0.000 0.000 200000.000 0 1 0 200 0 0
 1166 109066.000 181617.000 0 0 0.000 0.000 0.000 200000.000 0 1 0 200 0 0
 1167 56741.000 169736.000 0 0 0.000 0.000 0.000 200000.000 0 1 0 200 0 0
 1168 19182.000 96180.000 0 0 50.000 26.000 1300.000 36.055 0 1 23 200 0 0
 1169 54069.000 168297.000 0 0 0.000 0.000 0.000 200000.000 0 1 0 200 0 0
 1170 25750.000 134967.000 0 0 0.000 0.000 0.000 200000.000 0 1 0 200 0 0
 1171 23909.000 130150.000 0 0 0.000 0.000 0.000 0.205 0 1 0 0 0 0
 1172 18969.000 113757.000 0 0 0.000 0.000 0.000 200000.000 0 1 0 200 0 0
 1173 17758.000 106664.000 0 0 0.000 0.000 0.000 200000.000 0 1 0 200 0 0
 1174 17862.000 101883.000 0 0 0.000 0.000 0.000 200000.000 0 1 0 200 0 0
 1175 164055.000 151280.000 0 0 0.000 0.000 0.000 0.227 0 1 0 0 0 0
 1176 159998.000 155750.000 0 0 0.000 0.000 0.000 0.334 0 1 0 0 0 0
 1177 148506.000 166157.000 0 0 0.000 0.000 0.000 200000.000 0 1 0 200 0 0
 1178 17574.000 96905.000 0 0 50.000 24.000 1200.000 34.641 0 1 24 210 0 0
 1179 79436.000 179702.000 0 0 0.000 0.000 0.000 200000.000 0 1 0 200 0 0
 1180 72304.000 177326.000 0 0 0.000 0.000 0.000 0.228 0 1 0 0 0 0
 1181 54195.000 168210.000 0 0 0.000 0.000 0.000 200000.000 0 1 0 200 0 0
 1182 30856.000 144567.000 0 0 0.000 0.000 0.000 200000.000 0 1 0 200 0 0
 1183 19010.000 114973.000 0 0 0.000 0.000 0.000 200000.000 0 1 0 200 0 0
 1184 26212.000 63346.000 0 0 56.000 44.000 2464.000 49.638 0 1 5 200 0 0
 1185 26877.000 62785.000 0 0 56.000 44.000 2464.000 49.638 0 1 5 200 0 0
 1186 27155.000 62246.000 0 0 56.000 44.000 2464.000 49.638 0 1 5 200 0 0
 1187 169903.000 143062.000 0 0 0.000 0.000 0.000 0.200 0 1 0 0 0 0
 1188 42873.000 41909.000 0 0 0.000 0.000 0.000 200000.000 0 1 0 200 0 0
 1189 133892.000 174373.000 0 0 0.000 0.000 0.000 200000.000 0 1 0 200 0 0
 1190 81200.000 180310.000 0 0 0.000 0.000 0.000 200000.000 0 1 0 200 0 0
 1191 79059.000 178939.000 0 0 0.000 0.000 0.000 200000.000 0 1 0 200 0 0
 1192 26123.000 136913.000 0 0 0.000 0.000 0.000 200000.000 0 1 0 200 0 0
 1193 24516.000 133485.000 0 0 0.000 0.000 0.000 200000.000 0 1 0 200 0 0
 1194 23240.000 130426.000 0 0 0.000 0.000 0.000 200000.000 0 1 0 200 0 0
 1195 21902.000 127303.000 0 0 0.000 0.000 0.000 200000.000 0 1 0 200 0 0
 1196 21404.000 124589.000 0 0 0.000 0.000 0.000 0.214 0 1 0 0 0 0
 1197 50424.000 34520.000 0 0 0.000 0.000 0.000 200000.000 0 1 0 200 0 0
 1198 109107.000 181491.000 0 0 0.000 0.000 0.000 200000.000 0 1 0 200 0 0
 1199 90532.000 182445.000 0 0 0.000 0.000 0.000 200000.000 0 1 0 200 0 0
 1200 20021.000 116124.000 0 0 54.000 32.000 1728.000 41.569 0 1 43 200 0 0
 1201 90667.000 182026.000 0 0 0.000 0.000 0.000 200000.000 0 1 0 200 0 0
 1202 31386.000 145997.000 0 0 0.000 0.000 0.000 200000.000 0 1 0 200 0 0
 1203 29508.000 143051.000 0 0 56.000 48.000 2688.000 51.845 0 1 68 200 0 0
 1204 27073.000 139845.000 0 0 0.000 0.000 0.000 200000.000 0 1 0 200 0 0
 1205 19903.000 119951.000 0 0 54.000 36.000 1944.000 44.090 0 1 49 200 0 0
 1206 18679.000 116848.000 0 0 0.000 0.000 0.000 200000.000 0 1 0 200 0 0
 1207 18016.000 92743.000 0 0 0.000 0.000 0.000 200000.000 0 1 0 200 0 0
 1208 18257.000 89247.000 0 0 0.000 0.000 0.000 0.212 0 1 0 0 0 0
 1209 90289.000 18335.000 0 0 0.000 0.000 0.000 200000.000 0 1 0 200 0 0
 1210 140617.000 171883.000 0 0 0.000 0.000 0.000 200000.000 0 1 0 200 0 0
 1211 132575.000 176259.000 0 0 0.000 0.000 0.000 200000.000 0 1 0 200 0 0
 1212 36185.000 49077.000 0 0 0.000 0.000 0.000 200000.000 0 1 0 200 0 0
 1213 119773.000 179684.000 0 0 0.000 0.000 0.000 200000.000 0 1 0 200 0 0
 1214 83953.000 181424.000 0 0 0.000 0.000 0.000 200000.000 0 1 0 200 0 0
 1215 67859.000 176326.000 0 0 0.000 0.000 0.000 200000.000 0 1 0 200 0 0
 1216 67806.000 176310.000 0 0 0.000 0.000 0.000 200000.000 0 1 0 200 0 0
 1217 28958.000 142442.000 0 0 56.000 46.000 2576.000 50.754 0 1 68 200 0 0
 1218 17903.000 109873.000 0 0 52.000 28.000 1456.000 38.157 0 1 37 200 0 0
 1219 17372.000 100351.000 0 0 51.000 24.000 1224.000 34.985 0 1 27 200 0 0
 1220 137599.000 173891.000 0 0 0.000 0.000 0.000 200000.000 0 1 0 200 0 0
 1221 22149.000 74982.000 0 0 0.000 0.000 0.000 200000.000 0 1 0 200 0 0
 1222 70786.000 177682.000 0 0 0.000 0.000 0.000 200000.000 0 1 0 200 0 0
 1223 26902.000 62859.000 0 0 56.000 44.000 2464.000 49.638 0 1 5 200 0 0
 1224 61684.000 173495.000 0 0 0.000 0.000 0.000 0.203 0 1 0 0 0 0
 1225 156253.000 39556.000 0 0 0.000 0.000 0.000 0.133 0 1 0 0 0 0
 1226 25276.000 136343.000 0 0 0.000 0.000 0.000 200000.000 0 1 0 200 0 0
 1227 20729.000 124824.000 0 0 0.000 0.000 0.000 200000.000 0 1 0 200 0 0
 1228 17019.000 98238.000 0 0 0.000 0.000 0.000 200000.000 0 1 0 200 0 0
 1229 19543.000 80520.000 0 0 0.000 0.000 0.000 200000.000 0 1 0 200 0 0
 1230 21522.000 73192.000 0 0 0.000 0.000 0.000 200000.000 0 1 0 200 0 0
 1231 120694.000 180502.000 0 0 0.000 0.000 0.000 200000.000 0 1 0 200 0 0
 1232 81281.000 180206.000 0 0 0.000 0.000 0.000 200000.000 0 1 0 200 0 0
 1233 70836.000 177696.000 0 0 0.000 0.000 0.000 200000.000 0 1 0 200 0 0
 1234 20032.000 122269.000 0 0 56.000 36.000 2016.000 44.899 0 1 52 200 0 0
 1235 73559.000 177845.000 0 0 0.000 0.000 0.000 200000.000 0 1 0 200 0 0
 1236 34563.000 151046.000 0 0 0.000 0.000 0.000 0.277 0 1 0 0 0 0
 1237 26568.000 63525.000 0 0 56.000 44.000 2464.000 49.638 0 1 5 200 0 0
 1238 32698.000 148528.000 0 0 0.000 0.000 0.000 200000.000 0 1 0 200 0 0
 1239 30498.000 145452.000 0 0 0.000 0.000 0.000 200000.000 0 1 0 200 0 0
 1240 30415.000 145450.000 0 0 0.000 0.000 0.000 200000.000 0 1 0 200 0 0
 1241 18075.000 115529.000 0 0 0.000 0.000 0.000 200000.000 0 1 0 200 0 0
 1242 18564.000 110645.000 0 0 52.000 30.000 1560.000 39.496 0 1 37 200 0 0
 1243 17565.000 89154.000 0 0 0.000 0.000 0.000 200000.000 0 1 0 200 0 0
 1244 21666.000 73296.000 0 0 0.000 0.000 0.000 200000.000 0 1 0 200 0 0
 1245 28230.000 58612.000 0 0 0.000 0.000 0.000 200000.000 0 1 0 200 0 0
 1246 28221.000 58546.000 0 0 0.000 0.000 0.000 200000.000 0 1 0 200 0 0
 1247 123532.000 180069.000 0 0 0.000 0.000 0.000 200000.000 0 1 0 200 0 0
 1248 79952.000 180840.000 0 0 0.000 0.000 0.000 200000.000 0 1 0 200 0 0
 1249 94831.000 182483.000 0 0 0.000 0.000 0.000 200000.000 0 1 0 200 0 0
 1250 79888.000 180868.000 0 0 0.000 0.000 0.000 200000.000 0 1 0 200 0 0
 1251 74673.000 178676.000 0 0 0.000 0.000 0.000 200000.000 0 1 0 200 0 0
 1252 41177.000 158909.000 0 0 0.000 0.000 0.000 0.207 0 1 0 0 0 0
 1253 28753.000 142785.000 0 0 56.000 46.000 2576.000 50.754 0 1 68 200 0 0
 1254 56136.000 29746.000 0 0 0.000 0.000 0.000 0.135 0 1 0 0 0 0
 1255 23068.000 129373.000 0 0 0.000 0.000 0.000 200000.000 0 1 0 200 0 0
 1256 18207.000 85125.000 0 0 0.000 0.000 0.000 200000.000 0 1 0 200 0 0
 1257 120968.000 19780.000 0 0 0.000 0.000 0.000 200000.000 0 1 0 200 0 0
 1258 168184.000 148169.000 0 0 0.000 0.000 0.000 200000.000 0 1 0 200 0 0
 1259 132427.000 175908.000 0 0 0.000 0.000 0.000 200000.000 0 1 0 200 0 0
 1260 123536.000 179897.000 0 0 0.000 0.000 0.000 200000.000 0 1 0 200 0 0
 1261 28372.000 142809.000 0 0 56.000 46.000 2576.000 50.754 0 1 68 200 0 0
 1262 35244.000 152665.000 0 0 0.000 0.000 0.000 200000.000 0 1 0 200 0 0
 1263 29969.000 145388.000 0 0 0.000 0.000 0.000 200000.000 0 1 0 200 0 0
 1264 24345.000 135171.000 0 0 0.000 0.000 0.000 200000.000 0 1 0 200 0 0
 1265 21335.000 128751.000 0 0 56.000 40.000 2240.000 47.328 0 1 58 210 0 0
 1266 32119.000 51583.000 0 0 0.000 0.000 0.000 200000.000 0 1 0 200 0 0
 1267 172298.000 59217.000 0 0 0.000 0.000 0.000 200000.000 0 1 0 200 0 0
 1268 168095.000 148038.000 0 0 0.000 0.000 0.000 200000.000 0 1 0 200 0 0
 1269 76155.000 180177.000 0 0 0.000 0.000 0.000 0.140 0 1 0 0 0 0
 1270 47734.000 165324.000 0 0 0.000 0.000 0.000 200000.000 0 1 0 200 0 0
 1271 27399.000 139662.000 0 0 0.000 0.000 0.000 200000.000 0 1 0 200 0 0
 1272 27891.000 142665.000 0 0 56.000 46.000 2576.000 50.754 0 1 68 200 0 0
 1273 19331.000 122466.000 0 0 56.000 36.000 2016.000 44.899 0 1 52 200 0 0
 1274 27950.000 142348.000 0 0 56.000 46.000 2576.000 50.754 0 1 68 200 0 0
 1275 16654.000 107744.000 0 0 0.000 0.000 0.000 200000.000 0 1 0 200 0 0
 1276 20881.000 128495.000 0 0 56.000 40.000 2240.000 47.328 0 1 58 210 0 0
 1277 18797.000 121799.000 0 0 56.000 36.000 2016.000 44.899 0 1 52 200 0 0
 1278 16896.000 112617.000 0 0 0.000 0.000 0.000 200000.000 0 1 0 200 0 0
 1279 16060.000 103996.000 0 0 0.000 0.000 0.000 200000.000 0 1 0 200 0 0
 1280 16014.000 97682.000 0 0 0.000 0.000 0.000 200000.000 0 1 0 200 0 0
 1281 17687.000 86379.000 0 0 0.000 0.000 0.000 0.224 0 1 0 0 0 0
 1282 109275.000 17306.000 0 0 0.000 0.000 0.000 200000.000 0 1 0 200 0 0
 1283 156596.000 39110.000 0 0 0.000 0.000 0.000 200000.000 0 1 0 200 0 0
 1284 183444.000 102855.000 0 0 0.000 0.000 0.000 200000.000 0 1 0 200 0 0
 1285 40658.000 159438.000 0 0 0.000 0.000 0.000 200000.000 0 1 0 200 0 0
 1286 25376.000 138820.000 0 0 0.000 0.000 0.000 200000.000 0 1 0 200 0 0
 1287 24681.000 137064.000 0 0 0.000 0.000 0.000 200000.000 0 1 0 200 0 0
 1288 41701.000 41550.000 0 0 0.000 0.000 0.000 200000.000 0 1 0 200 0 0
 1289 64767.000 175093.000 0 0 0.000 0.000 0.000 200000.000 0 1 0 200 0 0
 1290 20468.000 125809.000 0 0 54.000 38.000 2052.000 45.299 0 1 56 200 0 0
 1291 19084.000 124086.000 0 0 0.000 0.000 0.000 200000.000 0 1 0 200 0 0
 1292 15938.000 104943.000 0 0 0.000 0.000 0.000 200000.000 0 1 0 200 0 0
 1293 17251.000 84686.000 0 0 0.000 0.000 0.000 200000.000 0 1 0 200 0 0
 1294 183463.000 102803.000 0 0 0.000 0.000 0.000 200000.000 0 1 0 200 0 0
 1295 131432.000 177690.000 0 0 0.000 0.000 0.000 0.205 0 1 0 0 0 0
 1296 21186.000 125827.000 0 0 54.000 38.000 2052.000 45.299 0 1 56 200 0 0
 1297 103200.000 184104.000 0 0 0.000 0.000 0.000 200000.000 0 1 0 200 0 0
 1298 96689.000 184107.000 0 0 0.000 0.000 0.000 200000.000 0 1 0 200 0 0
 1299 94104.000 183594.000 0 0 0.000 0.000 0.000 0.271 0 1 0 0 0 0
 1300 21332.000 131151.000 0 0 0.000 0.000 0.000 200000.000 0 1 0 200 0 0
 1301 20931.000 130112.000 0 0 0.000 0.000 0.000 200000.000 0 1 0 200 0 0
 1302 18574.000 122276.000 0 0 56.000 36.000 2016.000 44.899 0 1 52 200 0 0
 1303 16149.000 99885.000 0 0 51.000 24.000 1224.000 34.985 0 1 27 200 0 0
 1304 17831.000 81869.000 0 0 0.000 0.000 0.000 200000.000 0 1 0 200 0 0
 1305 155047.000 163517.000 0 0 0.000 0.000 0.000 200000.000 0 1 0 200 0 0
 1306 142674.000 172459.000 0 0 0.000 0.000 0.000 200000.000 0 1 0 200 0 0
 1307 96747.000 183952.000 0 0 0.000 0.000 0.000 200000.000 0 1 0 200 0 0
 1308 93716.000 184110.000 0 0 0.000 0.000 0.000 200000.000 0 1 0 200 0 0
 1309 75965.000 180857.000 0 0 0.000 0.000 0.000 200000.000 0 1 0 200 0 0
 1310 16954.000 88695.000 0 0 0.000 0.000 0.000 0.136 0 1 0 0 0 0
 1311 27964.000 143454.000 0 0 56.000 46.000 2576.000 50.754 0 1 68 200 0 0
 1312 27327.000 142711.000 0 0 56.000 46.000 2576.000 50.754 0 1 68 200 0 0
 1313 26698.000 141276.000 0 0 0.000 0.000 0.000 200000.000 0 1 0 200 0 0
 1314 16969.000 86274.000 0 0 0.000 0.000 0.000 200000.000 0 1 0 200 0 0
 1315 25279.000 61430.000 0 0 0.000 0.000 0.000 200000.000 0 1 0 200 0 0
 1316 129772.000 179042.000 0 0 0.000 0.000 0.000 200000.000 0 1 0 200 0 0
 1317 32221.000 51725.000 0 0 0.000 0.000 0.000 200000.000 0 1 0 200 0 0
 1318 93780.000 183952.000 0 0 0.000 0.000 0.000 200000.000 0 1 0 200 0 0
 1319 156637.000 39148.000 0 0 0.000 0.000 0.000 200000.000 0 1 0 200 0 0
 1320 19634.000 126968.000 0 0 54.000 38.000 2052.000 45.299 0 1 56 200 0 0
 1321 47799.000 165327.000 0 0 0.000 0.000 0.000 200000.000 0 1 0 200 0 0
 1322 19276.000 125299.000 0 0 54.000 38.000 2052.000 45.299 0 1 55 200 0 0
 1323 35466.000 153206.000 0 0 0.000 0.000 0.000 200000.000 0 1 0 200 0 0
 1324 16038.000 111412.000 0 0 0.000 0.000 0.000 200000.000 0 1 0 200 0 0
 1325 20585.000 72262.000 0 0 0.000 0.000 0.000 200000.000 0 1 0 200 0 0
 1326 40931.000 159166.000 0 0 0.000 0.000 0.000 200000.000 0 1 0 200 0 0
 1327 44224.000 163167.000 0 0 0.000 0.000 0.000 0.290 0 1 0 0 0 0
 1328 36512.000 155750.000 0 0 52.000 52.000 2704.000 52.000 0 1 74 200 0 0
 1329 16264.000 88623.000 0 0 0.000 0.000 0.000 200000.000 0 1 0 200 0 0
 1330 32961.000 151133.000 0 0 0.000 0.000 0.000 200000.000 0 1 0 200 0 0
 1331 16186.000 86839.000 0 0 0.000 0.000 0.000 200000.000 0 1 0 200 0 0
 1332 16970.000 117806.000 0 0 54.000 34.000 1836.000 42.848 0 1 46 210 0 0
 1333 16009.000 112429.000 0 0 0.000 0.000 0.000 200000.000 0 1 0 200 0 0
 1334 15563.000 93488.000 0 0 0.000 0.000 0.000 200000.000 0 1 0 200 0 0
 1335 28048.000 56184.000 0 0 0.000 0.000 0.000 200000.000 0 1 0 200 0 0
 1336 49743.000 32480.000 0 0 0.000 0.000 0.000 200000.000 0 1 0 200 0 0
 1337 103186.000 183703.000 0 0 0.000 0.000 0.000 200000.000 0 1 0 200 0 0
 1338 99288.000 184676.000 0 0 0.000 0.000 0.000 200000.000 0 1 0 200 0 0
 1339 21257.000 128348.000 0 0 56.000 40.000 2240.000 47.328 0 1 58 210 0 0
 1340 18118.000 122543.000 0 0 56.000 36.000 2016.000 44.899 0 1 52 200 0 0
 1341 36847.000 156246.000 0 0 52.000 50.000 2600.000 50.990 0 1 74 200 0 0
 1342 16298.000 107574.000 0 0 0.000 0.000 0.000 200000.000 0 1 0 200 0 0
 1343 36557.000 155786.000 0 0 52.000 52.000 2704.000 52.000 0 1 74 200 0 0
 1344 16452.000 103968.000 0 0 0.000 0.000 0.000 200000.000 0 1 0 200 0 0
 1345 23265.000 135202.000 0 0 56.000 42.000 2352.000 48.497 0 1 64 200 0 0
 1346 17158.000 120174.000 0 0 54.000 34.000 1836.000 42.848 0 1 50 200 0 0
 1347 160444.000 41197.000 0 0 0.000 0.000 0.000 200000.000 0 1 0 200 0 0
 1348 129460.000 179351.000 0 0 0.000 0.000 0.000 0.227 0 1 0 0 0 0
 1349 72793.000 180384.000 0 0 0.000 0.000 0.000 200000.000 0 1 0 200 0 0
 1350 76264.000 181388.000 0 0 0.000 0.000 0.000 0.270 0 1 0 0 0 0
 1351 29106.000 144984.000 0 0 0.000 0.000 0.000 200000.000 0 1 0 200 0 0
 1352 52404.000 170455.000 0 0 0.000 0.000 0.000 200000.000 0 1 0 200 0 0
 1353 16359.000 97231.000 0 0 0.000 0.000 0.000 200000.000 0 1 0 200 0 0
 1354 19994.000 71891.000 0 0 0.000 0.000 0.000 200000.000 0 1 0 200 0 0
 1355 104650.000 184886.000 0 0 0.000 0.000 0.000 200000.000 0 1 0 200 0 0
 1356 25633.000 61614.000 0 0 0.000 0.000 0.000 200000.000 0 1 0 200 0 0
 1357 78484.000 182090.000 0 0 0.000 0.000 0.000 200000.000 0 1 0 200 0 0
 1358 66988.000 178548.000 0 0 0.000 0.000 0.000 200000.000 0 1 0 200 0 0
 1359 33853.000 153154.000 0 0 0.000 0.000 0.000 0.257 0 1 0 0 0 0
 1360 33511.000 152949.000 0 0 0.000 0.000 0.000 200000.000 0 1 0 200 0 0
 1361 19510.000 123951.000 0 0 0.000 0.000 0.000 200000.000 0 1 0 200 0 0
 1362 15287.000 95657.000 0 0 50.000 26.000 1300.000 36.055 0 1 24 210 0 0
 1363 17893.000 123644.000 0 0 0.000 0.000 0.000 200000.000 0 1 0 200 0 0
 1364 16783.000 82691.000 0 0 54.000 34.000 1836.000 42.848 0 1 14 210 0 0
 1365 15629.000 113318.000 0 0 52.000 30.000 1560.000 39.496 0 1 41 200 0 0
 1366 17619.000 84739.000 0 0 0.000 0.000 0.000 200000.000 0 1 0 200 0 0
 1367 14618.000 100921.000 0 0 0.000 0.000 0.000 200000.000 0 1 0 200 0 0
 1368 95206.000 185043.000 0 0 0.000 0.000 0.000 200000.000 0 1 0 200 0 0
 1369 66053.000 177406.000 0 0 0.000 0.000 0.000 200000.000 0 1 0 200 0 0
 1370 56514.000 173265.000 0 0 0.000 0.000 0.000 200000.000 0 1 0 200 0 0
 1371 17568.000 121801.000 0 0 56.000 36.000 2016.000 44.899 0 1 52 200 0 0
 1372 21475.000 134167.000 0 0 0.000 0.000 0.000 200000.000 0 1 0 200 0 0
 1373 15501.000 113604.000 0 0 52.000 30.000 1560.000 39.496 0 1 41 200 0 0
 1374 20783.000 68822.000 0 0 0.000 0.000 0.000 200000.000 0 1 0 200 0 0
 1375 21698.000 67396.000 0 0 0.000 0.000 0.000 0.316 0 1 0 0 0 0
 1376 174017.000 141753.000 0 0 0.000 0.000 0.000 200000.000 0 1 0 200 0 0
 1377 72004.000 179632.000 0 0 0.000 0.000 0.000 200000.000 0 1 0 200 0 0
 1378 61177.000 176034.000 0 0 0.000 0.000 0.000 200000.000 0 1 0 200 0 0
 1379 25968.000 142401.000 0 0 0.000 0.000 0.000 200000.000 0 1 0 200 0 0
 1380 36027.000 156228.000 0 0 52.000 52.000 2704.000 52.000 0 1 74 200 0 0
 1381 35495.000 155875.000 0 0 52.000 52.000 2704.000 52.000 0 1 74 200 0 0
 1382 14345.000 96756.000 0 0 0.000 0.000 0.000 200000.000 0 1 0 200 0 0
 1383 16399.000 119924.000 0 0 54.000 34.000 1836.000 42.848 0 1 50 200 0 0
 1384 14720.000 107062.000 0 0 0.000 0.000 0.000 200000.000 0 1 0 200 0 0
 1385 14122.000 98522.000 0 0 0.000 0.000 0.000 200000.000 0 1 0 200 0 0
 1386 15743.000 86387.000 0 0 0.000 0.000 0.000 200000.000 0 1 0 200 0 0
 1387 16859.000 78650.000 0 0 0.000 0.000 0.000 200000.000 0 1 0 200 0 0
 1388 20906.000 68516.000 0 0 0.000 0.000 0.000 200000.000 0 1 0 200 0 0
 1389 29782.000 51967.000 0 0 0.000 0.000 0.000 0.218 0 1 0 0 0 0
 1390 115108.000 184337.000 0 0 0.000 0.000 0.000 200000.000 0 1 0 200 0 0
 1391 52604.000 170163.000 0 0 0.000 0.000 0.000 200000.000 0 1 0 200 0 0
 1392 130045.000 179168.000 0 0 0.000 0.000 0.000 200000.000 0 1 0 200 0 0
 1393 20674.000 132250.000 0 0 56.000 42.000 2352.000 48.497 0 1 62 200 0 0
 1394 61233.000 176051.000 0 0 0.000 0.000 0.000 200000.000 0 1 0 200 0 0
 1395 19996.000 126838.000 0 0 54.000 38.000 2052.000 45.299 0 1 56 200 0 0
 1396 26896.000 144228.000 0 0 56.000 46.000 2576.000 50.754 0 1 71 210 0 0
 1397 16410.000 111345.000 0 0 0.000 0.000 0.000 200000.000 0 1 0 200 0 0
 1398 14364.000 93566.000 0 0 0.000 0.000 0.000 200000.000 0 1 0 200 0 0
 1399 20601.000 132968.000 0 0 56.000 42.000 2352.000 48.497 0 1 62 200 0 0
 1400 15601.000 116166.000 0 0 54.000 32.000 1728.000 41.569 0 1 41 200 0 0
 1401 15238.000 114107.000 0 0 52.000 32.000 1664.000 40.792 0 1 41 200 0 0
 1402 14312.000 106166.000 0 0 0.000 0.000 0.000 200000.000 0 1 0 200 0 0
 1403 14998.000 87874.000 0 0 0.000 0.000 0.000 200000.000 0 1 0 200 0 0
 1404 115134.000 184160.000 0 0 0.000 0.000 0.000 200000.000 0 1 0 200 0 0
 1405 113384.000 184631.000 0 0 0.000 0.000 0.000 200000.000 0 1 0 200 0 0
 1406 103939.000 185604.000 0 0 0.000 0.000 0.000 200000.000 0 1 0 200 0 0
 1407 96697.000 184826.000 0 0 0.000 0.000 0.000 200000.000 0 1 0 200 0 0
 1408 18935.000 128083.000 0 0 0.000 0.000 0.000 200000.000 0 1 0 200 0 0
 1409 86873.000 184697.000 0 0 0.000 0.000 0.000 200000.000 0 1 0 200 0 0
 1410 18153.000 125695.000 0 0 54.000 38.000 2052.000 45.299 0 1 55 200 0 0
 1411 20737.000 69880.000 0 0 0.000 0.000 0.000 200000.000 0 1 0 200 0 0
 1412 28758.000 145939.000 0 0 0.000 0.000 0.000 200000.000 0 1 0 200 0 0
 1413 171054.000 147582.000 0 0 0.000 0.000 0.000 200000.000 0 1 0 200 0 0
 1414 14830.000 90485.000 0 0 0.000 0.000 0.000 200000.000 0 1 0 200 0 0
 1415 16613.000 86900.000 0 0 0.000 0.000 0.000 200000.000 0 1 0 200 0 0
 1416 17482.000 75774.000 0 0 0.000 0.000 0.000 200000.000 0 1 0 200 0 0
 1417 30767.000 50262.000 0 0 0.000 0.000 0.000 200000.000 0 1 0 200 0 0
 1418 41656.000 37664.000 0 0 0.000 0.000 0.000 200000.000 0 1 0 200 0 0
 1419 22795.000 137848.000 0 0 56.000 44.000 2464.000 49.638 0 1 65 210 0 0
 1420 31937.000 152313.000 0 0 0.000 0.000 0.000 200000.000 0 1 0 200 0 0
 1421 21685.000 136303.000 0 0 56.000 42.000 2352.000 48.497 0 1 64 200 0 0
 1422 14947.000 114432.000 0 0 54.000 32.000 1728.000 41.569 0 1 41 200 0 0
 1423 14546.000 111790.000 0 0 0.000 0.000 0.000 200000.000 0 1 0 200 0 0
 1424 29351.000 51680.000 0 0 0.000 0.000 0.000 200000.000 0 1 0 200 0 0
 1425 91700.000 14935.000 0 0 0.000 0.000 0.000 200000.000 0 1 0 200 0 0
 1426 129284.000 180797.000 0 0 0.000 0.000 0.000 0.139 0 1 0 0 0 0
 1427 160465.000 160103.000 0 0 0.000 0.000 0.000 200000.000 0 1 0 200 0 0
 1428 160273.000 160040.000 0 0 0.000 0.000 0.000 200000.000 0 1 0 200 0 0
 1429 136627.000 177034.000 0 0 0.000 0.000 0.000 200000.000 0 1 0 200 0 0
 1430 37190.000 158623.000 0 0 0.000 0.000 0.000 0.341 0 1 0 0 0 0
 1431 91140.000 184760.000 0 0 0.000 0.000 0.000 200000.000 0 1 0 200 0 0
 1432 21921.000 136408.000 0 0 56.000 42.000 2352.000 48.497 0 1 64 200 0 0
 1433 26287.000 144623.000 0 0 56.000 46.000 2576.000 50.754 0 1 71 210 0 0
 1434 22261.000 137916.000 0 0 56.000 42.000 2352.000 48.497 0 1 65 210 0 0
 1435 19343.000 129705.000 0 0 56.000 40.000 2240.000 47.328 0 1 58 210 0 0
 1436 20040.000 132948.000 0 0 56.000 42.000 2352.000 48.497 0 1 62 200 0 0
 1437 15493.000 118216.000 0 0 54.000 34.000 1836.000 42.848 0 1 46 210 0 0
 1438 15436.000 117949.000 0 0 54.000 34.000 1836.000 42.848 0 1 46 210 0 0
 1439 14335.000 111496.000 0 0 0.000 0.000 0.000 200000.000 0 1 0 200 0 0
 1440 13919.000 107687.000 0 0 0.000 0.000 0.000 200000.000 0 1 0 200 0 0
 1441 62253.000 23245.000 0 0 0.000 0.000 0.000 0.213 0 1 0 0 0 0
 1442 169172.000 150856.000 0 0 0.000 0.000 0.000 0.201 0 1 0 0 0 0
 1443 168921.000 151218.000 0 0 0.000 0.000 0.000 200000.000 0 1 0 200 0 0
 1444 23655.000 139934.000 0 0 0.000 0.000 0.000 200000.000 0 1 0 200 0 0
 1445 20127.000 133603.000 0 0 56.000 42.000 2352.000 48.497 0 1 62 200 0 0
 1446 16735.000 118120.000 0 0 54.000 34.000 1836.000 42.848 0 1 46 210 0 0
 1447 20058.000 133437.000 0 0 56.000 42.000 2352.000 48.497 0 1 62 200 0 0
 1448 15008.000 102272.000 0 0 50.000 24.000 1200.000 34.641 0 1 30 200 0 0
 1449 17134.000 125275.000 0 0 0.000 0.000 0.000 200000.000 0 1 0 200 0 0
 1450 30800.000 50215.000 0 0 0.000 0.000 0.000 200000.000 0 1 0 200 0 0
 1451 17648.000 74639.000 0 0 0.000 0.000 0.000 200000.000 0 1 0 200 0 0
 1452 29723.000 50847.000 0 0 0.000 0.000 0.000 200000.000 0 1 0 200 0 0
 1453 100330.000 186146.000 0 0 0.000 0.000 0.000 0.291 0 1 0 0 0 0
 1454 85111.000 185098.000 0 0 0.000 0.000 0.000 200000.000 0 1 0 200 0 0
 1455 28749.000 149076.000 0 0 0.000 0.000 0.000 200000.000 0 1 0 200 0 0
 1456 15912.000 113525.000 0 0 52.000 30.000 1560.000 39.496 0 1 41 200 0 0
 1457 78704.000 182886.000 0 0 0.000 0.000 0.000 200000.000 0 1 0 200 0 0
 1458 15454.000 119615.000 0 0 0.000 0.000 0.000 200000.000 0 1 0 200 0 0
 1459 13296.000 102854.000 0 0 50.000 24.000 1200.000 34.641 0 1 30 200 0 0
 1460 13777.000 98766.000 0 0 0.000 0.000 0.000 200000.000 0 1 0 200 0 0
 1461 158625.000 163500.000 0 0 0.000 0.000 0.000 200000.000 0 1 0 200 0 0
 1462 129544.000 181485.000 0 0 0.000 0.000 0.000 200000.000 0 1 0 200 0 0
 1463 18483.000 129864.000 0 0 56.000 40.000 2240.000 47.328 0 1 58 210 0 0
 1464 22224.000 135744.000 0 0 56.000 42.000 2352.000 48.497 0 1 64 200 0 0
 1465 16793.000 119822.000 0 0 54.000 34.000 1836.000 42.848 0 1 50 200 0 0
 1466 25453.000 144554.000 0 0 56.000 46.000 2576.000 50.754 0 1 71 210 0 0
 1467 15362.000 87912.000 0 0 0.000 0.000 0.000 200000.000 0 1 0 200 0 0
 1468 14779.000 96778.000 0 0 0.000 0.000 0.000 200000.000 0 1 0 200 0 0
 1469 91654.000 15015.000 0 0 0.000 0.000 0.000 200000.000 0 1 0 200 0 0
 1470 17078.000 126248.000 0 0 0.000 0.000 0.000 200000.000 0 1 0 200 0 0
 1471 13661.000 110196.000 0 0 0.000 0.000 0.000 200000.000 0 1 0 200 0 0
 1472 103423.000 13924.000 0 0 0.000 0.000 0.000 200000.000 0 1 0 200 0 0
 1473 30070.000 151236.000 0 0 0.000 0.000 0.000 200000.000 0 1 0 200 0 0
 1474 30244.000 151186.000 0 0 0.000 0.000 0.000 200000.000 0 1 0 200 0 0
 1475 20596.000 134588.000 0 0 54.000 42.000 2268.000 47.623 0 1 62 200 0 0
 1476 26384.000 146403.000 0 0 0.000 0.000 0.000 200000.000 0 1 0 200 0 0
 1477 22859.000 137262.000 0 0 56.000 42.000 2352.000 48.497 0 1 65 210 0 0
 1478 17846.000 75876.000 0 0 0.000 0.000 0.000 200000.000 0 1 0 200 0 0
 1479 29756.000 50800.000 0 0 0.000 0.000 0.000 200000.000 0 1 0 200 0 0
 1480 138688.000 177567.000 0 0 0.000 0.000 0.000 0.455 0 1 0 0 0 0
 1481 31694.000 153623.000 0 0 0.000 0.000 0.000 0.143 0 1 0 0 0 0
 1482 20964.000 137572.000 0 0 0.000 0.000 0.000 200000.000 0 1 0 200 0 0
 1483 17943.000 128856.000 0 0 0.000 0.000 0.000 200000.000 0 1 0 200 0 0
 1484 34609.000 156150.000 0 0 0.000 0.000 0.000 200000.000 0 1 0 200 0 0
 1485 20044.000 66589.000 0 0 0.000 0.000 0.000 200000.000 0 1 0 200 0 0
 1486 18114.000 127243.000 0 0 54.000 38.000 2052.000 45.299 0 1 55 200 0 0
 1487 21712.000 62873.000 0 0 0.000 0.000 0.000 200000.000 0 1 0 200 0 0
 1488 12606.000 102574.000 0 0 0.000 0.000 0.000 200000.000 0 1 0 200 0 0
 1489 55868.000 25566.000 0 0 0.000 0.000 0.000 200000.000 0 1 0 200 0 0
 1490 50731.000 171783.000 0 0 0.000 0.000 0.000 200000.000 0 1 0 200 0 0
 1491 21703.000 139094.000 0 0 56.000 44.000 2464.000 49.638 0 1 65 210 0 0
 1492 43633.000 166346.000 0 0 0.000 0.000 0.000 200000.000 0 1 0 200 0 0
 1493 25425.000 144837.000 0 0 56.000 46.000 2576.000 50.754 0 1 71 210 0 0
 1494 181270.000 130474.000 0 0 0.000 0.000 0.000 0.132 0 1 0 0 0 0
 1495 22894.000 141405.000 0 0 0.000 0.000 0.000 200000.000 0 1 0 200 0 0
 1496 20110.000 135707.000 0 0 54.000 42.000 2268.000 47.623 0 1 62 200 0 0
 1497 13061.000 109413.000 0 0 0.000 0.000 0.000 200000.000 0 1 0 200 0 0
 1498 12933.000 108116.000 0 0 0.000 0.000 0.000 200000.000 0 1 0 200 0 0
 1499 12673.000 104335.000 0 0 50.000 26.000 1300.000 36.055 0 1 32 200 0 0
 1500 14078.000 101303.000 0 0 0.000 0.000 0.000 200000.000 0 1 0 200 0 0
 1501 41793.000 35965.000 0 0 0.000 0.000 0.000 0.272 0 1 0 0 0 0
 1502 103426.000 186478.000 0 0 0.000 0.000 0.000 200000.000 0 1 0 200 0 0
 1503 19946.000 134910.000 0 0 54.000 40.000 2160.000 46.475 0 1 62 200 0 0
 1504 12487.000 96424.000 0 0 0.000 0.000 0.000 200000.000 0 1 0 200 0 0
 1505 15244.000 115597.000 0 0 54.000 32.000 1728.000 41.569 0 1 41 200 0 0
 1506 21127.000 63315.000 0 0 0.000 0.000 0.000 200000.000 0 1 0 200 0 0
 1507 15211.000 114887.000 0 0 54.000 32.000 1728.000 41.569 0 1 41 200 0 0
 1508 13346.000 113002.000 0 0 52.000 30.000 1560.000 39.496 0 1 40 210 0 0
 1509 45054.000 32680.000 0 0 0.000 0.000 0.000 200000.000 0 1 0 200 0 0
 1510 43263.000 34174.000 0 0 0.000 0.000 0.000 200000.000 0 1 0 200 0 0
 1511 141812.000 176445.000 0 0 0.000 0.000 0.000 0.134 0 1 0 0 0 0
 1512 24333.000 144668.000 0 0 0.000 0.000 0.000 200000.000 0 1 0 200 0 0
 1513 116444.000 185794.000 0 0 32.000 54.000 1728.000 41.569 0 1 76 200 0 0
 1514 31151.000 154074.000 0 0 0.000 0.000 0.000 200000.000 0 1 0 200 0 0
 1515 12262.000 102390.000 0 0 0.000 0.000 0.000 200000.000 0 1 0 200 0 0
 1516 23626.000 143440.000 0 0 0.000 0.000 0.000 200000.000 0 1 0 200 0 0
 1517 13595.000 84832.000 0 0 0.000 0.000 0.000 200000.000 0 1 0 200 0 0
 1518 17140.000 72349.000 0 0 0.000 0.000 0.000 200000.000 0 1 0 200 0 0
 1519 185036.000 116358.000 0 0 0.000 0.000 0.000 200000.000 0 1 0 200 0 0
 1520 136291.000 179419.000 0 0 0.000 0.000 0.000 0.282 0 1 0 0 0 0
 1521 19795.000 134775.000 0 0 54.000 42.000 2268.000 47.623 0 1 62 200 0 0
 1522 119497.000 185520.000 0 0 0.000 0.000 0.000 200000.000 0 1 0 200 0 0
 1523 15154.000 123946.000 0 0 56.000 36.000 2016.000 44.899 0 1 54 200 0 0
 1524 13641.000 102819.000 0 0 50.000 24.000 1200.000 34.641 0 1 30 200 0 0
 1525 119833.000 15122.000 0 0 0.000 0.000 0.000 200000.000 0 1 0 200 0 0
 1526 155860.000 167514.000 0 0 0.000 0.000 0.000 200000.000 0 1 0 200 0 0
 1527 124571.000 184119.000 0 0 0.000 0.000 0.000 0.269 0 1 0 0 0 0
 1528 124026.000 184174.000 0 0 0.000 0.000 0.000 200000.000 0 1 0 200 0 0
 1529 119512.000 185346.000 0 0 0.000 0.000 0.000 200000.000 0 1 0 200 0 0
 1530 32715.000 156280.000 0 0 0.000 0.000 0.000 200000.000 0 1 0 200 0 0
 1531 40234.000 163078.000 0 0 0.000 0.000 0.000 200000.000 0 1 0 200 0 0
 1532 45075.000 32792.000 0 0 0.000 0.000 0.000 200000.000 0 1 0 200 0 0
 1533 26289.000 147837.000 0 0 0.000 0.000 0.000 200000.000 0 1 0 200 0 0
 1534 20868.000 138938.000 0 0 56.000 44.000 2464.000 49.638 0 1 65 210 0 0
 1535 13633.000 117625.000 0 0 0.000 0.000 0.000 200000.000 0 1 0 200 0 0
 1536 11959.000 106630.000 0 0 0.000 0.000 0.000 200000.000 0 1 0 200 0 0
 1537 14017.000 81006.000 0 0 0.000 0.000 0.000 200000.000 0 1 0 200 0 0
 1538 17319.000 69796.000 0 0 56.000 40.000 2240.000 47.328 0 1 8 200 0 0
 1539 30778.000 47878.000 0 0 0.000 0.000 0.000 200000.000 0 1 0 200 0 0
 1540 131451.000 181164.000 0 0 0.000 0.000 0.000 200000.000 0 1 0 200 0 0
 1541 14325.000 119105.000 0 0 54.000 34.000 1836.000 42.848 0 1 46 210 0 0
 1542 108886.000 187449.000 0 0 0.000 0.000 0.000 200000.000 0 1 0 200 0 0
 1543 14556.000 115601.000 0 0 54.000 32.000 1728.000 41.569 0 1 41 200 0 0
 1544 28043.000 150446.000 0 0 0.000 0.000 0.000 200000.000 0 1 0 200 0 0
 1545 13371.000 109112.000 0 0 0.000 0.000 0.000 200000.000 0 1 0 200 0 0
 1546 21856.000 141260.000 0 0 0.000 0.000 0.000 200000.000 0 1 0 200 0 0
 1547 13620.000 91615.000 0 0 52.000 28.000 1456.000 38.157 0 1 21 210 0 0
 1548 15883.000 127537.000 0 0 0.000 0.000 0.000 200000.000 0 1 0 200 0 0
 1549 123720.000 184743.000 0 0 0.000 0.000 0.000 0.132 0 1 0 0 0 0
 1550 11679.000 104878.000 0 0 50.000 26.000 1300.000 36.055 0 1 32 200 0 0
 1551 138948.000 177990.000 0 0 0.000 0.000 0.000 200000.000 0 1 0 200 0 0
 1552 16890.000 125638.000 0 0 0.000 0.000 0.000 200000.000 0 1 0 200 0 0
 1553 146421.000 174957.000 0 0 0.000 0.000 0.000 200000.000 0 1 0 200 0 0
 1554 24380.000 145739.000 0 0 56.000 46.000 2576.000 50.754 0 1 71 210 0 0
 1555 133030.000 181596.000 0 0 0.000 0.000 0.000 200000.000 0 1 0 200 0 0
 1556 12476.000 111699.000 0 0 0.000 0.000 0.000 200000.000 0 1 0 200 0 0
 1557 43808.000 168047.000 0 0 0.000 0.000 0.000 200000.000 0 1 0 200 0 0
 1558 12848.000 96426.000 0 0 0.000 0.000 0.000 200000.000 0 1 0 200 0 0
 1559 29957.000 152284.000 0 0 0.000 0.000 0.000 200000.000 0 1 0 200 0 0
 1560 12807.000 87585.000 0 0 0.000 0.000 0.000 200000.000 0 1 0 200 0 0
 1561 21150.000 140643.000 0 0 0.000 0.000 0.000 200000.000 0 1 0 200 0 0
 1562 14734.000 124336.000 0 0 56.000 36.000 2016.000 44.899 0 1 54 200 0 0
 1563 11390.000 100928.000 0 0 51.000 24.000 1224.000 34.985 0 1 28 200 0 0
 1564 11477.000 96176.000 0 0 0.000 0.000 0.000 200000.000 0 1 0 200 0 0
 1565 13875.000 79365.000 0 0 0.000 0.000 0.000 200000.000 0 1 0 200 0 0
 1566 21034.000 61155.000 0 0 0.000 0.000 0.000 200000.000 0 1 0 200 0 0
 1567 130517.000 17623.000 0 0 0.000 0.000 0.000 200000.000 0 1 0 200 0 0
 1568 62592.000 21230.000 0 0 0.000 0.000 0.000 200000.000 0 1 0 200 0 0
 1569 142015.000 176789.000 0 0 0.000 0.000 0.000 200000.000 0 1 0 200 0 0
 1570 76044.000 184420.000 0 0 0.000 0.000 0.000 200000.000 0 1 0 200 0 0
 1571 109580.000 187833.000 0 0 0.000 0.000 0.000 200000.000 0 1 0 200 0 0
 1572 13635.000 119274.000 0 0 54.000 34.000 1836.000 42.848 0 1 46 210 0 0
 1573 19875.000 62780.000 0 0 0.000 0.000 0.000 200000.000 0 1 0 200 0 0
 1574 26886.000 149625.000 0 0 0.000 0.000 0.000 0.220 0 1 0 0 0 0
 1575 20332.000 139389.000 0 0 56.000 44.000 2464.000 49.638 0 1 65 210 0 0
 1576 17173.000 130593.000 0 0 56.000 40.000 2240.000 47.328 0 1 58 210 0 0
 1577 14403.000 123780.000 0 0 56.000 36.000 2016.000 44.899 0 1 54 200 0 0
 1578 13016.000 118004.000 0 0 0.000 0.000 0.000 200000.000 0 1 0 200 0 0
 1579 14481.000 117080.000 0 0 0.000 0.000 0.000 200000.000 0 1 0 200 0 0
 1580 11423.000 102830.000 0 0 0.000 0.000 0.000 200000.000 0 1 0 200 0 0
 1581 33520.000 42161.000 0 0 0.000 0.000 0.000 200000.000 0 1 0 200 0 0
 1582 147952.000 26167.000 0 0 0.000 0.000 0.000 200000.000 0 1 0 200 0 0
 1583 168849.000 155763.000 0 0 0.000 0.000 0.000 200000.000 0 1 0 200 0 0
 1584 123925.000 185440.000 0 0 0.000 0.000 0.000 200000.000 0 1 0 200 0 0
 1585 79708.000 186072.000 0 0 0.000 0.000 0.000 200000.000 0 1 0 200 0 0
 1586 76440.000 185413.000 0 0 0.000 0.000 0.000 200000.000 0 1 0 200 0 0
 1587 17216.000 132755.000 0 0 56.000 42.000 2352.000 48.497 0 1 63 200 0 0
 1588 13441.000 120715.000 0 0 0.000 0.000 0.000 200000.000 0 1 0 200 0 0
 1589 14630.000 125203.000 0 0 54.000 38.000 2052.000 45.299 0 1 54 200 0 0
 1590 11987.000 113111.000 0 0 52.000 30.000 1560.000 39.496 0 1 40 210 0 0
 1591 12161.000 88520.000 0 0 0.000 0.000 0.000 200000.000 0 1 0 200 0 0
 1592 16396.000 70858.000 0 0 54.000 40.000 2160.000 46.475 0 1 8 200 0 0
 1593 146407.000 174831.000 0 0 0.000 0.000 0.000 200000.000 0 1 0 200 0 0
 1594 117391.000 186916.000 0 0 0.000 0.000 0.000 0.268 0 1 0 0 0 0
 1595 132979.000 181617.000 0 0 0.000 0.000 0.000 200000.000 0 1 0 200 0 0
 1596 11217.000 108011.000 0 0 0.000 0.000 0.000 200000.000 0 1 0 200 0 0
 1597 12432.000 104713.000 0 0 50.000 26.000 1300.000 36.055 0 1 32 200 0 0
 1598 18425.000 66155.000 0 0 0.000 0.000 0.000 200000.000 0 1 0 200 0 0
 1599 43422.000 32039.000 0 0 0.000 0.000 0.000 200000.000 0 1 0 200 0 0
 1600 49195.000 27639.000 0 0 0.000 0.000 0.000 200000.000 0 1 0 200 0 0
 1601 14412.000 81080.000 0 0 0.000 0.000 0.000 200000.000 0 1 0 200 0 0
 1602 131658.000 183053.000 0 0 0.000 0.000 0.000 200000.000 0 1 0 200 0 0
 1603 17477.000 70558.000 0 0 56.000 40.000 2240.000 47.328 0 1 8 200 0 0
 1604 12365.000 98207.000 0 0 0.000 0.000 0.000 200000.000 0 1 0 200 0 0
 1605 10708.000 100339.000 0 0 51.000 24.000 1224.000 34.985 0 1 28 200 0 0
 1606 75911.000 185618.000 0 0 0.000 0.000 0.000 200000.000 0 1 0 200 0 0
 1607 35959.000 161490.000 0 0 0.000 0.000 0.000 0.240 0 1 0 0 0 0
 1608 26312.000 150028.000 0 0 0.000 0.000 0.000 200000.000 0 1 0 200 0 0
 1609 16490.000 130847.000 0 0 56.000 40.000 2240.000 47.328 0 1 58 210 0 0
 1610 13773.000 121142.000 0 0 0.000 0.000 0.000 0.247 0 1 0 0 0 0
 1611 11062.000 92249.000 0 0 0.000 0.000 0.000 200000.000 0 1 0 200 0 0
 1612 11777.000 86428.000 0 0 0.000 0.000 0.000 200000.000 0 1 0 200 0 0
 1613 12618.000 81036.000 0 0 0.000 0.000 0.000 200000.000 0 1 0 200 0 0
 1614 16366.000 69921.000 0 0 0.000 0.000 0.000 200000.000 0 1 0 200 0 0
 1615 17888.000 65141.000 0 0 0.000 0.000 0.000 200000.000 0 1 0 200 0 0
 1616 43389.000 32086.000 0 0 0.000 0.000 0.000 200000.000 0 1 0 200 0 0
 1617 123028.000 14522.000 0 0 0.000 0.000 0.000 200000.000 0 1 0 200 0 0
 1618 149649.000 174081.000 0 0 0.000 0.000 0.000 200000.000 0 1 0 200 0 0
 1619 76535.000 185274.000 0 0 0.000 0.000 0.000 200000.000 0 1 0 200 0 0
 1620 53451.000 174891.000 0 0 0.000 0.000 0.000 200000.000 0 1 0 200 0 0
 1621 10449.000 104100.000 0 0 0.000 0.000 0.000 200000.000 0 1 0 200 0 0
 1622 28291.000 47741.000 0 0 0.000 0.000 0.000 200000.000 0 1 0 200 0 0
 1623 28252.000 47650.000 0 0 0.000 0.000 0.000 200000.000 0 1 0 200 0 0
 1624 180323.000 62324.000 0 0 0.000 0.000 0.000 200000.000 0 1 0 200 0 0
 1625 180429.000 62332.000 0 0 0.000 0.000 0.000 200000.000 0 1 0 200 0 0
 1626 161189.000 165057.000 0 0 0.000 0.000 0.000 200000.000 0 1 0 200 0 0
 1627 84549.000 186959.000 0 0 0.000 0.000 0.000 200000.000 0 1 0 200 0 0
 1628 149613.000 173936.000 0 0 0.000 0.000 0.000 200000.000 0 1 0 200 0 0
 1629 116021.000 186973.000 0 0 32.000 54.000 1728.000 41.569 0 1 76 200 0 0
 1630 35001.000 161419.000 0 0 0.000 0.000 0.000 200000.000 0 1 0 200 0 0
 1631 86199.000 187376.000 0 0 0.000 0.000 0.000 200000.000 0 1 0 200 0 0
 1632 59223.000 20997.000 0 0 0.000 0.000 0.000 200000.000 0 1 0 200 0 0
 1633 75995.000 185522.000 0 0 0.000 0.000 0.000 200000.000 0 1 0 200 0 0
 1634 36283.000 162749.000 0 0 0.000 0.000 0.000 200000.000 0 1 0 200 0 0
 1635 10376.000 98799.000 0 0 0.000 0.000 0.000 200000.000 0 1 0 200 0 0
 1636 15999.000 131967.000 0 0 0.000 0.000 0.000 200000.000 0 1 0 200 0 0
 1637 11615.000 99982.000 0 0 51.000 25.000 1275.000 35.707 0 1 28 200 0 0
 1638 13065.000 121336.000 0 0 0.000 0.000 0.000 200000.000 0 1 0 200 0 0
 1639 11848.000 96171.000 0 0 0.000 0.000 0.000 200000.000 0 1 0 200 0 0
 1640 33223.000 158962.000 0 0 0.000 0.000 0.000 200000.000 0 1 0 200 0 0
 1641 17653.000 132598.000 0 0 56.000 42.000 2352.000 48.497 0 1 63 200 0 0
 1642 11672.000 83083.000 0 0 0.000 0.000 0.000 200000.000 0 1 0 200 0 0
 1643 10619.000 110533.000 0 0 0.000 0.000 0.000 200000.000 0 1 0 200 0 0
 1644 10180.000 105502.000 0 0 0.000 0.000 0.000 200000.000 0 1 0 200 0 0
 1645 10032.000 101185.000 0 0 50.000 24.000 1200.000 34.641 0 1 29 200 0 0
 1646 11287.000 90087.000 0 0 0.000 0.000 0.000 0.219 0 1 0 0 0 0
 1647 150076.000 26146.000 0 0 0.000 0.000 0.000 200000.000 0 1 0 200 0 0
 1648 172909.000 151911.000 0 0 0.000 0.000 0.000 0.403 0 1 0 0 0 0
 1649 142894.000 178787.000 0 0 0.000 0.000 0.000 200000.000 0 1 0 200 0 0
 1650 78310.000 186432.000 0 0 0.000 0.000 0.000 200000.000 0 1 0 200 0 0
 1651 24755.000 149841.000 0 0 0.000 0.000 0.000 200000.000 0 1 0 200 0 0
 1652 23083.000 147209.000 0 0 0.000 0.000 0.000 200000.000 0 1 0 200 0 0
 1653 13533.000 119472.000 0 0 54.000 34.000 1836.000 42.848 0 1 46 210 0 0
 1654 11640.000 107958.000 0 0 0.000 0.000 0.000 200000.000 0 1 0 200 0 0
 1655 10612.000 88562.000 0 0 0.000 0.000 0.000 200000.000 0 1 0 200 0 0
 1656 188171.000 116233.000 0 0 0.000 0.000 0.000 200000.000 0 1 0 200 0 0
 1657 13636.000 74395.000 0 0 0.000 0.000 0.000 200000.000 0 1 0 200 0 0
 1658 16713.000 67096.000 0 0 0.000 0.000 0.000 200000.000 0 1 0 200 0 0
 1659 16575.000 66078.000 0 0 0.000 0.000 0.000 200000.000 0 1 0 200 0 0
 1660 17680.000 64337.000 0 0 0.000 0.000 0.000 200000.000 0 1 0 200 0 0
 1661 171498.000 46506.000 0 0 0.000 0.000 0.000 0.397 0 1 0 0 0 0
 1662 188064.000 116158.000 0 0 0.000 0.000 0.000 200000.000 0 1 0 200 0 0
 1663 143374.000 178619.000 0 0 0.000 0.000 0.000 0.262 0 1 0 0 0 0
 1664 11443.000 92260.000 0 0 0.000 0.000 0.000 200000.000 0 1 0 200 0 0
 1665 117161.000 188103.000 0 0 0.000 0.000 0.000 200000.000 0 1 0 200 0 0
 1666 18255.000 65284.000 0 0 0.000 0.000 0.000 200000.000 0 1 0 200 0 0
 1667 21731.000 145603.000 0 0 0.000 0.000 0.000 200000.000 0 1 0 200 0 0
 1668 10606.000 90026.000 0 0 0.000 0.000 0.000 200000.000 0 1 0 200 0 0
 1669 15463.000 68443.000 0 0 0.000 0.000 0.000 200000.000 0 1 0 200 0 0
 1670 19739.000 59942.000 0 0 0.000 0.000 0.000 200000.000 0 1 0 200 0 0
 1671 55092.000 22558.000 0 0 0.000 0.000 0.000 200000.000 0 1 0 200 0 0
 1672 55104.000 22468.000 0 0 0.000 0.000 0.000 200000.000 0 1 0 200 0 0
 1673 89621.000 189527.000 0 0 0.000 0.000 0.000 200000.000 0 1 0 200 0 0
 1674 89693.000 189389.000 0 0 0.000 0.000 0.000 200000.000 0 1 0 200 0 0
 1675 129360.000 184438.000 0 0 0.000 0.000 0.000 200000.000 0 1 0 200 0 0
 1676 23362.000 148304.000 0 0 0.000 0.000 0.000 200000.000 0 1 0 200 0 0
 1677 88498.000 188409.000 0 0 0.000 0.000 0.000 200000.000 0 1 0 200 0 0
 1678 20569.000 143541.000 0 0 0.000 0.000 0.000 200000.000 0 1 0 200 0 0
 1679 18216.000 137513.000 0 0 56.000 42.000 2352.000 48.497 0 1 66 200 0 0
 1680 14974.000 130147.000 0 0 56.000 40.000 2240.000 47.328 0 1 59 200 0 0
 1681 13908.000 128056.000 0 0 54.000 38.000 2052.000 45.299 0 1 57 200 0 0
 1682 10883.000 115889.000 0 0 0.000 0.000 0.000 200000.000 0 1 0 200 0 0
 1683 11070.000 100343.000 0 0 51.000 24.000 1224.000 34.985 0 1 28 200 0 0
 1684 10659.000 110871.000 0 0 0.000 0.000 0.000 200000.000 0 1 0 200 0 0
 1685 17040.000 64962.000 0 0 0.000 0.000 0.000 200000.000 0 1 0 200 0 0
 1686 11478.000 110214.000 0 0 0.000 0.000 0.000 200000.000 0 1 0 200 0 0
 1687 10029.000 100775.000 0 0 51.000 24.000 1224.000 34.985 0 1 29 200 0 0
 1688 9776.000 93370.000 0 0 50.000 26.000 1300.000 36.055 0 1 22 200 0 0
 1689 12142.000 86465.000 0 0 0.000 0.000 0.000 200000.000 0 1 0 200 0 0
 1690 22586.000 54378.000 0 0 0.000 0.000 0.000 200000.000 0 1 0 200 0 0
 1691 147753.000 176495.000 0 0 0.000 0.000 0.000 200000.000 0 1 0 200 0 0
 1692 149964.000 26219.000 0 0 0.000 0.000 0.000 200000.000 0 1 0 200 0 0
 1693 12303.000 121067.000 0 0 54.000 34.000 1836.000 42.848 0 1 51 200 0 0
 1694 35331.000 162856.000 0 0 0.000 0.000 0.000 0.392 0 1 0 0 0 0
 1695 12334.000 120891.000 0 0 54.000 34.000 1836.000 42.848 0 1 51 200 0 0
 1696 26252.000 152329.000 0 0 54.000 48.000 2592.000 50.911 0 1 73 210 0 0
 1697 11865.000 114555.000 0 0 52.000 32.000 1664.000 40.792 0 1 42 200 0 0
 1698 21826.000 146105.000 0 0 0.000 0.000 0.000 200000.000 0 1 0 200 0 0
 1699 9927.000 103803.000 0 0 0.000 0.000 0.000 200000.000 0 1 0 200 0 0
 1700 10461.000 86041.000 0 0 0.000 0.000 0.000 200000.000 0 1 0 200 0 0
 1701 13019.000 81104.000 0 0 0.000 0.000 0.000 200000.000 0 1 0 200 0 0
 1702 12274.000 76703.000 0 0 0.000 0.000 0.000 200000.000 0 1 0 200 0 0
 1703 41415.000 31728.000 0 0 0.000 0.000 0.000 200000.000 0 1 0 200 0 0
 1704 14585.000 69852.000 0 0 0.000 0.000 0.000 200000.000 0 1 0 200 0 0
 1705 18050.000 61470.000 0 0 56.000 42.000 2352.000 48.497 0 1 3 200 0 0
 1706 41452.000 31852.000 0 0 0.000 0.000 0.000 200000.000 0 1 0 200 0 0
 1707 141272.000 180229.000 0 0 0.000 0.000 0.000 200000.000 0 1 0 200 0 0
 1708 54978.000 178236.000 0 0 0.000 0.000 0.000 0.243 0 1 0 0 0 0
 1709 112662.000 189493.000 0 0 0.000 0.000 0.000 0.219 0 1 0 0 0 0
 1710 32561.000 160161.000 0 0 0.000 0.000 0.000 200000.000 0 1 0 200 0 0
 1711 12648.000 123151.000 0 0 0.000 0.000 0.000 200000.000 0 1 0 200 0 0
 1712 9468.000 92941.000 0 0 50.000 26.000 1300.000 36.055 0 1 22 200 0 0
 1713 41109.000 32667.000 0 0 0.000 0.000 0.000 200000.000 0 1 0 200 0 0
 1714 12367.000 117213.000 0 0 54.000 32.000 1728.000 41.569 0 1 45 200 0 0
 1715 11972.000 114757.000 0 0 52.000 32.000 1664.000 40.792 0 1 42 200 0 0
 1716 10760.000 98823.000 0 0 0.000 0.000 0.000 200000.000 0 1 0 200 0 0
 1717 173337.000 152707.000 0 0 0.000 0.000 0.000 0.276 0 1 0 0 0 0
 1718 30059.000 157872.000 0 0 0.000 0.000 0.000 200000.000 0 1 0 200 0 0
 1719 11102.000 110271.000 0 0 0.000 0.000 0.000 200000.000 0 1 0 200 0 0
 1720 28896.000 156157.000 0 0 0.000 0.000 0.000 200000.000 0 1 0 200 0 0
 1721 10597.000 105456.000 0 0 0.000 0.000 0.000 200000.000 0 1 0 200 0 0
 1722 26912.000 153541.000 0 0 0.000 0.000 0.000 200000.000 0 1 0 200 0 0
 1723 17528.000 137841.000 0 0 56.000 42.000 2352.000 48.497 0 1 66 200 0 0
 1724 18066.000 135931.000 0 0 0.000 0.000 0.000 200000.000 0 1 0 200 0 0
 1725 47539.000 27637.000 0 0 0.000 0.000 0.000 200000.000 0 1 0 200 0 0
 1726 25073.000 151160.000 0 0 0.000 0.000 0.000 0.147 0 1 0 0 0 0
 1727 15509.000 130125.000 0 0 56.000 40.000 2240.000 47.328 0 1 59 200 0 0
 1728 23039.000 148749.000 0 0 0.000 0.000 0.000 200000.000 0 1 0 200 0 0
 1729 11845.000 116671.000 0 0 54.000 32.000 1728.000 41.569 0 1 45 200 0 0
 1730 20775.000 55818.000 0 0 0.000 0.000 0.000 200000.000 0 1 0 200 0 0
 1731 23590.000 51449.000 0 0 0.000 0.000 0.000 200000.000 0 1 0 200 0 0
 1732 12112.000 83181.000 0 0 0.000 0.000 0.000 200000.000 0 1 0 200 0 0
 1733 17935.000 63338.000 0 0 0.000 0.000 0.000 200000.000 0 1 0 200 0 0
 1734 165713.000 162522.000 0 0 0.000 0.000 0.000 0.419 0 1 0 0 0 0
 1735 11145.000 119027.000 0 0 0.000 0.000 0.000 200000.000 0 1 0 200 0 0
 1736 15803.000 68554.000 0 0 0.000 0.000 0.000 200000.000 0 1 0 200 0 0
 1737 73035.000 186896.000 0 0 0.000 0.000 0.000 200000.000 0 1 0 200 0 0
 1738 16928.000 66207.000 0 0 0.000 0.000 0.000 200000.000 0 1 0 200 0 0
 1739 31188.000 159473.000 0 0 0.000 0.000 0.000 200000.000 0 1 0 200 0 0
 1740 30946.000 158897.000 0 0 0.000 0.000 0.000 0.432 0 1 0 0 0 0
 1741 23437.000 150311.000 0 0 0.000 0.000 0.000 200000.000 0 1 0 200 0 0
 1742 22075.000 147841.000 0 0 0.000 0.000 0.000 200000.000 0 1 0 200 0 0
 1743 19762.000 143832.000 0 0 54.000 44.000 2376.000 48.744 0 1 69 200 0 0
 1744 141336.000 181084.000 0 0 0.000 0.000 0.000 200000.000 0 1 0 200 0 0
 1745 17770.000 137551.000 0 0 54.000 42.000 2268.000 47.623 0 1 66 200 0 0
 1746 141317.000 181161.000 0 0 0.000 0.000 0.000 200000.000 0 1 0 200 0 0
 1747 15715.000 133812.000 0 0 56.000 42.000 2352.000 48.497 0 1 63 200 0 0
 1748 14628.000 133141.000 0 0 0.000 0.000 0.000 200000.000 0 1 0 200 0 0
 1749 10709.000 116846.000 0 0 54.000 32.000 1728.000 41.569 0 1 45 200 0 0
 1750 10878.000 79483.000 0 0 54.000 34.000 1836.000 42.848 0 1 11 200 0 0
 1751 24490.000 151582.000 0 0 0.000 0.000 0.000 200000.000 0 1 0 200 0 0
 1752 31790.000 160421.000 0 0 0.000 0.000 0.000 200000.000 0 1 0 200 0 0
 1753 23087.000 149142.000 0 0 0.000 0.000 0.000 200000.000 0 1 0 200 0 0
 1754 8437.000 95693.000 0 0 0.000 0.000 0.000 200000.000 0 1 0 200 0 0
 1755 17682.000 139181.000 0 0 56.000 42.000 2352.000 48.497 0 1 66 200 0 0
 1756 10184.000 93411.000 0 0 50.000 26.000 1300.000 36.055 0 1 22 200 0 0
 1757 20915.000 143336.000 0 0 0.000 0.000 0.000 200000.000 0 1 0 200 0 0
 1758 13875.000 131619.000 0 0 56.000 40.000 2240.000 47.328 0 1 61 200 0 0
 1759 16684.000 61985.000 0 0 0.000 0.000 0.000 200000.000 0 1 0 200 0 0
 1760 16133.000 133521.000 0 0 56.000 42.000 2352.000 48.497 0 1 63 200 0 0
 1761 17563.000 60127.000 0 0 56.000 42.000 2352.000 48.497 0 1 3 200 0 0
 1762 14660.000 129243.000 0 0 54.000 40.000 2160.000 46.475 0 1 59 200 0 0
 1763 14245.000 127929.000 0 0 54.000 38.000 2052.000 45.299 0 1 57 200 0 0
 1764 134640.000 16132.000 0 0 0.000 0.000 0.000 200000.000 0 1 0 200 0 0
 1765 10068.000 115158.000 0 0 0.000 0.000 0.000 200000.000 0 1 0 200 0 0
 1766 17794.000 60949.000 0 0 56.000 42.000 2352.000 48.497 0 1 3 200 0 0
 1767 24354.000 50798.000 0 0 0.000 0.000 0.000 200000.000 0 1 0 200 0 0
 1768 145774.000 179046.000 0 0 0.000 0.000 0.000 200000.000 0 1 0 200 0 0
 1769 140579.000 181731.000 0 0 0.000 0.000 0.000 200000.000 0 1 0 200 0 0
 1770 73116.000 186811.000 0 0 0.000 0.000 0.000 200000.000 0 1 0 200 0 0
 1771 77337.000 188817.000 0 0 0.000 0.000 0.000 200000.000 0 1 0 200 0 0
 1772 9486.000 112424.000 0 0 52.000 30.000 1560.000 39.496 0 1 39 200 0 0
 1773 8872.000 106358.000 0 0 0.000 0.000 0.000 200000.000 0 1 0 200 0 0
 1774 18603.000 142746.000 0 0 0.000 0.000 0.000 200000.000 0 1 0 200 0 0
 1775 14586.000 133968.000 0 0 0.000 0.000 0.000 200000.000 0 1 0 200 0 0
 1776 9918.000 92986.000 0 0 50.000 26.000 1300.000 36.055 0 1 22 200 0 0
 1777 15122.000 65141.000 0 0 0.000 0.000 0.000 200000.000 0 1 0 200 0 0
 1778 54971.000 20587.000 0 0 0.000 0.000 0.000 200000.000 0 1 0 200 0 0
 1779 166342.000 162781.000 0 0 0.000 0.000 0.000 200000.000 0 1 0 200 0 0
 1780 141811.000 181482.000 0 0 0.000 0.000 0.000 200000.000 0 1 0 200 0 0
 1781 124395.000 187301.000 0 0 0.000 0.000 0.000 200000.000 0 1 0 200 0 0
 1782 127485.000 187749.000 0 0 0.000 0.000 0.000 200000.000 0 1 0 200 0 0
 1783 77428.000 188668.000 0 0 0.000 0.000 0.000 200000.000 0 1 0 200 0 0
 1784 56759.000 180627.000 0 0 0.000 0.000 0.000 0.303 0 1 0 0 0 0
 1785 9555.000 113519.000 0 0 52.000 30.000 1560.000 39.496 0 1 39 200 0 0
 1786 27561.000 156381.000 0 0 0.000 0.000 0.000 200000.000 0 1 0 200 0 0
 1787 8681.000 88934.000 0 0 52.000 30.000 1560.000 39.496 0 1 19 200 0 0
 1788 9208.000 88834.000 0 0 52.000 30.000 1560.000 39.496 0 1 19 200 0 0
 1789 9863.000 84887.000 0 0 52.000 32.000 1664.000 40.792 0 1 16 210 0 0
 1790 141866.000 181463.000 0 0 0.000 0.000 0.000 200000.000 0 1 0 200 0 0
 1791 67126.000 185931.000 0 0 0.000 0.000 0.000 200000.000 0 1 0 200 0 0
 1792 16744.000 139381.000 0 0 56.000 42.000 2352.000 48.497 0 1 66 200 0 0
 1793 15757.000 133924.000 0 0 56.000 42.000 2352.000 48.497 0 1 63 200 0 0
 1794 36056.000 164595.000 0 0 0.000 0.000 0.000 200000.000 0 1 0 200 0 0
 1795 13648.000 127693.000 0 0 54.000 38.000 2052.000 45.299 0 1 57 200 0 0
 1796 9235.000 113092.000 0 0 52.000 30.000 1560.000 39.496 0 1 39 200 0 0
 1797 11918.000 121502.000 0 0 54.000 34.000 1836.000 42.848 0 1 51 200 0 0
 1798 9234.000 100187.000 0 0 51.000 24.000 1224.000 34.985 0 1 29 200 0 0
 1799 17118.000 60660.000 0 0 56.000 42.000 2352.000 48.497 0 1 3 200 0 0
 1800 188479.000 124157.000 0 0 0.000 0.000 0.000 200000.000 0 1 0 200 0 0
 1801 175554.000 151858.000 0 0 0.000 0.000 0.000 200000.000 0 1 0 200 0 0
 1802 20284.000 146836.000 0 0 0.000 0.000 0.000 200000.000 0 1 0 200 0 0
 1803 31455.000 161027.000 0 0 0.000 0.000 0.000 0.383 0 1 0 0 0 0
 1804 18875.000 143173.000 0 0 0.000 0.000 0.000 0.145 0 1 0 0 0 0
 1805 128106.000 13994.000 0 0 0.000 0.000 0.000 200000.000 0 1 0 200 0 0
 1806 14807.000 135859.000 0 0 56.000 42.000 2352.000 48.497 0 1 63 200 0 0
 1807 21600.000 148690.000 0 0 0.000 0.000 0.000 200000.000 0 1 0 200 0 0
 1808 8083.000 91244.000 0 0 52.000 28.000 1456.000 38.157 0 1 20 200 0 0
 1809 19307.000 145122.000 0 0 54.000 46.000 2484.000 49.839 0 1 69 200 0 0
 1810 20088.000 56354.000 0 0 0.000 0.000 0.000 200000.000 0 1 0 200 0 0
 1811 15910.000 63297.000 0 0 54.000 41.000 2214.000 47.053 0 1 4 210 0 0
 1812 134510.000 185399.000 0 0 0.000 0.000 0.000 200000.000 0 1 0 200 0 0
 1813 19453.000 144425.000 0 0 54.000 46.000 2484.000 49.839 0 1 69 200 0 0
 1814 128654.000 187729.000 0 0 0.000 0.000 0.000 200000.000 0 1 0 200 0 0
 1815 10030.000 119226.000 0 0 54.000 34.000 1836.000 42.848 0 1 47 200 0 0
 1816 28326.000 157636.000 0 0 0.000 0.000 0.000 200000.000 0 1 0 200 0 0
 1817 9710.000 117938.000 0 0 54.000 32.000 1728.000 41.569 0 1 47 200 0 0
 1818 23772.000 152640.000 0 0 0.000 0.000 0.000 200000.000 0 1 0 200 0 0
 1819 7493.000 98424.000 0 0 0.000 0.000 0.000 200000.000 0 1 0 200 0 0
 1820 9372.000 84782.000 0 0 52.000 32.000 1664.000 40.792 0 1 16 210 0 0
 1821 10555.000 78674.000 0 0 54.000 34.000 1836.000 42.848 0 1 11 200 0 0
 1822 12983.000 68783.000 0 0 0.000 0.000 0.000 200000.000 0 1 0 200 0 0
 1823 20363.000 54137.000 0 0 0.000 0.000 0.000 200000.000 0 1 0 200 0 0
 1824 190981.000 87679.000 0 0 0.000 0.000 0.000 0.249 0 1 0 0 0 0
 1825 134227.000 185698.000 0 0 0.000 0.000 0.000 200000.000 0 1 0 200 0 0
 1826 134563.000 185378.000 0 0 0.000 0.000 0.000 200000.000 0 1 0 200 0 0
 1827 55144.000 20926.000 0 0 0.000 0.000 0.000 200000.000 0 1 0 200 0 0
 1828 134242.000 185595.000 0 0 0.000 0.000 0.000 200000.000 0 1 0 200 0 0
 1829 127930.000 187913.000 0 0 0.000 0.000 0.000 200000.000 0 1 0 200 0 0
 1830 16201.000 138122.000 0 0 54.000 42.000 2268.000 47.623 0 1 66 200 0 0
 1831 52719.000 179316.000 0 0 0.000 0.000 0.000 200000.000 0 1 0 200 0 0
 1832 15503.000 137009.000 0 0 0.000 0.000 0.000 0.140 0 1 0 0 0 0
 1833 20889.000 148509.000 0 0 0.000 0.000 0.000 200000.000 0 1 0 200 0 0
 1834 20778.000 145150.000 0 0 0.000 0.000 0.000 200000.000 0 1 0 200 0 0
 1835 8933.000 113611.000 0 0 52.000 30.000 1560.000 39.496 0 1 39 200 0 0
 1836 14728.000 66570.000 0 0 0.000 0.000 0.000 200000.000 0 1 0 200 0 0
 1837 13052.000 127489.000 0 0 54.000 38.000 2052.000 45.299 0 1 57 200 0 0
 1838 15247.000 62689.000 0 0 54.000 42.000 2268.000 47.623 0 1 4 210 0 0
 1839 17925.000 60274.000 0 0 56.000 42.000 2352.000 48.497 0 1 3 200 0 0
 1840 59411.000 182848.000 0 0 0.000 0.000 0.000 0.332 0 1 0 0 0 0
 1841 18247.000 143531.000 0 0 0.000 0.000 0.000 200000.000 0 1 0 200 0 0
 1842 14718.000 137385.000 0 0 0.000 0.000 0.000 200000.000 0 1 0 200 0 0
 1843 17223.000 138837.000 0 0 56.000 42.000 2352.000 48.497 0 1 66 200 0 0
 1844 12271.000 125632.000 0 0 0.000 0.000 0.000 200000.000 0 1 0 200 0 0
 1845 11014.000 120576.000 0 0 54.000 34.000 1836.000 42.848 0 1 51 200 0 0
 1846 8211.000 90015.000 0 0 0.000 0.000 0.000 200000.000 0 1 0 200 0 0
 1847 8748.000 93538.000 0 0 50.000 26.000 1300.000 36.055 0 1 22 200 0 0
 1848 10615.000 75047.000 0 0 56.000 36.000 2016.000 44.899 0 1 9 200 0 0
 1849 16263.000 60084.000 0 0 56.000 42.000 2352.000 48.497 0 1 2 200 0 0
 1850 67010.000 13989.000 0 0 0.000 0.000 0.000 200000.000 0 1 0 200 0 0
 1851 125223.000 11426.000 0 0 0.000 0.000 0.000 200000.000 0 1 0 200 0 0
 1852 128972.000 12580.000 0 0 0.000 0.000 0.000 200000.000 0 1 0 200 0 0
 1853 68536.000 187179.000 0 0 0.000 0.000 0.000 200000.000 0 1 0 200 0 0
 1854 9383.000 119721.000 0 0 54.000 34.000 1836.000 42.848 0 1 47 200 0 0
 1855 25269.000 155612.000 0 0 0.000 0.000 0.000 200000.000 0 1 0 200 0 0
 1856 9314.000 119395.000 0 0 54.000 34.000 1836.000 42.848 0 1 47 200 0 0
 1857 23296.000 149990.000 0 0 0.000 0.000 0.000 200000.000 0 1 0 200 0 0
 1858 18933.000 146194.000 0 0 0.000 0.000 0.000 200000.000 0 1 0 200 0 0
 1859 17340.000 139364.000 0 0 56.000 42.000 2352.000 48.497 0 1 66 200 0 0
 1860 15315.000 134872.000 0 0 56.000 42.000 2352.000 48.497 0 1 63 200 0 0
 1861 7898.000 91809.000 0 0 52.000 28.000 1456.000 38.157 0 1 20 200 0 0
 1862 68590.000 187198.000 0 0 0.000 0.000 0.000 200000.000 0 1 0 200 0 0
 1863 128542.000 187383.000 0 0 0.000 0.000 0.000 200000.000 0 1 0 200 0 0
 1864 62546.000 184817.000 0 0 0.000 0.000 0.000 200000.000 0 1 0 200 0 0
 1865 26013.000 154901.000 0 0 0.000 0.000 0.000 200000.000 0 1 0 200 0 0
 1866 18497.000 145063.000 0 0 54.000 46.000 2484.000 49.839 0 1 69 200 0 0
 1867 16812.000 58197.000 0 0 0.000 0.000 0.000 200000.000 0 1 0 200 0 0
 1868 15370.000 138020.000 0 0 54.000 42.000 2268.000 47.623 0 1 66 200 0 0
 1869 10299.000 123574.000 0 0 56.000 36.000 2016.000 44.899 0 1 53 200 0 0
 1870 9181.000 118330.000 0 0 54.000 32.000 1728.000 41.569 0 1 47 200 0 0
 1871 8368.000 97936.000 0 0 0.000 0.000 0.000 200000.000 0 1 0 200 0 0
 1872 12826.000 131874.000 0 0 56.000 40.000 2240.000 47.328 0 1 61 200 0 0
 1873 36452.000 167672.000 0 0 0.000 0.000 0.000 200000.000 0 1 0 200 0 0
 1874 28851.000 159668.000 0 0 0.000 0.000 0.000 0.288 0 1 0 0 0 0
 1875 25443.000 156127.000 0 0 0.000 0.000 0.000 200000.000 0 1 0 200 0 0
 1876 7632.000 91280.000 0 0 52.000 28.000 1456.000 38.157 0 1 20 200 0 0
 1877 10524.000 75561.000 0 0 56.000 36.000 2016.000 44.899 0 1 9 200 0 0
 1878 9539.000 123351.000 0 0 54.000 36.000 1944.000 44.090 0 1 53 200 0 0
 1879 13103.000 65591.000 0 0 0.000 0.000 0.000 200000.000 0 1 0 200 0 0
 1880 15464.000 61385.000 0 0 54.000 42.000 2268.000 47.623 0 1 2 200 0 0
 1881 155857.000 174453.000 0 0 0.000 0.000 0.000 200000.000 0 1 0 200 0 0
 1882 17271.000 143134.000 0 0 0.000 0.000 0.000 200000.000 0 1 0 200 0 0
 1883 145573.000 181190.000 0 0 0.000 0.000 0.000 200000.000 0 1 0 200 0 0
 1884 24100.000 152403.000 0 0 0.000 0.000 0.000 200000.000 0 1 0 200 0 0
 1885 25007.000 46798.000 0 0 0.000 0.000 0.000 200000.000 0 1 0 200 0 0
 1886 11278.000 128208.000 0 0 0.000 0.000 0.000 200000.000 0 1 0 200 0 0
 1887 20581.000 146668.000 0 0 0.000 0.000 0.000 200000.000 0 1 0 200 0 0
 1888 12535.000 128884.000 0 0 0.000 0.000 0.000 200000.000 0 1 0 200 0 0
 1889 8523.000 116546.000 0 0 54.000 32.000 1728.000 41.569 0 1 44 200 0 0
 1890 9944.000 118867.000 0 0 54.000 34.000 1836.000 42.848 0 1 47 200 0 0
 1891 8374.000 116459.000 0 0 54.000 32.000 1728.000 41.569 0 1 44 200 0 0
 1892 7181.000 91756.000 0 0 52.000 28.000 1456.000 38.157 0 1 20 200 0 0
 1893 8366.000 84139.000 0 0 0.000 0.000 0.000 200000.000 0 1 0 200 0 0
 1894 134731.000 13992.000 0 0 0.000 0.000 0.000 200000.000 0 1 0 200 0 0
 1895 12476.000 130730.000 0 0 54.000 40.000 2160.000 46.475 0 1 61 200 0 0
 1896 135042.000 186651.000 0 0 0.000 0.000 0.000 200000.000 0 1 0 200 0 0
 1897 8496.000 82580.000 0 0 54.000 32.000 1728.000 41.569 0 1 15 210 0 0
 1898 125444.000 189589.000 0 0 0.000 0.000 0.000 0.235 0 1 0 0 0 0
 1899 9919.000 80500.000 0 0 54.000 34.000 1836.000 42.848 0 1 12 200 0 0
 1900 16355.000 142839.000 0 0 0.000 0.000 0.000 200000.000 0 1 0 200 0 0
 1901 8619.000 111884.000 0 0 52.000 30.000 1560.000 39.496 0 1 38 200 0 0
 1902 7879.000 98444.000 0 0 0.000 0.000 0.000 200000.000 0 1 0 200 0 0
 1903 9985.000 125028.000 0 0 56.000 36.000 2016.000 44.899 0 1 53 200 0 0
 1904 7776.000 104333.000 0 0 0.000 0.000 0.000 200000.000 0 1 0 200 0 0
 1905 9756.000 123282.000 0 0 54.000 36.000 1944.000 44.090 0 1 53 200 0 0
 1906 7806.000 96329.000 0 0 0.000 0.000 0.000 200000.000 0 1 0 200 0 0
 1907 6891.000 91217.000 0 0 52.000 28.000 1456.000 38.157 0 1 20 200 0 0
 1908 7054.000 85830.000 0 0 52.000 30.000 1560.000 39.496 0 1 17 200 0 0
 1909 7476.000 86449.000 0 0 52.000 30.000 1560.000 39.496 0 1 17 200 0 0
 1910 9463.000 118132.000 0 0 54.000 32.000 1728.000 41.569 0 1 47 200 0 0
 1911 9817.000 75375.000 0 0 56.000 36.000 2016.000 44.899 0 1 9 200 0 0
 1912 15594.000 62824.000 0 0 54.000 42.000 2268.000 47.623 0 1 4 210 0 0
 1913 24657.000 45078.000 0 0 0.000 0.000 0.000 200000.000 0 1 0 200 0 0
 1914 145988.000 19015.000 0 0 0.000 0.000 0.000 200000.000 0 1 0 200 0 0
 1915 145544.000 181030.000 0 0 0.000 0.000 0.000 200000.000 0 1 0 200 0 0
 1916 11498.000 68390.000 0 0 56.000 40.000 2240.000 47.328 0 1 7 200 0 0
 1917 15079.000 137210.000 0 0 0.000 0.000 0.000 200000.000 0 1 0 200 0 0
 1918 12228.000 66430.000 0 0 0.000 0.000 0.000 200000.000 0 1 0 200 0 0
 1919 5816.000 102953.000 0 0 50.000 24.000 1200.000 34.641 0 1 31 210 0 0
 1920 16426.000 57830.000 0 0 0.000 0.000 0.000 200000.000 0 1 0 200 0 0
 1921 6020.000 96512.000 0 0 50.000 24.000 1200.000 34.641 0 1 26 200 0 0
 1922 17807.000 55214.000 0 0 54.000 44.000 2376.000 48.744 0 1 1 200 0 0
 1923 6286.000 92235.000 0 0 50.000 28.000 1400.000 37.416 0 1 20 200 0 0
 1924 20527.000 50568.000 0 0 0.000 0.000 0.000 200000.000 0 1 0 200 0 0
 1925 9703.000 77826.000 0 0 54.000 34.000 1836.000 42.848 0 1 11 200 0 0
 1926 22194.000 47999.000 0 0 0.000 0.000 0.000 200000.000 0 1 0 200 0 0
 1927 162936.000 169287.000 0 0 0.000 0.000 0.000 0.312 0 1 0 0 0 0
 1928 139255.000 185135.000 0 0 0.000 0.000 0.000 0.132 0 1 0 0 0 0
 1929 127732.000 189808.000 0 0 0.000 0.000 0.000 200000.000 0 1 0 200 0 0
 1930 16557.000 140661.000 0 0 56.000 42.000 2352.000 48.497 0 1 65 210 0 0
 1931 13212.000 132687.000 0 0 56.000 40.000 2240.000 47.328 0 1 61 200 0 0
 1932 7481.000 95700.000 0 0 0.000 0.000 0.000 200000.000 0 1 0 200 0 0
 1933 7098.000 111823.000 0 0 52.000 30.000 1560.000 39.496 0 1 38 200 0 0
 1934 17166.000 58359.000 0 0 0.000 0.000 0.000 200000.000 0 1 0 200 0 0
 1935 139151.000 184677.000 0 0 0.000 0.000 0.000 200000.000 0 1 0 200 0 0
 1936 134899.000 186325.000 0 0 0.000 0.000 0.000 200000.000 0 1 0 200 0 0
 1937 33127.000 166087.000 0 0 0.000 0.000 0.000 200000.000 0 1 0 200 0 0
 1938 21737.000 152974.000 0 0 0.000 0.000 0.000 200000.000 0 1 0 200 0 0
 1939 21167.000 151060.000 0 0 0.000 0.000 0.000 0.133 0 1 0 0 0 0
 1940 15104.000 141472.000 0 0 0.000 0.000 0.000 200000.000 0 1 0 200 0 0
 1941 14273.000 140118.000 0 0 56.000 42.000 2352.000 48.497 0 1 67 200 0 0
 1942 9411.000 120443.000 0 0 54.000 34.000 1836.000 42.848 0 1 47 200 0 0
 1943 9640.000 125688.000 0 0 56.000 36.000 2016.000 44.899 0 1 53 200 0 0
 1944 5938.000 108122.000 0 0 52.000 28.000 1456.000 38.157 0 1 36 200 0 0
 1945 19860.000 51001.000 0 0 0.000 0.000 0.000 200000.000 0 1 0 200 0 0
 1946 15595.000 59184.000 0 0 56.000 42.000 2352.000 48.497 0 1 2 200 0 0
 1947 24012.000 44808.000 0 0 0.000 0.000 0.000 200000.000 0 1 0 200 0 0
 1948 30430.000 163235.000 0 0 0.000 0.000 0.000 200000.000 0 1 0 200 0 0
 1949 10176.000 129771.000 0 0 54.000 38.000 2052.000 45.299 0 1 60 200 0 0
 1950 6343.000 108853.000 0 0 52.000 28.000 1456.000 38.157 0 1 36 200 0 0
 1951 5974.000 97949.000 0 0 50.000 24.000 1200.000 34.641 0 1 26 200 0 0
 1952 18124.000 55753.000 0 0 54.000 44.000 2376.000 48.744 0 1 1 200 0 0
 1953 31645.000 35632.000 0 0 0.000 0.000 0.000 200000.000 0 1 0 200 0 0
 1954 37476.000 29976.000 0 0 0.000 0.000 0.000 200000.000 0 1 0 200 0 0
 1955 139571.000 185794.000 0 0 0.000 0.000 0.000 200000.000 0 1 0 200 0 0
 1956 28313.000 161081.000 0 0 0.000 0.000 0.000 200000.000 0 1 0 200 0 0
 1957 28437.000 39042.000 0 0 0.000 0.000 0.000 200000.000 0 1 0 200 0 0
 1958 28422.000 38958.000 0 0 0.000 0.000 0.000 200000.000 0 1 0 200 0 0
 1959 175907.000 155992.000 0 0 0.000 0.000 0.000 200000.000 0 1 0 200 0 0
 1960 175909.000 156061.000 0 0 0.000 0.000 0.000 200000.000 0 1 0 200 0 0
 1961 146282.000 182281.000 0 0 0.000 0.000 0.000 0.142 0 1 0 0 0 0
 1962 142737.000 184158.000 0 0 0.000 0.000 0.000 0.227 0 1 0 0 0 0
 1963 64279.000 187730.000 0 0 0.000 0.000 0.000 200000.000 0 1 0 200 0 0
 1964 7477.000 118909.000 0 0 54.000 34.000 1836.000 42.848 0 1 48 200 0 0
 1965 5946.000 112892.000 0 0 52.000 30.000 1560.000 39.496 0 1 38 200 0 0
 1966 11700.000 130647.000 0 0 54.000 40.000 2160.000 46.475 0 1 61 200 0 0
 1967 6305.000 111676.000 0 0 52.000 30.000 1560.000 39.496 0 1 38 200 0 0
 1968 8070.000 116248.000 0 0 54.000 32.000 1728.000 41.569 0 1 44 200 0 0
 1969 5707.000 110965.000 0 0 52.000 28.000 1456.000 38.157 0 1 38 200 0 0
 1970 11003.000 67264.000 0 0 0.000 0.000 0.000 200000.000 0 1 0 200 0 0
 1971 21272.000 48154.000 0 0 0.000 0.000 0.000 200000.000 0 1 0 200 0 0
 1972 15105.000 58961.000 0 0 56.000 42.000 2352.000 48.497 0 1 2 200 0 0
 1973 21522.000 48172.000 0 0 0.000 0.000 0.000 0.445 0 1 0 0 0 0
 1974 164205.000 169454.000 0 0 0.000 0.000 0.000 200000.000 0 1 0 200 0 0
 1975 160437.000 172653.000 0 0 0.000 0.000 0.000 0.381 0 1 0 0 0 0
 1976 23427.000 155579.000 0 0 0.000 0.000 0.000 0.255 0 1 0 0 0 0
 1977 16532.000 144466.000 0 0 56.000 44.000 2464.000 49.638 0 1 70 200 0 0
 1978 56847.000 183436.000 0 0 0.000 0.000 0.000 200000.000 0 1 0 200 0 0
 1979 10194.000 130363.000 0 0 54.000 40.000 2160.000 46.475 0 1 60 200 0 0
 1980 20420.000 48836.000 0 0 0.000 0.000 0.000 200000.000 0 1 0 200 0 0
 1981 5638.000 106383.000 0 0 50.000 26.000 1300.000 36.055 0 1 34 200 0 0
 1982 5582.000 105475.000 0 0 50.000 26.000 1300.000 36.055 0 1 34 200 0 0
 1983 6115.000 88907.000 0 0 52.000 28.000 1456.000 38.157 0 1 18 200 0 0
 1984 17038.000 55096.000 0 0 54.000 44.000 2376.000 48.744 0 1 1 200 0 0
 1985 20210.000 51213.000 0 0 0.000 0.000 0.000 200000.000 0 1 0 200 0 0
 1986 10995.000 129250.000 0 0 54.000 38.000 2052.000 45.299 0 1 60 200 0 0
 1987 170360.000 162408.000 0 0 0.000 0.000 0.000 200000.000 0 1 0 200 0 0
 1988 26469.000 159903.000 0 0 0.000 0.000 0.000 0.140 0 1 0 0 0 0
 1989 5647.000 108703.000 0 0 52.000 28.000 1456.000 38.157 0 1 36 200 0 0
 1990 5542.000 93001.000 0 0 50.000 26.000 1300.000 36.055 0 1 20 200 0 0
 1991 5741.000 90740.000 0 0 0.000 0.000 0.000 200000.000 0 1 0 200 0 0
 1992 7507.000 85881.000 0 0 52.000 30.000 1560.000 39.496 0 1 17 200 0 0
 1993 130091.000 189955.000 0 0 0.000 0.000 0.000 200000.000 0 1 0 200 0 0
 1994 61977.000 186226.000 0 0 0.000 0.000 0.000 200000.000 0 1 0 200 0 0
 1995 59380.000 185041.000 0 0 0.000 0.000 0.000 200000.000 0 1 0 200 0 0
 1996 15142.000 59919.000 0 0 56.000 42.000 2352.000 48.497 0 1 2 200 0 0
 1997 9213.000 124077.000 0 0 56.000 36.000 2016.000 44.899 0 1 53 200 0 0
 1998 8160.000 119259.000 0 0 54.000 34.000 1836.000 42.848 0 1 48 200 0 0
 1999 19907.000 50601.000 0 0 0.000 0.000 0.000 200000.000 0 1 0 200 0 0
 2000 19947.000 49320.000 0 0 0.000 0.000 0.000 0.238 0 1 0 0 0 0
 2001 64417.000 187395.000 0 0 0.000 0.000 0.000 200000.000 0 1 0 200 0 0
 2002 7825.000 118457.000 0 0 54.000 32.000 1728.000 41.569 0 1 48 200 0 0
 2003 28362.000 161662.000 0 0 0.000 0.000 0.000 200000.000 0 1 0 200 0 0
 2004 7981.000 80842.000 0 0 54.000 34.000 1836.000 42.848 0 1 13 200 0 0
 2005 7725.000 78075.000 0 0 0.000 0.000 0.000 0.182 0 1 0 0 0 0
 2006 66219.000 11561.000 0 0 0.000 0.000 0.000 200000.000 0 1 0 200 0 0
 2007 28885.000 38367.000 0 0 0.000 0.000 0.000 200000.000 0 1 0 200 0 0
 2008 12117.000 134071.000 0 0 0.000 0.000 0.000 200000.000 0 1 0 200 0 0
 2009 17576.000 54403.000 0 0 54.000 46.000 2484.000 49.839 0 1 1 200 0 0
 2010 5929.000 95071.000 0 0 0.000 0.000 0.000 200000.000 0 1 0 200 0 0
 2011 20745.000 49027.000 0 0 0.000 0.000 0.000 200000.000 0 1 0 200 0 0
 2012 18456.000 148421.000 0 0 0.000 0.000 0.000 200000.000 0 1 0 200 0 0
 2013 138365.000 186578.000 0 0 0.000 0.000 0.000 200000.000 0 1 0 200 0 0
 2014 16267.000 143963.000 0 0 56.000 44.000 2464.000 49.638 0 1 70 200 0 0
 2015 128085.000 190677.000 0 0 0.000 0.000 0.000 200000.000 0 1 0 200 0 0
 2016 9032.000 126132.000 0 0 56.000 36.000 2016.000 44.899 0 1 53 200 0 0
 2017 128014.000 190630.000 0 0 0.000 0.000 0.000 200000.000 0 1 0 200 0 0
 2018 30019.000 164172.000 0 0 0.000 0.000 0.000 0.201 0 1 0 0 0 0
 2019 6230.000 113479.000 0 0 52.000 30.000 1560.000 39.496 0 1 38 200 0 0
 2020 20781.000 151317.000 0 0 0.000 0.000 0.000 200000.000 0 1 0 200 0 0
 2021 6130.000 111980.000 0 0 52.000 30.000 1560.000 39.496 0 1 38 200 0 0
 2022 18287.000 148043.000 0 0 0.000 0.000 0.000 200000.000 0 1 0 200 0 0
 2023 5833.000 110347.000 0 0 52.000 28.000 1456.000 38.157 0 1 38 200 0 0
 2024 13864.000 139523.000 0 0 56.000 42.000 2352.000 48.497 0 1 67 200 0 0
 2025 12232.000 135742.000 0 0 0.000 0.000 0.000 200000.000 0 1 0 200 0 0
 2026 6832.000 86050.000 0 0 52.000 30.000 1560.000 39.496 0 1 17 200 0 0
 2027 11428.000 133537.000 0 0 0.000 0.000 0.000 200000.000 0 1 0 200 0 0
 2028 12414.000 64129.000 0 0 56.000 42.000 2352.000 48.497 0 1 6 200 0 0
 2029 10864.000 132289.000 0 0 56.000 40.000 2240.000 47.328 0 1 61 200 0 0
 2030 16905.000 55755.000 0 0 56.000 44.000 2464.000 49.638 0 1 1 200 0 0
 2031 9594.000 128715.000 0 0 0.000 0.000 0.000 0.273 0 1 0 0 0 0
 2032 9206.000 126570.000 0 0 54.000 38.000 2052.000 45.299 0 1 53 200 0 0
 2033 8260.000 123651.000 0 0 0.000 0.000 0.000 200000.000 0 1 0 200 0 0
 2034 6853.000 117941.000 0 0 0.000 0.000 0.000 0.292 0 1 0 0 0 0
 2035 6458.000 114821.000 0 0 0.000 0.000 0.000 0.414 0 1 0 0 0 0
 2036 5681.000 109926.000 0 0 52.000 28.000 1456.000 38.157 0 1 38 200 0 0
 2037 5444.000 105208.000 0 0 50.000 26.000 1300.000 36.055 0 1 34 200 0 0
 2038 5844.000 93639.000 0 0 50.000 26.000 1300.000 36.055 0 1 20 200 0 0
 2039 11181.000 68526.000 0 0 56.000 40.000 2240.000 47.328 0 1 7 200 0 0
 2040 35598.000 30761.000 0 0 0.000 0.000 0.000 200000.000 0 1 0 200 0 0
 2041 5010.000 100341.000 0 0 0.000 0.000 0.000 0.258 0 1 0 0 0 0
 2042 5523.000 92469.000 0 0 50.000 26.000 1300.000 36.055 0 1 20 200 0 0
 2043 7205.000 81416.000 0 0 54.000 32.000 1728.000 41.569 0 1 13 200 0 0
 2044 5485.000 91563.000 0 0 52.000 28.000 1456.000 38.157 0 1 20 200 0 0
 2045 8150.000 77093.000 0 0 54.000 36.000 1944.000 44.090 0 1 10 200 0 0
 2046 5927.000 89205.000 0 0 52.000 28.000 1456.000 38.157 0 1 18 200 0 0
 2047 8942.000 73181.000 0 0 0.000 0.000 0.000 0.289 0 1 0 0 0 0
 2048 18476.000 51480.000 0 0 0.000 0.000 0.000 0.133 0 1 0 0 0 0
 2049 13626.000 60869.000 0 0 54.000 42.000 2268.000 47.623 0 1 2 200 0 0
 2050 18542.000 51463.000 0 0 0.000 0.000 0.000 0.222 0 1 0 0 0 0
 2051 41580.000 25604.000 0 0 0.000 0.000 0.000 200000.000 0 1 0 200 0 0
 2052 112860.000 150307.000 0 0 14.470 3.699 53.533 7.316 0 1 72 210 0 0
 2053 112911.000 150467.000 0 0 26.609 6.807 181.152 13.459 0 1 72 210 0 0
 2054 112955.000 150631.000 0 0 49.571 12.683 628.765 25.075 0 1 72 210 0 0
 2055 113064.000 150779.000 0 0 17.040 4.384 74.705 8.643 0 1 72 210 0 0
 2056 113005.000 150794.000 0 0 94.963 24.314 2308.963 48.051 0 1 72 210 0 0
 2057 113056.000 150956.000 0 0 121.946 31.246 3810.399 61.728 0 1 72 210 0 0
 2058 112939.000 150987.000 0 0 17.110 4.342 74.294 8.619 0 1 72 210 0 0
 2059 113091.000 151123.000 0 0 97.851 25.058 2451.995 49.517 0 1 72 210 0 0
 2060 113029.000 151140.000 0 0 19.612 4.996 97.995 9.899 0 1 72 210 0 0
 2061 112977.000 151153.000 0 0 44.137 11.197 494.237 22.231 0 1 72 210 0 0
 2062 113115.000 151293.000 0 0 24.587 6.286 154.576 12.432 0 1 72 210 0 0
 2063 113041.000 151313.000 0 0 100.852 25.631 2585.026 50.843 0 1 72 210 0 0
 2064 113117.000 151469.000 0 0 39.476 10.060 397.170 19.929 0 1 72 210 0 0
 2065 113064.000 151483.000 0 0 61.698 15.656 965.951 31.079 0 1 72 210 0 0
 2066 113155.000 151635.000 0 0 17.327 4.414 76.493 8.746 0 1 72 210 0 0
 2067 113107.000 151647.000 0 0 39.613 10.053 398.237 19.955 0 1 72 210 0 0
 2068 23820.000 96156.000 0 0 0.921 18.253 16.813 4.100 0 1 25 210 0 0
 2069 23649.000 96157.000 0 0 1.105 21.953 24.264 4.925 0 1 25 210 0 0
 2070 23478.000 96192.000 0 0 1.094 22.002 24.091 4.908 0 1 25 210 0 0
 2071 23482.000 96143.000 0 0 2.404 47.688 114.657 10.707 0 1 25 210 0 0
 2072 23310.000 96147.000 0 0 5.911 117.641 695.457 26.371 0 1 25 210 0 0
 2073 23140.000 96139.000 0 0 6.108 121.585 742.756 27.253 0 1 25 210 0 0
 2074 22969.000 96163.000 0 0 1.656 33.241 55.051 7.419 0 1 25 210 0 0
 2075 22972.000 96113.000 0 0 2.981 59.080 176.161 13.272 0 1 25 210 0 0
 2076 22801.000 96115.000 0 0 1.862 37.013 68.954 8.303 0 1 25 210 0 0
 2077 22625.000 96236.000 0 0 1.082 22.247 24.079 4.907 0 1 25 210 0 0
 2078 22632.000 96099.000 0 0 2.992 59.341 177.580 13.325 0 1 25 210 0 0
 2079 22459.000 96153.000 0 0 9.958 200.717 1998.917 44.709 0 1 25 210 0 0
 2080 22287.000 96181.000 0 0 6.224 126.659 788.427 28.078 0 1 25 210 0 0
 2081 22292.000 96078.000 0 0 3.196 63.325 202.427 14.227 0 1 25 210 0 0
 2082 22116.000 96213.000 0 0 0.726 14.929 10.839 3.292 0 1 25 210 0 0
 2083 22118.000 96161.000 0 0 1.840 37.341 68.744 8.291 0 1 25 210 0 0
 2084 22121.000 96077.000 0 0 1.316 26.124 34.381 5.863 0 1 25 210 0 0
 2085 21950.000 108600.000 0 0 3.297 29.922 98.657 9.932 0 1 35 200 0 0
 2086 21782.000 108617.000 0 0 2.477 22.490 55.728 7.465 0 1 35 200 0 0
 2087 21773.000 108534.000 0 0 6.954 63.749 443.344 21.055 0 1 35 200 0 0
 2088 21618.000 108682.000 0 0 2.912 26.293 76.585 8.751 0 1 35 200 0 0
 2089 21606.000 108582.000 0 0 15.633 142.797 2232.393 47.248 0 1 35 200 0 0
 2090 21441.000 108627.000 0 0 21.429 195.130 4181.482 64.664 0 1 35 200 0 0
 2091 21271.000 108647.000 0 0 21.141 192.473 4069.185 63.790 0 1 35 200 0 0
 2092 21111.000 108736.000 0 0 2.930 26.463 77.560 8.806 0 1 35 200 0 0
 2093 21105.000 108686.000 0 0 5.829 52.950 308.696 17.569 0 1 35 200 0 0
 2094 20431.000 104554.000 0 0 1.091 19.065 20.806 4.561 0 1 33 210 0 0
 2095 20261.000 104577.000 0 0 2.194 38.231 83.915 9.160 0 1 33 210 0 0
 2096 20091.000 104576.000 0 0 1.975 34.483 68.106 8.252 0 1 33 210 0 0
 2097 19922.000 104603.000 0 0 6.620 115.164 762.427 27.612 0 1 33 210 0 0
 2098 19752.000 104616.000 0 0 7.081 123.099 871.736 29.525 0 1 33 210 0 0
 2099 19582.000 104622.000 0 0 6.647 115.652 768.783 27.726 0 1 33 210 0 0
 2100 19416.000 104688.000 0 0 2.248 38.637 86.857 9.319 0 1 33 210 0 0
 2101 19413.000 104631.000 0 0 3.995 69.533 277.852 16.668 0 1 33 210 0 0
 2102 19244.000 104660.000 0 0 7.148 123.879 885.539 29.758 0 1 33 210 0 0
 2103 19077.000 104707.000 0 0 2.257 38.799 87.573 9.358 0 1 33 210 0 0
 2104 19073.000 104648.000 0 0 3.787 65.949 249.797 15.804 0 1 33 210 0 0
 2105 21222.000 119973.000 0 0 8.619 33.995 293.028 17.118 0 1 49 200 0 0
 2106 20341.000 116053.000 0 0 11.543 57.280 661.219 25.714 0 1 43 200 0 0
 2107 20324.000 115969.000 0 0 6.891 34.383 236.955 15.393 0 1 43 200 0 0
 2108 19338.000 109703.000 0 0 5.117 42.539 217.700 14.754 0 1 37 200 0 0
 2109 18905.000 104665.000 0 0 1.565 27.204 42.575 6.524 0 1 33 210 0 0
 2110 21057.000 120009.000 0 0 7.671 30.265 232.173 15.237 0 1 49 200 0 0
 2111 20177.000 116101.000 0 0 25.471 126.272 3216.356 56.712 0 1 43 200 0 0
 2112 20155.000 115993.000 0 0 10.733 53.587 575.200 23.983 0 1 43 200 0 0
 2113 19171.000 109744.000 0 0 12.146 100.750 1223.730 34.981 0 1 37 200 0 0
 2114 20896.000 120067.000 0 0 25.975 102.390 2659.595 51.571 0 1 49 200 0 0
 2115 20003.000 116098.000 0 0 41.670 207.073 8628.914 92.891 0 1 43 200 0 0
 2116 19003.000 109768.000 0 0 14.048 116.485 1636.461 40.453 0 1 37 200 0 0
 2117 20734.000 120114.000 0 0 30.856 121.593 3751.908 61.252 0 1 49 200 0 0
 2118 19836.000 116128.000 0 0 41.748 207.507 8663.013 93.075 0 1 43 200 0 0
 2119 18833.000 109787.000 0 0 12.199 101.170 1234.237 35.131 0 1 37 200 0 0
 2120 18337.000 96942.000 0 0 1.759 46.981 82.666 9.092 0 1 24 210 0 0
 2121 20568.000 120155.000 0 0 30.918 121.848 3767.406 61.379 0 1 49 200 0 0
 2122 19661.000 116118.000 0 0 21.636 107.840 2333.265 48.303 0 1 43 200 0 0
 2123 18662.000 109788.000 0 0 2.814 23.387 65.823 8.113 0 1 37 200 0 0
 2124 18170.000 96891.000 0 0 4.621 121.605 561.979 23.706 0 1 24 210 0 0
 2125 20409.000 120219.000 0 0 2.906 11.442 33.262 5.767 0 1 49 200 0 0
 2126 20399.000 120180.000 0 0 14.511 57.239 830.602 28.820 0 1 49 200 0 0
 2127 20384.000 120118.000 0 0 12.538 49.618 622.155 24.943 0 1 49 200 0 0
 2128 18495.000 109811.000 0 0 5.644 46.890 264.678 16.268 0 1 37 200 0 0
 2129 17999.000 96911.000 0 0 6.960 184.754 1285.982 35.860 0 1 24 210 0 0
 2130 21786.000 125621.000 0 0 14.740 44.997 663.263 25.753 0 1 56 200 0 0
 2131 20220.000 120165.000 0 0 14.500 57.368 831.852 28.841 0 1 49 200 0 0
 2132 18326.000 109840.000 0 0 13.208 109.631 1448.055 38.053 0 1 37 200 0 0
 2133 17828.000 96914.000 0 0 7.989 212.705 1699.321 41.222 0 1 24 210 0 0
 2134 21627.000 125682.000 0 0 20.929 63.867 1336.708 36.561 0 1 56 200 0 0
 2135 20052.000 120196.000 0 0 15.490 61.319 949.870 30.819 0 1 49 200 0 0
 2136 18159.000 109869.000 0 0 15.612 129.464 2021.226 44.958 0 1 37 200 0 0
 2137 17592.000 100354.000 0 0 0.254 59.257 15.099 3.885 0 1 27 200 0 0
 2138 17658.000 96900.000 0 0 6.540 173.684 1135.997 33.704 0 1 24 210 0 0
 2139 21466.000 125731.000 0 0 23.435 71.526 1676.265 40.942 0 1 56 200 0 0
 2140 19893.000 120262.000 0 0 32.053 126.722 4061.852 63.732 0 1 49 200 0 0
 2141 17990.000 109890.000 0 0 15.645 129.733 2029.715 45.052 0 1 37 200 0 0
 2142 17422.000 100356.000 0 0 0.239 55.422 13.252 3.640 0 1 27 200 0 0
 2143 17489.000 96899.000 0 0 0.743 19.770 14.694 3.833 0 1 24 210 0 0
 2144 21308.000 125799.000 0 0 43.285 132.026 5714.893 75.596 0 1 56 200 0 0
 2145 20231.000 122214.000 0 0 12.780 45.891 586.508 24.217 0 1 52 200 0 0
 2146 19728.000 120305.000 0 0 35.041 138.524 4854.039 69.670 0 1 49 200 0 0
 2147 17821.000 109906.000 0 0 11.396 94.536 1077.363 32.823 0 1 37 200 0 0
 2148 17251.000 100360.000 0 0 0.483 111.073 53.743 7.330 0 1 27 200 0 0
 2149 21150.000 125860.000 0 0 48.343 147.406 7126.221 84.416 0 1 56 200 0 0
 2150 20067.000 122259.000 0 0 8.533 30.644 261.515 16.171 0 1 52 200 0 0
 2151 19563.000 120346.000 0 0 33.161 131.099 4347.425 65.935 0 1 49 200 0 0
 2152 17081.000 100372.000 0 0 0.678 151.038 102.474 10.122 0 1 27 200 0 0
 2153 20989.000 125913.000 0 0 50.038 152.568 7634.240 87.374 0 1 56 200 0 0
 2154 19908.000 122324.000 0 0 36.385 130.537 4749.660 68.917 0 1 52 200 0 0
 2155 19393.000 120360.000 0 0 13.665 54.099 739.275 27.189 0 1 49 200 0 0
 2156 16911.000 100377.000 0 0 0.687 151.348 104.020 10.199 0 1 27 200 0 0
 2157 20826.000 125964.000 0 0 46.050 140.423 6466.570 80.414 0 1 56 200 0 0
 2158 19752.000 122399.000 0 0 51.540 184.649 9517.028 97.555 0 1 52 200 0 0
 2159 16741.000 100354.000 0 0 0.781 183.597 143.400 11.974 0 1 27 200 0 0
 2160 20684.000 126079.000 0 0 40.006 121.670 4867.565 69.767 0 1 56 200 0 0
 2161 19589.000 122445.000 0 0 53.797 192.731 10368.477 101.825 0 1 52 200 0 0
 2162 16572.000 100324.000 0 0 0.543 139.972 76.089 8.722 0 1 27 200 0 0
 2163 20525.000 126139.000 0 0 42.603 129.531 5518.527 74.286 0 1 56 200 0 0
 2164 19445.000 122561.000 0 0 7.568 27.022 204.516 14.300 0 1 52 200 0 0
 2165 19419.000 122471.000 0 0 38.778 139.057 5392.417 73.433 0 1 52 200 0 0
 2166 16401.000 100331.000 0 0 0.747 188.353 140.813 11.866 0 1 27 200 0 0
 2167 20364.000 126194.000 0 0 41.437 125.977 5220.249 72.251 0 1 56 200 0 0
 2168 19246.000 122481.000 0 0 10.778 38.718 417.344 20.429 0 1 52 200 0 0
 2169 19203.000 122324.000 0 0 26.756 96.838 2591.048 50.902 0 1 52 200 0 0
 2170 16231.000 100339.000 0 0 0.830 204.794 170.028 13.039 0 1 27 200 0 0
 2171 20196.000 126224.000 0 0 18.856 57.385 1082.112 32.895 0 1 56 200 0 0
 2172 19039.000 122368.000 0 0 25.731 93.135 2396.571 48.954 0 1 52 200 0 0
 2173 16061.000 100339.000 0 0 0.862 213.255 183.868 13.559 0 1 27 200 0 0
 2174 16184.000 95686.000 0 0 2.688 52.236 140.445 11.850 0 1 24 210 0 0
 2175 18872.000 122401.000 0 0 53.692 194.451 10440.603 102.179 0 1 52 200 0 0
 2176 15891.000 100338.000 0 0 0.745 185.472 138.346 11.762 0 1 27 200 0 0
 2177 16015.000 95677.000 0 0 5.596 108.709 608.338 24.664 0 1 24 210 0 0
 2178 17702.000 82871.000 0 0 15.600 74.953 1169.330 34.195 0 1 14 210 0 0
 2179 20842.000 129134.000 0 0 18.157 49.333 895.765 29.929 0 1 58 210 0 0
 2180 18717.000 122479.000 0 0 46.337 167.556 7764.178 88.114 0 1 52 200 0 0
 2181 15722.000 100345.000 0 0 0.099 24.232 2.410 1.552 0 1 27 200 0 0
 2182 15845.000 95659.000 0 0 6.451 125.059 806.851 28.405 0 1 24 210 0 0
 2183 17536.000 82836.000 0 0 9.052 43.490 393.687 19.841 0 1 14 210 0 0
 2184 23186.000 135289.000 0 0 11.838 25.767 305.043 17.465 0 1 64 200 0 0
 2185 20681.000 129187.000 0 0 15.393 41.831 643.919 25.375 0 1 58 210 0 0
 2186 18545.000 122496.000 0 0 63.628 230.385 14659.137 121.074 0 1 52 200 0 0
 2187 18040.000 120556.000 0 0 15.766 62.863 991.140 31.482 0 1 50 200 0 0
 2188 18011.000 120445.000 0 0 16.661 66.814 1113.218 33.364 0 1 50 200 0 0
 2189 15577.000 102256.000 0 0 2.163 80.935 175.087 13.232 0 1 30 200 0 0
 2190 15675.000 95672.000 0 0 9.338 181.908 1698.739 41.215 0 1 24 210 0 0
 2191 17371.000 82796.000 0 0 20.619 99.034 2042.085 45.189 0 1 14 210 0 0
 2192 23020.000 135336.000 0 0 47.432 103.331 4901.281 70.009 0 1 64 200 0 0
 2193 20525.000 129259.000 0 0 39.274 106.679 4189.803 64.728 0 1 58 210 0 0
 2194 18377.000 122531.000 0 0 64.807 234.771 15214.855 123.348 0 1 52 200 0 0
 2195 17877.000 120606.000 0 0 17.779 70.858 1259.868 35.494 0 1 50 200 0 0
 2196 17849.000 120493.000 0 0 18.664 74.820 1396.483 37.369 0 1 50 200 0 0
 2197 17272.000 117996.000 0 0 15.527 71.380 1108.387 33.292 0 1 46 210 0 0
 2198 15407.000 102266.000 0 0 2.281 85.152 194.264 13.937 0 1 30 200 0 0
 2199 15505.000 95668.000 0 0 10.383 202.521 2102.894 45.857 0 1 24 210 0 0
 2200 17199.000 82781.000 0 0 33.844 162.748 5508.184 74.217 0 1 14 210 0 0
 2201 23597.000 136966.000 0 0 21.267 43.955 934.806 30.574 0 1 65 210 0 0
 2202 22866.000 135409.000 0 0 49.226 107.234 5278.755 72.655 0 1 64 200 0 0
 2203 20368.000 129324.000 0 0 49.198 133.603 6573.095 81.074 0 1 58 210 0 0
 2204 18205.000 122543.000 0 0 46.470 168.609 7835.437 88.518 0 1 52 200 0 0
 2205 17697.000 120591.000 0 0 57.253 228.838 13101.774 114.462 0 1 50 200 0 0
 2206 17106.000 118038.000 0 0 16.428 75.496 1240.292 35.217 0 1 46 210 0 0
 2207 15237.000 102280.000 0 0 3.498 130.025 454.959 21.329 0 1 30 200 0 0
 2208 15335.000 95661.000 0 0 9.776 190.756 1865.000 43.185 0 1 24 210 0 0
 2209 17032.000 82750.000 0 0 35.559 171.028 6081.682 77.985 0 1 14 210 0 0
 2210 23439.000 137030.000 0 0 72.784 150.484 10952.897 104.656 0 1 65 210 0 0
 2211 22711.000 135479.000 0 0 42.523 92.634 3939.088 62.762 0 1 64 200 0 0
 2212 20211.000 129388.000 0 0 50.714 137.691 6982.903 83.563 0 1 58 210 0 0
 2213 18037.000 122572.000 0 0 37.870 137.514 5207.749 72.164 0 1 52 200 0 0
 2214 17535.000 120642.000 0 0 62.340 249.050 15526.018 124.603 0 1 50 200 0 0
 2215 16942.000 118083.000 0 0 29.472 135.370 3989.723 63.164 0 1 46 210 0 0
 2216 15067.000 102282.000 0 0 4.486 166.938 748.936 27.366 0 1 30 200 0 0
 2217 15165.000 95641.000 0 0 7.940 154.528 1227.018 35.028 0 1 24 210 0 0
 2218 16868.000 82709.000 0 0 34.815 167.383 5827.527 76.338 0 1 14 210 0 0
 2219 23290.000 137113.000 0 0 74.725 154.452 11541.610 107.431 0 1 65 210 0 0
 2220 22571.000 135579.000 0 0 22.174 48.256 1070.040 32.711 0 1 64 200 0 0
 2221 20050.000 129442.000 0 0 47.986 130.306 6252.990 79.075 0 1 58 210 0 0
 2222 18903.000 126090.000 0 0 22.512 69.973 1575.252 39.689 0 1 55 200 0 0
 2223 17868.000 122600.000 0 0 10.835 39.379 426.709 20.656 0 1 52 200 0 0
 2224 17372.000 120689.000 0 0 67.439 269.339 18164.181 134.774 0 1 50 200 0 0
 2225 16779.000 118127.000 0 0 33.018 151.589 5005.297 70.748 0 1 46 210 0 0
 2226 14897.000 102296.000 0 0 4.623 171.352 792.248 28.146 0 1 30 200 0 0
 2227 16711.000 82623.000 0 0 36.654 175.681 6439.564 80.246 0 1 14 210 0 0
 2228 23131.000 137179.000 0 0 80.203 165.824 13299.657 115.324 0 1 65 210 0 0
 2229 22420.000 135661.000 0 0 52.994 115.289 6109.736 78.164 0 1 64 200 0 0
 2230 19894.000 129512.000 0 0 39.614 107.526 4259.577 65.265 0 1 58 210 0 0
 2231 18740.000 126142.000 0 0 22.557 70.114 1581.573 39.768 0 1 55 200 0 0
 2232 17205.000 120725.000 0 0 61.599 246.077 15158.347 123.119 0 1 50 200 0 0
 2233 16611.000 118161.000 0 0 34.823 159.887 5567.763 74.617 0 1 46 210 0 0
 2234 14727.000 102284.000 0 0 4.598 171.693 789.609 28.099 0 1 30 200 0 0
 2235 16551.000 82565.000 0 0 27.582 132.010 3641.106 60.341 0 1 14 210 0 0
 2236 22968.000 137230.000 0 0 62.463 129.242 8072.868 89.849 0 1 65 210 0 0
 2237 22270.000 135739.000 0 0 59.961 130.412 7819.773 88.429 0 1 64 200 0 0
 2238 19741.000 129590.000 0 0 53.900 146.194 7879.937 88.769 0 1 58 210 0 0
 2239 18582.000 126204.000 0 0 41.452 128.797 5339.018 73.068 0 1 55 200 0 0
 2240 17056.000 120825.000 0 0 3.992 15.899 63.472 7.966 0 1 50 200 0 0
 2241 17048.000 120793.000 0 0 9.969 39.772 396.526 19.912 0 1 50 200 0 0
 2242 17023.000 120688.000 0 0 14.876 59.666 887.653 29.793 0 1 50 200 0 0
 2243 16446.000 118198.000 0 0 29.660 136.178 4039.180 63.554 0 1 46 210 0 0
 2244 15906.000 115475.000 0 0 11.869 64.500 765.602 27.669 0 1 41 200 0 0
 2245 15783.000 114780.000 0 0 14.878 84.773 1261.275 35.514 0 1 41 200 0 0
 2246 14555.000 102252.000 0 0 3.239 122.882 398.076 19.951 0 1 30 200 0 0
 2247 16385.000 82526.000 0 0 27.643 132.271 3656.496 60.468 0 1 14 210 0 0
 2248 22815.000 137302.000 0 0 69.735 144.293 10062.370 100.311 0 1 65 210 0 0
 2249 22115.000 135810.000 0 0 60.081 130.673 7851.003 88.605 0 1 64 200 0 0
 2250 19584.000 129655.000 0 0 56.860 154.186 8767.182 93.633 0 1 58 210 0 0
 2251 18457.000 126368.000 0 0 18.960 58.635 1111.775 33.343 0 1 55 200 0 0
 2252 18421.000 126263.000 0 0 44.063 136.870 6030.989 77.659 0 1 55 200 0 0
 2253 16296.000 118312.000 0 0 14.923 68.211 1017.951 31.905 0 1 46 210 0 0
 2254 15741.000 115520.000 0 0 20.089 109.063 2190.992 46.808 0 1 41 200 0 0
 2255 15616.000 114816.000 0 0 15.624 88.985 1390.328 37.287 0 1 41 200 0 0
 2256 14386.000 102252.000 0 0 3.886 147.742 574.186 23.962 0 1 30 200 0 0
 2257 16219.000 82488.000 0 0 21.827 104.429 2279.481 47.743 0 1 14 210 0 0
 2258 22661.000 137376.000 0 0 62.709 129.756 8136.930 90.204 0 1 65 210 0 0
 2259 21958.000 135874.000 0 0 41.269 89.777 3705.066 60.869 0 1 64 200 0 0
 2260 19426.000 129716.000 0 0 58.408 158.371 9250.286 96.178 0 1 58 210 0 0
 2261 18278.000 126371.000 0 0 83.434 258.554 21572.418 146.875 0 1 55 200 0 0
 2262 16131.000 118354.000 0 0 15.837 72.365 1146.052 33.853 0 1 46 210 0 0
 2263 15574.000 115554.000 0 0 21.623 117.370 2537.996 50.378 0 1 41 200 0 0
 2264 15449.000 114851.000 0 0 27.053 154.012 4166.510 64.548 0 1 41 200 0 0
 2265 14216.000 102264.000 0 0 4.125 156.257 644.630 25.389 0 1 30 200 0 0
 2266 22496.000 137427.000 0 0 43.055 89.158 3838.735 61.957 0 1 65 210 0 0
 2267 19265.000 129771.000 0 0 52.802 143.192 7560.874 86.953 0 1 58 210 0 0
 2268 18141.000 126499.000 0 0 41.919 129.494 5428.312 73.677 0 1 55 200 0 0
 2269 18098.000 126366.000 0 0 36.655 113.862 4173.695 64.604 0 1 55 200 0 0
 2270 15967.000 118391.000 0 0 23.805 108.771 2589.345 50.885 0 1 46 210 0 0
 2271 15407.000 115590.000 0 0 31.391 170.323 5346.663 73.120 0 1 41 200 0 0
 2272 15283.000 114889.000 0 0 30.042 170.937 5135.472 71.662 0 1 41 200 0 0
 2273 14046.000 102269.000 0 0 3.808 144.209 549.189 23.434 0 1 30 200 0 0
 2274 17978.000 126549.000 0 0 35.637 110.097 3923.624 62.638 0 1 55 200 0 0
 2275 15802.000 118440.000 0 0 30.938 141.263 4370.464 66.109 0 1 46 210 0 0
 2276 15242.000 115627.000 0 0 33.711 182.841 6163.922 78.510 0 1 41 200 0 0
 2277 15117.000 114920.000 0 0 32.186 183.111 5893.710 76.770 0 1 41 200 0 0
 2278 13876.000 102246.000 0 0 1.938 74.311 144.065 12.002 0 1 30 200 0 0
 2279 14278.000 91656.000 0 0 1.599 16.432 26.283 5.126 0 1 21 210 0 0
 2280 15637.000 118479.000 0 0 34.547 157.712 5448.545 73.814 0 1 46 210 0 0
 2281 15076.000 115666.000 0 0 35.270 191.196 6743.687 82.119 0 1 41 200 0 0
 2282 15047.000 115507.000 0 0 9.664 52.945 511.695 22.620 0 1 41 200 0 0
 2283 14949.000 114946.000 0 0 28.561 162.527 4642.083 68.132 0 1 41 200 0 0
 2284 14106.000 91674.000 0 0 9.979 102.946 1027.354 32.052 0 1 21 210 0 0
 2285 22532.000 138659.000 0 0 44.472 89.117 3963.265 62.954 0 1 65 210 0 0
 2286 20546.000 134373.000 0 0 21.422 49.518 1060.790 32.569 0 1 62 200 0 0
 2287 15472.000 118515.000 0 0 31.065 141.818 4405.603 66.374 0 1 46 210 0 0
 2288 14910.000 115700.000 0 0 30.859 167.247 5161.124 71.840 0 1 41 200 0 0
 2289 14881.000 115541.000 0 0 14.154 77.523 1097.293 33.125 0 1 41 200 0 0
 2290 14776.000 114945.000 0 0 17.913 102.144 1829.709 42.775 0 1 41 200 0 0
 2291 14481.000 113123.000 0 0 3.773 24.589 92.788 9.632 0 1 40 210 0 0
 2292 14476.000 113093.000 0 0 4.392 28.689 126.013 11.225 0 1 40 210 0 0
 2293 13936.000 91655.000 0 0 10.402 107.275 1115.915 33.405 0 1 21 210 0 0
 2294 22383.000 138740.000 0 0 42.709 85.569 3654.665 60.453 0 1 65 210 0 0
 2295 20405.000 134472.000 0 0 52.880 122.098 6456.626 80.353 0 1 62 200 0 0
 2296 15298.000 118521.000 0 0 17.756 81.202 1441.844 37.971 0 1 46 210 0 0
 2297 14725.000 115632.000 0 0 41.213 224.824 9265.897 96.259 0 1 41 200 0 0
 2298 14308.000 113128.000 0 0 12.586 82.151 1033.992 32.155 0 1 40 210 0 0
 2299 13768.000 91652.000 0 0 17.209 177.757 3059.202 55.310 0 1 21 210 0 0
 2300 22229.000 138813.000 0 0 52.099 104.392 5438.779 73.748 0 1 65 210 0 0
 2301 20244.000 134528.000 0 0 43.037 99.413 4278.499 65.410 0 1 62 200 0 0
 2302 18545.000 130277.000 0 0 21.771 58.572 1275.227 35.710 0 1 58 210 0 0
 2303 18453.000 130024.000 0 0 24.467 66.454 1625.957 40.323 0 1 58 210 0 0
 2304 14551.000 115626.000 0 0 30.715 167.953 5158.705 71.824 0 1 41 200 0 0
 2305 14497.000 115331.000 0 0 11.024 61.482 677.803 26.034 0 1 41 200 0 0
 2306 14142.000 113156.000 0 0 13.243 86.425 1144.583 33.831 0 1 40 210 0 0
 2307 13596.000 91644.000 0 0 18.026 186.393 3359.942 57.965 0 1 21 210 0 0
 2308 22085.000 138906.000 0 0 76.471 153.144 11711.154 108.218 0 1 65 210 0 0
 2309 20091.000 134604.000 0 0 58.058 134.069 7783.842 88.226 0 1 62 200 0 0
 2310 18385.000 130336.000 0 0 24.721 66.509 1644.234 40.549 0 1 58 210 0 0
 2311 18289.000 130074.000 0 0 27.390 74.419 2038.391 45.148 0 1 58 210 0 0
 2312 14383.000 115651.000 0 0 29.312 160.341 4699.970 68.556 0 1 41 200 0 0
 2313 14341.000 115419.000 0 0 2.955 16.419 48.534 6.966 0 1 41 200 0 0
 2314 14332.000 115369.000 0 0 11.051 61.601 680.790 26.091 0 1 41 200 0 0
 2315 13975.000 113189.000 0 0 24.669 160.902 3969.369 63.002 0 1 40 210 0 0
 2316 13116.000 104673.000 0 0 3.136 58.312 182.916 13.524 0 1 32 200 0 0
 2317 13429.000 91622.000 0 0 17.270 178.455 3082.005 55.515 0 1 21 210 0 0
 2318 18137.000 70781.000 0 0 8.401 23.538 197.761 14.062 0 1 8 200 0 0
 2319 21934.000 138982.000 0 0 84.093 168.405 14161.738 119.003 0 1 65 210 0 0
 2320 19942.000 134688.000 0 0 79.818 184.213 14703.614 121.258 0 1 62 200 0 0
 2321 18231.000 130408.000 0 0 48.103 129.352 6222.256 78.881 0 1 58 210 0 0
 2322 18137.000 130153.000 0 0 47.699 129.500 6177.078 78.594 0 1 58 210 0 0
 2323 14214.000 115675.000 0 0 24.796 135.706 3365.035 58.008 0 1 41 200 0 0
 2324 14166.000 115411.000 0 0 22.902 127.555 2921.281 54.048 0 1 41 200 0 0
 2325 13808.000 113227.000 0 0 25.998 169.414 4404.519 66.366 0 1 40 210 0 0
 2326 12948.000 104689.000 0 0 4.720 87.627 413.613 20.337 0 1 32 200 0 0
 2327 13260.000 91585.000 0 0 13.312 137.215 1826.700 42.739 0 1 21 210 0 0
 2328 17991.000 70686.000 0 0 51.991 145.451 7562.289 86.961 0 1 8 200 0 0
 2329 116514.000 185889.000 0 0 32.938 6.333 208.607 14.443 0 1 76 200 0 0
 2330 116372.000 185916.000 0 0 20.596 3.925 80.843 8.991 0 1 76 200 0 0
 2331 25177.000 145251.000 0 0 23.864 39.460 941.717 30.687 0 1 71 210 0 0
 2332 21781.000 139057.000 0 0 76.768 153.742 11802.653 108.640 0 1 65 210 0 0
 2333 19788.000 134760.000 0 0 79.983 184.568 14762.439 121.500 0 1 62 200 0 0
 2334 18072.000 130470.000 0 0 56.868 152.905 8695.496 93.249 0 1 58 210 0 0
 2335 17979.000 130212.000 0 0 52.137 141.542 7379.687 85.905 0 1 58 210 0 0
 2336 17934.000 130093.000 0 0 12.986 35.414 459.910 21.445 0 1 58 210 0 0
 2337 14046.000 115696.000 0 0 8.277 45.330 375.245 19.371 0 1 41 200 0 0
 2338 14003.000 115467.000 0 0 32.624 181.392 5917.928 76.928 0 1 41 200 0 0
 2339 13641.000 113254.000 0 0 26.688 173.880 4640.546 68.121 0 1 40 210 0 0
 2340 12778.000 104694.000 0 0 5.400 100.338 541.900 23.278 0 1 32 200 0 0
 2341 13093.000 91550.000 0 0 4.051 41.668 168.832 12.993 0 1 21 210 0 0
 2342 17830.000 70633.000 0 0 54.900 153.613 8433.490 91.834 0 1 8 200 0 0
 2343 116505.000 186063.000 0 0 123.771 23.736 2937.919 54.202 0 1 76 200 0 0
 2344 116393.000 186084.000 0 0 33.013 6.286 207.549 14.406 0 1 76 200 0 0
 2345 25035.000 145343.000 0 0 26.086 43.127 1125.056 33.541 0 1 71 210 0 0
 2346 21615.000 139104.000 0 0 56.237 112.729 6339.601 79.621 0 1 65 210 0 0
 2347 19630.000 134823.000 0 0 76.789 177.226 13609.219 116.658 0 1 62 200 0 0
 2348 17914.000 130529.000 0 0 56.948 153.123 8720.176 93.381 0 1 58 210 0 0
 2349 17818.000 130270.000 0 0 49.336 133.943 6608.269 81.291 0 1 58 210 0 0
 2350 17776.000 130155.000 0 0 18.793 51.244 963.066 31.033 0 1 58 210 0 0
 2351 13837.000 115500.000 0 0 35.667 198.260 7071.396 84.091 0 1 41 200 0 0
 2352 13470.000 113261.000 0 0 26.066 170.077 4433.342 66.583 0 1 40 210 0 0
 2353 12609.000 104748.000 0 0 11.607 213.648 2480.035 49.799 0 1 32 200 0 0
 2354 17662.000 70594.000 0 0 77.527 217.079 16829.679 129.729 0 1 8 200 0 0
 2355 116494.000 186238.000 0 0 210.831 40.324 8501.751 92.204 0 1 76 200 0 0
 2356 24889.000 145430.000 0 0 37.021 61.209 2266.082 47.603 0 1 71 210 0 0
 2357 19478.000 134898.000 0 0 13.379 30.870 413.023 20.322 0 1 62 200 0 0
 2358 19459.000 134856.000 0 0 10.022 23.158 232.098 15.234 0 1 62 200 0 0
 2359 17752.000 130581.000 0 0 52.774 141.934 7490.439 86.547 0 1 58 210 0 0
 2360 17635.000 130265.000 0 0 65.288 177.679 11600.412 107.705 0 1 58 210 0 0
 2361 13668.000 115524.000 0 0 33.490 186.236 6237.117 78.975 0 1 41 200 0 0
 2362 13296.000 113255.000 0 0 21.603 141.313 3052.929 55.253 0 1 40 210 0 0
 2363 12439.000 104769.000 0 0 12.574 230.849 2902.847 53.878 0 1 32 200 0 0
 2364 17501.000 70539.000 0 0 84.739 237.291 20107.946 141.802 0 1 8 200 0 0
 2365 116606.000 186390.000 0 0 16.560 3.183 52.716 7.260 0 1 76 200 0 0
 2366 116493.000 186412.000 0 0 169.834 32.415 5505.277 74.197 0 1 76 200 0 0
 2367 24751.000 145530.000 0 0 74.206 122.644 9101.053 95.399 0 1 71 210 0 0
 2368 17594.000 130645.000 0 0 32.316 86.899 2808.259 52.993 0 1 58 210 0 0
 2369 17461.000 130283.000 0 0 50.808 138.481 7036.005 83.880 0 1 58 210 0 0
 2370 13497.000 115525.000 0 0 23.072 128.550 2965.908 54.460 0 1 41 200 0 0
 2371 13129.000 113278.000 0 0 24.823 162.401 4031.435 63.493 0 1 40 210 0 0
 2372 12271.000 104778.000 0 0 12.140 222.885 2705.907 52.018 0 1 32 200 0 0
 2373 12151.000 99983.000 0 0 0.017 88.430 1.533 1.238 0 1 28 200 0 0
 2374 17343.000 70477.000 0 0 82.088 229.824 18866.022 137.353 0 1 8 200 0 0
 2375 116544.000 186575.000 0 0 41.499 7.930 329.099 18.141 0 1 76 200 0 0
 2376 116484.000 186586.000 0 0 70.560 13.433 947.879 30.787 0 1 76 200 0 0
 2377 24606.000 145621.000 0 0 78.728 130.105 10243.055 101.207 0 1 71 210 0 0
 2378 17440.000 130719.000 0 0 53.194 142.963 7604.912 87.206 0 1 58 210 0 0
 2379 17304.000 130347.000 0 0 52.369 142.707 7473.528 86.449 0 1 58 210 0 0
 2380 15526.000 124937.000 0 0 28.687 97.176 2787.711 52.798 0 1 54 200 0 0
 2381 14088.000 119353.000 0 0 19.481 86.479 1684.738 41.045 0 1 46 210 0 0
 2382 12960.000 113306.000 0 0 25.567 167.241 4275.876 65.390 0 1 40 210 0 0
 2383 12104.000 104868.000 0 0 8.868 160.104 1419.944 37.682 0 1 32 200 0 0
 2384 12097.000 104723.000 0 0 5.660 105.354 596.412 24.421 0 1 32 200 0 0
 2385 11982.000 99985.000 0 0 0.014 84.382 1.229 1.108 0 1 28 200 0 0
 2386 17188.000 70401.000 0 0 61.014 170.706 10415.622 102.056 0 1 8 200 0 0
 2387 116522.000 186753.000 0 0 33.269 6.336 210.804 14.519 0 1 76 200 0 0
 2388 24465.000 145714.000 0 0 76.697 126.730 9719.890 98.589 0 1 71 210 0 0
 2389 17281.000 130782.000 0 0 59.021 158.602 9360.907 96.751 0 1 58 210 0 0
 2390 17143.000 130405.000 0 0 46.641 127.101 5928.224 76.994 0 1 58 210 0 0
 2391 15365.000 124986.000 0 0 27.545 93.306 2570.209 50.697 0 1 54 200 0 0
 2392 13923.000 119392.000 0 0 16.732 74.270 1242.753 35.252 0 1 46 210 0 0
 2393 12956.000 114365.000 0 0 2.753 16.685 45.947 6.778 0 1 42 200 0 0
 2394 12791.000 113322.000 0 0 22.990 150.494 3459.972 58.821 0 1 40 210 0 0
 2395 11936.000 104889.000 0 0 9.610 173.092 1663.469 40.785 0 1 32 200 0 0
 2396 11811.000 99995.000 0 0 0.010 147.960 1.487 1.219 0 1 28 200 0 0
 2397 24317.000 145801.000 0 0 74.648 123.350 9207.910 95.957 0 1 71 210 0 0
 2398 17121.000 130839.000 0 0 57.674 154.997 8939.350 94.548 0 1 58 210 0 0
 2399 16973.000 130431.000 0 0 26.257 71.639 1881.093 43.371 0 1 58 210 0 0
 2400 15203.000 125042.000 0 0 46.815 158.523 7421.428 86.147 0 1 54 200 0 0
 2401 13758.000 119434.000 0 0 33.537 148.826 4991.269 70.648 0 1 46 210 0 0
 2402 12788.000 114398.000 0 0 17.947 108.706 1950.960 44.169 0 1 42 200 0 0
 2403 11766.000 104890.000 0 0 8.908 160.720 1431.749 37.838 0 1 32 200 0 0
 2404 11642.000 100023.000 0 0 0.054 207.546 11.324 3.365 0 1 28 200 0 0
 2405 24199.000 145931.000 0 0 74.860 123.543 9248.616 96.169 0 1 71 210 0 0
 2406 16959.000 130888.000 0 0 47.382 127.384 6035.729 77.689 0 1 58 210 0 0
 2407 15043.000 125100.000 0 0 50.538 171.057 8644.921 92.978 0 1 54 200 0 0
 2408 13595.000 119481.000 0 0 36.173 160.438 5803.682 76.181 0 1 46 210 0 0
 2409 12621.000 114428.000 0 0 16.598 100.518 1668.443 40.846 0 1 42 200 0 0
 2410 11596.000 104888.000 0 0 7.498 135.611 1016.866 31.888 0 1 32 200 0 0
 2411 11472.000 100007.000 0 0 0.015 178.248 2.827 1.681 0 1 28 200 0 0
 2412 24057.000 146027.000 0 0 79.428 131.054 10409.409 102.026 0 1 71 210 0 0
 2413 16794.000 130931.000 0 0 11.991 32.256 386.797 19.667 0 1 58 210 0 0
 2414 14880.000 125148.000 0 0 50.634 171.386 8678.030 93.155 0 1 54 200 0 0
 2415 13428.000 119519.000 0 0 40.237 178.458 7180.661 84.738 0 1 46 210 0 0
 2416 12455.000 114462.000 0 0 28.427 172.072 4891.507 69.939 0 1 42 200 0 0
 2417 11302.000 100042.000 0 0 0.122 255.123 31.139 5.580 0 1 28 200 0 0
 2418 23910.000 146113.000 0 0 72.947 120.367 8780.527 93.704 0 1 71 210 0 0
 2419 14714.000 125183.000 0 0 45.871 155.351 7126.228 84.416 0 1 54 200 0 0
 2420 13262.000 119551.000 0 0 36.550 162.152 5926.834 76.985 0 1 46 210 0 0
 2421 12287.000 114495.000 0 0 29.186 176.605 5154.451 71.794 0 1 42 200 0 0
 2422 11131.000 100120.000 0 0 0.167 123.548 20.650 4.544 0 1 28 200 0 0
 2423 11132.000 99966.000 0 0 0.006 17.035 0.113 0.335 0 1 28 200 0 0
 2424 23753.000 146181.000 0 0 44.273 73.097 3236.260 56.888 0 1 71 210 0 0
 2425 16069.000 129932.000 0 0 27.261 76.441 2083.893 45.649 0 1 59 200 0 0
 2426 13091.000 119571.000 0 0 17.824 79.153 1410.897 37.561 0 1 46 210 0 0
 2427 12475.000 116557.000 0 0 12.699 67.131 852.526 29.198 0 1 45 200 0 0
 2428 12120.000 114528.000 0 0 29.252 176.941 5175.947 71.944 0 1 42 200 0 0
 2429 10962.000 100122.000 0 0 0.176 128.050 22.645 4.758 0 1 28 200 0 0
 2430 15910.000 129991.000 0 0 28.752 80.616 2317.897 48.144 0 1 59 200 0 0
 2431 15859.000 129843.000 0 0 24.319 68.567 1667.561 40.835 0 1 59 200 0 0
 2432 12309.000 116592.000 0 0 15.907 84.068 1337.296 36.569 0 1 45 200 0 0
 2433 11951.000 114548.000 0 0 23.014 139.285 3205.527 56.617 0 1 42 200 0 0
 2434 10792.000 100124.000 0 0 0.149 106.919 15.958 3.994 0 1 28 200 0 0
 2435 19578.000 139200.000 0 0 20.673 42.413 876.844 29.611 0 1 65 210 0 0
 2436 15751.000 130051.000 0 0 46.098 129.238 5957.649 77.185 0 1 59 200 0 0
 2437 15700.000 129908.000 0 0 24.372 68.697 1674.363 40.918 0 1 59 200 0 0
 2438 12142.000 116627.000 0 0 20.724 109.511 2269.610 47.640 0 1 45 200 0 0
 2439 19423.000 139272.000 0 0 26.357 54.079 1425.427 37.754 0 1 65 210 0 0
 2440 16775.000 133257.000 0 0 27.102 67.822 1838.133 42.873 0 1 63 200 0 0
 2441 15594.000 130114.000 0 0 53.237 149.220 7944.210 89.130 0 1 59 200 0 0
 2442 15537.000 129955.000 0 0 31.588 89.068 2813.562 53.043 0 1 59 200 0 0
 2443 15224.000 129052.000 0 0 26.459 77.210 2042.969 45.199 0 1 59 200 0 0
 2444 11977.000 116670.000 0 0 27.968 147.681 4130.384 64.268 0 1 45 200 0 0
 2445 19278.000 139362.000 0 0 52.836 108.352 5724.979 75.663 0 1 65 210 0 0
 2446 16618.000 133327.000 0 0 35.145 87.928 3090.254 55.590 0 1 63 200 0 0
 2447 15434.000 130173.000 0 0 57.450 161.015 9250.370 96.178 0 1 59 200 0 0
 2448 15377.000 130015.000 0 0 37.412 105.479 3946.246 62.819 0 1 59 200 0 0
 2449 15064.000 129108.000 0 0 30.696 89.567 2749.374 52.434 0 1 59 200 0 0
 2450 11810.000 116702.000 0 0 32.024 169.092 5415.090 73.587 0 1 45 200 0 0
 2451 19138.000 139461.000 0 0 88.909 182.188 16198.271 127.272 0 1 65 210 0 0
 2452 16463.000 133393.000 0 0 32.014 80.086 2563.879 50.634 0 1 63 200 0 0
 2453 15249.000 130158.000 0 0 105.539 296.590 31302.048 176.923 0 1 59 200 0 0
 2454 14909.000 129179.000 0 0 48.955 142.763 6989.090 83.600 0 1 59 200 0 0
 2455 12514.000 120851.000 0 0 16.991 71.294 1211.421 34.805 0 1 51 200 0 0
 2456 11642.000 116729.000 0 0 30.473 160.945 4904.526 70.032 0 1 45 200 0 0
 2457 26209.000 151826.000 0 0 29.815 42.452 1265.764 35.577 0 1 73 210 0 0
 2458 18984.000 139537.000 0 0 90.975 186.416 16959.264 130.227 0 1 65 210 0 0
 2459 16306.000 133462.000 0 0 59.349 148.439 8809.797 93.860 0 1 63 200 0 0
 2460 15079.000 130190.000 0 0 82.497 232.050 19143.487 138.359 0 1 59 200 0 0
 2461 14747.000 129231.000 0 0 59.266 172.853 10244.462 101.214 0 1 59 200 0 0
 2462 12460.000 121360.000 0 0 19.453 79.728 1551.033 39.383 0 1 51 200 0 0
 2463 12343.000 120867.000 0 0 4.000 16.802 67.213 8.198 0 1 51 200 0 0
 2464 12328.000 120806.000 0 0 20.944 88.251 1848.356 42.992 0 1 51 200 0 0
 2465 11469.000 116726.000 0 0 20.849 110.350 2300.703 47.965 0 1 45 200 0 0
 2466 26069.000 151921.000 0 0 32.359 46.075 1490.968 38.613 0 1 73 210 0 0
 2467 18841.000 139631.000 0 0 113.992 233.436 26610.080 163.125 0 1 65 210 0 0
 2468 16152.000 133531.000 0 0 61.078 152.732 9328.583 96.584 0 1 63 200 0 0
 2469 14894.000 130176.000 0 0 37.613 106.080 3990.125 63.167 0 1 59 200 0 0
 2470 14588.000 129293.000 0 0 58.981 171.972 10143.227 100.713 0 1 59 200 0 0
 2471 12296.000 121400.000 0 0 23.593 96.689 2281.215 47.762 0 1 51 200 0 0
 2472 12176.000 120904.000 0 0 49.103 206.290 10129.529 100.645 0 1 51 200 0 0
 2473 11300.000 116750.000 0 0 17.663 93.536 1652.180 40.647 0 1 45 200 0 0
 2474 9772.000 100189.000 0 0 0.181 86.500 15.735 3.966 0 1 29 200 0 0
 2475 25947.000 152041.000 0 0 79.831 113.596 9068.573 95.229 0 1 73 210 0 0
 2476 18717.000 139762.000 0 0 66.711 136.373 9097.695 95.381 0 1 65 210 0 0
 2477 16028.000 133681.000 0 0 130.627 325.677 42542.326 206.257 0 1 63 200 0 0
 2478 14425.000 129343.000 0 0 54.478 158.877 8655.323 93.033 0 1 59 200 0 0
 2479 12132.000 121446.000 0 0 28.787 117.945 3395.415 58.270 0 1 51 200 0 0
 2480 12013.000 120953.000 0 0 54.239 227.756 12353.372 111.145 0 1 51 200 0 0
 2481 11133.000 116787.000 0 0 26.556 140.579 3733.318 61.100 0 1 45 200 0 0
 2482 9602.000 100188.000 0 0 0.180 86.663 15.676 3.959 0 1 29 200 0 0
 2483 25805.000 152135.000 0 0 89.720 127.682 11455.762 107.031 0 1 73 210 0 0
 2484 18563.000 139834.000 0 0 64.923 132.729 8617.212 92.828 0 1 65 210 0 0
 2485 15905.000 133831.000 0 0 92.446 229.792 21243.482 145.751 0 1 63 200 0 0
 2486 15830.000 133642.000 0 0 37.032 92.653 3431.209 58.576 0 1 63 200 0 0
 2487 14258.000 129377.000 0 0 38.025 110.983 4220.196 64.963 0 1 59 200 0 0
 2488 13582.000 127313.000 0 0 20.949 66.282 1388.577 37.263 0 1 57 200 0 0
 2489 11968.000 121490.000 0 0 41.250 168.979 6970.563 83.489 0 1 51 200 0 0
 2490 11848.000 120989.000 0 0 60.370 253.551 15307.073 123.721 0 1 51 200 0 0
 2491 10967.000 116822.000 0 0 29.837 157.909 4711.573 68.640 0 1 45 200 0 0
 2492 10395.000 113392.000 0 0 11.555 77.315 893.407 29.889 0 1 39 200 0 0
 2493 9432.000 100198.000 0 0 0.361 164.972 59.656 7.723 0 1 29 200 0 0
 2494 10715.000 85036.000 0 0 11.477 68.481 785.988 28.035 0 1 16 210 0 0
 2495 11788.000 79695.000 0 0 21.412 93.021 1991.844 44.630 0 1 11 200 0 0
 2496 25680.000 152255.000 0 0 115.628 164.452 19015.410 137.896 0 1 73 210 0 0
 2497 18406.000 139899.000 0 0 51.645 105.614 5454.480 73.854 0 1 65 210 0 0
 2498 17789.000 138608.000 0 0 61.075 130.050 7942.943 89.123 0 1 66 200 0 0
 2499 15750.000 133905.000 0 0 97.522 242.327 23632.366 153.728 0 1 63 200 0 0
 2500 14749.000 131280.000 0 0 25.490 69.472 1770.907 42.082 0 1 61 200 0 0
 2501 13422.000 127366.000 0 0 27.546 87.150 2400.727 48.997 0 1 57 200 0 0
 2502 11804.000 121541.000 0 0 42.339 173.352 7339.669 85.671 0 1 51 200 0 0
 2503 11680.000 121026.000 0 0 57.454 241.337 13865.967 117.753 0 1 51 200 0 0
 2504 10801.000 116855.000 0 0 30.702 162.478 4988.529 70.629 0 1 45 200 0 0
 2505 10227.000 113421.000 0 0 12.867 86.063 1107.414 33.277 0 1 39 200 0 0
 2506 9262.000 100208.000 0 0 0.410 178.349 73.203 8.555 0 1 29 200 0 0
 2507 10545.000 85019.000 0 0 12.208 72.898 889.980 29.832 0 1 16 210 0 0
 2508 11623.000 79661.000 0 0 23.398 101.666 2378.820 48.773 0 1 11 200 0 0
 2509 25550.000 152365.000 0 0 107.944 153.469 16566.227 128.709 0 1 73 210 0 0
 2510 18252.000 139971.000 0 0 7.662 15.670 120.068 10.957 0 1 65 210 0 0
 2511 17631.000 138670.000 0 0 59.320 126.353 7495.273 86.575 0 1 66 200 0 0
 2512 15608.000 134005.000 0 0 58.551 145.312 8508.303 92.240 0 1 63 200 0 0
 2513 15561.000 133888.000 0 0 22.744 56.671 1288.940 35.901 0 1 63 200 0 0
 2514 14591.000 131345.000 0 0 30.049 81.880 2460.509 49.603 0 1 61 200 0 0
 2515 13260.000 127423.000 0 0 44.695 141.371 6318.649 79.489 0 1 57 200 0 0
 2516 11639.000 121579.000 0 0 39.307 160.951 6326.552 79.539 0 1 51 200 0 0
 2517 11507.000 121029.000 0 0 41.334 173.935 7189.627 84.791 0 1 51 200 0 0
 2518 10632.000 116873.000 0 0 29.118 154.221 4490.726 67.012 0 1 45 200 0 0
 2519 10060.000 113446.000 0 0 14.179 94.844 1344.861 36.672 0 1 39 200 0 0
 2520 9092.000 100208.000 0 0 0.410 178.683 73.280 8.560 0 1 29 200 0 0
 2521 9333.000 93583.000 0 0 5.230 73.885 386.428 19.657 0 1 22 200 0 0
 2522 10380.000 84980.000 0 0 14.400 85.917 1237.233 35.174 0 1 16 210 0 0
 2523 11455.000 79626.000 0 0 37.112 161.286 5985.767 77.367 0 1 11 200 0 0
 2524 25423.000 152481.000 0 0 83.021 117.974 9794.452 98.966 0 1 73 210 0 0
 2525 20167.000 144041.000 0 0 31.668 57.406 1817.980 42.637 0 1 69 200 0 0
 2526 18113.000 140075.000 0 0 24.975 51.034 1274.631 35.701 0 1 65 210 0 0
 2527 17486.000 138762.000 0 0 78.046 166.138 12966.599 113.870 0 1 66 200 0 0
 2528 17013.000 137731.000 0 0 7.232 15.907 115.057 10.726 0 1 66 200 0 0
 2529 15440.000 134041.000 0 0 37.528 93.223 3498.537 59.148 0 1 63 200 0 0
 2530 14432.000 131402.000 0 0 39.141 106.657 4174.745 64.612 0 1 61 200 0 0
 2531 13097.000 127471.000 0 0 53.773 170.105 9147.202 95.641 0 1 57 200 0 0
 2532 11468.000 121591.000 0 0 25.878 106.108 2745.908 52.401 0 1 51 200 0 0
 2533 10460.000 116889.000 0 0 4.856 25.745 125.025 11.181 0 1 45 200 0 0
 2534 9894.000 113486.000 0 0 23.918 159.812 3822.505 61.826 0 1 39 200 0 0
 2535 8922.000 100195.000 0 0 0.346 161.536 55.931 7.478 0 1 29 200 0 0
 2536 9164.000 93572.000 0 0 6.162 87.083 536.689 23.166 0 1 22 200 0 0
 2537 10209.000 84968.000 0 0 25.940 154.950 4019.565 63.400 0 1 16 210 0 0
 2538 11287.000 79597.000 0 0 40.102 174.369 6992.720 83.622 0 1 11 200 0 0
 2539 25275.000 152566.000 0 0 35.280 50.151 1769.371 42.063 0 1 73 210 0 0
 2540 20022.000 144129.000 0 0 38.076 69.008 2627.572 51.259 0 1 69 200 0 0
 2541 17962.000 140154.000 0 0 28.873 58.991 1703.301 41.271 0 1 65 210 0 0
 2542 17335.000 138838.000 0 0 89.477 190.448 17040.885 130.540 0 1 66 200 0 0
 2543 16866.000 137819.000 0 0 34.444 75.715 2608.011 51.068 0 1 66 200 0 0
 2544 14275.000 131472.000 0 0 60.344 164.366 9918.643 99.592 0 1 61 200 0 0
 2545 12938.000 127536.000 0 0 54.123 171.122 9261.752 96.237 0 1 57 200 0 0
 2546 9726.000 113519.000 0 0 25.274 168.762 4265.299 65.309 0 1 39 200 0 0
 2547 8751.000 100164.000 0 0 0.055 30.610 1.691 1.300 0 1 29 200 0 0
 2548 8994.000 93568.000 0 0 11.100 157.048 1743.294 41.752 0 1 22 200 0 0
 2549 10040.000 84949.000 0 0 27.417 163.864 4492.698 67.027 0 1 16 210 0 0
 2550 11121.000 79562.000 0 0 43.111 187.471 8082.120 89.900 0 1 11 200 0 0
 2551 19875.000 144217.000 0 0 65.709 119.070 7824.068 88.453 0 1 69 200 0 0
 2552 17810.000 140231.000 0 0 34.713 70.917 2461.756 49.616 0 1 65 210 0 0
 2553 17180.000 138910.000 0 0 96.990 206.445 20023.304 141.503 0 1 66 200 0 0
 2554 16714.000 137895.000 0 0 29.065 63.880 1856.735 43.089 0 1 66 200 0 0
 2555 15668.000 135495.000 0 0 37.430 88.930 3328.748 57.695 0 1 63 200 0 0
 2556 14118.000 131537.000 0 0 65.010 177.035 11509.129 107.280 0 1 61 200 0 0
 2557 12774.000 127575.000 0 0 50.144 158.615 7953.607 89.182 0 1 57 200 0 0
 2558 9557.000 113540.000 0 0 22.716 151.741 3447.084 58.711 0 1 39 200 0 0
 2559 8824.000 93563.000 0 0 11.986 169.754 2034.691 45.107 0 1 22 200 0 0
 2560 9016.000 91330.000 0 0 9.974 104.666 1043.947 32.310 0 1 20 200 0 0
 2561 9271.000 89016.000 0 0 21.589 178.330 3850.070 62.048 0 1 19 200 0 0
 2562 9873.000 84912.000 0 0 27.484 164.169 4512.164 67.172 0 1 16 210 0 0
 2563 10958.000 79512.000 0 0 40.270 175.014 7047.894 83.951 0 1 11 200 0 0
 2564 19732.000 144306.000 0 0 74.335 134.671 10010.800 100.053 0 1 69 200 0 0
 2565 17662.000 140316.000 0 0 65.709 134.197 8818.018 93.904 0 1 65 210 0 0
 2566 17025.000 138980.000 0 0 87.825 186.949 16418.886 128.136 0 1 66 200 0 0
 2567 16566.000 137981.000 0 0 58.263 127.987 7456.984 86.353 0 1 66 200 0 0
 2568 15514.000 135564.000 0 0 37.503 89.093 3341.296 57.803 0 1 63 200 0 0
 2569 13959.000 131598.000 0 0 60.585 164.972 9994.957 99.974 0 1 61 200 0 0
 2570 12605.000 127605.000 0 0 31.756 100.537 3192.741 56.504 0 1 57 200 0 0
 2571 9388.000 113558.000 0 0 23.397 156.367 3658.669 60.486 0 1 39 200 0 0
 2572 8655.000 93556.000 0 0 12.356 175.143 2164.152 46.520 0 1 22 200 0 0
 2573 8846.000 91318.000 0 0 9.987 104.861 1047.348 32.362 0 1 20 200 0 0
 2574 9101.000 89003.000 0 0 23.197 191.732 4447.734 66.691 0 1 19 200 0 0
 2575 9455.000 86433.000 0 0 5.201 34.712 180.556 13.437 0 1 17 200 0 0
 2576 9709.000 84865.000 0 0 27.568 164.467 4534.166 67.336 0 1 16 210 0 0
 2577 10529.000 80640.000 0 0 16.704 77.199 1289.609 35.911 0 1 12 200 0 0
 2578 19583.000 144390.000 0 0 80.857 146.482 11844.257 108.831 0 1 69 200 0 0
 2579 17513.000 140398.000 0 0 69.714 142.346 9923.670 99.617 0 1 65 210 0 0
 2580 16856.000 139022.000 0 0 48.639 103.635 5040.741 70.998 0 1 66 200 0 0
 2581 16415.000 138059.000 0 0 72.974 160.264 11695.141 108.144 0 1 66 200 0 0
 2582 15359.000 135636.000 0 0 63.204 150.120 9488.362 97.408 0 1 63 200 0 0
 2583 13796.000 131644.000 0 0 54.607 148.760 8123.484 90.130 0 1 61 200 0 0
 2584 10229.000 119201.000 0 0 18.408 86.062 1584.265 39.802 0 1 47 200 0 0
 2585 10016.000 118165.000 0 0 15.673 77.642 1216.931 34.884 0 1 47 200 0 0
 2586 9986.000 118024.000 0 0 16.416 81.981 1345.835 36.685 0 1 47 200 0 0
 2587 9222.000 113591.000 0 0 23.454 156.653 3674.249 60.615 0 1 39 200 0 0
 2588 8485.000 93530.000 0 0 11.785 166.697 1964.660 44.324 0 1 22 200 0 0
 2589 8676.000 91299.000 0 0 17.103 179.500 3070.072 55.408 0 1 20 200 0 0
 2590 8932.000 88981.000 0 0 24.299 200.818 4879.739 69.855 0 1 19 200 0 0
 2591 9288.000 86402.000 0 0 7.171 47.840 343.100 18.522 0 1 17 200 0 0
 2592 9541.000 84841.000 0 0 27.612 164.773 4549.881 67.452 0 1 16 210 0 0
 2593 10346.000 80686.000 0 0 5.553 25.778 143.165 11.965 0 1 12 200 0 0
 2594 10362.000 80608.000 0 0 22.308 103.117 2300.386 47.962 0 1 12 200 0 0
 2595 10773.000 78826.000 0 0 12.181 51.333 625.328 25.006 0 1 11 200 0 0
 2596 19429.000 144466.000 0 0 74.603 135.178 10084.775 100.422 0 1 69 200 0 0
 2597 17359.000 140471.000 0 0 67.900 138.651 9414.541 97.028 0 1 65 210 0 0
 2598 16261.000 138131.000 0 0 71.284 156.546 11159.353 105.637 0 1 66 200 0 0
 2599 15206.000 135712.000 0 0 65.051 154.454 10047.454 100.236 0 1 63 200 0 0
 2600 13598.000 131596.000 0 0 25.748 70.411 1812.974 42.579 0 1 61 200 0 0
 2601 10062.000 119235.000 0 0 15.675 73.291 1148.853 33.894 0 1 47 200 0 0
 2602 9850.000 118204.000 0 0 16.580 82.105 1361.327 36.896 0 1 47 200 0 0
 2603 9821.000 118061.000 0 0 16.450 82.132 1351.078 36.757 0 1 47 200 0 0
 2604 9055.000 113618.000 0 0 25.459 170.018 4328.600 65.792 0 1 39 200 0 0
 2605 8506.000 91297.000 0 0 17.523 184.220 3228.121 56.816 0 1 20 200 0 0
 2606 8765.000 88952.000 0 0 22.246 183.697 4086.555 63.926 0 1 19 200 0 0
 2607 9117.000 86395.000 0 0 16.958 113.281 1921.113 43.830 0 1 17 200 0 0
 2608 9373.000 84811.000 0 0 25.484 152.050 3875.014 62.249 0 1 16 210 0 0
 2609 10191.000 80597.000 0 0 35.344 163.590 5781.954 76.039 0 1 12 200 0 0
 2610 10606.000 78790.000 0 0 10.169 42.860 435.873 20.877 0 1 11 200 0 0
 2611 19317.000 144612.000 0 0 29.941 54.150 1621.359 40.266 0 1 69 200 0 0
 2612 19269.000 144523.000 0 0 17.069 30.950 528.301 22.984 0 1 69 200 0 0
 2613 17202.000 140536.000 0 0 54.411 111.140 6047.329 77.764 0 1 65 210 0 0
 2614 16113.000 138218.000 0 0 93.433 205.082 19161.666 138.425 0 1 66 200 0 0
 2615 15049.000 135778.000 0 0 72.037 171.044 12321.586 111.002 0 1 63 200 0 0
 2616 13741.000 132478.000 0 0 26.467 70.293 1860.496 43.133 0 1 61 200 0 0
 2617 13439.000 131657.000 0 0 27.315 74.688 2040.147 45.167 0 1 61 200 0 0
 2618 9899.000 119282.000 0 0 34.200 159.803 5465.335 73.927 0 1 47 200 0 0
 2619 9683.000 118235.000 0 0 17.482 86.585 1513.704 38.906 0 1 47 200 0 0
 2620 9657.000 118110.000 0 0 29.516 147.244 4346.191 65.925 0 1 47 200 0 0
 2621 9334.000 116390.000 0 0 2.356 13.034 30.715 5.542 0 1 44 200 0 0
 2622 8885.000 113634.000 0 0 24.181 161.602 3907.769 62.512 0 1 39 200 0 0
 2623 8337.000 91281.000 0 0 18.392 193.344 3556.019 59.632 0 1 20 200 0 0
 2624 8598.000 88920.000 0 0 12.215 100.766 1230.920 35.084 0 1 19 200 0 0
 2625 8949.000 86374.000 0 0 20.903 139.672 2919.605 54.033 0 1 17 200 0 0
 2626 9210.000 84758.000 0 0 16.073 95.740 1538.925 39.229 0 1 16 210 0 0
 2627 10025.000 80563.000 0 0 40.068 185.472 7431.508 86.206 0 1 12 200 0 0
 2628 10441.000 78746.000 0 0 16.301 68.691 1119.800 33.463 0 1 11 200 0 0
 2629 10464.000 78652.000 0 0 12.281 51.510 632.647 25.152 0 1 11 200 0 0
 2630 19171.000 144700.000 0 0 36.427 65.869 2399.460 48.984 0 1 69 200 0 0
 2631 15975.000 138324.000 0 0 67.971 149.027 10129.696 100.646 0 1 66 200 0 0
 2632 14888.000 135835.000 0 0 65.274 155.034 10119.843 100.597 0 1 63 200 0 0
 2633 13578.000 132530.000 0 0 29.627 78.709 2331.969 48.290 0 1 61 200 0 0
 2634 13279.000 131717.000 0 0 50.173 137.185 6883.152 82.964 0 1 61 200 0 0
 2635 9732.000 119320.000 0 0 35.193 164.425 5786.649 76.070 0 1 47 200 0 0
 2636 9505.000 118210.000 0 0 60.232 299.322 18028.823 134.271 0 1 47 200 0 0
 2637 9171.000 116441.000 0 0 13.398 74.018 991.752 31.492 0 1 44 200 0 0
 2638 9150.000 116325.000 0 0 11.738 65.328 766.884 27.692 0 1 44 200 0 0
 2639 8718.000 113666.000 0 0 2.619 17.497 45.838 6.770 0 1 39 200 0 0
 2640 8713.000 113631.000 0 0 6.535 43.768 286.054 16.913 0 1 39 200 0 0
 2641 8168.000 91254.000 0 0 17.190 180.498 3102.947 55.704 0 1 20 200 0 0
 2642 8781.000 86347.000 0 0 20.290 135.558 2750.530 52.445 0 1 17 200 0 0
 2643 9401.000 82750.000 0 0 14.883 78.172 1163.519 34.110 0 1 15 210 0 0
 2644 9651.000 81502.000 0 0 31.923 155.913 4977.244 70.549 0 1 13 200 0 0
 2645 9854.000 80544.000 0 0 51.296 237.664 12191.340 110.414 0 1 12 200 0 0
 2646 10282.000 78681.000 0 0 51.098 215.039 10988.264 104.824 0 1 11 200 0 0
 2647 19025.000 144787.000 0 0 68.703 124.214 8534.008 92.379 0 1 69 200 0 0
 2648 15823.000 138403.000 0 0 64.430 141.229 9099.536 95.391 0 1 66 200 0 0
 2649 14727.000 135891.000 0 0 29.248 69.490 2032.485 45.083 0 1 63 200 0 0
 2650 13429.000 132612.000 0 0 46.901 124.502 5839.358 76.415 0 1 61 200 0 0
 2651 13122.000 131780.000 0 0 54.843 149.924 8222.323 90.677 0 1 61 200 0 0
 2652 9568.000 119360.000 0 0 37.120 173.392 6436.407 80.227 0 1 47 200 0 0
 2653 9339.000 118252.000 0 0 62.121 308.560 19168.285 138.449 0 1 47 200 0 0
 2654 8995.000 116433.000 0 0 37.025 205.039 7591.670 87.130 0 1 44 200 0 0
 2655 8001.000 91231.000 0 0 9.247 97.016 897.170 29.952 0 1 20 200 0 0
 2656 8611.000 86332.000 0 0 23.587 157.708 3719.990 60.991 0 1 17 200 0 0
 2657 9232.000 82727.000 0 0 14.903 78.318 1167.240 34.164 0 1 15 210 0 0
 2658 9485.000 81470.000 0 0 31.089 151.862 4721.411 68.712 0 1 13 200 0 0
 2659 9686.000 80519.000 0 0 52.294 242.436 12678.105 112.597 0 1 12 200 0 0
 2660 10116.000 78643.000 0 0 54.259 228.359 12390.695 111.313 0 1 11 200 0 0
 2661 18883.000 144878.000 0 0 75.295 136.095 10247.351 101.229 0 1 69 200 0 0
 2662 15663.000 138463.000 0 0 62.688 137.455 8616.851 92.826 0 1 66 200 0 0
 2663 13268.000 132667.000 0 0 62.488 165.905 10367.115 101.819 0 1 61 200 0 0
 2664 12965.000 131848.000 0 0 54.960 150.195 8254.808 90.855 0 1 61 200 0 0
 2665 10331.000 123360.000 0 0 20.156 77.369 1559.476 39.490 0 1 53 200 0 0
 2666 9399.000 119387.000 0 0 35.314 165.033 5828.033 76.341 0 1 47 200 0 0
 2667 9173.000 118287.000 0 0 57.857 287.360 16625.900 128.941 0 1 47 200 0 0
 2668 8829.000 116465.000 0 0 45.780 253.495 11605.084 107.726 0 1 44 200 0 0
 2669 7825.000 91282.000 0 0 12.119 128.144 1553.107 39.409 0 1 20 200 0 0
 2670 8400.000 86596.000 0 0 12.850 87.815 1128.517 33.593 0 1 17 200 0 0
 2671 8437.000 86349.000 0 0 20.940 140.457 2941.276 54.233 0 1 17 200 0 0
 2672 9065.000 82699.000 0 0 23.224 122.062 2834.815 53.242 0 1 15 210 0 0
 2673 9316.000 81444.000 0 0 45.366 221.701 10057.810 100.288 0 1 13 200 0 0
 2674 9521.000 80483.000 0 0 48.650 225.535 10972.515 104.749 0 1 12 200 0 0
 2675 9951.000 78601.000 0 0 51.291 215.831 11070.363 105.215 0 1 11 200 0 0
 2676 10718.000 75626.000 0 0 22.199 81.314 1805.140 42.486 0 1 9 200 0 0
 2677 18626.000 56023.000 0 0 29.515 54.614 1611.983 40.149 0 1 1 200 0 0
 2678 18732.000 144960.000 0 0 84.051 151.927 12769.790 113.003 0 1 69 200 0 0
 2679 13112.000 132735.000 0 0 62.765 166.597 10456.644 102.257 0 1 61 200 0 0
 2680 12802.000 131896.000 0 0 51.986 142.118 7388.179 85.954 0 1 61 200 0 0
 2681 10166.000 123399.000 0 0 23.554 90.427 2129.953 46.151 0 1 53 200 0 0
 2682 9228.000 119397.000 0 0 6.507 30.450 198.140 14.076 0 1 47 200 0 0
 2683 9016.000 118364.000 0 0 17.605 87.224 1535.634 39.187 0 1 47 200 0 0
 2684 8984.000 118213.000 0 0 9.605 48.000 461.077 21.472 0 1 47 200 0 0
 2685 8661.000 116493.000 0 0 49.809 275.850 13740.089 117.218 0 1 44 200 0 0
 2686 7939.000 111721.000 0 0 9.551 75.022 716.609 26.769 0 1 38 200 0 0
 2687 7656.000 91258.000 0 0 11.316 119.527 1352.623 36.778 0 1 20 200 0 0
 2688 8231.000 86577.000 0 0 8.365 57.193 478.472 21.874 0 1 17 200 0 0
 2689 8267.000 86330.000 0 0 20.314 136.321 2769.302 52.624 0 1 17 200 0 0
 2690 8898.000 82673.000 0 0 30.732 161.579 4965.695 70.467 0 1 15 210 0 0
 2691 9149.000 81416.000 0 0 48.164 235.451 11340.348 106.491 0 1 13 200 0 0
 2692 9348.000 80474.000 0 0 14.040 65.185 915.272 30.253 0 1 12 200 0 0
 2693 9364.000 80402.000 0 0 7.513 34.747 261.078 16.157 0 1 12 200 0 0
 2694 9780.000 78588.000 0 0 12.318 51.904 639.407 25.286 0 1 11 200 0 0
 2695 9803.000 78495.000 0 0 13.403 56.213 753.433 27.448 0 1 11 200 0 0
 2696 10553.000 75583.000 0 0 21.068 77.178 1626.015 40.323 0 1 9 200 0 0
 2697 18477.000 55941.000 0 0 33.793 62.527 2113.046 45.967 0 1 1 200 0 0
 2698 18581.000 145039.000 0 0 75.565 136.602 10322.385 101.599 0 1 69 200 0 0
 2699 12950.000 132791.000 0 0 59.730 158.564 9471.117 97.319 0 1 61 200 0 0
 2700 10007.000 123462.000 0 0 40.488 155.300 6287.815 79.295 0 1 53 200 0 0
 2701 8494.000 116522.000 0 0 48.313 267.583 12927.977 113.701 0 1 44 200 0 0
 2702 7771.000 111750.000 0 0 10.702 83.998 898.974 29.982 0 1 38 200 0 0
 2703 7484.000 91268.000 0 0 18.000 190.711 3432.904 58.590 0 1 20 200 0 0
 2704 8060.000 86563.000 0 0 20.612 141.034 2907.131 53.917 0 1 17 200 0 0
 2705 8100.000 86300.000 0 0 20.359 136.569 2780.481 52.730 0 1 17 200 0 0
 2706 8728.000 82650.000 0 0 34.103 179.398 6118.014 78.217 0 1 15 210 0 0
 2707 8982.000 81384.000 0 0 49.081 239.964 11777.909 108.526 0 1 13 200 0 0
 2708 10387.000 75551.000 0 0 37.505 137.465 5155.688 71.803 0 1 9 200 0 0
 2709 18321.000 55871.000 0 0 67.693 125.294 8481.647 92.095 0 1 1 200 0 0
 2710 23696.000 153570.000 0 0 17.970 25.596 459.988 21.447 0 1 73 210 0 0
 2711 23662.000 153522.000 0 0 35.921 51.234 1840.411 42.900 0 1 73 210 0 0
 2712 18424.000 145105.000 0 0 36.756 66.477 2443.528 49.432 0 1 69 200 0 0
 2713 12781.000 132825.000 0 0 37.761 100.334 3788.797 61.553 0 1 61 200 0 0
 2714 12235.000 131327.000 0 0 31.534 88.344 2785.919 52.781 0 1 61 200 0 0
 2715 9842.000 123504.000 0 0 45.066 172.866 7790.529 88.263 0 1 53 200 0 0
 2716 8321.000 116518.000 0 0 36.426 202.165 7364.139 85.814 0 1 44 200 0 0
 2717 7603.000 111780.000 0 0 15.247 119.596 1823.595 42.703 0 1 38 200 0 0
 2718 6922.000 102917.000 0 0 2.517 80.311 202.192 14.219 0 1 31 210 0 0
 2719 6954.000 96548.000 0 0 3.640 98.120 357.186 18.899 0 1 26 200 0 0
 2720 7219.000 92304.000 0 0 7.009 84.501 592.307 24.337 0 1 20 200 0 0
 2721 7315.000 91253.000 0 0 19.288 204.383 3942.279 62.787 0 1 20 200 0 0
 2722 7891.000 86538.000 0 0 23.231 158.950 3692.714 60.767 0 1 17 200 0 0
 2723 7925.000 86320.000 0 0 17.707 119.179 2110.392 45.939 0 1 17 200 0 0
 2724 7937.000 86245.000 0 0 3.296 22.059 72.710 8.527 0 1 17 200 0 0
 2725 8563.000 82609.000 0 0 32.512 170.937 5557.571 74.549 0 1 15 210 0 0
 2726 8818.000 81338.000 0 0 44.729 218.548 9775.642 98.871 0 1 13 200 0 0
 2727 10223.000 75505.000 0 0 42.270 154.926 6548.869 80.925 0 1 9 200 0 0
 2728 18169.000 55794.000 0 0 72.049 133.371 9609.343 98.027 0 1 1 200 0 0
 2729 23550.000 153659.000 0 0 20.571 29.309 602.941 24.554 0 1 73 210 0 0
 2730 23526.000 153625.000 0 0 23.141 33.001 763.695 27.635 0 1 73 210 0 0
 2731 12076.000 131388.000 0 0 31.595 88.504 2796.378 52.880 0 1 61 200 0 0
 2732 9678.000 123549.000 0 0 46.286 177.531 8217.253 90.649 0 1 53 200 0 0
 2733 7435.000 111801.000 0 0 19.799 155.302 3074.939 55.452 0 1 38 200 0 0
 2734 7106.000 108774.000 0 0 8.411 89.056 749.128 27.370 0 1 36 200 0 0
 2735 6752.000 102931.000 0 0 3.091 98.333 304.014 17.435 0 1 31 210 0 0
 2736 6783.000 96549.000 0 0 3.474 93.832 326.040 18.056 0 1 26 200 0 0
 2737 7049.000 92296.000 0 0 8.125 98.019 796.414 28.220 0 1 20 200 0 0
 2738 7146.000 91239.000 0 0 21.419 227.005 4862.333 69.730 0 1 20 200 0 0
 2739 7723.000 86519.000 0 0 26.498 181.373 4806.108 69.326 0 1 17 200 0 0
 2740 7756.000 86301.000 0 0 18.389 123.819 2276.936 47.717 0 1 17 200 0 0
 2741 8401.000 82553.000 0 0 20.071 105.372 2114.951 45.988 0 1 15 210 0 0
 2742 8660.000 81257.000 0 0 9.884 48.171 476.163 21.821 0 1 13 200 0 0
 2743 10058.000 75462.000 0 0 48.230 176.784 8526.440 92.338 0 1 9 200 0 0
 2744 14720.000 62414.000 0 0 63.060 143.079 9022.702 94.987 0 1 4 210 0 0
 2745 18019.000 55714.000 0 0 74.302 137.545 10219.888 101.093 0 1 1 200 0 0
 2746 18530.000 54784.000 0 0 21.679 39.061 846.835 29.100 0 1 1 200 0 0
 2747 23407.000 153750.000 0 0 100.484 143.186 14387.999 119.949 0 1 73 210 0 0
 2748 15270.000 139644.000 0 0 30.406 64.987 1976.066 44.452 0 1 67 200 0 0
 2749 11917.000 131447.000 0 0 57.282 160.445 9190.756 95.868 0 1 61 200 0 0
 2750 9511.000 123580.000 0 0 42.952 164.827 7079.708 84.141 0 1 53 200 0 0
 2751 7266.000 111829.000 0 0 21.547 168.917 3639.780 60.330 0 1 38 200 0 0
 2752 6936.000 108793.000 0 0 9.273 98.138 910.081 30.167 0 1 36 200 0 0
 2753 6870.000 108047.000 0 0 8.100 93.745 759.367 27.556 0 1 36 200 0 0
 2754 6582.000 102936.000 0 0 3.377 107.466 362.994 19.052 0 1 31 210 0 0
 2755 6614.000 96548.000 0 0 6.287 170.104 1069.607 32.704 0 1 26 200 0 0
 2756 6880.000 92284.000 0 0 8.506 102.660 873.311 29.551 0 1 20 200 0 0
 2757 6976.000 91216.000 0 0 19.371 205.130 3973.608 63.036 0 1 20 200 0 0
 2758 7555.000 86492.000 0 0 23.311 159.530 3718.916 60.982 0 1 17 200 0 0
 2759 7588.000 86275.000 0 0 19.738 132.901 2623.343 51.218 0 1 17 200 0 0
 2760 9897.000 75411.000 0 0 44.790 164.125 7351.339 85.739 0 1 9 200 0 0
 2761 14561.000 62353.000 0 0 48.729 110.590 5389.033 73.410 0 1 4 210 0 0
 2762 15200.000 60944.000 0 0 56.168 121.954 6850.037 82.764 0 1 2 200 0 0
 2763 15307.000 60714.000 0 0 99.810 215.172 21476.458 146.548 0 1 2 200 0 0
 2764 15584.000 60127.000 0 0 36.314 76.883 2792.005 52.839 0 1 2 200 0 0
 2765 17875.000 55623.000 0 0 63.820 118.107 7537.667 86.819 0 1 1 200 0 0
 2766 18385.000 54695.000 0 0 36.919 66.509 2455.533 49.553 0 1 1 200 0 0
 2767 23267.000 153846.000 0 0 113.578 161.853 18383.149 135.584 0 1 73 210 0 0
 2768 17287.000 144075.000 0 0 54.937 103.098 5663.991 75.259 0 1 70 200 0 0
 2769 15120.000 139721.000 0 0 43.791 93.576 4097.823 64.014 0 1 67 200 0 0
 2770 11759.000 131508.000 0 0 63.409 177.585 11260.639 106.116 0 1 61 200 0 0
 2771 11063.000 129471.000 0 0 25.429 76.738 1951.379 44.174 0 1 60 200 0 0
 2772 9999.000 126014.000 0 0 18.706 64.717 1210.622 34.793 0 1 53 200 0 0
 2773 9343.000 123612.000 0 0 21.505 82.567 1775.637 42.138 0 1 53 200 0 0
 2774 8226.000 118754.000 0 0 16.181 79.186 1281.382 35.796 0 1 48 200 0 0
 2775 7098.000 111848.000 0 0 18.743 146.963 2754.541 52.483 0 1 38 200 0 0
 2776 6768.000 108816.000 0 0 15.636 165.356 2585.587 50.848 0 1 36 200 0 0
 2777 6700.000 108062.000 0 0 9.662 111.823 1080.504 32.871 0 1 36 200 0 0
 2778 6411.000 102948.000 0 0 5.228 165.990 867.892 29.460 0 1 31 210 0 0
 2779 6444.000 96547.000 0 0 6.621 179.381 1187.852 34.465 0 1 26 200 0 0
 2780 6709.000 92276.000 0 0 14.071 169.932 2391.141 48.899 0 1 20 200 0 0
 2781 6810.000 91170.000 0 0 14.814 156.350 2316.310 48.128 0 1 20 200 0 0
 2782 7392.000 86441.000 0 0 12.999 88.782 1154.079 33.971 0 1 17 200 0 0
 2783 7427.000 86204.000 0 0 29.762 199.700 5943.594 77.094 0 1 17 200 0 0
 2784 9737.000 75345.000 0 0 22.454 82.208 1845.965 42.964 0 1 9 200 0 0
 2785 13706.000 63900.000 0 0 17.308 41.374 716.143 26.760 0 1 6 200 0 0
 2786 13753.000 63792.000 0 0 13.881 33.065 458.997 21.424 0 1 6 200 0 0
 2787 14402.000 62292.000 0 0 84.958 192.857 16384.981 128.003 0 1 4 210 0 0
 2788 15036.000 60892.000 0 0 48.747 105.903 5162.521 71.850 0 1 2 200 0 0
 2789 15165.000 60617.000 0 0 124.603 268.405 33444.153 182.877 0 1 2 200 0 0
 2790 15421.000 60072.000 0 0 57.422 121.637 6984.801 83.575 0 1 2 200 0 0
 2791 15800.000 59285.000 0 0 40.983 84.756 3473.662 58.937 0 1 2 200 0 0
 2792 17454.000 56046.000 0 0 40.031 75.180 3009.618 54.859 0 1 1 200 0 0
 2793 17752.000 55493.000 0 0 32.004 59.142 1892.808 43.506 0 1 1 200 0 0
 2794 18173.000 54726.000 0 0 32.555 58.839 1915.536 43.766 0 1 1 200 0 0
 2795 18229.000 54629.000 0 0 63.076 113.680 7170.590 84.679 0 1 1 200 0 0
 2796 23127.000 153944.000 0 0 113.785 162.149 18450.223 135.831 0 1 73 210 0 0
 2797 17140.000 144161.000 0 0 61.393 115.194 7072.217 84.096 0 1 70 200 0 0
 2798 14967.000 139795.000 0 0 45.779 97.820 4478.117 66.918 0 1 67 200 0 0
 2799 11600.000 131571.000 0 0 65.081 182.225 11859.419 108.900 0 1 61 200 0 0
 2800 10905.000 129537.000 0 0 31.147 93.953 2926.419 54.096 0 1 60 200 0 0
 2801 9837.000 126071.000 0 0 24.994 86.437 2160.463 46.480 0 1 53 200 0 0
 2802 8060.000 118792.000 0 0 14.413 70.517 1016.427 31.881 0 1 48 200 0 0
 2803 6927.000 111849.000 0 0 10.224 80.307 821.098 28.654 0 1 38 200 0 0
 2804 6600.000 108843.000 0 0 16.109 170.130 2740.668 52.351 0 1 36 200 0 0
 2805 6579.000 108612.000 0 0 7.018 76.130 534.343 23.115 0 1 36 200 0 0
 2806 6532.000 108094.000 0 0 12.804 147.858 1893.182 43.510 0 1 36 200 0 0
 2807 6242.000 102966.000 0 0 5.545 175.275 971.970 31.176 0 1 31 210 0 0
 2808 6247.000 97311.000 0 0 1.934 67.415 130.386 11.418 0 1 26 200 0 0
 2809 6274.000 96545.000 0 0 6.626 179.707 1190.755 34.507 0 1 26 200 0 0
 2810 6475.000 93054.000 0 0 5.993 80.697 483.661 21.992 0 1 20 200 0 0
 2811 6538.000 92275.000 0 0 14.812 179.200 2654.456 51.521 0 1 20 200 0 0
 2812 6641.000 91158.000 0 0 1.271 13.421 17.063 4.130 0 1 20 200 0 0
 2813 7267.000 86124.000 0 0 13.968 93.345 1303.877 36.109 0 1 17 200 0 0
 2814 13552.000 63829.000 0 0 20.809 49.734 1034.959 32.170 0 1 6 200 0 0
 2815 13578.000 63768.000 0 0 10.417 24.849 258.878 16.089 0 1 6 200 0 0
 2816 13598.000 63722.000 0 0 17.394 41.426 720.578 26.843 0 1 6 200 0 0
 2817 14249.000 62219.000 0 0 99.609 226.078 22519.486 150.064 0 1 4 210 0 0
 2818 14880.000 60825.000 0 0 93.897 204.018 19156.828 138.408 0 1 2 200 0 0
 2819 14980.000 60608.000 0 0 67.978 146.717 9973.591 99.867 0 1 2 200 0 0
 2820 15268.000 59997.000 0 0 67.116 142.159 9541.295 97.679 0 1 2 200 0 0
 2821 15647.000 59211.000 0 0 37.149 76.825 2854.011 53.422 0 1 2 200 0 0
 2822 17306.000 55964.000 0 0 59.109 111.001 6561.231 81.001 0 1 1 200 0 0
 2823 17602.000 55414.000 0 0 34.197 63.198 2161.240 46.489 0 1 1 200 0 0
 2824 18061.000 54578.000 0 0 104.515 188.540 19705.414 140.375 0 1 1 200 0 0
 2825 22968.000 154013.000 0 0 85.444 121.857 10412.077 102.039 0 1 73 210 0 0
 2826 16988.000 144239.000 0 0 67.862 127.340 8641.606 92.960 0 1 70 200 0 0
 2827 14817.000 139875.000 0 0 72.633 155.164 11270.106 106.160 0 1 67 200 0 0
 2828 11439.000 131621.000 0 0 63.638 178.230 11342.232 106.499 0 1 61 200 0 0
 2829 10743.000 129587.000 0 0 38.296 115.533 4424.566 66.517 0 1 60 200 0 0
 2830 9672.000 126109.000 0 0 25.030 86.595 2167.562 46.557 0 1 53 200 0 0
 2831 7895.000 118833.000 0 0 29.792 145.702 4340.769 65.884 0 1 48 200 0 0
 2832 6874.000 112770.000 0 0 11.630 84.815 986.482 31.408 0 1 38 200 0 0
 2833 6761.000 111895.000 0 0 10.833 84.918 920.003 30.331 0 1 38 200 0 0
 2834 6636.000 110860.000 0 0 12.493 107.403 1341.822 36.630 0 1 38 200 0 0
 2835 6429.000 108853.000 0 0 17.826 188.400 3358.510 57.952 0 1 36 200 0 0
 2836 6408.000 108612.000 0 0 9.082 98.695 896.372 29.939 0 1 36 200 0 0
 2837 6363.000 108105.000 0 0 14.764 170.562 2518.294 50.182 0 1 36 200 0 0
 2838 6072.000 102968.000 0 0 5.692 180.094 1025.188 32.018 0 1 31 210 0 0
 2839 6077.000 97310.000 0 0 2.450 85.541 209.631 14.478 0 1 26 200 0 0
 2840 6104.000 96524.000 0 0 6.332 171.034 1083.078 32.910 0 1 26 200 0 0
 2841 6306.000 93046.000 0 0 6.667 89.822 598.894 24.472 0 1 20 200 0 0
 2842 6370.000 92258.000 0 0 14.474 175.036 2533.496 50.333 0 1 20 200 0 0
 2843 7099.000 86100.000 0 0 23.987 160.318 3845.574 62.012 0 1 17 200 0 0
 2844 13409.000 63731.000 0 0 90.408 215.844 19514.221 139.693 0 1 6 200 0 0
 2845 14090.000 62154.000 0 0 99.779 226.496 22599.582 150.331 0 1 4 210 0 0
 2846 14725.000 60754.000 0 0 105.351 228.908 24115.827 155.292 0 1 2 200 0 0
 2847 14888.000 60402.000 0 0 197.410 424.313 83763.683 289.419 0 1 2 200 0 0
 2848 15117.000 59920.000 0 0 63.404 134.278 8513.841 92.270 0 1 2 200 0 0
 2849 15486.000 59151.000 0 0 66.578 137.744 9170.739 95.763 0 1 2 200 0 0
 2850 17165.000 55865.000 0 0 74.048 138.977 10291.060 101.444 0 1 1 200 0 0
 2851 17454.000 55331.000 0 0 53.537 98.934 5296.721 72.778 0 1 1 200 0 0
 2852 17908.000 54503.000 0 0 109.048 196.760 21456.488 146.480 0 1 1 200 0 0
 2853 16842.000 144325.000 0 0 97.744 183.374 17923.852 133.879 0 1 70 200 0 0
 2854 14664.000 139951.000 0 0 80.440 171.821 13821.456 117.564 0 1 67 200 0 0
 2855 11282.000 131691.000 0 0 60.922 170.549 10390.341 101.933 0 1 61 200 0 0
 2856 10585.000 129651.000 0 0 51.168 154.302 7895.491 88.856 0 1 60 200 0 0
 2857 9514.000 126174.000 0 0 42.659 147.477 6291.273 79.317 0 1 53 200 0 0
 2858 9467.000 126011.000 0 0 23.690 82.454 1953.362 44.196 0 1 53 200 0 0
 2859 7731.000 118871.000 0 0 33.469 163.649 5477.283 74.008 0 1 48 200 0 0
 2860 6707.000 112793.000 0 0 11.651 84.968 990.024 31.464 0 1 38 200 0 0
 2861 6594.000 111928.000 0 0 11.435 89.546 1024.001 32.000 0 1 38 200 0 0
 2862 6468.000 110881.000 0 0 13.042 112.101 1462.054 38.236 0 1 38 200 0 0
 2863 6260.000 108870.000 0 0 15.306 161.765 2476.116 49.760 0 1 36 200 0 0
 2864 6239.000 108631.000 0 0 10.758 116.869 1257.366 35.459 0 1 36 200 0 0
 2865 6194.000 108122.000 0 0 16.743 193.370 3237.608 56.899 0 1 36 200 0 0
 2866 6041.000 106010.000 0 0 4.610 72.066 332.252 18.227 0 1 34 200 0 0
 2867 5901.000 102962.000 0 0 5.254 166.894 876.921 29.612 0 1 31 210 0 0
 2868 5906.000 97310.000 0 0 3.094 108.243 334.972 18.302 0 1 26 200 0 0
 2869 5934.000 96540.000 0 0 0.995 27.047 26.912 5.187 0 1 26 200 0 0
 2870 5936.000 96495.000 0 0 1.680 45.100 75.803 8.706 0 1 26 200 0 0
 2871 6137.000 93028.000 0 0 7.352 98.981 727.770 26.977 0 1 20 200 0 0
 2872 6202.000 92233.000 0 0 13.404 161.866 2169.797 46.581 0 1 20 200 0 0
 2873 6930.000 86079.000 0 0 26.732 178.716 4777.462 69.119 0 1 17 200 0 0
 2874 7737.000 81526.000 0 0 18.596 92.872 1727.100 41.558 0 1 13 200 0 0
 2875 8712.000 77238.000 0 0 20.731 83.142 1723.627 41.516 0 1 10 200 0 0
 2876 13252.000 63664.000 0 0 101.031 241.197 24368.536 156.104 0 1 6 200 0 0
 2877 13939.000 62080.000 0 0 94.524 214.523 20277.656 142.399 0 1 4 210 0 0
 2878 14755.000 60290.000 0 0 472.096 1013.436 478439.277 691.693 0 1 2 200 0 0
 2879 15027.000 59713.000 0 0 36.692 77.390 2839.611 53.287 0 1 2 200 0 0
 2880 15242.000 59265.000 0 0 29.291 60.947 1785.242 42.252 0 1 2 200 0 0
 2881 15335.000 59072.000 0 0 82.406 170.469 14047.731 118.523 0 1 2 200 0 0
 2882 17002.000 55809.000 0 0 95.329 179.045 17068.366 130.645 0 1 1 200 0 0
 2883 17297.000 55263.000 0 0 68.626 126.865 8706.319 93.307 0 1 1 200 0 0
 2884 17720.000 54490.000 0 0 85.079 153.817 13086.775 114.397 0 1 1 200 0 0
 2885 17800.000 54350.000 0 0 17.501 31.513 551.533 23.484 0 1 1 200 0 0
 2886 16697.000 144413.000 0 0 102.195 191.680 19588.844 139.960 0 1 70 200 0 0
 2887 14510.000 140022.000 0 0 76.738 163.915 12578.650 112.154 0 1 67 200 0 0
 2888 11125.000 131758.000 0 0 59.371 166.146 9864.292 99.319 0 1 61 200 0 0
 2889 10425.000 129709.000 0 0 59.818 180.355 10788.658 103.868 0 1 60 200 0 0
 2890 9351.000 126222.000 0 0 46.507 160.775 7477.336 86.471 0 1 53 200 0 0
 2891 9298.000 126043.000 0 0 12.567 43.769 550.062 23.453 0 1 53 200 0 0
 2892 7563.000 118906.000 0 0 34.439 168.376 5798.720 76.149 0 1 48 200 0 0
 2893 6538.000 112825.000 0 0 22.746 165.764 3770.553 61.404 0 1 38 200 0 0
 2894 6424.000 111946.000 0 0 13.170 103.163 1358.690 36.860 0 1 38 200 0 0
 2895 6299.000 110908.000 0 0 20.914 179.659 3757.541 61.298 0 1 38 200 0 0
 2896 6089.000 108856.000 0 0 7.217 76.529 552.350 23.502 0 1 36 200 0 0
 2897 6072.000 108670.000 0 0 15.793 171.092 2702.127 51.981 0 1 36 200 0 0
 2898 6025.000 108129.000 0 0 15.587 180.186 2808.708 52.997 0 1 36 200 0 0
 2899 5870.000 106013.000 0 0 9.512 148.905 1416.503 37.636 0 1 34 200 0 0
 2900 5733.000 102985.000 0 0 0.715 22.587 16.159 4.019 0 1 31 210 0 0
 2901 5731.000 102940.000 0 0 1.269 40.680 51.624 7.184 0 1 31 210 0 0
 2902 5736.000 97305.000 0 0 4.651 162.669 756.620 27.506 0 1 26 200 0 0
 2903 5967.000 93029.000 0 0 12.698 171.284 2175.122 46.638 0 1 20 200 0 0
 2904 6033.000 92210.000 0 0 7.469 90.084 672.850 25.939 0 1 20 200 0 0
 2905 6404.000 88646.000 0 0 9.796 80.758 791.189 28.128 0 1 18 200 0 0
 2906 6761.000 86064.000 0 0 28.060 187.731 5267.917 72.580 0 1 17 200 0 0
 2907 7571.000 81493.000 0 0 20.403 101.898 2079.126 45.597 0 1 13 200 0 0
 2908 8545.000 77203.000 0 0 21.855 87.676 1916.231 43.774 0 1 10 200 0 0
 2909 13095.000 63600.000 0 0 99.464 237.471 23620.037 153.688 0 1 6 200 0 0
 2910 13804.000 61965.000 0 0 36.464 82.635 3013.248 54.893 0 1 4 210 0 0
 2911 14415.000 60615.000 0 0 98.174 213.335 20944.216 144.721 0 1 2 200 0 0
 2912 14662.000 60086.000 0 0 363.546 777.278 282576.814 531.579 0 1 2 200 0 0
 2913 14872.000 59643.000 0 0 48.369 102.028 4935.106 70.250 0 1 2 200 0 0
 2914 15090.000 59190.000 0 0 54.780 113.975 6243.605 79.016 0 1 2 200 0 0
 2915 15182.000 59000.000 0 0 76.647 158.562 12153.383 110.242 0 1 2 200 0 0
 2916 16849.000 55735.000 0 0 106.096 199.299 21145.010 145.413 0 1 1 200 0 0
 2917 17149.000 55182.000 0 0 73.045 135.034 9863.691 99.316 0 1 1 200 0 0
 2918 17568.000 54415.000 0 0 85.219 154.103 13132.692 114.597 0 1 1 200 0 0
 2919 16548.000 144496.000 0 0 95.988 180.024 17280.281 131.454 0 1 70 200 0 0
 2920 14350.000 140081.000 0 0 69.168 147.804 10223.397 101.110 0 1 67 200 0 0
 2921 10965.000 131813.000 0 0 51.849 145.112 7524.055 86.741 0 1 61 200 0 0
 2922 10263.000 129760.000 0 0 52.782 159.158 8400.823 91.656 0 1 60 200 0 0
 2923 9187.000 126269.000 0 0 44.074 152.362 6715.260 81.946 0 1 53 200 0 0
 2924 9144.000 126120.000 0 0 39.881 138.723 5532.525 74.380 0 1 53 200 0 0
 2925 9121.000 126037.000 0 0 4.991 17.420 86.946 9.324 0 1 53 200 0 0
 2926 7393.000 118919.000 0 0 36.274 177.561 6440.985 80.255 0 1 48 200 0 0
 2927 6456.000 113465.000 0 0 17.429 121.082 2110.361 45.938 0 1 38 200 0 0
 2928 6371.000 112856.000 0 0 24.034 175.034 4206.830 64.860 0 1 38 200 0 0
 2929 6257.000 111982.000 0 0 19.529 152.785 2983.824 54.624 0 1 38 200 0 0
 2930 6132.000 110939.000 0 0 22.549 193.497 4363.312 66.055 0 1 38 200 0 0
 2931 5901.000 108684.000 0 0 18.318 198.482 3635.923 60.298 0 1 36 200 0 0
 2932 5853.000 108116.000 0 0 9.337 108.304 1011.272 31.800 0 1 36 200 0 0
 2933 5701.000 106022.000 0 0 10.393 162.730 1691.271 41.125 0 1 34 200 0 0
 2934 5567.000 97314.000 0 0 4.894 172.012 841.900 29.015 0 1 26 200 0 0
 2935 5796.000 93018.000 0 0 13.724 185.161 2541.213 50.410 0 1 20 200 0 0
 2936 5862.000 92203.000 0 0 5.980 72.203 431.799 20.779 0 1 20 200 0 0
 2937 6236.000 88629.000 0 0 13.081 107.864 1411.066 37.564 0 1 18 200 0 0
 2938 6593.000 86031.000 0 0 26.114 174.619 4560.110 67.528 0 1 17 200 0 0
 2939 7404.000 81464.000 0 0 32.877 164.229 5399.376 73.480 0 1 13 200 0 0
 2940 8380.000 77164.000 0 0 33.935 136.154 4620.518 67.974 0 1 10 200 0 0
 2941 12940.000 63529.000 0 0 89.163 212.840 18977.501 137.758 0 1 6 200 0 0
 2942 14540.000 59948.000 0 0 407.035 868.511 353515.340 594.571 0 1 2 200 0 0
 2943 14930.000 59129.000 0 0 84.250 175.360 14774.283 121.549 0 1 2 200 0 0
 2944 15033.000 58916.000 0 0 55.148 114.051 6289.710 79.307 0 1 2 200 0 0
 2945 16697.000 55658.000 0 0 97.780 183.694 17961.867 134.021 0 1 1 200 0 0
 2946 16996.000 55104.000 0 0 60.264 111.417 6714.509 81.942 0 1 1 200 0 0
 2947 17420.000 54332.000 0 0 78.809 142.506 11230.886 105.975 0 1 1 200 0 0
 2948 16392.000 144564.000 0 0 85.446 160.308 13697.814 117.037 0 1 70 200 0 0
 2949 14189.000 140139.000 0 0 17.321 37.030 641.432 25.326 0 1 67 200 0 0
 2950 10799.000 131855.000 0 0 19.853 55.592 1103.708 33.222 0 1 61 200 0 0
 2951 10097.000 129800.000 0 0 47.141 142.219 6704.464 81.880 0 1 60 200 0 0
 2952 9019.000 126301.000 0 0 25.214 87.222 2199.280 46.896 0 1 53 200 0 0
 2953 8980.000 126166.000 0 0 47.574 165.491 7873.244 88.731 0 1 53 200 0 0
 2954 7217.000 118909.000 0 0 22.663 111.204 2520.258 50.202 0 1 48 200 0 0
 2955 6288.000 113494.000 0 0 17.466 121.298 2118.691 46.029 0 1 38 200 0 0
 2956 6204.000 112880.000 0 0 24.697 179.842 4441.656 66.645 0 1 38 200 0 0
 2957 6090.000 112008.000 0 0 23.025 180.059 4145.968 64.389 0 1 38 200 0 0
 2958 5962.000 110954.000 0 0 23.106 198.353 4583.307 67.700 0 1 38 200 0 0
 2959 5734.000 108705.000 0 0 17.527 189.801 3326.661 57.677 0 1 36 200 0 0
 2960 5531.000 106041.000 0 0 14.499 226.720 3287.314 57.335 0 1 34 200 0 0
 2961 5396.000 97308.000 0 0 5.420 190.481 1032.533 32.133 0 1 26 200 0 0
 2962 5626.000 93014.000 0 0 12.391 167.382 2074.134 45.542 0 1 20 200 0 0
 2963 5694.000 92187.000 0 0 9.364 113.029 1058.487 32.534 0 1 20 200 0 0
 2964 6066.000 88613.000 0 0 14.193 117.084 1661.892 40.766 0 1 18 200 0 0
 2965 6428.000 85985.000 0 0 17.469 116.633 2037.516 45.138 0 1 17 200 0 0
 2966 7234.000 81443.000 0 0 34.692 173.422 6016.421 77.565 0 1 13 200 0 0
 2967 8214.000 77124.000 0 0 41.577 166.818 6935.801 83.281 0 1 10 200 0 0
 2968 10654.000 68992.000 0 0 26.755 77.091 2062.584 45.415 0 1 7 200 0 0
 2969 14244.000 60178.000 0 0 5.725 12.328 70.586 8.401 0 1 2 200 0 0
 2970 14283.000 60094.000 0 0 65.040 139.705 9086.564 95.323 0 1 2 200 0 0
 2971 14479.000 59679.000 0 0 108.237 229.569 24847.915 157.632 0 1 2 200 0 0
 2972 14560.000 59508.000 0 0 50.472 106.497 5375.180 73.315 0 1 2 200 0 0
 2973 14776.000 59058.000 0 0 94.208 196.099 18474.230 135.919 0 1 2 200 0 0
 2974 16551.000 55572.000 0 0 87.325 164.022 14323.419 119.680 0 1 1 200 0 0
 2975 17281.000 54233.000 0 0 48.263 87.230 4209.997 64.884 0 1 1 200 0 0
 2976 8817.000 126214.000 0 0 49.006 170.462 8353.824 91.399 0 1 53 200 0 0
 2977 7050.000 118941.000 0 0 23.609 115.858 2735.324 52.300 0 1 48 200 0 0
 2978 6119.000 113522.000 0 0 26.579 184.525 4904.532 70.032 0 1 38 200 0 0
 2979 6033.000 112895.000 0 0 23.489 171.163 4020.473 63.407 0 1 38 200 0 0
 2980 5921.000 112029.000 0 0 21.911 171.366 3754.885 61.277 0 1 38 200 0 0
 2981 5793.000 110968.000 0 0 19.453 167.086 3250.425 57.012 0 1 38 200 0 0
 2982 5564.000 108700.000 0 0 15.848 172.018 2726.296 52.213 0 1 36 200 0 0
 2983 5361.000 106061.000 0 0 15.108 235.903 3564.050 59.699 0 1 34 200 0 0
 2984 5226.000 97313.000 0 0 5.153 181.717 936.492 30.602 0 1 26 200 0 0
 2985 5457.000 92985.000 0 0 11.433 154.089 1761.749 41.973 0 1 20 200 0 0
 2986 5523.000 92179.000 0 0 13.497 163.037 2200.573 46.910 0 1 20 200 0 0
 2987 5896.000 88604.000 0 0 19.121 157.883 3018.928 54.944 0 1 18 200 0 0
 2988 6258.000 85969.000 0 0 2.689 17.969 48.333 6.952 0 1 17 200 0 0
 2989 7068.000 81406.000 0 0 37.439 187.115 7005.416 83.698 0 1 13 200 0 0
 2990 8047.000 77092.000 0 0 43.924 176.307 7744.267 88.001 0 1 10 200 0 0
 2991 10498.000 68926.000 0 0 31.280 90.093 2818.147 53.086 0 1 7 200 0 0
 2992 10526.000 68848.000 0 0 10.450 30.014 313.664 17.710 0 1 7 200 0 0
 2993 14625.000 58980.000 0 0 90.456 188.264 17029.763 130.498 0 1 2 200 0 0
 2994 16406.000 55482.000 0 0 8.533 16.024 136.746 11.693 0 1 1 200 0 0
 2995 5056.000 97299.000 0 0 4.790 168.393 806.744 28.403 0 1 26 200 0 0
 2996 5353.000 92172.000 0 0 13.885 167.866 2330.883 48.279 0 1 20 200 0 0
 2997 5727.000 88587.000 0 0 22.433 185.296 4156.901 64.474 0 1 18 200 0 0
 2998 6902.000 81367.000 0 0 34.835 174.042 6062.780 77.863 0 1 13 200 0 0
 2999 7883.000 77051.000 0 0 39.602 158.964 6295.462 79.343 0 1 10 200 0 0
 3000 10339.000 68863.000 0 0 68.662 197.714 13575.620 116.514 0 1 7 200 0 0
 3001 14482.000 58885.000 0 0 63.070 131.184 8273.828 90.960 0 1 2 200 0 0;
ProcessEquipmentIDList 1
  "6632" ;
SummarySpec 5
  TESTNO    NDEFECT    DEFDENSITY    NDIE    NDEFDIE  ;
SummaryList 
  1    3001    10.97    1    1  ;
EndOfFile;
