FileVersion 1 2;
FileTimestamp 01-07-26 20:30:08;
InspectionStationID "KLA-Tencor" "SFSSP1" "0901-0728-TBI";
SampleType WAFER;
ResultTimestamp 01-07-26 20:18:54;
LotID "2580";
SampleSize 1 200;
DeviceID "None";
SetupID "T2-2580NR" 01-07-26 20:18:54;
StepID "6545";
SampleOrientationMarkType NOTCH;
OrientationMarkLocation DOWN;
DiePitch 200000 200000;
DieOrigin 0 0;
WaferID "18";
Slot 18;
SampleCenterLocation 100000 100000;
ClassLookup 1
  0 "0"  ;
OrientationInstructions "Front";
CoordinatesMirrored No;
InspectionTest 1;
SampleTestPlan 1
  0 0 ;
AreaPerTest 2.73519e+010;
ClusterClassificationList 5
  1 200 
  2 210 
  3 210 
  4 200 
  5 200 ;
DefectRecordSpec 15 DEFECTID XREL YREL XINDEX YINDEX XSIZE YSIZE DEFECTAREA DSIZE CLASSNUMBER TEST CLUSTERNUMBER ROUGHBINNUMBER FINEBINNUMBER REVIEWSAMPLE ;
DefectList
 1 97550.000 97838.000 0 0 0.000 0.000 0.000 200000.000 0 1 0 200 0 0
 2 97595.000 97955.000 0 0 0.000 0.000 0.000 200000.000 0 1 0 200 0 0
 3 103773.000 101116.000 0 0 0.000 0.000 0.000 0.136 0 1 0 0 0 0
 4 103736.000 96623.000 0 0 0.000 0.000 0.000 200000.000 0 1 0 200 0 0
 5 101220.000 104410.000 0 0 0.000 0.000 0.000 0.133 0 1 0 0 0 0
 6 94638.000 102367.000 0 0 0.000 0.000 0.000 200000.000 0 1 0 200 0 0
 7 94633.000 102433.000 0 0 0.000 0.000 0.000 0.251 0 1 0 0 0 0
 8 95525.000 95636.000 0 0 0.000 0.000 0.000 0.152 0 1 0 0 0 0
 9 94591.000 96119.000 0 0 0.000 0.000 0.000 0.140 0 1 0 0 0 0
 10 100158.000 107054.000 0 0 0.000 0.000 0.000 200000.000 0 1 0 200 0 0
 11 100211.000 106937.000 0 0 0.000 0.000 0.000 200000.000 0 1 0 200 0 0
 12 104393.000 105862.000 0 0 0.000 0.000 0.000 0.146 0 1 0 0 0 0
 13 99691.000 91942.000 0 0 0.000 0.000 0.000 0.153 0 1 0 0 0 0
 14 96633.000 92655.000 0 0 0.000 0.000 0.000 0.157 0 1 0 0 0 0
 15 101293.000 91605.000 0 0 0.000 0.000 0.000 200000.000 0 1 0 200 0 0
 16 93871.000 94162.000 0 0 0.000 0.000 0.000 0.162 0 1 0 0 0 0
 17 91716.000 100111.000 0 0 0.000 0.000 0.000 0.298 0 1 0 0 0 0
 18 92391.000 104862.000 0 0 0.000 0.000 0.000 0.223 0 1 0 0 0 0
 19 105767.000 92472.000 0 0 0.000 0.000 0.000 200000.000 0 1 0 200 0 0
 20 105750.000 92404.000 0 0 0.000 0.000 0.000 0.234 0 1 0 0 0 0
 21 90814.000 97116.000 0 0 0.000 0.000 0.000 200000.000 0 1 0 200 0 0
 22 90684.000 96249.000 0 0 0.000 0.000 0.000 0.149 0 1 0 0 0 0
 23 93470.000 91842.000 0 0 0.000 0.000 0.000 200000.000 0 1 0 200 0 0
 24 96798.000 109793.000 0 0 0.000 0.000 0.000 200000.000 0 1 0 200 0 0
 25 99072.000 89156.000 0 0 0.000 0.000 0.000 0.150 0 1 0 0 0 0
 26 108579.000 106572.000 0 0 0.000 0.000 0.000 0.206 0 1 0 0 0 0
 27 103323.000 110098.000 0 0 0.000 0.000 0.000 0.385 0 1 0 0 0 0
 28 89614.000 94978.000 0 0 0.000 0.000 0.000 200000.000 0 1 0 200 0 0
 29 89747.000 95097.000 0 0 0.000 0.000 0.000 200000.000 0 1 0 200 0 0
 30 101172.000 88545.000 0 0 0.000 0.000 0.000 0.141 0 1 0 0 0 0
 31 94553.000 109550.000 0 0 0.000 0.000 0.000 0.149 0 1 0 0 0 0
 32 102988.000 111261.000 0 0 0.000 0.000 0.000 200000.000 0 1 0 200 0 0
 33 88097.000 98176.000 0 0 0.000 0.000 0.000 0.279 0 1 0 0 0 0
 34 96206.000 88373.000 0 0 0.000 0.000 0.000 0.137 0 1 0 0 0 0
 35 104310.000 88012.000 0 0 0.000 0.000 0.000 200000.000 0 1 0 200 0 0
 36 110533.000 93311.000 0 0 0.000 0.000 0.000 0.145 0 1 0 0 0 0
 37 104256.000 88012.000 0 0 0.000 0.000 0.000 200000.000 0 1 0 200 0 0
 38 112223.000 101891.000 0 0 0.000 0.000 0.000 0.134 0 1 0 0 0 0
 39 110904.000 93241.000 0 0 0.000 0.000 0.000 200000.000 0 1 0 200 0 0
 40 87529.000 103177.000 0 0 0.000 0.000 0.000 200000.000 0 1 0 200 0 0
 41 87508.000 103129.000 0 0 0.000 0.000 0.000 200000.000 0 1 0 200 0 0
 42 113192.000 97595.000 0 0 0.000 0.000 0.000 0.150 0 1 0 0 0 0
 43 110930.000 93285.000 0 0 0.000 0.000 0.000 200000.000 0 1 0 200 0 0
 44 113719.000 104179.000 0 0 0.000 0.000 0.000 0.173 0 1 0 0 0 0
 45 110717.000 89689.000 0 0 0.000 0.000 0.000 200000.000 0 1 0 200 0 0
 46 85677.000 103254.000 0 0 0.000 0.000 0.000 0.499 0 1 0 0 0 0
 47 103939.000 114527.000 0 0 0.000 0.000 0.000 200000.000 0 1 0 200 0 0
 48 104079.000 114840.000 0 0 0.000 0.000 0.000 200000.000 0 1 0 200 0 0
 49 104098.000 114711.000 0 0 0.000 0.000 0.000 200000.000 0 1 0 200 0 0
 50 96166.000 114913.000 0 0 0.000 0.000 0.000 200000.000 0 1 0 200 0 0
 51 84383.000 100993.000 0 0 0.000 0.000 0.000 0.148 0 1 0 0 0 0
 52 98457.000 83984.000 0 0 0.000 0.000 0.000 0.240 0 1 0 0 0 0
 53 84209.000 98526.000 0 0 0.000 0.000 0.000 0.134 0 1 0 0 0 0
 54 83846.000 98857.000 0 0 0.000 0.000 0.000 200000.000 0 1 0 200 0 0
 55 115764.000 97455.000 0 0 0.000 0.000 0.000 0.162 0 1 0 0 0 0
 56 83973.000 98914.000 0 0 0.000 0.000 0.000 200000.000 0 1 0 200 0 0
 57 113193.000 90236.000 0 0 0.000 0.000 0.000 200000.000 0 1 0 200 0 0
 58 113863.000 108321.000 0 0 0.000 0.000 0.000 200000.000 0 1 0 200 0 0
 59 84465.000 94167.000 0 0 0.000 0.000 0.000 0.174 0 1 0 0 0 0
 60 87888.000 111581.000 0 0 0.000 0.000 0.000 0.178 0 1 0 0 0 0
 61 88391.000 87504.000 0 0 0.000 0.000 0.000 0.173 0 1 0 0 0 0
 62 100273.000 116914.000 0 0 0.000 0.000 0.000 200000.000 0 1 0 200 0 0
 63 100328.000 116951.000 0 0 0.000 0.000 0.000 0.194 0 1 0 0 0 0
 64 117384.000 103069.000 0 0 0.000 0.000 0.000 0.136 0 1 0 0 0 0
 65 82550.000 103443.000 0 0 0.000 0.000 0.000 0.132 0 1 0 0 0 0
 66 82208.000 97485.000 0 0 0.000 0.000 0.000 0.330 0 1 0 0 0 0
 67 82768.000 94964.000 0 0 0.000 0.000 0.000 200000.000 0 1 0 200 0 0
 68 90523.000 84352.000 0 0 0.000 0.000 0.000 200000.000 0 1 0 200 0 0
 69 90019.000 114862.000 0 0 0.000 0.000 0.000 0.149 0 1 0 0 0 0
 70 86180.000 87587.000 0 0 0.000 0.000 0.000 200000.000 0 1 0 200 0 0
 71 101597.000 117861.000 0 0 0.000 0.000 0.000 0.148 0 1 0 0 0 0
 72 86246.000 87713.000 0 0 0.000 0.000 0.000 200000.000 0 1 0 200 0 0
 73 115069.000 110789.000 0 0 0.000 0.000 0.000 200000.000 0 1 0 200 0 0
 74 115013.000 110683.000 0 0 0.000 0.000 0.000 200000.000 0 1 0 200 0 0
 75 105635.000 117564.000 0 0 0.000 0.000 0.000 0.161 0 1 0 0 0 0
 76 88284.000 85323.000 0 0 0.000 0.000 0.000 200000.000 0 1 0 200 0 0
 77 105509.000 117678.000 0 0 0.000 0.000 0.000 0.131 0 1 0 0 0 0
 78 81820.000 94935.000 0 0 0.000 0.000 0.000 0.149 0 1 0 0 0 0
 79 117732.000 106251.000 0 0 0.000 0.000 0.000 0.170 0 1 0 0 0 0
 80 96501.000 118379.000 0 0 0.000 0.000 0.000 0.159 0 1 0 0 0 0
 81 84073.000 109970.000 0 0 0.000 0.000 0.000 0.140 0 1 0 0 0 0
 82 81602.000 104158.000 0 0 0.000 0.000 0.000 0.147 0 1 0 0 0 0
 83 81035.000 99637.000 0 0 0.000 0.000 0.000 0.145 0 1 0 0 0 0
 84 98804.000 80622.000 0 0 0.000 0.000 0.000 0.133 0 1 0 0 0 0
 85 101379.000 80166.000 0 0 0.000 0.000 0.000 200000.000 0 1 0 200 0 0
 86 81148.000 104229.000 0 0 0.000 0.000 0.000 0.130 0 1 0 0 0 0
 87 88325.000 85289.000 0 0 0.000 0.000 0.000 200000.000 0 1 0 200 0 0
 88 101321.000 80221.000 0 0 0.000 0.000 0.000 200000.000 0 1 0 200 0 0
 89 93873.000 80934.000 0 0 0.000 0.000 0.000 200000.000 0 1 0 200 0 0
 90 107640.000 81466.000 0 0 0.000 0.000 0.000 200000.000 0 1 0 200 0 0
 91 109108.000 82148.000 0 0 0.000 0.000 0.000 200000.000 0 1 0 200 0 0
 92 80127.000 102002.000 0 0 0.000 0.000 0.000 0.493 0 1 0 0 0 0
 93 80037.000 101959.000 0 0 0.000 0.000 0.000 200000.000 0 1 0 200 0 0
 94 118925.000 107746.000 0 0 0.000 0.000 0.000 200000.000 0 1 0 200 0 0
 95 118840.000 107654.000 0 0 0.000 0.000 0.000 200000.000 0 1 0 200 0 0
 96 88241.000 82596.000 0 0 0.000 0.000 0.000 200000.000 0 1 0 200 0 0
 97 82765.000 110907.000 0 0 0.000 0.000 0.000 0.280 0 1 0 0 0 0
 98 108551.000 118733.000 0 0 0.000 0.000 0.000 0.142 0 1 0 0 0 0
 99 93746.000 119704.000 0 0 0.000 0.000 0.000 200000.000 0 1 0 200 0 0
 100 118875.000 89876.000 0 0 0.000 0.000 0.000 0.134 0 1 0 0 0 0
 101 115644.000 114355.000 0 0 0.000 0.000 0.000 200000.000 0 1 0 200 0 0
 102 88294.000 82766.000 0 0 0.000 0.000 0.000 200000.000 0 1 0 200 0 0
 103 115680.000 114317.000 0 0 0.000 0.000 0.000 200000.000 0 1 0 200 0 0
 104 93838.000 119582.000 0 0 0.000 0.000 0.000 200000.000 0 1 0 200 0 0
 105 121363.000 95939.000 0 0 0.000 0.000 0.000 0.139 0 1 0 0 0 0
 106 78442.000 101912.000 0 0 0.000 0.000 0.000 0.493 0 1 0 0 0 0
 107 110173.000 118920.000 0 0 0.000 0.000 0.000 0.135 0 1 0 0 0 0
 108 86004.000 116224.000 0 0 0.000 0.000 0.000 0.138 0 1 0 0 0 0
 109 80437.000 109287.000 0 0 0.000 0.000 0.000 0.133 0 1 0 0 0 0
 110 80712.000 89396.000 0 0 0.000 0.000 0.000 0.180 0 1 0 0 0 0
 111 86352.000 82684.000 0 0 0.000 0.000 0.000 0.168 0 1 0 0 0 0
 112 88211.000 81000.000 0 0 0.000 0.000 0.000 0.139 0 1 0 0 0 0
 113 79134.000 106936.000 0 0 0.000 0.000 0.000 0.130 0 1 0 0 0 0
 114 119003.000 111264.000 0 0 0.000 0.000 0.000 0.158 0 1 0 0 0 0
 115 93961.000 121362.000 0 0 0.000 0.000 0.000 200000.000 0 1 0 200 0 0
 116 94010.000 121376.000 0 0 0.000 0.000 0.000 200000.000 0 1 0 200 0 0
 117 100319.000 77215.000 0 0 0.000 0.000 0.000 0.222 0 1 0 0 0 0
 118 107570.000 121174.000 0 0 0.000 0.000 0.000 0.232 0 1 0 0 0 0
 119 122753.000 101645.000 0 0 0.000 0.000 0.000 0.156 0 1 0 0 0 0
 120 117275.000 114647.000 0 0 0.000 0.000 0.000 0.136 0 1 0 0 0 0
 121 119302.000 112459.000 0 0 0.000 0.000 0.000 0.138 0 1 0 0 0 0
 122 116432.000 116229.000 0 0 0.000 0.000 0.000 200000.000 0 1 0 200 0 0
 123 85778.000 118028.000 0 0 0.000 0.000 0.000 0.131 0 1 0 0 0 0
 124 110948.000 79101.000 0 0 0.000 0.000 0.000 200000.000 0 1 0 200 0 0
 125 111001.000 79110.000 0 0 0.000 0.000 0.000 200000.000 0 1 0 200 0 0
 126 123420.000 100031.000 0 0 0.000 0.000 0.000 0.164 0 1 0 0 0 0
 127 85559.000 81445.000 0 0 0.000 0.000 0.000 0.277 0 1 0 0 0 0
 128 85947.000 81107.000 0 0 0.000 0.000 0.000 0.386 0 1 0 0 0 0
 129 97606.000 123255.000 0 0 0.000 0.000 0.000 200000.000 0 1 0 200 0 0
 130 116958.000 83136.000 0 0 0.000 0.000 0.000 200000.000 0 1 0 200 0 0
 131 123569.000 103836.000 0 0 0.000 0.000 0.000 0.139 0 1 0 0 0 0
 132 123223.000 93700.000 0 0 0.000 0.000 0.000 0.496 0 1 0 0 0 0
 133 122618.000 91537.000 0 0 0.000 0.000 0.000 0.152 0 1 0 0 0 0
 134 120081.000 113863.000 0 0 0.000 0.000 0.000 0.133 0 1 0 0 0 0
 135 90865.000 122530.000 0 0 0.000 0.000 0.000 0.142 0 1 0 0 0 0
 136 117609.000 82465.000 0 0 0.000 0.000 0.000 0.159 0 1 0 0 0 0
 137 107864.000 76468.000 0 0 0.000 0.000 0.000 0.368 0 1 0 0 0 0
 138 104706.000 123939.000 0 0 0.000 0.000 0.000 200000.000 0 1 0 200 0 0
 139 75331.000 99490.000 0 0 0.000 0.000 0.000 200000.000 0 1 0 200 0 0
 140 106622.000 124543.000 0 0 0.000 0.000 0.000 200000.000 0 1 0 200 0 0
 141 111641.000 122616.000 0 0 0.000 0.000 0.000 200000.000 0 1 0 200 0 0
 142 111424.000 122679.000 0 0 0.000 0.000 0.000 0.143 0 1 0 0 0 0
 143 106644.000 124419.000 0 0 0.000 0.000 0.000 0.199 0 1 0 0 0 0
 144 80204.000 116237.000 0 0 0.000 0.000 0.000 0.141 0 1 0 0 0 0
 145 86935.000 77190.000 0 0 0.000 0.000 0.000 200000.000 0 1 0 200 0 0
 146 112954.000 122291.000 0 0 0.000 0.000 0.000 200000.000 0 1 0 200 0 0
 147 87051.000 122664.000 0 0 0.000 0.000 0.000 0.145 0 1 0 0 0 0
 148 81429.000 80999.000 0 0 0.000 0.000 0.000 0.137 0 1 0 0 0 0
 149 88369.000 76035.000 0 0 0.000 0.000 0.000 200000.000 0 1 0 200 0 0
 150 103976.000 73340.000 0 0 0.000 0.000 0.000 0.141 0 1 0 0 0 0
 151 74395.000 94995.000 0 0 0.000 0.000 0.000 200000.000 0 1 0 200 0 0
 152 111298.000 75261.000 0 0 0.000 0.000 0.000 0.133 0 1 0 0 0 0
 153 126974.000 99843.000 0 0 0.000 0.000 0.000 0.465 0 1 0 0 0 0
 154 112533.000 123985.000 0 0 0.000 0.000 0.000 0.142 0 1 0 0 0 0
 155 117279.000 120663.000 0 0 0.000 0.000 0.000 0.471 0 1 0 0 0 0
 156 83862.000 122075.000 0 0 0.000 0.000 0.000 200000.000 0 1 0 200 0 0
 157 117369.000 78480.000 0 0 0.000 0.000 0.000 0.134 0 1 0 0 0 0
 158 83903.000 122104.000 0 0 0.000 0.000 0.000 200000.000 0 1 0 200 0 0
 159 110864.000 74247.000 0 0 0.000 0.000 0.000 0.136 0 1 0 0 0 0
 160 115979.000 122373.000 0 0 0.000 0.000 0.000 0.144 0 1 0 0 0 0
 161 73100.000 92458.000 0 0 0.000 0.000 0.000 0.132 0 1 0 0 0 0
 162 117352.000 121574.000 0 0 0.000 0.000 0.000 0.145 0 1 0 0 0 0
 163 89234.000 125560.000 0 0 0.000 0.000 0.000 0.143 0 1 0 0 0 0
 164 127140.000 92179.000 0 0 0.000 0.000 0.000 200000.000 0 1 0 200 0 0
 165 111078.000 125601.000 0 0 0.000 0.000 0.000 0.256 0 1 0 0 0 0
 166 72820.000 106752.000 0 0 0.000 0.000 0.000 200000.000 0 1 0 200 0 0
 167 108873.000 126717.000 0 0 0.000 0.000 0.000 0.130 0 1 0 0 0 0
 168 71678.000 103421.000 0 0 0.000 0.000 0.000 0.136 0 1 0 0 0 0
 169 79048.000 119424.000 0 0 0.000 0.000 0.000 200000.000 0 1 0 200 0 0
 170 84940.000 75014.000 0 0 0.000 0.000 0.000 200000.000 0 1 0 200 0 0
 171 84908.000 75055.000 0 0 0.000 0.000 0.000 200000.000 0 1 0 200 0 0
 172 123214.000 82659.000 0 0 0.000 0.000 0.000 0.150 0 1 0 0 0 0
 173 127324.000 109579.000 0 0 0.000 0.000 0.000 200000.000 0 1 0 200 0 0
 174 127311.000 109629.000 0 0 0.000 0.000 0.000 200000.000 0 1 0 200 0 0
 175 93548.000 71485.000 0 0 0.000 0.000 0.000 200000.000 0 1 0 200 0 0
 176 71914.000 91767.000 0 0 0.000 0.000 0.000 0.157 0 1 0 0 0 0
 177 123590.000 82567.000 0 0 0.000 0.000 0.000 200000.000 0 1 0 200 0 0
 178 70896.000 98740.000 0 0 0.000 0.000 0.000 0.296 0 1 0 0 0 0
 179 70563.000 98014.000 0 0 0.000 0.000 0.000 0.135 0 1 0 0 0 0
 180 123577.000 82186.000 0 0 0.000 0.000 0.000 0.276 0 1 0 0 0 0
 181 79848.000 79855.000 0 0 0.000 0.000 0.000 200000.000 0 1 0 200 0 0
 182 82484.000 75737.000 0 0 0.000 0.000 0.000 0.146 0 1 0 0 0 0
 183 119198.000 122679.000 0 0 0.000 0.000 0.000 200000.000 0 1 0 200 0 0
 184 108893.000 128130.000 0 0 0.000 0.000 0.000 200000.000 0 1 0 200 0 0
 185 70773.000 91777.000 0 0 0.000 0.000 0.000 200000.000 0 1 0 200 0 0
 186 73382.000 85677.000 0 0 0.000 0.000 0.000 200000.000 0 1 0 200 0 0
 187 72356.000 112508.000 0 0 0.000 0.000 0.000 200000.000 0 1 0 200 0 0
 188 69809.000 100573.000 0 0 0.000 0.000 0.000 0.162 0 1 0 0 0 0
 189 70884.000 91861.000 0 0 0.000 0.000 0.000 200000.000 0 1 0 200 0 0
 190 72475.000 112508.000 0 0 0.000 0.000 0.000 200000.000 0 1 0 200 0 0
 191 128989.000 108983.000 0 0 0.000 0.000 0.000 0.171 0 1 0 0 0 0
 192 112014.000 71334.000 0 0 0.000 0.000 0.000 200000.000 0 1 0 200 0 0
 193 113728.000 72339.000 0 0 0.000 0.000 0.000 0.131 0 1 0 0 0 0
 194 112065.000 71340.000 0 0 0.000 0.000 0.000 200000.000 0 1 0 200 0 0
 195 117297.000 125535.000 0 0 0.000 0.000 0.000 200000.000 0 1 0 200 0 0
 196 117281.000 125603.000 0 0 0.000 0.000 0.000 200000.000 0 1 0 200 0 0
 197 69541.000 106183.000 0 0 0.000 0.000 0.000 200000.000 0 1 0 200 0 0
 198 82804.000 73347.000 0 0 0.000 0.000 0.000 200000.000 0 1 0 200 0 0
 199 82835.000 73485.000 0 0 0.000 0.000 0.000 200000.000 0 1 0 200 0 0
 200 96158.000 131301.000 0 0 0.000 0.000 0.000 0.147 0 1 0 0 0 0
 201 111086.000 69856.000 0 0 0.000 0.000 0.000 200000.000 0 1 0 200 0 0
 202 72050.000 115280.000 0 0 0.000 0.000 0.000 200000.000 0 1 0 200 0 0
 203 68359.000 104014.000 0 0 0.000 0.000 0.000 0.136 0 1 0 0 0 0
 204 129367.000 87047.000 0 0 0.000 0.000 0.000 0.322 0 1 0 0 0 0
 205 68334.000 94124.000 0 0 0.000 0.000 0.000 200000.000 0 1 0 200 0 0
 206 123000.000 76795.000 0 0 0.000 0.000 0.000 0.139 0 1 0 0 0 0
 207 109817.000 130870.000 0 0 0.000 0.000 0.000 200000.000 0 1 0 200 0 0
 208 68514.000 91446.000 0 0 0.000 0.000 0.000 0.146 0 1 0 0 0 0
 209 119358.000 73476.000 0 0 0.000 0.000 0.000 0.134 0 1 0 0 0 0
 210 131584.000 108071.000 0 0 0.000 0.000 0.000 0.136 0 1 0 0 0 0
 211 118604.000 126713.000 0 0 0.000 0.000 0.000 200000.000 0 1 0 200 0 0
 212 118584.000 126773.000 0 0 0.000 0.000 0.000 200000.000 0 1 0 200 0 0
 213 109862.000 130839.000 0 0 0.000 0.000 0.000 200000.000 0 1 0 200 0 0
 214 110991.000 69963.000 0 0 0.000 0.000 0.000 200000.000 0 1 0 200 0 0
 215 125714.000 79515.000 0 0 0.000 0.000 0.000 0.146 0 1 0 0 0 0
 216 73199.000 118773.000 0 0 0.000 0.000 0.000 200000.000 0 1 0 200 0 0
 217 104314.000 132732.000 0 0 0.000 0.000 0.000 0.137 0 1 0 0 0 0
 218 128954.000 117204.000 0 0 0.000 0.000 0.000 200000.000 0 1 0 200 0 0
 219 91468.000 132399.000 0 0 0.000 0.000 0.000 0.156 0 1 0 0 0 0
 220 121080.000 126070.000 0 0 0.000 0.000 0.000 0.210 0 1 0 0 0 0
 221 68630.000 86536.000 0 0 0.000 0.000 0.000 200000.000 0 1 0 200 0 0
 222 95287.000 66392.000 0 0 0.000 0.000 0.000 0.130 0 1 0 0 0 0
 223 68632.000 86593.000 0 0 0.000 0.000 0.000 200000.000 0 1 0 200 0 0
 224 66950.000 106924.000 0 0 0.000 0.000 0.000 0.147 0 1 0 0 0 0
 225 119202.000 127889.000 0 0 0.000 0.000 0.000 0.140 0 1 0 0 0 0
 226 82938.000 129227.000 0 0 0.000 0.000 0.000 0.300 0 1 0 0 0 0
 227 67225.000 109486.000 0 0 0.000 0.000 0.000 200000.000 0 1 0 200 0 0
 228 100103.000 65622.000 0 0 0.000 0.000 0.000 0.158 0 1 0 0 0 0
 229 104889.000 65767.000 0 0 0.000 0.000 0.000 0.132 0 1 0 0 0 0
 230 132418.000 88049.000 0 0 0.000 0.000 0.000 200000.000 0 1 0 200 0 0
 231 134073.000 94534.000 0 0 0.000 0.000 0.000 200000.000 0 1 0 200 0 0
 232 134080.000 94584.000 0 0 0.000 0.000 0.000 200000.000 0 1 0 200 0 0
 233 133600.000 106679.000 0 0 0.000 0.000 0.000 0.153 0 1 0 0 0 0
 234 111121.000 132410.000 0 0 0.000 0.000 0.000 200000.000 0 1 0 200 0 0
 235 107040.000 133411.000 0 0 0.000 0.000 0.000 0.261 0 1 0 0 0 0
 236 104444.000 133931.000 0 0 0.000 0.000 0.000 0.135 0 1 0 0 0 0
 237 73686.000 121860.000 0 0 0.000 0.000 0.000 0.132 0 1 0 0 0 0
 238 65294.000 99496.000 0 0 0.000 0.000 0.000 200000.000 0 1 0 200 0 0
 239 125815.000 76680.000 0 0 0.000 0.000 0.000 200000.000 0 1 0 200 0 0
 240 129368.000 81408.000 0 0 0.000 0.000 0.000 200000.000 0 1 0 200 0 0
 241 96477.000 134248.000 0 0 0.000 0.000 0.000 200000.000 0 1 0 200 0 0
 242 129326.000 118076.000 0 0 0.000 0.000 0.000 0.157 0 1 0 0 0 0
 243 65463.000 99548.000 0 0 0.000 0.000 0.000 200000.000 0 1 0 200 0 0
 244 96539.000 134143.000 0 0 0.000 0.000 0.000 200000.000 0 1 0 200 0 0
 245 87951.000 132382.000 0 0 0.000 0.000 0.000 0.140 0 1 0 0 0 0
 246 124504.000 75293.000 0 0 0.000 0.000 0.000 200000.000 0 1 0 200 0 0
 247 104534.000 134640.000 0 0 0.000 0.000 0.000 200000.000 0 1 0 200 0 0
 248 133521.000 109835.000 0 0 0.000 0.000 0.000 0.145 0 1 0 0 0 0
 249 104566.000 134481.000 0 0 0.000 0.000 0.000 200000.000 0 1 0 200 0 0
 250 109454.000 133814.000 0 0 0.000 0.000 0.000 200000.000 0 1 0 200 0 0
 251 99812.000 135005.000 0 0 0.000 0.000 0.000 0.266 0 1 0 0 0 0
 252 97644.000 134874.000 0 0 0.000 0.000 0.000 0.417 0 1 0 0 0 0
 253 133176.000 87201.000 0 0 0.000 0.000 0.000 200000.000 0 1 0 200 0 0
 254 133206.000 87242.000 0 0 0.000 0.000 0.000 200000.000 0 1 0 200 0 0
 255 109513.000 133830.000 0 0 0.000 0.000 0.000 0.181 0 1 0 0 0 0
 256 127770.000 121882.000 0 0 0.000 0.000 0.000 200000.000 0 1 0 200 0 0
 257 78598.000 128119.000 0 0 0.000 0.000 0.000 200000.000 0 1 0 200 0 0
 258 64728.000 102906.000 0 0 0.000 0.000 0.000 0.156 0 1 0 0 0 0
 259 68670.000 83170.000 0 0 0.000 0.000 0.000 0.145 0 1 0 0 0 0
 260 129346.000 120011.000 0 0 0.000 0.000 0.000 200000.000 0 1 0 200 0 0
 261 129331.000 120063.000 0 0 0.000 0.000 0.000 200000.000 0 1 0 200 0 0
 262 127794.000 121836.000 0 0 0.000 0.000 0.000 0.213 0 1 0 0 0 0
 263 118201.000 130447.000 0 0 0.000 0.000 0.000 200000.000 0 1 0 200 0 0
 264 92242.000 64999.000 0 0 0.000 0.000 0.000 200000.000 0 1 0 200 0 0
 265 96562.000 63968.000 0 0 0.000 0.000 0.000 200000.000 0 1 0 200 0 0
 266 131913.000 116445.000 0 0 0.000 0.000 0.000 200000.000 0 1 0 200 0 0
 267 118245.000 130420.000 0 0 0.000 0.000 0.000 200000.000 0 1 0 200 0 0
 268 117937.000 130756.000 0 0 0.000 0.000 0.000 0.237 0 1 0 0 0 0
 269 96518.000 64020.000 0 0 0.000 0.000 0.000 200000.000 0 1 0 200 0 0
 270 131895.000 116379.000 0 0 0.000 0.000 0.000 200000.000 0 1 0 200 0 0
 271 131212.000 81812.000 0 0 0.000 0.000 0.000 0.150 0 1 0 0 0 0
 272 136016.000 97107.000 0 0 0.000 0.000 0.000 0.140 0 1 0 0 0 0
 273 74853.000 125816.000 0 0 0.000 0.000 0.000 200000.000 0 1 0 200 0 0
 274 70384.000 78541.000 0 0 0.000 0.000 0.000 200000.000 0 1 0 200 0 0
 275 74891.000 125851.000 0 0 0.000 0.000 0.000 0.218 0 1 0 0 0 0
 276 70446.000 78649.000 0 0 0.000 0.000 0.000 200000.000 0 1 0 200 0 0
 277 102091.000 136077.000 0 0 0.000 0.000 0.000 0.251 0 1 0 0 0 0
 278 69421.000 80063.000 0 0 0.000 0.000 0.000 0.361 0 1 0 0 0 0
 279 114509.000 66233.000 0 0 0.000 0.000 0.000 0.230 0 1 0 0 0 0
 280 135275.000 90346.000 0 0 0.000 0.000 0.000 200000.000 0 1 0 200 0 0
 281 63608.000 104823.000 0 0 0.000 0.000 0.000 200000.000 0 1 0 200 0 0
 282 127512.000 122537.000 0 0 0.000 0.000 0.000 200000.000 0 1 0 200 0 0
 283 103449.000 136472.000 0 0 0.000 0.000 0.000 200000.000 0 1 0 200 0 0
 284 103486.000 136326.000 0 0 0.000 0.000 0.000 200000.000 0 1 0 200 0 0
 285 108463.000 63936.000 0 0 0.000 0.000 0.000 0.130 0 1 0 0 0 0
 286 63528.000 106456.000 0 0 0.000 0.000 0.000 200000.000 0 1 0 200 0 0
 287 97327.000 136967.000 0 0 0.000 0.000 0.000 0.170 0 1 0 0 0 0
 288 63184.000 105546.000 0 0 0.000 0.000 0.000 0.135 0 1 0 0 0 0
 289 136013.000 89552.000 0 0 0.000 0.000 0.000 0.130 0 1 0 0 0 0
 290 110537.000 135627.000 0 0 0.000 0.000 0.000 0.130 0 1 0 0 0 0
 291 90128.000 135852.000 0 0 0.000 0.000 0.000 200000.000 0 1 0 200 0 0
 292 73153.000 125730.000 0 0 0.000 0.000 0.000 0.158 0 1 0 0 0 0
 293 70339.000 122830.000 0 0 0.000 0.000 0.000 200000.000 0 1 0 200 0 0
 294 63641.000 104870.000 0 0 0.000 0.000 0.000 200000.000 0 1 0 200 0 0
 295 104612.000 62550.000 0 0 0.000 0.000 0.000 200000.000 0 1 0 200 0 0
 296 108496.000 136397.000 0 0 0.000 0.000 0.000 200000.000 0 1 0 200 0 0
 297 123125.000 69903.000 0 0 0.000 0.000 0.000 0.145 0 1 0 0 0 0
 298 124935.000 128147.000 0 0 0.000 0.000 0.000 0.134 0 1 0 0 0 0
 299 83643.000 65367.000 0 0 0.000 0.000 0.000 0.270 0 1 0 0 0 0
 300 119743.000 132694.000 0 0 0.000 0.000 0.000 200000.000 0 1 0 200 0 0
 301 111776.000 136419.000 0 0 0.000 0.000 0.000 0.201 0 1 0 0 0 0
 302 86843.000 135873.000 0 0 0.000 0.000 0.000 0.143 0 1 0 0 0 0
 303 134414.000 82287.000 0 0 0.000 0.000 0.000 0.131 0 1 0 0 0 0
 304 112670.000 136551.000 0 0 0.000 0.000 0.000 200000.000 0 1 0 200 0 0
 305 78712.000 132148.000 0 0 0.000 0.000 0.000 200000.000 0 1 0 200 0 0
 306 90331.000 62158.000 0 0 0.000 0.000 0.000 200000.000 0 1 0 200 0 0
 307 106287.000 138002.000 0 0 0.000 0.000 0.000 0.145 0 1 0 0 0 0
 308 112667.000 136387.000 0 0 0.000 0.000 0.000 200000.000 0 1 0 200 0 0
 309 96764.000 138352.000 0 0 0.000 0.000 0.000 0.154 0 1 0 0 0 0
 310 83013.000 134783.000 0 0 0.000 0.000 0.000 200000.000 0 1 0 200 0 0
 311 82967.000 134761.000 0 0 0.000 0.000 0.000 200000.000 0 1 0 200 0 0
 312 67766.000 121458.000 0 0 0.000 0.000 0.000 0.130 0 1 0 0 0 0
 313 138414.000 93735.000 0 0 0.000 0.000 0.000 0.152 0 1 0 0 0 0
 314 123658.000 68072.000 0 0 0.000 0.000 0.000 200000.000 0 1 0 200 0 0
 315 131878.000 123277.000 0 0 0.000 0.000 0.000 0.133 0 1 0 0 0 0
 316 134870.000 80901.000 0 0 0.000 0.000 0.000 0.221 0 1 0 0 0 0
 317 133427.000 119584.000 0 0 0.000 0.000 0.000 200000.000 0 1 0 200 0 0
 318 82538.000 63870.000 0 0 0.000 0.000 0.000 200000.000 0 1 0 200 0 0
 319 95506.000 139542.000 0 0 0.000 0.000 0.000 0.134 0 1 0 0 0 0
 320 93084.000 139101.000 0 0 0.000 0.000 0.000 0.154 0 1 0 0 0 0
 321 62685.000 114341.000 0 0 0.000 0.000 0.000 0.143 0 1 0 0 0 0
 322 75001.000 68300.000 0 0 0.000 0.000 0.000 200000.000 0 1 0 200 0 0
 323 81235.000 64437.000 0 0 0.000 0.000 0.000 0.134 0 1 0 0 0 0
 324 103370.000 139851.000 0 0 0.000 0.000 0.000 0.147 0 1 0 0 0 0
 325 97258.000 139846.000 0 0 0.000 0.000 0.000 0.150 0 1 0 0 0 0
 326 71274.000 71425.000 0 0 0.000 0.000 0.000 200000.000 0 1 0 200 0 0
 327 125300.000 68258.000 0 0 0.000 0.000 0.000 200000.000 0 1 0 200 0 0
 328 69592.000 73216.000 0 0 0.000 0.000 0.000 0.136 0 1 0 0 0 0
 329 140403.000 103400.000 0 0 0.000 0.000 0.000 0.138 0 1 0 0 0 0
 330 123449.000 66443.000 0 0 0.000 0.000 0.000 200000.000 0 1 0 200 0 0
 331 96790.000 140421.000 0 0 0.000 0.000 0.000 200000.000 0 1 0 200 0 0
 332 95671.000 140294.000 0 0 0.000 0.000 0.000 200000.000 0 1 0 200 0 0
 333 79680.000 65635.000 0 0 0.000 0.000 0.000 200000.000 0 1 0 200 0 0
 334 92456.000 59658.000 0 0 0.000 0.000 0.000 0.137 0 1 0 0 0 0
 335 99693.000 140694.000 0 0 0.000 0.000 0.000 0.262 0 1 0 0 0 0
 336 84925.000 61400.000 0 0 0.000 0.000 0.000 200000.000 0 1 0 200 0 0
 337 81740.000 62624.000 0 0 0.000 0.000 0.000 200000.000 0 1 0 200 0 0
 338 90755.000 59413.000 0 0 0.000 0.000 0.000 200000.000 0 1 0 200 0 0
 339 133513.000 75285.000 0 0 0.000 0.000 0.000 0.135 0 1 0 0 0 0
 340 111092.000 139887.000 0 0 0.000 0.000 0.000 200000.000 0 1 0 200 0 0
 341 63000.000 80878.000 0 0 0.000 0.000 0.000 200000.000 0 1 0 200 0 0
 342 132174.000 73232.000 0 0 0.000 0.000 0.000 0.133 0 1 0 0 0 0
 343 58456.000 103838.000 0 0 0.000 0.000 0.000 0.144 0 1 0 0 0 0
 344 62793.000 80198.000 0 0 0.000 0.000 0.000 200000.000 0 1 0 200 0 0
 345 62887.000 80306.000 0 0 0.000 0.000 0.000 200000.000 0 1 0 200 0 0
 346 140553.000 110529.000 0 0 0.000 0.000 0.000 0.131 0 1 0 0 0 0
 347 83076.000 61398.000 0 0 0.000 0.000 0.000 0.204 0 1 0 0 0 0
 348 95931.000 57880.000 0 0 0.000 0.000 0.000 200000.000 0 1 0 200 0 0
 349 107369.000 141254.000 0 0 0.000 0.000 0.000 200000.000 0 1 0 200 0 0
 350 140910.000 87778.000 0 0 0.000 0.000 0.000 200000.000 0 1 0 200 0 0
 351 59013.000 110888.000 0 0 0.000 0.000 0.000 0.137 0 1 0 0 0 0
 352 141969.000 93777.000 0 0 0.000 0.000 0.000 200000.000 0 1 0 200 0 0
 353 58035.000 105901.000 0 0 0.000 0.000 0.000 0.146 0 1 0 0 0 0
 354 142043.000 93819.000 0 0 0.000 0.000 0.000 200000.000 0 1 0 200 0 0
 355 57830.000 94216.000 0 0 0.000 0.000 0.000 200000.000 0 1 0 200 0 0
 356 114155.000 139902.000 0 0 0.000 0.000 0.000 0.141 0 1 0 0 0 0
 357 96295.000 57431.000 0 0 0.000 0.000 0.000 0.419 0 1 0 0 0 0
 358 140786.000 87760.000 0 0 0.000 0.000 0.000 200000.000 0 1 0 200 0 0
 359 61067.000 82190.000 0 0 0.000 0.000 0.000 200000.000 0 1 0 200 0 0
 360 127110.000 132813.000 0 0 0.000 0.000 0.000 0.144 0 1 0 0 0 0
 361 107265.000 141941.000 0 0 0.000 0.000 0.000 200000.000 0 1 0 200 0 0
 362 107219.000 141971.000 0 0 0.000 0.000 0.000 200000.000 0 1 0 200 0 0
 363 80791.000 137869.000 0 0 0.000 0.000 0.000 0.146 0 1 0 0 0 0
 364 139458.000 116608.000 0 0 0.000 0.000 0.000 0.233 0 1 0 0 0 0
 365 120167.000 137532.000 0 0 0.000 0.000 0.000 200000.000 0 1 0 200 0 0
 366 117772.000 138808.000 0 0 0.000 0.000 0.000 0.294 0 1 0 0 0 0
 367 96840.000 56608.000 0 0 0.000 0.000 0.000 200000.000 0 1 0 200 0 0
 368 72732.000 133039.000 0 0 0.000 0.000 0.000 0.131 0 1 0 0 0 0
 369 59121.000 113717.000 0 0 0.000 0.000 0.000 200000.000 0 1 0 200 0 0
 370 59105.000 113668.000 0 0 0.000 0.000 0.000 200000.000 0 1 0 200 0 0
 371 96799.000 56763.000 0 0 0.000 0.000 0.000 200000.000 0 1 0 200 0 0
 372 57065.000 93538.000 0 0 0.000 0.000 0.000 200000.000 0 1 0 200 0 0
 373 95226.000 56705.000 0 0 0.000 0.000 0.000 0.143 0 1 0 0 0 0
 374 108730.000 142215.000 0 0 0.000 0.000 0.000 0.286 0 1 0 0 0 0
 375 122834.000 62975.000 0 0 0.000 0.000 0.000 0.137 0 1 0 0 0 0
 376 90262.000 142167.000 0 0 0.000 0.000 0.000 200000.000 0 1 0 200 0 0
 377 75237.000 135752.000 0 0 0.000 0.000 0.000 200000.000 0 1 0 200 0 0
 378 78531.000 62032.000 0 0 0.000 0.000 0.000 0.130 0 1 0 0 0 0
 379 142164.000 88853.000 0 0 0.000 0.000 0.000 0.166 0 1 0 0 0 0
 380 75376.000 135642.000 0 0 0.000 0.000 0.000 200000.000 0 1 0 200 0 0
 381 125235.000 64167.000 0 0 0.000 0.000 0.000 200000.000 0 1 0 200 0 0
 382 141337.000 85823.000 0 0 0.000 0.000 0.000 0.240 0 1 0 0 0 0
 383 141289.000 114216.000 0 0 0.000 0.000 0.000 0.137 0 1 0 0 0 0
 384 127054.000 134253.000 0 0 0.000 0.000 0.000 200000.000 0 1 0 200 0 0
 385 56442.000 103815.000 0 0 0.000 0.000 0.000 0.204 0 1 0 0 0 0
 386 134693.000 72952.000 0 0 0.000 0.000 0.000 0.154 0 1 0 0 0 0
 387 127094.000 134217.000 0 0 0.000 0.000 0.000 200000.000 0 1 0 200 0 0
 388 119428.000 139177.000 0 0 0.000 0.000 0.000 200000.000 0 1 0 200 0 0
 389 117219.000 138897.000 0 0 0.000 0.000 0.000 200000.000 0 1 0 200 0 0
 390 143296.000 107762.000 0 0 0.000 0.000 0.000 0.140 0 1 0 0 0 0
 391 69285.000 68169.000 0 0 0.000 0.000 0.000 0.336 0 1 0 0 0 0
 392 104702.000 143739.000 0 0 0.000 0.000 0.000 0.313 0 1 0 0 0 0
 393 116459.000 58585.000 0 0 0.000 0.000 0.000 0.147 0 1 0 0 0 0
 394 143907.000 93629.000 0 0 0.000 0.000 0.000 0.138 0 1 0 0 0 0
 395 69552.000 132270.000 0 0 0.000 0.000 0.000 200000.000 0 1 0 200 0 0
 396 79127.000 60141.000 0 0 0.000 0.000 0.000 200000.000 0 1 0 200 0 0
 397 102062.000 144312.000 0 0 0.000 0.000 0.000 0.136 0 1 0 0 0 0
 398 109697.000 143433.000 0 0 0.000 0.000 0.000 0.137 0 1 0 0 0 0
 399 79131.000 60258.000 0 0 0.000 0.000 0.000 200000.000 0 1 0 200 0 0
 400 125435.000 62647.000 0 0 0.000 0.000 0.000 200000.000 0 1 0 200 0 0
 401 70843.000 133893.000 0 0 0.000 0.000 0.000 0.166 0 1 0 0 0 0
 402 133156.000 69145.000 0 0 0.000 0.000 0.000 0.133 0 1 0 0 0 0
 403 125390.000 62617.000 0 0 0.000 0.000 0.000 200000.000 0 1 0 200 0 0
 404 65391.000 72306.000 0 0 0.000 0.000 0.000 200000.000 0 1 0 200 0 0
 405 54903.000 103538.000 0 0 0.000 0.000 0.000 0.131 0 1 0 0 0 0
 406 138288.000 75603.000 0 0 0.000 0.000 0.000 0.214 0 1 0 0 0 0
 407 124995.000 61987.000 0 0 0.000 0.000 0.000 0.131 0 1 0 0 0 0
 408 60270.000 77616.000 0 0 0.000 0.000 0.000 0.228 0 1 0 0 0 0
 409 144359.000 110374.000 0 0 0.000 0.000 0.000 0.137 0 1 0 0 0 0
 410 95010.000 145202.000 0 0 0.000 0.000 0.000 200000.000 0 1 0 200 0 0
 411 94962.000 145200.000 0 0 0.000 0.000 0.000 200000.000 0 1 0 200 0 0
 412 104283.000 145336.000 0 0 0.000 0.000 0.000 0.132 0 1 0 0 0 0
 413 55016.000 89649.000 0 0 0.000 0.000 0.000 200000.000 0 1 0 200 0 0
 414 54474.000 105190.000 0 0 0.000 0.000 0.000 0.131 0 1 0 0 0 0
 415 100291.000 145644.000 0 0 0.000 0.000 0.000 200000.000 0 1 0 200 0 0
 416 81998.000 142160.000 0 0 0.000 0.000 0.000 200000.000 0 1 0 200 0 0
 417 63432.000 127644.000 0 0 0.000 0.000 0.000 0.200 0 1 0 0 0 0
 418 113996.000 55582.000 0 0 0.000 0.000 0.000 200000.000 0 1 0 200 0 0
 419 136323.000 71251.000 0 0 0.000 0.000 0.000 0.132 0 1 0 0 0 0
 420 127225.000 137319.000 0 0 0.000 0.000 0.000 200000.000 0 1 0 200 0 0
 421 110819.000 144873.000 0 0 0.000 0.000 0.000 200000.000 0 1 0 200 0 0
 422 67218.000 66946.000 0 0 0.000 0.000 0.000 0.148 0 1 0 0 0 0
 423 133820.000 67862.000 0 0 0.000 0.000 0.000 200000.000 0 1 0 200 0 0
 424 60541.000 124426.000 0 0 0.000 0.000 0.000 0.207 0 1 0 0 0 0
 425 55429.000 89749.000 0 0 0.000 0.000 0.000 200000.000 0 1 0 200 0 0
 426 146766.000 99969.000 0 0 0.000 0.000 0.000 0.144 0 1 0 0 0 0
 427 53343.000 104939.000 0 0 0.000 0.000 0.000 200000.000 0 1 0 200 0 0
 428 53316.000 104106.000 0 0 0.000 0.000 0.000 0.137 0 1 0 0 0 0
 429 53178.000 98835.000 0 0 0.000 0.000 0.000 0.155 0 1 0 0 0 0
 430 70302.000 63396.000 0 0 0.000 0.000 0.000 0.135 0 1 0 0 0 0
 431 108051.000 146004.000 0 0 0.000 0.000 0.000 0.327 0 1 0 0 0 0
 432 131812.000 134216.000 0 0 0.000 0.000 0.000 200000.000 0 1 0 200 0 0
 433 97570.000 146775.000 0 0 0.000 0.000 0.000 200000.000 0 1 0 200 0 0
 434 107320.000 146196.000 0 0 0.000 0.000 0.000 0.137 0 1 0 0 0 0
 435 112628.000 54290.000 0 0 0.000 0.000 0.000 200000.000 0 1 0 200 0 0
 436 128868.000 137145.000 0 0 0.000 0.000 0.000 200000.000 0 1 0 200 0 0
 437 55386.000 84152.000 0 0 0.000 0.000 0.000 0.136 0 1 0 0 0 0
 438 117601.000 143470.000 0 0 0.000 0.000 0.000 0.217 0 1 0 0 0 0
 439 86312.000 144966.000 0 0 0.000 0.000 0.000 200000.000 0 1 0 200 0 0
 440 114802.000 54877.000 0 0 0.000 0.000 0.000 0.151 0 1 0 0 0 0
 441 116290.000 55466.000 0 0 0.000 0.000 0.000 0.347 0 1 0 0 0 0
 442 98266.000 52338.000 0 0 0.000 0.000 0.000 0.132 0 1 0 0 0 0
 443 122488.000 141501.000 0 0 0.000 0.000 0.000 200000.000 0 1 0 200 0 0
 444 128498.000 61812.000 0 0 0.000 0.000 0.000 0.147 0 1 0 0 0 0
 445 58338.000 76639.000 0 0 0.000 0.000 0.000 200000.000 0 1 0 200 0 0
 446 122518.000 141673.000 0 0 0.000 0.000 0.000 200000.000 0 1 0 200 0 0
 447 56055.000 81160.000 0 0 0.000 0.000 0.000 0.388 0 1 0 0 0 0
 448 57138.000 78904.000 0 0 0.000 0.000 0.000 0.145 0 1 0 0 0 0
 449 112687.000 53637.000 0 0 0.000 0.000 0.000 200000.000 0 1 0 200 0 0
 450 122958.000 142208.000 0 0 0.000 0.000 0.000 200000.000 0 1 0 200 0 0
 451 116648.000 144929.000 0 0 0.000 0.000 0.000 0.145 0 1 0 0 0 0
 452 57668.000 123346.000 0 0 0.000 0.000 0.000 200000.000 0 1 0 200 0 0
 453 60019.000 72857.000 0 0 0.000 0.000 0.000 200000.000 0 1 0 200 0 0
 454 70338.000 61586.000 0 0 0.000 0.000 0.000 200000.000 0 1 0 200 0 0
 455 104273.000 51601.000 0 0 0.000 0.000 0.000 200000.000 0 1 0 200 0 0
 456 112770.000 146478.000 0 0 0.000 0.000 0.000 200000.000 0 1 0 200 0 0
 457 104326.000 51580.000 0 0 0.000 0.000 0.000 200000.000 0 1 0 200 0 0
 458 52300.000 91407.000 0 0 0.000 0.000 0.000 0.132 0 1 0 0 0 0
 459 123003.000 142185.000 0 0 0.000 0.000 0.000 200000.000 0 1 0 200 0 0
 460 112778.000 146318.000 0 0 0.000 0.000 0.000 200000.000 0 1 0 200 0 0
 461 57815.000 123323.000 0 0 0.000 0.000 0.000 200000.000 0 1 0 200 0 0
 462 61236.000 70324.000 0 0 0.000 0.000 0.000 200000.000 0 1 0 200 0 0
 463 70294.000 61621.000 0 0 0.000 0.000 0.000 200000.000 0 1 0 200 0 0
 464 52323.000 89227.000 0 0 0.000 0.000 0.000 200000.000 0 1 0 200 0 0
 465 61302.000 70443.000 0 0 0.000 0.000 0.000 200000.000 0 1 0 200 0 0
 466 145289.000 82276.000 0 0 0.000 0.000 0.000 0.246 0 1 0 0 0 0
 467 139982.000 127385.000 0 0 0.000 0.000 0.000 0.260 0 1 0 0 0 0
 468 83782.000 53482.000 0 0 0.000 0.000 0.000 200000.000 0 1 0 200 0 0
 469 144462.000 79736.000 0 0 0.000 0.000 0.000 0.236 0 1 0 0 0 0
 470 149034.000 102202.000 0 0 0.000 0.000 0.000 200000.000 0 1 0 200 0 0
 471 83775.000 53625.000 0 0 0.000 0.000 0.000 200000.000 0 1 0 200 0 0
 472 104802.000 50981.000 0 0 0.000 0.000 0.000 0.138 0 1 0 0 0 0
 473 98142.000 50745.000 0 0 0.000 0.000 0.000 200000.000 0 1 0 200 0 0
 474 74171.000 57987.000 0 0 0.000 0.000 0.000 0.136 0 1 0 0 0 0
 475 98090.000 50748.000 0 0 0.000 0.000 0.000 200000.000 0 1 0 200 0 0
 476 109053.000 148205.000 0 0 0.000 0.000 0.000 200000.000 0 1 0 200 0 0
 477 59644.000 71353.000 0 0 0.000 0.000 0.000 200000.000 0 1 0 200 0 0
 478 78990.000 55148.000 0 0 0.000 0.000 0.000 0.140 0 1 0 0 0 0
 479 52480.000 89311.000 0 0 0.000 0.000 0.000 200000.000 0 1 0 200 0 0
 480 146256.000 117218.000 0 0 0.000 0.000 0.000 200000.000 0 1 0 200 0 0
 481 146183.000 117132.000 0 0 0.000 0.000 0.000 200000.000 0 1 0 200 0 0
 482 134601.000 134890.000 0 0 0.000 0.000 0.000 0.137 0 1 0 0 0 0
 483 106174.000 148998.000 0 0 0.000 0.000 0.000 200000.000 0 1 0 200 0 0
 484 72371.000 140686.000 0 0 0.000 0.000 0.000 0.135 0 1 0 0 0 0
 485 59432.000 127965.000 0 0 0.000 0.000 0.000 0.132 0 1 0 0 0 0
 486 148659.000 102176.000 0 0 0.000 0.000 0.000 200000.000 0 1 0 200 0 0
 487 141363.000 72711.000 0 0 0.000 0.000 0.000 200000.000 0 1 0 200 0 0
 488 106214.000 148868.000 0 0 0.000 0.000 0.000 200000.000 0 1 0 200 0 0
 489 50596.000 104831.000 0 0 0.000 0.000 0.000 200000.000 0 1 0 200 0 0
 490 54418.000 80298.000 0 0 0.000 0.000 0.000 0.300 0 1 0 0 0 0
 491 55632.000 77073.000 0 0 0.000 0.000 0.000 0.137 0 1 0 0 0 0
 492 105345.000 50187.000 0 0 0.000 0.000 0.000 0.139 0 1 0 0 0 0
 493 126814.000 57859.000 0 0 0.000 0.000 0.000 0.333 0 1 0 0 0 0
 494 121731.000 54775.000 0 0 0.000 0.000 0.000 0.130 0 1 0 0 0 0
 495 104449.000 50069.000 0 0 0.000 0.000 0.000 0.237 0 1 0 0 0 0
 496 130483.000 60148.000 0 0 0.000 0.000 0.000 0.133 0 1 0 0 0 0
 497 145221.000 120997.000 0 0 0.000 0.000 0.000 0.228 0 1 0 0 0 0
 498 56165.000 124267.000 0 0 0.000 0.000 0.000 0.132 0 1 0 0 0 0
 499 138374.000 68982.000 0 0 0.000 0.000 0.000 200000.000 0 1 0 200 0 0
 500 52991.000 115753.000 0 0 0.000 0.000 0.000 200000.000 0 1 0 200 0 0
 501 141313.000 71008.000 0 0 0.000 0.000 0.000 0.159 0 1 0 0 0 0
 502 108080.000 149508.000 0 0 0.000 0.000 0.000 0.135 0 1 0 0 0 0
 503 51385.000 112977.000 0 0 0.000 0.000 0.000 0.157 0 1 0 0 0 0
 504 73256.000 57063.000 0 0 0.000 0.000 0.000 0.137 0 1 0 0 0 0
 505 49722.000 105214.000 0 0 0.000 0.000 0.000 0.146 0 1 0 0 0 0
 506 65100.000 63250.000 0 0 0.000 0.000 0.000 0.132 0 1 0 0 0 0
 507 135395.000 64723.000 0 0 0.000 0.000 0.000 200000.000 0 1 0 200 0 0
 508 97866.000 49163.000 0 0 0.000 0.000 0.000 0.150 0 1 0 0 0 0
 509 85161.000 50883.000 0 0 0.000 0.000 0.000 200000.000 0 1 0 200 0 0
 510 76357.000 144876.000 0 0 0.000 0.000 0.000 0.137 0 1 0 0 0 0
 511 122395.000 54126.000 0 0 0.000 0.000 0.000 0.416 0 1 0 0 0 0
 512 93699.000 49101.000 0 0 0.000 0.000 0.000 0.141 0 1 0 0 0 0
 513 68349.000 59757.000 0 0 0.000 0.000 0.000 0.217 0 1 0 0 0 0
 514 114024.000 50707.000 0 0 0.000 0.000 0.000 0.139 0 1 0 0 0 0
 515 85152.000 51031.000 0 0 0.000 0.000 0.000 200000.000 0 1 0 200 0 0
 516 135280.000 136789.000 0 0 0.000 0.000 0.000 200000.000 0 1 0 200 0 0
 517 135244.000 136825.000 0 0 0.000 0.000 0.000 200000.000 0 1 0 200 0 0
 518 142301.000 70902.000 0 0 0.000 0.000 0.000 0.133 0 1 0 0 0 0
 519 142808.000 71554.000 0 0 0.000 0.000 0.000 200000.000 0 1 0 200 0 0
 520 142859.000 71583.000 0 0 0.000 0.000 0.000 200000.000 0 1 0 200 0 0
 521 137562.000 134729.000 0 0 0.000 0.000 0.000 0.140 0 1 0 0 0 0
 522 56624.000 71910.000 0 0 0.000 0.000 0.000 200000.000 0 1 0 200 0 0
 523 96033.000 48444.000 0 0 0.000 0.000 0.000 0.146 0 1 0 0 0 0
 524 133536.000 138826.000 0 0 0.000 0.000 0.000 200000.000 0 1 0 200 0 0
 525 131841.000 140653.000 0 0 0.000 0.000 0.000 200000.000 0 1 0 200 0 0
 526 60838.000 65694.000 0 0 0.000 0.000 0.000 200000.000 0 1 0 200 0 0
 527 138989.000 133779.000 0 0 0.000 0.000 0.000 0.131 0 1 0 0 0 0
 528 131797.000 140507.000 0 0 0.000 0.000 0.000 200000.000 0 1 0 200 0 0
 529 117398.000 148407.000 0 0 0.000 0.000 0.000 0.133 0 1 0 0 0 0
 530 60365.000 67783.000 0 0 0.000 0.000 0.000 200000.000 0 1 0 200 0 0
 531 58831.000 67873.000 0 0 0.000 0.000 0.000 200000.000 0 1 0 200 0 0
 532 146148.000 123387.000 0 0 0.000 0.000 0.000 0.132 0 1 0 0 0 0
 533 62750.000 63744.000 0 0 0.000 0.000 0.000 0.277 0 1 0 0 0 0
 534 133656.000 139321.000 0 0 0.000 0.000 0.000 200000.000 0 1 0 200 0 0
 535 133653.000 139398.000 0 0 0.000 0.000 0.000 200000.000 0 1 0 200 0 0
 536 48473.000 106700.000 0 0 0.000 0.000 0.000 200000.000 0 1 0 200 0 0
 537 54870.000 74152.000 0 0 0.000 0.000 0.000 0.258 0 1 0 0 0 0
 538 55345.000 72652.000 0 0 0.000 0.000 0.000 200000.000 0 1 0 200 0 0
 539 58888.000 67984.000 0 0 0.000 0.000 0.000 200000.000 0 1 0 200 0 0
 540 128919.000 56652.000 0 0 0.000 0.000 0.000 0.308 0 1 0 0 0 0
 541 98190.000 151712.000 0 0 0.000 0.000 0.000 0.211 0 1 0 0 0 0
 542 55463.000 72785.000 0 0 0.000 0.000 0.000 200000.000 0 1 0 200 0 0
 543 82336.000 147980.000 0 0 0.000 0.000 0.000 200000.000 0 1 0 200 0 0
 544 126988.000 144802.000 0 0 0.000 0.000 0.000 200000.000 0 1 0 200 0 0
 545 115810.000 149835.000 0 0 0.000 0.000 0.000 200000.000 0 1 0 200 0 0
 546 126966.000 144662.000 0 0 0.000 0.000 0.000 200000.000 0 1 0 200 0 0
 547 115810.000 149661.000 0 0 0.000 0.000 0.000 200000.000 0 1 0 200 0 0
 548 83407.000 149771.000 0 0 0.000 0.000 0.000 200000.000 0 1 0 200 0 0
 549 61133.000 65958.000 0 0 0.000 0.000 0.000 200000.000 0 1 0 200 0 0
 550 111662.000 48265.000 0 0 0.000 0.000 0.000 200000.000 0 1 0 200 0 0
 551 83504.000 149646.000 0 0 0.000 0.000 0.000 200000.000 0 1 0 200 0 0
 552 49098.000 86280.000 0 0 0.000 0.000 0.000 0.207 0 1 0 0 0 0
 553 132341.000 58106.000 0 0 0.000 0.000 0.000 0.132 0 1 0 0 0 0
 554 111587.000 48368.000 0 0 0.000 0.000 0.000 200000.000 0 1 0 200 0 0
 555 127329.000 145132.000 0 0 0.000 0.000 0.000 200000.000 0 1 0 200 0 0
 556 137664.000 64045.000 0 0 0.000 0.000 0.000 200000.000 0 1 0 200 0 0
 557 100762.000 46651.000 0 0 0.000 0.000 0.000 200000.000 0 1 0 200 0 0
 558 55093.000 71285.000 0 0 0.000 0.000 0.000 0.131 0 1 0 0 0 0
 559 100815.000 46635.000 0 0 0.000 0.000 0.000 200000.000 0 1 0 200 0 0
 560 103512.000 152704.000 0 0 0.000 0.000 0.000 0.201 0 1 0 0 0 0
 561 153213.000 102192.000 0 0 0.000 0.000 0.000 0.142 0 1 0 0 0 0
 562 118795.000 149519.000 0 0 0.000 0.000 0.000 0.280 0 1 0 0 0 0
 563 138537.000 136386.000 0 0 0.000 0.000 0.000 0.135 0 1 0 0 0 0
 564 128749.000 144610.000 0 0 0.000 0.000 0.000 0.150 0 1 0 0 0 0
 565 138199.000 137075.000 0 0 0.000 0.000 0.000 0.131 0 1 0 0 0 0
 566 117762.000 150258.000 0 0 0.000 0.000 0.000 200000.000 0 1 0 200 0 0
 567 60677.000 64589.000 0 0 0.000 0.000 0.000 200000.000 0 1 0 200 0 0
 568 77921.000 148377.000 0 0 0.000 0.000 0.000 0.137 0 1 0 0 0 0
 569 107154.000 152871.000 0 0 0.000 0.000 0.000 0.268 0 1 0 0 0 0
 570 81889.000 150285.000 0 0 0.000 0.000 0.000 200000.000 0 1 0 200 0 0
 571 81825.000 150304.000 0 0 0.000 0.000 0.000 200000.000 0 1 0 200 0 0
 572 61174.000 62694.000 0 0 0.000 0.000 0.000 0.143 0 1 0 0 0 0
 573 46021.000 100449.000 0 0 0.000 0.000 0.000 0.170 0 1 0 0 0 0
 574 48676.000 116093.000 0 0 0.000 0.000 0.000 0.463 0 1 0 0 0 0
 575 153897.000 94862.000 0 0 0.000 0.000 0.000 200000.000 0 1 0 200 0 0
 576 73403.000 52419.000 0 0 0.000 0.000 0.000 200000.000 0 1 0 200 0 0
 577 119975.000 49423.000 0 0 0.000 0.000 0.000 0.357 0 1 0 0 0 0
 578 151527.000 82871.000 0 0 0.000 0.000 0.000 0.142 0 1 0 0 0 0
 579 95577.000 153764.000 0 0 0.000 0.000 0.000 0.492 0 1 0 0 0 0
 580 45700.000 97910.000 0 0 0.000 0.000 0.000 0.151 0 1 0 0 0 0
 581 45773.000 103647.000 0 0 0.000 0.000 0.000 200000.000 0 1 0 200 0 0
 582 117799.000 150205.000 0 0 0.000 0.000 0.000 200000.000 0 1 0 200 0 0
 583 45711.000 103602.000 0 0 0.000 0.000 0.000 200000.000 0 1 0 200 0 0
 584 93338.000 45845.000 0 0 0.000 0.000 0.000 0.146 0 1 0 0 0 0
 585 101158.000 45434.000 0 0 0.000 0.000 0.000 200000.000 0 1 0 200 0 0
 586 146500.000 71422.000 0 0 0.000 0.000 0.000 0.131 0 1 0 0 0 0
 587 105345.000 154224.000 0 0 0.000 0.000 0.000 200000.000 0 1 0 200 0 0
 588 118882.000 151051.000 0 0 0.000 0.000 0.000 0.497 0 1 0 0 0 0
 589 105385.000 154088.000 0 0 0.000 0.000 0.000 200000.000 0 1 0 200 0 0
 590 89192.000 46013.000 0 0 0.000 0.000 0.000 200000.000 0 1 0 200 0 0
 591 130477.000 54155.000 0 0 0.000 0.000 0.000 0.300 0 1 0 0 0 0
 592 71075.000 52912.000 0 0 0.000 0.000 0.000 0.144 0 1 0 0 0 0
 593 129725.000 53394.000 0 0 0.000 0.000 0.000 0.150 0 1 0 0 0 0
 594 61914.000 59883.000 0 0 0.000 0.000 0.000 0.446 0 1 0 0 0 0
 595 54931.000 67711.000 0 0 0.000 0.000 0.000 200000.000 0 1 0 200 0 0
 596 55462.000 133037.000 0 0 0.000 0.000 0.000 200000.000 0 1 0 200 0 0
 597 154251.000 87818.000 0 0 0.000 0.000 0.000 200000.000 0 1 0 200 0 0
 598 44675.000 104572.000 0 0 0.000 0.000 0.000 0.130 0 1 0 0 0 0
 599 109173.000 154430.000 0 0 0.000 0.000 0.000 0.440 0 1 0 0 0 0
 600 55604.000 132998.000 0 0 0.000 0.000 0.000 200000.000 0 1 0 200 0 0
 601 123883.000 49444.000 0 0 0.000 0.000 0.000 200000.000 0 1 0 200 0 0
 602 54031.000 131184.000 0 0 0.000 0.000 0.000 200000.000 0 1 0 200 0 0
 603 76557.000 150349.000 0 0 0.000 0.000 0.000 0.138 0 1 0 0 0 0
 604 44448.000 95119.000 0 0 0.000 0.000 0.000 0.165 0 1 0 0 0 0
 605 45094.000 111369.000 0 0 0.000 0.000 0.000 200000.000 0 1 0 200 0 0
 606 146327.000 68593.000 0 0 0.000 0.000 0.000 0.201 0 1 0 0 0 0
 607 45216.000 111398.000 0 0 0.000 0.000 0.000 200000.000 0 1 0 200 0 0
 608 54504.000 66994.000 0 0 0.000 0.000 0.000 0.204 0 1 0 0 0 0
 609 126534.000 149323.000 0 0 0.000 0.000 0.000 0.311 0 1 0 0 0 0
 610 100131.000 156186.000 0 0 0.000 0.000 0.000 200000.000 0 1 0 200 0 0
 611 112871.000 154870.000 0 0 0.000 0.000 0.000 0.135 0 1 0 0 0 0
 612 131026.000 147182.000 0 0 0.000 0.000 0.000 0.202 0 1 0 0 0 0
 613 90649.000 155582.000 0 0 0.000 0.000 0.000 200000.000 0 1 0 200 0 0
 614 43839.000 108268.000 0 0 0.000 0.000 0.000 200000.000 0 1 0 200 0 0
 615 77732.000 47447.000 0 0 0.000 0.000 0.000 200000.000 0 1 0 200 0 0
 616 44620.000 87070.000 0 0 0.000 0.000 0.000 200000.000 0 1 0 200 0 0
 617 154855.000 111014.000 0 0 0.000 0.000 0.000 200000.000 0 1 0 200 0 0
 618 60041.000 140393.000 0 0 0.000 0.000 0.000 0.139 0 1 0 0 0 0
 619 148410.000 69212.000 0 0 0.000 0.000 0.000 200000.000 0 1 0 200 0 0
 620 75393.000 151435.000 0 0 0.000 0.000 0.000 0.147 0 1 0 0 0 0
 621 62595.000 56439.000 0 0 0.000 0.000 0.000 200000.000 0 1 0 200 0 0
 622 73220.000 150463.000 0 0 0.000 0.000 0.000 0.161 0 1 0 0 0 0
 623 70534.000 50450.000 0 0 0.000 0.000 0.000 0.138 0 1 0 0 0 0
 624 157741.000 98174.000 0 0 0.000 0.000 0.000 200000.000 0 1 0 200 0 0
 625 50688.000 127438.000 0 0 0.000 0.000 0.000 200000.000 0 1 0 200 0 0
 626 43957.000 108302.000 0 0 0.000 0.000 0.000 200000.000 0 1 0 200 0 0
 627 157634.000 98125.000 0 0 0.000 0.000 0.000 200000.000 0 1 0 200 0 0
 628 150655.000 127186.000 0 0 0.000 0.000 0.000 200000.000 0 1 0 200 0 0
 629 144221.000 136751.000 0 0 0.000 0.000 0.000 0.132 0 1 0 0 0 0
 630 86360.000 155797.000 0 0 0.000 0.000 0.000 0.303 0 1 0 0 0 0
 631 44308.000 84151.000 0 0 0.000 0.000 0.000 200000.000 0 1 0 200 0 0
 632 111085.000 43151.000 0 0 0.000 0.000 0.000 0.201 0 1 0 0 0 0
 633 50845.000 130239.000 0 0 0.000 0.000 0.000 0.137 0 1 0 0 0 0
 634 124637.000 47357.000 0 0 0.000 0.000 0.000 200000.000 0 1 0 200 0 0
 635 133589.000 52376.000 0 0 0.000 0.000 0.000 200000.000 0 1 0 200 0 0
 636 69671.000 148995.000 0 0 0.000 0.000 0.000 200000.000 0 1 0 200 0 0
 637 138305.000 143692.000 0 0 0.000 0.000 0.000 200000.000 0 1 0 200 0 0
 638 137523.000 144140.000 0 0 0.000 0.000 0.000 200000.000 0 1 0 200 0 0
 639 72080.000 150655.000 0 0 0.000 0.000 0.000 0.146 0 1 0 0 0 0
 640 153450.000 76641.000 0 0 0.000 0.000 0.000 0.138 0 1 0 0 0 0
 641 138267.000 143569.000 0 0 0.000 0.000 0.000 200000.000 0 1 0 200 0 0
 642 98965.000 157946.000 0 0 0.000 0.000 0.000 0.211 0 1 0 0 0 0
 643 62888.000 54483.000 0 0 0.000 0.000 0.000 200000.000 0 1 0 200 0 0
 644 44074.000 116351.000 0 0 0.000 0.000 0.000 200000.000 0 1 0 200 0 0
 645 41531.000 97605.000 0 0 0.000 0.000 0.000 200000.000 0 1 0 200 0 0
 646 158035.000 91925.000 0 0 0.000 0.000 0.000 0.137 0 1 0 0 0 0
 647 154170.000 121831.000 0 0 0.000 0.000 0.000 0.146 0 1 0 0 0 0
 648 41529.000 97659.000 0 0 0.000 0.000 0.000 200000.000 0 1 0 200 0 0
 649 51230.000 132002.000 0 0 0.000 0.000 0.000 0.146 0 1 0 0 0 0
 650 49818.000 129833.000 0 0 0.000 0.000 0.000 0.132 0 1 0 0 0 0
 651 154241.000 122438.000 0 0 0.000 0.000 0.000 200000.000 0 1 0 200 0 0
 652 158369.000 105144.000 0 0 0.000 0.000 0.000 200000.000 0 1 0 200 0 0
 653 101351.000 158417.000 0 0 0.000 0.000 0.000 0.164 0 1 0 0 0 0
 654 139363.000 56036.000 0 0 0.000 0.000 0.000 0.144 0 1 0 0 0 0
 655 70193.000 48972.000 0 0 0.000 0.000 0.000 200000.000 0 1 0 200 0 0
 656 145626.000 62736.000 0 0 0.000 0.000 0.000 0.142 0 1 0 0 0 0
 657 105627.000 158637.000 0 0 0.000 0.000 0.000 200000.000 0 1 0 200 0 0
 658 146905.000 64274.000 0 0 0.000 0.000 0.000 0.136 0 1 0 0 0 0
 659 132725.000 50814.000 0 0 0.000 0.000 0.000 0.300 0 1 0 0 0 0
 660 105678.000 158605.000 0 0 0.000 0.000 0.000 200000.000 0 1 0 200 0 0
 661 103594.000 158796.000 0 0 0.000 0.000 0.000 200000.000 0 1 0 200 0 0
 662 103283.000 158764.000 0 0 0.000 0.000 0.000 200000.000 0 1 0 200 0 0
 663 103231.000 158817.000 0 0 0.000 0.000 0.000 200000.000 0 1 0 200 0 0
 664 42508.000 112997.000 0 0 0.000 0.000 0.000 0.474 0 1 0 0 0 0
 665 43619.000 81713.000 0 0 0.000 0.000 0.000 200000.000 0 1 0 200 0 0
 666 47128.000 75639.000 0 0 0.000 0.000 0.000 200000.000 0 1 0 200 0 0
 667 153749.000 75173.000 0 0 0.000 0.000 0.000 0.133 0 1 0 0 0 0
 668 129313.000 151186.000 0 0 0.000 0.000 0.000 0.225 0 1 0 0 0 0
 669 157265.000 85201.000 0 0 0.000 0.000 0.000 0.131 0 1 0 0 0 0
 670 51633.000 134074.000 0 0 0.000 0.000 0.000 200000.000 0 1 0 200 0 0
 671 51576.000 134052.000 0 0 0.000 0.000 0.000 200000.000 0 1 0 200 0 0
 672 132818.000 50385.000 0 0 0.000 0.000 0.000 0.141 0 1 0 0 0 0
 673 125296.000 153495.000 0 0 0.000 0.000 0.000 0.132 0 1 0 0 0 0
 674 120577.000 155469.000 0 0 0.000 0.000 0.000 0.203 0 1 0 0 0 0
 675 66765.000 148883.000 0 0 0.000 0.000 0.000 0.145 0 1 0 0 0 0
 676 50908.000 66345.000 0 0 0.000 0.000 0.000 0.130 0 1 0 0 0 0
 677 52524.000 64040.000 0 0 0.000 0.000 0.000 0.132 0 1 0 0 0 0
 678 120482.000 155516.000 0 0 0.000 0.000 0.000 0.200 0 1 0 0 0 0
 679 120374.000 155583.000 0 0 0.000 0.000 0.000 0.201 0 1 0 0 0 0
 680 120282.000 155642.000 0 0 0.000 0.000 0.000 0.202 0 1 0 0 0 0
 681 40332.000 97879.000 0 0 0.000 0.000 0.000 200000.000 0 1 0 200 0 0
 682 40059.000 96310.000 0 0 0.000 0.000 0.000 200000.000 0 1 0 200 0 0
 683 60732.000 54524.000 0 0 0.000 0.000 0.000 200000.000 0 1 0 200 0 0
 684 90716.000 40559.000 0 0 0.000 0.000 0.000 200000.000 0 1 0 200 0 0
 685 158039.000 85353.000 0 0 0.000 0.000 0.000 200000.000 0 1 0 200 0 0
 686 157578.000 82995.000 0 0 0.000 0.000 0.000 200000.000 0 1 0 200 0 0
 687 123226.000 155072.000 0 0 0.000 0.000 0.000 200000.000 0 1 0 200 0 0
 688 40190.000 96370.000 0 0 0.000 0.000 0.000 200000.000 0 1 0 200 0 0
 689 44144.000 121262.000 0 0 0.000 0.000 0.000 0.156 0 1 0 0 0 0
 690 54890.000 60127.000 0 0 0.000 0.000 0.000 0.135 0 1 0 0 0 0
 691 102819.000 39757.000 0 0 0.000 0.000 0.000 200000.000 0 1 0 200 0 0
 692 129099.000 152252.000 0 0 0.000 0.000 0.000 0.154 0 1 0 0 0 0
 693 160096.000 102191.000 0 0 0.000 0.000 0.000 200000.000 0 1 0 200 0 0
 694 111890.000 158667.000 0 0 0.000 0.000 0.000 0.140 0 1 0 0 0 0
 695 159803.000 104313.000 0 0 0.000 0.000 0.000 200000.000 0 1 0 200 0 0
 696 85711.000 158024.000 0 0 0.000 0.000 0.000 200000.000 0 1 0 200 0 0
 697 64940.000 50976.000 0 0 0.000 0.000 0.000 200000.000 0 1 0 200 0 0
 698 156056.000 77520.000 0 0 0.000 0.000 0.000 200000.000 0 1 0 200 0 0
 699 147785.000 136856.000 0 0 0.000 0.000 0.000 200000.000 0 1 0 200 0 0
 700 110569.000 158988.000 0 0 0.000 0.000 0.000 200000.000 0 1 0 200 0 0
 701 67091.000 150135.000 0 0 0.000 0.000 0.000 0.314 0 1 0 0 0 0
 702 41058.000 87004.000 0 0 0.000 0.000 0.000 200000.000 0 1 0 200 0 0
 703 40992.000 86937.000 0 0 0.000 0.000 0.000 200000.000 0 1 0 200 0 0
 704 63654.000 51608.000 0 0 0.000 0.000 0.000 0.142 0 1 0 0 0 0
 705 158669.000 115168.000 0 0 0.000 0.000 0.000 200000.000 0 1 0 200 0 0
 706 147699.000 136725.000 0 0 0.000 0.000 0.000 200000.000 0 1 0 200 0 0
 707 144228.000 141033.000 0 0 0.000 0.000 0.000 200000.000 0 1 0 200 0 0
 708 49639.000 133127.000 0 0 0.000 0.000 0.000 200000.000 0 1 0 200 0 0
 709 39973.000 107650.000 0 0 0.000 0.000 0.000 200000.000 0 1 0 200 0 0
 710 73618.000 45213.000 0 0 0.000 0.000 0.000 200000.000 0 1 0 200 0 0
 711 158543.000 115081.000 0 0 0.000 0.000 0.000 200000.000 0 1 0 200 0 0
 712 139483.000 145819.000 0 0 0.000 0.000 0.000 200000.000 0 1 0 200 0 0
 713 159972.000 102133.000 0 0 0.000 0.000 0.000 200000.000 0 1 0 200 0 0
 714 77407.000 156117.000 0 0 0.000 0.000 0.000 0.269 0 1 0 0 0 0
 715 155351.000 124912.000 0 0 0.000 0.000 0.000 0.135 0 1 0 0 0 0
 716 86642.000 40300.000 0 0 0.000 0.000 0.000 200000.000 0 1 0 200 0 0
 717 104950.000 38837.000 0 0 0.000 0.000 0.000 200000.000 0 1 0 200 0 0
 718 160858.000 99122.000 0 0 0.000 0.000 0.000 0.239 0 1 0 0 0 0
 719 159049.000 84131.000 0 0 0.000 0.000 0.000 0.156 0 1 0 0 0 0
 720 86590.000 40311.000 0 0 0.000 0.000 0.000 200000.000 0 1 0 200 0 0
 721 119413.000 157665.000 0 0 0.000 0.000 0.000 0.221 0 1 0 0 0 0
 722 154164.000 127853.000 0 0 0.000 0.000 0.000 0.156 0 1 0 0 0 0
 723 92444.000 160295.000 0 0 0.000 0.000 0.000 0.442 0 1 0 0 0 0
 724 42147.000 80176.000 0 0 0.000 0.000 0.000 0.132 0 1 0 0 0 0
 725 42942.000 121311.000 0 0 0.000 0.000 0.000 0.338 0 1 0 0 0 0
 726 42514.000 78667.000 0 0 0.000 0.000 0.000 200000.000 0 1 0 200 0 0
 727 65334.000 50748.000 0 0 0.000 0.000 0.000 200000.000 0 1 0 200 0 0
 728 159765.000 86986.000 0 0 0.000 0.000 0.000 0.131 0 1 0 0 0 0
 729 136571.000 50798.000 0 0 0.000 0.000 0.000 0.398 0 1 0 0 0 0
 730 127161.000 154645.000 0 0 0.000 0.000 0.000 0.151 0 1 0 0 0 0
 731 119148.000 157997.000 0 0 0.000 0.000 0.000 0.134 0 1 0 0 0 0
 732 39826.000 111094.000 0 0 0.000 0.000 0.000 0.145 0 1 0 0 0 0
 733 102313.000 38511.000 0 0 0.000 0.000 0.000 200000.000 0 1 0 200 0 0
 734 158358.000 119198.000 0 0 0.000 0.000 0.000 200000.000 0 1 0 200 0 0
 735 101597.000 161435.000 0 0 0.000 0.000 0.000 200000.000 0 1 0 200 0 0
 736 96168.000 161167.000 0 0 0.000 0.000 0.000 200000.000 0 1 0 200 0 0
 737 38777.000 94978.000 0 0 0.000 0.000 0.000 0.148 0 1 0 0 0 0
 738 64830.000 150465.000 0 0 0.000 0.000 0.000 200000.000 0 1 0 200 0 0
 739 38416.000 95368.000 0 0 0.000 0.000 0.000 200000.000 0 1 0 200 0 0
 740 88630.000 39322.000 0 0 0.000 0.000 0.000 0.304 0 1 0 0 0 0
 741 101647.000 161316.000 0 0 0.000 0.000 0.000 200000.000 0 1 0 200 0 0
 742 82811.000 158958.000 0 0 0.000 0.000 0.000 0.262 0 1 0 0 0 0
 743 78836.000 157719.000 0 0 0.000 0.000 0.000 200000.000 0 1 0 200 0 0
 744 64951.000 150378.000 0 0 0.000 0.000 0.000 200000.000 0 1 0 200 0 0
 745 38582.000 95433.000 0 0 0.000 0.000 0.000 200000.000 0 1 0 200 0 0
 746 84013.000 40286.000 0 0 0.000 0.000 0.000 0.265 0 1 0 0 0 0
 747 118841.000 40979.000 0 0 0.000 0.000 0.000 0.138 0 1 0 0 0 0
 748 86797.000 39395.000 0 0 0.000 0.000 0.000 200000.000 0 1 0 200 0 0
 749 46460.000 130680.000 0 0 0.000 0.000 0.000 0.252 0 1 0 0 0 0
 750 66419.000 47704.000 0 0 0.000 0.000 0.000 200000.000 0 1 0 200 0 0
 751 132327.000 152549.000 0 0 0.000 0.000 0.000 0.134 0 1 0 0 0 0
 752 116608.000 159421.000 0 0 0.000 0.000 0.000 0.174 0 1 0 0 0 0
 753 44436.000 127250.000 0 0 0.000 0.000 0.000 0.157 0 1 0 0 0 0
 754 38414.000 91925.000 0 0 0.000 0.000 0.000 200000.000 0 1 0 200 0 0
 755 161268.000 89142.000 0 0 0.000 0.000 0.000 200000.000 0 1 0 200 0 0
 756 161078.000 111229.000 0 0 0.000 0.000 0.000 0.131 0 1 0 0 0 0
 757 90561.000 161364.000 0 0 0.000 0.000 0.000 0.143 0 1 0 0 0 0
 758 158369.000 119147.000 0 0 0.000 0.000 0.000 200000.000 0 1 0 200 0 0
 759 71269.000 44434.000 0 0 0.000 0.000 0.000 0.136 0 1 0 0 0 0
 760 146034.000 57612.000 0 0 0.000 0.000 0.000 0.283 0 1 0 0 0 0
 761 151239.000 135182.000 0 0 0.000 0.000 0.000 0.169 0 1 0 0 0 0
 762 130099.000 154394.000 0 0 0.000 0.000 0.000 0.465 0 1 0 0 0 0
 763 48569.000 64065.000 0 0 0.000 0.000 0.000 0.154 0 1 0 0 0 0
 764 41780.000 75395.000 0 0 0.000 0.000 0.000 200000.000 0 1 0 200 0 0
 765 80194.000 40246.000 0 0 0.000 0.000 0.000 0.131 0 1 0 0 0 0
 766 132482.000 45949.000 0 0 0.000 0.000 0.000 0.474 0 1 0 0 0 0
 767 41881.000 75492.000 0 0 0.000 0.000 0.000 200000.000 0 1 0 200 0 0
 768 153455.000 65740.000 0 0 0.000 0.000 0.000 200000.000 0 1 0 200 0 0
 769 69831.000 44151.000 0 0 0.000 0.000 0.000 0.210 0 1 0 0 0 0
 770 102892.000 36712.000 0 0 0.000 0.000 0.000 0.309 0 1 0 0 0 0
 771 153637.000 66347.000 0 0 0.000 0.000 0.000 200000.000 0 1 0 200 0 0
 772 162514.000 89369.000 0 0 0.000 0.000 0.000 200000.000 0 1 0 200 0 0
 773 144363.000 144864.000 0 0 0.000 0.000 0.000 0.262 0 1 0 0 0 0
 774 147689.000 141773.000 0 0 0.000 0.000 0.000 200000.000 0 1 0 200 0 0
 775 121139.000 159702.000 0 0 0.000 0.000 0.000 200000.000 0 1 0 200 0 0
 776 96913.000 163074.000 0 0 0.000 0.000 0.000 0.133 0 1 0 0 0 0
 777 116402.000 160912.000 0 0 0.000 0.000 0.000 0.311 0 1 0 0 0 0
 778 37795.000 85645.000 0 0 0.000 0.000 0.000 200000.000 0 1 0 200 0 0
 779 160972.000 117587.000 0 0 0.000 0.000 0.000 0.131 0 1 0 0 0 0
 780 37950.000 85733.000 0 0 0.000 0.000 0.000 200000.000 0 1 0 200 0 0
 781 50730.000 59406.000 0 0 0.000 0.000 0.000 0.409 0 1 0 0 0 0
 782 153301.000 65778.000 0 0 0.000 0.000 0.000 200000.000 0 1 0 200 0 0
 783 137077.000 47716.000 0 0 0.000 0.000 0.000 0.163 0 1 0 0 0 0
 784 74117.000 158570.000 0 0 0.000 0.000 0.000 200000.000 0 1 0 200 0 0
 785 47187.000 63207.000 0 0 0.000 0.000 0.000 0.147 0 1 0 0 0 0
 786 134958.000 153450.000 0 0 0.000 0.000 0.000 200000.000 0 1 0 200 0 0
 787 74219.000 158478.000 0 0 0.000 0.000 0.000 200000.000 0 1 0 200 0 0
 788 66508.000 154528.000 0 0 0.000 0.000 0.000 0.206 0 1 0 0 0 0
 789 58518.000 50559.000 0 0 0.000 0.000 0.000 0.135 0 1 0 0 0 0
 790 72648.000 41567.000 0 0 0.000 0.000 0.000 0.285 0 1 0 0 0 0
 791 75844.000 159575.000 0 0 0.000 0.000 0.000 0.146 0 1 0 0 0 0
 792 157684.000 128565.000 0 0 0.000 0.000 0.000 0.231 0 1 0 0 0 0
 793 42994.000 129992.000 0 0 0.000 0.000 0.000 0.137 0 1 0 0 0 0
 794 81520.000 37954.000 0 0 0.000 0.000 0.000 200000.000 0 1 0 200 0 0
 795 38316.000 84515.000 0 0 0.000 0.000 0.000 200000.000 0 1 0 200 0 0
 796 127862.000 156951.000 0 0 0.000 0.000 0.000 200000.000 0 1 0 200 0 0
 797 138911.000 48188.000 0 0 0.000 0.000 0.000 0.141 0 1 0 0 0 0
 798 111217.000 162394.000 0 0 0.000 0.000 0.000 200000.000 0 1 0 200 0 0
 799 145345.000 53585.000 0 0 0.000 0.000 0.000 200000.000 0 1 0 200 0 0
 800 134297.000 154680.000 0 0 0.000 0.000 0.000 200000.000 0 1 0 200 0 0
 801 134267.000 154533.000 0 0 0.000 0.000 0.000 200000.000 0 1 0 200 0 0
 802 101814.000 164447.000 0 0 0.000 0.000 0.000 0.218 0 1 0 0 0 0
 803 136335.000 46212.000 0 0 0.000 0.000 0.000 200000.000 0 1 0 200 0 0
 804 77972.000 161023.000 0 0 0.000 0.000 0.000 200000.000 0 1 0 200 0 0
 805 164358.000 108398.000 0 0 0.000 0.000 0.000 0.153 0 1 0 0 0 0
 806 111754.000 163755.000 0 0 0.000 0.000 0.000 200000.000 0 1 0 200 0 0
 807 111707.000 163792.000 0 0 0.000 0.000 0.000 200000.000 0 1 0 200 0 0
 808 78074.000 160886.000 0 0 0.000 0.000 0.000 200000.000 0 1 0 200 0 0
 809 61045.000 47735.000 0 0 0.000 0.000 0.000 0.143 0 1 0 0 0 0
 810 113007.000 163638.000 0 0 0.000 0.000 0.000 0.133 0 1 0 0 0 0
 811 101836.000 165000.000 0 0 0.000 0.000 0.000 200000.000 0 1 0 200 0 0
 812 42052.000 69602.000 0 0 0.000 0.000 0.000 200000.000 0 1 0 200 0 0
 813 61642.000 46962.000 0 0 0.000 0.000 0.000 0.150 0 1 0 0 0 0
 814 50968.000 56588.000 0 0 0.000 0.000 0.000 200000.000 0 1 0 200 0 0
 815 151130.000 58981.000 0 0 0.000 0.000 0.000 200000.000 0 1 0 200 0 0
 816 129891.000 41223.000 0 0 0.000 0.000 0.000 200000.000 0 1 0 200 0 0
 817 132637.000 42706.000 0 0 0.000 0.000 0.000 200000.000 0 1 0 200 0 0
 818 162304.000 79197.000 0 0 0.000 0.000 0.000 0.231 0 1 0 0 0 0
 819 161159.000 123515.000 0 0 0.000 0.000 0.000 200000.000 0 1 0 200 0 0
 820 136104.000 154614.000 0 0 0.000 0.000 0.000 0.413 0 1 0 0 0 0
 821 109363.000 35840.000 0 0 0.000 0.000 0.000 200000.000 0 1 0 200 0 0
 822 53236.000 53160.000 0 0 0.000 0.000 0.000 200000.000 0 1 0 200 0 0
 823 115666.000 35633.000 0 0 0.000 0.000 0.000 200000.000 0 1 0 200 0 0
 824 59741.000 152010.000 0 0 0.000 0.000 0.000 200000.000 0 1 0 200 0 0
 825 123735.000 37743.000 0 0 0.000 0.000 0.000 200000.000 0 1 0 200 0 0
 826 52959.000 146727.000 0 0 0.000 0.000 0.000 200000.000 0 1 0 200 0 0
 827 70287.000 40505.000 0 0 0.000 0.000 0.000 0.133 0 1 0 0 0 0
 828 123648.000 37818.000 0 0 0.000 0.000 0.000 200000.000 0 1 0 200 0 0
 829 95267.000 165936.000 0 0 0.000 0.000 0.000 0.132 0 1 0 0 0 0
 830 53096.000 146663.000 0 0 0.000 0.000 0.000 200000.000 0 1 0 200 0 0
 831 35192.000 85163.000 0 0 0.000 0.000 0.000 0.144 0 1 0 0 0 0
 832 55723.000 50215.000 0 0 0.000 0.000 0.000 0.282 0 1 0 0 0 0
 833 60235.000 46416.000 0 0 0.000 0.000 0.000 200000.000 0 1 0 200 0 0
 834 88855.000 34249.000 0 0 0.000 0.000 0.000 0.454 0 1 0 0 0 0
 835 142026.000 151666.000 0 0 0.000 0.000 0.000 200000.000 0 1 0 200 0 0
 836 96362.000 166373.000 0 0 0.000 0.000 0.000 0.177 0 1 0 0 0 0
 837 141962.000 151500.000 0 0 0.000 0.000 0.000 200000.000 0 1 0 200 0 0
 838 33675.000 90177.000 0 0 0.000 0.000 0.000 200000.000 0 1 0 200 0 0
 839 34536.000 86633.000 0 0 0.000 0.000 0.000 0.134 0 1 0 0 0 0
 840 41608.000 67197.000 0 0 0.000 0.000 0.000 200000.000 0 1 0 200 0 0
 841 129837.000 41209.000 0 0 0.000 0.000 0.000 200000.000 0 1 0 200 0 0
 842 53267.000 53267.000 0 0 0.000 0.000 0.000 200000.000 0 1 0 200 0 0
 843 33478.000 106198.000 0 0 0.000 0.000 0.000 0.264 0 1 0 0 0 0
 844 33227.000 102403.000 0 0 0.000 0.000 0.000 0.147 0 1 0 0 0 0
 845 33786.000 90245.000 0 0 0.000 0.000 0.000 200000.000 0 1 0 200 0 0
 846 114472.000 34365.000 0 0 0.000 0.000 0.000 0.130 0 1 0 0 0 0
 847 120070.000 35784.000 0 0 0.000 0.000 0.000 0.140 0 1 0 0 0 0
 848 160000.000 69708.000 0 0 0.000 0.000 0.000 200000.000 0 1 0 200 0 0
 849 166708.000 94749.000 0 0 0.000 0.000 0.000 0.358 0 1 0 0 0 0
 850 162510.000 75351.000 0 0 0.000 0.000 0.000 200000.000 0 1 0 200 0 0
 851 131108.000 159118.000 0 0 0.000 0.000 0.000 0.136 0 1 0 0 0 0
 852 38129.000 125586.000 0 0 0.000 0.000 0.000 0.292 0 1 0 0 0 0
 853 145716.000 50651.000 0 0 0.000 0.000 0.000 0.132 0 1 0 0 0 0
 854 151049.000 55953.000 0 0 0.000 0.000 0.000 200000.000 0 1 0 200 0 0
 855 162503.000 75294.000 0 0 0.000 0.000 0.000 200000.000 0 1 0 200 0 0
 856 107650.000 166457.000 0 0 0.000 0.000 0.000 200000.000 0 1 0 200 0 0
 857 138763.000 154565.000 0 0 0.000 0.000 0.000 200000.000 0 1 0 200 0 0
 858 38824.000 128090.000 0 0 0.000 0.000 0.000 0.135 0 1 0 0 0 0
 859 164271.000 79547.000 0 0 0.000 0.000 0.000 0.202 0 1 0 0 0 0
 860 61940.000 44125.000 0 0 0.000 0.000 0.000 0.134 0 1 0 0 0 0
 861 158054.000 65099.000 0 0 0.000 0.000 0.000 200000.000 0 1 0 200 0 0
 862 136091.000 156925.000 0 0 0.000 0.000 0.000 0.144 0 1 0 0 0 0
 863 71582.000 160966.000 0 0 0.000 0.000 0.000 0.267 0 1 0 0 0 0
 864 36988.000 124445.000 0 0 0.000 0.000 0.000 200000.000 0 1 0 200 0 0
 865 36988.000 124445.000 0 0 0.000 0.000 0.000 200000.000 0 1 0 200 0 0
 866 138719.000 154596.000 0 0 0.000 0.000 0.000 200000.000 0 1 0 200 0 0
 867 120282.000 35104.000 0 0 0.000 0.000 0.000 200000.000 0 1 0 200 0 0
 868 94279.000 167507.000 0 0 0.000 0.000 0.000 200000.000 0 1 0 200 0 0
 869 33488.000 112263.000 0 0 0.000 0.000 0.000 0.132 0 1 0 0 0 0
 870 162138.000 72331.000 0 0 0.000 0.000 0.000 200000.000 0 1 0 200 0 0
 871 164586.000 79183.000 0 0 0.000 0.000 0.000 0.143 0 1 0 0 0 0
 872 162190.000 72365.000 0 0 0.000 0.000 0.000 200000.000 0 1 0 200 0 0
 873 94342.000 167342.000 0 0 0.000 0.000 0.000 200000.000 0 1 0 200 0 0
 874 40054.000 67822.000 0 0 0.000 0.000 0.000 0.151 0 1 0 0 0 0
 875 35106.000 78754.000 0 0 0.000 0.000 0.000 200000.000 0 1 0 200 0 0
 876 51471.000 52271.000 0 0 0.000 0.000 0.000 0.368 0 1 0 0 0 0
 877 52752.000 50772.000 0 0 0.000 0.000 0.000 200000.000 0 1 0 200 0 0
 878 35192.000 78836.000 0 0 0.000 0.000 0.000 200000.000 0 1 0 200 0 0
 879 118673.000 34269.000 0 0 0.000 0.000 0.000 200000.000 0 1 0 200 0 0
 880 107970.000 167481.000 0 0 0.000 0.000 0.000 200000.000 0 1 0 200 0 0
 881 125499.000 162226.000 0 0 0.000 0.000 0.000 200000.000 0 1 0 200 0 0
 882 49295.000 55332.000 0 0 0.000 0.000 0.000 200000.000 0 1 0 200 0 0
 883 120189.000 35228.000 0 0 0.000 0.000 0.000 200000.000 0 1 0 200 0 0
 884 34933.000 78187.000 0 0 0.000 0.000 0.000 200000.000 0 1 0 200 0 0
 885 63569.000 41860.000 0 0 0.000 0.000 0.000 200000.000 0 1 0 200 0 0
 886 165896.000 117714.000 0 0 0.000 0.000 0.000 0.154 0 1 0 0 0 0
 887 115406.000 33077.000 0 0 0.000 0.000 0.000 200000.000 0 1 0 200 0 0
 888 115495.000 32924.000 0 0 0.000 0.000 0.000 200000.000 0 1 0 200 0 0
 889 121309.000 164762.000 0 0 0.000 0.000 0.000 0.333 0 1 0 0 0 0
 890 89442.000 167292.000 0 0 0.000 0.000 0.000 0.299 0 1 0 0 0 0
 891 35040.000 78274.000 0 0 0.000 0.000 0.000 200000.000 0 1 0 200 0 0
 892 77811.000 34860.000 0 0 0.000 0.000 0.000 200000.000 0 1 0 200 0 0
 893 129600.000 161524.000 0 0 0.000 0.000 0.000 200000.000 0 1 0 200 0 0
 894 79969.000 165380.000 0 0 0.000 0.000 0.000 0.131 0 1 0 0 0 0
 895 85355.000 167162.000 0 0 0.000 0.000 0.000 0.136 0 1 0 0 0 0
 896 37028.000 71528.000 0 0 0.000 0.000 0.000 0.136 0 1 0 0 0 0
 897 161786.000 130000.000 0 0 0.000 0.000 0.000 0.360 0 1 0 0 0 0
 898 95348.000 30979.000 0 0 0.000 0.000 0.000 200000.000 0 1 0 200 0 0
 899 159777.000 65291.000 0 0 0.000 0.000 0.000 200000.000 0 1 0 200 0 0
 900 114833.000 167324.000 0 0 0.000 0.000 0.000 200000.000 0 1 0 200 0 0
 901 114422.000 167197.000 0 0 0.000 0.000 0.000 200000.000 0 1 0 200 0 0
 902 86952.000 167698.000 0 0 0.000 0.000 0.000 200000.000 0 1 0 200 0 0
 903 87021.000 167609.000 0 0 0.000 0.000 0.000 200000.000 0 1 0 200 0 0
 904 31107.000 106414.000 0 0 0.000 0.000 0.000 200000.000 0 1 0 200 0 0
 905 98575.000 30325.000 0 0 0.000 0.000 0.000 200000.000 0 1 0 200 0 0
 906 96447.000 167901.000 0 0 0.000 0.000 0.000 200000.000 0 1 0 200 0 0
 907 89180.000 168177.000 0 0 0.000 0.000 0.000 0.294 0 1 0 0 0 0
 908 98528.000 30462.000 0 0 0.000 0.000 0.000 200000.000 0 1 0 200 0 0
 909 169206.000 105168.000 0 0 0.000 0.000 0.000 0.131 0 1 0 0 0 0
 910 148453.000 49968.000 0 0 0.000 0.000 0.000 200000.000 0 1 0 200 0 0
 911 58320.000 44143.000 0 0 0.000 0.000 0.000 0.169 0 1 0 0 0 0
 912 59788.000 42993.000 0 0 48.000 54.000 2592.000 50.911 0 1 1 200 0 0
 913 59815.000 42940.000 0 0 48.000 54.000 2592.000 50.911 0 1 1 200 0 0
 914 159309.000 136162.000 0 0 0.000 0.000 0.000 0.227 0 1 0 0 0 0
 915 39627.000 65075.000 0 0 0.000 0.000 0.000 0.142 0 1 0 0 0 0
 916 102078.000 169585.000 0 0 0.000 0.000 0.000 200000.000 0 1 0 200 0 0
 917 124188.000 165088.000 0 0 0.000 0.000 0.000 0.131 0 1 0 0 0 0
 918 102126.000 169419.000 0 0 0.000 0.000 0.000 200000.000 0 1 0 200 0 0
 919 87140.000 168426.000 0 0 0.000 0.000 0.000 200000.000 0 1 0 200 0 0
 920 59015.000 42884.000 0 0 48.000 54.000 2592.000 50.911 0 1 1 200 0 0
 921 139919.000 157194.000 0 0 0.000 0.000 0.000 0.135 0 1 0 0 0 0
 922 76664.000 165790.000 0 0 0.000 0.000 0.000 200000.000 0 1 0 200 0 0
 923 43756.000 141796.000 0 0 0.000 0.000 0.000 200000.000 0 1 0 200 0 0
 924 76146.000 33902.000 0 0 0.000 0.000 0.000 0.149 0 1 0 0 0 0
 925 59073.000 43052.000 0 0 48.000 56.000 2688.000 51.845 0 1 1 200 0 0
 926 59483.000 42673.000 0 0 48.000 54.000 2592.000 50.911 0 1 1 200 0 0
 927 167065.000 120217.000 0 0 0.000 0.000 0.000 0.141 0 1 0 0 0 0
 928 132247.000 37654.000 0 0 0.000 0.000 0.000 200000.000 0 1 0 200 0 0
 929 43902.000 141754.000 0 0 0.000 0.000 0.000 200000.000 0 1 0 200 0 0
 930 130995.000 36832.000 0 0 0.000 0.000 0.000 200000.000 0 1 0 200 0 0
 931 159547.000 137056.000 0 0 0.000 0.000 0.000 0.301 0 1 0 0 0 0
 932 30527.000 89390.000 0 0 0.000 0.000 0.000 200000.000 0 1 0 200 0 0
 933 149121.000 148598.000 0 0 0.000 0.000 0.000 200000.000 0 1 0 200 0 0
 934 31425.000 84346.000 0 0 0.000 0.000 0.000 0.160 0 1 0 0 0 0
 935 58226.000 43219.000 0 0 0.000 0.000 0.000 200000.000 0 1 0 200 0 0
 936 118300.000 31826.000 0 0 0.000 0.000 0.000 0.148 0 1 0 0 0 0
 937 104458.000 170036.000 0 0 0.000 0.000 0.000 200000.000 0 1 0 200 0 0
 938 36151.000 129413.000 0 0 0.000 0.000 0.000 0.404 0 1 0 0 0 0
 939 29566.000 100352.000 0 0 0.000 0.000 0.000 0.232 0 1 0 0 0 0
 940 113223.000 30537.000 0 0 0.000 0.000 0.000 0.440 0 1 0 0 0 0
 941 170507.000 104783.000 0 0 0.000 0.000 0.000 200000.000 0 1 0 200 0 0
 942 163739.000 129891.000 0 0 0.000 0.000 0.000 0.149 0 1 0 0 0 0
 943 55608.000 44837.000 0 0 0.000 0.000 0.000 200000.000 0 1 0 200 0 0
 944 170815.000 102123.000 0 0 0.000 0.000 0.000 200000.000 0 1 0 200 0 0
 945 141605.000 157091.000 0 0 0.000 0.000 0.000 200000.000 0 1 0 200 0 0
 946 29123.000 97334.000 0 0 0.000 0.000 0.000 200000.000 0 1 0 200 0 0
 947 144502.000 44214.000 0 0 0.000 0.000 0.000 200000.000 0 1 0 200 0 0
 948 137589.000 159851.000 0 0 0.000 0.000 0.000 0.135 0 1 0 0 0 0
 949 101879.000 170781.000 0 0 0.000 0.000 0.000 200000.000 0 1 0 200 0 0
 950 125727.000 165847.000 0 0 0.000 0.000 0.000 0.134 0 1 0 0 0 0
 951 29542.000 107785.000 0 0 0.000 0.000 0.000 200000.000 0 1 0 200 0 0
 952 164725.000 70426.000 0 0 0.000 0.000 0.000 0.136 0 1 0 0 0 0
 953 144370.000 44296.000 0 0 0.000 0.000 0.000 200000.000 0 1 0 200 0 0
 954 32335.000 77660.000 0 0 0.000 0.000 0.000 0.138 0 1 0 0 0 0
 955 161189.000 136502.000 0 0 0.000 0.000 0.000 200000.000 0 1 0 200 0 0
 956 161104.000 136396.000 0 0 0.000 0.000 0.000 200000.000 0 1 0 200 0 0
 957 159068.000 60107.000 0 0 0.000 0.000 0.000 0.150 0 1 0 0 0 0
 958 154857.000 145688.000 0 0 0.000 0.000 0.000 200000.000 0 1 0 200 0 0
 959 56728.000 43001.000 0 0 0.000 0.000 0.000 200000.000 0 1 0 200 0 0
 960 56716.000 42895.000 0 0 0.000 0.000 0.000 200000.000 0 1 0 200 0 0
 961 52702.000 46163.000 0 0 0.000 0.000 0.000 200000.000 0 1 0 200 0 0
 962 101925.000 170648.000 0 0 0.000 0.000 0.000 200000.000 0 1 0 200 0 0
 963 145956.000 44916.000 0 0 0.000 0.000 0.000 0.203 0 1 0 0 0 0
 964 152246.000 50425.000 0 0 0.000 0.000 0.000 200000.000 0 1 0 200 0 0
 965 165934.000 71893.000 0 0 0.000 0.000 0.000 200000.000 0 1 0 200 0 0
 966 105752.000 171424.000 0 0 0.000 0.000 0.000 200000.000 0 1 0 200 0 0
 967 30823.000 80754.000 0 0 0.000 0.000 0.000 200000.000 0 1 0 200 0 0
 968 30802.000 80691.000 0 0 0.000 0.000 0.000 200000.000 0 1 0 200 0 0
 969 71136.000 34001.000 0 0 0.000 0.000 0.000 200000.000 0 1 0 200 0 0
 970 78437.000 31968.000 0 0 0.000 0.000 0.000 200000.000 0 1 0 200 0 0
 971 158952.000 141189.000 0 0 0.000 0.000 0.000 200000.000 0 1 0 200 0 0
 972 128420.000 165794.000 0 0 0.000 0.000 0.000 200000.000 0 1 0 200 0 0
 973 128370.000 165816.000 0 0 0.000 0.000 0.000 200000.000 0 1 0 200 0 0
 974 105794.000 171304.000 0 0 0.000 0.000 0.000 200000.000 0 1 0 200 0 0
 975 28923.000 110268.000 0 0 0.000 0.000 0.000 200000.000 0 1 0 200 0 0
 976 28834.000 110229.000 0 0 0.000 0.000 0.000 200000.000 0 1 0 200 0 0
 977 127154.000 33175.000 0 0 0.000 0.000 0.000 0.229 0 1 0 0 0 0
 978 150727.000 48626.000 0 0 0.000 0.000 0.000 200000.000 0 1 0 200 0 0
 979 151042.000 149479.000 0 0 0.000 0.000 0.000 200000.000 0 1 0 200 0 0
 980 70974.000 165916.000 0 0 0.000 0.000 0.000 200000.000 0 1 0 200 0 0
 981 60442.000 39425.000 0 0 0.000 0.000 0.000 200000.000 0 1 0 200 0 0
 982 150036.000 151620.000 0 0 0.000 0.000 0.000 200000.000 0 1 0 200 0 0
 983 133031.000 163840.000 0 0 0.000 0.000 0.000 200000.000 0 1 0 200 0 0
 984 119062.000 169432.000 0 0 0.000 0.000 0.000 200000.000 0 1 0 200 0 0
 985 138135.000 161302.000 0 0 0.000 0.000 0.000 200000.000 0 1 0 200 0 0
 986 136690.000 161946.000 0 0 0.000 0.000 0.000 0.154 0 1 0 0 0 0
 987 151944.000 50692.000 0 0 0.000 0.000 0.000 200000.000 0 1 0 200 0 0
 988 65118.000 163414.000 0 0 0.000 0.000 0.000 200000.000 0 1 0 200 0 0
 989 72323.000 32818.000 0 0 0.000 0.000 0.000 0.145 0 1 0 0 0 0
 990 78334.000 169007.000 0 0 0.000 0.000 0.000 0.137 0 1 0 0 0 0
 991 131497.000 164246.000 0 0 0.000 0.000 0.000 200000.000 0 1 0 200 0 0
 992 48406.000 150640.000 0 0 0.000 0.000 0.000 0.137 0 1 0 0 0 0
 993 43051.000 144503.000 0 0 0.000 0.000 0.000 0.134 0 1 0 0 0 0
 994 120089.000 29901.000 0 0 0.000 0.000 0.000 200000.000 0 1 0 200 0 0
 995 120026.000 29927.000 0 0 0.000 0.000 0.000 200000.000 0 1 0 200 0 0
 996 163791.000 64927.000 0 0 0.000 0.000 0.000 0.136 0 1 0 0 0 0
 997 164041.000 65623.000 0 0 0.000 0.000 0.000 0.211 0 1 0 0 0 0
 998 142811.000 158565.000 0 0 0.000 0.000 0.000 200000.000 0 1 0 200 0 0
 999 30510.000 78063.000 0 0 0.000 0.000 0.000 200000.000 0 1 0 200 0 0
 1000 83286.000 28862.000 0 0 0.000 0.000 0.000 200000.000 0 1 0 200 0 0
 1001 87401.000 27841.000 0 0 0.000 0.000 0.000 200000.000 0 1 0 200 0 0
 1002 169971.000 79341.000 0 0 0.000 0.000 0.000 200000.000 0 1 0 200 0 0
 1003 124178.000 168725.000 0 0 0.000 0.000 0.000 200000.000 0 1 0 200 0 0
 1004 87374.000 27988.000 0 0 0.000 0.000 0.000 200000.000 0 1 0 200 0 0
 1005 106422.000 26848.000 0 0 0.000 0.000 0.000 200000.000 0 1 0 200 0 0
 1006 157099.000 53924.000 0 0 0.000 0.000 0.000 200000.000 0 1 0 200 0 0
 1007 173050.000 98306.000 0 0 0.000 0.000 0.000 200000.000 0 1 0 200 0 0
 1008 172691.000 105212.000 0 0 0.000 0.000 0.000 200000.000 0 1 0 200 0 0
 1009 133694.000 164538.000 0 0 0.000 0.000 0.000 200000.000 0 1 0 200 0 0
 1010 128515.000 166827.000 0 0 0.000 0.000 0.000 0.250 0 1 0 0 0 0
 1011 124173.000 168553.000 0 0 0.000 0.000 0.000 200000.000 0 1 0 200 0 0
 1012 87091.000 170730.000 0 0 0.000 0.000 0.000 200000.000 0 1 0 200 0 0
 1013 106356.000 27001.000 0 0 0.000 0.000 0.000 200000.000 0 1 0 200 0 0
 1014 156933.000 53989.000 0 0 0.000 0.000 0.000 200000.000 0 1 0 200 0 0
 1015 122834.000 169213.000 0 0 0.000 0.000 0.000 0.285 0 1 0 0 0 0
 1016 111972.000 27377.000 0 0 0.000 0.000 0.000 200000.000 0 1 0 200 0 0
 1017 152451.000 48653.000 0 0 0.000 0.000 0.000 0.133 0 1 0 0 0 0
 1018 164417.000 64586.000 0 0 0.000 0.000 0.000 200000.000 0 1 0 200 0 0
 1019 172570.000 90365.000 0 0 0.000 0.000 0.000 0.319 0 1 0 0 0 0
 1020 172264.000 112551.000 0 0 0.000 0.000 0.000 200000.000 0 1 0 200 0 0
 1021 172274.000 112606.000 0 0 0.000 0.000 0.000 200000.000 0 1 0 200 0 0
 1022 27135.000 91924.000 0 0 0.000 0.000 0.000 0.288 0 1 0 0 0 0
 1023 30517.000 78124.000 0 0 0.000 0.000 0.000 200000.000 0 1 0 200 0 0
 1024 119071.000 170678.000 0 0 0.000 0.000 0.000 200000.000 0 1 0 200 0 0
 1025 27705.000 86490.000 0 0 0.000 0.000 0.000 0.200 0 1 0 0 0 0
 1026 141265.000 38872.000 0 0 0.000 0.000 0.000 200000.000 0 1 0 200 0 0
 1027 26588.000 106177.000 0 0 0.000 0.000 0.000 0.151 0 1 0 0 0 0
 1028 33794.000 132564.000 0 0 0.000 0.000 0.000 0.138 0 1 0 0 0 0
 1029 108060.000 173187.000 0 0 0.000 0.000 0.000 0.461 0 1 0 0 0 0
 1030 37390.000 60315.000 0 0 0.000 0.000 0.000 200000.000 0 1 0 200 0 0
 1031 164259.000 64612.000 0 0 0.000 0.000 0.000 200000.000 0 1 0 200 0 0
 1032 107888.000 26233.000 0 0 0.000 0.000 0.000 0.143 0 1 0 0 0 0
 1033 166902.000 131199.000 0 0 0.000 0.000 0.000 200000.000 0 1 0 200 0 0
 1034 36189.000 137322.000 0 0 0.000 0.000 0.000 0.130 0 1 0 0 0 0
 1035 140492.000 38737.000 0 0 0.000 0.000 0.000 200000.000 0 1 0 200 0 0
 1036 66245.000 33691.000 0 0 0.000 0.000 0.000 200000.000 0 1 0 200 0 0
 1037 173941.000 106598.000 0 0 0.000 0.000 0.000 200000.000 0 1 0 200 0 0
 1038 69118.000 32230.000 0 0 0.000 0.000 0.000 0.152 0 1 0 0 0 0
 1039 164625.000 62867.000 0 0 0.000 0.000 0.000 200000.000 0 1 0 200 0 0
 1040 28369.000 78678.000 0 0 0.000 0.000 0.000 200000.000 0 1 0 200 0 0
 1041 143294.000 39043.000 0 0 0.000 0.000 0.000 200000.000 0 1 0 200 0 0
 1042 73309.000 169401.000 0 0 0.000 0.000 0.000 200000.000 0 1 0 200 0 0
 1043 73244.000 169421.000 0 0 0.000 0.000 0.000 200000.000 0 1 0 200 0 0
 1044 28452.000 78757.000 0 0 0.000 0.000 0.000 200000.000 0 1 0 200 0 0
 1045 66062.000 33256.000 0 0 0.000 0.000 0.000 200000.000 0 1 0 200 0 0
 1046 116460.000 27098.000 0 0 0.000 0.000 0.000 0.155 0 1 0 0 0 0
 1047 66096.000 33196.000 0 0 0.000 0.000 0.000 200000.000 0 1 0 200 0 0
 1048 25257.000 99325.000 0 0 0.000 0.000 0.000 200000.000 0 1 0 200 0 0
 1049 25175.000 99271.000 0 0 0.000 0.000 0.000 200000.000 0 1 0 200 0 0
 1050 25467.000 93087.000 0 0 0.000 0.000 0.000 200000.000 0 1 0 200 0 0
 1051 76966.000 28334.000 0 0 0.000 0.000 0.000 200000.000 0 1 0 200 0 0
 1052 151339.000 45201.000 0 0 0.000 0.000 0.000 200000.000 0 1 0 200 0 0
 1053 52521.000 157669.000 0 0 0.000 0.000 0.000 0.264 0 1 0 0 0 0
 1054 25461.000 93144.000 0 0 0.000 0.000 0.000 200000.000 0 1 0 200 0 0
 1055 25605.000 91694.000 0 0 0.000 0.000 0.000 200000.000 0 1 0 200 0 0
 1056 29762.000 72947.000 0 0 0.000 0.000 0.000 200000.000 0 1 0 200 0 0
 1057 60313.000 37562.000 0 0 0.000 0.000 0.000 200000.000 0 1 0 200 0 0
 1058 174498.000 91265.000 0 0 0.000 0.000 0.000 0.143 0 1 0 0 0 0
 1059 76964.000 28503.000 0 0 0.000 0.000 0.000 200000.000 0 1 0 200 0 0
 1060 104630.000 174572.000 0 0 0.000 0.000 0.000 200000.000 0 1 0 200 0 0
 1061 151308.000 45155.000 0 0 0.000 0.000 0.000 200000.000 0 1 0 200 0 0
 1062 77043.000 171299.000 0 0 0.000 0.000 0.000 200000.000 0 1 0 200 0 0
 1063 29875.000 73044.000 0 0 0.000 0.000 0.000 200000.000 0 1 0 200 0 0
 1064 79689.000 27158.000 0 0 0.000 0.000 0.000 200000.000 0 1 0 200 0 0
 1065 131098.000 31428.000 0 0 0.000 0.000 0.000 200000.000 0 1 0 200 0 0
 1066 128295.000 169532.000 0 0 0.000 0.000 0.000 200000.000 0 1 0 200 0 0
 1067 25610.000 91641.000 0 0 0.000 0.000 0.000 200000.000 0 1 0 200 0 0
 1068 68838.000 31255.000 0 0 0.000 0.000 0.000 0.217 0 1 0 0 0 0
 1069 79679.000 27310.000 0 0 0.000 0.000 0.000 200000.000 0 1 0 200 0 0
 1070 168019.000 67239.000 0 0 0.000 0.000 0.000 200000.000 0 1 0 200 0 0
 1071 64941.000 32836.000 0 0 0.000 0.000 0.000 200000.000 0 1 0 200 0 0
 1072 69707.000 169074.000 0 0 0.000 0.000 0.000 200000.000 0 1 0 200 0 0
 1073 54123.000 159823.000 0 0 0.000 0.000 0.000 0.214 0 1 0 0 0 0
 1074 103643.000 24105.000 0 0 0.000 0.000 0.000 200000.000 0 1 0 200 0 0
 1075 24900.000 89095.000 0 0 0.000 0.000 0.000 200000.000 0 1 0 200 0 0
 1076 95271.000 175437.000 0 0 0.000 0.000 0.000 200000.000 0 1 0 200 0 0
 1077 127006.000 28621.000 0 0 0.000 0.000 0.000 200000.000 0 1 0 200 0 0
 1078 154662.000 46560.000 0 0 0.000 0.000 0.000 200000.000 0 1 0 200 0 0
 1079 175863.000 106076.000 0 0 0.000 0.000 0.000 200000.000 0 1 0 200 0 0
 1080 31076.000 130561.000 0 0 0.000 0.000 0.000 200000.000 0 1 0 200 0 0
 1081 36810.000 57157.000 0 0 0.000 0.000 0.000 200000.000 0 1 0 200 0 0
 1082 108743.000 175533.000 0 0 0.000 0.000 0.000 0.138 0 1 0 0 0 0
 1083 42926.000 49247.000 0 0 0.000 0.000 0.000 200000.000 0 1 0 200 0 0
 1084 25040.000 89166.000 0 0 0.000 0.000 0.000 200000.000 0 1 0 200 0 0
 1085 73054.000 29311.000 0 0 0.000 0.000 0.000 200000.000 0 1 0 200 0 0
 1086 166210.000 137671.000 0 0 0.000 0.000 0.000 0.289 0 1 0 0 0 0
 1087 170882.000 71100.000 0 0 0.000 0.000 0.000 200000.000 0 1 0 200 0 0
 1088 176384.000 97094.000 0 0 0.000 0.000 0.000 200000.000 0 1 0 200 0 0
 1089 115869.000 174579.000 0 0 0.000 0.000 0.000 200000.000 0 1 0 200 0 0
 1090 24730.000 114003.000 0 0 0.000 0.000 0.000 0.148 0 1 0 0 0 0
 1091 36882.000 57267.000 0 0 0.000 0.000 0.000 200000.000 0 1 0 200 0 0
 1092 154502.000 46639.000 0 0 0.000 0.000 0.000 200000.000 0 1 0 200 0 0
 1093 175884.000 87690.000 0 0 0.000 0.000 0.000 0.148 0 1 0 0 0 0
 1094 139466.000 33836.000 0 0 0.000 0.000 0.000 200000.000 0 1 0 200 0 0
 1095 138879.000 166210.000 0 0 0.000 0.000 0.000 200000.000 0 1 0 200 0 0
 1096 123997.000 172916.000 0 0 0.000 0.000 0.000 200000.000 0 1 0 200 0 0
 1097 23409.000 92711.000 0 0 0.000 0.000 0.000 0.134 0 1 0 0 0 0
 1098 110352.000 175884.000 0 0 0.000 0.000 0.000 200000.000 0 1 0 200 0 0
 1099 124049.000 172899.000 0 0 0.000 0.000 0.000 200000.000 0 1 0 200 0 0
 1100 122416.000 173426.000 0 0 0.000 0.000 0.000 0.409 0 1 0 0 0 0
 1101 93524.000 22981.000 0 0 0.000 0.000 0.000 0.295 0 1 0 0 0 0
 1102 25814.000 77728.000 0 0 0.000 0.000 0.000 200000.000 0 1 0 200 0 0
 1103 176004.000 84705.000 0 0 0.000 0.000 0.000 200000.000 0 1 0 200 0 0
 1104 176557.000 88016.000 0 0 0.000 0.000 0.000 200000.000 0 1 0 200 0 0
 1105 176594.000 88067.000 0 0 0.000 0.000 0.000 200000.000 0 1 0 200 0 0
 1106 116563.000 175455.000 0 0 0.000 0.000 0.000 0.134 0 1 0 0 0 0
 1107 24784.000 119950.000 0 0 0.000 0.000 0.000 200000.000 0 1 0 200 0 0
 1108 122420.000 25221.000 0 0 0.000 0.000 0.000 0.130 0 1 0 0 0 0
 1109 126818.000 26373.000 0 0 0.000 0.000 0.000 200000.000 0 1 0 200 0 0
 1110 165831.000 141505.000 0 0 0.000 0.000 0.000 0.132 0 1 0 0 0 0
 1111 140753.000 33550.000 0 0 0.000 0.000 0.000 0.319 0 1 0 0 0 0
 1112 175877.000 84681.000 0 0 0.000 0.000 0.000 200000.000 0 1 0 200 0 0
 1113 126712.000 26510.000 0 0 0.000 0.000 0.000 200000.000 0 1 0 200 0 0
 1114 159345.000 48912.000 0 0 0.000 0.000 0.000 200000.000 0 1 0 200 0 0
 1115 56783.000 34394.000 0 0 0.000 0.000 0.000 0.135 0 1 0 0 0 0
 1116 112618.000 177264.000 0 0 0.000 0.000 0.000 200000.000 0 1 0 200 0 0
 1117 126593.000 172787.000 0 0 0.000 0.000 0.000 200000.000 0 1 0 200 0 0
 1118 22092.000 108649.000 0 0 52.000 28.000 1456.000 38.157 0 1 2 210 0 0
 1119 80068.000 23707.000 0 0 0.000 0.000 0.000 200000.000 0 1 0 200 0 0
 1120 129064.000 26795.000 0 0 0.000 0.000 0.000 200000.000 0 1 0 200 0 0
 1121 129152.000 26718.000 0 0 0.000 0.000 0.000 200000.000 0 1 0 200 0 0
 1122 150178.000 39192.000 0 0 0.000 0.000 0.000 200000.000 0 1 0 200 0 0
 1123 26627.000 127905.000 0 0 0.000 0.000 0.000 0.154 0 1 0 0 0 0
 1124 124224.000 174504.000 0 0 0.000 0.000 0.000 200000.000 0 1 0 200 0 0
 1125 109878.000 177831.000 0 0 0.000 0.000 0.000 200000.000 0 1 0 200 0 0
 1126 126233.000 26297.000 0 0 0.000 0.000 0.000 200000.000 0 1 0 200 0 0
 1127 103567.000 20867.000 0 0 0.000 0.000 0.000 200000.000 0 1 0 200 0 0
 1128 145429.000 164426.000 0 0 0.000 0.000 0.000 200000.000 0 1 0 200 0 0
 1129 126417.000 174245.000 0 0 0.000 0.000 0.000 200000.000 0 1 0 200 0 0
 1130 143383.000 164722.000 0 0 0.000 0.000 0.000 200000.000 0 1 0 200 0 0
 1131 143216.000 33464.000 0 0 0.000 0.000 0.000 0.134 0 1 0 0 0 0
 1132 114643.000 177685.000 0 0 0.000 0.000 0.000 0.232 0 1 0 0 0 0
 1133 59581.000 167988.000 0 0 0.000 0.000 0.000 0.154 0 1 0 0 0 0
 1134 21257.000 108645.000 0 0 52.000 28.000 1456.000 38.157 0 1 2 210 0 0
 1135 21112.000 108868.000 0 0 52.000 28.000 1456.000 38.157 0 1 2 210 0 0
 1136 81317.000 22604.000 0 0 0.000 0.000 0.000 0.131 0 1 0 0 0 0
 1137 145652.000 34672.000 0 0 0.000 0.000 0.000 200000.000 0 1 0 200 0 0
 1138 126774.000 174534.000 0 0 0.000 0.000 0.000 0.284 0 1 0 0 0 0
 1139 84995.000 177882.000 0 0 0.000 0.000 0.000 200000.000 0 1 0 200 0 0
 1140 29130.000 63504.000 0 0 0.000 0.000 0.000 200000.000 0 1 0 200 0 0
 1141 179643.000 96912.000 0 0 0.000 0.000 0.000 200000.000 0 1 0 200 0 0
 1142 103511.000 20934.000 0 0 0.000 0.000 0.000 200000.000 0 1 0 200 0 0
 1143 95345.000 179469.000 0 0 0.000 0.000 0.000 200000.000 0 1 0 200 0 0
 1144 21680.000 108598.000 0 0 52.000 28.000 1456.000 38.157 0 1 2 210 0 0
 1145 95285.000 179507.000 0 0 0.000 0.000 0.000 200000.000 0 1 0 200 0 0
 1146 122646.000 176505.000 0 0 0.000 0.000 0.000 0.221 0 1 0 0 0 0
 1147 32526.000 142886.000 0 0 0.000 0.000 0.000 200000.000 0 1 0 200 0 0
 1148 19905.000 99187.000 0 0 0.000 0.000 0.000 200000.000 0 1 0 200 0 0
 1149 140459.000 30537.000 0 0 0.000 0.000 0.000 200000.000 0 1 0 200 0 0
 1150 85051.000 177876.000 0 0 0.000 0.000 0.000 200000.000 0 1 0 200 0 0
 1151 20051.000 106487.000 0 0 0.000 0.000 0.000 0.140 0 1 0 0 0 0
 1152 93640.000 19685.000 0 0 0.000 0.000 0.000 200000.000 0 1 0 200 0 0
 1153 178557.000 83235.000 0 0 0.000 0.000 0.000 0.159 0 1 0 0 0 0
 1154 128662.000 174868.000 0 0 0.000 0.000 0.000 200000.000 0 1 0 200 0 0
 1155 175054.000 70876.000 0 0 0.000 0.000 0.000 0.296 0 1 0 0 0 0
 1156 122860.000 177188.000 0 0 0.000 0.000 0.000 200000.000 0 1 0 200 0 0
 1157 32970.000 55123.000 0 0 0.000 0.000 0.000 200000.000 0 1 0 200 0 0
 1158 32916.000 55027.000 0 0 0.000 0.000 0.000 200000.000 0 1 0 200 0 0
 1159 180165.000 107865.000 0 0 0.000 0.000 0.000 0.200 0 1 0 0 0 0
 1160 133659.000 172951.000 0 0 0.000 0.000 0.000 200000.000 0 1 0 200 0 0
 1161 108737.000 179967.000 0 0 0.000 0.000 0.000 200000.000 0 1 0 200 0 0
 1162 26737.000 65866.000 0 0 0.000 0.000 0.000 0.131 0 1 0 0 0 0
 1163 108684.000 180026.000 0 0 0.000 0.000 0.000 200000.000 0 1 0 200 0 0
 1164 24368.000 128092.000 0 0 0.000 0.000 0.000 200000.000 0 1 0 200 0 0
 1165 19901.000 108755.000 0 0 52.000 28.000 1456.000 38.157 0 1 2 210 0 0
 1166 19510.000 106536.000 0 0 0.000 0.000 0.000 200000.000 0 1 0 200 0 0
 1167 89174.000 19653.000 0 0 0.000 0.000 0.000 200000.000 0 1 0 200 0 0
 1168 99539.000 180596.000 0 0 0.000 0.000 0.000 200000.000 0 1 0 200 0 0
 1169 99484.000 180664.000 0 0 0.000 0.000 0.000 200000.000 0 1 0 200 0 0
 1170 19624.000 108260.000 0 0 52.000 28.000 1456.000 38.157 0 1 2 210 0 0
 1171 20765.000 108791.000 0 0 52.000 28.000 1456.000 38.157 0 1 2 210 0 0
 1172 20072.000 88038.000 0 0 0.000 0.000 0.000 200000.000 0 1 0 200 0 0
 1173 139768.000 29341.000 0 0 0.000 0.000 0.000 0.143 0 1 0 0 0 0
 1174 81032.000 21180.000 0 0 0.000 0.000 0.000 0.221 0 1 0 0 0 0
 1175 20075.000 108778.000 0 0 52.000 28.000 1456.000 38.157 0 1 2 210 0 0
 1176 70582.000 175193.000 0 0 0.000 0.000 0.000 0.300 0 1 0 0 0 0
 1177 143574.000 31428.000 0 0 0.000 0.000 0.000 0.131 0 1 0 0 0 0
 1178 172709.000 135981.000 0 0 0.000 0.000 0.000 200000.000 0 1 0 200 0 0
 1179 125295.000 176963.000 0 0 0.000 0.000 0.000 200000.000 0 1 0 200 0 0
 1180 18556.000 98200.000 0 0 0.000 0.000 0.000 200000.000 0 1 0 200 0 0
 1181 21831.000 76358.000 0 0 0.000 0.000 0.000 0.218 0 1 0 0 0 0
 1182 38503.000 46039.000 0 0 0.000 0.000 0.000 200000.000 0 1 0 200 0 0
 1183 78543.000 20949.000 0 0 0.000 0.000 0.000 200000.000 0 1 0 200 0 0
 1184 179558.000 81043.000 0 0 0.000 0.000 0.000 200000.000 0 1 0 200 0 0
 1185 144832.000 168118.000 0 0 0.000 0.000 0.000 200000.000 0 1 0 200 0 0
 1186 41329.000 156498.000 0 0 0.000 0.000 0.000 200000.000 0 1 0 200 0 0
 1187 39409.000 154589.000 0 0 0.000 0.000 0.000 0.137 0 1 0 0 0 0
 1188 82388.000 19825.000 0 0 0.000 0.000 0.000 200000.000 0 1 0 200 0 0
 1189 96006.000 17999.000 0 0 0.000 0.000 0.000 200000.000 0 1 0 200 0 0
 1190 106315.000 18327.000 0 0 0.000 0.000 0.000 0.419 0 1 0 0 0 0
 1191 18183.000 97347.000 0 0 0.000 0.000 0.000 200000.000 0 1 0 200 0 0
 1192 20319.000 80769.000 0 0 0.000 0.000 0.000 200000.000 0 1 0 200 0 0
 1193 20270.000 80701.000 0 0 0.000 0.000 0.000 200000.000 0 1 0 200 0 0
 1194 23806.000 70116.000 0 0 0.000 0.000 0.000 0.203 0 1 0 0 0 0
 1195 18642.000 98261.000 0 0 0.000 0.000 0.000 200000.000 0 1 0 200 0 0
 1196 120950.000 178912.000 0 0 0.000 0.000 0.000 200000.000 0 1 0 200 0 0
 1197 175926.000 130574.000 0 0 0.000 0.000 0.000 0.132 0 1 0 0 0 0
 1198 21168.000 76653.000 0 0 0.000 0.000 0.000 200000.000 0 1 0 200 0 0
 1199 21183.000 76601.000 0 0 0.000 0.000 0.000 200000.000 0 1 0 200 0 0
 1200 122358.000 20648.000 0 0 0.000 0.000 0.000 200000.000 0 1 0 200 0 0
 1201 57337.000 170037.000 0 0 0.000 0.000 0.000 0.144 0 1 0 0 0 0
 1202 165225.000 149819.000 0 0 0.000 0.000 0.000 200000.000 0 1 0 200 0 0
 1203 78533.000 21118.000 0 0 0.000 0.000 0.000 200000.000 0 1 0 200 0 0
 1204 165219.000 149883.000 0 0 0.000 0.000 0.000 200000.000 0 1 0 200 0 0
 1205 149780.000 165187.000 0 0 0.000 0.000 0.000 0.209 0 1 0 0 0 0
 1206 114076.000 180707.000 0 0 0.000 0.000 0.000 0.426 0 1 0 0 0 0
 1207 34340.000 50113.000 0 0 0.000 0.000 0.000 0.133 0 1 0 0 0 0
 1208 60979.000 172290.000 0 0 0.000 0.000 0.000 200000.000 0 1 0 200 0 0
 1209 60890.000 172339.000 0 0 0.000 0.000 0.000 200000.000 0 1 0 200 0 0
 1210 126996.000 21746.000 0 0 0.000 0.000 0.000 200000.000 0 1 0 200 0 0
 1211 22913.000 129530.000 0 0 0.000 0.000 0.000 200000.000 0 1 0 200 0 0
 1212 17405.000 102298.000 0 0 0.000 0.000 0.000 200000.000 0 1 0 200 0 0
 1213 165034.000 48334.000 0 0 0.000 0.000 0.000 200000.000 0 1 0 200 0 0
 1214 164917.000 48360.000 0 0 0.000 0.000 0.000 200000.000 0 1 0 200 0 0
 1215 31180.000 54571.000 0 0 0.000 0.000 0.000 200000.000 0 1 0 200 0 0
 1216 132333.000 176139.000 0 0 0.000 0.000 0.000 200000.000 0 1 0 200 0 0
 1217 40307.000 157376.000 0 0 0.000 0.000 0.000 200000.000 0 1 0 200 0 0
 1218 41693.000 40834.000 0 0 0.000 0.000 0.000 200000.000 0 1 0 200 0 0
 1219 88617.000 17671.000 0 0 0.000 0.000 0.000 0.490 0 1 0 0 0 0
 1220 126915.000 21822.000 0 0 0.000 0.000 0.000 200000.000 0 1 0 200 0 0
 1221 22060.000 70243.000 0 0 0.000 0.000 0.000 200000.000 0 1 0 200 0 0
 1222 144734.000 169763.000 0 0 0.000 0.000 0.000 0.148 0 1 0 0 0 0
 1223 164769.000 151844.000 0 0 0.000 0.000 0.000 200000.000 0 1 0 200 0 0
 1224 20167.000 76082.000 0 0 0.000 0.000 0.000 0.140 0 1 0 0 0 0
 1225 118541.000 180953.000 0 0 0.000 0.000 0.000 200000.000 0 1 0 200 0 0
 1226 16961.000 106791.000 0 0 0.000 0.000 0.000 200000.000 0 1 0 200 0 0
 1227 71669.000 20983.000 0 0 0.000 0.000 0.000 200000.000 0 1 0 200 0 0
 1228 145299.000 29520.000 0 0 0.000 0.000 0.000 200000.000 0 1 0 200 0 0
 1229 18316.000 117834.000 0 0 0.000 0.000 0.000 200000.000 0 1 0 200 0 0
 1230 16647.000 106971.000 0 0 0.000 0.000 0.000 200000.000 0 1 0 200 0 0
 1231 71668.000 21136.000 0 0 0.000 0.000 0.000 200000.000 0 1 0 200 0 0
 1232 87502.000 182554.000 0 0 0.000 0.000 0.000 0.142 0 1 0 0 0 0
 1233 139919.000 26409.000 0 0 0.000 0.000 0.000 0.417 0 1 0 0 0 0
 1234 156768.000 161384.000 0 0 0.000 0.000 0.000 200000.000 0 1 0 200 0 0
 1235 64222.000 175430.000 0 0 0.000 0.000 0.000 0.202 0 1 0 0 0 0
 1236 118556.000 180781.000 0 0 0.000 0.000 0.000 200000.000 0 1 0 200 0 0
 1237 147452.000 168910.000 0 0 0.000 0.000 0.000 0.210 0 1 0 0 0 0
 1238 86456.000 181768.000 0 0 0.000 0.000 0.000 200000.000 0 1 0 200 0 0
 1239 120927.000 181073.000 0 0 0.000 0.000 0.000 200000.000 0 1 0 200 0 0
 1240 110937.000 182969.000 0 0 0.000 0.000 0.000 0.136 0 1 0 0 0 0
 1241 105003.000 183405.000 0 0 0.000 0.000 0.000 200000.000 0 1 0 200 0 0
 1242 24291.000 136131.000 0 0 0.000 0.000 0.000 200000.000 0 1 0 200 0 0
 1243 36724.000 44458.000 0 0 0.000 0.000 0.000 200000.000 0 1 0 200 0 0
 1244 162128.000 43334.000 0 0 0.000 0.000 0.000 0.220 0 1 0 0 0 0
 1245 32165.000 49875.000 0 0 0.000 0.000 0.000 200000.000 0 1 0 200 0 0
 1246 125328.000 19405.000 0 0 0.000 0.000 0.000 200000.000 0 1 0 200 0 0
 1247 168598.000 148473.000 0 0 0.000 0.000 0.000 0.392 0 1 0 0 0 0
 1248 137716.000 24410.000 0 0 0.000 0.000 0.000 0.150 0 1 0 0 0 0
 1249 61408.000 24981.000 0 0 0.000 0.000 0.000 0.200 0 1 0 0 0 0
 1250 172672.000 142804.000 0 0 0.000 0.000 0.000 200000.000 0 1 0 200 0 0
 1251 135858.000 175490.000 0 0 0.000 0.000 0.000 200000.000 0 1 0 200 0 0
 1252 131608.000 177544.000 0 0 0.000 0.000 0.000 200000.000 0 1 0 200 0 0
 1253 15837.000 91986.000 0 0 0.000 0.000 0.000 200000.000 0 1 0 200 0 0
 1254 21675.000 68559.000 0 0 0.000 0.000 0.000 0.408 0 1 0 0 0 0
 1255 160459.000 157173.000 0 0 0.000 0.000 0.000 200000.000 0 1 0 200 0 0
 1256 181994.000 120440.000 0 0 0.000 0.000 0.000 200000.000 0 1 0 200 0 0
 1257 182046.000 120507.000 0 0 0.000 0.000 0.000 200000.000 0 1 0 200 0 0
 1258 75654.000 180649.000 0 0 0.000 0.000 0.000 0.399 0 1 0 0 0 0
 1259 21219.000 68648.000 0 0 0.000 0.000 0.000 200000.000 0 1 0 200 0 0
 1260 24635.000 61375.000 0 0 0.000 0.000 0.000 0.226 0 1 0 0 0 0
 1261 144423.000 171980.000 0 0 0.000 0.000 0.000 0.137 0 1 0 0 0 0
 1262 95085.000 15155.000 0 0 0.000 0.000 0.000 200000.000 0 1 0 200 0 0
 1263 147390.000 170042.000 0 0 0.000 0.000 0.000 0.238 0 1 0 0 0 0
 1264 127117.000 179948.000 0 0 0.000 0.000 0.000 200000.000 0 1 0 200 0 0
 1265 126315.000 180486.000 0 0 0.000 0.000 0.000 0.265 0 1 0 0 0 0
 1266 16771.000 82325.000 0 0 0.000 0.000 0.000 200000.000 0 1 0 200 0 0
 1267 121633.000 17455.000 0 0 0.000 0.000 0.000 200000.000 0 1 0 200 0 0
 1268 138598.000 175850.000 0 0 0.000 0.000 0.000 200000.000 0 1 0 200 0 0
 1269 136879.000 176325.000 0 0 0.000 0.000 0.000 200000.000 0 1 0 200 0 0
 1270 128261.000 180264.000 0 0 0.000 0.000 0.000 200000.000 0 1 0 200 0 0
 1271 15841.000 92043.000 0 0 0.000 0.000 0.000 200000.000 0 1 0 200 0 0
 1272 125056.000 18282.000 0 0 0.000 0.000 0.000 0.141 0 1 0 0 0 0
 1273 138571.000 175689.000 0 0 0.000 0.000 0.000 200000.000 0 1 0 200 0 0
 1274 138153.000 176012.000 0 0 0.000 0.000 0.000 0.211 0 1 0 0 0 0
 1275 128274.000 180142.000 0 0 0.000 0.000 0.000 200000.000 0 1 0 200 0 0
 1276 22444.000 135397.000 0 0 0.000 0.000 0.000 200000.000 0 1 0 200 0 0
 1277 51293.000 29813.000 0 0 0.000 0.000 0.000 0.281 0 1 0 0 0 0
 1278 95030.000 15184.000 0 0 0.000 0.000 0.000 200000.000 0 1 0 200 0 0
 1279 126754.000 18704.000 0 0 0.000 0.000 0.000 0.235 0 1 0 0 0 0
 1280 162668.000 41408.000 0 0 0.000 0.000 0.000 200000.000 0 1 0 200 0 0
 1281 180234.000 129246.000 0 0 0.000 0.000 0.000 200000.000 0 1 0 200 0 0
 1282 152705.000 167282.000 0 0 0.000 0.000 0.000 200000.000 0 1 0 200 0 0
 1283 152680.000 167157.000 0 0 0.000 0.000 0.000 200000.000 0 1 0 200 0 0
 1284 141774.000 174485.000 0 0 0.000 0.000 0.000 200000.000 0 1 0 200 0 0
 1285 102488.000 185390.000 0 0 0.000 0.000 0.000 200000.000 0 1 0 200 0 0
 1286 144418.000 172965.000 0 0 0.000 0.000 0.000 200000.000 0 1 0 200 0 0
 1287 162554.000 158346.000 0 0 0.000 0.000 0.000 0.215 0 1 0 0 0 0
 1288 100164.000 185483.000 0 0 0.000 0.000 0.000 0.257 0 1 0 0 0 0
 1289 180132.000 129151.000 0 0 0.000 0.000 0.000 200000.000 0 1 0 200 0 0
 1290 183564.000 119753.000 0 0 0.000 0.000 0.000 0.214 0 1 0 0 0 0
 1291 144715.000 172422.000 0 0 0.000 0.000 0.000 200000.000 0 1 0 200 0 0
 1292 119980.000 183314.000 0 0 0.000 0.000 0.000 0.230 0 1 0 0 0 0
 1293 159795.000 37959.000 0 0 0.000 0.000 0.000 0.205 0 1 0 0 0 0
 1294 144741.000 173404.000 0 0 0.000 0.000 0.000 200000.000 0 1 0 200 0 0
 1295 15989.000 80345.000 0 0 0.000 0.000 0.000 200000.000 0 1 0 200 0 0
 1296 143656.000 174248.000 0 0 0.000 0.000 0.000 200000.000 0 1 0 200 0 0
 1297 13743.000 99677.000 0 0 0.000 0.000 0.000 0.210 0 1 0 0 0 0
 1298 14117.000 92027.000 0 0 0.000 0.000 0.000 200000.000 0 1 0 200 0 0
 1299 25403.000 56153.000 0 0 0.000 0.000 0.000 200000.000 0 1 0 200 0 0
 1300 71115.000 18293.000 0 0 0.000 0.000 0.000 200000.000 0 1 0 200 0 0
 1301 72909.000 17676.000 0 0 0.000 0.000 0.000 200000.000 0 1 0 200 0 0
 1302 148868.000 28420.000 0 0 0.000 0.000 0.000 200000.000 0 1 0 200 0 0
 1303 153129.000 168008.000 0 0 0.000 0.000 0.000 200000.000 0 1 0 200 0 0
 1304 153097.000 168055.000 0 0 0.000 0.000 0.000 200000.000 0 1 0 200 0 0
 1305 150899.000 169713.000 0 0 0.000 0.000 0.000 0.317 0 1 0 0 0 0
 1306 56577.000 24834.000 0 0 0.000 0.000 0.000 200000.000 0 1 0 200 0 0
 1307 133554.000 19887.000 0 0 0.000 0.000 0.000 200000.000 0 1 0 200 0 0
 1308 106686.000 186046.000 0 0 0.000 0.000 0.000 0.226 0 1 0 0 0 0
 1309 46704.000 168145.000 0 0 0.000 0.000 0.000 200000.000 0 1 0 200 0 0
 1310 22381.000 138019.000 0 0 0.000 0.000 0.000 0.132 0 1 0 0 0 0
 1311 16081.000 80422.000 0 0 0.000 0.000 0.000 200000.000 0 1 0 200 0 0
 1312 117350.000 184862.000 0 0 0.000 0.000 0.000 200000.000 0 1 0 200 0 0
 1313 115810.000 14933.000 0 0 0.000 0.000 0.000 200000.000 0 1 0 200 0 0
 1314 178402.000 135155.000 0 0 0.000 0.000 0.000 200000.000 0 1 0 200 0 0
 1315 143631.000 174098.000 0 0 0.000 0.000 0.000 200000.000 0 1 0 200 0 0
 1316 83604.000 14367.000 0 0 0.000 0.000 0.000 200000.000 0 1 0 200 0 0
 1317 163071.000 159636.000 0 0 0.000 0.000 0.000 0.209 0 1 0 0 0 0
 1318 160916.000 161814.000 0 0 0.000 0.000 0.000 200000.000 0 1 0 200 0 0
 1319 160918.000 161895.000 0 0 0.000 0.000 0.000 200000.000 0 1 0 200 0 0
 1320 13023.000 95767.000 0 0 0.000 0.000 0.000 200000.000 0 1 0 200 0 0
 1321 15169.000 80853.000 0 0 0.000 0.000 0.000 0.349 0 1 0 0 0 0
 1322 17482.000 72065.000 0 0 0.000 0.000 0.000 0.221 0 1 0 0 0 0
 1323 163131.000 159752.000 0 0 0.000 0.000 0.000 0.228 0 1 0 0 0 0
 1324 133608.000 180214.000 0 0 0.000 0.000 0.000 200000.000 0 1 0 200 0 0
 1325 108356.000 186724.000 0 0 0.000 0.000 0.000 200000.000 0 1 0 200 0 0
 1326 138223.000 178314.000 0 0 0.000 0.000 0.000 200000.000 0 1 0 200 0 0
 1327 133662.000 180191.000 0 0 0.000 0.000 0.000 200000.000 0 1 0 200 0 0
 1328 124475.000 183624.000 0 0 0.000 0.000 0.000 200000.000 0 1 0 200 0 0
 1329 120135.000 184630.000 0 0 0.000 0.000 0.000 200000.000 0 1 0 200 0 0
 1330 16095.000 75224.000 0 0 0.000 0.000 0.000 200000.000 0 1 0 200 0 0
 1331 148023.000 171606.000 0 0 0.000 0.000 0.000 200000.000 0 1 0 200 0 0
 1332 122208.000 15232.000 0 0 0.000 0.000 0.000 200000.000 0 1 0 200 0 0
 1333 122282.000 15165.000 0 0 0.000 0.000 0.000 200000.000 0 1 0 200 0 0
 1334 160822.000 36625.000 0 0 0.000 0.000 0.000 200000.000 0 1 0 200 0 0
 1335 118430.000 185331.000 0 0 0.000 0.000 0.000 200000.000 0 1 0 200 0 0
 1336 90693.000 12619.000 0 0 0.000 0.000 0.000 200000.000 0 1 0 200 0 0
 1337 119547.000 14318.000 0 0 0.000 0.000 0.000 200000.000 0 1 0 200 0 0
 1338 138199.000 20864.000 0 0 0.000 0.000 0.000 200000.000 0 1 0 200 0 0
 1339 151685.000 170401.000 0 0 48.000 56.000 2688.000 51.845 0 1 3 210 0 0
 1340 118482.000 185314.000 0 0 0.000 0.000 0.000 200000.000 0 1 0 200 0 0
 1341 18180.000 68186.000 0 0 0.000 0.000 0.000 0.141 0 1 0 0 0 0
 1342 12261.000 100917.000 0 0 0.000 0.000 0.000 200000.000 0 1 0 200 0 0
 1343 21908.000 59703.000 0 0 0.000 0.000 0.000 200000.000 0 1 0 200 0 0
 1344 13076.000 95823.000 0 0 0.000 0.000 0.000 200000.000 0 1 0 200 0 0
 1345 148581.000 26588.000 0 0 0.000 0.000 0.000 200000.000 0 1 0 200 0 0
 1346 163377.000 160456.000 0 0 0.000 0.000 0.000 200000.000 0 1 0 200 0 0
 1347 163424.000 160570.000 0 0 0.000 0.000 0.000 200000.000 0 1 0 200 0 0
 1348 153884.000 169115.000 0 0 0.000 0.000 0.000 200000.000 0 1 0 200 0 0
 1349 153865.000 169181.000 0 0 0.000 0.000 0.000 200000.000 0 1 0 200 0 0
 1350 21688.000 62252.000 0 0 0.000 0.000 0.000 200000.000 0 1 0 200 0 0
 1351 120960.000 185097.000 0 0 0.000 0.000 0.000 200000.000 0 1 0 200 0 0
 1352 108351.000 186981.000 0 0 0.000 0.000 0.000 0.219 0 1 0 0 0 0
 1353 60080.000 178246.000 0 0 0.000 0.000 0.000 200000.000 0 1 0 200 0 0
 1354 12283.000 100971.000 0 0 0.000 0.000 0.000 200000.000 0 1 0 200 0 0
 1355 135455.000 19223.000 0 0 0.000 0.000 0.000 200000.000 0 1 0 200 0 0
 1356 128092.000 183070.000 0 0 0.000 0.000 0.000 200000.000 0 1 0 200 0 0
 1357 26523.000 148617.000 0 0 0.000 0.000 0.000 200000.000 0 1 0 200 0 0
 1358 155726.000 31428.000 0 0 0.000 0.000 0.000 200000.000 0 1 0 200 0 0
 1359 124078.000 184622.000 0 0 0.000 0.000 0.000 200000.000 0 1 0 200 0 0
 1360 151955.000 171036.000 0 0 48.000 56.000 2688.000 51.845 0 1 3 210 0 0
 1361 117344.000 186321.000 0 0 0.000 0.000 0.000 200000.000 0 1 0 200 0 0
 1362 117311.000 186431.000 0 0 0.000 0.000 0.000 200000.000 0 1 0 200 0 0
 1363 176855.000 143641.000 0 0 0.000 0.000 0.000 0.212 0 1 0 0 0 0
 1364 152193.000 171147.000 0 0 48.000 56.000 2688.000 51.845 0 1 3 210 0 0
 1365 151737.000 171304.000 0 0 48.000 56.000 2688.000 51.845 0 1 3 210 0 0
 1366 139344.000 177873.000 0 0 0.000 0.000 0.000 200000.000 0 1 0 200 0 0
 1367 125349.000 183447.000 0 0 0.000 0.000 0.000 200000.000 0 1 0 200 0 0
 1368 47863.000 171147.000 0 0 0.000 0.000 0.000 200000.000 0 1 0 200 0 0
 1369 13969.000 78550.000 0 0 0.000 0.000 0.000 200000.000 0 1 0 200 0 0
 1370 89158.000 11770.000 0 0 0.000 0.000 0.000 200000.000 0 1 0 200 0 0
 1371 187919.000 104067.000 0 0 0.000 0.000 0.000 200000.000 0 1 0 200 0 0
 1372 129057.000 183589.000 0 0 0.000 0.000 0.000 200000.000 0 1 0 200 0 0
 1373 55455.000 176506.000 0 0 0.000 0.000 0.000 200000.000 0 1 0 200 0 0
 1374 34737.000 159895.000 0 0 0.000 0.000 0.000 200000.000 0 1 0 200 0 0
 1375 26874.000 148385.000 0 0 0.000 0.000 0.000 200000.000 0 1 0 200 0 0
 1376 152147.000 171690.000 0 0 48.000 56.000 2688.000 51.845 0 1 3 210 0 0
 1377 128378.000 183826.000 0 0 0.000 0.000 0.000 200000.000 0 1 0 200 0 0
 1378 105838.000 188464.000 0 0 0.000 0.000 0.000 200000.000 0 1 0 200 0 0
 1379 166592.000 158889.000 0 0 0.000 0.000 0.000 200000.000 0 1 0 200 0 0
 1380 151967.000 171347.000 0 0 48.000 56.000 2688.000 51.845 0 1 3 210 0 0
 1381 115745.000 187423.000 0 0 0.000 0.000 0.000 200000.000 0 1 0 200 0 0
 1382 152300.000 171791.000 0 0 48.000 56.000 2688.000 51.845 0 1 3 210 0 0
 1383 129074.000 183467.000 0 0 0.000 0.000 0.000 200000.000 0 1 0 200 0 0
 1384 153545.000 28428.000 0 0 0.000 0.000 0.000 200000.000 0 1 0 200 0 0
 1385 13990.000 78611.000 0 0 0.000 0.000 0.000 200000.000 0 1 0 200 0 0
 1386 152928.000 172437.000 0 0 48.000 56.000 2688.000 51.845 0 1 3 210 0 0
 1387 116625.000 187432.000 0 0 0.000 0.000 0.000 200000.000 0 1 0 200 0 0
 1388 129802.000 184048.000 0 0 0.000 0.000 0.000 200000.000 0 1 0 200 0 0
 1389 12986.000 79005.000 0 0 0.000 0.000 0.000 200000.000 0 1 0 200 0 0
 1390 112989.000 187224.000 0 0 0.000 0.000 0.000 200000.000 0 1 0 200 0 0
 1391 167309.000 40711.000 0 0 0.000 0.000 0.000 200000.000 0 1 0 200 0 0
 1392 177847.000 55512.000 0 0 0.000 0.000 0.000 200000.000 0 1 0 200 0 0
 1393 171904.000 153444.000 0 0 0.000 0.000 0.000 200000.000 0 1 0 200 0 0
 1394 135277.000 182091.000 0 0 0.000 0.000 0.000 200000.000 0 1 0 200 0 0
 1395 20124.000 138837.000 0 0 0.000 0.000 0.000 200000.000 0 1 0 200 0 0
 1396 188701.000 94223.000 0 0 0.000 0.000 0.000 200000.000 0 1 0 200 0 0
 1397 10213.000 99704.000 0 0 0.000 0.000 0.000 200000.000 0 1 0 200 0 0
 1398 168619.000 41721.000 0 0 0.000 0.000 0.000 0.137 0 1 0 0 0 0
 1399 111562.000 188756.000 0 0 0.000 0.000 0.000 200000.000 0 1 0 200 0 0
 1400 16912.000 133758.000 0 0 0.000 0.000 0.000 200000.000 0 1 0 200 0 0
 1401 10648.000 110152.000 0 0 0.000 0.000 0.000 200000.000 0 1 0 200 0 0
 1402 152490.000 171807.000 0 0 48.000 56.000 2688.000 51.845 0 1 3 210 0 0
 1403 38031.000 34635.000 0 0 0.000 0.000 0.000 0.275 0 1 0 0 0 0
 1404 171664.000 45512.000 0 0 0.000 0.000 0.000 200000.000 0 1 0 200 0 0
 1405 149277.000 24417.000 0 0 0.000 0.000 0.000 0.400 0 1 0 0 0 0
 1406 168937.000 157925.000 0 0 0.000 0.000 0.000 0.242 0 1 0 0 0 0
 1407 154445.000 171612.000 0 0 0.000 0.000 0.000 0.243 0 1 0 0 0 0
 1408 143977.000 178366.000 0 0 46.000 54.000 2484.000 49.839 0 1 4 200 0 0
 1409 138154.000 181548.000 0 0 0.000 0.000 0.000 200000.000 0 1 0 200 0 0
 1410 169010.000 41384.000 0 0 0.000 0.000 0.000 200000.000 0 1 0 200 0 0
 1411 189571.000 111738.000 0 0 0.000 0.000 0.000 200000.000 0 1 0 200 0 0
 1412 164733.000 162641.000 0 0 0.000 0.000 0.000 200000.000 0 1 0 200 0 0
 1413 121615.000 187561.000 0 0 0.000 0.000 0.000 200000.000 0 1 0 200 0 0
 1414 10777.000 110193.000 0 0 0.000 0.000 0.000 200000.000 0 1 0 200 0 0
 1415 9365.000 100438.000 0 0 0.000 0.000 0.000 200000.000 0 1 0 200 0 0
 1416 13405.000 74054.000 0 0 0.000 0.000 0.000 200000.000 0 1 0 200 0 0
 1417 81165.000 11219.000 0 0 0.000 0.000 0.000 200000.000 0 1 0 200 0 0
 1418 144221.000 178626.000 0 0 46.000 54.000 2484.000 49.839 0 1 4 200 0 0
 1419 156865.000 170090.000 0 0 0.000 0.000 0.000 0.418 0 1 0 0 0 0
 1420 121668.000 187540.000 0 0 0.000 0.000 0.000 200000.000 0 1 0 200 0 0
 1421 9493.000 100494.000 0 0 0.000 0.000 0.000 200000.000 0 1 0 200 0 0
 1422 11052.000 82304.000 0 0 0.000 0.000 0.000 200000.000 0 1 0 200 0 0
 1423 165315.000 162643.000 0 0 0.000 0.000 0.000 0.444 0 1 0 0 0 0
 1424 145483.000 178105.000 0 0 46.000 56.000 2576.000 50.754 0 1 4 200 0 0
 1425 141613.000 180338.000 0 0 0.000 0.000 0.000 0.213 0 1 0 0 0 0
 1426 118452.000 188536.000 0 0 0.000 0.000 0.000 0.358 0 1 0 0 0 0
 1427 83473.000 10412.000 0 0 0.000 0.000 0.000 200000.000 0 1 0 200 0 0
 1428 137374.000 16728.000 0 0 0.000 0.000 0.000 200000.000 0 1 0 200 0 0
 1429 145314.000 178518.000 0 0 46.000 54.000 2484.000 49.839 0 1 4 200 0 0
 1430 144512.000 178815.000 0 0 46.000 54.000 2484.000 49.839 0 1 4 200 0 0
 1431 134200.000 183831.000 0 0 0.000 0.000 0.000 200000.000 0 1 0 200 0 0
 1432 132373.000 184915.000 0 0 0.000 0.000 0.000 200000.000 0 1 0 200 0 0
 1433 145279.000 178639.000 0 0 46.000 54.000 2484.000 49.839 0 1 4 200 0 0
 1434 144422.000 179126.000 0 0 46.000 54.000 2484.000 49.839 0 1 4 200 0 0
 1435 123154.000 187823.000 0 0 0.000 0.000 0.000 200000.000 0 1 0 200 0 0
 1436 21270.000 145315.000 0 0 0.000 0.000 0.000 200000.000 0 1 0 200 0 0
 1437 123111.000 187882.000 0 0 0.000 0.000 0.000 200000.000 0 1 0 200 0 0
 1438 39800.000 168163.000 0 0 0.000 0.000 0.000 200000.000 0 1 0 200 0 0
 1439 11150.000 82381.000 0 0 0.000 0.000 0.000 200000.000 0 1 0 200 0 0
 1440 170328.000 157910.000 0 0 0.000 0.000 0.000 200000.000 0 1 0 200 0 0
 1441 142851.000 180313.000 0 0 0.000 0.000 0.000 0.138 0 1 0 0 0 0
 1442 150745.000 175621.000 0 0 0.000 0.000 0.000 200000.000 0 1 0 200 0 0
 1443 145178.000 178825.000 0 0 46.000 54.000 2484.000 49.839 0 1 4 200 0 0
 1444 130204.000 185869.000 0 0 0.000 0.000 0.000 200000.000 0 1 0 200 0 0
 1445 130156.000 185906.000 0 0 0.000 0.000 0.000 200000.000 0 1 0 200 0 0
 1446 190951.000 90933.000 0 0 0.000 0.000 0.000 200000.000 0 1 0 200 0 0
 1447 144828.000 179065.000 0 0 46.000 54.000 2484.000 49.839 0 1 4 200 0 0
 1448 149859.000 176409.000 0 0 0.000 0.000 0.000 200000.000 0 1 0 200 0 0
 1449 122100.000 188491.000 0 0 0.000 0.000 0.000 200000.000 0 1 0 200 0 0
 1450 35869.000 164973.000 0 0 0.000 0.000 0.000 200000.000 0 1 0 200 0 0
 1451 33493.000 37010.000 0 0 0.000 0.000 0.000 200000.000 0 1 0 200 0 0
 1452 82120.000 10083.000 0 0 0.000 0.000 0.000 0.159 0 1 0 0 0 0
 1453 150461.000 23495.000 0 0 0.000 0.000 0.000 0.206 0 1 0 0 0 0
 1454 141895.000 18383.000 0 0 0.000 0.000 0.000 0.135 0 1 0 0 0 0
 1455 16422.000 137352.000 0 0 0.000 0.000 0.000 200000.000 0 1 0 200 0 0
 1456 10453.000 119278.000 0 0 0.000 0.000 0.000 200000.000 0 1 0 200 0 0
 1457 143100.000 180789.000 0 0 0.000 0.000 0.000 200000.000 0 1 0 200 0 0
 1458 16466.000 137394.000 0 0 0.000 0.000 0.000 200000.000 0 1 0 200 0 0
 1459 162619.000 33406.000 0 0 0.000 0.000 0.000 200000.000 0 1 0 200 0 0
 1460 182612.000 139726.000 0 0 0.000 0.000 0.000 200000.000 0 1 0 200 0 0
 1461 67890.000 185799.000 0 0 0.000 0.000 0.000 0.145 0 1 0 0 0 0
 1462 149240.000 177332.000 0 0 0.000 0.000 0.000 0.218 0 1 0 0 0 0
 1463 149092.000 177369.000 0 0 0.000 0.000 0.000 0.223 0 1 0 0 0 0
 1464 143150.000 180762.000 0 0 0.000 0.000 0.000 200000.000 0 1 0 200 0 0
 1465 142216.000 17740.000 0 0 0.000 0.000 0.000 200000.000 0 1 0 200 0 0
 1466 141196.000 182914.000 0 0 0.000 0.000 0.000 200000.000 0 1 0 200 0 0
 1467 170183.000 159277.000 0 0 0.000 0.000 0.000 200000.000 0 1 0 200 0 0
 1468 51925.000 178161.000 0 0 0.000 0.000 0.000 200000.000 0 1 0 200 0 0
 1469 122145.000 188434.000 0 0 0.000 0.000 0.000 200000.000 0 1 0 200 0 0
 1470 149327.000 21604.000 0 0 0.000 0.000 0.000 200000.000 0 1 0 200 0 0
 1471 147383.000 179154.000 0 0 0.000 0.000 0.000 200000.000 0 1 0 200 0 0
 1472 149193.000 21719.000 0 0 0.000 0.000 0.000 200000.000 0 1 0 200 0 0
 1473 122411.000 10810.000 0 0 0.000 0.000 0.000 200000.000 0 1 0 200 0 0
 1474 182340.000 57757.000 0 0 0.000 0.000 0.000 200000.000 0 1 0 200 0 0
 1475 182587.000 139778.000 0 0 0.000 0.000 0.000 200000.000 0 1 0 200 0 0
 1476 158429.000 171279.000 0 0 0.000 0.000 0.000 0.220 0 1 0 0 0 0
 1477 139189.000 183317.000 0 0 0.000 0.000 0.000 200000.000 0 1 0 200 0 0
 1478 132415.000 186171.000 0 0 0.000 0.000 0.000 200000.000 0 1 0 200 0 0
 1479 136655.000 184645.000 0 0 0.000 0.000 0.000 200000.000 0 1 0 200 0 0
 1480 129292.000 187280.000 0 0 0.000 0.000 0.000 200000.000 0 1 0 200 0 0
 1481 15768.000 138377.000 0 0 0.000 0.000 0.000 200000.000 0 1 0 200 0 0
 1482 60965.000 15934.000 0 0 0.000 0.000 0.000 0.132 0 1 0 0 0 0
 1483 138152.000 184169.000 0 0 0.000 0.000 0.000 200000.000 0 1 0 200 0 0
 1484 126468.000 188352.000 0 0 0.000 0.000 0.000 200000.000 0 1 0 200 0 0
 1485 15929.000 138362.000 0 0 0.000 0.000 0.000 200000.000 0 1 0 200 0 0
 1486 155286.000 25272.000 0 0 0.000 0.000 0.000 200000.000 0 1 0 200 0 0
 1487 123283.000 189594.000 0 0 0.000 0.000 0.000 200000.000 0 1 0 200 0 0
 1488 24123.000 45913.000 0 0 0.000 0.000 0.000 200000.000 0 1 0 200 0 0
 1489 44130.000 25698.000 0 0 0.000 0.000 0.000 0.139 0 1 0 0 0 0
 1490 142363.000 182517.000 0 0 0.000 0.000 0.000 200000.000 0 1 0 200 0 0
 1491 147190.000 178828.000 0 0 0.000 0.000 0.000 200000.000 0 1 0 200 0 0
 1492 156183.000 25627.000 0 0 0.000 0.000 0.000 0.443 0 1 0 0 0 0
 1493 159960.000 171029.000 0 0 0.000 0.000 0.000 200000.000 0 1 0 200 0 0
 1494 157235.000 173219.000 0 0 0.000 0.000 0.000 0.139 0 1 0 0 0 0
 1495 127003.000 189080.000 0 0 0.000 0.000 0.000 200000.000 0 1 0 200 0 0
 1496 126412.000 188369.000 0 0 0.000 0.000 0.000 200000.000 0 1 0 200 0 0
 1497 149656.000 178757.000 0 0 0.000 0.000 0.000 200000.000 0 1 0 200 0 0
 1498 132924.000 186892.000 0 0 0.000 0.000 0.000 0.207 0 1 0 0 0 0
 1499 7798.000 114367.000 0 0 0.000 0.000 0.000 200000.000 0 1 0 200 0 0
 1500 140948.000 182401.000 0 0 0.000 0.000 0.000 200000.000 0 1 0 200 0 0
 1501 138022.000 185034.000 0 0 0.000 0.000 0.000 0.474 0 1 0 0 0 0
 1502 128225.000 188700.000 0 0 0.000 0.000 0.000 0.436 0 1 0 0 0 0
 1503 17207.000 143230.000 0 0 0.000 0.000 0.000 200000.000 0 1 0 200 0 0
 1504 10936.000 128272.000 0 0 0.000 0.000 0.000 200000.000 0 1 0 200 0 0
 1505 7828.000 114416.000 0 0 0.000 0.000 0.000 200000.000 0 1 0 200 0 0
 1506 6774.000 107227.000 0 0 0.000 0.000 0.000 200000.000 0 1 0 200 0 0
 1507 10891.000 71316.000 0 0 0.000 0.000 0.000 200000.000 0 1 0 200 0 0
 1508 33431.000 33777.000 0 0 0.000 0.000 0.000 200000.000 0 1 0 200 0 0
 1509 187392.000 133393.000 0 0 0.000 0.000 0.000 200000.000 0 1 0 200 0 0
 1510 149194.000 178495.000 0 0 0.000 0.000 0.000 200000.000 0 1 0 200 0 0
 1511 133420.000 186517.000 0 0 0.000 0.000 0.000 200000.000 0 1 0 200 0 0
 1512 7988.000 117415.000 0 0 0.000 0.000 0.000 200000.000 0 1 0 200 0 0
 1513 35032.000 32435.000 0 0 0.000 0.000 0.000 200000.000 0 1 0 200 0 0
 1514 33518.000 33932.000 0 0 0.000 0.000 0.000 200000.000 0 1 0 200 0 0
 1515 66844.000 12123.000 0 0 0.000 0.000 0.000 200000.000 0 1 0 200 0 0
 1516 66877.000 12060.000 0 0 0.000 0.000 0.000 200000.000 0 1 0 200 0 0
 1517 191197.000 77997.000 0 0 0.000 0.000 0.000 200000.000 0 1 0 200 0 0
 1518 126896.000 188688.000 0 0 0.000 0.000 0.000 200000.000 0 1 0 200 0 0
 1519 191251.000 78039.000 0 0 0.000 0.000 0.000 200000.000 0 1 0 200 0 0
 1520 192537.000 85588.000 0 0 0.000 0.000 0.000 0.236 0 1 0 0 0 0
 1521 172248.000 159445.000 0 0 0.000 0.000 0.000 200000.000 0 1 0 200 0 0
 1522 144383.000 182417.000 0 0 0.000 0.000 0.000 200000.000 0 1 0 200 0 0
 1523 40742.000 27159.000 0 0 0.000 0.000 0.000 0.204 0 1 0 0 0 0
 1524 167185.000 165482.000 0 0 0.000 0.000 0.000 200000.000 0 1 0 200 0 0
 1525 136593.000 185596.000 0 0 0.000 0.000 0.000 200000.000 0 1 0 200 0 0
 1526 10613.000 70513.000 0 0 0.000 0.000 0.000 200000.000 0 1 0 200 0 0
 1527 20161.000 50354.000 0 0 0.000 0.000 0.000 200000.000 0 1 0 200 0 0
 1528 178760.000 48538.000 0 0 0.000 0.000 0.000 0.259 0 1 0 0 0 0
 1529 132170.000 188255.000 0 0 0.000 0.000 0.000 200000.000 0 1 0 200 0 0
 1530 129989.000 189197.000 0 0 38.000 54.000 2052.000 45.299 0 1 5 200 0 0
 1531 8091.000 117450.000 0 0 0.000 0.000 0.000 200000.000 0 1 0 200 0 0
 1532 66480.000 187606.000 0 0 0.000 0.000 0.000 0.354 0 1 0 0 0 0
 1533 45010.000 176216.000 0 0 0.000 0.000 0.000 200000.000 0 1 0 200 0 0
 1534 147504.000 181254.000 0 0 0.000 0.000 0.000 200000.000 0 1 0 200 0 0
 1535 142902.000 183960.000 0 0 0.000 0.000 0.000 200000.000 0 1 0 200 0 0
 1536 25407.000 157543.000 0 0 0.000 0.000 0.000 200000.000 0 1 0 200 0 0
 1537 14222.000 138708.000 0 0 0.000 0.000 0.000 0.215 0 1 0 0 0 0
 1538 5763.000 102594.000 0 0 0.000 0.000 0.000 0.364 0 1 0 0 0 0
 1539 5733.000 92443.000 0 0 0.000 0.000 0.000 200000.000 0 1 0 200 0 0
 1540 191432.000 123601.000 0 0 0.000 0.000 0.000 200000.000 0 1 0 200 0 0
 1541 148158.000 179577.000 0 0 0.000 0.000 0.000 200000.000 0 1 0 200 0 0
 1542 157477.000 173506.000 0 0 0.000 0.000 0.000 200000.000 0 1 0 200 0 0
 1543 129408.000 189747.000 0 0 38.000 54.000 2052.000 45.299 0 1 5 200 0 0
 1544 5859.000 92503.000 0 0 0.000 0.000 0.000 200000.000 0 1 0 200 0 0
 1545 191445.000 123548.000 0 0 0.000 0.000 0.000 200000.000 0 1 0 200 0 0
 1546 194352.000 92208.000 0 0 0.000 0.000 0.000 200000.000 0 1 0 200 0 0
 1547 147467.000 181668.000 0 0 0.000 0.000 0.000 200000.000 0 1 0 200 0 0
 1548 7864.000 120942.000 0 0 0.000 0.000 0.000 200000.000 0 1 0 200 0 0
 1549 172008.000 38087.000 0 0 0.000 0.000 0.000 200000.000 0 1 0 200 0 0
 1550 137901.000 13027.000 0 0 0.000 0.000 0.000 200000.000 0 1 0 200 0 0
 1551 182995.000 53919.000 0 0 0.000 0.000 0.000 200000.000 0 1 0 200 0 0
 1552 193061.000 117976.000 0 0 0.000 0.000 0.000 200000.000 0 1 0 200 0 0
 1553 129867.000 188820.000 0 0 38.000 54.000 2052.000 45.299 0 1 5 200 0 0
 1554 177515.000 154100.000 0 0 0.000 0.000 0.000 200000.000 0 1 0 200 0 0
 1555 167995.000 165626.000 0 0 0.000 0.000 0.000 200000.000 0 1 0 200 0 0
 1556 138967.000 185984.000 0 0 0.000 0.000 0.000 0.316 0 1 0 0 0 0
 1557 7748.000 80626.000 0 0 0.000 0.000 0.000 200000.000 0 1 0 200 0 0
 1558 144913.000 183676.000 0 0 0.000 0.000 0.000 200000.000 0 1 0 200 0 0
 1559 142726.000 183620.000 0 0 0.000 0.000 0.000 200000.000 0 1 0 200 0 0
 1560 143804.000 183916.000 0 0 0.000 0.000 0.000 0.232 0 1 0 0 0 0
 1561 39836.000 173319.000 0 0 0.000 0.000 0.000 200000.000 0 1 0 200 0 0
 1562 127845.000 190778.000 0 0 0.000 0.000 0.000 200000.000 0 1 0 200 0 0
 1563 129282.000 189358.000 0 0 38.000 54.000 2052.000 45.299 0 1 5 200 0 0
 1564 167956.000 165666.000 0 0 0.000 0.000 0.000 200000.000 0 1 0 200 0 0
 1565 139867.000 186183.000 0 0 0.000 0.000 0.000 0.380 0 1 0 0 0 0
 1566 148987.000 180508.000 0 0 0.000 0.000 0.000 200000.000 0 1 0 200 0 0
 1567 136565.000 187637.000 0 0 0.000 0.000 0.000 0.438 0 1 0 0 0 0
 1568 138348.000 186866.000 0 0 0.000 0.000 0.000 0.137 0 1 0 0 0 0
 1569 127049.000 191065.000 0 0 0.000 0.000 0.000 0.447 0 1 0 0 0 0
 1570 160622.000 173021.000 0 0 0.000 0.000 0.000 0.438 0 1 0 0 0 0
 1571 160543.000 173008.000 0 0 0.000 0.000 0.000 200000.000 0 1 0 200 0 0
 1572 157409.000 175567.000 0 0 0.000 0.000 0.000 0.289 0 1 0 0 0 0
 1573 157334.000 175553.000 0 0 0.000 0.000 0.000 200000.000 0 1 0 200 0 0
 1574 144728.000 183353.000 0 0 0.000 0.000 0.000 200000.000 0 1 0 200 0 0
 1575 150931.000 179839.000 0 0 0.000 0.000 0.000 200000.000 0 1 0 200 0 0
 1576 139922.000 185765.000 0 0 0.000 0.000 0.000 200000.000 0 1 0 200 0 0
 1577 139175.000 186411.000 0 0 0.000 0.000 0.000 0.137 0 1 0 0 0 0
 1578 137564.000 186893.000 0 0 0.000 0.000 0.000 200000.000 0 1 0 200 0 0
 1579 136949.000 187177.000 0 0 0.000 0.000 0.000 200000.000 0 1 0 200 0 0
 1580 129780.000 189975.000 0 0 38.000 54.000 2052.000 45.299 0 1 5 200 0 0
 1581 33560.000 167826.000 0 0 0.000 0.000 0.000 0.225 0 1 0 0 0 0
 1582 24988.000 109062.000 0 0 1.737 14.379 24.980 4.997 0 1 2 210 0 0
 1583 24821.000 109078.000 0 0 5.657 46.854 265.097 16.281 0 1 2 210 0 0
 1584 24651.000 109102.000 0 0 17.016 140.860 2396.977 48.958 0 1 2 210 0 0
 1585 24480.000 109111.000 0 0 20.964 173.770 3643.006 60.357 0 1 2 210 0 0
 1586 24308.000 109100.000 0 0 26.174 217.714 5698.565 75.488 0 1 2 210 0 0
 1587 24136.000 109094.000 0 0 23.542 196.376 4623.108 67.993 0 1 2 210 0 0
 1588 23962.000 109075.000 0 0 24.362 204.113 4972.765 70.517 0 1 2 210 0 0
 1589 23789.000 109056.000 0 0 27.783 233.815 6496.279 80.599 0 1 2 210 0 0
 1590 23768.000 108882.000 0 0 2.128 18.266 38.878 6.235 0 1 2 210 0 0
 1591 23617.000 109051.000 0 0 26.033 219.700 5719.580 75.627 0 1 2 210 0 0
 1592 23599.000 108906.000 0 0 3.843 32.970 126.720 11.257 0 1 2 210 0 0
 1593 23444.000 109025.000 0 0 27.256 231.205 6301.930 79.384 0 1 2 210 0 0
 1594 23272.000 109029.000 0 0 30.297 257.462 7800.484 88.320 0 1 2 210 0 0
 1595 23113.000 109131.000 0 0 1.750 14.738 25.799 5.079 0 1 2 210 0 0
 1596 23097.000 109004.000 0 0 26.330 224.881 5921.361 76.950 0 1 2 210 0 0
 1597 22926.000 108994.000 0 0 27.163 232.769 6322.943 79.516 0 1 2 210 0 0
 1598 22753.000 108985.000 0 0 28.860 248.097 7160.180 84.617 0 1 2 210 0 0
 1599 22580.000 108968.000 0 0 27.083 233.812 6332.589 79.577 0 1 2 210 0 0
 1600 22420.000 109066.000 0 0 2.172 18.589 40.385 6.354 0 1 2 210 0 0
 1601 22406.000 108944.000 0 0 25.297 219.464 5551.883 74.510 0 1 2 210 0 0
 1602 22234.000 108936.000 0 0 21.848 190.118 4153.768 64.449 0 1 2 210 0 0
 1603 22219.000 108823.000 0 0 2.537 22.364 56.742 7.532 0 1 2 210 0 0
 1604 22060.000 108920.000 0 0 23.517 205.484 4832.463 69.515 0 1 2 210 0 0
 1605 21888.000 108912.000 0 0 22.215 194.707 4325.620 65.769 0 1 2 210 0 0
 1606 21722.000 108958.000 0 0 4.295 37.531 161.200 12.696 0 1 2 210 0 0
 1607 21713.000 108879.000 0 0 11.067 97.581 1079.973 32.862 0 1 2 210 0 0
 1608 21548.000 108925.000 0 0 3.421 30.077 102.923 10.145 0 1 2 210 0 0
 1609 21541.000 108868.000 0 0 2.550 22.559 57.528 7.584 0 1 2 210 0 0
 1610 21371.000 108886.000 0 0 2.981 26.376 78.632 8.867 0 1 2 210 0 0
 1611 21203.000 108907.000 0 0 3.415 30.208 103.165 10.157 0 1 2 210 0 0
 1612 20480.000 108578.000 0 0 2.466 22.864 56.398 7.509 0 1 2 210 0 0
 1613 20318.000 108652.000 0 0 4.563 42.023 191.768 13.848 0 1 2 210 0 0
 1614 20309.000 108574.000 0 0 9.863 91.674 904.214 30.070 0 1 2 210 0 0
 1615 20142.000 108620.000 0 0 18.183 168.445 3062.968 55.344 0 1 2 210 0 0
 1616 20131.000 108518.000 0 0 2.041 19.137 39.062 6.249 0 1 2 210 0 0
 1617 19970.000 108603.000 0 0 25.981 241.697 6279.746 79.244 0 1 2 210 0 0
 1618 19955.000 108464.000 0 0 2.839 26.851 76.244 8.731 0 1 2 210 0 0
 1619 19813.000 108723.000 0 0 1.672 15.371 25.703 5.069 0 1 2 210 0 0
 1620 19795.000 108569.000 0 0 29.576 276.816 8187.273 90.483 0 1 2 210 0 0
 1621 19777.000 108406.000 0 0 1.208 11.533 13.938 3.733 0 1 2 210 0 0
 1622 19633.000 108645.000 0 0 8.288 77.046 638.576 25.270 0 1 2 210 0 0
 1623 19614.000 108475.000 0 0 26.815 254.327 6820.034 82.583 0 1 2 210 0 0
 1624 19588.000 108234.000 0 0 2.762 26.974 74.512 8.632 0 1 2 210 0 0
 1625 19457.000 108603.000 0 0 2.473 23.158 57.290 7.568 0 1 2 210 0 0
 1626 19442.000 108465.000 0 0 25.565 243.290 6219.876 78.866 0 1 2 210 0 0
 1627 19424.000 108303.000 0 0 5.175 50.217 259.884 16.120 0 1 2 210 0 0
 1628 19419.000 108252.000 0 0 3.561 34.773 123.841 11.128 0 1 2 210 0 0
 1629 19285.000 108592.000 0 0 2.058 19.340 39.818 6.310 0 1 2 210 0 0
 1630 19279.000 108536.000 0 0 4.911 46.439 228.075 15.102 0 1 2 210 0 0
 1631 19258.000 108344.000 0 0 33.199 321.254 10665.538 103.274 0 1 2 210 0 0
 1632 19109.000 108551.000 0 0 1.639 15.505 25.417 5.041 0 1 2 210 0 0
 1633 19102.000 108482.000 0 0 4.473 42.664 190.862 13.815 0 1 2 210 0 0
 1634 19084.000 108320.000 0 0 26.721 259.881 6944.519 83.333 0 1 2 210 0 0
 1635 19070.000 108180.000 0 0 1.176 11.635 13.683 3.699 0 1 2 210 0 0
 1636 19059.000 108081.000 0 0 1.549 15.515 24.035 4.902 0 1 2 210 0 0
 1637 18926.000 108444.000 0 0 15.381 147.678 2271.466 47.659 0 1 2 210 0 0
 1638 18902.000 108211.000 0 0 31.490 311.008 9793.848 98.963 0 1 2 210 0 0
 1639 18755.000 108447.000 0 0 2.428 23.360 56.740 7.532 0 1 2 210 0 0
 1640 18748.000 108377.000 0 0 3.211 31.150 100.045 10.002 0 1 2 210 0 0
 1641 18727.000 108166.000 0 0 33.614 334.527 11245.034 106.042 0 1 2 210 0 0
 1642 18579.000 108393.000 0 0 2.815 27.313 76.902 8.769 0 1 2 210 0 0
 1643 18557.000 108179.000 0 0 31.369 312.331 9797.593 98.982 0 1 2 210 0 0
 1644 18395.000 108276.000 0 0 1.586 15.642 24.816 4.981 0 1 2 210 0 0
 1645 18393.000 108242.000 0 0 4.346 43.038 187.085 13.677 0 1 2 210 0 0
 1646 144993.000 178872.000 0 0 177.704 101.373 18014.536 134.218 0 1 4 200 0 0
 1647 145062.000 179030.000 0 0 170.485 97.209 16572.815 128.735 0 1 4 200 0 0;
ProcessEquipmentIDList 1
  "6632" ;
SummarySpec 5
  TESTNO    NDEFECT    DEFDENSITY    NDIE    NDEFDIE  ;
SummaryList 
  1    1647    6.022    1    1  ;
EndOfFile;
