FileVersion 1 2;
FileTimestamp 01-08-26 22:19:21;
InspectionStationID "KLA-Tencor" "SFSSP1" "0901-0728-TBI";
SampleType WAFER;
ResultTimestamp 01-08-26 22:11:59;
LotID "2580";
SampleSize 1 200;
DeviceID "None";
SetupID "T2-2580NR" 01-08-26 22:11:59;
StepID "6625P";
SampleOrientationMarkType NOTCH;
OrientationMarkLocation DOWN;
DiePitch 200000 200000;
DieOrigin 0 0;
WaferID "12";
Slot 12;
SampleCenterLocation 100000 100000;
ClassLookup 1
  0 "0"  ;
OrientationInstructions "Front";
CoordinatesMirrored No;
InspectionTest 1;
SampleTestPlan 1
  0 0 ;
AreaPerTest 2.73512e+010;
ClusterClassificationList 11
  6 200 
  8 200 
  3 200 
  9 200 
  11 200 
  4 200 
  7 200 
  10 200 
  1 200 
  2 210 
  5 200 ;
DefectRecordSpec 15 DEFECTID XREL YREL XINDEX YINDEX XSIZE YSIZE DEFECTAREA DSIZE CLASSNUMBER TEST CLUSTERNUMBER ROUGHBINNUMBER FINEBINNUMBER REVIEWSAMPLE ;
DefectList
 1 95916.000 94744.000 0 0 0.000 0.000 0.000 0.131 0 1 0 0 0 0
 2 92952.000 99544.000 0 0 0.000 0.000 0.000 0.134 0 1 0 0 0 0
 3 101308.000 92856.000 0 0 0.000 0.000 0.000 0.142 0 1 0 0 0 0
 4 101843.000 89092.000 0 0 0.000 0.000 0.000 0.133 0 1 0 0 0 0
 5 94943.000 87046.000 0 0 0.000 0.000 0.000 0.131 0 1 0 0 0 0
 6 114004.000 96725.000 0 0 0.000 0.000 0.000 0.139 0 1 0 0 0 0
 7 92708.000 113821.000 0 0 0.000 0.000 0.000 0.134 0 1 0 0 0 0
 8 116488.000 105922.000 0 0 0.000 0.000 0.000 0.137 0 1 0 0 0 0
 9 103854.000 80747.000 0 0 0.000 0.000 0.000 0.132 0 1 0 0 0 0
 10 118246.000 79325.000 0 0 0.000 0.000 0.000 0.134 0 1 0 0 0 0
 11 95507.000 128188.000 0 0 0.000 0.000 0.000 0.130 0 1 0 0 0 0
 12 138443.000 90301.000 0 0 0.000 0.000 0.000 0.136 0 1 0 0 0 0
 13 134974.000 122909.000 0 0 0.000 0.000 0.000 0.135 0 1 0 0 0 0
 14 137105.000 79491.000 0 0 0.000 0.000 0.000 0.132 0 1 0 0 0 0
 15 91312.000 144523.000 0 0 0.000 0.000 0.000 0.138 0 1 0 0 0 0
 16 63603.000 127381.000 0 0 0.000 0.000 0.000 0.132 0 1 0 0 0 0
 17 135690.000 129837.000 0 0 0.000 0.000 0.000 0.158 0 1 0 0 0 0
 18 145656.000 115487.000 0 0 0.000 0.000 0.000 0.155 0 1 0 0 0 0
 19 112328.000 146941.000 0 0 0.000 0.000 0.000 0.221 0 1 0 0 0 0
 20 101014.000 148942.000 0 0 0.000 0.000 0.000 0.130 0 1 0 0 0 0
 21 112471.000 147372.000 0 0 0.000 0.000 0.000 0.130 0 1 0 0 0 0
 22 112632.000 147801.000 0 0 0.000 0.000 0.000 0.242 0 1 0 0 0 0
 23 147936.000 115793.000 0 0 0.000 0.000 0.000 0.221 0 1 0 0 0 0
 24 107114.000 49087.000 0 0 0.000 0.000 0.000 0.339 0 1 0 0 0 0
 25 153965.000 104155.000 0 0 0.000 0.000 0.000 0.130 0 1 0 0 0 0
 26 109885.000 44081.000 0 0 0.000 0.000 0.000 0.132 0 1 0 0 0 0
 27 122309.000 47435.000 0 0 0.000 0.000 0.000 0.134 0 1 0 0 0 0
 28 104619.000 34563.000 0 0 0.000 0.000 0.000 0.173 0 1 0 0 0 0
 29 163150.000 74064.000 0 0 0.000 0.000 0.000 0.136 0 1 0 0 0 0
 30 72715.000 172685.000 0 0 40.000 56.000 2240.000 47.328 0 1 6 200 0 0
 31 72696.000 172872.000 0 0 40.000 56.000 2240.000 47.328 0 1 6 200 0 0
 32 71937.000 172742.000 0 0 40.000 56.000 2240.000 47.328 0 1 6 200 0 0
 33 71503.000 172616.000 0 0 42.000 56.000 2352.000 48.497 0 1 6 200 0 0
 34 71394.000 172584.000 0 0 42.000 56.000 2352.000 48.497 0 1 6 200 0 0
 35 71275.000 172542.000 0 0 42.000 56.000 2352.000 48.497 0 1 6 200 0 0
 36 71001.000 172535.000 0 0 42.000 56.000 2352.000 48.497 0 1 6 200 0 0
 37 70428.000 172189.000 0 0 42.000 56.000 2352.000 48.497 0 1 6 200 0 0
 38 70269.000 172252.000 0 0 42.000 56.000 2352.000 48.497 0 1 6 200 0 0
 39 21975.000 101728.000 0 0 0.000 0.000 0.000 0.132 0 1 0 0 0 0
 40 73778.000 174016.000 0 0 40.000 56.000 2240.000 47.328 0 1 8 200 0 0
 41 70592.000 172748.000 0 0 42.000 56.000 2352.000 48.497 0 1 6 200 0 0
 42 74228.000 174481.000 0 0 40.000 54.000 2160.000 46.475 0 1 8 200 0 0
 43 69050.000 172348.000 0 0 0.000 0.000 0.000 0.130 0 1 0 0 0 0
 44 67708.000 171976.000 0 0 0.000 0.000 0.000 0.140 0 1 0 0 0 0
 45 74767.000 174936.000 0 0 38.000 54.000 2052.000 45.299 0 1 8 200 0 0
 46 74679.000 174900.000 0 0 40.000 54.000 2160.000 46.475 0 1 8 200 0 0
 47 74688.000 175039.000 0 0 38.000 54.000 2052.000 45.299 0 1 8 200 0 0
 48 67560.000 172419.000 0 0 0.000 0.000 0.000 0.132 0 1 0 0 0 0
 49 67151.000 172246.000 0 0 0.000 0.000 0.000 0.133 0 1 0 0 0 0
 50 66287.000 171802.000 0 0 0.000 0.000 0.000 0.132 0 1 0 0 0 0
 51 96903.000 21134.000 0 0 0.000 0.000 0.000 0.190 0 1 0 0 0 0
 52 74636.000 175346.000 0 0 38.000 54.000 2052.000 45.299 0 1 8 200 0 0
 53 66045.000 171930.000 0 0 0.000 0.000 0.000 0.132 0 1 0 0 0 0
 54 65898.000 172010.000 0 0 0.000 0.000 0.000 0.133 0 1 0 0 0 0
 55 64886.000 171613.000 0 0 44.000 56.000 2464.000 49.638 0 1 3 200 0 0
 56 64885.000 171544.000 0 0 44.000 56.000 2464.000 49.638 0 1 3 200 0 0
 57 64440.000 171377.000 0 0 44.000 56.000 2464.000 49.638 0 1 3 200 0 0
 58 64021.000 171318.000 0 0 44.000 56.000 2464.000 49.638 0 1 3 200 0 0
 59 79222.000 177457.000 0 0 0.000 0.000 0.000 0.137 0 1 0 0 0 0
 60 74494.000 175829.000 0 0 38.000 54.000 2052.000 45.299 0 1 8 200 0 0
 61 92416.000 20661.000 0 0 0.000 0.000 0.000 0.138 0 1 0 0 0 0
 62 78995.000 177417.000 0 0 0.000 0.000 0.000 0.131 0 1 0 0 0 0
 63 64204.000 171884.000 0 0 44.000 56.000 2464.000 49.638 0 1 3 200 0 0
 64 69422.000 174360.000 0 0 42.000 56.000 2352.000 48.497 0 1 9 200 0 0
 65 64490.000 172262.000 0 0 44.000 56.000 2464.000 49.638 0 1 3 200 0 0
 66 63842.000 171802.000 0 0 44.000 56.000 2464.000 49.638 0 1 3 200 0 0
 67 85097.000 179178.000 0 0 0.000 0.000 0.000 0.131 0 1 0 0 0 0
 68 73009.000 176009.000 0 0 0.000 0.000 0.000 0.131 0 1 0 0 0 0
 69 76273.000 177277.000 0 0 38.000 54.000 2052.000 45.299 0 1 11 200 0 0
 70 72100.000 175789.000 0 0 0.000 0.000 0.000 0.133 0 1 0 0 0 0
 71 69721.000 174849.000 0 0 42.000 56.000 2352.000 48.497 0 1 9 200 0 0
 72 87282.000 179899.000 0 0 0.000 0.000 0.000 0.135 0 1 0 0 0 0
 73 70046.000 175097.000 0 0 42.000 56.000 2352.000 48.497 0 1 9 200 0 0
 74 83385.000 179466.000 0 0 0.000 0.000 0.000 0.134 0 1 0 0 0 0
 75 76200.000 177620.000 0 0 38.000 54.000 2052.000 45.299 0 1 11 200 0 0
 76 70452.000 175438.000 0 0 42.000 56.000 2352.000 48.497 0 1 9 200 0 0
 77 69279.000 175156.000 0 0 42.000 56.000 2352.000 48.497 0 1 9 200 0 0
 78 67345.000 174242.000 0 0 42.000 54.000 2268.000 47.623 0 1 4 200 0 0
 79 62973.000 172130.000 0 0 0.000 0.000 0.000 0.132 0 1 0 0 0 0
 80 75388.000 177546.000 0 0 38.000 54.000 2052.000 45.299 0 1 11 200 0 0
 81 69337.000 175373.000 0 0 42.000 56.000 2352.000 48.497 0 1 9 200 0 0
 82 66584.000 174197.000 0 0 42.000 54.000 2268.000 47.623 0 1 4 200 0 0
 83 65973.000 173913.000 0 0 42.000 56.000 2352.000 48.497 0 1 7 200 0 0
 84 75130.000 177591.000 0 0 38.000 54.000 2052.000 45.299 0 1 11 200 0 0
 85 73911.000 177098.000 0 0 40.000 54.000 2160.000 46.475 0 1 10 200 0 0
 86 73683.000 177092.000 0 0 40.000 54.000 2160.000 46.475 0 1 10 200 0 0
 87 69820.000 175642.000 0 0 42.000 56.000 2352.000 48.497 0 1 9 200 0 0
 88 68725.000 175326.000 0 0 42.000 56.000 2352.000 48.497 0 1 4 200 0 0
 89 68491.000 175227.000 0 0 42.000 56.000 2352.000 48.497 0 1 4 200 0 0
 90 68277.000 175135.000 0 0 42.000 56.000 2352.000 48.497 0 1 4 200 0 0
 91 67848.000 174969.000 0 0 42.000 54.000 2268.000 47.623 0 1 4 200 0 0
 92 67096.000 174606.000 0 0 42.000 54.000 2268.000 47.623 0 1 4 200 0 0
 93 67025.000 174584.000 0 0 42.000 54.000 2268.000 47.623 0 1 4 200 0 0
 94 66615.000 174383.000 0 0 42.000 54.000 2268.000 47.623 0 1 4 200 0 0
 95 65427.000 173788.000 0 0 42.000 56.000 2352.000 48.497 0 1 7 200 0 0
 96 58758.000 170198.000 0 0 0.000 0.000 0.000 0.132 0 1 0 0 0 0
 97 75597.000 177845.000 0 0 38.000 54.000 2052.000 45.299 0 1 11 200 0 0
 98 74883.000 177557.000 0 0 38.000 54.000 2052.000 45.299 0 1 11 200 0 0
 99 74329.000 177531.000 0 0 38.000 54.000 2052.000 45.299 0 1 10 200 0 0
 100 73399.000 177233.000 0 0 40.000 54.000 2160.000 46.475 0 1 10 200 0 0
 101 71124.000 176266.000 0 0 40.000 56.000 2240.000 47.328 0 1 4 200 0 0
 102 68365.000 175257.000 0 0 42.000 56.000 2352.000 48.497 0 1 4 200 0 0
 103 68122.000 175120.000 0 0 42.000 56.000 2352.000 48.497 0 1 4 200 0 0
 104 67230.000 174709.000 0 0 42.000 54.000 2268.000 47.623 0 1 4 200 0 0
 105 66964.000 174586.000 0 0 42.000 54.000 2268.000 47.623 0 1 4 200 0 0
 106 66693.000 174640.000 0 0 42.000 54.000 2268.000 47.623 0 1 4 200 0 0
 107 65006.000 173819.000 0 0 42.000 56.000 2352.000 48.497 0 1 7 200 0 0
 108 64297.000 173351.000 0 0 42.000 56.000 2352.000 48.497 0 1 7 200 0 0
 109 62334.000 172351.000 0 0 0.000 0.000 0.000 0.131 0 1 0 0 0 0
 110 61893.000 172124.000 0 0 0.000 0.000 0.000 0.135 0 1 0 0 0 0
 111 59652.000 170907.000 0 0 0.000 0.000 0.000 0.131 0 1 0 0 0 0
 112 76008.000 178192.000 0 0 38.000 54.000 2052.000 45.299 0 1 11 200 0 0
 113 73290.000 177275.000 0 0 40.000 54.000 2160.000 46.475 0 1 10 200 0 0
 114 72260.000 176859.000 0 0 0.000 0.000 0.000 0.131 0 1 0 0 0 0
 115 70465.000 176260.000 0 0 42.000 56.000 2352.000 48.497 0 1 4 200 0 0
 116 70334.000 176168.000 0 0 42.000 56.000 2352.000 48.497 0 1 4 200 0 0
 117 69951.000 176020.000 0 0 42.000 56.000 2352.000 48.497 0 1 4 200 0 0
 118 69697.000 175825.000 0 0 42.000 56.000 2352.000 48.497 0 1 9 200 0 0
 119 68899.000 175745.000 0 0 42.000 56.000 2352.000 48.497 0 1 4 200 0 0
 120 68737.000 175532.000 0 0 42.000 56.000 2352.000 48.497 0 1 4 200 0 0
 121 67963.000 175213.000 0 0 42.000 55.000 2310.000 48.062 0 1 4 200 0 0
 122 67320.000 174990.000 0 0 42.000 54.000 2268.000 47.623 0 1 4 200 0 0
 123 67189.000 174928.000 0 0 42.000 54.000 2268.000 47.623 0 1 4 200 0 0
 124 66575.000 174710.000 0 0 42.000 54.000 2268.000 47.623 0 1 4 200 0 0
 125 66387.000 174509.000 0 0 42.000 54.000 2268.000 47.623 0 1 4 200 0 0
 126 65424.000 174078.000 0 0 42.000 56.000 2352.000 48.497 0 1 7 200 0 0
 127 65135.000 173978.000 0 0 42.000 56.000 2352.000 48.497 0 1 7 200 0 0
 128 64668.000 173740.000 0 0 42.000 56.000 2352.000 48.497 0 1 7 200 0 0
 129 77356.000 178765.000 0 0 36.000 56.000 2016.000 44.899 0 1 11 200 0 0
 130 69739.000 176119.000 0 0 42.000 56.000 2352.000 48.497 0 1 4 200 0 0
 131 69096.000 175922.000 0 0 42.000 56.000 2352.000 48.497 0 1 4 200 0 0
 132 68798.000 175733.000 0 0 42.000 56.000 2352.000 48.497 0 1 4 200 0 0
 133 68352.000 175520.000 0 0 42.000 56.000 2352.000 48.497 0 1 4 200 0 0
 134 67353.000 175118.000 0 0 42.000 54.000 2268.000 47.623 0 1 4 200 0 0
 135 66656.000 174863.000 0 0 42.000 54.000 2268.000 47.623 0 1 4 200 0 0
 136 66374.000 174844.000 0 0 42.000 54.000 2268.000 47.623 0 1 4 200 0 0
 137 66232.000 174569.000 0 0 42.000 54.000 2268.000 47.623 0 1 4 200 0 0
 138 66104.000 174565.000 0 0 42.000 54.000 2268.000 47.623 0 1 4 200 0 0
 139 65893.000 174452.000 0 0 42.000 54.000 2268.000 47.623 0 1 7 200 0 0
 140 65739.000 174420.000 0 0 42.000 56.000 2352.000 48.497 0 1 7 200 0 0
 141 65551.000 174408.000 0 0 42.000 56.000 2352.000 48.497 0 1 7 200 0 0
 142 65330.000 174382.000 0 0 42.000 56.000 2352.000 48.497 0 1 7 200 0 0
 143 64559.000 174039.000 0 0 42.000 56.000 2352.000 48.497 0 1 7 200 0 0
 144 76660.000 178700.000 0 0 38.000 54.000 2052.000 45.299 0 1 11 200 0 0
 145 75891.000 178398.000 0 0 38.000 54.000 2052.000 45.299 0 1 11 200 0 0
 146 73590.000 177692.000 0 0 40.000 54.000 2160.000 46.475 0 1 10 200 0 0
 147 71823.000 177110.000 0 0 0.000 0.000 0.000 0.138 0 1 0 0 0 0
 148 70990.000 176950.000 0 0 40.000 56.000 2240.000 47.328 0 1 4 200 0 0
 149 70647.000 176814.000 0 0 40.000 56.000 2240.000 47.328 0 1 4 200 0 0
 150 70314.000 176510.000 0 0 42.000 56.000 2352.000 48.497 0 1 4 200 0 0
 151 69863.000 176319.000 0 0 42.000 56.000 2352.000 48.497 0 1 4 200 0 0
 152 69716.000 176316.000 0 0 42.000 56.000 2352.000 48.497 0 1 4 200 0 0
 153 69545.000 176236.000 0 0 42.000 56.000 2352.000 48.497 0 1 4 200 0 0
 154 69247.000 176243.000 0 0 42.000 56.000 2352.000 48.497 0 1 4 200 0 0
 155 69172.000 176059.000 0 0 42.000 56.000 2352.000 48.497 0 1 4 200 0 0
 156 67913.000 175503.000 0 0 42.000 56.000 2352.000 48.497 0 1 4 200 0 0
 157 64711.000 174121.000 0 0 42.000 56.000 2352.000 48.497 0 1 7 200 0 0
 158 64360.000 174073.000 0 0 42.000 56.000 2352.000 48.497 0 1 7 200 0 0
 159 72011.000 177362.000 0 0 0.000 0.000 0.000 0.130 0 1 0 0 0 0
 160 70810.000 176916.000 0 0 40.000 56.000 2240.000 47.328 0 1 4 200 0 0
 161 69696.000 176598.000 0 0 42.000 56.000 2352.000 48.497 0 1 4 200 0 0
 162 68552.000 176112.000 0 0 42.000 56.000 2352.000 48.497 0 1 4 200 0 0
 163 68408.000 175944.000 0 0 42.000 56.000 2352.000 48.497 0 1 4 200 0 0
 164 68333.000 175911.000 0 0 42.000 56.000 2352.000 48.497 0 1 4 200 0 0
 165 67970.000 175778.000 0 0 42.000 56.000 2352.000 48.497 0 1 4 200 0 0
 166 64797.000 174288.000 0 0 42.000 56.000 2352.000 48.497 0 1 7 200 0 0
 167 64132.000 173994.000 0 0 42.000 56.000 2352.000 48.497 0 1 7 200 0 0
 168 63884.000 173991.000 0 0 42.000 56.000 2352.000 48.497 0 1 7 200 0 0
 169 61039.000 172436.000 0 0 0.000 0.000 0.000 0.135 0 1 0 0 0 0
 170 69816.000 176672.000 0 0 42.000 56.000 2352.000 48.497 0 1 4 200 0 0
 171 66252.000 175230.000 0 0 42.000 54.000 2268.000 47.623 0 1 4 200 0 0
 172 65268.000 174804.000 0 0 42.000 56.000 2352.000 48.497 0 1 4 200 0 0
 173 64996.000 174759.000 0 0 42.000 56.000 2352.000 48.497 0 1 4 200 0 0
 174 64787.000 174503.000 0 0 42.000 56.000 2352.000 48.497 0 1 4 200 0 0
 175 63992.000 174112.000 0 0 42.000 56.000 2352.000 48.497 0 1 7 200 0 0
 176 63813.000 173956.000 0 0 42.000 56.000 2352.000 48.497 0 1 7 200 0 0
 177 60288.000 172398.000 0 0 0.000 0.000 0.000 0.138 0 1 0 0 0 0
 178 60133.000 172149.000 0 0 0.000 0.000 0.000 0.133 0 1 0 0 0 0
 179 73252.000 178290.000 0 0 40.000 54.000 2160.000 46.475 0 1 10 200 0 0
 180 67979.000 176122.000 0 0 42.000 56.000 2352.000 48.497 0 1 4 200 0 0
 181 67702.000 176069.000 0 0 42.000 56.000 2352.000 48.497 0 1 4 200 0 0
 182 67003.000 175733.000 0 0 42.000 54.000 2268.000 47.623 0 1 4 200 0 0
 183 66355.000 175560.000 0 0 42.000 54.000 2268.000 47.623 0 1 4 200 0 0
 184 66107.000 175379.000 0 0 42.000 54.000 2268.000 47.623 0 1 4 200 0 0
 185 66007.000 175437.000 0 0 42.000 54.000 2268.000 47.623 0 1 4 200 0 0
 186 65828.000 175190.000 0 0 42.000 54.000 2268.000 47.623 0 1 4 200 0 0
 187 63804.000 174217.000 0 0 42.000 56.000 2352.000 48.497 0 1 4 200 0 0
 188 63143.000 173846.000 0 0 44.000 56.000 2464.000 49.638 0 1 4 200 0 0
 189 63026.000 173825.000 0 0 44.000 56.000 2464.000 49.638 0 1 4 200 0 0
 190 62684.000 173792.000 0 0 44.000 56.000 2464.000 49.638 0 1 4 200 0 0
 191 71013.000 177551.000 0 0 40.000 56.000 2240.000 47.328 0 1 4 200 0 0
 192 70464.000 177347.000 0 0 40.000 56.000 2240.000 47.328 0 1 4 200 0 0
 193 70271.000 177265.000 0 0 40.000 56.000 2240.000 47.328 0 1 4 200 0 0
 194 70020.000 177300.000 0 0 42.000 56.000 2352.000 48.497 0 1 4 200 0 0
 195 67473.000 176091.000 0 0 42.000 54.000 2268.000 47.623 0 1 4 200 0 0
 196 67344.000 176031.000 0 0 42.000 54.000 2268.000 47.623 0 1 4 200 0 0
 197 63625.000 174475.000 0 0 42.000 56.000 2352.000 48.497 0 1 4 200 0 0
 198 63492.000 174216.000 0 0 44.000 56.000 2464.000 49.638 0 1 4 200 0 0
 199 62774.000 173921.000 0 0 44.000 56.000 2464.000 49.638 0 1 4 200 0 0
 200 62285.000 173720.000 0 0 44.000 56.000 2464.000 49.638 0 1 4 200 0 0
 201 80913.000 180717.000 0 0 0.000 0.000 0.000 0.135 0 1 0 0 0 0
 202 71648.000 178074.000 0 0 40.000 56.000 2240.000 47.328 0 1 4 200 0 0
 203 71319.000 177866.000 0 0 40.000 56.000 2240.000 47.328 0 1 4 200 0 0
 204 68686.000 176940.000 0 0 42.000 56.000 2352.000 48.497 0 1 4 200 0 0
 205 66039.000 175752.000 0 0 42.000 54.000 2268.000 47.623 0 1 4 200 0 0
 206 65831.000 175654.000 0 0 42.000 54.000 2268.000 47.623 0 1 4 200 0 0
 207 65643.000 175646.000 0 0 42.000 54.000 2268.000 47.623 0 1 4 200 0 0
 208 63965.000 174683.000 0 0 42.000 56.000 2352.000 48.497 0 1 4 200 0 0
 209 63735.000 174485.000 0 0 42.000 56.000 2352.000 48.497 0 1 4 200 0 0
 210 61374.000 173548.000 0 0 44.000 56.000 2464.000 49.638 0 1 4 200 0 0
 211 71283.000 178335.000 0 0 40.000 56.000 2240.000 47.328 0 1 4 200 0 0
 212 71088.000 177906.000 0 0 40.000 56.000 2240.000 47.328 0 1 4 200 0 0
 213 69787.000 177505.000 0 0 42.000 56.000 2352.000 48.497 0 1 4 200 0 0
 214 69691.000 177467.000 0 0 42.000 56.000 2352.000 48.497 0 1 4 200 0 0
 215 69104.000 177305.000 0 0 42.000 56.000 2352.000 48.497 0 1 4 200 0 0
 216 69011.000 177250.000 0 0 42.000 56.000 2352.000 48.497 0 1 4 200 0 0
 217 67598.000 176539.000 0 0 42.000 56.000 2352.000 48.497 0 1 4 200 0 0
 218 66388.000 176022.000 0 0 42.000 54.000 2268.000 47.623 0 1 4 200 0 0
 219 63305.000 174559.000 0 0 44.000 56.000 2464.000 49.638 0 1 4 200 0 0
 220 62851.000 174455.000 0 0 44.000 56.000 2464.000 49.638 0 1 4 200 0 0
 221 62372.000 174257.000 0 0 44.000 56.000 2464.000 49.638 0 1 4 200 0 0
 222 61834.000 173834.000 0 0 44.000 56.000 2464.000 49.638 0 1 4 200 0 0
 223 61553.000 173693.000 0 0 44.000 56.000 2464.000 49.638 0 1 4 200 0 0
 224 71732.000 178288.000 0 0 40.000 56.000 2240.000 47.328 0 1 4 200 0 0
 225 70935.000 177943.000 0 0 40.000 56.000 2240.000 47.328 0 1 4 200 0 0
 226 70629.000 177862.000 0 0 40.000 56.000 2240.000 47.328 0 1 4 200 0 0
 227 69425.000 177436.000 0 0 42.000 56.000 2352.000 48.497 0 1 4 200 0 0
 228 69134.000 177488.000 0 0 42.000 56.000 2352.000 48.497 0 1 4 200 0 0
 229 68850.000 177317.000 0 0 42.000 56.000 2352.000 48.497 0 1 4 200 0 0
 230 68452.000 177049.000 0 0 42.000 56.000 2352.000 48.497 0 1 4 200 0 0
 231 66932.000 176425.000 0 0 42.000 54.000 2268.000 47.623 0 1 4 200 0 0
 232 66511.000 176365.000 0 0 42.000 54.000 2268.000 47.623 0 1 4 200 0 0
 233 65342.000 175720.000 0 0 42.000 54.000 2268.000 47.623 0 1 4 200 0 0
 234 65131.000 175599.000 0 0 42.000 56.000 2352.000 48.497 0 1 4 200 0 0
 235 64403.000 175284.000 0 0 42.000 56.000 2352.000 48.497 0 1 4 200 0 0
 236 63472.000 174735.000 0 0 42.000 56.000 2352.000 48.497 0 1 4 200 0 0
 237 63095.000 174725.000 0 0 44.000 56.000 2464.000 49.638 0 1 4 200 0 0
 238 62100.000 174134.000 0 0 44.000 56.000 2464.000 49.638 0 1 4 200 0 0
 239 62002.000 174089.000 0 0 44.000 56.000 2464.000 49.638 0 1 4 200 0 0
 240 61859.000 174037.000 0 0 44.000 56.000 2464.000 49.638 0 1 4 200 0 0
 241 61230.000 173651.000 0 0 44.000 56.000 2464.000 49.638 0 1 4 200 0 0
 242 60907.000 173698.000 0 0 44.000 56.000 2464.000 49.638 0 1 4 200 0 0
 243 60800.000 173576.000 0 0 44.000 56.000 2464.000 49.638 0 1 4 200 0 0
 244 58450.000 172197.000 0 0 46.000 54.000 2484.000 49.839 0 1 4 200 0 0
 245 70616.000 178080.000 0 0 40.000 56.000 2240.000 47.328 0 1 4 200 0 0
 246 70526.000 177991.000 0 0 40.000 56.000 2240.000 47.328 0 1 4 200 0 0
 247 66416.000 176333.000 0 0 42.000 54.000 2268.000 47.623 0 1 4 200 0 0
 248 65669.000 176041.000 0 0 42.000 54.000 2268.000 47.623 0 1 4 200 0 0
 249 61501.000 173940.000 0 0 44.000 56.000 2464.000 49.638 0 1 4 200 0 0
 250 60556.000 173503.000 0 0 44.000 56.000 2464.000 49.638 0 1 4 200 0 0
 251 60295.000 173457.000 0 0 44.000 54.000 2376.000 48.744 0 1 4 200 0 0
 252 59885.000 173216.000 0 0 46.000 54.000 2484.000 49.839 0 1 4 200 0 0
 253 72232.000 179010.000 0 0 40.000 54.000 2160.000 46.475 0 1 4 200 0 0
 254 72204.000 178814.000 0 0 40.000 54.000 2160.000 46.475 0 1 4 200 0 0
 255 72070.000 178835.000 0 0 40.000 56.000 2240.000 47.328 0 1 4 200 0 0
 256 71546.000 178611.000 0 0 40.000 56.000 2240.000 47.328 0 1 4 200 0 0
 257 71111.000 178614.000 0 0 40.000 56.000 2240.000 47.328 0 1 4 200 0 0
 258 69689.000 177921.000 0 0 42.000 56.000 2352.000 48.497 0 1 4 200 0 0
 259 69494.000 177859.000 0 0 42.000 56.000 2352.000 48.497 0 1 4 200 0 0
 260 68842.000 177723.000 0 0 42.000 56.000 2352.000 48.497 0 1 4 200 0 0
 261 68056.000 177268.000 0 0 42.000 56.000 2352.000 48.497 0 1 4 200 0 0
 262 67317.000 176983.000 0 0 42.000 56.000 2352.000 48.497 0 1 4 200 0 0
 263 66629.000 176720.000 0 0 42.000 54.000 2268.000 47.623 0 1 4 200 0 0
 264 64273.000 175643.000 0 0 42.000 56.000 2352.000 48.497 0 1 4 200 0 0
 265 63915.000 175493.000 0 0 42.000 56.000 2352.000 48.497 0 1 4 200 0 0
 266 63283.000 175211.000 0 0 42.000 56.000 2352.000 48.497 0 1 4 200 0 0
 267 71662.000 178846.000 0 0 40.000 56.000 2240.000 47.328 0 1 4 200 0 0
 268 70015.000 178242.000 0 0 40.000 56.000 2240.000 47.328 0 1 4 200 0 0
 269 69175.000 177894.000 0 0 42.000 56.000 2352.000 48.497 0 1 4 200 0 0
 270 68624.000 177631.000 0 0 42.000 56.000 2352.000 48.497 0 1 4 200 0 0
 271 68351.000 177751.000 0 0 42.000 56.000 2352.000 48.497 0 1 4 200 0 0
 272 67632.000 177423.000 0 0 42.000 56.000 2352.000 48.497 0 1 4 200 0 0
 273 64677.000 176073.000 0 0 42.000 56.000 2352.000 48.497 0 1 4 200 0 0
 274 63545.000 175606.000 0 0 42.000 56.000 2352.000 48.497 0 1 4 200 0 0
 275 63337.000 175276.000 0 0 42.000 56.000 2352.000 48.497 0 1 4 200 0 0
 276 63054.000 175178.000 0 0 44.000 56.000 2464.000 49.638 0 1 4 200 0 0
 277 59247.000 173131.000 0 0 46.000 54.000 2484.000 49.839 0 1 4 200 0 0
 278 58845.000 173037.000 0 0 46.000 54.000 2484.000 49.839 0 1 4 200 0 0
 279 58699.000 172872.000 0 0 46.000 54.000 2484.000 49.839 0 1 4 200 0 0
 280 83165.000 182247.000 0 0 0.000 0.000 0.000 0.131 0 1 0 0 0 0
 281 72639.000 179379.000 0 0 40.000 54.000 2160.000 46.475 0 1 4 200 0 0
 282 72336.000 179224.000 0 0 40.000 54.000 2160.000 46.475 0 1 4 200 0 0
 283 71832.000 179061.000 0 0 40.000 56.000 2240.000 47.328 0 1 4 200 0 0
 284 70166.000 178624.000 0 0 40.000 56.000 2240.000 47.328 0 1 4 200 0 0
 285 67557.000 177446.000 0 0 42.000 56.000 2352.000 48.497 0 1 4 200 0 0
 286 66755.000 177077.000 0 0 42.000 54.000 2268.000 47.623 0 1 4 200 0 0
 287 66615.000 177145.000 0 0 42.000 54.000 2268.000 47.623 0 1 4 200 0 0
 288 64263.000 175937.000 0 0 42.000 56.000 2352.000 48.497 0 1 4 200 0 0
 289 63277.000 175553.000 0 0 42.000 56.000 2352.000 48.497 0 1 4 200 0 0
 290 62998.000 175374.000 0 0 44.000 56.000 2464.000 49.638 0 1 4 200 0 0
 291 59851.000 173653.000 0 0 44.000 54.000 2376.000 48.744 0 1 4 200 0 0
 292 59312.000 173459.000 0 0 46.000 54.000 2484.000 49.839 0 1 4 200 0 0
 293 59047.000 173291.000 0 0 46.000 54.000 2484.000 49.839 0 1 4 200 0 0
 294 58660.000 173038.000 0 0 46.000 54.000 2484.000 49.839 0 1 4 200 0 0
 295 58260.000 172864.000 0 0 46.000 54.000 2484.000 49.839 0 1 4 200 0 0
 296 58133.000 172820.000 0 0 46.000 54.000 2484.000 49.839 0 1 4 200 0 0
 297 57934.000 172780.000 0 0 46.000 56.000 2576.000 50.754 0 1 4 200 0 0
 298 73108.000 179822.000 0 0 38.000 54.000 2052.000 45.299 0 1 4 200 0 0
 299 72974.000 179690.000 0 0 40.000 54.000 2160.000 46.475 0 1 4 200 0 0
 300 72693.000 179493.000 0 0 40.000 54.000 2160.000 46.475 0 1 4 200 0 0
 301 70730.000 178917.000 0 0 40.000 56.000 2240.000 47.328 0 1 4 200 0 0
 302 67788.000 177738.000 0 0 42.000 56.000 2352.000 48.497 0 1 4 200 0 0
 303 66494.000 177135.000 0 0 42.000 54.000 2268.000 47.623 0 1 4 200 0 0
 304 64355.000 176101.000 0 0 42.000 56.000 2352.000 48.497 0 1 4 200 0 0
 305 63401.000 175720.000 0 0 42.000 56.000 2352.000 48.497 0 1 4 200 0 0
 306 62693.000 175364.000 0 0 44.000 56.000 2464.000 49.638 0 1 4 200 0 0
 307 58601.000 173387.000 0 0 46.000 54.000 2484.000 49.839 0 1 4 200 0 0
 308 57813.000 172779.000 0 0 46.000 56.000 2576.000 50.754 0 1 4 200 0 0
 309 57651.000 172778.000 0 0 46.000 56.000 2576.000 50.754 0 1 4 200 0 0
 310 57427.000 172706.000 0 0 46.000 56.000 2576.000 50.754 0 1 4 200 0 0
 311 76667.000 19428.000 0 0 0.000 0.000 0.000 0.140 0 1 0 0 0 0
 312 75007.000 180588.000 0 0 38.000 54.000 2052.000 45.299 0 1 4 200 0 0
 313 74792.000 180600.000 0 0 38.000 54.000 2052.000 45.299 0 1 4 200 0 0
 314 74494.000 180338.000 0 0 38.000 54.000 2052.000 45.299 0 1 4 200 0 0
 315 74417.000 180328.000 0 0 38.000 54.000 2052.000 45.299 0 1 4 200 0 0
 316 73516.000 180191.000 0 0 38.000 54.000 2052.000 45.299 0 1 4 200 0 0
 317 72464.000 179702.000 0 0 40.000 54.000 2160.000 46.475 0 1 4 200 0 0
 318 71361.000 179323.000 0 0 40.000 56.000 2240.000 47.328 0 1 4 200 0 0
 319 70778.000 179087.000 0 0 40.000 56.000 2240.000 47.328 0 1 4 200 0 0
 320 69724.000 178764.000 0 0 40.000 56.000 2240.000 47.328 0 1 4 200 0 0
 321 69196.000 178552.000 0 0 42.000 56.000 2352.000 48.497 0 1 4 200 0 0
 322 69036.000 178433.000 0 0 42.000 56.000 2352.000 48.497 0 1 4 200 0 0
 323 63184.000 175899.000 0 0 42.000 56.000 2352.000 48.497 0 1 4 200 0 0
 324 62949.000 175737.000 0 0 42.000 56.000 2352.000 48.497 0 1 4 200 0 0
 325 58248.000 173232.000 0 0 46.000 54.000 2484.000 49.839 0 1 4 200 0 0
 326 57156.000 172744.000 0 0 46.000 56.000 2576.000 50.754 0 1 4 200 0 0
 327 88109.000 183767.000 0 0 0.000 0.000 0.000 0.136 0 1 0 0 0 0
 328 85946.000 183271.000 0 0 0.000 0.000 0.000 0.130 0 1 0 0 0 0
 329 85760.000 183258.000 0 0 0.000 0.000 0.000 0.130 0 1 0 0 0 0
 330 75726.000 181039.000 0 0 38.000 54.000 2052.000 45.299 0 1 4 200 0 0
 331 75446.000 180975.000 0 0 38.000 54.000 2052.000 45.299 0 1 4 200 0 0
 332 75244.000 180886.000 0 0 38.000 54.000 2052.000 45.299 0 1 4 200 0 0
 333 75144.000 180745.000 0 0 38.000 54.000 2052.000 45.299 0 1 4 200 0 0
 334 73294.000 180181.000 0 0 38.000 54.000 2052.000 45.299 0 1 4 200 0 0
 335 72950.000 179937.000 0 0 40.000 54.000 2160.000 46.475 0 1 4 200 0 0
 336 72015.000 179688.000 0 0 40.000 54.000 2160.000 46.475 0 1 4 200 0 0
 337 71155.000 179418.000 0 0 40.000 56.000 2240.000 47.328 0 1 4 200 0 0
 338 70981.000 179308.000 0 0 40.000 56.000 2240.000 47.328 0 1 4 200 0 0
 339 69995.000 178971.000 0 0 40.000 56.000 2240.000 47.328 0 1 4 200 0 0
 340 68890.000 178680.000 0 0 42.000 56.000 2352.000 48.497 0 1 4 200 0 0
 341 68650.000 178464.000 0 0 42.000 56.000 2352.000 48.497 0 1 4 200 0 0
 342 66890.000 177723.000 0 0 42.000 55.000 2310.000 48.062 0 1 4 200 0 0
 343 66828.000 177713.000 0 0 42.000 54.000 2268.000 47.623 0 1 4 200 0 0
 344 66676.000 177617.000 0 0 42.000 54.000 2268.000 47.623 0 1 4 200 0 0
 345 65203.000 176984.000 0 0 42.000 54.000 2268.000 47.623 0 1 4 200 0 0
 346 64791.000 176750.000 0 0 42.000 56.000 2352.000 48.497 0 1 4 200 0 0
 347 62824.000 175803.000 0 0 44.000 56.000 2464.000 49.638 0 1 4 200 0 0
 348 62452.000 175651.000 0 0 44.000 56.000 2464.000 49.638 0 1 4 200 0 0
 349 56859.000 172645.000 0 0 46.000 56.000 2576.000 50.754 0 1 4 200 0 0
 350 56707.000 172663.000 0 0 46.000 56.000 2576.000 50.754 0 1 4 200 0 0
 351 55763.000 171989.000 0 0 0.000 0.000 0.000 0.134 0 1 0 0 0 0
 352 74736.000 19788.000 0 0 0.000 0.000 0.000 0.131 0 1 0 0 0 0
 353 94462.000 16099.000 0 0 0.000 0.000 0.000 0.154 0 1 0 0 0 0
 354 76467.000 181462.000 0 0 36.000 56.000 2016.000 44.899 0 1 4 200 0 0
 355 75274.000 180957.000 0 0 38.000 54.000 2052.000 45.299 0 1 4 200 0 0
 356 75002.000 180834.000 0 0 38.000 54.000 2052.000 45.299 0 1 4 200 0 0
 357 74645.000 180731.000 0 0 38.000 54.000 2052.000 45.299 0 1 4 200 0 0
 358 73906.000 180648.000 0 0 38.000 54.000 2052.000 45.299 0 1 4 200 0 0
 359 73876.000 180481.000 0 0 38.000 54.000 2052.000 45.299 0 1 4 200 0 0
 360 73727.000 180453.000 0 0 38.000 54.000 2052.000 45.299 0 1 4 200 0 0
 361 73657.000 180397.000 0 0 38.000 54.000 2052.000 45.299 0 1 4 200 0 0
 362 72699.000 180121.000 0 0 40.000 54.000 2160.000 46.475 0 1 4 200 0 0
 363 71737.000 179920.000 0 0 40.000 56.000 2240.000 47.328 0 1 4 200 0 0
 364 71665.000 179758.000 0 0 40.000 56.000 2240.000 47.328 0 1 4 200 0 0
 365 71318.000 179576.000 0 0 40.000 56.000 2240.000 47.328 0 1 4 200 0 0
 366 68549.000 178607.000 0 0 42.000 56.000 2352.000 48.497 0 1 4 200 0 0
 367 67982.000 178432.000 0 0 42.000 56.000 2352.000 48.497 0 1 4 200 0 0
 368 67318.000 178225.000 0 0 42.000 56.000 2352.000 48.497 0 1 4 200 0 0
 369 67228.000 178177.000 0 0 42.000 56.000 2352.000 48.497 0 1 4 200 0 0
 370 67184.000 178042.000 0 0 42.000 56.000 2352.000 48.497 0 1 4 200 0 0
 371 67051.000 178025.000 0 0 42.000 56.000 2352.000 48.497 0 1 4 200 0 0
 372 64434.000 176807.000 0 0 42.000 56.000 2352.000 48.497 0 1 4 200 0 0
 373 64355.000 176779.000 0 0 42.000 56.000 2352.000 48.497 0 1 4 200 0 0
 374 63811.000 176640.000 0 0 42.000 56.000 2352.000 48.497 0 1 4 200 0 0
 375 63741.000 176635.000 0 0 42.000 56.000 2352.000 48.497 0 1 4 200 0 0
 376 57665.000 173309.000 0 0 46.000 56.000 2576.000 50.754 0 1 4 200 0 0
 377 56398.000 172660.000 0 0 46.000 56.000 2576.000 50.754 0 1 4 200 0 0
 378 87768.000 183953.000 0 0 0.000 0.000 0.000 0.130 0 1 0 0 0 0
 379 67666.000 178402.000 0 0 42.000 56.000 2352.000 48.497 0 1 4 200 0 0
 380 86222.000 183610.000 0 0 0.000 0.000 0.000 0.130 0 1 0 0 0 0
 381 75822.000 181454.000 0 0 38.000 54.000 2052.000 45.299 0 1 4 200 0 0
 382 75744.000 181419.000 0 0 38.000 54.000 2052.000 45.299 0 1 4 200 0 0
 383 75509.000 181243.000 0 0 38.000 54.000 2052.000 45.299 0 1 4 200 0 0
 384 74256.000 180793.000 0 0 38.000 54.000 2052.000 45.299 0 1 4 200 0 0
 385 74036.000 180694.000 0 0 38.000 54.000 2052.000 45.299 0 1 4 200 0 0
 386 73979.000 180714.000 0 0 38.000 54.000 2052.000 45.299 0 1 4 200 0 0
 387 72932.000 180294.000 0 0 38.000 54.000 2052.000 45.299 0 1 4 200 0 0
 388 72582.000 180278.000 0 0 40.000 54.000 2160.000 46.475 0 1 4 200 0 0
 389 71903.000 180141.000 0 0 40.000 54.000 2160.000 46.475 0 1 4 200 0 0
 390 70193.000 179409.000 0 0 40.000 56.000 2240.000 47.328 0 1 4 200 0 0
 391 68595.000 178752.000 0 0 42.000 56.000 2352.000 48.497 0 1 4 200 0 0
 392 67667.000 178400.000 0 0 42.000 56.000 2352.000 48.497 0 1 4 200 0 0
 393 67483.000 178315.000 0 0 42.000 56.000 2352.000 48.497 0 1 4 200 0 0
 394 67407.000 178244.000 0 0 42.000 56.000 2352.000 48.497 0 1 4 200 0 0
 395 66398.000 177893.000 0 0 42.000 54.000 2268.000 47.623 0 1 4 200 0 0
 396 66232.000 177878.000 0 0 42.000 54.000 2268.000 47.623 0 1 4 200 0 0
 397 66133.000 177851.000 0 0 42.000 54.000 2268.000 47.623 0 1 4 200 0 0
 398 65665.000 177676.000 0 0 42.000 54.000 2268.000 47.623 0 1 4 200 0 0
 399 65501.000 177505.000 0 0 42.000 54.000 2268.000 47.623 0 1 4 200 0 0
 400 65121.000 177441.000 0 0 42.000 54.000 2268.000 47.623 0 1 4 200 0 0
 401 64898.000 177361.000 0 0 42.000 54.000 2268.000 47.623 0 1 4 200 0 0
 402 64869.000 177348.000 0 0 42.000 54.000 2268.000 47.623 0 1 4 200 0 0
 403 63980.000 176936.000 0 0 42.000 56.000 2352.000 48.497 0 1 4 200 0 0
 404 61600.000 175679.000 0 0 44.000 56.000 2464.000 49.638 0 1 4 200 0 0
 405 57270.000 173334.000 0 0 46.000 56.000 2576.000 50.754 0 1 4 200 0 0
 406 52968.000 170686.000 0 0 0.000 0.000 0.000 0.132 0 1 0 0 0 0
 407 76382.000 19008.000 0 0 0.000 0.000 0.000 0.136 0 1 0 0 0 0
 408 88364.000 184170.000 0 0 0.000 0.000 0.000 0.130 0 1 0 0 0 0
 409 76797.000 181757.000 0 0 36.000 56.000 2016.000 44.899 0 1 4 200 0 0
 410 74663.000 181106.000 0 0 38.000 54.000 2052.000 45.299 0 1 4 200 0 0
 411 74606.000 181031.000 0 0 38.000 54.000 2052.000 45.299 0 1 4 200 0 0
 412 74243.000 181141.000 0 0 38.000 54.000 2052.000 45.299 0 1 4 200 0 0
 413 72097.000 180375.000 0 0 40.000 54.000 2160.000 46.475 0 1 4 200 0 0
 414 70787.000 179838.000 0 0 40.000 56.000 2240.000 47.328 0 1 4 200 0 0
 415 70035.000 179645.000 0 0 40.000 56.000 2240.000 47.328 0 1 4 200 0 0
 416 67863.000 178659.000 0 0 42.000 56.000 2352.000 48.497 0 1 4 200 0 0
 417 66242.000 177989.000 0 0 42.000 54.000 2268.000 47.623 0 1 4 200 0 0
 418 70195.000 178928.000 0 0 40.000 56.000 2240.000 47.328 0 1 4 200 0 0
 419 64690.000 177280.000 0 0 42.000 54.000 2268.000 47.623 0 1 4 200 0 0
 420 64369.000 177142.000 0 0 42.000 56.000 2352.000 48.497 0 1 4 200 0 0
 421 64120.000 177129.000 0 0 42.000 56.000 2352.000 48.497 0 1 4 200 0 0
 422 63473.000 176720.000 0 0 42.000 56.000 2352.000 48.497 0 1 4 200 0 0
 423 63334.000 176640.000 0 0 42.000 56.000 2352.000 48.497 0 1 4 200 0 0
 424 63238.000 176596.000 0 0 42.000 56.000 2352.000 48.497 0 1 4 200 0 0
 425 61258.000 175797.000 0 0 44.000 56.000 2464.000 49.638 0 1 4 200 0 0
 426 56993.000 173430.000 0 0 46.000 56.000 2576.000 50.754 0 1 4 200 0 0
 427 56980.000 173268.000 0 0 46.000 56.000 2576.000 50.754 0 1 4 200 0 0
 428 56649.000 173047.000 0 0 46.000 56.000 2576.000 50.754 0 1 4 200 0 0
 429 56162.000 172815.000 0 0 46.000 56.000 2576.000 50.754 0 1 4 200 0 0
 430 54723.000 171898.000 0 0 48.000 56.000 2688.000 51.845 0 1 4 200 0 0
 431 54544.000 171734.000 0 0 48.000 56.000 2688.000 51.845 0 1 4 200 0 0
 432 52867.000 170707.000 0 0 0.000 0.000 0.000 0.132 0 1 0 0 0 0
 433 77293.000 182201.000 0 0 36.000 56.000 2016.000 44.899 0 1 4 200 0 0
 434 77224.000 182035.000 0 0 36.000 56.000 2016.000 44.899 0 1 4 200 0 0
 435 76989.000 181986.000 0 0 36.000 56.000 2016.000 44.899 0 1 4 200 0 0
 436 76656.000 181848.000 0 0 36.000 56.000 2016.000 44.899 0 1 4 200 0 0
 437 76365.000 181757.000 0 0 36.000 56.000 2016.000 44.899 0 1 4 200 0 0
 438 76263.000 181773.000 0 0 36.000 56.000 2016.000 44.899 0 1 4 200 0 0
 439 76086.000 181623.000 0 0 38.000 54.000 2052.000 45.299 0 1 4 200 0 0
 440 75541.000 181462.000 0 0 38.000 54.000 2052.000 45.299 0 1 4 200 0 0
 441 73806.000 180921.000 0 0 38.000 54.000 2052.000 45.299 0 1 4 200 0 0
 442 73498.000 181062.000 0 0 38.000 54.000 2052.000 45.299 0 1 4 200 0 0
 443 71090.000 180112.000 0 0 40.000 56.000 2240.000 47.328 0 1 4 200 0 0
 444 70905.000 180143.000 0 0 40.000 56.000 2240.000 47.328 0 1 4 200 0 0
 445 70180.000 179803.000 0 0 40.000 56.000 2240.000 47.328 0 1 4 200 0 0
 446 69716.000 179521.000 0 0 40.000 56.000 2240.000 47.328 0 1 4 200 0 0
 447 69429.000 179565.000 0 0 40.000 56.000 2240.000 47.328 0 1 4 200 0 0
 448 68771.000 179190.000 0 0 42.000 56.000 2352.000 48.497 0 1 4 200 0 0
 449 68691.000 179215.000 0 0 42.000 56.000 2352.000 48.497 0 1 4 200 0 0
 450 68330.000 179022.000 0 0 42.000 56.000 2352.000 48.497 0 1 4 200 0 0
 451 67087.000 178503.000 0 0 42.000 56.000 2352.000 48.497 0 1 4 200 0 0
 452 63721.000 177155.000 0 0 42.000 56.000 2352.000 48.497 0 1 4 200 0 0
 453 62660.000 176504.000 0 0 42.000 56.000 2352.000 48.497 0 1 4 200 0 0
 454 62463.000 176481.000 0 0 44.000 56.000 2464.000 49.638 0 1 4 200 0 0
 455 62248.000 176365.000 0 0 44.000 56.000 2464.000 49.638 0 1 4 200 0 0
 456 61499.000 175996.000 0 0 44.000 56.000 2464.000 49.638 0 1 4 200 0 0
 457 61374.000 175882.000 0 0 44.000 56.000 2464.000 49.638 0 1 4 200 0 0
 458 55885.000 172974.000 0 0 46.000 56.000 2576.000 50.754 0 1 4 200 0 0
 459 53800.000 171689.000 0 0 48.000 56.000 2688.000 51.845 0 1 4 200 0 0
 460 87386.000 184504.000 0 0 0.000 0.000 0.000 0.133 0 1 0 0 0 0
 461 67661.000 178852.000 0 0 42.000 56.000 2352.000 48.497 0 1 4 200 0 0
 462 78445.000 182628.000 0 0 36.000 56.000 2016.000 44.899 0 1 4 200 0 0
 463 77949.000 182525.000 0 0 36.000 56.000 2016.000 44.899 0 1 4 200 0 0
 464 77666.000 182477.000 0 0 36.000 56.000 2016.000 44.899 0 1 4 200 0 0
 465 75168.000 181566.000 0 0 38.000 54.000 2052.000 45.299 0 1 4 200 0 0
 466 74861.000 181498.000 0 0 38.000 54.000 2052.000 45.299 0 1 4 200 0 0
 467 73982.000 181156.000 0 0 38.000 54.000 2052.000 45.299 0 1 4 200 0 0
 468 71328.000 180353.000 0 0 40.000 56.000 2240.000 47.328 0 1 4 200 0 0
 469 69998.000 179975.000 0 0 40.000 56.000 2240.000 47.328 0 1 4 200 0 0
 470 69014.000 179441.000 0 0 42.000 56.000 2352.000 48.497 0 1 4 200 0 0
 471 68566.000 179355.000 0 0 42.000 56.000 2352.000 48.497 0 1 4 200 0 0
 472 68474.000 179365.000 0 0 42.000 56.000 2352.000 48.497 0 1 4 200 0 0
 473 63638.000 177083.000 0 0 42.000 56.000 2352.000 48.497 0 1 4 200 0 0
 474 62520.000 176659.000 0 0 42.000 56.000 2352.000 48.497 0 1 4 200 0 0
 475 62070.000 176421.000 0 0 44.000 56.000 2464.000 49.638 0 1 4 200 0 0
 476 61924.000 176465.000 0 0 44.000 56.000 2464.000 49.638 0 1 4 200 0 0
 477 61599.000 176185.000 0 0 44.000 56.000 2464.000 49.638 0 1 4 200 0 0
 478 60077.000 175427.000 0 0 44.000 56.000 2464.000 49.638 0 1 4 200 0 0
 479 55578.000 173001.000 0 0 46.000 56.000 2576.000 50.754 0 1 4 200 0 0
 480 162994.000 43067.000 0 0 0.000 0.000 0.000 0.164 0 1 0 0 0 0
 481 94703.000 15351.000 0 0 0.000 0.000 0.000 0.357 0 1 0 0 0 0
 482 179726.000 70204.000 0 0 0.000 0.000 0.000 0.131 0 1 0 0 0 0
 483 78200.000 182660.000 0 0 36.000 56.000 2016.000 44.899 0 1 4 200 0 0
 484 77770.000 182514.000 0 0 36.000 56.000 2016.000 44.899 0 1 4 200 0 0
 485 76630.000 182373.000 0 0 36.000 56.000 2016.000 44.899 0 1 4 200 0 0
 486 75953.000 182017.000 0 0 38.000 54.000 2052.000 45.299 0 1 4 200 0 0
 487 75871.000 182023.000 0 0 38.000 54.000 2052.000 45.299 0 1 4 200 0 0
 488 72282.000 180825.000 0 0 40.000 54.000 2160.000 46.475 0 1 4 200 0 0
 489 65985.000 178438.000 0 0 42.000 54.000 2268.000 47.623 0 1 4 200 0 0
 490 65643.000 178321.000 0 0 42.000 54.000 2268.000 47.623 0 1 4 200 0 0
 491 63366.000 177190.000 0 0 42.000 56.000 2352.000 48.497 0 1 4 200 0 0
 492 63208.000 177302.000 0 0 42.000 56.000 2352.000 48.497 0 1 4 200 0 0
 493 63069.000 177081.000 0 0 42.000 56.000 2352.000 48.497 0 1 4 200 0 0
 494 62841.000 176951.000 0 0 42.000 56.000 2352.000 48.497 0 1 4 200 0 0
 495 62178.000 176670.000 0 0 44.000 56.000 2464.000 49.638 0 1 4 200 0 0
 496 61703.000 176524.000 0 0 44.000 56.000 2464.000 49.638 0 1 4 200 0 0
 497 61612.000 176533.000 0 0 44.000 56.000 2464.000 49.638 0 1 4 200 0 0
 498 61444.000 176374.000 0 0 44.000 56.000 2464.000 49.638 0 1 4 200 0 0
 499 56022.000 173316.000 0 0 46.000 56.000 2576.000 50.754 0 1 4 200 0 0
 500 54921.000 172734.000 0 0 48.000 56.000 2688.000 51.845 0 1 4 200 0 0
 501 79245.000 183232.000 0 0 36.000 54.000 1944.000 44.090 0 1 4 200 0 0
 502 67378.000 179196.000 0 0 42.000 56.000 2352.000 48.497 0 1 4 200 0 0
 503 78931.000 183034.000 0 0 36.000 54.000 1944.000 44.090 0 1 4 200 0 0
 504 78824.000 182992.000 0 0 36.000 54.000 1944.000 44.090 0 1 4 200 0 0
 505 78586.000 182948.000 0 0 36.000 54.000 1944.000 44.090 0 1 4 200 0 0
 506 77078.000 182643.000 0 0 36.000 56.000 2016.000 44.899 0 1 4 200 0 0
 507 76527.000 182301.000 0 0 36.000 56.000 2016.000 44.899 0 1 4 200 0 0
 508 66328.000 178769.000 0 0 42.000 54.000 2268.000 47.623 0 1 4 200 0 0
 509 65623.000 178456.000 0 0 42.000 54.000 2268.000 47.623 0 1 4 200 0 0
 510 64431.000 177914.000 0 0 42.000 54.000 2268.000 47.623 0 1 4 200 0 0
 511 62879.000 177222.000 0 0 42.000 56.000 2352.000 48.497 0 1 4 200 0 0
 512 61245.000 176386.000 0 0 44.000 56.000 2464.000 49.638 0 1 4 200 0 0
 513 61100.000 176293.000 0 0 44.000 56.000 2464.000 49.638 0 1 4 200 0 0
 514 60603.000 176175.000 0 0 44.000 56.000 2464.000 49.638 0 1 4 200 0 0
 515 59374.000 175372.000 0 0 44.000 56.000 2464.000 49.638 0 1 4 200 0 0
 516 57616.000 174432.000 0 0 46.000 54.000 2484.000 49.839 0 1 4 200 0 0
 517 54639.000 172684.000 0 0 48.000 56.000 2688.000 51.845 0 1 4 200 0 0
 518 74979.000 18494.000 0 0 0.000 0.000 0.000 0.130 0 1 0 0 0 0
 519 79388.000 183337.000 0 0 36.000 54.000 1944.000 44.090 0 1 4 200 0 0
 520 79343.000 183281.000 0 0 36.000 54.000 1944.000 44.090 0 1 4 200 0 0
 521 78407.000 183000.000 0 0 36.000 56.000 2016.000 44.899 0 1 4 200 0 0
 522 76870.000 182838.000 0 0 36.000 56.000 2016.000 44.899 0 1 4 200 0 0
 523 76348.000 182448.000 0 0 36.000 56.000 2016.000 44.899 0 1 4 200 0 0
 524 74072.000 181842.000 0 0 38.000 54.000 2052.000 45.299 0 1 4 200 0 0
 525 73956.000 181938.000 0 0 38.000 54.000 2052.000 45.299 0 1 4 200 0 0
 526 71329.000 181008.000 0 0 40.000 56.000 2240.000 47.328 0 1 4 200 0 0
 527 68750.000 179936.000 0 0 42.000 56.000 2352.000 48.497 0 1 4 200 0 0
 528 62859.000 177377.000 0 0 42.000 56.000 2352.000 48.497 0 1 4 200 0 0
 529 62134.000 177066.000 0 0 44.000 56.000 2464.000 49.638 0 1 4 200 0 0
 530 61470.000 176660.000 0 0 44.000 56.000 2464.000 49.638 0 1 4 200 0 0
 531 61098.000 176878.000 0 0 44.000 56.000 2464.000 49.638 0 1 4 200 0 0
 532 60375.000 176311.000 0 0 44.000 56.000 2464.000 49.638 0 1 4 200 0 0
 533 59955.000 176095.000 0 0 44.000 56.000 2464.000 49.638 0 1 4 200 0 0
 534 59356.000 175752.000 0 0 44.000 56.000 2464.000 49.638 0 1 4 200 0 0
 535 57243.000 174580.000 0 0 46.000 54.000 2484.000 49.839 0 1 4 200 0 0
 536 55248.000 173257.000 0 0 48.000 56.000 2688.000 51.845 0 1 4 200 0 0
 537 54471.000 172690.000 0 0 48.000 56.000 2688.000 51.845 0 1 4 200 0 0
 538 79787.000 183695.000 0 0 34.000 54.000 1836.000 42.848 0 1 4 200 0 0
 539 79081.000 183396.000 0 0 36.000 54.000 1944.000 44.090 0 1 4 200 0 0
 540 76731.000 182770.000 0 0 36.000 56.000 2016.000 44.899 0 1 4 200 0 0
 541 73546.000 181830.000 0 0 38.000 54.000 2052.000 45.299 0 1 4 200 0 0
 542 72250.000 181451.000 0 0 40.000 54.000 2160.000 46.475 0 1 4 200 0 0
 543 68530.000 179933.000 0 0 42.000 56.000 2352.000 48.497 0 1 4 200 0 0
 544 67132.000 179438.000 0 0 42.000 56.000 2352.000 48.497 0 1 4 200 0 0
 545 67058.000 179475.000 0 0 42.000 56.000 2352.000 48.497 0 1 4 200 0 0
 546 65890.000 178954.000 0 0 42.000 54.000 2268.000 47.623 0 1 4 200 0 0
 547 65795.000 178915.000 0 0 42.000 54.000 2268.000 47.623 0 1 4 200 0 0
 548 64632.000 178394.000 0 0 42.000 54.000 2268.000 47.623 0 1 4 200 0 0
 549 63452.000 177832.000 0 0 42.000 56.000 2352.000 48.497 0 1 4 200 0 0
 550 62276.000 177178.000 0 0 42.000 56.000 2352.000 48.497 0 1 4 200 0 0
 551 61786.000 176974.000 0 0 44.000 56.000 2464.000 49.638 0 1 4 200 0 0
 552 60569.000 176572.000 0 0 44.000 56.000 2464.000 49.638 0 1 4 200 0 0
 553 59657.000 175946.000 0 0 44.000 56.000 2464.000 49.638 0 1 4 200 0 0
 554 59471.000 176008.000 0 0 44.000 56.000 2464.000 49.638 0 1 4 200 0 0
 555 51757.000 171199.000 0 0 0.000 0.000 0.000 0.131 0 1 0 0 0 0
 556 78605.000 183583.000 0 0 36.000 54.000 1944.000 44.090 0 1 4 200 0 0
 557 77874.000 183265.000 0 0 36.000 56.000 2016.000 44.899 0 1 4 200 0 0
 558 77020.000 183083.000 0 0 36.000 56.000 2016.000 44.899 0 1 4 200 0 0
 559 72273.000 181603.000 0 0 40.000 54.000 2160.000 46.475 0 1 4 200 0 0
 560 68297.000 180134.000 0 0 42.000 56.000 2352.000 48.497 0 1 4 200 0 0
 561 67401.000 179768.000 0 0 42.000 56.000 2352.000 48.497 0 1 4 200 0 0
 562 62986.000 177779.000 0 0 42.000 56.000 2352.000 48.497 0 1 4 200 0 0
 563 62540.000 177583.000 0 0 42.000 56.000 2352.000 48.497 0 1 4 200 0 0
 564 62427.000 177535.000 0 0 42.000 56.000 2352.000 48.497 0 1 4 200 0 0
 565 61810.000 177313.000 0 0 44.000 56.000 2464.000 49.638 0 1 4 200 0 0
 566 61039.000 176783.000 0 0 44.000 56.000 2464.000 49.638 0 1 4 200 0 0
 567 60644.000 176608.000 0 0 44.000 56.000 2464.000 49.638 0 1 4 200 0 0
 568 60501.000 176527.000 0 0 44.000 56.000 2464.000 49.638 0 1 4 200 0 0
 569 58813.000 175804.000 0 0 44.000 54.000 2376.000 48.744 0 1 4 200 0 0
 570 58455.000 175615.000 0 0 46.000 54.000 2484.000 49.839 0 1 4 200 0 0
 571 55739.000 173875.000 0 0 46.000 56.000 2576.000 50.754 0 1 4 200 0 0
 572 54678.000 173320.000 0 0 48.000 56.000 2688.000 51.845 0 1 4 200 0 0
 573 80318.000 184156.000 0 0 34.000 54.000 1836.000 42.848 0 1 4 200 0 0
 574 163308.000 42164.000 0 0 0.000 0.000 0.000 0.304 0 1 0 0 0 0
 575 78953.000 183737.000 0 0 36.000 54.000 1944.000 44.090 0 1 4 200 0 0
 576 70279.000 181106.000 0 0 40.000 56.000 2240.000 47.328 0 1 4 200 0 0
 577 70261.000 181046.000 0 0 40.000 56.000 2240.000 47.328 0 1 4 200 0 0
 578 69411.000 180729.000 0 0 40.000 56.000 2240.000 47.328 0 1 4 200 0 0
 579 66144.000 179353.000 0 0 42.000 54.000 2268.000 47.623 0 1 4 200 0 0
 580 62805.000 178071.000 0 0 42.000 56.000 2352.000 48.497 0 1 4 200 0 0
 581 62450.000 177903.000 0 0 42.000 56.000 2352.000 48.497 0 1 4 200 0 0
 582 62363.000 177855.000 0 0 42.000 56.000 2352.000 48.497 0 1 4 200 0 0
 583 62025.000 177690.000 0 0 42.000 56.000 2352.000 48.497 0 1 4 200 0 0
 584 61816.000 177555.000 0 0 44.000 56.000 2464.000 49.638 0 1 4 200 0 0
 585 61151.000 177264.000 0 0 44.000 56.000 2464.000 49.638 0 1 4 200 0 0
 586 60231.000 176589.000 0 0 44.000 56.000 2464.000 49.638 0 1 4 200 0 0
 587 59699.000 176351.000 0 0 44.000 56.000 2464.000 49.638 0 1 4 200 0 0
 588 59587.000 176342.000 0 0 44.000 56.000 2464.000 49.638 0 1 4 200 0 0
 589 57627.000 175237.000 0 0 46.000 54.000 2484.000 49.839 0 1 4 200 0 0
 590 53541.000 172811.000 0 0 48.000 56.000 2688.000 51.845 0 1 4 200 0 0
 591 53376.000 172665.000 0 0 48.000 56.000 2688.000 51.845 0 1 4 200 0 0
 592 87314.000 185527.000 0 0 0.000 0.000 0.000 0.131 0 1 0 0 0 0
 593 74075.000 182463.000 0 0 38.000 54.000 2052.000 45.299 0 1 4 200 0 0
 594 72066.000 181901.000 0 0 40.000 54.000 2160.000 46.475 0 1 4 200 0 0
 595 70616.000 181385.000 0 0 40.000 56.000 2240.000 47.328 0 1 4 200 0 0
 596 67528.000 180166.000 0 0 42.000 56.000 2352.000 48.497 0 1 4 200 0 0
 597 60816.000 177305.000 0 0 44.000 56.000 2464.000 49.638 0 1 4 200 0 0
 598 58014.000 175603.000 0 0 46.000 54.000 2484.000 49.839 0 1 4 200 0 0
 599 57594.000 175421.000 0 0 46.000 54.000 2484.000 49.839 0 1 4 200 0 0
 600 57227.000 175372.000 0 0 46.000 54.000 2484.000 49.839 0 1 4 200 0 0
 601 56571.000 174804.000 0 0 46.000 56.000 2576.000 50.754 0 1 4 200 0 0
 602 55227.000 174069.000 0 0 46.000 56.000 2576.000 50.754 0 1 4 200 0 0
 603 74502.000 17739.000 0 0 38.000 54.000 2052.000 45.299 0 1 1 200 0 0
 604 75678.000 17233.000 0 0 38.000 54.000 2052.000 45.299 0 1 1 200 0 0
 605 87764.000 185825.000 0 0 0.000 0.000 0.000 0.130 0 1 0 0 0 0
 606 83941.000 185219.000 0 0 32.000 54.000 1728.000 41.569 0 1 4 200 0 0
 607 78535.000 183974.000 0 0 36.000 54.000 1944.000 44.090 0 1 4 200 0 0
 608 78375.000 183933.000 0 0 36.000 54.000 1944.000 44.090 0 1 4 200 0 0
 609 72663.000 182336.000 0 0 38.000 54.000 2052.000 45.299 0 1 4 200 0 0
 610 70882.000 181798.000 0 0 40.000 56.000 2240.000 47.328 0 1 4 200 0 0
 611 70329.000 181461.000 0 0 40.000 56.000 2240.000 47.328 0 1 4 200 0 0
 612 70250.000 181401.000 0 0 40.000 56.000 2240.000 47.328 0 1 4 200 0 0
 613 69721.000 181181.000 0 0 40.000 56.000 2240.000 47.328 0 1 4 200 0 0
 614 69482.000 181124.000 0 0 40.000 56.000 2240.000 47.328 0 1 4 200 0 0
 615 67531.000 180535.000 0 0 42.000 56.000 2352.000 48.497 0 1 4 200 0 0
 616 67096.000 180119.000 0 0 42.000 56.000 2352.000 48.497 0 1 4 200 0 0
 617 62454.000 178115.000 0 0 42.000 56.000 2352.000 48.497 0 1 4 200 0 0
 618 62073.000 177836.000 0 0 42.000 56.000 2352.000 48.497 0 1 4 200 0 0
 619 58888.000 176395.000 0 0 44.000 56.000 2464.000 49.638 0 1 4 200 0 0
 620 58807.000 176351.000 0 0 44.000 56.000 2464.000 49.638 0 1 4 200 0 0
 621 58306.000 175930.000 0 0 46.000 54.000 2484.000 49.839 0 1 4 200 0 0
 622 58167.000 175950.000 0 0 46.000 54.000 2484.000 49.839 0 1 4 200 0 0
 623 58021.000 175947.000 0 0 46.000 54.000 2484.000 49.839 0 1 4 200 0 0
 624 57243.000 175486.000 0 0 46.000 54.000 2484.000 49.839 0 1 4 200 0 0
 625 55797.000 174575.000 0 0 46.000 56.000 2576.000 50.754 0 1 4 200 0 0
 626 83725.000 185452.000 0 0 32.000 54.000 1728.000 41.569 0 1 4 200 0 0
 627 79905.000 184481.000 0 0 34.000 54.000 1836.000 42.848 0 1 4 200 0 0
 628 79336.000 184325.000 0 0 34.000 54.000 1836.000 42.848 0 1 4 200 0 0
 629 72555.000 182398.000 0 0 38.000 54.000 2052.000 45.299 0 1 4 200 0 0
 630 72008.000 182148.000 0 0 40.000 54.000 2160.000 46.475 0 1 4 200 0 0
 631 70895.000 181872.000 0 0 40.000 56.000 2240.000 47.328 0 1 4 200 0 0
 632 70360.000 181694.000 0 0 40.000 56.000 2240.000 47.328 0 1 4 200 0 0
 633 69974.000 181576.000 0 0 40.000 56.000 2240.000 47.328 0 1 4 200 0 0
 634 67114.000 180502.000 0 0 42.000 56.000 2352.000 48.497 0 1 4 200 0 0
 635 66767.000 180188.000 0 0 42.000 56.000 2352.000 48.497 0 1 4 200 0 0
 636 62328.000 178280.000 0 0 42.000 56.000 2352.000 48.497 0 1 4 200 0 0
 637 62042.000 178108.000 0 0 42.000 56.000 2352.000 48.497 0 1 4 200 0 0
 638 61167.000 177641.000 0 0 44.000 56.000 2464.000 49.638 0 1 4 200 0 0
 639 60514.000 177359.000 0 0 44.000 56.000 2464.000 49.638 0 1 4 200 0 0
 640 60441.000 177303.000 0 0 44.000 56.000 2464.000 49.638 0 1 4 200 0 0
 641 59109.000 176729.000 0 0 44.000 56.000 2464.000 49.638 0 1 4 200 0 0
 642 57701.000 175986.000 0 0 46.000 54.000 2484.000 49.839 0 1 4 200 0 0
 643 57541.000 175795.000 0 0 46.000 54.000 2484.000 49.839 0 1 4 200 0 0
 644 56516.000 175320.000 0 0 46.000 54.000 2484.000 49.839 0 1 4 200 0 0
 645 55947.000 174787.000 0 0 46.000 56.000 2576.000 50.754 0 1 4 200 0 0
 646 54377.000 173950.000 0 0 48.000 56.000 2688.000 51.845 0 1 4 200 0 0
 647 49881.000 170910.000 0 0 48.000 54.000 2592.000 50.911 0 1 2 210 0 0
 648 49597.000 170845.000 0 0 48.000 54.000 2592.000 50.911 0 1 2 210 0 0
 649 83962.000 185448.000 0 0 32.000 54.000 1728.000 41.569 0 1 4 200 0 0
 650 83196.000 185420.000 0 0 32.000 54.000 1728.000 41.569 0 1 4 200 0 0
 651 83055.000 185410.000 0 0 32.000 54.000 1728.000 41.569 0 1 4 200 0 0
 652 80860.000 184887.000 0 0 34.000 54.000 1836.000 42.848 0 1 4 200 0 0
 653 80715.000 184889.000 0 0 34.000 54.000 1836.000 42.848 0 1 4 200 0 0
 654 71853.000 182449.000 0 0 40.000 54.000 2160.000 46.475 0 1 4 200 0 0
 655 70780.000 181949.000 0 0 40.000 56.000 2240.000 47.328 0 1 4 200 0 0
 656 69192.000 181364.000 0 0 40.000 56.000 2240.000 47.328 0 1 4 200 0 0
 657 68827.000 181363.000 0 0 40.000 56.000 2240.000 47.328 0 1 4 200 0 0
 658 61748.000 178284.000 0 0 42.000 56.000 2352.000 48.497 0 1 4 200 0 0
 659 60835.000 177792.000 0 0 44.000 56.000 2464.000 49.638 0 1 4 200 0 0
 660 60782.000 177667.000 0 0 44.000 56.000 2464.000 49.638 0 1 4 200 0 0
 661 60264.000 177463.000 0 0 44.000 56.000 2464.000 49.638 0 1 4 200 0 0
 662 59558.000 177045.000 0 0 44.000 56.000 2464.000 49.638 0 1 4 200 0 0
 663 59178.000 176829.000 0 0 44.000 56.000 2464.000 49.638 0 1 4 200 0 0
 664 58555.000 176504.000 0 0 44.000 54.000 2376.000 48.744 0 1 4 200 0 0
 665 58274.000 176385.000 0 0 44.000 54.000 2376.000 48.744 0 1 4 200 0 0
 666 57103.000 175861.000 0 0 46.000 54.000 2484.000 49.839 0 1 4 200 0 0
 667 56780.000 175544.000 0 0 46.000 54.000 2484.000 49.839 0 1 4 200 0 0
 668 56703.000 175420.000 0 0 46.000 54.000 2484.000 49.839 0 1 4 200 0 0
 669 56368.000 175293.000 0 0 46.000 56.000 2576.000 50.754 0 1 4 200 0 0
 670 56074.000 175253.000 0 0 46.000 56.000 2576.000 50.754 0 1 4 200 0 0
 671 55346.000 174774.000 0 0 46.000 56.000 2576.000 50.754 0 1 4 200 0 0
 672 53913.000 173805.000 0 0 48.000 56.000 2688.000 51.845 0 1 4 200 0 0
 673 53578.000 173628.000 0 0 48.000 56.000 2688.000 51.845 0 1 4 200 0 0
 674 49790.000 171125.000 0 0 48.000 54.000 2592.000 50.911 0 1 2 210 0 0
 675 49353.000 170721.000 0 0 48.000 54.000 2592.000 50.911 0 1 2 210 0 0
 676 48945.000 170461.000 0 0 48.000 56.000 2688.000 51.845 0 1 2 210 0 0
 677 48118.000 169866.000 0 0 48.000 56.000 2688.000 51.845 0 1 2 210 0 0
 678 74280.000 17286.000 0 0 38.000 54.000 2052.000 45.299 0 1 1 200 0 0
 679 84285.000 185760.000 0 0 32.000 54.000 1728.000 41.569 0 1 4 200 0 0
 680 74728.000 17156.000 0 0 38.000 54.000 2052.000 45.299 0 1 1 200 0 0
 681 84499.000 185817.000 0 0 32.000 54.000 1728.000 41.569 0 1 4 200 0 0
 682 70262.000 181865.000 0 0 40.000 56.000 2240.000 47.328 0 1 4 200 0 0
 683 62038.000 178632.000 0 0 42.000 56.000 2352.000 48.497 0 1 4 200 0 0
 684 61365.000 178176.000 0 0 44.000 56.000 2464.000 49.638 0 1 4 200 0 0
 685 61127.000 178019.000 0 0 44.000 56.000 2464.000 49.638 0 1 4 200 0 0
 686 60111.000 177560.000 0 0 44.000 56.000 2464.000 49.638 0 1 4 200 0 0
 687 59876.000 177398.000 0 0 44.000 56.000 2464.000 49.638 0 1 4 200 0 0
 688 59808.000 177339.000 0 0 44.000 56.000 2464.000 49.638 0 1 4 200 0 0
 689 59442.000 177185.000 0 0 44.000 56.000 2464.000 49.638 0 1 4 200 0 0
 690 59138.000 177037.000 0 0 44.000 56.000 2464.000 49.638 0 1 4 200 0 0
 691 58892.000 176924.000 0 0 44.000 56.000 2464.000 49.638 0 1 4 200 0 0
 692 58713.000 176834.000 0 0 44.000 56.000 2464.000 49.638 0 1 4 200 0 0
 693 57790.000 176272.000 0 0 46.000 54.000 2484.000 49.839 0 1 4 200 0 0
 694 57492.000 176131.000 0 0 46.000 54.000 2484.000 49.839 0 1 4 200 0 0
 695 57226.000 176101.000 0 0 46.000 54.000 2484.000 49.839 0 1 4 200 0 0
 696 56730.000 175842.000 0 0 46.000 54.000 2484.000 49.839 0 1 4 200 0 0
 697 56186.000 175517.000 0 0 46.000 56.000 2576.000 50.754 0 1 4 200 0 0
 698 54700.000 174504.000 0 0 46.000 56.000 2576.000 50.754 0 1 4 200 0 0
 699 53191.000 173592.000 0 0 48.000 56.000 2688.000 51.845 0 1 4 200 0 0
 700 53093.000 173506.000 0 0 48.000 56.000 2688.000 51.845 0 1 4 200 0 0
 701 51617.000 172512.000 0 0 46.000 54.000 2484.000 49.839 0 1 4 200 0 0
 702 75402.000 16763.000 0 0 38.000 54.000 2052.000 45.299 0 1 1 200 0 0
 703 82659.000 185625.000 0 0 32.000 54.000 1728.000 41.569 0 1 4 200 0 0
 704 80214.000 185075.000 0 0 34.000 54.000 1836.000 42.848 0 1 4 200 0 0
 705 78391.000 184791.000 0 0 36.000 54.000 1944.000 44.090 0 1 4 200 0 0
 706 71664.000 182692.000 0 0 40.000 54.000 2160.000 46.475 0 1 4 200 0 0
 707 71391.000 182624.000 0 0 40.000 54.000 2160.000 46.475 0 1 4 200 0 0
 708 70398.000 182347.000 0 0 40.000 56.000 2240.000 47.328 0 1 4 200 0 0
 709 68923.000 181766.000 0 0 40.000 56.000 2240.000 47.328 0 1 4 200 0 0
 710 67428.000 181045.000 0 0 42.000 56.000 2352.000 48.497 0 1 4 200 0 0
 711 61799.000 178627.000 0 0 42.000 56.000 2352.000 48.497 0 1 4 200 0 0
 712 61770.000 178555.000 0 0 42.000 56.000 2352.000 48.497 0 1 4 200 0 0
 713 61565.000 178613.000 0 0 42.000 56.000 2352.000 48.497 0 1 4 200 0 0
 714 60749.000 178129.000 0 0 44.000 56.000 2464.000 49.638 0 1 4 200 0 0
 715 60501.000 177935.000 0 0 44.000 56.000 2464.000 49.638 0 1 4 200 0 0
 716 59565.000 177390.000 0 0 44.000 56.000 2464.000 49.638 0 1 4 200 0 0
 717 58567.000 176894.000 0 0 44.000 56.000 2464.000 49.638 0 1 4 200 0 0
 718 57157.000 176122.000 0 0 46.000 54.000 2484.000 49.839 0 1 4 200 0 0
 719 56686.000 175758.000 0 0 46.000 54.000 2484.000 49.839 0 1 4 200 0 0
 720 56586.000 175790.000 0 0 46.000 54.000 2484.000 49.839 0 1 4 200 0 0
 721 55659.000 175290.000 0 0 46.000 56.000 2576.000 50.754 0 1 4 200 0 0
 722 55542.000 175284.000 0 0 46.000 56.000 2576.000 50.754 0 1 4 200 0 0
 723 55325.000 175158.000 0 0 46.000 56.000 2576.000 50.754 0 1 4 200 0 0
 724 52025.000 173006.000 0 0 48.000 54.000 2592.000 50.911 0 1 4 200 0 0
 725 75151.000 16652.000 0 0 38.000 54.000 2052.000 45.299 0 1 1 200 0 0
 726 78327.000 184821.000 0 0 36.000 54.000 1944.000 44.090 0 1 4 200 0 0
 727 72919.000 183223.000 0 0 38.000 54.000 2052.000 45.299 0 1 4 200 0 0
 728 70788.000 182651.000 0 0 40.000 54.000 2160.000 46.475 0 1 4 200 0 0
 729 69879.000 182123.000 0 0 40.000 56.000 2240.000 47.328 0 1 4 200 0 0
 730 69364.000 181984.000 0 0 40.000 56.000 2240.000 47.328 0 1 4 200 0 0
 731 65310.000 180527.000 0 0 0.000 0.000 0.000 0.137 0 1 0 0 0 0
 732 61816.000 178745.000 0 0 42.000 56.000 2352.000 48.497 0 1 4 200 0 0
 733 61230.000 178610.000 0 0 44.000 56.000 2464.000 49.638 0 1 4 200 0 0
 734 60978.000 178495.000 0 0 44.000 56.000 2464.000 49.638 0 1 4 200 0 0
 735 60356.000 178056.000 0 0 44.000 56.000 2464.000 49.638 0 1 4 200 0 0
 736 59552.000 177516.000 0 0 44.000 56.000 2464.000 49.638 0 1 4 200 0 0
 737 59242.000 177448.000 0 0 44.000 56.000 2464.000 49.638 0 1 4 200 0 0
 738 59152.000 177439.000 0 0 44.000 56.000 2464.000 49.638 0 1 4 200 0 0
 739 58794.000 177365.000 0 0 44.000 56.000 2464.000 49.638 0 1 4 200 0 0
 740 58616.000 177128.000 0 0 44.000 56.000 2464.000 49.638 0 1 4 200 0 0
 741 57775.000 176826.000 0 0 46.000 54.000 2484.000 49.839 0 1 4 200 0 0
 742 57625.000 176603.000 0 0 46.000 54.000 2484.000 49.839 0 1 4 200 0 0
 743 56879.000 176274.000 0 0 46.000 54.000 2484.000 49.839 0 1 4 200 0 0
 744 55980.000 175802.000 0 0 46.000 56.000 2576.000 50.754 0 1 4 200 0 0
 745 54858.000 174963.000 0 0 46.000 56.000 2576.000 50.754 0 1 4 200 0 0
 746 54764.000 174946.000 0 0 46.000 56.000 2576.000 50.754 0 1 4 200 0 0
 747 54632.000 174874.000 0 0 46.000 56.000 2576.000 50.754 0 1 4 200 0 0
 748 54516.000 174928.000 0 0 46.000 56.000 2576.000 50.754 0 1 4 200 0 0
 749 53746.000 174444.000 0 0 48.000 56.000 2688.000 51.845 0 1 4 200 0 0
 750 51737.000 173032.000 0 0 48.000 54.000 2592.000 50.911 0 1 4 200 0 0
 751 51447.000 172908.000 0 0 46.000 54.000 2484.000 49.839 0 1 4 200 0 0
 752 84447.000 186273.000 0 0 32.000 54.000 1728.000 41.569 0 1 4 200 0 0
 753 81859.000 185936.000 0 0 34.000 54.000 1836.000 42.848 0 1 4 200 0 0
 754 80754.000 185528.000 0 0 34.000 54.000 1836.000 42.848 0 1 4 200 0 0
 755 80411.000 185509.000 0 0 34.000 54.000 1836.000 42.848 0 1 4 200 0 0
 756 79949.000 185385.000 0 0 34.000 54.000 1836.000 42.848 0 1 4 200 0 0
 757 79847.000 185302.000 0 0 34.000 54.000 1836.000 42.848 0 1 4 200 0 0
 758 78883.000 185103.000 0 0 36.000 54.000 1944.000 44.090 0 1 4 200 0 0
 759 73333.000 183661.000 0 0 38.000 54.000 2052.000 45.299 0 1 4 200 0 0
 760 72622.000 183404.000 0 0 38.000 54.000 2052.000 45.299 0 1 4 200 0 0
 761 72033.000 183141.000 0 0 38.000 54.000 2052.000 45.299 0 1 4 200 0 0
 762 70695.000 182676.000 0 0 40.000 56.000 2240.000 47.328 0 1 4 200 0 0
 763 69974.000 182377.000 0 0 40.000 56.000 2240.000 47.328 0 1 4 200 0 0
 764 68860.000 182074.000 0 0 40.000 56.000 2240.000 47.328 0 1 4 200 0 0
 765 67736.000 181483.000 0 0 42.000 56.000 2352.000 48.497 0 1 4 200 0 0
 766 66651.000 181159.000 0 0 42.000 56.000 2352.000 48.497 0 1 4 200 0 0
 767 66052.000 180926.000 0 0 0.000 0.000 0.000 0.135 0 1 0 0 0 0
 768 61715.000 179031.000 0 0 42.000 56.000 2352.000 48.497 0 1 4 200 0 0
 769 61060.000 178557.000 0 0 44.000 56.000 2464.000 49.638 0 1 4 200 0 0
 770 60806.000 178425.000 0 0 44.000 56.000 2464.000 49.638 0 1 4 200 0 0
 771 60679.000 178399.000 0 0 44.000 56.000 2464.000 49.638 0 1 4 200 0 0
 772 60483.000 178434.000 0 0 44.000 56.000 2464.000 49.638 0 1 4 200 0 0
 773 60205.000 178129.000 0 0 44.000 56.000 2464.000 49.638 0 1 4 200 0 0
 774 59663.000 177937.000 0 0 44.000 56.000 2464.000 49.638 0 1 4 200 0 0
 775 59271.000 177698.000 0 0 44.000 56.000 2464.000 49.638 0 1 4 200 0 0
 776 58647.000 177309.000 0 0 44.000 56.000 2464.000 49.638 0 1 4 200 0 0
 777 57988.000 176969.000 0 0 44.000 54.000 2376.000 48.744 0 1 4 200 0 0
 778 57091.000 176571.000 0 0 46.000 54.000 2484.000 49.839 0 1 4 200 0 0
 779 56606.000 176101.000 0 0 46.000 54.000 2484.000 49.839 0 1 4 200 0 0
 780 56432.000 176126.000 0 0 46.000 54.000 2484.000 49.839 0 1 4 200 0 0
 781 56118.000 175890.000 0 0 46.000 56.000 2576.000 50.754 0 1 4 200 0 0
 782 55830.000 175777.000 0 0 46.000 56.000 2576.000 50.754 0 1 4 200 0 0
 783 55696.000 175732.000 0 0 46.000 56.000 2576.000 50.754 0 1 4 200 0 0
 784 55543.000 175769.000 0 0 46.000 56.000 2576.000 50.754 0 1 4 200 0 0
 785 54370.000 174886.000 0 0 48.000 56.000 2688.000 51.845 0 1 4 200 0 0
 786 54196.000 174938.000 0 0 48.000 56.000 2688.000 51.845 0 1 4 200 0 0
 787 51118.000 172940.000 0 0 46.000 54.000 2484.000 49.839 0 1 4 200 0 0
 788 85112.000 186736.000 0 0 32.000 54.000 1728.000 41.569 0 1 4 200 0 0
 789 84675.000 186520.000 0 0 32.000 54.000 1728.000 41.569 0 1 4 200 0 0
 790 82680.000 186091.000 0 0 32.000 54.000 1728.000 41.569 0 1 4 200 0 0
 791 82574.000 186126.000 0 0 32.000 54.000 1728.000 41.569 0 1 4 200 0 0
 792 81243.000 185827.000 0 0 34.000 54.000 1836.000 42.848 0 1 4 200 0 0
 793 80796.000 185724.000 0 0 34.000 54.000 1836.000 42.848 0 1 4 200 0 0
 794 71679.000 183336.000 0 0 40.000 54.000 2160.000 46.475 0 1 4 200 0 0
 795 70559.000 182768.000 0 0 40.000 56.000 2240.000 47.328 0 1 4 200 0 0
 796 70261.000 182616.000 0 0 40.000 56.000 2240.000 47.328 0 1 4 200 0 0
 797 69959.000 182674.000 0 0 40.000 56.000 2240.000 47.328 0 1 4 200 0 0
 798 69684.000 182374.000 0 0 40.000 56.000 2240.000 47.328 0 1 4 200 0 0
 799 69583.000 182441.000 0 0 40.000 56.000 2240.000 47.328 0 1 4 200 0 0
 800 68912.000 182185.000 0 0 40.000 56.000 2240.000 47.328 0 1 4 200 0 0
 801 67148.000 181495.000 0 0 42.000 56.000 2352.000 48.497 0 1 4 200 0 0
 802 66938.000 181422.000 0 0 42.000 56.000 2352.000 48.497 0 1 4 200 0 0
 803 61525.000 178952.000 0 0 42.000 56.000 2352.000 48.497 0 1 4 200 0 0
 804 59971.000 178237.000 0 0 44.000 56.000 2464.000 49.638 0 1 4 200 0 0
 805 59834.000 178136.000 0 0 44.000 56.000 2464.000 49.638 0 1 4 200 0 0
 806 59630.000 178210.000 0 0 44.000 56.000 2464.000 49.638 0 1 4 200 0 0
 807 59357.000 177923.000 0 0 44.000 56.000 2464.000 49.638 0 1 4 200 0 0
 808 59289.000 177856.000 0 0 44.000 56.000 2464.000 49.638 0 1 4 200 0 0
 809 59110.000 177860.000 0 0 44.000 56.000 2464.000 49.638 0 1 4 200 0 0
 810 58388.000 177375.000 0 0 44.000 56.000 2464.000 49.638 0 1 4 200 0 0
 811 58222.000 177285.000 0 0 44.000 54.000 2376.000 48.744 0 1 4 200 0 0
 812 57960.000 177186.000 0 0 44.000 54.000 2376.000 48.744 0 1 4 200 0 0
 813 57289.000 176940.000 0 0 46.000 54.000 2484.000 49.839 0 1 4 200 0 0
 814 57085.000 176677.000 0 0 46.000 54.000 2484.000 49.839 0 1 4 200 0 0
 815 55161.000 175591.000 0 0 46.000 56.000 2576.000 50.754 0 1 4 200 0 0
 816 54718.000 175388.000 0 0 46.000 56.000 2576.000 50.754 0 1 4 200 0 0
 817 54030.000 174878.000 0 0 48.000 56.000 2688.000 51.845 0 1 4 200 0 0
 818 53936.000 174751.000 0 0 48.000 56.000 2688.000 51.845 0 1 4 200 0 0
 819 53619.000 174520.000 0 0 48.000 56.000 2688.000 51.845 0 1 4 200 0 0
 820 53409.000 174651.000 0 0 48.000 56.000 2688.000 51.845 0 1 4 200 0 0
 821 50914.000 173040.000 0 0 46.000 54.000 2484.000 49.839 0 1 4 200 0 0
 822 84351.000 185679.000 0 0 32.000 54.000 1728.000 41.569 0 1 4 200 0 0
 823 101274.000 12392.000 0 0 0.000 0.000 0.000 200000.000 0 1 0 200 0 0
 824 101274.000 12402.000 0 0 0.000 0.000 0.000 200000.000 0 1 0 200 0 0
 825 85228.000 186781.000 0 0 32.000 54.000 1728.000 41.569 0 1 4 200 0 0
 826 84855.000 186720.000 0 0 32.000 54.000 1728.000 41.569 0 1 4 200 0 0
 827 81099.000 185972.000 0 0 34.000 54.000 1836.000 42.848 0 1 4 200 0 0
 828 80562.000 185941.000 0 0 34.000 54.000 1836.000 42.848 0 1 4 200 0 0
 829 80238.000 185790.000 0 0 34.000 54.000 1836.000 42.848 0 1 4 200 0 0
 830 80178.000 185734.000 0 0 34.000 54.000 1836.000 42.848 0 1 4 200 0 0
 831 71960.000 183530.000 0 0 38.000 54.000 2052.000 45.299 0 1 4 200 0 0
 832 71150.000 183178.000 0 0 40.000 54.000 2160.000 46.475 0 1 4 200 0 0
 833 68473.000 182345.000 0 0 40.000 56.000 2240.000 47.328 0 1 4 200 0 0
 834 61334.000 179112.000 0 0 42.000 56.000 2352.000 48.497 0 1 4 200 0 0
 835 60641.000 178860.000 0 0 44.000 56.000 2464.000 49.638 0 1 4 200 0 0
 836 59657.000 178268.000 0 0 44.000 56.000 2464.000 49.638 0 1 4 200 0 0
 837 59446.000 178171.000 0 0 44.000 56.000 2464.000 49.638 0 1 4 200 0 0
 838 58540.000 177803.000 0 0 44.000 56.000 2464.000 49.638 0 1 4 200 0 0
 839 57784.000 177254.000 0 0 44.000 54.000 2376.000 48.744 0 1 4 200 0 0
 840 57526.000 177069.000 0 0 46.000 54.000 2484.000 49.839 0 1 4 200 0 0
 841 56862.000 176721.000 0 0 46.000 54.000 2484.000 49.839 0 1 4 200 0 0
 842 56774.000 176587.000 0 0 46.000 54.000 2484.000 49.839 0 1 4 200 0 0
 843 56536.000 176614.000 0 0 46.000 54.000 2484.000 49.839 0 1 4 200 0 0
 844 56412.000 176653.000 0 0 46.000 54.000 2484.000 49.839 0 1 4 200 0 0
 845 55836.000 176100.000 0 0 46.000 56.000 2576.000 50.754 0 1 4 200 0 0
 846 55456.000 176033.000 0 0 46.000 56.000 2576.000 50.754 0 1 4 200 0 0
 847 55244.000 175819.000 0 0 46.000 56.000 2576.000 50.754 0 1 4 200 0 0
 848 54344.000 175195.000 0 0 46.000 56.000 2576.000 50.754 0 1 4 200 0 0
 849 54054.000 175274.000 0 0 48.000 56.000 2688.000 51.845 0 1 4 200 0 0
 850 52168.000 174036.000 0 0 0.000 0.000 0.000 0.138 0 1 0 0 0 0
 851 101110.000 12372.000 0 0 0.000 0.000 0.000 0.146 0 1 0 0 0 0
 852 84242.000 186907.000 0 0 32.000 54.000 1728.000 41.569 0 1 4 200 0 0
 853 83434.000 186644.000 0 0 32.000 54.000 1728.000 41.569 0 1 4 200 0 0
 854 80330.000 185992.000 0 0 34.000 54.000 1836.000 42.848 0 1 4 200 0 0
 855 72181.000 183704.000 0 0 38.000 54.000 2052.000 45.299 0 1 4 200 0 0
 856 70964.000 183291.000 0 0 40.000 54.000 2160.000 46.475 0 1 4 200 0 0
 857 69397.000 182763.000 0 0 40.000 56.000 2240.000 47.328 0 1 4 200 0 0
 858 67605.000 182191.000 0 0 42.000 56.000 2352.000 48.497 0 1 4 200 0 0
 859 60779.000 178905.000 0 0 44.000 56.000 2464.000 49.638 0 1 4 200 0 0
 860 60440.000 178820.000 0 0 44.000 56.000 2464.000 49.638 0 1 4 200 0 0
 861 58703.000 177928.000 0 0 44.000 56.000 2464.000 49.638 0 1 4 200 0 0
 862 58458.000 177706.000 0 0 44.000 56.000 2464.000 49.638 0 1 4 200 0 0
 863 58129.000 177669.000 0 0 44.000 56.000 2464.000 49.638 0 1 4 200 0 0
 864 57787.000 177415.000 0 0 44.000 54.000 2376.000 48.744 0 1 4 200 0 0
 865 56026.000 176487.000 0 0 46.000 54.000 2484.000 49.839 0 1 4 200 0 0
 866 55718.000 176253.000 0 0 46.000 56.000 2576.000 50.754 0 1 4 200 0 0
 867 54531.000 175527.000 0 0 46.000 56.000 2576.000 50.754 0 1 4 200 0 0
 868 53876.000 175274.000 0 0 48.000 56.000 2688.000 51.845 0 1 4 200 0 0
 869 52031.000 174055.000 0 0 0.000 0.000 0.000 0.135 0 1 0 0 0 0
 870 85686.000 187263.000 0 0 32.000 52.000 1664.000 40.792 0 1 4 200 0 0
 871 85587.000 187160.000 0 0 32.000 52.000 1664.000 40.792 0 1 4 200 0 0
 872 84375.000 186959.000 0 0 32.000 54.000 1728.000 41.569 0 1 4 200 0 0
 873 83562.000 186803.000 0 0 32.000 54.000 1728.000 41.569 0 1 4 200 0 0
 874 80687.000 186270.000 0 0 34.000 54.000 1836.000 42.848 0 1 4 200 0 0
 875 80367.000 186190.000 0 0 34.000 54.000 1836.000 42.848 0 1 4 200 0 0
 876 74596.000 184637.000 0 0 38.000 54.000 2052.000 45.299 0 1 4 200 0 0
 877 73880.000 184575.000 0 0 38.000 54.000 2052.000 45.299 0 1 4 200 0 0
 878 73182.000 184358.000 0 0 38.000 54.000 2052.000 45.299 0 1 4 200 0 0
 879 73042.000 184323.000 0 0 38.000 54.000 2052.000 45.299 0 1 4 200 0 0
 880 71446.000 183772.000 0 0 40.000 54.000 2160.000 46.475 0 1 4 200 0 0
 881 70309.000 183346.000 0 0 40.000 56.000 2240.000 47.328 0 1 4 200 0 0
 882 68533.000 182531.000 0 0 40.000 56.000 2240.000 47.328 0 1 4 200 0 0
 883 60401.000 179047.000 0 0 44.000 56.000 2464.000 49.638 0 1 4 200 0 0
 884 59674.000 178769.000 0 0 44.000 56.000 2464.000 49.638 0 1 4 200 0 0
 885 59510.000 178479.000 0 0 44.000 56.000 2464.000 49.638 0 1 4 200 0 0
 886 59208.000 178567.000 0 0 44.000 56.000 2464.000 49.638 0 1 4 200 0 0
 887 58729.000 178159.000 0 0 44.000 56.000 2464.000 49.638 0 1 4 200 0 0
 888 57224.000 177380.000 0 0 46.000 54.000 2484.000 49.839 0 1 4 200 0 0
 889 56136.000 176848.000 0 0 46.000 54.000 2484.000 49.839 0 1 4 200 0 0
 890 55909.000 176588.000 0 0 46.000 54.000 2484.000 49.839 0 1 4 200 0 0
 891 55691.000 176536.000 0 0 46.000 56.000 2576.000 50.754 0 1 4 200 0 0
 892 54215.000 175685.000 0 0 46.000 56.000 2576.000 50.754 0 1 4 200 0 0
 893 54151.000 175642.000 0 0 46.000 56.000 2576.000 50.754 0 1 4 200 0 0
 894 54175.000 175480.000 0 0 46.000 56.000 2576.000 50.754 0 1 4 200 0 0
 895 53616.000 175341.000 0 0 48.000 56.000 2688.000 51.845 0 1 4 200 0 0
 896 53440.000 175295.000 0 0 48.000 56.000 2688.000 51.845 0 1 4 200 0 0
 897 53455.000 175039.000 0 0 48.000 56.000 2688.000 51.845 0 1 4 200 0 0
 898 53124.000 175082.000 0 0 48.000 56.000 2688.000 51.845 0 1 4 200 0 0
 899 83943.000 187019.000 0 0 32.000 54.000 1728.000 41.569 0 1 4 200 0 0
 900 83560.000 187133.000 0 0 32.000 54.000 1728.000 41.569 0 1 4 200 0 0
 901 81510.000 186605.000 0 0 34.000 54.000 1836.000 42.848 0 1 4 200 0 0
 902 73517.000 184493.000 0 0 38.000 54.000 2052.000 45.299 0 1 4 200 0 0
 903 71850.000 183976.000 0 0 38.000 54.000 2052.000 45.299 0 1 4 200 0 0
 904 71354.000 183831.000 0 0 40.000 54.000 2160.000 46.475 0 1 4 200 0 0
 905 69194.000 183020.000 0 0 40.000 56.000 2240.000 47.328 0 1 4 200 0 0
 906 69086.000 183066.000 0 0 40.000 56.000 2240.000 47.328 0 1 4 200 0 0
 907 68502.000 182719.000 0 0 40.000 56.000 2240.000 47.328 0 1 4 200 0 0
 908 60156.000 179120.000 0 0 44.000 56.000 2464.000 49.638 0 1 4 200 0 0
 909 60106.000 178947.000 0 0 44.000 56.000 2464.000 49.638 0 1 4 200 0 0
 910 59739.000 178801.000 0 0 44.000 56.000 2464.000 49.638 0 1 4 200 0 0
 911 58567.000 178257.000 0 0 44.000 56.000 2464.000 49.638 0 1 4 200 0 0
 912 58127.000 177994.000 0 0 44.000 56.000 2464.000 49.638 0 1 4 200 0 0
 913 57642.000 177673.000 0 0 44.000 54.000 2376.000 48.744 0 1 4 200 0 0
 914 56437.000 177105.000 0 0 46.000 54.000 2484.000 49.839 0 1 4 200 0 0
 915 56208.000 177104.000 0 0 46.000 54.000 2484.000 49.839 0 1 4 200 0 0
 916 56046.000 176929.000 0 0 46.000 54.000 2484.000 49.839 0 1 4 200 0 0
 917 56009.000 176856.000 0 0 46.000 54.000 2484.000 49.839 0 1 4 200 0 0
 918 55584.000 176492.000 0 0 46.000 56.000 2576.000 50.754 0 1 4 200 0 0
 919 55236.000 176350.000 0 0 46.000 56.000 2576.000 50.754 0 1 4 200 0 0
 920 55082.000 176304.000 0 0 46.000 56.000 2576.000 50.754 0 1 4 200 0 0
 921 54583.000 176164.000 0 0 46.000 56.000 2576.000 50.754 0 1 4 200 0 0
 922 52769.000 174908.000 0 0 48.000 56.000 2688.000 51.845 0 1 4 200 0 0
 923 48618.000 172158.000 0 0 0.000 0.000 0.000 0.138 0 1 0 0 0 0
 924 84829.000 187381.000 0 0 32.000 54.000 1728.000 41.569 0 1 4 200 0 0
 925 83689.000 187208.000 0 0 32.000 54.000 1728.000 41.569 0 1 4 200 0 0
 926 80835.000 186601.000 0 0 34.000 54.000 1836.000 42.848 0 1 4 200 0 0
 927 80503.000 186512.000 0 0 34.000 54.000 1836.000 42.848 0 1 4 200 0 0
 928 73204.000 184583.000 0 0 38.000 54.000 2052.000 45.299 0 1 4 200 0 0
 929 70347.000 183580.000 0 0 40.000 56.000 2240.000 47.328 0 1 4 200 0 0
 930 69542.000 183314.000 0 0 40.000 56.000 2240.000 47.328 0 1 4 200 0 0
 931 68232.000 182949.000 0 0 40.000 56.000 2240.000 47.328 0 1 4 200 0 0
 932 59745.000 179097.000 0 0 44.000 56.000 2464.000 49.638 0 1 4 200 0 0
 933 59373.000 178819.000 0 0 44.000 56.000 2464.000 49.638 0 1 4 200 0 0
 934 58762.000 178549.000 0 0 44.000 56.000 2464.000 49.638 0 1 4 200 0 0
 935 58323.000 178212.000 0 0 44.000 56.000 2464.000 49.638 0 1 4 200 0 0
 936 58125.000 178257.000 0 0 44.000 56.000 2464.000 49.638 0 1 4 200 0 0
 937 57594.000 178133.000 0 0 44.000 54.000 2376.000 48.744 0 1 4 200 0 0
 938 56725.000 177397.000 0 0 46.000 54.000 2484.000 49.839 0 1 4 200 0 0
 939 54997.000 176572.000 0 0 46.000 56.000 2576.000 50.754 0 1 4 200 0 0
 940 54688.000 176385.000 0 0 46.000 56.000 2576.000 50.754 0 1 4 200 0 0
 941 54609.000 176236.000 0 0 46.000 56.000 2576.000 50.754 0 1 4 200 0 0
 942 54367.000 176129.000 0 0 46.000 56.000 2576.000 50.754 0 1 4 200 0 0
 943 54224.000 176006.000 0 0 46.000 56.000 2576.000 50.754 0 1 4 200 0 0
 944 53170.000 175322.000 0 0 48.000 56.000 2688.000 51.845 0 1 4 200 0 0
 945 52406.000 174856.000 0 0 48.000 56.000 2688.000 51.845 0 1 4 200 0 0
 946 51027.000 174058.000 0 0 48.000 54.000 2592.000 50.911 0 1 4 200 0 0
 947 50457.000 173567.000 0 0 46.000 54.000 2484.000 49.839 0 1 4 200 0 0
 948 86195.000 187783.000 0 0 30.000 52.000 1560.000 39.496 0 1 4 200 0 0
 949 84977.000 187569.000 0 0 32.000 54.000 1728.000 41.569 0 1 4 200 0 0
 950 84509.000 187659.000 0 0 32.000 54.000 1728.000 41.569 0 1 4 200 0 0
 951 82320.000 187258.000 0 0 32.000 54.000 1728.000 41.569 0 1 4 200 0 0
 952 82240.000 187220.000 0 0 32.000 54.000 1728.000 41.569 0 1 4 200 0 0
 953 81925.000 187024.000 0 0 34.000 54.000 1836.000 42.848 0 1 4 200 0 0
 954 81775.000 186972.000 0 0 34.000 54.000 1836.000 42.848 0 1 4 200 0 0
 955 75246.000 185382.000 0 0 36.000 56.000 2016.000 44.899 0 1 4 200 0 0
 956 73766.000 185062.000 0 0 38.000 54.000 2052.000 45.299 0 1 4 200 0 0
 957 72804.000 184635.000 0 0 38.000 54.000 2052.000 45.299 0 1 4 200 0 0
 958 71333.000 184246.000 0 0 40.000 54.000 2160.000 46.475 0 1 4 200 0 0
 959 70815.000 183888.000 0 0 40.000 54.000 2160.000 46.475 0 1 4 200 0 0
 960 70503.000 183863.000 0 0 40.000 54.000 2160.000 46.475 0 1 4 200 0 0
 961 68413.000 183061.000 0 0 40.000 56.000 2240.000 47.328 0 1 4 200 0 0
 962 58737.000 178781.000 0 0 44.000 56.000 2464.000 49.638 0 1 4 200 0 0
 963 58581.000 178630.000 0 0 44.000 56.000 2464.000 49.638 0 1 4 200 0 0
 964 58354.000 178422.000 0 0 44.000 56.000 2464.000 49.638 0 1 4 200 0 0
 965 57806.000 178258.000 0 0 44.000 56.000 2464.000 49.638 0 1 4 200 0 0
 966 57162.000 177844.000 0 0 46.000 54.000 2484.000 49.839 0 1 4 200 0 0
 967 56346.000 177524.000 0 0 46.000 54.000 2484.000 49.839 0 1 4 200 0 0
 968 56161.000 177429.000 0 0 46.000 54.000 2484.000 49.839 0 1 4 200 0 0
 969 55915.000 177346.000 0 0 46.000 54.000 2484.000 49.839 0 1 4 200 0 0
 970 55714.000 177225.000 0 0 46.000 54.000 2484.000 49.839 0 1 4 200 0 0
 971 55507.000 177107.000 0 0 46.000 54.000 2484.000 49.839 0 1 4 200 0 0
 972 55518.000 176893.000 0 0 46.000 56.000 2576.000 50.754 0 1 4 200 0 0
 973 54418.000 176283.000 0 0 46.000 56.000 2576.000 50.754 0 1 4 200 0 0
 974 54027.000 176002.000 0 0 46.000 56.000 2576.000 50.754 0 1 4 200 0 0
 975 53668.000 175815.000 0 0 48.000 56.000 2688.000 51.845 0 1 4 200 0 0
 976 53590.000 175756.000 0 0 48.000 56.000 2688.000 51.845 0 1 4 200 0 0
 977 52827.000 175318.000 0 0 48.000 56.000 2688.000 51.845 0 1 4 200 0 0
 978 52517.000 175148.000 0 0 48.000 56.000 2688.000 51.845 0 1 4 200 0 0
 979 52379.000 175136.000 0 0 48.000 56.000 2688.000 51.845 0 1 4 200 0 0
 980 49582.000 173207.000 0 0 48.000 54.000 2592.000 50.911 0 1 4 200 0 0
 981 84646.000 187716.000 0 0 32.000 54.000 1728.000 41.569 0 1 4 200 0 0
 982 81165.000 186999.000 0 0 34.000 54.000 1836.000 42.848 0 1 4 200 0 0
 983 80653.000 186912.000 0 0 34.000 54.000 1836.000 42.848 0 1 4 200 0 0
 984 80413.000 186852.000 0 0 34.000 54.000 1836.000 42.848 0 1 4 200 0 0
 985 76075.000 185763.000 0 0 36.000 56.000 2016.000 44.899 0 1 4 200 0 0
 986 72842.000 184766.000 0 0 38.000 54.000 2052.000 45.299 0 1 4 200 0 0
 987 72395.000 184724.000 0 0 38.000 54.000 2052.000 45.299 0 1 4 200 0 0
 988 71806.000 184456.000 0 0 38.000 54.000 2052.000 45.299 0 1 4 200 0 0
 989 71715.000 184406.000 0 0 38.000 54.000 2052.000 45.299 0 1 4 200 0 0
 990 58953.000 178955.000 0 0 44.000 56.000 2464.000 49.638 0 1 4 200 0 0
 991 58709.000 178906.000 0 0 44.000 56.000 2464.000 49.638 0 1 4 200 0 0
 992 58392.000 178760.000 0 0 44.000 56.000 2464.000 49.638 0 1 4 200 0 0
 993 57993.000 178450.000 0 0 44.000 56.000 2464.000 49.638 0 1 4 200 0 0
 994 57786.000 178449.000 0 0 44.000 56.000 2464.000 49.638 0 1 4 200 0 0
 995 56625.000 177786.000 0 0 46.000 54.000 2484.000 49.839 0 1 4 200 0 0
 996 56534.000 177695.000 0 0 46.000 54.000 2484.000 49.839 0 1 4 200 0 0
 997 55227.000 177072.000 0 0 46.000 56.000 2576.000 50.754 0 1 4 200 0 0
 998 55204.000 176959.000 0 0 46.000 56.000 2576.000 50.754 0 1 4 200 0 0
 999 51678.000 174896.000 0 0 48.000 56.000 2688.000 51.845 0 1 4 200 0 0
 1000 50894.000 174413.000 0 0 48.000 54.000 2592.000 50.911 0 1 4 200 0 0
 1001 50420.000 174079.000 0 0 46.000 54.000 2484.000 49.839 0 1 4 200 0 0
 1002 85199.000 188098.000 0 0 32.000 52.000 1664.000 40.792 0 1 4 200 0 0
 1003 85082.000 187969.000 0 0 32.000 54.000 1728.000 41.569 0 1 4 200 0 0
 1004 84419.000 187776.000 0 0 32.000 54.000 1728.000 41.569 0 1 4 200 0 0
 1005 83213.000 187779.000 0 0 32.000 54.000 1728.000 41.569 0 1 4 200 0 0
 1006 80734.000 187097.000 0 0 34.000 54.000 1836.000 42.848 0 1 4 200 0 0
 1007 76142.000 185952.000 0 0 36.000 56.000 2016.000 44.899 0 1 4 200 0 0
 1008 75907.000 185890.000 0 0 36.000 56.000 2016.000 44.899 0 1 4 200 0 0
 1009 71572.000 184565.000 0 0 38.000 54.000 2052.000 45.299 0 1 4 200 0 0
 1010 68231.000 183431.000 0 0 40.000 56.000 2240.000 47.328 0 1 4 200 0 0
 1011 67523.000 183072.000 0 0 42.000 56.000 2352.000 48.497 0 1 4 200 0 0
 1012 57911.000 178838.000 0 0 44.000 56.000 2464.000 49.638 0 1 4 200 0 0
 1013 57601.000 178486.000 0 0 44.000 54.000 2376.000 48.744 0 1 4 200 0 0
 1014 57488.000 178490.000 0 0 44.000 54.000 2376.000 48.744 0 1 4 200 0 0
 1015 57177.000 178266.000 0 0 45.000 54.000 2430.000 49.295 0 1 4 200 0 0
 1016 56712.000 178412.000 0 0 46.000 54.000 2484.000 49.839 0 1 4 200 0 0
 1017 54857.000 177053.000 0 0 46.000 56.000 2576.000 50.754 0 1 4 200 0 0
 1018 54637.000 176839.000 0 0 46.000 56.000 2576.000 50.754 0 1 4 200 0 0
 1019 54293.000 176775.000 0 0 46.000 56.000 2576.000 50.754 0 1 4 200 0 0
 1020 54199.000 176524.000 0 0 46.000 56.000 2576.000 50.754 0 1 4 200 0 0
 1021 54079.000 176492.000 0 0 46.000 56.000 2576.000 50.754 0 1 4 200 0 0
 1022 53821.000 176341.000 0 0 46.000 56.000 2576.000 50.754 0 1 4 200 0 0
 1023 53678.000 176249.000 0 0 46.000 56.000 2576.000 50.754 0 1 4 200 0 0
 1024 53321.000 176055.000 0 0 48.000 56.000 2688.000 51.845 0 1 4 200 0 0
 1025 52583.000 175603.000 0 0 48.000 56.000 2688.000 51.845 0 1 4 200 0 0
 1026 51711.000 175120.000 0 0 48.000 56.000 2688.000 51.845 0 1 4 200 0 0
 1027 51574.000 174862.000 0 0 48.000 54.000 2592.000 50.911 0 1 4 200 0 0
 1028 51224.000 174842.000 0 0 48.000 54.000 2592.000 50.911 0 1 4 200 0 0
 1029 83106.000 187740.000 0 0 32.000 54.000 1728.000 41.569 0 1 4 200 0 0
 1030 82454.000 187646.000 0 0 32.000 54.000 1728.000 41.569 0 1 4 200 0 0
 1031 82391.000 187618.000 0 0 32.000 54.000 1728.000 41.569 0 1 4 200 0 0
 1032 81693.000 187487.000 0 0 34.000 54.000 1836.000 42.848 0 1 4 200 0 0
 1033 78497.000 186851.000 0 0 36.000 54.000 1944.000 44.090 0 1 4 200 0 0
 1034 76206.000 186312.000 0 0 36.000 56.000 2016.000 44.899 0 1 4 200 0 0
 1035 74745.000 185775.000 0 0 38.000 54.000 2052.000 45.299 0 1 4 200 0 0
 1036 73784.000 185483.000 0 0 38.000 54.000 2052.000 45.299 0 1 4 200 0 0
 1037 72765.000 185201.000 0 0 38.000 54.000 2052.000 45.299 0 1 4 200 0 0
 1038 72330.000 184991.000 0 0 38.000 54.000 2052.000 45.299 0 1 4 200 0 0
 1039 57737.000 178864.000 0 0 44.000 56.000 2464.000 49.638 0 1 4 200 0 0
 1040 57606.000 178675.000 0 0 44.000 56.000 2464.000 49.638 0 1 4 200 0 0
 1041 56526.000 178085.000 0 0 46.000 54.000 2484.000 49.839 0 1 4 200 0 0
 1042 56310.000 177955.000 0 0 46.000 54.000 2484.000 49.839 0 1 4 200 0 0
 1043 55992.000 177917.000 0 0 46.000 54.000 2484.000 49.839 0 1 4 200 0 0
 1044 55850.000 177795.000 0 0 46.000 54.000 2484.000 49.839 0 1 4 200 0 0
 1045 55698.000 177786.000 0 0 46.000 54.000 2484.000 49.839 0 1 4 200 0 0
 1046 55740.000 177617.000 0 0 46.000 54.000 2484.000 49.839 0 1 4 200 0 0
 1047 55255.000 177288.000 0 0 46.000 56.000 2576.000 50.754 0 1 4 200 0 0
 1048 55105.000 177366.000 0 0 46.000 56.000 2576.000 50.754 0 1 4 200 0 0
 1049 55005.000 177215.000 0 0 46.000 56.000 2576.000 50.754 0 1 4 200 0 0
 1050 54761.000 177142.000 0 0 46.000 56.000 2576.000 50.754 0 1 4 200 0 0
 1051 54384.000 177081.000 0 0 46.000 56.000 2576.000 50.754 0 1 4 200 0 0
 1052 53643.000 176436.000 0 0 46.000 56.000 2576.000 50.754 0 1 4 200 0 0
 1053 52942.000 175970.000 0 0 48.000 56.000 2688.000 51.845 0 1 4 200 0 0
 1054 51531.000 175337.000 0 0 48.000 56.000 2688.000 51.845 0 1 4 200 0 0
 1055 85535.000 188372.000 0 0 32.000 52.000 1664.000 40.792 0 1 4 200 0 0
 1056 85385.000 188388.000 0 0 32.000 52.000 1664.000 40.792 0 1 4 200 0 0
 1057 82156.000 187762.000 0 0 32.000 54.000 1728.000 41.569 0 1 4 200 0 0
 1058 81428.000 187604.000 0 0 34.000 54.000 1836.000 42.848 0 1 4 200 0 0
 1059 77829.000 186770.000 0 0 36.000 54.000 1944.000 44.090 0 1 4 200 0 0
 1060 77370.000 186802.000 0 0 36.000 56.000 2016.000 44.899 0 1 4 200 0 0
 1061 77192.000 186517.000 0 0 36.000 56.000 2016.000 44.899 0 1 4 200 0 0
 1062 75656.000 186195.000 0 0 36.000 56.000 2016.000 44.899 0 1 4 200 0 0
 1063 75086.000 186137.000 0 0 36.000 56.000 2016.000 44.899 0 1 4 200 0 0
 1064 74430.000 185813.000 0 0 38.000 54.000 2052.000 45.299 0 1 4 200 0 0
 1065 70584.000 184627.000 0 0 40.000 54.000 2160.000 46.475 0 1 4 200 0 0
 1066 59172.000 179750.000 0 0 44.000 56.000 2464.000 49.638 0 1 4 200 0 0
 1067 57201.000 178802.000 0 0 44.000 54.000 2376.000 48.744 0 1 4 200 0 0
 1068 56032.000 178214.000 0 0 46.000 54.000 2484.000 49.839 0 1 4 200 0 0
 1069 55790.000 178067.000 0 0 46.000 54.000 2484.000 49.839 0 1 4 200 0 0
 1070 55163.000 177650.000 0 0 46.000 56.000 2576.000 50.754 0 1 4 200 0 0
 1071 53708.000 176893.000 0 0 46.000 56.000 2576.000 50.754 0 1 4 200 0 0
 1072 53378.000 176389.000 0 0 48.000 56.000 2688.000 51.845 0 1 4 200 0 0
 1073 52896.000 176355.000 0 0 48.000 56.000 2688.000 51.845 0 1 4 200 0 0
 1074 51812.000 175485.000 0 0 48.000 56.000 2688.000 51.845 0 1 4 200 0 0
 1075 51382.000 175139.000 0 0 48.000 54.000 2592.000 50.911 0 1 4 200 0 0
 1076 50788.000 174822.000 0 0 48.000 54.000 2592.000 50.911 0 1 4 200 0 0
 1077 48549.000 173347.000 0 0 48.000 54.000 2592.000 50.911 0 1 5 200 0 0
 1078 46999.000 172166.000 0 0 48.000 56.000 2688.000 51.845 0 1 5 200 0 0
 1079 46638.000 171955.000 0 0 48.000 56.000 2688.000 51.845 0 1 5 200 0 0
 1080 83351.000 188175.000 0 0 32.000 54.000 1728.000 41.569 0 1 4 200 0 0
 1081 83179.000 188183.000 0 0 32.000 54.000 1728.000 41.569 0 1 4 200 0 0
 1082 83132.000 188110.000 0 0 32.000 54.000 1728.000 41.569 0 1 4 200 0 0
 1083 79539.000 187372.000 0 0 34.000 54.000 1836.000 42.848 0 1 4 200 0 0
 1084 79322.000 187470.000 0 0 34.000 54.000 1836.000 42.848 0 1 4 200 0 0
 1085 77678.000 187031.000 0 0 36.000 54.000 1944.000 44.090 0 1 4 200 0 0
 1086 71041.000 185066.000 0 0 40.000 54.000 2160.000 46.475 0 1 4 200 0 0
 1087 68907.000 184172.000 0 0 0.000 0.000 0.000 0.141 0 1 0 0 0 0
 1088 56808.000 178697.000 0 0 46.000 54.000 2484.000 49.839 0 1 4 200 0 0
 1089 55909.000 178282.000 0 0 46.000 54.000 2484.000 49.839 0 1 4 200 0 0
 1090 55519.000 177857.000 0 0 46.000 54.000 2484.000 49.839 0 1 4 200 0 0
 1091 55266.000 177756.000 0 0 46.000 54.000 2484.000 49.839 0 1 4 200 0 0
 1092 54547.000 177413.000 0 0 46.000 56.000 2576.000 50.754 0 1 4 200 0 0
 1093 53033.000 176615.000 0 0 48.000 56.000 2688.000 51.845 0 1 4 200 0 0
 1094 50381.000 174784.000 0 0 46.000 54.000 2484.000 49.839 0 1 4 200 0 0
 1095 50251.000 174709.000 0 0 46.000 54.000 2484.000 49.839 0 1 4 200 0 0
 1096 48310.000 173300.000 0 0 48.000 54.000 2592.000 50.911 0 1 5 200 0 0
 1097 48261.000 173309.000 0 0 48.000 54.000 2592.000 50.911 0 1 5 200 0 0
 1098 46595.000 172114.000 0 0 48.000 56.000 2688.000 51.845 0 1 5 200 0 0
 1099 84368.000 188684.000 0 0 32.000 54.000 1728.000 41.569 0 1 4 200 0 0
 1100 82832.000 188259.000 0 0 32.000 54.000 1728.000 41.569 0 1 4 200 0 0
 1101 82718.000 188216.000 0 0 32.000 54.000 1728.000 41.569 0 1 4 200 0 0
 1102 82588.000 188229.000 0 0 32.000 54.000 1728.000 41.569 0 1 4 200 0 0
 1103 81802.000 188022.000 0 0 34.000 54.000 1836.000 42.848 0 1 4 200 0 0
 1104 81718.000 187980.000 0 0 34.000 54.000 1836.000 42.848 0 1 4 200 0 0
 1105 77561.000 187023.000 0 0 36.000 54.000 1944.000 44.090 0 1 4 200 0 0
 1106 76260.000 186712.000 0 0 36.000 56.000 2016.000 44.899 0 1 4 200 0 0
 1107 75069.000 186363.000 0 0 36.000 56.000 2016.000 44.899 0 1 4 200 0 0
 1108 73241.000 185972.000 0 0 38.000 54.000 2052.000 45.299 0 1 4 200 0 0
 1109 68951.000 184387.000 0 0 0.000 0.000 0.000 0.130 0 1 0 0 0 0
 1110 58142.000 179510.000 0 0 44.000 56.000 2464.000 49.638 0 1 4 200 0 0
 1111 55117.000 177867.000 0 0 46.000 54.000 2484.000 49.839 0 1 4 200 0 0
 1112 54453.000 177683.000 0 0 46.000 56.000 2576.000 50.754 0 1 4 200 0 0
 1113 54027.000 177363.000 0 0 46.000 56.000 2576.000 50.754 0 1 4 200 0 0
 1114 53030.000 176694.000 0 0 48.000 56.000 2688.000 51.845 0 1 4 200 0 0
 1115 52737.000 176448.000 0 0 48.000 56.000 2688.000 51.845 0 1 4 200 0 0
 1116 52454.000 176349.000 0 0 48.000 56.000 2688.000 51.845 0 1 4 200 0 0
 1117 48241.000 173501.000 0 0 48.000 54.000 2592.000 50.911 0 1 5 200 0 0
 1118 45965.000 172016.000 0 0 50.000 54.000 2700.000 51.961 0 1 5 200 0 0
 1119 85571.000 188952.000 0 0 32.000 52.000 1664.000 40.792 0 1 4 200 0 0
 1120 103879.000 10667.000 0 0 0.000 0.000 0.000 0.407 0 1 0 0 0 0
 1121 84434.000 188707.000 0 0 32.000 54.000 1728.000 41.569 0 1 4 200 0 0
 1122 79656.000 187875.000 0 0 34.000 54.000 1836.000 42.848 0 1 4 200 0 0
 1123 78954.000 187591.000 0 0 34.000 54.000 1836.000 42.848 0 1 4 200 0 0
 1124 78301.000 187432.000 0 0 36.000 54.000 1944.000 44.090 0 1 4 200 0 0
 1125 78067.000 187444.000 0 0 36.000 54.000 1944.000 44.090 0 1 4 200 0 0
 1126 74390.000 186357.000 0 0 38.000 54.000 2052.000 45.299 0 1 4 200 0 0
 1127 73848.000 186198.000 0 0 38.000 54.000 2052.000 45.299 0 1 4 200 0 0
 1128 72440.000 185766.000 0 0 38.000 54.000 2052.000 45.299 0 1 4 200 0 0
 1129 69780.000 184854.000 0 0 40.000 56.000 2240.000 47.328 0 1 4 200 0 0
 1130 63747.000 182532.000 0 0 0.000 0.000 0.000 0.130 0 1 0 0 0 0
 1131 56202.000 178816.000 0 0 46.000 54.000 2484.000 49.839 0 1 4 200 0 0
 1132 53720.000 177264.000 0 0 46.000 56.000 2576.000 50.754 0 1 4 200 0 0
 1133 53202.000 176907.000 0 0 46.000 56.000 2576.000 50.754 0 1 4 200 0 0
 1134 53087.000 176889.000 0 0 48.000 56.000 2688.000 51.845 0 1 4 200 0 0
 1135 50582.000 175346.000 0 0 48.000 54.000 2592.000 50.911 0 1 4 200 0 0
 1136 48020.000 173546.000 0 0 48.000 54.000 2592.000 50.911 0 1 5 200 0 0
 1137 83497.000 188707.000 0 0 32.000 54.000 1728.000 41.569 0 1 4 200 0 0
 1138 83228.000 188708.000 0 0 32.000 54.000 1728.000 41.569 0 1 4 200 0 0
 1139 83122.000 188667.000 0 0 32.000 54.000 1728.000 41.569 0 1 4 200 0 0
 1140 82024.000 188433.000 0 0 32.000 54.000 1728.000 41.569 0 1 4 200 0 0
 1141 81255.000 188317.000 0 0 34.000 54.000 1836.000 42.848 0 1 4 200 0 0
 1142 78570.000 187744.000 0 0 34.000 54.000 1836.000 42.848 0 1 4 200 0 0
 1143 78487.000 187664.000 0 0 34.000 54.000 1836.000 42.848 0 1 4 200 0 0
 1144 77961.000 187441.000 0 0 36.000 54.000 1944.000 44.090 0 1 4 200 0 0
 1145 77720.000 187477.000 0 0 36.000 54.000 1944.000 44.090 0 1 4 200 0 0
 1146 75299.000 186858.000 0 0 36.000 56.000 2016.000 44.899 0 1 4 200 0 0
 1147 73890.000 186344.000 0 0 38.000 54.000 2052.000 45.299 0 1 4 200 0 0
 1148 72722.000 186033.000 0 0 38.000 54.000 2052.000 45.299 0 1 4 200 0 0
 1149 66304.000 183725.000 0 0 0.000 0.000 0.000 0.130 0 1 0 0 0 0
 1150 55722.000 178561.000 0 0 46.000 54.000 2484.000 49.839 0 1 4 200 0 0
 1151 55565.000 178629.000 0 0 46.000 54.000 2484.000 49.839 0 1 4 200 0 0
 1152 54757.000 178121.000 0 0 46.000 56.000 2576.000 50.754 0 1 4 200 0 0
 1153 54483.000 177872.000 0 0 46.000 56.000 2576.000 50.754 0 1 4 200 0 0
 1154 53767.000 177498.000 0 0 46.000 56.000 2576.000 50.754 0 1 4 200 0 0
 1155 52356.000 176654.000 0 0 48.000 56.000 2688.000 51.845 0 1 4 200 0 0
 1156 52000.000 176506.000 0 0 48.000 56.000 2688.000 51.845 0 1 4 200 0 0
 1157 48119.000 173831.000 0 0 48.000 54.000 2592.000 50.911 0 1 5 200 0 0
 1158 47801.000 173631.000 0 0 48.000 54.000 2592.000 50.911 0 1 5 200 0 0
 1159 47648.000 173578.000 0 0 48.000 54.000 2592.000 50.911 0 1 5 200 0 0
 1160 46632.000 172744.000 0 0 48.000 56.000 2688.000 51.845 0 1 5 200 0 0
 1161 79679.000 188086.000 0 0 34.000 54.000 1836.000 42.848 0 1 4 200 0 0
 1162 78752.000 187872.000 0 0 34.000 54.000 1836.000 42.848 0 1 4 200 0 0
 1163 78588.000 187887.000 0 0 34.000 54.000 1836.000 42.848 0 1 4 200 0 0
 1164 77346.000 187649.000 0 0 36.000 56.000 2016.000 44.899 0 1 4 200 0 0
 1165 76959.000 187569.000 0 0 36.000 56.000 2016.000 44.899 0 1 4 200 0 0
 1166 76760.000 187425.000 0 0 36.000 56.000 2016.000 44.899 0 1 4 200 0 0
 1167 71446.000 185806.000 0 0 38.000 54.000 2052.000 45.299 0 1 4 200 0 0
 1168 70346.000 185402.000 0 0 40.000 54.000 2160.000 46.475 0 1 4 200 0 0
 1169 55207.000 178586.000 0 0 46.000 54.000 2484.000 49.839 0 1 4 200 0 0
 1170 52178.000 176742.000 0 0 48.000 56.000 2688.000 51.845 0 1 4 200 0 0
 1171 50745.000 175981.000 0 0 48.000 54.000 2592.000 50.911 0 1 4 200 0 0
 1172 49236.000 174935.000 0 0 0.000 0.000 0.000 0.132 0 1 0 0 0 0
 1173 46137.000 172621.000 0 0 48.000 56.000 2688.000 51.845 0 1 5 200 0 0
 1174 84155.000 189144.000 0 0 32.000 54.000 1728.000 41.569 0 1 4 200 0 0
 1175 179425.000 143035.000 0 0 0.000 0.000 0.000 0.480 0 1 0 0 0 0
 1176 83670.000 189100.000 0 0 32.000 54.000 1728.000 41.569 0 1 4 200 0 0
 1177 82803.000 188885.000 0 0 32.000 54.000 1728.000 41.569 0 1 4 200 0 0
 1178 82628.000 189055.000 0 0 32.000 54.000 1728.000 41.569 0 1 4 200 0 0
 1179 82281.000 188820.000 0 0 32.000 54.000 1728.000 41.569 0 1 4 200 0 0
 1180 81563.000 188722.000 0 0 34.000 54.000 1836.000 42.848 0 1 4 200 0 0
 1181 80375.000 188600.000 0 0 34.000 54.000 1836.000 42.848 0 1 4 200 0 0
 1182 79092.000 188125.000 0 0 34.000 54.000 1836.000 42.848 0 1 4 200 0 0
 1183 79002.000 188129.000 0 0 34.000 54.000 1836.000 42.848 0 1 4 200 0 0
 1184 78786.000 188064.000 0 0 34.000 54.000 1836.000 42.848 0 1 4 200 0 0
 1185 78016.000 187875.000 0 0 36.000 54.000 1944.000 44.090 0 1 4 200 0 0
 1186 72262.000 186277.000 0 0 38.000 54.000 2052.000 45.299 0 1 4 200 0 0
 1187 72043.000 186154.000 0 0 38.000 54.000 2052.000 45.299 0 1 4 200 0 0
 1188 71283.000 185954.000 0 0 38.000 54.000 2052.000 45.299 0 1 4 200 0 0
 1189 52920.000 177352.000 0 0 46.000 56.000 2576.000 50.754 0 1 4 200 0 0
 1190 52877.000 177374.000 0 0 48.000 56.000 2688.000 51.845 0 1 4 200 0 0
 1191 46799.000 173321.000 0 0 48.000 56.000 2688.000 51.845 0 1 5 200 0 0
 1192 46221.000 172857.000 0 0 48.000 56.000 2688.000 51.845 0 1 5 200 0 0
 1193 84227.000 189382.000 0 0 32.000 54.000 1728.000 41.569 0 1 4 200 0 0
 1194 83865.000 189213.000 0 0 32.000 54.000 1728.000 41.569 0 1 4 200 0 0
 1195 82536.000 189166.000 0 0 32.000 54.000 1728.000 41.569 0 1 4 200 0 0
 1196 82430.000 189005.000 0 0 32.000 54.000 1728.000 41.569 0 1 4 200 0 0
 1197 81450.000 188821.000 0 0 34.000 54.000 1836.000 42.848 0 1 4 200 0 0
 1198 80728.000 188692.000 0 0 34.000 54.000 1836.000 42.848 0 1 4 200 0 0
 1199 80424.000 188698.000 0 0 34.000 54.000 1836.000 42.848 0 1 4 200 0 0
 1200 78480.000 188186.000 0 0 34.000 54.000 1836.000 42.848 0 1 4 200 0 0
 1201 78329.000 188093.000 0 0 34.000 54.000 1836.000 42.848 0 1 4 200 0 0
 1202 77382.000 187924.000 0 0 36.000 54.000 1944.000 44.090 0 1 4 200 0 0
 1203 75131.000 187273.000 0 0 36.000 56.000 2016.000 44.899 0 1 4 200 0 0
 1204 74108.000 187000.000 0 0 38.000 54.000 2052.000 45.299 0 1 4 200 0 0
 1205 70423.000 185939.000 0 0 40.000 54.000 2160.000 46.475 0 1 4 200 0 0
 1206 50200.000 175879.000 0 0 48.000 54.000 2592.000 50.911 0 1 4 200 0 0
 1207 46390.000 173395.000 0 0 48.000 56.000 2688.000 51.845 0 1 5 200 0 0
 1208 84481.000 189751.000 0 0 32.000 54.000 1728.000 41.569 0 1 4 200 0 0
 1209 83914.000 189625.000 0 0 32.000 54.000 1728.000 41.569 0 1 4 200 0 0
 1210 83414.000 189436.000 0 0 32.000 54.000 1728.000 41.569 0 1 4 200 0 0
 1211 83341.000 189398.000 0 0 32.000 54.000 1728.000 41.569 0 1 4 200 0 0
 1212 82968.000 189337.000 0 0 32.000 54.000 1728.000 41.569 0 1 4 200 0 0
 1213 82903.000 189303.000 0 0 32.000 54.000 1728.000 41.569 0 1 4 200 0 0
 1214 81992.000 189092.000 0 0 32.000 54.000 1728.000 41.569 0 1 4 200 0 0
 1215 81313.000 188923.000 0 0 34.000 54.000 1836.000 42.848 0 1 4 200 0 0
 1216 80708.000 188928.000 0 0 34.000 54.000 1836.000 42.848 0 1 4 200 0 0
 1217 79832.000 188679.000 0 0 34.000 54.000 1836.000 42.848 0 1 4 200 0 0
 1218 79434.000 188567.000 0 0 34.000 54.000 1836.000 42.848 0 1 4 200 0 0
 1219 79317.000 188550.000 0 0 34.000 54.000 1836.000 42.848 0 1 4 200 0 0
 1220 78532.000 188487.000 0 0 34.000 54.000 1836.000 42.848 0 1 4 200 0 0
 1221 76892.000 187929.000 0 0 36.000 56.000 2016.000 44.899 0 1 4 200 0 0
 1222 76249.000 187774.000 0 0 36.000 56.000 2016.000 44.899 0 1 4 200 0 0
 1223 74801.000 187354.000 0 0 36.000 56.000 2016.000 44.899 0 1 4 200 0 0
 1224 73506.000 187056.000 0 0 38.000 54.000 2052.000 45.299 0 1 4 200 0 0
 1225 72817.000 186723.000 0 0 38.000 54.000 2052.000 45.299 0 1 4 200 0 0
 1226 72539.000 186635.000 0 0 38.000 54.000 2052.000 45.299 0 1 4 200 0 0
 1227 54882.000 178909.000 0 0 46.000 54.000 2484.000 49.839 0 1 4 200 0 0
 1228 49799.000 175879.000 0 0 48.000 54.000 2592.000 50.911 0 1 4 200 0 0
 1229 84734.000 189766.000 0 0 32.000 54.000 1728.000 41.569 0 1 4 200 0 0
 1230 82986.000 189521.000 0 0 32.000 54.000 1728.000 41.569 0 1 4 200 0 0
 1231 82180.000 189239.000 0 0 32.000 54.000 1728.000 41.569 0 1 4 200 0 0
 1232 82066.000 189302.000 0 0 32.000 54.000 1728.000 41.569 0 1 4 200 0 0
 1233 81784.000 189247.000 0 0 33.000 54.000 1782.000 42.213 0 1 4 200 0 0
 1234 81573.000 189215.000 0 0 34.000 54.000 1836.000 42.848 0 1 4 200 0 0
 1235 80068.000 188918.000 0 0 34.000 54.000 1836.000 42.848 0 1 4 200 0 0
 1236 78058.000 188431.000 0 0 36.000 54.000 1944.000 44.090 0 1 4 200 0 0
 1237 78014.000 188445.000 0 0 36.000 54.000 1944.000 44.090 0 1 4 200 0 0
 1238 77815.000 188305.000 0 0 36.000 54.000 1944.000 44.090 0 1 4 200 0 0
 1239 77659.000 188460.000 0 0 36.000 54.000 1944.000 44.090 0 1 4 200 0 0
 1240 77586.000 188200.000 0 0 36.000 54.000 1944.000 44.090 0 1 4 200 0 0
 1241 72598.000 186983.000 0 0 38.000 54.000 2052.000 45.299 0 1 4 200 0 0
 1242 84104.000 189780.000 0 0 32.000 54.000 1728.000 41.569 0 1 4 200 0 0
 1243 83601.000 189747.000 0 0 32.000 54.000 1728.000 41.569 0 1 4 200 0 0
 1244 83131.000 189666.000 0 0 32.000 54.000 1728.000 41.569 0 1 4 200 0 0
 1245 83049.000 189705.000 0 0 32.000 54.000 1728.000 41.569 0 1 4 200 0 0
 1246 82749.000 189622.000 0 0 32.000 54.000 1728.000 41.569 0 1 4 200 0 0
 1247 82460.000 189533.000 0 0 32.000 54.000 1728.000 41.569 0 1 4 200 0 0
 1248 82072.000 189629.000 0 0 32.000 54.000 1728.000 41.569 0 1 4 200 0 0
 1249 81604.000 189519.000 0 0 34.000 54.000 1836.000 42.848 0 1 4 200 0 0
 1250 81438.000 189262.000 0 0 34.000 54.000 1836.000 42.848 0 1 4 200 0 0
 1251 80421.000 189059.000 0 0 34.000 54.000 1836.000 42.848 0 1 4 200 0 0
 1252 80343.000 189028.000 0 0 34.000 54.000 1836.000 42.848 0 1 4 200 0 0
 1253 79910.000 188962.000 0 0 34.000 54.000 1836.000 42.848 0 1 4 200 0 0
 1254 78864.000 188917.000 0 0 34.000 54.000 1836.000 42.848 0 1 4 200 0 0
 1255 78299.000 188635.000 0 0 34.000 54.000 1836.000 42.848 0 1 4 200 0 0
 1256 77890.000 188544.000 0 0 36.000 54.000 1944.000 44.090 0 1 4 200 0 0
 1257 76044.000 188132.000 0 0 36.000 56.000 2016.000 44.899 0 1 4 200 0 0
 1258 75663.000 187986.000 0 0 36.000 56.000 2016.000 44.899 0 1 4 200 0 0
 1259 74891.000 187716.000 0 0 36.000 56.000 2016.000 44.899 0 1 4 200 0 0
 1260 49448.000 176038.000 0 0 46.000 54.000 2484.000 49.839 0 1 4 200 0 0
 1261 49030.000 175878.000 0 0 0.000 0.000 0.000 0.137 0 1 0 0 0 0
 1262 46347.000 173876.000 0 0 48.000 56.000 2688.000 51.845 0 1 5 200 0 0
 1263 46177.000 173865.000 0 0 48.000 56.000 2688.000 51.845 0 1 5 200 0 0
 1264 46143.000 173659.000 0 0 48.000 56.000 2688.000 51.845 0 1 5 200 0 0
 1265 45174.000 173053.000 0 0 50.000 54.000 2700.000 51.961 0 1 5 200 0 0
 1266 82859.000 189954.000 0 0 32.000 54.000 1728.000 41.569 0 1 4 200 0 0
 1267 80809.000 189413.000 0 0 34.000 54.000 1836.000 42.848 0 1 4 200 0 0
 1268 80730.000 189381.000 0 0 34.000 54.000 1836.000 42.848 0 1 4 200 0 0
 1269 80623.000 189424.000 0 0 34.000 54.000 1836.000 42.848 0 1 4 200 0 0
 1270 80079.000 189351.000 0 0 34.000 54.000 1836.000 42.848 0 1 4 200 0 0
 1271 79558.000 189116.000 0 0 34.000 54.000 1836.000 42.848 0 1 4 200 0 0
 1272 78982.000 188966.000 0 0 34.000 54.000 1836.000 42.848 0 1 4 200 0 0
 1273 78451.000 188765.000 0 0 34.000 54.000 1836.000 42.848 0 1 4 200 0 0
 1274 77242.000 188489.000 0 0 36.000 54.000 1944.000 44.090 0 1 4 200 0 0
 1275 76623.000 188384.000 0 0 36.000 56.000 2016.000 44.899 0 1 4 200 0 0
 1276 75939.000 188219.000 0 0 36.000 56.000 2016.000 44.899 0 1 4 200 0 0
 1277 74133.000 187835.000 0 0 38.000 54.000 2052.000 45.299 0 1 4 200 0 0
 1278 72843.000 187370.000 0 0 38.000 54.000 2052.000 45.299 0 1 4 200 0 0
 1279 48806.000 175732.000 0 0 0.000 0.000 0.000 0.133 0 1 0 0 0 0
 1280 48401.000 175504.000 0 0 0.000 0.000 0.000 0.130 0 1 0 0 0 0
 1281 45682.000 173505.000 0 0 48.000 56.000 2688.000 51.845 0 1 5 200 0 0
 1282 45596.000 173512.000 0 0 48.000 56.000 2688.000 51.845 0 1 5 200 0 0
 1283 45063.000 173070.000 0 0 50.000 54.000 2700.000 51.961 0 1 5 200 0 0
 1284 78081.000 11664.000 0 0 0.000 0.000 0.000 0.130 0 1 0 0 0 0
 1285 82223.000 189835.000 0 0 32.000 54.000 1728.000 41.569 0 1 4 200 0 0
 1286 82145.000 189819.000 0 0 32.000 54.000 1728.000 41.569 0 1 4 200 0 0
 1287 81800.000 189891.000 0 0 32.000 54.000 1728.000 41.569 0 1 4 200 0 0
 1288 80898.000 189582.000 0 0 34.000 54.000 1836.000 42.848 0 1 4 200 0 0
 1289 80370.000 189616.000 0 0 34.000 54.000 1836.000 42.848 0 1 4 200 0 0
 1290 79883.000 189384.000 0 0 34.000 54.000 1836.000 42.848 0 1 4 200 0 0
 1291 79396.000 189372.000 0 0 34.000 54.000 1836.000 42.848 0 1 4 200 0 0
 1292 79196.000 189222.000 0 0 34.000 54.000 1836.000 42.848 0 1 4 200 0 0
 1293 78580.000 189201.000 0 0 34.000 54.000 1836.000 42.848 0 1 4 200 0 0
 1294 76945.000 188814.000 0 0 36.000 56.000 2016.000 44.899 0 1 4 200 0 0
 1295 76730.000 188682.000 0 0 36.000 56.000 2016.000 44.899 0 1 4 200 0 0
 1296 75774.000 188325.000 0 0 36.000 56.000 2016.000 44.899 0 1 4 200 0 0
 1297 73475.000 187805.000 0 0 38.000 54.000 2052.000 45.299 0 1 4 200 0 0
 1298 73074.000 187630.000 0 0 38.000 54.000 2052.000 45.299 0 1 4 200 0 0
 1299 45692.000 173941.000 0 0 48.000 56.000 2688.000 51.845 0 1 5 200 0 0
 1300 45377.000 173586.000 0 0 48.000 56.000 2688.000 51.845 0 1 5 200 0 0
 1301 45056.000 173291.000 0 0 48.000 56.000 2688.000 51.845 0 1 5 200 0 0
 1302 77979.000 11449.000 0 0 0.000 0.000 0.000 0.139 0 1 0 0 0 0
 1303 82272.000 189990.000 0 0 32.000 54.000 1728.000 41.569 0 1 4 200 0 0
 1304 82009.000 189965.000 0 0 32.000 54.000 1728.000 41.569 0 1 4 200 0 0
 1305 81156.000 189972.000 0 0 34.000 54.000 1836.000 42.848 0 1 4 200 0 0
 1306 81125.000 189778.000 0 0 34.000 54.000 1836.000 42.848 0 1 4 200 0 0
 1307 81056.000 189849.000 0 0 34.000 54.000 1836.000 42.848 0 1 4 200 0 0
 1308 80760.000 189782.000 0 0 34.000 54.000 1836.000 42.848 0 1 4 200 0 0
 1309 80237.000 189547.000 0 0 34.000 54.000 1836.000 42.848 0 1 4 200 0 0
 1310 79753.000 189499.000 0 0 34.000 54.000 1836.000 42.848 0 1 4 200 0 0
 1311 79300.000 189435.000 0 0 34.000 54.000 1836.000 42.848 0 1 4 200 0 0
 1312 79174.000 189515.000 0 0 34.000 54.000 1836.000 42.848 0 1 4 200 0 0
 1313 79087.000 189363.000 0 0 34.000 54.000 1836.000 42.848 0 1 4 200 0 0
 1314 78008.000 189159.000 0 0 34.000 54.000 1836.000 42.848 0 1 4 200 0 0
 1315 77577.000 189037.000 0 0 36.000 54.000 1944.000 44.090 0 1 4 200 0 0
 1316 75884.000 188620.000 0 0 36.000 56.000 2016.000 44.899 0 1 4 200 0 0
 1317 74705.000 188322.000 0 0 36.000 56.000 2016.000 44.899 0 1 4 200 0 0
 1318 74333.000 188246.000 0 0 36.000 56.000 2016.000 44.899 0 1 4 200 0 0
 1319 74259.000 188109.000 0 0 38.000 54.000 2052.000 45.299 0 1 4 200 0 0
 1320 71883.000 187357.000 0 0 38.000 54.000 2052.000 45.299 0 1 4 200 0 0
 1321 80853.000 189920.000 0 0 34.000 54.000 1836.000 42.848 0 1 4 200 0 0
 1322 80550.000 189781.000 0 0 34.000 54.000 1836.000 42.848 0 1 4 200 0 0
 1323 79961.000 189860.000 0 0 34.000 54.000 1836.000 42.848 0 1 4 200 0 0
 1324 79458.000 189529.000 0 0 34.000 54.000 1836.000 42.848 0 1 4 200 0 0
 1325 78651.000 189373.000 0 0 34.000 54.000 1836.000 42.848 0 1 4 200 0 0
 1326 78395.000 189389.000 0 0 34.000 54.000 1836.000 42.848 0 1 4 200 0 0
 1327 78074.000 189421.000 0 0 34.000 54.000 1836.000 42.848 0 1 4 200 0 0
 1328 77594.000 189202.000 0 0 36.000 54.000 1944.000 44.090 0 1 4 200 0 0
 1329 76237.000 188813.000 0 0 36.000 56.000 2016.000 44.899 0 1 4 200 0 0
 1330 76002.000 188773.000 0 0 36.000 56.000 2016.000 44.899 0 1 4 200 0 0
 1331 75495.000 188728.000 0 0 36.000 56.000 2016.000 44.899 0 1 4 200 0 0
 1332 75146.000 188538.000 0 0 36.000 56.000 2016.000 44.899 0 1 4 200 0 0
 1333 43991.000 172922.000 0 0 50.000 54.000 2700.000 51.961 0 1 5 200 0 0
 1334 80147.000 189954.000 0 0 34.000 54.000 1836.000 42.848 0 1 4 200 0 0
 1335 80047.000 189939.000 0 0 34.000 54.000 1836.000 42.848 0 1 4 200 0 0
 1336 79616.000 189951.000 0 0 34.000 54.000 1836.000 42.848 0 1 4 200 0 0
 1337 79509.000 189923.000 0 0 34.000 54.000 1836.000 42.848 0 1 4 200 0 0
 1338 78971.000 189608.000 0 0 34.000 54.000 1836.000 42.848 0 1 4 200 0 0
 1339 78747.000 189655.000 0 0 34.000 54.000 1836.000 42.848 0 1 4 200 0 0
 1340 78506.000 189565.000 0 0 34.000 54.000 1836.000 42.848 0 1 4 200 0 0
 1341 77607.000 189351.000 0 0 36.000 54.000 1944.000 44.090 0 1 4 200 0 0
 1342 76857.000 189275.000 0 0 36.000 56.000 2016.000 44.899 0 1 4 200 0 0
 1343 76290.000 189145.000 0 0 36.000 56.000 2016.000 44.899 0 1 4 200 0 0
 1344 75034.000 188657.000 0 0 36.000 56.000 2016.000 44.899 0 1 4 200 0 0
 1345 73677.000 188311.000 0 0 38.000 54.000 2052.000 45.299 0 1 4 200 0 0
 1346 71048.000 187464.000 0 0 38.000 54.000 2052.000 45.299 0 1 4 200 0 0
 1347 70916.000 187537.000 0 0 38.000 54.000 2052.000 45.299 0 1 4 200 0 0
 1348 44556.000 173551.000 0 0 50.000 54.000 2700.000 51.961 0 1 5 200 0 0
 1349 44304.000 173411.000 0 0 50.000 54.000 2700.000 51.961 0 1 5 200 0 0
 1350 60218.000 17286.000 0 0 0.000 0.000 0.000 0.141 0 1 0 0 0 0
 1351 79397.000 189955.000 0 0 34.000 54.000 1836.000 42.848 0 1 4 200 0 0
 1352 79221.000 189936.000 0 0 34.000 54.000 1836.000 42.848 0 1 4 200 0 0
 1353 76442.000 189275.000 0 0 36.000 56.000 2016.000 44.899 0 1 4 200 0 0
 1354 76120.000 189099.000 0 0 36.000 56.000 2016.000 44.899 0 1 4 200 0 0
 1355 75859.000 189082.000 0 0 36.000 56.000 2016.000 44.899 0 1 4 200 0 0
 1356 71656.000 187730.000 0 0 38.000 54.000 2052.000 45.299 0 1 4 200 0 0
 1357 70096.000 187390.000 0 0 40.000 54.000 2160.000 46.475 0 1 4 200 0 0
 1358 45135.000 174183.000 0 0 48.000 56.000 2688.000 51.845 0 1 5 200 0 0
 1359 44899.000 173984.000 0 0 48.000 56.000 2688.000 51.845 0 1 5 200 0 0
 1360 43918.000 173313.000 0 0 50.000 54.000 2700.000 51.961 0 1 5 200 0 0
 1361 78280.000 189826.000 0 0 34.000 54.000 1836.000 42.848 0 1 4 200 0 0
 1362 78167.000 189841.000 0 0 34.000 54.000 1836.000 42.848 0 1 4 200 0 0
 1363 76690.000 189552.000 0 0 36.000 56.000 2016.000 44.899 0 1 4 200 0 0
 1364 44849.000 174220.000 0 0 48.000 56.000 2688.000 51.845 0 1 5 200 0 0
 1365 77742.000 189921.000 0 0 36.000 54.000 1944.000 44.090 0 1 4 200 0 0
 1366 75987.000 189592.000 0 0 36.000 56.000 2016.000 44.899 0 1 4 200 0 0
 1367 73097.000 188795.000 0 0 38.000 54.000 2052.000 45.299 0 1 4 200 0 0
 1368 70549.000 187828.000 0 0 38.000 54.000 2052.000 45.299 0 1 4 200 0 0
 1369 44052.000 173971.000 0 0 50.000 54.000 2700.000 51.961 0 1 5 200 0 0
 1370 43548.000 173366.000 0 0 50.000 54.000 2700.000 51.961 0 1 5 200 0 0
 1371 76904.000 189872.000 0 0 36.000 54.000 1944.000 44.090 0 1 4 200 0 0
 1372 76401.000 189886.000 0 0 36.000 56.000 2016.000 44.899 0 1 4 200 0 0
 1373 75990.000 189771.000 0 0 36.000 56.000 2016.000 44.899 0 1 4 200 0 0
 1374 75775.000 189560.000 0 0 36.000 56.000 2016.000 44.899 0 1 4 200 0 0
 1375 45858.000 175393.000 0 0 48.000 54.000 2592.000 50.911 0 1 5 200 0 0
 1376 75703.000 189725.000 0 0 36.000 56.000 2016.000 44.899 0 1 4 200 0 0
 1377 75497.000 189721.000 0 0 36.000 56.000 2016.000 44.899 0 1 4 200 0 0
 1378 74578.000 189571.000 0 0 36.000 56.000 2016.000 44.899 0 1 4 200 0 0
 1379 73191.000 189036.000 0 0 38.000 54.000 2052.000 45.299 0 1 4 200 0 0
 1380 66299.000 186773.000 0 0 0.000 0.000 0.000 0.134 0 1 0 0 0 0
 1381 65803.000 186490.000 0 0 0.000 0.000 0.000 0.132 0 1 0 0 0 0
 1382 65396.000 186372.000 0 0 0.000 0.000 0.000 0.131 0 1 0 0 0 0
 1383 76009.000 189959.000 0 0 36.000 56.000 2016.000 44.899 0 1 4 200 0 0
 1384 75594.000 189822.000 0 0 36.000 56.000 2016.000 44.899 0 1 4 200 0 0
 1385 75324.000 189932.000 0 0 36.000 56.000 2016.000 44.899 0 1 4 200 0 0
 1386 74664.000 189774.000 0 0 36.000 56.000 2016.000 44.899 0 1 4 200 0 0
 1387 74039.000 189482.000 0 0 36.000 56.000 2016.000 44.899 0 1 4 200 0 0
 1388 71947.000 188826.000 0 0 0.000 0.000 0.000 0.131 0 1 0 0 0 0
 1389 44890.000 175226.000 0 0 48.000 56.000 2688.000 51.845 0 1 5 200 0 0
 1390 74086.000 189623.000 0 0 36.000 56.000 2016.000 44.899 0 1 4 200 0 0
 1391 66279.000 187009.000 0 0 0.000 0.000 0.000 0.131 0 1 0 0 0 0
 1392 45165.000 175666.000 0 0 48.000 56.000 2688.000 51.845 0 1 5 200 0 0
 1393 45076.000 175395.000 0 0 48.000 56.000 2688.000 51.845 0 1 5 200 0 0
 1394 71751.000 189118.000 0 0 0.000 0.000 0.000 0.131 0 1 0 0 0 0
 1395 70237.000 188643.000 0 0 0.000 0.000 0.000 0.130 0 1 0 0 0 0
 1396 44964.000 175754.000 0 0 48.000 56.000 2688.000 51.845 0 1 5 200 0 0
 1397 73898.000 189919.000 0 0 36.000 56.000 2016.000 44.899 0 1 4 200 0 0
 1398 44720.000 175616.000 0 0 48.000 56.000 2688.000 51.845 0 1 5 200 0 0
 1399 44905.000 175964.000 0 0 48.000 56.000 2688.000 51.845 0 1 5 200 0 0
 1400 42850.000 174419.000 0 0 0.000 0.000 0.000 0.131 0 1 0 0 0 0
 1401 74798.000 190673.000 0 0 0.000 0.000 0.000 0.139 0 1 0 0 0 0
 1402 72738.000 189933.000 0 0 38.000 54.000 2052.000 45.299 0 1 4 200 0 0
 1403 73902.000 190505.000 0 0 36.000 56.000 2016.000 44.899 0 1 4 200 0 0
 1404 73310.000 190313.000 0 0 38.000 54.000 2052.000 45.299 0 1 4 200 0 0
 1405 43087.000 175175.000 0 0 0.000 0.000 0.000 0.135 0 1 0 0 0 0
 1406 43018.000 174871.000 0 0 0.000 0.000 0.000 0.136 0 1 0 0 0 0
 1407 42353.000 174431.000 0 0 0.000 0.000 0.000 0.130 0 1 0 0 0 0
 1408 73267.000 190600.000 0 0 38.000 54.000 2052.000 45.299 0 1 4 200 0 0
 1409 72730.000 190318.000 0 0 38.000 54.000 2052.000 45.299 0 1 4 200 0 0
 1410 71874.000 189985.000 0 0 0.000 0.000 0.000 0.131 0 1 0 0 0 0
 1411 73354.000 190675.000 0 0 38.000 54.000 2052.000 45.299 0 1 4 200 0 0
 1412 41241.000 174020.000 0 0 0.000 0.000 0.000 0.131 0 1 0 0 0 0
 1413 74745.000 191388.000 0 0 0.000 0.000 0.000 0.139 0 1 0 0 0 0
 1414 74431.000 191315.000 0 0 0.000 0.000 0.000 0.138 0 1 0 0 0 0
 1415 43936.000 176625.000 0 0 0.000 0.000 0.000 0.136 0 1 0 0 0 0
 1416 41611.000 174720.000 0 0 0.000 0.000 0.000 0.132 0 1 0 0 0 0
 1417 188160.000 134843.000 0 0 0.000 0.000 0.000 0.237 0 1 0 0 0 0
 1418 188159.000 134843.000 0 0 0.000 0.000 0.000 0.208 0 1 0 0 0 0
 1419 69041.000 175926.000 0 0 40.033 16.323 653.486 25.563 0 1 4 200 0 0
 1420 68908.000 176055.000 0 0 156.770 64.089 10047.268 100.236 0 1 4 200 0 0
 1421 66135.000 177282.000 0 0 125.957 55.195 6952.303 83.380 0 1 4 200 0 0
 1422 66113.000 177457.000 0 0 33.416 14.619 488.541 22.102 0 1 4 200 0 0
 1423 65996.000 177405.000 0 0 141.004 61.943 8734.261 93.457 0 1 4 200 0 0
 1424 66030.000 177606.000 0 0 33.480 14.655 490.683 22.151 0 1 4 200 0 0
 1425 73380.000 180602.000 0 0 30.910 10.208 315.564 17.764 0 1 4 200 0 0
 1426 73254.000 180740.000 0 0 197.388 65.388 12907.001 113.608 0 1 4 200 0 0
 1427 73282.000 180928.000 0 0 34.914 11.526 402.446 20.061 0 1 4 200 0 0
 1428 80241.000 184123.000 0 0 20.166 4.736 95.528 9.773 0 1 4 200 0 0
 1429 80134.000 184098.000 0 0 20.160 4.762 96.016 9.798 0 1 4 200 0 0
 1430 79282.000 183893.000 0 0 205.098 50.651 10388.517 101.924 0 1 4 200 0 0
 1431 80211.000 184291.000 0 0 44.443 10.434 463.727 21.534 0 1 4 200 0 0
 1432 80108.000 184266.000 0 0 24.239 5.721 138.699 11.777 0 1 4 200 0 0
 1433 79335.000 184081.000 0 0 40.303 9.905 399.234 19.980 0 1 4 200 0 0
 1434 79153.000 184035.000 0 0 68.482 16.988 1163.412 34.108 0 1 4 200 0 0
 1435 80190.000 184459.000 0 0 20.247 4.749 96.161 9.806 0 1 4 200 0 0
 1436 80049.000 184427.000 0 0 64.755 15.302 990.915 31.478 0 1 4 200 0 0
 1437 80066.000 184606.000 0 0 178.449 42.044 7502.782 86.618 0 1 4 200 0 0;
ProcessEquipmentIDList 1
  "R404" ;
SummarySpec 5
  TESTNO    NDEFECT    DEFDENSITY    NDIE    NDEFDIE  ;
SummaryList 
  1    1437    5.254    1    1  ;
EndOfFile;
