FileVersion 1 2;
FileTimestamp 01-08-26 22:21:34;
InspectionStationID "KLA-Tencor" "SFSSP1" "0901-0728-TBI";
SampleType WAFER;
ResultTimestamp 01-08-26 22:11:59;
LotID "2580";
SampleSize 1 200;
DeviceID "None";
SetupID "T2-2580NR" 01-08-26 22:11:59;
StepID "6625P";
SampleOrientationMarkType NOTCH;
OrientationMarkLocation DOWN;
DiePitch 200000 200000;
DieOrigin 0 0;
WaferID "16";
Slot 16;
SampleCenterLocation 100000 100000;
ClassLookup 1
  0 "0"  ;
OrientationInstructions "Front";
CoordinatesMirrored No;
InspectionTest 1;
SampleTestPlan 1
  0 0 ;
AreaPerTest 2.73514e+010;
ClusterClassificationList 46
  21 200 
  30 200 
  20 200 
  23 200 
  22 200 
  19 200 
  36 200 
  26 210 
  25 200 
  24 200 
  28 210 
  27 200 
  33 200 
  43 210 
  41 200 
  17 200 
  32 200 
  37 200 
  31 200 
  34 200 
  38 200 
  40 200 
  42 200 
  35 200 
  18 200 
  16 200 
  44 200 
  39 200 
  15 200 
  14 200 
  12 200 
  46 200 
  10 200 
  13 200 
  11 200 
  7 200 
  8 200 
  9 200 
  6 200 
  1 200 
  5 200 
  4 200 
  3 200 
  45 200 
  2 200 
  29 210 ;
DefectRecordSpec 15 DEFECTID XREL YREL XINDEX YINDEX XSIZE YSIZE DEFECTAREA DSIZE CLASSNUMBER TEST CLUSTERNUMBER ROUGHBINNUMBER FINEBINNUMBER REVIEWSAMPLE ;
DefectList
 1 103064.000 100757.000 0 0 0.000 0.000 0.000 0.133 0 1 0 0 0 0
 2 98301.000 104632.000 0 0 0.000 0.000 0.000 0.138 0 1 0 0 0 0
 3 99358.000 95107.000 0 0 0.000 0.000 0.000 0.134 0 1 0 0 0 0
 4 98135.000 94365.000 0 0 0.000 0.000 0.000 0.142 0 1 0 0 0 0
 5 93961.000 101731.000 0 0 0.000 0.000 0.000 0.144 0 1 0 0 0 0
 6 106760.000 99033.000 0 0 0.000 0.000 0.000 0.139 0 1 0 0 0 0
 7 96208.000 93639.000 0 0 0.000 0.000 0.000 0.139 0 1 0 0 0 0
 8 94393.000 107125.000 0 0 0.000 0.000 0.000 0.136 0 1 0 0 0 0
 9 108807.000 96314.000 0 0 0.000 0.000 0.000 0.135 0 1 0 0 0 0
 10 103506.000 110901.000 0 0 0.000 0.000 0.000 0.150 0 1 0 0 0 0
 11 87917.000 102767.000 0 0 0.000 0.000 0.000 0.138 0 1 0 0 0 0
 12 88308.000 95959.000 0 0 0.000 0.000 0.000 0.139 0 1 0 0 0 0
 13 91836.000 90894.000 0 0 0.000 0.000 0.000 0.145 0 1 0 0 0 0
 14 112434.000 96365.000 0 0 0.000 0.000 0.000 0.145 0 1 0 0 0 0
 15 100232.000 86864.000 0 0 0.000 0.000 0.000 0.137 0 1 0 0 0 0
 16 91985.000 88106.000 0 0 0.000 0.000 0.000 0.148 0 1 0 0 0 0
 17 84939.000 95577.000 0 0 0.000 0.000 0.000 0.135 0 1 0 0 0 0
 18 98495.000 84591.000 0 0 0.000 0.000 0.000 0.155 0 1 0 0 0 0
 19 106656.000 85498.000 0 0 0.000 0.000 0.000 0.132 0 1 0 0 0 0
 20 115974.000 90646.000 0 0 0.000 0.000 0.000 0.133 0 1 0 0 0 0
 21 116856.000 92161.000 0 0 0.000 0.000 0.000 0.148 0 1 0 0 0 0
 22 82705.000 91871.000 0 0 0.000 0.000 0.000 0.138 0 1 0 0 0 0
 23 103307.000 120061.000 0 0 0.000 0.000 0.000 0.153 0 1 0 0 0 0
 24 118919.000 106896.000 0 0 0.000 0.000 0.000 0.132 0 1 0 0 0 0
 25 117478.000 110240.000 0 0 0.000 0.000 0.000 0.161 0 1 0 0 0 0
 26 119937.000 96419.000 0 0 54.000 32.000 1728.000 41.569 0 1 21 200 0 0
 27 83337.000 112377.000 0 0 0.000 0.000 0.000 0.139 0 1 0 0 0 0
 28 88823.000 117588.000 0 0 0.000 0.000 0.000 0.151 0 1 0 0 0 0
 29 120410.000 96174.000 0 0 54.000 32.000 1728.000 41.569 0 1 21 200 0 0
 30 120474.000 96212.000 0 0 54.000 32.000 1728.000 41.569 0 1 21 200 0 0
 31 120686.000 102411.000 0 0 0.000 0.000 0.000 0.136 0 1 0 0 0 0
 32 120466.000 95880.000 0 0 54.000 32.000 1728.000 41.569 0 1 21 200 0 0
 33 120537.000 95904.000 0 0 54.000 32.000 1728.000 41.569 0 1 21 200 0 0
 34 120076.000 93679.000 0 0 0.000 0.000 0.000 0.169 0 1 0 0 0 0
 35 78614.000 100004.000 0 0 0.000 0.000 0.000 0.144 0 1 0 0 0 0
 36 121394.000 102385.000 0 0 0.000 0.000 0.000 0.131 0 1 0 0 0 0
 37 121568.000 103255.000 0 0 0.000 0.000 0.000 0.136 0 1 0 0 0 0
 38 78772.000 94796.000 0 0 0.000 0.000 0.000 0.130 0 1 0 0 0 0
 39 121349.000 95868.000 0 0 54.000 32.000 1728.000 41.569 0 1 21 200 0 0
 40 110255.000 119514.000 0 0 44.000 56.000 2464.000 49.638 0 1 30 200 0 0
 41 91964.000 79691.000 0 0 0.000 0.000 0.000 0.152 0 1 0 0 0 0
 42 91455.000 120607.000 0 0 0.000 0.000 0.000 0.130 0 1 0 0 0 0
 43 111219.000 119430.000 0 0 46.000 56.000 2576.000 50.754 0 1 30 200 0 0
 44 111099.000 119603.000 0 0 46.000 54.000 2484.000 49.839 0 1 30 200 0 0
 45 118327.000 87487.000 0 0 0.000 0.000 0.000 0.130 0 1 0 0 0 0
 46 112098.000 119209.000 0 0 48.000 56.000 2688.000 51.845 0 1 30 200 0 0
 47 110854.000 119778.000 0 0 46.000 54.000 2484.000 49.839 0 1 30 200 0 0
 48 78198.000 106132.000 0 0 0.000 0.000 0.000 0.133 0 1 0 0 0 0
 49 109416.000 79715.000 0 0 0.000 0.000 0.000 0.135 0 1 0 0 0 0
 50 112620.000 119085.000 0 0 48.000 54.000 2592.000 50.911 0 1 30 200 0 0
 51 112267.000 119109.000 0 0 48.000 56.000 2688.000 51.845 0 1 30 200 0 0
 52 112146.000 119415.000 0 0 48.000 56.000 2688.000 51.845 0 1 30 200 0 0
 53 112027.000 119298.000 0 0 48.000 56.000 2688.000 51.845 0 1 30 200 0 0
 54 110953.000 120051.000 0 0 44.000 54.000 2376.000 48.744 0 1 30 200 0 0
 55 110849.000 120082.000 0 0 44.000 54.000 2376.000 48.744 0 1 30 200 0 0
 56 106744.000 78529.000 0 0 0.000 0.000 0.000 0.148 0 1 0 0 0 0
 57 112478.000 119373.000 0 0 48.000 56.000 2688.000 51.845 0 1 30 200 0 0
 58 111094.000 120018.000 0 0 46.000 54.000 2484.000 49.839 0 1 30 200 0 0
 59 110922.000 120146.000 0 0 44.000 54.000 2376.000 48.744 0 1 30 200 0 0
 60 112240.000 119599.000 0 0 48.000 56.000 2688.000 51.845 0 1 30 200 0 0
 61 112503.000 119481.000 0 0 48.000 56.000 2688.000 51.845 0 1 30 200 0 0
 62 111003.000 120454.000 0 0 44.000 56.000 2464.000 49.638 0 1 30 200 0 0
 63 115045.000 118293.000 0 0 50.000 54.000 2700.000 51.961 0 1 30 200 0 0
 64 123171.000 95646.000 0 0 54.000 32.000 1728.000 41.569 0 1 20 200 0 0
 65 115298.000 118265.000 0 0 52.000 54.000 2808.000 52.990 0 1 30 200 0 0
 66 114438.000 118955.000 0 0 50.000 54.000 2700.000 51.961 0 1 30 200 0 0
 67 114262.000 118974.000 0 0 50.000 54.000 2700.000 51.961 0 1 30 200 0 0
 68 113594.000 119581.000 0 0 48.000 54.000 2592.000 50.911 0 1 30 200 0 0
 69 90842.000 78318.000 0 0 0.000 0.000 0.000 0.145 0 1 0 0 0 0
 70 123337.000 95748.000 0 0 54.000 32.000 1728.000 41.569 0 1 20 200 0 0
 71 115441.000 118280.000 0 0 52.000 54.000 2808.000 52.990 0 1 30 200 0 0
 72 115371.000 118316.000 0 0 52.000 54.000 2808.000 52.990 0 1 30 200 0 0
 73 115064.000 118545.000 0 0 50.000 54.000 2700.000 51.961 0 1 30 200 0 0
 74 114947.000 118613.000 0 0 50.000 54.000 2700.000 51.961 0 1 30 200 0 0
 75 114738.000 118991.000 0 0 50.000 54.000 2700.000 51.961 0 1 30 200 0 0
 76 114325.000 119213.000 0 0 48.000 56.000 2688.000 51.845 0 1 30 200 0 0
 77 111272.000 121204.000 0 0 44.000 56.000 2464.000 49.638 0 1 30 200 0 0
 78 104030.000 123662.000 0 0 0.000 0.000 0.000 0.136 0 1 0 0 0 0
 79 99079.000 76426.000 0 0 0.000 0.000 0.000 0.148 0 1 0 0 0 0
 80 123175.000 94143.000 0 0 54.000 36.000 1944.000 44.090 0 1 20 200 0 0
 81 123741.000 103614.000 0 0 52.000 30.000 1560.000 39.496 0 1 23 200 0 0
 82 115387.000 118529.000 0 0 50.000 54.000 2700.000 51.961 0 1 30 200 0 0
 83 114855.000 118927.000 0 0 50.000 54.000 2700.000 51.961 0 1 30 200 0 0
 84 77893.000 90477.000 0 0 0.000 0.000 0.000 0.130 0 1 0 0 0 0
 85 122945.000 93297.000 0 0 54.000 38.000 2052.000 45.299 0 1 20 200 0 0
 86 123425.000 94818.000 0 0 54.000 34.000 1836.000 42.848 0 1 20 200 0 0
 87 123706.000 103913.000 0 0 52.000 32.000 1664.000 40.792 0 1 23 200 0 0
 88 123702.000 103941.000 0 0 52.000 32.000 1664.000 40.792 0 1 23 200 0 0
 89 123598.000 104513.000 0 0 54.000 32.000 1728.000 41.569 0 1 23 200 0 0
 90 115732.000 118465.000 0 0 52.000 54.000 2808.000 52.990 0 1 30 200 0 0
 91 115288.000 118752.000 0 0 50.000 54.000 2700.000 51.961 0 1 30 200 0 0
 92 114699.000 119187.000 0 0 50.000 54.000 2700.000 51.961 0 1 30 200 0 0
 93 114593.000 119346.000 0 0 50.000 54.000 2700.000 51.961 0 1 30 200 0 0
 94 77058.000 92502.000 0 0 0.000 0.000 0.000 0.132 0 1 0 0 0 0
 95 79845.000 86696.000 0 0 0.000 0.000 0.000 0.130 0 1 0 0 0 0
 96 100445.000 75916.000 0 0 0.000 0.000 0.000 0.136 0 1 0 0 0 0
 97 123640.000 95222.000 0 0 54.000 32.000 1728.000 41.569 0 1 20 200 0 0
 98 123971.000 103387.000 0 0 52.000 30.000 1560.000 39.496 0 1 23 200 0 0
 99 123982.000 103443.000 0 0 52.000 30.000 1560.000 39.496 0 1 23 200 0 0
 100 116166.000 118308.000 0 0 50.000 52.000 2600.000 50.990 0 1 30 200 0 0
 101 115157.000 119116.000 0 0 50.000 54.000 2700.000 51.961 0 1 30 200 0 0
 102 114709.000 119439.000 0 0 50.000 54.000 2700.000 51.961 0 1 30 200 0 0
 103 110681.000 122033.000 0 0 0.000 0.000 0.000 0.150 0 1 0 0 0 0
 104 110562.000 122123.000 0 0 0.000 0.000 0.000 0.132 0 1 0 0 0 0
 105 75659.000 101683.000 0 0 0.000 0.000 0.000 0.133 0 1 0 0 0 0
 106 123792.000 94953.000 0 0 54.000 34.000 1836.000 42.848 0 1 20 200 0 0
 107 123909.000 95306.000 0 0 54.000 32.000 1728.000 41.569 0 1 20 200 0 0
 108 124011.000 95630.000 0 0 54.000 32.000 1728.000 41.569 0 1 20 200 0 0
 109 123906.000 104745.000 0 0 54.000 32.000 1728.000 41.569 0 1 23 200 0 0
 110 116075.000 118662.000 0 0 52.000 52.000 2704.000 52.000 0 1 30 200 0 0
 111 115776.000 118973.000 0 0 50.000 54.000 2700.000 51.961 0 1 30 200 0 0
 112 115658.000 119029.000 0 0 50.000 54.000 2700.000 51.961 0 1 30 200 0 0
 113 99466.000 124773.000 0 0 0.000 0.000 0.000 0.176 0 1 0 0 0 0
 114 123868.000 95109.000 0 0 54.000 34.000 1836.000 42.848 0 1 20 200 0 0
 115 123985.000 95351.000 0 0 54.000 32.000 1728.000 41.569 0 1 20 200 0 0
 116 124034.000 95490.000 0 0 54.000 32.000 1728.000 41.569 0 1 20 200 0 0
 117 124054.000 95714.000 0 0 54.000 32.000 1728.000 41.569 0 1 20 200 0 0
 118 120189.000 114205.000 0 0 0.000 0.000 0.000 0.149 0 1 0 0 0 0
 119 76579.000 92138.000 0 0 0.000 0.000 0.000 0.137 0 1 0 0 0 0
 120 123691.000 93471.000 0 0 56.000 36.000 2016.000 44.899 0 1 20 200 0 0
 121 124125.000 94651.000 0 0 54.000 34.000 1836.000 42.848 0 1 20 200 0 0
 122 124327.000 96075.000 0 0 52.000 30.000 1560.000 39.496 0 1 20 200 0 0
 123 124646.000 102343.000 0 0 0.000 0.000 0.000 0.132 0 1 0 0 0 0
 124 121364.000 112727.000 0 0 0.000 0.000 0.000 0.142 0 1 0 0 0 0
 125 124439.000 95158.000 0 0 54.000 32.000 1728.000 41.569 0 1 20 200 0 0
 126 124779.000 102476.000 0 0 0.000 0.000 0.000 0.132 0 1 0 0 0 0
 127 124840.000 102516.000 0 0 0.000 0.000 0.000 0.132 0 1 0 0 0 0
 128 124722.000 102812.000 0 0 0.000 0.000 0.000 0.131 0 1 0 0 0 0
 129 124543.000 103748.000 0 0 52.000 30.000 1560.000 39.496 0 1 23 200 0 0
 130 78298.000 87632.000 0 0 0.000 0.000 0.000 0.137 0 1 0 0 0 0
 131 113374.000 79004.000 0 0 0.000 0.000 0.000 0.135 0 1 0 0 0 0
 132 114120.000 79565.000 0 0 0.000 0.000 0.000 0.170 0 1 0 0 0 0
 133 120902.000 86415.000 0 0 0.000 0.000 0.000 0.131 0 1 0 0 0 0
 134 80329.000 116058.000 0 0 0.000 0.000 0.000 0.135 0 1 0 0 0 0
 135 76041.000 92139.000 0 0 0.000 0.000 0.000 0.130 0 1 0 0 0 0
 136 77191.000 89211.000 0 0 0.000 0.000 0.000 0.131 0 1 0 0 0 0
 137 124760.000 95357.000 0 0 54.000 32.000 1728.000 41.569 0 1 20 200 0 0
 138 122640.000 111532.000 0 0 0.000 0.000 0.000 0.146 0 1 0 0 0 0
 139 124973.000 95424.000 0 0 54.000 32.000 1728.000 41.569 0 1 20 200 0 0
 140 125029.000 96053.000 0 0 52.000 30.000 1560.000 39.496 0 1 20 200 0 0
 141 125021.000 104043.000 0 0 52.000 30.000 1560.000 39.496 0 1 22 200 0 0
 142 124277.000 107626.000 0 0 0.000 0.000 0.000 0.130 0 1 0 0 0 0
 143 77540.000 87702.000 0 0 0.000 0.000 0.000 0.130 0 1 0 0 0 0
 144 125262.000 94766.000 0 0 54.000 34.000 1836.000 42.848 0 1 20 200 0 0
 145 125487.000 104020.000 0 0 52.000 30.000 1560.000 39.496 0 1 22 200 0 0
 146 116758.000 119983.000 0 0 0.000 0.000 0.000 0.138 0 1 0 0 0 0
 147 116522.000 120053.000 0 0 0.000 0.000 0.000 0.135 0 1 0 0 0 0
 148 75095.000 92795.000 0 0 0.000 0.000 0.000 0.132 0 1 0 0 0 0
 149 76446.000 111423.000 0 0 0.000 0.000 0.000 0.146 0 1 0 0 0 0
 150 116973.000 120071.000 0 0 0.000 0.000 0.000 0.133 0 1 0 0 0 0
 151 79856.000 117121.000 0 0 0.000 0.000 0.000 0.143 0 1 0 0 0 0
 152 73749.000 98640.000 0 0 0.000 0.000 0.000 0.158 0 1 0 0 0 0
 153 115220.000 78827.000 0 0 0.000 0.000 0.000 0.154 0 1 0 0 0 0
 154 126105.000 102747.000 0 0 52.000 28.000 1456.000 38.157 0 1 22 200 0 0
 155 125976.000 103546.000 0 0 52.000 30.000 1560.000 39.496 0 1 22 200 0 0
 156 126072.000 103987.000 0 0 52.000 30.000 1560.000 39.496 0 1 22 200 0 0
 157 116435.000 120735.000 0 0 0.000 0.000 0.000 0.133 0 1 0 0 0 0
 158 116668.000 79706.000 0 0 0.000 0.000 0.000 0.139 0 1 0 0 0 0
 159 126123.000 103203.000 0 0 52.000 30.000 1560.000 39.496 0 1 22 200 0 0
 160 75615.000 89365.000 0 0 0.000 0.000 0.000 0.167 0 1 0 0 0 0
 161 76522.000 87771.000 0 0 0.000 0.000 0.000 0.130 0 1 0 0 0 0
 162 82959.000 79679.000 0 0 0.000 0.000 0.000 0.157 0 1 0 0 0 0
 163 126296.000 103864.000 0 0 52.000 30.000 1560.000 39.496 0 1 22 200 0 0
 164 113712.000 77312.000 0 0 0.000 0.000 0.000 0.146 0 1 0 0 0 0
 165 118934.000 81211.000 0 0 0.000 0.000 0.000 0.138 0 1 0 0 0 0
 166 126644.000 102313.000 0 0 52.000 28.000 1456.000 38.157 0 1 22 200 0 0
 167 126626.000 102782.000 0 0 52.000 28.000 1456.000 38.157 0 1 22 200 0 0
 168 126423.000 104263.000 0 0 52.000 30.000 1560.000 39.496 0 1 22 200 0 0
 169 124731.000 110583.000 0 0 0.000 0.000 0.000 0.168 0 1 0 0 0 0
 170 126797.000 100422.000 0 0 0.000 0.000 0.000 0.133 0 1 0 0 0 0
 171 126973.000 101874.000 0 0 50.000 26.000 1300.000 36.055 0 1 22 200 0 0
 172 126816.000 103403.000 0 0 52.000 30.000 1560.000 39.496 0 1 22 200 0 0
 173 126680.000 103531.000 0 0 52.000 30.000 1560.000 39.496 0 1 22 200 0 0
 174 77320.000 115300.000 0 0 0.000 0.000 0.000 0.142 0 1 0 0 0 0
 175 123599.000 86922.000 0 0 0.000 0.000 0.000 0.130 0 1 0 0 0 0
 176 127171.000 99872.000 0 0 0.000 0.000 0.000 0.134 0 1 0 0 0 0
 177 127058.000 102897.000 0 0 52.000 28.000 1456.000 38.157 0 1 22 200 0 0
 178 126774.000 103491.000 0 0 52.000 30.000 1560.000 39.496 0 1 22 200 0 0
 179 102336.000 73085.000 0 0 0.000 0.000 0.000 0.141 0 1 0 0 0 0
 180 127108.000 103626.000 0 0 52.000 30.000 1560.000 39.496 0 1 22 200 0 0
 181 127000.000 103725.000 0 0 52.000 30.000 1560.000 39.496 0 1 22 200 0 0
 182 126993.000 103806.000 0 0 52.000 30.000 1560.000 39.496 0 1 22 200 0 0
 183 127002.000 104129.000 0 0 52.000 30.000 1560.000 39.496 0 1 22 200 0 0
 184 72945.000 94886.000 0 0 0.000 0.000 0.000 0.132 0 1 0 0 0 0
 185 124628.000 88256.000 0 0 56.000 42.000 2352.000 48.497 0 1 19 200 0 0
 186 127382.000 101187.000 0 0 50.000 26.000 1300.000 36.055 0 1 22 200 0 0
 187 127187.000 103978.000 0 0 52.000 30.000 1560.000 39.496 0 1 22 200 0 0
 188 111438.000 125275.000 0 0 0.000 0.000 0.000 0.137 0 1 0 0 0 0
 189 117151.000 78675.000 0 0 0.000 0.000 0.000 0.141 0 1 0 0 0 0
 190 127514.000 101940.000 0 0 50.000 26.000 1300.000 36.055 0 1 22 200 0 0
 191 127493.000 101970.000 0 0 50.000 26.000 1300.000 36.055 0 1 22 200 0 0
 192 127514.000 102578.000 0 0 52.000 28.000 1456.000 38.157 0 1 22 200 0 0
 193 127417.000 102645.000 0 0 52.000 28.000 1456.000 38.157 0 1 22 200 0 0
 194 123959.000 113949.000 0 0 0.000 0.000 0.000 0.136 0 1 0 0 0 0
 195 127612.000 103070.000 0 0 52.000 28.000 1456.000 38.157 0 1 22 200 0 0
 196 127559.000 103435.000 0 0 52.000 30.000 1560.000 39.496 0 1 22 200 0 0
 197 72960.000 92502.000 0 0 0.000 0.000 0.000 0.140 0 1 0 0 0 0
 198 73535.000 91105.000 0 0 0.000 0.000 0.000 0.133 0 1 0 0 0 0
 199 124955.000 87722.000 0 0 56.000 44.000 2464.000 49.638 0 1 19 200 0 0
 200 127860.000 102569.000 0 0 52.000 28.000 1456.000 38.157 0 1 22 200 0 0
 201 127767.000 102862.000 0 0 52.000 28.000 1456.000 38.157 0 1 22 200 0 0
 202 84680.000 123891.000 0 0 0.000 0.000 0.000 0.134 0 1 0 0 0 0
 203 74850.000 112771.000 0 0 0.000 0.000 0.000 0.131 0 1 0 0 0 0
 204 104143.000 72469.000 0 0 0.000 0.000 0.000 0.160 0 1 0 0 0 0
 205 112901.000 75230.000 0 0 0.000 0.000 0.000 0.132 0 1 0 0 0 0
 206 124415.000 86150.000 0 0 0.000 0.000 0.000 0.140 0 1 0 0 0 0
 207 125530.000 88273.000 0 0 56.000 42.000 2352.000 48.497 0 1 19 200 0 0
 208 128000.000 102365.000 0 0 52.000 28.000 1456.000 38.157 0 1 22 200 0 0
 209 127966.000 102938.000 0 0 52.000 28.000 1456.000 38.157 0 1 22 200 0 0
 210 128035.000 103413.000 0 0 52.000 30.000 1560.000 39.496 0 1 22 200 0 0
 211 127871.000 104510.000 0 0 52.000 30.000 1560.000 39.496 0 1 22 200 0 0
 212 110996.000 126235.000 0 0 0.000 0.000 0.000 0.130 0 1 0 0 0 0
 213 125088.000 87086.000 0 0 56.000 44.000 2464.000 49.638 0 1 19 200 0 0
 214 128241.000 100766.000 0 0 0.000 0.000 0.000 0.131 0 1 0 0 0 0
 215 128044.000 103647.000 0 0 52.000 30.000 1560.000 39.496 0 1 22 200 0 0
 216 128048.000 103751.000 0 0 52.000 30.000 1560.000 39.496 0 1 22 200 0 0
 217 128012.000 103812.000 0 0 52.000 30.000 1560.000 39.496 0 1 22 200 0 0
 218 128078.000 104414.000 0 0 52.000 30.000 1560.000 39.496 0 1 22 200 0 0
 219 128289.000 101981.000 0 0 50.000 26.000 1300.000 36.055 0 1 22 200 0 0
 220 128453.000 102606.000 0 0 52.000 28.000 1456.000 38.157 0 1 22 200 0 0
 221 128195.000 103539.000 0 0 52.000 30.000 1560.000 39.496 0 1 22 200 0 0
 222 128125.000 104484.000 0 0 52.000 30.000 1560.000 39.496 0 1 22 200 0 0
 223 71340.000 98729.000 0 0 0.000 0.000 0.000 0.140 0 1 0 0 0 0
 224 125584.000 87300.000 0 0 56.000 44.000 2464.000 49.638 0 1 19 200 0 0
 225 127037.000 91058.000 0 0 0.000 0.000 0.000 0.132 0 1 0 0 0 0
 226 128413.000 103034.000 0 0 52.000 28.000 1456.000 38.157 0 1 22 200 0 0
 227 93431.000 72147.000 0 0 0.000 0.000 0.000 0.132 0 1 0 0 0 0
 228 125536.000 86901.000 0 0 56.000 44.000 2464.000 49.638 0 1 19 200 0 0
 229 125531.000 86973.000 0 0 56.000 44.000 2464.000 49.638 0 1 19 200 0 0
 230 125940.000 87513.000 0 0 56.000 42.000 2352.000 48.497 0 1 19 200 0 0
 231 128667.000 103227.000 0 0 52.000 28.000 1456.000 38.157 0 1 22 200 0 0
 232 77448.000 118583.000 0 0 0.000 0.000 0.000 0.133 0 1 0 0 0 0
 233 127677.000 104206.000 0 0 52.000 30.000 1560.000 39.496 0 1 22 200 0 0
 234 128793.000 102090.000 0 0 50.000 26.000 1300.000 36.055 0 1 22 200 0 0
 235 128911.000 102630.000 0 0 52.000 28.000 1456.000 38.157 0 1 22 200 0 0
 236 128654.000 104197.000 0 0 52.000 30.000 1560.000 39.496 0 1 22 200 0 0
 237 128681.000 104732.000 0 0 52.000 32.000 1664.000 40.792 0 1 22 200 0 0
 238 73582.000 87643.000 0 0 0.000 0.000 0.000 0.157 0 1 0 0 0 0
 239 87850.000 73674.000 0 0 0.000 0.000 0.000 0.146 0 1 0 0 0 0
 240 129008.000 102816.000 0 0 52.000 28.000 1456.000 38.157 0 1 22 200 0 0
 241 128832.000 104879.000 0 0 54.000 32.000 1728.000 41.569 0 1 22 200 0 0
 242 128685.000 105164.000 0 0 54.000 32.000 1728.000 41.569 0 1 22 200 0 0
 243 128700.000 105202.000 0 0 54.000 32.000 1728.000 41.569 0 1 22 200 0 0
 244 127916.000 108474.000 0 0 0.000 0.000 0.000 0.154 0 1 0 0 0 0
 245 128853.000 104829.000 0 0 52.000 32.000 1664.000 40.792 0 1 22 200 0 0
 246 128805.000 105301.000 0 0 54.000 32.000 1728.000 41.569 0 1 22 200 0 0
 247 120021.000 121749.000 0 0 0.000 0.000 0.000 0.132 0 1 0 0 0 0
 248 81278.000 123051.000 0 0 0.000 0.000 0.000 0.131 0 1 0 0 0 0
 249 105863.000 71360.000 0 0 0.000 0.000 0.000 0.134 0 1 0 0 0 0
 250 115535.000 125329.000 0 0 0.000 0.000 0.000 0.139 0 1 0 0 0 0
 251 91821.000 128674.000 0 0 0.000 0.000 0.000 0.130 0 1 0 0 0 0
 252 91294.000 128553.000 0 0 0.000 0.000 0.000 0.143 0 1 0 0 0 0
 253 81754.000 123650.000 0 0 0.000 0.000 0.000 0.134 0 1 0 0 0 0
 254 103948.000 70878.000 0 0 0.000 0.000 0.000 0.131 0 1 0 0 0 0
 255 128946.000 93552.000 0 0 0.000 0.000 0.000 0.132 0 1 0 0 0 0
 256 129291.000 104927.000 0 0 52.000 32.000 1664.000 40.792 0 1 22 200 0 0
 257 122966.000 118915.000 0 0 0.000 0.000 0.000 0.152 0 1 0 0 0 0
 258 79490.000 121926.000 0 0 0.000 0.000 0.000 0.157 0 1 0 0 0 0
 259 76649.000 118756.000 0 0 0.000 0.000 0.000 0.134 0 1 0 0 0 0
 260 73105.000 87259.000 0 0 0.000 0.000 0.000 0.137 0 1 0 0 0 0
 261 79493.000 78559.000 0 0 0.000 0.000 0.000 0.139 0 1 0 0 0 0
 262 112672.000 73173.000 0 0 0.000 0.000 0.000 0.146 0 1 0 0 0 0
 263 112906.000 127172.000 0 0 0.000 0.000 0.000 0.145 0 1 0 0 0 0
 264 70367.000 94787.000 0 0 0.000 0.000 0.000 0.137 0 1 0 0 0 0
 265 72954.000 87115.000 0 0 0.000 0.000 0.000 0.145 0 1 0 0 0 0
 266 96464.000 130112.000 0 0 0.000 0.000 0.000 0.133 0 1 0 0 0 0
 267 75134.000 83191.000 0 0 0.000 0.000 0.000 0.130 0 1 0 0 0 0
 268 90635.000 71392.000 0 0 0.000 0.000 0.000 0.136 0 1 0 0 0 0
 269 127371.000 87075.000 0 0 0.000 0.000 0.000 0.152 0 1 0 0 0 0
 270 88133.000 128335.000 0 0 0.000 0.000 0.000 0.135 0 1 0 0 0 0
 271 130441.000 102593.000 0 0 0.000 0.000 0.000 0.135 0 1 0 0 0 0
 272 74298.000 117206.000 0 0 0.000 0.000 0.000 0.133 0 1 0 0 0 0
 273 119773.000 76829.000 0 0 0.000 0.000 0.000 0.147 0 1 0 0 0 0
 274 69612.000 94546.000 0 0 0.000 0.000 0.000 0.135 0 1 0 0 0 0
 275 71138.000 111806.000 0 0 0.000 0.000 0.000 0.130 0 1 0 0 0 0
 276 130887.000 101601.000 0 0 0.000 0.000 0.000 0.200 0 1 0 0 0 0
 277 128849.000 111671.000 0 0 0.000 0.000 0.000 0.155 0 1 0 0 0 0
 278 84504.000 127383.000 0 0 0.000 0.000 0.000 0.132 0 1 0 0 0 0
 279 90187.000 130060.000 0 0 0.000 0.000 0.000 0.145 0 1 0 0 0 0
 280 72588.000 85075.000 0 0 0.000 0.000 0.000 0.130 0 1 0 0 0 0
 281 96907.000 69067.000 0 0 0.000 0.000 0.000 0.151 0 1 0 0 0 0
 282 131241.000 97885.000 0 0 0.000 0.000 0.000 0.149 0 1 0 0 0 0
 283 68793.000 96057.000 0 0 0.000 0.000 0.000 0.130 0 1 0 0 0 0
 284 131613.000 99880.000 0 0 0.000 0.000 0.000 0.163 0 1 0 0 0 0
 285 94627.000 68803.000 0 0 0.000 0.000 0.000 0.150 0 1 0 0 0 0
 286 100626.000 68341.000 0 0 0.000 0.000 0.000 0.141 0 1 0 0 0 0
 287 105322.000 131753.000 0 0 0.000 0.000 0.000 0.161 0 1 0 0 0 0
 288 68400.000 94237.000 0 0 0.000 0.000 0.000 0.134 0 1 0 0 0 0
 289 131651.000 105506.000 0 0 0.000 0.000 0.000 0.135 0 1 0 0 0 0
 290 99580.000 132506.000 0 0 0.000 0.000 0.000 0.155 0 1 0 0 0 0
 291 67663.000 102119.000 0 0 0.000 0.000 0.000 0.138 0 1 0 0 0 0
 292 117955.000 127208.000 0 0 0.000 0.000 0.000 0.133 0 1 0 0 0 0
 293 118823.000 127084.000 0 0 0.000 0.000 0.000 0.137 0 1 0 0 0 0
 294 70626.000 85426.000 0 0 0.000 0.000 0.000 0.146 0 1 0 0 0 0
 295 81475.000 127832.000 0 0 0.000 0.000 0.000 0.157 0 1 0 0 0 0
 296 124908.000 78313.000 0 0 0.000 0.000 0.000 0.143 0 1 0 0 0 0
 297 107448.000 132925.000 0 0 0.000 0.000 0.000 0.168 0 1 0 0 0 0
 298 71474.000 82624.000 0 0 0.000 0.000 0.000 0.154 0 1 0 0 0 0
 299 119026.000 128214.000 0 0 46.000 54.000 2484.000 49.839 0 1 36 200 0 0
 300 118557.000 128453.000 0 0 48.000 54.000 2592.000 50.911 0 1 36 200 0 0
 301 66342.000 104644.000 0 0 0.000 0.000 0.000 0.133 0 1 0 0 0 0
 302 67216.000 91101.000 0 0 0.000 0.000 0.000 0.146 0 1 0 0 0 0
 303 120419.000 127453.000 0 0 0.000 0.000 0.000 0.133 0 1 0 0 0 0
 304 118203.000 128863.000 0 0 48.000 56.000 2688.000 51.845 0 1 36 200 0 0
 305 65874.000 98373.000 0 0 0.000 0.000 0.000 0.152 0 1 0 0 0 0
 306 88672.000 67941.000 0 0 0.000 0.000 0.000 0.134 0 1 0 0 0 0
 307 98214.000 134543.000 0 0 0.000 0.000 0.000 0.131 0 1 0 0 0 0
 308 65581.000 103253.000 0 0 0.000 0.000 0.000 0.146 0 1 0 0 0 0
 309 73319.000 78366.000 0 0 0.000 0.000 0.000 0.131 0 1 0 0 0 0
 310 65956.000 106280.000 0 0 0.000 0.000 0.000 0.153 0 1 0 0 0 0
 311 134330.000 104359.000 0 0 0.000 0.000 0.000 0.148 0 1 0 0 0 0
 312 66747.000 90114.000 0 0 0.000 0.000 0.000 0.143 0 1 0 0 0 0
 313 75931.000 75070.000 0 0 0.000 0.000 0.000 0.141 0 1 0 0 0 0
 314 131453.000 115248.000 0 0 56.000 42.000 2352.000 48.497 0 1 26 210 0 0
 315 120804.000 128076.000 0 0 0.000 0.000 0.000 0.147 0 1 0 0 0 0
 316 70771.000 119498.000 0 0 0.000 0.000 0.000 0.132 0 1 0 0 0 0
 317 131855.000 114505.000 0 0 54.000 42.000 2268.000 47.623 0 1 26 210 0 0
 318 131704.000 114898.000 0 0 56.000 42.000 2352.000 48.497 0 1 26 210 0 0
 319 131561.000 115431.000 0 0 56.000 42.000 2352.000 48.497 0 1 26 210 0 0
 320 75344.000 125200.000 0 0 0.000 0.000 0.000 0.130 0 1 0 0 0 0
 321 132113.000 114202.000 0 0 54.000 42.000 2268.000 47.623 0 1 26 210 0 0
 322 65004.000 105359.000 0 0 0.000 0.000 0.000 0.168 0 1 0 0 0 0
 323 69078.000 82645.000 0 0 0.000 0.000 0.000 0.134 0 1 0 0 0 0
 324 78316.000 128782.000 0 0 0.000 0.000 0.000 0.138 0 1 0 0 0 0
 325 87570.000 66435.000 0 0 0.000 0.000 0.000 0.133 0 1 0 0 0 0
 326 120415.000 70592.000 0 0 0.000 0.000 0.000 0.137 0 1 0 0 0 0
 327 77902.000 128910.000 0 0 0.000 0.000 0.000 0.132 0 1 0 0 0 0
 328 64309.000 94531.000 0 0 0.000 0.000 0.000 0.133 0 1 0 0 0 0
 329 132054.000 83597.000 0 0 0.000 0.000 0.000 0.133 0 1 0 0 0 0
 330 78735.000 70791.000 0 0 0.000 0.000 0.000 0.134 0 1 0 0 0 0
 331 124010.000 72647.000 0 0 0.000 0.000 0.000 0.180 0 1 0 0 0 0
 332 63240.000 97312.000 0 0 0.000 0.000 0.000 0.158 0 1 0 0 0 0
 333 136539.000 95451.000 0 0 0.000 0.000 0.000 0.131 0 1 0 0 0 0
 334 127901.000 124316.000 0 0 0.000 0.000 0.000 0.131 0 1 0 0 0 0
 335 122513.000 129500.000 0 0 0.000 0.000 0.000 0.135 0 1 0 0 0 0
 336 72094.000 124486.000 0 0 0.000 0.000 0.000 0.149 0 1 0 0 0 0
 337 135187.000 111860.000 0 0 0.000 0.000 0.000 0.134 0 1 0 0 0 0
 338 132392.000 118164.000 0 0 0.000 0.000 0.000 0.136 0 1 0 0 0 0
 339 131802.000 81240.000 0 0 0.000 0.000 0.000 0.131 0 1 0 0 0 0
 340 63982.000 110416.000 0 0 0.000 0.000 0.000 0.143 0 1 0 0 0 0
 341 92366.000 63665.000 0 0 0.000 0.000 0.000 0.145 0 1 0 0 0 0
 342 63006.000 93860.000 0 0 0.000 0.000 0.000 0.130 0 1 0 0 0 0
 343 67165.000 81879.000 0 0 0.000 0.000 0.000 0.134 0 1 0 0 0 0
 344 134836.000 114370.000 0 0 56.000 42.000 2352.000 48.497 0 1 25 200 0 0
 345 67104.000 81662.000 0 0 0.000 0.000 0.000 0.132 0 1 0 0 0 0
 346 135319.000 113061.000 0 0 56.000 40.000 2240.000 47.328 0 1 25 200 0 0
 347 134947.000 114265.000 0 0 56.000 42.000 2352.000 48.497 0 1 25 200 0 0
 348 134880.000 114650.000 0 0 56.000 42.000 2352.000 48.497 0 1 25 200 0 0
 349 135471.000 113510.000 0 0 56.000 40.000 2240.000 47.328 0 1 25 200 0 0
 350 135336.000 113660.000 0 0 56.000 42.000 2352.000 48.497 0 1 25 200 0 0
 351 76697.000 130364.000 0 0 0.000 0.000 0.000 0.138 0 1 0 0 0 0
 352 135698.000 113297.000 0 0 56.000 40.000 2240.000 47.328 0 1 25 200 0 0
 353 135637.000 113444.000 0 0 56.000 40.000 2240.000 47.328 0 1 25 200 0 0
 354 135462.000 113776.000 0 0 56.000 42.000 2352.000 48.497 0 1 25 200 0 0
 355 135166.000 114571.000 0 0 56.000 42.000 2352.000 48.497 0 1 25 200 0 0
 356 134336.000 116575.000 0 0 0.000 0.000 0.000 0.132 0 1 0 0 0 0
 357 116730.000 65903.000 0 0 0.000 0.000 0.000 0.134 0 1 0 0 0 0
 358 135399.000 114291.000 0 0 56.000 42.000 2352.000 48.497 0 1 25 200 0 0
 359 135262.000 114793.000 0 0 56.000 42.000 2352.000 48.497 0 1 25 200 0 0
 360 136151.000 113179.000 0 0 56.000 40.000 2240.000 47.328 0 1 25 200 0 0
 361 135793.000 114252.000 0 0 56.000 42.000 2352.000 48.497 0 1 25 200 0 0
 362 135585.000 114423.000 0 0 56.000 42.000 2352.000 48.497 0 1 25 200 0 0
 363 136192.000 113602.000 0 0 56.000 40.000 2240.000 47.328 0 1 25 200 0 0
 364 135982.000 113911.000 0 0 56.000 42.000 2352.000 48.497 0 1 25 200 0 0
 365 135808.000 114682.000 0 0 56.000 42.000 2352.000 48.497 0 1 25 200 0 0
 366 134941.000 116484.000 0 0 0.000 0.000 0.000 0.132 0 1 0 0 0 0
 367 124015.000 130543.000 0 0 0.000 0.000 0.000 0.141 0 1 0 0 0 0
 368 134174.000 81719.000 0 0 0.000 0.000 0.000 0.133 0 1 0 0 0 0
 369 138302.000 93611.000 0 0 0.000 0.000 0.000 0.149 0 1 0 0 0 0
 370 136302.000 114240.000 0 0 56.000 42.000 2352.000 48.497 0 1 25 200 0 0
 371 136210.000 114337.000 0 0 56.000 42.000 2352.000 48.497 0 1 25 200 0 0
 372 135962.000 114860.000 0 0 56.000 42.000 2352.000 48.497 0 1 25 200 0 0
 373 66007.000 119427.000 0 0 0.000 0.000 0.000 0.135 0 1 0 0 0 0
 374 135427.000 114535.000 0 0 56.000 42.000 2352.000 48.497 0 1 25 200 0 0
 375 61733.000 95900.000 0 0 0.000 0.000 0.000 200000.000 0 1 0 200 0 0
 376 68749.000 76718.000 0 0 0.000 0.000 0.000 0.143 0 1 0 0 0 0
 377 136538.000 113788.000 0 0 56.000 40.000 2240.000 47.328 0 1 25 200 0 0
 378 118037.000 134757.000 0 0 0.000 0.000 0.000 0.162 0 1 0 0 0 0
 379 136719.000 113626.000 0 0 56.000 40.000 2240.000 47.328 0 1 25 200 0 0
 380 136403.000 114672.000 0 0 56.000 42.000 2352.000 48.497 0 1 25 200 0 0
 381 136179.000 114973.000 0 0 56.000 42.000 2352.000 48.497 0 1 25 200 0 0
 382 102026.000 139498.000 0 0 0.000 0.000 0.000 0.138 0 1 0 0 0 0
 383 60581.000 102376.000 0 0 0.000 0.000 0.000 0.133 0 1 0 0 0 0
 384 126272.000 70974.000 0 0 0.000 0.000 0.000 0.173 0 1 0 0 0 0
 385 130828.000 75833.000 0 0 0.000 0.000 0.000 0.139 0 1 0 0 0 0
 386 132635.000 78301.000 0 0 0.000 0.000 0.000 0.133 0 1 0 0 0 0
 387 136519.000 115188.000 0 0 56.000 42.000 2352.000 48.497 0 1 25 200 0 0
 388 60642.000 105087.000 0 0 52.000 30.000 1560.000 39.496 0 1 24 200 0 0
 389 60710.000 104699.000 0 0 52.000 28.000 1456.000 38.157 0 1 24 200 0 0
 390 60534.000 102899.000 0 0 0.000 0.000 0.000 0.131 0 1 0 0 0 0
 391 136984.000 114090.000 0 0 56.000 40.000 2240.000 47.328 0 1 25 200 0 0
 392 127481.000 128677.000 0 0 0.000 0.000 0.000 0.151 0 1 0 0 0 0
 393 60420.000 104458.000 0 0 52.000 28.000 1456.000 38.157 0 1 24 200 0 0
 394 136701.000 84931.000 0 0 0.000 0.000 0.000 0.143 0 1 0 0 0 0
 395 137816.000 112416.000 0 0 0.000 0.000 0.000 0.149 0 1 0 0 0 0
 396 136990.000 114865.000 0 0 56.000 42.000 2352.000 48.497 0 1 25 200 0 0
 397 136707.000 115310.000 0 0 56.000 42.000 2352.000 48.497 0 1 25 200 0 0
 398 64427.000 118211.000 0 0 0.000 0.000 0.000 0.139 0 1 0 0 0 0
 399 60379.000 105083.000 0 0 52.000 30.000 1560.000 39.496 0 1 24 200 0 0
 400 65967.000 121265.000 0 0 0.000 0.000 0.000 0.133 0 1 0 0 0 0
 401 60453.000 106101.000 0 0 52.000 30.000 1560.000 39.496 0 1 24 200 0 0
 402 60247.000 105543.000 0 0 52.000 30.000 1560.000 39.496 0 1 24 200 0 0
 403 59976.000 102142.000 0 0 0.000 0.000 0.000 0.130 0 1 0 0 0 0
 404 67951.000 76215.000 0 0 0.000 0.000 0.000 0.130 0 1 0 0 0 0
 405 123081.000 67432.000 0 0 0.000 0.000 0.000 0.146 0 1 0 0 0 0
 406 60103.000 105740.000 0 0 52.000 30.000 1560.000 39.496 0 1 24 200 0 0
 407 137138.000 115571.000 0 0 56.000 42.000 2352.000 48.497 0 1 25 200 0 0
 408 87679.000 138666.000 0 0 0.000 0.000 0.000 0.157 0 1 0 0 0 0
 409 59885.000 105952.000 0 0 52.000 30.000 1560.000 39.496 0 1 24 200 0 0
 410 59632.000 103157.000 0 0 0.000 0.000 0.000 0.136 0 1 0 0 0 0
 411 126621.000 69688.000 0 0 0.000 0.000 0.000 0.152 0 1 0 0 0 0
 412 127290.000 70216.000 0 0 0.000 0.000 0.000 0.141 0 1 0 0 0 0
 413 137416.000 115799.000 0 0 56.000 42.000 2352.000 48.497 0 1 25 200 0 0
 414 139855.000 108418.000 0 0 0.000 0.000 0.000 0.149 0 1 0 0 0 0
 415 59359.000 105508.000 0 0 52.000 30.000 1560.000 39.496 0 1 24 200 0 0
 416 67727.000 74792.000 0 0 0.000 0.000 0.000 0.140 0 1 0 0 0 0
 417 85564.000 61426.000 0 0 0.000 0.000 0.000 0.136 0 1 0 0 0 0
 418 137625.000 117684.000 0 0 56.000 42.000 2352.000 48.497 0 1 28 210 0 0
 419 137477.000 117989.000 0 0 56.000 42.000 2352.000 48.497 0 1 28 210 0 0
 420 137377.000 118235.000 0 0 56.000 42.000 2352.000 48.497 0 1 28 210 0 0
 421 137280.000 118459.000 0 0 56.000 44.000 2464.000 49.638 0 1 28 210 0 0
 422 67072.000 74736.000 0 0 0.000 0.000 0.000 0.132 0 1 0 0 0 0
 423 138013.000 117268.000 0 0 54.000 42.000 2268.000 47.623 0 1 28 210 0 0
 424 137619.000 117800.000 0 0 56.000 42.000 2352.000 48.497 0 1 28 210 0 0
 425 137450.000 118180.000 0 0 56.000 42.000 2352.000 48.497 0 1 28 210 0 0
 426 137364.000 118352.000 0 0 56.000 44.000 2464.000 49.638 0 1 28 210 0 0
 427 137246.000 118560.000 0 0 56.000 44.000 2464.000 49.638 0 1 28 210 0 0
 428 137269.000 118894.000 0 0 56.000 44.000 2464.000 49.638 0 1 28 210 0 0
 429 136983.000 119199.000 0 0 56.000 44.000 2464.000 49.638 0 1 28 210 0 0
 430 58420.000 104733.000 0 0 0.000 0.000 0.000 0.135 0 1 0 0 0 0
 431 138365.000 116570.000 0 0 54.000 42.000 2268.000 47.623 0 1 28 210 0 0
 432 66120.000 124877.000 0 0 0.000 0.000 0.000 0.136 0 1 0 0 0 0
 433 59455.000 110976.000 0 0 0.000 0.000 0.000 0.148 0 1 0 0 0 0
 434 138749.000 84336.000 0 0 0.000 0.000 0.000 0.149 0 1 0 0 0 0
 435 141607.000 94993.000 0 0 0.000 0.000 0.000 0.135 0 1 0 0 0 0
 436 138573.000 116741.000 0 0 54.000 42.000 2268.000 47.623 0 1 28 210 0 0
 437 138463.000 116871.000 0 0 54.000 42.000 2268.000 47.623 0 1 28 210 0 0
 438 58109.000 104584.000 0 0 0.000 0.000 0.000 0.135 0 1 0 0 0 0
 439 116153.000 61349.000 0 0 0.000 0.000 0.000 0.136 0 1 0 0 0 0
 440 138898.000 116357.000 0 0 56.000 42.000 2352.000 48.497 0 1 28 210 0 0
 441 136853.000 120710.000 0 0 0.000 0.000 0.000 0.131 0 1 0 0 0 0
 442 66029.000 125164.000 0 0 0.000 0.000 0.000 0.130 0 1 0 0 0 0
 443 59789.000 113485.000 0 0 0.000 0.000 0.000 0.135 0 1 0 0 0 0
 444 57971.000 104978.000 0 0 0.000 0.000 0.000 0.132 0 1 0 0 0 0
 445 141884.000 106226.000 0 0 0.000 0.000 0.000 0.135 0 1 0 0 0 0
 446 139180.000 116068.000 0 0 56.000 42.000 2352.000 48.497 0 1 28 210 0 0
 447 118839.000 138060.000 0 0 0.000 0.000 0.000 0.137 0 1 0 0 0 0
 448 57698.000 102953.000 0 0 0.000 0.000 0.000 0.131 0 1 0 0 0 0
 449 136427.000 78107.000 0 0 0.000 0.000 0.000 0.137 0 1 0 0 0 0
 450 94647.000 142651.000 0 0 0.000 0.000 0.000 0.151 0 1 0 0 0 0
 451 57351.000 104588.000 0 0 0.000 0.000 0.000 0.130 0 1 0 0 0 0
 452 140011.000 115502.000 0 0 56.000 42.000 2352.000 48.497 0 1 27 200 0 0
 453 127060.000 133456.000 0 0 0.000 0.000 0.000 0.165 0 1 0 0 0 0
 454 112826.000 141283.000 0 0 0.000 0.000 0.000 0.137 0 1 0 0 0 0
 455 58344.000 111468.000 0 0 0.000 0.000 0.000 0.137 0 1 0 0 0 0
 456 59390.000 85417.000 0 0 0.000 0.000 0.000 0.133 0 1 0 0 0 0
 457 143053.000 99623.000 0 0 0.000 0.000 0.000 0.139 0 1 0 0 0 0
 458 140221.000 115645.000 0 0 56.000 42.000 2352.000 48.497 0 1 27 200 0 0
 459 139400.000 117924.000 0 0 54.000 42.000 2268.000 47.623 0 1 27 200 0 0
 460 64868.000 125500.000 0 0 56.000 48.000 2688.000 51.845 0 1 33 200 0 0
 461 139634.000 117459.000 0 0 54.000 42.000 2268.000 47.623 0 1 27 200 0 0
 462 139757.000 117539.000 0 0 54.000 42.000 2268.000 47.623 0 1 27 200 0 0
 463 139030.000 118833.000 0 0 56.000 42.000 2352.000 48.497 0 1 27 200 0 0
 464 90135.000 142470.000 0 0 0.000 0.000 0.000 0.136 0 1 0 0 0 0
 465 64880.000 74682.000 0 0 0.000 0.000 0.000 0.133 0 1 0 0 0 0
 466 135840.000 75745.000 0 0 0.000 0.000 0.000 0.155 0 1 0 0 0 0
 467 139888.000 117648.000 0 0 54.000 42.000 2268.000 47.623 0 1 27 200 0 0
 468 139666.000 118205.000 0 0 56.000 42.000 2352.000 48.497 0 1 27 200 0 0
 469 139487.000 118249.000 0 0 56.000 42.000 2352.000 48.497 0 1 27 200 0 0
 470 59350.000 83878.000 0 0 0.000 0.000 0.000 0.138 0 1 0 0 0 0
 471 65014.000 73758.000 0 0 0.000 0.000 0.000 0.132 0 1 0 0 0 0
 472 140704.000 116150.000 0 0 56.000 42.000 2352.000 48.497 0 1 27 200 0 0
 473 139947.000 118081.000 0 0 54.000 42.000 2268.000 47.623 0 1 27 200 0 0
 474 139879.000 118518.000 0 0 56.000 42.000 2352.000 48.497 0 1 27 200 0 0
 475 139437.000 119057.000 0 0 56.000 42.000 2352.000 48.497 0 1 27 200 0 0
 476 64378.000 125862.000 0 0 56.000 48.000 2688.000 51.845 0 1 33 200 0 0
 477 63776.000 125233.000 0 0 54.000 48.000 2592.000 50.911 0 1 33 200 0 0
 478 63509.000 124662.000 0 0 54.000 46.000 2484.000 49.839 0 1 33 200 0 0
 479 56680.000 92119.000 0 0 0.000 0.000 0.000 0.139 0 1 0 0 0 0
 480 140842.000 116294.000 0 0 56.000 42.000 2352.000 48.497 0 1 27 200 0 0
 481 140426.000 117326.000 0 0 54.000 42.000 2268.000 47.623 0 1 27 200 0 0
 482 140334.000 117598.000 0 0 54.000 40.000 2160.000 46.475 0 1 27 200 0 0
 483 140205.000 117846.000 0 0 54.000 42.000 2268.000 47.623 0 1 27 200 0 0
 484 139814.000 118623.000 0 0 56.000 42.000 2352.000 48.497 0 1 27 200 0 0
 485 139479.000 119450.000 0 0 56.000 44.000 2464.000 49.638 0 1 27 200 0 0
 486 114718.000 141755.000 0 0 0.000 0.000 0.000 0.134 0 1 0 0 0 0
 487 140990.000 116398.000 0 0 56.000 42.000 2352.000 48.497 0 1 27 200 0 0
 488 140881.000 116687.000 0 0 56.000 42.000 2352.000 48.497 0 1 27 200 0 0
 489 140872.000 116870.000 0 0 56.000 42.000 2352.000 48.497 0 1 27 200 0 0
 490 72095.000 134617.000 0 0 0.000 0.000 0.000 0.138 0 1 0 0 0 0
 491 63714.000 125555.000 0 0 54.000 48.000 2592.000 50.911 0 1 33 200 0 0
 492 55746.000 102562.000 0 0 0.000 0.000 0.000 0.136 0 1 0 0 0 0
 493 55712.000 102470.000 0 0 0.000 0.000 0.000 0.130 0 1 0 0 0 0
 494 142489.000 112816.000 0 0 0.000 0.000 0.000 0.146 0 1 0 0 0 0
 495 141580.000 115306.000 0 0 56.000 40.000 2240.000 47.328 0 1 27 200 0 0
 496 140366.000 118298.000 0 0 54.000 42.000 2268.000 47.623 0 1 27 200 0 0
 497 64333.000 126781.000 0 0 0.000 0.000 0.000 0.131 0 1 0 0 0 0
 498 58900.000 117324.000 0 0 0.000 0.000 0.000 0.151 0 1 0 0 0 0
 499 57201.000 112168.000 0 0 0.000 0.000 0.000 0.164 0 1 0 0 0 0
 500 59379.000 82199.000 0 0 0.000 0.000 0.000 0.150 0 1 0 0 0 0
 501 141839.000 115553.000 0 0 56.000 40.000 2240.000 47.328 0 1 27 200 0 0
 502 141259.000 116622.000 0 0 56.000 42.000 2352.000 48.497 0 1 27 200 0 0
 503 141675.000 115580.000 0 0 56.000 40.000 2240.000 47.328 0 1 27 200 0 0
 504 141712.000 115889.000 0 0 56.000 40.000 2240.000 47.328 0 1 27 200 0 0
 505 140939.000 117333.000 0 0 56.000 42.000 2352.000 48.497 0 1 27 200 0 0
 506 140946.000 117407.000 0 0 56.000 42.000 2352.000 48.497 0 1 27 200 0 0
 507 140643.000 118456.000 0 0 54.000 42.000 2268.000 47.623 0 1 27 200 0 0
 508 55403.000 96209.000 0 0 0.000 0.000 0.000 0.136 0 1 0 0 0 0
 509 141138.000 117366.000 0 0 56.000 42.000 2352.000 48.497 0 1 27 200 0 0
 510 56506.000 89335.000 0 0 0.000 0.000 0.000 0.131 0 1 0 0 0 0
 511 61094.000 77998.000 0 0 0.000 0.000 0.000 0.133 0 1 0 0 0 0
 512 141550.000 116889.000 0 0 56.000 42.000 2352.000 48.497 0 1 27 200 0 0
 513 142213.000 115590.000 0 0 56.000 40.000 2240.000 47.328 0 1 27 200 0 0
 514 141684.000 116680.000 0 0 56.000 42.000 2352.000 48.497 0 1 27 200 0 0
 515 141471.000 116958.000 0 0 56.000 42.000 2352.000 48.497 0 1 27 200 0 0
 516 80206.000 59860.000 0 0 0.000 0.000 0.000 0.135 0 1 0 0 0 0
 517 142426.000 115146.000 0 0 56.000 40.000 2240.000 47.328 0 1 27 200 0 0
 518 142293.000 115832.000 0 0 56.000 40.000 2240.000 47.328 0 1 27 200 0 0
 519 141952.000 116275.000 0 0 56.000 42.000 2352.000 48.497 0 1 27 200 0 0
 520 141248.000 116066.000 0 0 56.000 42.000 2352.000 48.497 0 1 27 200 0 0
 521 75874.000 138340.000 0 0 0.000 0.000 0.000 0.149 0 1 0 0 0 0
 522 62948.000 126106.000 0 0 0.000 0.000 0.000 0.133 0 1 0 0 0 0
 523 143345.000 112670.000 0 0 0.000 0.000 0.000 0.154 0 1 0 0 0 0
 524 142518.000 115287.000 0 0 56.000 40.000 2240.000 47.328 0 1 27 200 0 0
 525 142643.000 114854.000 0 0 54.000 40.000 2160.000 46.475 0 1 27 200 0 0
 526 142165.000 116191.000 0 0 56.000 40.000 2240.000 47.328 0 1 27 200 0 0
 527 142023.000 116560.000 0 0 56.000 42.000 2352.000 48.497 0 1 27 200 0 0
 528 54680.000 102185.000 0 0 0.000 0.000 0.000 0.142 0 1 0 0 0 0
 529 142786.000 115068.000 0 0 54.000 40.000 2160.000 46.475 0 1 27 200 0 0
 530 142489.000 115684.000 0 0 56.000 40.000 2240.000 47.328 0 1 27 200 0 0
 531 142481.000 115850.000 0 0 56.000 40.000 2240.000 47.328 0 1 27 200 0 0
 532 141626.000 115755.000 0 0 56.000 40.000 2240.000 47.328 0 1 27 200 0 0
 533 142142.000 116893.000 0 0 56.000 42.000 2352.000 48.497 0 1 27 200 0 0
 534 142054.000 116966.000 0 0 56.000 42.000 2352.000 48.497 0 1 27 200 0 0
 535 142116.000 117225.000 0 0 56.000 42.000 2352.000 48.497 0 1 27 200 0 0
 536 89015.000 144261.000 0 0 0.000 0.000 0.000 0.152 0 1 0 0 0 0
 537 61561.000 124496.000 0 0 0.000 0.000 0.000 0.139 0 1 0 0 0 0
 538 54792.000 105240.000 0 0 0.000 0.000 0.000 0.137 0 1 0 0 0 0
 539 57963.000 82795.000 0 0 0.000 0.000 0.000 0.132 0 1 0 0 0 0
 540 142546.000 116097.000 0 0 56.000 40.000 2240.000 47.328 0 1 27 200 0 0
 541 142149.000 115325.000 0 0 56.000 40.000 2240.000 47.328 0 1 27 200 0 0
 542 142425.000 116505.000 0 0 56.000 42.000 2352.000 48.497 0 1 27 200 0 0
 543 142351.000 116666.000 0 0 56.000 42.000 2352.000 48.497 0 1 27 200 0 0
 544 136914.000 73446.000 0 0 0.000 0.000 0.000 0.149 0 1 0 0 0 0
 545 142974.000 115580.000 0 0 56.000 40.000 2240.000 47.328 0 1 27 200 0 0
 546 142952.000 115983.000 0 0 56.000 40.000 2240.000 47.328 0 1 27 200 0 0
 547 108955.000 145172.000 0 0 0.000 0.000 0.000 0.135 0 1 0 0 0 0
 548 55453.000 89484.000 0 0 0.000 0.000 0.000 0.142 0 1 0 0 0 0
 549 55525.000 88716.000 0 0 0.000 0.000 0.000 0.135 0 1 0 0 0 0
 550 60544.000 76736.000 0 0 0.000 0.000 0.000 0.133 0 1 0 0 0 0
 551 143274.000 115180.000 0 0 54.000 40.000 2160.000 46.475 0 1 27 200 0 0
 552 142977.000 115905.000 0 0 56.000 40.000 2240.000 47.328 0 1 27 200 0 0
 553 142726.000 116540.000 0 0 56.000 42.000 2352.000 48.497 0 1 27 200 0 0
 554 142448.000 117210.000 0 0 56.000 42.000 2352.000 48.497 0 1 27 200 0 0
 555 104732.000 54482.000 0 0 0.000 0.000 0.000 0.189 0 1 0 0 0 0
 556 143169.000 116305.000 0 0 56.000 40.000 2240.000 47.328 0 1 27 200 0 0
 557 142939.000 116556.000 0 0 56.000 40.000 2240.000 47.328 0 1 27 200 0 0
 558 60392.000 124102.000 0 0 0.000 0.000 0.000 0.131 0 1 0 0 0 0
 559 143538.000 115701.000 0 0 56.000 40.000 2240.000 47.328 0 1 27 200 0 0
 560 130007.000 135270.000 0 0 0.000 0.000 0.000 0.164 0 1 0 0 0 0
 561 112050.000 144817.000 0 0 0.000 0.000 0.000 0.141 0 1 0 0 0 0
 562 143216.000 116756.000 0 0 56.000 42.000 2352.000 48.497 0 1 27 200 0 0
 563 54103.000 92331.000 0 0 0.000 0.000 0.000 0.133 0 1 0 0 0 0
 564 81372.000 57500.000 0 0 0.000 0.000 0.000 0.143 0 1 0 0 0 0
 565 128515.000 63602.000 0 0 0.000 0.000 0.000 0.155 0 1 0 0 0 0
 566 144872.000 112138.000 0 0 0.000 0.000 0.000 0.150 0 1 0 0 0 0
 567 125309.000 139400.000 0 0 0.000 0.000 0.000 0.138 0 1 0 0 0 0
 568 96286.000 146756.000 0 0 0.000 0.000 0.000 0.156 0 1 0 0 0 0
 569 132250.000 66478.000 0 0 0.000 0.000 0.000 0.148 0 1 0 0 0 0
 570 146391.000 105822.000 0 0 0.000 0.000 0.000 0.134 0 1 0 0 0 0
 571 119140.000 142859.000 0 0 0.000 0.000 0.000 0.156 0 1 0 0 0 0
 572 55442.000 85611.000 0 0 0.000 0.000 0.000 0.138 0 1 0 0 0 0
 573 110059.000 146092.000 0 0 0.000 0.000 0.000 0.134 0 1 0 0 0 0
 574 93662.000 146792.000 0 0 0.000 0.000 0.000 0.137 0 1 0 0 0 0
 575 64136.000 130715.000 0 0 0.000 0.000 0.000 0.149 0 1 0 0 0 0
 576 87960.000 54760.000 0 0 0.000 0.000 0.000 0.147 0 1 0 0 0 0
 577 142971.000 81360.000 0 0 0.000 0.000 0.000 0.131 0 1 0 0 0 0
 578 143925.000 116860.000 0 0 56.000 40.000 2240.000 47.328 0 1 27 200 0 0
 579 52740.000 99373.000 0 0 0.000 0.000 0.000 0.156 0 1 0 0 0 0
 580 67705.000 65740.000 0 0 0.000 0.000 0.000 0.133 0 1 0 0 0 0
 581 142350.000 121057.000 0 0 0.000 0.000 0.000 0.140 0 1 0 0 0 0
 582 118137.000 143873.000 0 0 0.000 0.000 0.000 0.147 0 1 0 0 0 0
 583 54170.000 112569.000 0 0 0.000 0.000 0.000 0.149 0 1 0 0 0 0
 584 108389.000 146850.000 0 0 0.000 0.000 0.000 0.130 0 1 0 0 0 0
 585 65464.000 67475.000 0 0 0.000 0.000 0.000 0.130 0 1 0 0 0 0
 586 141241.000 123687.000 0 0 0.000 0.000 0.000 0.130 0 1 0 0 0 0
 587 76385.000 58813.000 0 0 0.000 0.000 0.000 0.155 0 1 0 0 0 0
 588 78579.000 57585.000 0 0 0.000 0.000 0.000 0.136 0 1 0 0 0 0
 589 62885.000 69592.000 0 0 0.000 0.000 0.000 0.133 0 1 0 0 0 0
 590 82383.000 145348.000 0 0 0.000 0.000 0.000 0.139 0 1 0 0 0 0
 591 59845.000 73094.000 0 0 0.000 0.000 0.000 0.140 0 1 0 0 0 0
 592 80601.000 55770.000 0 0 0.000 0.000 0.000 0.139 0 1 0 0 0 0
 593 148302.000 102702.000 0 0 0.000 0.000 0.000 0.144 0 1 0 0 0 0
 594 65411.000 134211.000 0 0 0.000 0.000 0.000 0.134 0 1 0 0 0 0
 595 60554.000 128473.000 0 0 0.000 0.000 0.000 0.130 0 1 0 0 0 0
 596 95794.000 51870.000 0 0 0.000 0.000 0.000 0.145 0 1 0 0 0 0
 597 141807.000 75743.000 0 0 0.000 0.000 0.000 0.135 0 1 0 0 0 0
 598 79995.000 55783.000 0 0 0.000 0.000 0.000 0.133 0 1 0 0 0 0
 599 58446.000 126535.000 0 0 0.000 0.000 0.000 0.136 0 1 0 0 0 0
 600 143509.000 122945.000 0 0 0.000 0.000 0.000 0.137 0 1 0 0 0 0
 601 145440.000 119519.000 0 0 0.000 0.000 0.000 0.134 0 1 0 0 0 0
 602 105456.000 149500.000 0 0 0.000 0.000 0.000 0.164 0 1 0 0 0 0
 603 149614.000 95752.000 0 0 0.000 0.000 0.000 0.135 0 1 0 0 0 0
 604 50157.000 95366.000 0 0 0.000 0.000 0.000 0.161 0 1 0 0 0 0
 605 122798.000 145108.000 0 0 0.000 0.000 0.000 0.146 0 1 0 0 0 0
 606 111733.000 149186.000 0 0 0.000 0.000 0.000 0.133 0 1 0 0 0 0
 607 56430.000 125650.000 0 0 0.000 0.000 0.000 0.130 0 1 0 0 0 0
 608 63654.000 135367.000 0 0 0.000 0.000 0.000 0.146 0 1 0 0 0 0
 609 49443.000 102852.000 0 0 0.000 0.000 0.000 0.134 0 1 0 0 0 0
 610 149666.000 110857.000 0 0 0.000 0.000 0.000 0.133 0 1 0 0 0 0
 611 68782.000 140542.000 0 0 0.000 0.000 0.000 0.133 0 1 0 0 0 0
 612 145868.000 122914.000 0 0 0.000 0.000 0.000 0.132 0 1 0 0 0 0
 613 112852.000 149744.000 0 0 0.000 0.000 0.000 0.138 0 1 0 0 0 0
 614 102387.000 48799.000 0 0 0.000 0.000 0.000 0.143 0 1 0 0 0 0
 615 146682.000 121765.000 0 0 0.000 0.000 0.000 0.141 0 1 0 0 0 0
 616 148738.000 83255.000 0 0 0.000 0.000 0.000 0.142 0 1 0 0 0 0
 617 118291.000 148556.000 0 0 0.000 0.000 0.000 0.131 0 1 0 0 0 0
 618 52193.000 79986.000 0 0 0.000 0.000 0.000 0.139 0 1 0 0 0 0
 619 127292.000 56365.000 0 0 0.000 0.000 0.000 0.131 0 1 0 0 0 0
 620 54664.000 125710.000 0 0 0.000 0.000 0.000 0.154 0 1 0 0 0 0
 621 133966.000 139654.000 0 0 0.000 0.000 0.000 0.163 0 1 0 0 0 0
 622 60414.000 134483.000 0 0 0.000 0.000 0.000 0.136 0 1 0 0 0 0
 623 111854.000 151256.000 0 0 0.000 0.000 0.000 0.133 0 1 0 0 0 0
 624 149423.000 117532.000 0 0 0.000 0.000 0.000 0.131 0 1 0 0 0 0
 625 130556.000 142920.000 0 0 0.000 0.000 0.000 0.146 0 1 0 0 0 0
 626 54610.000 126900.000 0 0 0.000 0.000 0.000 0.131 0 1 0 0 0 0
 627 59341.000 66852.000 0 0 0.000 0.000 0.000 0.130 0 1 0 0 0 0
 628 96115.000 47633.000 0 0 0.000 0.000 0.000 0.134 0 1 0 0 0 0
 629 152632.000 96819.000 0 0 0.000 0.000 0.000 0.152 0 1 0 0 0 0
 630 150037.000 118000.000 0 0 0.000 0.000 0.000 0.130 0 1 0 0 0 0
 631 149726.000 118823.000 0 0 0.000 0.000 0.000 0.131 0 1 0 0 0 0
 632 146556.000 125690.000 0 0 0.000 0.000 0.000 0.132 0 1 0 0 0 0
 633 150562.000 116950.000 0 0 0.000 0.000 0.000 0.133 0 1 0 0 0 0
 634 53285.000 126465.000 0 0 0.000 0.000 0.000 0.140 0 1 0 0 0 0
 635 136010.000 139744.000 0 0 0.000 0.000 0.000 0.148 0 1 0 0 0 0
 636 83543.000 151287.000 0 0 0.000 0.000 0.000 0.148 0 1 0 0 0 0
 637 49253.000 82655.000 0 0 0.000 0.000 0.000 0.143 0 1 0 0 0 0
 638 123105.000 148746.000 0 0 0.000 0.000 0.000 0.137 0 1 0 0 0 0
 639 148274.000 76526.000 0 0 0.000 0.000 0.000 0.131 0 1 0 0 0 0
 640 100795.000 46177.000 0 0 0.000 0.000 0.000 0.133 0 1 0 0 0 0
 641 46998.000 111930.000 0 0 0.000 0.000 0.000 0.146 0 1 0 0 0 0
 642 150733.000 119226.000 0 0 0.000 0.000 0.000 0.132 0 1 0 0 0 0
 643 147572.000 126200.000 0 0 0.000 0.000 0.000 0.135 0 1 0 0 0 0
 644 104074.000 45969.000 0 0 0.000 0.000 0.000 0.154 0 1 0 0 0 0
 645 140730.000 136520.000 0 0 54.000 50.000 2700.000 51.961 0 1 43 210 0 0
 646 50595.000 123712.000 0 0 0.000 0.000 0.000 0.133 0 1 0 0 0 0
 647 151351.000 118569.000 0 0 0.000 0.000 0.000 0.131 0 1 0 0 0 0
 648 150811.000 120257.000 0 0 0.000 0.000 0.000 0.133 0 1 0 0 0 0
 649 149794.000 122775.000 0 0 0.000 0.000 0.000 0.130 0 1 0 0 0 0
 650 148870.000 124835.000 0 0 0.000 0.000 0.000 0.133 0 1 0 0 0 0
 651 137575.000 140121.000 0 0 0.000 0.000 0.000 0.137 0 1 0 0 0 0
 652 136664.000 140810.000 0 0 0.000 0.000 0.000 0.148 0 1 0 0 0 0
 653 50864.000 124561.000 0 0 0.000 0.000 0.000 0.140 0 1 0 0 0 0
 654 153208.000 113448.000 0 0 0.000 0.000 0.000 0.140 0 1 0 0 0 0
 655 140807.000 136709.000 0 0 54.000 50.000 2700.000 51.961 0 1 43 210 0 0
 656 138270.000 60747.000 0 0 0.000 0.000 0.000 0.130 0 1 0 0 0 0
 657 148665.000 125798.000 0 0 0.000 0.000 0.000 0.137 0 1 0 0 0 0
 658 147868.000 127232.000 0 0 0.000 0.000 0.000 0.131 0 1 0 0 0 0
 659 54620.000 68873.000 0 0 0.000 0.000 0.000 0.137 0 1 0 0 0 0
 660 152091.000 118226.000 0 0 0.000 0.000 0.000 0.134 0 1 0 0 0 0
 661 152067.000 118469.000 0 0 0.000 0.000 0.000 0.134 0 1 0 0 0 0
 662 150105.000 123281.000 0 0 0.000 0.000 0.000 0.136 0 1 0 0 0 0
 663 140897.000 137214.000 0 0 54.000 50.000 2700.000 51.961 0 1 43 210 0 0
 664 140903.000 137334.000 0 0 54.000 50.000 2700.000 51.961 0 1 43 210 0 0
 665 104310.000 155317.000 0 0 0.000 0.000 0.000 0.151 0 1 0 0 0 0
 666 143844.000 133939.000 0 0 0.000 0.000 0.000 0.132 0 1 0 0 0 0
 667 149391.000 125532.000 0 0 0.000 0.000 0.000 0.132 0 1 0 0 0 0
 668 145258.000 132500.000 0 0 0.000 0.000 0.000 0.135 0 1 0 0 0 0
 669 144827.000 133017.000 0 0 0.000 0.000 0.000 0.135 0 1 0 0 0 0
 670 143128.000 135233.000 0 0 54.000 50.000 2700.000 51.961 0 1 41 200 0 0
 671 143065.000 135415.000 0 0 54.000 50.000 2700.000 51.961 0 1 41 200 0 0
 672 140986.000 137507.000 0 0 54.000 50.000 2700.000 51.961 0 1 43 210 0 0
 673 88436.000 154694.000 0 0 0.000 0.000 0.000 0.217 0 1 0 0 0 0
 674 122861.000 49424.000 0 0 0.000 0.000 0.000 0.134 0 1 0 0 0 0
 675 151561.000 121499.000 0 0 0.000 0.000 0.000 0.137 0 1 0 0 0 0
 676 142509.000 136133.000 0 0 54.000 52.000 2808.000 52.990 0 1 41 200 0 0
 677 93484.000 155575.000 0 0 0.000 0.000 0.000 0.131 0 1 0 0 0 0
 678 152676.000 118586.000 0 0 0.000 0.000 0.000 0.130 0 1 0 0 0 0
 679 142736.000 136381.000 0 0 54.000 52.000 2808.000 52.990 0 1 41 200 0 0
 680 135827.000 57113.000 0 0 0.000 0.000 0.000 0.149 0 1 0 0 0 0
 681 146532.000 131517.000 0 0 0.000 0.000 0.000 0.131 0 1 0 0 0 0
 682 142583.000 136792.000 0 0 52.000 52.000 2704.000 52.000 0 1 41 200 0 0
 683 66663.000 145389.000 0 0 0.000 0.000 0.000 0.169 0 1 0 0 0 0
 684 44020.000 105845.000 0 0 0.000 0.000 0.000 0.142 0 1 0 0 0 0
 685 143267.000 136082.000 0 0 54.000 52.000 2808.000 52.990 0 1 41 200 0 0
 686 91646.000 156024.000 0 0 0.000 0.000 0.000 0.135 0 1 0 0 0 0
 687 45817.000 84413.000 0 0 0.000 0.000 0.000 0.152 0 1 0 0 0 0
 688 68926.000 53216.000 0 0 0.000 0.000 0.000 0.145 0 1 0 0 0 0
 689 142885.000 136929.000 0 0 52.000 52.000 2704.000 52.000 0 1 41 200 0 0
 690 91372.000 155991.000 0 0 0.000 0.000 0.000 0.132 0 1 0 0 0 0
 691 87497.000 155362.000 0 0 0.000 0.000 0.000 0.228 0 1 0 0 0 0
 692 149677.000 73234.000 0 0 0.000 0.000 0.000 0.178 0 1 0 0 0 0
 693 149513.000 127694.000 0 0 0.000 0.000 0.000 0.133 0 1 0 0 0 0
 694 146988.000 131510.000 0 0 0.000 0.000 0.000 0.131 0 1 0 0 0 0
 695 143145.000 136687.000 0 0 54.000 52.000 2808.000 52.990 0 1 41 200 0 0
 696 127093.000 149935.000 0 0 0.000 0.000 0.000 0.136 0 1 0 0 0 0
 697 60939.000 141392.000 0 0 0.000 0.000 0.000 0.139 0 1 0 0 0 0
 698 43578.000 106586.000 0 0 0.000 0.000 0.000 0.138 0 1 0 0 0 0
 699 137874.000 58056.000 0 0 0.000 0.000 0.000 0.131 0 1 0 0 0 0
 700 153677.000 118557.000 0 0 0.000 0.000 0.000 0.132 0 1 0 0 0 0
 701 153559.000 118819.000 0 0 0.000 0.000 0.000 0.141 0 1 0 0 0 0
 702 151886.000 122878.000 0 0 0.000 0.000 0.000 0.132 0 1 0 0 0 0
 703 142921.000 137235.000 0 0 52.000 52.000 2704.000 52.000 0 1 41 200 0 0
 704 142798.000 137427.000 0 0 52.000 52.000 2704.000 52.000 0 1 41 200 0 0
 705 138147.000 58152.000 0 0 0.000 0.000 0.000 0.134 0 1 0 0 0 0
 706 153818.000 118700.000 0 0 0.000 0.000 0.000 0.137 0 1 0 0 0 0
 707 85830.000 155548.000 0 0 0.000 0.000 0.000 0.138 0 1 0 0 0 0
 708 142765.000 138007.000 0 0 52.000 50.000 2600.000 50.990 0 1 41 200 0 0
 709 59541.000 140548.000 0 0 0.000 0.000 0.000 0.130 0 1 0 0 0 0
 710 141062.000 60546.000 0 0 54.000 52.000 2808.000 52.990 0 1 17 200 0 0
 711 157140.000 99746.000 0 0 0.000 0.000 0.000 0.135 0 1 0 0 0 0
 712 153375.000 121114.000 0 0 56.000 42.000 2352.000 48.497 0 1 32 200 0 0
 713 153406.000 121363.000 0 0 56.000 42.000 2352.000 48.497 0 1 32 200 0 0
 714 153346.000 121461.000 0 0 56.000 42.000 2352.000 48.497 0 1 32 200 0 0
 715 135934.000 55206.000 0 0 0.000 0.000 0.000 0.134 0 1 0 0 0 0
 716 140983.000 59901.000 0 0 52.000 52.000 2704.000 52.000 0 1 17 200 0 0
 717 153476.000 121367.000 0 0 56.000 42.000 2352.000 48.497 0 1 32 200 0 0
 718 61267.000 143205.000 0 0 0.000 0.000 0.000 0.156 0 1 0 0 0 0
 719 147976.000 68082.000 0 0 0.000 0.000 0.000 0.140 0 1 0 0 0 0
 720 154292.000 119879.000 0 0 0.000 0.000 0.000 0.135 0 1 0 0 0 0
 721 150348.000 128469.000 0 0 54.000 46.000 2484.000 49.839 0 1 37 200 0 0
 722 150262.000 128637.000 0 0 54.000 46.000 2484.000 49.839 0 1 37 200 0 0
 723 149209.000 130457.000 0 0 0.000 0.000 0.000 0.131 0 1 0 0 0 0
 724 140587.000 58831.000 0 0 52.000 52.000 2704.000 52.000 0 1 17 200 0 0
 725 140676.000 58931.000 0 0 52.000 52.000 2704.000 52.000 0 1 17 200 0 0
 726 154462.000 119728.000 0 0 0.000 0.000 0.000 0.135 0 1 0 0 0 0
 727 153935.000 121381.000 0 0 56.000 42.000 2352.000 48.497 0 1 32 200 0 0
 728 153481.000 122252.000 0 0 56.000 42.000 2352.000 48.497 0 1 32 200 0 0
 729 150368.000 128891.000 0 0 54.000 46.000 2484.000 49.839 0 1 37 200 0 0
 730 53556.000 135217.000 0 0 0.000 0.000 0.000 0.139 0 1 0 0 0 0
 731 138825.000 56961.000 0 0 50.000 54.000 2700.000 51.961 0 1 17 200 0 0
 732 140765.000 59008.000 0 0 52.000 52.000 2704.000 52.000 0 1 17 200 0 0
 733 142526.000 60762.000 0 0 0.000 0.000 0.000 0.136 0 1 0 0 0 0
 734 142765.000 61008.000 0 0 0.000 0.000 0.000 0.135 0 1 0 0 0 0
 735 154147.000 121074.000 0 0 56.000 42.000 2352.000 48.497 0 1 32 200 0 0
 736 153929.000 121663.000 0 0 56.000 42.000 2352.000 48.497 0 1 32 200 0 0
 737 134095.000 53033.000 0 0 0.000 0.000 0.000 0.133 0 1 0 0 0 0
 738 141067.000 58827.000 0 0 52.000 52.000 2704.000 52.000 0 1 17 200 0 0
 739 141068.000 59015.000 0 0 52.000 52.000 2704.000 52.000 0 1 17 200 0 0
 740 141180.000 59172.000 0 0 52.000 52.000 2704.000 52.000 0 1 17 200 0 0
 741 142693.000 60698.000 0 0 0.000 0.000 0.000 0.132 0 1 0 0 0 0
 742 151385.000 127531.000 0 0 0.000 0.000 0.000 0.132 0 1 0 0 0 0
 743 151387.000 127585.000 0 0 0.000 0.000 0.000 0.138 0 1 0 0 0 0
 744 150878.000 128488.000 0 0 54.000 46.000 2484.000 49.839 0 1 37 200 0 0
 745 142729.000 139831.000 0 0 0.000 0.000 0.000 0.136 0 1 0 0 0 0
 746 42120.000 92408.000 0 0 0.000 0.000 0.000 0.163 0 1 0 0 0 0
 747 138856.000 56562.000 0 0 50.000 54.000 2700.000 51.961 0 1 17 200 0 0
 748 140747.000 58585.000 0 0 52.000 52.000 2704.000 52.000 0 1 17 200 0 0
 749 148002.000 66907.000 0 0 0.000 0.000 0.000 0.135 0 1 0 0 0 0
 750 151335.000 128164.000 0 0 0.000 0.000 0.000 0.148 0 1 0 0 0 0
 751 151172.000 128534.000 0 0 54.000 46.000 2484.000 49.839 0 1 37 200 0 0
 752 149718.000 130914.000 0 0 0.000 0.000 0.000 0.138 0 1 0 0 0 0
 753 138751.000 56248.000 0 0 50.000 52.000 2600.000 50.990 0 1 17 200 0 0
 754 140535.000 58063.000 0 0 52.000 52.000 2704.000 52.000 0 1 17 200 0 0
 755 140592.000 58069.000 0 0 52.000 52.000 2704.000 52.000 0 1 17 200 0 0
 756 154972.000 120470.000 0 0 56.000 40.000 2240.000 47.328 0 1 31 200 0 0
 757 153144.000 124899.000 0 0 56.000 42.000 2352.000 48.497 0 1 34 200 0 0
 758 71005.000 49001.000 0 0 0.000 0.000 0.000 0.136 0 1 0 0 0 0
 759 77181.000 46158.000 0 0 0.000 0.000 0.000 0.147 0 1 0 0 0 0
 760 140352.000 57482.000 0 0 52.000 54.000 2808.000 52.990 0 1 17 200 0 0
 761 140551.000 57800.000 0 0 52.000 54.000 2808.000 52.990 0 1 17 200 0 0
 762 155505.000 119334.000 0 0 0.000 0.000 0.000 0.140 0 1 0 0 0 0
 763 101811.000 41347.000 0 0 0.000 0.000 0.000 0.130 0 1 0 0 0 0
 764 139081.000 56066.000 0 0 50.000 52.000 2600.000 50.990 0 1 17 200 0 0
 765 139396.000 56523.000 0 0 50.000 54.000 2700.000 51.961 0 1 17 200 0 0
 766 141057.000 57898.000 0 0 52.000 52.000 2704.000 52.000 0 1 17 200 0 0
 767 141114.000 58065.000 0 0 52.000 52.000 2704.000 52.000 0 1 17 200 0 0
 768 141234.000 58084.000 0 0 52.000 52.000 2704.000 52.000 0 1 17 200 0 0
 769 155117.000 120819.000 0 0 56.000 40.000 2240.000 47.328 0 1 31 200 0 0
 770 154693.000 121957.000 0 0 56.000 42.000 2352.000 48.497 0 1 31 200 0 0
 771 46213.000 124431.000 0 0 0.000 0.000 0.000 0.130 0 1 0 0 0 0
 772 42602.000 86085.000 0 0 0.000 0.000 0.000 0.132 0 1 0 0 0 0
 773 80753.000 44311.000 0 0 0.000 0.000 0.000 0.136 0 1 0 0 0 0
 774 139403.000 56330.000 0 0 50.000 54.000 2700.000 51.961 0 1 17 200 0 0
 775 140280.000 56901.000 0 0 52.000 54.000 2808.000 52.990 0 1 17 200 0 0
 776 140379.000 57172.000 0 0 52.000 54.000 2808.000 52.990 0 1 17 200 0 0
 777 141113.000 57884.000 0 0 52.000 52.000 2704.000 52.000 0 1 17 200 0 0
 778 141588.000 58177.000 0 0 52.000 52.000 2704.000 52.000 0 1 17 200 0 0
 779 141634.000 58344.000 0 0 52.000 52.000 2704.000 52.000 0 1 17 200 0 0
 780 142553.000 59347.000 0 0 0.000 0.000 0.000 0.130 0 1 0 0 0 0
 781 143645.000 60451.000 0 0 0.000 0.000 0.000 0.131 0 1 0 0 0 0
 782 154893.000 122369.000 0 0 56.000 42.000 2352.000 48.497 0 1 31 200 0 0
 783 154143.000 123821.000 0 0 0.000 0.000 0.000 0.131 0 1 0 0 0 0
 784 153257.000 125707.000 0 0 56.000 42.000 2352.000 48.497 0 1 34 200 0 0
 785 152370.000 127459.000 0 0 0.000 0.000 0.000 0.131 0 1 0 0 0 0
 786 149675.000 132392.000 0 0 54.000 48.000 2592.000 50.911 0 1 38 200 0 0
 787 149009.000 133156.000 0 0 0.000 0.000 0.000 0.133 0 1 0 0 0 0
 788 134811.000 148084.000 0 0 0.000 0.000 0.000 0.142 0 1 0 0 0 0
 789 132555.000 149618.000 0 0 0.000 0.000 0.000 0.133 0 1 0 0 0 0
 790 137581.000 54443.000 0 0 0.000 0.000 0.000 0.130 0 1 0 0 0 0
 791 138089.000 54920.000 0 0 0.000 0.000 0.000 0.132 0 1 0 0 0 0
 792 141527.000 58141.000 0 0 52.000 52.000 2704.000 52.000 0 1 17 200 0 0
 793 155138.000 121604.000 0 0 56.000 42.000 2352.000 48.497 0 1 31 200 0 0
 794 152697.000 127181.000 0 0 0.000 0.000 0.000 0.133 0 1 0 0 0 0
 795 150060.000 131873.000 0 0 56.000 48.000 2688.000 51.845 0 1 38 200 0 0
 796 135776.000 147582.000 0 0 0.000 0.000 0.000 0.137 0 1 0 0 0 0
 797 100396.000 159503.000 0 0 0.000 0.000 0.000 0.132 0 1 0 0 0 0
 798 53795.000 137732.000 0 0 0.000 0.000 0.000 0.137 0 1 0 0 0 0
 799 139109.000 55428.000 0 0 52.000 52.000 2704.000 52.000 0 1 17 200 0 0
 800 140244.000 56614.000 0 0 52.000 54.000 2808.000 52.990 0 1 17 200 0 0
 801 140437.000 56576.000 0 0 52.000 54.000 2808.000 52.990 0 1 17 200 0 0
 802 140505.000 56700.000 0 0 52.000 54.000 2808.000 52.990 0 1 17 200 0 0
 803 140768.000 57091.000 0 0 52.000 54.000 2808.000 52.990 0 1 17 200 0 0
 804 141414.000 57705.000 0 0 52.000 52.000 2704.000 52.000 0 1 17 200 0 0
 805 141949.000 58279.000 0 0 52.000 52.000 2704.000 52.000 0 1 17 200 0 0
 806 151490.000 129889.000 0 0 56.000 46.000 2576.000 50.754 0 1 38 200 0 0
 807 150114.000 132101.000 0 0 56.000 48.000 2688.000 51.845 0 1 38 200 0 0
 808 61327.000 54746.000 0 0 0.000 0.000 0.000 0.142 0 1 0 0 0 0
 809 78373.000 44680.000 0 0 0.000 0.000 0.000 0.149 0 1 0 0 0 0
 810 139371.000 55688.000 0 0 50.000 52.000 2600.000 50.990 0 1 17 200 0 0
 811 140481.000 56453.000 0 0 52.000 54.000 2808.000 52.990 0 1 17 200 0 0
 812 141148.000 57296.000 0 0 52.000 54.000 2808.000 52.990 0 1 17 200 0 0
 813 141849.000 57683.000 0 0 52.000 52.000 2704.000 52.000 0 1 17 200 0 0
 814 155329.000 122334.000 0 0 56.000 42.000 2352.000 48.497 0 1 31 200 0 0
 815 151479.000 130444.000 0 0 56.000 46.000 2576.000 50.754 0 1 38 200 0 0
 816 150763.000 131400.000 0 0 56.000 48.000 2688.000 51.845 0 1 38 200 0 0
 817 150548.000 131680.000 0 0 56.000 48.000 2688.000 51.845 0 1 38 200 0 0
 818 150468.000 131881.000 0 0 56.000 48.000 2688.000 51.845 0 1 38 200 0 0
 819 140717.000 56557.000 0 0 52.000 54.000 2808.000 52.990 0 1 17 200 0 0
 820 141254.000 57074.000 0 0 52.000 54.000 2808.000 52.990 0 1 17 200 0 0
 821 158181.000 113818.000 0 0 0.000 0.000 0.000 0.132 0 1 0 0 0 0
 822 156494.000 119601.000 0 0 0.000 0.000 0.000 0.133 0 1 0 0 0 0
 823 153883.000 125883.000 0 0 56.000 42.000 2352.000 48.497 0 1 34 200 0 0
 824 152530.000 128712.000 0 0 0.000 0.000 0.000 0.134 0 1 0 0 0 0
 825 152144.000 129291.000 0 0 0.000 0.000 0.000 0.130 0 1 0 0 0 0
 826 151517.000 130354.000 0 0 56.000 46.000 2576.000 50.754 0 1 38 200 0 0
 827 150299.000 132274.000 0 0 56.000 48.000 2688.000 51.845 0 1 38 200 0 0
 828 100741.000 160074.000 0 0 0.000 0.000 0.000 0.145 0 1 0 0 0 0
 829 39958.000 100153.000 0 0 0.000 0.000 0.000 0.136 0 1 0 0 0 0
 830 61633.000 54175.000 0 0 0.000 0.000 0.000 0.140 0 1 0 0 0 0
 831 149786.000 133648.000 0 0 54.000 47.000 2538.000 50.378 0 1 40 200 0 0
 832 140489.000 56073.000 0 0 50.000 54.000 2700.000 51.961 0 1 17 200 0 0
 833 144802.000 60533.000 0 0 0.000 0.000 0.000 0.132 0 1 0 0 0 0
 834 155557.000 122343.000 0 0 56.000 42.000 2352.000 48.497 0 1 31 200 0 0
 835 152095.000 129892.000 0 0 54.000 46.000 2484.000 49.839 0 1 38 200 0 0
 836 151669.000 130493.000 0 0 56.000 46.000 2576.000 50.754 0 1 38 200 0 0
 837 150472.000 132511.000 0 0 56.000 48.000 2688.000 51.845 0 1 38 200 0 0
 838 149774.000 133641.000 0 0 54.000 47.000 2538.000 50.378 0 1 40 200 0 0
 839 86230.000 158771.000 0 0 0.000 0.000 0.000 0.133 0 1 0 0 0 0
 840 50910.000 65639.000 0 0 0.000 0.000 0.000 0.130 0 1 0 0 0 0
 841 139791.000 55131.000 0 0 50.000 52.000 2600.000 50.990 0 1 17 200 0 0
 842 140405.000 55820.000 0 0 50.000 54.000 2700.000 51.961 0 1 17 200 0 0
 843 141038.000 56385.000 0 0 52.000 54.000 2808.000 52.990 0 1 17 200 0 0
 844 142409.000 57758.000 0 0 52.000 52.000 2704.000 52.000 0 1 17 200 0 0
 845 144477.000 59874.000 0 0 0.000 0.000 0.000 0.132 0 1 0 0 0 0
 846 159967.000 103086.000 0 0 0.000 0.000 0.000 0.132 0 1 0 0 0 0
 847 153859.000 126681.000 0 0 56.000 44.000 2464.000 49.638 0 1 34 200 0 0
 848 153838.000 126883.000 0 0 56.000 44.000 2464.000 49.638 0 1 34 200 0 0
 849 153343.000 127679.000 0 0 0.000 0.000 0.000 0.130 0 1 0 0 0 0
 850 152054.000 130427.000 0 0 56.000 46.000 2576.000 50.754 0 1 38 200 0 0
 851 151273.000 131392.000 0 0 56.000 48.000 2688.000 51.845 0 1 38 200 0 0
 852 151039.000 131952.000 0 0 56.000 48.000 2688.000 51.845 0 1 38 200 0 0
 853 150676.000 132507.000 0 0 56.000 48.000 2688.000 51.845 0 1 38 200 0 0
 854 150162.000 133450.000 0 0 54.000 46.000 2484.000 49.839 0 1 40 200 0 0
 855 126011.000 154539.000 0 0 0.000 0.000 0.000 0.133 0 1 0 0 0 0
 856 41811.000 116306.000 0 0 0.000 0.000 0.000 0.136 0 1 0 0 0 0
 857 155467.000 123578.000 0 0 56.000 42.000 2352.000 48.497 0 1 31 200 0 0
 858 152174.000 130437.000 0 0 56.000 46.000 2576.000 50.754 0 1 38 200 0 0
 859 152079.000 130535.000 0 0 56.000 46.000 2576.000 50.754 0 1 38 200 0 0
 860 151923.000 130641.000 0 0 56.000 46.000 2576.000 50.754 0 1 38 200 0 0
 861 150880.000 132461.000 0 0 56.000 48.000 2688.000 51.845 0 1 38 200 0 0
 862 150052.000 133708.000 0 0 54.000 46.000 2484.000 49.839 0 1 40 200 0 0
 863 92305.000 160069.000 0 0 0.000 0.000 0.000 0.135 0 1 0 0 0 0
 864 89289.000 40726.000 0 0 0.000 0.000 0.000 0.145 0 1 0 0 0 0
 865 141954.000 56791.000 0 0 52.000 52.000 2704.000 52.000 0 1 17 200 0 0
 866 142766.000 57455.000 0 0 52.000 52.000 2704.000 52.000 0 1 17 200 0 0
 867 156063.000 122722.000 0 0 56.000 42.000 2352.000 48.497 0 1 31 200 0 0
 868 154612.000 126188.000 0 0 56.000 42.000 2352.000 48.497 0 1 34 200 0 0
 869 151944.000 130982.000 0 0 56.000 46.000 2576.000 50.754 0 1 38 200 0 0
 870 151255.000 132451.000 0 0 56.000 48.000 2688.000 51.845 0 1 38 200 0 0
 871 150405.000 133537.000 0 0 54.000 46.000 2484.000 49.839 0 1 40 200 0 0
 872 148833.000 135888.000 0 0 56.000 48.000 2688.000 51.845 0 1 42 200 0 0
 873 60693.000 54126.000 0 0 0.000 0.000 0.000 0.143 0 1 0 0 0 0
 874 81247.000 42649.000 0 0 0.000 0.000 0.000 0.131 0 1 0 0 0 0
 875 140568.000 55265.000 0 0 50.000 54.000 2700.000 51.961 0 1 17 200 0 0
 876 141942.000 56598.000 0 0 52.000 52.000 2704.000 52.000 0 1 17 200 0 0
 877 155646.000 124506.000 0 0 54.000 42.000 2268.000 47.623 0 1 31 200 0 0
 878 152627.000 130510.000 0 0 56.000 46.000 2576.000 50.754 0 1 38 200 0 0
 879 150348.000 134057.000 0 0 54.000 48.000 2592.000 50.911 0 1 40 200 0 0
 880 94947.000 160701.000 0 0 0.000 0.000 0.000 0.138 0 1 0 0 0 0
 881 142015.000 56452.000 0 0 52.000 52.000 2704.000 52.000 0 1 17 200 0 0
 882 142779.000 56958.000 0 0 52.000 52.000 2704.000 52.000 0 1 17 200 0 0
 883 156344.000 123016.000 0 0 56.000 42.000 2352.000 48.497 0 1 31 200 0 0
 884 155861.000 124319.000 0 0 54.000 42.000 2268.000 47.623 0 1 31 200 0 0
 885 155313.000 125250.000 0 0 54.000 42.000 2268.000 47.623 0 1 31 200 0 0
 886 155253.000 125405.000 0 0 56.000 42.000 2352.000 48.497 0 1 31 200 0 0
 887 155313.000 125525.000 0 0 56.000 42.000 2352.000 48.497 0 1 31 200 0 0
 888 153061.000 129864.000 0 0 54.000 46.000 2484.000 49.839 0 1 38 200 0 0
 889 152616.000 130709.000 0 0 56.000 46.000 2576.000 50.754 0 1 38 200 0 0
 890 152179.000 131328.000 0 0 56.000 46.000 2576.000 50.754 0 1 38 200 0 0
 891 101458.000 161188.000 0 0 0.000 0.000 0.000 0.143 0 1 0 0 0 0
 892 141573.000 55713.000 0 0 52.000 54.000 2808.000 52.990 0 1 17 200 0 0
 893 141715.000 55904.000 0 0 52.000 54.000 2808.000 52.990 0 1 17 200 0 0
 894 156818.000 122321.000 0 0 56.000 42.000 2352.000 48.497 0 1 31 200 0 0
 895 156097.000 123770.000 0 0 56.000 42.000 2352.000 48.497 0 1 31 200 0 0
 896 151526.000 132749.000 0 0 56.000 48.000 2688.000 51.845 0 1 38 200 0 0
 897 151200.000 133231.000 0 0 54.000 48.000 2592.000 50.911 0 1 38 200 0 0
 898 149312.000 136266.000 0 0 56.000 48.000 2688.000 51.845 0 1 42 200 0 0
 899 149050.000 136368.000 0 0 56.000 48.000 2688.000 51.845 0 1 42 200 0 0
 900 148942.000 136724.000 0 0 54.000 50.000 2700.000 51.961 0 1 42 200 0 0
 901 148724.000 136894.000 0 0 54.000 50.000 2700.000 51.961 0 1 42 200 0 0
 902 148713.000 137032.000 0 0 54.000 50.000 2700.000 51.961 0 1 42 200 0 0
 903 139568.000 146690.000 0 0 0.000 0.000 0.000 0.137 0 1 0 0 0 0
 904 90192.000 160570.000 0 0 0.000 0.000 0.000 0.138 0 1 0 0 0 0
 905 109822.000 39869.000 0 0 0.000 0.000 0.000 0.137 0 1 0 0 0 0
 906 156957.000 122598.000 0 0 56.000 42.000 2352.000 48.497 0 1 31 200 0 0
 907 156519.000 123463.000 0 0 56.000 42.000 2352.000 48.497 0 1 31 200 0 0
 908 156167.000 124503.000 0 0 54.000 40.000 2160.000 46.475 0 1 31 200 0 0
 909 155702.000 125290.000 0 0 54.000 42.000 2268.000 47.623 0 1 31 200 0 0
 910 152620.000 131219.000 0 0 56.000 46.000 2576.000 50.754 0 1 38 200 0 0
 911 151576.000 133010.000 0 0 56.000 48.000 2688.000 51.845 0 1 38 200 0 0
 912 148740.000 137299.000 0 0 54.000 50.000 2700.000 51.961 0 1 42 200 0 0
 913 92491.000 160980.000 0 0 0.000 0.000 0.000 0.132 0 1 0 0 0 0
 914 40944.000 117031.000 0 0 0.000 0.000 0.000 0.143 0 1 0 0 0 0
 915 120644.000 42452.000 0 0 0.000 0.000 0.000 0.136 0 1 0 0 0 0
 916 141412.000 54960.000 0 0 50.000 54.000 2700.000 51.961 0 1 17 200 0 0
 917 143228.000 56980.000 0 0 52.000 52.000 2704.000 52.000 0 1 17 200 0 0
 918 157175.000 122424.000 0 0 56.000 42.000 2352.000 48.497 0 1 31 200 0 0
 919 157107.000 122695.000 0 0 56.000 42.000 2352.000 48.497 0 1 31 200 0 0
 920 152807.000 131144.000 0 0 56.000 46.000 2576.000 50.754 0 1 38 200 0 0
 921 149919.000 135900.000 0 0 56.000 48.000 2688.000 51.845 0 1 42 200 0 0
 922 149811.000 136192.000 0 0 56.000 48.000 2688.000 51.845 0 1 42 200 0 0
 923 149435.000 136421.000 0 0 56.000 48.000 2688.000 51.845 0 1 42 200 0 0
 924 149061.000 136975.000 0 0 54.000 50.000 2700.000 51.961 0 1 42 200 0 0
 925 142246.000 55731.000 0 0 52.000 54.000 2808.000 52.990 0 1 17 200 0 0
 926 161114.000 105757.000 0 0 0.000 0.000 0.000 0.147 0 1 0 0 0 0
 927 157151.000 122592.000 0 0 56.000 42.000 2352.000 48.497 0 1 31 200 0 0
 928 157172.000 122907.000 0 0 56.000 42.000 2352.000 48.497 0 1 31 200 0 0
 929 153951.000 129604.000 0 0 54.000 46.000 2484.000 49.839 0 1 35 200 0 0
 930 153740.000 129925.000 0 0 54.000 46.000 2484.000 49.839 0 1 38 200 0 0
 931 153769.000 129969.000 0 0 54.000 46.000 2484.000 49.839 0 1 38 200 0 0
 932 153524.000 130443.000 0 0 54.000 46.000 2484.000 49.839 0 1 38 200 0 0
 933 149486.000 136622.000 0 0 56.000 48.000 2688.000 51.845 0 1 42 200 0 0
 934 149292.000 136849.000 0 0 56.000 48.000 2688.000 51.845 0 1 42 200 0 0
 935 38597.000 105769.000 0 0 0.000 0.000 0.000 0.137 0 1 0 0 0 0
 936 142792.000 55981.000 0 0 52.000 52.000 2704.000 52.000 0 1 17 200 0 0
 937 143247.000 56482.000 0 0 52.000 52.000 2704.000 52.000 0 1 17 200 0 0
 938 157358.000 122701.000 0 0 56.000 42.000 2352.000 48.497 0 1 31 200 0 0
 939 156339.000 125191.000 0 0 54.000 42.000 2268.000 47.623 0 1 31 200 0 0
 940 155656.000 126925.000 0 0 56.000 42.000 2352.000 48.497 0 1 35 200 0 0
 941 154319.000 129270.000 0 0 56.000 44.000 2464.000 49.638 0 1 35 200 0 0
 942 151452.000 134252.000 0 0 0.000 0.000 0.000 0.138 0 1 0 0 0 0
 943 149538.000 136781.000 0 0 56.000 48.000 2688.000 51.845 0 1 42 200 0 0
 944 149488.000 136928.000 0 0 56.000 48.000 2688.000 51.845 0 1 42 200 0 0
 945 149254.000 137454.000 0 0 54.000 50.000 2700.000 51.961 0 1 42 200 0 0
 946 149145.000 137514.000 0 0 54.000 50.000 2700.000 51.961 0 1 42 200 0 0
 947 94255.000 161748.000 0 0 0.000 0.000 0.000 0.140 0 1 0 0 0 0
 948 157421.000 122847.000 0 0 56.000 42.000 2352.000 48.497 0 1 31 200 0 0
 949 156450.000 125140.000 0 0 54.000 42.000 2268.000 47.623 0 1 31 200 0 0
 950 154451.000 129384.000 0 0 56.000 44.000 2464.000 49.638 0 1 35 200 0 0
 951 154051.000 130250.000 0 0 54.000 46.000 2484.000 49.839 0 1 35 200 0 0
 952 150183.000 136292.000 0 0 56.000 48.000 2688.000 51.845 0 1 42 200 0 0
 953 149869.000 136690.000 0 0 56.000 48.000 2688.000 51.845 0 1 42 200 0 0
 954 94023.000 161844.000 0 0 0.000 0.000 0.000 0.143 0 1 0 0 0 0
 955 84921.000 40137.000 0 0 0.000 0.000 0.000 0.143 0 1 0 0 0 0
 956 142970.000 55664.000 0 0 52.000 52.000 2704.000 52.000 0 1 17 200 0 0
 957 156168.000 126445.000 0 0 56.000 42.000 2352.000 48.497 0 1 35 200 0 0
 958 156022.000 126590.000 0 0 56.000 42.000 2352.000 48.497 0 1 35 200 0 0
 959 155959.000 126751.000 0 0 56.000 42.000 2352.000 48.497 0 1 35 200 0 0
 960 154828.000 129062.000 0 0 56.000 44.000 2464.000 49.638 0 1 35 200 0 0
 961 154769.000 129089.000 0 0 56.000 44.000 2464.000 49.638 0 1 35 200 0 0
 962 154595.000 129583.000 0 0 54.000 44.000 2376.000 48.744 0 1 35 200 0 0
 963 154578.000 129752.000 0 0 54.000 44.000 2376.000 48.744 0 1 35 200 0 0
 964 152285.000 133438.000 0 0 56.000 48.000 2688.000 51.845 0 1 38 200 0 0
 965 149298.000 137741.000 0 0 54.000 50.000 2700.000 51.961 0 1 42 200 0 0
 966 139773.000 52529.000 0 0 0.000 0.000 0.000 0.130 0 1 0 0 0 0
 967 142941.000 55373.000 0 0 52.000 54.000 2808.000 52.990 0 1 17 200 0 0
 968 143136.000 55608.000 0 0 52.000 52.000 2704.000 52.000 0 1 17 200 0 0
 969 157646.000 123435.000 0 0 56.000 42.000 2352.000 48.497 0 1 31 200 0 0
 970 156486.000 126050.000 0 0 56.000 42.000 2352.000 48.497 0 1 35 200 0 0
 971 155957.000 127454.000 0 0 56.000 44.000 2464.000 49.638 0 1 35 200 0 0
 972 155296.000 128458.000 0 0 56.000 44.000 2464.000 49.638 0 1 35 200 0 0
 973 155191.000 128876.000 0 0 56.000 44.000 2464.000 49.638 0 1 35 200 0 0
 974 155112.000 128983.000 0 0 56.000 44.000 2464.000 49.638 0 1 35 200 0 0
 975 52328.000 59981.000 0 0 0.000 0.000 0.000 0.151 0 1 0 0 0 0
 976 85279.000 39645.000 0 0 0.000 0.000 0.000 0.251 0 1 0 0 0 0
 977 146746.000 59024.000 0 0 0.000 0.000 0.000 0.145 0 1 0 0 0 0
 978 148331.000 60903.000 0 0 0.000 0.000 0.000 0.133 0 1 0 0 0 0
 979 158171.000 122746.000 0 0 56.000 42.000 2352.000 48.497 0 1 31 200 0 0
 980 155834.000 127799.000 0 0 56.000 44.000 2464.000 49.638 0 1 35 200 0 0
 981 155391.000 128919.000 0 0 56.000 44.000 2464.000 49.638 0 1 35 200 0 0
 982 154707.000 130148.000 0 0 54.000 46.000 2484.000 49.839 0 1 35 200 0 0
 983 150511.000 136885.000 0 0 56.000 48.000 2688.000 51.845 0 1 42 200 0 0
 984 149618.000 138113.000 0 0 54.000 50.000 2700.000 51.961 0 1 42 200 0 0
 985 42999.000 126115.000 0 0 0.000 0.000 0.000 0.134 0 1 0 0 0 0
 986 143630.000 55593.000 0 0 52.000 52.000 2704.000 52.000 0 1 17 200 0 0
 987 143787.000 55595.000 0 0 52.000 52.000 2704.000 52.000 0 1 18 200 0 0
 988 123178.000 158314.000 0 0 0.000 0.000 0.000 0.137 0 1 0 0 0 0
 989 71110.000 155671.000 0 0 0.000 0.000 0.000 0.130 0 1 0 0 0 0
 990 85525.000 39325.000 0 0 0.000 0.000 0.000 0.143 0 1 0 0 0 0
 991 137664.000 50135.000 0 0 0.000 0.000 0.000 0.139 0 1 0 0 0 0
 992 144131.000 55880.000 0 0 52.000 52.000 2704.000 52.000 0 1 18 200 0 0
 993 144195.000 55904.000 0 0 52.000 52.000 2704.000 52.000 0 1 18 200 0 0
 994 156045.000 72350.000 0 0 0.000 0.000 0.000 0.147 0 1 0 0 0 0
 995 155912.000 128515.000 0 0 56.000 44.000 2464.000 49.638 0 1 35 200 0 0
 996 154732.000 130858.000 0 0 54.000 46.000 2484.000 49.839 0 1 35 200 0 0
 997 117009.000 160690.000 0 0 0.000 0.000 0.000 0.141 0 1 0 0 0 0
 998 114882.000 161119.000 0 0 0.000 0.000 0.000 0.130 0 1 0 0 0 0
 999 52261.000 141103.000 0 0 0.000 0.000 0.000 0.144 0 1 0 0 0 0
 1000 38334.000 112094.000 0 0 0.000 0.000 0.000 0.134 0 1 0 0 0 0
 1001 37752.000 109309.000 0 0 0.000 0.000 0.000 0.134 0 1 0 0 0 0
 1002 131520.000 154651.000 0 0 0.000 0.000 0.000 0.133 0 1 0 0 0 0
 1003 69259.000 45337.000 0 0 0.000 0.000 0.000 0.130 0 1 0 0 0 0
 1004 85825.000 38913.000 0 0 0.000 0.000 0.000 0.130 0 1 0 0 0 0
 1005 106906.000 37583.000 0 0 0.000 0.000 0.000 0.146 0 1 0 0 0 0
 1006 143864.000 54712.000 0 0 52.000 52.000 2704.000 52.000 0 1 16 200 0 0
 1007 144536.000 55566.000 0 0 52.000 52.000 2704.000 52.000 0 1 18 200 0 0
 1008 162648.000 108343.000 0 0 0.000 0.000 0.000 0.135 0 1 0 0 0 0
 1009 156241.000 128851.000 0 0 56.000 44.000 2464.000 49.638 0 1 35 200 0 0
 1010 144572.000 55466.000 0 0 52.000 52.000 2704.000 52.000 0 1 18 200 0 0
 1011 149922.000 139312.000 0 0 54.000 50.000 2700.000 51.961 0 1 44 200 0 0
 1012 143957.000 54430.000 0 0 52.000 52.000 2704.000 52.000 0 1 16 200 0 0
 1013 147208.000 57889.000 0 0 0.000 0.000 0.000 0.133 0 1 0 0 0 0
 1014 161875.000 114514.000 0 0 0.000 0.000 0.000 0.130 0 1 0 0 0 0
 1015 150415.000 138857.000 0 0 54.000 50.000 2700.000 51.961 0 1 44 200 0 0
 1016 150250.000 138931.000 0 0 54.000 50.000 2700.000 51.961 0 1 44 200 0 0
 1017 132817.000 154609.000 0 0 0.000 0.000 0.000 0.139 0 1 0 0 0 0
 1018 103344.000 163709.000 0 0 0.000 0.000 0.000 0.130 0 1 0 0 0 0
 1019 99841.000 163887.000 0 0 0.000 0.000 0.000 0.130 0 1 0 0 0 0
 1020 129479.000 43890.000 0 0 0.000 0.000 0.000 0.146 0 1 0 0 0 0
 1021 104136.000 163923.000 0 0 0.000 0.000 0.000 0.133 0 1 0 0 0 0
 1022 36125.000 99413.000 0 0 0.000 0.000 0.000 0.138 0 1 0 0 0 0
 1023 36238.000 96311.000 0 0 0.000 0.000 0.000 0.130 0 1 0 0 0 0
 1024 113875.000 37863.000 0 0 0.000 0.000 0.000 0.134 0 1 0 0 0 0
 1025 154175.000 134147.000 0 0 56.000 48.000 2688.000 51.845 0 1 39 200 0 0
 1026 144425.000 54223.000 0 0 52.000 52.000 2704.000 52.000 0 1 16 200 0 0
 1027 159065.000 125000.000 0 0 0.000 0.000 0.000 0.131 0 1 0 0 0 0
 1028 158712.000 125835.000 0 0 0.000 0.000 0.000 0.136 0 1 0 0 0 0
 1029 156091.000 131019.000 0 0 54.000 46.000 2484.000 49.839 0 1 39 200 0 0
 1030 155861.000 131690.000 0 0 54.000 46.000 2484.000 49.839 0 1 39 200 0 0
 1031 81042.000 161405.000 0 0 0.000 0.000 0.000 0.131 0 1 0 0 0 0
 1032 86914.000 37422.000 0 0 0.000 0.000 0.000 0.154 0 1 0 0 0 0
 1033 138331.000 48814.000 0 0 0.000 0.000 0.000 0.138 0 1 0 0 0 0
 1034 149217.000 59097.000 0 0 0.000 0.000 0.000 0.133 0 1 0 0 0 0
 1035 149864.000 59910.000 0 0 0.000 0.000 0.000 0.136 0 1 0 0 0 0
 1036 156690.000 130284.000 0 0 56.000 44.000 2464.000 49.638 0 1 39 200 0 0
 1037 156445.000 130690.000 0 0 54.000 44.000 2376.000 48.744 0 1 39 200 0 0
 1038 151251.000 138845.000 0 0 54.000 50.000 2700.000 51.961 0 1 44 200 0 0
 1039 100457.000 164578.000 0 0 0.000 0.000 0.000 0.134 0 1 0 0 0 0
 1040 36448.000 110103.000 0 0 0.000 0.000 0.000 0.131 0 1 0 0 0 0
 1041 136733.000 47395.000 0 0 0.000 0.000 0.000 0.142 0 1 0 0 0 0
 1042 144557.000 53816.000 0 0 52.000 52.000 2704.000 52.000 0 1 16 200 0 0
 1043 145312.000 54688.000 0 0 52.000 52.000 2704.000 52.000 0 1 16 200 0 0
 1044 164343.000 97368.000 0 0 0.000 0.000 0.000 0.141 0 1 0 0 0 0
 1045 157081.000 129897.000 0 0 56.000 44.000 2464.000 49.638 0 1 39 200 0 0
 1046 151583.000 138694.000 0 0 54.000 50.000 2700.000 51.961 0 1 44 200 0 0
 1047 144906.000 53908.000 0 0 52.000 52.000 2704.000 52.000 0 1 16 200 0 0
 1048 163529.000 89184.000 0 0 0.000 0.000 0.000 0.137 0 1 0 0 0 0
 1049 158941.000 126398.000 0 0 0.000 0.000 0.000 0.135 0 1 0 0 0 0
 1050 154410.000 134958.000 0 0 56.000 48.000 2688.000 51.845 0 1 39 200 0 0
 1051 145102.000 53788.000 0 0 52.000 52.000 2704.000 52.000 0 1 16 200 0 0
 1052 145538.000 54344.000 0 0 52.000 52.000 2704.000 52.000 0 1 16 200 0 0
 1053 158625.000 127741.000 0 0 0.000 0.000 0.000 0.132 0 1 0 0 0 0
 1054 156105.000 132306.000 0 0 54.000 46.000 2484.000 49.839 0 1 39 200 0 0
 1055 155947.000 132767.000 0 0 56.000 46.000 2576.000 50.754 0 1 39 200 0 0
 1056 155846.000 132852.000 0 0 56.000 46.000 2576.000 50.754 0 1 39 200 0 0
 1057 154889.000 134432.000 0 0 56.000 48.000 2688.000 51.845 0 1 39 200 0 0
 1058 87554.000 36537.000 0 0 0.000 0.000 0.000 0.152 0 1 0 0 0 0
 1059 139505.000 48720.000 0 0 0.000 0.000 0.000 0.134 0 1 0 0 0 0
 1060 156741.000 131781.000 0 0 54.000 46.000 2484.000 49.839 0 1 39 200 0 0
 1061 155961.000 133157.000 0 0 56.000 46.000 2576.000 50.754 0 1 39 200 0 0
 1062 154446.000 135394.000 0 0 54.000 48.000 2592.000 50.911 0 1 39 200 0 0
 1063 151902.000 139110.000 0 0 54.000 50.000 2700.000 51.961 0 1 44 200 0 0
 1064 85482.000 163570.000 0 0 0.000 0.000 0.000 0.134 0 1 0 0 0 0
 1065 144137.000 52543.000 0 0 0.000 0.000 0.000 0.135 0 1 0 0 0 0
 1066 159382.000 126739.000 0 0 0.000 0.000 0.000 0.131 0 1 0 0 0 0
 1067 155970.000 133271.000 0 0 56.000 46.000 2576.000 50.754 0 1 39 200 0 0
 1068 155954.000 133592.000 0 0 56.000 46.000 2576.000 50.754 0 1 39 200 0 0
 1069 154060.000 136592.000 0 0 54.000 48.000 2592.000 50.911 0 1 39 200 0 0
 1070 153431.000 137399.000 0 0 54.000 48.000 2592.000 50.911 0 1 39 200 0 0
 1071 150331.000 141433.000 0 0 0.000 0.000 0.000 0.130 0 1 0 0 0 0
 1072 149172.000 142754.000 0 0 0.000 0.000 0.000 0.138 0 1 0 0 0 0
 1073 87825.000 164265.000 0 0 0.000 0.000 0.000 0.147 0 1 0 0 0 0
 1074 35792.000 111687.000 0 0 0.000 0.000 0.000 0.156 0 1 0 0 0 0
 1075 159353.000 127105.000 0 0 0.000 0.000 0.000 0.131 0 1 0 0 0 0
 1076 158866.000 128411.000 0 0 0.000 0.000 0.000 0.133 0 1 0 0 0 0
 1077 155907.000 133973.000 0 0 56.000 46.000 2576.000 50.754 0 1 39 200 0 0
 1078 154768.000 135642.000 0 0 54.000 48.000 2592.000 50.911 0 1 39 200 0 0
 1079 154407.000 136293.000 0 0 54.000 46.000 2484.000 49.839 0 1 39 200 0 0
 1080 153494.000 137691.000 0 0 54.000 48.000 2592.000 50.911 0 1 39 200 0 0
 1081 153328.000 137807.000 0 0 54.000 48.000 2592.000 50.911 0 1 39 200 0 0
 1082 153242.000 137954.000 0 0 54.000 48.000 2592.000 50.911 0 1 39 200 0 0
 1083 152307.000 139221.000 0 0 56.000 48.000 2688.000 51.845 0 1 44 200 0 0
 1084 105314.000 165351.000 0 0 0.000 0.000 0.000 0.134 0 1 0 0 0 0
 1085 157308.000 131629.000 0 0 54.000 46.000 2484.000 49.839 0 1 39 200 0 0
 1086 156703.000 132876.000 0 0 56.000 46.000 2576.000 50.754 0 1 39 200 0 0
 1087 155225.000 135121.000 0 0 56.000 48.000 2688.000 51.845 0 1 39 200 0 0
 1088 155092.000 135485.000 0 0 56.000 48.000 2688.000 51.845 0 1 39 200 0 0
 1089 154548.000 136199.000 0 0 54.000 46.000 2484.000 49.839 0 1 39 200 0 0
 1090 154477.000 136456.000 0 0 54.000 46.000 2484.000 49.839 0 1 39 200 0 0
 1091 154008.000 136976.000 0 0 54.000 48.000 2592.000 50.911 0 1 39 200 0 0
 1092 152412.000 139378.000 0 0 54.000 50.000 2700.000 51.961 0 1 44 200 0 0
 1093 152147.000 139740.000 0 0 54.000 50.000 2700.000 51.961 0 1 44 200 0 0
 1094 84711.000 163943.000 0 0 0.000 0.000 0.000 0.131 0 1 0 0 0 0
 1095 115343.000 36445.000 0 0 0.000 0.000 0.000 0.145 0 1 0 0 0 0
 1096 145594.000 53190.000 0 0 52.000 52.000 2704.000 52.000 0 1 16 200 0 0
 1097 159966.000 126624.000 0 0 0.000 0.000 0.000 0.131 0 1 0 0 0 0
 1098 157713.000 131434.000 0 0 54.000 44.000 2376.000 48.744 0 1 39 200 0 0
 1099 155718.000 134674.000 0 0 56.000 48.000 2688.000 51.845 0 1 39 200 0 0
 1100 155257.000 135625.000 0 0 56.000 48.000 2688.000 51.845 0 1 39 200 0 0
 1101 153340.000 138243.000 0 0 54.000 48.000 2592.000 50.911 0 1 39 200 0 0
 1102 105315.000 165606.000 0 0 0.000 0.000 0.000 0.138 0 1 0 0 0 0
 1103 80698.000 37306.000 0 0 0.000 0.000 0.000 0.138 0 1 0 0 0 0
 1104 153634.000 138259.000 0 0 54.000 48.000 2592.000 50.911 0 1 39 200 0 0
 1105 139335.000 47592.000 0 0 0.000 0.000 0.000 0.130 0 1 0 0 0 0
 1106 165431.000 106667.000 0 0 0.000 0.000 0.000 0.140 0 1 0 0 0 0
 1107 157852.000 131563.000 0 0 54.000 44.000 2376.000 48.744 0 1 39 200 0 0
 1108 157433.000 132128.000 0 0 54.000 46.000 2484.000 49.839 0 1 39 200 0 0
 1109 155693.000 135315.000 0 0 56.000 48.000 2688.000 51.845 0 1 39 200 0 0
 1110 155493.000 135379.000 0 0 56.000 48.000 2688.000 51.845 0 1 39 200 0 0
 1111 155221.000 135871.000 0 0 54.000 48.000 2592.000 50.911 0 1 39 200 0 0
 1112 154488.000 136939.000 0 0 54.000 48.000 2592.000 50.911 0 1 39 200 0 0
 1113 154438.000 137043.000 0 0 54.000 48.000 2592.000 50.911 0 1 39 200 0 0
 1114 154253.000 137253.000 0 0 54.000 48.000 2592.000 50.911 0 1 39 200 0 0
 1115 154180.000 137516.000 0 0 54.000 48.000 2592.000 50.911 0 1 39 200 0 0
 1116 153357.000 138557.000 0 0 56.000 48.000 2688.000 51.845 0 1 39 200 0 0
 1117 149892.000 142918.000 0 0 0.000 0.000 0.000 0.131 0 1 0 0 0 0
 1118 117977.000 163604.000 0 0 0.000 0.000 0.000 0.142 0 1 0 0 0 0
 1119 99463.000 166026.000 0 0 0.000 0.000 0.000 0.145 0 1 0 0 0 0
 1120 84015.000 164177.000 0 0 0.000 0.000 0.000 0.143 0 1 0 0 0 0
 1121 145373.000 52649.000 0 0 52.000 54.000 2808.000 52.990 0 1 16 200 0 0
 1122 146532.000 53469.000 0 0 52.000 52.000 2704.000 52.000 0 1 15 200 0 0
 1123 159369.000 128792.000 0 0 0.000 0.000 0.000 0.133 0 1 0 0 0 0
 1124 158821.000 129854.000 0 0 0.000 0.000 0.000 0.131 0 1 0 0 0 0
 1125 156177.000 134681.000 0 0 56.000 48.000 2688.000 51.845 0 1 39 200 0 0
 1126 155077.000 136247.000 0 0 54.000 48.000 2592.000 50.911 0 1 39 200 0 0
 1127 154997.000 136372.000 0 0 54.000 48.000 2592.000 50.911 0 1 39 200 0 0
 1128 154974.000 136429.000 0 0 54.000 48.000 2592.000 50.911 0 1 39 200 0 0
 1129 154825.000 136759.000 0 0 54.000 46.000 2484.000 49.839 0 1 39 200 0 0
 1130 153911.000 138207.000 0 0 54.000 48.000 2592.000 50.911 0 1 39 200 0 0
 1131 153646.000 138267.000 0 0 54.000 48.000 2592.000 50.911 0 1 39 200 0 0
 1132 152786.000 139630.000 0 0 54.000 50.000 2700.000 51.961 0 1 44 200 0 0
 1133 45508.000 62849.000 0 0 0.000 0.000 0.000 0.141 0 1 0 0 0 0
 1134 158392.000 131095.000 0 0 56.000 44.000 2464.000 49.638 0 1 39 200 0 0
 1135 155398.000 136257.000 0 0 54.000 48.000 2592.000 50.911 0 1 39 200 0 0
 1136 155193.000 136366.000 0 0 54.000 48.000 2592.000 50.911 0 1 39 200 0 0
 1137 100371.000 166460.000 0 0 0.000 0.000 0.000 0.137 0 1 0 0 0 0
 1138 146510.000 53000.000 0 0 52.000 52.000 2704.000 52.000 0 1 15 200 0 0
 1139 146523.000 53014.000 0 0 52.000 52.000 2704.000 52.000 0 1 15 200 0 0
 1140 147029.000 53530.000 0 0 52.000 52.000 2704.000 52.000 0 1 15 200 0 0
 1141 148901.000 55673.000 0 0 54.000 50.000 2700.000 51.961 0 1 14 200 0 0
 1142 159088.000 130062.000 0 0 0.000 0.000 0.000 0.132 0 1 0 0 0 0
 1143 157702.000 132921.000 0 0 54.000 46.000 2484.000 49.839 0 1 39 200 0 0
 1144 155746.000 136161.000 0 0 54.000 48.000 2592.000 50.911 0 1 39 200 0 0
 1145 155232.000 136869.000 0 0 54.000 46.000 2484.000 49.839 0 1 39 200 0 0
 1146 154079.000 138422.000 0 0 54.000 48.000 2592.000 50.911 0 1 39 200 0 0
 1147 99119.000 166513.000 0 0 0.000 0.000 0.000 0.130 0 1 0 0 0 0
 1148 88774.000 34842.000 0 0 0.000 0.000 0.000 0.137 0 1 0 0 0 0
 1149 146634.000 53061.000 0 0 52.000 52.000 2704.000 52.000 0 1 15 200 0 0
 1150 149470.000 56072.000 0 0 52.000 50.000 2600.000 50.990 0 1 14 200 0 0
 1151 149556.000 56076.000 0 0 52.000 50.000 2600.000 50.990 0 1 14 200 0 0
 1152 157288.000 133915.000 0 0 0.000 0.000 0.000 0.138 0 1 0 0 0 0
 1153 156288.000 135617.000 0 0 56.000 48.000 2688.000 51.845 0 1 39 200 0 0
 1154 152161.000 141175.000 0 0 0.000 0.000 0.000 0.131 0 1 0 0 0 0
 1155 84076.000 164804.000 0 0 0.000 0.000 0.000 0.133 0 1 0 0 0 0
 1156 145048.000 51213.000 0 0 0.000 0.000 0.000 0.130 0 1 0 0 0 0
 1157 147047.000 53242.000 0 0 52.000 52.000 2704.000 52.000 0 1 15 200 0 0
 1158 147498.000 53707.000 0 0 52.000 52.000 2704.000 52.000 0 1 15 200 0 0
 1159 149323.000 55471.000 0 0 54.000 50.000 2700.000 51.961 0 1 14 200 0 0
 1160 158853.000 131270.000 0 0 56.000 44.000 2464.000 49.638 0 1 39 200 0 0
 1161 157899.000 132975.000 0 0 54.000 46.000 2484.000 49.839 0 1 39 200 0 0
 1162 157479.000 133972.000 0 0 0.000 0.000 0.000 0.133 0 1 0 0 0 0
 1163 152981.000 140631.000 0 0 0.000 0.000 0.000 0.131 0 1 0 0 0 0
 1164 152027.000 141724.000 0 0 0.000 0.000 0.000 0.130 0 1 0 0 0 0
 1165 104732.000 166817.000 0 0 0.000 0.000 0.000 0.134 0 1 0 0 0 0
 1166 124939.000 38266.000 0 0 0.000 0.000 0.000 0.133 0 1 0 0 0 0
 1167 146817.000 52817.000 0 0 52.000 52.000 2704.000 52.000 0 1 15 200 0 0
 1168 149388.000 55511.000 0 0 54.000 50.000 2700.000 51.961 0 1 14 200 0 0
 1169 149852.000 55980.000 0 0 52.000 50.000 2600.000 50.990 0 1 14 200 0 0
 1170 150751.000 56882.000 0 0 0.000 0.000 0.000 0.144 0 1 0 0 0 0
 1171 151557.000 58002.000 0 0 0.000 0.000 0.000 0.134 0 1 0 0 0 0
 1172 152264.000 58861.000 0 0 0.000 0.000 0.000 0.133 0 1 0 0 0 0
 1173 160666.000 127853.000 0 0 0.000 0.000 0.000 0.131 0 1 0 0 0 0
 1174 157363.000 134238.000 0 0 0.000 0.000 0.000 0.133 0 1 0 0 0 0
 1175 155551.000 137130.000 0 0 54.000 46.000 2484.000 49.839 0 1 39 200 0 0
 1176 43179.000 135543.000 0 0 0.000 0.000 0.000 0.167 0 1 0 0 0 0
 1177 89195.000 34245.000 0 0 0.000 0.000 0.000 0.132 0 1 0 0 0 0
 1178 149409.000 55058.000 0 0 54.000 50.000 2700.000 51.961 0 1 14 200 0 0
 1179 158090.000 133569.000 0 0 56.000 46.000 2576.000 50.754 0 1 39 200 0 0
 1180 105765.000 166912.000 0 0 0.000 0.000 0.000 0.131 0 1 0 0 0 0
 1181 105457.000 167008.000 0 0 0.000 0.000 0.000 0.137 0 1 0 0 0 0
 1182 138295.000 45259.000 0 0 0.000 0.000 0.000 0.131 0 1 0 0 0 0
 1183 144386.000 50019.000 0 0 0.000 0.000 0.000 0.133 0 1 0 0 0 0
 1184 146886.000 52413.000 0 0 52.000 52.000 2704.000 52.000 0 1 15 200 0 0
 1185 147097.000 52369.000 0 0 52.000 52.000 2704.000 52.000 0 1 15 200 0 0
 1186 147129.000 52547.000 0 0 52.000 52.000 2704.000 52.000 0 1 15 200 0 0
 1187 156463.000 136445.000 0 0 56.000 48.000 2688.000 51.845 0 1 39 200 0 0
 1188 155864.000 137153.000 0 0 54.000 46.000 2484.000 49.839 0 1 39 200 0 0
 1189 155914.000 137406.000 0 0 54.000 46.000 2484.000 49.839 0 1 39 200 0 0
 1190 155396.000 138090.000 0 0 54.000 48.000 2592.000 50.911 0 1 39 200 0 0
 1191 137781.000 44621.000 0 0 0.000 0.000 0.000 0.130 0 1 0 0 0 0
 1192 146928.000 52232.000 0 0 52.000 52.000 2704.000 52.000 0 1 15 200 0 0
 1193 147160.000 52410.000 0 0 52.000 52.000 2704.000 52.000 0 1 15 200 0 0
 1194 153116.000 59119.000 0 0 0.000 0.000 0.000 0.133 0 1 0 0 0 0
 1195 158847.000 132747.000 0 0 0.000 0.000 0.000 0.131 0 1 0 0 0 0
 1196 158450.000 133341.000 0 0 0.000 0.000 0.000 0.134 0 1 0 0 0 0
 1197 157170.000 135794.000 0 0 0.000 0.000 0.000 0.134 0 1 0 0 0 0
 1198 147050.000 51923.000 0 0 52.000 52.000 2704.000 52.000 0 1 15 200 0 0
 1199 149867.000 54873.000 0 0 54.000 50.000 2700.000 51.961 0 1 14 200 0 0
 1200 156282.000 137259.000 0 0 54.000 48.000 2592.000 50.911 0 1 39 200 0 0
 1201 156192.000 137455.000 0 0 54.000 46.000 2484.000 49.839 0 1 39 200 0 0
 1202 156043.000 137728.000 0 0 54.000 46.000 2484.000 49.839 0 1 39 200 0 0
 1203 155841.000 137908.000 0 0 54.000 48.000 2592.000 50.911 0 1 39 200 0 0
 1204 134106.000 41879.000 0 0 0.000 0.000 0.000 0.139 0 1 0 0 0 0
 1205 147280.000 52086.000 0 0 52.000 52.000 2704.000 52.000 0 1 15 200 0 0
 1206 147378.000 52056.000 0 0 52.000 52.000 2704.000 52.000 0 1 15 200 0 0
 1207 151292.000 56301.000 0 0 0.000 0.000 0.000 0.130 0 1 0 0 0 0
 1208 136203.000 42983.000 0 0 48.000 56.000 2688.000 51.845 0 1 12 200 0 0
 1209 151891.000 56772.000 0 0 0.000 0.000 0.000 0.130 0 1 0 0 0 0
 1210 136608.000 43159.000 0 0 48.000 56.000 2688.000 51.845 0 1 12 200 0 0
 1211 137689.000 43637.000 0 0 0.000 0.000 0.000 0.135 0 1 0 0 0 0
 1212 148130.000 52231.000 0 0 52.000 52.000 2704.000 52.000 0 1 15 200 0 0
 1213 150413.000 54825.000 0 0 54.000 50.000 2700.000 51.961 0 1 14 200 0 0
 1214 160042.000 131819.000 0 0 0.000 0.000 0.000 0.131 0 1 0 0 0 0
 1215 159943.000 132217.000 0 0 0.000 0.000 0.000 0.138 0 1 0 0 0 0
 1216 157415.000 136557.000 0 0 0.000 0.000 0.000 0.137 0 1 0 0 0 0
 1217 156841.000 137532.000 0 0 54.000 48.000 2592.000 50.911 0 1 39 200 0 0
 1218 156116.000 138585.000 0 0 54.000 48.000 2592.000 50.911 0 1 39 200 0 0
 1219 42734.000 137033.000 0 0 0.000 0.000 0.000 0.142 0 1 0 0 0 0
 1220 135306.000 42008.000 0 0 47.000 56.000 2632.000 51.303 0 1 12 200 0 0
 1221 147662.000 51768.000 0 0 52.000 52.000 2704.000 52.000 0 1 15 200 0 0
 1222 148607.000 52532.000 0 0 52.000 52.000 2704.000 52.000 0 1 15 200 0 0
 1223 150541.000 54631.000 0 0 54.000 50.000 2700.000 51.961 0 1 14 200 0 0
 1224 150696.000 54878.000 0 0 52.000 50.000 2600.000 50.990 0 1 14 200 0 0
 1225 113455.000 167040.000 0 0 0.000 0.000 0.000 0.131 0 1 0 0 0 0
 1226 103306.000 168307.000 0 0 0.000 0.000 0.000 0.141 0 1 0 0 0 0
 1227 102181.000 168461.000 0 0 0.000 0.000 0.000 0.138 0 1 0 0 0 0
 1228 95191.000 168257.000 0 0 0.000 0.000 0.000 0.140 0 1 0 0 0 0
 1229 136439.000 42415.000 0 0 48.000 56.000 2688.000 51.845 0 1 12 200 0 0
 1230 147633.000 51401.000 0 0 52.000 52.000 2704.000 52.000 0 1 15 200 0 0
 1231 147793.000 51429.000 0 0 52.000 52.000 2704.000 52.000 0 1 15 200 0 0
 1232 150836.000 54779.000 0 0 52.000 50.000 2600.000 50.990 0 1 14 200 0 0
 1233 46239.000 142510.000 0 0 0.000 0.000 0.000 0.140 0 1 0 0 0 0
 1234 135747.000 41938.000 0 0 48.000 56.000 2688.000 51.845 0 1 12 200 0 0
 1235 156252.000 139178.000 0 0 54.000 48.000 2592.000 50.911 0 1 39 200 0 0
 1236 156206.000 139300.000 0 0 54.000 48.000 2592.000 50.911 0 1 39 200 0 0
 1237 121590.000 165229.000 0 0 0.000 0.000 0.000 0.133 0 1 0 0 0 0
 1238 94153.000 168435.000 0 0 0.000 0.000 0.000 0.130 0 1 0 0 0 0
 1239 87549.000 167587.000 0 0 32.000 54.000 1728.000 41.569 0 1 46 200 0 0
 1240 87376.000 167616.000 0 0 32.000 54.000 1728.000 41.569 0 1 46 200 0 0
 1241 138981.000 43873.000 0 0 0.000 0.000 0.000 0.136 0 1 0 0 0 0
 1242 151286.000 54564.000 0 0 52.000 50.000 2600.000 50.990 0 1 14 200 0 0
 1243 151419.000 54833.000 0 0 52.000 52.000 2704.000 52.000 0 1 14 200 0 0
 1244 158181.000 136534.000 0 0 0.000 0.000 0.000 0.130 0 1 0 0 0 0
 1245 102788.000 168881.000 0 0 0.000 0.000 0.000 0.130 0 1 0 0 0 0
 1246 151269.000 54460.000 0 0 52.000 50.000 2600.000 50.990 0 1 14 200 0 0
 1247 152976.000 56453.000 0 0 0.000 0.000 0.000 0.130 0 1 0 0 0 0
 1248 35013.000 123486.000 0 0 0.000 0.000 0.000 0.132 0 1 0 0 0 0
 1249 30999.000 103437.000 0 0 0.000 0.000 0.000 0.136 0 1 0 0 0 0
 1250 138639.000 43078.000 0 0 0.000 0.000 0.000 0.134 0 1 0 0 0 0
 1251 87451.000 168101.000 0 0 32.000 54.000 1728.000 41.569 0 1 46 200 0 0
 1252 102488.000 31159.000 0 0 0.000 0.000 0.000 0.150 0 1 0 0 0 0
 1253 148515.000 51170.000 0 0 0.000 0.000 0.000 0.131 0 1 0 0 0 0
 1254 151754.000 54515.000 0 0 52.000 52.000 2704.000 52.000 0 1 14 200 0 0
 1255 151825.000 54656.000 0 0 52.000 52.000 2704.000 52.000 0 1 14 200 0 0
 1256 156739.000 139854.000 0 0 54.000 48.000 2592.000 50.911 0 1 39 200 0 0
 1257 87351.000 168292.000 0 0 32.000 54.000 1728.000 41.569 0 1 46 200 0 0
 1258 148289.000 50672.000 0 0 0.000 0.000 0.000 0.133 0 1 0 0 0 0
 1259 151358.000 53872.000 0 0 54.000 50.000 2700.000 51.961 0 1 14 200 0 0
 1260 151536.000 53868.000 0 0 54.000 50.000 2700.000 51.961 0 1 14 200 0 0
 1261 153019.000 55680.000 0 0 0.000 0.000 0.000 0.134 0 1 0 0 0 0
 1262 87718.000 168617.000 0 0 32.000 54.000 1728.000 41.569 0 1 46 200 0 0
 1263 87663.000 168529.000 0 0 32.000 54.000 1728.000 41.569 0 1 46 200 0 0
 1264 87653.000 168453.000 0 0 32.000 54.000 1728.000 41.569 0 1 46 200 0 0
 1265 151710.000 54093.000 0 0 52.000 50.000 2600.000 50.990 0 1 14 200 0 0
 1266 153603.000 55939.000 0 0 0.000 0.000 0.000 0.138 0 1 0 0 0 0
 1267 144268.000 153695.000 0 0 0.000 0.000 0.000 0.133 0 1 0 0 0 0
 1268 87746.000 168690.000 0 0 32.000 54.000 1728.000 41.569 0 1 46 200 0 0
 1269 68379.000 162213.000 0 0 0.000 0.000 0.000 0.147 0 1 0 0 0 0
 1270 117699.000 32747.000 0 0 0.000 0.000 0.000 0.130 0 1 0 0 0 0
 1271 150825.000 52512.000 0 0 54.000 52.000 2808.000 52.990 0 1 14 200 0 0
 1272 151236.000 52774.000 0 0 54.000 50.000 2700.000 51.961 0 1 14 200 0 0
 1273 141879.000 156018.000 0 0 0.000 0.000 0.000 0.134 0 1 0 0 0 0
 1274 149429.000 50706.000 0 0 52.000 52.000 2704.000 52.000 0 1 14 200 0 0
 1275 149452.000 50740.000 0 0 52.000 52.000 2704.000 52.000 0 1 14 200 0 0
 1276 151683.000 53228.000 0 0 54.000 50.000 2700.000 51.961 0 1 14 200 0 0
 1277 120908.000 33348.000 0 0 0.000 0.000 0.000 0.132 0 1 0 0 0 0
 1278 149203.000 50212.000 0 0 52.000 52.000 2704.000 52.000 0 1 14 200 0 0
 1279 153381.000 54807.000 0 0 0.000 0.000 0.000 0.130 0 1 0 0 0 0
 1280 30234.000 109293.000 0 0 0.000 0.000 0.000 0.132 0 1 0 0 0 0
 1281 113106.000 31130.000 0 0 32.000 54.000 1728.000 41.569 0 1 10 200 0 0
 1282 147185.000 48179.000 0 0 50.000 54.000 2700.000 51.961 0 1 13 200 0 0
 1283 149922.000 50652.000 0 0 52.000 52.000 2704.000 52.000 0 1 14 200 0 0
 1284 150759.000 51741.000 0 0 54.000 52.000 2808.000 52.990 0 1 14 200 0 0
 1285 151265.000 52191.000 0 0 54.000 52.000 2808.000 52.990 0 1 14 200 0 0
 1286 158414.000 139435.000 0 0 0.000 0.000 0.000 0.152 0 1 0 0 0 0
 1287 121725.000 167145.000 0 0 0.000 0.000 0.000 0.136 0 1 0 0 0 0
 1288 113313.000 31003.000 0 0 32.000 54.000 1728.000 41.569 0 1 10 200 0 0
 1289 113325.000 31117.000 0 0 32.000 54.000 1728.000 41.569 0 1 10 200 0 0
 1290 113385.000 30967.000 0 0 32.000 54.000 1728.000 41.569 0 1 10 200 0 0
 1291 149861.000 50540.000 0 0 52.000 52.000 2704.000 52.000 0 1 14 200 0 0
 1292 150268.000 50917.000 0 0 52.000 52.000 2704.000 52.000 0 1 14 200 0 0
 1293 150710.000 51392.000 0 0 54.000 52.000 2808.000 52.990 0 1 14 200 0 0
 1294 151151.000 51900.000 0 0 54.000 52.000 2808.000 52.990 0 1 14 200 0 0
 1295 154894.000 56136.000 0 0 0.000 0.000 0.000 0.146 0 1 0 0 0 0
 1296 118853.000 168234.000 0 0 0.000 0.000 0.000 0.135 0 1 0 0 0 0
 1297 117749.000 168454.000 0 0 0.000 0.000 0.000 0.137 0 1 0 0 0 0
 1298 113173.000 30943.000 0 0 32.000 54.000 1728.000 41.569 0 1 10 200 0 0
 1299 70167.000 36279.000 0 0 0.000 0.000 0.000 0.427 0 1 0 0 0 0
 1300 147248.000 47822.000 0 0 50.000 54.000 2700.000 51.961 0 1 13 200 0 0
 1301 151234.000 51645.000 0 0 54.000 52.000 2808.000 52.990 0 1 14 200 0 0
 1302 153394.000 146564.000 0 0 0.000 0.000 0.000 0.209 0 1 0 0 0 0
 1303 116412.000 169010.000 0 0 0.000 0.000 0.000 0.133 0 1 0 0 0 0
 1304 113063.000 30632.000 0 0 32.000 54.000 1728.000 41.569 0 1 10 200 0 0
 1305 123032.000 33258.000 0 0 0.000 0.000 0.000 0.130 0 1 0 0 0 0
 1306 151701.000 51802.000 0 0 54.000 52.000 2808.000 52.990 0 1 14 200 0 0
 1307 114717.000 169623.000 0 0 0.000 0.000 0.000 0.134 0 1 0 0 0 0
 1308 147116.000 47126.000 0 0 50.000 52.000 2600.000 50.990 0 1 13 200 0 0
 1309 147287.000 47186.000 0 0 50.000 54.000 2700.000 51.961 0 1 13 200 0 0
 1310 147254.000 47380.000 0 0 50.000 54.000 2700.000 51.961 0 1 13 200 0 0
 1311 152461.000 52525.000 0 0 0.000 0.000 0.000 0.131 0 1 0 0 0 0
 1312 116772.000 169281.000 0 0 0.000 0.000 0.000 0.133 0 1 0 0 0 0
 1313 48854.000 50784.000 0 0 0.000 0.000 0.000 0.158 0 1 0 0 0 0
 1314 147216.000 47070.000 0 0 50.000 52.000 2600.000 50.990 0 1 13 200 0 0
 1315 67953.000 36505.000 0 0 0.000 0.000 0.000 0.132 0 1 0 0 0 0
 1316 120605.000 31913.000 0 0 0.000 0.000 0.000 0.131 0 1 0 0 0 0
 1317 121611.000 32362.000 0 0 0.000 0.000 0.000 0.130 0 1 0 0 0 0
 1318 126485.000 34071.000 0 0 0.000 0.000 0.000 0.136 0 1 0 0 0 0
 1319 145088.000 45066.000 0 0 0.000 0.000 0.000 0.132 0 1 0 0 0 0
 1320 147203.000 46936.000 0 0 50.000 52.000 2600.000 50.990 0 1 13 200 0 0
 1321 121556.000 168173.000 0 0 0.000 0.000 0.000 0.130 0 1 0 0 0 0
 1322 115771.000 169815.000 0 0 0.000 0.000 0.000 0.131 0 1 0 0 0 0
 1323 111272.000 29600.000 0 0 0.000 0.000 0.000 0.137 0 1 0 0 0 0
 1324 147203.000 46625.000 0 0 50.000 52.000 2600.000 50.990 0 1 13 200 0 0
 1325 147498.000 46902.000 0 0 50.000 54.000 2700.000 51.961 0 1 13 200 0 0
 1326 147627.000 47127.000 0 0 50.000 54.000 2700.000 51.961 0 1 13 200 0 0
 1327 90615.000 171330.000 0 0 0.000 0.000 0.000 0.140 0 1 0 0 0 0
 1328 124850.000 33153.000 0 0 0.000 0.000 0.000 0.130 0 1 0 0 0 0
 1329 147182.000 46399.000 0 0 52.000 52.000 2704.000 52.000 0 1 13 200 0 0
 1330 111473.000 29334.000 0 0 0.000 0.000 0.000 0.130 0 1 0 0 0 0
 1331 121764.000 31858.000 0 0 0.000 0.000 0.000 0.132 0 1 0 0 0 0
 1332 147618.000 46509.000 0 0 50.000 52.000 2600.000 50.990 0 1 13 200 0 0
 1333 147669.000 46618.000 0 0 50.000 52.000 2600.000 50.990 0 1 13 200 0 0
 1334 113775.000 29593.000 0 0 32.000 54.000 1728.000 41.569 0 1 10 200 0 0
 1335 147559.000 46373.000 0 0 50.000 52.000 2600.000 50.990 0 1 13 200 0 0
 1336 122961.000 168508.000 0 0 0.000 0.000 0.000 0.140 0 1 0 0 0 0
 1337 114037.000 29461.000 0 0 32.000 54.000 1728.000 41.569 0 1 10 200 0 0
 1338 68873.000 34890.000 0 0 0.000 0.000 0.000 0.130 0 1 0 0 0 0
 1339 71952.000 33578.000 0 0 0.000 0.000 0.000 0.132 0 1 0 0 0 0
 1340 111327.000 28845.000 0 0 0.000 0.000 0.000 0.134 0 1 0 0 0 0
 1341 112754.000 29096.000 0 0 0.000 0.000 0.000 0.132 0 1 0 0 0 0
 1342 118761.000 170143.000 0 0 0.000 0.000 0.000 0.138 0 1 0 0 0 0
 1343 116726.000 170782.000 0 0 0.000 0.000 0.000 0.136 0 1 0 0 0 0
 1344 68801.000 165889.000 0 0 0.000 0.000 0.000 0.147 0 1 0 0 0 0
 1345 27031.000 100689.000 0 0 0.000 0.000 0.000 0.133 0 1 0 0 0 0
 1346 62955.000 37502.000 0 0 0.000 0.000 0.000 0.130 0 1 0 0 0 0
 1347 68781.000 34350.000 0 0 0.000 0.000 0.000 0.137 0 1 0 0 0 0
 1348 113682.000 28672.000 0 0 0.000 0.000 0.000 0.131 0 1 0 0 0 0
 1349 172797.000 100834.000 0 0 0.000 0.000 0.000 0.133 0 1 0 0 0 0
 1350 148004.000 45156.000 0 0 0.000 0.000 0.000 0.140 0 1 0 0 0 0
 1351 123566.000 169371.000 0 0 0.000 0.000 0.000 0.130 0 1 0 0 0 0
 1352 71407.000 32805.000 0 0 42.000 56.000 2352.000 48.497 0 1 11 200 0 0
 1353 112004.000 28077.000 0 0 0.000 0.000 0.000 0.130 0 1 0 0 0 0
 1354 26729.000 104542.000 0 0 0.000 0.000 0.000 0.132 0 1 0 0 0 0
 1355 26686.000 103957.000 0 0 0.000 0.000 0.000 0.142 0 1 0 0 0 0
 1356 121928.000 30237.000 0 0 0.000 0.000 0.000 0.141 0 1 0 0 0 0
 1357 171636.000 116149.000 0 0 0.000 0.000 0.000 0.139 0 1 0 0 0 0
 1358 118863.000 171283.000 0 0 0.000 0.000 0.000 0.132 0 1 0 0 0 0
 1359 71067.000 32678.000 0 0 42.000 54.000 2268.000 47.623 0 1 11 200 0 0
 1360 71319.000 32497.000 0 0 42.000 56.000 2352.000 48.497 0 1 11 200 0 0
 1361 71504.000 32435.000 0 0 42.000 56.000 2352.000 48.497 0 1 11 200 0 0
 1362 118196.000 29020.000 0 0 0.000 0.000 0.000 0.130 0 1 0 0 0 0
 1363 114578.000 28020.000 0 0 0.000 0.000 0.000 0.141 0 1 0 0 0 0
 1364 120913.000 29464.000 0 0 38.000 54.000 2052.000 45.299 0 1 7 200 0 0
 1365 138786.000 37310.000 0 0 0.000 0.000 0.000 0.147 0 1 0 0 0 0
 1366 54779.000 41597.000 0 0 0.000 0.000 0.000 0.141 0 1 0 0 0 0
 1367 70869.000 32160.000 0 0 42.000 54.000 2268.000 47.623 0 1 11 200 0 0
 1368 121036.000 171321.000 0 0 0.000 0.000 0.000 0.133 0 1 0 0 0 0
 1369 67983.000 33304.000 0 0 0.000 0.000 0.000 0.130 0 1 0 0 0 0
 1370 69951.000 32348.000 0 0 42.000 54.000 2268.000 47.623 0 1 11 200 0 0
 1371 71132.000 31908.000 0 0 42.000 56.000 2352.000 48.497 0 1 11 200 0 0
 1372 71239.000 31766.000 0 0 42.000 56.000 2352.000 48.497 0 1 11 200 0 0
 1373 109832.000 26597.000 0 0 0.000 0.000 0.000 0.139 0 1 0 0 0 0
 1374 121144.000 28997.000 0 0 38.000 54.000 2052.000 45.299 0 1 7 200 0 0
 1375 134715.000 34696.000 0 0 0.000 0.000 0.000 0.138 0 1 0 0 0 0
 1376 70489.000 31889.000 0 0 42.000 54.000 2268.000 47.623 0 1 11 200 0 0
 1377 70942.000 31668.000 0 0 42.000 56.000 2352.000 48.497 0 1 11 200 0 0
 1378 71108.000 31741.000 0 0 42.000 56.000 2352.000 48.497 0 1 11 200 0 0
 1379 121131.000 28866.000 0 0 38.000 54.000 2052.000 45.299 0 1 7 200 0 0
 1380 121244.000 29011.000 0 0 38.000 54.000 2052.000 45.299 0 1 7 200 0 0
 1381 70797.000 31638.000 0 0 42.000 54.000 2268.000 47.623 0 1 11 200 0 0
 1382 115438.000 27233.000 0 0 34.000 54.000 1836.000 42.848 0 1 8 200 0 0
 1383 70987.000 31427.000 0 0 42.000 56.000 2352.000 48.497 0 1 11 200 0 0
 1384 70799.000 31357.000 0 0 42.000 56.000 2352.000 48.497 0 1 11 200 0 0
 1385 115541.000 26973.000 0 0 34.000 54.000 1836.000 42.848 0 1 8 200 0 0
 1386 115082.000 26633.000 0 0 34.000 54.000 1836.000 42.848 0 1 8 200 0 0
 1387 115527.000 26843.000 0 0 34.000 54.000 1836.000 42.848 0 1 8 200 0 0
 1388 121315.000 28219.000 0 0 38.000 54.000 2052.000 45.299 0 1 7 200 0 0
 1389 126553.000 30058.000 0 0 0.000 0.000 0.000 0.134 0 1 0 0 0 0
 1390 117196.000 173440.000 0 0 0.000 0.000 0.000 0.130 0 1 0 0 0 0
 1391 32493.000 66682.000 0 0 0.000 0.000 0.000 0.130 0 1 0 0 0 0
 1392 104010.000 25015.000 0 0 0.000 0.000 0.000 0.133 0 1 0 0 0 0
 1393 104017.000 25015.000 0 0 0.000 0.000 0.000 0.133 0 1 0 0 0 0
 1394 115263.000 26384.000 0 0 34.000 54.000 1836.000 42.848 0 1 8 200 0 0
 1395 159097.000 146959.000 0 0 0.000 0.000 0.000 0.131 0 1 0 0 0 0
 1396 140772.000 163638.000 0 0 0.000 0.000 0.000 0.145 0 1 0 0 0 0
 1397 115753.000 26392.000 0 0 34.000 54.000 1836.000 42.848 0 1 8 200 0 0
 1398 121104.000 27660.000 0 0 38.000 55.000 2090.000 45.716 0 1 7 200 0 0
 1399 68781.000 31255.000 0 0 0.000 0.000 0.000 0.130 0 1 0 0 0 0
 1400 120981.000 27403.000 0 0 36.000 56.000 2016.000 44.899 0 1 7 200 0 0
 1401 115237.000 25956.000 0 0 34.000 54.000 1836.000 42.848 0 1 8 200 0 0
 1402 116049.000 26072.000 0 0 34.000 54.000 1836.000 42.848 0 1 8 200 0 0
 1403 104932.000 176004.000 0 0 0.000 0.000 0.000 0.130 0 1 0 0 0 0
 1404 68235.000 31064.000 0 0 0.000 0.000 0.000 0.149 0 1 0 0 0 0
 1405 120784.000 27046.000 0 0 36.000 56.000 2016.000 44.899 0 1 7 200 0 0
 1406 120645.000 26841.000 0 0 36.000 56.000 2016.000 44.899 0 1 7 200 0 0
 1407 71474.000 29207.000 0 0 42.000 56.000 2352.000 48.497 0 1 9 200 0 0
 1408 116298.000 25496.000 0 0 34.000 54.000 1836.000 42.848 0 1 6 200 0 0
 1409 67651.000 30751.000 0 0 0.000 0.000 0.000 0.132 0 1 0 0 0 0
 1410 71228.000 29204.000 0 0 42.000 56.000 2352.000 48.497 0 1 9 200 0 0
 1411 71319.000 29212.000 0 0 42.000 56.000 2352.000 48.497 0 1 9 200 0 0
 1412 71684.000 29048.000 0 0 42.000 56.000 2352.000 48.497 0 1 9 200 0 0
 1413 115586.000 25153.000 0 0 34.000 54.000 1836.000 42.848 0 1 6 200 0 0
 1414 115910.000 25415.000 0 0 34.000 54.000 1836.000 42.848 0 1 6 200 0 0
 1415 116217.000 25471.000 0 0 34.000 54.000 1836.000 42.848 0 1 6 200 0 0
 1416 70340.000 29317.000 0 0 42.000 56.000 2352.000 48.497 0 1 9 200 0 0
 1417 115391.000 25045.000 0 0 34.000 54.000 1836.000 42.848 0 1 6 200 0 0
 1418 115694.000 25156.000 0 0 34.000 54.000 1836.000 42.848 0 1 6 200 0 0
 1419 115796.000 25158.000 0 0 34.000 54.000 1836.000 42.848 0 1 6 200 0 0
 1420 116588.000 25339.000 0 0 34.000 54.000 1836.000 42.848 0 1 6 200 0 0
 1421 119903.000 26154.000 0 0 36.000 56.000 2016.000 44.899 0 1 7 200 0 0
 1422 65682.000 31409.000 0 0 0.000 0.000 0.000 0.140 0 1 0 0 0 0
 1423 70445.000 29164.000 0 0 42.000 56.000 2352.000 48.497 0 1 9 200 0 0
 1424 71147.000 28926.000 0 0 42.000 56.000 2352.000 48.497 0 1 9 200 0 0
 1425 106226.000 23577.000 0 0 0.000 0.000 0.000 0.130 0 1 0 0 0 0
 1426 116114.000 25079.000 0 0 34.000 54.000 1836.000 42.848 0 1 6 200 0 0
 1427 124478.000 27313.000 0 0 0.000 0.000 0.000 0.130 0 1 0 0 0 0
 1428 72914.000 28031.000 0 0 40.000 56.000 2240.000 47.328 0 1 9 200 0 0
 1429 108584.000 23663.000 0 0 0.000 0.000 0.000 0.142 0 1 0 0 0 0
 1430 120058.000 25735.000 0 0 36.000 56.000 2016.000 44.899 0 1 7 200 0 0
 1431 120584.000 25998.000 0 0 36.000 56.000 2016.000 44.899 0 1 7 200 0 0
 1432 126397.000 27834.000 0 0 0.000 0.000 0.000 0.134 0 1 0 0 0 0
 1433 22724.000 104384.000 0 0 0.000 0.000 0.000 0.132 0 1 0 0 0 0
 1434 48294.000 42899.000 0 0 0.000 0.000 0.000 0.130 0 1 0 0 0 0
 1435 65034.000 31296.000 0 0 0.000 0.000 0.000 0.146 0 1 0 0 0 0
 1436 70398.000 28879.000 0 0 42.000 56.000 2352.000 48.497 0 1 9 200 0 0
 1437 71392.000 28403.000 0 0 42.000 56.000 2352.000 48.497 0 1 9 200 0 0
 1438 106919.000 23161.000 0 0 0.000 0.000 0.000 0.139 0 1 0 0 0 0
 1439 116003.000 24661.000 0 0 34.000 54.000 1836.000 42.848 0 1 6 200 0 0
 1440 118017.000 25125.000 0 0 34.000 54.000 1836.000 42.848 0 1 1 200 0 0
 1441 119311.000 25360.000 0 0 36.000 56.000 2016.000 44.899 0 1 7 200 0 0
 1442 31634.000 136711.000 0 0 0.000 0.000 0.000 0.139 0 1 0 0 0 0
 1443 71102.000 28236.000 0 0 42.000 56.000 2352.000 48.497 0 1 9 200 0 0
 1444 116232.000 24583.000 0 0 34.000 54.000 1836.000 42.848 0 1 6 200 0 0
 1445 116311.000 24587.000 0 0 34.000 54.000 1836.000 42.848 0 1 6 200 0 0
 1446 67308.000 29881.000 0 0 0.000 0.000 0.000 0.132 0 1 0 0 0 0
 1447 70890.000 28275.000 0 0 42.000 56.000 2352.000 48.497 0 1 9 200 0 0
 1448 67704.000 29537.000 0 0 0.000 0.000 0.000 0.144 0 1 0 0 0 0
 1449 69214.000 28891.000 0 0 0.000 0.000 0.000 0.133 0 1 0 0 0 0
 1450 71558.000 28026.000 0 0 42.000 56.000 2352.000 48.497 0 1 9 200 0 0
 1451 72430.000 27671.000 0 0 40.000 56.000 2240.000 47.328 0 1 9 200 0 0
 1452 116877.000 24369.000 0 0 34.000 54.000 1836.000 42.848 0 1 6 200 0 0
 1453 117378.000 24650.000 0 0 34.000 54.000 1836.000 42.848 0 1 6 200 0 0
 1454 120834.000 25543.000 0 0 36.000 56.000 2016.000 44.899 0 1 7 200 0 0
 1455 126852.000 173037.000 0 0 0.000 0.000 0.000 0.130 0 1 0 0 0 0
 1456 71920.000 27754.000 0 0 42.000 56.000 2352.000 48.497 0 1 9 200 0 0
 1457 118625.000 24645.000 0 0 34.000 54.000 1836.000 42.848 0 1 1 200 0 0
 1458 167862.000 138156.000 0 0 0.000 0.000 0.000 0.134 0 1 0 0 0 0
 1459 63369.000 31312.000 0 0 0.000 0.000 0.000 0.138 0 1 0 0 0 0
 1460 71487.000 27681.000 0 0 42.000 56.000 2352.000 48.497 0 1 9 200 0 0
 1461 66563.000 29886.000 0 0 0.000 0.000 0.000 0.131 0 1 0 0 0 0
 1462 67657.000 29308.000 0 0 0.000 0.000 0.000 0.131 0 1 0 0 0 0
 1463 70740.000 28213.000 0 0 42.000 56.000 2352.000 48.497 0 1 9 200 0 0
 1464 70884.000 28570.000 0 0 42.000 56.000 2352.000 48.497 0 1 9 200 0 0
 1465 71713.000 27612.000 0 0 42.000 56.000 2352.000 48.497 0 1 9 200 0 0
 1466 112024.000 23275.000 0 0 0.000 0.000 0.000 0.130 0 1 0 0 0 0
 1467 118283.000 24484.000 0 0 34.000 54.000 1836.000 42.848 0 1 1 200 0 0
 1468 118583.000 24546.000 0 0 34.000 54.000 1836.000 42.848 0 1 1 200 0 0
 1469 124672.000 26258.000 0 0 0.000 0.000 0.000 0.130 0 1 0 0 0 0
 1470 66212.000 29863.000 0 0 0.000 0.000 0.000 0.132 0 1 0 0 0 0
 1471 70660.000 27838.000 0 0 42.000 56.000 2352.000 48.497 0 1 9 200 0 0
 1472 68259.000 28731.000 0 0 0.000 0.000 0.000 0.137 0 1 0 0 0 0
 1473 116433.000 23812.000 0 0 34.000 54.000 1836.000 42.848 0 1 6 200 0 0
 1474 116726.000 23925.000 0 0 34.000 54.000 1836.000 42.848 0 1 6 200 0 0
 1475 119486.000 24649.000 0 0 36.000 56.000 2016.000 44.899 0 1 7 200 0 0
 1476 126416.000 26757.000 0 0 0.000 0.000 0.000 0.130 0 1 0 0 0 0
 1477 153133.000 157556.000 0 0 0.000 0.000 0.000 0.132 0 1 0 0 0 0
 1478 71541.000 27471.000 0 0 42.000 56.000 2352.000 48.497 0 1 9 200 0 0
 1479 109901.000 22571.000 0 0 0.000 0.000 0.000 0.132 0 1 0 0 0 0
 1480 116087.000 23658.000 0 0 34.000 54.000 1836.000 42.848 0 1 6 200 0 0
 1481 107044.000 178363.000 0 0 0.000 0.000 0.000 0.133 0 1 0 0 0 0
 1482 70346.000 27452.000 0 0 42.000 56.000 2352.000 48.497 0 1 9 200 0 0
 1483 71551.000 27133.000 0 0 42.000 56.000 2352.000 48.497 0 1 9 200 0 0
 1484 71289.000 27258.000 0 0 42.000 56.000 2352.000 48.497 0 1 9 200 0 0
 1485 115537.000 23365.000 0 0 32.000 54.000 1728.000 41.569 0 1 6 200 0 0
 1486 118881.000 24139.000 0 0 36.000 54.000 1944.000 44.090 0 1 1 200 0 0
 1487 120195.000 24375.000 0 0 36.000 56.000 2016.000 44.899 0 1 7 200 0 0
 1488 158853.000 152231.000 0 0 0.000 0.000 0.000 0.131 0 1 0 0 0 0
 1489 71048.000 27170.000 0 0 42.000 56.000 2352.000 48.497 0 1 9 200 0 0
 1490 71310.000 26982.000 0 0 42.000 56.000 2352.000 48.497 0 1 9 200 0 0
 1491 71514.000 26965.000 0 0 42.000 56.000 2352.000 48.497 0 1 9 200 0 0
 1492 117344.000 23593.000 0 0 34.000 54.000 1836.000 42.848 0 1 1 200 0 0
 1493 118830.000 23908.000 0 0 36.000 54.000 1944.000 44.090 0 1 1 200 0 0
 1494 119184.000 24062.000 0 0 36.000 54.000 1944.000 44.090 0 1 1 200 0 0
 1495 70408.000 27244.000 0 0 42.000 56.000 2352.000 48.497 0 1 9 200 0 0
 1496 108059.000 21765.000 0 0 28.000 52.000 1456.000 38.157 0 1 5 200 0 0
 1497 115750.000 23055.000 0 0 34.000 54.000 1836.000 42.848 0 1 6 200 0 0
 1498 117000.000 23315.000 0 0 34.000 54.000 1836.000 42.848 0 1 1 200 0 0
 1499 117085.000 23350.000 0 0 34.000 54.000 1836.000 42.848 0 1 1 200 0 0
 1500 107896.000 178831.000 0 0 0.000 0.000 0.000 0.134 0 1 0 0 0 0
 1501 57753.000 166985.000 0 0 0.000 0.000 0.000 0.133 0 1 0 0 0 0
 1502 70443.000 26987.000 0 0 42.000 56.000 2352.000 48.497 0 1 9 200 0 0
 1503 106766.000 21569.000 0 0 28.000 52.000 1456.000 38.157 0 1 5 200 0 0
 1504 108841.000 21773.000 0 0 28.000 52.000 1456.000 38.157 0 1 5 200 0 0
 1505 115507.000 22921.000 0 0 32.000 54.000 1728.000 41.569 0 1 6 200 0 0
 1506 119146.000 23671.000 0 0 36.000 54.000 1944.000 44.090 0 1 1 200 0 0
 1507 124047.000 175556.000 0 0 0.000 0.000 0.000 0.133 0 1 0 0 0 0
 1508 69976.000 26886.000 0 0 42.000 56.000 2352.000 48.497 0 1 9 200 0 0
 1509 70313.000 26960.000 0 0 42.000 56.000 2352.000 48.497 0 1 9 200 0 0
 1510 70663.000 26620.000 0 0 42.000 56.000 2352.000 48.497 0 1 9 200 0 0
 1511 70807.000 26714.000 0 0 42.000 56.000 2352.000 48.497 0 1 9 200 0 0
 1512 71038.000 26648.000 0 0 42.000 56.000 2352.000 48.497 0 1 9 200 0 0
 1513 71180.000 26417.000 0 0 42.000 56.000 2352.000 48.497 0 1 9 200 0 0
 1514 71302.000 26513.000 0 0 42.000 56.000 2352.000 48.497 0 1 9 200 0 0
 1515 103235.000 21159.000 0 0 0.000 0.000 0.000 0.134 0 1 0 0 0 0
 1516 107936.000 21448.000 0 0 28.000 52.000 1456.000 38.157 0 1 5 200 0 0
 1517 116491.000 22857.000 0 0 34.000 54.000 1836.000 42.848 0 1 1 200 0 0
 1518 116593.000 22912.000 0 0 34.000 54.000 1836.000 42.848 0 1 1 200 0 0
 1519 116669.000 22877.000 0 0 34.000 54.000 1836.000 42.848 0 1 1 200 0 0
 1520 117657.000 23173.000 0 0 34.000 54.000 1836.000 42.848 0 1 1 200 0 0
 1521 70072.000 26840.000 0 0 42.000 56.000 2352.000 48.497 0 1 9 200 0 0
 1522 70623.000 26427.000 0 0 42.000 56.000 2352.000 48.497 0 1 9 200 0 0
 1523 70868.000 26476.000 0 0 42.000 56.000 2352.000 48.497 0 1 9 200 0 0
 1524 71102.000 26344.000 0 0 42.000 56.000 2352.000 48.497 0 1 9 200 0 0
 1525 107419.000 21222.000 0 0 28.000 52.000 1456.000 38.157 0 1 5 200 0 0
 1526 116857.000 22637.000 0 0 34.000 54.000 1836.000 42.848 0 1 1 200 0 0
 1527 116875.000 22830.000 0 0 34.000 54.000 1836.000 42.848 0 1 1 200 0 0
 1528 22056.000 84296.000 0 0 0.000 0.000 0.000 0.139 0 1 0 0 0 0
 1529 119173.000 23141.000 0 0 36.000 54.000 1944.000 44.090 0 1 1 200 0 0
 1530 119322.000 23126.000 0 0 36.000 54.000 1944.000 44.090 0 1 1 200 0 0
 1531 124277.000 24528.000 0 0 0.000 0.000 0.000 0.132 0 1 0 0 0 0
 1532 157438.000 155160.000 0 0 0.000 0.000 0.000 0.133 0 1 0 0 0 0
 1533 56143.000 166711.000 0 0 0.000 0.000 0.000 0.131 0 1 0 0 0 0
 1534 65770.000 28348.000 0 0 0.000 0.000 0.000 0.130 0 1 0 0 0 0
 1535 70037.000 26489.000 0 0 42.000 56.000 2352.000 48.497 0 1 9 200 0 0
 1536 70102.000 26436.000 0 0 42.000 56.000 2352.000 48.497 0 1 9 200 0 0
 1537 69958.000 26398.000 0 0 42.000 56.000 2352.000 48.497 0 1 9 200 0 0
 1538 108477.000 20926.000 0 0 0.000 0.000 0.000 0.141 0 1 0 0 0 0
 1539 117059.000 22324.000 0 0 34.000 54.000 1836.000 42.848 0 1 1 200 0 0
 1540 119199.000 22782.000 0 0 36.000 54.000 1944.000 44.090 0 1 1 200 0 0
 1541 170175.000 62163.000 0 0 0.000 0.000 0.000 0.139 0 1 0 0 0 0
 1542 70204.000 25983.000 0 0 42.000 56.000 2352.000 48.497 0 1 9 200 0 0
 1543 109301.000 20797.000 0 0 0.000 0.000 0.000 0.135 0 1 0 0 0 0
 1544 115835.000 21838.000 0 0 32.000 54.000 1728.000 41.569 0 1 1 200 0 0
 1545 19824.000 102402.000 0 0 0.000 0.000 0.000 0.131 0 1 0 0 0 0
 1546 102279.000 20102.000 0 0 0.000 0.000 0.000 0.144 0 1 0 0 0 0
 1547 118025.000 22188.000 0 0 34.000 54.000 1836.000 42.848 0 1 1 200 0 0
 1548 118671.000 22346.000 0 0 34.000 54.000 1836.000 42.848 0 1 1 200 0 0
 1549 103050.000 19967.000 0 0 0.000 0.000 0.000 0.144 0 1 0 0 0 0
 1550 106957.000 20234.000 0 0 0.000 0.000 0.000 0.130 0 1 0 0 0 0
 1551 115557.000 21389.000 0 0 32.000 54.000 1728.000 41.569 0 1 1 200 0 0
 1552 117113.000 21777.000 0 0 34.000 54.000 1836.000 42.848 0 1 1 200 0 0
 1553 121232.000 22680.000 0 0 0.000 0.000 0.000 0.136 0 1 0 0 0 0
 1554 102004.000 19782.000 0 0 0.000 0.000 0.000 0.135 0 1 0 0 0 0
 1555 115097.000 21171.000 0 0 32.000 54.000 1728.000 41.569 0 1 1 200 0 0
 1556 121292.000 22577.000 0 0 0.000 0.000 0.000 0.137 0 1 0 0 0 0
 1557 125954.000 24092.000 0 0 0.000 0.000 0.000 0.130 0 1 0 0 0 0
 1558 102335.000 19514.000 0 0 0.000 0.000 0.000 0.135 0 1 0 0 0 0
 1559 115608.000 21226.000 0 0 32.000 54.000 1728.000 41.569 0 1 1 200 0 0
 1560 119834.000 22093.000 0 0 0.000 0.000 0.000 0.131 0 1 0 0 0 0
 1561 120043.000 22118.000 0 0 0.000 0.000 0.000 0.131 0 1 0 0 0 0
 1562 29260.000 61086.000 0 0 0.000 0.000 0.000 0.133 0 1 0 0 0 0
 1563 104736.000 19519.000 0 0 0.000 0.000 0.000 0.137 0 1 0 0 0 0
 1564 104758.000 19589.000 0 0 0.000 0.000 0.000 0.134 0 1 0 0 0 0
 1565 114897.000 20811.000 0 0 32.000 54.000 1728.000 41.569 0 1 1 200 0 0
 1566 115036.000 20789.000 0 0 32.000 54.000 1728.000 41.569 0 1 1 200 0 0
 1567 115216.000 20921.000 0 0 32.000 54.000 1728.000 41.569 0 1 1 200 0 0
 1568 115492.000 20919.000 0 0 32.000 54.000 1728.000 41.569 0 1 1 200 0 0
 1569 121408.000 22302.000 0 0 0.000 0.000 0.000 0.130 0 1 0 0 0 0
 1570 114723.000 20626.000 0 0 32.000 54.000 1728.000 41.569 0 1 1 200 0 0
 1571 115173.000 20709.000 0 0 32.000 54.000 1728.000 41.569 0 1 1 200 0 0
 1572 115798.000 20673.000 0 0 32.000 54.000 1728.000 41.569 0 1 1 200 0 0
 1573 118748.000 21493.000 0 0 34.000 54.000 1836.000 42.848 0 1 1 200 0 0
 1574 24158.000 71104.000 0 0 0.000 0.000 0.000 0.130 0 1 0 0 0 0
 1575 108611.000 19579.000 0 0 0.000 0.000 0.000 0.131 0 1 0 0 0 0
 1576 111176.000 19878.000 0 0 0.000 0.000 0.000 0.133 0 1 0 0 0 0
 1577 111378.000 19838.000 0 0 0.000 0.000 0.000 0.130 0 1 0 0 0 0
 1578 114469.000 20281.000 0 0 32.000 54.000 1728.000 41.569 0 1 1 200 0 0
 1579 114843.000 20448.000 0 0 32.000 54.000 1728.000 41.569 0 1 1 200 0 0
 1580 114868.000 20482.000 0 0 32.000 54.000 1728.000 41.569 0 1 1 200 0 0
 1581 115676.000 20487.000 0 0 32.000 54.000 1728.000 41.569 0 1 1 200 0 0
 1582 115858.000 20726.000 0 0 32.000 54.000 1728.000 41.569 0 1 1 200 0 0
 1583 116204.000 20587.000 0 0 32.000 54.000 1728.000 41.569 0 1 1 200 0 0
 1584 117402.000 20998.000 0 0 34.000 54.000 1836.000 42.848 0 1 1 200 0 0
 1585 119815.000 21439.000 0 0 0.000 0.000 0.000 0.134 0 1 0 0 0 0
 1586 123314.000 22398.000 0 0 0.000 0.000 0.000 0.132 0 1 0 0 0 0
 1587 91864.000 19199.000 0 0 0.000 0.000 0.000 0.133 0 1 0 0 0 0
 1588 104207.000 18942.000 0 0 0.000 0.000 0.000 0.139 0 1 0 0 0 0
 1589 115593.000 20425.000 0 0 32.000 54.000 1728.000 41.569 0 1 1 200 0 0
 1590 117227.000 20746.000 0 0 34.000 54.000 1836.000 42.848 0 1 1 200 0 0
 1591 117307.000 20779.000 0 0 34.000 54.000 1836.000 42.848 0 1 1 200 0 0
 1592 117538.000 20762.000 0 0 34.000 54.000 1836.000 42.848 0 1 1 200 0 0
 1593 27772.000 62259.000 0 0 0.000 0.000 0.000 0.136 0 1 0 0 0 0
 1594 108341.000 19207.000 0 0 0.000 0.000 0.000 0.145 0 1 0 0 0 0
 1595 108416.000 19238.000 0 0 0.000 0.000 0.000 0.130 0 1 0 0 0 0
 1596 115517.000 20261.000 0 0 32.000 54.000 1728.000 41.569 0 1 1 200 0 0
 1597 116076.000 20317.000 0 0 32.000 54.000 1728.000 41.569 0 1 1 200 0 0
 1598 108280.000 18878.000 0 0 0.000 0.000 0.000 0.139 0 1 0 0 0 0
 1599 116456.000 20116.000 0 0 34.000 54.000 1836.000 42.848 0 1 1 200 0 0
 1600 117620.000 20521.000 0 0 34.000 54.000 1836.000 42.848 0 1 1 200 0 0
 1601 117824.000 20524.000 0 0 34.000 54.000 1836.000 42.848 0 1 1 200 0 0
 1602 22941.000 72423.000 0 0 0.000 0.000 0.000 0.134 0 1 0 0 0 0
 1603 23170.000 71717.000 0 0 0.000 0.000 0.000 0.132 0 1 0 0 0 0
 1604 61782.000 27816.000 0 0 0.000 0.000 0.000 0.141 0 1 0 0 0 0
 1605 99739.000 18279.000 0 0 0.000 0.000 0.000 0.132 0 1 0 0 0 0
 1606 115000.000 19733.000 0 0 32.000 54.000 1728.000 41.569 0 1 1 200 0 0
 1607 115861.000 19814.000 0 0 32.000 54.000 1728.000 41.569 0 1 1 200 0 0
 1608 116014.000 20011.000 0 0 32.000 54.000 1728.000 41.569 0 1 1 200 0 0
 1609 116580.000 20138.000 0 0 34.000 54.000 1836.000 42.848 0 1 1 200 0 0
 1610 116858.000 20170.000 0 0 34.000 54.000 1836.000 42.848 0 1 1 200 0 0
 1611 116957.000 20157.000 0 0 34.000 54.000 1836.000 42.848 0 1 1 200 0 0
 1612 117611.000 20365.000 0 0 34.000 54.000 1836.000 42.848 0 1 1 200 0 0
 1613 119515.000 20673.000 0 0 0.000 0.000 0.000 0.135 0 1 0 0 0 0
 1614 121401.000 21221.000 0 0 0.000 0.000 0.000 0.131 0 1 0 0 0 0
 1615 123288.000 21868.000 0 0 0.000 0.000 0.000 0.131 0 1 0 0 0 0
 1616 164525.000 49998.000 0 0 0.000 0.000 0.000 0.130 0 1 0 0 0 0
 1617 160467.000 155366.000 0 0 0.000 0.000 0.000 0.130 0 1 0 0 0 0
 1618 102855.000 18310.000 0 0 24.000 50.000 1200.000 34.641 0 1 4 200 0 0
 1619 117231.000 19933.000 0 0 34.000 54.000 1836.000 42.848 0 1 1 200 0 0
 1620 117321.000 20018.000 0 0 34.000 54.000 1836.000 42.848 0 1 1 200 0 0
 1621 117352.000 20152.000 0 0 34.000 54.000 1836.000 42.848 0 1 1 200 0 0
 1622 117482.000 20053.000 0 0 34.000 54.000 1836.000 42.848 0 1 1 200 0 0
 1623 174688.000 66336.000 0 0 0.000 0.000 0.000 0.141 0 1 0 0 0 0
 1624 21371.000 124211.000 0 0 0.000 0.000 0.000 0.134 0 1 0 0 0 0
 1625 101924.000 18096.000 0 0 24.000 50.000 1200.000 34.641 0 1 4 200 0 0
 1626 105419.000 18192.000 0 0 0.000 0.000 0.000 0.131 0 1 0 0 0 0
 1627 116694.000 19786.000 0 0 34.000 54.000 1836.000 42.848 0 1 1 200 0 0
 1628 119048.000 180223.000 0 0 0.000 0.000 0.000 0.130 0 1 0 0 0 0
 1629 46620.000 37455.000 0 0 0.000 0.000 0.000 0.133 0 1 0 0 0 0
 1630 109360.000 18378.000 0 0 0.000 0.000 0.000 0.131 0 1 0 0 0 0
 1631 118200.000 19987.000 0 0 34.000 54.000 1836.000 42.848 0 1 1 200 0 0
 1632 102339.000 17639.000 0 0 24.000 50.000 1200.000 34.641 0 1 4 200 0 0
 1633 102655.000 17793.000 0 0 24.000 50.000 1200.000 34.641 0 1 4 200 0 0
 1634 106806.000 17960.000 0 0 28.000 50.000 1400.000 37.416 0 1 3 200 0 0
 1635 107237.000 18067.000 0 0 28.000 52.000 1456.000 38.157 0 1 3 200 0 0
 1636 116815.000 19458.000 0 0 34.000 54.000 1836.000 42.848 0 1 1 200 0 0
 1637 117193.000 19583.000 0 0 34.000 54.000 1836.000 42.848 0 1 1 200 0 0
 1638 117474.000 19627.000 0 0 34.000 54.000 1836.000 42.848 0 1 1 200 0 0
 1639 117945.000 19716.000 0 0 34.000 54.000 1836.000 42.848 0 1 1 200 0 0
 1640 118137.000 19782.000 0 0 34.000 54.000 1836.000 42.848 0 1 1 200 0 0
 1641 118248.000 19647.000 0 0 34.000 54.000 1836.000 42.848 0 1 1 200 0 0
 1642 102551.000 17601.000 0 0 24.000 50.000 1200.000 34.641 0 1 4 200 0 0
 1643 102706.000 17593.000 0 0 24.000 50.000 1200.000 34.641 0 1 4 200 0 0
 1644 103307.000 17641.000 0 0 26.000 50.000 1300.000 36.055 0 1 4 200 0 0
 1645 103824.000 17609.000 0 0 26.000 50.000 1300.000 36.055 0 1 4 200 0 0
 1646 108932.000 17927.000 0 0 0.000 0.000 0.000 0.134 0 1 0 0 0 0
 1647 109718.000 18041.000 0 0 0.000 0.000 0.000 0.133 0 1 0 0 0 0
 1648 117071.000 19352.000 0 0 34.000 54.000 1836.000 42.848 0 1 1 200 0 0
 1649 117888.000 19446.000 0 0 34.000 54.000 1836.000 42.848 0 1 1 200 0 0
 1650 118028.000 19523.000 0 0 34.000 54.000 1836.000 42.848 0 1 1 200 0 0
 1651 123185.000 20912.000 0 0 0.000 0.000 0.000 0.130 0 1 0 0 0 0
 1652 18488.000 85125.000 0 0 0.000 0.000 0.000 0.136 0 1 0 0 0 0
 1653 106789.000 17740.000 0 0 28.000 50.000 1400.000 37.416 0 1 3 200 0 0
 1654 107687.000 17679.000 0 0 28.000 52.000 1456.000 38.157 0 1 3 200 0 0
 1655 116271.000 18968.000 0 0 32.000 54.000 1728.000 41.569 0 1 1 200 0 0
 1656 161692.000 155616.000 0 0 54.000 50.000 2700.000 51.961 0 1 45 200 0 0
 1657 107838.000 17482.000 0 0 28.000 52.000 1456.000 38.157 0 1 3 200 0 0
 1658 110092.000 17802.000 0 0 0.000 0.000 0.000 0.133 0 1 0 0 0 0
 1659 116938.000 18962.000 0 0 34.000 54.000 1836.000 42.848 0 1 1 200 0 0
 1660 117048.000 19044.000 0 0 34.000 54.000 1836.000 42.848 0 1 1 200 0 0
 1661 117986.000 19274.000 0 0 34.000 54.000 1836.000 42.848 0 1 1 200 0 0
 1662 118585.000 19350.000 0 0 34.000 54.000 1836.000 42.848 0 1 1 200 0 0
 1663 161672.000 155759.000 0 0 54.000 50.000 2700.000 51.961 0 1 45 200 0 0
 1664 22823.000 68976.000 0 0 0.000 0.000 0.000 0.133 0 1 0 0 0 0
 1665 107609.000 17439.000 0 0 28.000 52.000 1456.000 38.157 0 1 3 200 0 0
 1666 111347.000 17767.000 0 0 0.000 0.000 0.000 0.131 0 1 0 0 0 0
 1667 161945.000 155736.000 0 0 54.000 50.000 2700.000 51.961 0 1 45 200 0 0
 1668 45676.000 36825.000 0 0 0.000 0.000 0.000 0.131 0 1 0 0 0 0
 1669 92949.000 17150.000 0 0 0.000 0.000 0.000 0.130 0 1 0 0 0 0
 1670 111823.000 17764.000 0 0 0.000 0.000 0.000 0.130 0 1 0 0 0 0
 1671 116611.000 18536.000 0 0 32.000 54.000 1728.000 41.569 0 1 1 200 0 0
 1672 116793.000 18603.000 0 0 34.000 54.000 1836.000 42.848 0 1 1 200 0 0
 1673 118021.000 18885.000 0 0 34.000 54.000 1836.000 42.848 0 1 1 200 0 0
 1674 126516.000 21235.000 0 0 0.000 0.000 0.000 0.132 0 1 0 0 0 0
 1675 145118.000 30043.000 0 0 0.000 0.000 0.000 0.131 0 1 0 0 0 0
 1676 162250.000 155794.000 0 0 54.000 50.000 2700.000 51.961 0 1 45 200 0 0
 1677 108426.000 17139.000 0 0 28.000 52.000 1456.000 38.157 0 1 2 200 0 0
 1678 117504.000 18548.000 0 0 34.000 54.000 1836.000 42.848 0 1 1 200 0 0
 1679 117981.000 18690.000 0 0 34.000 54.000 1836.000 42.848 0 1 1 200 0 0
 1680 161932.000 156299.000 0 0 54.000 50.000 2700.000 51.961 0 1 45 200 0 0
 1681 119134.000 181614.000 0 0 0.000 0.000 0.000 0.256 0 1 0 0 0 0
 1682 106108.000 16733.000 0 0 0.000 0.000 0.000 0.140 0 1 0 0 0 0
 1683 111662.000 17337.000 0 0 0.000 0.000 0.000 0.130 0 1 0 0 0 0
 1684 117271.000 18336.000 0 0 34.000 54.000 1836.000 42.848 0 1 1 200 0 0
 1685 108006.000 16617.000 0 0 28.000 52.000 1456.000 38.157 0 1 2 200 0 0
 1686 109910.000 16899.000 0 0 28.000 52.000 1456.000 38.157 0 1 2 200 0 0
 1687 110215.000 16959.000 0 0 30.000 52.000 1560.000 39.496 0 1 2 200 0 0
 1688 110300.000 16897.000 0 0 30.000 52.000 1560.000 39.496 0 1 2 200 0 0
 1689 161408.000 157393.000 0 0 0.000 0.000 0.000 0.130 0 1 0 0 0 0
 1690 17140.000 114624.000 0 0 0.000 0.000 0.000 0.140 0 1 0 0 0 0
 1691 108644.000 16663.000 0 0 28.000 52.000 1456.000 38.157 0 1 2 200 0 0
 1692 117972.000 18246.000 0 0 34.000 54.000 1836.000 42.848 0 1 1 200 0 0
 1693 111218.000 16667.000 0 0 0.000 0.000 0.000 0.133 0 1 0 0 0 0
 1694 114693.000 17188.000 0 0 0.000 0.000 0.000 0.143 0 1 0 0 0 0
 1695 125726.000 180537.000 0 0 0.000 0.000 0.000 0.131 0 1 0 0 0 0
 1696 15855.000 108145.000 0 0 0.000 0.000 0.000 0.131 0 1 0 0 0 0
 1697 44877.000 36339.000 0 0 0.000 0.000 0.000 0.130 0 1 0 0 0 0
 1698 109687.000 16381.000 0 0 28.000 52.000 1456.000 38.157 0 1 2 200 0 0
 1699 117544.000 17707.000 0 0 34.000 54.000 1836.000 42.848 0 1 1 200 0 0
 1700 108730.000 16086.000 0 0 28.000 52.000 1456.000 38.157 0 1 2 200 0 0
 1701 112671.000 16653.000 0 0 0.000 0.000 0.000 0.131 0 1 0 0 0 0
 1702 116774.000 17418.000 0 0 32.000 54.000 1728.000 41.569 0 1 1 200 0 0
 1703 117463.000 17543.000 0 0 34.000 54.000 1836.000 42.848 0 1 1 200 0 0
 1704 117994.000 17622.000 0 0 34.000 54.000 1836.000 42.848 0 1 1 200 0 0
 1705 19816.000 127945.000 0 0 0.000 0.000 0.000 0.131 0 1 0 0 0 0
 1706 20958.000 69365.000 0 0 0.000 0.000 0.000 0.132 0 1 0 0 0 0
 1707 21240.000 68903.000 0 0 0.000 0.000 0.000 0.136 0 1 0 0 0 0
 1708 20977.000 69271.000 0 0 0.000 0.000 0.000 0.131 0 1 0 0 0 0
 1709 110192.000 15815.000 0 0 30.000 52.000 1560.000 39.496 0 1 2 200 0 0
 1710 109381.000 15694.000 0 0 28.000 52.000 1456.000 38.157 0 1 2 200 0 0
 1711 110849.000 15854.000 0 0 30.000 52.000 1560.000 39.496 0 1 2 200 0 0
 1712 111858.000 15982.000 0 0 0.000 0.000 0.000 0.135 0 1 0 0 0 0
 1713 112453.000 16139.000 0 0 0.000 0.000 0.000 0.130 0 1 0 0 0 0
 1714 117429.000 16840.000 0 0 34.000 54.000 1836.000 42.848 0 1 1 200 0 0
 1715 15092.000 108890.000 0 0 0.000 0.000 0.000 0.132 0 1 0 0 0 0
 1716 117422.000 16672.000 0 0 34.000 54.000 1836.000 42.848 0 1 1 200 0 0
 1717 117943.000 16876.000 0 0 34.000 54.000 1836.000 42.848 0 1 1 200 0 0
 1718 118731.000 17100.000 0 0 34.000 54.000 1836.000 42.848 0 1 1 200 0 0
 1719 118077.000 16798.000 0 0 34.000 54.000 1836.000 42.848 0 1 1 200 0 0
 1720 118736.000 16762.000 0 0 34.000 54.000 1836.000 42.848 0 1 1 200 0 0
 1721 108635.000 15094.000 0 0 28.000 52.000 1456.000 38.157 0 1 2 200 0 0
 1722 109150.000 15032.000 0 0 28.000 52.000 1456.000 38.157 0 1 2 200 0 0
 1723 117403.000 16487.000 0 0 34.000 54.000 1836.000 42.848 0 1 1 200 0 0
 1724 118608.000 16606.000 0 0 34.000 54.000 1836.000 42.848 0 1 1 200 0 0
 1725 118685.000 16707.000 0 0 34.000 54.000 1836.000 42.848 0 1 1 200 0 0
 1726 120777.000 17192.000 0 0 0.000 0.000 0.000 0.132 0 1 0 0 0 0
 1727 118230.000 16350.000 0 0 34.000 54.000 1836.000 42.848 0 1 1 200 0 0
 1728 121848.000 17105.000 0 0 0.000 0.000 0.000 0.131 0 1 0 0 0 0
 1729 109977.000 14721.000 0 0 0.000 0.000 0.000 0.130 0 1 0 0 0 0
 1730 114701.000 15414.000 0 0 0.000 0.000 0.000 0.137 0 1 0 0 0 0
 1731 118588.000 16200.000 0 0 34.000 54.000 1836.000 42.848 0 1 1 200 0 0
 1732 14090.000 108485.000 0 0 0.000 0.000 0.000 0.131 0 1 0 0 0 0
 1733 118296.000 16027.000 0 0 34.000 54.000 1836.000 42.848 0 1 1 200 0 0
 1734 110527.000 14238.000 0 0 0.000 0.000 0.000 0.142 0 1 0 0 0 0
 1735 118336.000 15593.000 0 0 34.000 54.000 1836.000 42.848 0 1 1 200 0 0
 1736 17709.000 128021.000 0 0 0.000 0.000 0.000 0.132 0 1 0 0 0 0
 1737 111364.000 14153.000 0 0 0.000 0.000 0.000 0.135 0 1 0 0 0 0
 1738 116866.000 15192.000 0 0 32.000 54.000 1728.000 41.569 0 1 1 200 0 0
 1739 116928.000 15133.000 0 0 32.000 54.000 1728.000 41.569 0 1 1 200 0 0
 1740 117456.000 15251.000 0 0 34.000 54.000 1836.000 42.848 0 1 1 200 0 0
 1741 117771.000 15187.000 0 0 34.000 54.000 1836.000 42.848 0 1 1 200 0 0
 1742 118300.000 15523.000 0 0 34.000 54.000 1836.000 42.848 0 1 1 200 0 0
 1743 16569.000 125080.000 0 0 0.000 0.000 0.000 0.136 0 1 0 0 0 0
 1744 13549.000 89610.000 0 0 0.000 0.000 0.000 0.133 0 1 0 0 0 0
 1745 123508.000 16598.000 0 0 0.000 0.000 0.000 0.130 0 1 0 0 0 0
 1746 118092.000 14905.000 0 0 34.000 54.000 1836.000 42.848 0 1 1 200 0 0
 1747 118202.000 15064.000 0 0 34.000 54.000 1836.000 42.848 0 1 1 200 0 0
 1748 20398.000 64275.000 0 0 0.000 0.000 0.000 0.130 0 1 0 0 0 0
 1749 117689.000 14787.000 0 0 34.000 54.000 1836.000 42.848 0 1 1 200 0 0
 1750 118066.000 14767.000 0 0 34.000 54.000 1836.000 42.848 0 1 1 200 0 0
 1751 103991.000 12840.000 0 0 0.000 0.000 0.000 0.136 0 1 0 0 0 0
 1752 117649.000 14607.000 0 0 34.000 54.000 1836.000 42.848 0 1 1 200 0 0
 1753 119216.000 14943.000 0 0 0.000 0.000 0.000 0.137 0 1 0 0 0 0
 1754 15501.000 77216.000 0 0 0.000 0.000 0.000 0.130 0 1 0 0 0 0
 1755 17412.000 70938.000 0 0 0.000 0.000 0.000 0.135 0 1 0 0 0 0
 1756 117583.000 14368.000 0 0 34.000 54.000 1836.000 42.848 0 1 1 200 0 0
 1757 117970.000 14345.000 0 0 34.000 54.000 1836.000 42.848 0 1 1 200 0 0
 1758 119408.000 14644.000 0 0 0.000 0.000 0.000 0.179 0 1 0 0 0 0
 1759 103245.000 188020.000 0 0 0.000 0.000 0.000 0.133 0 1 0 0 0 0
 1760 17035.000 70845.000 0 0 0.000 0.000 0.000 0.142 0 1 0 0 0 0
 1761 117517.000 14059.000 0 0 32.000 54.000 1728.000 41.569 0 1 1 200 0 0
 1762 117916.000 14169.000 0 0 34.000 54.000 1836.000 42.848 0 1 1 200 0 0
 1763 16842.000 129527.000 0 0 0.000 0.000 0.000 0.136 0 1 0 0 0 0
 1764 12332.000 90245.000 0 0 0.000 0.000 0.000 0.136 0 1 0 0 0 0
 1765 44300.000 31728.000 0 0 0.000 0.000 0.000 0.137 0 1 0 0 0 0
 1766 187792.000 108397.000 0 0 0.000 0.000 0.000 0.133 0 1 0 0 0 0
 1767 187591.000 109991.000 0 0 0.000 0.000 0.000 0.130 0 1 0 0 0 0
 1768 163347.000 38715.000 0 0 0.000 0.000 0.000 0.141 0 1 0 0 0 0
 1769 15253.000 126017.000 0 0 0.000 0.000 0.000 0.132 0 1 0 0 0 0
 1770 106631.000 11978.000 0 0 0.000 0.000 0.000 0.148 0 1 0 0 0 0
 1771 107304.000 12069.000 0 0 0.000 0.000 0.000 0.139 0 1 0 0 0 0
 1772 117784.000 13621.000 0 0 34.000 54.000 1836.000 42.848 0 1 1 200 0 0
 1773 187408.000 114187.000 0 0 0.000 0.000 0.000 0.132 0 1 0 0 0 0
 1774 17055.000 131463.000 0 0 0.000 0.000 0.000 0.131 0 1 0 0 0 0
 1775 16709.000 130682.000 0 0 0.000 0.000 0.000 0.133 0 1 0 0 0 0
 1776 117310.000 13332.000 0 0 32.000 54.000 1728.000 41.569 0 1 1 200 0 0
 1777 187272.000 116094.000 0 0 54.000 32.000 1728.000 41.569 0 1 29 210 0 0
 1778 187245.000 116315.000 0 0 54.000 32.000 1728.000 41.569 0 1 29 210 0 0
 1779 117587.000 13057.000 0 0 32.000 54.000 1728.000 41.569 0 1 1 200 0 0
 1780 187230.000 116485.000 0 0 54.000 32.000 1728.000 41.569 0 1 29 210 0 0
 1781 187228.000 116667.000 0 0 54.000 32.000 1728.000 41.569 0 1 29 210 0 0
 1782 187197.000 116834.000 0 0 54.000 32.000 1728.000 41.569 0 1 29 210 0 0
 1783 187162.000 117132.000 0 0 54.000 32.000 1728.000 41.569 0 1 29 210 0 0
 1784 187145.000 117319.000 0 0 54.000 32.000 1728.000 41.569 0 1 29 210 0 0
 1785 19511.000 138342.000 0 0 0.000 0.000 0.000 0.152 0 1 0 0 0 0
 1786 11959.000 113425.000 0 0 0.000 0.000 0.000 0.140 0 1 0 0 0 0
 1787 107169.000 11431.000 0 0 0.000 0.000 0.000 0.143 0 1 0 0 0 0
 1788 117255.000 12995.000 0 0 32.000 54.000 1728.000 41.569 0 1 1 200 0 0
 1789 188653.000 107521.000 0 0 0.000 0.000 0.000 0.147 0 1 0 0 0 0
 1790 117145.000 12806.000 0 0 32.000 54.000 1728.000 41.569 0 1 1 200 0 0
 1791 104134.000 189437.000 0 0 0.000 0.000 0.000 0.130 0 1 0 0 0 0
 1792 10771.000 106106.000 0 0 0.000 0.000 0.000 0.143 0 1 0 0 0 0
 1793 108893.000 11326.000 0 0 0.000 0.000 0.000 0.131 0 1 0 0 0 0
 1794 110638.000 189002.000 0 0 0.000 0.000 0.000 0.130 0 1 0 0 0 0
 1795 117346.000 12519.000 0 0 32.000 54.000 1728.000 41.569 0 1 1 200 0 0
 1796 189175.000 108970.000 0 0 0.000 0.000 0.000 0.137 0 1 0 0 0 0
 1797 189005.000 109907.000 0 0 0.000 0.000 0.000 0.156 0 1 0 0 0 0
 1798 189025.000 110155.000 0 0 0.000 0.000 0.000 0.139 0 1 0 0 0 0
 1799 189191.000 108725.000 0 0 0.000 0.000 0.000 0.164 0 1 0 0 0 0
 1800 187106.000 121741.000 0 0 0.000 0.000 0.000 0.273 0 1 0 0 0 0
 1801 124944.000 13993.000 0 0 0.000 0.000 0.000 0.131 0 1 0 0 0 0
 1802 164346.000 37703.000 0 0 0.000 0.000 0.000 0.165 0 1 0 0 0 0
 1803 189514.000 107449.000 0 0 0.000 0.000 0.000 0.137 0 1 0 0 0 0
 1804 189103.000 111069.000 0 0 0.000 0.000 0.000 0.147 0 1 0 0 0 0
 1805 189144.000 111904.000 0 0 0.000 0.000 0.000 0.133 0 1 0 0 0 0
 1806 187996.000 118141.000 0 0 0.000 0.000 0.000 0.141 0 1 0 0 0 0
 1807 10178.000 94146.000 0 0 0.000 0.000 0.000 0.134 0 1 0 0 0 0
 1808 117351.000 11940.000 0 0 32.000 54.000 1728.000 41.569 0 1 1 200 0 0
 1809 22850.000 147000.000 0 0 0.000 0.000 0.000 0.134 0 1 0 0 0 0
 1810 114273.000 11174.000 0 0 0.000 0.000 0.000 0.131 0 1 0 0 0 0
 1811 189159.000 113989.000 0 0 0.000 0.000 0.000 0.174 0 1 0 0 0 0
 1812 187746.000 121925.000 0 0 0.000 0.000 0.000 0.153 0 1 0 0 0 0
 1813 113632.000 10790.000 0 0 0.000 0.000 0.000 0.130 0 1 0 0 0 0
 1814 9407.000 94168.000 0 0 0.000 0.000 0.000 0.143 0 1 0 0 0 0
 1815 187091.000 125460.000 0 0 0.000 0.000 0.000 0.172 0 1 0 0 0 0
 1816 12137.000 123495.000 0 0 0.000 0.000 0.000 0.135 0 1 0 0 0 0
 1817 9162.000 104828.000 0 0 0.000 0.000 0.000 0.148 0 1 0 0 0 0
 1818 188573.000 120361.000 0 0 0.000 0.000 0.000 0.130 0 1 0 0 0 0
 1819 64530.000 16364.000 0 0 0.000 0.000 0.000 0.135 0 1 0 0 0 0
 1820 114875.000 10423.000 0 0 0.000 0.000 0.000 0.132 0 1 0 0 0 0
 1821 187070.000 126384.000 0 0 0.000 0.000 0.000 0.178 0 1 0 0 0 0
 1822 26158.000 46636.000 0 0 0.000 0.000 0.000 0.146 0 1 0 0 0 0
 1823 66343.000 15469.000 0 0 0.000 0.000 0.000 0.132 0 1 0 0 0 0
 1824 23167.000 149647.000 0 0 0.000 0.000 0.000 0.148 0 1 0 0 0 0
 1825 20846.000 146261.000 0 0 0.000 0.000 0.000 0.132 0 1 0 0 0 0
 1826 11145.000 77824.000 0 0 0.000 0.000 0.000 0.140 0 1 0 0 0 0
 1827 62113.000 16908.000 0 0 0.000 0.000 0.000 0.146 0 1 0 0 0 0
 1828 19095.000 143270.000 0 0 0.000 0.000 0.000 0.130 0 1 0 0 0 0
 1829 63324.000 16196.000 0 0 0.000 0.000 0.000 0.145 0 1 0 0 0 0
 1830 23115.000 150782.000 0 0 0.000 0.000 0.000 0.141 0 1 0 0 0 0
 1831 118803.000 10339.000 0 0 0.000 0.000 0.000 0.133 0 1 0 0 0 0
 1832 187332.000 129474.000 0 0 0.000 0.000 0.000 0.162 0 1 0 0 0 0
 1833 140243.000 17317.000 0 0 0.000 0.000 0.000 0.132 0 1 0 0 0 0
 1834 67366.000 13705.000 0 0 0.000 0.000 0.000 0.227 0 1 0 0 0 0
 1835 7712.000 92525.000 0 0 0.000 0.000 0.000 0.130 0 1 0 0 0 0
 1836 69579.000 12728.000 0 0 0.000 0.000 0.000 0.201 0 1 0 0 0 0
 1837 28691.000 159515.000 0 0 0.000 0.000 0.000 0.130 0 1 0 0 0 0
 1838 7664.000 90186.000 0 0 0.000 0.000 0.000 0.136 0 1 0 0 0 0
 1839 69668.000 12485.000 0 0 0.000 0.000 0.000 0.135 0 1 0 0 0 0
 1840 71553.000 11952.000 0 0 0.000 0.000 0.000 0.135 0 1 0 0 0 0
 1841 189326.000 125032.000 0 0 0.000 0.000 0.000 0.159 0 1 0 0 0 0
 1842 9163.000 119599.000 0 0 0.000 0.000 0.000 0.130 0 1 0 0 0 0
 1843 64660.000 14314.000 0 0 0.000 0.000 0.000 0.140 0 1 0 0 0 0
 1844 67798.000 12955.000 0 0 0.000 0.000 0.000 0.136 0 1 0 0 0 0
 1845 72021.000 11678.000 0 0 0.000 0.000 0.000 0.137 0 1 0 0 0 0
 1846 186949.000 132721.000 0 0 0.000 0.000 0.000 0.154 0 1 0 0 0 0
 1847 6959.000 100034.000 0 0 0.000 0.000 0.000 0.132 0 1 0 0 0 0
 1848 19801.000 52773.000 0 0 0.000 0.000 0.000 0.135 0 1 0 0 0 0
 1849 187005.000 133123.000 0 0 0.000 0.000 0.000 0.169 0 1 0 0 0 0
 1850 21815.000 49179.000 0 0 0.000 0.000 0.000 0.131 0 1 0 0 0 0
 1851 149953.000 179076.000 0 0 0.000 0.000 0.000 0.410 0 1 0 0 0 0
 1852 66882.000 12802.000 0 0 0.000 0.000 0.000 0.139 0 1 0 0 0 0
 1853 71163.000 11423.000 0 0 0.000 0.000 0.000 0.231 0 1 0 0 0 0
 1854 21270.000 150848.000 0 0 0.000 0.000 0.000 0.137 0 1 0 0 0 0
 1855 20942.000 150653.000 0 0 0.000 0.000 0.000 0.142 0 1 0 0 0 0
 1856 6441.000 93532.000 0 0 0.000 0.000 0.000 0.130 0 1 0 0 0 0
 1857 36269.000 31346.000 0 0 0.000 0.000 0.000 0.143 0 1 0 0 0 0
 1858 39596.000 28549.000 0 0 0.000 0.000 0.000 0.131 0 1 0 0 0 0
 1859 65084.000 13193.000 0 0 0.000 0.000 0.000 0.136 0 1 0 0 0 0
 1860 67725.000 12079.000 0 0 0.000 0.000 0.000 0.145 0 1 0 0 0 0
 1861 189237.000 129105.000 0 0 0.000 0.000 0.000 0.132 0 1 0 0 0 0
 1862 22172.000 152825.000 0 0 0.000 0.000 0.000 0.133 0 1 0 0 0 0
 1863 6881.000 112676.000 0 0 0.000 0.000 0.000 0.137 0 1 0 0 0 0
 1864 6811.000 88782.000 0 0 0.000 0.000 0.000 0.130 0 1 0 0 0 0
 1865 24717.000 43958.000 0 0 0.000 0.000 0.000 0.166 0 1 0 0 0 0
 1866 188209.000 132465.000 0 0 0.000 0.000 0.000 0.135 0 1 0 0 0 0
 1867 5965.000 93820.000 0 0 0.000 0.000 0.000 0.137 0 1 0 0 0 0
 1868 7611.000 118854.000 0 0 0.000 0.000 0.000 0.145 0 1 0 0 0 0
 1869 6511.000 87210.000 0 0 0.000 0.000 0.000 0.133 0 1 0 0 0 0
 1870 40974.000 26635.000 0 0 0.000 0.000 0.000 0.131 0 1 0 0 0 0
 1871 26741.000 159813.000 0 0 0.000 0.000 0.000 0.131 0 1 0 0 0 0
 1872 15520.000 142395.000 0 0 0.000 0.000 0.000 0.131 0 1 0 0 0 0
 1873 57129.000 16007.000 0 0 0.000 0.000 0.000 0.139 0 1 0 0 0 0
 1874 28474.000 162268.000 0 0 0.000 0.000 0.000 0.131 0 1 0 0 0 0
 1875 26248.000 159595.000 0 0 0.000 0.000 0.000 0.135 0 1 0 0 0 0
 1876 19190.000 149470.000 0 0 0.000 0.000 0.000 0.141 0 1 0 0 0 0
 1877 16314.000 144436.000 0 0 0.000 0.000 0.000 0.133 0 1 0 0 0 0
 1878 14606.000 141018.000 0 0 0.000 0.000 0.000 0.132 0 1 0 0 0 0
 1879 6981.000 117798.000 0 0 0.000 0.000 0.000 0.225 0 1 0 0 0 0
 1880 52339.000 18223.000 0 0 0.000 0.000 0.000 0.148 0 1 0 0 0 0
 1881 187070.000 137819.000 0 0 0.000 0.000 0.000 0.136 0 1 0 0 0 0
 1882 6962.000 81348.000 0 0 0.000 0.000 0.000 0.133 0 1 0 0 0 0
 1883 193783.000 85718.000 0 0 0.000 0.000 0.000 0.148 0 1 0 0 0 0
 1884 127255.000 103754.000 0 0 14.218 103.217 1467.604 38.309 0 1 22 200 0 0
 1885 127416.000 103834.000 0 0 21.320 152.452 3250.404 57.012 0 1 22 200 0 0
 1886 118773.000 128174.000 0 0 66.178 44.096 2918.259 54.020 0 1 36 200 0 0
 1887 118652.000 128255.000 0 0 113.775 75.110 8545.716 92.443 0 1 36 200 0 0
 1888 118846.000 128328.000 0 0 100.490 66.853 6718.176 81.964 0 1 36 200 0 0
 1889 118707.000 128422.000 0 0 47.688 31.387 1496.833 38.688 0 1 36 200 0 0
 1890 118912.000 128491.000 0 0 58.729 38.984 2289.528 47.849 0 1 36 200 0 0
 1891 140658.000 115622.000 0 0 2.995 7.796 23.355 4.832 0 1 27 200 0 0
 1892 140541.000 115929.000 0 0 11.453 29.151 333.895 18.272 0 1 27 200 0 0
 1893 140508.000 116014.000 0 0 3.838 9.708 37.264 6.104 0 1 27 200 0 0
 1894 140407.000 116269.000 0 0 10.918 27.118 296.094 17.207 0 1 27 200 0 0
 1895 140809.000 115701.000 0 0 31.613 82.164 2597.479 50.965 0 1 27 200 0 0
 1896 140693.000 116004.000 0 0 15.344 39.014 598.647 24.467 0 1 27 200 0 0
 1897 140677.000 116050.000 0 0 18.465 46.798 864.155 29.396 0 1 27 200 0 0
 1898 140661.000 116087.000 0 0 3.855 9.745 37.575 6.129 0 1 27 200 0 0
 1899 140566.000 116335.000 0 0 18.793 46.671 877.123 29.616 0 1 27 200 0 0
 1900 140537.000 116404.000 0 0 3.145 7.772 24.450 4.944 0 1 27 200 0 0
 1901 140965.000 115769.000 0 0 35.529 92.296 3279.276 57.264 0 1 27 200 0 0
 1902 140942.000 115832.000 0 0 7.589 19.626 148.958 12.204 0 1 27 200 0 0
 1903 140851.000 116070.000 0 0 23.110 58.749 1357.738 36.847 0 1 27 200 0 0
 1904 140824.000 116139.000 0 0 24.757 62.624 1550.416 39.375 0 1 27 200 0 0
 1905 140717.000 116409.000 0 0 29.105 72.219 2101.960 45.847 0 1 27 200 0 0
 1906 140695.000 116468.000 0 0 8.683 21.458 186.337 13.650 0 1 27 200 0 0
 1907 141116.000 115854.000 0 0 43.319 112.345 4866.799 69.762 0 1 27 200 0 0
 1908 141015.000 116116.000 0 0 13.906 35.390 492.153 22.184 0 1 27 200 0 0
 1909 140975.000 116222.000 0 0 18.663 47.141 879.848 29.662 0 1 27 200 0 0
 1910 140959.000 116259.000 0 0 5.455 13.743 74.984 8.659 0 1 27 200 0 0
 1911 140875.000 116473.000 0 0 27.638 68.580 1895.424 43.536 0 1 27 200 0 0
 1912 140852.000 116533.000 0 0 7.132 17.624 125.713 11.212 0 1 27 200 0 0
 1913 141269.000 115929.000 0 0 35.126 91.003 3196.597 56.538 0 1 27 200 0 0
 1914 141174.000 116179.000 0 0 3.877 9.868 38.267 6.186 0 1 27 200 0 0
 1915 141129.000 116295.000 0 0 17.185 43.375 745.440 27.302 0 1 27 200 0 0
 1916 141114.000 116332.000 0 0 8.611 21.679 186.704 13.663 0 1 27 200 0 0
 1917 141047.000 116501.000 0 0 3.954 9.837 38.908 6.237 0 1 27 200 0 0
 1918 141032.000 116540.000 0 0 25.372 62.943 1597.036 39.962 0 1 27 200 0 0
 1919 141009.000 116597.000 0 0 11.138 27.522 306.567 17.509 0 1 27 200 0 0
 1920 141423.000 116001.000 0 0 29.148 75.457 2199.482 46.898 0 1 27 200 0 0
 1921 141279.000 116378.000 0 0 36.901 93.003 3431.938 58.582 0 1 27 200 0 0
 1922 141192.000 116596.000 0 0 19.889 49.365 981.842 31.334 0 1 27 200 0 0
 1923 141166.000 116662.000 0 0 7.987 19.734 157.628 12.554 0 1 27 200 0 0
 1924 141590.000 116042.000 0 0 6.921 17.942 124.185 11.143 0 1 27 200 0 0
 1925 141582.000 116065.000 0 0 6.931 17.939 124.340 11.150 0 1 27 200 0 0
 1926 141571.000 116090.000 0 0 4.628 11.956 55.338 7.438 0 1 27 200 0 0
 1927 141445.000 116418.000 0 0 25.972 65.562 1702.834 41.265 0 1 27 200 0 0
 1928 141423.000 116475.000 0 0 16.585 41.699 691.603 26.298 0 1 27 200 0 0
 1929 141340.000 116684.000 0 0 43.988 108.994 4794.468 69.242 0 1 27 200 0 0
 1930 141818.000 115918.000 0 0 2.289 6.013 13.765 3.710 0 1 27 200 0 0
 1931 141739.000 116126.000 0 0 10.822 28.012 303.178 17.411 0 1 27 200 0 0
 1932 141608.000 116468.000 0 0 12.631 31.913 403.111 20.077 0 1 27 200 0 0
 1933 141596.000 116499.000 0 0 8.700 21.933 190.824 13.813 0 1 27 200 0 0
 1934 141576.000 116549.000 0 0 11.899 29.894 355.746 18.861 0 1 27 200 0 0
 1935 141511.000 116714.000 0 0 9.614 23.879 229.597 15.152 0 1 27 200 0 0
 1936 141499.000 116749.000 0 0 16.861 41.775 704.396 26.540 0 1 27 200 0 0
 1937 141480.000 116793.000 0 0 7.245 17.895 129.653 11.386 0 1 27 200 0 0
 1938 141976.000 115980.000 0 0 7.660 20.122 154.154 12.415 0 1 27 200 0 0
 1939 141897.000 116191.000 0 0 8.537 22.092 188.617 13.733 0 1 27 200 0 0
 1940 141772.000 116514.000 0 0 6.333 16.019 101.458 10.072 0 1 27 200 0 0
 1941 141760.000 116545.000 0 0 9.517 24.022 228.644 15.120 0 1 27 200 0 0
 1942 141733.000 116617.000 0 0 8.762 22.005 192.823 13.886 0 1 27 200 0 0
 1943 141672.000 116772.000 0 0 12.864 31.962 411.182 20.277 0 1 27 200 0 0
 1944 141647.000 116833.000 0 0 8.876 21.960 194.926 13.961 0 1 27 200 0 0
 1945 141636.000 116860.000 0 0 4.849 11.975 58.076 7.620 0 1 27 200 0 0
 1946 142134.000 116047.000 0 0 4.615 12.118 55.937 7.479 0 1 27 200 0 0
 1947 142051.000 116263.000 0 0 6.237 16.126 100.584 10.029 0 1 27 200 0 0
 1948 141917.000 116612.000 0 0 9.556 24.113 230.437 15.180 0 1 27 200 0 0
 1949 141888.000 116685.000 0 0 5.598 14.055 78.696 8.871 0 1 27 200 0 0
 1950 141828.000 116839.000 0 0 11.301 28.071 317.252 17.811 0 1 27 200 0 0
 1951 141804.000 116898.000 0 0 7.290 18.035 131.485 11.466 0 1 27 200 0 0
 1952 142290.000 116116.000 0 0 5.407 14.190 76.736 8.759 0 1 27 200 0 0
 1953 142275.000 116152.000 0 0 4.645 12.159 56.491 7.516 0 1 27 200 0 0
 1954 142074.000 116677.000 0 0 6.395 16.135 103.199 10.158 0 1 27 200 0 0
 1955 142046.000 116748.000 0 0 6.423 16.124 103.571 10.176 0 1 27 200 0 0
 1956 142446.000 116181.000 0 0 8.532 22.381 190.972 13.819 0 1 27 200 0 0
 1957 142436.000 116210.000 0 0 8.547 22.376 191.270 13.830 0 1 27 200 0 0
 1958 142596.000 116264.000 0 0 17.931 46.964 842.163 29.020 0 1 27 200 0 0
 1959 142748.000 116342.000 0 0 5.483 14.344 78.659 8.869 0 1 27 200 0 0
 1960 142904.000 116410.000 0 0 5.506 14.396 79.271 8.903 0 1 27 200 0 0
 1961 143062.000 116474.000 0 0 4.738 12.385 58.690 7.660 0 1 27 200 0 0
 1962 143219.000 116539.000 0 0 6.342 16.574 105.127 10.253 0 1 27 200 0 0
 1963 113247.000 30983.000 0 0 19.844 3.809 75.592 8.694 0 1 10 200 0 0
 1964 113323.000 30826.000 0 0 119.372 22.992 2744.621 52.389 0 1 10 200 0 0
 1965 113411.000 30842.000 0 0 43.101 8.358 360.259 18.980 0 1 10 200 0 0
 1966 147212.000 47669.000 0 0 82.795 74.696 6184.574 78.642 0 1 13 200 0 0
 1967 113407.000 30668.000 0 0 136.274 26.351 3591.110 59.925 0 1 10 200 0 0
 1968 147267.000 47490.000 0 0 72.988 65.700 4795.402 69.248 0 1 13 200 0 0
 1969 113417.000 30498.000 0 0 59.986 11.580 694.677 26.356 0 1 10 200 0 0
 1970 113469.000 30507.000 0 0 26.642 5.163 137.575 11.729 0 1 10 200 0 0
 1971 147347.000 47333.000 0 0 27.775 24.970 693.565 26.335 0 1 13 200 0 0
 1972 113470.000 30335.000 0 0 20.031 3.873 77.587 8.808 0 1 10 200 0 0
 1973 113497.000 30340.000 0 0 26.706 5.174 138.192 11.755 0 1 10 200 0 0
 1974 113530.000 30346.000 0 0 26.703 5.187 138.518 11.769 0 1 10 200 0 0
 1975 113579.000 30182.000 0 0 110.463 21.484 2373.212 48.715 0 1 10 200 0 0
 1976 71601.000 27937.000 0 0 51.818 20.420 1058.179 32.529 0 1 9 200 0 0
 1977 71539.000 27780.000 0 0 58.853 23.193 1365.019 36.946 0 1 9 200 0 0
 1978 71465.000 27626.000 0 0 34.683 13.674 474.292 21.778 0 1 9 200 0 0
 1979 71354.000 27488.000 0 0 90.383 35.706 3227.295 56.809 0 1 9 200 0 0
 1980 71269.000 27339.000 0 0 45.284 17.906 810.874 28.475 0 1 9 200 0 0
 1981 71311.000 27322.000 0 0 31.363 12.380 388.293 19.705 0 1 9 200 0 0
 1982 71191.000 27186.000 0 0 20.936 8.283 173.432 13.169 0 1 9 200 0 0
 1983 71244.000 27166.000 0 0 20.942 8.268 173.160 13.159 0 1 9 200 0 0
 1984 71138.000 27024.000 0 0 38.486 15.221 585.830 24.203 0 1 9 200 0 0
 1985 71105.000 26854.000 0 0 49.074 19.386 951.372 30.844 0 1 9 200 0 0
 1986 71041.000 26697.000 0 0 49.179 19.428 955.511 30.911 0 1 9 200 0 0
 1987 70992.000 26534.000 0 0 14.082 5.560 78.308 8.849 0 1 9 200 0 0
 1988 70932.000 26375.000 0 0 24.715 9.758 241.176 15.529 0 1 9 200 0 0
 1989 70866.000 26219.000 0 0 17.696 6.987 123.663 11.120 0 1 9 200 0 0
 1990 118374.000 17638.000 0 0 75.012 16.734 1255.304 35.430 0 1 1 200 0 0
 1991 118387.000 17467.000 0 0 201.773 44.953 9070.437 95.238 0 1 1 200 0 0
 1992 117935.000 16499.000 0 0 20.027 4.301 86.158 9.282 0 1 1 200 0 0
 1993 118034.000 16345.000 0 0 136.343 29.392 4007.497 63.304 0 1 1 200 0 0
 1994 117923.000 16149.000 0 0 16.073 3.435 55.225 7.431 0 1 1 200 0 0
 1995 118021.000 16171.000 0 0 160.732 34.553 5553.800 74.523 0 1 1 200 0 0
 1996 117913.000 15973.000 0 0 100.689 21.465 2161.335 46.490 0 1 1 200 0 0
 1997 117864.000 15787.000 0 0 92.840 19.694 1828.450 42.760 0 1 1 200 0 0
 1998 117838.000 15609.000 0 0 36.418 7.697 280.338 16.743 0 1 1 200 0 0;
ProcessEquipmentIDList 1
  "R404" ;
SummarySpec 5
  TESTNO    NDEFECT    DEFDENSITY    NDIE    NDEFDIE  ;
SummaryList 
  1    1998    7.305    1    1  ;
EndOfFile;
