FileVersion 1 2;
FileTimestamp 01-11-26 20:07:34;
InspectionStationID "KLA-Tencor" "SFSSP1" "0901-0728-TBI";
SampleType WAFER;
ResultTimestamp 01-11-26 20:05:21;
LotID "2580";
SampleSize 1 200;
DeviceID "None";
SetupID "T2-2580NR" 01-11-26 20:05:21;
StepID "6492";
SampleOrientationMarkType NOTCH;
OrientationMarkLocation DOWN;
DiePitch 200000 200000;
DieOrigin 0 0;
WaferID "03";
Slot 3;
SampleCenterLocation 100000 100000;
ClassLookup 1
  0 "0"  ;
OrientationInstructions "Front";
CoordinatesMirrored No;
InspectionTest 1;
SampleTestPlan 1
  0 0 ;
AreaPerTest 2.73513e+010;
ClusterClassificationList 31
  2 210 
  23 210 
  15 210 
  22 210 
  21 210 
  1 210 
  19 210 
  13 210 
  16 210 
  4 210 
  20 210 
  8 210 
  17 210 
  26 210 
  24 200 
  25 210 
  27 210 
  12 200 
  28 210 
  18 210 
  6 210 
  7 210 
  30 210 
  3 210 
  31 210 
  9 210 
  29 210 
  5 210 
  10 210 
  14 210 
  11 210 ;
DefectRecordSpec 15 DEFECTID XREL YREL XINDEX YINDEX XSIZE YSIZE DEFECTAREA DSIZE CLASSNUMBER TEST CLUSTERNUMBER ROUGHBINNUMBER FINEBINNUMBER REVIEWSAMPLE ;
DefectList
 1 96199.000 103075.000 0 0 0.000 0.000 0.000 0.135 0 1 0 0 0 0
 2 102455.000 105601.000 0 0 0.000 0.000 0.000 0.131 0 1 0 0 0 0
 3 105379.000 97129.000 0 0 0.000 0.000 0.000 0.146 0 1 0 0 0 0
 4 106757.000 99704.000 0 0 0.000 0.000 0.000 0.155 0 1 0 0 0 0
 5 103391.000 94011.000 0 0 0.000 0.000 0.000 0.150 0 1 0 0 0 0
 6 104091.000 93502.000 0 0 0.000 0.000 0.000 0.136 0 1 0 0 0 0
 7 108176.000 102093.000 0 0 0.000 0.000 0.000 0.163 0 1 0 0 0 0
 8 105204.000 106902.000 0 0 0.000 0.000 0.000 0.149 0 1 0 0 0 0
 9 91857.000 97878.000 0 0 0.000 0.000 0.000 0.132 0 1 0 0 0 0
 10 91042.000 98550.000 0 0 0.000 0.000 0.000 0.145 0 1 0 0 0 0
 11 107432.000 94446.000 0 0 0.000 0.000 0.000 0.155 0 1 0 0 0 0
 12 88642.000 100699.000 0 0 0.000 0.000 0.000 0.141 0 1 0 0 0 0
 13 103199.000 88388.000 0 0 0.000 0.000 0.000 0.137 0 1 0 0 0 0
 14 88706.000 106225.000 0 0 0.000 0.000 0.000 0.132 0 1 0 0 0 0
 15 107240.000 89797.000 0 0 0.000 0.000 0.000 0.153 0 1 0 0 0 0
 16 110971.000 106834.000 0 0 0.000 0.000 0.000 0.145 0 1 0 0 0 0
 17 87840.000 105486.000 0 0 0.000 0.000 0.000 0.144 0 1 0 0 0 0
 18 87498.000 104687.000 0 0 0.000 0.000 0.000 0.134 0 1 0 0 0 0
 19 96692.000 87269.000 0 0 0.000 0.000 0.000 0.149 0 1 0 0 0 0
 20 100439.000 86763.000 0 0 24.000 50.000 1200.000 34.641 0 1 2 210 0 0
 21 108097.000 89479.000 0 0 0.000 0.000 0.000 0.143 0 1 0 0 0 0
 22 91796.000 89148.000 0 0 0.000 0.000 0.000 0.147 0 1 0 0 0 0
 23 88026.000 92443.000 0 0 56.000 48.000 2688.000 51.845 0 1 23 210 0 0
 24 88040.000 92367.000 0 0 56.000 48.000 2688.000 51.845 0 1 23 210 0 0
 25 88056.000 92079.000 0 0 54.000 48.000 2592.000 50.911 0 1 23 210 0 0
 26 88057.000 92054.000 0 0 54.000 46.000 2484.000 49.839 0 1 23 210 0 0
 27 88055.000 92041.000 0 0 54.000 46.000 2484.000 49.839 0 1 23 210 0 0
 28 88061.000 92031.000 0 0 54.000 46.000 2484.000 49.839 0 1 23 210 0 0
 29 88074.000 91715.000 0 0 54.000 48.000 2592.000 50.911 0 1 23 210 0 0
 30 88084.000 91681.000 0 0 54.000 48.000 2592.000 50.911 0 1 23 210 0 0
 31 88077.000 91485.000 0 0 54.000 48.000 2592.000 50.911 0 1 23 210 0 0
 32 88065.000 91449.000 0 0 54.000 48.000 2592.000 50.911 0 1 23 210 0 0
 33 88098.000 91395.000 0 0 56.000 48.000 2688.000 51.845 0 1 23 210 0 0
 34 88092.000 91151.000 0 0 56.000 48.000 2688.000 51.845 0 1 23 210 0 0
 35 88093.000 91125.000 0 0 56.000 48.000 2688.000 51.845 0 1 23 210 0 0
 36 88106.000 91101.000 0 0 56.000 48.000 2688.000 51.845 0 1 23 210 0 0
 37 88097.000 91114.000 0 0 56.000 48.000 2688.000 51.845 0 1 23 210 0 0
 38 88117.000 91081.000 0 0 54.000 50.000 2700.000 51.961 0 1 23 210 0 0
 39 88099.000 90835.000 0 0 54.000 50.000 2700.000 51.961 0 1 23 210 0 0
 40 88119.000 90809.000 0 0 54.000 50.000 2700.000 51.961 0 1 23 210 0 0
 41 88125.000 90673.000 0 0 54.000 50.000 2700.000 51.961 0 1 23 210 0 0
 42 88130.000 90521.000 0 0 54.000 50.000 2700.000 51.961 0 1 23 210 0 0
 43 88135.000 90490.000 0 0 54.000 50.000 2700.000 51.961 0 1 23 210 0 0
 44 88137.000 90486.000 0 0 54.000 50.000 2700.000 51.961 0 1 23 210 0 0
 45 88144.000 90215.000 0 0 54.000 50.000 2700.000 51.961 0 1 23 210 0 0
 46 88155.000 90195.000 0 0 54.000 50.000 2700.000 51.961 0 1 23 210 0 0
 47 88154.000 90158.000 0 0 54.000 50.000 2700.000 51.961 0 1 23 210 0 0
 48 88152.000 90103.000 0 0 54.000 52.000 2808.000 52.990 0 1 23 210 0 0
 49 88151.000 90003.000 0 0 54.000 52.000 2808.000 52.990 0 1 23 210 0 0
 50 88158.000 89985.000 0 0 54.000 52.000 2808.000 52.990 0 1 23 210 0 0
 51 88154.000 89967.000 0 0 54.000 52.000 2808.000 52.990 0 1 23 210 0 0
 52 88179.000 89682.000 0 0 52.000 52.000 2704.000 52.000 0 1 23 210 0 0
 53 96009.000 84863.000 0 0 0.000 0.000 0.000 0.131 0 1 0 0 0 0
 54 88172.000 89629.000 0 0 52.000 52.000 2704.000 52.000 0 1 23 210 0 0
 55 88169.000 89495.000 0 0 52.000 50.000 2600.000 50.990 0 1 23 210 0 0
 56 88169.000 89476.000 0 0 52.000 50.000 2600.000 50.990 0 1 23 210 0 0
 57 88184.000 89423.000 0 0 54.000 50.000 2700.000 51.961 0 1 23 210 0 0
 58 88189.000 89398.000 0 0 54.000 50.000 2700.000 51.961 0 1 23 210 0 0
 59 88182.000 89174.000 0 0 54.000 50.000 2700.000 51.961 0 1 23 210 0 0
 60 88205.000 89150.000 0 0 54.000 50.000 2700.000 51.961 0 1 23 210 0 0
 61 88203.000 88905.000 0 0 54.000 52.000 2808.000 52.990 0 1 23 210 0 0
 62 105970.000 85020.000 0 0 0.000 0.000 0.000 0.135 0 1 0 0 0 0
 63 88205.000 88739.000 0 0 54.000 52.000 2808.000 52.990 0 1 23 210 0 0
 64 88198.000 88692.000 0 0 54.000 52.000 2808.000 52.990 0 1 23 210 0 0
 65 88210.000 88661.000 0 0 54.000 52.000 2808.000 52.990 0 1 23 210 0 0
 66 88224.000 88393.000 0 0 52.000 52.000 2704.000 52.000 0 1 23 210 0 0
 67 115097.000 107484.000 0 0 0.000 0.000 0.000 0.150 0 1 0 0 0 0
 68 91458.000 114811.000 0 0 0.000 0.000 0.000 0.135 0 1 0 0 0 0
 69 88222.000 88350.000 0 0 52.000 52.000 2704.000 52.000 0 1 23 210 0 0
 70 88222.000 88131.000 0 0 52.000 52.000 2704.000 52.000 0 1 23 210 0 0
 71 88235.000 87912.000 0 0 52.000 52.000 2704.000 52.000 0 1 23 210 0 0
 72 88248.000 87819.000 0 0 52.000 52.000 2704.000 52.000 0 1 23 210 0 0
 73 88246.000 87677.000 0 0 52.000 54.000 2808.000 52.990 0 1 23 210 0 0
 74 110854.000 87080.000 0 0 52.000 54.000 2808.000 52.990 0 1 15 210 0 0
 75 88243.000 87598.000 0 0 52.000 54.000 2808.000 52.990 0 1 23 210 0 0
 76 88263.000 87428.000 0 0 52.000 54.000 2808.000 52.990 0 1 23 210 0 0
 77 110889.000 86890.000 0 0 50.000 54.000 2700.000 51.961 0 1 15 210 0 0
 78 88275.000 87181.000 0 0 50.000 54.000 2700.000 51.961 0 1 23 210 0 0
 79 110955.000 86506.000 0 0 50.000 54.000 2700.000 51.961 0 1 15 210 0 0
 80 110931.000 86705.000 0 0 50.000 54.000 2700.000 51.961 0 1 15 210 0 0
 81 112930.000 88439.000 0 0 0.000 0.000 0.000 0.149 0 1 0 0 0 0
 82 88266.000 86919.000 0 0 50.000 54.000 2700.000 51.961 0 1 23 210 0 0
 83 110990.000 86317.000 0 0 50.000 54.000 2700.000 51.961 0 1 15 210 0 0
 84 87057.000 112546.000 0 0 0.000 0.000 0.000 0.138 0 1 0 0 0 0
 85 85943.000 89088.000 0 0 0.000 0.000 0.000 0.143 0 1 0 0 0 0
 86 88269.000 86691.000 0 0 52.000 52.000 2704.000 52.000 0 1 23 210 0 0
 87 88311.000 86546.000 0 0 52.000 52.000 2704.000 52.000 0 1 23 210 0 0
 88 88304.000 86255.000 0 0 52.000 54.000 2808.000 52.990 0 1 23 210 0 0
 89 111097.000 85755.000 0 0 50.000 54.000 2700.000 51.961 0 1 15 210 0 0
 90 88302.000 86044.000 0 0 52.000 54.000 2808.000 52.990 0 1 23 210 0 0
 91 88321.000 85583.000 0 0 50.000 54.000 2700.000 51.961 0 1 23 210 0 0
 92 88327.000 85362.000 0 0 50.000 54.000 2700.000 51.961 0 1 23 210 0 0
 93 98707.000 81429.000 0 0 0.000 0.000 0.000 0.140 0 1 0 0 0 0
 94 111237.000 85221.000 0 0 50.000 54.000 2700.000 51.961 0 1 15 210 0 0
 95 111272.000 85036.000 0 0 50.000 54.000 2700.000 51.961 0 1 15 210 0 0
 96 117366.000 108540.000 0 0 0.000 0.000 0.000 0.139 0 1 0 0 0 0
 97 88349.000 84701.000 0 0 50.000 54.000 2700.000 51.961 0 1 23 210 0 0
 98 111358.000 84468.000 0 0 48.000 56.000 2688.000 51.845 0 1 15 210 0 0
 99 88356.000 84063.000 0 0 48.000 56.000 2688.000 51.845 0 1 23 210 0 0
 100 111499.000 83734.000 0 0 48.000 54.000 2592.000 50.911 0 1 15 210 0 0
 101 88375.000 83425.000 0 0 48.000 54.000 2592.000 50.911 0 1 23 210 0 0
 102 86792.000 115897.000 0 0 0.000 0.000 0.000 0.130 0 1 0 0 0 0
 103 79756.000 104149.000 0 0 0.000 0.000 0.000 0.135 0 1 0 0 0 0
 104 88377.000 83219.000 0 0 48.000 54.000 2592.000 50.911 0 1 23 210 0 0
 105 111597.000 83388.000 0 0 48.000 54.000 2592.000 50.911 0 1 15 210 0 0
 106 82929.000 111909.000 0 0 0.000 0.000 0.000 0.131 0 1 0 0 0 0
 107 79314.000 99749.000 0 0 0.000 0.000 0.000 0.137 0 1 0 0 0 0
 108 115705.000 86802.000 0 0 0.000 0.000 0.000 0.151 0 1 0 0 0 0
 109 83554.000 113543.000 0 0 0.000 0.000 0.000 0.134 0 1 0 0 0 0
 110 81388.000 90345.000 0 0 0.000 0.000 0.000 0.132 0 1 0 0 0 0
 111 87427.000 83167.000 0 0 0.000 0.000 0.000 0.150 0 1 0 0 0 0
 112 82097.000 112027.000 0 0 0.000 0.000 0.000 0.130 0 1 0 0 0 0
 113 88385.000 82193.000 0 0 48.000 54.000 2592.000 50.911 0 1 23 210 0 0
 114 114684.000 84493.000 0 0 0.000 0.000 0.000 0.142 0 1 0 0 0 0
 115 88386.000 81990.000 0 0 48.000 56.000 2688.000 51.845 0 1 23 210 0 0
 116 111816.000 82229.000 0 0 46.000 54.000 2484.000 49.839 0 1 15 210 0 0
 117 78388.000 97696.000 0 0 0.000 0.000 0.000 0.149 0 1 0 0 0 0
 118 88393.000 81785.000 0 0 48.000 56.000 2688.000 51.845 0 1 23 210 0 0
 119 111851.000 81924.000 0 0 48.000 54.000 2592.000 50.911 0 1 15 210 0 0
 120 88392.000 81585.000 0 0 48.000 56.000 2688.000 51.845 0 1 23 210 0 0
 121 85134.000 116520.000 0 0 0.000 0.000 0.000 0.137 0 1 0 0 0 0
 122 88400.000 81379.000 0 0 48.000 56.000 2688.000 51.845 0 1 23 210 0 0
 123 88397.000 80983.000 0 0 48.000 56.000 2688.000 51.845 0 1 23 210 0 0
 124 120758.000 109384.000 0 0 0.000 0.000 0.000 0.146 0 1 0 0 0 0
 125 122706.000 98506.000 0 0 0.000 0.000 0.000 0.171 0 1 0 0 0 0
 126 100649.000 77504.000 0 0 24.000 50.000 1200.000 34.641 0 1 2 210 0 0
 127 88408.000 79991.000 0 0 46.000 56.000 2576.000 50.754 0 1 23 210 0 0
 128 113742.000 81435.000 0 0 0.000 0.000 0.000 0.142 0 1 0 0 0 0
 129 101456.000 123563.000 0 0 0.000 0.000 0.000 0.143 0 1 0 0 0 0
 130 119941.000 87937.000 0 0 0.000 0.000 0.000 0.145 0 1 0 0 0 0
 131 117449.000 116043.000 0 0 0.000 0.000 0.000 0.137 0 1 0 0 0 0
 132 77286.000 106460.000 0 0 0.000 0.000 0.000 0.148 0 1 0 0 0 0
 133 100733.000 76491.000 0 0 24.000 50.000 1200.000 34.641 0 1 2 210 0 0
 134 88410.000 79014.000 0 0 0.000 0.000 0.000 0.134 0 1 0 0 0 0
 135 103832.000 124183.000 0 0 0.000 0.000 0.000 0.144 0 1 0 0 0 0
 136 76463.000 92796.000 0 0 54.000 38.000 2052.000 45.299 0 1 22 210 0 0
 137 76420.000 92379.000 0 0 54.000 38.000 2052.000 45.299 0 1 22 210 0 0
 138 76436.000 92330.000 0 0 54.000 38.000 2052.000 45.299 0 1 22 210 0 0
 139 76443.000 92285.000 0 0 54.000 38.000 2052.000 45.299 0 1 22 210 0 0
 140 76402.000 92026.000 0 0 54.000 40.000 2160.000 46.475 0 1 22 210 0 0
 141 76395.000 91950.000 0 0 54.000 40.000 2160.000 46.475 0 1 22 210 0 0
 142 76393.000 91932.000 0 0 54.000 40.000 2160.000 46.475 0 1 22 210 0 0
 143 76546.000 91376.000 0 0 56.000 40.000 2240.000 47.328 0 1 22 210 0 0
 144 96415.000 125151.000 0 0 0.000 0.000 0.000 0.130 0 1 0 0 0 0
 145 76392.000 91823.000 0 0 54.000 40.000 2160.000 46.475 0 1 22 210 0 0
 146 76367.000 91596.000 0 0 56.000 40.000 2240.000 47.328 0 1 22 210 0 0
 147 84250.000 120049.000 0 0 0.000 0.000 0.000 0.153 0 1 0 0 0 0
 148 88405.000 77670.000 0 0 0.000 0.000 0.000 0.135 0 1 0 0 0 0
 149 76336.000 91103.000 0 0 56.000 40.000 2240.000 47.328 0 1 22 210 0 0
 150 76301.000 90738.000 0 0 56.000 42.000 2352.000 48.497 0 1 22 210 0 0
 151 76306.000 90719.000 0 0 56.000 42.000 2352.000 48.497 0 1 22 210 0 0
 152 76301.000 90685.000 0 0 56.000 42.000 2352.000 48.497 0 1 22 210 0 0
 153 76286.000 90415.000 0 0 56.000 42.000 2352.000 48.497 0 1 22 210 0 0
 154 76273.000 90346.000 0 0 56.000 42.000 2352.000 48.497 0 1 22 210 0 0
 155 76277.000 90335.000 0 0 56.000 42.000 2352.000 48.497 0 1 22 210 0 0
 156 76276.000 90299.000 0 0 56.000 42.000 2352.000 48.497 0 1 22 210 0 0
 157 76280.000 90288.000 0 0 56.000 42.000 2352.000 48.497 0 1 22 210 0 0
 158 76248.000 90041.000 0 0 56.000 42.000 2352.000 48.497 0 1 22 210 0 0
 159 76258.000 89949.000 0 0 56.000 42.000 2352.000 48.497 0 1 22 210 0 0
 160 122896.000 112161.000 0 0 0.000 0.000 0.000 0.151 0 1 0 0 0 0
 161 118118.000 118890.000 0 0 0.000 0.000 0.000 0.132 0 1 0 0 0 0
 162 76240.000 89989.000 0 0 56.000 42.000 2352.000 48.497 0 1 22 210 0 0
 163 76247.000 89965.000 0 0 56.000 42.000 2352.000 48.497 0 1 22 210 0 0
 164 76212.000 89595.000 0 0 54.000 42.000 2268.000 47.623 0 1 22 210 0 0
 165 76209.000 89638.000 0 0 54.000 42.000 2268.000 47.623 0 1 22 210 0 0
 166 76240.000 89560.000 0 0 54.000 42.000 2268.000 47.623 0 1 22 210 0 0
 167 76189.000 89268.000 0 0 54.000 42.000 2268.000 47.623 0 1 22 210 0 0
 168 76201.000 89242.000 0 0 54.000 42.000 2268.000 47.623 0 1 22 210 0 0
 169 76155.000 88941.000 0 0 56.000 42.000 2352.000 48.497 0 1 22 210 0 0
 170 76170.000 88897.000 0 0 56.000 42.000 2352.000 48.497 0 1 22 210 0 0
 171 76130.000 88633.000 0 0 56.000 42.000 2352.000 48.497 0 1 22 210 0 0
 172 76133.000 88593.000 0 0 56.000 42.000 2352.000 48.497 0 1 22 210 0 0
 173 76147.000 88565.000 0 0 56.000 42.000 2352.000 48.497 0 1 22 210 0 0
 174 76113.000 88318.000 0 0 56.000 42.000 2352.000 48.497 0 1 22 210 0 0
 175 76120.000 88232.000 0 0 56.000 44.000 2464.000 49.638 0 1 22 210 0 0
 176 100597.000 73543.000 0 0 24.000 50.000 1200.000 34.641 0 1 2 210 0 0
 177 76077.000 88030.000 0 0 56.000 44.000 2464.000 49.638 0 1 22 210 0 0
 178 76069.000 88001.000 0 0 56.000 44.000 2464.000 49.638 0 1 22 210 0 0
 179 76092.000 87915.000 0 0 56.000 44.000 2464.000 49.638 0 1 22 210 0 0
 180 88393.000 75969.000 0 0 0.000 0.000 0.000 0.135 0 1 0 0 0 0
 181 107975.000 74514.000 0 0 0.000 0.000 0.000 0.155 0 1 0 0 0 0
 182 76051.000 87628.000 0 0 56.000 44.000 2464.000 49.638 0 1 22 210 0 0
 183 76057.000 87616.000 0 0 56.000 44.000 2464.000 49.638 0 1 22 210 0 0
 184 76022.000 87320.000 0 0 56.000 44.000 2464.000 49.638 0 1 22 210 0 0
 185 76040.000 87287.000 0 0 56.000 44.000 2464.000 49.638 0 1 22 210 0 0
 186 76004.000 87079.000 0 0 56.000 44.000 2464.000 49.638 0 1 22 210 0 0
 187 75998.000 86991.000 0 0 54.000 44.000 2376.000 48.744 0 1 22 210 0 0
 188 122360.000 84396.000 0 0 54.000 48.000 2592.000 50.911 0 1 21 210 0 0
 189 122316.000 84558.000 0 0 54.000 48.000 2592.000 50.911 0 1 21 210 0 0
 190 75961.000 86725.000 0 0 54.000 46.000 2484.000 49.839 0 1 22 210 0 0
 191 75971.000 86706.000 0 0 54.000 46.000 2484.000 49.839 0 1 22 210 0 0
 192 75981.000 86689.000 0 0 54.000 46.000 2484.000 49.839 0 1 22 210 0 0
 193 122431.000 84172.000 0 0 54.000 48.000 2592.000 50.911 0 1 21 210 0 0
 194 75976.000 86653.000 0 0 54.000 46.000 2484.000 49.839 0 1 22 210 0 0
 195 75933.000 86466.000 0 0 54.000 46.000 2484.000 49.839 0 1 22 210 0 0
 196 75934.000 86428.000 0 0 54.000 46.000 2484.000 49.839 0 1 22 210 0 0
 197 77403.000 84055.000 0 0 0.000 0.000 0.000 0.132 0 1 0 0 0 0
 198 122496.000 83967.000 0 0 54.000 48.000 2592.000 50.911 0 1 21 210 0 0
 199 122476.000 84024.000 0 0 54.000 48.000 2592.000 50.911 0 1 21 210 0 0
 200 103389.000 127957.000 0 0 0.000 0.000 0.000 0.136 0 1 0 0 0 0
 201 72208.000 99930.000 0 0 0.000 0.000 0.000 0.152 0 1 0 0 0 0
 202 75957.000 86374.000 0 0 54.000 46.000 2484.000 49.839 0 1 22 210 0 0
 203 75947.000 86299.000 0 0 54.000 46.000 2484.000 49.839 0 1 22 210 0 0
 204 75920.000 86139.000 0 0 54.000 46.000 2484.000 49.839 0 1 22 210 0 0
 205 122557.000 83760.000 0 0 56.000 48.000 2688.000 51.845 0 1 21 210 0 0
 206 75926.000 86061.000 0 0 56.000 46.000 2576.000 50.754 0 1 22 210 0 0
 207 75901.000 85810.000 0 0 56.000 46.000 2576.000 50.754 0 1 22 210 0 0
 208 122623.000 83550.000 0 0 56.000 48.000 2688.000 51.845 0 1 21 210 0 0
 209 122576.000 83709.000 0 0 56.000 48.000 2688.000 51.845 0 1 21 210 0 0
 210 75893.000 85758.000 0 0 56.000 46.000 2576.000 50.754 0 1 22 210 0 0
 211 75879.000 85662.000 0 0 56.000 46.000 2576.000 50.754 0 1 22 210 0 0
 212 75877.000 85509.000 0 0 56.000 46.000 2576.000 50.754 0 1 22 210 0 0
 213 88378.000 74476.000 0 0 0.000 0.000 0.000 0.136 0 1 0 0 0 0
 214 117329.000 122618.000 0 0 0.000 0.000 0.000 0.158 0 1 0 0 0 0
 215 75851.000 85566.000 0 0 56.000 46.000 2576.000 50.754 0 1 22 210 0 0
 216 75837.000 85277.000 0 0 56.000 48.000 2688.000 51.845 0 1 22 210 0 0
 217 75846.000 85247.000 0 0 56.000 48.000 2688.000 51.845 0 1 22 210 0 0
 218 122728.000 83156.000 0 0 56.000 48.000 2688.000 51.845 0 1 21 210 0 0
 219 122684.000 83345.000 0 0 56.000 48.000 2688.000 51.845 0 1 21 210 0 0
 220 128466.000 98924.000 0 0 0.000 0.000 0.000 0.260 0 1 0 0 0 0
 221 75793.000 85014.000 0 0 56.000 48.000 2688.000 51.845 0 1 22 210 0 0
 222 75807.000 84989.000 0 0 56.000 48.000 2688.000 51.845 0 1 22 210 0 0
 223 122776.000 82999.000 0 0 56.000 48.000 2688.000 51.845 0 1 21 210 0 0
 224 128524.000 97413.000 0 0 0.000 0.000 0.000 0.139 0 1 0 0 0 0
 225 75798.000 84688.000 0 0 56.000 48.000 2688.000 51.845 0 1 22 210 0 0
 226 122860.000 82735.000 0 0 54.000 50.000 2700.000 51.961 0 1 21 210 0 0
 227 122845.000 82776.000 0 0 54.000 50.000 2700.000 51.961 0 1 21 210 0 0
 228 75754.000 84450.000 0 0 56.000 48.000 2688.000 51.845 0 1 22 210 0 0
 229 75723.000 84128.000 0 0 54.000 48.000 2592.000 50.911 0 1 22 210 0 0
 230 122973.000 82325.000 0 0 54.000 50.000 2700.000 51.961 0 1 21 210 0 0
 231 122961.000 82392.000 0 0 54.000 50.000 2700.000 51.961 0 1 21 210 0 0
 232 129096.000 100457.000 0 0 0.000 0.000 0.000 0.133 0 1 0 0 0 0
 233 75703.000 83903.000 0 0 54.000 48.000 2592.000 50.911 0 1 22 210 0 0
 234 84231.000 125058.000 0 0 0.000 0.000 0.000 0.149 0 1 0 0 0 0
 235 75685.000 83626.000 0 0 54.000 46.000 2484.000 49.839 0 1 22 210 0 0
 236 75695.000 83601.000 0 0 54.000 46.000 2484.000 49.839 0 1 22 210 0 0
 237 123091.000 81925.000 0 0 54.000 50.000 2700.000 51.961 0 1 21 210 0 0
 238 123056.000 82003.000 0 0 54.000 50.000 2700.000 51.961 0 1 21 210 0 0
 239 123038.000 82132.000 0 0 54.000 50.000 2700.000 51.961 0 1 21 210 0 0
 240 75663.000 83387.000 0 0 54.000 48.000 2592.000 50.911 0 1 22 210 0 0
 241 123152.000 81728.000 0 0 54.000 50.000 2700.000 51.961 0 1 21 210 0 0
 242 75594.000 83027.000 0 0 54.000 48.000 2592.000 50.911 0 1 22 210 0 0
 243 123211.000 81532.000 0 0 54.000 50.000 2700.000 51.961 0 1 21 210 0 0
 244 75579.000 82791.000 0 0 54.000 48.000 2592.000 50.911 0 1 22 210 0 0
 245 88329.000 72734.000 0 0 42.000 54.000 2268.000 47.623 0 1 1 210 0 0
 246 123276.000 81341.000 0 0 54.000 50.000 2700.000 51.961 0 1 21 210 0 0
 247 75544.000 82538.000 0 0 54.000 48.000 2592.000 50.911 0 1 22 210 0 0
 248 81816.000 76158.000 0 0 0.000 0.000 0.000 0.134 0 1 0 0 0 0
 249 128877.000 109205.000 0 0 0.000 0.000 0.000 0.143 0 1 0 0 0 0
 250 75555.000 82514.000 0 0 54.000 48.000 2592.000 50.911 0 1 22 210 0 0
 251 75586.000 82367.000 0 0 56.000 48.000 2688.000 51.845 0 1 22 210 0 0
 252 123382.000 80934.000 0 0 54.000 50.000 2700.000 51.961 0 1 21 210 0 0
 253 75571.000 82154.000 0 0 56.000 48.000 2688.000 51.845 0 1 22 210 0 0
 254 90760.000 71194.000 0 0 0.000 0.000 0.000 0.148 0 1 0 0 0 0
 255 75529.000 81876.000 0 0 56.000 48.000 2688.000 51.845 0 1 22 210 0 0
 256 75464.000 81546.000 0 0 54.000 50.000 2700.000 51.961 0 1 22 210 0 0
 257 123504.000 80550.000 0 0 54.000 50.000 2700.000 51.961 0 1 21 210 0 0
 258 75466.000 81323.000 0 0 54.000 50.000 2700.000 51.961 0 1 22 210 0 0
 259 123624.000 80164.000 0 0 54.000 52.000 2808.000 52.990 0 1 21 210 0 0
 260 123568.000 80361.000 0 0 54.000 52.000 2808.000 52.990 0 1 21 210 0 0
 261 129134.000 110750.000 0 0 0.000 0.000 0.000 0.135 0 1 0 0 0 0
 262 75418.000 81065.000 0 0 54.000 50.000 2700.000 51.961 0 1 22 210 0 0
 263 75386.000 80826.000 0 0 54.000 50.000 2700.000 51.961 0 1 22 210 0 0
 264 123716.000 79749.000 0 0 54.000 52.000 2808.000 52.990 0 1 21 210 0 0
 265 123680.000 79968.000 0 0 54.000 52.000 2808.000 52.990 0 1 21 210 0 0
 266 125438.000 118718.000 0 0 0.000 0.000 0.000 0.139 0 1 0 0 0 0
 267 75375.000 80614.000 0 0 54.000 50.000 2700.000 51.961 0 1 22 210 0 0
 268 75377.000 80567.000 0 0 54.000 50.000 2700.000 51.961 0 1 22 210 0 0
 269 75361.000 80360.000 0 0 54.000 50.000 2700.000 51.961 0 1 22 210 0 0
 270 75314.000 80126.000 0 0 54.000 50.000 2700.000 51.961 0 1 22 210 0 0
 271 75257.000 79828.000 0 0 54.000 50.000 2700.000 51.961 0 1 22 210 0 0
 272 73543.000 118365.000 0 0 0.000 0.000 0.000 0.160 0 1 0 0 0 0
 273 75240.000 79621.000 0 0 54.000 50.000 2700.000 51.961 0 1 22 210 0 0
 274 75277.000 79476.000 0 0 54.000 50.000 2700.000 51.961 0 1 22 210 0 0
 275 124011.000 78799.000 0 0 52.000 50.000 2600.000 50.990 0 1 21 210 0 0
 276 74700.000 79754.000 0 0 54.000 50.000 2700.000 51.961 0 1 22 210 0 0
 277 75229.000 79186.000 0 0 54.000 52.000 2808.000 52.990 0 1 22 210 0 0
 278 124066.000 78606.000 0 0 52.000 50.000 2600.000 50.990 0 1 21 210 0 0
 279 75178.000 78725.000 0 0 52.000 52.000 2704.000 52.000 0 1 22 210 0 0
 280 124264.000 77814.000 0 0 54.000 50.000 2700.000 51.961 0 1 21 210 0 0
 281 75126.000 78265.000 0 0 52.000 52.000 2704.000 52.000 0 1 22 210 0 0
 282 102821.000 133442.000 0 0 0.000 0.000 0.000 0.130 0 1 0 0 0 0
 283 124371.000 77429.000 0 0 54.000 50.000 2700.000 51.961 0 1 21 210 0 0
 284 106064.000 133268.000 0 0 0.000 0.000 0.000 0.151 0 1 0 0 0 0
 285 92495.000 132998.000 0 0 0.000 0.000 0.000 0.141 0 1 0 0 0 0
 286 75019.000 77368.000 0 0 54.000 50.000 2700.000 51.961 0 1 22 210 0 0
 287 124497.000 77068.000 0 0 54.000 52.000 2808.000 52.990 0 1 21 210 0 0
 288 74991.000 77148.000 0 0 54.000 50.000 2700.000 51.961 0 1 22 210 0 0
 289 74965.000 76923.000 0 0 0.000 0.000 0.000 0.133 0 1 0 0 0 0
 290 69419.000 115921.000 0 0 0.000 0.000 0.000 0.138 0 1 0 0 0 0
 291 68333.000 87022.000 0 0 0.000 0.000 0.000 0.133 0 1 0 0 0 0
 292 124656.000 76497.000 0 0 54.000 52.000 2808.000 52.990 0 1 21 210 0 0
 293 74887.000 76262.000 0 0 0.000 0.000 0.000 0.133 0 1 0 0 0 0
 294 124759.000 76114.000 0 0 52.000 52.000 2704.000 52.000 0 1 21 210 0 0
 295 134840.000 100016.000 0 0 0.000 0.000 0.000 0.132 0 1 0 0 0 0
 296 134407.000 105406.000 0 0 0.000 0.000 0.000 0.166 0 1 0 0 0 0
 297 73763.000 76972.000 0 0 0.000 0.000 0.000 0.132 0 1 0 0 0 0
 298 124638.000 75324.000 0 0 52.000 52.000 2704.000 52.000 0 1 21 210 0 0
 299 128102.000 121262.000 0 0 0.000 0.000 0.000 0.146 0 1 0 0 0 0
 300 104587.000 135338.000 0 0 0.000 0.000 0.000 0.138 0 1 0 0 0 0
 301 74755.000 75180.000 0 0 0.000 0.000 0.000 0.133 0 1 0 0 0 0
 302 125123.000 74792.000 0 0 52.000 52.000 2704.000 52.000 0 1 21 210 0 0
 303 80975.000 130876.000 0 0 0.000 0.000 0.000 0.148 0 1 0 0 0 0
 304 64270.000 93523.000 0 0 0.000 0.000 0.000 0.139 0 1 0 0 0 0
 305 125351.000 73828.000 0 0 52.000 52.000 2704.000 52.000 0 1 21 210 0 0
 306 136666.000 102711.000 0 0 0.000 0.000 0.000 0.133 0 1 0 0 0 0
 307 115004.000 66583.000 0 0 42.000 54.000 2268.000 47.623 0 1 15 210 0 0
 308 135898.000 91094.000 0 0 0.000 0.000 0.000 0.140 0 1 0 0 0 0
 309 64386.000 89557.000 0 0 0.000 0.000 0.000 0.132 0 1 0 0 0 0
 310 74483.000 73072.000 0 0 0.000 0.000 0.000 0.134 0 1 0 0 0 0
 311 74429.000 72657.000 0 0 0.000 0.000 0.000 0.133 0 1 0 0 0 0
 312 121022.000 131437.000 0 0 0.000 0.000 0.000 0.150 0 1 0 0 0 0
 313 75292.000 129260.000 0 0 0.000 0.000 0.000 0.138 0 1 0 0 0 0
 314 62689.000 109017.000 0 0 0.000 0.000 0.000 0.139 0 1 0 0 0 0
 315 114685.000 64957.000 0 0 42.000 56.000 2352.000 48.497 0 1 15 210 0 0
 316 114757.000 64447.000 0 0 42.000 56.000 2352.000 48.497 0 1 15 210 0 0
 317 122423.000 132151.000 0 0 0.000 0.000 0.000 0.130 0 1 0 0 0 0
 318 110747.000 137738.000 0 0 0.000 0.000 0.000 0.145 0 1 0 0 0 0
 319 119946.000 66566.000 0 0 0.000 0.000 0.000 0.144 0 1 0 0 0 0
 320 134505.000 80795.000 0 0 54.000 46.000 2484.000 49.839 0 1 19 210 0 0
 321 134486.000 80941.000 0 0 54.000 46.000 2484.000 49.839 0 1 19 210 0 0
 322 63393.000 84574.000 0 0 0.000 0.000 0.000 0.130 0 1 0 0 0 0
 323 74065.000 70022.000 0 0 0.000 0.000 0.000 0.135 0 1 0 0 0 0
 324 134792.000 80128.000 0 0 54.000 46.000 2484.000 49.839 0 1 19 210 0 0
 325 133015.000 123192.000 0 0 0.000 0.000 0.000 0.140 0 1 0 0 0 0
 326 63290.000 83960.000 0 0 0.000 0.000 0.000 0.130 0 1 0 0 0 0
 327 134880.000 79941.000 0 0 54.000 46.000 2484.000 49.839 0 1 19 210 0 0
 328 139118.000 89724.000 0 0 0.000 0.000 0.000 0.147 0 1 0 0 0 0
 329 112001.000 61480.000 0 0 0.000 0.000 0.000 0.160 0 1 0 0 0 0
 330 134960.000 79741.000 0 0 56.000 46.000 2576.000 50.754 0 1 19 210 0 0
 331 135034.000 79533.000 0 0 56.000 46.000 2576.000 50.754 0 1 19 210 0 0
 332 135177.000 79110.000 0 0 56.000 46.000 2576.000 50.754 0 1 19 210 0 0
 333 59713.000 91406.000 0 0 0.000 0.000 0.000 0.134 0 1 0 0 0 0
 334 135407.000 78505.000 0 0 56.000 46.000 2576.000 50.754 0 1 19 210 0 0
 335 135349.000 78736.000 0 0 56.000 46.000 2576.000 50.754 0 1 19 210 0 0
 336 135502.000 78336.000 0 0 56.000 48.000 2688.000 51.845 0 1 19 210 0 0
 337 73691.000 67460.000 0 0 0.000 0.000 0.000 0.136 0 1 0 0 0 0
 338 90671.000 59198.000 0 0 0.000 0.000 0.000 0.137 0 1 0 0 0 0
 339 137369.000 119549.000 0 0 0.000 0.000 0.000 0.135 0 1 0 0 0 0
 340 118598.000 138211.000 0 0 0.000 0.000 0.000 0.130 0 1 0 0 0 0
 341 59041.000 89892.000 0 0 0.000 0.000 0.000 0.151 0 1 0 0 0 0
 342 135805.000 77538.000 0 0 56.000 48.000 2688.000 51.845 0 1 19 210 0 0
 343 135785.000 77688.000 0 0 56.000 48.000 2688.000 51.845 0 1 19 210 0 0
 344 110896.000 141172.000 0 0 0.000 0.000 0.000 0.131 0 1 0 0 0 0
 345 58773.000 90143.000 0 0 0.000 0.000 0.000 0.146 0 1 0 0 0 0
 346 135910.000 77292.000 0 0 56.000 48.000 2688.000 51.845 0 1 19 210 0 0
 347 85141.000 60260.000 0 0 0.000 0.000 0.000 0.131 0 1 0 0 0 0
 348 135981.000 77101.000 0 0 56.000 48.000 2688.000 51.845 0 1 19 210 0 0
 349 137376.000 120997.000 0 0 0.000 0.000 0.000 0.136 0 1 0 0 0 0
 350 59931.000 84919.000 0 0 0.000 0.000 0.000 0.144 0 1 0 0 0 0
 351 135853.000 76587.000 0 0 54.000 48.000 2592.000 50.911 0 1 19 210 0 0
 352 136075.000 76869.000 0 0 56.000 48.000 2688.000 51.845 0 1 19 210 0 0
 353 140337.000 114888.000 0 0 0.000 0.000 0.000 0.131 0 1 0 0 0 0
 354 136089.000 76753.000 0 0 56.000 48.000 2688.000 51.845 0 1 19 210 0 0
 355 62192.000 78965.000 0 0 0.000 0.000 0.000 0.130 0 1 0 0 0 0
 356 115399.000 59570.000 0 0 40.000 56.000 2240.000 47.328 0 1 13 210 0 0
 357 136241.000 76335.000 0 0 54.000 48.000 2592.000 50.911 0 1 19 210 0 0
 358 64586.000 74638.000 0 0 0.000 0.000 0.000 0.153 0 1 0 0 0 0
 359 132144.000 70526.000 0 0 0.000 0.000 0.000 0.131 0 1 0 0 0 0
 360 136323.000 76150.000 0 0 54.000 48.000 2592.000 50.911 0 1 19 210 0 0
 361 115467.000 59056.000 0 0 40.000 56.000 2240.000 47.328 0 1 13 210 0 0
 362 136399.000 75959.000 0 0 54.000 48.000 2592.000 50.911 0 1 19 210 0 0
 363 68393.000 130987.000 0 0 0.000 0.000 0.000 0.134 0 1 0 0 0 0
 364 136468.000 75755.000 0 0 54.000 46.000 2484.000 49.839 0 1 19 210 0 0
 365 122775.000 137942.000 0 0 0.000 0.000 0.000 0.147 0 1 0 0 0 0
 366 61910.000 77757.000 0 0 56.000 46.000 2576.000 50.754 0 1 16 210 0 0
 367 63741.000 75035.000 0 0 0.000 0.000 0.000 0.145 0 1 0 0 0 0
 368 136603.000 75348.000 0 0 54.000 46.000 2484.000 49.839 0 1 19 210 0 0
 369 61861.000 77492.000 0 0 56.000 46.000 2576.000 50.754 0 1 16 210 0 0
 370 61811.000 77298.000 0 0 56.000 46.000 2576.000 50.754 0 1 16 210 0 0
 371 132344.000 69472.000 0 0 0.000 0.000 0.000 0.135 0 1 0 0 0 0
 372 129968.000 133214.000 0 0 0.000 0.000 0.000 0.143 0 1 0 0 0 0
 373 61806.000 77251.000 0 0 56.000 46.000 2576.000 50.754 0 1 16 210 0 0
 374 61762.000 77119.000 0 0 56.000 46.000 2576.000 50.754 0 1 16 210 0 0
 375 73214.000 64495.000 0 0 0.000 0.000 0.000 0.146 0 1 0 0 0 0
 376 115547.000 58273.000 0 0 40.000 56.000 2240.000 47.328 0 1 13 210 0 0
 377 136823.000 74769.000 0 0 54.000 48.000 2592.000 50.911 0 1 19 210 0 0
 378 57899.000 115603.000 0 0 0.000 0.000 0.000 0.132 0 1 0 0 0 0
 379 143778.000 89943.000 0 0 0.000 0.000 0.000 0.151 0 1 0 0 0 0
 380 73150.000 136483.000 0 0 0.000 0.000 0.000 0.135 0 1 0 0 0 0
 381 65408.000 129068.000 0 0 0.000 0.000 0.000 0.144 0 1 0 0 0 0
 382 115589.000 58007.000 0 0 40.000 56.000 2240.000 47.328 0 1 13 210 0 0
 383 127696.000 64740.000 0 0 50.000 54.000 2700.000 51.961 0 1 4 210 0 0
 384 136906.000 74590.000 0 0 54.000 48.000 2592.000 50.911 0 1 19 210 0 0
 385 61580.000 76332.000 0 0 56.000 48.000 2688.000 51.845 0 1 16 210 0 0
 386 142812.000 85830.000 0 0 0.000 0.000 0.000 0.179 0 1 0 0 0 0
 387 115629.000 57661.000 0 0 40.000 56.000 2240.000 47.328 0 1 13 210 0 0
 388 135933.000 128050.000 0 0 0.000 0.000 0.000 0.134 0 1 0 0 0 0
 389 125422.000 137936.000 0 0 0.000 0.000 0.000 0.144 0 1 0 0 0 0
 390 54444.000 98726.000 0 0 0.000 0.000 0.000 0.137 0 1 0 0 0 0
 391 61461.000 75846.000 0 0 56.000 48.000 2688.000 51.845 0 1 16 210 0 0
 392 137174.000 73789.000 0 0 54.000 48.000 2592.000 50.911 0 1 19 210 0 0
 393 138932.000 76323.000 0 0 0.000 0.000 0.000 0.139 0 1 0 0 0 0
 394 138966.000 76541.000 0 0 0.000 0.000 0.000 0.133 0 1 0 0 0 0
 395 67296.000 132174.000 0 0 0.000 0.000 0.000 0.141 0 1 0 0 0 0
 396 61460.000 75823.000 0 0 56.000 48.000 2688.000 51.845 0 1 16 210 0 0
 397 62329.000 74345.000 0 0 0.000 0.000 0.000 0.139 0 1 0 0 0 0
 398 127867.000 64018.000 0 0 50.000 54.000 2700.000 51.961 0 1 4 210 0 0
 399 61416.000 75614.000 0 0 56.000 48.000 2688.000 51.845 0 1 16 210 0 0
 400 61349.000 75411.000 0 0 56.000 48.000 2688.000 51.845 0 1 16 210 0 0
 401 115698.000 57164.000 0 0 40.000 56.000 2240.000 47.328 0 1 13 210 0 0
 402 137262.000 73620.000 0 0 54.000 48.000 2592.000 50.911 0 1 19 210 0 0
 403 141160.000 120723.000 0 0 0.000 0.000 0.000 0.138 0 1 0 0 0 0
 404 61361.000 75385.000 0 0 56.000 48.000 2688.000 51.845 0 1 16 210 0 0
 405 61305.000 75171.000 0 0 56.000 48.000 2688.000 51.845 0 1 16 210 0 0
 406 61238.000 74958.000 0 0 55.000 48.000 2640.000 51.380 0 1 16 210 0 0
 407 115732.000 56801.000 0 0 40.000 56.000 2240.000 47.328 0 1 13 210 0 0
 408 137459.000 73020.000 0 0 56.000 48.000 2688.000 51.845 0 1 19 210 0 0
 409 137402.000 73231.000 0 0 54.000 48.000 2592.000 50.911 0 1 19 210 0 0
 410 91562.000 145747.000 0 0 0.000 0.000 0.000 0.132 0 1 0 0 0 0
 411 61186.000 74726.000 0 0 54.000 48.000 2592.000 50.911 0 1 16 210 0 0
 412 138583.000 74290.000 0 0 0.000 0.000 0.000 0.143 0 1 0 0 0 0
 413 146015.000 94382.000 0 0 0.000 0.000 0.000 0.130 0 1 0 0 0 0
 414 61138.000 74489.000 0 0 54.000 48.000 2592.000 50.911 0 1 16 210 0 0
 415 61079.000 74273.000 0 0 54.000 48.000 2592.000 50.911 0 1 16 210 0 0
 416 115793.000 56191.000 0 0 40.000 56.000 2240.000 47.328 0 1 13 210 0 0
 417 115792.000 56275.000 0 0 40.000 56.000 2240.000 47.328 0 1 13 210 0 0
 418 61079.000 74236.000 0 0 54.000 48.000 2592.000 50.911 0 1 16 210 0 0
 419 61024.000 74014.000 0 0 54.000 46.000 2484.000 49.839 0 1 16 210 0 0
 420 60984.000 73843.000 0 0 54.000 46.000 2484.000 49.839 0 1 16 210 0 0
 421 77962.000 58587.000 0 0 0.000 0.000 0.000 0.140 0 1 0 0 0 0
 422 125665.000 139860.000 0 0 0.000 0.000 0.000 0.139 0 1 0 0 0 0
 423 98582.000 147357.000 0 0 0.000 0.000 0.000 0.151 0 1 0 0 0 0
 424 60917.000 73600.000 0 0 54.000 46.000 2484.000 49.839 0 1 16 210 0 0
 425 128257.000 62392.000 0 0 50.000 54.000 2700.000 51.961 0 1 4 210 0 0
 426 60909.000 73551.000 0 0 54.000 48.000 2592.000 50.911 0 1 16 210 0 0
 427 110234.000 53875.000 0 0 0.000 0.000 0.000 0.132 0 1 0 0 0 0
 428 137888.000 71884.000 0 0 56.000 48.000 2688.000 51.845 0 1 19 210 0 0
 429 60865.000 73375.000 0 0 54.000 48.000 2592.000 50.911 0 1 16 210 0 0
 430 60845.000 73201.000 0 0 54.000 48.000 2592.000 50.911 0 1 16 210 0 0
 431 59200.000 125128.000 0 0 0.000 0.000 0.000 0.131 0 1 0 0 0 0
 432 60770.000 72982.000 0 0 54.000 48.000 2592.000 50.911 0 1 16 210 0 0
 433 60760.000 72930.000 0 0 54.000 48.000 2592.000 50.911 0 1 16 210 0 0
 434 144754.000 83177.000 0 0 56.000 40.000 2240.000 47.328 0 1 20 210 0 0
 435 144633.000 83378.000 0 0 56.000 40.000 2240.000 47.328 0 1 20 210 0 0
 436 144815.000 83016.000 0 0 56.000 40.000 2240.000 47.328 0 1 20 210 0 0
 437 60677.000 72693.000 0 0 54.000 48.000 2592.000 50.911 0 1 16 210 0 0
 438 112853.000 53791.000 0 0 0.000 0.000 0.000 0.133 0 1 0 0 0 0
 439 144905.000 82835.000 0 0 56.000 40.000 2240.000 47.328 0 1 20 210 0 0
 440 60640.000 72506.000 0 0 54.000 48.000 2592.000 50.911 0 1 16 210 0 0
 441 60622.000 72327.000 0 0 54.000 48.000 2592.000 50.911 0 1 16 210 0 0
 442 71157.000 61522.000 0 0 0.000 0.000 0.000 0.138 0 1 0 0 0 0
 443 145015.000 82624.000 0 0 56.000 42.000 2352.000 48.497 0 1 20 210 0 0
 444 60587.000 72116.000 0 0 54.000 48.000 2592.000 50.911 0 1 16 210 0 0
 445 138296.000 70735.000 0 0 0.000 0.000 0.000 0.134 0 1 0 0 0 0
 446 145130.000 82410.000 0 0 56.000 42.000 2352.000 48.497 0 1 20 210 0 0
 447 60527.000 71890.000 0 0 54.000 48.000 2592.000 50.911 0 1 16 210 0 0
 448 145234.000 82227.000 0 0 56.000 42.000 2352.000 48.497 0 1 20 210 0 0
 449 147843.000 109090.000 0 0 0.000 0.000 0.000 0.131 0 1 0 0 0 0
 450 133248.000 136116.000 0 0 0.000 0.000 0.000 0.135 0 1 0 0 0 0
 451 60425.000 71609.000 0 0 54.000 48.000 2592.000 50.911 0 1 16 210 0 0
 452 60377.000 71404.000 0 0 56.000 48.000 2688.000 51.845 0 1 16 210 0 0
 453 84168.000 53911.000 0 0 0.000 0.000 0.000 0.132 0 1 0 0 0 0
 454 129668.000 61219.000 0 0 0.000 0.000 0.000 0.141 0 1 0 0 0 0
 455 145443.000 81790.000 0 0 56.000 42.000 2352.000 48.497 0 1 20 210 0 0
 456 145332.000 82009.000 0 0 56.000 42.000 2352.000 48.497 0 1 20 210 0 0
 457 60294.000 71151.000 0 0 56.000 48.000 2688.000 51.845 0 1 16 210 0 0
 458 143197.000 76748.000 0 0 0.000 0.000 0.000 0.136 0 1 0 0 0 0
 459 133634.000 136216.000 0 0 0.000 0.000 0.000 0.145 0 1 0 0 0 0
 460 51482.000 108784.000 0 0 0.000 0.000 0.000 0.135 0 1 0 0 0 0
 461 51236.000 92771.000 0 0 0.000 0.000 0.000 0.131 0 1 0 0 0 0
 462 60290.000 71013.000 0 0 56.000 48.000 2688.000 51.845 0 1 16 210 0 0
 463 145744.000 81222.000 0 0 56.000 42.000 2352.000 48.497 0 1 20 210 0 0
 464 145678.000 81369.000 0 0 56.000 42.000 2352.000 48.497 0 1 20 210 0 0
 465 60202.000 70752.000 0 0 56.000 48.000 2688.000 51.845 0 1 16 210 0 0
 466 60181.000 70584.000 0 0 56.000 48.000 2688.000 51.845 0 1 16 210 0 0
 467 99793.000 150062.000 0 0 0.000 0.000 0.000 0.138 0 1 0 0 0 0
 468 74678.000 143060.000 0 0 0.000 0.000 0.000 0.132 0 1 0 0 0 0
 469 116148.000 53014.000 0 0 0.000 0.000 0.000 0.136 0 1 0 0 0 0
 470 145986.000 80804.000 0 0 56.000 42.000 2352.000 48.497 0 1 20 210 0 0
 471 145850.000 81004.000 0 0 56.000 42.000 2352.000 48.497 0 1 20 210 0 0
 472 138940.000 68807.000 0 0 0.000 0.000 0.000 0.133 0 1 0 0 0 0
 473 146034.000 80649.000 0 0 56.000 42.000 2352.000 48.497 0 1 20 210 0 0
 474 60047.000 70118.000 0 0 56.000 48.000 2688.000 51.845 0 1 16 210 0 0
 475 60037.000 69973.000 0 0 54.000 50.000 2700.000 51.961 0 1 16 210 0 0
 476 146196.000 80401.000 0 0 56.000 42.000 2352.000 48.497 0 1 20 210 0 0
 477 59950.000 69710.000 0 0 54.000 50.000 2700.000 51.961 0 1 16 210 0 0
 478 92262.000 50562.000 0 0 0.000 0.000 0.000 0.146 0 1 0 0 0 0
 479 146314.000 80188.000 0 0 54.000 42.000 2268.000 47.623 0 1 20 210 0 0
 480 146389.000 80012.000 0 0 54.000 42.000 2268.000 47.623 0 1 20 210 0 0
 481 59864.000 69465.000 0 0 54.000 50.000 2700.000 51.961 0 1 16 210 0 0
 482 59842.000 69294.000 0 0 54.000 50.000 2700.000 51.961 0 1 16 210 0 0
 483 108681.000 50298.000 0 0 0.000 0.000 0.000 0.150 0 1 0 0 0 0
 484 146501.000 79801.000 0 0 54.000 42.000 2268.000 47.623 0 1 20 210 0 0
 485 76595.000 145288.000 0 0 0.000 0.000 0.000 0.134 0 1 0 0 0 0
 486 59793.000 69078.000 0 0 54.000 50.000 2700.000 51.961 0 1 16 210 0 0
 487 146582.000 79616.000 0 0 54.000 42.000 2268.000 47.623 0 1 20 210 0 0
 488 140844.000 130492.000 0 0 0.000 0.000 0.000 0.132 0 1 0 0 0 0
 489 123032.000 145701.000 0 0 0.000 0.000 0.000 0.137 0 1 0 0 0 0
 490 109587.000 150226.000 0 0 0.000 0.000 0.000 0.141 0 1 0 0 0 0
 491 59735.000 68875.000 0 0 54.000 50.000 2700.000 51.961 0 1 16 210 0 0
 492 146615.000 79481.000 0 0 54.000 42.000 2268.000 47.623 0 1 20 210 0 0
 493 84227.000 148893.000 0 0 0.000 0.000 0.000 0.141 0 1 0 0 0 0
 494 80367.000 147572.000 0 0 0.000 0.000 0.000 0.137 0 1 0 0 0 0
 495 94820.000 49347.000 0 0 0.000 0.000 0.000 0.131 0 1 0 0 0 0
 496 146742.000 79249.000 0 0 54.000 42.000 2268.000 47.623 0 1 20 210 0 0
 497 53392.000 121535.000 0 0 0.000 0.000 0.000 0.153 0 1 0 0 0 0
 498 146868.000 79041.000 0 0 54.000 42.000 2268.000 47.623 0 1 20 210 0 0
 499 146891.000 78920.000 0 0 54.000 42.000 2268.000 47.623 0 1 20 210 0 0
 500 106079.000 48802.000 0 0 0.000 0.000 0.000 0.140 0 1 0 0 0 0
 501 116345.000 51090.000 0 0 0.000 0.000 0.000 0.141 0 1 0 0 0 0
 502 147002.000 78712.000 0 0 54.000 42.000 2268.000 47.623 0 1 20 210 0 0
 503 59512.000 68057.000 0 0 54.000 50.000 2700.000 51.961 0 1 16 210 0 0
 504 54816.000 74293.000 0 0 0.000 0.000 0.000 0.141 0 1 0 0 0 0
 505 139717.000 66546.000 0 0 0.000 0.000 0.000 0.134 0 1 0 0 0 0
 506 147297.000 78128.000 0 0 56.000 42.000 2352.000 48.497 0 1 20 210 0 0
 507 147289.000 78256.000 0 0 56.000 42.000 2352.000 48.497 0 1 20 210 0 0
 508 58463.000 132123.000 0 0 0.000 0.000 0.000 0.130 0 1 0 0 0 0
 509 47682.000 102888.000 0 0 0.000 0.000 0.000 0.156 0 1 0 0 0 0
 510 59308.000 67228.000 0 0 54.000 50.000 2700.000 51.961 0 1 16 210 0 0
 511 116396.000 50546.000 0 0 0.000 0.000 0.000 0.136 0 1 0 0 0 0
 512 115257.000 150406.000 0 0 0.000 0.000 0.000 0.146 0 1 0 0 0 0
 513 114951.000 150624.000 0 0 0.000 0.000 0.000 0.144 0 1 0 0 0 0
 514 147472.000 77760.000 0 0 56.000 42.000 2352.000 48.497 0 1 20 210 0 0
 515 147456.000 77890.000 0 0 56.000 42.000 2352.000 48.497 0 1 20 210 0 0
 516 141310.000 132953.000 0 0 0.000 0.000 0.000 0.136 0 1 0 0 0 0
 517 59145.000 66618.000 0 0 0.000 0.000 0.000 0.132 0 1 0 0 0 0
 518 129601.000 56470.000 0 0 48.000 54.000 2592.000 50.911 0 1 4 210 0 0
 519 147815.000 77126.000 0 0 56.000 42.000 2352.000 48.497 0 1 20 210 0 0
 520 147723.000 77326.000 0 0 56.000 42.000 2352.000 48.497 0 1 20 210 0 0
 521 59135.000 134296.000 0 0 0.000 0.000 0.000 0.135 0 1 0 0 0 0
 522 129679.000 56114.000 0 0 48.000 54.000 2592.000 50.911 0 1 4 210 0 0
 523 147998.000 76762.000 0 0 56.000 42.000 2352.000 48.497 0 1 20 210 0 0
 524 147915.000 76942.000 0 0 56.000 42.000 2352.000 48.497 0 1 20 210 0 0
 525 47686.000 111650.000 0 0 0.000 0.000 0.000 0.140 0 1 0 0 0 0
 526 129756.000 55755.000 0 0 46.000 54.000 2484.000 49.839 0 1 4 210 0 0
 527 56884.000 132108.000 0 0 0.000 0.000 0.000 0.131 0 1 0 0 0 0
 528 51218.000 77721.000 0 0 0.000 0.000 0.000 0.137 0 1 0 0 0 0
 529 50708.000 78577.000 0 0 0.000 0.000 0.000 0.136 0 1 0 0 0 0
 530 116539.000 48998.000 0 0 38.000 54.000 2052.000 45.299 0 1 8 210 0 0
 531 140399.000 64481.000 0 0 0.000 0.000 0.000 0.135 0 1 0 0 0 0
 532 153981.000 101972.000 0 0 0.000 0.000 0.000 0.146 0 1 0 0 0 0
 533 92554.000 46647.000 0 0 0.000 0.000 0.000 0.130 0 1 0 0 0 0
 534 134456.000 58576.000 0 0 0.000 0.000 0.000 0.134 0 1 0 0 0 0
 535 135618.000 59606.000 0 0 0.000 0.000 0.000 0.158 0 1 0 0 0 0
 536 148348.000 76010.000 0 0 56.000 44.000 2464.000 49.638 0 1 20 210 0 0
 537 148298.000 76180.000 0 0 56.000 44.000 2464.000 49.638 0 1 20 210 0 0
 538 46576.000 109238.000 0 0 0.000 0.000 0.000 0.147 0 1 0 0 0 0
 539 116573.000 48600.000 0 0 38.000 54.000 2052.000 45.299 0 1 8 210 0 0
 540 116590.000 48402.000 0 0 38.000 54.000 2052.000 45.299 0 1 8 210 0 0
 541 45876.000 106671.000 0 0 0.000 0.000 0.000 0.153 0 1 0 0 0 0
 542 148579.000 75605.000 0 0 56.000 44.000 2464.000 49.638 0 1 20 210 0 0
 543 148758.000 75209.000 0 0 56.000 44.000 2464.000 49.638 0 1 20 210 0 0
 544 148671.000 75412.000 0 0 56.000 44.000 2464.000 49.638 0 1 20 210 0 0
 545 154441.000 93793.000 0 0 0.000 0.000 0.000 0.146 0 1 0 0 0 0
 546 154743.000 105535.000 0 0 0.000 0.000 0.000 0.140 0 1 0 0 0 0
 547 148957.000 74853.000 0 0 56.000 44.000 2464.000 49.638 0 1 20 210 0 0
 548 116665.000 47619.000 0 0 38.000 54.000 2052.000 45.299 0 1 8 210 0 0
 549 140890.000 62991.000 0 0 0.000 0.000 0.000 0.135 0 1 0 0 0 0
 550 149131.000 74451.000 0 0 56.000 44.000 2464.000 49.638 0 1 20 210 0 0
 551 149314.000 74071.000 0 0 56.000 44.000 2464.000 49.638 0 1 20 210 0 0
 552 116717.000 46886.000 0 0 38.000 54.000 2052.000 45.299 0 1 8 210 0 0
 553 149407.000 73882.000 0 0 56.000 44.000 2464.000 49.638 0 1 20 210 0 0
 554 149500.000 73695.000 0 0 56.000 44.000 2464.000 49.638 0 1 20 210 0 0
 555 116756.000 46620.000 0 0 38.000 54.000 2052.000 45.299 0 1 8 210 0 0
 556 45018.000 113371.000 0 0 0.000 0.000 0.000 0.140 0 1 0 0 0 0
 557 74465.000 150765.000 0 0 0.000 0.000 0.000 0.152 0 1 0 0 0 0
 558 48281.000 77276.000 0 0 54.000 42.000 2268.000 47.623 0 1 17 210 0 0
 559 43451.000 96001.000 0 0 0.000 0.000 0.000 0.133 0 1 0 0 0 0
 560 44759.000 86945.000 0 0 0.000 0.000 0.000 0.135 0 1 0 0 0 0
 561 48166.000 76930.000 0 0 54.000 42.000 2268.000 47.623 0 1 17 210 0 0
 562 43868.000 90269.000 0 0 0.000 0.000 0.000 0.130 0 1 0 0 0 0
 563 48004.000 76517.000 0 0 54.000 42.000 2268.000 47.623 0 1 17 210 0 0
 564 61401.000 58138.000 0 0 0.000 0.000 0.000 0.134 0 1 0 0 0 0
 565 155119.000 84970.000 0 0 56.000 36.000 2016.000 44.899 0 1 26 210 0 0
 566 47978.000 76388.000 0 0 54.000 42.000 2268.000 47.623 0 1 17 210 0 0
 567 47928.000 76296.000 0 0 54.000 42.000 2268.000 47.623 0 1 17 210 0 0
 568 150133.000 72372.000 0 0 0.000 0.000 0.000 0.133 0 1 0 0 0 0
 569 155310.000 84723.000 0 0 56.000 36.000 2016.000 44.899 0 1 26 210 0 0
 570 92245.000 43187.000 0 0 0.000 0.000 0.000 0.138 0 1 0 0 0 0
 571 116875.000 45195.000 0 0 38.000 54.000 2052.000 45.299 0 1 8 210 0 0
 572 155365.000 84604.000 0 0 56.000 36.000 2016.000 44.899 0 1 26 210 0 0
 573 107445.000 157336.000 0 0 0.000 0.000 0.000 0.154 0 1 0 0 0 0
 574 47847.000 76031.000 0 0 56.000 42.000 2352.000 48.497 0 1 17 210 0 0
 575 47764.000 75828.000 0 0 56.000 42.000 2352.000 48.497 0 1 17 210 0 0
 576 155488.000 84403.000 0 0 56.000 36.000 2016.000 44.899 0 1 26 210 0 0
 577 47680.000 75599.000 0 0 56.000 42.000 2352.000 48.497 0 1 17 210 0 0
 578 55595.000 63166.000 0 0 0.000 0.000 0.000 0.132 0 1 0 0 0 0
 579 155603.000 84210.000 0 0 56.000 36.000 2016.000 44.899 0 1 26 210 0 0
 580 97693.000 158098.000 0 0 0.000 0.000 0.000 0.138 0 1 0 0 0 0
 581 42465.000 92666.000 0 0 0.000 0.000 0.000 0.140 0 1 0 0 0 0
 582 116896.000 44820.000 0 0 38.000 54.000 2052.000 45.299 0 1 8 210 0 0
 583 155735.000 84031.000 0 0 56.000 36.000 2016.000 44.899 0 1 26 210 0 0
 584 157208.000 110505.000 0 0 0.000 0.000 0.000 0.131 0 1 0 0 0 0
 585 47447.000 74938.000 0 0 56.000 42.000 2352.000 48.497 0 1 17 210 0 0
 586 50922.000 68809.000 0 0 0.000 0.000 0.000 0.134 0 1 0 0 0 0
 587 51297.000 68181.000 0 0 0.000 0.000 0.000 0.143 0 1 0 0 0 0
 588 116926.000 44524.000 0 0 38.000 54.000 2052.000 45.299 0 1 8 210 0 0
 589 155902.000 83805.000 0 0 56.000 36.000 2016.000 44.899 0 1 26 210 0 0
 590 65232.000 147548.000 0 0 0.000 0.000 0.000 0.137 0 1 0 0 0 0
 591 46974.000 75030.000 0 0 56.000 42.000 2352.000 48.497 0 1 17 210 0 0
 592 47291.000 74470.000 0 0 56.000 42.000 2352.000 48.497 0 1 17 210 0 0
 593 116952.000 44128.000 0 0 38.000 54.000 2052.000 45.299 0 1 8 210 0 0
 594 118581.000 44618.000 0 0 0.000 0.000 0.000 0.134 0 1 0 0 0 0
 595 156215.000 83258.000 0 0 54.000 38.000 2052.000 45.299 0 1 26 210 0 0
 596 156100.000 83465.000 0 0 54.000 38.000 2052.000 45.299 0 1 26 210 0 0
 597 156403.000 116729.000 0 0 0.000 0.000 0.000 0.134 0 1 0 0 0 0
 598 47193.000 74197.000 0 0 56.000 42.000 2352.000 48.497 0 1 17 210 0 0
 599 47118.000 74017.000 0 0 56.000 44.000 2464.000 49.638 0 1 17 210 0 0
 600 156406.000 82931.000 0 0 54.000 38.000 2052.000 45.299 0 1 26 210 0 0
 601 156374.000 83056.000 0 0 54.000 38.000 2052.000 45.299 0 1 26 210 0 0
 602 44808.000 121675.000 0 0 0.000 0.000 0.000 0.132 0 1 0 0 0 0
 603 47047.000 73817.000 0 0 56.000 44.000 2464.000 49.638 0 1 17 210 0 0
 604 116996.000 43668.000 0 0 38.000 54.000 2052.000 45.299 0 1 8 210 0 0
 605 114883.000 157739.000 0 0 0.000 0.000 0.000 0.134 0 1 0 0 0 0
 606 50141.000 132579.000 0 0 0.000 0.000 0.000 0.133 0 1 0 0 0 0
 607 40758.000 94449.000 0 0 0.000 0.000 0.000 0.152 0 1 0 0 0 0
 608 46952.000 73537.000 0 0 56.000 44.000 2464.000 49.638 0 1 17 210 0 0
 609 46892.000 73339.000 0 0 56.000 44.000 2464.000 49.638 0 1 17 210 0 0
 610 156700.000 82522.000 0 0 54.000 38.000 2052.000 45.299 0 1 26 210 0 0
 611 131560.000 150817.000 0 0 0.000 0.000 0.000 0.135 0 1 0 0 0 0
 612 46801.000 73132.000 0 0 56.000 44.000 2464.000 49.638 0 1 17 210 0 0
 613 155197.000 77386.000 0 0 0.000 0.000 0.000 0.149 0 1 0 0 0 0
 614 46723.000 72924.000 0 0 56.000 44.000 2464.000 49.638 0 1 17 210 0 0
 615 156748.000 80974.000 0 0 54.000 38.000 2052.000 45.299 0 1 24 200 0 0
 616 40055.000 98219.000 0 0 0.000 0.000 0.000 0.134 0 1 0 0 0 0
 617 46654.000 72673.000 0 0 56.000 44.000 2464.000 49.638 0 1 17 210 0 0
 618 142594.000 57639.000 0 0 0.000 0.000 0.000 0.136 0 1 0 0 0 0
 619 46569.000 72450.000 0 0 56.000 44.000 2464.000 49.638 0 1 17 210 0 0
 620 46484.000 72268.000 0 0 56.000 44.000 2464.000 49.638 0 1 17 210 0 0
 621 157294.000 81591.000 0 0 54.000 38.000 2052.000 45.299 0 1 24 200 0 0
 622 109861.000 159903.000 0 0 0.000 0.000 0.000 0.147 0 1 0 0 0 0
 623 46435.000 72112.000 0 0 56.000 44.000 2464.000 49.638 0 1 17 210 0 0
 624 47928.000 69202.000 0 0 0.000 0.000 0.000 0.137 0 1 0 0 0 0
 625 151800.000 68816.000 0 0 0.000 0.000 0.000 0.133 0 1 0 0 0 0
 626 157528.000 81213.000 0 0 54.000 38.000 2052.000 45.299 0 1 24 200 0 0
 627 41207.000 115441.000 0 0 0.000 0.000 0.000 0.146 0 1 0 0 0 0
 628 45438.000 73505.000 0 0 0.000 0.000 0.000 0.137 0 1 0 0 0 0
 629 46386.000 71985.000 0 0 56.000 44.000 2464.000 49.638 0 1 17 210 0 0
 630 46356.000 71860.000 0 0 56.000 44.000 2464.000 49.638 0 1 17 210 0 0
 631 55752.000 58646.000 0 0 0.000 0.000 0.000 0.135 0 1 0 0 0 0
 632 157639.000 81010.000 0 0 54.000 38.000 2052.000 45.299 0 1 24 200 0 0
 633 147327.000 138365.000 0 0 0.000 0.000 0.000 0.132 0 1 0 0 0 0
 634 124823.000 155704.000 0 0 0.000 0.000 0.000 0.139 0 1 0 0 0 0
 635 55451.000 141676.000 0 0 0.000 0.000 0.000 0.140 0 1 0 0 0 0
 636 46257.000 71623.000 0 0 56.000 44.000 2464.000 49.638 0 1 17 210 0 0
 637 151976.000 68449.000 0 0 0.000 0.000 0.000 0.133 0 1 0 0 0 0
 638 46173.000 71399.000 0 0 56.000 44.000 2464.000 49.638 0 1 17 210 0 0
 639 152058.000 68259.000 0 0 0.000 0.000 0.000 0.133 0 1 0 0 0 0
 640 157872.000 80636.000 0 0 54.000 38.000 2052.000 45.299 0 1 24 200 0 0
 641 160231.000 90562.000 0 0 0.000 0.000 0.000 0.133 0 1 0 0 0 0
 642 46089.000 71194.000 0 0 56.000 44.000 2464.000 49.638 0 1 17 210 0 0
 643 46015.000 70973.000 0 0 56.000 44.000 2464.000 49.638 0 1 17 210 0 0
 644 117178.000 41187.000 0 0 38.000 54.000 2052.000 45.299 0 1 8 210 0 0
 645 157997.000 80475.000 0 0 54.000 38.000 2052.000 45.299 0 1 24 200 0 0
 646 38569.000 96051.000 0 0 0.000 0.000 0.000 0.130 0 1 0 0 0 0
 647 158114.000 80293.000 0 0 54.000 40.000 2160.000 46.475 0 1 24 200 0 0
 648 38542.000 95940.000 0 0 0.000 0.000 0.000 0.130 0 1 0 0 0 0
 649 38428.000 95730.000 0 0 0.000 0.000 0.000 0.131 0 1 0 0 0 0
 650 45860.000 70536.000 0 0 54.000 44.000 2376.000 48.744 0 1 17 210 0 0
 651 45779.000 70325.000 0 0 54.000 46.000 2484.000 49.839 0 1 17 210 0 0
 652 38129.000 95112.000 0 0 0.000 0.000 0.000 0.131 0 1 0 0 0 0
 653 45699.000 70135.000 0 0 54.000 46.000 2484.000 49.839 0 1 17 210 0 0
 654 117215.000 40617.000 0 0 36.000 56.000 2016.000 44.899 0 1 8 210 0 0
 655 45669.000 69975.000 0 0 54.000 46.000 2484.000 49.839 0 1 17 210 0 0
 656 158683.000 79339.000 0 0 0.000 0.000 0.000 0.133 0 1 0 0 0 0
 657 37619.000 99515.000 0 0 0.000 0.000 0.000 0.130 0 1 0 0 0 0
 658 45571.000 69739.000 0 0 54.000 46.000 2484.000 49.839 0 1 17 210 0 0
 659 104052.000 37929.000 0 0 0.000 0.000 0.000 0.143 0 1 0 0 0 0
 660 152693.000 66840.000 0 0 0.000 0.000 0.000 0.138 0 1 0 0 0 0
 661 152672.000 66970.000 0 0 0.000 0.000 0.000 0.132 0 1 0 0 0 0
 662 37752.000 94161.000 0 0 52.000 28.000 1456.000 38.157 0 1 25 210 0 0
 663 56044.000 55666.000 0 0 0.000 0.000 0.000 0.136 0 1 0 0 0 0
 664 117253.000 40147.000 0 0 36.000 56.000 2016.000 44.899 0 1 8 210 0 0
 665 158808.000 79183.000 0 0 0.000 0.000 0.000 0.133 0 1 0 0 0 0
 666 150907.000 63520.000 0 0 0.000 0.000 0.000 0.130 0 1 0 0 0 0
 667 37558.000 93897.000 0 0 52.000 28.000 1456.000 38.157 0 1 25 210 0 0
 668 159138.000 78599.000 0 0 0.000 0.000 0.000 0.133 0 1 0 0 0 0
 669 162370.000 91506.000 0 0 52.000 30.000 1560.000 39.496 0 1 27 210 0 0
 670 52927.000 142318.000 0 0 0.000 0.000 0.000 0.135 0 1 0 0 0 0
 671 46695.000 133792.000 0 0 0.000 0.000 0.000 0.134 0 1 0 0 0 0
 672 37421.000 93574.000 0 0 52.000 28.000 1456.000 38.157 0 1 25 210 0 0
 673 45308.000 69097.000 0 0 54.000 46.000 2484.000 49.839 0 1 17 210 0 0
 674 45212.000 68854.000 0 0 54.000 46.000 2484.000 49.839 0 1 17 210 0 0
 675 117298.000 39511.000 0 0 36.000 56.000 2016.000 44.899 0 1 8 210 0 0
 676 162505.000 91334.000 0 0 52.000 30.000 1560.000 39.496 0 1 27 210 0 0
 677 37138.000 93038.000 0 0 52.000 28.000 1456.000 38.157 0 1 25 210 0 0
 678 45205.000 68734.000 0 0 54.000 46.000 2484.000 49.839 0 1 17 210 0 0
 679 80407.000 40093.000 0 0 0.000 0.000 0.000 200000.000 0 1 0 200 0 0
 680 162659.000 91156.000 0 0 52.000 30.000 1560.000 39.496 0 1 27 210 0 0
 681 38654.000 116023.000 0 0 0.000 0.000 0.000 0.136 0 1 0 0 0 0
 682 37000.000 92753.000 0 0 52.000 28.000 1456.000 38.157 0 1 25 210 0 0
 683 153238.000 65673.000 0 0 0.000 0.000 0.000 0.134 0 1 0 0 0 0
 684 162782.000 90988.000 0 0 52.000 30.000 1560.000 39.496 0 1 27 210 0 0
 685 136730.000 152159.000 0 0 0.000 0.000 0.000 0.136 0 1 0 0 0 0
 686 69830.000 156194.000 0 0 0.000 0.000 0.000 0.137 0 1 0 0 0 0
 687 40864.000 123474.000 0 0 0.000 0.000 0.000 0.136 0 1 0 0 0 0
 688 37005.000 92708.000 0 0 52.000 28.000 1456.000 38.157 0 1 25 210 0 0
 689 36864.000 92482.000 0 0 52.000 28.000 1456.000 38.157 0 1 25 210 0 0
 690 39445.000 80745.000 0 0 0.000 0.000 0.000 0.138 0 1 0 0 0 0
 691 45037.000 68428.000 0 0 54.000 46.000 2484.000 49.839 0 1 17 210 0 0
 692 45037.000 68301.000 0 0 54.000 46.000 2484.000 49.839 0 1 17 210 0 0
 693 64773.000 47342.000 0 0 0.000 0.000 0.000 0.136 0 1 0 0 0 0
 694 143691.000 54080.000 0 0 0.000 0.000 0.000 0.145 0 1 0 0 0 0
 695 162937.000 90811.000 0 0 52.000 30.000 1560.000 39.496 0 1 27 210 0 0
 696 36731.000 92164.000 0 0 52.000 30.000 1560.000 39.496 0 1 25 210 0 0
 697 44928.000 68061.000 0 0 56.000 46.000 2576.000 50.754 0 1 17 210 0 0
 698 153405.000 65305.000 0 0 0.000 0.000 0.000 0.132 0 1 0 0 0 0
 699 163045.000 90646.000 0 0 52.000 30.000 1560.000 39.496 0 1 27 210 0 0
 700 36594.000 91889.000 0 0 52.000 30.000 1560.000 39.496 0 1 25 210 0 0
 701 163244.000 90439.000 0 0 52.000 30.000 1560.000 39.496 0 1 27 210 0 0
 702 68543.000 156124.000 0 0 0.000 0.000 0.000 0.141 0 1 0 0 0 0
 703 36556.000 91804.000 0 0 52.000 30.000 1560.000 39.496 0 1 25 210 0 0
 704 36459.000 91617.000 0 0 52.000 30.000 1560.000 39.496 0 1 25 210 0 0
 705 44824.000 67833.000 0 0 56.000 46.000 2576.000 50.754 0 1 17 210 0 0
 706 44811.000 67704.000 0 0 56.000 46.000 2576.000 50.754 0 1 17 210 0 0
 707 63095.000 47789.000 0 0 0.000 0.000 0.000 0.158 0 1 0 0 0 0
 708 163357.000 90275.000 0 0 52.000 30.000 1560.000 39.496 0 1 27 210 0 0
 709 94635.000 164187.000 0 0 0.000 0.000 0.000 0.142 0 1 0 0 0 0
 710 36325.000 91344.000 0 0 52.000 30.000 1560.000 39.496 0 1 25 210 0 0
 711 163516.000 90088.000 0 0 52.000 30.000 1560.000 39.496 0 1 27 210 0 0
 712 36191.000 91104.000 0 0 52.000 30.000 1560.000 39.496 0 1 25 210 0 0
 713 44649.000 67412.000 0 0 56.000 46.000 2576.000 50.754 0 1 17 210 0 0
 714 44653.000 67288.000 0 0 56.000 46.000 2576.000 50.754 0 1 17 210 0 0
 715 97017.000 35890.000 0 0 0.000 0.000 0.000 0.132 0 1 0 0 0 0
 716 163639.000 89915.000 0 0 52.000 30.000 1560.000 39.496 0 1 27 210 0 0
 717 86900.000 163460.000 0 0 0.000 0.000 0.000 0.138 0 1 0 0 0 0
 718 36184.000 91037.000 0 0 52.000 30.000 1560.000 39.496 0 1 25 210 0 0
 719 117300.000 38932.000 0 0 36.000 56.000 2016.000 44.899 0 1 8 210 0 0
 720 144016.000 52991.000 0 0 52.000 54.000 2808.000 52.990 0 1 12 200 0 0
 721 157157.000 70178.000 0 0 0.000 0.000 0.000 0.139 0 1 0 0 0 0
 722 163843.000 89693.000 0 0 52.000 30.000 1560.000 39.496 0 1 27 210 0 0
 723 163812.000 89736.000 0 0 52.000 30.000 1560.000 39.496 0 1 27 210 0 0
 724 36058.000 90812.000 0 0 52.000 30.000 1560.000 39.496 0 1 25 210 0 0
 725 35893.000 90521.000 0 0 52.000 30.000 1560.000 39.496 0 1 25 210 0 0
 726 55336.000 53392.000 0 0 0.000 0.000 0.000 0.146 0 1 0 0 0 0
 727 117413.000 37711.000 0 0 36.000 56.000 2016.000 44.899 0 1 8 210 0 0
 728 160376.000 76591.000 0 0 0.000 0.000 0.000 0.134 0 1 0 0 0 0
 729 163924.000 89563.000 0 0 52.000 32.000 1664.000 40.792 0 1 27 210 0 0
 730 76342.000 160642.000 0 0 0.000 0.000 0.000 0.141 0 1 0 0 0 0
 731 35894.000 90490.000 0 0 52.000 30.000 1560.000 39.496 0 1 25 210 0 0
 732 35867.000 90429.000 0 0 52.000 30.000 1560.000 39.496 0 1 25 210 0 0
 733 35831.000 90323.000 0 0 52.000 30.000 1560.000 39.496 0 1 25 210 0 0
 734 35716.000 90132.000 0 0 52.000 30.000 1560.000 39.496 0 1 25 210 0 0
 735 35662.000 90032.000 0 0 52.000 30.000 1560.000 39.496 0 1 25 210 0 0
 736 160597.000 76222.000 0 0 0.000 0.000 0.000 0.134 0 1 0 0 0 0
 737 164203.000 89206.000 0 0 52.000 32.000 1664.000 40.792 0 1 27 210 0 0
 738 164103.000 89374.000 0 0 52.000 32.000 1664.000 40.792 0 1 27 210 0 0
 739 35582.000 89809.000 0 0 52.000 30.000 1560.000 39.496 0 1 25 210 0 0
 740 55170.000 52851.000 0 0 0.000 0.000 0.000 0.146 0 1 0 0 0 0
 741 154139.000 63646.000 0 0 0.000 0.000 0.000 0.133 0 1 0 0 0 0
 742 161016.000 123518.000 0 0 0.000 0.000 0.000 0.165 0 1 0 0 0 0
 743 59175.000 151321.000 0 0 0.000 0.000 0.000 0.141 0 1 0 0 0 0
 744 35406.000 89482.000 0 0 52.000 32.000 1664.000 40.792 0 1 25 210 0 0
 745 35855.000 87389.000 0 0 0.000 0.000 0.000 0.146 0 1 0 0 0 0
 746 117448.000 37282.000 0 0 36.000 56.000 2016.000 44.899 0 1 8 210 0 0
 747 160815.000 75852.000 0 0 0.000 0.000 0.000 0.133 0 1 0 0 0 0
 748 164566.000 88812.000 0 0 54.000 32.000 1728.000 41.569 0 1 27 210 0 0
 749 68379.000 157593.000 0 0 0.000 0.000 0.000 0.130 0 1 0 0 0 0
 750 35275.000 89241.000 0 0 52.000 32.000 1664.000 40.792 0 1 25 210 0 0
 751 164603.000 88680.000 0 0 54.000 32.000 1728.000 41.569 0 1 27 210 0 0
 752 165679.000 101141.000 0 0 51.000 24.000 1224.000 34.985 0 1 28 210 0 0
 753 165526.000 101276.000 0 0 50.000 24.000 1200.000 34.641 0 1 28 210 0 0
 754 92577.000 165560.000 0 0 0.000 0.000 0.000 0.132 0 1 0 0 0 0
 755 43233.000 133319.000 0 0 0.000 0.000 0.000 0.131 0 1 0 0 0 0
 756 35141.000 89003.000 0 0 54.000 32.000 1728.000 41.569 0 1 25 210 0 0
 757 35015.000 88741.000 0 0 54.000 32.000 1728.000 41.569 0 1 25 210 0 0
 758 154462.000 62912.000 0 0 0.000 0.000 0.000 0.133 0 1 0 0 0 0
 759 163802.000 83465.000 0 0 0.000 0.000 0.000 0.130 0 1 0 0 0 0
 760 165001.000 88271.000 0 0 54.000 32.000 1728.000 41.569 0 1 27 210 0 0
 761 35023.000 88698.000 0 0 54.000 32.000 1728.000 41.569 0 1 25 210 0 0
 762 34887.000 88493.000 0 0 54.000 32.000 1728.000 41.569 0 1 25 210 0 0
 763 117487.000 36499.000 0 0 36.000 56.000 2016.000 44.899 0 1 8 210 0 0
 764 144492.000 51355.000 0 0 0.000 0.000 0.000 0.146 0 1 0 0 0 0
 765 163712.000 82739.000 0 0 0.000 0.000 0.000 0.131 0 1 0 0 0 0
 766 165046.000 88144.000 0 0 54.000 32.000 1728.000 41.569 0 1 27 210 0 0
 767 166155.000 100677.000 0 0 51.000 24.000 1224.000 34.985 0 1 28 210 0 0
 768 34763.000 88224.000 0 0 54.000 32.000 1728.000 41.569 0 1 25 210 0 0
 769 165228.000 87938.000 0 0 54.000 32.000 1728.000 41.569 0 1 27 210 0 0
 770 101670.000 33999.000 0 0 24.000 50.000 1200.000 34.641 0 1 2 210 0 0
 771 117515.000 36131.000 0 0 36.000 56.000 2016.000 44.899 0 1 8 210 0 0
 772 165369.000 87771.000 0 0 54.000 32.000 1728.000 41.569 0 1 27 210 0 0
 773 166384.000 100450.000 0 0 50.000 24.000 1200.000 34.641 0 1 28 210 0 0
 774 34639.000 87965.000 0 0 54.000 32.000 1728.000 41.569 0 1 25 210 0 0
 775 34537.000 87777.000 0 0 54.000 32.000 1728.000 41.569 0 1 25 210 0 0
 776 34472.000 87674.000 0 0 54.000 32.000 1728.000 41.569 0 1 25 210 0 0
 777 166707.000 100131.000 0 0 51.000 24.000 1224.000 34.985 0 1 28 210 0 0
 778 166901.000 99943.000 0 0 51.000 24.000 1224.000 34.985 0 1 28 210 0 0
 779 165837.000 87224.000 0 0 54.000 32.000 1728.000 41.569 0 1 27 210 0 0
 780 165649.000 87427.000 0 0 54.000 32.000 1728.000 41.569 0 1 27 210 0 0
 781 167009.000 99727.000 0 0 51.000 24.000 1224.000 34.985 0 1 28 210 0 0
 782 34261.000 87231.000 0 0 54.000 32.000 1728.000 41.569 0 1 25 210 0 0
 783 34116.000 86972.000 0 0 54.000 32.000 1728.000 41.569 0 1 25 210 0 0
 784 161816.000 74265.000 0 0 0.000 0.000 0.000 0.134 0 1 0 0 0 0
 785 165878.000 87094.000 0 0 54.000 32.000 1728.000 41.569 0 1 27 210 0 0
 786 108410.000 167013.000 0 0 0.000 0.000 0.000 0.140 0 1 0 0 0 0
 787 34016.000 86751.000 0 0 54.000 32.000 1728.000 41.569 0 1 25 210 0 0
 788 167400.000 99456.000 0 0 51.000 24.000 1224.000 34.985 0 1 28 210 0 0
 789 167535.000 99302.000 0 0 51.000 24.000 1224.000 34.985 0 1 28 210 0 0
 790 167482.000 99377.000 0 0 51.000 24.000 1224.000 34.985 0 1 28 210 0 0
 791 33887.000 86508.000 0 0 54.000 33.000 1782.000 42.213 0 1 25 210 0 0
 792 33796.000 86292.000 0 0 54.000 34.000 1836.000 42.848 0 1 25 210 0 0
 793 166201.000 86726.000 0 0 54.000 32.000 1728.000 41.569 0 1 27 210 0 0
 794 33636.000 86006.000 0 0 54.000 34.000 1836.000 42.848 0 1 25 210 0 0
 795 43080.000 63274.000 0 0 0.000 0.000 0.000 0.133 0 1 0 0 0 0
 796 167749.000 99117.000 0 0 50.000 24.000 1200.000 34.641 0 1 28 210 0 0
 797 162446.000 73148.000 0 0 54.000 42.000 2268.000 47.623 0 1 18 210 0 0
 798 166608.000 86179.000 0 0 54.000 34.000 1836.000 42.848 0 1 27 210 0 0
 799 168074.000 98791.000 0 0 51.000 24.000 1224.000 34.985 0 1 28 210 0 0
 800 167973.000 98889.000 0 0 50.000 24.000 1200.000 34.641 0 1 28 210 0 0
 801 167950.000 98947.000 0 0 50.000 24.000 1200.000 34.641 0 1 28 210 0 0
 802 33507.000 85835.000 0 0 54.000 34.000 1836.000 42.848 0 1 25 210 0 0
 803 168191.000 98648.000 0 0 50.000 24.000 1200.000 34.641 0 1 28 210 0 0
 804 33400.000 85531.000 0 0 54.000 34.000 1836.000 42.848 0 1 25 210 0 0
 805 33276.000 85309.000 0 0 54.000 34.000 1836.000 42.848 0 1 25 210 0 0
 806 132562.000 40147.000 0 0 44.000 54.000 2376.000 48.744 0 1 4 210 0 0
 807 145168.000 48990.000 0 0 50.000 52.000 2600.000 50.990 0 1 6 210 0 0
 808 164488.000 123208.000 0 0 0.000 0.000 0.000 0.149 0 1 0 0 0 0
 809 33159.000 85053.000 0 0 54.000 34.000 1836.000 42.848 0 1 25 210 0 0
 810 162875.000 72434.000 0 0 54.000 42.000 2268.000 47.623 0 1 18 210 0 0
 811 162780.000 72637.000 0 0 54.000 42.000 2268.000 47.623 0 1 18 210 0 0
 812 167154.000 85491.000 0 0 54.000 34.000 1836.000 42.848 0 1 27 210 0 0
 813 99466.000 169109.000 0 0 0.000 0.000 0.000 0.135 0 1 0 0 0 0
 814 168965.000 97948.000 0 0 50.000 24.000 1200.000 34.641 0 1 28 210 0 0
 815 165278.000 122123.000 0 0 0.000 0.000 0.000 0.143 0 1 0 0 0 0
 816 167295.000 85332.000 0 0 54.000 34.000 1836.000 42.848 0 1 27 210 0 0
 817 169059.000 97810.000 0 0 50.000 24.000 1200.000 34.641 0 1 28 210 0 0
 818 31365.000 91784.000 0 0 0.000 0.000 0.000 0.141 0 1 0 0 0 0
 819 117664.000 33377.000 0 0 36.000 56.000 2016.000 44.899 0 1 8 210 0 0
 820 145425.000 48083.000 0 0 52.000 52.000 2704.000 52.000 0 1 6 210 0 0
 821 163101.000 72102.000 0 0 54.000 42.000 2268.000 47.623 0 1 18 210 0 0
 822 139694.000 156991.000 0 0 0.000 0.000 0.000 0.144 0 1 0 0 0 0
 823 163296.000 71708.000 0 0 54.000 42.000 2268.000 47.623 0 1 18 210 0 0
 824 167567.000 84993.000 0 0 54.000 34.000 1836.000 42.848 0 1 27 210 0 0
 825 53752.000 48380.000 0 0 50.000 54.000 2700.000 51.961 0 1 7 210 0 0
 826 167701.000 84816.000 0 0 54.000 34.000 1836.000 42.848 0 1 27 210 0 0
 827 169503.000 97333.000 0 0 50.000 24.000 1200.000 34.641 0 1 28 210 0 0
 828 169389.000 97508.000 0 0 50.000 24.000 1200.000 34.641 0 1 28 210 0 0
 829 32411.000 83686.000 0 0 54.000 34.000 1836.000 42.848 0 1 25 210 0 0
 830 32326.000 83483.000 0 0 54.000 34.000 1836.000 42.848 0 1 25 210 0 0
 831 167835.000 84637.000 0 0 54.000 34.000 1836.000 42.848 0 1 27 210 0 0
 832 169770.000 97145.000 0 0 50.000 26.000 1300.000 36.055 0 1 28 210 0 0
 833 32194.000 83240.000 0 0 54.000 34.000 1836.000 42.848 0 1 25 210 0 0
 834 42163.000 60968.000 0 0 0.000 0.000 0.000 0.134 0 1 0 0 0 0
 835 169827.000 97007.000 0 0 50.000 26.000 1300.000 36.055 0 1 28 210 0 0
 836 170090.000 96820.000 0 0 50.000 26.000 1300.000 36.055 0 1 28 210 0 0
 837 170147.000 96693.000 0 0 50.000 26.000 1300.000 36.055 0 1 28 210 0 0
 838 101510.000 30083.000 0 0 24.000 50.000 1200.000 34.641 0 1 2 210 0 0
 839 31841.000 82556.000 0 0 54.000 36.000 1944.000 44.090 0 1 25 210 0 0
 840 168499.000 83750.000 0 0 54.000 34.000 1836.000 42.848 0 1 27 210 0 0
 841 170370.000 96505.000 0 0 50.000 26.000 1300.000 36.055 0 1 28 210 0 0
 842 31722.000 82343.000 0 0 56.000 36.000 2016.000 44.899 0 1 25 210 0 0
 843 54911.000 45917.000 0 0 0.000 0.000 0.000 0.137 0 1 0 0 0 0
 844 84813.000 31380.000 0 0 34.000 54.000 1836.000 42.848 0 1 1 210 0 0
 845 170452.000 96379.000 0 0 50.000 26.000 1300.000 36.055 0 1 28 210 0 0
 846 101493.000 29741.000 0 0 24.000 50.000 1200.000 34.641 0 1 2 210 0 0
 847 117750.000 31654.000 0 0 36.000 56.000 2016.000 44.899 0 1 8 210 0 0
 848 156583.000 57994.000 0 0 0.000 0.000 0.000 0.133 0 1 0 0 0 0
 849 168714.000 83914.000 0 0 0.000 0.000 0.000 0.139 0 1 0 0 0 0
 850 156715.000 57603.000 0 0 0.000 0.000 0.000 0.133 0 1 0 0 0 0
 851 156661.000 57812.000 0 0 0.000 0.000 0.000 0.132 0 1 0 0 0 0
 852 102419.000 171239.000 0 0 0.000 0.000 0.000 0.137 0 1 0 0 0 0
 853 31477.000 81906.000 0 0 56.000 36.000 2016.000 44.899 0 1 25 210 0 0
 854 31372.000 81674.000 0 0 56.000 36.000 2016.000 44.899 0 1 25 210 0 0
 855 120887.000 32248.000 0 0 0.000 0.000 0.000 0.143 0 1 0 0 0 0
 856 171006.000 95850.000 0 0 50.000 26.000 1300.000 36.055 0 1 28 210 0 0
 857 31254.000 81458.000 0 0 56.000 36.000 2016.000 44.899 0 1 25 210 0 0
 858 164451.000 69747.000 0 0 0.000 0.000 0.000 0.135 0 1 0 0 0 0
 859 164366.000 69965.000 0 0 0.000 0.000 0.000 0.133 0 1 0 0 0 0
 860 169037.000 83086.000 0 0 0.000 0.000 0.000 0.132 0 1 0 0 0 0
 861 169167.000 82906.000 0 0 0.000 0.000 0.000 0.132 0 1 0 0 0 0
 862 101454.000 28891.000 0 0 24.000 50.000 1200.000 34.641 0 1 2 210 0 0
 863 103845.000 171725.000 0 0 0.000 0.000 0.000 0.139 0 1 0 0 0 0
 864 117784.000 30946.000 0 0 36.000 54.000 1944.000 44.090 0 1 8 210 0 0
 865 84666.000 30375.000 0 0 34.000 54.000 1836.000 42.848 0 1 1 210 0 0
 866 164569.000 69600.000 0 0 0.000 0.000 0.000 0.134 0 1 0 0 0 0
 867 169300.000 82739.000 0 0 0.000 0.000 0.000 0.132 0 1 0 0 0 0
 868 30789.000 80598.000 0 0 56.000 36.000 2016.000 44.899 0 1 25 210 0 0
 869 117816.000 30253.000 0 0 36.000 54.000 1944.000 44.090 0 1 8 210 0 0
 870 171761.000 106039.000 0 0 52.000 28.000 1456.000 38.157 0 1 30 210 0 0
 871 171805.000 95060.000 0 0 50.000 26.000 1300.000 36.055 0 1 28 210 0 0
 872 171901.000 105890.000 0 0 50.000 28.000 1400.000 37.416 0 1 30 210 0 0
 873 172203.000 105698.000 0 0 50.000 26.000 1300.000 36.055 0 1 30 210 0 0
 874 45467.000 52883.000 0 0 0.000 0.000 0.000 0.200 0 1 0 0 0 0
 875 101409.000 28043.000 0 0 24.000 50.000 1200.000 34.641 0 1 2 210 0 0
 876 83981.000 29586.000 0 0 34.000 54.000 1836.000 42.848 0 1 1 210 0 0
 877 101402.000 27871.000 0 0 24.000 50.000 1200.000 34.641 0 1 2 210 0 0
 878 172279.000 94555.000 0 0 0.000 0.000 0.000 0.132 0 1 0 0 0 0
 879 172302.000 105601.000 0 0 50.000 26.000 1300.000 36.055 0 1 30 210 0 0
 880 30323.000 79749.000 0 0 0.000 0.000 0.000 0.133 0 1 0 0 0 0
 881 172458.000 105452.000 0 0 50.000 26.000 1300.000 36.055 0 1 30 210 0 0
 882 172383.000 105558.000 0 0 50.000 26.000 1300.000 36.055 0 1 30 210 0 0
 883 30097.000 79318.000 0 0 0.000 0.000 0.000 0.133 0 1 0 0 0 0
 884 101384.000 27534.000 0 0 24.000 50.000 1200.000 34.641 0 1 2 210 0 0
 885 117851.000 29394.000 0 0 36.000 54.000 1944.000 44.090 0 1 8 210 0 0
 886 172595.000 94253.000 0 0 0.000 0.000 0.000 0.132 0 1 0 0 0 0
 887 172811.000 105172.000 0 0 50.000 26.000 1300.000 36.055 0 1 30 210 0 0
 888 172670.000 105313.000 0 0 50.000 26.000 1300.000 36.055 0 1 30 210 0 0
 889 172754.000 94099.000 0 0 0.000 0.000 0.000 0.133 0 1 0 0 0 0
 890 101366.000 27189.000 0 0 24.000 50.000 1200.000 34.641 0 1 2 210 0 0
 891 173005.000 105027.000 0 0 50.000 26.000 1300.000 36.055 0 1 30 210 0 0
 892 40636.000 57225.000 0 0 0.000 0.000 0.000 0.135 0 1 0 0 0 0
 893 173193.000 104877.000 0 0 50.000 26.000 1300.000 36.055 0 1 30 210 0 0
 894 170861.000 80661.000 0 0 0.000 0.000 0.000 0.132 0 1 0 0 0 0
 895 173390.000 104717.000 0 0 50.000 26.000 1300.000 36.055 0 1 30 210 0 0
 896 170991.000 80493.000 0 0 0.000 0.000 0.000 0.133 0 1 0 0 0 0
 897 173636.000 104558.000 0 0 50.000 26.000 1300.000 36.055 0 1 30 210 0 0
 898 117886.000 28534.000 0 0 0.000 0.000 0.000 0.150 0 1 0 0 0 0
 899 173378.000 93455.000 0 0 0.000 0.000 0.000 0.131 0 1 0 0 0 0
 900 173747.000 104422.000 0 0 50.000 26.000 1300.000 36.055 0 1 30 210 0 0
 901 173182.000 110263.000 0 0 0.000 0.000 0.000 0.133 0 1 0 0 0 0
 902 53510.000 42510.000 0 0 0.000 0.000 0.000 0.130 0 1 0 0 0 0
 903 174221.000 104014.000 0 0 50.000 26.000 1300.000 36.055 0 1 30 210 0 0
 904 174103.000 104147.000 0 0 50.000 26.000 1300.000 36.055 0 1 30 210 0 0
 905 171670.000 79625.000 0 0 0.000 0.000 0.000 0.133 0 1 0 0 0 0
 906 174459.000 103836.000 0 0 50.000 26.000 1300.000 36.055 0 1 30 210 0 0
 907 171708.000 79498.000 0 0 0.000 0.000 0.000 0.135 0 1 0 0 0 0
 908 174155.000 92668.000 0 0 0.000 0.000 0.000 0.133 0 1 0 0 0 0
 909 94284.000 174700.000 0 0 0.000 0.000 0.000 0.147 0 1 0 0 0 0
 910 174461.000 92319.000 0 0 0.000 0.000 0.000 0.131 0 1 0 0 0 0
 911 101269.000 25490.000 0 0 24.000 50.000 1200.000 34.641 0 1 2 210 0 0
 912 174635.000 103716.000 0 0 50.000 26.000 1300.000 36.055 0 1 30 210 0 0
 913 117933.000 27301.000 0 0 0.000 0.000 0.000 0.148 0 1 0 0 0 0
 914 174987.000 103444.000 0 0 50.000 26.000 1300.000 36.055 0 1 30 210 0 0
 915 174772.000 92028.000 0 0 0.000 0.000 0.000 0.132 0 1 0 0 0 0
 916 101238.000 24981.000 0 0 24.000 50.000 1200.000 34.641 0 1 2 210 0 0
 917 25454.000 112566.000 0 0 0.000 0.000 0.000 0.137 0 1 0 0 0 0
 918 175595.000 102958.000 0 0 50.000 24.000 1200.000 34.641 0 1 30 210 0 0
 919 175684.000 102852.000 0 0 50.000 24.000 1200.000 34.641 0 1 30 210 0 0
 920 117966.000 26450.000 0 0 34.000 54.000 1836.000 42.848 0 1 3 210 0 0
 921 101207.000 24468.000 0 0 24.000 50.000 1200.000 34.641 0 1 2 210 0 0
 922 175380.000 91361.000 0 0 0.000 0.000 0.000 0.132 0 1 0 0 0 0
 923 170710.000 128079.000 0 0 0.000 0.000 0.000 0.138 0 1 0 0 0 0
 924 176173.000 99961.000 0 0 0.000 0.000 0.000 0.137 0 1 0 0 0 0
 925 117980.000 26101.000 0 0 34.000 54.000 1836.000 42.848 0 1 3 210 0 0
 926 173024.000 77764.000 0 0 0.000 0.000 0.000 0.132 0 1 0 0 0 0
 927 172902.000 77947.000 0 0 0.000 0.000 0.000 0.132 0 1 0 0 0 0
 928 176389.000 102264.000 0 0 50.000 24.000 1200.000 34.641 0 1 30 210 0 0
 929 176214.000 102431.000 0 0 50.000 24.000 1200.000 34.641 0 1 30 210 0 0
 930 175945.000 90752.000 0 0 0.000 0.000 0.000 0.135 0 1 0 0 0 0
 931 175891.000 90877.000 0 0 0.000 0.000 0.000 0.135 0 1 0 0 0 0
 932 117979.000 25714.000 0 0 34.000 54.000 1836.000 42.848 0 1 3 210 0 0
 933 176795.000 101973.000 0 0 50.000 24.000 1200.000 34.641 0 1 30 210 0 0
 934 176107.000 89085.000 0 0 0.000 0.000 0.000 0.140 0 1 0 0 0 0
 935 176861.000 101849.000 0 0 50.000 24.000 1200.000 34.641 0 1 30 210 0 0
 936 118000.000 25407.000 0 0 34.000 54.000 1836.000 42.848 0 1 3 210 0 0
 937 177253.000 101556.000 0 0 50.000 24.000 1200.000 34.641 0 1 30 210 0 0
 938 118014.000 25109.000 0 0 34.000 54.000 1836.000 42.848 0 1 3 210 0 0
 939 159499.000 50715.000 0 0 0.000 0.000 0.000 0.135 0 1 0 0 0 0
 940 162803.000 54728.000 0 0 0.000 0.000 0.000 0.131 0 1 0 0 0 0
 941 173897.000 76572.000 0 0 0.000 0.000 0.000 0.133 0 1 0 0 0 0
 942 177769.000 101114.000 0 0 50.000 24.000 1200.000 34.641 0 1 30 210 0 0
 943 177189.000 89451.000 0 0 0.000 0.000 0.000 0.133 0 1 0 0 0 0
 944 177208.000 110531.000 0 0 0.000 0.000 0.000 0.130 0 1 0 0 0 0
 945 177415.000 110389.000 0 0 0.000 0.000 0.000 0.131 0 1 0 0 0 0
 946 118026.000 24144.000 0 0 34.000 54.000 1836.000 42.848 0 1 3 210 0 0
 947 178282.000 100714.000 0 0 50.000 24.000 1200.000 34.641 0 1 30 210 0 0
 948 118051.000 23694.000 0 0 34.000 54.000 1836.000 42.848 0 1 3 210 0 0
 949 43117.000 45943.000 0 0 0.000 0.000 0.000 0.131 0 1 0 0 0 0
 950 178794.000 100283.000 0 0 51.000 24.000 1224.000 34.985 0 1 30 210 0 0
 951 178321.000 109786.000 0 0 0.000 0.000 0.000 0.132 0 1 0 0 0 0
 952 118061.000 22941.000 0 0 34.000 54.000 1836.000 42.848 0 1 3 210 0 0
 953 178526.000 88029.000 0 0 0.000 0.000 0.000 0.133 0 1 0 0 0 0
 954 178675.000 87883.000 0 0 0.000 0.000 0.000 0.132 0 1 0 0 0 0
 955 118073.000 22384.000 0 0 34.000 54.000 1836.000 42.848 0 1 3 210 0 0
 956 179117.000 87412.000 0 0 0.000 0.000 0.000 0.132 0 1 0 0 0 0
 957 37320.000 150949.000 0 0 0.000 0.000 0.000 0.140 0 1 0 0 0 0
 958 179411.000 87114.000 0 0 0.000 0.000 0.000 0.133 0 1 0 0 0 0
 959 180983.000 98413.000 0 0 0.000 0.000 0.000 0.133 0 1 0 0 0 0
 960 180432.000 108348.000 0 0 0.000 0.000 0.000 0.130 0 1 0 0 0 0
 961 93123.000 181013.000 0 0 0.000 0.000 0.000 0.132 0 1 0 0 0 0
 962 18746.000 100314.000 0 0 0.000 0.000 0.000 0.137 0 1 0 0 0 0
 963 177500.000 75270.000 0 0 0.000 0.000 0.000 0.132 0 1 0 0 0 0
 964 181649.000 97861.000 0 0 0.000 0.000 0.000 0.132 0 1 0 0 0 0
 965 25647.000 135563.000 0 0 0.000 0.000 0.000 0.136 0 1 0 0 0 0
 966 181010.000 85397.000 0 0 0.000 0.000 0.000 0.133 0 1 0 0 0 0
 967 182251.000 107103.000 0 0 52.000 28.000 1456.000 38.157 0 1 31 210 0 0
 968 177668.000 71361.000 0 0 0.000 0.000 0.000 0.133 0 1 0 0 0 0
 969 181578.000 84734.000 0 0 0.000 0.000 0.000 0.133 0 1 0 0 0 0
 970 183134.000 96601.000 0 0 0.000 0.000 0.000 0.132 0 1 0 0 0 0
 971 183088.000 106528.000 0 0 50.000 26.000 1300.000 36.055 0 1 31 210 0 0
 972 183272.000 106393.000 0 0 50.000 26.000 1300.000 36.055 0 1 31 210 0 0
 973 183459.000 106270.000 0 0 50.000 26.000 1300.000 36.055 0 1 31 210 0 0
 974 182290.000 83944.000 0 0 0.000 0.000 0.000 0.133 0 1 0 0 0 0
 975 183732.000 106079.000 0 0 50.000 26.000 1300.000 36.055 0 1 31 210 0 0
 976 138736.000 25349.000 0 0 0.000 0.000 0.000 0.133 0 1 0 0 0 0
 977 184141.000 105792.000 0 0 50.000 26.000 1300.000 36.055 0 1 31 210 0 0
 978 162258.000 43156.000 0 0 0.000 0.000 0.000 0.145 0 1 0 0 0 0
 979 184401.000 105606.000 0 0 50.000 26.000 1300.000 36.055 0 1 31 210 0 0
 980 184615.000 105461.000 0 0 50.000 26.000 1300.000 36.055 0 1 31 210 0 0
 981 183147.000 83039.000 0 0 0.000 0.000 0.000 0.133 0 1 0 0 0 0
 982 185084.000 94879.000 0 0 0.000 0.000 0.000 0.132 0 1 0 0 0 0
 983 179439.000 68858.000 0 0 0.000 0.000 0.000 0.133 0 1 0 0 0 0
 984 185247.000 94761.000 0 0 0.000 0.000 0.000 0.132 0 1 0 0 0 0
 985 183846.000 82236.000 0 0 0.000 0.000 0.000 0.134 0 1 0 0 0 0
 986 185630.000 104736.000 0 0 50.000 26.000 1300.000 36.055 0 1 31 210 0 0
 987 185504.000 104832.000 0 0 50.000 26.000 1300.000 36.055 0 1 31 210 0 0
 988 185824.000 104614.000 0 0 50.000 26.000 1300.000 36.055 0 1 31 210 0 0
 989 82262.000 15939.000 0 0 34.000 54.000 1836.000 42.848 0 1 1 210 0 0
 990 186287.000 104281.000 0 0 50.000 26.000 1300.000 36.055 0 1 31 210 0 0
 991 184411.000 81634.000 0 0 0.000 0.000 0.000 0.133 0 1 0 0 0 0
 992 186900.000 103847.000 0 0 50.000 26.000 1300.000 36.055 0 1 31 210 0 0
 993 187076.000 103720.000 0 0 50.000 26.000 1300.000 36.055 0 1 31 210 0 0
 994 187168.000 93062.000 0 0 0.000 0.000 0.000 0.131 0 1 0 0 0 0
 995 187764.000 103229.000 0 0 50.000 24.000 1200.000 34.641 0 1 31 210 0 0
 996 187679.000 103289.000 0 0 50.000 24.000 1200.000 34.641 0 1 31 210 0 0
 997 187581.000 103345.000 0 0 50.000 24.000 1200.000 34.641 0 1 31 210 0 0
 998 163203.000 40186.000 0 0 0.000 0.000 0.000 0.137 0 1 0 0 0 0
 999 187848.000 103165.000 0 0 50.000 24.000 1200.000 34.641 0 1 31 210 0 0
 1000 188044.000 103028.000 0 0 50.000 24.000 1200.000 34.641 0 1 31 210 0 0
 1001 163631.000 39160.000 0 0 0.000 0.000 0.000 0.145 0 1 0 0 0 0
 1002 185931.000 79891.000 0 0 0.000 0.000 0.000 0.133 0 1 0 0 0 0
 1003 188162.000 102942.000 0 0 50.000 24.000 1200.000 34.641 0 1 31 210 0 0
 1004 174437.000 147571.000 0 0 0.000 0.000 0.000 0.132 0 1 0 0 0 0
 1005 188523.000 102689.000 0 0 50.000 24.000 1200.000 34.641 0 1 31 210 0 0
 1006 188769.000 102500.000 0 0 50.000 24.000 1200.000 34.641 0 1 31 210 0 0
 1007 186479.000 79266.000 0 0 0.000 0.000 0.000 0.132 0 1 0 0 0 0
 1008 164001.000 38065.000 0 0 0.000 0.000 0.000 0.145 0 1 0 0 0 0
 1009 189245.000 102158.000 0 0 50.000 24.000 1200.000 34.641 0 1 31 210 0 0
 1010 182103.000 65062.000 0 0 0.000 0.000 0.000 0.134 0 1 0 0 0 0
 1011 189478.000 101995.000 0 0 50.000 24.000 1200.000 34.641 0 1 31 210 0 0
 1012 189782.000 101773.000 0 0 50.000 24.000 1200.000 34.641 0 1 31 210 0 0
 1013 118173.000 12031.000 0 0 34.000 54.000 1836.000 42.848 0 1 3 210 0 0
 1014 164299.000 37161.000 0 0 52.000 52.000 2704.000 52.000 0 1 9 210 0 0
 1015 189691.000 90845.000 0 0 0.000 0.000 0.000 0.131 0 1 0 0 0 0
 1016 118177.000 11688.000 0 0 34.000 54.000 1836.000 42.848 0 1 3 210 0 0
 1017 189998.000 90521.000 0 0 0.000 0.000 0.000 0.131 0 1 0 0 0 0
 1018 118168.000 11499.000 0 0 34.000 54.000 1836.000 42.848 0 1 3 210 0 0
 1019 190156.000 90399.000 0 0 0.000 0.000 0.000 0.133 0 1 0 0 0 0
 1020 190636.000 101144.000 0 0 50.000 24.000 1200.000 34.641 0 1 31 210 0 0
 1021 190792.000 101024.000 0 0 51.000 24.000 1224.000 34.985 0 1 31 210 0 0
 1022 191003.000 100887.000 0 0 0.000 0.000 0.000 0.130 0 1 0 0 0 0
 1023 164891.000 35348.000 0 0 52.000 52.000 2704.000 52.000 0 1 9 210 0 0
 1024 192516.000 99772.000 0 0 50.000 24.000 1200.000 34.641 0 1 29 210 0 0
 1025 165187.000 34436.000 0 0 52.000 52.000 2704.000 52.000 0 1 9 210 0 0
 1026 192656.000 99669.000 0 0 51.000 24.000 1224.000 34.985 0 1 29 210 0 0
 1027 193000.000 99413.000 0 0 51.000 24.000 1224.000 34.985 0 1 29 210 0 0
 1028 165362.000 33893.000 0 0 52.000 52.000 2704.000 52.000 0 1 9 210 0 0
 1029 193429.000 99096.000 0 0 50.000 24.000 1200.000 34.641 0 1 29 210 0 0
 1030 193744.000 98848.000 0 0 51.000 24.000 1224.000 34.985 0 1 29 210 0 0
 1031 165593.000 33170.000 0 0 52.000 52.000 2704.000 52.000 0 1 9 210 0 0
 1032 194079.000 98618.000 0 0 50.000 24.000 1200.000 34.641 0 1 29 210 0 0
 1033 194247.000 98493.000 0 0 50.000 24.000 1200.000 34.641 0 1 29 210 0 0
 1034 194807.000 98096.000 0 0 51.000 24.000 1224.000 34.985 0 1 29 210 0 0
 1035 194648.000 98217.000 0 0 50.000 24.000 1200.000 34.641 0 1 29 210 0 0
 1036 194868.000 97998.000 0 0 50.000 24.000 1200.000 34.641 0 1 29 210 0 0
 1037 165901.000 31927.000 0 0 52.000 52.000 2704.000 52.000 0 1 9 210 0 0
 1038 99482.000 88986.000 0 0 27.984 1.318 36.896 6.074 0 1 2 210 0 0
 1039 99501.000 88815.000 0 0 30.562 1.365 41.726 6.459 0 1 2 210 0 0
 1040 99524.000 88643.000 0 0 32.121 1.348 43.325 6.582 0 1 2 210 0 0
 1041 99545.000 88472.000 0 0 32.055 1.267 40.638 6.374 0 1 2 210 0 0
 1042 99565.000 88302.000 0 0 33.649 1.251 42.116 6.489 0 1 2 210 0 0
 1043 99586.000 88132.000 0 0 36.412 1.272 46.335 6.806 0 1 2 210 0 0
 1044 99606.000 87959.000 0 0 36.363 1.192 43.355 6.584 0 1 2 210 0 0
 1045 99626.000 87789.000 0 0 36.293 1.114 40.434 6.358 0 1 2 210 0 0
 1046 99647.000 87619.000 0 0 36.800 1.050 38.673 6.218 0 1 2 210 0 0
 1047 99668.000 87449.000 0 0 36.700 0.972 35.694 5.974 0 1 2 210 0 0
 1048 99687.000 87277.000 0 0 36.595 0.902 33.019 5.746 0 1 2 210 0 0
 1049 99706.000 87107.000 0 0 38.321 0.876 33.579 5.794 0 1 2 210 0 0
 1050 99727.000 86936.000 0 0 37.576 0.785 29.528 5.433 0 1 2 210 0 0
 1051 99747.000 86766.000 0 0 38.066 0.730 27.805 5.273 0 1 2 210 0 0
 1052 99765.000 86596.000 0 0 38.556 0.677 26.141 5.112 0 1 2 210 0 0
 1053 99785.000 86424.000 0 0 37.748 0.598 22.579 4.751 0 1 2 210 0 0
 1054 99805.000 86254.000 0 0 38.877 0.553 21.500 4.636 0 1 2 210 0 0
 1055 99824.000 86084.000 0 0 37.361 0.473 17.684 4.205 0 1 2 210 0 0
 1056 99843.000 85912.000 0 0 36.470 0.408 14.895 3.859 0 1 2 210 0 0
 1057 99861.000 85743.000 0 0 36.908 0.361 13.332 3.651 0 1 2 210 0 0
 1058 99880.000 85574.000 0 0 36.651 0.306 11.236 3.352 0 1 2 210 0 0
 1059 99899.000 85403.000 0 0 35.687 0.247 8.825 2.970 0 1 2 210 0 0
 1060 99918.000 85233.000 0 0 36.103 0.202 7.321 2.705 0 1 2 210 0 0
 1061 99936.000 85063.000 0 0 35.087 0.151 5.312 2.304 0 1 2 210 0 0
 1062 99954.000 84893.000 0 0 35.487 0.108 3.856 1.963 0 1 2 210 0 0
 1063 99973.000 84723.000 0 0 35.150 0.063 2.218 1.489 0 1 2 210 0 0
 1064 99990.000 84553.000 0 0 34.805 0.023 0.831 0.911 0 1 2 210 0 0
 1065 100008.000 84383.000 0 0 34.436 0.018 0.624 0.789 0 1 2 210 0 0
 1066 100026.000 84213.000 0 0 34.810 0.058 2.026 1.423 0 1 2 210 0 0
 1067 100042.000 84043.000 0 0 33.656 0.090 3.040 1.743 0 1 2 210 0 0
 1068 100062.000 83873.000 0 0 33.245 0.129 4.291 2.071 0 1 2 210 0 0
 1069 100079.000 83703.000 0 0 33.595 0.164 5.526 2.350 0 1 2 210 0 0
 1070 100097.000 83533.000 0 0 33.152 0.196 6.513 2.551 0 1 2 210 0 0
 1071 100114.000 83363.000 0 0 34.296 0.235 8.070 2.840 0 1 2 210 0 0
 1072 100131.000 83194.000 0 0 33.033 0.258 8.539 2.922 0 1 2 210 0 0
 1073 100149.000 83023.000 0 0 33.369 0.294 9.817 3.133 0 1 2 210 0 0
 1074 100165.000 82854.000 0 0 31.232 0.301 9.421 3.069 0 1 2 210 0 0
 1075 100184.000 82684.000 0 0 32.375 0.344 11.149 3.338 0 1 2 210 0 0
 1076 100200.000 82515.000 0 0 32.692 0.374 12.246 3.499 0 1 2 210 0 0
 1077 100217.000 82344.000 0 0 31.319 0.386 12.092 3.477 0 1 2 210 0 0
 1078 100234.000 82175.000 0 0 31.619 0.416 13.170 3.628 0 1 2 210 0 0
 1079 100249.000 82005.000 0 0 31.920 0.443 14.153 3.761 0 1 2 210 0 0
 1080 100267.000 81835.000 0 0 30.480 0.448 13.668 3.697 0 1 2 210 0 0
 1081 100283.000 81666.000 0 0 31.639 0.489 15.496 3.936 0 1 2 210 0 0
 1082 100301.000 81496.000 0 0 31.050 0.505 15.710 3.963 0 1 2 210 0 0
 1083 100316.000 81326.000 0 0 31.335 0.531 16.650 4.080 0 1 2 210 0 0
 1084 100332.000 81156.000 0 0 29.814 0.526 15.703 3.962 0 1 2 210 0 0
 1085 100348.000 80988.000 0 0 30.987 0.567 17.600 4.195 0 1 2 210 0 0
 1086 100365.000 80817.000 0 0 31.265 0.595 18.632 4.316 0 1 2 210 0 0
 1087 100380.000 80647.000 0 0 29.687 0.584 17.343 4.164 0 1 2 210 0 0
 1088 100395.000 80478.000 0 0 29.947 0.607 18.190 4.265 0 1 2 210 0 0
 1089 100412.000 80308.000 0 0 30.208 0.632 19.097 4.369 0 1 2 210 0 0
 1090 100428.000 80138.000 0 0 29.511 0.637 18.800 4.335 0 1 2 210 0 0
 1091 100443.000 79967.000 0 0 29.765 0.659 19.631 4.430 0 1 2 210 0 0
 1092 100458.000 79798.000 0 0 29.054 0.659 19.158 4.377 0 1 2 210 0 0
 1093 100473.000 79628.000 0 0 29.298 0.681 19.957 4.467 0 1 2 210 0 0
 1094 100490.000 79458.000 0 0 29.542 0.705 20.850 4.566 0 1 2 210 0 0
 1095 100504.000 79290.000 0 0 28.787 0.701 20.182 4.492 0 1 2 210 0 0
 1096 100520.000 79118.000 0 0 29.026 0.723 21.001 4.582 0 1 2 210 0 0
 1097 100534.000 78949.000 0 0 29.260 0.743 21.744 4.663 0 1 2 210 0 0
 1098 100550.000 78780.000 0 0 28.484 0.738 21.038 4.586 0 1 2 210 0 0
 1099 100564.000 78610.000 0 0 27.682 0.730 20.235 4.498 0 1 2 210 0 0
 1100 100578.000 78440.000 0 0 28.940 0.776 22.471 4.740 0 1 2 210 0 0
 1101 100594.000 78272.000 0 0 28.120 0.768 21.618 4.649 0 1 2 210 0 0
 1102 100608.000 78100.000 0 0 28.342 0.787 22.307 4.723 0 1 2 210 0 0
 1103 111872.000 81535.000 0 0 56.650 36.425 2063.563 45.426 0 1 15 210 0 0
 1104 100622.000 77931.000 0 0 27.508 0.776 21.352 4.620 0 1 2 210 0 0
 1105 111910.000 81357.000 0 0 57.196 36.540 2090.004 45.716 0 1 15 210 0 0
 1106 100637.000 77762.000 0 0 27.719 0.795 22.038 4.694 0 1 2 210 0 0
 1107 111945.000 81178.000 0 0 56.840 36.072 2050.366 45.280 0 1 15 210 0 0
 1108 100650.000 77591.000 0 0 27.932 0.811 22.664 4.760 0 1 2 210 0 0
 1109 100666.000 77422.000 0 0 27.055 0.798 21.608 4.648 0 1 2 210 0 0
 1110 100680.000 77253.000 0 0 27.258 0.815 22.231 4.714 0 1 2 210 0 0
 1111 100694.000 77082.000 0 0 27.463 0.832 22.863 4.781 0 1 2 210 0 0
 1112 112079.000 80462.000 0 0 55.257 34.161 1887.702 43.447 0 1 15 210 0 0
 1113 100707.000 76913.000 0 0 27.665 0.848 23.465 4.844 0 1 2 210 0 0
 1114 112116.000 80285.000 0 0 53.867 33.106 1783.356 42.229 0 1 15 210 0 0
 1115 100721.000 76744.000 0 0 26.759 0.829 22.210 4.712 0 1 2 210 0 0
 1116 112149.000 80106.000 0 0 57.222 34.945 1999.661 44.717 0 1 15 210 0 0
 1117 100736.000 76574.000 0 0 26.954 0.847 22.841 4.779 0 1 2 210 0 0
 1118 112179.000 79928.000 0 0 54.844 33.279 1825.159 42.721 0 1 15 210 0 0
 1119 100750.000 76403.000 0 0 26.014 0.827 21.538 4.640 0 1 2 210 0 0
 1120 112215.000 79751.000 0 0 58.243 35.135 2046.446 45.237 0 1 15 210 0 0
 1121 100763.000 76235.000 0 0 27.345 0.878 24.027 4.901 0 1 2 210 0 0
 1122 112248.000 79573.000 0 0 56.797 34.055 1934.234 43.979 0 1 15 210 0 0
 1123 100777.000 76065.000 0 0 26.387 0.856 22.609 4.754 0 1 2 210 0 0
 1124 112280.000 79394.000 0 0 54.326 32.377 1758.938 41.939 0 1 15 210 0 0
 1125 100788.000 75895.000 0 0 25.425 0.831 21.151 4.599 0 1 2 210 0 0
 1126 112314.000 79217.000 0 0 57.787 34.240 1978.656 44.482 0 1 15 210 0 0
 1127 100802.000 75726.000 0 0 26.761 0.884 23.672 4.865 0 1 2 210 0 0
 1128 112348.000 79040.000 0 0 56.271 33.151 1865.483 43.191 0 1 15 210 0 0
 1129 100816.000 75555.000 0 0 25.784 0.861 22.216 4.713 0 1 2 210 0 0
 1130 112380.000 78863.000 0 0 58.772 34.424 2023.222 44.980 0 1 15 210 0 0
 1131 100828.000 75386.000 0 0 25.962 0.874 22.700 4.764 0 1 2 210 0 0
 1132 112413.000 78684.000 0 0 55.181 32.134 1773.240 42.109 0 1 15 210 0 0
 1133 100843.000 75217.000 0 0 26.140 0.889 23.245 4.821 0 1 2 210 0 0
 1134 112444.000 78506.000 0 0 56.668 32.808 1859.226 43.118 0 1 15 210 0 0
 1135 100856.000 75047.000 0 0 26.319 0.903 23.768 4.875 0 1 2 210 0 0
 1136 112476.000 78329.000 0 0 59.211 34.088 2018.442 44.927 0 1 15 210 0 0
 1137 100868.000 74878.000 0 0 25.288 0.874 22.111 4.702 0 1 2 210 0 0
 1138 112510.000 78153.000 0 0 56.558 32.385 1831.692 42.798 0 1 15 210 0 0
 1139 100882.000 74709.000 0 0 25.458 0.888 22.621 4.756 0 1 2 210 0 0
 1140 112542.000 77975.000 0 0 55.958 31.866 1783.215 42.228 0 1 15 210 0 0
 1141 100895.000 74538.000 0 0 24.416 0.858 20.959 4.578 0 1 2 210 0 0
 1142 112574.000 77798.000 0 0 57.476 32.552 1870.994 43.254 0 1 15 210 0 0
 1143 100907.000 74370.000 0 0 25.800 0.913 23.578 4.855 0 1 2 210 0 0
 1144 112607.000 77621.000 0 0 56.856 32.029 1821.076 42.674 0 1 15 210 0 0
 1145 100919.000 74199.000 0 0 24.741 0.881 21.812 4.670 0 1 2 210 0 0
 1146 112639.000 77445.000 0 0 55.141 30.899 1703.854 41.277 0 1 15 210 0 0
 1147 100931.000 74029.000 0 0 24.904 0.893 22.244 4.716 0 1 2 210 0 0
 1148 112669.000 77268.000 0 0 56.670 31.585 1789.935 42.307 0 1 15 210 0 0
 1149 100945.000 73861.000 0 0 25.066 0.906 22.727 4.767 0 1 2 210 0 0
 1150 112703.000 77093.000 0 0 54.910 30.450 1672.056 40.890 0 1 15 210 0 0
 1151 100956.000 73690.000 0 0 25.229 0.917 23.143 4.810 0 1 2 210 0 0
 1152 112732.000 76915.000 0 0 55.337 30.520 1688.937 41.096 0 1 15 210 0 0
 1153 100969.000 73520.000 0 0 25.392 0.929 23.611 4.859 0 1 2 210 0 0
 1154 112764.000 76740.000 0 0 54.637 29.982 1638.150 40.474 0 1 15 210 0 0
 1155 100982.000 73351.000 0 0 24.271 0.894 21.710 4.659 0 1 2 210 0 0
 1156 112796.000 76562.000 0 0 56.182 30.674 1723.383 41.513 0 1 15 210 0 0
 1157 100993.000 73181.000 0 0 25.717 0.952 24.509 4.950 0 1 2 210 0 0
 1158 112826.000 76385.000 0 0 57.733 31.358 1810.427 42.549 0 1 15 210 0 0
 1159 101005.000 73010.000 0 0 25.881 0.964 24.966 4.996 0 1 2 210 0 0
 1160 112859.000 76211.000 0 0 57.026 30.824 1757.788 41.925 0 1 15 210 0 0
 1161 101016.000 72842.000 0 0 26.043 0.975 25.398 5.039 0 1 2 210 0 0
 1162 112889.000 76035.000 0 0 56.292 30.277 1704.374 41.284 0 1 15 210 0 0
 1163 101030.000 72672.000 0 0 24.889 0.938 23.358 4.833 0 1 2 210 0 0
 1164 112919.000 75858.000 0 0 57.870 30.969 1792.230 42.334 0 1 15 210 0 0
 1165 101041.000 72502.000 0 0 25.044 0.948 23.756 4.874 0 1 2 210 0 0
 1166 112951.000 75681.000 0 0 55.951 29.799 1667.306 40.832 0 1 15 210 0 0
 1167 101054.000 72333.000 0 0 25.198 0.960 24.202 4.919 0 1 2 210 0 0
 1168 112981.000 75507.000 0 0 56.352 29.867 1683.136 41.026 0 1 15 210 0 0
 1169 101064.000 72164.000 0 0 25.352 0.969 24.583 4.958 0 1 2 210 0 0
 1170 113009.000 75330.000 0 0 55.585 29.311 1629.275 40.364 0 1 15 210 0 0
 1171 101076.000 71993.000 0 0 25.507 0.980 25.015 5.001 0 1 2 210 0 0
 1172 113043.000 75155.000 0 0 53.596 28.137 1508.071 38.833 0 1 15 210 0 0
 1173 101088.000 71823.000 0 0 24.319 0.939 22.840 4.779 0 1 2 210 0 0
 1174 113074.000 74980.000 0 0 56.373 29.458 1660.664 40.751 0 1 15 210 0 0
 1175 101100.000 71654.000 0 0 24.465 0.949 23.231 4.819 0 1 2 210 0 0
 1176 113104.000 74804.000 0 0 55.556 28.894 1605.258 40.065 0 1 15 210 0 0
 1177 101111.000 71483.000 0 0 24.612 0.959 23.607 4.858 0 1 2 210 0 0
 1178 113134.000 74629.000 0 0 55.942 28.960 1620.106 40.250 0 1 15 210 0 0
 1179 101123.000 71314.000 0 0 24.758 0.969 24.004 4.899 0 1 2 210 0 0
 1180 113163.000 74451.000 0 0 57.563 29.658 1707.265 41.319 0 1 15 210 0 0
 1181 101133.000 71145.000 0 0 23.514 0.923 21.725 4.661 0 1 2 210 0 0
 1182 113193.000 74277.000 0 0 56.717 29.091 1650.000 40.620 0 1 15 210 0 0
 1183 101144.000 70974.000 0 0 25.052 0.987 24.747 4.974 0 1 2 210 0 0
 1184 113223.000 74102.000 0 0 57.103 29.155 1664.892 40.803 0 1 15 210 0 0
 1185 101155.000 70805.000 0 0 25.197 0.997 25.131 5.013 0 1 2 210 0 0
 1186 113253.000 73926.000 0 0 53.750 27.320 1468.487 38.320 0 1 15 210 0 0
 1187 101165.000 70636.000 0 0 23.929 0.950 22.737 4.768 0 1 2 210 0 0
 1188 113281.000 73750.000 0 0 54.111 27.378 1481.505 38.490 0 1 15 210 0 0
 1189 101176.000 70466.000 0 0 24.068 0.959 23.085 4.804 0 1 2 210 0 0
 1190 113311.000 73575.000 0 0 55.732 28.074 1564.695 39.556 0 1 15 210 0 0
 1191 101188.000 70295.000 0 0 24.207 0.968 23.437 4.841 0 1 2 210 0 0
 1192 113341.000 73400.000 0 0 56.102 28.138 1578.638 39.732 0 1 15 210 0 0
 1193 101199.000 70127.000 0 0 22.905 0.919 21.066 4.589 0 1 2 210 0 0
 1194 113371.000 73226.000 0 0 55.192 27.563 1521.296 39.003 0 1 15 210 0 0
 1195 88381.000 72253.000 0 0 62.516 26.179 1636.628 40.455 0 1 1 210 0 0
 1196 101211.000 69958.000 0 0 24.482 0.987 24.165 4.915 0 1 2 210 0 0
 1197 113401.000 73051.000 0 0 52.970 26.340 1395.255 37.353 0 1 15 210 0 0
 1198 88378.000 72070.000 0 0 61.583 25.625 1578.110 39.725 0 1 1 210 0 0
 1199 101220.000 69786.000 0 0 24.622 0.994 24.485 4.948 0 1 2 210 0 0
 1200 113430.000 72876.000 0 0 55.914 27.685 1548.045 39.345 0 1 15 210 0 0
 1201 88370.000 71889.000 0 0 60.641 25.089 1521.456 39.005 0 1 1 210 0 0
 1202 101231.000 69617.000 0 0 23.296 0.944 22.000 4.690 0 1 2 210 0 0
 1203 113457.000 72699.000 0 0 53.661 26.451 1419.412 37.675 0 1 15 210 0 0
 1204 88365.000 71709.000 0 0 59.668 24.540 1464.304 38.266 0 1 1 210 0 0
 1205 101241.000 69448.000 0 0 24.897 1.011 25.188 5.018 0 1 2 210 0 0
 1206 113486.000 72524.000 0 0 52.682 25.857 1362.269 36.908 0 1 15 210 0 0
 1207 101250.000 69278.000 0 0 23.556 0.959 22.591 4.753 0 1 2 210 0 0
 1208 113516.000 72348.000 0 0 55.669 27.211 1514.880 38.921 0 1 15 210 0 0
 1209 88356.000 71344.000 0 0 56.324 22.888 1289.167 35.904 0 1 1 210 0 0
 1210 101259.000 69108.000 0 0 23.686 0.965 22.881 4.783 0 1 2 210 0 0
 1211 113545.000 72176.000 0 0 56.017 27.270 1527.622 39.084 0 1 15 210 0 0
 1212 88348.000 71164.000 0 0 60.818 24.575 1494.630 38.660 0 1 1 210 0 0
 1213 101271.000 68939.000 0 0 22.335 0.914 20.416 4.518 0 1 2 210 0 0
 1214 113574.000 72000.000 0 0 56.371 27.329 1540.591 39.250 0 1 15 210 0 0
 1215 88343.000 70983.000 0 0 59.816 24.031 1437.466 37.913 0 1 1 210 0 0
 1216 101282.000 68769.000 0 0 23.947 0.983 23.557 4.853 0 1 2 210 0 0
 1217 113601.000 71825.000 0 0 55.380 26.733 1480.522 38.477 0 1 15 210 0 0
 1218 88340.000 70802.000 0 0 58.783 23.474 1379.911 37.147 0 1 1 210 0 0
 1219 101292.000 68599.000 0 0 22.579 0.929 20.982 4.580 0 1 2 210 0 0
 1220 113630.000 71649.000 0 0 53.008 25.484 1350.883 36.754 0 1 15 210 0 0
 1221 88335.000 70622.000 0 0 59.145 23.484 1388.990 37.269 0 1 1 210 0 0
 1222 101301.000 68429.000 0 0 22.701 0.935 21.243 4.609 0 1 2 210 0 0
 1223 113659.000 71475.000 0 0 57.426 27.499 1579.221 39.739 0 1 15 210 0 0
 1224 88327.000 70441.000 0 0 62.342 24.619 1534.868 39.177 0 1 1 210 0 0
 1225 101312.000 68260.000 0 0 22.823 0.943 21.539 4.640 0 1 2 210 0 0
 1226 113685.000 71299.000 0 0 55.030 26.239 1443.981 37.999 0 1 15 210 0 0
 1227 88323.000 70260.000 0 0 59.873 23.510 1407.633 37.518 0 1 1 210 0 0
 1228 101322.000 68090.000 0 0 22.945 0.950 21.820 4.671 0 1 2 210 0 0
 1229 113716.000 71126.000 0 0 55.363 26.299 1456.031 38.157 0 1 15 210 0 0
 1230 88317.000 70080.000 0 0 60.236 23.521 1416.882 37.641 0 1 1 210 0 0
 1231 101330.000 67920.000 0 0 23.068 0.956 22.070 4.697 0 1 2 210 0 0
 1232 113744.000 70951.000 0 0 58.483 27.669 1618.205 40.226 0 1 15 210 0 0
 1233 88309.000 69901.000 0 0 57.711 22.416 1293.659 35.967 0 1 1 210 0 0
 1234 101340.000 67750.000 0 0 23.190 0.963 22.355 4.728 0 1 2 210 0 0
 1235 113771.000 70777.000 0 0 57.439 27.067 1554.781 39.430 0 1 15 210 0 0
 1236 88306.000 69720.000 0 0 59.516 22.985 1368.001 36.986 0 1 1 210 0 0
 1237 101348.000 67581.000 0 0 23.312 0.969 22.607 4.754 0 1 2 210 0 0
 1238 113799.000 70601.000 0 0 57.785 27.123 1567.355 39.589 0 1 15 210 0 0
 1239 88298.000 69541.000 0 0 59.868 23.002 1377.108 37.109 0 1 1 210 0 0
 1240 101360.000 67411.000 0 0 21.864 0.913 19.963 4.468 0 1 2 210 0 0
 1241 113825.000 70427.000 0 0 55.293 25.849 1429.305 37.806 0 1 15 210 0 0
 1242 88292.000 69362.000 0 0 60.221 23.013 1385.921 37.227 0 1 1 210 0 0
 1243 101369.000 67241.000 0 0 23.556 0.984 23.202 4.816 0 1 2 210 0 0
 1244 113852.000 70252.000 0 0 55.620 25.900 1440.582 37.955 0 1 15 210 0 0
 1245 88286.000 69183.000 0 0 57.618 21.903 1262.037 35.525 0 1 1 210 0 0
 1246 101378.000 67071.000 0 0 23.678 0.991 23.477 4.845 0 1 2 210 0 0
 1247 113881.000 70077.000 0 0 54.505 25.284 1378.154 37.123 0 1 15 210 0 0
 1248 88279.000 69004.000 0 0 57.953 21.916 1270.124 35.638 0 1 1 210 0 0
 1249 101387.000 66902.000 0 0 23.800 0.997 23.753 4.873 0 1 2 210 0 0
 1250 113908.000 69903.000 0 0 56.273 26.003 1463.316 38.253 0 1 15 210 0 0
 1251 88273.000 68824.000 0 0 58.289 21.926 1278.097 35.750 0 1 1 210 0 0
 1252 101397.000 66732.000 0 0 22.320 0.937 20.922 4.574 0 1 2 210 0 0
 1253 113936.000 69731.000 0 0 55.137 25.385 1399.677 37.412 0 1 15 210 0 0
 1254 88268.000 68645.000 0 0 58.625 21.936 1286.021 35.861 0 1 1 210 0 0
 1255 101406.000 66562.000 0 0 22.434 0.943 21.165 4.600 0 1 2 210 0 0
 1256 113962.000 69556.000 0 0 58.373 26.771 1562.771 39.531 0 1 15 210 0 0
 1257 88258.000 68467.000 0 0 57.439 21.388 1228.554 35.050 0 1 1 210 0 0
 1258 101415.000 66392.000 0 0 24.166 1.017 24.590 4.958 0 1 2 210 0 0
 1259 113991.000 69381.000 0 0 57.249 26.159 1497.618 38.699 0 1 15 210 0 0
 1260 88251.000 68288.000 0 0 59.292 21.967 1302.480 36.089 0 1 1 210 0 0
 1261 101424.000 66223.000 0 0 24.288 1.024 24.873 4.987 0 1 2 210 0 0
 1262 114016.000 69207.000 0 0 54.623 24.863 1358.143 36.852 0 1 15 210 0 0
 1263 88245.000 68109.000 0 0 56.569 20.852 1179.631 34.345 0 1 1 210 0 0
 1264 101432.000 66053.000 0 0 24.410 1.029 25.139 5.013 0 1 2 210 0 0
 1265 114044.000 69032.000 0 0 54.932 24.912 1368.492 36.993 0 1 15 210 0 0
 1266 88238.000 67932.000 0 0 56.884 20.864 1186.875 34.451 0 1 1 210 0 0
 1267 101442.000 65884.000 0 0 22.889 0.967 22.150 4.706 0 1 2 210 0 0
 1268 114069.000 68857.000 0 0 55.243 24.957 1378.707 37.130 0 1 15 210 0 0
 1269 88232.000 67753.000 0 0 57.202 20.874 1194.086 34.555 0 1 1 210 0 0
 1270 101449.000 65713.000 0 0 23.003 0.972 22.371 4.729 0 1 2 210 0 0
 1271 114096.000 68683.000 0 0 57.045 25.676 1464.754 38.272 0 1 15 210 0 0
 1272 88225.000 67573.000 0 0 57.520 20.887 1201.443 34.661 0 1 1 210 0 0
 1273 101458.000 65543.000 0 0 23.117 0.978 22.622 4.756 0 1 2 210 0 0
 1274 114125.000 68510.000 0 0 55.859 25.056 1399.658 37.412 0 1 15 210 0 0
 1275 88217.000 67397.000 0 0 59.388 21.464 1274.755 35.703 0 1 1 210 0 0
 1276 101467.000 65374.000 0 0 23.231 0.984 22.874 4.782 0 1 2 210 0 0
 1277 114150.000 68334.000 0 0 56.170 25.099 1409.876 37.548 0 1 15 210 0 0
 1278 88211.000 67217.000 0 0 59.716 21.474 1282.351 35.809 0 1 1 210 0 0
 1279 101476.000 65205.000 0 0 23.344 0.990 23.128 4.809 0 1 2 210 0 0
 1280 114175.000 68161.000 0 0 56.478 25.145 1420.198 37.685 0 1 15 210 0 0
 1281 88201.000 67040.000 0 0 61.625 22.062 1359.589 36.872 0 1 1 210 0 0
 1282 101483.000 65035.000 0 0 23.458 0.995 23.351 4.832 0 1 2 210 0 0
 1283 114202.000 67986.000 0 0 55.245 24.508 1354.000 36.796 0 1 15 210 0 0
 1284 88194.000 66862.000 0 0 63.538 22.638 1438.393 37.926 0 1 1 210 0 0
 1285 101492.000 64864.000 0 0 23.573 1.001 23.609 4.858 0 1 2 210 0 0
 1286 114229.000 67812.000 0 0 55.546 24.555 1363.956 36.931 0 1 15 210 0 0
 1287 88185.000 66686.000 0 0 60.683 21.521 1306.023 36.138 0 1 1 210 0 0
 1288 101500.000 64694.000 0 0 22.003 0.935 20.583 4.536 0 1 2 210 0 0
 1289 114256.000 67639.000 0 0 58.947 25.968 1530.780 39.125 0 1 15 210 0 0
 1290 88178.000 66509.000 0 0 59.408 20.970 1245.821 35.296 0 1 1 210 0 0
 1291 101508.000 64525.000 0 0 23.801 1.012 24.094 4.908 0 1 2 210 0 0
 1292 114280.000 67464.000 0 0 56.148 24.643 1383.711 37.198 0 1 15 210 0 0
 1293 88171.000 66331.000 0 0 58.102 20.414 1186.104 34.439 0 1 1 210 0 0
 1294 101517.000 64355.000 0 0 22.215 0.945 21.004 4.583 0 1 2 210 0 0
 1295 114306.000 67289.000 0 0 56.449 24.687 1393.603 37.330 0 1 15 210 0 0
 1296 88162.000 66153.000 0 0 61.653 21.564 1329.548 36.462 0 1 1 210 0 0
 1297 101524.000 64185.000 0 0 24.029 1.023 24.584 4.958 0 1 2 210 0 0
 1298 114332.000 67115.000 0 0 55.181 24.049 1327.092 36.429 0 1 15 210 0 0
 1299 88155.000 65976.000 0 0 55.453 19.305 1070.554 32.719 0 1 1 210 0 0
 1300 101533.000 64015.000 0 0 22.427 0.955 21.430 4.629 0 1 2 210 0 0
 1301 114359.000 66941.000 0 0 57.049 24.779 1413.654 37.598 0 1 15 210 0 0
 1302 88146.000 65799.000 0 0 57.390 19.891 1141.576 33.787 0 1 1 210 0 0
 1303 101540.000 63845.000 0 0 22.532 0.959 21.630 4.650 0 1 2 210 0 0
 1304 114385.000 66767.000 0 0 58.950 25.517 1504.249 38.784 0 1 15 210 0 0
 1305 88137.000 65622.000 0 0 57.686 19.907 1148.405 33.888 0 1 1 210 0 0
 1306 101549.000 63676.000 0 0 24.370 1.039 25.330 5.032 0 1 2 210 0 0
 1307 114411.000 66593.000 0 0 52.854 22.800 1205.130 34.714 0 1 15 210 0 0
 1308 88131.000 65445.000 0 0 56.319 19.345 1089.524 33.007 0 1 1 210 0 0
 1309 101556.000 63506.000 0 0 24.484 1.044 25.564 5.056 0 1 2 210 0 0
 1310 114434.000 66419.000 0 0 57.949 24.909 1443.514 37.993 0 1 15 210 0 0
 1311 88121.000 65268.000 0 0 56.608 19.361 1096.036 33.106 0 1 1 210 0 0
 1312 101563.000 63336.000 0 0 24.598 1.048 25.799 5.079 0 1 2 210 0 0
 1313 114461.000 66245.000 0 0 53.406 22.880 1221.962 34.956 0 1 15 210 0 0
 1314 88112.000 65091.000 0 0 56.896 19.376 1102.420 33.202 0 1 1 210 0 0
 1315 101571.000 63165.000 0 0 22.956 0.979 22.484 4.741 0 1 2 210 0 0
 1316 114487.000 66071.000 0 0 56.933 24.309 1384.025 37.202 0 1 15 210 0 0
 1317 88105.000 64915.000 0 0 57.183 19.387 1108.627 33.296 0 1 1 210 0 0
 1318 101578.000 62995.000 0 0 23.062 0.983 22.689 4.763 0 1 2 210 0 0
 1319 114510.000 65897.000 0 0 53.956 22.958 1238.740 35.195 0 1 15 210 0 0
 1320 88095.000 64740.000 0 0 54.088 18.263 987.828 31.429 0 1 1 210 0 0
 1321 101585.000 62825.000 0 0 23.168 0.988 22.895 4.784 0 1 2 210 0 0
 1322 114538.000 65724.000 0 0 52.579 22.301 1172.582 34.242 0 1 15 210 0 0
 1323 88087.000 64563.000 0 0 56.068 18.849 1056.847 32.509 0 1 1 210 0 0
 1324 101593.000 62656.000 0 0 23.273 0.993 23.115 4.807 0 1 2 210 0 0
 1325 114563.000 65551.000 0 0 46.242 19.549 903.996 30.066 0 1 15 210 0 0
 1326 88079.000 64387.000 0 0 58.043 19.430 1127.833 33.583 0 1 1 210 0 0
 1327 101600.000 62487.000 0 0 23.379 0.997 23.323 4.829 0 1 2 210 0 0
 1328 88070.000 64210.000 0 0 54.902 18.301 1004.784 31.698 0 1 1 210 0 0
 1329 101606.000 62317.000 0 0 21.670 0.924 20.024 4.474 0 1 2 210 0 0
 1330 88061.000 64034.000 0 0 53.439 17.739 947.980 30.789 0 1 1 210 0 0
 1331 101614.000 62147.000 0 0 23.591 1.006 23.741 4.872 0 1 2 210 0 0
 1332 88049.000 63858.000 0 0 57.182 18.908 1081.247 32.882 0 1 1 210 0 0
 1333 101621.000 61977.000 0 0 23.697 1.010 23.953 4.894 0 1 2 210 0 0
 1334 88044.000 63683.000 0 0 55.710 18.341 1021.818 31.965 0 1 1 210 0 0
 1335 101628.000 61807.000 0 0 23.803 1.015 24.164 4.915 0 1 2 210 0 0
 1336 88032.000 63507.000 0 0 54.222 17.783 964.268 31.052 0 1 1 210 0 0
 1337 101634.000 61637.000 0 0 23.908 1.018 24.362 4.935 0 1 2 210 0 0
 1338 88017.000 63333.000 0 0 59.761 19.531 1167.251 34.165 0 1 1 210 0 0
 1339 101642.000 61467.000 0 0 22.159 0.944 20.925 4.574 0 1 2 210 0 0
 1340 88011.000 63156.000 0 0 54.744 17.814 975.225 31.228 0 1 1 210 0 0
 1341 101647.000 61298.000 0 0 24.120 1.026 24.759 4.975 0 1 2 210 0 0
 1342 88003.000 62980.000 0 0 53.240 17.253 918.608 30.308 0 1 1 210 0 0
 1343 101655.000 61129.000 0 0 24.225 1.031 24.989 4.998 0 1 2 210 0 0
 1344 87991.000 62806.000 0 0 57.055 18.421 1051.071 32.420 0 1 1 210 0 0
 1345 101660.000 60958.000 0 0 24.332 1.034 25.175 5.017 0 1 2 210 0 0
 1346 87982.000 62628.000 0 0 57.328 18.435 1056.896 32.509 0 1 1 210 0 0
 1347 101667.000 60788.000 0 0 24.438 1.039 25.392 5.039 0 1 2 210 0 0
 1348 87974.000 62454.000 0 0 53.997 17.296 933.953 30.560 0 1 1 210 0 0
 1349 101674.000 60618.000 0 0 22.647 0.962 21.806 4.669 0 1 2 210 0 0
 1350 87962.000 62280.000 0 0 52.430 16.733 877.340 29.619 0 1 1 210 0 0
 1351 101681.000 60448.000 0 0 22.745 0.966 21.992 4.689 0 1 2 210 0 0
 1352 87953.000 62103.000 0 0 54.501 17.326 944.297 30.729 0 1 1 210 0 0
 1353 101685.000 60278.000 0 0 22.842 0.969 22.140 4.705 0 1 2 210 0 0
 1354 87941.000 61929.000 0 0 52.918 16.762 887.040 29.783 0 1 1 210 0 0
 1355 101691.000 60108.000 0 0 22.940 0.972 22.314 4.723 0 1 2 210 0 0
 1356 87932.000 61753.000 0 0 55.004 17.355 954.662 30.897 0 1 1 210 0 0
 1357 101697.000 59938.000 0 0 23.038 0.976 22.489 4.742 0 1 2 210 0 0
 1358 87922.000 61578.000 0 0 55.256 17.370 959.820 30.980 0 1 1 210 0 0
 1359 101704.000 59769.000 0 0 23.135 0.980 22.678 4.762 0 1 2 210 0 0
 1360 87911.000 61404.000 0 0 55.507 17.387 965.114 31.066 0 1 1 210 0 0
 1361 101708.000 59599.000 0 0 25.179 1.064 26.812 5.178 0 1 2 210 0 0
 1362 87902.000 61229.000 0 0 55.758 17.399 970.190 31.147 0 1 1 210 0 0
 1363 101714.000 59429.000 0 0 23.331 0.986 23.006 4.796 0 1 2 210 0 0
 1364 87891.000 61054.000 0 0 54.135 16.832 911.221 30.186 0 1 1 210 0 0
 1365 101720.000 59259.000 0 0 25.391 1.072 27.229 5.218 0 1 2 210 0 0
 1366 87880.000 60880.000 0 0 56.260 17.431 980.696 31.316 0 1 1 210 0 0
 1367 101726.000 59089.000 0 0 23.526 0.992 23.362 4.833 0 1 2 210 0 0
 1368 87869.000 60706.000 0 0 54.619 16.862 921.021 30.348 0 1 1 210 0 0
 1369 101730.000 58919.000 0 0 25.603 1.078 27.617 5.255 0 1 2 210 0 0
 1370 87858.000 60531.000 0 0 52.979 16.298 863.495 29.385 0 1 1 210 0 0
 1371 101736.000 58748.000 0 0 25.709 1.082 27.829 5.275 0 1 2 210 0 0
 1372 87847.000 60356.000 0 0 51.304 15.727 806.909 28.406 0 1 1 210 0 0
 1373 101740.000 58579.000 0 0 25.814 1.084 28.009 5.292 0 1 2 210 0 0
 1374 87835.000 60181.000 0 0 53.449 16.329 872.791 29.543 0 1 1 210 0 0
 1375 101745.000 58409.000 0 0 25.920 1.088 28.205 5.310 0 1 2 210 0 0
 1376 87822.000 60009.000 0 0 53.680 16.346 877.501 29.622 0 1 1 210 0 0
 1377 101750.000 58239.000 0 0 24.015 1.006 24.182 4.917 0 1 2 210 0 0
 1378 87812.000 59834.000 0 0 51.980 15.774 819.943 28.634 0 1 1 210 0 0
 1379 101758.000 58069.000 0 0 24.113 1.010 24.378 4.937 0 1 2 210 0 0
 1380 87802.000 59660.000 0 0 54.149 16.374 886.668 29.776 0 1 1 210 0 0
 1381 101761.000 57899.000 0 0 24.210 1.012 24.520 4.951 0 1 2 210 0 0
 1382 87791.000 59485.000 0 0 52.432 15.800 828.475 28.783 0 1 1 210 0 0
 1383 101766.000 57729.000 0 0 24.308 1.015 24.689 4.968 0 1 2 210 0 0
 1384 87780.000 59311.000 0 0 52.657 15.815 832.784 28.857 0 1 1 210 0 0
 1385 101771.000 57558.000 0 0 24.406 1.018 24.860 4.985 0 1 2 210 0 0
 1386 87768.000 59138.000 0 0 50.932 15.247 776.583 27.867 0 1 1 210 0 0
 1387 101777.000 57390.000 0 0 24.504 1.022 25.044 5.004 0 1 2 210 0 0
 1388 87753.000 58964.000 0 0 53.106 15.849 841.722 29.012 0 1 1 210 0 0
 1389 101780.000 57220.000 0 0 26.662 1.109 29.583 5.438 0 1 2 210 0 0
 1390 87745.000 58790.000 0 0 51.366 15.275 784.655 28.011 0 1 1 210 0 0
 1391 101784.000 57050.000 0 0 24.699 1.026 25.345 5.034 0 1 2 210 0 0
 1392 87731.000 58617.000 0 0 53.555 15.877 850.356 29.160 0 1 1 210 0 0
 1393 101789.000 56880.000 0 0 24.797 1.029 25.517 5.051 0 1 2 210 0 0
 1394 87720.000 58442.000 0 0 51.800 15.306 792.893 28.158 0 1 1 210 0 0
 1395 101794.000 56710.000 0 0 24.895 1.031 25.689 5.068 0 1 2 210 0 0
 1396 87709.000 58268.000 0 0 52.017 15.321 796.974 28.230 0 1 1 210 0 0
 1397 101799.000 56540.000 0 0 24.992 1.034 25.863 5.085 0 1 2 210 0 0
 1398 87698.000 58095.000 0 0 52.233 15.334 800.985 28.301 0 1 1 210 0 0
 1399 101802.000 56371.000 0 0 25.089 1.036 26.007 5.099 0 1 2 210 0 0
 1400 87682.000 57923.000 0 0 52.448 15.354 805.314 28.378 0 1 1 210 0 0
 1401 101809.000 56201.000 0 0 25.187 1.040 26.211 5.119 0 1 2 210 0 0
 1402 87673.000 57748.000 0 0 54.680 15.953 872.341 29.535 0 1 1 210 0 0
 1403 101809.000 56030.000 0 0 25.286 1.040 26.314 5.129 0 1 2 210 0 0
 1404 87657.000 57576.000 0 0 54.903 15.974 877.037 29.614 0 1 1 210 0 0
 1405 101814.000 55860.000 0 0 25.383 1.043 26.489 5.146 0 1 2 210 0 0
 1406 87647.000 57402.000 0 0 53.097 15.397 817.583 28.593 0 1 1 210 0 0
 1407 101818.000 55691.000 0 0 23.368 0.959 22.413 4.734 0 1 2 210 0 0
 1408 87633.000 57229.000 0 0 51.253 14.819 759.550 27.559 0 1 1 210 0 0
 1409 101822.000 55520.000 0 0 25.579 1.048 26.812 5.178 0 1 2 210 0 0
 1410 87622.000 57056.000 0 0 51.460 14.832 763.287 27.627 0 1 1 210 0 0
 1411 101826.000 55350.000 0 0 25.677 1.050 26.975 5.193 0 1 2 210 0 0
 1412 87609.000 56883.000 0 0 51.667 14.848 767.166 27.697 0 1 1 210 0 0
 1413 101828.000 55181.000 0 0 25.774 1.051 27.107 5.206 0 1 2 210 0 0
 1414 87597.000 56708.000 0 0 51.876 14.862 771.017 27.767 0 1 1 210 0 0
 1415 101833.000 55010.000 0 0 25.872 1.054 27.286 5.223 0 1 2 210 0 0
 1416 87584.000 56536.000 0 0 50.010 14.286 714.485 26.729 0 1 1 210 0 0
 1417 101836.000 54840.000 0 0 25.970 1.056 27.434 5.237 0 1 2 210 0 0
 1418 87570.000 56362.000 0 0 52.291 14.895 778.910 27.908 0 1 1 210 0 0
 1419 101841.000 54670.000 0 0 23.906 0.971 23.223 4.818 0 1 2 210 0 0
 1420 87556.000 56190.000 0 0 50.409 14.318 721.805 26.866 0 1 1 210 0 0
 1421 101845.000 54501.000 0 0 26.165 1.061 27.762 5.268 0 1 2 210 0 0
 1422 127830.000 63882.000 0 0 62.328 48.026 2993.435 54.712 0 1 4 210 0 0
 1423 87544.000 56016.000 0 0 50.608 14.332 725.359 26.932 0 1 1 210 0 0
 1424 101847.000 54330.000 0 0 26.263 1.062 27.897 5.281 0 1 2 210 0 0
 1425 127872.000 63700.000 0 0 62.642 48.099 3013.082 54.891 0 1 4 210 0 0
 1426 87532.000 55844.000 0 0 50.806 14.346 728.884 26.997 0 1 1 210 0 0
 1427 101850.000 54161.000 0 0 24.175 0.975 23.587 4.856 0 1 2 210 0 0
 1428 127917.000 63522.000 0 0 57.714 44.170 2549.274 50.490 0 1 4 210 0 0
 1429 72994.000 62654.000 0 0 69.825 50.494 3525.771 59.378 0 1 5 210 0 0
 1430 87518.000 55669.000 0 0 51.007 14.362 732.596 27.066 0 1 1 210 0 0
 1431 101854.000 53990.000 0 0 26.459 1.066 28.213 5.311 0 1 2 210 0 0
 1432 127963.000 63343.000 0 0 59.746 45.575 2722.982 52.182 0 1 4 210 0 0
 1433 72963.000 62468.000 0 0 71.963 51.840 3730.631 61.078 0 1 5 210 0 0
 1434 87503.000 55497.000 0 0 49.062 13.777 675.973 25.999 0 1 1 210 0 0
 1435 101856.000 53821.000 0 0 26.556 1.067 28.348 5.324 0 1 2 210 0 0
 1436 72929.000 62283.000 0 0 68.702 49.311 3387.820 58.204 0 1 5 210 0 0
 1437 87493.000 55324.000 0 0 51.404 14.390 739.754 27.198 0 1 1 210 0 0
 1438 101858.000 53650.000 0 0 24.444 0.979 23.955 4.894 0 1 2 210 0 0
 1439 72898.000 62096.000 0 0 69.043 49.367 3408.497 58.382 0 1 5 210 0 0
 1440 87476.000 55152.000 0 0 49.442 13.807 682.662 26.127 0 1 1 210 0 0
 1441 101861.000 53481.000 0 0 26.751 1.070 28.635 5.351 0 1 2 210 0 0
 1442 72867.000 61911.000 0 0 67.564 48.130 3251.944 57.025 0 1 5 210 0 0
 1443 87464.000 54979.000 0 0 49.633 13.821 685.997 26.191 0 1 1 210 0 0
 1444 101866.000 53310.000 0 0 26.850 1.073 28.818 5.368 0 1 2 210 0 0
 1445 87451.000 54807.000 0 0 52.000 14.440 750.887 27.402 0 1 1 210 0 0
 1446 101867.000 53140.000 0 0 24.713 0.984 24.338 4.933 0 1 2 210 0 0
 1447 87435.000 54635.000 0 0 52.198 14.458 754.699 27.471 0 1 1 210 0 0
 1448 101870.000 52970.000 0 0 27.045 1.075 29.092 5.393 0 1 2 210 0 0
 1449 72774.000 61353.000 0 0 64.850 45.685 2962.741 54.431 0 1 5 210 0 0
 1450 87421.000 54463.000 0 0 50.202 13.868 696.234 26.386 0 1 1 210 0 0
 1451 101871.000 52800.000 0 0 27.143 1.076 29.214 5.404 0 1 2 210 0 0
 1452 72740.000 61169.000 0 0 68.881 48.355 3330.759 57.712 0 1 5 210 0 0
 1453 87407.000 54290.000 0 0 52.595 14.490 762.123 27.606 0 1 1 210 0 0
 1454 101874.000 52630.000 0 0 27.241 1.078 29.367 5.419 0 1 2 210 0 0
 1455 115860.000 55305.000 0 0 40.706 14.444 588.002 24.248 0 1 13 210 0 0
 1456 72708.000 60985.000 0 0 63.588 44.482 2828.566 53.184 0 1 5 210 0 0
 1457 87394.000 54118.000 0 0 50.583 13.898 703.012 26.514 0 1 1 210 0 0
 1458 101877.000 52460.000 0 0 25.072 0.990 24.826 4.982 0 1 2 210 0 0
 1459 115880.000 55133.000 0 0 43.024 15.227 655.170 25.596 0 1 13 210 0 0
 1460 72675.000 60798.000 0 0 67.650 47.154 3190.023 56.480 0 1 5 210 0 0
 1461 87380.000 53945.000 0 0 50.773 13.913 706.426 26.578 0 1 1 210 0 0
 1462 101880.000 52290.000 0 0 25.161 0.991 24.955 4.995 0 1 2 210 0 0
 1463 115898.000 54958.000 0 0 47.509 16.769 796.699 28.225 0 1 13 210 0 0
 1464 128386.000 61537.000 0 0 62.689 46.264 2900.285 53.854 0 1 4 210 0 0
 1465 72645.000 60613.000 0 0 66.091 45.902 3033.747 55.079 0 1 5 210 0 0
 1466 87364.000 53772.000 0 0 50.964 13.930 709.971 26.645 0 1 1 210 0 0
 1467 101882.000 52119.000 0 0 25.251 0.992 25.071 5.007 0 1 2 210 0 0
 1468 115920.000 54787.000 0 0 47.690 16.792 800.833 28.298 0 1 13 210 0 0
 1469 128431.000 61359.000 0 0 61.136 44.982 2750.076 52.441 0 1 4 210 0 0
 1470 72613.000 60429.000 0 0 70.193 48.581 3410.099 58.396 0 1 5 210 0 0
 1471 87351.000 53601.000 0 0 51.153 13.945 713.344 26.708 0 1 1 210 0 0
 1472 101884.000 51948.000 0 0 25.341 0.993 25.188 5.018 0 1 2 210 0 0
 1473 115939.000 54612.000 0 0 47.874 16.812 804.897 28.370 0 1 13 210 0 0
 1474 128474.000 61181.000 0 0 63.269 46.408 2936.226 54.186 0 1 4 210 0 0
 1475 72579.000 60245.000 0 0 68.604 47.320 3246.387 56.977 0 1 5 210 0 0
 1476 87337.000 53427.000 0 0 49.123 13.356 656.133 25.615 0 1 1 210 0 0
 1477 101884.000 51778.000 0 0 27.730 1.083 30.058 5.482 0 1 2 210 0 0
 1478 115955.000 54439.000 0 0 48.057 16.829 808.780 28.439 0 1 13 210 0 0
 1479 128514.000 60999.000 0 0 59.828 43.741 2616.967 51.156 0 1 4 210 0 0
 1480 72549.000 60061.000 0 0 65.095 44.740 2912.402 53.966 0 1 5 210 0 0
 1481 87322.000 53255.000 0 0 49.305 13.372 659.334 25.677 0 1 1 210 0 0
 1482 101888.000 51609.000 0 0 25.520 0.996 25.421 5.041 0 1 2 210 0 0
 1483 115978.000 54265.000 0 0 43.856 15.322 671.983 25.922 0 1 13 210 0 0
 1484 128555.000 60819.000 0 0 61.990 45.179 2800.692 52.921 0 1 4 210 0 0
 1485 72516.000 59877.000 0 0 69.239 47.428 3283.956 57.305 0 1 5 210 0 0
 1486 87307.000 53083.000 0 0 49.486 13.388 662.541 25.739 0 1 1 210 0 0
 1487 101889.000 51438.000 0 0 25.610 0.996 25.525 5.052 0 1 2 210 0 0
 1488 128599.000 60641.000 0 0 62.272 45.248 2817.755 53.082 0 1 4 210 0 0
 1489 72484.000 59694.000 0 0 65.693 44.847 2946.208 54.278 0 1 5 210 0 0
 1490 87291.000 52911.000 0 0 47.399 12.793 606.395 24.625 0 1 1 210 0 0
 1491 101892.000 51269.000 0 0 25.699 0.998 25.655 5.065 0 1 2 210 0 0
 1492 128641.000 60462.000 0 0 62.556 45.315 2834.784 53.242 0 1 4 210 0 0
 1493 72451.000 59510.000 0 0 71.822 48.868 3509.910 59.244 0 1 5 210 0 0
 1494 87278.000 52740.000 0 0 49.848 13.418 668.909 25.863 0 1 1 210 0 0
 1495 101896.000 51099.000 0 0 28.121 1.090 30.662 5.537 0 1 2 210 0 0
 1496 128682.000 60282.000 0 0 59.014 42.616 2515.006 50.149 0 1 4 210 0 0
 1497 72419.000 59326.000 0 0 68.250 46.281 3158.774 56.202 0 1 5 210 0 0
 1498 87262.000 52568.000 0 0 50.029 13.436 672.222 25.927 0 1 1 210 0 0
 1499 101897.000 50929.000 0 0 28.219 1.090 30.786 5.548 0 1 2 210 0 0
 1500 128720.000 60101.000 0 0 59.283 42.673 2529.814 50.297 0 1 4 210 0 0
 1501 72388.000 59143.000 0 0 68.558 46.333 3176.526 56.360 0 1 5 210 0 0
 1502 87248.000 52396.000 0 0 50.211 13.451 675.404 25.988 0 1 1 210 0 0
 1503 101897.000 50758.000 0 0 25.969 1.000 25.995 5.098 0 1 2 210 0 0
 1504 128764.000 59923.000 0 0 61.478 44.124 2712.733 52.083 0 1 4 210 0 0
 1505 72355.000 58960.000 0 0 68.864 46.388 3194.568 56.520 0 1 5 210 0 0
 1506 87236.000 52223.000 0 0 48.092 12.849 617.950 24.858 0 1 1 210 0 0
 1507 101898.000 50589.000 0 0 28.414 1.091 31.017 5.569 0 1 2 210 0 0
 1508 128805.000 59743.000 0 0 61.754 44.187 2728.785 52.237 0 1 4 210 0 0
 1509 72321.000 58777.000 0 0 67.187 45.112 3030.989 55.054 0 1 5 210 0 0
 1510 87219.000 52052.000 0 0 50.574 13.481 681.827 26.111 0 1 1 210 0 0
 1511 101900.000 50419.000 0 0 28.512 1.092 31.157 5.581 0 1 2 210 0 0
 1512 128846.000 59563.000 0 0 63.977 45.640 2919.934 54.036 0 1 4 210 0 0
 1513 72289.000 58595.000 0 0 65.509 43.842 2872.141 53.592 0 1 5 210 0 0
 1514 87205.000 51880.000 0 0 50.756 13.496 685.011 26.172 0 1 1 210 0 0
 1515 101902.000 50249.000 0 0 28.610 1.093 31.298 5.594 0 1 2 210 0 0
 1516 128889.000 59386.000 0 0 62.301 44.316 2760.976 52.544 0 1 4 210 0 0
 1517 72258.000 58412.000 0 0 65.799 43.893 2888.167 53.741 0 1 5 210 0 0
 1518 87188.000 51708.000 0 0 48.611 12.897 626.948 25.038 0 1 1 210 0 0
 1519 101903.000 50080.000 0 0 26.327 1.003 26.424 5.140 0 1 2 210 0 0
 1520 128929.000 59205.000 0 0 58.670 41.604 2440.926 49.405 0 1 4 210 0 0
 1521 72223.000 58231.000 0 0 64.074 42.610 2730.248 52.251 0 1 5 210 0 0
 1522 87174.000 51536.000 0 0 51.118 13.528 691.571 26.297 0 1 1 210 0 0
 1523 101904.000 49910.000 0 0 26.416 1.004 26.529 5.150 0 1 2 210 0 0
 1524 128968.000 59028.000 0 0 64.824 45.833 2971.090 54.507 0 1 4 210 0 0
 1525 72191.000 58048.000 0 0 66.375 43.998 2920.445 54.041 0 1 5 210 0 0
 1526 87158.000 51364.000 0 0 48.957 12.927 632.880 25.157 0 1 1 210 0 0
 1527 101906.000 49739.000 0 0 26.507 1.005 26.648 5.162 0 1 2 210 0 0
 1528 129009.000 58847.000 0 0 61.146 43.102 2635.578 51.337 0 1 4 210 0 0
 1529 72156.000 57868.000 0 0 64.630 42.713 2760.569 52.541 0 1 5 210 0 0
 1530 87144.000 51192.000 0 0 46.803 12.328 577.009 24.021 0 1 1 210 0 0
 1531 101906.000 49568.000 0 0 29.002 1.096 31.797 5.638 0 1 2 210 0 0
 1532 129048.000 58668.000 0 0 63.403 44.559 2825.233 53.152 0 1 4 210 0 0
 1533 72124.000 57686.000 0 0 66.948 44.104 2952.733 54.339 0 1 5 210 0 0
 1534 87129.000 51021.000 0 0 46.967 12.342 579.711 24.077 0 1 1 210 0 0
 1535 101908.000 49398.000 0 0 29.099 1.097 31.938 5.651 0 1 2 210 0 0
 1536 129092.000 58492.000 0 0 61.675 43.226 2665.995 51.633 0 1 4 210 0 0
 1537 72092.000 57504.000 0 0 61.115 40.135 2452.928 49.527 0 1 5 210 0 0
 1538 87113.000 50849.000 0 0 47.132 12.357 582.456 24.134 0 1 1 210 0 0
 1539 101906.000 49228.000 0 0 29.197 1.096 32.012 5.657 0 1 2 210 0 0
 1540 129129.000 58309.000 0 0 63.954 44.684 2857.786 53.458 0 1 4 210 0 0
 1541 72058.000 57323.000 0 0 65.466 42.862 2806.082 52.972 0 1 5 210 0 0
 1542 87096.000 50679.000 0 0 47.295 12.374 585.244 24.191 0 1 1 210 0 0
 1543 101908.000 49057.000 0 0 29.295 1.097 32.155 5.670 0 1 2 210 0 0
 1544 129171.000 58130.000 0 0 62.211 43.343 2696.444 51.927 0 1 4 210 0 0
 1545 72027.000 57142.000 0 0 65.744 42.911 2821.175 53.114 0 1 5 210 0 0
 1546 87081.000 50507.000 0 0 47.460 12.388 587.959 24.247 0 1 1 210 0 0
 1547 101909.000 48887.000 0 0 29.393 1.098 32.280 5.681 0 1 2 210 0 0
 1548 129210.000 57951.000 0 0 60.473 42.008 2540.410 50.402 0 1 4 210 0 0
 1549 71994.000 56959.000 0 0 68.097 44.311 3017.462 54.931 0 1 5 210 0 0
 1550 87065.000 50334.000 0 0 47.625 12.403 590.742 24.305 0 1 1 210 0 0
 1551 101908.000 48719.000 0 0 29.490 1.097 32.369 5.689 0 1 2 210 0 0
 1552 129249.000 57772.000 0 0 64.777 44.868 2906.462 53.911 0 1 4 210 0 0
 1553 71959.000 56781.000 0 0 64.215 41.664 2675.531 51.725 0 1 5 210 0 0
 1554 87049.000 50163.000 0 0 47.790 12.419 593.546 24.362 0 1 1 210 0 0
 1555 101911.000 48548.000 0 0 27.135 1.008 27.355 5.230 0 1 2 210 0 0
 1556 129293.000 57595.000 0 0 60.985 42.128 2569.216 50.687 0 1 4 210 0 0
 1557 71926.000 56598.000 0 0 66.578 43.066 2867.286 53.547 0 1 5 210 0 0
 1558 87033.000 49992.000 0 0 47.954 12.435 596.327 24.419 0 1 1 210 0 0
 1559 101909.000 48379.000 0 0 29.685 1.098 32.603 5.709 0 1 2 210 0 0
 1560 129330.000 57416.000 0 0 59.191 40.768 2413.171 49.124 0 1 4 210 0 0
 1561 71892.000 56420.000 0 0 68.951 44.471 3066.347 55.374 0 1 5 210 0 0
 1562 87018.000 49821.000 0 0 48.118 12.449 599.047 24.475 0 1 1 210 0 0
 1563 101912.000 48209.000 0 0 29.783 1.100 32.763 5.723 0 1 2 210 0 0
 1564 129369.000 57236.000 0 0 61.500 42.237 2597.621 50.966 0 1 4 210 0 0
 1565 71858.000 56237.000 0 0 65.024 41.814 2718.972 52.143 0 1 5 210 0 0
 1566 87002.000 49648.000 0 0 48.283 12.464 601.849 24.532 0 1 1 210 0 0
 1567 101912.000 48039.000 0 0 27.403 1.008 27.643 5.257 0 1 2 210 0 0
 1568 129409.000 57058.000 0 0 57.641 39.476 2275.483 47.702 0 1 4 210 0 0
 1569 71824.000 56058.000 0 0 65.290 41.864 2733.388 52.281 0 1 5 210 0 0
 1570 86984.000 49477.000 0 0 48.447 12.482 604.723 24.591 0 1 1 210 0 0
 1571 101911.000 47868.000 0 0 27.493 1.008 27.720 5.264 0 1 2 210 0 0
 1572 71792.000 55877.000 0 0 67.684 43.272 2928.857 54.118 0 1 5 210 0 0
 1573 86967.000 49307.000 0 0 46.169 11.870 548.057 23.410 0 1 1 210 0 0
 1574 101912.000 47697.000 0 0 30.077 1.099 33.072 5.750 0 1 2 210 0 0
 1575 71757.000 55698.000 0 0 70.093 44.685 3132.176 55.965 0 1 5 210 0 0
 1576 86953.000 49135.000 0 0 46.325 11.883 550.503 23.462 0 1 1 210 0 0
 1577 101913.000 47526.000 0 0 30.176 1.100 33.198 5.761 0 1 2 210 0 0
 1578 71723.000 55517.000 0 0 66.095 42.015 2777.051 52.697 0 1 5 210 0 0
 1579 86935.000 48963.000 0 0 48.940 12.528 613.165 24.762 0 1 1 210 0 0
 1580 101911.000 47357.000 0 0 30.273 1.099 33.271 5.768 0 1 2 210 0 0
 1581 71690.000 55337.000 0 0 68.512 43.427 2975.366 54.546 0 1 5 210 0 0
 1582 86920.000 48793.000 0 0 46.637 11.913 555.611 23.571 0 1 1 210 0 0
 1583 101912.000 47187.000 0 0 30.371 1.099 33.397 5.779 0 1 2 210 0 0
 1584 71654.000 55159.000 0 0 66.626 42.117 2806.185 52.973 0 1 5 210 0 0
 1585 86903.000 48622.000 0 0 46.793 11.928 558.190 23.626 0 1 1 210 0 0
 1586 101911.000 47017.000 0 0 30.469 1.099 33.488 5.786 0 1 2 210 0 0
 1587 71620.000 54980.000 0 0 66.892 42.167 2820.706 53.110 0 1 5 210 0 0
 1588 86886.000 48451.000 0 0 46.949 11.944 560.773 23.680 0 1 1 210 0 0
 1589 101912.000 46847.000 0 0 30.566 1.099 33.614 5.797 0 1 2 210 0 0
 1590 71587.000 54799.000 0 0 65.005 40.862 2656.312 51.539 0 1 5 210 0 0
 1591 86869.000 48279.000 0 0 47.105 11.959 563.352 23.735 0 1 1 210 0 0
 1592 101910.000 46677.000 0 0 30.664 1.098 33.687 5.804 0 1 2 210 0 0
 1593 129720.000 55628.000 0 0 55.307 37.045 2048.888 45.264 0 1 4 210 0 0
 1594 71552.000 54622.000 0 0 67.424 42.270 2850.055 53.385 0 1 5 210 0 0
 1595 86851.000 48109.000 0 0 44.786 11.348 508.280 22.545 0 1 1 210 0 0
 1596 101910.000 46507.000 0 0 28.211 1.007 28.419 5.330 0 1 2 210 0 0
 1597 129761.000 55451.000 0 0 59.798 39.948 2388.869 48.876 0 1 4 210 0 0
 1598 71520.000 54441.000 0 0 63.327 39.586 2506.924 50.069 0 1 5 210 0 0
 1599 86836.000 47937.000 0 0 47.417 11.989 568.505 23.843 0 1 1 210 0 0
 1600 101911.000 46337.000 0 0 28.301 1.007 28.525 5.340 0 1 2 210 0 0
 1601 129797.000 55271.000 0 0 60.040 39.997 2401.452 49.004 0 1 4 210 0 0
 1602 71484.000 54263.000 0 0 63.573 39.637 2519.928 50.198 0 1 5 210 0 0
 1603 86818.000 47766.000 0 0 45.082 11.377 512.915 22.647 0 1 1 210 0 0
 1604 101909.000 46166.000 0 0 28.391 1.006 28.586 5.346 0 1 2 210 0 0
 1605 129834.000 55091.000 0 0 58.118 38.610 2243.961 47.370 0 1 4 210 0 0
 1606 71450.000 54085.000 0 0 68.222 42.420 2894.045 53.796 0 1 5 210 0 0
 1607 86801.000 47595.000 0 0 47.728 12.021 573.789 23.953 0 1 1 210 0 0
 1608 101909.000 45995.000 0 0 31.056 1.098 34.103 5.839 0 1 2 210 0 0
 1609 129874.000 54912.000 0 0 62.671 41.524 2602.408 51.013 0 1 4 210 0 0
 1610 71415.000 53907.000 0 0 66.289 41.109 2725.142 52.202 0 1 5 210 0 0
 1611 86786.000 47424.000 0 0 45.377 11.404 517.523 22.749 0 1 1 210 0 0
 1612 101908.000 45826.000 0 0 28.570 1.006 28.753 5.362 0 1 2 210 0 0
 1613 129909.000 54735.000 0 0 58.580 38.707 2267.491 47.618 0 1 4 210 0 0
 1614 71381.000 53728.000 0 0 66.546 41.158 2738.964 52.335 0 1 5 210 0 0
 1615 86767.000 47253.000 0 0 48.040 12.052 579.016 24.062 0 1 1 210 0 0
 1616 101908.000 45656.000 0 0 31.251 1.097 34.301 5.856 0 1 2 210 0 0
 1617 129951.000 54556.000 0 0 61.000 40.203 2452.425 49.521 0 1 4 210 0 0
 1618 71347.000 53548.000 0 0 66.805 41.207 2752.904 52.468 0 1 5 210 0 0
 1619 86747.000 47083.000 0 0 45.671 11.438 522.416 22.856 0 1 1 210 0 0
 1620 101910.000 45486.000 0 0 31.349 1.098 34.445 5.869 0 1 2 210 0 0
 1621 129987.000 54379.000 0 0 56.865 37.378 2125.541 46.103 0 1 4 210 0 0
 1622 71312.000 53371.000 0 0 64.814 39.876 2584.551 50.838 0 1 5 210 0 0
 1623 86732.000 46912.000 0 0 45.819 11.452 524.730 22.906 0 1 1 210 0 0
 1624 101905.000 45316.000 0 0 28.839 1.004 28.980 5.383 0 1 2 210 0 0
 1625 130024.000 54199.000 0 0 57.088 37.423 2136.494 46.222 0 1 4 210 0 0
 1626 71275.000 53195.000 0 0 65.058 39.927 2597.616 50.966 0 1 5 210 0 0
 1627 86714.000 46741.000 0 0 45.967 11.467 527.135 22.959 0 1 1 210 0 0
 1628 101904.000 45146.000 0 0 31.545 1.095 34.553 5.878 0 1 2 210 0 0
 1629 130063.000 54023.000 0 0 57.308 37.472 2147.505 46.341 0 1 4 210 0 0
 1630 71242.000 53015.000 0 0 67.571 41.359 2794.711 52.865 0 1 5 210 0 0
 1631 86699.000 46569.000 0 0 46.115 11.480 529.422 23.009 0 1 1 210 0 0
 1632 101904.000 44974.000 0 0 29.019 1.004 29.147 5.398 0 1 2 210 0 0
 1633 130101.000 53845.000 0 0 59.731 38.955 2326.872 48.237 0 1 4 210 0 0
 1634 71204.000 52839.000 0 0 65.553 40.025 2623.860 51.223 0 1 5 210 0 0
 1635 86680.000 46400.000 0 0 43.679 10.855 474.164 21.775 0 1 1 210 0 0
 1636 101900.000 44804.000 0 0 31.741 1.093 34.697 5.890 0 1 2 210 0 0
 1637 130138.000 53665.000 0 0 59.964 39.003 2338.841 48.361 0 1 4 210 0 0
 1638 71173.000 52659.000 0 0 65.804 40.069 2636.721 51.349 0 1 5 210 0 0
 1639 86663.000 46228.000 0 0 46.409 11.511 534.245 23.113 0 1 1 210 0 0
 1640 101899.000 44634.000 0 0 29.199 1.001 29.252 5.408 0 1 2 210 0 0
 1641 130176.000 53488.000 0 0 57.975 37.613 2180.673 46.697 0 1 4 210 0 0
 1642 71137.000 52483.000 0 0 68.336 41.510 2836.666 53.260 0 1 5 210 0 0
 1643 86645.000 46057.000 0 0 43.959 10.883 478.449 21.873 0 1 1 210 0 0
 1644 101900.000 44464.000 0 0 29.288 1.002 29.358 5.418 0 1 2 210 0 0
 1645 130211.000 53308.000 0 0 62.674 40.553 2541.671 50.414 0 1 4 210 0 0
 1646 71100.000 52307.000 0 0 64.019 38.793 2483.522 49.834 0 1 5 210 0 0
 1647 86626.000 45886.000 0 0 46.705 11.543 539.131 23.219 0 1 1 210 0 0
 1648 101898.000 44295.000 0 0 29.378 1.001 29.417 5.423 0 1 2 210 0 0
 1649 130249.000 53130.000 0 0 65.148 42.045 2739.244 52.337 0 1 4 210 0 0
 1650 71069.000 52127.000 0 0 66.543 40.214 2676.016 51.730 0 1 5 210 0 0
 1651 86609.000 45715.000 0 0 46.852 11.557 541.517 23.270 0 1 1 210 0 0
 1652 101897.000 44125.000 0 0 32.132 1.090 35.054 5.920 0 1 2 210 0 0
 1653 130287.000 52953.000 0 0 63.151 40.654 2567.367 50.669 0 1 4 210 0 0
 1654 71031.000 51951.000 0 0 66.788 40.266 2689.344 51.858 0 1 5 210 0 0
 1655 86590.000 45546.000 0 0 46.997 11.574 543.959 23.322 0 1 1 210 0 0
 1656 101893.000 43954.000 0 0 29.557 0.998 29.520 5.433 0 1 2 210 0 0
 1657 130326.000 52775.000 0 0 61.115 39.246 2398.577 48.975 0 1 4 210 0 0
 1658 70995.000 51775.000 0 0 67.032 40.316 2702.510 51.985 0 1 5 210 0 0
 1659 86573.000 45376.000 0 0 47.145 11.588 546.354 23.374 0 1 1 210 0 0
 1660 101892.000 43784.000 0 0 32.327 1.088 35.176 5.930 0 1 2 210 0 0
 1661 130360.000 52595.000 0 0 61.348 39.290 2410.435 49.096 0 1 4 210 0 0
 1662 70962.000 51596.000 0 0 62.642 37.579 2354.097 48.519 0 1 5 210 0 0
 1663 86555.000 45205.000 0 0 44.653 10.956 489.265 22.119 0 1 1 210 0 0
 1664 101891.000 43613.000 0 0 32.426 1.087 35.266 5.938 0 1 2 210 0 0
 1665 130396.000 52418.000 0 0 57.018 36.423 2076.820 45.572 0 1 4 210 0 0
 1666 70926.000 51422.000 0 0 65.207 39.027 2544.858 50.446 0 1 5 210 0 0
 1667 86536.000 45035.000 0 0 44.792 10.972 491.481 22.169 0 1 1 210 0 0
 1668 101888.000 43444.000 0 0 29.826 0.996 29.713 5.450 0 1 2 210 0 0
 1669 130432.000 52239.000 0 0 61.809 39.383 2434.303 49.338 0 1 4 210 0 0
 1670 70889.000 51243.000 0 0 65.447 39.075 2557.407 50.570 0 1 5 210 0 0
 1671 86520.000 44863.000 0 0 44.931 10.985 493.595 22.216 0 1 1 210 0 0
 1672 101888.000 43274.000 0 0 32.621 1.085 35.423 5.951 0 1 2 210 0 0
 1673 130470.000 52062.000 0 0 57.444 36.512 2097.459 45.798 0 1 4 210 0 0
 1674 70854.000 51069.000 0 0 65.681 39.123 2569.688 50.692 0 1 5 210 0 0
 1675 86500.000 44692.000 0 0 45.071 11.001 495.860 22.267 0 1 1 210 0 0
 1676 101882.000 43104.000 0 0 32.719 1.082 35.418 5.951 0 1 2 210 0 0
 1677 130502.000 51882.000 0 0 62.271 39.474 2458.161 49.579 0 1 4 210 0 0
 1678 70821.000 50890.000 0 0 65.920 39.167 2581.963 50.813 0 1 5 210 0 0
 1679 86482.000 44523.000 0 0 45.209 11.016 498.038 22.316 0 1 1 210 0 0
 1680 101884.000 42934.000 0 0 30.096 0.993 29.904 5.468 0 1 2 210 0 0
 1681 130542.000 51705.000 0 0 62.501 39.526 2470.448 49.703 0 1 4 210 0 0
 1682 70784.000 50713.000 0 0 66.157 39.217 2594.541 50.936 0 1 5 210 0 0
 1683 86466.000 44351.000 0 0 45.349 11.029 500.173 22.364 0 1 1 210 0 0
 1684 101881.000 42763.000 0 0 30.185 0.992 29.946 5.472 0 1 2 210 0 0
 1685 130579.000 51527.000 0 0 65.065 41.046 2670.737 51.679 0 1 4 210 0 0
 1686 70747.000 50538.000 0 0 66.393 39.266 2607.070 51.059 0 1 5 210 0 0
 1687 86443.000 44181.000 0 0 42.799 10.395 444.916 21.093 0 1 1 210 0 0
 1688 101879.000 42593.000 0 0 30.275 0.991 30.004 5.477 0 1 2 210 0 0
 1689 130615.000 51349.000 0 0 60.642 38.160 2314.135 48.105 0 1 4 210 0 0
 1690 70711.000 50360.000 0 0 66.631 39.315 2619.640 51.182 0 1 5 210 0 0
 1691 86425.000 44011.000 0 0 42.930 10.409 446.862 21.139 0 1 1 210 0 0
 1692 101876.000 42423.000 0 0 33.110 1.079 35.731 5.977 0 1 2 210 0 0
 1693 130650.000 51171.000 0 0 56.183 35.267 1981.418 44.513 0 1 4 210 0 0
 1694 70675.000 50185.000 0 0 66.866 39.363 2632.098 51.303 0 1 5 210 0 0
 1695 86407.000 43840.000 0 0 43.061 10.422 448.813 21.185 0 1 1 210 0 0
 1696 101873.000 42254.000 0 0 30.454 0.987 30.086 5.485 0 1 2 210 0 0
 1697 130685.000 50992.000 0 0 61.086 38.247 2336.406 48.336 0 1 4 210 0 0
 1698 70640.000 50009.000 0 0 62.312 36.596 2280.413 47.753 0 1 5 210 0 0
 1699 86389.000 43670.000 0 0 43.191 10.436 450.774 21.231 0 1 1 210 0 0
 1700 101870.000 42083.000 0 0 30.544 0.986 30.128 5.488 0 1 2 210 0 0
 1701 130722.000 50815.000 0 0 63.652 39.758 2530.762 50.306 0 1 4 210 0 0
 1702 70602.000 49834.000 0 0 67.338 39.461 2657.264 51.548 0 1 5 210 0 0
 1703 86370.000 43498.000 0 0 43.323 10.451 452.777 21.278 0 1 1 210 0 0
 1704 101870.000 41913.000 0 0 30.634 0.986 30.217 5.496 0 1 2 210 0 0
 1705 130756.000 50636.000 0 0 61.530 38.336 2358.868 48.568 0 1 4 210 0 0
 1706 70566.000 49659.000 0 0 62.748 36.688 2302.127 47.980 0 1 5 210 0 0
 1707 86350.000 43329.000 0 0 43.452 10.466 454.795 21.325 0 1 1 210 0 0
 1708 101865.000 41741.000 0 0 33.502 1.072 35.946 5.995 0 1 2 210 0 0
 1709 130791.000 50457.000 0 0 57.004 35.428 2019.605 44.940 0 1 4 210 0 0
 1710 70534.000 49480.000 0 0 65.380 38.133 2493.184 49.931 0 1 5 210 0 0
 1711 86332.000 43158.000 0 0 43.584 10.480 456.769 21.372 0 1 1 210 0 0
 1712 101864.000 41572.000 0 0 30.814 0.983 30.298 5.504 0 1 2 210 0 0
 1713 130827.000 50280.000 0 0 61.974 38.425 2381.386 48.799 0 1 4 210 0 0
 1714 70497.000 49304.000 0 0 65.607 38.181 2504.970 50.049 0 1 5 210 0 0
 1715 86312.000 42989.000 0 0 43.714 10.495 458.795 21.419 0 1 1 210 0 0
 1716 101861.000 41401.000 0 0 30.904 0.981 30.339 5.508 0 1 2 210 0 0
 1717 130862.000 50103.000 0 0 59.792 36.982 2211.248 47.023 0 1 4 210 0 0
 1718 70461.000 49130.000 0 0 65.833 38.228 2516.688 50.166 0 1 5 210 0 0
 1719 86293.000 42819.000 0 0 43.844 10.510 460.833 21.467 0 1 1 210 0 0
 1720 101858.000 41232.000 0 0 30.993 0.980 30.377 5.511 0 1 2 210 0 0
 1721 130898.000 49925.000 0 0 60.004 37.025 2221.723 47.135 0 1 4 210 0 0
 1722 70423.000 48956.000 0 0 63.624 36.867 2345.675 48.432 0 1 5 210 0 0
 1723 86275.000 42648.000 0 0 43.975 10.524 462.809 21.512 0 1 1 210 0 0
 1724 101855.000 41062.000 0 0 31.083 0.978 30.417 5.515 0 1 2 210 0 0
 1725 130932.000 49747.000 0 0 62.639 38.556 2415.133 49.143 0 1 4 210 0 0
 1726 70387.000 48780.000 0 0 68.753 39.750 2732.937 52.277 0 1 5 210 0 0
 1727 86255.000 42478.000 0 0 44.105 10.539 464.855 21.560 0 1 1 210 0 0
 1728 101851.000 40891.000 0 0 31.173 0.976 30.440 5.517 0 1 2 210 0 0
 1729 130966.000 49567.000 0 0 62.862 38.597 2426.344 49.257 0 1 4 210 0 0
 1730 70350.000 48605.000 0 0 64.061 36.958 2367.615 48.658 0 1 5 210 0 0
 1731 86235.000 42308.000 0 0 44.235 10.554 466.906 21.608 0 1 1 210 0 0
 1732 101848.000 40720.000 0 0 31.263 0.974 30.479 5.520 0 1 2 210 0 0
 1733 131002.000 49391.000 0 0 60.645 37.150 2253.012 47.465 0 1 4 210 0 0
 1734 70315.000 48429.000 0 0 64.281 37.001 2378.524 48.770 0 1 5 210 0 0
 1735 86218.000 42137.000 0 0 44.366 10.567 468.868 21.653 0 1 1 210 0 0
 1736 101845.000 40551.000 0 0 31.352 0.973 30.517 5.524 0 1 2 210 0 0
 1737 131034.000 49211.000 0 0 60.860 37.188 2263.344 47.574 0 1 4 210 0 0
 1738 70275.000 48256.000 0 0 66.964 38.468 2576.031 50.754 0 1 5 210 0 0
 1739 86194.000 41968.000 0 0 41.729 9.927 414.268 20.353 0 1 1 210 0 0
 1740 101844.000 40381.000 0 0 31.442 0.972 30.589 5.530 0 1 2 210 0 0
 1741 131064.000 49031.000 0 0 58.645 35.743 2096.200 45.784 0 1 4 210 0 0
 1742 70239.000 48080.000 0 0 67.191 38.515 2587.893 50.871 0 1 5 210 0 0
 1743 86178.000 41798.000 0 0 41.851 9.939 415.986 20.395 0 1 1 210 0 0
 1744 101839.000 40211.000 0 0 31.532 0.970 30.594 5.531 0 1 2 210 0 0
 1745 131104.000 48856.000 0 0 58.847 35.788 2106.058 45.891 0 1 4 210 0 0
 1746 70201.000 47906.000 0 0 64.932 37.143 2411.828 49.110 0 1 5 210 0 0
 1747 86159.000 41628.000 0 0 41.973 9.953 417.776 20.439 0 1 1 210 0 0
 1748 101834.000 40040.000 0 0 34.481 1.054 36.371 6.030 0 1 2 210 0 0
 1749 131138.000 48678.000 0 0 63.970 38.813 2482.899 49.828 0 1 4 210 0 0
 1750 70165.000 47732.000 0 0 65.149 37.188 2422.808 49.222 0 1 5 210 0 0
 1751 86139.000 41457.000 0 0 42.096 9.967 419.604 20.484 0 1 1 210 0 0
 1752 101832.000 39870.000 0 0 31.711 0.966 30.653 5.536 0 1 2 210 0 0
 1753 131171.000 48499.000 0 0 59.257 35.865 2125.336 46.101 0 1 4 210 0 0
 1754 70129.000 47557.000 0 0 65.367 37.233 2433.901 49.334 0 1 5 210 0 0
 1755 86117.000 41288.000 0 0 42.218 9.983 421.487 20.530 0 1 1 210 0 0
 1756 101828.000 39700.000 0 0 31.801 0.964 30.673 5.538 0 1 2 210 0 0
 1757 131205.000 48321.000 0 0 61.926 37.393 2315.668 48.121 0 1 4 210 0 0
 1758 70094.000 47382.000 0 0 65.586 37.277 2444.903 49.445 0 1 5 210 0 0
 1759 86098.000 41117.000 0 0 42.341 9.997 423.295 20.574 0 1 1 210 0 0
 1760 101823.000 39531.000 0 0 34.773 1.048 36.462 6.038 0 1 2 210 0 0
 1761 131240.000 48143.000 0 0 64.637 38.939 2516.926 50.168 0 1 4 210 0 0
 1762 70055.000 47208.000 0 0 68.320 38.753 2647.673 51.455 0 1 5 210 0 0
 1763 86079.000 40947.000 0 0 42.463 10.010 425.084 20.617 0 1 1 210 0 0
 1764 101820.000 39360.000 0 0 31.980 0.960 30.713 5.541 0 1 2 210 0 0
 1765 131272.000 47965.000 0 0 62.353 37.473 2336.560 48.337 0 1 4 210 0 0
 1766 70017.000 47034.000 0 0 68.545 38.802 2659.754 51.572 0 1 5 210 0 0
 1767 86057.000 40778.000 0 0 42.585 10.026 426.979 20.663 0 1 1 210 0 0
 1768 101815.000 39190.000 0 0 32.070 0.957 30.698 5.540 0 1 2 210 0 0
 1769 131308.000 47790.000 0 0 60.073 36.023 2164.080 46.519 0 1 4 210 0 0
 1770 69980.000 46860.000 0 0 63.677 35.973 2290.721 47.861 0 1 5 210 0 0
 1771 86038.000 40608.000 0 0 42.707 10.040 428.789 20.707 0 1 1 210 0 0
 1772 101814.000 39019.000 0 0 32.160 0.956 30.768 5.546 0 1 2 210 0 0
 1773 131342.000 47611.000 0 0 60.279 36.063 2173.858 46.624 0 1 4 210 0 0
 1774 69946.000 46685.000 0 0 63.887 36.014 2300.854 47.967 0 1 5 210 0 0
 1775 86017.000 40438.000 0 0 42.829 10.055 430.657 20.752 0 1 1 210 0 0
 1776 101811.000 38848.000 0 0 32.250 0.955 30.804 5.550 0 1 2 210 0 0
 1777 131375.000 47434.000 0 0 62.990 37.596 2368.211 48.664 0 1 4 210 0 0
 1778 69907.000 46511.000 0 0 66.672 37.510 2500.894 50.008 0 1 5 210 0 0
 1779 85995.000 40267.000 0 0 42.952 10.070 432.571 20.798 0 1 1 210 0 0
 1780 101803.000 38679.000 0 0 32.339 0.950 30.754 5.545 0 1 2 210 0 0
 1781 131408.000 47255.000 0 0 63.204 37.636 2378.805 48.772 0 1 4 210 0 0
 1782 69871.000 46337.000 0 0 64.304 36.103 2321.638 48.183 0 1 5 210 0 0
 1783 85976.000 40099.000 0 0 43.073 10.084 434.369 20.841 0 1 1 210 0 0
 1784 101802.000 38509.000 0 0 32.429 0.950 30.822 5.551 0 1 2 210 0 0
 1785 131440.000 47076.000 0 0 65.967 39.189 2585.243 50.845 0 1 4 210 0 0
 1786 69830.000 46165.000 0 0 64.510 36.152 2332.237 48.293 0 1 5 210 0 0
 1787 85956.000 39929.000 0 0 43.195 10.098 436.220 20.885 0 1 1 210 0 0
 1788 101796.000 38339.000 0 0 32.519 0.947 30.806 5.550 0 1 2 210 0 0
 1789 131472.000 46897.000 0 0 63.632 37.713 2399.825 48.988 0 1 4 210 0 0
 1790 69793.000 45990.000 0 0 62.144 34.757 2159.990 46.475 0 1 5 210 0 0
 1791 85936.000 39759.000 0 0 40.416 9.436 381.378 19.528 0 1 1 210 0 0
 1792 101792.000 38168.000 0 0 32.609 0.945 30.823 5.551 0 1 2 210 0 0
 1793 131504.000 46720.000 0 0 63.845 37.751 2410.284 49.094 0 1 4 210 0 0
 1794 69756.000 45817.000 0 0 64.927 36.241 2353.074 48.508 0 1 5 210 0 0
 1795 85915.000 39588.000 0 0 40.531 9.450 383.032 19.571 0 1 1 210 0 0
 1796 101788.000 37997.000 0 0 32.699 0.943 30.840 5.553 0 1 2 210 0 0
 1797 131538.000 46543.000 0 0 61.509 36.288 2232.087 47.244 0 1 4 210 0 0
 1798 69717.000 45644.000 0 0 62.542 34.844 2179.277 46.682 0 1 5 210 0 0
 1799 85895.000 39419.000 0 0 40.644 9.463 384.646 19.612 0 1 1 210 0 0
 1800 101780.000 37828.000 0 0 32.788 0.938 30.787 5.548 0 1 2 210 0 0
 1801 131568.000 46364.000 0 0 64.272 37.828 2431.316 49.308 0 1 4 210 0 0
 1802 69680.000 45470.000 0 0 65.343 36.332 2374.075 48.724 0 1 5 210 0 0
 1803 85873.000 39251.000 0 0 40.757 9.478 386.312 19.654 0 1 1 210 0 0
 1804 101776.000 37658.000 0 0 32.878 0.936 30.802 5.549 0 1 2 210 0 0
 1805 131603.000 46186.000 0 0 59.327 34.841 2067.038 45.464 0 1 4 210 0 0
 1806 69642.000 45297.000 0 0 65.551 36.377 2384.610 48.832 0 1 5 210 0 0
 1807 85852.000 39080.000 0 0 40.872 9.492 387.975 19.697 0 1 1 210 0 0
 1808 101773.000 37488.000 0 0 35.948 1.020 36.673 6.055 0 1 2 210 0 0
 1809 131637.000 46009.000 0 0 64.697 37.910 2452.724 49.524 0 1 4 210 0 0
 1810 69604.000 45124.000 0 0 63.140 34.974 2208.290 46.992 0 1 5 210 0 0
 1811 85832.000 38911.000 0 0 40.985 9.505 389.599 19.738 0 1 1 210 0 0
 1812 101771.000 37318.000 0 0 33.057 0.934 30.885 5.557 0 1 2 210 0 0
 1813 131668.000 45832.000 0 0 62.327 36.438 2271.097 47.656 0 1 4 210 0 0
 1814 69571.000 44949.000 0 0 63.342 35.012 2217.814 47.093 0 1 5 210 0 0
 1815 85811.000 38740.000 0 0 41.100 9.519 391.262 19.780 0 1 1 210 0 0
 1816 101763.000 37146.000 0 0 33.148 0.930 30.830 5.552 0 1 2 210 0 0
 1817 131700.000 45652.000 0 0 59.916 34.948 2093.977 45.759 0 1 4 210 0 0
 1818 69528.000 44778.000 0 0 63.538 35.062 2227.830 47.199 0 1 5 210 0 0
 1819 85788.000 38571.000 0 0 41.213 9.535 392.978 19.823 0 1 1 210 0 0
 1820 101759.000 36977.000 0 0 33.237 0.927 30.844 5.553 0 1 2 210 0 0
 1821 131731.000 45474.000 0 0 65.338 38.023 2484.370 49.843 0 1 4 210 0 0
 1822 69492.000 44604.000 0 0 63.739 35.103 2237.502 47.302 0 1 5 210 0 0
 1823 85770.000 38401.000 0 0 41.327 9.547 394.567 19.863 0 1 1 210 0 0
 1824 101755.000 36807.000 0 0 33.327 0.925 30.857 5.554 0 1 2 210 0 0
 1825 131765.000 45297.000 0 0 62.941 36.549 2300.471 47.963 0 1 4 210 0 0
 1826 69453.000 44430.000 0 0 66.589 36.605 2437.503 49.371 0 1 5 210 0 0
 1827 85747.000 38233.000 0 0 41.440 9.562 396.277 19.906 0 1 1 210 0 0
 1828 101750.000 36637.000 0 0 33.416 0.923 30.853 5.554 0 1 2 210 0 0
 1829 131797.000 45121.000 0 0 63.145 36.585 2310.231 48.064 0 1 4 210 0 0
 1830 69414.000 44259.000 0 0 64.136 35.193 2257.192 47.509 0 1 5 210 0 0
 1831 85726.000 38062.000 0 0 38.601 8.896 343.414 18.531 0 1 1 210 0 0
 1832 101743.000 36466.000 0 0 33.506 0.919 30.813 5.550 0 1 2 210 0 0
 1833 131829.000 44942.000 0 0 63.350 36.623 2320.128 48.167 0 1 4 210 0 0
 1834 69378.000 44086.000 0 0 64.335 35.234 2266.835 47.611 0 1 5 210 0 0
 1835 85705.000 37894.000 0 0 41.668 9.591 399.651 19.991 0 1 1 210 0 0
 1836 101741.000 36296.000 0 0 33.596 0.918 30.861 5.555 0 1 2 210 0 0
 1837 131861.000 44764.000 0 0 63.555 36.660 2329.962 48.269 0 1 4 210 0 0
 1838 69339.000 43912.000 0 0 61.834 33.802 2090.177 45.718 0 1 5 210 0 0
 1839 85683.000 37724.000 0 0 38.812 8.923 346.325 18.609 0 1 1 210 0 0
 1840 101734.000 36125.000 0 0 33.686 0.914 30.821 5.551 0 1 2 210 0 0
 1841 131887.000 44584.000 0 0 66.404 38.211 2537.401 50.372 0 1 4 210 0 0
 1842 69298.000 43740.000 0 0 64.733 35.326 2286.836 47.820 0 1 5 210 0 0
 1843 85663.000 37553.000 0 0 38.918 8.935 347.759 18.648 0 1 1 210 0 0
 1844 101729.000 35956.000 0 0 33.775 0.912 30.814 5.551 0 1 2 210 0 0
 1845 131922.000 44407.000 0 0 61.289 35.192 2156.933 46.442 0 1 4 210 0 0
 1846 69261.000 43568.000 0 0 64.931 35.368 2296.536 47.922 0 1 5 210 0 0
 1847 85642.000 37384.000 0 0 42.010 9.633 404.708 20.117 0 1 1 210 0 0
 1848 101725.000 35786.000 0 0 33.865 0.910 30.825 5.552 0 1 2 210 0 0
 1849 131953.000 44230.000 0 0 64.169 36.766 2359.306 48.572 0 1 4 210 0 0
 1850 69220.000 43397.000 0 0 62.402 33.933 2117.535 46.016 0 1 5 210 0 0
 1851 85619.000 37216.000 0 0 42.123 9.648 406.439 20.160 0 1 1 210 0 0
 1852 101717.000 35615.000 0 0 33.955 0.906 30.764 5.546 0 1 2 210 0 0
 1853 131985.000 44051.000 0 0 61.681 35.262 2175.043 46.637 0 1 4 210 0 0
 1854 143978.000 52841.000 0 0 61.030 56.913 3473.458 58.936 0 1 12 200 0 0
 1855 69184.000 43222.000 0 0 65.329 35.457 2316.413 48.129 0 1 5 210 0 0
 1856 85600.000 37046.000 0 0 42.237 9.661 408.076 20.200 0 1 1 210 0 0
 1857 101713.000 35445.000 0 0 34.045 0.903 30.757 5.545 0 1 2 210 0 0
 1858 132015.000 43874.000 0 0 61.876 35.295 2183.982 46.733 0 1 4 210 0 0
 1859 144035.000 52661.000 0 0 65.800 61.208 4027.567 63.463 0 1 12 200 0 0
 1860 69142.000 43051.000 0 0 62.784 34.019 2135.916 46.215 0 1 5 210 0 0
 1861 85575.000 36877.000 0 0 39.340 8.990 353.675 18.806 0 1 1 210 0 0
 1862 101706.000 35274.000 0 0 37.221 0.981 36.530 6.044 0 1 2 210 0 0
 1863 132046.000 43696.000 0 0 64.784 36.873 2388.832 48.875 0 1 4 210 0 0
 1864 144088.000 52480.000 0 0 61.498 57.056 3508.880 59.235 0 1 12 200 0 0
 1865 69103.000 42879.000 0 0 62.973 34.062 2145.016 46.314 0 1 5 210 0 0
 1866 85556.000 36707.000 0 0 39.446 9.001 355.094 18.843 0 1 1 210 0 0
 1867 101700.000 35105.000 0 0 34.224 0.896 30.686 5.539 0 1 2 210 0 0
 1868 132079.000 43519.000 0 0 64.988 36.910 2398.763 48.977 0 1 4 210 0 0
 1869 69067.000 42705.000 0 0 63.165 34.102 2154.107 46.412 0 1 5 210 0 0
 1870 85532.000 36537.000 0 0 42.578 9.707 413.315 20.330 0 1 1 210 0 0
 1871 101698.000 34935.000 0 0 34.314 0.895 30.731 5.543 0 1 2 210 0 0
 1872 132108.000 43341.000 0 0 62.464 35.398 2211.116 47.022 0 1 4 210 0 0
 1873 69024.000 42535.000 0 0 63.353 34.149 2163.495 46.513 0 1 5 210 0 0
 1874 85509.000 36368.000 0 0 42.691 9.722 415.074 20.373 0 1 1 210 0 0
 1875 101689.000 34764.000 0 0 34.404 0.890 30.649 5.536 0 1 2 210 0 0
 1876 132139.000 43162.000 0 0 59.951 33.899 2032.328 45.081 0 1 4 210 0 0
 1877 68990.000 42362.000 0 0 63.543 34.187 2172.396 46.608 0 1 5 210 0 0
 1878 85490.000 36199.000 0 0 39.762 9.043 359.599 18.963 0 1 1 210 0 0
 1879 101685.000 34594.000 0 0 34.494 0.888 30.657 5.536 0 1 2 210 0 0
 1880 132172.000 42987.000 0 0 68.319 38.552 2633.862 51.321 0 1 4 210 0 0
 1881 68949.000 42190.000 0 0 60.976 32.751 1997.082 44.688 0 1 5 210 0 0
 1882 85467.000 36031.000 0 0 39.867 9.057 361.117 19.003 0 1 1 210 0 0
 1883 101679.000 34423.000 0 0 34.584 0.885 30.629 5.534 0 1 2 210 0 0
 1884 132199.000 42806.000 0 0 65.809 37.049 2438.168 49.377 0 1 4 210 0 0
 1885 68911.000 42017.000 0 0 61.158 32.791 2005.500 44.782 0 1 5 210 0 0
 1886 85445.000 35860.000 0 0 39.973 9.071 362.627 19.042 0 1 1 210 0 0
 1887 101671.000 34254.000 0 0 34.673 0.881 30.562 5.528 0 1 2 210 0 0
 1888 132231.000 42628.000 0 0 63.249 35.533 2247.489 47.407 0 1 4 210 0 0
 1889 68874.000 41846.000 0 0 61.339 32.831 2013.870 44.876 0 1 5 210 0 0
 1890 85423.000 35691.000 0 0 40.079 9.085 364.134 19.082 0 1 1 210 0 0
 1891 101663.000 34083.000 0 0 34.763 0.877 30.496 5.522 0 1 2 210 0 0
 1892 132259.000 42449.000 0 0 68.963 38.656 2665.856 51.631 0 1 4 210 0 0
 1893 68833.000 41675.000 0 0 61.519 32.874 2022.440 44.971 0 1 5 210 0 0
 1894 85398.000 35522.000 0 0 40.184 9.100 365.712 19.123 0 1 1 210 0 0
 1895 101655.000 33913.000 0 0 34.853 0.873 30.428 5.516 0 1 2 210 0 0
 1896 132289.000 42271.000 0 0 63.643 35.597 2265.568 47.597 0 1 4 210 0 0
 1897 54808.000 51441.000 0 0 58.200 54.164 3152.434 56.146 0 1 7 210 0 0
 1898 68795.000 41501.000 0 0 61.702 32.914 2030.940 45.065 0 1 5 210 0 0
 1899 85376.000 35352.000 0 0 40.290 9.114 367.231 19.163 0 1 1 210 0 0
 1900 101652.000 33743.000 0 0 34.942 0.871 30.452 5.518 0 1 2 210 0 0
 1901 132321.000 42094.000 0 0 63.838 35.633 2274.761 47.694 0 1 4 210 0 0
 1902 54749.000 51264.000 0 0 58.412 54.234 3167.978 56.284 0 1 7 210 0 0
 1903 68753.000 41331.000 0 0 59.057 31.453 1857.565 43.099 0 1 5 210 0 0
 1904 85355.000 35183.000 0 0 40.396 9.127 368.720 19.202 0 1 1 210 0 0
 1905 101647.000 33573.000 0 0 35.032 0.868 30.438 5.517 0 1 2 210 0 0
 1906 132352.000 41918.000 0 0 66.830 37.224 2487.731 49.877 0 1 4 210 0 0
 1907 54690.000 51087.000 0 0 58.624 54.305 3183.638 56.423 0 1 7 210 0 0
 1908 68715.000 41160.000 0 0 62.063 32.998 2048.014 45.254 0 1 5 210 0 0
 1909 85331.000 35014.000 0 0 37.371 8.435 315.260 17.755 0 1 1 210 0 0
 1910 101642.000 33404.000 0 0 35.121 0.866 30.424 5.515 0 1 2 210 0 0
 1911 117495.000 35710.000 0 0 43.133 11.737 506.297 22.501 0 1 8 210 0 0
 1912 132381.000 41740.000 0 0 61.451 34.154 2098.871 45.813 0 1 4 210 0 0
 1913 68675.000 40989.000 0 0 62.243 33.041 2056.602 45.349 0 1 5 210 0 0
 1914 85309.000 34845.000 0 0 37.468 8.448 316.546 17.791 0 1 1 210 0 0
 1915 101636.000 33233.000 0 0 35.212 0.863 30.392 5.512 0 1 2 210 0 0
 1916 117514.000 35539.000 0 0 55.635 15.116 841.014 29.000 0 1 8 210 0 0
 1917 132413.000 41563.000 0 0 67.238 37.294 2507.669 50.076 0 1 4 210 0 0
 1918 68636.000 40818.000 0 0 62.423 33.081 2065.104 45.443 0 1 5 210 0 0
 1919 85284.000 34677.000 0 0 40.711 9.171 373.393 19.323 0 1 1 210 0 0
 1920 101627.000 33061.000 0 0 35.302 0.858 30.304 5.504 0 1 2 210 0 0
 1921 117525.000 35365.000 0 0 43.364 11.757 509.877 22.580 0 1 8 210 0 0
 1922 132439.000 41383.000 0 0 61.827 34.216 2115.500 45.994 0 1 4 210 0 0
 1923 68596.000 40645.000 0 0 62.605 33.124 2073.761 45.538 0 1 5 210 0 0
 1924 85264.000 34508.000 0 0 37.662 8.474 319.179 17.865 0 1 1 210 0 0
 1925 101622.000 32892.000 0 0 35.391 0.855 30.288 5.503 0 1 2 210 0 0
 1926 117533.000 35191.000 0 0 46.602 12.607 587.544 24.239 0 1 8 210 0 0
 1927 132472.000 41207.000 0 0 64.816 35.798 2320.372 48.170 0 1 4 210 0 0
 1928 144824.000 49933.000 0 0 57.607 51.575 2971.154 54.508 0 1 6 210 0 0
 1929 54466.000 50369.000 0 0 57.095 52.381 2990.708 54.687 0 1 7 210 0 0
 1930 68557.000 40474.000 0 0 62.786 33.165 2082.331 45.632 0 1 5 210 0 0
 1931 85240.000 34338.000 0 0 37.760 8.488 320.526 17.903 0 1 1 210 0 0
 1932 101617.000 32721.000 0 0 35.482 0.853 30.272 5.501 0 1 2 210 0 0
 1933 117540.000 35017.000 0 0 52.955 14.293 756.946 27.512 0 1 8 210 0 0
 1934 132501.000 41030.000 0 0 62.200 34.280 2132.281 46.176 0 1 4 210 0 0
 1935 144876.000 49752.000 0 0 67.448 60.237 4062.961 63.741 0 1 6 210 0 0
 1936 54409.000 50192.000 0 0 59.697 54.642 3262.023 57.114 0 1 7 210 0 0
 1937 68515.000 40305.000 0 0 62.964 33.209 2091.025 45.727 0 1 5 210 0 0
 1938 85218.000 34169.000 0 0 37.857 8.501 321.832 17.939 0 1 1 210 0 0
 1939 101607.000 32552.000 0 0 35.571 0.847 30.161 5.491 0 1 2 210 0 0
 1940 117553.000 34845.000 0 0 46.851 12.622 591.363 24.317 0 1 8 210 0 0
 1941 132527.000 40851.000 0 0 65.208 35.859 2338.361 48.356 0 1 4 210 0 0
 1942 144931.000 49574.000 0 0 62.854 56.004 3520.129 59.330 0 1 6 210 0 0
 1943 54352.000 50014.000 0 0 59.910 54.711 3277.788 57.251 0 1 7 210 0 0
 1944 68476.000 40132.000 0 0 63.147 33.250 2099.684 45.822 0 1 5 210 0 0
 1945 85194.000 33999.000 0 0 41.133 9.227 379.574 19.482 0 1 1 210 0 0
 1946 101601.000 32381.000 0 0 38.885 0.920 35.811 5.984 0 1 2 210 0 0
 1947 117563.000 34672.000 0 0 43.829 11.783 516.468 22.725 0 1 8 210 0 0
 1948 132556.000 40672.000 0 0 62.577 34.339 2148.886 46.356 0 1 4 210 0 0
 1949 54298.000 49834.000 0 0 57.709 52.575 3034.089 55.082 0 1 7 210 0 0
 1950 68437.000 39961.000 0 0 60.436 31.772 1920.189 43.819 0 1 5 210 0 0
 1951 85169.000 33830.000 0 0 38.052 8.529 324.559 18.015 0 1 1 210 0 0
 1952 101593.000 32211.000 0 0 35.750 0.840 30.051 5.481 0 1 2 210 0 0
 1953 117568.000 34498.000 0 0 47.101 12.632 595.024 24.393 0 1 8 210 0 0
 1954 132584.000 40494.000 0 0 59.899 32.800 1964.710 44.325 0 1 4 210 0 0
 1955 54240.000 49657.000 0 0 60.337 54.845 3309.270 57.526 0 1 7 210 0 0
 1956 68395.000 39791.000 0 0 60.607 31.814 1928.183 43.911 0 1 5 210 0 0
 1957 85148.000 33662.000 0 0 38.149 8.541 325.844 18.051 0 1 1 210 0 0
 1958 101587.000 32040.000 0 0 35.841 0.837 30.015 5.478 0 1 2 210 0 0
 1959 117585.000 34325.000 0 0 44.062 11.798 519.867 22.800 0 1 8 210 0 0
 1960 132615.000 40317.000 0 0 62.952 34.401 2165.651 46.536 0 1 4 210 0 0
 1961 54183.000 49478.000 0 0 58.119 52.707 3063.327 55.347 0 1 7 210 0 0
 1962 68356.000 39619.000 0 0 63.687 33.377 2125.767 46.106 0 1 5 210 0 0
 1963 85127.000 33491.000 0 0 38.247 8.553 327.144 18.087 0 1 1 210 0 0
 1964 101578.000 31872.000 0 0 35.929 0.832 29.919 5.469 0 1 2 210 0 0
 1965 117591.000 34151.000 0 0 37.867 10.116 383.089 19.572 0 1 8 210 0 0
 1966 132643.000 40139.000 0 0 65.994 35.988 2375.021 48.734 0 1 4 210 0 0
 1967 145131.000 48846.000 0 0 66.201 58.406 3866.602 62.182 0 1 6 210 0 0
 1968 54125.000 49302.000 0 0 63.193 57.181 3613.467 60.112 0 1 7 210 0 0
 1969 68315.000 39449.000 0 0 58.064 30.384 1764.226 42.002 0 1 5 210 0 0
 1970 85100.000 33324.000 0 0 38.343 8.568 328.561 18.126 0 1 1 210 0 0
 1971 101572.000 31701.000 0 0 36.020 0.829 29.881 5.466 0 1 2 210 0 0
 1972 132672.000 39962.000 0 0 66.189 36.020 2384.142 48.827 0 1 4 210 0 0
 1973 145184.000 48665.000 0 0 63.986 56.320 3603.743 60.031 0 1 6 210 0 0
 1974 54072.000 49121.000 0 0 58.530 52.834 3092.421 55.609 0 1 7 210 0 0
 1975 68276.000 39278.000 0 0 61.123 31.933 1951.886 44.180 0 1 5 210 0 0
 1976 85076.000 33154.000 0 0 38.440 8.582 329.927 18.163 0 1 1 210 0 0
 1977 101566.000 31529.000 0 0 36.110 0.825 29.824 5.461 0 1 2 210 0 0
 1978 132701.000 39784.000 0 0 66.385 36.051 2393.320 48.921 0 1 4 210 0 0
 1979 145238.000 48487.000 0 0 56.791 49.872 2832.355 53.219 0 1 6 210 0 0
 1980 54008.000 48950.000 0 0 58.727 52.907 3107.150 55.741 0 1 7 210 0 0
 1981 68232.000 39108.000 0 0 61.294 31.977 1960.058 44.272 0 1 5 210 0 0
 1982 85052.000 32987.000 0 0 38.537 8.596 331.286 18.201 0 1 1 210 0 0
 1983 101557.000 31360.000 0 0 36.199 0.821 29.726 5.452 0 1 2 210 0 0
 1984 132727.000 39605.000 0 0 60.794 32.943 2002.771 44.752 0 1 4 210 0 0
 1985 53951.000 48772.000 0 0 58.931 52.973 3121.814 55.873 0 1 7 210 0 0
 1986 68196.000 38937.000 0 0 61.467 32.014 1967.828 44.360 0 1 5 210 0 0
 1987 85029.000 32817.000 0 0 35.431 7.895 279.746 16.725 0 1 1 210 0 0
 1988 101551.000 31190.000 0 0 36.289 0.818 29.686 5.448 0 1 2 210 0 0
 1989 132756.000 39427.000 0 0 63.890 34.550 2207.449 46.983 0 1 4 210 0 0
 1990 68154.000 38767.000 0 0 58.718 30.538 1793.142 42.345 0 1 5 210 0 0
 1991 85008.000 32648.000 0 0 38.732 8.621 333.935 18.273 0 1 1 210 0 0
 1992 101542.000 31020.000 0 0 36.379 0.813 29.588 5.439 0 1 2 210 0 0
 1993 132785.000 39249.000 0 0 69.901 37.723 2636.937 51.351 0 1 4 210 0 0
 1994 145388.000 47942.000 0 0 59.899 52.224 3128.216 55.930 0 1 6 210 0 0
 1995 68113.000 38596.000 0 0 61.810 32.098 1984.020 44.542 0 1 5 210 0 0
 1996 84980.000 32481.000 0 0 38.828 8.637 335.386 18.313 0 1 1 210 0 0
 1997 101536.000 30850.000 0 0 36.468 0.810 29.547 5.435 0 1 2 210 0 0
 1998 117627.000 33105.000 0 0 9.633 2.538 24.454 4.945 0 1 8 210 0 0
 1999 132814.000 39072.000 0 0 67.170 36.176 2429.961 49.294 0 1 4 210 0 0
 2000 145441.000 47761.000 0 0 65.114 56.640 3688.105 60.729 0 1 6 210 0 0
 2001 53782.000 48241.000 0 0 57.062 50.953 2907.547 53.921 0 1 7 210 0 0
 2002 68074.000 38425.000 0 0 61.981 32.137 1991.932 44.631 0 1 5 210 0 0
 2003 84960.000 32310.000 0 0 38.926 8.649 336.684 18.348 0 1 1 210 0 0
 2004 101529.000 30679.000 0 0 36.558 0.806 29.485 5.430 0 1 2 210 0 0
 2005 117654.000 32937.000 0 0 48.223 12.695 612.198 24.742 0 1 8 210 0 0
 2006 132842.000 38894.000 0 0 67.366 36.207 2439.144 49.387 0 1 4 210 0 0
 2007 145490.000 47580.000 0 0 60.315 52.342 3157.043 56.187 0 1 6 210 0 0
 2008 53723.000 48065.000 0 0 54.767 48.800 2672.672 51.697 0 1 7 210 0 0
 2009 68032.000 38255.000 0 0 59.208 30.654 1815.037 42.603 0 1 5 210 0 0
 2010 84934.000 32142.000 0 0 35.787 7.945 284.351 16.862 0 1 1 210 0 0
 2011 101523.000 30510.000 0 0 36.647 0.803 29.442 5.426 0 1 2 210 0 0
 2012 117662.000 32763.000 0 0 54.793 14.393 788.647 28.082 0 1 8 210 0 0
 2013 132868.000 38716.000 0 0 67.562 36.235 2448.181 49.479 0 1 4 210 0 0
 2014 145537.000 47396.000 0 0 63.035 54.566 3439.617 58.648 0 1 6 210 0 0
 2015 53666.000 47889.000 0 0 59.947 53.302 3195.350 56.527 0 1 7 210 0 0
 2016 67992.000 38085.000 0 0 62.324 32.219 2008.089 44.811 0 1 5 210 0 0
 2017 84911.000 31973.000 0 0 35.876 7.957 285.494 16.896 0 1 1 210 0 0
 2018 101513.000 30339.000 0 0 36.738 0.798 29.322 5.414 0 1 2 210 0 0
 2019 117673.000 32590.000 0 0 54.933 14.402 791.178 28.127 0 1 8 210 0 0
 2020 132898.000 38539.000 0 0 61.867 33.115 2048.812 45.263 0 1 4 210 0 0
 2021 145590.000 47217.000 0 0 63.249 54.630 3455.332 58.782 0 1 6 210 0 0
 2022 53608.000 47713.000 0 0 60.150 53.368 3210.144 56.658 0 1 7 210 0 0
 2023 67951.000 37914.000 0 0 59.535 30.732 1829.672 42.774 0 1 5 210 0 0
 2024 84887.000 31804.000 0 0 35.965 7.970 286.673 16.931 0 1 1 210 0 0
 2025 101507.000 30170.000 0 0 36.827 0.794 29.277 5.410 0 1 2 210 0 0
 2026 117680.000 32416.000 0 0 55.075 14.408 793.536 28.169 0 1 8 210 0 0
 2027 132926.000 38362.000 0 0 65.014 34.729 2257.911 47.517 0 1 4 210 0 0
 2028 145641.000 47036.000 0 0 60.941 52.515 3200.364 56.571 0 1 6 210 0 0
 2029 53549.000 47539.000 0 0 55.321 48.984 2709.910 52.056 0 1 7 210 0 0
 2030 67908.000 37746.000 0 0 56.699 29.228 1657.229 40.709 0 1 5 210 0 0
 2031 84862.000 31635.000 0 0 39.314 8.705 342.251 18.500 0 1 1 210 0 0
 2032 101493.000 29999.000 0 0 36.917 0.787 29.077 5.392 0 1 2 210 0 0
 2033 117690.000 32244.000 0 0 48.721 12.720 619.764 24.895 0 1 8 210 0 0
 2034 132953.000 38182.000 0 0 65.203 34.758 2266.353 47.606 0 1 4 210 0 0
 2035 145692.000 46856.000 0 0 68.775 59.131 4066.817 63.771 0 1 6 210 0 0
 2036 53496.000 47360.000 0 0 58.032 51.268 2975.283 54.546 0 1 7 210 0 0
 2037 67870.000 37575.000 0 0 62.837 32.342 2032.326 45.081 0 1 5 210 0 0
 2038 84838.000 31467.000 0 0 39.411 8.719 343.638 18.537 0 1 1 210 0 0
 2039 101487.000 29829.000 0 0 37.007 0.784 29.031 5.388 0 1 2 210 0 0
 2040 117712.000 32073.000 0 0 26.041 6.790 176.844 13.298 0 1 8 210 0 0
 2041 132979.000 38005.000 0 0 65.391 34.785 2274.654 47.693 0 1 4 210 0 0
 2042 145742.000 46676.000 0 0 61.355 52.631 3229.266 56.826 0 1 6 210 0 0
 2043 53437.000 47185.000 0 0 58.225 51.333 2988.939 54.671 0 1 7 210 0 0
 2044 67828.000 37404.000 0 0 63.009 32.384 2040.556 45.172 0 1 5 210 0 0
 2045 84814.000 31298.000 0 0 36.232 8.009 290.194 17.035 0 1 1 210 0 0
 2046 101480.000 29658.000 0 0 37.097 0.780 28.966 5.382 0 1 2 210 0 0
 2047 133008.000 37827.000 0 0 71.537 37.980 2717.015 52.124 0 1 4 210 0 0
 2048 145790.000 46492.000 0 0 61.567 52.687 3243.814 56.954 0 1 6 210 0 0
 2049 53378.000 47011.000 0 0 60.957 53.633 3269.342 57.178 0 1 7 210 0 0
 2050 67786.000 37235.000 0 0 60.187 30.891 1859.267 43.119 0 1 5 210 0 0
 2051 84791.000 31129.000 0 0 36.321 8.021 291.348 17.068 0 1 1 210 0 0
 2052 101471.000 29490.000 0 0 37.186 0.776 28.860 5.372 0 1 2 210 0 0
 2053 133035.000 37649.000 0 0 68.738 36.419 2503.436 50.034 0 1 4 210 0 0
 2054 145840.000 46312.000 0 0 64.334 54.930 3533.912 59.446 0 1 6 210 0 0
 2055 53320.000 46835.000 0 0 58.611 51.462 3016.300 54.920 0 1 7 210 0 0
 2056 67748.000 37063.000 0 0 60.351 30.927 1866.538 43.203 0 1 5 210 0 0
 2057 84768.000 30960.000 0 0 36.410 8.033 292.504 17.102 0 1 1 210 0 0
 2058 101464.000 29319.000 0 0 37.276 0.772 28.793 5.365 0 1 2 210 0 0
 2059 133064.000 37474.000 0 0 65.951 34.875 2300.066 47.958 0 1 4 210 0 0
 2060 145891.000 46132.000 0 0 59.387 50.592 3004.564 54.813 0 1 6 210 0 0
 2061 53260.000 46661.000 0 0 61.360 53.768 3299.267 57.439 0 1 7 210 0 0
 2062 67703.000 36895.000 0 0 60.512 30.970 1874.126 43.291 0 1 5 210 0 0
 2063 84741.000 30792.000 0 0 36.499 8.047 293.736 17.138 0 1 1 210 0 0
 2064 101453.000 29148.000 0 0 37.366 0.766 28.646 5.352 0 1 2 210 0 0
 2065 133088.000 37293.000 0 0 63.121 33.306 2102.381 45.851 0 1 4 210 0 0
 2066 145939.000 45950.000 0 0 62.190 52.858 3287.331 57.335 0 1 6 210 0 0
 2067 53203.000 46485.000 0 0 56.433 49.349 2784.952 52.772 0 1 7 210 0 0
 2068 67665.000 36725.000 0 0 57.628 29.450 1697.177 41.196 0 1 5 210 0 0
 2069 84718.000 30623.000 0 0 36.588 8.059 294.896 17.172 0 1 1 210 0 0
 2070 101446.000 28977.000 0 0 37.456 0.762 28.578 5.345 0 1 2 210 0 0
 2071 133120.000 37118.000 0 0 66.326 34.934 2317.087 48.136 0 1 4 210 0 0
 2072 145990.000 45771.000 0 0 64.982 55.109 3581.171 59.842 0 1 6 210 0 0
 2073 53145.000 46309.000 0 0 56.618 49.409 2797.518 52.891 0 1 7 210 0 0
 2074 67623.000 36555.000 0 0 60.838 31.047 1888.876 43.461 0 1 5 210 0 0
 2075 84692.000 30454.000 0 0 36.677 8.073 296.115 17.207 0 1 1 210 0 0
 2076 101437.000 28808.000 0 0 37.545 0.758 28.469 5.335 0 1 2 210 0 0
 2077 133145.000 36938.000 0 0 66.515 34.960 2325.399 48.222 0 1 4 210 0 0
 2078 146040.000 45591.000 0 0 65.198 55.169 3596.990 59.974 0 1 6 210 0 0
 2079 53087.000 46136.000 0 0 59.382 51.719 3071.244 55.418 0 1 7 210 0 0
 2080 67581.000 36386.000 0 0 57.937 29.526 1710.691 41.360 0 1 5 210 0 0
 2081 84664.000 30287.000 0 0 36.765 8.088 297.371 17.244 0 1 1 210 0 0
 2082 101426.000 28638.000 0 0 37.635 0.752 28.319 5.321 0 1 2 210 0 0
 2083 133168.000 36760.000 0 0 66.704 34.984 2333.609 48.307 0 1 4 210 0 0
 2084 146087.000 45409.000 0 0 62.813 53.029 3330.976 57.714 0 1 6 210 0 0
 2085 53032.000 45959.000 0 0 62.167 54.031 3359.015 57.957 0 1 7 210 0 0
 2086 67541.000 36216.000 0 0 58.092 29.563 1717.393 41.441 0 1 5 210 0 0
 2087 84643.000 30118.000 0 0 36.854 8.099 298.495 17.277 0 1 1 210 0 0
 2088 101423.000 28468.000 0 0 37.725 0.750 28.328 5.322 0 1 2 210 0 0
 2089 133196.000 36583.000 0 0 69.914 36.597 2558.729 50.583 0 1 4 210 0 0
 2090 146137.000 45228.000 0 0 65.633 55.286 3628.637 60.238 0 1 6 210 0 0
 2091 52974.000 45785.000 0 0 57.171 49.590 2835.170 53.246 0 1 7 210 0 0
 2092 67496.000 36048.000 0 0 61.325 31.168 1911.443 43.720 0 1 5 210 0 0
 2093 84614.000 29949.000 0 0 33.570 7.373 247.524 15.732 0 1 1 210 0 0
 2094 101412.000 28297.000 0 0 37.814 0.745 28.177 5.308 0 1 2 210 0 0
 2095 133222.000 36403.000 0 0 67.080 35.041 2350.612 48.483 0 1 4 210 0 0
 2096 146187.000 45049.000 0 0 63.227 53.143 3360.136 57.966 0 1 6 210 0 0
 2097 52916.000 45610.000 0 0 59.963 51.908 3112.607 55.790 0 1 7 210 0 0
 2098 67458.000 35876.000 0 0 58.401 29.638 1730.922 41.604 0 1 5 210 0 0
 2099 84589.000 29781.000 0 0 37.032 8.127 300.990 17.349 0 1 1 210 0 0
 2100 101405.000 28127.000 0 0 37.904 0.741 28.105 5.301 0 1 2 210 0 0
 2101 133251.000 36226.000 0 0 64.195 33.470 2148.654 46.353 0 1 4 210 0 0
 2102 146237.000 44868.000 0 0 66.065 55.406 3660.402 60.501 0 1 6 210 0 0
 2103 52854.000 45438.000 0 0 60.152 51.976 3126.504 55.915 0 1 7 210 0 0
 2104 67416.000 35708.000 0 0 58.554 29.676 1737.703 41.685 0 1 5 210 0 0
 2105 84567.000 29612.000 0 0 37.121 8.139 302.146 17.382 0 1 1 210 0 0
 2106 101395.000 27956.000 0 0 37.994 0.736 27.973 5.288 0 1 2 210 0 0
 2107 133275.000 36049.000 0 0 70.503 36.684 2586.408 50.856 0 1 4 210 0 0
 2108 146284.000 44687.000 0 0 66.281 55.462 3676.162 60.631 0 1 6 210 0 0
 2109 52798.000 45262.000 0 0 57.736 49.787 2874.553 53.614 0 1 7 210 0 0
 2110 67373.000 35538.000 0 0 58.709 29.715 1744.590 41.768 0 1 5 210 0 0
 2111 84541.000 29444.000 0 0 37.210 8.152 303.371 17.417 0 1 1 210 0 0
 2112 101385.000 27787.000 0 0 38.084 0.730 27.818 5.274 0 1 2 210 0 0
 2113 133301.000 35871.000 0 0 70.699 36.713 2595.644 50.947 0 1 4 210 0 0
 2114 146335.000 44506.000 0 0 66.498 55.523 3692.195 60.763 0 1 6 210 0 0
 2115 52741.000 45087.000 0 0 60.539 52.101 3154.190 56.162 0 1 7 210 0 0
 2116 67333.000 35368.000 0 0 61.977 31.325 1941.482 44.062 0 1 5 210 0 0
 2117 84518.000 29275.000 0 0 37.299 8.165 304.549 17.451 0 1 1 210 0 0
 2118 101378.000 27618.000 0 0 38.173 0.726 27.743 5.267 0 1 2 210 0 0
 2119 133329.000 35694.000 0 0 67.828 35.154 2384.511 48.831 0 1 4 210 0 0
 2120 146383.000 44325.000 0 0 64.060 53.369 3418.868 58.471 0 1 6 210 0 0
 2121 52680.000 44916.000 0 0 58.101 49.911 2899.934 53.851 0 1 7 210 0 0
 2122 67290.000 35200.000 0 0 55.928 28.231 1578.960 39.736 0 1 5 210 0 0
 2123 84489.000 29107.000 0 0 37.388 8.180 305.849 17.488 0 1 1 210 0 0
 2124 101367.000 27446.000 0 0 38.263 0.720 27.588 5.252 0 1 2 210 0 0
 2125 133354.000 35515.000 0 0 68.016 35.181 2392.937 48.917 0 1 4 210 0 0
 2126 146432.000 44146.000 0 0 58.913 48.975 2885.295 53.714 0 1 6 210 0 0
 2127 52621.000 44743.000 0 0 60.918 52.233 3181.994 56.409 0 1 7 210 0 0
 2128 67246.000 35031.000 0 0 59.171 29.831 1765.157 42.013 0 1 5 210 0 0
 2129 84465.000 28938.000 0 0 34.054 7.445 253.542 15.923 0 1 1 210 0 0
 2130 101360.000 27275.000 0 0 38.353 0.717 27.512 5.245 0 1 2 210 0 0
 2131 133382.000 35338.000 0 0 68.203 35.211 2401.517 49.005 0 1 4 210 0 0
 2132 146480.000 43965.000 0 0 61.775 51.242 3165.566 56.263 0 1 6 210 0 0
 2133 52565.000 44567.000 0 0 58.469 50.033 2925.413 54.087 0 1 7 210 0 0
 2134 67206.000 34862.000 0 0 59.325 29.868 1771.943 42.094 0 1 5 210 0 0
 2135 84440.000 28769.000 0 0 37.566 8.206 308.271 17.557 0 1 1 210 0 0
 2136 101349.000 27106.000 0 0 38.443 0.711 27.354 5.230 0 1 2 210 0 0
 2137 133405.000 35159.000 0 0 65.270 33.626 2194.772 46.848 0 1 4 210 0 0
 2138 146528.000 43784.000 0 0 64.683 53.535 3462.876 58.846 0 1 6 210 0 0
 2139 52506.000 44394.000 0 0 63.981 54.647 3496.445 59.130 0 1 7 210 0 0
 2140 67161.000 34693.000 0 0 56.364 28.343 1597.561 39.969 0 1 5 210 0 0
 2141 84414.000 28601.000 0 0 34.216 7.469 255.579 15.986 0 1 1 210 0 0
 2142 101342.000 26936.000 0 0 38.532 0.707 27.277 5.222 0 1 2 210 0 0
 2143 133430.000 34980.000 0 0 65.449 33.651 2202.465 46.930 0 1 4 210 0 0
 2144 146575.000 43602.000 0 0 67.581 55.811 3771.807 61.415 0 1 6 210 0 0
 2145 52447.000 44221.000 0 0 58.834 50.157 2951.015 54.323 0 1 7 210 0 0
 2146 67121.000 34523.000 0 0 59.634 29.944 1785.741 42.258 0 1 5 210 0 0
 2147 84390.000 28432.000 0 0 34.297 7.480 256.576 16.017 0 1 1 210 0 0
 2148 101330.000 26766.000 0 0 38.622 0.701 27.097 5.205 0 1 2 210 0 0
 2149 133457.000 34803.000 0 0 65.627 33.678 2210.242 47.013 0 1 4 210 0 0
 2150 146623.000 43424.000 0 0 70.519 58.114 4098.196 64.017 0 1 6 210 0 0
 2151 52390.000 44046.000 0 0 59.019 50.217 2963.805 54.440 0 1 7 210 0 0
 2152 67078.000 34355.000 0 0 59.787 29.984 1792.720 42.340 0 1 5 210 0 0
 2153 84364.000 28265.000 0 0 37.832 8.246 311.987 17.663 0 1 1 210 0 0
 2154 101320.000 26595.000 0 0 38.712 0.696 26.957 5.191 0 1 2 210 0 0
 2155 133483.000 34625.000 0 0 68.955 35.317 2435.301 49.348 0 1 4 210 0 0
 2156 146669.000 43242.000 0 0 65.307 53.698 3506.881 59.218 0 1 6 210 0 0
 2157 52329.000 43874.000 0 0 59.199 50.282 2976.687 54.559 0 1 7 210 0 0
 2158 67037.000 34186.000 0 0 59.941 30.021 1799.549 42.421 0 1 5 210 0 0
 2159 84336.000 28097.000 0 0 34.457 7.506 258.669 16.083 0 1 1 210 0 0
 2160 101312.000 26425.000 0 0 38.802 0.692 26.856 5.182 0 1 2 210 0 0
 2161 133508.000 34447.000 0 0 65.985 33.730 2225.718 47.177 0 1 4 210 0 0
 2162 146720.000 43064.000 0 0 68.226 55.985 3819.684 61.803 0 1 6 210 0 0
 2163 52276.000 43696.000 0 0 59.387 50.337 2989.445 54.675 0 1 7 210 0 0
 2164 66994.000 34017.000 0 0 56.948 28.487 1622.290 40.277 0 1 5 210 0 0
 2165 84310.000 27928.000 0 0 34.538 7.519 259.706 16.115 0 1 1 210 0 0
 2166 101301.000 26255.000 0 0 38.892 0.686 26.694 5.166 0 1 2 210 0 0
 2167 133532.000 34268.000 0 0 66.166 33.753 2233.339 47.258 0 1 4 210 0 0
 2168 146766.000 42882.000 0 0 65.721 53.810 3536.477 59.468 0 1 6 210 0 0
 2169 52214.000 43528.000 0 0 59.565 50.403 3002.319 54.793 0 1 7 210 0 0
 2170 66950.000 33849.000 0 0 57.093 28.524 1628.590 40.355 0 1 5 210 0 0
 2171 84284.000 27759.000 0 0 34.619 7.531 260.744 16.147 0 1 1 210 0 0
 2172 101289.000 26086.000 0 0 38.981 0.680 26.509 5.148 0 1 2 210 0 0
 2173 133555.000 34089.000 0 0 72.663 36.992 2688.030 51.846 0 1 4 210 0 0
 2174 146814.000 42701.000 0 0 63.169 51.610 3260.206 57.098 0 1 6 210 0 0
 2175 52156.000 43354.000 0 0 62.450 52.745 3293.977 57.393 0 1 7 210 0 0
 2176 66909.000 33680.000 0 0 57.239 28.560 1634.809 40.432 0 1 5 210 0 0
 2177 84261.000 27591.000 0 0 38.187 8.300 316.989 17.804 0 1 1 210 0 0
 2178 101282.000 25915.000 0 0 39.071 0.676 26.427 5.140 0 1 2 210 0 0
 2179 133584.000 33913.000 0 0 72.857 37.024 2697.541 51.937 0 1 4 210 0 0
 2180 146860.000 42519.000 0 0 63.369 51.661 3273.780 57.216 0 1 6 210 0 0
 2181 52095.000 43183.000 0 0 59.929 50.528 3028.152 55.028 0 1 7 210 0 0
 2182 66867.000 33511.000 0 0 54.183 27.000 1463.006 38.249 0 1 5 210 0 0
 2183 84234.000 27423.000 0 0 34.780 7.555 262.789 16.210 0 1 1 210 0 0
 2184 101271.000 25744.000 0 0 39.161 0.670 26.261 5.124 0 1 2 210 0 0
 2185 133608.000 33735.000 0 0 69.894 35.449 2477.710 49.776 0 1 4 210 0 0
 2186 146910.000 42342.000 0 0 66.342 53.975 3580.871 59.840 0 1 6 210 0 0
 2187 52038.000 43010.000 0 0 60.111 50.588 3040.983 55.145 0 1 7 210 0 0
 2188 66825.000 33342.000 0 0 57.531 28.632 1647.278 40.586 0 1 5 210 0 0
 2189 84204.000 27254.000 0 0 34.861 7.570 263.905 16.245 0 1 1 210 0 0
 2190 101262.000 25574.000 0 0 39.251 0.665 26.137 5.112 0 1 2 210 0 0
 2191 133632.000 33557.000 0 0 66.882 33.854 2264.275 47.584 0 1 4 210 0 0
 2192 146957.000 42161.000 0 0 63.764 51.768 3300.999 57.454 0 1 6 210 0 0
 2193 51978.000 42837.000 0 0 60.293 50.652 3054.035 55.263 0 1 7 210 0 0
 2194 66782.000 33174.000 0 0 57.676 28.670 1653.617 40.664 0 1 5 210 0 0
 2195 84183.000 27085.000 0 0 34.942 7.580 264.865 16.274 0 1 1 210 0 0
 2196 101251.000 25403.000 0 0 39.341 0.660 25.970 5.096 0 1 2 210 0 0
 2197 133658.000 33380.000 0 0 67.060 33.880 2272.024 47.665 0 1 4 210 0 0
 2198 147006.000 41982.000 0 0 63.962 51.822 3314.670 57.573 0 1 6 210 0 0
 2199 51918.000 42667.000 0 0 57.712 48.400 2793.277 52.851 0 1 7 210 0 0
 2200 66737.000 33006.000 0 0 54.594 27.107 1479.906 38.469 0 1 5 210 0 0
 2201 84154.000 26918.000 0 0 35.022 7.593 265.962 16.308 0 1 1 210 0 0
 2202 101239.000 25234.000 0 0 39.430 0.653 25.779 5.077 0 1 2 210 0 0
 2203 133679.000 33202.000 0 0 70.456 35.524 2502.928 50.029 0 1 4 210 0 0
 2204 147051.000 41799.000 0 0 58.585 47.361 2774.711 52.675 0 1 6 210 0 0
 2205 51859.000 42494.000 0 0 63.397 53.073 3364.713 58.006 0 1 7 210 0 0
 2206 66697.000 32836.000 0 0 54.733 27.139 1485.441 38.541 0 1 5 210 0 0
 2207 84128.000 26750.000 0 0 35.102 7.606 267.005 16.340 0 1 1 210 0 0
 2208 101235.000 25064.000 0 0 39.520 0.651 25.756 5.075 0 1 2 210 0 0
 2209 133707.000 33025.000 0 0 67.417 33.929 2287.462 47.827 0 1 4 210 0 0
 2210 147100.000 41621.000 0 0 67.172 54.194 3640.343 60.335 0 1 6 210 0 0
 2211 51800.000 42322.000 0 0 58.058 48.519 2816.966 53.075 0 1 7 210 0 0
 2212 66652.000 32668.000 0 0 58.113 28.782 1672.648 40.898 0 1 5 210 0 0
 2213 84103.000 26581.000 0 0 35.184 7.618 268.046 16.372 0 1 1 210 0 0
 2214 101220.000 24893.000 0 0 39.610 0.643 25.502 5.049 0 1 2 210 0 0
 2215 133731.000 32847.000 0 0 67.596 33.954 2295.190 47.908 0 1 4 210 0 0
 2216 147148.000 41441.000 0 0 67.379 54.249 3655.265 60.458 0 1 6 210 0 0
 2217 51741.000 42150.000 0 0 58.232 48.578 2828.836 53.186 0 1 7 210 0 0
 2218 66608.000 32500.000 0 0 55.006 27.211 1496.834 38.688 0 1 5 210 0 0
 2219 84075.000 26413.000 0 0 35.264 7.631 269.131 16.405 0 1 1 210 0 0
 2220 101211.000 24723.000 0 0 43.289 0.696 30.163 5.492 0 1 2 210 0 0
 2221 133755.000 32669.000 0 0 74.229 37.214 2762.375 52.558 0 1 4 210 0 0
 2222 147194.000 41261.000 0 0 67.585 54.302 3670.070 60.581 0 1 6 210 0 0
 2223 51684.000 41976.000 0 0 61.202 50.962 3119.002 55.848 0 1 7 210 0 0
 2224 66566.000 32332.000 0 0 55.144 27.245 1502.462 38.761 0 1 5 210 0 0
 2225 84049.000 26245.000 0 0 35.345 7.644 270.188 16.437 0 1 1 210 0 0
 2226 101201.000 24552.000 0 0 39.790 0.633 25.221 5.022 0 1 2 210 0 0
 2227 133782.000 32492.000 0 0 64.734 32.394 2097.043 45.793 0 1 4 210 0 0
 2228 147242.000 41082.000 0 0 64.954 52.082 3383.013 58.163 0 1 6 210 0 0
 2229 51621.000 41809.000 0 0 55.801 46.392 2588.735 50.879 0 1 7 210 0 0
 2230 66522.000 32164.000 0 0 55.281 27.281 1508.168 38.835 0 1 5 210 0 0
 2231 84021.000 26077.000 0 0 35.425 7.657 271.277 16.470 0 1 1 210 0 0
 2232 101188.000 24382.000 0 0 39.879 0.627 25.005 5.000 0 1 2 210 0 0
 2233 133803.000 32314.000 0 0 68.133 34.026 2318.369 48.149 0 1 4 210 0 0
 2234 147284.000 40898.000 0 0 68.003 54.406 3699.845 60.826 0 1 6 210 0 0
 2235 51566.000 41634.000 0 0 61.563 51.087 3145.094 56.081 0 1 7 210 0 0
 2236 66481.000 31995.000 0 0 55.418 27.315 1513.814 38.907 0 1 5 210 0 0
 2237 83996.000 25909.000 0 0 35.506 7.669 272.315 16.501 0 1 1 210 0 0
 2238 101180.000 24213.000 0 0 39.969 0.622 24.893 4.989 0 1 2 210 0 0
 2239 133829.000 32137.000 0 0 68.311 34.053 2326.223 48.230 0 1 4 210 0 0
 2240 147335.000 40721.000 0 0 65.352 52.184 3410.431 58.398 0 1 6 210 0 0
 2241 51506.000 41462.000 0 0 61.743 51.150 3158.220 56.198 0 1 7 210 0 0
 2242 66436.000 31826.000 0 0 55.556 27.352 1519.605 38.982 0 1 5 210 0 0
 2243 83969.000 25740.000 0 0 32.046 6.918 221.707 14.889 0 1 1 210 0 0
 2244 101169.000 24042.000 0 0 40.058 0.616 24.697 4.969 0 1 2 210 0 0
 2245 133852.000 31958.000 0 0 71.769 35.706 2562.639 50.622 0 1 4 210 0 0
 2246 147381.000 40539.000 0 0 65.553 52.235 3424.232 58.516 0 1 6 210 0 0
 2247 51445.000 41291.000 0 0 61.924 51.214 3171.460 56.315 0 1 7 210 0 0
 2248 66394.000 31659.000 0 0 55.692 27.386 1525.242 39.054 0 1 5 210 0 0
 2249 83941.000 25573.000 0 0 32.118 6.930 222.592 14.919 0 1 1 210 0 0
 2250 101157.000 23872.000 0 0 40.148 0.610 24.499 4.949 0 1 2 210 0 0
 2251 133875.000 31779.000 0 0 71.957 35.730 2571.095 50.705 0 1 4 210 0 0
 2252 147429.000 40361.000 0 0 65.749 52.288 3437.949 58.634 0 1 6 210 0 0
 2253 39228.000 53710.000 0 0 55.480 72.837 4041.033 63.569 0 1 10 210 0 0
 2254 51385.000 41121.000 0 0 62.103 51.277 3184.550 56.431 0 1 7 210 0 0
 2255 66351.000 31489.000 0 0 55.831 27.421 1530.955 39.127 0 1 5 210 0 0
 2256 83916.000 25405.000 0 0 32.190 6.941 223.441 14.947 0 1 1 210 0 0
 2257 101150.000 23702.000 0 0 43.876 0.661 29.040 5.388 0 1 2 210 0 0
 2258 133901.000 31602.000 0 0 65.588 32.508 2132.207 46.175 0 1 4 210 0 0
 2259 147473.000 40180.000 0 0 60.215 47.787 2877.518 53.642 0 1 6 210 0 0
 2260 39149.000 53534.000 0 0 60.144 78.764 4737.294 68.828 0 1 10 210 0 0
 2261 51325.000 40950.000 0 0 62.284 51.341 3197.732 56.548 0 1 7 210 0 0
 2262 66307.000 31322.000 0 0 55.966 27.457 1536.707 39.200 0 1 5 210 0 0
 2263 83886.000 25238.000 0 0 35.828 7.722 276.686 16.633 0 1 1 210 0 0
 2264 101136.000 23531.000 0 0 40.328 0.599 24.165 4.915 0 1 2 210 0 0
 2265 133922.000 31423.000 0 0 69.030 34.146 2357.143 48.550 0 1 4 210 0 0
 2266 147519.000 39998.000 0 0 66.149 52.387 3465.416 58.867 0 1 6 210 0 0
 2267 51268.000 40777.000 0 0 59.614 49.054 2924.356 54.077 0 1 7 210 0 0
 2268 66263.000 31154.000 0 0 52.788 25.868 1365.527 36.953 0 1 5 210 0 0
 2269 83859.000 25069.000 0 0 32.335 6.965 225.242 15.008 0 1 1 210 0 0
 2270 101128.000 23361.000 0 0 40.418 0.595 24.049 4.903 0 1 2 210 0 0
 2271 133947.000 31247.000 0 0 69.207 34.171 2364.947 48.630 0 1 4 210 0 0
 2272 147565.000 39818.000 0 0 63.478 50.170 3184.737 56.433 0 1 6 210 0 0
 2273 51210.000 40605.000 0 0 62.648 51.462 3224.055 56.780 0 1 7 210 0 0
 2274 66223.000 30985.000 0 0 52.918 25.898 1370.523 37.020 0 1 5 210 0 0
 2275 83834.000 24901.000 0 0 32.408 6.976 226.096 15.036 0 1 1 210 0 0
 2276 101116.000 23192.000 0 0 40.507 0.588 23.846 4.883 0 1 2 210 0 0
 2277 133971.000 31068.000 0 0 66.100 32.576 2153.316 46.403 0 1 4 210 0 0
 2278 147612.000 39639.000 0 0 69.451 54.783 3804.785 61.682 0 1 6 210 0 0
 2279 38921.000 52995.000 0 0 56.337 73.205 4124.236 64.220 0 1 10 210 0 0
 2280 51147.000 40438.000 0 0 59.956 49.176 2948.405 54.299 0 1 7 210 0 0
 2281 66176.000 30819.000 0 0 56.377 27.564 1553.987 39.420 0 1 5 210 0 0
 2282 83804.000 24733.000 0 0 36.069 7.761 279.966 16.732 0 1 1 210 0 0
 2283 101103.000 23020.000 0 0 40.597 0.581 23.622 4.860 0 1 2 210 0 0
 2284 133992.000 30890.000 0 0 62.943 30.958 1948.639 44.143 0 1 4 210 0 0
 2285 147654.000 39456.000 0 0 66.747 52.536 3506.637 59.216 0 1 6 210 0 0
 2286 38841.000 52821.000 0 0 61.067 79.162 4834.290 69.529 0 1 10 210 0 0
 2287 51090.000 40264.000 0 0 63.007 51.588 3250.472 57.012 0 1 7 210 0 0
 2288 66133.000 30650.000 0 0 53.174 25.967 1380.824 37.159 0 1 5 210 0 0
 2289 83777.000 24565.000 0 0 32.553 7.001 227.908 15.096 0 1 1 210 0 0
 2290 101095.000 22851.000 0 0 40.687 0.577 23.504 4.848 0 1 2 210 0 0
 2291 134018.000 30713.000 0 0 66.441 32.620 2167.352 46.554 0 1 4 210 0 0
 2292 147705.000 39280.000 0 0 69.865 54.890 3834.935 61.926 0 1 6 210 0 0
 2293 38766.000 52641.000 0 0 59.031 76.326 4505.641 67.124 0 1 10 210 0 0
 2294 51029.000 40094.000 0 0 60.302 49.295 2972.610 54.521 0 1 7 210 0 0
 2295 66089.000 30483.000 0 0 53.303 26.001 1385.968 37.228 0 1 5 210 0 0
 2296 83749.000 24397.000 0 0 32.625 7.013 228.808 15.126 0 1 1 210 0 0
 2297 101080.000 22681.000 0 0 37.053 0.517 19.187 4.380 0 1 2 210 0 0
 2298 134040.000 30535.000 0 0 69.924 34.265 2396.003 48.948 0 1 4 210 0 0
 2299 147750.000 39099.000 0 0 67.140 52.642 3534.421 59.450 0 1 6 210 0 0
 2300 50970.000 39924.000 0 0 57.608 47.016 2708.561 52.043 0 1 7 210 0 0
 2301 66046.000 30314.000 0 0 56.788 27.669 1571.319 39.639 0 1 5 210 0 0
 2302 83724.000 24229.000 0 0 32.698 7.023 229.669 15.154 0 1 1 210 0 0
 2303 101069.000 22510.000 0 0 40.867 0.564 23.049 4.800 0 1 2 210 0 0
 2304 134054.000 30353.000 0 0 70.106 34.279 2403.234 49.022 0 1 4 210 0 0
 2305 147801.000 38923.000 0 0 70.276 55.000 3865.213 62.170 0 1 6 210 0 0
 2306 50911.000 39753.000 0 0 60.644 49.413 2996.670 54.741 0 1 7 210 0 0
 2307 66004.000 30146.000 0 0 53.561 26.067 1396.193 37.365 0 1 5 210 0 0
 2308 83696.000 24060.000 0 0 32.771 7.036 230.579 15.184 0 1 1 210 0 0
 2309 101061.000 22341.000 0 0 40.956 0.559 22.927 4.788 0 1 2 210 0 0
 2310 134084.000 30178.000 0 0 73.646 35.951 2647.686 51.455 0 1 4 210 0 0
 2311 147839.000 38737.000 0 0 67.539 52.740 3562.066 59.683 0 1 6 210 0 0
 2312 50847.000 39585.000 0 0 60.814 49.477 3008.967 54.854 0 1 7 210 0 0
 2313 65955.000 29980.000 0 0 57.060 27.743 1583.071 39.787 0 1 5 210 0 0
 2314 83667.000 23892.000 0 0 32.843 7.048 231.498 15.215 0 1 1 210 0 0
 2315 101048.000 22171.000 0 0 41.046 0.552 22.697 4.764 0 1 2 210 0 0
 2316 134108.000 30000.000 0 0 67.124 32.707 2195.460 46.855 0 1 4 210 0 0
 2317 147886.000 38558.000 0 0 70.696 55.098 3895.232 62.411 0 1 6 210 0 0
 2318 50791.000 39412.000 0 0 58.099 47.187 2741.610 52.360 0 1 7 210 0 0
 2319 65916.000 29810.000 0 0 53.818 26.134 1406.499 37.503 0 1 5 210 0 0
 2320 83639.000 23725.000 0 0 32.915 7.060 232.405 15.244 0 1 1 210 0 0
 2321 101035.000 22000.000 0 0 41.135 0.546 22.466 4.739 0 1 2 210 0 0
 2322 134133.000 29823.000 0 0 70.640 34.358 2427.109 49.265 0 1 4 210 0 0
 2323 147928.000 38377.000 0 0 67.936 52.839 3589.699 59.914 0 1 6 210 0 0
 2324 38380.000 51754.000 0 0 57.824 73.853 4270.581 65.349 0 1 10 210 0 0
 2325 50728.000 39244.000 0 0 58.260 47.248 2752.720 52.466 0 1 7 210 0 0
 2326 65868.000 29646.000 0 0 50.589 24.543 1241.654 35.237 0 1 5 210 0 0
 2327 83611.000 23558.000 0 0 32.987 7.072 233.311 15.274 0 1 1 210 0 0
 2328 101022.000 21829.000 0 0 41.226 0.539 22.234 4.715 0 1 2 210 0 0
 2329 134153.000 29644.000 0 0 70.821 34.378 2434.746 49.343 0 1 4 210 0 0
 2330 147975.000 38197.000 0 0 65.188 50.602 3298.711 57.434 0 1 6 210 0 0
 2331 38300.000 51581.000 0 0 58.032 73.949 4291.495 65.509 0 1 10 210 0 0
 2332 50666.000 39074.000 0 0 61.329 49.660 3045.600 55.186 0 1 7 210 0 0
 2333 65825.000 29478.000 0 0 50.710 24.574 1246.188 35.301 0 1 5 210 0 0
 2334 83583.000 23390.000 0 0 33.060 7.084 234.222 15.304 0 1 1 210 0 0
 2335 101013.000 21659.000 0 0 41.315 0.534 22.086 4.699 0 1 2 210 0 0
 2336 134174.000 29466.000 0 0 67.636 32.770 2216.492 47.079 0 1 4 210 0 0
 2337 148021.000 38018.000 0 0 74.273 57.544 4274.010 65.375 0 1 6 210 0 0
 2338 38225.000 51402.000 0 0 58.247 74.040 4312.647 65.670 0 1 10 210 0 0
 2339 50610.000 38902.000 0 0 61.501 49.716 3057.681 55.296 0 1 7 210 0 0
 2340 65782.000 29310.000 0 0 50.831 24.605 1250.729 35.365 0 1 5 210 0 0
 2341 83554.000 23221.000 0 0 33.133 7.097 235.154 15.334 0 1 1 210 0 0
 2342 101000.000 21489.000 0 0 41.405 0.527 21.852 4.674 0 1 2 210 0 0
 2343 134199.000 29290.000 0 0 71.177 34.425 2450.302 49.500 0 1 4 210 0 0
 2344 148066.000 37839.000 0 0 71.524 55.305 3955.689 62.894 0 1 6 210 0 0
 2345 38149.000 51222.000 0 0 60.799 77.094 4687.318 68.463 0 1 10 210 0 0
 2346 50548.000 38733.000 0 0 58.750 47.420 2785.984 52.782 0 1 7 210 0 0
 2347 65737.000 29142.000 0 0 54.331 26.271 1427.376 37.780 0 1 5 210 0 0
 2348 83527.000 23053.000 0 0 33.205 7.108 236.055 15.364 0 1 1 210 0 0
 2349 100987.000 21320.000 0 0 41.494 0.520 21.616 4.649 0 1 2 210 0 0
 2350 134219.000 29109.000 0 0 64.564 31.165 2012.191 44.857 0 1 4 210 0 0
 2351 148112.000 37659.000 0 0 68.728 53.041 3645.430 60.377 0 1 6 210 0 0
 2352 38070.000 51047.000 0 0 58.672 74.225 4354.996 65.992 0 1 10 210 0 0
 2353 50487.000 38563.000 0 0 61.843 49.839 3082.284 55.518 0 1 7 210 0 0
 2354 65694.000 28975.000 0 0 54.459 26.304 1432.532 37.848 0 1 5 210 0 0
 2355 83498.000 22886.000 0 0 33.277 7.121 236.981 15.394 0 1 1 210 0 0
 2356 100978.000 21150.000 0 0 41.584 0.516 21.466 4.633 0 1 2 210 0 0
 2357 134247.000 28934.000 0 0 68.147 32.840 2237.963 47.307 0 1 4 210 0 0
 2358 148156.000 37480.000 0 0 65.944 50.793 3349.570 57.875 0 1 6 210 0 0
 2359 37996.000 50868.000 0 0 56.520 71.328 4031.495 63.494 0 1 10 210 0 0
 2360 50427.000 38394.000 0 0 59.075 47.536 2808.260 52.993 0 1 7 210 0 0
 2361 65650.000 28807.000 0 0 54.587 26.338 1437.745 37.917 0 1 5 210 0 0
 2362 83471.000 22718.000 0 0 33.350 7.132 237.886 15.423 0 1 1 210 0 0
 2363 100965.000 20979.000 0 0 41.674 0.509 21.227 4.607 0 1 2 210 0 0
 2364 134265.000 28755.000 0 0 68.318 32.857 2244.777 47.379 0 1 4 210 0 0
 2365 148202.000 37301.000 0 0 66.133 50.842 3362.378 57.986 0 1 6 210 0 0
 2366 37915.000 50697.000 0 0 61.454 77.387 4755.768 68.962 0 1 10 210 0 0
 2367 50371.000 38223.000 0 0 62.185 49.957 3106.643 55.737 0 1 7 210 0 0
 2368 65603.000 28641.000 0 0 58.151 28.031 1630.054 40.373 0 1 5 210 0 0
 2369 83441.000 22550.000 0 0 37.115 7.935 294.537 17.162 0 1 1 210 0 0
 2370 100952.000 20808.000 0 0 41.764 0.502 20.988 4.581 0 1 2 210 0 0
 2371 134284.000 28576.000 0 0 71.896 34.511 2481.226 49.811 0 1 4 210 0 0
 2372 148242.000 37117.000 0 0 66.326 50.884 3375.035 58.095 0 1 6 210 0 0
 2373 37838.000 50522.000 0 0 54.547 68.530 3738.198 61.140 0 1 10 210 0 0
 2374 50309.000 38053.000 0 0 62.356 50.019 3119.052 55.848 0 1 7 210 0 0
 2375 65561.000 28473.000 0 0 51.433 24.764 1273.732 35.689 0 1 5 210 0 0
 2376 83414.000 22383.000 0 0 33.494 7.157 239.740 15.483 0 1 1 210 0 0
 2377 100942.000 20638.000 0 0 41.854 0.497 20.814 4.562 0 1 2 210 0 0
 2378 134309.000 28399.000 0 0 75.522 36.188 2733.035 52.278 0 1 4 210 0 0
 2379 148289.000 36940.000 0 0 69.521 53.236 3701.042 60.836 0 1 6 210 0 0
 2380 37759.000 50348.000 0 0 57.118 71.600 4089.729 63.950 0 1 10 210 0 0
 2381 50246.000 37886.000 0 0 59.562 47.711 2841.803 53.308 0 1 7 210 0 0
 2382 65513.000 28307.000 0 0 54.971 26.443 1453.614 38.126 0 1 5 210 0 0
 2383 83387.000 22215.000 0 0 33.567 7.169 240.650 15.512 0 1 1 210 0 0
 2384 100925.000 20468.000 0 0 41.944 0.488 20.483 4.525 0 1 2 210 0 0
 2385 134327.000 28221.000 0 0 72.253 34.554 2496.690 49.966 0 1 4 210 0 0
 2386 148333.000 36758.000 0 0 66.705 50.980 3400.661 58.315 0 1 6 210 0 0
 2387 37685.000 50168.000 0 0 54.937 68.699 3774.161 61.434 0 1 10 210 0 0
 2388 50187.000 37716.000 0 0 62.695 50.142 3143.704 56.068 0 1 7 210 0 0
 2389 65470.000 28139.000 0 0 55.100 26.476 1458.834 38.194 0 1 5 210 0 0
 2390 83358.000 22046.000 0 0 33.640 7.181 241.594 15.543 0 1 1 210 0 0
 2391 100917.000 20298.000 0 0 42.033 0.483 20.329 4.508 0 1 2 210 0 0
 2392 118047.000 22353.000 0 0 40.949 9.517 389.756 19.742 0 1 3 210 0 0
 2393 134351.000 28042.000 0 0 69.002 32.940 2272.938 47.675 0 1 4 210 0 0
 2394 148378.000 36582.000 0 0 69.916 53.334 3728.966 61.065 0 1 6 210 0 0
 2395 37607.000 49995.000 0 0 62.329 77.770 4847.354 69.622 0 1 10 210 0 0
 2396 50130.000 37544.000 0 0 59.890 47.821 2864.070 53.517 0 1 7 210 0 0
 2397 65427.000 27972.000 0 0 51.793 24.861 1287.652 35.883 0 1 5 210 0 0
 2398 83329.000 21879.000 0 0 29.949 6.391 191.418 13.835 0 1 1 210 0 0
 2399 100903.000 20129.000 0 0 42.122 0.476 20.061 4.478 0 1 2 210 0 0
 2400 118053.000 22181.000 0 0 44.751 10.381 464.599 21.554 0 1 3 210 0 0
 2401 134372.000 27863.000 0 0 69.174 32.960 2280.012 47.749 0 1 4 210 0 0
 2402 148419.000 36397.000 0 0 67.086 51.070 3426.146 58.533 0 1 6 210 0 0
 2403 37530.000 49819.000 0 0 62.549 77.866 4870.518 69.789 0 1 10 210 0 0
 2404 50061.000 37382.000 0 0 60.046 47.888 2875.495 53.623 0 1 7 210 0 0
 2405 65385.000 27803.000 0 0 51.914 24.891 1292.233 35.947 0 1 5 210 0 0
 2406 83303.000 21710.000 0 0 33.785 7.205 243.436 15.602 0 1 1 210 0 0
 2407 100889.000 19958.000 0 0 42.212 0.468 19.793 4.448 0 1 2 210 0 0
 2408 118053.000 22007.000 0 0 48.607 11.251 546.898 23.385 0 1 3 210 0 0
 2409 134396.000 27687.000 0 0 72.790 34.623 2520.265 50.202 0 1 4 210 0 0
 2410 148464.000 36218.000 0 0 67.275 51.118 3439.007 58.643 0 1 6 210 0 0
 2411 37452.000 49644.000 0 0 60.353 74.966 4524.491 67.264 0 1 10 210 0 0
 2412 50008.000 37207.000 0 0 63.208 50.322 3180.822 56.398 0 1 7 210 0 0
 2413 65335.000 27638.000 0 0 52.033 24.927 1297.043 36.014 0 1 5 210 0 0
 2414 83271.000 21543.000 0 0 33.857 7.219 244.422 15.634 0 1 1 210 0 0
 2415 100880.000 19788.000 0 0 42.302 0.464 19.635 4.431 0 1 2 210 0 0
 2416 118063.000 21834.000 0 0 52.442 12.118 635.532 25.209 0 1 3 210 0 0
 2417 134415.000 27507.000 0 0 66.023 31.344 2069.499 45.491 0 1 4 210 0 0
 2418 148507.000 36039.000 0 0 67.464 51.163 3451.743 58.751 0 1 6 210 0 0
 2419 37372.000 49473.000 0 0 58.125 72.046 4187.735 64.712 0 1 10 210 0 0
 2420 49946.000 37039.000 0 0 60.375 47.998 2897.904 53.832 0 1 7 210 0 0
 2421 65290.000 27472.000 0 0 52.153 24.959 1301.720 36.079 0 1 5 210 0 0
 2422 83245.000 21375.000 0 0 33.929 7.230 245.341 15.663 0 1 1 210 0 0
 2423 100865.000 19617.000 0 0 38.521 0.414 15.973 3.996 0 1 2 210 0 0
 2424 118067.000 21661.000 0 0 45.050 10.389 468.073 21.634 0 1 3 210 0 0
 2425 134435.000 27330.000 0 0 73.149 34.662 2535.574 50.354 0 1 4 210 0 0
 2426 148549.000 35858.000 0 0 64.566 48.870 3155.388 56.172 0 1 6 210 0 0
 2427 37295.000 49298.000 0 0 60.768 75.154 4566.967 67.579 0 1 10 210 0 0
 2428 49885.000 36870.000 0 0 57.496 45.643 2624.327 51.228 0 1 7 210 0 0
 2429 65245.000 27305.000 0 0 52.273 24.991 1306.405 36.144 0 1 5 210 0 0
 2430 83214.000 21208.000 0 0 34.001 7.244 246.318 15.694 0 1 1 210 0 0
 2431 100853.000 19447.000 0 0 42.482 0.449 19.117 4.372 0 1 2 210 0 0
 2432 118074.000 21487.000 0 0 26.356 6.067 159.914 12.645 0 1 3 210 0 0
 2433 134460.000 27153.000 0 0 73.328 34.688 2543.620 50.434 0 1 4 210 0 0
 2434 148596.000 35680.000 0 0 70.909 53.575 3799.036 61.636 0 1 6 210 0 0
 2435 37220.000 49122.000 0 0 56.090 69.211 3882.121 62.306 0 1 10 210 0 0
 2436 49823.000 36702.000 0 0 60.697 48.116 2920.552 54.042 0 1 7 210 0 0
 2437 65200.000 27138.000 0 0 52.393 25.024 1311.097 36.209 0 1 5 210 0 0
 2438 83185.000 21040.000 0 0 34.074 7.256 247.266 15.724 0 1 1 210 0 0
 2439 100843.000 19277.000 0 0 42.572 0.444 18.933 4.351 0 1 2 210 0 0
 2440 118062.000 21311.000 0 0 26.415 6.063 160.167 12.655 0 1 3 210 0 0
 2441 134481.000 26975.000 0 0 70.025 33.065 2315.415 48.118 0 1 4 210 0 0
 2442 148639.000 35501.000 0 0 64.925 48.961 3178.828 56.381 0 1 6 210 0 0
 2443 37140.000 48949.000 0 0 53.834 66.287 3568.566 59.737 0 1 10 210 0 0
 2444 49763.000 36534.000 0 0 57.802 45.754 2644.708 51.426 0 1 7 210 0 0
 2445 65151.000 26974.000 0 0 52.511 25.059 1315.893 36.275 0 1 5 210 0 0
 2446 83154.000 20873.000 0 0 34.146 7.270 248.247 15.755 0 1 1 210 0 0
 2447 100825.000 19108.000 0 0 42.661 0.435 18.569 4.309 0 1 2 210 0 0
 2448 118075.000 21139.000 0 0 52.908 12.126 641.616 25.330 0 1 3 210 0 0
 2449 134497.000 26795.000 0 0 70.198 33.080 2322.205 48.189 0 1 4 210 0 0
 2450 148684.000 35321.000 0 0 68.222 51.351 3503.273 59.188 0 1 6 210 0 0
 2451 37066.000 48773.000 0 0 58.930 72.397 4266.456 65.318 0 1 10 210 0 0
 2452 49702.000 36366.000 0 0 61.020 48.232 2943.153 54.250 0 1 7 210 0 0
 2453 65111.000 26802.000 0 0 49.109 23.407 1149.534 33.904 0 1 5 210 0 0
 2454 83128.000 20706.000 0 0 30.399 6.468 196.644 14.022 0 1 1 210 0 0
 2455 100815.000 18938.000 0 0 42.751 0.430 18.383 4.287 0 1 2 210 0 0
 2456 118079.000 20966.000 0 0 53.025 12.129 643.176 25.360 0 1 3 210 0 0
 2457 134522.000 26620.000 0 0 73.865 34.750 2566.864 50.664 0 1 4 210 0 0
 2458 148729.000 35143.000 0 0 65.286 49.051 3202.360 56.589 0 1 6 210 0 0
 2459 36989.000 48598.000 0 0 59.131 72.486 4286.228 65.469 0 1 10 210 0 0
 2460 49642.000 36196.000 0 0 61.182 48.289 2954.503 54.355 0 1 7 210 0 0
 2461 65065.000 26637.000 0 0 52.753 25.121 1325.230 36.403 0 1 5 210 0 0
 2462 83096.000 20539.000 0 0 30.463 6.480 197.432 14.051 0 1 1 210 0 0
 2463 100801.000 18767.000 0 0 42.840 0.422 18.107 4.255 0 1 2 210 0 0
 2464 118082.000 20792.000 0 0 53.141 12.131 644.695 25.390 0 1 3 210 0 0
 2465 134543.000 26441.000 0 0 70.537 33.124 2336.478 48.337 0 1 4 210 0 0
 2466 148771.000 34960.000 0 0 65.469 49.093 3214.135 56.693 0 1 6 210 0 0
 2467 36911.000 48426.000 0 0 61.813 75.615 4674.067 68.367 0 1 10 210 0 0
 2468 49580.000 36027.000 0 0 61.345 48.348 2965.967 54.460 0 1 7 210 0 0
 2469 65017.000 26473.000 0 0 52.871 25.155 1330.013 36.469 0 1 5 210 0 0
 2470 83069.000 20371.000 0 0 30.528 6.491 198.165 14.077 0 1 1 210 0 0
 2471 100787.000 18597.000 0 0 42.930 0.415 17.828 4.222 0 1 2 210 0 0
 2472 118086.000 20619.000 0 0 53.257 12.134 646.255 25.421 0 1 3 210 0 0
 2473 134563.000 26263.000 0 0 67.157 31.478 2114.018 45.978 0 1 4 210 0 0
 2474 148814.000 34779.000 0 0 65.652 49.137 3225.951 56.797 0 1 6 210 0 0
 2475 36833.000 48252.000 0 0 64.501 78.735 5078.570 71.264 0 1 10 210 0 0
 2476 49519.000 35861.000 0 0 61.504 48.408 2977.325 54.564 0 1 7 210 0 0
 2477 64975.000 26304.000 0 0 49.443 23.498 1161.859 34.086 0 1 5 210 0 0
 2478 83039.000 20203.000 0 0 34.435 7.319 252.055 15.876 0 1 1 210 0 0
 2479 100773.000 18426.000 0 0 43.020 0.407 17.550 4.189 0 1 2 210 0 0
 2480 118091.000 20446.000 0 0 57.205 13.009 744.188 27.279 0 1 3 210 0 0
 2481 134584.000 26084.000 0 0 70.879 33.163 2350.632 48.483 0 1 4 210 0 0
 2482 148857.000 34601.000 0 0 68.981 51.532 3554.775 59.621 0 1 6 210 0 0
 2483 36755.000 48081.000 0 0 59.726 72.755 4345.477 65.920 0 1 10 210 0 0
 2484 49456.000 35692.000 0 0 61.666 48.467 2988.833 54.670 0 1 7 210 0 0
 2485 64927.000 26139.000 0 0 53.111 25.219 1339.479 36.598 0 1 5 210 0 0
 2486 83010.000 20036.000 0 0 30.656 6.513 199.692 14.131 0 1 1 210 0 0
 2487 100759.000 18256.000 0 0 43.110 0.400 17.269 4.155 0 1 2 210 0 0
 2488 118090.000 20270.000 0 0 57.331 13.008 745.797 27.309 0 1 3 210 0 0
 2489 134603.000 25907.000 0 0 74.583 34.832 2597.905 50.969 0 1 4 210 0 0
 2490 148899.000 34419.000 0 0 69.172 51.577 3567.751 59.730 0 1 6 210 0 0
 2491 36677.000 47908.000 0 0 57.429 69.810 4009.200 63.318 0 1 10 210 0 0
 2492 49399.000 35524.000 0 0 61.827 48.522 3000.072 54.772 0 1 7 210 0 0
 2493 64883.000 25970.000 0 0 53.232 25.251 1344.220 36.663 0 1 5 210 0 0
 2494 82983.000 19868.000 0 0 30.721 6.524 200.429 14.157 0 1 1 210 0 0
 2495 100749.000 18086.000 0 0 43.200 0.395 17.078 4.132 0 1 2 210 0 0
 2496 118095.000 20097.000 0 0 61.266 13.874 850.060 29.155 0 1 3 210 0 0
 2497 134624.000 25729.000 0 0 71.220 33.201 2364.666 48.627 0 1 4 210 0 0
 2498 148946.000 34244.000 0 0 69.358 51.626 3580.748 59.839 0 1 6 210 0 0
 2499 36600.000 47736.000 0 0 62.640 75.987 4759.922 68.992 0 1 10 210 0 0
 2500 49338.000 35356.000 0 0 61.989 48.581 3011.525 54.877 0 1 7 210 0 0
 2501 64837.000 25806.000 0 0 53.351 25.285 1349.010 36.728 0 1 5 210 0 0
 2502 82952.000 19699.000 0 0 30.785 6.536 201.216 14.185 0 1 1 210 0 0
 2503 100734.000 17916.000 0 0 43.289 0.387 16.773 4.095 0 1 2 210 0 0
 2504 118098.000 19925.000 0 0 61.397 13.877 852.025 29.189 0 1 3 210 0 0
 2505 134645.000 25552.000 0 0 71.390 33.222 2371.725 48.700 0 1 4 210 0 0
 2506 148985.000 34061.000 0 0 66.375 49.309 3272.899 57.209 0 1 6 210 0 0
 2507 36522.000 47563.000 0 0 60.323 73.023 4404.990 66.370 0 1 10 210 0 0
 2508 49275.000 35188.000 0 0 59.028 46.198 2727.056 52.221 0 1 7 210 0 0
 2509 64791.000 25638.000 0 0 49.890 23.622 1178.524 34.329 0 1 5 210 0 0
 2510 82920.000 19532.000 0 0 30.849 6.548 202.013 14.213 0 1 1 210 0 0
 2511 100720.000 17747.000 0 0 43.379 0.380 16.487 4.060 0 1 2 210 0 0
 2512 118100.000 19751.000 0 0 61.531 13.878 853.992 29.223 0 1 3 210 0 0
 2513 134663.000 25372.000 0 0 71.562 33.239 2378.708 48.772 0 1 4 210 0 0
 2514 149031.000 33883.000 0 0 69.737 51.717 3606.637 60.055 0 1 6 210 0 0
 2515 36444.000 47388.000 0 0 60.523 73.113 4425.040 66.520 0 1 10 210 0 0
 2516 49214.000 35019.000 0 0 59.182 46.254 2737.417 52.320 0 1 7 210 0 0
 2517 64747.000 25472.000 0 0 50.001 23.652 1182.655 34.389 0 1 5 210 0 0
 2518 82892.000 19364.000 0 0 30.914 6.558 202.765 14.239 0 1 1 210 0 0
 2519 100709.000 17577.000 0 0 43.468 0.374 16.270 4.033 0 1 2 210 0 0
 2520 118103.000 19577.000 0 0 61.665 13.881 855.980 29.257 0 1 3 210 0 0
 2521 134684.000 25193.000 0 0 71.734 33.259 2385.872 48.845 0 1 4 210 0 0
 2522 149071.000 33701.000 0 0 69.929 51.759 3619.514 60.162 0 1 6 210 0 0
 2523 36365.000 47218.000 0 0 58.190 70.154 4082.317 63.893 0 1 10 210 0 0
 2524 49152.000 34852.000 0 0 62.471 48.759 3046.110 55.191 0 1 7 210 0 0
 2525 64700.000 25306.000 0 0 50.113 23.683 1186.863 34.450 0 1 5 210 0 0
 2526 82859.000 19200.000 0 0 34.868 7.397 257.928 16.060 0 1 1 210 0 0
 2527 100692.000 17406.000 0 0 43.558 0.365 15.915 3.989 0 1 2 210 0 0
 2528 118103.000 19403.000 0 0 57.955 13.017 754.460 27.467 0 1 3 210 0 0
 2529 134706.000 25017.000 0 0 68.291 31.609 2158.666 46.461 0 1 4 210 0 0
 2530 149115.000 33523.000 0 0 70.118 51.805 3632.536 60.270 0 1 6 210 0 0
 2531 36290.000 47042.000 0 0 63.472 76.358 4846.694 69.618 0 1 10 210 0 0
 2532 49093.000 34682.000 0 0 59.489 46.364 2758.159 52.518 0 1 7 210 0 0
 2533 64653.000 25139.000 0 0 53.830 25.417 1368.219 36.989 0 1 5 210 0 0
 2534 82829.000 19030.000 0 0 31.042 6.583 204.355 14.295 0 1 1 210 0 0
 2535 100681.000 17236.000 0 0 43.648 0.359 15.695 3.961 0 1 2 210 0 0
 2536 118107.000 19229.000 0 0 61.931 13.884 859.871 29.323 0 1 3 210 0 0
 2537 134723.000 24838.000 0 0 68.455 31.625 2164.903 46.528 0 1 4 210 0 0
 2538 149159.000 33344.000 0 0 73.485 54.195 3982.630 63.108 0 1 6 210 0 0
 2539 36212.000 46872.000 0 0 58.571 70.323 4118.977 64.179 0 1 10 210 0 0
 2540 49028.000 34518.000 0 0 56.516 43.993 2486.335 49.863 0 1 7 210 0 0
 2541 64607.000 24973.000 0 0 53.950 25.450 1373.070 37.054 0 1 5 210 0 0
 2542 82802.000 18862.000 0 0 31.106 6.593 205.101 14.321 0 1 1 210 0 0
 2543 100666.000 17066.000 0 0 43.738 0.351 15.383 3.922 0 1 2 210 0 0
 2544 118109.000 19056.000 0 0 62.064 13.885 861.826 29.356 0 1 3 210 0 0
 2545 134742.000 24659.000 0 0 72.246 33.315 2406.930 49.060 0 1 4 210 0 0
 2546 149203.000 33166.000 0 0 70.494 51.898 3658.543 60.485 0 1 6 210 0 0
 2547 36135.000 46699.000 0 0 61.316 73.469 4504.883 67.118 0 1 10 210 0 0
 2548 48968.000 34351.000 0 0 59.791 46.478 2779.012 52.716 0 1 7 210 0 0
 2549 64562.000 24807.000 0 0 50.447 23.776 1199.454 34.633 0 1 5 210 0 0
 2550 82771.000 18696.000 0 0 31.170 6.605 205.889 14.348 0 1 1 210 0 0
 2551 100652.000 16895.000 0 0 43.828 0.344 15.092 3.884 0 1 2 210 0 0
 2552 118111.000 18882.000 0 0 58.330 13.023 759.639 27.561 0 1 3 210 0 0
 2553 134763.000 24481.000 0 0 72.416 33.334 2414.008 49.132 0 1 4 210 0 0
 2554 149240.000 32982.000 0 0 70.688 51.936 3671.342 60.591 0 1 6 210 0 0
 2555 23278.000 67271.000 0 0 45.500 106.661 4853.150 69.664 0 1 14 210 0 0
 2556 36059.000 46526.000 0 0 61.515 73.556 4524.858 67.267 0 1 10 210 0 0
 2557 48908.000 34183.000 0 0 59.943 46.532 2789.366 52.814 0 1 7 210 0 0
 2558 64517.000 24640.000 0 0 54.189 25.515 1382.648 37.183 0 1 5 210 0 0
 2559 82742.000 18528.000 0 0 35.158 7.447 261.845 16.181 0 1 1 210 0 0
 2560 100639.000 16726.000 0 0 39.906 0.306 12.238 3.498 0 1 2 210 0 0
 2561 118118.000 18709.000 0 0 62.330 13.892 865.900 29.426 0 1 3 210 0 0
 2562 134783.000 24304.000 0 0 72.587 33.354 2421.091 49.204 0 1 4 210 0 0
 2563 149284.000 32802.000 0 0 67.641 49.610 3355.716 57.928 0 1 6 210 0 0
 2564 23166.000 67099.000 0 0 47.316 110.498 5228.379 72.307 0 1 14 210 0 0
 2565 35977.000 46358.000 0 0 61.708 73.651 4544.928 67.416 0 1 10 210 0 0
 2566 48845.000 34016.000 0 0 60.096 46.590 2799.919 52.914 0 1 7 210 0 0
 2567 64470.000 24475.000 0 0 54.308 25.548 1387.520 37.249 0 1 5 210 0 0
 2568 82708.000 18362.000 0 0 31.298 6.629 207.491 14.404 0 1 1 210 0 0
 2569 100623.000 16555.000 0 0 44.007 0.328 14.459 3.802 0 1 2 210 0 0
 2570 118115.000 18534.000 0 0 62.464 13.889 867.620 29.455 0 1 3 210 0 0
 2571 134802.000 24125.000 0 0 72.758 33.372 2428.132 49.276 0 1 4 210 0 0
 2572 149326.000 32623.000 0 0 67.822 49.652 3367.573 58.030 0 1 6 210 0 0
 2573 35901.000 46186.000 0 0 59.328 70.666 4192.534 64.749 0 1 10 210 0 0
 2574 48783.000 33848.000 0 0 63.434 49.113 3115.480 55.816 0 1 7 210 0 0
 2575 64425.000 24308.000 0 0 50.782 23.867 1212.082 34.814 0 1 5 210 0 0
 2576 82681.000 18194.000 0 0 31.362 6.639 208.243 14.430 0 1 1 210 0 0
 2577 100612.000 16386.000 0 0 44.096 0.322 14.234 3.772 0 1 2 210 0 0
 2578 118120.000 18361.000 0 0 62.597 13.893 869.706 29.490 0 1 3 210 0 0
 2579 134822.000 23949.000 0 0 72.927 33.391 2435.184 49.347 0 1 4 210 0 0
 2580 149371.000 32446.000 0 0 68.000 49.697 3379.467 58.133 0 1 6 210 0 0
 2581 35821.000 46016.000 0 0 62.102 73.830 4585.012 67.712 0 1 10 210 0 0
 2582 48723.000 33681.000 0 0 60.401 46.701 2820.804 53.111 0 1 7 210 0 0
 2583 64378.000 24142.000 0 0 50.894 23.899 1216.338 34.876 0 1 5 210 0 0
 2584 82651.000 18026.000 0 0 31.427 6.651 209.031 14.457 0 1 1 210 0 0
 2585 100597.000 16216.000 0 0 44.186 0.314 13.914 3.730 0 1 2 210 0 0
 2586 118122.000 18188.000 0 0 62.730 13.895 871.661 29.523 0 1 3 210 0 0
 2587 134841.000 23770.000 0 0 73.098 33.410 2442.232 49.418 0 1 4 210 0 0
 2588 149408.000 32263.000 0 0 68.185 49.735 3391.195 58.233 0 1 6 210 0 0
 2589 22840.000 66569.000 0 0 46.476 107.270 4985.594 70.608 0 1 14 210 0 0
 2590 35743.000 45845.000 0 0 57.108 67.761 3869.743 62.207 0 1 10 210 0 0
 2591 48659.000 33514.000 0 0 57.382 44.311 2542.701 50.425 0 1 7 210 0 0
 2592 64332.000 23975.000 0 0 51.006 23.930 1220.596 34.937 0 1 5 210 0 0
 2593 82619.000 17859.000 0 0 31.491 6.663 209.842 14.485 0 1 1 210 0 0
 2594 100582.000 16046.000 0 0 44.276 0.307 13.593 3.686 0 1 2 210 0 0
 2595 118123.000 18014.000 0 0 62.863 13.896 873.566 29.556 0 1 3 210 0 0
 2596 134860.000 23592.000 0 0 73.269 33.428 2449.285 49.490 0 1 4 210 0 0
 2597 149453.000 32086.000 0 0 68.362 49.780 3403.111 58.336 0 1 6 210 0 0
 2598 22730.000 66395.000 0 0 48.329 111.126 5370.659 73.284 0 1 14 210 0 0
 2599 35667.000 45673.000 0 0 59.893 70.924 4247.913 65.176 0 1 10 210 0 0
 2600 48599.000 33346.000 0 0 60.706 46.814 2841.920 53.309 0 1 7 210 0 0
 2601 64288.000 23809.000 0 0 47.484 22.257 1056.873 32.509 0 1 5 210 0 0
 2602 82588.000 17692.000 0 0 31.555 6.675 210.643 14.513 0 1 1 210 0 0
 2603 100570.000 15875.000 0 0 40.314 0.273 11.015 3.318 0 1 2 210 0 0
 2604 118124.000 17840.000 0 0 62.997 13.896 875.467 29.588 0 1 3 210 0 0
 2605 134880.000 23415.000 0 0 69.751 31.767 2215.856 47.072 0 1 4 210 0 0
 2606 149494.000 31905.000 0 0 68.545 49.821 3415.053 58.438 0 1 6 210 0 0
 2607 35589.000 45500.000 0 0 60.083 71.010 4266.570 65.318 0 1 10 210 0 0
 2608 48536.000 33182.000 0 0 57.669 44.418 2561.581 50.612 0 1 7 210 0 0
 2609 64237.000 23646.000 0 0 51.226 23.994 1229.155 35.059 0 1 5 210 0 0
 2610 82557.000 17525.000 0 0 31.619 6.687 211.447 14.541 0 1 1 210 0 0
 2611 100553.000 15705.000 0 0 44.455 0.291 12.970 3.601 0 1 2 210 0 0
 2612 118127.000 17666.000 0 0 59.203 13.034 771.720 27.779 0 1 3 210 0 0
 2613 134897.000 23237.000 0 0 73.610 33.464 2463.298 49.631 0 1 4 210 0 0
 2614 149536.000 31725.000 0 0 68.726 49.863 3426.940 58.540 0 1 6 210 0 0
 2615 35510.000 45331.000 0 0 55.030 64.915 3572.333 59.768 0 1 10 210 0 0
 2616 48474.000 33015.000 0 0 57.813 44.471 2571.066 50.705 0 1 7 210 0 0
 2617 64191.000 23480.000 0 0 51.338 24.025 1233.416 35.120 0 1 5 210 0 0
 2618 82530.000 17357.000 0 0 31.683 6.697 212.205 14.567 0 1 1 210 0 0
 2619 100541.000 15534.000 0 0 44.545 0.285 12.716 3.565 0 1 2 210 0 0
 2620 118130.000 17493.000 0 0 63.262 13.901 879.458 29.655 0 1 3 210 0 0
 2621 134915.000 23059.000 0 0 73.780 33.481 2470.259 49.701 0 1 4 210 0 0
 2622 149579.000 31547.000 0 0 68.905 49.906 3438.830 58.641 0 1 6 210 0 0
 2623 35435.000 45157.000 0 0 57.834 68.086 3937.739 62.751 0 1 10 210 0 0
 2624 48413.000 32847.000 0 0 57.958 44.523 2580.541 50.799 0 1 7 210 0 0
 2625 64144.000 23313.000 0 0 51.450 24.056 1237.701 35.180 0 1 5 210 0 0
 2626 82499.000 17189.000 0 0 31.748 6.709 213.014 14.595 0 1 1 210 0 0
 2627 100522.000 15364.000 0 0 44.635 0.275 12.295 3.506 0 1 2 210 0 0
 2628 118132.000 17319.000 0 0 59.453 13.038 775.193 27.842 0 1 3 210 0 0
 2629 134940.000 22883.000 0 0 70.235 31.821 2235.046 47.276 0 1 4 210 0 0
 2630 149620.000 31367.000 0 0 65.813 47.581 3131.557 55.960 0 1 6 210 0 0
 2631 35352.000 44991.000 0 0 63.281 74.369 4706.210 68.601 0 1 10 210 0 0
 2632 48348.000 32683.000 0 0 58.100 44.580 2590.122 50.893 0 1 7 210 0 0
 2633 64098.000 23148.000 0 0 51.560 24.087 1241.978 35.241 0 1 5 210 0 0
 2634 82463.000 17022.000 0 0 31.811 6.723 213.881 14.624 0 1 1 210 0 0
 2635 100509.000 15195.000 0 0 40.640 0.244 9.919 3.149 0 1 2 210 0 0
 2636 118130.000 17145.000 0 0 63.529 13.901 883.175 29.718 0 1 3 210 0 0
 2637 134955.000 22703.000 0 0 74.122 33.519 2484.553 49.845 0 1 4 210 0 0
 2638 149659.000 31185.000 0 0 69.269 49.986 3462.580 58.843 0 1 6 210 0 0
 2639 35277.000 44817.000 0 0 58.191 68.252 3971.774 63.022 0 1 10 210 0 0
 2640 48291.000 32512.000 0 0 58.247 44.629 2599.553 50.985 0 1 7 210 0 0
 2641 64052.000 22981.000 0 0 51.673 24.117 1246.254 35.302 0 1 5 210 0 0
 2642 82437.000 16855.000 0 0 31.876 6.733 214.629 14.650 0 1 1 210 0 0
 2643 100494.000 15025.000 0 0 40.722 0.236 9.647 3.106 0 1 2 210 0 0
 2644 118134.000 16972.000 0 0 63.662 13.904 885.220 29.752 0 1 3 210 0 0
 2645 134973.000 22524.000 0 0 74.293 33.536 2491.535 49.915 0 1 4 210 0 0
 2646 149703.000 31008.000 0 0 66.158 47.661 3153.230 56.153 0 1 6 210 0 0
 2647 35198.000 44649.000 0 0 58.369 68.335 3988.727 63.156 0 1 10 210 0 0
 2648 48224.000 32349.000 0 0 61.614 47.155 2905.458 53.902 0 1 7 210 0 0
 2649 64006.000 22815.000 0 0 51.784 24.148 1250.541 35.362 0 1 5 210 0 0
 2650 82405.000 16688.000 0 0 27.967 5.906 165.198 12.852 0 1 1 210 0 0
 2651 100478.000 14855.000 0 0 40.803 0.229 9.354 3.058 0 1 2 210 0 0
 2652 118133.000 16799.000 0 0 59.827 13.039 780.124 27.930 0 1 3 210 0 0
 2653 134995.000 22348.000 0 0 74.462 33.557 2498.780 49.987 0 1 4 210 0 0
 2654 149744.000 30828.000 0 0 69.629 50.073 3486.559 59.047 0 1 6 210 0 0
 2655 35119.000 44480.000 0 0 61.208 71.528 4378.138 66.167 0 1 10 210 0 0
 2656 48159.000 32185.000 0 0 58.530 44.742 2618.809 51.174 0 1 7 210 0 0
 2657 63964.000 22647.000 0 0 51.897 24.176 1254.723 35.422 0 1 5 210 0 0
 2658 82375.000 16521.000 0 0 32.004 6.757 216.263 14.705 0 1 1 210 0 0
 2659 100463.000 14684.000 0 0 40.885 0.222 9.080 3.013 0 1 2 210 0 0
 2660 118133.000 16624.000 0 0 59.953 13.039 781.767 27.960 0 1 3 210 0 0
 2661 135012.000 22170.000 0 0 74.633 33.573 2505.712 50.057 0 1 4 210 0 0
 2662 149786.000 30649.000 0 0 69.809 50.115 3498.544 59.148 0 1 6 210 0 0
 2663 21868.000 64988.000 0 0 45.319 101.133 4583.267 67.699 0 1 14 210 0 0
 2664 35042.000 44309.000 0 0 64.066 74.726 4787.437 69.191 0 1 10 210 0 0
 2665 48100.000 32016.000 0 0 61.917 47.269 2926.774 54.099 0 1 7 210 0 0
 2666 63912.000 22485.000 0 0 52.006 24.212 1259.192 35.485 0 1 5 210 0 0
 2667 82345.000 16354.000 0 0 32.068 6.768 217.066 14.733 0 1 1 210 0 0
 2668 100449.000 14514.000 0 0 45.084 0.237 10.689 3.269 0 1 2 210 0 0
 2669 118139.000 16451.000 0 0 64.061 13.908 891.027 29.850 0 1 3 210 0 0
 2670 135029.000 21990.000 0 0 74.805 33.590 2512.743 50.127 0 1 4 210 0 0
 2671 149827.000 30469.000 0 0 73.339 52.555 3854.434 62.084 0 1 6 210 0 0
 2672 21756.000 64821.000 0 0 45.535 101.277 4611.718 67.909 0 1 14 210 0 0
 2673 34961.000 44142.000 0 0 58.904 68.585 4040.006 63.561 0 1 10 210 0 0
 2674 48040.000 31848.000 0 0 62.070 47.323 2937.400 54.197 0 1 7 210 0 0
 2675 63865.000 22318.000 0 0 48.413 22.520 1090.310 33.019 0 1 5 210 0 0
 2676 82309.000 16187.000 0 0 32.132 6.782 217.940 14.762 0 1 1 210 0 0
 2677 100432.000 14345.000 0 0 41.048 0.207 8.508 2.916 0 1 2 210 0 0
 2678 118137.000 16277.000 0 0 60.203 13.042 785.200 28.021 0 1 3 210 0 0
 2679 135047.000 21812.000 0 0 71.210 31.919 2273.027 47.676 0 1 4 210 0 0
 2680 149867.000 30288.000 0 0 70.172 50.196 3522.431 59.350 0 1 6 210 0 0
 2681 34885.000 43970.000 0 0 61.770 71.786 4434.326 66.590 0 1 10 210 0 0
 2682 47977.000 31683.000 0 0 62.220 47.380 2948.050 54.295 0 1 7 210 0 0
 2683 63817.000 22153.000 0 0 52.228 24.276 1267.908 35.607 0 1 5 210 0 0
 2684 82283.000 16018.000 0 0 32.196 6.792 218.702 14.788 0 1 1 210 0 0
 2685 100418.000 14175.000 0 0 45.263 0.220 9.993 3.161 0 1 2 210 0 0
 2686 118143.000 16104.000 0 0 64.328 13.911 894.886 29.914 0 1 3 210 0 0
 2687 135066.000 21634.000 0 0 75.146 33.625 2526.885 50.268 0 1 4 210 0 0
 2688 149908.000 30109.000 0 0 70.352 50.238 3534.426 59.451 0 1 6 210 0 0
 2689 34806.000 43802.000 0 0 61.955 71.873 4452.967 66.730 0 1 10 210 0 0
 2690 47916.000 31517.000 0 0 59.106 44.953 2657.039 51.546 0 1 7 210 0 0
 2691 63771.000 21988.000 0 0 48.619 22.579 1097.791 33.132 0 1 5 210 0 0
 2692 82247.000 15853.000 0 0 32.260 6.806 219.575 14.818 0 1 1 210 0 0
 2693 100400.000 14004.000 0 0 41.211 0.191 7.912 2.812 0 1 2 210 0 0
 2694 118141.000 15931.000 0 0 60.452 13.044 788.584 28.081 0 1 3 210 0 0
 2695 135082.000 21455.000 0 0 75.318 33.641 2533.820 50.337 0 1 4 210 0 0
 2696 149948.000 29928.000 0 0 67.193 47.896 3218.340 56.730 0 1 6 210 0 0
 2697 34728.000 43631.000 0 0 62.144 71.959 4471.887 66.872 0 1 10 210 0 0
 2698 47852.000 31351.000 0 0 59.249 45.007 2666.693 51.640 0 1 7 210 0 0
 2699 63721.000 21822.000 0 0 48.722 22.610 1101.637 33.190 0 1 5 210 0 0
 2700 82217.000 15686.000 0 0 32.324 6.817 220.384 14.845 0 1 1 210 0 0
 2701 100385.000 13834.000 0 0 41.292 0.184 7.631 2.762 0 1 2 210 0 0
 2702 118142.000 15757.000 0 0 64.594 13.910 898.544 29.975 0 1 3 210 0 0
 2703 135100.000 21277.000 0 0 71.697 31.968 2292.049 47.875 0 1 4 210 0 0
 2704 149989.000 29750.000 0 0 67.364 47.935 3229.168 56.825 0 1 6 210 0 0
 2705 34650.000 43463.000 0 0 59.620 68.913 4108.674 64.098 0 1 10 210 0 0
 2706 47790.000 31185.000 0 0 59.392 45.061 2676.349 51.733 0 1 7 210 0 0
 2707 63676.000 21657.000 0 0 48.825 22.638 1105.331 33.246 0 1 5 210 0 0
 2708 82185.000 15519.000 0 0 32.388 6.830 221.217 14.873 0 1 1 210 0 0
 2709 100371.000 13664.000 0 0 45.532 0.196 8.927 2.987 0 1 2 210 0 0
 2710 118143.000 15582.000 0 0 60.702 13.046 791.948 28.141 0 1 3 210 0 0
 2711 135120.000 21100.000 0 0 71.859 31.986 2298.524 47.942 0 1 4 210 0 0
 2712 150030.000 29570.000 0 0 67.537 47.975 3240.140 56.922 0 1 6 210 0 0
 2713 34572.000 43292.000 0 0 62.518 72.131 4509.558 67.153 0 1 10 210 0 0
 2714 47727.000 31020.000 0 0 59.535 45.116 2686.021 51.826 0 1 7 210 0 0
 2715 63627.000 21491.000 0 0 48.929 22.668 1109.170 33.304 0 1 5 210 0 0
 2716 82155.000 15351.000 0 0 32.452 6.841 222.029 14.900 0 1 1 210 0 0
 2717 100353.000 13493.000 0 0 41.456 0.169 7.028 2.650 0 1 2 210 0 0
 2718 118142.000 15408.000 0 0 60.827 13.045 793.540 28.169 0 1 3 210 0 0
 2719 135138.000 20923.000 0 0 68.249 30.326 2069.802 45.495 0 1 4 210 0 0
 2720 150070.000 29391.000 0 0 67.709 48.013 3250.965 57.017 0 1 6 210 0 0
 2721 34492.000 43125.000 0 0 59.976 69.080 4143.244 64.368 0 1 10 210 0 0
 2722 47668.000 30851.000 0 0 59.681 45.167 2695.628 51.919 0 1 7 210 0 0
 2723 63579.000 21327.000 0 0 49.031 22.698 1112.944 33.360 0 1 5 210 0 0
 2724 82124.000 15184.000 0 0 32.516 6.853 222.852 14.928 0 1 1 210 0 0
 2725 100338.000 13324.000 0 0 45.711 0.178 8.169 2.858 0 1 2 210 0 0
 2726 118145.000 15236.000 0 0 60.951 13.047 795.282 28.200 0 1 3 210 0 0
 2727 135156.000 20745.000 0 0 68.403 30.343 2075.568 45.558 0 1 4 210 0 0
 2728 150114.000 29214.000 0 0 74.663 52.859 3946.651 62.822 0 1 6 210 0 0
 2729 21003.000 63611.000 0 0 45.358 98.466 4466.269 66.830 0 1 14 210 0 0
 2730 34416.000 42954.000 0 0 60.156 69.160 4160.473 64.501 0 1 10 210 0 0
 2731 47604.000 30686.000 0 0 56.485 42.698 2411.850 49.110 0 1 7 210 0 0
 2732 63534.000 21159.000 0 0 49.135 22.726 1116.697 33.417 0 1 5 210 0 0
 2733 82091.000 15017.000 0 0 28.528 6.012 171.516 13.096 0 1 1 210 0 0
 2734 100323.000 13154.000 0 0 45.801 0.170 7.823 2.797 0 1 2 210 0 0
 2735 118144.000 15062.000 0 0 61.076 13.047 796.874 28.228 0 1 3 210 0 0
 2736 135174.000 20567.000 0 0 72.344 32.035 2317.617 48.141 0 1 4 210 0 0
 2737 150150.000 29032.000 0 0 68.053 48.090 3272.701 57.207 0 1 6 210 0 0
 2738 20890.000 63446.000 0 0 47.314 102.398 4844.927 69.605 0 1 14 210 0 0
 2739 34334.000 42789.000 0 0 54.847 62.953 3452.807 58.760 0 1 10 210 0 0
 2740 47540.000 30523.000 0 0 59.964 45.277 2715.036 52.106 0 1 7 210 0 0
 2741 63482.000 20996.000 0 0 49.237 22.759 1120.606 33.475 0 1 5 210 0 0
 2742 82059.000 14850.000 0 0 32.644 6.878 224.544 14.984 0 1 1 210 0 0
 2743 100304.000 12983.000 0 0 41.700 0.146 6.092 2.468 0 1 2 210 0 0
 2744 118144.000 14887.000 0 0 65.261 13.912 907.938 30.132 0 1 3 210 0 0
 2745 135191.000 20388.000 0 0 76.342 33.746 2576.265 50.756 0 1 4 210 0 0
 2746 150189.000 28852.000 0 0 68.225 48.128 3283.590 57.302 0 1 6 210 0 0
 2747 20787.000 63268.000 0 0 47.545 102.532 4874.912 69.820 0 1 14 210 0 0
 2748 34259.000 42619.000 0 0 57.760 66.175 3822.368 61.825 0 1 10 210 0 0
 2749 47478.000 30355.000 0 0 60.109 45.330 2724.799 52.199 0 1 7 210 0 0
 2750 63439.000 20830.000 0 0 53.116 24.529 1302.905 36.095 0 1 5 210 0 0
 2751 82027.000 14683.000 0 0 32.708 6.890 225.385 15.012 0 1 1 210 0 0
 2752 100293.000 12813.000 0 0 41.782 0.140 5.884 2.425 0 1 2 210 0 0
 2753 118145.000 14713.000 0 0 61.327 13.047 800.196 28.287 0 1 3 210 0 0
 2754 135208.000 20210.000 0 0 72.669 32.066 2330.234 48.272 0 1 4 210 0 0
 2755 150229.000 28672.000 0 0 68.398 48.166 3294.510 57.397 0 1 6 210 0 0
 2756 20674.000 63107.000 0 0 45.985 98.876 4546.905 67.430 0 1 14 210 0 0
 2757 34178.000 42453.000 0 0 63.443 72.565 4603.826 67.851 0 1 10 210 0 0
 2758 47412.000 30192.000 0 0 60.249 45.387 2734.614 52.293 0 1 7 210 0 0
 2759 63389.000 20666.000 0 0 49.443 22.816 1128.152 33.587 0 1 5 210 0 0
 2760 81994.000 14516.000 0 0 28.696 6.044 173.460 13.170 0 1 1 210 0 0
 2761 100272.000 12644.000 0 0 41.863 0.130 5.476 2.340 0 1 2 210 0 0
 2762 118143.000 14539.000 0 0 61.452 13.046 801.748 28.315 0 1 3 210 0 0
 2763 135223.000 20031.000 0 0 72.832 32.079 2336.469 48.337 0 1 4 210 0 0
 2764 150270.000 28493.000 0 0 71.979 50.602 3642.386 60.352 0 1 6 210 0 0
 2765 20568.000 62932.000 0 0 49.756 106.622 5305.122 72.836 0 1 14 210 0 0
 2766 34103.000 42282.000 0 0 58.099 66.332 3853.918 62.079 0 1 10 210 0 0
 2767 47352.000 30026.000 0 0 57.023 42.903 2446.529 49.462 0 1 7 210 0 0
 2768 63346.000 20499.000 0 0 49.547 22.844 1131.882 33.643 0 1 5 210 0 0
 2769 81964.000 14349.000 0 0 28.752 6.054 174.090 13.194 0 1 1 210 0 0
 2770 100259.000 12473.000 0 0 41.945 0.124 5.225 2.285 0 1 2 210 0 0
 2771 118145.000 14367.000 0 0 61.576 13.047 803.449 28.345 0 1 3 210 0 0
 2772 135241.000 19853.000 0 0 72.994 32.096 2342.859 48.403 0 1 4 210 0 0
 2773 150309.000 28312.000 0 0 72.161 50.641 3654.397 60.451 0 1 6 210 0 0
 2774 20461.000 62761.000 0 0 46.416 99.141 4601.854 67.836 0 1 14 210 0 0
 2775 34023.000 42113.000 0 0 61.043 69.574 4247.086 65.169 0 1 10 210 0 0
 2776 47289.000 29859.000 0 0 60.537 45.493 2754.079 52.479 0 1 7 210 0 0
 2777 63293.000 20335.000 0 0 49.649 22.876 1135.816 33.701 0 1 5 210 0 0
 2778 81931.000 14182.000 0 0 32.900 6.927 227.918 15.096 0 1 1 210 0 0
 2779 100242.000 12303.000 0 0 37.844 0.104 3.968 1.991 0 1 2 210 0 0
 2780 118145.000 14193.000 0 0 57.568 12.174 700.851 26.473 0 1 3 210 0 0
 2781 135259.000 19675.000 0 0 73.156 32.112 2349.254 48.469 0 1 4 210 0 0
 2782 150351.000 28135.000 0 0 65.452 45.857 3001.492 54.785 0 1 6 210 0 0
 2783 20349.000 62598.000 0 0 44.828 95.464 4279.503 65.417 0 1 14 210 0 0
 2784 33945.000 41945.000 0 0 58.439 66.491 3885.714 62.335 0 1 10 210 0 0
 2785 47223.000 29697.000 0 0 57.291 43.009 2464.093 49.639 0 1 7 210 0 0
 2786 63245.000 20169.000 0 0 49.752 22.906 1139.673 33.759 0 1 5 210 0 0
 2787 81896.000 14016.000 0 0 32.964 6.940 228.800 15.126 0 1 1 210 0 0
 2788 100224.000 12133.000 0 0 42.108 0.107 4.521 2.126 0 1 2 210 0 0
 2789 118141.000 14018.000 0 0 53.586 11.306 605.874 24.614 0 1 3 210 0 0
 2790 135275.000 19497.000 0 0 69.480 30.445 2115.371 45.993 0 1 4 210 0 0
 2791 150389.000 27955.000 0 0 72.521 50.722 3678.482 60.650 0 1 6 210 0 0
 2792 20246.000 62420.000 0 0 46.842 99.410 4656.610 68.239 0 1 14 210 0 0
 2793 33869.000 41776.000 0 0 58.609 66.568 3901.530 62.462 0 1 10 210 0 0
 2794 47165.000 29527.000 0 0 57.429 43.056 2472.730 49.726 0 1 7 210 0 0
 2795 63202.000 20003.000 0 0 49.856 22.934 1143.404 33.814 0 1 5 210 0 0
 2796 81867.000 13849.000 0 0 28.920 6.087 176.046 13.268 0 1 1 210 0 0
 2797 100210.000 11963.000 0 0 37.991 0.090 3.443 1.855 0 1 2 210 0 0
 2798 118145.000 13845.000 0 0 57.802 12.174 703.706 26.527 0 1 3 210 0 0
 2799 135294.000 19320.000 0 0 73.480 32.144 2362.030 48.600 0 1 4 210 0 0
 2800 150431.000 27776.000 0 0 65.778 45.930 3021.280 54.966 0 1 6 210 0 0
 2801 20137.000 62254.000 0 0 48.858 103.372 5050.582 71.067 0 1 14 210 0 0
 2802 33786.000 41612.000 0 0 58.773 66.651 3917.369 62.588 0 1 10 210 0 0
 2803 47098.000 29365.000 0 0 54.160 40.563 2196.908 46.871 0 1 7 210 0 0
 2804 63150.000 19840.000 0 0 49.957 22.966 1147.357 33.872 0 1 5 210 0 0
 2805 81834.000 13681.000 0 0 33.092 6.964 230.477 15.181 0 1 1 210 0 0
 2806 100191.000 11793.000 0 0 33.816 0.073 2.488 1.577 0 1 2 210 0 0
 2807 118142.000 13671.000 0 0 57.919 12.172 705.002 26.551 0 1 3 210 0 0
 2808 135308.000 19140.000 0 0 73.644 32.157 2368.214 48.664 0 1 4 210 0 0
 2809 150470.000 27595.000 0 0 72.883 50.803 3702.758 60.850 0 1 6 210 0 0
 2810 20026.000 62091.000 0 0 47.252 99.684 4710.370 68.632 0 1 14 210 0 0
 2811 33709.000 41442.000 0 0 58.944 66.728 3933.324 62.716 0 1 10 210 0 0
 2812 47034.000 29199.000 0 0 61.107 45.713 2793.435 52.852 0 1 7 210 0 0
 2813 63104.000 19673.000 0 0 46.193 21.218 980.137 31.307 0 1 5 210 0 0
 2814 81802.000 13514.000 0 0 29.032 6.109 177.363 13.317 0 1 1 210 0 0
 2815 100175.000 11623.000 0 0 29.667 0.059 1.751 1.323 0 1 2 210 0 0
 2816 118144.000 13498.000 0 0 58.035 12.173 706.499 26.580 0 1 3 210 0 0
 2817 135329.000 18964.000 0 0 73.804 32.176 2374.800 48.731 0 1 4 210 0 0
 2818 150510.000 27417.000 0 0 66.106 46.003 3041.079 55.145 0 1 6 210 0 0
 2819 19922.000 61916.000 0 0 45.645 95.976 4380.946 66.188 0 1 14 210 0 0
 2820 33631.000 41274.000 0 0 61.928 69.988 4334.261 65.835 0 1 10 210 0 0
 2821 46974.000 29033.000 0 0 61.250 45.765 2803.163 52.944 0 1 7 210 0 0
 2822 63055.000 19510.000 0 0 50.164 23.025 1155.050 33.986 0 1 5 210 0 0
 2823 81771.000 13348.000 0 0 29.088 6.119 178.006 13.341 0 1 1 210 0 0
 2824 100160.000 11453.000 0 0 21.238 0.038 0.818 0.904 0 1 2 210 0 0
 2825 118144.000 13324.000 0 0 54.018 11.307 610.837 24.715 0 1 3 210 0 0
 2826 135344.000 18785.000 0 0 70.095 30.504 2138.221 46.240 0 1 4 210 0 0
 2827 150549.000 27237.000 0 0 69.774 48.473 3382.171 58.156 0 1 6 210 0 0
 2828 19810.000 61755.000 0 0 45.838 96.110 4405.592 66.374 0 1 14 210 0 0
 2829 33550.000 41110.000 0 0 56.456 63.704 3596.554 59.971 0 1 10 210 0 0
 2830 46908.000 28869.000 0 0 57.965 43.266 2507.962 50.079 0 1 7 210 0 0
 2831 63008.000 19344.000 0 0 50.267 23.054 1158.901 34.042 0 1 5 210 0 0
 2832 81735.000 13181.000 0 0 29.144 6.131 178.702 13.367 0 1 1 210 0 0
 2833 118143.000 13151.000 0 0 49.943 10.433 521.109 22.827 0 1 3 210 0 0
 2834 135359.000 18606.000 0 0 74.130 32.204 2387.311 48.860 0 1 4 210 0 0
 2835 150586.000 27057.000 0 0 69.946 48.508 3393.024 58.249 0 1 6 210 0 0
 2836 19703.000 61584.000 0 0 49.725 103.934 5168.242 71.890 0 1 14 210 0 0
 2837 33473.000 40940.000 0 0 56.620 63.778 3611.165 60.092 0 1 10 210 0 0
 2838 46844.000 28706.000 0 0 58.098 43.318 2516.743 50.167 0 1 7 210 0 0
 2839 62958.000 19180.000 0 0 46.477 21.301 990.052 31.465 0 1 5 210 0 0
 2840 81705.000 13014.000 0 0 29.200 6.141 179.341 13.391 0 1 1 210 0 0
 2841 118144.000 12977.000 0 0 50.044 10.434 522.188 22.851 0 1 3 210 0 0
 2842 135378.000 18429.000 0 0 70.402 30.533 2149.663 46.364 0 1 4 210 0 0
 2843 150629.000 26879.000 0 0 66.596 46.111 3070.836 55.415 0 1 6 210 0 0
 2844 19595.000 61416.000 0 0 48.094 100.221 4820.049 69.426 0 1 14 210 0 0
 2845 33394.000 40773.000 0 0 59.618 67.046 3997.209 63.223 0 1 10 210 0 0
 2846 46783.000 28540.000 0 0 54.792 40.804 2235.781 47.284 0 1 7 210 0 0
 2847 62909.000 19015.000 0 0 50.471 23.116 1166.731 34.157 0 1 5 210 0 0
 2848 81670.000 12847.000 0 0 29.256 6.153 180.026 13.417 0 1 1 210 0 0
 2849 118140.000 12804.000 0 0 50.143 10.432 523.112 22.871 0 1 3 210 0 0
 2850 135395.000 18251.000 0 0 70.555 30.548 2155.387 46.426 0 1 4 210 0 0
 2851 150664.000 26696.000 0 0 70.292 48.583 3415.063 58.438 0 1 6 210 0 0
 2852 19486.000 61251.000 0 0 50.156 104.215 5227.143 72.298 0 1 14 210 0 0
 2853 33316.000 40606.000 0 0 59.786 67.124 4013.148 63.349 0 1 10 210 0 0
 2854 46721.000 28375.000 0 0 58.369 43.418 2534.269 50.341 0 1 7 210 0 0
 2855 62859.000 18851.000 0 0 46.666 21.358 996.729 31.571 0 1 5 210 0 0
 2856 81640.000 12680.000 0 0 29.312 6.163 180.668 13.441 0 1 1 210 0 0
 2857 118140.000 12629.000 0 0 46.078 9.567 440.838 20.996 0 1 3 210 0 0
 2858 135409.000 18072.000 0 0 74.617 32.249 2406.344 49.054 0 1 4 210 0 0
 2859 150705.000 26519.000 0 0 73.966 51.040 3775.289 61.443 0 1 6 210 0 0
 2860 19379.000 61081.000 0 0 48.510 100.490 4874.909 69.820 0 1 14 210 0 0
 2861 33235.000 40442.000 0 0 59.951 67.206 4029.155 63.475 0 1 10 210 0 0
 2862 46656.000 28210.000 0 0 61.960 46.040 2852.689 53.410 0 1 7 210 0 0
 2863 62813.000 18685.000 0 0 46.761 21.385 1000.003 31.622 0 1 5 210 0 0
 2864 81605.000 12514.000 0 0 29.368 6.175 181.358 13.466 0 1 1 210 0 0
 2865 118143.000 12456.000 0 0 41.953 8.694 364.782 19.099 0 1 3 210 0 0
 2866 135426.000 17895.000 0 0 70.863 30.575 2166.674 46.547 0 1 4 210 0 0
 2867 150744.000 26339.000 0 0 70.635 48.659 3437.074 58.626 0 1 6 210 0 0
 2868 19270.000 60917.000 0 0 46.842 96.757 4532.341 67.322 0 1 14 210 0 0
 2869 33157.000 40274.000 0 0 60.120 67.285 4045.235 63.602 0 1 10 210 0 0
 2870 46588.000 28049.000 0 0 58.634 43.526 2552.167 50.518 0 1 7 210 0 0
 2871 62765.000 18520.000 0 0 46.856 21.412 1003.323 31.675 0 1 5 210 0 0
 2872 81570.000 12347.000 0 0 29.424 6.186 182.046 13.492 0 1 1 210 0 0
 2873 135444.000 17717.000 0 0 74.940 32.281 2419.178 49.185 0 1 4 210 0 0
 2874 150782.000 26160.000 0 0 70.807 48.696 3448.093 58.720 0 1 6 210 0 0
 2875 19163.000 60749.000 0 0 47.043 96.886 4557.873 67.512 0 1 14 210 0 0
 2876 33080.000 40105.000 0 0 60.290 67.362 4061.351 63.728 0 1 10 210 0 0
 2877 46534.000 27879.000 0 0 55.299 40.995 2267.065 47.613 0 1 7 210 0 0
 2878 62717.000 18357.000 0 0 50.882 23.235 1182.305 34.384 0 1 5 210 0 0
 2879 81539.000 12180.000 0 0 29.480 6.197 182.701 13.516 0 1 1 210 0 0
 2880 135457.000 17538.000 0 0 71.170 30.602 2177.999 46.669 0 1 4 210 0 0
 2881 150823.000 25980.000 0 0 70.979 48.735 3459.240 58.815 0 1 6 210 0 0
 2882 19055.000 60584.000 0 0 45.343 93.116 4222.236 64.978 0 1 14 210 0 0
 2883 32998.000 39942.000 0 0 57.577 64.234 3698.418 60.814 0 1 10 210 0 0
 2884 46465.000 27717.000 0 0 58.905 43.626 2569.848 50.693 0 1 7 210 0 0
 2885 62668.000 18190.000 0 0 47.046 21.468 1010.022 31.780 0 1 5 210 0 0
 2886 81508.000 12013.000 0 0 29.536 6.207 183.356 13.540 0 1 1 210 0 0
 2887 135473.000 17360.000 0 0 71.324 30.616 2183.695 46.730 0 1 4 210 0 0
 2888 150859.000 25799.000 0 0 74.691 51.194 3823.801 61.836 0 1 6 210 0 0
 2889 164266.000 37006.000 0 0 60.406 61.626 3722.677 61.013 0 1 9 210 0 0
 2890 18947.000 60417.000 0 0 47.441 97.145 4608.768 67.887 0 1 14 210 0 0
 2891 32919.000 39775.000 0 0 60.623 67.524 4093.540 63.980 0 1 10 210 0 0
 2892 46399.000 27555.000 0 0 59.036 43.680 2578.755 50.781 0 1 7 210 0 0
 2893 62618.000 18027.000 0 0 47.140 21.497 1013.387 31.833 0 1 5 210 0 0
 2894 81474.000 11846.000 0 0 29.592 6.219 184.040 13.566 0 1 1 210 0 0
 2895 135488.000 17181.000 0 0 71.479 30.629 2189.382 46.790 0 1 4 210 0 0
 2896 150898.000 25619.000 0 0 74.872 51.234 3836.057 61.935 0 1 6 210 0 0
 2897 164330.000 36828.000 0 0 66.632 67.853 4521.223 67.240 0 1 9 210 0 0
 2898 18838.000 60255.000 0 0 45.722 93.367 4268.935 65.337 0 1 14 210 0 0
 2899 32842.000 39608.000 0 0 57.897 64.383 3727.629 61.054 0 1 10 210 0 0
 2900 46339.000 27388.000 0 0 55.675 41.145 2290.796 47.862 0 1 7 210 0 0
 2901 62571.000 17862.000 0 0 47.234 21.524 1016.688 31.885 0 1 5 210 0 0
 2902 81441.000 11678.000 0 0 25.395 5.336 135.520 11.641 0 1 1 210 0 0
 2903 135509.000 17006.000 0 0 67.633 28.937 1957.123 44.239 0 1 4 210 0 0
 2904 150939.000 25443.000 0 0 67.904 46.393 3150.342 56.127 0 1 6 210 0 0
 2905 164393.000 36651.000 0 0 60.747 61.747 3751.025 61.245 0 1 9 210 0 0
 2906 18730.000 60088.000 0 0 47.836 97.404 4659.471 68.260 0 1 14 210 0 0
 2907 32763.000 39441.000 0 0 60.959 67.681 4125.786 64.232 0 1 10 210 0 0
 2908 46271.000 27227.000 0 0 59.304 43.784 2596.622 50.957 0 1 7 210 0 0
 2909 62520.000 17698.000 0 0 47.329 21.553 1020.119 31.939 0 1 5 210 0 0
 2910 81406.000 11513.000 0 0 25.443 5.346 136.030 11.663 0 1 1 210 0 0
 2911 135520.000 16825.000 0 0 75.753 32.350 2450.681 49.504 0 1 4 210 0 0
 2912 150975.000 25261.000 0 0 75.233 51.311 3860.335 62.131 0 1 6 210 0 0
 2913 18622.000 59923.000 0 0 48.034 97.534 4684.988 68.446 0 1 14 210 0 0
 2914 32683.000 39278.000 0 0 58.213 64.535 3756.873 61.293 0 1 10 210 0 0
 2915 46204.000 27065.000 0 0 55.923 41.248 2306.771 48.028 0 1 7 210 0 0
 2916 62478.000 17532.000 0 0 47.425 21.578 1023.343 31.989 0 1 5 210 0 0
 2917 81380.000 11345.000 0 0 25.491 5.353 136.478 11.682 0 1 1 210 0 0
 2918 135536.000 16648.000 0 0 71.939 30.670 2206.445 46.972 0 1 4 210 0 0
 2919 151017.000 25084.000 0 0 68.231 46.464 3170.303 56.305 0 1 6 210 0 0
 2920 18513.000 59760.000 0 0 50.158 101.570 5094.570 71.376 0 1 14 210 0 0
 2921 32603.000 39111.000 0 0 58.373 64.612 3771.653 61.413 0 1 10 210 0 0
 2922 46140.000 26901.000 0 0 59.569 43.891 2614.619 51.133 0 1 7 210 0 0
 2923 62428.000 17368.000 0 0 47.519 21.606 1026.744 32.042 0 1 5 210 0 0
 2924 81345.000 11178.000 0 0 25.539 5.363 136.991 11.704 0 1 1 210 0 0
 2925 135551.000 16469.000 0 0 72.093 30.683 2212.111 47.033 0 1 4 210 0 0
 2926 151050.000 24901.000 0 0 68.397 46.495 3180.137 56.392 0 1 6 210 0 0
 2927 164566.000 36100.000 0 0 64.322 64.993 4180.489 64.656 0 1 9 210 0 0
 2928 18407.000 59596.000 0 0 48.426 97.792 4735.717 68.816 0 1 14 210 0 0
 2929 32525.000 38944.000 0 0 61.459 67.920 4174.399 64.609 0 1 10 210 0 0
 2930 46082.000 26733.000 0 0 59.706 43.939 2623.467 51.219 0 1 7 210 0 0
 2931 62374.000 17205.000 0 0 47.612 21.637 1030.238 32.097 0 1 5 210 0 0
 2932 81308.000 11011.000 0 0 21.343 4.483 95.692 9.782 0 1 1 210 0 0
 2933 135569.000 16292.000 0 0 72.246 30.699 2217.927 47.094 0 1 4 210 0 0
 2934 151088.000 24722.000 0 0 68.560 46.528 3190.039 56.480 0 1 6 210 0 0
 2935 164627.000 35921.000 0 0 67.588 68.166 4607.262 67.876 0 1 9 210 0 0
 2936 18299.000 59426.000 0 0 48.630 97.921 4761.952 69.006 0 1 14 210 0 0
 2937 32445.000 38779.000 0 0 58.691 64.764 3801.116 61.653 0 1 10 210 0 0
 2938 46020.000 26568.000 0 0 59.841 43.989 2632.417 51.307 0 1 7 210 0 0
 2939 62324.000 17041.000 0 0 47.706 21.666 1033.650 32.150 0 1 5 210 0 0
 2940 135583.000 16113.000 0 0 72.400 30.710 2223.494 47.153 0 1 4 210 0 0
 2941 151128.000 24544.000 0 0 68.722 46.565 3200.103 56.569 0 1 6 210 0 0
 2942 164689.000 35741.000 0 0 55.460 55.832 3096.466 55.645 0 1 9 210 0 0
 2943 18190.000 59265.000 0 0 46.860 94.112 4410.141 66.408 0 1 14 210 0 0
 2944 32364.000 38615.000 0 0 58.848 64.841 3815.855 61.772 0 1 10 210 0 0
 2945 45955.000 26405.000 0 0 59.974 44.042 2641.445 51.394 0 1 7 210 0 0
 2946 62272.000 16877.000 0 0 47.801 21.696 1037.108 32.204 0 1 5 210 0 0
 2947 135596.000 15936.000 0 0 72.554 30.722 2229.075 47.213 0 1 4 210 0 0
 2948 151163.000 24363.000 0 0 72.530 49.061 3558.485 59.653 0 1 6 210 0 0
 2949 18083.000 59102.000 0 0 49.018 98.180 4812.670 69.373 0 1 14 210 0 0
 2950 32288.000 38448.000 0 0 56.059 61.669 3457.184 58.797 0 1 10 210 0 0
 2951 45891.000 26240.000 0 0 56.556 41.488 2346.430 48.439 0 1 7 210 0 0
 2952 62228.000 16711.000 0 0 47.896 21.721 1040.400 32.255 0 1 5 210 0 0
 2953 135615.000 15758.000 0 0 72.707 30.738 2234.932 47.275 0 1 4 210 0 0
 2954 151203.000 24186.000 0 0 72.700 49.100 3569.599 59.746 0 1 6 210 0 0
 2955 17974.000 58939.000 0 0 53.149 106.172 5643.035 75.120 0 1 14 210 0 0
 2956 32207.000 38285.000 0 0 62.123 68.241 4239.396 65.110 0 1 10 210 0 0
 2957 45827.000 26077.000 0 0 56.680 41.537 2354.380 48.521 0 1 7 210 0 0
 2958 62177.000 16547.000 0 0 47.991 21.751 1043.868 32.308 0 1 5 210 0 0
 2959 135629.000 15579.000 0 0 76.887 32.449 2494.979 49.949 0 1 4 210 0 0
 2960 151241.000 24004.000 0 0 72.874 49.136 3580.792 59.839 0 1 6 210 0 0
 2961 17867.000 58776.000 0 0 49.409 98.439 4863.831 69.741 0 1 14 210 0 0
 2962 32126.000 38121.000 0 0 62.288 68.322 4255.710 65.235 0 1 10 210 0 0
 2963 45761.000 25915.000 0 0 60.373 44.200 2668.522 51.657 0 1 7 210 0 0
 2964 62127.000 16383.000 0 0 48.085 21.779 1047.300 32.362 0 1 5 210 0 0
 2965 135645.000 15401.000 0 0 73.015 30.764 2246.289 47.395 0 1 4 210 0 0
 2966 151279.000 23825.000 0 0 69.377 46.703 3240.122 56.922 0 1 6 210 0 0
 2967 17758.000 58612.000 0 0 49.604 98.570 4889.595 69.925 0 1 14 210 0 0
 2968 32048.000 37954.000 0 0 56.509 61.888 3497.276 59.137 0 1 10 210 0 0
 2969 45698.000 25751.000 0 0 56.931 41.636 2370.431 48.687 0 1 7 210 0 0
 2970 62078.000 16219.000 0 0 48.179 21.807 1050.697 32.414 0 1 5 210 0 0
 2971 135662.000 15224.000 0 0 73.168 30.779 2252.080 47.456 0 1 4 210 0 0
 2972 151317.000 23645.000 0 0 73.218 49.209 3603.046 60.025 0 1 6 210 0 0
 2973 17649.000 58452.000 0 0 49.796 98.700 4914.974 70.106 0 1 14 210 0 0
 2974 31969.000 37788.000 0 0 59.641 65.220 3889.851 62.368 0 1 10 210 0 0
 2975 45634.000 25587.000 0 0 57.056 41.685 2378.457 48.769 0 1 7 210 0 0
 2976 62030.000 16055.000 0 0 44.271 20.025 886.541 29.774 0 1 5 210 0 0
 2977 135675.000 15045.000 0 0 73.322 30.790 2257.659 47.514 0 1 4 210 0 0
 2978 151353.000 23466.000 0 0 73.390 49.243 3614.037 60.116 0 1 6 210 0 0
 2979 17541.000 58288.000 0 0 49.993 98.829 4940.816 70.290 0 1 14 210 0 0
 2980 31889.000 37623.000 0 0 56.811 62.033 3524.183 59.364 0 1 10 210 0 0
 2981 45568.000 25425.000 0 0 53.625 39.140 2098.940 45.814 0 1 7 210 0 0
 2982 61980.000 15891.000 0 0 44.357 20.051 889.441 29.823 0 1 5 210 0 0
 2983 135689.000 14868.000 0 0 69.375 29.083 2017.717 44.919 0 1 4 210 0 0
 2984 151389.000 23285.000 0 0 69.869 46.803 3270.123 57.184 0 1 6 210 0 0
 2985 17433.000 58126.000 0 0 52.194 102.916 5371.663 73.291 0 1 14 210 0 0
 2986 31812.000 37457.000 0 0 59.959 65.371 3919.629 62.606 0 1 10 210 0 0
 2987 45507.000 25260.000 0 0 57.307 41.783 2394.501 48.933 0 1 7 210 0 0
 2988 61931.000 15727.000 0 0 44.444 20.077 892.311 29.871 0 1 5 210 0 0
 2989 135705.000 14689.000 0 0 77.698 32.519 2526.684 50.266 0 1 4 210 0 0
 2990 151427.000 23106.000 0 0 73.735 49.315 3636.270 60.301 0 1 6 210 0 0
 2991 17324.000 57965.000 0 0 52.395 103.052 5399.435 73.480 0 1 14 210 0 0
 2992 31728.000 37295.000 0 0 60.114 65.451 3934.587 62.726 0 1 10 210 0 0
 2993 45439.000 25098.000 0 0 57.431 41.835 2402.685 49.017 0 1 7 210 0 0
 2994 61877.000 15563.000 0 0 44.530 20.105 895.321 29.921 0 1 5 210 0 0
 2995 135719.000 14512.000 0 0 73.783 30.828 2274.636 47.693 0 1 4 210 0 0
 2996 151464.000 22926.000 0 0 70.196 46.871 3290.194 57.360 0 1 6 210 0 0
 2997 17215.000 57804.000 0 0 48.541 95.233 4622.781 67.991 0 1 14 210 0 0
 2998 31652.000 37127.000 0 0 60.275 65.524 3949.551 62.845 0 1 10 210 0 0
 2999 45378.000 24932.000 0 0 57.558 41.882 2410.696 49.098 0 1 7 210 0 0
 3000 61829.000 15399.000 0 0 40.542 18.292 741.630 27.232 0 1 5 210 0 0
 3001 135733.000 14332.000 0 0 69.812 29.119 2032.928 45.088 0 1 4 210 0 0
 3002 151503.000 22748.000 0 0 66.674 44.451 2963.801 54.440 0 1 6 210 0 0
 3003 17106.000 57644.000 0 0 48.725 95.359 4646.445 68.164 0 1 14 210 0 0
 3004 31570.000 36964.000 0 0 63.452 68.881 4370.736 66.111 0 1 10 210 0 0
 3005 45311.000 24771.000 0 0 57.682 41.933 2418.848 49.181 0 1 7 210 0 0
 3006 61778.000 15236.000 0 0 44.703 20.157 901.125 30.018 0 1 5 210 0 0
 3007 135747.000 14154.000 0 0 74.091 30.853 2285.968 47.811 0 1 4 210 0 0
 3008 151539.000 22567.000 0 0 74.252 49.421 3669.673 60.577 0 1 6 210 0 0
 3009 176568.000 47061.000 0 0 55.838 80.761 4509.645 67.153 0 1 11 210 0 0
 3010 16998.000 57484.000 0 0 46.872 91.505 4289.090 65.491 0 1 14 210 0 0
 3011 31491.000 36802.000 0 0 60.587 65.678 3979.267 63.081 0 1 10 210 0 0
 3012 45243.000 24610.000 0 0 57.805 41.985 2427.026 49.264 0 1 7 210 0 0
 3013 61729.000 15071.000 0 0 44.790 20.183 904.024 30.066 0 1 5 210 0 0
 3014 135762.000 13976.000 0 0 74.245 30.866 2291.668 47.871 0 1 4 210 0 0
 3015 151577.000 22388.000 0 0 74.423 49.458 3680.864 60.670 0 1 6 210 0 0
 3016 176656.000 46888.000 0 0 53.462 77.162 4125.310 64.228 0 1 11 210 0 0
 3017 16894.000 57317.000 0 0 49.101 95.603 4694.294 68.514 0 1 14 210 0 0
 3018 31411.000 36637.000 0 0 60.745 65.755 3994.341 63.200 0 1 10 210 0 0
 3019 45182.000 24444.000 0 0 54.330 39.418 2141.618 46.277 0 1 7 210 0 0
 3020 61677.000 14908.000 0 0 40.778 18.365 748.901 27.366 0 1 5 210 0 0
 3021 135778.000 13800.000 0 0 74.397 30.879 2297.385 47.931 0 1 4 210 0 0
 3022 151612.000 22209.000 0 0 70.849 47.006 3330.370 57.709 0 1 6 210 0 0
 3023 16781.000 57163.000 0 0 49.279 95.733 4717.653 68.685 0 1 14 210 0 0
 3024 31329.000 36475.000 0 0 60.900 65.833 4009.326 63.319 0 1 10 210 0 0
 3025 45113.000 24284.000 0 0 58.055 42.085 2443.295 49.429 0 1 7 210 0 0
 3026 61629.000 14743.000 0 0 40.856 18.388 751.296 27.409 0 1 5 210 0 0
 3027 135789.000 13620.000 0 0 74.552 30.888 2302.844 47.987 0 1 4 210 0 0
 3028 151646.000 22028.000 0 0 71.014 47.037 3340.328 57.795 0 1 6 210 0 0
 3029 16674.000 57001.000 0 0 49.465 95.856 4741.557 68.858 0 1 14 210 0 0
 3030 31255.000 36305.000 0 0 64.115 69.199 4436.798 66.609 0 1 10 210 0 0
 3031 45050.000 24121.000 0 0 58.180 42.133 2451.367 49.511 0 1 7 210 0 0
 3032 61579.000 14580.000 0 0 40.935 18.412 753.720 27.453 0 1 5 210 0 0
 3033 135805.000 13444.000 0 0 70.536 29.178 2058.112 45.366 0 1 4 210 0 0
 3034 151687.000 21851.000 0 0 71.175 47.074 3350.555 57.883 0 1 6 210 0 0
 3035 165559.000 33015.000 0 0 61.007 59.708 3642.707 60.354 0 1 9 210 0 0
 3036 16566.000 56839.000 0 0 49.652 95.981 4765.665 69.033 0 1 14 210 0 0
 3037 31171.000 36146.000 0 0 64.276 69.284 4453.337 66.733 0 1 10 210 0 0
 3038 44985.000 23958.000 0 0 54.679 39.559 2163.130 46.509 0 1 7 210 0 0
 3039 61526.000 14416.000 0 0 41.014 18.437 756.204 27.499 0 1 5 210 0 0
 3040 135818.000 13265.000 0 0 74.859 30.913 2314.182 48.105 0 1 4 210 0 0
 3041 151720.000 21669.000 0 0 71.341 47.104 3360.518 57.969 0 1 6 210 0 0
 3042 165618.000 32835.000 0 0 64.406 62.923 4052.644 63.660 0 1 9 210 0 0
 3043 16457.000 56681.000 0 0 49.833 96.105 4789.320 69.204 0 1 14 210 0 0
 3044 31090.000 35983.000 0 0 61.372 66.062 4054.462 63.674 0 1 10 210 0 0
 3045 44921.000 23795.000 0 0 58.431 42.232 2467.689 49.675 0 1 7 210 0 0
 3046 61479.000 14251.000 0 0 37.004 16.623 615.138 24.801 0 1 5 210 0 0
 3047 135834.000 13087.000 0 0 75.012 30.927 2319.988 48.166 0 1 4 210 0 0
 3048 151758.000 21490.000 0 0 71.503 47.139 3370.651 58.057 0 1 6 210 0 0
 3049 165675.000 32654.000 0 0 64.579 62.977 4067.064 63.773 0 1 9 210 0 0
 3050 16349.000 56520.000 0 0 52.113 100.258 5224.800 72.282 0 1 14 210 0 0
 3051 31011.000 35818.000 0 0 58.454 62.832 3672.865 60.604 0 1 10 210 0 0
 3052 44860.000 23628.000 0 0 54.917 39.649 2177.466 46.663 0 1 7 210 0 0
 3053 61429.000 14087.000 0 0 32.937 14.787 487.056 22.069 0 1 5 210 0 0
 3054 135848.000 12910.000 0 0 75.165 30.939 2325.606 48.224 0 1 4 210 0 0
 3055 151796.000 21312.000 0 0 75.456 49.668 3747.795 61.219 0 1 6 210 0 0
 3056 165733.000 32473.000 0 0 67.973 66.167 4497.605 67.064 0 1 9 210 0 0
 3057 16242.000 56359.000 0 0 50.204 96.352 4837.322 69.550 0 1 14 210 0 0
 3058 30931.000 35656.000 0 0 58.602 62.905 3686.410 60.715 0 1 10 210 0 0
 3059 44790.000 23469.000 0 0 55.031 39.700 2184.774 46.741 0 1 7 210 0 0
 3060 61377.000 13924.000 0 0 28.895 12.965 374.646 19.355 0 1 5 210 0 0
 3061 135860.000 12731.000 0 0 71.117 29.223 2078.259 45.587 0 1 4 210 0 0
 3062 151831.000 21132.000 0 0 71.830 47.206 3390.844 58.230 0 1 6 210 0 0
 3063 165786.000 32288.000 0 0 68.159 66.221 4513.604 67.183 0 1 9 210 0 0
 3064 16132.000 56202.000 0 0 50.383 96.479 4861.029 69.721 0 1 14 210 0 0
 3065 30855.000 35489.000 0 0 61.846 66.288 4099.713 64.029 0 1 10 210 0 0
 3066 44726.000 23306.000 0 0 58.805 42.381 2492.290 49.922 0 1 7 210 0 0
 3067 61327.000 13760.000 0 0 16.531 7.413 122.552 11.070 0 1 5 210 0 0
 3068 135878.000 12555.000 0 0 71.260 29.237 2083.513 45.645 0 1 4 210 0 0
 3069 151864.000 20951.000 0 0 68.225 44.763 3053.999 55.262 0 1 6 210 0 0
 3070 165847.000 32112.000 0 0 58.593 56.831 3329.937 57.705 0 1 9 210 0 0
 3071 177332.000 45486.000 0 0 52.275 74.155 3876.504 62.261 0 1 11 210 0 0
 3072 16022.000 56045.000 0 0 48.459 92.582 4486.449 66.980 0 1 14 210 0 0
 3073 30772.000 35328.000 0 0 58.900 63.050 3713.732 60.940 0 1 10 210 0 0
 3074 44660.000 23143.000 0 0 58.930 42.432 2500.577 50.005 0 1 7 210 0 0
 3075 135889.000 12376.000 0 0 67.186 27.518 1848.876 42.998 0 1 4 210 0 0
 3076 151903.000 20772.000 0 0 72.157 47.271 3411.040 58.404 0 1 6 210 0 0
 3077 177418.000 45315.000 0 0 55.046 77.930 4289.794 65.496 0 1 11 210 0 0
 3078 15912.000 55887.000 0 0 50.746 96.732 4908.849 70.063 0 1 14 210 0 0;
ProcessEquipmentIDList 1
  "6632" ;
SummarySpec 5
  TESTNO    NDEFECT    DEFDENSITY    NDIE    NDEFDIE  ;
SummaryList 
  1    3078    11.25    1    1  ;
EndOfFile;
