FileVersion 1 2;
FileTimestamp 01-18-26 23:15:04;
InspectionStationID "KLA-Tencor" "SFSSP1" "0901-0728-TBI";
SampleType WAFER;
ResultTimestamp 01-18-26 23:10:00;
LotID "2850";
SampleSize 1 200;
DeviceID "None";
SetupID "T2-2850A" 01-18-26 23:10:00;
StepID "6502";
SampleOrientationMarkType NOTCH;
OrientationMarkLocation DOWN;
DiePitch 200000 200000;
DieOrigin 0 0;
WaferID "08";
Slot 8;
SampleCenterLocation 100000 100000;
ClassLookup 1
  0 "0"  ;
OrientationInstructions "Front";
CoordinatesMirrored No;
InspectionTest 1;
SampleTestPlan 1
  0 0 ;
AreaPerTest 2.8501e+010;
ClusterClassificationList 6
  3 200 
  2 210 
  4 200 
  6 200 
  1 200 
  5 200 ;
DefectRecordSpec 15 DEFECTID XREL YREL XINDEX YINDEX XSIZE YSIZE DEFECTAREA DSIZE CLASSNUMBER TEST CLUSTERNUMBER ROUGHBINNUMBER FINEBINNUMBER REVIEWSAMPLE ;
DefectList
 1 98895.000 100808.000 0 0 0.000 0.000 0.000 0.127 0 1 0 0 0 0
 2 98894.000 100810.000 0 0 0.000 0.000 0.000 0.126 0 1 0 0 0 0
 3 99385.000 97647.000 0 0 0.000 0.000 0.000 0.132 0 1 0 0 0 0
 4 99928.000 102741.000 0 0 0.000 0.000 0.000 0.123 0 1 0 0 0 0
 5 99926.000 102745.000 0 0 0.000 0.000 0.000 0.122 0 1 0 0 0 0
 6 97263.000 98585.000 0 0 0.000 0.000 0.000 0.125 0 1 0 0 0 0
 7 98440.000 102630.000 0 0 0.000 0.000 0.000 0.134 0 1 0 0 0 0
 8 98556.000 96430.000 0 0 0.000 0.000 0.000 0.132 0 1 0 0 0 0
 9 102418.000 96856.000 0 0 0.000 0.000 0.000 0.136 0 1 0 0 0 0
 10 102745.000 96795.000 0 0 0.000 0.000 0.000 0.135 0 1 0 0 0 0
 11 100624.000 103797.000 0 0 0.000 0.000 0.000 0.132 0 1 0 0 0 0
 12 103368.000 97186.000 0 0 0.000 0.000 0.000 0.132 0 1 0 0 0 0
 13 100352.000 95431.000 0 0 0.000 0.000 0.000 0.124 0 1 0 0 0 0
 14 95648.000 101740.000 0 0 0.000 0.000 0.000 0.122 0 1 0 0 0 0
 15 105451.000 98133.000 0 0 0.000 0.000 0.000 0.146 0 1 0 0 0 0
 16 98833.000 105504.000 0 0 0.000 0.000 0.000 0.131 0 1 0 0 0 0
 17 95995.000 95910.000 0 0 0.000 0.000 0.000 0.120 0 1 0 0 0 0
 18 102476.000 94394.000 0 0 0.000 0.000 0.000 0.125 0 1 0 0 0 0
 19 105410.000 97154.000 0 0 0.000 0.000 0.000 0.133 0 1 0 0 0 0
 20 103297.000 104902.000 0 0 0.000 0.000 0.000 0.141 0 1 0 0 0 0
 21 100195.000 105971.000 0 0 0.000 0.000 0.000 0.122 0 1 0 0 0 0
 22 104832.000 104059.000 0 0 0.000 0.000 0.000 0.138 0 1 0 0 0 0
 23 105418.000 96005.000 0 0 0.000 0.000 0.000 0.133 0 1 0 0 0 0
 24 96549.000 94327.000 0 0 0.000 0.000 0.000 0.133 0 1 0 0 0 0
 25 99013.000 93297.000 0 0 0.000 0.000 0.000 0.148 0 1 0 0 0 0
 26 106986.000 101708.000 0 0 0.000 0.000 0.000 0.123 0 1 0 0 0 0
 27 107328.000 100590.000 0 0 0.000 0.000 0.000 0.131 0 1 0 0 0 0
 28 102568.000 94025.000 0 0 0.000 0.000 0.000 200000.000 0 1 0 200 0 0
 29 107418.000 98785.000 0 0 0.000 0.000 0.000 0.131 0 1 0 0 0 0
 30 106792.000 96503.000 0 0 0.000 0.000 0.000 0.122 0 1 0 0 0 0
 31 103827.000 93115.000 0 0 0.000 0.000 0.000 0.126 0 1 0 0 0 0
 32 96791.000 106787.000 0 0 0.000 0.000 0.000 0.126 0 1 0 0 0 0
 33 94673.000 105381.000 0 0 0.000 0.000 0.000 0.129 0 1 0 0 0 0
 34 107621.000 102119.000 0 0 0.000 0.000 0.000 0.121 0 1 0 0 0 0
 35 92134.000 100064.000 0 0 0.000 0.000 0.000 0.128 0 1 0 0 0 0
 36 103379.000 107321.000 0 0 0.000 0.000 0.000 0.132 0 1 0 0 0 0
 37 106519.000 94650.000 0 0 0.000 0.000 0.000 0.120 0 1 0 0 0 0
 38 102497.000 107848.000 0 0 0.000 0.000 0.000 0.134 0 1 0 0 0 0
 39 92529.000 103353.000 0 0 0.000 0.000 0.000 0.125 0 1 0 0 0 0
 40 106396.000 94292.000 0 0 0.000 0.000 0.000 0.134 0 1 0 0 0 0
 41 107064.000 104619.000 0 0 0.000 0.000 0.000 0.120 0 1 0 0 0 0
 42 93682.000 94341.000 0 0 0.000 0.000 0.000 0.123 0 1 0 0 0 0
 43 107381.000 104260.000 0 0 0.000 0.000 0.000 0.121 0 1 0 0 0 0
 44 105403.000 106868.000 0 0 0.000 0.000 0.000 0.122 0 1 0 0 0 0
 45 102793.000 108139.000 0 0 0.000 0.000 0.000 0.135 0 1 0 0 0 0
 46 103928.000 91741.000 0 0 0.000 0.000 0.000 0.136 0 1 0 0 0 0
 47 109177.000 99525.000 0 0 0.000 0.000 0.000 0.138 0 1 0 0 0 0
 48 104412.000 107787.000 0 0 0.000 0.000 0.000 0.142 0 1 0 0 0 0
 49 104262.000 91631.000 0 0 0.000 0.000 0.000 0.134 0 1 0 0 0 0
 50 104361.000 108120.000 0 0 0.000 0.000 0.000 0.121 0 1 0 0 0 0
 51 103310.000 90992.000 0 0 0.000 0.000 0.000 0.140 0 1 0 0 0 0
 52 107744.000 105505.000 0 0 0.000 0.000 0.000 0.137 0 1 0 0 0 0
 53 102422.000 108973.000 0 0 0.000 0.000 0.000 0.124 0 1 0 0 0 0
 54 105376.000 91792.000 0 0 0.000 0.000 0.000 0.120 0 1 0 0 0 0
 55 108238.000 105104.000 0 0 0.000 0.000 0.000 0.146 0 1 0 0 0 0
 56 108931.000 95525.000 0 0 0.000 0.000 0.000 0.135 0 1 0 0 0 0
 57 94151.000 107717.000 0 0 0.000 0.000 0.000 0.128 0 1 0 0 0 0
 58 91689.000 94817.000 0 0 0.000 0.000 0.000 0.125 0 1 0 0 0 0
 59 91979.000 94245.000 0 0 0.000 0.000 0.000 0.129 0 1 0 0 0 0
 60 94650.000 91633.000 0 0 0.000 0.000 0.000 0.130 0 1 0 0 0 0
 61 104474.000 108914.000 0 0 0.000 0.000 0.000 0.125 0 1 0 0 0 0
 62 100133.000 109748.000 0 0 0.000 0.000 0.000 0.123 0 1 0 0 0 0
 63 97017.000 90209.000 0 0 0.000 0.000 0.000 0.133 0 1 0 0 0 0
 64 108230.000 93767.000 0 0 0.000 0.000 0.000 0.129 0 1 0 0 0 0
 65 107468.000 106721.000 0 0 0.000 0.000 0.000 0.138 0 1 0 0 0 0
 66 95490.000 108827.000 0 0 0.000 0.000 0.000 0.134 0 1 0 0 0 0
 67 90873.000 103808.000 0 0 0.000 0.000 0.000 0.122 0 1 0 0 0 0
 68 91032.000 104873.000 0 0 0.000 0.000 0.000 0.129 0 1 0 0 0 0
 69 108202.000 93254.000 0 0 0.000 0.000 0.000 0.124 0 1 0 0 0 0
 70 99628.000 110318.000 0 0 0.000 0.000 0.000 0.133 0 1 0 0 0 0
 71 91430.000 105500.000 0 0 0.000 0.000 0.000 0.140 0 1 0 0 0 0
 72 108352.000 106901.000 0 0 0.000 0.000 0.000 0.143 0 1 0 0 0 0
 73 89831.000 96282.000 0 0 0.000 0.000 0.000 0.131 0 1 0 0 0 0
 74 105515.000 109380.000 0 0 0.000 0.000 0.000 0.121 0 1 0 0 0 0
 75 106112.000 90438.000 0 0 0.000 0.000 0.000 0.142 0 1 0 0 0 0
 76 109174.000 93430.000 0 0 0.000 0.000 0.000 0.122 0 1 0 0 0 0
 77 111220.000 100624.000 0 0 0.000 0.000 0.000 0.121 0 1 0 0 0 0
 78 92642.000 91372.000 0 0 0.000 0.000 0.000 0.127 0 1 0 0 0 0
 79 110967.000 103017.000 0 0 0.000 0.000 0.000 0.120 0 1 0 0 0 0
 80 110033.000 105255.000 0 0 0.000 0.000 0.000 0.130 0 1 0 0 0 0
 81 109337.000 106471.000 0 0 0.000 0.000 0.000 0.121 0 1 0 0 0 0
 82 88790.000 99559.000 0 0 0.000 0.000 0.000 0.122 0 1 0 0 0 0
 83 91559.000 92372.000 0 0 0.000 0.000 0.000 0.125 0 1 0 0 0 0
 84 100639.000 88461.000 0 0 0.000 0.000 0.000 0.123 0 1 0 0 0 0
 85 104682.000 89370.000 0 0 0.000 0.000 0.000 0.132 0 1 0 0 0 0
 86 108471.000 107760.000 0 0 0.000 0.000 0.000 0.139 0 1 0 0 0 0
 87 93220.000 108954.000 0 0 0.000 0.000 0.000 0.132 0 1 0 0 0 0
 88 93901.000 90048.000 0 0 0.000 0.000 0.000 0.121 0 1 0 0 0 0
 89 98137.000 88396.000 0 0 0.000 0.000 0.000 0.143 0 1 0 0 0 0
 90 105298.000 89480.000 0 0 0.000 0.000 0.000 0.130 0 1 0 0 0 0
 91 92246.000 91123.000 0 0 0.000 0.000 0.000 0.138 0 1 0 0 0 0
 92 98893.000 88096.000 0 0 0.000 0.000 0.000 0.137 0 1 0 0 0 0
 93 110165.000 106200.000 0 0 0.000 0.000 0.000 0.135 0 1 0 0 0 0
 94 106234.000 110017.000 0 0 0.000 0.000 0.000 0.143 0 1 0 0 0 0
 95 95573.000 110715.000 0 0 0.000 0.000 0.000 0.128 0 1 0 0 0 0
 96 111334.000 104469.000 0 0 0.000 0.000 0.000 0.124 0 1 0 0 0 0
 97 111847.000 103056.000 0 0 0.000 0.000 0.000 0.127 0 1 0 0 0 0
 98 96537.000 88162.000 0 0 0.000 0.000 0.000 0.121 0 1 0 0 0 0
 99 96910.000 88087.000 0 0 0.000 0.000 0.000 0.121 0 1 0 0 0 0
 100 97015.000 87950.000 0 0 0.000 0.000 0.000 0.129 0 1 0 0 0 0
 101 99850.000 87504.000 0 0 0.000 0.000 0.000 0.134 0 1 0 0 0 0
 102 109401.000 107997.000 0 0 0.000 0.000 0.000 0.122 0 1 0 0 0 0
 103 94576.000 88746.000 0 0 0.000 0.000 0.000 0.134 0 1 0 0 0 0
 104 88237.000 95625.000 0 0 0.000 0.000 0.000 0.127 0 1 0 0 0 0
 105 107862.000 89983.000 0 0 0.000 0.000 0.000 0.120 0 1 0 0 0 0
 106 110973.000 106481.000 0 0 0.000 0.000 0.000 0.141 0 1 0 0 0 0
 107 107486.000 89373.000 0 0 0.000 0.000 0.000 0.142 0 1 0 0 0 0
 108 100309.000 112673.000 0 0 0.000 0.000 0.000 0.132 0 1 0 0 0 0
 109 94612.000 111468.000 0 0 0.000 0.000 0.000 0.136 0 1 0 0 0 0
 110 87693.000 103251.000 0 0 0.000 0.000 0.000 0.139 0 1 0 0 0 0
 111 91593.000 90280.000 0 0 0.000 0.000 0.000 0.233 0 1 0 0 0 0
 112 94519.000 88184.000 0 0 0.000 0.000 0.000 0.123 0 1 0 0 0 0
 113 110893.000 92365.000 0 0 0.000 0.000 0.000 0.132 0 1 0 0 0 0
 114 95356.000 112001.000 0 0 0.000 0.000 0.000 0.120 0 1 0 0 0 0
 115 100709.000 86664.000 0 0 26.000 50.000 1300.000 36.055 0 1 3 200 0 0
 116 103278.000 86996.000 0 0 0.000 0.000 0.000 0.134 0 1 0 0 0 0
 117 113113.000 97468.000 0 0 0.000 0.000 0.000 0.127 0 1 0 0 0 0
 118 87295.000 102589.000 0 0 0.000 0.000 0.000 0.133 0 1 0 0 0 0
 119 91928.000 89476.000 0 0 0.000 0.000 0.000 0.131 0 1 0 0 0 0
 120 107998.000 89007.000 0 0 0.000 0.000 0.000 0.128 0 1 0 0 0 0
 121 113554.000 99923.000 0 0 0.000 0.000 0.000 0.139 0 1 0 0 0 0
 122 109418.000 109501.000 0 0 0.000 0.000 0.000 0.126 0 1 0 0 0 0
 123 105155.000 112251.000 0 0 0.000 0.000 0.000 0.136 0 1 0 0 0 0
 124 102196.000 112990.000 0 0 0.000 0.000 0.000 0.120 0 1 0 0 0 0
 125 100490.000 86404.000 0 0 24.000 50.000 1200.000 34.641 0 1 3 200 0 0
 126 101439.000 86507.000 0 0 28.000 52.000 1456.000 38.157 0 1 3 200 0 0
 127 103642.000 112930.000 0 0 0.000 0.000 0.000 0.129 0 1 0 0 0 0
 128 86980.000 103099.000 0 0 0.000 0.000 0.000 0.124 0 1 0 0 0 0
 129 91594.000 89267.000 0 0 0.000 0.000 0.000 0.123 0 1 0 0 0 0
 130 98968.000 86203.000 0 0 0.000 0.000 0.000 0.133 0 1 0 0 0 0
 131 112036.000 93182.000 0 0 0.000 0.000 0.000 0.121 0 1 0 0 0 0
 132 90289.000 109279.000 0 0 0.000 0.000 0.000 0.123 0 1 0 0 0 0
 133 111766.000 92402.000 0 0 0.000 0.000 0.000 0.121 0 1 0 0 0 0
 134 110374.000 109188.000 0 0 0.000 0.000 0.000 0.124 0 1 0 0 0 0
 135 109523.000 110179.000 0 0 0.000 0.000 0.000 0.128 0 1 0 0 0 0
 136 91415.000 110608.000 0 0 0.000 0.000 0.000 0.135 0 1 0 0 0 0
 137 88198.000 106912.000 0 0 0.000 0.000 0.000 0.123 0 1 0 0 0 0
 138 86324.000 97826.000 0 0 0.000 0.000 0.000 0.133 0 1 0 0 0 0
 139 105182.000 112965.000 0 0 0.000 0.000 0.000 0.132 0 1 0 0 0 0
 140 104448.000 113162.000 0 0 0.000 0.000 0.000 0.133 0 1 0 0 0 0
 141 101410.000 113840.000 0 0 0.000 0.000 0.000 0.132 0 1 0 0 0 0
 142 95407.000 113044.000 0 0 0.000 0.000 0.000 0.124 0 1 0 0 0 0
 143 99009.000 85790.000 0 0 0.000 0.000 0.000 0.127 0 1 0 0 0 0
 144 100045.000 85792.000 0 0 24.000 51.000 1224.000 34.985 0 1 3 200 0 0
 145 112725.000 106576.000 0 0 0.000 0.000 0.000 0.132 0 1 0 0 0 0
 146 101031.000 114028.000 0 0 0.000 0.000 0.000 0.123 0 1 0 0 0 0
 147 100566.000 114019.000 0 0 0.000 0.000 0.000 0.127 0 1 0 0 0 0
 148 96730.000 113717.000 0 0 0.000 0.000 0.000 0.136 0 1 0 0 0 0
 149 96101.000 113444.000 0 0 0.000 0.000 0.000 0.124 0 1 0 0 0 0
 150 89630.000 90083.000 0 0 0.000 0.000 0.000 0.136 0 1 0 0 0 0
 151 85837.000 101664.000 0 0 0.000 0.000 0.000 0.123 0 1 0 0 0 0
 152 85871.000 97958.000 0 0 0.000 0.000 0.000 0.131 0 1 0 0 0 0
 153 86291.000 96145.000 0 0 0.000 0.000 0.000 0.121 0 1 0 0 0 0
 154 100427.000 85404.000 0 0 24.000 50.000 1200.000 34.641 0 1 3 200 0 0
 155 101159.000 85414.000 0 0 26.000 50.000 1300.000 36.055 0 1 3 200 0 0
 156 111127.000 90253.000 0 0 0.000 0.000 0.000 0.134 0 1 0 0 0 0
 157 114792.000 100271.000 0 0 0.000 0.000 0.000 0.131 0 1 0 0 0 0
 158 114715.000 100651.000 0 0 0.000 0.000 0.000 0.147 0 1 0 0 0 0
 159 106678.000 112883.000 0 0 0.000 0.000 0.000 0.139 0 1 0 0 0 0
 160 86593.000 105045.000 0 0 0.000 0.000 0.000 0.131 0 1 0 0 0 0
 161 105309.000 86028.000 0 0 0.000 0.000 0.000 0.125 0 1 0 0 0 0
 162 95469.000 85841.000 0 0 0.000 0.000 0.000 0.127 0 1 0 0 0 0
 163 100041.000 85096.000 0 0 24.000 50.000 1200.000 34.641 0 1 3 200 0 0
 164 115086.000 98926.000 0 0 0.000 0.000 0.000 0.127 0 1 0 0 0 0
 165 91170.000 111695.000 0 0 0.000 0.000 0.000 0.129 0 1 0 0 0 0
 166 85224.000 99519.000 0 0 0.000 0.000 0.000 0.135 0 1 0 0 0 0
 167 93331.000 86605.000 0 0 0.000 0.000 0.000 0.136 0 1 0 0 0 0
 168 104691.000 85541.000 0 0 0.000 0.000 0.000 0.147 0 1 0 0 0 0
 169 111915.000 90403.000 0 0 0.000 0.000 0.000 0.120 0 1 0 0 0 0
 170 113559.000 92931.000 0 0 0.000 0.000 0.000 0.134 0 1 0 0 0 0
 171 114727.000 95761.000 0 0 0.000 0.000 0.000 0.121 0 1 0 0 0 0
 172 98831.000 114872.000 0 0 0.000 0.000 0.000 0.125 0 1 0 0 0 0
 173 94639.000 113826.000 0 0 0.000 0.000 0.000 0.123 0 1 0 0 0 0
 174 89112.000 110127.000 0 0 0.000 0.000 0.000 0.126 0 1 0 0 0 0
 175 85488.000 96589.000 0 0 0.000 0.000 0.000 0.135 0 1 0 0 0 0
 176 86878.000 92740.000 0 0 0.000 0.000 0.000 0.122 0 1 0 0 0 0
 177 92127.000 87023.000 0 0 0.000 0.000 0.000 0.130 0 1 0 0 0 0
 178 106327.000 86013.000 0 0 0.000 0.000 0.000 0.126 0 1 0 0 0 0
 179 110134.000 88452.000 0 0 0.000 0.000 0.000 0.122 0 1 0 0 0 0
 180 88603.000 109788.000 0 0 0.000 0.000 0.000 0.125 0 1 0 0 0 0
 181 85753.000 104692.000 0 0 0.000 0.000 0.000 0.135 0 1 0 0 0 0
 182 86082.000 94033.000 0 0 0.000 0.000 0.000 0.135 0 1 0 0 0 0
 183 110019.000 88103.000 0 0 0.000 0.000 0.000 0.123 0 1 0 0 0 0
 184 111895.000 89885.000 0 0 0.000 0.000 0.000 0.121 0 1 0 0 0 0
 185 112036.000 90001.000 0 0 0.000 0.000 0.000 0.129 0 1 0 0 0 0
 186 113350.000 91840.000 0 0 0.000 0.000 0.000 0.126 0 1 0 0 0 0
 187 96605.000 114809.000 0 0 0.000 0.000 0.000 0.121 0 1 0 0 0 0
 188 86242.000 93128.000 0 0 0.000 0.000 0.000 0.131 0 1 0 0 0 0
 189 114590.000 105827.000 0 0 0.000 0.000 0.000 0.127 0 1 0 0 0 0
 190 108254.000 113203.000 0 0 0.000 0.000 0.000 0.120 0 1 0 0 0 0
 191 102764.000 115299.000 0 0 0.000 0.000 0.000 0.127 0 1 0 0 0 0
 192 99394.000 115391.000 0 0 0.000 0.000 0.000 0.121 0 1 0 0 0 0
 193 98977.000 115334.000 0 0 0.000 0.000 0.000 0.138 0 1 0 0 0 0
 194 90976.000 112398.000 0 0 0.000 0.000 0.000 0.128 0 1 0 0 0 0
 195 85950.000 106432.000 0 0 0.000 0.000 0.000 0.122 0 1 0 0 0 0
 196 85323.000 104610.000 0 0 0.000 0.000 0.000 0.133 0 1 0 0 0 0
 197 105888.000 85232.000 0 0 0.000 0.000 0.000 0.137 0 1 0 0 0 0
 198 113889.000 107683.000 0 0 0.000 0.000 0.000 0.135 0 1 0 0 0 0
 199 109952.000 112187.000 0 0 0.000 0.000 0.000 0.133 0 1 0 0 0 0
 200 97821.000 115468.000 0 0 0.000 0.000 0.000 0.120 0 1 0 0 0 0
 201 96112.000 115067.000 0 0 0.000 0.000 0.000 0.121 0 1 0 0 0 0
 202 94520.000 114549.000 0 0 0.000 0.000 0.000 0.140 0 1 0 0 0 0
 203 85382.000 94234.000 0 0 0.000 0.000 0.000 0.122 0 1 0 0 0 0
 204 90891.000 86938.000 0 0 0.000 0.000 0.000 0.122 0 1 0 0 0 0
 205 105920.000 85037.000 0 0 0.000 0.000 0.000 0.130 0 1 0 0 0 0
 206 105865.000 114648.000 0 0 0.000 0.000 0.000 0.121 0 1 0 0 0 0
 207 102910.000 115569.000 0 0 0.000 0.000 0.000 0.131 0 1 0 0 0 0
 208 101917.000 115653.000 0 0 0.000 0.000 0.000 0.132 0 1 0 0 0 0
 209 89573.000 111755.000 0 0 0.000 0.000 0.000 0.121 0 1 0 0 0 0
 210 108581.000 86275.000 0 0 0.000 0.000 0.000 0.121 0 1 0 0 0 0
 211 92168.000 113867.000 0 0 0.000 0.000 0.000 0.136 0 1 0 0 0 0
 212 110093.000 87040.000 0 0 0.000 0.000 0.000 0.130 0 1 0 0 0 0
 213 97981.000 115911.000 0 0 0.000 0.000 0.000 0.143 0 1 0 0 0 0
 214 93689.000 114853.000 0 0 0.000 0.000 0.000 0.129 0 1 0 0 0 0
 215 89467.000 112053.000 0 0 0.000 0.000 0.000 0.127 0 1 0 0 0 0
 216 85991.000 107860.000 0 0 0.000 0.000 0.000 0.139 0 1 0 0 0 0
 217 90843.000 86414.000 0 0 0.000 0.000 0.000 0.133 0 1 0 0 0 0
 218 102829.000 83562.000 0 0 0.000 0.000 0.000 0.128 0 1 0 0 0 0
 219 111682.000 87973.000 0 0 0.000 0.000 0.000 0.128 0 1 0 0 0 0
 220 101724.000 116433.000 0 0 0.000 0.000 0.000 0.124 0 1 0 0 0 0
 221 99848.000 116470.000 0 0 0.000 0.000 0.000 0.138 0 1 0 0 0 0
 222 84182.000 104597.000 0 0 0.000 0.000 0.000 0.130 0 1 0 0 0 0
 223 100221.000 116554.000 0 0 0.000 0.000 0.000 0.137 0 1 0 0 0 0
 224 87054.000 89417.000 0 0 0.000 0.000 0.000 0.138 0 1 0 0 0 0
 225 97936.000 83175.000 0 0 0.000 0.000 0.000 0.130 0 1 0 0 0 0
 226 106935.000 84379.000 0 0 0.000 0.000 0.000 0.132 0 1 0 0 0 0
 227 107364.000 84587.000 0 0 0.000 0.000 0.000 0.139 0 1 0 0 0 0
 228 91564.000 85121.000 0 0 46.000 54.000 2484.000 49.839 0 1 2 210 0 0
 229 116904.000 96115.000 0 0 0.000 0.000 0.000 0.125 0 1 0 0 0 0
 230 83116.000 101644.000 0 0 0.000 0.000 0.000 0.125 0 1 0 0 0 0
 231 83016.000 100750.000 0 0 0.000 0.000 0.000 0.146 0 1 0 0 0 0
 232 111682.000 87109.000 0 0 0.000 0.000 0.000 0.120 0 1 0 0 0 0
 233 117475.000 99758.000 0 0 0.000 0.000 0.000 0.138 0 1 0 0 0 0
 234 113487.000 110842.000 0 0 0.000 0.000 0.000 0.136 0 1 0 0 0 0
 235 104905.000 116401.000 0 0 0.000 0.000 0.000 0.127 0 1 0 0 0 0
 236 104716.000 116411.000 0 0 0.000 0.000 0.000 0.121 0 1 0 0 0 0
 237 104626.000 116528.000 0 0 0.000 0.000 0.000 0.129 0 1 0 0 0 0
 238 90591.000 114343.000 0 0 0.000 0.000 0.000 0.125 0 1 0 0 0 0
 239 93163.000 83871.000 0 0 0.000 0.000 0.000 0.123 0 1 0 0 0 0
 240 101064.000 82507.000 0 0 0.000 0.000 0.000 0.134 0 1 0 0 0 0
 241 117512.000 100145.000 0 0 0.000 0.000 0.000 0.137 0 1 0 0 0 0
 242 96768.000 116944.000 0 0 0.000 0.000 0.000 0.125 0 1 0 0 0 0
 243 90746.000 84945.000 0 0 48.000 56.000 2688.000 51.845 0 1 2 210 0 0
 244 107560.000 83908.000 0 0 0.000 0.000 0.000 0.124 0 1 0 0 0 0
 245 114391.000 89486.000 0 0 0.000 0.000 0.000 0.122 0 1 0 0 0 0
 246 113684.000 111247.000 0 0 0.000 0.000 0.000 0.127 0 1 0 0 0 0
 247 100561.000 117529.000 0 0 0.000 0.000 0.000 0.123 0 1 0 0 0 0
 248 89296.000 113738.000 0 0 0.000 0.000 0.000 0.123 0 1 0 0 0 0
 249 83063.000 104031.000 0 0 0.000 0.000 0.000 0.132 0 1 0 0 0 0
 250 102503.000 82303.000 0 0 0.000 0.000 0.000 0.123 0 1 0 0 0 0
 251 97885.000 117586.000 0 0 0.000 0.000 0.000 0.125 0 1 0 0 0 0
 252 85334.000 109592.000 0 0 0.000 0.000 0.000 0.122 0 1 0 0 0 0
 253 89235.000 85712.000 0 0 0.000 0.000 0.000 0.128 0 1 0 0 0 0
 254 104035.000 82364.000 0 0 0.000 0.000 0.000 0.127 0 1 0 0 0 0
 255 117916.000 97823.000 0 0 0.000 0.000 0.000 0.144 0 1 0 0 0 0
 256 118002.000 101739.000 0 0 0.000 0.000 0.000 0.133 0 1 0 0 0 0
 257 111113.000 114013.000 0 0 0.000 0.000 0.000 0.125 0 1 0 0 0 0
 258 96061.000 117389.000 0 0 0.000 0.000 0.000 0.124 0 1 0 0 0 0
 259 86151.000 111061.000 0 0 0.000 0.000 0.000 0.123 0 1 0 0 0 0
 260 117483.000 94223.000 0 0 0.000 0.000 0.000 0.126 0 1 0 0 0 0
 261 114559.000 110857.000 0 0 0.000 0.000 0.000 0.121 0 1 0 0 0 0
 262 110939.000 114427.000 0 0 0.000 0.000 0.000 0.123 0 1 0 0 0 0
 263 103149.000 117781.000 0 0 0.000 0.000 0.000 0.124 0 1 0 0 0 0
 264 91429.000 115847.000 0 0 0.000 0.000 0.000 0.127 0 1 0 0 0 0
 265 82613.000 104338.000 0 0 0.000 0.000 0.000 0.137 0 1 0 0 0 0
 266 82506.000 104046.000 0 0 0.000 0.000 0.000 0.129 0 1 0 0 0 0
 267 94107.000 82589.000 0 0 0.000 0.000 0.000 0.123 0 1 0 0 0 0
 268 95797.000 82166.000 0 0 0.000 0.000 0.000 0.137 0 1 0 0 0 0
 269 112380.000 113382.000 0 0 0.000 0.000 0.000 0.120 0 1 0 0 0 0
 270 93204.000 116809.000 0 0 0.000 0.000 0.000 0.130 0 1 0 0 0 0
 271 89551.000 114809.000 0 0 0.000 0.000 0.000 0.133 0 1 0 0 0 0
 272 89476.000 114613.000 0 0 0.000 0.000 0.000 0.120 0 1 0 0 0 0
 273 87197.000 86726.000 0 0 0.000 0.000 0.000 0.130 0 1 0 0 0 0
 274 90227.000 84407.000 0 0 48.000 56.000 2688.000 51.845 0 1 2 210 0 0
 275 117495.000 93650.000 0 0 0.000 0.000 0.000 0.124 0 1 0 0 0 0
 276 117273.000 106901.000 0 0 0.000 0.000 0.000 0.123 0 1 0 0 0 0
 277 109923.000 115428.000 0 0 0.000 0.000 0.000 0.139 0 1 0 0 0 0
 278 101287.000 118304.000 0 0 0.000 0.000 0.000 0.142 0 1 0 0 0 0
 279 86143.000 112030.000 0 0 0.000 0.000 0.000 0.125 0 1 0 0 0 0
 280 81682.000 101772.000 0 0 0.000 0.000 0.000 0.128 0 1 0 0 0 0
 281 89574.000 84670.000 0 0 48.000 54.000 2592.000 50.911 0 1 2 210 0 0
 282 107611.000 82871.000 0 0 0.000 0.000 0.000 0.136 0 1 0 0 0 0
 283 117252.000 92440.000 0 0 0.000 0.000 0.000 0.130 0 1 0 0 0 0
 284 116615.000 108561.000 0 0 0.000 0.000 0.000 0.122 0 1 0 0 0 0
 285 115452.000 110562.000 0 0 0.000 0.000 0.000 0.129 0 1 0 0 0 0
 286 113892.000 112526.000 0 0 0.000 0.000 0.000 0.131 0 1 0 0 0 0
 287 106009.000 117459.000 0 0 0.000 0.000 0.000 0.134 0 1 0 0 0 0
 288 81496.000 99062.000 0 0 0.000 0.000 0.000 0.138 0 1 0 0 0 0
 289 104751.000 81683.000 0 0 0.000 0.000 0.000 0.139 0 1 0 0 0 0
 290 117955.000 106104.000 0 0 0.000 0.000 0.000 0.127 0 1 0 0 0 0
 291 85971.000 112321.000 0 0 0.000 0.000 0.000 0.130 0 1 0 0 0 0
 292 81952.000 94937.000 0 0 0.000 0.000 0.000 0.127 0 1 0 0 0 0
 293 85564.000 87895.000 0 0 0.000 0.000 0.000 0.127 0 1 0 0 0 0
 294 95821.000 81486.000 0 0 0.000 0.000 0.000 0.130 0 1 0 0 0 0
 295 107457.000 82334.000 0 0 0.000 0.000 0.000 0.130 0 1 0 0 0 0
 296 119069.000 101510.000 0 0 0.000 0.000 0.000 0.148 0 1 0 0 0 0
 297 116129.000 110030.000 0 0 0.000 0.000 0.000 0.134 0 1 0 0 0 0
 298 93112.000 117435.000 0 0 0.000 0.000 0.000 0.136 0 1 0 0 0 0
 299 83016.000 108221.000 0 0 0.000 0.000 0.000 0.130 0 1 0 0 0 0
 300 81268.000 102123.000 0 0 0.000 0.000 0.000 0.121 0 1 0 0 0 0
 301 81311.000 96924.000 0 0 0.000 0.000 0.000 0.123 0 1 0 0 0 0
 302 81507.000 96062.000 0 0 0.000 0.000 0.000 0.134 0 1 0 0 0 0
 303 99910.000 80760.000 0 0 0.000 0.000 0.000 0.140 0 1 0 0 0 0
 304 99283.000 119060.000 0 0 0.000 0.000 0.000 0.128 0 1 0 0 0 0
 305 95427.000 118397.000 0 0 0.000 0.000 0.000 0.135 0 1 0 0 0 0
 306 81770.000 105611.000 0 0 0.000 0.000 0.000 0.129 0 1 0 0 0 0
 307 90459.000 116534.000 0 0 0.000 0.000 0.000 0.129 0 1 0 0 0 0
 308 80813.000 101297.000 0 0 0.000 0.000 0.000 0.127 0 1 0 0 0 0
 309 86007.000 86493.000 0 0 0.000 0.000 0.000 0.125 0 1 0 0 0 0
 310 89112.000 84006.000 0 0 48.000 54.000 2592.000 50.911 0 1 2 210 0 0
 311 116946.000 109760.000 0 0 0.000 0.000 0.000 0.125 0 1 0 0 0 0
 312 115794.000 111610.000 0 0 0.000 0.000 0.000 0.128 0 1 0 0 0 0
 313 99903.000 119394.000 0 0 0.000 0.000 0.000 0.124 0 1 0 0 0 0
 314 80773.000 98314.000 0 0 0.000 0.000 0.000 0.121 0 1 0 0 0 0
 315 86648.000 85604.000 0 0 0.000 0.000 0.000 0.135 0 1 0 0 0 0
 316 104046.000 80627.000 0 0 0.000 0.000 0.000 0.123 0 1 0 0 0 0
 317 109966.000 116879.000 0 0 0.000 0.000 0.000 0.121 0 1 0 0 0 0
 318 107254.000 118157.000 0 0 0.000 0.000 0.000 0.125 0 1 0 0 0 0
 319 100351.000 119484.000 0 0 0.000 0.000 0.000 0.131 0 1 0 0 0 0
 320 94137.000 118586.000 0 0 0.000 0.000 0.000 0.128 0 1 0 0 0 0
 321 93555.000 118362.000 0 0 0.000 0.000 0.000 0.145 0 1 0 0 0 0
 322 91225.000 117363.000 0 0 0.000 0.000 0.000 0.121 0 1 0 0 0 0
 323 86705.000 114145.000 0 0 0.000 0.000 0.000 0.125 0 1 0 0 0 0
 324 84434.000 111622.000 0 0 0.000 0.000 0.000 0.124 0 1 0 0 0 0
 325 82320.000 91620.000 0 0 0.000 0.000 0.000 0.131 0 1 0 0 0 0
 326 117002.000 89407.000 0 0 0.000 0.000 0.000 0.126 0 1 0 0 0 0
 327 117970.000 108424.000 0 0 0.000 0.000 0.000 0.142 0 1 0 0 0 0
 328 119105.000 93564.000 0 0 0.000 0.000 0.000 0.126 0 1 0 0 0 0
 329 109020.000 117871.000 0 0 0.000 0.000 0.000 0.128 0 1 0 0 0 0
 330 87947.000 115613.000 0 0 0.000 0.000 0.000 0.120 0 1 0 0 0 0
 331 85812.000 113787.000 0 0 0.000 0.000 0.000 0.123 0 1 0 0 0 0
 332 95277.000 80303.000 0 0 0.000 0.000 0.000 0.123 0 1 0 0 0 0
 333 110100.000 82412.000 0 0 0.000 0.000 0.000 0.125 0 1 0 0 0 0
 334 118257.000 91076.000 0 0 0.000 0.000 0.000 0.121 0 1 0 0 0 0
 335 100392.000 120071.000 0 0 0.000 0.000 0.000 0.132 0 1 0 0 0 0
 336 83300.000 88786.000 0 0 0.000 0.000 0.000 0.120 0 1 0 0 0 0
 337 113640.000 115147.000 0 0 0.000 0.000 0.000 0.120 0 1 0 0 0 0
 338 94788.000 119542.000 0 0 0.000 0.000 0.000 0.135 0 1 0 0 0 0
 339 81518.000 108004.000 0 0 0.000 0.000 0.000 0.127 0 1 0 0 0 0
 340 86261.000 84868.000 0 0 0.000 0.000 0.000 0.131 0 1 0 0 0 0
 341 104915.000 80028.000 0 0 0.000 0.000 0.000 0.132 0 1 0 0 0 0
 342 120660.000 99896.000 0 0 0.000 0.000 0.000 0.149 0 1 0 0 0 0
 343 116009.000 112987.000 0 0 0.000 0.000 0.000 0.130 0 1 0 0 0 0
 344 80717.000 93259.000 0 0 0.000 0.000 0.000 0.129 0 1 0 0 0 0
 345 120254.000 104824.000 0 0 0.000 0.000 0.000 0.135 0 1 0 0 0 0
 346 89886.000 81699.000 0 0 0.000 0.000 0.000 0.125 0 1 0 0 0 0
 347 118466.000 109901.000 0 0 0.000 0.000 0.000 0.128 0 1 0 0 0 0
 348 117491.000 111325.000 0 0 0.000 0.000 0.000 0.129 0 1 0 0 0 0
 349 104935.000 120169.000 0 0 0.000 0.000 0.000 0.129 0 1 0 0 0 0
 350 89923.000 117936.000 0 0 0.000 0.000 0.000 0.124 0 1 0 0 0 0
 351 105860.000 79684.000 0 0 0.000 0.000 0.000 0.120 0 1 0 0 0 0
 352 118314.000 110524.000 0 0 0.000 0.000 0.000 0.121 0 1 0 0 0 0
 353 117262.000 112066.000 0 0 0.000 0.000 0.000 0.126 0 1 0 0 0 0
 354 110257.000 81288.000 0 0 0.000 0.000 0.000 0.120 0 1 0 0 0 0
 355 80248.000 107111.000 0 0 0.000 0.000 0.000 0.133 0 1 0 0 0 0
 356 110645.000 81212.000 0 0 0.000 0.000 0.000 0.131 0 1 0 0 0 0
 357 116689.000 86318.000 0 0 0.000 0.000 0.000 0.139 0 1 0 0 0 0
 358 108866.000 119436.000 0 0 0.000 0.000 0.000 0.122 0 1 0 0 0 0
 359 105095.000 120580.000 0 0 0.000 0.000 0.000 0.139 0 1 0 0 0 0
 360 114404.000 83754.000 0 0 0.000 0.000 0.000 0.129 0 1 0 0 0 0
 361 120973.000 94640.000 0 0 0.000 0.000 0.000 0.124 0 1 0 0 0 0
 362 119063.000 110133.000 0 0 0.000 0.000 0.000 0.130 0 1 0 0 0 0
 363 118193.000 111621.000 0 0 0.000 0.000 0.000 0.131 0 1 0 0 0 0
 364 93970.000 120528.000 0 0 0.000 0.000 0.000 0.120 0 1 0 0 0 0
 365 90483.000 118968.000 0 0 0.000 0.000 0.000 0.120 0 1 0 0 0 0
 366 88337.000 117787.000 0 0 0.000 0.000 0.000 0.134 0 1 0 0 0 0
 367 84917.000 115143.000 0 0 0.000 0.000 0.000 0.134 0 1 0 0 0 0
 368 78554.000 98411.000 0 0 0.000 0.000 0.000 0.126 0 1 0 0 0 0
 369 80579.000 90867.000 0 0 0.000 0.000 0.000 0.141 0 1 0 0 0 0
 370 112784.000 82126.000 0 0 0.000 0.000 0.000 0.125 0 1 0 0 0 0
 371 112144.000 118039.000 0 0 0.000 0.000 0.000 0.126 0 1 0 0 0 0
 372 82143.000 87323.000 0 0 0.000 0.000 0.000 0.126 0 1 0 0 0 0
 373 98347.000 78007.000 0 0 0.000 0.000 0.000 0.132 0 1 0 0 0 0
 374 115106.000 83842.000 0 0 0.000 0.000 0.000 0.140 0 1 0 0 0 0
 375 121499.000 94557.000 0 0 0.000 0.000 0.000 0.123 0 1 0 0 0 0
 376 98899.000 121811.000 0 0 0.000 0.000 0.000 0.135 0 1 0 0 0 0
 377 96215.000 121512.000 0 0 0.000 0.000 0.000 0.123 0 1 0 0 0 0
 378 92748.000 120571.000 0 0 0.000 0.000 0.000 0.133 0 1 0 0 0 0
 379 88124.000 118370.000 0 0 0.000 0.000 0.000 0.134 0 1 0 0 0 0
 380 78978.000 93618.000 0 0 0.000 0.000 0.000 0.133 0 1 0 0 0 0
 381 100086.000 122077.000 0 0 0.000 0.000 0.000 0.128 0 1 0 0 0 0
 382 78254.000 96099.000 0 0 0.000 0.000 0.000 0.145 0 1 0 0 0 0
 383 78495.000 94684.000 0 0 0.000 0.000 0.000 0.134 0 1 0 0 0 0
 384 115353.000 83399.000 0 0 0.000 0.000 0.000 0.131 0 1 0 0 0 0
 385 122128.000 104144.000 0 0 0.000 0.000 0.000 0.125 0 1 0 0 0 0
 386 83623.000 114812.000 0 0 0.000 0.000 0.000 0.136 0 1 0 0 0 0
 387 81922.000 112820.000 0 0 0.000 0.000 0.000 0.126 0 1 0 0 0 0
 388 77815.000 101651.000 0 0 0.000 0.000 0.000 0.124 0 1 0 0 0 0
 389 77769.000 99349.000 0 0 0.000 0.000 0.000 0.133 0 1 0 0 0 0
 390 122413.000 103624.000 0 0 0.000 0.000 0.000 0.136 0 1 0 0 0 0
 391 122274.000 104215.000 0 0 0.000 0.000 0.000 0.123 0 1 0 0 0 0
 392 109443.000 79099.000 0 0 0.000 0.000 0.000 0.124 0 1 0 0 0 0
 393 117623.000 85364.000 0 0 0.000 0.000 0.000 0.142 0 1 0 0 0 0
 394 120576.000 89836.000 0 0 0.000 0.000 0.000 0.123 0 1 0 0 0 0
 395 122636.000 96531.000 0 0 0.000 0.000 0.000 0.126 0 1 0 0 0 0
 396 110985.000 79688.000 0 0 0.000 0.000 0.000 0.138 0 1 0 0 0 0
 397 114190.000 81696.000 0 0 0.000 0.000 0.000 0.129 0 1 0 0 0 0
 398 118927.000 86809.000 0 0 0.000 0.000 0.000 0.123 0 1 0 0 0 0
 399 77898.000 105337.000 0 0 0.000 0.000 0.000 0.127 0 1 0 0 0 0
 400 77674.000 95718.000 0 0 0.000 0.000 0.000 0.123 0 1 0 0 0 0
 401 84852.000 82776.000 0 0 0.000 0.000 0.000 0.125 0 1 0 0 0 0
 402 112571.000 119299.000 0 0 0.000 0.000 0.000 0.124 0 1 0 0 0 0
 403 109283.000 120923.000 0 0 0.000 0.000 0.000 0.120 0 1 0 0 0 0
 404 102131.000 122744.000 0 0 0.000 0.000 0.000 0.121 0 1 0 0 0 0
 405 79398.000 109822.000 0 0 0.000 0.000 0.000 0.137 0 1 0 0 0 0
 406 77157.000 101881.000 0 0 0.000 0.000 0.000 0.133 0 1 0 0 0 0
 407 78427.000 91959.000 0 0 0.000 0.000 0.000 0.127 0 1 0 0 0 0
 408 123346.000 101715.000 0 0 0.000 0.000 0.000 0.128 0 1 0 0 0 0
 409 83794.000 116239.000 0 0 0.000 0.000 0.000 0.120 0 1 0 0 0 0
 410 83646.000 83414.000 0 0 0.000 0.000 0.000 0.122 0 1 0 0 0 0
 411 100029.000 76527.000 0 0 0.000 0.000 0.000 0.137 0 1 0 0 0 0
 412 122454.000 107119.000 0 0 0.000 0.000 0.000 0.125 0 1 0 0 0 0
 413 93620.000 122279.000 0 0 0.000 0.000 0.000 0.123 0 1 0 0 0 0
 414 88732.000 120238.000 0 0 0.000 0.000 0.000 0.139 0 1 0 0 0 0
 415 76714.000 98028.000 0 0 0.000 0.000 0.000 0.127 0 1 0 0 0 0
 416 81505.000 85543.000 0 0 0.000 0.000 0.000 0.123 0 1 0 0 0 0
 417 101444.000 76312.000 0 0 0.000 0.000 0.000 0.132 0 1 0 0 0 0
 418 119695.000 113025.000 0 0 0.000 0.000 0.000 0.125 0 1 0 0 0 0
 419 99409.000 123414.000 0 0 0.000 0.000 0.000 0.124 0 1 0 0 0 0
 420 81036.000 113667.000 0 0 0.000 0.000 0.000 0.121 0 1 0 0 0 0
 421 116629.000 82890.000 0 0 0.000 0.000 0.000 0.138 0 1 0 0 0 0
 422 77052.000 105302.000 0 0 0.000 0.000 0.000 0.132 0 1 0 0 0 0
 423 118897.000 114693.000 0 0 0.000 0.000 0.000 0.129 0 1 0 0 0 0
 424 113106.000 120014.000 0 0 0.000 0.000 0.000 0.124 0 1 0 0 0 0
 425 79647.000 112117.000 0 0 0.000 0.000 0.000 0.131 0 1 0 0 0 0
 426 81621.000 84603.000 0 0 0.000 0.000 0.000 0.124 0 1 0 0 0 0
 427 98423.000 75865.000 0 0 0.000 0.000 0.000 0.145 0 1 0 0 0 0
 428 106407.000 76613.000 0 0 0.000 0.000 0.000 0.131 0 1 0 0 0 0
 429 112737.000 79314.000 0 0 0.000 0.000 0.000 0.124 0 1 0 0 0 0
 430 107849.000 122648.000 0 0 0.000 0.000 0.000 0.130 0 1 0 0 0 0
 431 76838.000 105651.000 0 0 0.000 0.000 0.000 0.137 0 1 0 0 0 0
 432 77509.000 91354.000 0 0 0.000 0.000 0.000 0.129 0 1 0 0 0 0
 433 108693.000 77132.000 0 0 0.000 0.000 0.000 0.122 0 1 0 0 0 0
 434 115553.000 81182.000 0 0 0.000 0.000 0.000 0.132 0 1 0 0 0 0
 435 117307.000 116990.000 0 0 0.000 0.000 0.000 0.124 0 1 0 0 0 0
 436 81241.000 115054.000 0 0 0.000 0.000 0.000 0.122 0 1 0 0 0 0
 437 83753.000 81967.000 0 0 0.000 0.000 0.000 0.137 0 1 0 0 0 0
 438 97477.000 75652.000 0 0 0.000 0.000 0.000 0.124 0 1 0 0 0 0
 439 99587.000 75398.000 0 0 0.000 0.000 0.000 0.129 0 1 0 0 0 0
 440 119806.000 85346.000 0 0 0.000 0.000 0.000 0.127 0 1 0 0 0 0
 441 123636.000 106683.000 0 0 0.000 0.000 0.000 0.123 0 1 0 0 0 0
 442 122394.000 110182.000 0 0 0.000 0.000 0.000 0.127 0 1 0 0 0 0
 443 109797.000 122330.000 0 0 0.000 0.000 0.000 0.124 0 1 0 0 0 0
 444 77761.000 109390.000 0 0 0.000 0.000 0.000 0.120 0 1 0 0 0 0
 445 99058.000 75251.000 0 0 0.000 0.000 0.000 0.126 0 1 0 0 0 0
 446 110779.000 77764.000 0 0 0.000 0.000 0.000 0.126 0 1 0 0 0 0
 447 115041.000 80378.000 0 0 0.000 0.000 0.000 0.123 0 1 0 0 0 0
 448 107283.000 123483.000 0 0 0.000 0.000 0.000 0.126 0 1 0 0 0 0
 449 89056.000 121729.000 0 0 0.000 0.000 0.000 0.122 0 1 0 0 0 0
 450 88971.000 121733.000 0 0 0.000 0.000 0.000 0.131 0 1 0 0 0 0
 451 82814.000 117403.000 0 0 0.000 0.000 0.000 0.131 0 1 0 0 0 0
 452 78879.000 112211.000 0 0 0.000 0.000 0.000 0.128 0 1 0 0 0 0
 453 89323.000 77781.000 0 0 0.000 0.000 0.000 0.145 0 1 0 0 0 0
 454 104772.000 75641.000 0 0 0.000 0.000 0.000 0.125 0 1 0 0 0 0
 455 107292.000 76255.000 0 0 0.000 0.000 0.000 0.130 0 1 0 0 0 0
 456 110888.000 77487.000 0 0 0.000 0.000 0.000 0.128 0 1 0 0 0 0
 457 118822.000 83654.000 0 0 0.000 0.000 0.000 0.120 0 1 0 0 0 0
 458 123837.000 106717.000 0 0 0.000 0.000 0.000 0.137 0 1 0 0 0 0
 459 107664.000 123361.000 0 0 0.000 0.000 0.000 0.120 0 1 0 0 0 0
 460 87961.000 121267.000 0 0 0.000 0.000 0.000 0.144 0 1 0 0 0 0
 461 85385.000 119700.000 0 0 0.000 0.000 0.000 0.128 0 1 0 0 0 0
 462 76016.000 105382.000 0 0 0.000 0.000 0.000 0.128 0 1 0 0 0 0
 463 86937.000 78902.000 0 0 0.000 0.000 0.000 0.130 0 1 0 0 0 0
 464 111806.000 121984.000 0 0 0.000 0.000 0.000 0.124 0 1 0 0 0 0
 465 81857.000 116926.000 0 0 0.000 0.000 0.000 0.130 0 1 0 0 0 0
 466 81634.000 116502.000 0 0 0.000 0.000 0.000 0.122 0 1 0 0 0 0
 467 77638.000 110410.000 0 0 0.000 0.000 0.000 0.120 0 1 0 0 0 0
 468 75123.000 99443.000 0 0 0.000 0.000 0.000 0.134 0 1 0 0 0 0
 469 80901.000 84026.000 0 0 0.000 0.000 0.000 0.122 0 1 0 0 0 0
 470 83677.000 81058.000 0 0 0.000 0.000 0.000 0.141 0 1 0 0 0 0
 471 85096.000 79818.000 0 0 0.000 0.000 0.000 0.133 0 1 0 0 0 0
 472 96779.000 75077.000 0 0 0.000 0.000 0.000 0.126 0 1 0 0 0 0
 473 102499.000 74912.000 0 0 0.000 0.000 0.000 0.140 0 1 0 0 0 0
 474 94651.000 124407.000 0 0 0.000 0.000 0.000 0.126 0 1 0 0 0 0
 475 76426.000 108053.000 0 0 0.000 0.000 0.000 0.121 0 1 0 0 0 0
 476 75234.000 96751.000 0 0 0.000 0.000 0.000 0.121 0 1 0 0 0 0
 477 75998.000 93033.000 0 0 0.000 0.000 0.000 0.148 0 1 0 0 0 0
 478 110184.000 76782.000 0 0 0.000 0.000 0.000 0.120 0 1 0 0 0 0
 479 125364.000 97753.000 0 0 0.000 0.000 0.000 0.143 0 1 0 0 0 0
 480 125280.000 102528.000 0 0 0.000 0.000 0.000 0.134 0 1 0 0 0 0
 481 107947.000 123803.000 0 0 0.000 0.000 0.000 0.120 0 1 0 0 0 0
 482 82789.000 118101.000 0 0 0.000 0.000 0.000 0.122 0 1 0 0 0 0
 483 74909.000 98923.000 0 0 0.000 0.000 0.000 0.122 0 1 0 0 0 0
 484 95959.000 74744.000 0 0 0.000 0.000 0.000 0.127 0 1 0 0 0 0
 485 99496.000 74456.000 0 0 0.000 0.000 0.000 0.145 0 1 0 0 0 0
 486 119430.000 116558.000 0 0 0.000 0.000 0.000 0.124 0 1 0 0 0 0
 487 118308.000 117625.000 0 0 0.000 0.000 0.000 0.133 0 1 0 0 0 0
 488 88339.000 122401.000 0 0 0.000 0.000 0.000 0.142 0 1 0 0 0 0
 489 86090.000 120911.000 0 0 0.000 0.000 0.000 0.143 0 1 0 0 0 0
 490 79828.000 115128.000 0 0 0.000 0.000 0.000 0.133 0 1 0 0 0 0
 491 75120.000 94646.000 0 0 0.000 0.000 0.000 0.128 0 1 0 0 0 0
 492 83571.000 80378.000 0 0 0.000 0.000 0.000 0.124 0 1 0 0 0 0
 493 115738.000 120261.000 0 0 0.000 0.000 0.000 0.133 0 1 0 0 0 0
 494 112277.000 122334.000 0 0 0.000 0.000 0.000 0.125 0 1 0 0 0 0
 495 109629.000 123643.000 0 0 0.000 0.000 0.000 0.134 0 1 0 0 0 0
 496 100175.000 125416.000 0 0 0.000 0.000 0.000 0.131 0 1 0 0 0 0
 497 95370.000 125043.000 0 0 0.000 0.000 0.000 0.131 0 1 0 0 0 0
 498 77991.000 112723.000 0 0 0.000 0.000 0.000 0.122 0 1 0 0 0 0
 499 101988.000 74184.000 0 0 0.000 0.000 0.000 0.134 0 1 0 0 0 0
 500 125516.000 95325.000 0 0 0.000 0.000 0.000 0.132 0 1 0 0 0 0
 501 125769.000 102816.000 0 0 0.000 0.000 0.000 0.131 0 1 0 0 0 0
 502 115207.000 120666.000 0 0 0.000 0.000 0.000 0.121 0 1 0 0 0 0
 503 85892.000 121388.000 0 0 0.000 0.000 0.000 0.123 0 1 0 0 0 0
 504 83242.000 119339.000 0 0 0.000 0.000 0.000 0.130 0 1 0 0 0 0
 505 102692.000 74048.000 0 0 0.000 0.000 0.000 0.128 0 1 0 0 0 0
 506 126124.000 98916.000 0 0 0.000 0.000 0.000 0.130 0 1 0 0 0 0
 507 123482.000 111120.000 0 0 0.000 0.000 0.000 0.135 0 1 0 0 0 0
 508 97737.000 125674.000 0 0 0.000 0.000 0.000 0.140 0 1 0 0 0 0
 509 84649.000 120616.000 0 0 0.000 0.000 0.000 0.123 0 1 0 0 0 0
 510 78256.000 113752.000 0 0 0.000 0.000 0.000 0.135 0 1 0 0 0 0
 511 74358.000 97430.000 0 0 0.000 0.000 0.000 0.138 0 1 0 0 0 0
 512 74551.000 95855.000 0 0 0.000 0.000 0.000 0.141 0 1 0 0 0 0
 513 124676.000 90880.000 0 0 0.000 0.000 0.000 0.122 0 1 0 0 0 0
 514 125634.000 94162.000 0 0 0.000 0.000 0.000 0.131 0 1 0 0 0 0
 515 126332.000 101017.000 0 0 0.000 0.000 0.000 0.123 0 1 0 0 0 0
 516 126140.000 102145.000 0 0 0.000 0.000 0.000 0.136 0 1 0 0 0 0
 517 119749.000 117190.000 0 0 0.000 0.000 0.000 0.138 0 1 0 0 0 0
 518 109524.000 124162.000 0 0 0.000 0.000 0.000 0.120 0 1 0 0 0 0
 519 74032.000 97659.000 0 0 0.000 0.000 0.000 0.124 0 1 0 0 0 0
 520 81030.000 81857.000 0 0 0.000 0.000 0.000 0.133 0 1 0 0 0 0
 521 88767.000 76258.000 0 0 0.000 0.000 0.000 0.129 0 1 0 0 0 0
 522 89346.000 75947.000 0 0 0.000 0.000 0.000 0.121 0 1 0 0 0 0
 523 112969.000 76912.000 0 0 0.000 0.000 0.000 0.131 0 1 0 0 0 0
 524 121378.000 84279.000 0 0 0.000 0.000 0.000 0.132 0 1 0 0 0 0
 525 123636.000 111709.000 0 0 0.000 0.000 0.000 0.132 0 1 0 0 0 0
 526 115937.000 120769.000 0 0 0.000 0.000 0.000 0.142 0 1 0 0 0 0
 527 110136.000 124139.000 0 0 0.000 0.000 0.000 0.123 0 1 0 0 0 0
 528 107071.000 125294.000 0 0 0.000 0.000 0.000 0.130 0 1 0 0 0 0
 529 79841.000 116611.000 0 0 0.000 0.000 0.000 0.122 0 1 0 0 0 0
 530 78953.000 115495.000 0 0 0.000 0.000 0.000 0.123 0 1 0 0 0 0
 531 77260.000 86739.000 0 0 0.000 0.000 0.000 0.129 0 1 0 0 0 0
 532 100069.000 73383.000 0 0 0.000 0.000 0.000 0.123 0 1 0 0 0 0
 533 109014.000 75038.000 0 0 0.000 0.000 0.000 0.148 0 1 0 0 0 0
 534 116853.000 79359.000 0 0 0.000 0.000 0.000 0.134 0 1 0 0 0 0
 535 122713.000 86067.000 0 0 0.000 0.000 0.000 0.130 0 1 0 0 0 0
 536 115957.000 121140.000 0 0 0.000 0.000 0.000 0.132 0 1 0 0 0 0
 537 112281.000 123363.000 0 0 0.000 0.000 0.000 0.122 0 1 0 0 0 0
 538 109959.000 124397.000 0 0 0.000 0.000 0.000 0.126 0 1 0 0 0 0
 539 73704.000 101805.000 0 0 0.000 0.000 0.000 0.124 0 1 0 0 0 0
 540 73768.000 100518.000 0 0 0.000 0.000 0.000 0.121 0 1 0 0 0 0
 541 87778.000 76298.000 0 0 0.000 0.000 0.000 0.125 0 1 0 0 0 0
 542 116693.000 79149.000 0 0 0.000 0.000 0.000 0.143 0 1 0 0 0 0
 543 106229.000 125816.000 0 0 0.000 0.000 0.000 0.141 0 1 0 0 0 0
 544 103776.000 126301.000 0 0 0.000 0.000 0.000 0.130 0 1 0 0 0 0
 545 79738.000 117107.000 0 0 0.000 0.000 0.000 0.125 0 1 0 0 0 0
 546 74845.000 91588.000 0 0 0.000 0.000 0.000 0.134 0 1 0 0 0 0
 547 85987.000 77189.000 0 0 0.000 0.000 0.000 0.125 0 1 0 0 0 0
 548 86091.000 77226.000 0 0 0.000 0.000 0.000 0.120 0 1 0 0 0 0
 549 100455.000 73092.000 0 0 0.000 0.000 0.000 0.137 0 1 0 0 0 0
 550 104377.000 73440.000 0 0 0.000 0.000 0.000 0.147 0 1 0 0 0 0
 551 114281.000 76991.000 0 0 0.000 0.000 0.000 0.127 0 1 0 0 0 0
 552 121421.000 83603.000 0 0 0.000 0.000 0.000 0.131 0 1 0 0 0 0
 553 124079.000 112031.000 0 0 0.000 0.000 0.000 0.141 0 1 0 0 0 0
 554 113204.000 123344.000 0 0 0.000 0.000 0.000 0.127 0 1 0 0 0 0
 555 96864.000 126403.000 0 0 0.000 0.000 0.000 0.130 0 1 0 0 0 0
 556 77290.000 113874.000 0 0 0.000 0.000 0.000 0.129 0 1 0 0 0 0
 557 76712.000 86879.000 0 0 0.000 0.000 0.000 0.136 0 1 0 0 0 0
 558 80261.000 81868.000 0 0 0.000 0.000 0.000 0.141 0 1 0 0 0 0
 559 109382.000 74495.000 0 0 0.000 0.000 0.000 0.126 0 1 0 0 0 0
 560 126006.000 92059.000 0 0 0.000 0.000 0.000 0.128 0 1 0 0 0 0
 561 127078.000 98757.000 0 0 0.000 0.000 0.000 0.133 0 1 0 0 0 0
 562 120941.000 117158.000 0 0 0.000 0.000 0.000 0.133 0 1 0 0 0 0
 563 82455.000 120289.000 0 0 0.000 0.000 0.000 0.130 0 1 0 0 0 0
 564 75702.000 111183.000 0 0 0.000 0.000 0.000 0.144 0 1 0 0 0 0
 565 73248.000 99823.000 0 0 0.000 0.000 0.000 0.141 0 1 0 0 0 0
 566 103958.000 73029.000 0 0 0.000 0.000 0.000 0.124 0 1 0 0 0 0
 567 82542.000 120403.000 0 0 0.000 0.000 0.000 0.136 0 1 0 0 0 0
 568 80739.000 118880.000 0 0 0.000 0.000 0.000 0.133 0 1 0 0 0 0
 569 127237.000 96825.000 0 0 0.000 0.000 0.000 0.121 0 1 0 0 0 0
 570 127398.000 101206.000 0 0 0.000 0.000 0.000 0.127 0 1 0 0 0 0
 571 127250.000 103485.000 0 0 0.000 0.000 0.000 0.140 0 1 0 0 0 0
 572 83530.000 121567.000 0 0 0.000 0.000 0.000 0.132 0 1 0 0 0 0
 573 76345.000 86427.000 0 0 0.000 0.000 0.000 0.135 0 1 0 0 0 0
 574 77785.000 84138.000 0 0 0.000 0.000 0.000 0.129 0 1 0 0 0 0
 575 83477.000 78184.000 0 0 0.000 0.000 0.000 0.127 0 1 0 0 0 0
 576 94186.000 73098.000 0 0 0.000 0.000 0.000 0.133 0 1 0 0 0 0
 577 79660.000 118189.000 0 0 0.000 0.000 0.000 0.126 0 1 0 0 0 0
 578 121918.000 82743.000 0 0 0.000 0.000 0.000 0.123 0 1 0 0 0 0
 579 127767.000 101123.000 0 0 0.000 0.000 0.000 0.125 0 1 0 0 0 0
 580 127638.000 102432.000 0 0 0.000 0.000 0.000 0.128 0 1 0 0 0 0
 581 123010.000 115422.000 0 0 0.000 0.000 0.000 0.126 0 1 0 0 0 0
 582 86457.000 123848.000 0 0 0.000 0.000 0.000 0.141 0 1 0 0 0 0
 583 75404.000 112352.000 0 0 0.000 0.000 0.000 0.122 0 1 0 0 0 0
 584 78992.000 82037.000 0 0 0.000 0.000 0.000 0.125 0 1 0 0 0 0
 585 83421.000 77695.000 0 0 0.000 0.000 0.000 0.135 0 1 0 0 0 0
 586 89581.000 74106.000 0 0 0.000 0.000 0.000 0.124 0 1 0 0 0 0
 587 103990.000 72368.000 0 0 0.000 0.000 0.000 0.121 0 1 0 0 0 0
 588 109896.000 73813.000 0 0 0.000 0.000 0.000 0.132 0 1 0 0 0 0
 589 117700.000 78418.000 0 0 0.000 0.000 0.000 0.137 0 1 0 0 0 0
 590 127521.000 94574.000 0 0 0.000 0.000 0.000 0.130 0 1 0 0 0 0
 591 121316.000 117951.000 0 0 0.000 0.000 0.000 0.124 0 1 0 0 0 0
 592 117470.000 121591.000 0 0 0.000 0.000 0.000 0.127 0 1 0 0 0 0
 593 113320.000 124326.000 0 0 0.000 0.000 0.000 0.126 0 1 0 0 0 0
 594 92773.000 126701.000 0 0 0.000 0.000 0.000 0.126 0 1 0 0 0 0
 595 74846.000 88321.000 0 0 0.000 0.000 0.000 0.129 0 1 0 0 0 0
 596 123523.000 115337.000 0 0 0.000 0.000 0.000 0.123 0 1 0 0 0 0
 597 107751.000 126700.000 0 0 0.000 0.000 0.000 0.121 0 1 0 0 0 0
 598 94797.000 127270.000 0 0 0.000 0.000 0.000 0.121 0 1 0 0 0 0
 599 92436.000 126783.000 0 0 0.000 0.000 0.000 0.136 0 1 0 0 0 0
 600 84616.000 123134.000 0 0 0.000 0.000 0.000 0.132 0 1 0 0 0 0
 601 72655.000 94441.000 0 0 0.000 0.000 0.000 0.131 0 1 0 0 0 0
 602 73846.000 90166.000 0 0 0.000 0.000 0.000 0.120 0 1 0 0 0 0
 603 123975.000 84848.000 0 0 0.000 0.000 0.000 0.129 0 1 0 0 0 0
 604 74744.000 111966.000 0 0 0.000 0.000 0.000 0.126 0 1 0 0 0 0
 605 80071.000 80052.000 0 0 0.000 0.000 0.000 0.126 0 1 0 0 0 0
 606 83929.000 76813.000 0 0 0.000 0.000 0.000 0.133 0 1 0 0 0 0
 607 107943.000 127137.000 0 0 0.000 0.000 0.000 0.129 0 1 0 0 0 0
 608 105343.000 127780.000 0 0 0.000 0.000 0.000 0.128 0 1 0 0 0 0
 609 73152.000 108638.000 0 0 0.000 0.000 0.000 0.122 0 1 0 0 0 0
 610 71832.000 100181.000 0 0 0.000 0.000 0.000 0.127 0 1 0 0 0 0
 611 79022.000 80944.000 0 0 0.000 0.000 0.000 0.133 0 1 0 0 0 0
 612 96564.000 71612.000 0 0 0.000 0.000 0.000 0.124 0 1 0 0 0 0
 613 127031.000 109171.000 0 0 0.000 0.000 0.000 0.131 0 1 0 0 0 0
 614 112136.000 125812.000 0 0 0.000 0.000 0.000 0.124 0 1 0 0 0 0
 615 106858.000 127587.000 0 0 0.000 0.000 0.000 0.142 0 1 0 0 0 0
 616 88903.000 126042.000 0 0 0.000 0.000 0.000 0.120 0 1 0 0 0 0
 617 71740.000 98505.000 0 0 0.000 0.000 0.000 0.142 0 1 0 0 0 0
 618 88026.000 73899.000 0 0 0.000 0.000 0.000 0.123 0 1 0 0 0 0
 619 111884.000 73742.000 0 0 0.000 0.000 0.000 0.136 0 1 0 0 0 0
 620 95511.000 128226.000 0 0 0.000 0.000 0.000 0.130 0 1 0 0 0 0
 621 78452.000 118604.000 0 0 0.000 0.000 0.000 0.125 0 1 0 0 0 0
 622 128123.000 107131.000 0 0 0.000 0.000 0.000 0.129 0 1 0 0 0 0
 623 102432.000 128530.000 0 0 0.000 0.000 0.000 0.138 0 1 0 0 0 0
 624 74342.000 112941.000 0 0 0.000 0.000 0.000 0.125 0 1 0 0 0 0
 625 71513.000 104060.000 0 0 0.000 0.000 0.000 0.129 0 1 0 0 0 0
 626 93620.000 71677.000 0 0 0.000 0.000 0.000 0.122 0 1 0 0 0 0
 627 102465.000 70942.000 0 0 0.000 0.000 0.000 0.127 0 1 0 0 0 0
 628 106762.000 71612.000 0 0 0.000 0.000 0.000 0.135 0 1 0 0 0 0
 629 107227.000 71755.000 0 0 0.000 0.000 0.000 0.123 0 1 0 0 0 0
 630 110590.000 72804.000 0 0 0.000 0.000 0.000 0.132 0 1 0 0 0 0
 631 117177.000 76310.000 0 0 0.000 0.000 0.000 0.127 0 1 0 0 0 0
 632 122525.000 81469.000 0 0 0.000 0.000 0.000 0.123 0 1 0 0 0 0
 633 127543.000 109547.000 0 0 0.000 0.000 0.000 0.134 0 1 0 0 0 0
 634 120738.000 120309.000 0 0 0.000 0.000 0.000 0.120 0 1 0 0 0 0
 635 117225.000 123184.000 0 0 0.000 0.000 0.000 0.141 0 1 0 0 0 0
 636 73778.000 112060.000 0 0 0.000 0.000 0.000 0.139 0 1 0 0 0 0
 637 73170.000 110738.000 0 0 0.000 0.000 0.000 0.121 0 1 0 0 0 0
 638 89416.000 72872.000 0 0 0.000 0.000 0.000 0.124 0 1 0 0 0 0
 639 99519.000 70756.000 0 0 0.000 0.000 0.000 0.123 0 1 0 0 0 0
 640 123178.000 81922.000 0 0 0.000 0.000 0.000 0.129 0 1 0 0 0 0
 641 128921.000 104543.000 0 0 0.000 0.000 0.000 0.130 0 1 0 0 0 0
 642 126705.000 111926.000 0 0 0.000 0.000 0.000 0.131 0 1 0 0 0 0
 643 89935.000 127259.000 0 0 0.000 0.000 0.000 0.125 0 1 0 0 0 0
 644 71165.000 103059.000 0 0 0.000 0.000 0.000 0.132 0 1 0 0 0 0
 645 71574.000 93995.000 0 0 0.000 0.000 0.000 0.131 0 1 0 0 0 0
 646 85457.000 74480.000 0 0 0.000 0.000 0.000 0.139 0 1 0 0 0 0
 647 118316.000 76691.000 0 0 0.000 0.000 0.000 0.128 0 1 0 0 0 0
 648 122682.000 80882.000 0 0 0.000 0.000 0.000 0.133 0 1 0 0 0 0
 649 110189.000 127625.000 0 0 0.000 0.000 0.000 0.139 0 1 0 0 0 0
 650 85844.000 73846.000 0 0 0.000 0.000 0.000 0.127 0 1 0 0 0 0
 651 86599.000 73513.000 0 0 0.000 0.000 0.000 0.120 0 1 0 0 0 0
 652 89480.000 72224.000 0 0 0.000 0.000 0.000 0.130 0 1 0 0 0 0
 653 91040.000 71746.000 0 0 0.000 0.000 0.000 0.124 0 1 0 0 0 0
 654 98356.000 129476.000 0 0 0.000 0.000 0.000 0.120 0 1 0 0 0 0
 655 97350.000 129338.000 0 0 0.000 0.000 0.000 0.121 0 1 0 0 0 0
 656 85213.000 125519.000 0 0 0.000 0.000 0.000 0.123 0 1 0 0 0 0
 657 78838.000 120491.000 0 0 0.000 0.000 0.000 0.121 0 1 0 0 0 0
 658 127417.000 87535.000 0 0 0.000 0.000 0.000 0.121 0 1 0 0 0 0
 659 129097.000 92781.000 0 0 0.000 0.000 0.000 0.125 0 1 0 0 0 0
 660 125180.000 116186.000 0 0 0.000 0.000 0.000 0.127 0 1 0 0 0 0
 661 124700.000 116691.000 0 0 0.000 0.000 0.000 0.122 0 1 0 0 0 0
 662 97704.000 129622.000 0 0 0.000 0.000 0.000 0.133 0 1 0 0 0 0
 663 96567.000 129514.000 0 0 0.000 0.000 0.000 0.125 0 1 0 0 0 0
 664 88539.000 127450.000 0 0 0.000 0.000 0.000 0.125 0 1 0 0 0 0
 665 73731.000 113857.000 0 0 0.000 0.000 0.000 0.132 0 1 0 0 0 0
 666 71289.000 107877.000 0 0 0.000 0.000 0.000 0.127 0 1 0 0 0 0
 667 70859.000 93991.000 0 0 0.000 0.000 0.000 0.120 0 1 0 0 0 0
 668 75981.000 82236.000 0 0 0.000 0.000 0.000 0.124 0 1 0 0 0 0
 669 77137.000 80725.000 0 0 0.000 0.000 0.000 0.124 0 1 0 0 0 0
 670 99960.000 69899.000 0 0 0.000 0.000 0.000 0.122 0 1 0 0 0 0
 671 122075.000 79403.000 0 0 0.000 0.000 0.000 0.127 0 1 0 0 0 0
 672 130019.000 101839.000 0 0 0.000 0.000 0.000 0.121 0 1 0 0 0 0
 673 70197.000 100783.000 0 0 0.000 0.000 0.000 0.145 0 1 0 0 0 0
 674 78056.000 79392.000 0 0 0.000 0.000 0.000 0.127 0 1 0 0 0 0
 675 87667.000 72455.000 0 0 0.000 0.000 0.000 0.120 0 1 0 0 0 0
 676 91161.000 71164.000 0 0 0.000 0.000 0.000 0.123 0 1 0 0 0 0
 677 120149.000 77278.000 0 0 0.000 0.000 0.000 0.120 0 1 0 0 0 0
 678 130255.000 98913.000 0 0 0.000 0.000 0.000 0.122 0 1 0 0 0 0
 679 130211.000 102546.000 0 0 0.000 0.000 0.000 0.132 0 1 0 0 0 0
 680 122192.000 120404.000 0 0 0.000 0.000 0.000 0.128 0 1 0 0 0 0
 681 91443.000 70885.000 0 0 0.000 0.000 0.000 0.140 0 1 0 0 0 0
 682 99998.000 69535.000 0 0 0.000 0.000 0.000 0.130 0 1 0 0 0 0
 683 126283.000 84238.000 0 0 0.000 0.000 0.000 0.132 0 1 0 0 0 0
 684 105429.000 129786.000 0 0 0.000 0.000 0.000 0.124 0 1 0 0 0 0
 685 72169.000 111857.000 0 0 0.000 0.000 0.000 0.125 0 1 0 0 0 0
 686 69852.000 101848.000 0 0 0.000 0.000 0.000 0.127 0 1 0 0 0 0
 687 107012.000 70127.000 0 0 0.000 0.000 0.000 0.139 0 1 0 0 0 0
 688 122756.000 79250.000 0 0 0.000 0.000 0.000 0.130 0 1 0 0 0 0
 689 130617.000 99788.000 0 0 0.000 0.000 0.000 0.121 0 1 0 0 0 0
 690 130503.000 103411.000 0 0 0.000 0.000 0.000 0.126 0 1 0 0 0 0
 691 130338.000 104539.000 0 0 0.000 0.000 0.000 0.129 0 1 0 0 0 0
 692 122156.000 120931.000 0 0 0.000 0.000 0.000 0.130 0 1 0 0 0 0
 693 107516.000 129489.000 0 0 0.000 0.000 0.000 0.122 0 1 0 0 0 0
 694 83653.000 125530.000 0 0 0.000 0.000 0.000 0.140 0 1 0 0 0 0
 695 72646.000 112983.000 0 0 0.000 0.000 0.000 0.131 0 1 0 0 0 0
 696 93852.000 69847.000 0 0 0.000 0.000 0.000 0.141 0 1 0 0 0 0
 697 102087.000 69333.000 0 0 0.000 0.000 0.000 0.134 0 1 0 0 0 0
 698 129747.000 108231.000 0 0 0.000 0.000 0.000 0.124 0 1 0 0 0 0
 699 103822.000 130373.000 0 0 0.000 0.000 0.000 0.128 0 1 0 0 0 0
 700 75692.000 118563.000 0 0 0.000 0.000 0.000 0.122 0 1 0 0 0 0
 701 74040.000 115894.000 0 0 0.000 0.000 0.000 0.121 0 1 0 0 0 0
 702 72687.000 113547.000 0 0 0.000 0.000 0.000 0.122 0 1 0 0 0 0
 703 102438.000 69178.000 0 0 0.000 0.000 0.000 0.125 0 1 0 0 0 0
 704 127771.000 86283.000 0 0 0.000 0.000 0.000 0.138 0 1 0 0 0 0
 705 130637.000 94696.000 0 0 0.000 0.000 0.000 0.124 0 1 0 0 0 0
 706 124423.000 118851.000 0 0 0.000 0.000 0.000 0.124 0 1 0 0 0 0
 707 122448.000 121328.000 0 0 0.000 0.000 0.000 0.125 0 1 0 0 0 0
 708 107691.000 129681.000 0 0 0.000 0.000 0.000 0.139 0 1 0 0 0 0
 709 71793.000 112247.000 0 0 0.000 0.000 0.000 0.123 0 1 0 0 0 0
 710 80255.000 76094.000 0 0 0.000 0.000 0.000 0.131 0 1 0 0 0 0
 711 109709.000 70267.000 0 0 0.000 0.000 0.000 0.124 0 1 0 0 0 0
 712 130103.000 91431.000 0 0 0.000 0.000 0.000 0.131 0 1 0 0 0 0
 713 108859.000 129616.000 0 0 0.000 0.000 0.000 0.141 0 1 0 0 0 0
 714 69674.000 105370.000 0 0 0.000 0.000 0.000 0.120 0 1 0 0 0 0
 715 70014.000 92100.000 0 0 0.000 0.000 0.000 0.144 0 1 0 0 0 0
 716 80871.000 75471.000 0 0 0.000 0.000 0.000 0.134 0 1 0 0 0 0
 717 88280.000 71048.000 0 0 0.000 0.000 0.000 0.124 0 1 0 0 0 0
 718 95457.000 68970.000 0 0 0.000 0.000 0.000 0.128 0 1 0 0 0 0
 719 130563.000 92594.000 0 0 0.000 0.000 0.000 0.133 0 1 0 0 0 0
 720 128997.000 112011.000 0 0 0.000 0.000 0.000 0.129 0 1 0 0 0 0
 721 93671.000 130438.000 0 0 0.000 0.000 0.000 0.137 0 1 0 0 0 0
 722 71173.000 111512.000 0 0 0.000 0.000 0.000 0.128 0 1 0 0 0 0
 723 96898.000 68669.000 0 0 0.000 0.000 0.000 0.143 0 1 0 0 0 0
 724 128709.000 86969.000 0 0 0.000 0.000 0.000 0.125 0 1 0 0 0 0
 725 131133.000 95016.000 0 0 0.000 0.000 0.000 0.120 0 1 0 0 0 0
 726 131477.000 99426.000 0 0 50.000 24.000 1200.000 34.641 0 1 4 200 0 0
 727 131580.000 100426.000 0 0 0.000 0.000 0.000 0.129 0 1 0 0 0 0
 728 131462.000 101186.000 0 0 0.000 0.000 0.000 0.133 0 1 0 0 0 0
 729 126489.000 116945.000 0 0 0.000 0.000 0.000 0.122 0 1 0 0 0 0
 730 112410.000 128753.000 0 0 0.000 0.000 0.000 0.128 0 1 0 0 0 0
 731 91535.000 130096.000 0 0 0.000 0.000 0.000 0.121 0 1 0 0 0 0
 732 70252.000 109518.000 0 0 0.000 0.000 0.000 0.125 0 1 0 0 0 0
 733 71315.000 87426.000 0 0 0.000 0.000 0.000 0.141 0 1 0 0 0 0
 734 77825.000 77821.000 0 0 0.000 0.000 0.000 0.134 0 1 0 0 0 0
 735 78955.000 76594.000 0 0 0.000 0.000 0.000 0.125 0 1 0 0 0 0
 736 124587.000 79924.000 0 0 0.000 0.000 0.000 0.129 0 1 0 0 0 0
 737 130971.000 93059.000 0 0 0.000 0.000 0.000 0.127 0 1 0 0 0 0
 738 129162.000 112191.000 0 0 0.000 0.000 0.000 0.128 0 1 0 0 0 0
 739 84230.000 127159.000 0 0 0.000 0.000 0.000 0.128 0 1 0 0 0 0
 740 68767.000 103606.000 0 0 0.000 0.000 0.000 0.146 0 1 0 0 0 0
 741 69957.000 90753.000 0 0 0.000 0.000 0.000 0.142 0 1 0 0 0 0
 742 74683.000 81192.000 0 0 0.000 0.000 0.000 0.122 0 1 0 0 0 0
 743 100598.000 68182.000 0 0 0.000 0.000 0.000 0.126 0 1 0 0 0 0
 744 106188.000 68640.000 0 0 0.000 0.000 0.000 0.125 0 1 0 0 0 0
 745 107326.000 69054.000 0 0 0.000 0.000 0.000 0.130 0 1 0 0 0 0
 746 131762.000 98927.000 0 0 50.000 24.000 1200.000 34.641 0 1 4 200 0 0
 747 131909.000 100659.000 0 0 0.000 0.000 0.000 0.131 0 1 0 0 0 0
 748 72461.000 115419.000 0 0 0.000 0.000 0.000 0.136 0 1 0 0 0 0
 749 130036.000 88684.000 0 0 0.000 0.000 0.000 0.129 0 1 0 0 0 0
 750 97200.000 131558.000 0 0 0.000 0.000 0.000 0.126 0 1 0 0 0 0
 751 80853.000 125233.000 0 0 0.000 0.000 0.000 0.132 0 1 0 0 0 0
 752 69064.000 106980.000 0 0 0.000 0.000 0.000 0.126 0 1 0 0 0 0
 753 81064.000 74256.000 0 0 0.000 0.000 0.000 0.121 0 1 0 0 0 0
 754 86988.000 70702.000 0 0 0.000 0.000 0.000 0.138 0 1 0 0 0 0
 755 131972.000 103526.000 0 0 0.000 0.000 0.000 0.133 0 1 0 0 0 0
 756 131431.000 106539.000 0 0 0.000 0.000 0.000 0.120 0 1 0 0 0 0
 757 99030.000 131853.000 0 0 0.000 0.000 0.000 0.130 0 1 0 0 0 0
 758 102898.000 67744.000 0 0 0.000 0.000 0.000 0.120 0 1 0 0 0 0
 759 110473.000 69437.000 0 0 0.000 0.000 0.000 0.135 0 1 0 0 0 0
 760 132219.000 97208.000 0 0 52.000 28.000 1456.000 38.157 0 1 4 200 0 0
 761 132233.000 97929.000 0 0 50.000 26.000 1300.000 36.055 0 1 4 200 0 0
 762 132414.000 98606.000 0 0 50.000 26.000 1300.000 36.055 0 1 4 200 0 0
 763 67960.000 98444.000 0 0 0.000 0.000 0.000 0.125 0 1 0 0 0 0
 764 69464.000 89768.000 0 0 0.000 0.000 0.000 0.134 0 1 0 0 0 0
 765 72238.000 83810.000 0 0 0.000 0.000 0.000 0.120 0 1 0 0 0 0
 766 76372.000 78012.000 0 0 0.000 0.000 0.000 0.133 0 1 0 0 0 0
 767 111348.000 69465.000 0 0 0.000 0.000 0.000 0.121 0 1 0 0 0 0
 768 131552.000 92220.000 0 0 0.000 0.000 0.000 0.120 0 1 0 0 0 0
 769 132466.000 96502.000 0 0 52.000 28.000 1456.000 38.157 0 1 4 200 0 0
 770 128651.000 115438.000 0 0 0.000 0.000 0.000 0.129 0 1 0 0 0 0
 771 111318.000 130279.000 0 0 0.000 0.000 0.000 0.125 0 1 0 0 0 0
 772 68365.000 93263.000 0 0 0.000 0.000 0.000 0.132 0 1 0 0 0 0
 773 78348.000 75682.000 0 0 0.000 0.000 0.000 0.122 0 1 0 0 0 0
 774 131289.000 109426.000 0 0 0.000 0.000 0.000 0.122 0 1 0 0 0 0
 775 130472.000 111635.000 0 0 0.000 0.000 0.000 0.125 0 1 0 0 0 0
 776 128473.000 116088.000 0 0 0.000 0.000 0.000 0.133 0 1 0 0 0 0
 777 111137.000 130443.000 0 0 0.000 0.000 0.000 0.123 0 1 0 0 0 0
 778 81003.000 126091.000 0 0 0.000 0.000 0.000 0.138 0 1 0 0 0 0
 779 104466.000 67338.000 0 0 0.000 0.000 0.000 0.127 0 1 0 0 0 0
 780 111647.000 69294.000 0 0 0.000 0.000 0.000 0.121 0 1 0 0 0 0
 781 114773.000 70551.000 0 0 0.000 0.000 0.000 0.128 0 1 0 0 0 0
 782 130859.000 88331.000 0 0 0.000 0.000 0.000 0.122 0 1 0 0 0 0
 783 131829.000 91585.000 0 0 0.000 0.000 0.000 0.128 0 1 0 0 0 0
 784 95587.000 132330.000 0 0 0.000 0.000 0.000 0.121 0 1 0 0 0 0
 785 68171.000 92436.000 0 0 0.000 0.000 0.000 0.133 0 1 0 0 0 0
 786 130252.000 86643.000 0 0 0.000 0.000 0.000 0.131 0 1 0 0 0 0
 787 132764.000 95326.000 0 0 0.000 0.000 0.000 0.128 0 1 0 0 0 0
 788 110289.000 131187.000 0 0 0.000 0.000 0.000 0.130 0 1 0 0 0 0
 789 67332.000 102512.000 0 0 0.000 0.000 0.000 0.120 0 1 0 0 0 0
 790 131668.000 89748.000 0 0 0.000 0.000 0.000 0.134 0 1 0 0 0 0
 791 93005.000 132119.000 0 0 0.000 0.000 0.000 0.148 0 1 0 0 0 0
 792 69389.000 112293.000 0 0 0.000 0.000 0.000 0.129 0 1 0 0 0 0
 793 70432.000 85166.000 0 0 0.000 0.000 0.000 0.130 0 1 0 0 0 0
 794 121188.000 74124.000 0 0 0.000 0.000 0.000 0.141 0 1 0 0 0 0
 795 131779.000 89993.000 0 0 0.000 0.000 0.000 0.146 0 1 0 0 0 0
 796 73114.000 80239.000 0 0 0.000 0.000 0.000 0.130 0 1 0 0 0 0
 797 78585.000 74463.000 0 0 0.000 0.000 0.000 0.122 0 1 0 0 0 0
 798 129450.000 83942.000 0 0 0.000 0.000 0.000 0.134 0 1 0 0 0 0
 799 92644.000 132392.000 0 0 0.000 0.000 0.000 0.124 0 1 0 0 0 0
 800 79530.000 73483.000 0 0 0.000 0.000 0.000 0.129 0 1 0 0 0 0
 801 133006.000 106536.000 0 0 0.000 0.000 0.000 0.130 0 1 0 0 0 0
 802 130781.000 113709.000 0 0 0.000 0.000 0.000 0.126 0 1 0 0 0 0
 803 111809.000 131329.000 0 0 0.000 0.000 0.000 0.120 0 1 0 0 0 0
 804 95074.000 133157.000 0 0 0.000 0.000 0.000 0.126 0 1 0 0 0 0
 805 89493.000 131610.000 0 0 0.000 0.000 0.000 0.136 0 1 0 0 0 0
 806 81740.000 128023.000 0 0 0.000 0.000 0.000 0.125 0 1 0 0 0 0
 807 79573.000 126355.000 0 0 0.000 0.000 0.000 0.145 0 1 0 0 0 0
 808 70813.000 83339.000 0 0 0.000 0.000 0.000 0.130 0 1 0 0 0 0
 809 80624.000 72389.000 0 0 0.000 0.000 0.000 0.145 0 1 0 0 0 0
 810 129589.000 116576.000 0 0 0.000 0.000 0.000 0.131 0 1 0 0 0 0
 811 127716.000 119433.000 0 0 0.000 0.000 0.000 0.120 0 1 0 0 0 0
 812 126476.000 121088.000 0 0 0.000 0.000 0.000 0.132 0 1 0 0 0 0
 813 91365.000 132556.000 0 0 0.000 0.000 0.000 0.125 0 1 0 0 0 0
 814 80407.000 127332.000 0 0 0.000 0.000 0.000 0.122 0 1 0 0 0 0
 815 68595.000 87684.000 0 0 0.000 0.000 0.000 0.133 0 1 0 0 0 0
 816 119891.000 72245.000 0 0 0.000 0.000 0.000 0.129 0 1 0 0 0 0
 817 122090.000 74153.000 0 0 0.000 0.000 0.000 0.148 0 1 0 0 0 0
 818 124309.000 76149.000 0 0 0.000 0.000 0.000 0.136 0 1 0 0 0 0
 819 72139.000 80643.000 0 0 0.000 0.000 0.000 0.124 0 1 0 0 0 0
 820 87738.000 68083.000 0 0 0.000 0.000 0.000 0.122 0 1 0 0 0 0
 821 130897.000 85223.000 0 0 0.000 0.000 0.000 0.138 0 1 0 0 0 0
 822 133736.000 94075.000 0 0 0.000 0.000 0.000 0.125 0 1 0 0 0 0
 823 103720.000 133822.000 0 0 0.000 0.000 0.000 0.134 0 1 0 0 0 0
 824 103421.000 133804.000 0 0 0.000 0.000 0.000 0.130 0 1 0 0 0 0
 825 101346.000 134018.000 0 0 0.000 0.000 0.000 0.125 0 1 0 0 0 0
 826 97550.000 133795.000 0 0 0.000 0.000 0.000 0.121 0 1 0 0 0 0
 827 66263.000 104752.000 0 0 0.000 0.000 0.000 0.127 0 1 0 0 0 0
 828 77777.000 73897.000 0 0 0.000 0.000 0.000 0.132 0 1 0 0 0 0
 829 98248.000 65756.000 0 0 0.000 0.000 0.000 0.120 0 1 0 0 0 0
 830 134425.000 100618.000 0 0 0.000 0.000 0.000 0.126 0 1 0 0 0 0
 831 121229.000 126728.000 0 0 0.000 0.000 0.000 0.145 0 1 0 0 0 0
 832 109511.000 132844.000 0 0 0.000 0.000 0.000 0.139 0 1 0 0 0 0
 833 96917.000 134047.000 0 0 0.000 0.000 0.000 0.133 0 1 0 0 0 0
 834 91968.000 133203.000 0 0 0.000 0.000 0.000 0.136 0 1 0 0 0 0
 835 81324.000 128552.000 0 0 0.000 0.000 0.000 0.136 0 1 0 0 0 0
 836 132882.000 110574.000 0 0 0.000 0.000 0.000 0.136 0 1 0 0 0 0
 837 113154.000 131816.000 0 0 0.000 0.000 0.000 0.136 0 1 0 0 0 0
 838 110731.000 132694.000 0 0 0.000 0.000 0.000 0.125 0 1 0 0 0 0
 839 102215.000 134199.000 0 0 0.000 0.000 0.000 0.130 0 1 0 0 0 0
 840 102098.000 134281.000 0 0 0.000 0.000 0.000 0.121 0 1 0 0 0 0
 841 70591.000 82219.000 0 0 0.000 0.000 0.000 0.121 0 1 0 0 0 0
 842 98851.000 65378.000 0 0 0.000 0.000 0.000 0.122 0 1 0 0 0 0
 843 126270.000 122706.000 0 0 0.000 0.000 0.000 0.126 0 1 0 0 0 0
 844 103214.000 134380.000 0 0 0.000 0.000 0.000 0.120 0 1 0 0 0 0
 845 66795.000 109171.000 0 0 0.000 0.000 0.000 0.121 0 1 0 0 0 0
 846 82154.000 70170.000 0 0 0.000 0.000 0.000 0.137 0 1 0 0 0 0
 847 134130.000 107300.000 0 0 0.000 0.000 0.000 0.121 0 1 0 0 0 0
 848 129346.000 118654.000 0 0 0.000 0.000 0.000 0.132 0 1 0 0 0 0
 849 105293.000 134267.000 0 0 0.000 0.000 0.000 0.131 0 1 0 0 0 0
 850 70260.000 82001.000 0 0 0.000 0.000 0.000 0.121 0 1 0 0 0 0
 851 114759.000 68200.000 0 0 0.000 0.000 0.000 0.124 0 1 0 0 0 0
 852 126195.000 76540.000 0 0 0.000 0.000 0.000 0.136 0 1 0 0 0 0
 853 126511.000 76941.000 0 0 0.000 0.000 0.000 0.135 0 1 0 0 0 0
 854 108830.000 133582.000 0 0 0.000 0.000 0.000 0.148 0 1 0 0 0 0
 855 65220.000 97656.000 0 0 0.000 0.000 0.000 0.129 0 1 0 0 0 0
 856 96264.000 64992.000 0 0 0.000 0.000 0.000 0.128 0 1 0 0 0 0
 857 98021.000 64901.000 0 0 0.000 0.000 0.000 0.120 0 1 0 0 0 0
 858 103383.000 64905.000 0 0 0.000 0.000 0.000 0.135 0 1 0 0 0 0
 859 132653.000 86708.000 0 0 0.000 0.000 0.000 0.125 0 1 0 0 0 0
 860 124609.000 125032.000 0 0 0.000 0.000 0.000 0.135 0 1 0 0 0 0
 861 88182.000 132911.000 0 0 0.000 0.000 0.000 0.124 0 1 0 0 0 0
 862 75357.000 124705.000 0 0 0.000 0.000 0.000 0.136 0 1 0 0 0 0
 863 72983.000 77448.000 0 0 0.000 0.000 0.000 0.123 0 1 0 0 0 0
 864 129306.000 80014.000 0 0 0.000 0.000 0.000 0.134 0 1 0 0 0 0
 865 130062.000 81130.000 0 0 0.000 0.000 0.000 0.124 0 1 0 0 0 0
 866 100528.000 135195.000 0 0 0.000 0.000 0.000 0.123 0 1 0 0 0 0
 867 79991.000 128883.000 0 0 0.000 0.000 0.000 0.121 0 1 0 0 0 0
 868 71545.000 120554.000 0 0 0.000 0.000 0.000 0.125 0 1 0 0 0 0
 869 66765.000 111584.000 0 0 0.000 0.000 0.000 0.126 0 1 0 0 0 0
 870 72920.000 77327.000 0 0 0.000 0.000 0.000 0.120 0 1 0 0 0 0
 871 81530.000 69702.000 0 0 0.000 0.000 0.000 0.125 0 1 0 0 0 0
 872 83108.000 68735.000 0 0 0.000 0.000 0.000 0.126 0 1 0 0 0 0
 873 118840.000 69713.000 0 0 0.000 0.000 0.000 0.120 0 1 0 0 0 0
 874 134435.000 90522.000 0 0 0.000 0.000 0.000 0.121 0 1 0 0 0 0
 875 131624.000 116058.000 0 0 0.000 0.000 0.000 0.131 0 1 0 0 0 0
 876 98581.000 135344.000 0 0 0.000 0.000 0.000 0.124 0 1 0 0 0 0
 877 72628.000 122240.000 0 0 0.000 0.000 0.000 0.123 0 1 0 0 0 0
 878 67083.000 112725.000 0 0 0.000 0.000 0.000 0.134 0 1 0 0 0 0
 879 66614.000 88227.000 0 0 0.000 0.000 0.000 0.130 0 1 0 0 0 0
 880 134973.000 92255.000 0 0 0.000 0.000 0.000 0.128 0 1 0 0 0 0
 881 135732.000 99351.000 0 0 0.000 0.000 0.000 0.121 0 1 0 0 0 0
 882 114904.000 132327.000 0 0 0.000 0.000 0.000 0.145 0 1 0 0 0 0
 883 107938.000 134654.000 0 0 0.000 0.000 0.000 0.137 0 1 0 0 0 0
 884 65720.000 90727.000 0 0 0.000 0.000 0.000 0.124 0 1 0 0 0 0
 885 69694.000 81217.000 0 0 0.000 0.000 0.000 0.125 0 1 0 0 0 0
 886 130654.000 81174.000 0 0 0.000 0.000 0.000 0.121 0 1 0 0 0 0
 887 131769.000 116725.000 0 0 0.000 0.000 0.000 0.135 0 1 0 0 0 0
 888 83102.000 131439.000 0 0 0.000 0.000 0.000 0.124 0 1 0 0 0 0
 889 74948.000 125256.000 0 0 0.000 0.000 0.000 0.123 0 1 0 0 0 0
 890 131396.000 81895.000 0 0 0.000 0.000 0.000 0.136 0 1 0 0 0 0
 891 94450.000 135457.000 0 0 0.000 0.000 0.000 0.126 0 1 0 0 0 0
 892 64835.000 92481.000 0 0 0.000 0.000 0.000 0.126 0 1 0 0 0 0
 893 71422.000 78104.000 0 0 0.000 0.000 0.000 0.132 0 1 0 0 0 0
 894 75018.000 73994.000 0 0 0.000 0.000 0.000 0.128 0 1 0 0 0 0
 895 75539.000 73555.000 0 0 0.000 0.000 0.000 0.130 0 1 0 0 0 0
 896 111439.000 65605.000 0 0 0.000 0.000 0.000 0.130 0 1 0 0 0 0
 897 119018.000 68954.000 0 0 0.000 0.000 0.000 0.133 0 1 0 0 0 0
 898 64420.000 93751.000 0 0 0.000 0.000 0.000 0.128 0 1 0 0 0 0
 899 65327.000 90083.000 0 0 0.000 0.000 0.000 0.133 0 1 0 0 0 0
 900 68087.000 82877.000 0 0 0.000 0.000 0.000 0.128 0 1 0 0 0 0
 901 95485.000 63916.000 0 0 0.000 0.000 0.000 0.122 0 1 0 0 0 0
 902 96655.000 63839.000 0 0 0.000 0.000 0.000 0.131 0 1 0 0 0 0
 903 115512.000 66936.000 0 0 0.000 0.000 0.000 0.126 0 1 0 0 0 0
 904 130922.000 80424.000 0 0 0.000 0.000 0.000 0.129 0 1 0 0 0 0
 905 132752.000 83942.000 0 0 0.000 0.000 0.000 0.120 0 1 0 0 0 0
 906 136345.000 97837.000 0 0 0.000 0.000 0.000 0.120 0 1 0 0 0 0
 907 136364.000 102116.000 0 0 0.000 0.000 0.000 0.122 0 1 0 0 0 0
 908 69526.000 80160.000 0 0 0.000 0.000 0.000 0.123 0 1 0 0 0 0
 909 121989.000 70660.000 0 0 0.000 0.000 0.000 0.126 0 1 0 0 0 0
 910 131252.000 80790.000 0 0 0.000 0.000 0.000 0.122 0 1 0 0 0 0
 911 63752.000 102914.000 0 0 0.000 0.000 0.000 0.126 0 1 0 0 0 0
 912 63652.000 101128.000 0 0 0.000 0.000 0.000 0.145 0 1 0 0 0 0
 913 77514.000 71250.000 0 0 0.000 0.000 0.000 0.120 0 1 0 0 0 0
 914 77654.000 71122.000 0 0 0.000 0.000 0.000 0.135 0 1 0 0 0 0
 915 104331.000 63555.000 0 0 0.000 0.000 0.000 0.131 0 1 0 0 0 0
 916 136172.000 92911.000 0 0 0.000 0.000 0.000 0.123 0 1 0 0 0 0
 917 136738.000 96358.000 0 0 0.000 0.000 0.000 0.128 0 1 0 0 0 0
 918 117504.000 132083.000 0 0 0.000 0.000 0.000 0.133 0 1 0 0 0 0
 919 116482.000 132632.000 0 0 0.000 0.000 0.000 0.126 0 1 0 0 0 0
 920 113789.000 133875.000 0 0 0.000 0.000 0.000 0.130 0 1 0 0 0 0
 921 70224.000 121038.000 0 0 0.000 0.000 0.000 0.126 0 1 0 0 0 0
 922 65163.000 111168.000 0 0 0.000 0.000 0.000 0.125 0 1 0 0 0 0
 923 64793.000 109850.000 0 0 0.000 0.000 0.000 0.125 0 1 0 0 0 0
 924 63472.000 101962.000 0 0 0.000 0.000 0.000 0.127 0 1 0 0 0 0
 925 63773.000 94767.000 0 0 0.000 0.000 0.000 0.126 0 1 0 0 0 0
 926 64095.000 93064.000 0 0 0.000 0.000 0.000 0.140 0 1 0 0 0 0
 927 65702.000 87071.000 0 0 0.000 0.000 0.000 0.130 0 1 0 0 0 0
 928 91055.000 64143.000 0 0 0.000 0.000 0.000 0.130 0 1 0 0 0 0
 929 135802.000 90586.000 0 0 0.000 0.000 0.000 0.134 0 1 0 0 0 0
 930 133614.000 115170.000 0 0 0.000 0.000 0.000 0.130 0 1 0 0 0 0
 931 83076.000 132535.000 0 0 0.000 0.000 0.000 0.124 0 1 0 0 0 0
 932 75402.000 127069.000 0 0 0.000 0.000 0.000 0.142 0 1 0 0 0 0
 933 66441.000 114636.000 0 0 0.000 0.000 0.000 0.124 0 1 0 0 0 0
 934 63489.000 104322.000 0 0 0.000 0.000 0.000 0.125 0 1 0 0 0 0
 935 64443.000 90968.000 0 0 0.000 0.000 0.000 0.121 0 1 0 0 0 0
 936 64817.000 89427.000 0 0 0.000 0.000 0.000 0.127 0 1 0 0 0 0
 937 65402.000 87634.000 0 0 0.000 0.000 0.000 0.127 0 1 0 0 0 0
 938 97251.000 63102.000 0 0 0.000 0.000 0.000 0.145 0 1 0 0 0 0
 939 106275.000 63411.000 0 0 0.000 0.000 0.000 0.134 0 1 0 0 0 0
 940 109207.000 64056.000 0 0 0.000 0.000 0.000 0.128 0 1 0 0 0 0
 941 115783.000 66297.000 0 0 0.000 0.000 0.000 0.139 0 1 0 0 0 0
 942 132901.000 82535.000 0 0 0.000 0.000 0.000 0.123 0 1 0 0 0 0
 943 135049.000 112073.000 0 0 0.000 0.000 0.000 0.139 0 1 0 0 0 0
 944 131482.000 119484.000 0 0 0.000 0.000 0.000 0.132 0 1 0 0 0 0
 945 120712.000 130538.000 0 0 0.000 0.000 0.000 0.127 0 1 0 0 0 0
 946 89339.000 135188.000 0 0 0.000 0.000 0.000 0.123 0 1 0 0 0 0
 947 64018.000 107901.000 0 0 0.000 0.000 0.000 0.130 0 1 0 0 0 0
 948 63655.000 106455.000 0 0 0.000 0.000 0.000 0.135 0 1 0 0 0 0
 949 96400.000 63011.000 0 0 0.000 0.000 0.000 0.120 0 1 0 0 0 0
 950 134258.000 85171.000 0 0 0.000 0.000 0.000 0.139 0 1 0 0 0 0
 951 118328.000 132207.000 0 0 0.000 0.000 0.000 0.121 0 1 0 0 0 0
 952 62944.000 99094.000 0 0 0.000 0.000 0.000 0.141 0 1 0 0 0 0
 953 66565.000 83984.000 0 0 0.000 0.000 0.000 0.120 0 1 0 0 0 0
 954 93744.000 63168.000 0 0 0.000 0.000 0.000 0.120 0 1 0 0 0 0
 955 113523.000 64981.000 0 0 0.000 0.000 0.000 0.134 0 1 0 0 0 0
 956 122163.000 69799.000 0 0 0.000 0.000 0.000 0.132 0 1 0 0 0 0
 957 125673.000 72700.000 0 0 0.000 0.000 0.000 0.126 0 1 0 0 0 0
 958 99565.000 137167.000 0 0 0.000 0.000 0.000 0.127 0 1 0 0 0 0
 959 91137.000 136112.000 0 0 0.000 0.000 0.000 0.132 0 1 0 0 0 0
 960 71022.000 123321.000 0 0 0.000 0.000 0.000 0.132 0 1 0 0 0 0
 961 91721.000 63395.000 0 0 0.000 0.000 0.000 0.127 0 1 0 0 0 0
 962 96395.000 62568.000 0 0 0.000 0.000 0.000 0.121 0 1 0 0 0 0
 963 128651.000 75574.000 0 0 0.000 0.000 0.000 0.121 0 1 0 0 0 0
 964 136415.000 90157.000 0 0 0.000 0.000 0.000 0.121 0 1 0 0 0 0
 965 137509.000 102743.000 0 0 0.000 0.000 0.000 0.137 0 1 0 0 0 0
 966 111149.000 135762.000 0 0 0.000 0.000 0.000 0.123 0 1 0 0 0 0
 967 102764.000 137365.000 0 0 0.000 0.000 0.000 0.126 0 1 0 0 0 0
 968 88002.000 135311.000 0 0 0.000 0.000 0.000 0.123 0 1 0 0 0 0
 969 62726.000 96844.000 0 0 0.000 0.000 0.000 0.126 0 1 0 0 0 0
 970 64479.000 88029.000 0 0 0.000 0.000 0.000 0.133 0 1 0 0 0 0
 971 94424.000 62662.000 0 0 0.000 0.000 0.000 0.141 0 1 0 0 0 0
 972 95345.000 62514.000 0 0 0.000 0.000 0.000 0.123 0 1 0 0 0 0
 973 126608.000 126732.000 0 0 0.000 0.000 0.000 0.124 0 1 0 0 0 0
 974 92468.000 136806.000 0 0 0.000 0.000 0.000 0.127 0 1 0 0 0 0
 975 85466.000 134486.000 0 0 0.000 0.000 0.000 0.120 0 1 0 0 0 0
 976 72365.000 125367.000 0 0 0.000 0.000 0.000 0.120 0 1 0 0 0 0
 977 65506.000 114845.000 0 0 0.000 0.000 0.000 0.123 0 1 0 0 0 0
 978 63856.000 89307.000 0 0 0.000 0.000 0.000 0.135 0 1 0 0 0 0
 979 75961.000 70828.000 0 0 0.000 0.000 0.000 0.132 0 1 0 0 0 0
 980 99832.000 62031.000 0 0 0.000 0.000 0.000 0.132 0 1 0 0 0 0
 981 100776.000 62041.000 0 0 0.000 0.000 0.000 0.126 0 1 0 0 0 0
 982 103205.000 62099.000 0 0 0.000 0.000 0.000 0.124 0 1 0 0 0 0
 983 109182.000 63166.000 0 0 0.000 0.000 0.000 0.131 0 1 0 0 0 0
 984 110029.000 63327.000 0 0 0.000 0.000 0.000 0.126 0 1 0 0 0 0
 985 123534.000 70151.000 0 0 0.000 0.000 0.000 0.127 0 1 0 0 0 0
 986 136578.000 110390.000 0 0 0.000 0.000 0.000 0.126 0 1 0 0 0 0
 987 75261.000 128327.000 0 0 0.000 0.000 0.000 0.122 0 1 0 0 0 0
 988 62393.000 103050.000 0 0 0.000 0.000 0.000 0.130 0 1 0 0 0 0
 989 62344.000 97360.000 0 0 0.000 0.000 0.000 0.121 0 1 0 0 0 0
 990 64229.000 87982.000 0 0 0.000 0.000 0.000 0.122 0 1 0 0 0 0
 991 128154.000 74297.000 0 0 0.000 0.000 0.000 0.120 0 1 0 0 0 0
 992 136998.000 108933.000 0 0 0.000 0.000 0.000 0.132 0 1 0 0 0 0
 993 136561.000 110507.000 0 0 0.000 0.000 0.000 0.134 0 1 0 0 0 0
 994 132862.000 119185.000 0 0 0.000 0.000 0.000 0.125 0 1 0 0 0 0
 995 127795.000 125982.000 0 0 0.000 0.000 0.000 0.129 0 1 0 0 0 0
 996 116692.000 134008.000 0 0 0.000 0.000 0.000 0.122 0 1 0 0 0 0
 997 92667.000 137056.000 0 0 0.000 0.000 0.000 0.124 0 1 0 0 0 0
 998 66177.000 117009.000 0 0 0.000 0.000 0.000 0.137 0 1 0 0 0 0
 999 62589.000 106090.000 0 0 0.000 0.000 0.000 0.135 0 1 0 0 0 0
 1000 63451.000 90053.000 0 0 0.000 0.000 0.000 0.121 0 1 0 0 0 0
 1001 64422.000 87046.000 0 0 0.000 0.000 0.000 0.145 0 1 0 0 0 0
 1002 68251.000 78964.000 0 0 0.000 0.000 0.000 0.128 0 1 0 0 0 0
 1003 85837.000 64464.000 0 0 0.000 0.000 0.000 0.126 0 1 0 0 0 0
 1004 106879.000 62406.000 0 0 0.000 0.000 0.000 0.139 0 1 0 0 0 0
 1005 137885.000 105844.000 0 0 0.000 0.000 0.000 0.135 0 1 0 0 0 0
 1006 132134.000 120821.000 0 0 0.000 0.000 0.000 0.120 0 1 0 0 0 0
 1007 126249.000 127729.000 0 0 0.000 0.000 0.000 0.121 0 1 0 0 0 0
 1008 97358.000 137843.000 0 0 0.000 0.000 0.000 0.138 0 1 0 0 0 0
 1009 90889.000 136852.000 0 0 0.000 0.000 0.000 0.142 0 1 0 0 0 0
 1010 86326.000 135376.000 0 0 0.000 0.000 0.000 0.133 0 1 0 0 0 0
 1011 79233.000 131881.000 0 0 0.000 0.000 0.000 0.122 0 1 0 0 0 0
 1012 77193.000 130425.000 0 0 0.000 0.000 0.000 0.139 0 1 0 0 0 0
 1013 62075.000 102737.000 0 0 0.000 0.000 0.000 0.134 0 1 0 0 0 0
 1014 63952.000 87487.000 0 0 0.000 0.000 0.000 0.133 0 1 0 0 0 0
 1015 99567.000 61523.000 0 0 0.000 0.000 0.000 0.126 0 1 0 0 0 0
 1016 114809.000 64410.000 0 0 0.000 0.000 0.000 0.128 0 1 0 0 0 0
 1017 137221.000 89746.000 0 0 0.000 0.000 0.000 0.137 0 1 0 0 0 0
 1018 132921.000 119829.000 0 0 0.000 0.000 0.000 0.122 0 1 0 0 0 0
 1019 106906.000 137601.000 0 0 0.000 0.000 0.000 0.127 0 1 0 0 0 0
 1020 106409.000 137634.000 0 0 0.000 0.000 0.000 0.126 0 1 0 0 0 0
 1021 104822.000 137965.000 0 0 0.000 0.000 0.000 0.126 0 1 0 0 0 0
 1022 92458.000 137347.000 0 0 0.000 0.000 0.000 0.135 0 1 0 0 0 0
 1023 62319.000 92967.000 0 0 0.000 0.000 0.000 0.126 0 1 0 0 0 0
 1024 64294.000 85896.000 0 0 0.000 0.000 0.000 0.122 0 1 0 0 0 0
 1025 64782.000 84956.000 0 0 0.000 0.000 0.000 0.133 0 1 0 0 0 0
 1026 82059.000 66037.000 0 0 0.000 0.000 0.000 0.138 0 1 0 0 0 0
 1027 114775.000 64145.000 0 0 0.000 0.000 0.000 0.127 0 1 0 0 0 0
 1028 125773.000 71048.000 0 0 0.000 0.000 0.000 0.126 0 1 0 0 0 0
 1029 135066.000 83438.000 0 0 0.000 0.000 0.000 0.126 0 1 0 0 0 0
 1030 135959.000 113919.000 0 0 0.000 0.000 0.000 0.128 0 1 0 0 0 0
 1031 91105.000 137290.000 0 0 0.000 0.000 0.000 0.128 0 1 0 0 0 0
 1032 72234.000 126486.000 0 0 0.000 0.000 0.000 0.123 0 1 0 0 0 0
 1033 84270.000 64617.000 0 0 0.000 0.000 0.000 0.138 0 1 0 0 0 0
 1034 104765.000 61541.000 0 0 0.000 0.000 0.000 0.123 0 1 0 0 0 0
 1035 138351.000 93406.000 0 0 0.000 0.000 0.000 0.139 0 1 0 0 0 0
 1036 137520.000 109871.000 0 0 0.000 0.000 0.000 0.125 0 1 0 0 0 0
 1037 136660.000 112907.000 0 0 0.000 0.000 0.000 0.136 0 1 0 0 0 0
 1038 131892.000 121833.000 0 0 0.000 0.000 0.000 0.135 0 1 0 0 0 0
 1039 116858.000 134803.000 0 0 0.000 0.000 0.000 0.135 0 1 0 0 0 0
 1040 99647.000 138508.000 0 0 0.000 0.000 0.000 0.129 0 1 0 0 0 0
 1041 75030.000 70340.000 0 0 0.000 0.000 0.000 0.128 0 1 0 0 0 0
 1042 138843.000 96394.000 0 0 0.000 0.000 0.000 0.121 0 1 0 0 0 0
 1043 116888.000 134941.000 0 0 0.000 0.000 0.000 0.131 0 1 0 0 0 0
 1044 108220.000 137944.000 0 0 0.000 0.000 0.000 0.123 0 1 0 0 0 0
 1045 94544.000 138391.000 0 0 0.000 0.000 0.000 0.131 0 1 0 0 0 0
 1046 80120.000 133183.000 0 0 0.000 0.000 0.000 0.122 0 1 0 0 0 0
 1047 62909.000 110785.000 0 0 0.000 0.000 0.000 0.138 0 1 0 0 0 0
 1048 62816.000 88834.000 0 0 0.000 0.000 0.000 0.125 0 1 0 0 0 0
 1049 64835.000 83474.000 0 0 0.000 0.000 0.000 0.123 0 1 0 0 0 0
 1050 112242.000 62675.000 0 0 0.000 0.000 0.000 0.126 0 1 0 0 0 0
 1051 132328.000 77682.000 0 0 0.000 0.000 0.000 0.132 0 1 0 0 0 0
 1052 139018.000 102696.000 0 0 0.000 0.000 0.000 0.133 0 1 0 0 0 0
 1053 129865.000 125167.000 0 0 0.000 0.000 0.000 0.134 0 1 0 0 0 0
 1054 122799.000 131682.000 0 0 0.000 0.000 0.000 0.125 0 1 0 0 0 0
 1055 103645.000 138690.000 0 0 0.000 0.000 0.000 0.120 0 1 0 0 0 0
 1056 97018.000 138853.000 0 0 0.000 0.000 0.000 0.123 0 1 0 0 0 0
 1057 83350.000 135147.000 0 0 0.000 0.000 0.000 0.121 0 1 0 0 0 0
 1058 65858.000 118368.000 0 0 0.000 0.000 0.000 0.121 0 1 0 0 0 0
 1059 87813.000 62659.000 0 0 0.000 0.000 0.000 0.120 0 1 0 0 0 0
 1060 119272.000 65590.000 0 0 0.000 0.000 0.000 0.125 0 1 0 0 0 0
 1061 133354.000 78901.000 0 0 0.000 0.000 0.000 0.136 0 1 0 0 0 0
 1062 137641.000 111091.000 0 0 0.000 0.000 0.000 0.140 0 1 0 0 0 0
 1063 134285.000 118983.000 0 0 0.000 0.000 0.000 0.120 0 1 0 0 0 0
 1064 64749.000 116556.000 0 0 0.000 0.000 0.000 0.123 0 1 0 0 0 0
 1065 69852.000 74777.000 0 0 0.000 0.000 0.000 0.123 0 1 0 0 0 0
 1066 70987.000 73616.000 0 0 0.000 0.000 0.000 0.121 0 1 0 0 0 0
 1067 75365.000 69390.000 0 0 0.000 0.000 0.000 0.141 0 1 0 0 0 0
 1068 91695.000 61400.000 0 0 0.000 0.000 0.000 0.123 0 1 0 0 0 0
 1069 108564.000 61397.000 0 0 0.000 0.000 0.000 0.129 0 1 0 0 0 0
 1070 136870.000 85680.000 0 0 0.000 0.000 0.000 0.120 0 1 0 0 0 0
 1071 138546.000 91391.000 0 0 0.000 0.000 0.000 0.140 0 1 0 0 0 0
 1072 138927.000 93617.000 0 0 0.000 0.000 0.000 0.141 0 1 0 0 0 0
 1073 125827.000 129765.000 0 0 0.000 0.000 0.000 0.142 0 1 0 0 0 0
 1074 125372.000 130065.000 0 0 0.000 0.000 0.000 0.128 0 1 0 0 0 0
 1075 103233.000 139065.000 0 0 0.000 0.000 0.000 0.144 0 1 0 0 0 0
 1076 69806.000 124968.000 0 0 0.000 0.000 0.000 0.124 0 1 0 0 0 0
 1077 60764.000 100475.000 0 0 0.000 0.000 0.000 0.127 0 1 0 0 0 0
 1078 60689.000 99461.000 0 0 0.000 0.000 0.000 0.131 0 1 0 0 0 0
 1079 61073.000 94911.000 0 0 0.000 0.000 0.000 0.123 0 1 0 0 0 0
 1080 121376.000 66582.000 0 0 0.000 0.000 0.000 0.127 0 1 0 0 0 0
 1081 130924.000 75024.000 0 0 0.000 0.000 0.000 0.136 0 1 0 0 0 0
 1082 134430.000 119449.000 0 0 0.000 0.000 0.000 0.120 0 1 0 0 0 0
 1083 115752.000 136252.000 0 0 0.000 0.000 0.000 0.126 0 1 0 0 0 0
 1084 111214.000 137819.000 0 0 0.000 0.000 0.000 0.127 0 1 0 0 0 0
 1085 98247.000 139311.000 0 0 0.000 0.000 0.000 0.128 0 1 0 0 0 0
 1086 95572.000 139113.000 0 0 0.000 0.000 0.000 0.123 0 1 0 0 0 0
 1087 66719.000 78764.000 0 0 0.000 0.000 0.000 0.120 0 1 0 0 0 0
 1088 72378.000 71564.000 0 0 0.000 0.000 0.000 0.121 0 1 0 0 0 0
 1089 94433.000 60588.000 0 0 0.000 0.000 0.000 0.147 0 1 0 0 0 0
 1090 139456.000 105576.000 0 0 0.000 0.000 0.000 0.120 0 1 0 0 0 0
 1091 138087.000 111549.000 0 0 0.000 0.000 0.000 0.136 0 1 0 0 0 0
 1092 136577.000 115617.000 0 0 0.000 0.000 0.000 0.123 0 1 0 0 0 0
 1093 120437.000 134074.000 0 0 0.000 0.000 0.000 0.123 0 1 0 0 0 0
 1094 113150.000 137334.000 0 0 0.000 0.000 0.000 0.136 0 1 0 0 0 0
 1095 86866.000 137260.000 0 0 0.000 0.000 0.000 0.132 0 1 0 0 0 0
 1096 76177.000 131618.000 0 0 0.000 0.000 0.000 0.131 0 1 0 0 0 0
 1097 60437.000 100916.000 0 0 0.000 0.000 0.000 0.126 0 1 0 0 0 0
 1098 60877.000 93651.000 0 0 0.000 0.000 0.000 0.135 0 1 0 0 0 0
 1099 135651.000 81742.000 0 0 0.000 0.000 0.000 0.126 0 1 0 0 0 0
 1100 131518.000 124557.000 0 0 0.000 0.000 0.000 0.135 0 1 0 0 0 0
 1101 130451.000 125746.000 0 0 0.000 0.000 0.000 0.132 0 1 0 0 0 0
 1102 74136.000 130087.000 0 0 0.000 0.000 0.000 0.131 0 1 0 0 0 0
 1103 67849.000 123157.000 0 0 0.000 0.000 0.000 0.122 0 1 0 0 0 0
 1104 62632.000 86094.000 0 0 0.000 0.000 0.000 0.126 0 1 0 0 0 0
 1105 68952.000 74916.000 0 0 0.000 0.000 0.000 0.122 0 1 0 0 0 0
 1106 135117.000 80201.000 0 0 0.000 0.000 0.000 0.130 0 1 0 0 0 0
 1107 138112.000 112933.000 0 0 0.000 0.000 0.000 0.124 0 1 0 0 0 0
 1108 109225.000 138856.000 0 0 0.000 0.000 0.000 0.129 0 1 0 0 0 0
 1109 108195.000 139051.000 0 0 0.000 0.000 0.000 0.133 0 1 0 0 0 0
 1110 100522.000 139886.000 0 0 0.000 0.000 0.000 0.124 0 1 0 0 0 0
 1111 82670.000 135892.000 0 0 0.000 0.000 0.000 0.135 0 1 0 0 0 0
 1112 82220.000 135703.000 0 0 0.000 0.000 0.000 0.141 0 1 0 0 0 0
 1113 61135.000 108721.000 0 0 0.000 0.000 0.000 0.132 0 1 0 0 0 0
 1114 60137.000 102666.000 0 0 0.000 0.000 0.000 0.128 0 1 0 0 0 0
 1115 66832.000 77431.000 0 0 0.000 0.000 0.000 0.124 0 1 0 0 0 0
 1116 73009.000 70347.000 0 0 0.000 0.000 0.000 0.122 0 1 0 0 0 0
 1117 74843.000 68603.000 0 0 0.000 0.000 0.000 0.123 0 1 0 0 0 0
 1118 103181.000 59854.000 0 0 0.000 0.000 0.000 0.123 0 1 0 0 0 0
 1119 136878.000 83351.000 0 0 0.000 0.000 0.000 0.134 0 1 0 0 0 0
 1120 138510.000 87479.000 0 0 0.000 0.000 0.000 0.129 0 1 0 0 0 0
 1121 139398.000 91463.000 0 0 0.000 0.000 0.000 0.145 0 1 0 0 0 0
 1122 135412.000 119123.000 0 0 0.000 0.000 0.000 0.133 0 1 0 0 0 0
 1123 91483.000 139085.000 0 0 0.000 0.000 0.000 0.126 0 1 0 0 0 0
 1124 87305.000 61536.000 0 0 0.000 0.000 0.000 0.131 0 1 0 0 0 0
 1125 121265.000 65469.000 0 0 0.000 0.000 0.000 0.123 0 1 0 0 0 0
 1126 140513.000 100835.000 0 0 0.000 0.000 0.000 0.132 0 1 0 0 0 0
 1127 139480.000 109378.000 0 0 0.000 0.000 0.000 0.122 0 1 0 0 0 0
 1128 122560.000 133476.000 0 0 0.000 0.000 0.000 0.132 0 1 0 0 0 0
 1129 118358.000 136007.000 0 0 0.000 0.000 0.000 0.129 0 1 0 0 0 0
 1130 105887.000 139778.000 0 0 0.000 0.000 0.000 0.121 0 1 0 0 0 0
 1131 64199.000 118397.000 0 0 0.000 0.000 0.000 0.124 0 1 0 0 0 0
 1132 59715.000 98724.000 0 0 0.000 0.000 0.000 0.131 0 1 0 0 0 0
 1133 79470.000 65099.000 0 0 0.000 0.000 0.000 0.120 0 1 0 0 0 0
 1134 112747.000 61238.000 0 0 0.000 0.000 0.000 0.124 0 1 0 0 0 0
 1135 137850.000 85212.000 0 0 0.000 0.000 0.000 0.120 0 1 0 0 0 0
 1136 133706.000 122724.000 0 0 0.000 0.000 0.000 0.133 0 1 0 0 0 0
 1137 77686.000 133661.000 0 0 0.000 0.000 0.000 0.121 0 1 0 0 0 0
 1138 76314.000 132645.000 0 0 0.000 0.000 0.000 0.124 0 1 0 0 0 0
 1139 67417.000 75832.000 0 0 0.000 0.000 0.000 0.131 0 1 0 0 0 0
 1140 69243.000 73414.000 0 0 0.000 0.000 0.000 0.137 0 1 0 0 0 0
 1141 76171.000 66920.000 0 0 0.000 0.000 0.000 0.127 0 1 0 0 0 0
 1142 99655.000 59176.000 0 0 0.000 0.000 0.000 0.134 0 1 0 0 0 0
 1143 103849.000 59333.000 0 0 0.000 0.000 0.000 0.124 0 1 0 0 0 0
 1144 140538.000 94994.000 0 0 0.000 0.000 0.000 0.123 0 1 0 0 0 0
 1145 137664.000 115829.000 0 0 0.000 0.000 0.000 0.126 0 1 0 0 0 0
 1146 132941.000 124004.000 0 0 0.000 0.000 0.000 0.130 0 1 0 0 0 0
 1147 60437.000 90506.000 0 0 0.000 0.000 0.000 0.125 0 1 0 0 0 0
 1148 123767.000 66448.000 0 0 0.000 0.000 0.000 0.133 0 1 0 0 0 0
 1149 126787.000 68775.000 0 0 0.000 0.000 0.000 0.127 0 1 0 0 0 0
 1150 140467.000 92490.000 0 0 0.000 0.000 0.000 0.122 0 1 0 0 0 0
 1151 137353.000 116963.000 0 0 0.000 0.000 0.000 0.133 0 1 0 0 0 0
 1152 108532.000 139919.000 0 0 0.000 0.000 0.000 0.120 0 1 0 0 0 0
 1153 84177.000 137466.000 0 0 0.000 0.000 0.000 0.141 0 1 0 0 0 0
 1154 81598.000 136402.000 0 0 0.000 0.000 0.000 0.126 0 1 0 0 0 0
 1155 76833.000 133486.000 0 0 0.000 0.000 0.000 0.124 0 1 0 0 0 0
 1156 62180.000 84616.000 0 0 0.000 0.000 0.000 0.127 0 1 0 0 0 0
 1157 96791.000 59027.000 0 0 0.000 0.000 0.000 0.130 0 1 0 0 0 0
 1158 140430.000 91489.000 0 0 0.000 0.000 0.000 0.135 0 1 0 0 0 0
 1159 135588.000 120627.000 0 0 0.000 0.000 0.000 0.124 0 1 0 0 0 0
 1160 111818.000 139249.000 0 0 0.000 0.000 0.000 0.129 0 1 0 0 0 0
 1161 111502.000 139357.000 0 0 0.000 0.000 0.000 0.142 0 1 0 0 0 0
 1162 111162.000 139412.000 0 0 0.000 0.000 0.000 0.140 0 1 0 0 0 0
 1163 78049.000 134463.000 0 0 0.000 0.000 0.000 0.124 0 1 0 0 0 0
 1164 64571.000 120503.000 0 0 0.000 0.000 0.000 0.133 0 1 0 0 0 0
 1165 63365.000 118010.000 0 0 0.000 0.000 0.000 0.130 0 1 0 0 0 0
 1166 61084.000 87336.000 0 0 0.000 0.000 0.000 0.138 0 1 0 0 0 0
 1167 62205.000 83918.000 0 0 0.000 0.000 0.000 0.120 0 1 0 0 0 0
 1168 98769.000 58632.000 0 0 0.000 0.000 0.000 0.120 0 1 0 0 0 0
 1169 115442.000 61565.000 0 0 0.000 0.000 0.000 0.131 0 1 0 0 0 0
 1170 140423.000 90850.000 0 0 0.000 0.000 0.000 0.138 0 1 0 0 0 0
 1171 109551.000 140069.000 0 0 0.000 0.000 0.000 0.140 0 1 0 0 0 0
 1172 101338.000 141083.000 0 0 0.000 0.000 0.000 0.121 0 1 0 0 0 0
 1173 80067.000 135839.000 0 0 0.000 0.000 0.000 0.121 0 1 0 0 0 0
 1174 81383.000 63135.000 0 0 0.000 0.000 0.000 0.140 0 1 0 0 0 0
 1175 101601.000 58484.000 0 0 0.000 0.000 0.000 0.143 0 1 0 0 0 0
 1176 104807.000 58696.000 0 0 0.000 0.000 0.000 0.135 0 1 0 0 0 0
 1177 111586.000 60080.000 0 0 0.000 0.000 0.000 0.130 0 1 0 0 0 0
 1178 140881.000 92955.000 0 0 0.000 0.000 0.000 0.120 0 1 0 0 0 0
 1179 119317.000 136665.000 0 0 0.000 0.000 0.000 0.124 0 1 0 0 0 0
 1180 101176.000 141254.000 0 0 0.000 0.000 0.000 0.125 0 1 0 0 0 0
 1181 74397.000 132200.000 0 0 0.000 0.000 0.000 0.130 0 1 0 0 0 0
 1182 64221.000 120444.000 0 0 0.000 0.000 0.000 0.120 0 1 0 0 0 0
 1183 97447.000 58434.000 0 0 0.000 0.000 0.000 0.125 0 1 0 0 0 0
 1184 63073.000 118717.000 0 0 0.000 0.000 0.000 0.132 0 1 0 0 0 0
 1185 63067.000 81024.000 0 0 0.000 0.000 0.000 0.142 0 1 0 0 0 0
 1186 124187.000 65810.000 0 0 0.000 0.000 0.000 0.126 0 1 0 0 0 0
 1187 139606.000 86155.000 0 0 0.000 0.000 0.000 0.133 0 1 0 0 0 0
 1188 141575.000 104975.000 0 0 0.000 0.000 0.000 0.135 0 1 0 0 0 0
 1189 137622.000 118215.000 0 0 0.000 0.000 0.000 0.121 0 1 0 0 0 0
 1190 121189.000 135984.000 0 0 0.000 0.000 0.000 0.127 0 1 0 0 0 0
 1191 113442.000 139435.000 0 0 0.000 0.000 0.000 0.135 0 1 0 0 0 0
 1192 108898.000 58892.000 0 0 0.000 0.000 0.000 0.120 0 1 0 0 0 0
 1193 112572.000 59840.000 0 0 0.000 0.000 0.000 0.126 0 1 0 0 0 0
 1194 131838.000 127353.000 0 0 0.000 0.000 0.000 0.147 0 1 0 0 0 0
 1195 104991.000 58123.000 0 0 0.000 0.000 0.000 0.120 0 1 0 0 0 0
 1196 138775.000 116373.000 0 0 0.000 0.000 0.000 0.142 0 1 0 0 0 0
 1197 129284.000 130373.000 0 0 0.000 0.000 0.000 0.126 0 1 0 0 0 0
 1198 123785.000 134705.000 0 0 0.000 0.000 0.000 0.126 0 1 0 0 0 0
 1199 106092.000 141616.000 0 0 0.000 0.000 0.000 0.125 0 1 0 0 0 0
 1200 87140.000 139862.000 0 0 0.000 0.000 0.000 0.120 0 1 0 0 0 0
 1201 78063.000 135633.000 0 0 0.000 0.000 0.000 0.136 0 1 0 0 0 0
 1202 58546.000 105627.000 0 0 0.000 0.000 0.000 0.145 0 1 0 0 0 0
 1203 58147.000 102750.000 0 0 0.000 0.000 0.000 0.132 0 1 0 0 0 0
 1204 73415.000 67181.000 0 0 0.000 0.000 0.000 0.125 0 1 0 0 0 0
 1205 76071.000 65214.000 0 0 0.000 0.000 0.000 0.124 0 1 0 0 0 0
 1206 85701.000 60253.000 0 0 0.000 0.000 0.000 0.124 0 1 0 0 0 0
 1207 132711.000 126863.000 0 0 0.000 0.000 0.000 0.125 0 1 0 0 0 0
 1208 111104.000 140570.000 0 0 0.000 0.000 0.000 0.121 0 1 0 0 0 0
 1209 94118.000 141614.000 0 0 0.000 0.000 0.000 0.131 0 1 0 0 0 0
 1210 93831.000 141681.000 0 0 0.000 0.000 0.000 0.140 0 1 0 0 0 0
 1211 82297.000 138056.000 0 0 0.000 0.000 0.000 0.137 0 1 0 0 0 0
 1212 76083.000 134575.000 0 0 0.000 0.000 0.000 0.130 0 1 0 0 0 0
 1213 65189.000 123514.000 0 0 0.000 0.000 0.000 0.126 0 1 0 0 0 0
 1214 60881.000 115364.000 0 0 0.000 0.000 0.000 0.125 0 1 0 0 0 0
 1215 61221.000 83365.000 0 0 0.000 0.000 0.000 0.135 0 1 0 0 0 0
 1216 141964.000 92751.000 0 0 0.000 0.000 0.000 0.127 0 1 0 0 0 0
 1217 141631.000 109277.000 0 0 0.000 0.000 0.000 0.128 0 1 0 0 0 0
 1218 69191.000 70632.000 0 0 0.000 0.000 0.000 0.135 0 1 0 0 0 0
 1219 77752.000 63803.000 0 0 0.000 0.000 0.000 0.132 0 1 0 0 0 0
 1220 125256.000 134288.000 0 0 0.000 0.000 0.000 0.129 0 1 0 0 0 0
 1221 57545.000 101758.000 0 0 0.000 0.000 0.000 0.123 0 1 0 0 0 0
 1222 77018.000 64033.000 0 0 0.000 0.000 0.000 0.128 0 1 0 0 0 0
 1223 78136.000 63336.000 0 0 0.000 0.000 0.000 0.130 0 1 0 0 0 0
 1224 137058.000 78226.000 0 0 0.000 0.000 0.000 0.120 0 1 0 0 0 0
 1225 138100.000 119568.000 0 0 0.000 0.000 0.000 0.128 0 1 0 0 0 0
 1226 131046.000 129428.000 0 0 0.000 0.000 0.000 0.141 0 1 0 0 0 0
 1227 127009.000 133173.000 0 0 0.000 0.000 0.000 0.134 0 1 0 0 0 0
 1228 105735.000 142282.000 0 0 0.000 0.000 0.000 0.136 0 1 0 0 0 0
 1229 57496.000 96594.000 0 0 0.000 0.000 0.000 0.134 0 1 0 0 0 0
 1230 58307.000 90570.000 0 0 0.000 0.000 0.000 0.134 0 1 0 0 0 0
 1231 63621.000 77593.000 0 0 0.000 0.000 0.000 0.131 0 1 0 0 0 0
 1232 68324.000 71192.000 0 0 0.000 0.000 0.000 0.121 0 1 0 0 0 0
 1233 112604.000 58718.000 0 0 0.000 0.000 0.000 0.131 0 1 0 0 0 0
 1234 117302.000 60505.000 0 0 0.000 0.000 0.000 0.130 0 1 0 0 0 0
 1235 139096.000 118052.000 0 0 0.000 0.000 0.000 0.129 0 1 0 0 0 0
 1236 138937.000 118089.000 0 0 0.000 0.000 0.000 0.137 0 1 0 0 0 0
 1237 135321.000 124432.000 0 0 0.000 0.000 0.000 0.126 0 1 0 0 0 0
 1238 96904.000 142702.000 0 0 0.000 0.000 0.000 0.134 0 1 0 0 0 0
 1239 78652.000 137080.000 0 0 0.000 0.000 0.000 0.128 0 1 0 0 0 0
 1240 57440.000 105112.000 0 0 0.000 0.000 0.000 0.123 0 1 0 0 0 0
 1241 141962.000 89401.000 0 0 0.000 0.000 0.000 0.132 0 1 0 0 0 0
 1242 117802.000 139259.000 0 0 0.000 0.000 0.000 0.125 0 1 0 0 0 0
 1243 99055.000 142911.000 0 0 0.000 0.000 0.000 0.134 0 1 0 0 0 0
 1244 76752.000 136063.000 0 0 0.000 0.000 0.000 0.120 0 1 0 0 0 0
 1245 61372.000 80748.000 0 0 0.000 0.000 0.000 0.131 0 1 0 0 0 0
 1246 67571.000 71600.000 0 0 0.000 0.000 0.000 0.129 0 1 0 0 0 0
 1247 96329.000 56796.000 0 0 0.000 0.000 0.000 0.132 0 1 0 0 0 0
 1248 98188.000 56635.000 0 0 0.000 0.000 0.000 0.135 0 1 0 0 0 0
 1249 123605.000 63446.000 0 0 0.000 0.000 0.000 0.126 0 1 0 0 0 0
 1250 82936.000 139667.000 0 0 0.000 0.000 0.000 0.128 0 1 0 0 0 0
 1251 69354.000 130289.000 0 0 0.000 0.000 0.000 0.128 0 1 0 0 0 0
 1252 62010.000 120309.000 0 0 0.000 0.000 0.000 0.125 0 1 0 0 0 0
 1253 57316.000 93362.000 0 0 0.000 0.000 0.000 0.126 0 1 0 0 0 0
 1254 68680.000 70108.000 0 0 0.000 0.000 0.000 0.153 0 1 0 0 0 0
 1255 73090.000 65934.000 0 0 0.000 0.000 0.000 0.124 0 1 0 0 0 0
 1256 73321.000 134028.000 0 0 0.000 0.000 0.000 0.123 0 1 0 0 0 0
 1257 61082.000 118812.000 0 0 0.000 0.000 0.000 0.125 0 1 0 0 0 0
 1258 57077.000 105997.000 0 0 0.000 0.000 0.000 0.134 0 1 0 0 0 0
 1259 56763.000 96451.000 0 0 0.000 0.000 0.000 0.141 0 1 0 0 0 0
 1260 143321.000 93387.000 0 0 0.000 0.000 0.000 0.127 0 1 0 0 0 0
 1261 143336.000 105844.000 0 0 0.000 0.000 0.000 0.126 0 1 0 0 0 0
 1262 60565.000 81218.000 0 0 0.000 0.000 0.000 0.124 0 1 0 0 0 0
 1263 139729.000 81261.000 0 0 0.000 0.000 0.000 0.141 0 1 0 0 0 0
 1264 57480.000 109418.000 0 0 0.000 0.000 0.000 0.143 0 1 0 0 0 0
 1265 56766.000 93277.000 0 0 0.000 0.000 0.000 0.125 0 1 0 0 0 0
 1266 64382.000 74465.000 0 0 0.000 0.000 0.000 0.127 0 1 0 0 0 0
 1267 65951.000 72400.000 0 0 0.000 0.000 0.000 0.124 0 1 0 0 0 0
 1268 83714.000 140651.000 0 0 0.000 0.000 0.000 0.141 0 1 0 0 0 0
 1269 63281.000 123942.000 0 0 0.000 0.000 0.000 0.130 0 1 0 0 0 0
 1270 56184.000 99043.000 0 0 0.000 0.000 0.000 0.137 0 1 0 0 0 0
 1271 63229.000 75928.000 0 0 0.000 0.000 0.000 0.122 0 1 0 0 0 0
 1272 78011.000 61707.000 0 0 0.000 0.000 0.000 0.128 0 1 0 0 0 0
 1273 83251.000 59061.000 0 0 0.000 0.000 0.000 0.123 0 1 0 0 0 0
 1274 126716.000 64707.000 0 0 0.000 0.000 0.000 0.130 0 1 0 0 0 0
 1275 141882.000 114314.000 0 0 0.000 0.000 0.000 0.129 0 1 0 0 0 0
 1276 78904.000 138561.000 0 0 0.000 0.000 0.000 0.126 0 1 0 0 0 0
 1277 57551.000 111335.000 0 0 0.000 0.000 0.000 0.133 0 1 0 0 0 0
 1278 56364.000 94796.000 0 0 0.000 0.000 0.000 0.121 0 1 0 0 0 0
 1279 91921.000 56428.000 0 0 0.000 0.000 0.000 0.123 0 1 0 0 0 0
 1280 93837.000 56154.000 0 0 0.000 0.000 0.000 0.122 0 1 0 0 0 0
 1281 123387.000 62084.000 0 0 0.000 0.000 0.000 0.129 0 1 0 0 0 0
 1282 141920.000 114511.000 0 0 0.000 0.000 0.000 0.130 0 1 0 0 0 0
 1283 113519.000 142147.000 0 0 0.000 0.000 0.000 0.131 0 1 0 0 0 0
 1284 70616.000 132985.000 0 0 0.000 0.000 0.000 0.130 0 1 0 0 0 0
 1285 58224.000 114110.000 0 0 0.000 0.000 0.000 0.147 0 1 0 0 0 0
 1286 56837.000 109251.000 0 0 0.000 0.000 0.000 0.127 0 1 0 0 0 0
 1287 56723.000 90800.000 0 0 0.000 0.000 0.000 0.146 0 1 0 0 0 0
 1288 83337.000 58723.000 0 0 0.000 0.000 0.000 0.134 0 1 0 0 0 0
 1289 86400.000 57760.000 0 0 0.000 0.000 0.000 0.120 0 1 0 0 0 0
 1290 88946.000 56864.000 0 0 0.000 0.000 0.000 0.136 0 1 0 0 0 0
 1291 130228.000 67060.000 0 0 0.000 0.000 0.000 0.125 0 1 0 0 0 0
 1292 130340.000 67307.000 0 0 0.000 0.000 0.000 0.121 0 1 0 0 0 0
 1293 132752.000 69576.000 0 0 0.000 0.000 0.000 0.126 0 1 0 0 0 0
 1294 135520.000 72949.000 0 0 0.000 0.000 0.000 0.120 0 1 0 0 0 0
 1295 139940.000 119535.000 0 0 0.000 0.000 0.000 0.147 0 1 0 0 0 0
 1296 136653.000 125312.000 0 0 0.000 0.000 0.000 0.121 0 1 0 0 0 0
 1297 111809.000 142862.000 0 0 0.000 0.000 0.000 0.128 0 1 0 0 0 0
 1298 81536.000 140170.000 0 0 0.000 0.000 0.000 0.137 0 1 0 0 0 0
 1299 79491.000 60401.000 0 0 0.000 0.000 0.000 0.131 0 1 0 0 0 0
 1300 85184.000 57784.000 0 0 0.000 0.000 0.000 0.129 0 1 0 0 0 0
 1301 87235.000 57212.000 0 0 0.000 0.000 0.000 0.137 0 1 0 0 0 0
 1302 109131.000 56194.000 0 0 0.000 0.000 0.000 0.121 0 1 0 0 0 0
 1303 118856.000 59275.000 0 0 0.000 0.000 0.000 0.122 0 1 0 0 0 0
 1304 134736.000 71609.000 0 0 0.000 0.000 0.000 0.121 0 1 0 0 0 0
 1305 129338.000 133550.000 0 0 0.000 0.000 0.000 0.133 0 1 0 0 0 0
 1306 113874.000 142397.000 0 0 0.000 0.000 0.000 0.123 0 1 0 0 0 0
 1307 102028.000 144407.000 0 0 0.000 0.000 0.000 0.137 0 1 0 0 0 0
 1308 62329.000 123759.000 0 0 0.000 0.000 0.000 0.129 0 1 0 0 0 0
 1309 60085.000 79968.000 0 0 0.000 0.000 0.000 0.124 0 1 0 0 0 0
 1310 64108.000 73474.000 0 0 0.000 0.000 0.000 0.120 0 1 0 0 0 0
 1311 106028.000 55419.000 0 0 0.000 0.000 0.000 0.134 0 1 0 0 0 0
 1312 134425.000 70865.000 0 0 0.000 0.000 0.000 0.124 0 1 0 0 0 0
 1313 143312.000 87849.000 0 0 0.000 0.000 0.000 0.122 0 1 0 0 0 0
 1314 71692.000 134600.000 0 0 0.000 0.000 0.000 0.128 0 1 0 0 0 0
 1315 55363.000 101504.000 0 0 0.000 0.000 0.000 0.126 0 1 0 0 0 0
 1316 61244.000 77505.000 0 0 0.000 0.000 0.000 0.125 0 1 0 0 0 0
 1317 89495.000 56184.000 0 0 0.000 0.000 0.000 0.122 0 1 0 0 0 0
 1318 117904.000 58678.000 0 0 0.000 0.000 0.000 0.145 0 1 0 0 0 0
 1319 55240.000 97956.000 0 0 0.000 0.000 0.000 0.122 0 1 0 0 0 0
 1320 99684.000 54723.000 0 0 0.000 0.000 0.000 0.141 0 1 0 0 0 0
 1321 121444.000 60006.000 0 0 0.000 0.000 0.000 0.130 0 1 0 0 0 0
 1322 145290.000 101713.000 0 0 0.000 0.000 0.000 0.144 0 1 0 0 0 0
 1323 136828.000 126248.000 0 0 0.000 0.000 0.000 0.140 0 1 0 0 0 0
 1324 108519.000 144195.000 0 0 0.000 0.000 0.000 0.135 0 1 0 0 0 0
 1325 60595.000 121487.000 0 0 0.000 0.000 0.000 0.134 0 1 0 0 0 0
 1326 58692.000 117658.000 0 0 0.000 0.000 0.000 0.123 0 1 0 0 0 0
 1327 62643.000 74497.000 0 0 0.000 0.000 0.000 0.127 0 1 0 0 0 0
 1328 90630.000 55696.000 0 0 0.000 0.000 0.000 0.136 0 1 0 0 0 0
 1329 128672.000 64680.000 0 0 0.000 0.000 0.000 0.130 0 1 0 0 0 0
 1330 141748.000 81793.000 0 0 0.000 0.000 0.000 0.129 0 1 0 0 0 0
 1331 144487.000 109109.000 0 0 0.000 0.000 0.000 0.144 0 1 0 0 0 0
 1332 142743.000 115289.000 0 0 0.000 0.000 0.000 0.124 0 1 0 0 0 0
 1333 56218.000 88748.000 0 0 0.000 0.000 0.000 0.139 0 1 0 0 0 0
 1334 140583.000 79172.000 0 0 0.000 0.000 0.000 0.141 0 1 0 0 0 0
 1335 139067.000 123546.000 0 0 0.000 0.000 0.000 0.123 0 1 0 0 0 0
 1336 87942.000 143551.000 0 0 0.000 0.000 0.000 0.145 0 1 0 0 0 0
 1337 59690.000 120780.000 0 0 0.000 0.000 0.000 0.120 0 1 0 0 0 0
 1338 115130.000 56808.000 0 0 0.000 0.000 0.000 0.136 0 1 0 0 0 0
 1339 125365.000 61870.000 0 0 0.000 0.000 0.000 0.132 0 1 0 0 0 0
 1340 126974.000 63029.000 0 0 0.000 0.000 0.000 0.123 0 1 0 0 0 0
 1341 129792.000 65266.000 0 0 0.000 0.000 0.000 0.141 0 1 0 0 0 0
 1342 145422.000 93378.000 0 0 0.000 0.000 0.000 0.126 0 1 0 0 0 0
 1343 127680.000 136277.000 0 0 0.000 0.000 0.000 0.120 0 1 0 0 0 0
 1344 127446.000 136507.000 0 0 0.000 0.000 0.000 0.129 0 1 0 0 0 0
 1345 101517.000 145513.000 0 0 0.000 0.000 0.000 0.124 0 1 0 0 0 0
 1346 63210.000 72814.000 0 0 0.000 0.000 0.000 0.123 0 1 0 0 0 0
 1347 111072.000 55346.000 0 0 0.000 0.000 0.000 0.129 0 1 0 0 0 0
 1348 64860.000 129092.000 0 0 0.000 0.000 0.000 0.147 0 1 0 0 0 0
 1349 54703.000 106053.000 0 0 0.000 0.000 0.000 0.143 0 1 0 0 0 0
 1350 54322.000 103097.000 0 0 0.000 0.000 0.000 0.129 0 1 0 0 0 0
 1351 54277.000 100202.000 0 0 0.000 0.000 0.000 0.135 0 1 0 0 0 0
 1352 57897.000 82034.000 0 0 0.000 0.000 0.000 0.121 0 1 0 0 0 0
 1353 104375.000 54185.000 0 0 0.000 0.000 0.000 0.121 0 1 0 0 0 0
 1354 109489.000 54764.000 0 0 0.000 0.000 0.000 0.126 0 1 0 0 0 0
 1355 110632.000 55126.000 0 0 0.000 0.000 0.000 0.127 0 1 0 0 0 0
 1356 140964.000 78681.000 0 0 0.000 0.000 0.000 0.133 0 1 0 0 0 0
 1357 97750.000 145848.000 0 0 0.000 0.000 0.000 0.124 0 1 0 0 0 0
 1358 78588.000 140525.000 0 0 0.000 0.000 0.000 0.136 0 1 0 0 0 0
 1359 66286.000 130958.000 0 0 0.000 0.000 0.000 0.131 0 1 0 0 0 0
 1360 65215.000 129735.000 0 0 0.000 0.000 0.000 0.122 0 1 0 0 0 0
 1361 105050.000 53912.000 0 0 0.000 0.000 0.000 0.136 0 1 0 0 0 0
 1362 63487.000 71652.000 0 0 0.000 0.000 0.000 0.120 0 1 0 0 0 0
 1363 110988.000 54782.000 0 0 0.000 0.000 0.000 0.137 0 1 0 0 0 0
 1364 138061.000 73309.000 0 0 0.000 0.000 0.000 0.135 0 1 0 0 0 0
 1365 146234.000 95722.000 0 0 0.000 0.000 0.000 0.122 0 1 0 0 0 0
 1366 142758.000 118327.000 0 0 0.000 0.000 0.000 0.127 0 1 0 0 0 0
 1367 90260.000 54559.000 0 0 0.000 0.000 0.000 0.143 0 1 0 0 0 0
 1368 99026.000 53333.000 0 0 0.000 0.000 0.000 0.121 0 1 0 0 0 0
 1369 139129.000 74606.000 0 0 0.000 0.000 0.000 0.122 0 1 0 0 0 0
 1370 137203.000 127784.000 0 0 0.000 0.000 0.000 0.120 0 1 0 0 0 0
 1371 67814.000 133323.000 0 0 0.000 0.000 0.000 0.133 0 1 0 0 0 0
 1372 53669.000 98134.000 0 0 0.000 0.000 0.000 0.120 0 1 0 0 0 0
 1373 68143.000 65956.000 0 0 0.000 0.000 0.000 0.143 0 1 0 0 0 0
 1374 75040.000 60674.000 0 0 0.000 0.000 0.000 0.142 0 1 0 0 0 0
 1375 81786.000 57024.000 0 0 0.000 0.000 0.000 0.136 0 1 0 0 0 0
 1376 89227.000 54540.000 0 0 0.000 0.000 0.000 0.124 0 1 0 0 0 0
 1377 89444.000 54555.000 0 0 0.000 0.000 0.000 0.134 0 1 0 0 0 0
 1378 127310.000 61990.000 0 0 0.000 0.000 0.000 0.121 0 1 0 0 0 0
 1379 146830.000 102418.000 0 0 0.000 0.000 0.000 0.134 0 1 0 0 0 0
 1380 132055.000 133859.000 0 0 0.000 0.000 0.000 0.128 0 1 0 0 0 0
 1381 53453.000 100199.000 0 0 0.000 0.000 0.000 0.130 0 1 0 0 0 0
 1382 108310.000 53753.000 0 0 0.000 0.000 0.000 0.124 0 1 0 0 0 0
 1383 109417.000 53935.000 0 0 0.000 0.000 0.000 0.134 0 1 0 0 0 0
 1384 135510.000 69263.000 0 0 0.000 0.000 0.000 0.147 0 1 0 0 0 0
 1385 113723.000 144638.000 0 0 0.000 0.000 0.000 0.123 0 1 0 0 0 0
 1386 109245.000 145878.000 0 0 0.000 0.000 0.000 0.125 0 1 0 0 0 0
 1387 90688.000 145802.000 0 0 0.000 0.000 0.000 0.123 0 1 0 0 0 0
 1388 76017.000 140040.000 0 0 0.000 0.000 0.000 0.125 0 1 0 0 0 0
 1389 72912.000 138080.000 0 0 0.000 0.000 0.000 0.129 0 1 0 0 0 0
 1390 53774.000 106907.000 0 0 0.000 0.000 0.000 0.120 0 1 0 0 0 0
 1391 116865.000 55851.000 0 0 0.000 0.000 0.000 0.122 0 1 0 0 0 0
 1392 121425.000 57839.000 0 0 0.000 0.000 0.000 0.127 0 1 0 0 0 0
 1393 136907.000 70601.000 0 0 0.000 0.000 0.000 0.123 0 1 0 0 0 0
 1394 147110.000 102106.000 0 0 0.000 0.000 0.000 0.135 0 1 0 0 0 0
 1395 136474.000 129641.000 0 0 0.000 0.000 0.000 0.121 0 1 0 0 0 0
 1396 103004.000 146756.000 0 0 0.000 0.000 0.000 0.122 0 1 0 0 0 0
 1397 99360.000 52621.000 0 0 0.000 0.000 0.000 0.129 0 1 0 0 0 0
 1398 120255.000 57167.000 0 0 0.000 0.000 0.000 0.125 0 1 0 0 0 0
 1399 130712.000 64050.000 0 0 0.000 0.000 0.000 0.140 0 1 0 0 0 0
 1400 146174.000 110050.000 0 0 0.000 0.000 0.000 0.122 0 1 0 0 0 0
 1401 110198.000 145995.000 0 0 0.000 0.000 0.000 0.134 0 1 0 0 0 0
 1402 100651.000 147065.000 0 0 0.000 0.000 0.000 0.120 0 1 0 0 0 0
 1403 73816.000 138980.000 0 0 0.000 0.000 0.000 0.120 0 1 0 0 0 0
 1404 53110.000 96060.000 0 0 0.000 0.000 0.000 0.137 0 1 0 0 0 0
 1405 86468.000 54658.000 0 0 0.000 0.000 0.000 0.121 0 1 0 0 0 0
 1406 146879.000 107081.000 0 0 0.000 0.000 0.000 0.122 0 1 0 0 0 0
 1407 145570.000 113071.000 0 0 0.000 0.000 0.000 0.134 0 1 0 0 0 0
 1408 54362.000 111623.000 0 0 0.000 0.000 0.000 0.121 0 1 0 0 0 0
 1409 56763.000 81018.000 0 0 0.000 0.000 0.000 0.120 0 1 0 0 0 0
 1410 54977.000 114525.000 0 0 0.000 0.000 0.000 0.127 0 1 0 0 0 0
 1411 63397.000 69459.000 0 0 0.000 0.000 0.000 0.127 0 1 0 0 0 0
 1412 83229.000 55386.000 0 0 0.000 0.000 0.000 0.131 0 1 0 0 0 0
 1413 85914.000 54322.000 0 0 0.000 0.000 0.000 0.130 0 1 0 0 0 0
 1414 94132.000 52537.000 0 0 0.000 0.000 0.000 0.135 0 1 0 0 0 0
 1415 106401.000 52496.000 0 0 0.000 0.000 0.000 0.128 0 1 0 0 0 0
 1416 111417.000 53599.000 0 0 0.000 0.000 0.000 0.126 0 1 0 0 0 0
 1417 126470.000 60007.000 0 0 0.000 0.000 0.000 0.130 0 1 0 0 0 0
 1418 129794.000 62638.000 0 0 0.000 0.000 0.000 0.121 0 1 0 0 0 0
 1419 125177.000 140460.000 0 0 0.000 0.000 0.000 0.124 0 1 0 0 0 0
 1420 98639.000 147516.000 0 0 0.000 0.000 0.000 0.127 0 1 0 0 0 0
 1421 91034.000 146768.000 0 0 0.000 0.000 0.000 0.124 0 1 0 0 0 0
 1422 52525.000 97110.000 0 0 0.000 0.000 0.000 0.132 0 1 0 0 0 0
 1423 86652.000 54073.000 0 0 0.000 0.000 0.000 0.123 0 1 0 0 0 0
 1424 96948.000 52264.000 0 0 0.000 0.000 0.000 0.120 0 1 0 0 0 0
 1425 103649.000 52159.000 0 0 0.000 0.000 0.000 0.126 0 1 0 0 0 0
 1426 105926.000 52308.000 0 0 0.000 0.000 0.000 0.132 0 1 0 0 0 0
 1427 110751.000 53194.000 0 0 0.000 0.000 0.000 0.144 0 1 0 0 0 0
 1428 112758.000 53762.000 0 0 0.000 0.000 0.000 0.123 0 1 0 0 0 0
 1429 146183.000 113169.000 0 0 0.000 0.000 0.000 0.125 0 1 0 0 0 0
 1430 145096.000 116172.000 0 0 0.000 0.000 0.000 0.123 0 1 0 0 0 0
 1431 138161.000 128982.000 0 0 0.000 0.000 0.000 0.123 0 1 0 0 0 0
 1432 136248.000 131430.000 0 0 0.000 0.000 0.000 0.127 0 1 0 0 0 0
 1433 113173.000 145973.000 0 0 0.000 0.000 0.000 0.139 0 1 0 0 0 0
 1434 102768.000 147688.000 0 0 0.000 0.000 0.000 0.133 0 1 0 0 0 0
 1435 66038.000 133508.000 0 0 0.000 0.000 0.000 0.127 0 1 0 0 0 0
 1436 111145.000 53044.000 0 0 0.000 0.000 0.000 0.126 0 1 0 0 0 0
 1437 129381.000 61747.000 0 0 0.000 0.000 0.000 0.130 0 1 0 0 0 0
 1438 137601.000 69724.000 0 0 0.000 0.000 0.000 0.129 0 1 0 0 0 0
 1439 148239.000 99176.000 0 0 0.000 0.000 0.000 0.130 0 1 0 0 0 0
 1440 101588.000 147857.000 0 0 0.000 0.000 0.000 0.123 0 1 0 0 0 0
 1441 57849.000 77095.000 0 0 0.000 0.000 0.000 0.120 0 1 0 0 0 0
 1442 72032.000 60782.000 0 0 0.000 0.000 0.000 0.127 0 1 0 0 0 0
 1443 83942.000 54511.000 0 0 0.000 0.000 0.000 0.122 0 1 0 0 0 0
 1444 122811.000 57269.000 0 0 0.000 0.000 0.000 0.129 0 1 0 0 0 0
 1445 134323.000 65782.000 0 0 0.000 0.000 0.000 0.131 0 1 0 0 0 0
 1446 93611.000 147625.000 0 0 0.000 0.000 0.000 0.145 0 1 0 0 0 0
 1447 59954.000 73029.000 0 0 0.000 0.000 0.000 0.128 0 1 0 0 0 0
 1448 147965.000 92355.000 0 0 0.000 0.000 0.000 0.131 0 1 0 0 0 0
 1449 106366.000 147803.000 0 0 0.000 0.000 0.000 0.131 0 1 0 0 0 0
 1450 62134.000 69880.000 0 0 0.000 0.000 0.000 0.128 0 1 0 0 0 0
 1451 133934.000 134725.000 0 0 52.000 52.000 2704.000 52.000 0 1 6 200 0 0
 1452 134244.000 134824.000 0 0 52.000 52.000 2704.000 52.000 0 1 6 200 0 0
 1453 133863.000 134718.000 0 0 52.000 52.000 2704.000 52.000 0 1 6 200 0 0
 1454 87813.000 146728.000 0 0 0.000 0.000 0.000 0.137 0 1 0 0 0 0
 1455 61693.000 129644.000 0 0 0.000 0.000 0.000 0.123 0 1 0 0 0 0
 1456 56686.000 121469.000 0 0 0.000 0.000 0.000 0.120 0 1 0 0 0 0
 1457 53363.000 112662.000 0 0 0.000 0.000 0.000 0.123 0 1 0 0 0 0
 1458 51592.000 97982.000 0 0 0.000 0.000 0.000 0.133 0 1 0 0 0 0
 1459 51740.000 95555.000 0 0 0.000 0.000 0.000 0.132 0 1 0 0 0 0
 1460 57779.000 75887.000 0 0 0.000 0.000 0.000 0.132 0 1 0 0 0 0
 1461 115847.000 145923.000 0 0 0.000 0.000 0.000 0.130 0 1 0 0 0 0
 1462 85419.000 53229.000 0 0 0.000 0.000 0.000 0.122 0 1 0 0 0 0
 1463 89005.000 52305.000 0 0 0.000 0.000 0.000 0.142 0 1 0 0 0 0
 1464 136814.000 67472.000 0 0 0.000 0.000 0.000 0.127 0 1 0 0 0 0
 1465 141590.000 74052.000 0 0 0.000 0.000 0.000 0.120 0 1 0 0 0 0
 1466 142847.000 75938.000 0 0 0.000 0.000 0.000 0.134 0 1 0 0 0 0
 1467 145753.000 82174.000 0 0 0.000 0.000 0.000 0.133 0 1 0 0 0 0
 1468 148101.000 89838.000 0 0 0.000 0.000 0.000 0.129 0 1 0 0 0 0
 1469 72032.000 139798.000 0 0 0.000 0.000 0.000 0.134 0 1 0 0 0 0
 1470 51199.000 99310.000 0 0 0.000 0.000 0.000 0.140 0 1 0 0 0 0
 1471 54086.000 83081.000 0 0 0.000 0.000 0.000 0.123 0 1 0 0 0 0
 1472 54635.000 82034.000 0 0 0.000 0.000 0.000 0.139 0 1 0 0 0 0
 1473 87189.000 52514.000 0 0 0.000 0.000 0.000 0.131 0 1 0 0 0 0
 1474 104950.000 51109.000 0 0 0.000 0.000 0.000 0.120 0 1 0 0 0 0
 1475 112981.000 52548.000 0 0 0.000 0.000 0.000 0.122 0 1 0 0 0 0
 1476 122581.000 56214.000 0 0 0.000 0.000 0.000 0.133 0 1 0 0 0 0
 1477 131087.000 61668.000 0 0 0.000 0.000 0.000 0.127 0 1 0 0 0 0
 1478 148372.000 108812.000 0 0 0.000 0.000 0.000 0.135 0 1 0 0 0 0
 1479 134267.000 134981.000 0 0 52.000 52.000 2704.000 52.000 0 1 6 200 0 0
 1480 134243.000 135034.000 0 0 52.000 52.000 2704.000 52.000 0 1 6 200 0 0
 1481 66373.000 135469.000 0 0 0.000 0.000 0.000 0.127 0 1 0 0 0 0
 1482 65874.000 135042.000 0 0 0.000 0.000 0.000 0.125 0 1 0 0 0 0
 1483 63322.000 132253.000 0 0 0.000 0.000 0.000 0.131 0 1 0 0 0 0
 1484 57204.000 123710.000 0 0 0.000 0.000 0.000 0.120 0 1 0 0 0 0
 1485 55883.000 78452.000 0 0 0.000 0.000 0.000 0.124 0 1 0 0 0 0
 1486 61168.000 69918.000 0 0 0.000 0.000 0.000 0.131 0 1 0 0 0 0
 1487 70277.000 60829.000 0 0 0.000 0.000 0.000 0.120 0 1 0 0 0 0
 1488 107116.000 51113.000 0 0 0.000 0.000 0.000 0.143 0 1 0 0 0 0
 1489 117531.000 53881.000 0 0 0.000 0.000 0.000 0.120 0 1 0 0 0 0
 1490 124110.000 56880.000 0 0 0.000 0.000 0.000 0.133 0 1 0 0 0 0
 1491 147931.000 87859.000 0 0 0.000 0.000 0.000 0.142 0 1 0 0 0 0
 1492 145003.000 120031.000 0 0 0.000 0.000 0.000 0.122 0 1 0 0 0 0
 1493 144245.000 121952.000 0 0 0.000 0.000 0.000 0.123 0 1 0 0 0 0
 1494 127073.000 141013.000 0 0 0.000 0.000 0.000 0.121 0 1 0 0 0 0
 1495 107705.000 148478.000 0 0 0.000 0.000 0.000 0.131 0 1 0 0 0 0
 1496 103794.000 148845.000 0 0 0.000 0.000 0.000 0.140 0 1 0 0 0 0
 1497 61822.000 130893.000 0 0 0.000 0.000 0.000 0.125 0 1 0 0 0 0
 1498 52490.000 112266.000 0 0 0.000 0.000 0.000 0.131 0 1 0 0 0 0
 1499 145270.000 79880.000 0 0 0.000 0.000 0.000 0.120 0 1 0 0 0 0
 1500 149395.000 104437.000 0 0 0.000 0.000 0.000 0.129 0 1 0 0 0 0
 1501 134575.000 135139.000 0 0 52.000 52.000 2704.000 52.000 0 1 6 200 0 0
 1502 132830.000 136896.000 0 0 0.000 0.000 0.000 0.134 0 1 0 0 0 0
 1503 95238.000 149047.000 0 0 0.000 0.000 0.000 0.125 0 1 0 0 0 0
 1504 55841.000 77985.000 0 0 0.000 0.000 0.000 0.137 0 1 0 0 0 0
 1505 67927.000 62297.000 0 0 0.000 0.000 0.000 0.126 0 1 0 0 0 0
 1506 87858.000 51907.000 0 0 0.000 0.000 0.000 0.123 0 1 0 0 0 0
 1507 111096.000 51513.000 0 0 0.000 0.000 0.000 0.132 0 1 0 0 0 0
 1508 118848.000 53958.000 0 0 0.000 0.000 0.000 0.122 0 1 0 0 0 0
 1509 142544.000 74256.000 0 0 0.000 0.000 0.000 0.129 0 1 0 0 0 0
 1510 147538.000 85557.000 0 0 0.000 0.000 0.000 0.137 0 1 0 0 0 0
 1511 149526.000 104652.000 0 0 0.000 0.000 0.000 0.130 0 1 0 0 0 0
 1512 149386.000 106093.000 0 0 0.000 0.000 0.000 0.121 0 1 0 0 0 0
 1513 140450.000 128808.000 0 0 0.000 0.000 0.000 0.124 0 1 0 0 0 0
 1514 116627.000 146523.000 0 0 0.000 0.000 0.000 0.147 0 1 0 0 0 0
 1515 99717.000 149505.000 0 0 0.000 0.000 0.000 0.128 0 1 0 0 0 0
 1516 53062.000 84108.000 0 0 0.000 0.000 0.000 0.155 0 1 0 0 0 0
 1517 77188.000 55866.000 0 0 0.000 0.000 0.000 0.120 0 1 0 0 0 0
 1518 119578.000 54151.000 0 0 0.000 0.000 0.000 0.122 0 1 0 0 0 0
 1519 149335.000 107514.000 0 0 0.000 0.000 0.000 0.135 0 1 0 0 0 0
 1520 111184.000 148351.000 0 0 0.000 0.000 0.000 0.130 0 1 0 0 0 0
 1521 66971.000 62744.000 0 0 0.000 0.000 0.000 0.126 0 1 0 0 0 0
 1522 87443.000 51608.000 0 0 0.000 0.000 0.000 0.122 0 1 0 0 0 0
 1523 104188.000 50055.000 0 0 0.000 0.000 0.000 0.130 0 1 0 0 0 0
 1524 149556.000 92370.000 0 0 0.000 0.000 0.000 0.125 0 1 0 0 0 0
 1525 149556.000 92701.000 0 0 0.000 0.000 0.000 0.125 0 1 0 0 0 0
 1526 149968.000 97202.000 0 0 0.000 0.000 0.000 0.127 0 1 0 0 0 0
 1527 56717.000 124593.000 0 0 0.000 0.000 0.000 0.123 0 1 0 0 0 0
 1528 77665.000 55123.000 0 0 0.000 0.000 0.000 0.121 0 1 0 0 0 0
 1529 134024.000 62936.000 0 0 0.000 0.000 0.000 0.122 0 1 0 0 0 0
 1530 148457.000 86728.000 0 0 0.000 0.000 0.000 0.146 0 1 0 0 0 0
 1531 149710.000 92186.000 0 0 0.000 0.000 0.000 0.124 0 1 0 0 0 0
 1532 150184.000 102597.000 0 0 0.000 0.000 0.000 0.127 0 1 0 0 0 0
 1533 146827.000 117963.000 0 0 0.000 0.000 0.000 0.121 0 1 0 0 0 0
 1534 124819.000 143556.000 0 0 0.000 0.000 0.000 0.126 0 1 0 0 0 0
 1535 59491.000 129139.000 0 0 0.000 0.000 0.000 0.128 0 1 0 0 0 0
 1536 52513.000 115247.000 0 0 0.000 0.000 0.000 0.133 0 1 0 0 0 0
 1537 51374.000 111340.000 0 0 0.000 0.000 0.000 0.120 0 1 0 0 0 0
 1538 57046.000 74252.000 0 0 0.000 0.000 0.000 0.141 0 1 0 0 0 0
 1539 62943.000 66320.000 0 0 0.000 0.000 0.000 0.129 0 1 0 0 0 0
 1540 78840.000 54379.000 0 0 0.000 0.000 0.000 0.125 0 1 0 0 0 0
 1541 128903.000 58615.000 0 0 0.000 0.000 0.000 0.131 0 1 0 0 0 0
 1542 137192.000 66025.000 0 0 0.000 0.000 0.000 0.121 0 1 0 0 0 0
 1543 112449.000 148562.000 0 0 0.000 0.000 0.000 0.128 0 1 0 0 0 0
 1544 74121.000 142876.000 0 0 0.000 0.000 0.000 0.133 0 1 0 0 0 0
 1545 64149.000 134900.000 0 0 0.000 0.000 0.000 0.139 0 1 0 0 0 0
 1546 51689.000 113426.000 0 0 0.000 0.000 0.000 0.132 0 1 0 0 0 0
 1547 52670.000 83065.000 0 0 0.000 0.000 0.000 0.130 0 1 0 0 0 0
 1548 86058.000 51513.000 0 0 0.000 0.000 0.000 0.128 0 1 0 0 0 0
 1549 96241.000 49575.000 0 0 0.000 0.000 0.000 0.135 0 1 0 0 0 0
 1550 121761.000 54278.000 0 0 0.000 0.000 0.000 0.135 0 1 0 0 0 0
 1551 94919.000 150026.000 0 0 0.000 0.000 0.000 0.121 0 1 0 0 0 0
 1552 65462.000 136263.000 0 0 0.000 0.000 0.000 0.123 0 1 0 0 0 0
 1553 50632.000 109833.000 0 0 0.000 0.000 0.000 0.127 0 1 0 0 0 0
 1554 50238.000 92296.000 0 0 0.000 0.000 0.000 0.129 0 1 0 0 0 0
 1555 67641.000 61217.000 0 0 0.000 0.000 0.000 0.133 0 1 0 0 0 0
 1556 86528.000 51160.000 0 0 0.000 0.000 0.000 0.137 0 1 0 0 0 0
 1557 114779.000 51373.000 0 0 0.000 0.000 0.000 0.128 0 1 0 0 0 0
 1558 118870.000 52881.000 0 0 0.000 0.000 0.000 0.130 0 1 0 0 0 0
 1559 127994.000 57557.000 0 0 0.000 0.000 0.000 0.135 0 1 0 0 0 0
 1560 144687.000 75951.000 0 0 0.000 0.000 0.000 0.129 0 1 0 0 0 0
 1561 149115.000 112786.000 0 0 0.000 0.000 0.000 0.132 0 1 0 0 0 0
 1562 54300.000 121129.000 0 0 0.000 0.000 0.000 0.122 0 1 0 0 0 0
 1563 53181.000 118606.000 0 0 0.000 0.000 0.000 0.146 0 1 0 0 0 0
 1564 129955.000 58756.000 0 0 0.000 0.000 0.000 0.129 0 1 0 0 0 0
 1565 145233.000 76520.000 0 0 0.000 0.000 0.000 0.128 0 1 0 0 0 0
 1566 147716.000 117498.000 0 0 0.000 0.000 0.000 0.141 0 1 0 0 0 0
 1567 123695.000 144879.000 0 0 0.000 0.000 0.000 0.134 0 1 0 0 0 0
 1568 79312.000 146164.000 0 0 0.000 0.000 0.000 0.122 0 1 0 0 0 0
 1569 50126.000 91398.000 0 0 0.000 0.000 0.000 0.132 0 1 0 0 0 0
 1570 56644.000 73623.000 0 0 0.000 0.000 0.000 0.120 0 1 0 0 0 0
 1571 101684.000 48997.000 0 0 0.000 0.000 0.000 0.129 0 1 0 0 0 0
 1572 123231.000 54547.000 0 0 0.000 0.000 0.000 0.122 0 1 0 0 0 0
 1573 127623.000 56882.000 0 0 0.000 0.000 0.000 0.125 0 1 0 0 0 0
 1574 107268.000 150325.000 0 0 0.000 0.000 0.000 0.127 0 1 0 0 0 0
 1575 87794.000 149296.000 0 0 0.000 0.000 0.000 0.138 0 1 0 0 0 0
 1576 65715.000 137328.000 0 0 0.000 0.000 0.000 0.125 0 1 0 0 0 0
 1577 54267.000 122120.000 0 0 0.000 0.000 0.000 0.124 0 1 0 0 0 0
 1578 49322.000 94921.000 0 0 0.000 0.000 0.000 0.128 0 1 0 0 0 0
 1579 79198.000 53352.000 0 0 0.000 0.000 0.000 0.139 0 1 0 0 0 0
 1580 85506.000 51025.000 0 0 0.000 0.000 0.000 0.131 0 1 0 0 0 0
 1581 143252.000 72254.000 0 0 0.000 0.000 0.000 0.127 0 1 0 0 0 0
 1582 150963.000 105272.000 0 0 0.000 0.000 0.000 0.137 0 1 0 0 0 0
 1583 141601.000 129711.000 0 0 0.000 0.000 0.000 0.125 0 1 0 0 0 0
 1584 130307.000 141029.000 0 0 0.000 0.000 0.000 0.121 0 1 0 0 0 0
 1585 91638.000 150287.000 0 0 0.000 0.000 0.000 0.126 0 1 0 0 0 0
 1586 56883.000 127135.000 0 0 0.000 0.000 0.000 0.131 0 1 0 0 0 0
 1587 49878.000 89996.000 0 0 0.000 0.000 0.000 0.131 0 1 0 0 0 0
 1588 51230.000 84769.000 0 0 0.000 0.000 0.000 0.131 0 1 0 0 0 0
 1589 85639.000 50726.000 0 0 0.000 0.000 0.000 0.123 0 1 0 0 0 0
 1590 119642.000 52464.000 0 0 0.000 0.000 0.000 0.128 0 1 0 0 0 0
 1591 124130.000 54627.000 0 0 0.000 0.000 0.000 0.123 0 1 0 0 0 0
 1592 138012.000 65213.000 0 0 0.000 0.000 0.000 0.123 0 1 0 0 0 0
 1593 149923.000 87708.000 0 0 0.000 0.000 0.000 0.132 0 1 0 0 0 0
 1594 150782.000 91571.000 0 0 0.000 0.000 0.000 0.139 0 1 0 0 0 0
 1595 120498.000 146843.000 0 0 0.000 0.000 0.000 0.141 0 1 0 0 0 0
 1596 48851.000 100523.000 0 0 0.000 0.000 0.000 0.123 0 1 0 0 0 0
 1597 50088.000 88411.000 0 0 0.000 0.000 0.000 0.120 0 1 0 0 0 0
 1598 86451.000 50264.000 0 0 0.000 0.000 0.000 0.124 0 1 0 0 0 0
 1599 90212.000 49409.000 0 0 0.000 0.000 0.000 0.124 0 1 0 0 0 0
 1600 124551.000 54620.000 0 0 0.000 0.000 0.000 0.130 0 1 0 0 0 0
 1601 140275.000 67589.000 0 0 0.000 0.000 0.000 0.124 0 1 0 0 0 0
 1602 141925.000 69873.000 0 0 0.000 0.000 0.000 0.136 0 1 0 0 0 0
 1603 142810.000 71239.000 0 0 0.000 0.000 0.000 0.138 0 1 0 0 0 0
 1604 148077.000 81038.000 0 0 0.000 0.000 0.000 0.127 0 1 0 0 0 0
 1605 146302.000 122770.000 0 0 0.000 0.000 0.000 0.131 0 1 0 0 0 0
 1606 130605.000 141448.000 0 0 0.000 0.000 0.000 0.126 0 1 0 0 0 0
 1607 122914.000 146018.000 0 0 0.000 0.000 0.000 0.131 0 1 0 0 0 0
 1608 120898.000 146848.000 0 0 0.000 0.000 0.000 0.141 0 1 0 0 0 0
 1609 92774.000 150690.000 0 0 0.000 0.000 0.000 0.120 0 1 0 0 0 0
 1610 49595.000 90408.000 0 0 0.000 0.000 0.000 0.127 0 1 0 0 0 0
 1611 146704.000 77463.000 0 0 0.000 0.000 0.000 0.139 0 1 0 0 0 0
 1612 145843.000 123708.000 0 0 0.000 0.000 0.000 0.121 0 1 0 0 0 0
 1613 132583.000 140013.000 0 0 0.000 0.000 0.000 0.156 0 1 0 0 0 0
 1614 60794.000 133162.000 0 0 0.000 0.000 0.000 0.133 0 1 0 0 0 0
 1615 60525.000 132941.000 0 0 0.000 0.000 0.000 0.122 0 1 0 0 0 0
 1616 50494.000 85428.000 0 0 0.000 0.000 0.000 0.121 0 1 0 0 0 0
 1617 53775.000 77248.000 0 0 0.000 0.000 0.000 0.123 0 1 0 0 0 0
 1618 118725.000 51584.000 0 0 0.000 0.000 0.000 0.128 0 1 0 0 0 0
 1619 142624.000 70293.000 0 0 0.000 0.000 0.000 0.127 0 1 0 0 0 0
 1620 151602.000 105400.000 0 0 0.000 0.000 0.000 0.126 0 1 0 0 0 0
 1621 145614.000 124550.000 0 0 0.000 0.000 0.000 0.121 0 1 0 0 0 0
 1622 143833.000 127734.000 0 0 0.000 0.000 0.000 0.122 0 1 0 0 0 0
 1623 70141.000 142145.000 0 0 0.000 0.000 0.000 0.128 0 1 0 0 0 0
 1624 49477.000 110847.000 0 0 0.000 0.000 0.000 0.124 0 1 0 0 0 0
 1625 54472.000 75134.000 0 0 0.000 0.000 0.000 0.126 0 1 0 0 0 0
 1626 76003.000 54061.000 0 0 0.000 0.000 0.000 0.141 0 1 0 0 0 0
 1627 147765.000 78973.000 0 0 0.000 0.000 0.000 0.129 0 1 0 0 0 0
 1628 151535.000 92845.000 0 0 0.000 0.000 0.000 0.122 0 1 0 0 0 0
 1629 151460.000 107736.000 0 0 0.000 0.000 0.000 0.134 0 1 0 0 0 0
 1630 136814.000 136656.000 0 0 0.000 0.000 0.000 0.126 0 1 0 0 0 0
 1631 64400.000 137483.000 0 0 0.000 0.000 0.000 0.126 0 1 0 0 0 0
 1632 85091.000 49984.000 0 0 0.000 0.000 0.000 0.142 0 1 0 0 0 0
 1633 94653.000 48145.000 0 0 0.000 0.000 0.000 0.137 0 1 0 0 0 0
 1634 106737.000 48096.000 0 0 0.000 0.000 0.000 0.129 0 1 0 0 0 0
 1635 72986.000 55264.000 0 0 0.000 0.000 0.000 0.123 0 1 0 0 0 0
 1636 92635.000 48083.000 0 0 0.000 0.000 0.000 0.123 0 1 0 0 0 0
 1637 137066.000 62803.000 0 0 0.000 0.000 0.000 0.140 0 1 0 0 0 0
 1638 143674.000 70763.000 0 0 0.000 0.000 0.000 0.126 0 1 0 0 0 0
 1639 152004.000 93183.000 0 0 0.000 0.000 0.000 0.130 0 1 0 0 0 0
 1640 76706.000 146620.000 0 0 0.000 0.000 0.000 0.120 0 1 0 0 0 0
 1641 47922.000 95621.000 0 0 0.000 0.000 0.000 0.125 0 1 0 0 0 0
 1642 48029.000 94332.000 0 0 0.000 0.000 0.000 0.133 0 1 0 0 0 0
 1643 81362.000 51044.000 0 0 0.000 0.000 0.000 0.120 0 1 0 0 0 0
 1644 95545.000 47603.000 0 0 0.000 0.000 0.000 0.132 0 1 0 0 0 0
 1645 102727.000 47580.000 0 0 0.000 0.000 0.000 0.124 0 1 0 0 0 0
 1646 97884.000 152344.000 0 0 0.000 0.000 0.000 0.133 0 1 0 0 0 0
 1647 51157.000 118698.000 0 0 0.000 0.000 0.000 0.120 0 1 0 0 0 0
 1648 50108.000 115926.000 0 0 0.000 0.000 0.000 0.131 0 1 0 0 0 0
 1649 48561.000 90157.000 0 0 0.000 0.000 0.000 0.120 0 1 0 0 0 0
 1650 48585.000 89579.000 0 0 0.000 0.000 0.000 0.135 0 1 0 0 0 0
 1651 77661.000 52299.000 0 0 0.000 0.000 0.000 0.133 0 1 0 0 0 0
 1652 151476.000 88124.000 0 0 0.000 0.000 0.000 0.125 0 1 0 0 0 0
 1653 152150.000 91580.000 0 0 0.000 0.000 0.000 0.134 0 1 0 0 0 0
 1654 144293.000 128661.000 0 0 0.000 0.000 0.000 0.130 0 1 0 0 0 0
 1655 113579.000 150762.000 0 0 0.000 0.000 0.000 0.125 0 1 0 0 0 0
 1656 65249.000 139170.000 0 0 0.000 0.000 0.000 0.138 0 1 0 0 0 0
 1657 61233.000 135222.000 0 0 0.000 0.000 0.000 0.120 0 1 0 0 0 0
 1658 53485.000 124072.000 0 0 0.000 0.000 0.000 0.134 0 1 0 0 0 0
 1659 47966.000 92893.000 0 0 0.000 0.000 0.000 0.127 0 1 0 0 0 0
 1660 63771.000 61740.000 0 0 0.000 0.000 0.000 0.128 0 1 0 0 0 0
 1661 72108.000 55289.000 0 0 0.000 0.000 0.000 0.124 0 1 0 0 0 0
 1662 75764.000 53237.000 0 0 0.000 0.000 0.000 0.120 0 1 0 0 0 0
 1663 81762.000 50381.000 0 0 0.000 0.000 0.000 0.145 0 1 0 0 0 0
 1664 97072.000 47198.000 0 0 0.000 0.000 0.000 0.125 0 1 0 0 0 0
 1665 151720.000 88582.000 0 0 0.000 0.000 0.000 0.138 0 1 0 0 0 0
 1666 48550.000 88255.000 0 0 0.000 0.000 0.000 0.136 0 1 0 0 0 0
 1667 48831.000 87014.000 0 0 0.000 0.000 0.000 0.131 0 1 0 0 0 0
 1668 51072.000 80269.000 0 0 0.000 0.000 0.000 0.133 0 1 0 0 0 0
 1669 76822.000 52263.000 0 0 0.000 0.000 0.000 0.128 0 1 0 0 0 0
 1670 86360.000 48750.000 0 0 0.000 0.000 0.000 0.120 0 1 0 0 0 0
 1671 98469.000 47000.000 0 0 0.000 0.000 0.000 0.134 0 1 0 0 0 0
 1672 115045.000 49121.000 0 0 0.000 0.000 0.000 0.130 0 1 0 0 0 0
 1673 115460.000 49171.000 0 0 0.000 0.000 0.000 0.131 0 1 0 0 0 0
 1674 120399.000 50987.000 0 0 0.000 0.000 0.000 0.139 0 1 0 0 0 0
 1675 149333.000 80317.000 0 0 0.000 0.000 0.000 0.131 0 1 0 0 0 0
 1676 151979.000 110679.000 0 0 0.000 0.000 0.000 0.133 0 1 0 0 0 0
 1677 147747.000 123222.000 0 0 0.000 0.000 0.000 0.134 0 1 0 0 0 0
 1678 111814.000 151591.000 0 0 0.000 0.000 0.000 0.127 0 1 0 0 0 0
 1679 76869.000 147442.000 0 0 0.000 0.000 0.000 0.131 0 1 0 0 0 0
 1680 52597.000 123289.000 0 0 0.000 0.000 0.000 0.137 0 1 0 0 0 0
 1681 48665.000 112266.000 0 0 0.000 0.000 0.000 0.129 0 1 0 0 0 0
 1682 47867.000 108037.000 0 0 0.000 0.000 0.000 0.140 0 1 0 0 0 0
 1683 67443.000 57942.000 0 0 0.000 0.000 0.000 0.127 0 1 0 0 0 0
 1684 72412.000 54603.000 0 0 0.000 0.000 0.000 0.138 0 1 0 0 0 0
 1685 96753.000 46872.000 0 0 0.000 0.000 0.000 0.130 0 1 0 0 0 0
 1686 107782.000 47231.000 0 0 0.000 0.000 0.000 0.135 0 1 0 0 0 0
 1687 130296.000 56074.000 0 0 0.000 0.000 0.000 0.141 0 1 0 0 0 0
 1688 150591.000 83384.000 0 0 0.000 0.000 0.000 0.144 0 1 0 0 0 0
 1689 152885.000 94186.000 0 0 0.000 0.000 0.000 0.144 0 1 0 0 0 0
 1690 151972.000 111693.000 0 0 0.000 0.000 0.000 0.131 0 1 0 0 0 0
 1691 143249.000 131033.000 0 0 0.000 0.000 0.000 0.131 0 1 0 0 0 0
 1692 129224.000 144354.000 0 0 0.000 0.000 0.000 0.128 0 1 0 0 0 0
 1693 65075.000 139764.000 0 0 0.000 0.000 0.000 0.131 0 1 0 0 0 0
 1694 61937.000 136807.000 0 0 0.000 0.000 0.000 0.124 0 1 0 0 0 0
 1695 78921.000 51072.000 0 0 0.000 0.000 0.000 0.126 0 1 0 0 0 0
 1696 100253.000 46611.000 0 0 0.000 0.000 0.000 0.130 0 1 0 0 0 0
 1697 117615.000 49592.000 0 0 0.000 0.000 0.000 0.121 0 1 0 0 0 0
 1698 128645.000 54880.000 0 0 0.000 0.000 0.000 0.122 0 1 0 0 0 0
 1699 132428.000 57489.000 0 0 0.000 0.000 0.000 0.128 0 1 0 0 0 0
 1700 142494.000 67569.000 0 0 0.000 0.000 0.000 0.140 0 1 0 0 0 0
 1701 143929.000 69595.000 0 0 0.000 0.000 0.000 0.136 0 1 0 0 0 0
 1702 146429.000 126265.000 0 0 0.000 0.000 0.000 0.139 0 1 0 0 0 0
 1703 140951.000 134087.000 0 0 0.000 0.000 0.000 0.139 0 1 0 0 0 0
 1704 131651.000 142874.000 0 0 0.000 0.000 0.000 0.126 0 1 0 0 0 0
 1705 108643.000 152552.000 0 0 0.000 0.000 0.000 0.123 0 1 0 0 0 0
 1706 95601.000 152950.000 0 0 0.000 0.000 0.000 0.121 0 1 0 0 0 0
 1707 53762.000 126102.000 0 0 0.000 0.000 0.000 0.129 0 1 0 0 0 0
 1708 48078.000 111028.000 0 0 0.000 0.000 0.000 0.120 0 1 0 0 0 0
 1709 110641.000 47411.000 0 0 0.000 0.000 0.000 0.129 0 1 0 0 0 0
 1710 110779.000 47457.000 0 0 0.000 0.000 0.000 0.142 0 1 0 0 0 0
 1711 120649.000 50591.000 0 0 0.000 0.000 0.000 0.121 0 1 0 0 0 0
 1712 153480.000 104657.000 0 0 0.000 0.000 0.000 0.122 0 1 0 0 0 0
 1713 94216.000 153063.000 0 0 0.000 0.000 0.000 0.128 0 1 0 0 0 0
 1714 67954.000 142533.000 0 0 0.000 0.000 0.000 0.122 0 1 0 0 0 0
 1715 59236.000 134389.000 0 0 0.000 0.000 0.000 0.124 0 1 0 0 0 0
 1716 46649.000 102055.000 0 0 0.000 0.000 0.000 0.126 0 1 0 0 0 0
 1717 46883.000 94037.000 0 0 0.000 0.000 0.000 0.132 0 1 0 0 0 0
 1718 52112.000 76239.000 0 0 0.000 0.000 0.000 0.134 0 1 0 0 0 0
 1719 52926.000 74826.000 0 0 0.000 0.000 0.000 0.122 0 1 0 0 0 0
 1720 149852.000 79643.000 0 0 0.000 0.000 0.000 0.134 0 1 0 0 0 0
 1721 150947.000 82563.000 0 0 0.000 0.000 0.000 0.131 0 1 0 0 0 0
 1722 152050.000 86500.000 0 0 0.000 0.000 0.000 0.121 0 1 0 0 0 0
 1723 153308.000 106778.000 0 0 0.000 0.000 0.000 0.133 0 1 0 0 0 0
 1724 77292.000 148349.000 0 0 0.000 0.000 0.000 0.132 0 1 0 0 0 0
 1725 52148.000 123721.000 0 0 0.000 0.000 0.000 0.131 0 1 0 0 0 0
 1726 46469.000 98812.000 0 0 0.000 0.000 0.000 0.136 0 1 0 0 0 0
 1727 54282.000 71978.000 0 0 0.000 0.000 0.000 0.141 0 1 0 0 0 0
 1728 67547.000 57095.000 0 0 0.000 0.000 0.000 0.131 0 1 0 0 0 0
 1729 76201.000 51651.000 0 0 0.000 0.000 0.000 0.123 0 1 0 0 0 0
 1730 78154.000 50782.000 0 0 0.000 0.000 0.000 0.124 0 1 0 0 0 0
 1731 91738.000 46738.000 0 0 0.000 0.000 0.000 0.129 0 1 0 0 0 0
 1732 95494.000 46352.000 0 0 0.000 0.000 0.000 0.129 0 1 0 0 0 0
 1733 95519.000 46286.000 0 0 0.000 0.000 0.000 0.130 0 1 0 0 0 0
 1734 106712.000 46406.000 0 0 0.000 0.000 0.000 0.123 0 1 0 0 0 0
 1735 113676.000 47777.000 0 0 0.000 0.000 0.000 0.127 0 1 0 0 0 0
 1736 115997.000 48419.000 0 0 0.000 0.000 0.000 0.141 0 1 0 0 0 0
 1737 146248.000 72167.000 0 0 0.000 0.000 0.000 0.126 0 1 0 0 0 0
 1738 153038.000 110012.000 0 0 0.000 0.000 0.000 0.125 0 1 0 0 0 0
 1739 110218.000 152657.000 0 0 0.000 0.000 0.000 0.120 0 1 0 0 0 0
 1740 80131.000 149805.000 0 0 0.000 0.000 0.000 0.130 0 1 0 0 0 0
 1741 54432.000 128068.000 0 0 0.000 0.000 0.000 0.147 0 1 0 0 0 0
 1742 56766.000 67801.000 0 0 0.000 0.000 0.000 0.125 0 1 0 0 0 0
 1743 71213.000 54487.000 0 0 0.000 0.000 0.000 0.121 0 1 0 0 0 0
 1744 103655.000 46006.000 0 0 0.000 0.000 0.000 0.127 0 1 0 0 0 0
 1745 131784.000 56202.000 0 0 0.000 0.000 0.000 0.124 0 1 0 0 0 0
 1746 133519.000 57531.000 0 0 0.000 0.000 0.000 0.123 0 1 0 0 0 0
 1747 136381.000 59799.000 0 0 0.000 0.000 0.000 0.127 0 1 0 0 0 0
 1748 145566.000 70609.000 0 0 0.000 0.000 0.000 0.135 0 1 0 0 0 0
 1749 147670.000 74063.000 0 0 54.000 44.000 2376.000 48.744 0 1 1 200 0 0
 1750 153865.000 94789.000 0 0 0.000 0.000 0.000 0.128 0 1 0 0 0 0
 1751 154075.000 102074.000 0 0 0.000 0.000 0.000 0.136 0 1 0 0 0 0
 1752 146673.000 127376.000 0 0 0.000 0.000 0.000 0.134 0 1 0 0 0 0
 1753 97885.000 153743.000 0 0 0.000 0.000 0.000 0.142 0 1 0 0 0 0
 1754 94694.000 153588.000 0 0 0.000 0.000 0.000 0.135 0 1 0 0 0 0
 1755 49135.000 82007.000 0 0 0.000 0.000 0.000 0.123 0 1 0 0 0 0
 1756 71516.000 53940.000 0 0 0.000 0.000 0.000 0.127 0 1 0 0 0 0
 1757 111520.000 46982.000 0 0 0.000 0.000 0.000 0.139 0 1 0 0 0 0
 1758 116705.000 48342.000 0 0 0.000 0.000 0.000 0.125 0 1 0 0 0 0
 1759 130174.000 54851.000 0 0 0.000 0.000 0.000 0.125 0 1 0 0 0 0
 1760 146450.000 72028.000 0 0 0.000 0.000 0.000 0.128 0 1 0 0 0 0
 1761 146710.000 72133.000 0 0 0.000 0.000 0.000 0.125 0 1 0 0 0 0
 1762 147349.000 73262.000 0 0 54.000 46.000 2484.000 49.839 0 1 1 200 0 0
 1763 154255.000 99311.000 0 0 0.000 0.000 0.000 0.121 0 1 0 0 0 0
 1764 70592.000 145164.000 0 0 0.000 0.000 0.000 0.121 0 1 0 0 0 0
 1765 48847.000 117186.000 0 0 0.000 0.000 0.000 0.122 0 1 0 0 0 0
 1766 51895.000 75124.000 0 0 0.000 0.000 0.000 0.131 0 1 0 0 0 0
 1767 52028.000 74833.000 0 0 0.000 0.000 0.000 0.145 0 1 0 0 0 0
 1768 56781.000 67393.000 0 0 0.000 0.000 0.000 0.129 0 1 0 0 0 0
 1769 82128.000 48650.000 0 0 0.000 0.000 0.000 0.122 0 1 0 0 0 0
 1770 92674.000 46115.000 0 0 0.000 0.000 0.000 0.138 0 1 0 0 0 0
 1771 93407.000 46028.000 0 0 0.000 0.000 0.000 0.136 0 1 0 0 0 0
 1772 106028.000 45844.000 0 0 0.000 0.000 0.000 0.132 0 1 0 0 0 0
 1773 131686.000 55548.000 0 0 0.000 0.000 0.000 0.133 0 1 0 0 0 0
 1774 153765.000 108660.000 0 0 0.000 0.000 0.000 0.120 0 1 0 0 0 0
 1775 151469.000 117739.000 0 0 0.000 0.000 0.000 0.124 0 1 0 0 0 0
 1776 148747.000 124303.000 0 0 0.000 0.000 0.000 0.123 0 1 0 0 0 0
 1777 125557.000 147932.000 0 0 0.000 0.000 0.000 0.126 0 1 0 0 0 0
 1778 113121.000 152531.000 0 0 0.000 0.000 0.000 0.121 0 1 0 0 0 0
 1779 54010.000 128672.000 0 0 0.000 0.000 0.000 0.124 0 1 0 0 0 0
 1780 48690.000 117489.000 0 0 0.000 0.000 0.000 0.122 0 1 0 0 0 0
 1781 53557.000 71990.000 0 0 0.000 0.000 0.000 0.120 0 1 0 0 0 0
 1782 58449.000 64994.000 0 0 0.000 0.000 0.000 0.134 0 1 0 0 0 0
 1783 100664.000 45494.000 0 0 0.000 0.000 0.000 0.142 0 1 0 0 0 0
 1784 106608.000 45727.000 0 0 0.000 0.000 0.000 0.134 0 1 0 0 0 0
 1785 114914.000 47358.000 0 0 0.000 0.000 0.000 0.130 0 1 0 0 0 0
 1786 147967.000 73676.000 0 0 54.000 46.000 2484.000 49.839 0 1 1 200 0 0
 1787 136334.000 140620.000 0 0 0.000 0.000 0.000 0.139 0 1 0 0 0 0
 1788 127956.000 146727.000 0 0 0.000 0.000 0.000 0.120 0 1 0 0 0 0
 1789 124786.000 148481.000 0 0 0.000 0.000 0.000 0.120 0 1 0 0 0 0
 1790 52196.000 125763.000 0 0 0.000 0.000 0.000 0.124 0 1 0 0 0 0
 1791 45628.000 100752.000 0 0 0.000 0.000 0.000 0.127 0 1 0 0 0 0
 1792 45783.000 94858.000 0 0 0.000 0.000 0.000 0.130 0 1 0 0 0 0
 1793 48075.000 83785.000 0 0 0.000 0.000 0.000 0.120 0 1 0 0 0 0
 1794 48447.000 82661.000 0 0 0.000 0.000 0.000 0.129 0 1 0 0 0 0
 1795 80201.000 49009.000 0 0 0.000 0.000 0.000 0.127 0 1 0 0 0 0
 1796 85318.000 47233.000 0 0 0.000 0.000 0.000 0.122 0 1 0 0 0 0
 1797 95480.000 45476.000 0 0 0.000 0.000 0.000 0.135 0 1 0 0 0 0
 1798 126149.000 51699.000 0 0 0.000 0.000 0.000 0.136 0 1 0 0 0 0
 1799 131578.000 55188.000 0 0 0.000 0.000 0.000 0.128 0 1 0 0 0 0
 1800 131684.000 55226.000 0 0 0.000 0.000 0.000 0.139 0 1 0 0 0 0
 1801 137181.000 59590.000 0 0 0.000 0.000 0.000 0.123 0 1 0 0 0 0
 1802 147666.000 73104.000 0 0 54.000 46.000 2484.000 49.839 0 1 1 200 0 0
 1803 154483.000 93997.000 0 0 0.000 0.000 0.000 0.121 0 1 0 0 0 0
 1804 102746.000 154448.000 0 0 0.000 0.000 0.000 0.120 0 1 0 0 0 0
 1805 91391.000 153754.000 0 0 0.000 0.000 0.000 0.140 0 1 0 0 0 0
 1806 85598.000 152471.000 0 0 0.000 0.000 0.000 0.120 0 1 0 0 0 0
 1807 61415.000 138317.000 0 0 0.000 0.000 0.000 0.122 0 1 0 0 0 0
 1808 62053.000 60531.000 0 0 0.000 0.000 0.000 0.132 0 1 0 0 0 0
 1809 84588.000 47386.000 0 0 0.000 0.000 0.000 0.121 0 1 0 0 0 0
 1810 151133.000 79641.000 0 0 0.000 0.000 0.000 0.126 0 1 0 0 0 0
 1811 154970.000 101161.000 0 0 0.000 0.000 0.000 0.136 0 1 0 0 0 0
 1812 74730.000 148540.000 0 0 0.000 0.000 0.000 0.128 0 1 0 0 0 0
 1813 58299.000 135238.000 0 0 0.000 0.000 0.000 0.124 0 1 0 0 0 0
 1814 49360.000 120352.000 0 0 0.000 0.000 0.000 0.121 0 1 0 0 0 0
 1815 48231.000 117616.000 0 0 0.000 0.000 0.000 0.135 0 1 0 0 0 0
 1816 45511.000 104908.000 0 0 0.000 0.000 0.000 0.121 0 1 0 0 0 0
 1817 81678.000 48017.000 0 0 0.000 0.000 0.000 0.132 0 1 0 0 0 0
 1818 94485.000 45107.000 0 0 0.000 0.000 0.000 0.131 0 1 0 0 0 0
 1819 141979.000 64128.000 0 0 0.000 0.000 0.000 0.136 0 1 0 0 0 0
 1820 148695.000 73846.000 0 0 56.000 44.000 2464.000 49.638 0 1 1 200 0 0
 1821 149501.000 124154.000 0 0 0.000 0.000 0.000 0.142 0 1 0 0 0 0
 1822 144908.000 131824.000 0 0 0.000 0.000 0.000 0.123 0 1 0 0 0 0
 1823 127162.000 147788.000 0 0 0.000 0.000 0.000 0.132 0 1 0 0 0 0
 1824 112616.000 153439.000 0 0 0.000 0.000 0.000 0.133 0 1 0 0 0 0
 1825 99372.000 154790.000 0 0 0.000 0.000 0.000 0.138 0 1 0 0 0 0
 1826 87678.000 153415.000 0 0 0.000 0.000 0.000 0.120 0 1 0 0 0 0
 1827 64617.000 141764.000 0 0 0.000 0.000 0.000 0.123 0 1 0 0 0 0
 1828 55496.000 132062.000 0 0 0.000 0.000 0.000 0.121 0 1 0 0 0 0
 1829 50061.000 122508.000 0 0 0.000 0.000 0.000 0.121 0 1 0 0 0 0
 1830 45886.000 109070.000 0 0 0.000 0.000 0.000 0.133 0 1 0 0 0 0
 1831 45802.000 90929.000 0 0 0.000 0.000 0.000 0.129 0 1 0 0 0 0
 1832 46667.000 86930.000 0 0 0.000 0.000 0.000 0.125 0 1 0 0 0 0
 1833 61689.000 60346.000 0 0 0.000 0.000 0.000 0.132 0 1 0 0 0 0
 1834 108726.000 45382.000 0 0 0.000 0.000 0.000 0.126 0 1 0 0 0 0
 1835 112844.000 46106.000 0 0 0.000 0.000 0.000 0.126 0 1 0 0 0 0
 1836 120201.000 48564.000 0 0 0.000 0.000 0.000 0.141 0 1 0 0 0 0
 1837 140814.000 62548.000 0 0 0.000 0.000 0.000 0.133 0 1 0 0 0 0
 1838 151058.000 78792.000 0 0 0.000 0.000 0.000 0.121 0 1 0 0 0 0
 1839 152246.000 81760.000 0 0 0.000 0.000 0.000 0.131 0 1 0 0 0 0
 1840 152333.000 82085.000 0 0 0.000 0.000 0.000 0.142 0 1 0 0 0 0
 1841 153743.000 86725.000 0 0 0.000 0.000 0.000 0.130 0 1 0 0 0 0
 1842 151266.000 120604.000 0 0 0.000 0.000 0.000 0.138 0 1 0 0 0 0
 1843 83124.000 152312.000 0 0 0.000 0.000 0.000 0.135 0 1 0 0 0 0
 1844 61437.000 139228.000 0 0 0.000 0.000 0.000 0.126 0 1 0 0 0 0
 1845 60897.000 61035.000 0 0 0.000 0.000 0.000 0.131 0 1 0 0 0 0
 1846 138582.000 60071.000 0 0 0.000 0.000 0.000 0.127 0 1 0 0 0 0
 1847 140930.000 62505.000 0 0 0.000 0.000 0.000 0.126 0 1 0 0 0 0
 1848 145464.000 68145.000 0 0 0.000 0.000 0.000 0.122 0 1 0 0 0 0
 1849 154872.000 108415.000 0 0 0.000 0.000 0.000 0.142 0 1 0 0 0 0
 1850 154378.000 110633.000 0 0 0.000 0.000 0.000 0.130 0 1 0 0 0 0
 1851 154334.000 111341.000 0 0 0.000 0.000 0.000 0.128 0 1 0 0 0 0
 1852 109245.000 154417.000 0 0 0.000 0.000 0.000 0.132 0 1 0 0 0 0
 1853 80513.000 151528.000 0 0 0.000 0.000 0.000 0.120 0 1 0 0 0 0
 1854 49116.000 78063.000 0 0 0.000 0.000 0.000 0.133 0 1 0 0 0 0
 1855 59035.000 62564.000 0 0 0.000 0.000 0.000 0.128 0 1 0 0 0 0
 1856 75819.000 50099.000 0 0 0.000 0.000 0.000 0.129 0 1 0 0 0 0
 1857 98570.000 44449.000 0 0 0.000 0.000 0.000 0.120 0 1 0 0 0 0
 1858 98650.000 44466.000 0 0 0.000 0.000 0.000 0.146 0 1 0 0 0 0
 1859 103168.000 44557.000 0 0 0.000 0.000 0.000 0.121 0 1 0 0 0 0
 1860 154952.000 90989.000 0 0 0.000 0.000 0.000 0.123 0 1 0 0 0 0
 1861 147977.000 128161.000 0 0 0.000 0.000 0.000 0.127 0 1 0 0 0 0
 1862 106110.000 155038.000 0 0 0.000 0.000 0.000 0.125 0 1 0 0 0 0
 1863 102290.000 155271.000 0 0 0.000 0.000 0.000 0.124 0 1 0 0 0 0
 1864 99652.000 155316.000 0 0 0.000 0.000 0.000 0.120 0 1 0 0 0 0
 1865 99435.000 155419.000 0 0 0.000 0.000 0.000 0.127 0 1 0 0 0 0
 1866 80753.000 151925.000 0 0 0.000 0.000 0.000 0.133 0 1 0 0 0 0
 1867 62055.000 140262.000 0 0 0.000 0.000 0.000 0.122 0 1 0 0 0 0
 1868 46051.000 112524.000 0 0 0.000 0.000 0.000 0.124 0 1 0 0 0 0
 1869 44854.000 105299.000 0 0 0.000 0.000 0.000 0.132 0 1 0 0 0 0
 1870 45613.000 89126.000 0 0 0.000 0.000 0.000 0.137 0 1 0 0 0 0
 1871 48742.000 78836.000 0 0 0.000 0.000 0.000 0.133 0 1 0 0 0 0
 1872 61798.000 59540.000 0 0 0.000 0.000 0.000 0.124 0 1 0 0 0 0
 1873 83075.000 46911.000 0 0 0.000 0.000 0.000 0.120 0 1 0 0 0 0
 1874 88821.000 45384.000 0 0 0.000 0.000 0.000 0.131 0 1 0 0 0 0
 1875 94514.000 44515.000 0 0 0.000 0.000 0.000 0.134 0 1 0 0 0 0
 1876 96825.000 44401.000 0 0 0.000 0.000 0.000 0.136 0 1 0 0 0 0
 1877 127967.000 51574.000 0 0 0.000 0.000 0.000 0.125 0 1 0 0 0 0
 1878 145138.000 66976.000 0 0 0.000 0.000 0.000 0.121 0 1 0 0 0 0
 1879 145154.000 67116.000 0 0 0.000 0.000 0.000 0.122 0 1 0 0 0 0
 1880 148290.000 71835.000 0 0 0.000 0.000 0.000 0.140 0 1 0 0 0 0
 1881 154486.000 111943.000 0 0 0.000 0.000 0.000 0.147 0 1 0 0 0 0
 1882 154067.000 113727.000 0 0 0.000 0.000 0.000 0.130 0 1 0 0 0 0
 1883 153600.000 115474.000 0 0 0.000 0.000 0.000 0.120 0 1 0 0 0 0
 1884 133801.000 144343.000 0 0 0.000 0.000 0.000 0.129 0 1 0 0 0 0
 1885 111647.000 154379.000 0 0 0.000 0.000 0.000 0.139 0 1 0 0 0 0
 1886 65426.000 143351.000 0 0 0.000 0.000 0.000 0.123 0 1 0 0 0 0
 1887 49614.000 123270.000 0 0 0.000 0.000 0.000 0.125 0 1 0 0 0 0
 1888 82325.000 46949.000 0 0 0.000 0.000 0.000 0.134 0 1 0 0 0 0
 1889 134246.000 55639.000 0 0 0.000 0.000 0.000 0.140 0 1 0 0 0 0
 1890 138344.000 59193.000 0 0 0.000 0.000 0.000 0.120 0 1 0 0 0 0
 1891 153450.000 82883.000 0 0 0.000 0.000 0.000 0.122 0 1 0 0 0 0
 1892 155610.000 107291.000 0 0 0.000 0.000 0.000 0.132 0 1 0 0 0 0
 1893 155148.000 109867.000 0 0 0.000 0.000 0.000 0.121 0 1 0 0 0 0
 1894 153492.000 116798.000 0 0 0.000 0.000 0.000 0.129 0 1 0 0 0 0
 1895 145020.000 133275.000 0 0 0.000 0.000 0.000 0.127 0 1 0 0 0 0
 1896 114699.000 153751.000 0 0 0.000 0.000 0.000 0.127 0 1 0 0 0 0
 1897 100991.000 155739.000 0 0 0.000 0.000 0.000 0.121 0 1 0 0 0 0
 1898 91244.000 155094.000 0 0 0.000 0.000 0.000 0.126 0 1 0 0 0 0
 1899 51267.000 127031.000 0 0 0.000 0.000 0.000 0.133 0 1 0 0 0 0
 1900 44523.000 94349.000 0 0 0.000 0.000 0.000 0.126 0 1 0 0 0 0
 1901 45619.000 87585.000 0 0 0.000 0.000 0.000 0.123 0 1 0 0 0 0
 1902 105152.000 44117.000 0 0 0.000 0.000 0.000 0.139 0 1 0 0 0 0
 1903 116700.000 46352.000 0 0 0.000 0.000 0.000 0.128 0 1 0 0 0 0
 1904 119735.000 47273.000 0 0 0.000 0.000 0.000 0.128 0 1 0 0 0 0
 1905 140034.000 60487.000 0 0 0.000 0.000 0.000 0.126 0 1 0 0 0 0
 1906 141631.000 62279.000 0 0 0.000 0.000 0.000 0.128 0 1 0 0 0 0
 1907 152408.000 120377.000 0 0 0.000 0.000 0.000 0.128 0 1 0 0 0 0
 1908 113891.000 154247.000 0 0 0.000 0.000 0.000 0.126 0 1 0 0 0 0
 1909 76654.000 150729.000 0 0 0.000 0.000 0.000 0.130 0 1 0 0 0 0
 1910 49142.000 123016.000 0 0 0.000 0.000 0.000 0.127 0 1 0 0 0 0
 1911 44373.000 106264.000 0 0 0.000 0.000 0.000 0.125 0 1 0 0 0 0
 1912 44071.000 98339.000 0 0 0.000 0.000 0.000 0.144 0 1 0 0 0 0
 1913 63322.000 57606.000 0 0 0.000 0.000 0.000 0.123 0 1 0 0 0 0
 1914 64863.000 56177.000 0 0 0.000 0.000 0.000 0.135 0 1 0 0 0 0
 1915 83939.000 46001.000 0 0 0.000 0.000 0.000 0.125 0 1 0 0 0 0
 1916 84386.000 45943.000 0 0 0.000 0.000 0.000 0.146 0 1 0 0 0 0
 1917 92887.000 44202.000 0 0 0.000 0.000 0.000 0.124 0 1 0 0 0 0
 1918 116651.000 46142.000 0 0 0.000 0.000 0.000 0.126 0 1 0 0 0 0
 1919 155120.000 87735.000 0 0 0.000 0.000 0.000 0.126 0 1 0 0 0 0
 1920 155278.000 89319.000 0 0 0.000 0.000 0.000 0.136 0 1 0 0 0 0
 1921 155372.000 89394.000 0 0 0.000 0.000 0.000 0.126 0 1 0 0 0 0
 1922 156368.000 101858.000 0 0 0.000 0.000 0.000 0.122 0 1 0 0 0 0
 1923 75827.000 150446.000 0 0 0.000 0.000 0.000 0.131 0 1 0 0 0 0
 1924 70707.000 147766.000 0 0 0.000 0.000 0.000 0.129 0 1 0 0 0 0
 1925 47758.000 79524.000 0 0 0.000 0.000 0.000 0.124 0 1 0 0 0 0
 1926 56911.000 63976.000 0 0 0.000 0.000 0.000 0.123 0 1 0 0 0 0
 1927 73530.000 50161.000 0 0 0.000 0.000 0.000 0.131 0 1 0 0 0 0
 1928 78562.000 47879.000 0 0 0.000 0.000 0.000 0.127 0 1 0 0 0 0
 1929 96049.000 43652.000 0 0 0.000 0.000 0.000 0.126 0 1 0 0 0 0
 1930 101832.000 43518.000 0 0 0.000 0.000 0.000 0.137 0 1 0 0 0 0
 1931 115803.000 45805.000 0 0 0.000 0.000 0.000 0.122 0 1 0 0 0 0
 1932 156487.000 97071.000 0 0 0.000 0.000 0.000 0.140 0 1 0 0 0 0
 1933 154081.000 116096.000 0 0 0.000 0.000 0.000 0.125 0 1 0 0 0 0
 1934 86023.000 154409.000 0 0 0.000 0.000 0.000 0.127 0 1 0 0 0 0
 1935 65234.000 144021.000 0 0 0.000 0.000 0.000 0.123 0 1 0 0 0 0
 1936 65136.000 144086.000 0 0 0.000 0.000 0.000 0.135 0 1 0 0 0 0
 1937 49321.000 124296.000 0 0 0.000 0.000 0.000 0.120 0 1 0 0 0 0
 1938 46604.000 117502.000 0 0 0.000 0.000 0.000 0.121 0 1 0 0 0 0
 1939 44253.000 91754.000 0 0 0.000 0.000 0.000 0.132 0 1 0 0 0 0
 1940 45172.000 87478.000 0 0 0.000 0.000 0.000 0.133 0 1 0 0 0 0
 1941 51570.000 71017.000 0 0 0.000 0.000 0.000 0.121 0 1 0 0 0 0
 1942 123052.000 48136.000 0 0 0.000 0.000 0.000 0.139 0 1 0 0 0 0
 1943 124905.000 49045.000 0 0 0.000 0.000 0.000 0.125 0 1 0 0 0 0
 1944 128445.000 50972.000 0 0 0.000 0.000 0.000 0.126 0 1 0 0 0 0
 1945 153437.000 80931.000 0 0 0.000 0.000 0.000 0.130 0 1 0 0 0 0
 1946 156346.000 106192.000 0 0 0.000 0.000 0.000 0.132 0 1 0 0 0 0
 1947 104474.000 156298.000 0 0 0.000 0.000 0.000 0.138 0 1 0 0 0 0
 1948 69451.000 147312.000 0 0 0.000 0.000 0.000 0.120 0 1 0 0 0 0
 1949 69328.000 147214.000 0 0 0.000 0.000 0.000 0.125 0 1 0 0 0 0
 1950 60841.000 140545.000 0 0 0.000 0.000 0.000 0.127 0 1 0 0 0 0
 1951 52218.000 129854.000 0 0 0.000 0.000 0.000 0.129 0 1 0 0 0 0
 1952 46598.000 81486.000 0 0 0.000 0.000 0.000 0.121 0 1 0 0 0 0
 1953 48386.000 77071.000 0 0 0.000 0.000 0.000 0.128 0 1 0 0 0 0
 1954 62830.000 57230.000 0 0 0.000 0.000 0.000 0.136 0 1 0 0 0 0
 1955 77619.000 47799.000 0 0 0.000 0.000 0.000 0.134 0 1 0 0 0 0
 1956 115397.000 45235.000 0 0 0.000 0.000 0.000 0.147 0 1 0 0 0 0
 1957 155958.000 89360.000 0 0 0.000 0.000 0.000 0.126 0 1 0 0 0 0
 1958 156002.000 90273.000 0 0 0.000 0.000 0.000 0.124 0 1 0 0 0 0
 1959 156704.000 107062.000 0 0 0.000 0.000 0.000 0.134 0 1 0 0 0 0
 1960 154969.000 114515.000 0 0 0.000 0.000 0.000 0.125 0 1 0 0 0 0
 1961 154066.000 117408.000 0 0 0.000 0.000 0.000 0.120 0 1 0 0 0 0
 1962 142433.000 137589.000 0 0 0.000 0.000 0.000 0.131 0 1 0 0 0 0
 1963 105508.000 156309.000 0 0 0.000 0.000 0.000 0.125 0 1 0 0 0 0
 1964 64752.000 144125.000 0 0 0.000 0.000 0.000 0.120 0 1 0 0 0 0
 1965 58031.000 137983.000 0 0 0.000 0.000 0.000 0.126 0 1 0 0 0 0
 1966 46040.000 116569.000 0 0 0.000 0.000 0.000 0.120 0 1 0 0 0 0
 1967 68574.000 52658.000 0 0 0.000 0.000 0.000 0.121 0 1 0 0 0 0
 1968 70153.000 51515.000 0 0 0.000 0.000 0.000 0.128 0 1 0 0 0 0
 1969 73516.000 49726.000 0 0 0.000 0.000 0.000 0.138 0 1 0 0 0 0
 1970 84814.000 45070.000 0 0 0.000 0.000 0.000 0.131 0 1 0 0 0 0
 1971 88033.000 44276.000 0 0 0.000 0.000 0.000 0.131 0 1 0 0 0 0
 1972 96912.000 43089.000 0 0 0.000 0.000 0.000 0.139 0 1 0 0 0 0
 1973 103684.000 43017.000 0 0 0.000 0.000 0.000 0.128 0 1 0 0 0 0
 1974 104993.000 43271.000 0 0 0.000 0.000 0.000 0.120 0 1 0 0 0 0
 1975 120238.000 46724.000 0 0 0.000 0.000 0.000 0.134 0 1 0 0 0 0
 1976 124521.000 48466.000 0 0 0.000 0.000 0.000 0.125 0 1 0 0 0 0
 1977 145768.000 133956.000 0 0 0.000 0.000 0.000 0.128 0 1 0 0 0 0
 1978 84756.000 154672.000 0 0 0.000 0.000 0.000 0.137 0 1 0 0 0 0
 1979 45497.000 115760.000 0 0 0.000 0.000 0.000 0.135 0 1 0 0 0 0
 1980 44100.000 110261.000 0 0 0.000 0.000 0.000 0.128 0 1 0 0 0 0
 1981 43972.000 109387.000 0 0 0.000 0.000 0.000 0.126 0 1 0 0 0 0
 1982 47202.000 78930.000 0 0 0.000 0.000 0.000 0.137 0 1 0 0 0 0
 1983 47188.000 78806.000 0 0 0.000 0.000 0.000 0.127 0 1 0 0 0 0
 1984 57607.000 61881.000 0 0 0.000 0.000 0.000 0.131 0 1 0 0 0 0
 1985 57918.000 61605.000 0 0 0.000 0.000 0.000 0.132 0 1 0 0 0 0
 1986 116421.000 45240.000 0 0 0.000 0.000 0.000 0.121 0 1 0 0 0 0
 1987 131651.000 52297.000 0 0 0.000 0.000 0.000 0.138 0 1 0 0 0 0
 1988 143400.000 62822.000 0 0 0.000 0.000 0.000 0.120 0 1 0 0 0 0
 1989 156732.000 92283.000 0 0 0.000 0.000 0.000 0.128 0 1 0 0 0 0
 1990 155890.000 112270.000 0 0 0.000 0.000 0.000 0.125 0 1 0 0 0 0
 1991 106217.000 156491.000 0 0 0.000 0.000 0.000 0.121 0 1 0 0 0 0
 1992 89399.000 155850.000 0 0 0.000 0.000 0.000 0.125 0 1 0 0 0 0
 1993 67276.000 146418.000 0 0 0.000 0.000 0.000 0.142 0 1 0 0 0 0
 1994 54029.000 133323.000 0 0 0.000 0.000 0.000 0.122 0 1 0 0 0 0
 1995 43855.000 108908.000 0 0 0.000 0.000 0.000 0.128 0 1 0 0 0 0
 1996 43700.000 91126.000 0 0 0.000 0.000 0.000 0.129 0 1 0 0 0 0
 1997 45660.000 82686.000 0 0 0.000 0.000 0.000 0.120 0 1 0 0 0 0
 1998 50802.000 71201.000 0 0 0.000 0.000 0.000 0.120 0 1 0 0 0 0
 1999 87155.000 44139.000 0 0 0.000 0.000 0.000 0.123 0 1 0 0 0 0
 2000 100075.000 42715.000 0 0 0.000 0.000 0.000 0.125 0 1 0 0 0 0
 2001 124792.000 48327.000 0 0 0.000 0.000 0.000 0.123 0 1 0 0 0 0
 2002 152604.000 76762.000 0 0 0.000 0.000 0.000 0.127 0 1 0 0 0 0
 2003 148397.000 130703.000 0 0 0.000 0.000 0.000 0.123 0 1 0 0 0 0
 2004 142179.000 138585.000 0 0 0.000 0.000 0.000 0.133 0 1 0 0 0 0
 2005 136211.000 144137.000 0 0 0.000 0.000 0.000 0.120 0 1 0 0 0 0
 2006 111964.000 155913.000 0 0 0.000 0.000 0.000 0.126 0 1 0 0 0 0
 2007 98032.000 157064.000 0 0 0.000 0.000 0.000 0.139 0 1 0 0 0 0
 2008 88284.000 155847.000 0 0 0.000 0.000 0.000 0.133 0 1 0 0 0 0
 2009 63639.000 143875.000 0 0 0.000 0.000 0.000 0.123 0 1 0 0 0 0
 2010 51765.000 69091.000 0 0 0.000 0.000 0.000 0.126 0 1 0 0 0 0
 2011 61592.000 57428.000 0 0 0.000 0.000 0.000 0.141 0 1 0 0 0 0
 2012 118839.000 45656.000 0 0 0.000 0.000 0.000 0.125 0 1 0 0 0 0
 2013 135846.000 54853.000 0 0 0.000 0.000 0.000 0.133 0 1 0 0 0 0
 2014 155175.000 83734.000 0 0 0.000 0.000 0.000 0.132 0 1 0 0 0 0
 2015 152887.000 122447.000 0 0 0.000 0.000 0.000 0.133 0 1 0 0 0 0
 2016 137690.000 143336.000 0 0 0.000 0.000 0.000 0.126 0 1 0 0 0 0
 2017 128248.000 149943.000 0 0 0.000 0.000 0.000 0.129 0 1 0 0 0 0
 2018 107828.000 156685.000 0 0 0.000 0.000 0.000 0.131 0 1 0 0 0 0
 2019 56270.000 136781.000 0 0 0.000 0.000 0.000 0.133 0 1 0 0 0 0
 2020 47318.000 77138.000 0 0 0.000 0.000 0.000 0.138 0 1 0 0 0 0
 2021 56404.000 62649.000 0 0 0.000 0.000 0.000 0.132 0 1 0 0 0 0
 2022 81297.000 45615.000 0 0 0.000 0.000 0.000 0.121 0 1 0 0 0 0
 2023 116982.000 44767.000 0 0 0.000 0.000 0.000 0.127 0 1 0 0 0 0
 2024 157496.000 95634.000 0 0 0.000 0.000 0.000 0.121 0 1 0 0 0 0
 2025 157366.000 106479.000 0 0 0.000 0.000 0.000 0.136 0 1 0 0 0 0
 2026 115049.000 155485.000 0 0 0.000 0.000 0.000 0.124 0 1 0 0 0 0
 2027 65665.000 145897.000 0 0 0.000 0.000 0.000 0.136 0 1 0 0 0 0
 2028 42781.000 95536.000 0 0 0.000 0.000 0.000 0.132 0 1 0 0 0 0
 2029 47410.000 76802.000 0 0 0.000 0.000 0.000 0.124 0 1 0 0 0 0
 2030 108046.000 42715.000 0 0 0.000 0.000 0.000 0.125 0 1 0 0 0 0
 2031 108652.000 42830.000 0 0 0.000 0.000 0.000 0.121 0 1 0 0 0 0
 2032 125825.000 48147.000 0 0 0.000 0.000 0.000 0.140 0 1 0 0 0 0
 2033 146743.000 65874.000 0 0 0.000 0.000 0.000 0.120 0 1 0 0 0 0
 2034 150210.000 70971.000 0 0 0.000 0.000 0.000 0.124 0 1 0 0 0 0
 2035 156371.000 113425.000 0 0 0.000 0.000 0.000 0.127 0 1 0 0 0 0
 2036 155456.000 116617.000 0 0 0.000 0.000 0.000 0.127 0 1 0 0 0 0
 2037 151600.000 126240.000 0 0 0.000 0.000 0.000 0.125 0 1 0 0 0 0
 2038 84092.000 155303.000 0 0 0.000 0.000 0.000 0.143 0 1 0 0 0 0
 2039 82289.000 154737.000 0 0 0.000 0.000 0.000 0.131 0 1 0 0 0 0
 2040 72610.000 150659.000 0 0 0.000 0.000 0.000 0.128 0 1 0 0 0 0
 2041 62977.000 143961.000 0 0 0.000 0.000 0.000 0.121 0 1 0 0 0 0
 2042 58645.000 139889.000 0 0 0.000 0.000 0.000 0.138 0 1 0 0 0 0
 2043 54613.000 135299.000 0 0 0.000 0.000 0.000 0.122 0 1 0 0 0 0
 2044 43489.000 111198.000 0 0 0.000 0.000 0.000 0.132 0 1 0 0 0 0
 2045 42660.000 105571.000 0 0 0.000 0.000 0.000 0.129 0 1 0 0 0 0
 2046 42418.000 98607.000 0 0 0.000 0.000 0.000 0.130 0 1 0 0 0 0
 2047 43218.000 89789.000 0 0 0.000 0.000 0.000 0.123 0 1 0 0 0 0
 2048 55607.000 62994.000 0 0 0.000 0.000 0.000 0.122 0 1 0 0 0 0
 2049 61432.000 57034.000 0 0 0.000 0.000 0.000 0.123 0 1 0 0 0 0
 2050 89344.000 43100.000 0 0 0.000 0.000 0.000 0.122 0 1 0 0 0 0
 2051 94837.000 42279.000 0 0 0.000 0.000 0.000 0.120 0 1 0 0 0 0
 2052 130673.000 50838.000 0 0 0.000 0.000 0.000 0.125 0 1 0 0 0 0
 2053 150686.000 71424.000 0 0 0.000 0.000 0.000 0.130 0 1 0 0 0 0
 2054 95597.000 157605.000 0 0 0.000 0.000 0.000 0.136 0 1 0 0 0 0
 2055 94819.000 157593.000 0 0 0.000 0.000 0.000 0.123 0 1 0 0 0 0
 2056 87239.000 156217.000 0 0 0.000 0.000 0.000 0.132 0 1 0 0 0 0
 2057 74935.000 151908.000 0 0 0.000 0.000 0.000 0.139 0 1 0 0 0 0
 2058 49970.000 128826.000 0 0 54.000 46.000 2484.000 49.839 0 1 5 200 0 0
 2059 47929.000 124746.000 0 0 0.000 0.000 0.000 0.125 0 1 0 0 0 0
 2060 42462.000 104414.000 0 0 0.000 0.000 0.000 0.127 0 1 0 0 0 0
 2061 42140.000 100115.000 0 0 0.000 0.000 0.000 0.130 0 1 0 0 0 0
 2062 42242.000 97041.000 0 0 0.000 0.000 0.000 0.126 0 1 0 0 0 0
 2063 59913.000 58142.000 0 0 0.000 0.000 0.000 0.127 0 1 0 0 0 0
 2064 92272.000 42436.000 0 0 0.000 0.000 0.000 0.134 0 1 0 0 0 0
 2065 97990.000 41905.000 0 0 0.000 0.000 0.000 0.132 0 1 0 0 0 0
 2066 118665.000 44749.000 0 0 0.000 0.000 0.000 0.127 0 1 0 0 0 0
 2067 151849.000 73533.000 0 0 0.000 0.000 0.000 0.131 0 1 0 0 0 0
 2068 149584.000 130379.000 0 0 0.000 0.000 0.000 0.125 0 1 0 0 0 0
 2069 116538.000 155488.000 0 0 0.000 0.000 0.000 0.137 0 1 0 0 0 0
 2070 100587.000 157840.000 0 0 0.000 0.000 0.000 0.144 0 1 0 0 0 0
 2071 83398.000 155546.000 0 0 0.000 0.000 0.000 0.124 0 1 0 0 0 0
 2072 76166.000 152699.000 0 0 0.000 0.000 0.000 0.128 0 1 0 0 0 0
 2073 55619.000 136973.000 0 0 0.000 0.000 0.000 0.121 0 1 0 0 0 0
 2074 50160.000 129315.000 0 0 56.000 46.000 2576.000 50.754 0 1 5 200 0 0
 2075 45647.000 119896.000 0 0 0.000 0.000 0.000 0.124 0 1 0 0 0 0
 2076 42405.000 105421.000 0 0 0.000 0.000 0.000 0.121 0 1 0 0 0 0
 2077 89956.000 42500.000 0 0 0.000 0.000 0.000 0.125 0 1 0 0 0 0
 2078 99476.000 41661.000 0 0 0.000 0.000 0.000 0.137 0 1 0 0 0 0
 2079 108537.000 42321.000 0 0 0.000 0.000 0.000 0.121 0 1 0 0 0 0
 2080 122331.000 46058.000 0 0 0.000 0.000 0.000 0.132 0 1 0 0 0 0
 2081 125075.000 47172.000 0 0 0.000 0.000 0.000 0.125 0 1 0 0 0 0
 2082 127125.000 48222.000 0 0 0.000 0.000 0.000 0.136 0 1 0 0 0 0
 2083 129242.000 49494.000 0 0 0.000 0.000 0.000 0.122 0 1 0 0 0 0
 2084 153194.000 123787.000 0 0 0.000 0.000 0.000 0.136 0 1 0 0 0 0
 2085 147681.000 133570.000 0 0 0.000 0.000 0.000 0.136 0 1 0 0 0 0
 2086 143219.000 139164.000 0 0 0.000 0.000 0.000 0.135 0 1 0 0 0 0
 2087 142001.000 140322.000 0 0 0.000 0.000 0.000 0.126 0 1 0 0 0 0
 2088 68939.000 149098.000 0 0 0.000 0.000 0.000 0.135 0 1 0 0 0 0
 2089 62209.000 144096.000 0 0 0.000 0.000 0.000 0.123 0 1 0 0 0 0
 2090 44822.000 118201.000 0 0 0.000 0.000 0.000 0.137 0 1 0 0 0 0
 2091 43539.000 113707.000 0 0 0.000 0.000 0.000 0.125 0 1 0 0 0 0
 2092 42188.000 105956.000 0 0 0.000 0.000 0.000 0.130 0 1 0 0 0 0
 2093 43488.000 86172.000 0 0 0.000 0.000 0.000 0.133 0 1 0 0 0 0
 2094 54067.000 64184.000 0 0 0.000 0.000 0.000 0.122 0 1 0 0 0 0
 2095 114531.000 43231.000 0 0 0.000 0.000 0.000 0.134 0 1 0 0 0 0
 2096 130403.000 49954.000 0 0 0.000 0.000 0.000 0.130 0 1 0 0 0 0
 2097 131799.000 50859.000 0 0 0.000 0.000 0.000 0.142 0 1 0 0 0 0
 2098 136181.000 53926.000 0 0 0.000 0.000 0.000 0.129 0 1 0 0 0 0
 2099 139708.000 56920.000 0 0 0.000 0.000 0.000 0.125 0 1 0 0 0 0
 2100 156809.000 85412.000 0 0 0.000 0.000 0.000 0.121 0 1 0 0 0 0
 2101 89292.000 157310.000 0 0 0.000 0.000 0.000 0.127 0 1 0 0 0 0
 2102 44681.000 117962.000 0 0 0.000 0.000 0.000 0.139 0 1 0 0 0 0
 2103 41760.000 101442.000 0 0 0.000 0.000 0.000 0.123 0 1 0 0 0 0
 2104 45470.000 79283.000 0 0 0.000 0.000 0.000 0.125 0 1 0 0 0 0
 2105 58115.000 59053.000 0 0 0.000 0.000 0.000 0.126 0 1 0 0 0 0
 2106 96862.000 41354.000 0 0 0.000 0.000 0.000 0.126 0 1 0 0 0 0
 2107 154824.000 78996.000 0 0 0.000 0.000 0.000 0.139 0 1 0 0 0 0
 2108 158659.000 98186.000 0 0 0.000 0.000 0.000 0.127 0 1 0 0 0 0
 2109 103309.000 158284.000 0 0 0.000 0.000 0.000 0.130 0 1 0 0 0 0
 2110 86366.000 156827.000 0 0 0.000 0.000 0.000 0.130 0 1 0 0 0 0
 2111 67797.000 148732.000 0 0 0.000 0.000 0.000 0.144 0 1 0 0 0 0
 2112 66684.000 147874.000 0 0 0.000 0.000 0.000 0.137 0 1 0 0 0 0
 2113 49817.000 129954.000 0 0 56.000 46.000 2576.000 50.754 0 1 5 200 0 0
 2114 43345.000 114392.000 0 0 0.000 0.000 0.000 0.132 0 1 0 0 0 0
 2115 42441.000 109761.000 0 0 0.000 0.000 0.000 0.121 0 1 0 0 0 0
 2116 43753.000 83751.000 0 0 0.000 0.000 0.000 0.127 0 1 0 0 0 0
 2117 49287.000 70573.000 0 0 0.000 0.000 0.000 0.140 0 1 0 0 0 0
 2118 74662.000 47032.000 0 0 0.000 0.000 0.000 0.125 0 1 0 0 0 0
 2119 77533.000 45707.000 0 0 0.000 0.000 0.000 0.144 0 1 0 0 0 0
 2120 92644.000 41595.000 0 0 0.000 0.000 0.000 0.122 0 1 0 0 0 0
 2121 98970.000 41156.000 0 0 0.000 0.000 0.000 0.127 0 1 0 0 0 0
 2122 109010.000 41895.000 0 0 0.000 0.000 0.000 0.123 0 1 0 0 0 0
 2123 112702.000 42516.000 0 0 0.000 0.000 0.000 0.123 0 1 0 0 0 0
 2124 114135.000 42754.000 0 0 0.000 0.000 0.000 0.131 0 1 0 0 0 0
 2125 141986.000 58714.000 0 0 0.000 0.000 0.000 0.124 0 1 0 0 0 0
 2126 142109.000 58767.000 0 0 0.000 0.000 0.000 0.137 0 1 0 0 0 0
 2127 147507.000 65167.000 0 0 0.000 0.000 0.000 0.120 0 1 0 0 0 0
 2128 152573.000 126461.000 0 0 0.000 0.000 0.000 0.124 0 1 0 0 0 0
 2129 148208.000 133582.000 0 0 0.000 0.000 0.000 0.131 0 1 0 0 0 0
 2130 134695.000 147428.000 0 0 0.000 0.000 0.000 0.120 0 1 0 0 0 0
 2131 104409.000 158501.000 0 0 0.000 0.000 0.000 0.121 0 1 0 0 0 0
 2132 87210.000 157070.000 0 0 0.000 0.000 0.000 0.138 0 1 0 0 0 0
 2133 79131.000 154804.000 0 0 0.000 0.000 0.000 0.128 0 1 0 0 0 0
 2134 64310.000 146520.000 0 0 0.000 0.000 0.000 0.132 0 1 0 0 0 0
 2135 53658.000 135889.000 0 0 0.000 0.000 0.000 0.137 0 1 0 0 0 0
 2136 49417.000 129487.000 0 0 56.000 46.000 2576.000 50.754 0 1 5 200 0 0
 2137 43209.000 85334.000 0 0 0.000 0.000 0.000 0.146 0 1 0 0 0 0
 2138 57599.000 59364.000 0 0 0.000 0.000 0.000 0.137 0 1 0 0 0 0
 2139 72169.000 48114.000 0 0 0.000 0.000 0.000 0.127 0 1 0 0 0 0
 2140 90572.000 41841.000 0 0 0.000 0.000 0.000 0.141 0 1 0 0 0 0
 2141 126763.000 47348.000 0 0 0.000 0.000 0.000 0.125 0 1 0 0 0 0
 2142 157587.000 112906.000 0 0 0.000 0.000 0.000 0.130 0 1 0 0 0 0
 2143 142294.000 141059.000 0 0 0.000 0.000 0.000 0.120 0 1 0 0 0 0
 2144 89384.000 157765.000 0 0 0.000 0.000 0.000 0.121 0 1 0 0 0 0
 2145 77718.000 154358.000 0 0 0.000 0.000 0.000 0.140 0 1 0 0 0 0
 2146 69267.000 149995.000 0 0 0.000 0.000 0.000 0.123 0 1 0 0 0 0
 2147 61110.000 144069.000 0 0 0.000 0.000 0.000 0.137 0 1 0 0 0 0
 2148 41149.000 100598.000 0 0 0.000 0.000 0.000 0.122 0 1 0 0 0 0
 2149 55314.000 61406.000 0 0 0.000 0.000 0.000 0.133 0 1 0 0 0 0
 2150 67536.000 50578.000 0 0 0.000 0.000 0.000 0.126 0 1 0 0 0 0
 2151 83108.000 43323.000 0 0 0.000 0.000 0.000 0.125 0 1 0 0 0 0
 2152 136843.000 53650.000 0 0 0.000 0.000 0.000 0.132 0 1 0 0 0 0
 2153 154864.000 77428.000 0 0 0.000 0.000 0.000 0.122 0 1 0 0 0 0
 2154 156876.000 116280.000 0 0 0.000 0.000 0.000 0.135 0 1 0 0 0 0
 2155 144073.000 139464.000 0 0 0.000 0.000 0.000 0.121 0 1 0 0 0 0
 2156 140346.000 143078.000 0 0 0.000 0.000 0.000 0.131 0 1 0 0 0 0
 2157 75398.000 153521.000 0 0 0.000 0.000 0.000 0.124 0 1 0 0 0 0
 2158 59418.000 142655.000 0 0 0.000 0.000 0.000 0.135 0 1 0 0 0 0
 2159 54238.000 137141.000 0 0 0.000 0.000 0.000 0.129 0 1 0 0 0 0
 2160 44012.000 118622.000 0 0 0.000 0.000 0.000 0.132 0 1 0 0 0 0
 2161 41853.000 109463.000 0 0 0.000 0.000 0.000 0.142 0 1 0 0 0 0
 2162 41337.000 105467.000 0 0 0.000 0.000 0.000 0.124 0 1 0 0 0 0
 2163 41142.000 103955.000 0 0 0.000 0.000 0.000 0.137 0 1 0 0 0 0
 2164 56086.000 60297.000 0 0 0.000 0.000 0.000 0.126 0 1 0 0 0 0
 2165 99343.000 40650.000 0 0 0.000 0.000 0.000 0.140 0 1 0 0 0 0
 2166 128937.000 48081.000 0 0 0.000 0.000 0.000 0.121 0 1 0 0 0 0
 2167 135934.000 52736.000 0 0 0.000 0.000 0.000 0.133 0 1 0 0 0 0
 2168 145372.000 61481.000 0 0 0.000 0.000 0.000 0.122 0 1 0 0 0 0
 2169 155846.000 79905.000 0 0 0.000 0.000 0.000 0.139 0 1 0 0 0 0
 2170 158985.000 106634.000 0 0 0.000 0.000 0.000 0.125 0 1 0 0 0 0
 2171 158858.000 108370.000 0 0 0.000 0.000 0.000 0.126 0 1 0 0 0 0
 2172 152152.000 128503.000 0 0 0.000 0.000 0.000 0.127 0 1 0 0 0 0
 2173 136569.000 146506.000 0 0 0.000 0.000 0.000 0.137 0 1 0 0 0 0
 2174 132104.000 149835.000 0 0 0.000 0.000 0.000 0.122 0 1 0 0 0 0
 2175 129883.000 151102.000 0 0 0.000 0.000 0.000 0.125 0 1 0 0 0 0
 2176 58470.000 141929.000 0 0 0.000 0.000 0.000 0.125 0 1 0 0 0 0
 2177 44731.000 120979.000 0 0 0.000 0.000 0.000 0.140 0 1 0 0 0 0
 2178 51465.000 65929.000 0 0 0.000 0.000 0.000 0.123 0 1 0 0 0 0
 2179 68163.000 49909.000 0 0 0.000 0.000 0.000 0.142 0 1 0 0 0 0
 2180 85452.000 42339.000 0 0 0.000 0.000 0.000 0.122 0 1 0 0 0 0
 2181 96812.000 40567.000 0 0 0.000 0.000 0.000 0.121 0 1 0 0 0 0
 2182 115105.000 42301.000 0 0 0.000 0.000 0.000 0.130 0 1 0 0 0 0
 2183 120532.000 44111.000 0 0 0.000 0.000 0.000 0.123 0 1 0 0 0 0
 2184 129507.000 48364.000 0 0 0.000 0.000 0.000 0.143 0 1 0 0 0 0
 2185 142762.000 58462.000 0 0 0.000 0.000 0.000 0.126 0 1 0 0 0 0
 2186 158703.000 89741.000 0 0 0.000 0.000 0.000 0.131 0 1 0 0 0 0
 2187 150758.000 131202.000 0 0 0.000 0.000 0.000 0.129 0 1 0 0 0 0
 2188 146221.000 137436.000 0 0 0.000 0.000 0.000 0.131 0 1 0 0 0 0
 2189 136754.000 146803.000 0 0 0.000 0.000 0.000 0.126 0 1 0 0 0 0
 2190 119593.000 156038.000 0 0 0.000 0.000 0.000 0.136 0 1 0 0 0 0
 2191 115651.000 157309.000 0 0 0.000 0.000 0.000 0.128 0 1 0 0 0 0
 2192 115428.000 157303.000 0 0 0.000 0.000 0.000 0.126 0 1 0 0 0 0
 2193 96617.000 159115.000 0 0 0.000 0.000 0.000 0.143 0 1 0 0 0 0
 2194 44255.000 119868.000 0 0 0.000 0.000 0.000 0.147 0 1 0 0 0 0
 2195 40967.000 94769.000 0 0 0.000 0.000 0.000 0.121 0 1 0 0 0 0
 2196 83407.000 42654.000 0 0 0.000 0.000 0.000 0.133 0 1 0 0 0 0
 2197 95324.000 40454.000 0 0 0.000 0.000 0.000 0.131 0 1 0 0 0 0
 2198 98181.000 40394.000 0 0 0.000 0.000 0.000 0.120 0 1 0 0 0 0
 2199 133092.000 50202.000 0 0 0.000 0.000 0.000 0.125 0 1 0 0 0 0
 2200 141652.000 142559.000 0 0 0.000 0.000 0.000 0.134 0 1 0 0 0 0
 2201 134253.000 148821.000 0 0 0.000 0.000 0.000 0.126 0 1 0 0 0 0
 2202 133672.000 149117.000 0 0 0.000 0.000 0.000 0.123 0 1 0 0 0 0
 2203 127344.000 152880.000 0 0 0.000 0.000 0.000 0.131 0 1 0 0 0 0
 2204 104918.000 159261.000 0 0 0.000 0.000 0.000 0.122 0 1 0 0 0 0
 2205 100902.000 159500.000 0 0 0.000 0.000 0.000 0.123 0 1 0 0 0 0
 2206 71223.000 151985.000 0 0 0.000 0.000 0.000 0.125 0 1 0 0 0 0
 2207 54496.000 138240.000 0 0 0.000 0.000 0.000 0.130 0 1 0 0 0 0
 2208 48716.000 129827.000 0 0 56.000 46.000 2576.000 50.754 0 1 5 200 0 0
 2209 158954.000 111006.000 0 0 0.000 0.000 0.000 0.136 0 1 0 0 0 0
 2210 156870.000 118757.000 0 0 0.000 0.000 0.000 0.136 0 1 0 0 0 0
 2211 155354.000 122643.000 0 0 0.000 0.000 0.000 0.122 0 1 0 0 0 0
 2212 148699.000 134831.000 0 0 0.000 0.000 0.000 0.131 0 1 0 0 0 0
 2213 143488.000 140988.000 0 0 0.000 0.000 0.000 0.124 0 1 0 0 0 0
 2214 141647.000 142838.000 0 0 0.000 0.000 0.000 0.141 0 1 0 0 0 0
 2215 117415.000 157040.000 0 0 0.000 0.000 0.000 0.138 0 1 0 0 0 0
 2216 62546.000 146254.000 0 0 0.000 0.000 0.000 0.121 0 1 0 0 0 0
 2217 54221.000 138081.000 0 0 0.000 0.000 0.000 0.131 0 1 0 0 0 0
 2218 52779.000 136189.000 0 0 0.000 0.000 0.000 0.135 0 1 0 0 0 0
 2219 46116.000 125281.000 0 0 0.000 0.000 0.000 0.137 0 1 0 0 0 0
 2220 40596.000 94855.000 0 0 0.000 0.000 0.000 0.133 0 1 0 0 0 0
 2221 114825.000 41816.000 0 0 0.000 0.000 0.000 0.137 0 1 0 0 0 0
 2222 132761.000 49622.000 0 0 0.000 0.000 0.000 0.121 0 1 0 0 0 0
 2223 151653.000 69299.000 0 0 0.000 0.000 0.000 0.136 0 1 0 0 0 0
 2224 159850.000 93518.000 0 0 0.000 0.000 0.000 0.127 0 1 0 0 0 0
 2225 157533.000 117083.000 0 0 0.000 0.000 0.000 0.126 0 1 0 0 0 0
 2226 139897.000 144700.000 0 0 0.000 0.000 0.000 0.144 0 1 0 0 0 0
 2227 123719.000 154917.000 0 0 0.000 0.000 0.000 0.126 0 1 0 0 0 0
 2228 68726.000 150823.000 0 0 0.000 0.000 0.000 0.126 0 1 0 0 0 0
 2229 47813.000 70614.000 0 0 0.000 0.000 0.000 0.121 0 1 0 0 0 0
 2230 88172.000 41046.000 0 0 0.000 0.000 0.000 0.124 0 1 0 0 0 0
 2231 160244.000 101721.000 0 0 0.000 0.000 0.000 0.130 0 1 0 0 0 0
 2232 155454.000 123596.000 0 0 0.000 0.000 0.000 0.134 0 1 0 0 0 0
 2233 147602.000 136845.000 0 0 0.000 0.000 0.000 0.125 0 1 0 0 0 0
 2234 135249.000 148582.000 0 0 0.000 0.000 0.000 0.131 0 1 0 0 0 0
 2235 92469.000 159424.000 0 0 0.000 0.000 0.000 0.132 0 1 0 0 0 0
 2236 91735.000 159265.000 0 0 0.000 0.000 0.000 0.120 0 1 0 0 0 0
 2237 89877.000 159036.000 0 0 0.000 0.000 0.000 0.129 0 1 0 0 0 0
 2238 66272.000 149478.000 0 0 0.000 0.000 0.000 0.147 0 1 0 0 0 0
 2239 64045.000 147867.000 0 0 0.000 0.000 0.000 0.132 0 1 0 0 0 0
 2240 47574.000 129213.000 0 0 0.000 0.000 0.000 0.127 0 1 0 0 0 0
 2241 55098.000 59875.000 0 0 0.000 0.000 0.000 0.123 0 1 0 0 0 0
 2242 71283.000 47015.000 0 0 0.000 0.000 0.000 0.138 0 1 0 0 0 0
 2243 87829.000 40871.000 0 0 0.000 0.000 0.000 0.129 0 1 0 0 0 0
 2244 117549.000 42149.000 0 0 0.000 0.000 0.000 0.122 0 1 0 0 0 0
 2245 129025.000 47056.000 0 0 0.000 0.000 0.000 0.121 0 1 0 0 0 0
 2246 148189.000 63412.000 0 0 0.000 0.000 0.000 0.136 0 1 0 0 0 0
 2247 152681.000 70151.000 0 0 0.000 0.000 0.000 0.135 0 1 0 0 0 0
 2248 155354.000 75907.000 0 0 0.000 0.000 0.000 0.121 0 1 0 0 0 0
 2249 159999.000 106733.000 0 0 0.000 0.000 0.000 0.141 0 1 0 0 0 0
 2250 159706.000 109287.000 0 0 0.000 0.000 0.000 0.121 0 1 0 0 0 0
 2251 152094.000 130493.000 0 0 0.000 0.000 0.000 0.124 0 1 0 0 0 0
 2252 57045.000 141995.000 0 0 0.000 0.000 0.000 0.120 0 1 0 0 0 0
 2253 46444.000 127449.000 0 0 0.000 0.000 0.000 0.129 0 1 0 0 0 0
 2254 41766.000 114972.000 0 0 0.000 0.000 0.000 0.133 0 1 0 0 0 0
 2255 40596.000 109286.000 0 0 0.000 0.000 0.000 0.128 0 1 0 0 0 0
 2256 58469.000 56155.000 0 0 0.000 0.000 0.000 0.122 0 1 0 0 0 0
 2257 73879.000 45553.000 0 0 0.000 0.000 0.000 0.133 0 1 0 0 0 0
 2258 79559.000 43132.000 0 0 0.000 0.000 0.000 0.125 0 1 0 0 0 0
 2259 134301.000 50091.000 0 0 0.000 0.000 0.000 0.120 0 1 0 0 0 0
 2260 152901.000 70327.000 0 0 0.000 0.000 0.000 0.123 0 1 0 0 0 0
 2261 153024.000 70418.000 0 0 0.000 0.000 0.000 0.125 0 1 0 0 0 0
 2262 158896.000 85213.000 0 0 0.000 0.000 0.000 0.131 0 1 0 0 0 0
 2263 159010.000 85905.000 0 0 0.000 0.000 0.000 0.128 0 1 0 0 0 0
 2264 157679.000 118486.000 0 0 0.000 0.000 0.000 0.128 0 1 0 0 0 0
 2265 145981.000 139224.000 0 0 0.000 0.000 0.000 0.125 0 1 0 0 0 0
 2266 134783.000 149484.000 0 0 0.000 0.000 0.000 0.126 0 1 0 0 0 0
 2267 134614.000 149580.000 0 0 0.000 0.000 0.000 0.139 0 1 0 0 0 0
 2268 131766.000 151341.000 0 0 0.000 0.000 0.000 0.126 0 1 0 0 0 0
 2269 128165.000 153422.000 0 0 0.000 0.000 0.000 0.125 0 1 0 0 0 0
 2270 117731.000 157676.000 0 0 0.000 0.000 0.000 0.134 0 1 0 0 0 0
 2271 105585.000 39436.000 0 0 0.000 0.000 0.000 0.127 0 1 0 0 0 0
 2272 113408.000 40671.000 0 0 0.000 0.000 0.000 0.125 0 1 0 0 0 0
 2273 115084.000 41157.000 0 0 0.000 0.000 0.000 0.123 0 1 0 0 0 0
 2274 130850.000 47523.000 0 0 0.000 0.000 0.000 0.131 0 1 0 0 0 0
 2275 160724.000 96482.000 0 0 0.000 0.000 0.000 0.131 0 1 0 0 0 0
 2276 146515.000 139024.000 0 0 0.000 0.000 0.000 0.125 0 1 0 0 0 0
 2277 140791.000 144768.000 0 0 0.000 0.000 0.000 0.129 0 1 0 0 0 0
 2278 111761.000 159436.000 0 0 0.000 0.000 0.000 0.130 0 1 0 0 0 0
 2279 98348.000 160422.000 0 0 0.000 0.000 0.000 0.125 0 1 0 0 0 0
 2280 76573.000 155757.000 0 0 0.000 0.000 0.000 0.134 0 1 0 0 0 0
 2281 66031.000 150027.000 0 0 0.000 0.000 0.000 0.121 0 1 0 0 0 0
 2282 54447.000 139737.000 0 0 0.000 0.000 0.000 0.124 0 1 0 0 0 0
 2283 39651.000 96520.000 0 0 0.000 0.000 0.000 0.132 0 1 0 0 0 0
 2284 39780.000 94554.000 0 0 0.000 0.000 0.000 0.137 0 1 0 0 0 0
 2285 70397.000 46871.000 0 0 0.000 0.000 0.000 0.123 0 1 0 0 0 0
 2286 83342.000 41418.000 0 0 0.000 0.000 0.000 0.124 0 1 0 0 0 0
 2287 98471.000 39121.000 0 0 0.000 0.000 0.000 0.129 0 1 0 0 0 0
 2288 104737.000 39213.000 0 0 0.000 0.000 0.000 0.131 0 1 0 0 0 0
 2289 105304.000 39308.000 0 0 0.000 0.000 0.000 0.132 0 1 0 0 0 0
 2290 155709.000 124616.000 0 0 0.000 0.000 0.000 0.130 0 1 0 0 0 0
 2291 119223.000 157642.000 0 0 0.000 0.000 0.000 0.123 0 1 0 0 0 0
 2292 93608.000 160273.000 0 0 0.000 0.000 0.000 0.129 0 1 0 0 0 0
 2293 88943.000 159572.000 0 0 0.000 0.000 0.000 0.129 0 1 0 0 0 0
 2294 52448.000 137628.000 0 0 0.000 0.000 0.000 0.124 0 1 0 0 0 0
 2295 43598.000 77166.000 0 0 0.000 0.000 0.000 0.131 0 1 0 0 0 0
 2296 49414.000 66363.000 0 0 0.000 0.000 0.000 0.125 0 1 0 0 0 0
 2297 119307.000 42091.000 0 0 0.000 0.000 0.000 0.137 0 1 0 0 0 0
 2298 158376.000 117651.000 0 0 0.000 0.000 0.000 0.133 0 1 0 0 0 0
 2299 132475.000 151413.000 0 0 0.000 0.000 0.000 0.144 0 1 0 0 0 0
 2300 119519.000 157615.000 0 0 0.000 0.000 0.000 0.123 0 1 0 0 0 0
 2301 116932.000 158455.000 0 0 0.000 0.000 0.000 0.137 0 1 0 0 0 0
 2302 71540.000 153641.000 0 0 0.000 0.000 0.000 0.133 0 1 0 0 0 0
 2303 40135.000 110377.000 0 0 0.000 0.000 0.000 0.137 0 1 0 0 0 0
 2304 42796.000 79025.000 0 0 0.000 0.000 0.000 0.132 0 1 0 0 0 0
 2305 48752.000 66810.000 0 0 0.000 0.000 0.000 0.134 0 1 0 0 0 0
 2306 67453.000 48334.000 0 0 0.000 0.000 0.000 0.130 0 1 0 0 0 0
 2307 84134.000 40975.000 0 0 0.000 0.000 0.000 0.121 0 1 0 0 0 0
 2308 98502.000 38867.000 0 0 0.000 0.000 0.000 0.132 0 1 0 0 0 0
 2309 115175.000 40764.000 0 0 0.000 0.000 0.000 0.126 0 1 0 0 0 0
 2310 121218.000 42446.000 0 0 0.000 0.000 0.000 0.125 0 1 0 0 0 0
 2311 150545.000 65201.000 0 0 0.000 0.000 0.000 0.129 0 1 0 0 0 0
 2312 159893.000 113073.000 0 0 0.000 0.000 0.000 0.143 0 1 0 0 0 0
 2313 157196.000 121688.000 0 0 0.000 0.000 0.000 0.122 0 1 0 0 0 0
 2314 148297.000 137496.000 0 0 0.000 0.000 0.000 0.121 0 1 0 0 0 0
 2315 144103.000 142308.000 0 0 0.000 0.000 0.000 0.126 0 1 0 0 0 0
 2316 126843.000 154787.000 0 0 0.000 0.000 0.000 0.125 0 1 0 0 0 0
 2317 122718.000 156765.000 0 0 0.000 0.000 0.000 0.131 0 1 0 0 0 0
 2318 40536.000 113832.000 0 0 0.000 0.000 0.000 0.132 0 1 0 0 0 0
 2319 39088.000 99922.000 0 0 0.000 0.000 0.000 0.149 0 1 0 0 0 0
 2320 142931.000 55977.000 0 0 0.000 0.000 0.000 0.139 0 1 0 0 0 0
 2321 152032.000 67055.000 0 0 0.000 0.000 0.000 0.129 0 1 0 0 0 0
 2322 156830.000 123114.000 0 0 0.000 0.000 0.000 0.133 0 1 0 0 0 0
 2323 133827.000 151119.000 0 0 0.000 0.000 0.000 0.136 0 1 0 0 0 0
 2324 131098.000 152770.000 0 0 0.000 0.000 0.000 0.139 0 1 0 0 0 0
 2325 122976.000 156692.000 0 0 0.000 0.000 0.000 0.136 0 1 0 0 0 0
 2326 116570.000 158976.000 0 0 0.000 0.000 0.000 0.122 0 1 0 0 0 0
 2327 94878.000 160876.000 0 0 0.000 0.000 0.000 0.128 0 1 0 0 0 0
 2328 92877.000 160690.000 0 0 0.000 0.000 0.000 0.122 0 1 0 0 0 0
 2329 86216.000 159629.000 0 0 0.000 0.000 0.000 0.133 0 1 0 0 0 0
 2330 71246.000 153926.000 0 0 0.000 0.000 0.000 0.129 0 1 0 0 0 0
 2331 65825.000 150585.000 0 0 0.000 0.000 0.000 0.133 0 1 0 0 0 0
 2332 42592.000 121086.000 0 0 0.000 0.000 0.000 0.134 0 1 0 0 0 0
 2333 134651.000 49002.000 0 0 0.000 0.000 0.000 0.123 0 1 0 0 0 0
 2334 143849.000 56572.000 0 0 0.000 0.000 0.000 0.123 0 1 0 0 0 0
 2335 148376.000 61649.000 0 0 0.000 0.000 0.000 0.137 0 1 0 0 0 0
 2336 146677.000 139994.000 0 0 0.000 0.000 0.000 0.122 0 1 0 0 0 0
 2337 105289.000 161075.000 0 0 0.000 0.000 0.000 0.133 0 1 0 0 0 0
 2338 69797.000 153364.000 0 0 0.000 0.000 0.000 0.123 0 1 0 0 0 0
 2339 48692.000 133520.000 0 0 0.000 0.000 0.000 0.132 0 1 0 0 0 0
 2340 43865.000 75178.000 0 0 0.000 0.000 0.000 0.121 0 1 0 0 0 0
 2341 55055.000 58029.000 0 0 0.000 0.000 0.000 0.120 0 1 0 0 0 0
 2342 75887.000 43277.000 0 0 0.000 0.000 0.000 0.135 0 1 0 0 0 0
 2343 76369.000 43077.000 0 0 0.000 0.000 0.000 0.135 0 1 0 0 0 0
 2344 93869.000 38595.000 0 0 0.000 0.000 0.000 0.131 0 1 0 0 0 0
 2345 111941.000 39356.000 0 0 0.000 0.000 0.000 0.143 0 1 0 0 0 0
 2346 148050.000 61131.000 0 0 0.000 0.000 0.000 0.127 0 1 0 0 0 0
 2347 138572.000 148026.000 0 0 0.000 0.000 0.000 0.133 0 1 0 0 0 0
 2348 43948.000 125424.000 0 0 0.000 0.000 0.000 0.129 0 1 0 0 0 0
 2349 41096.000 117303.000 0 0 0.000 0.000 0.000 0.121 0 1 0 0 0 0
 2350 151244.000 65084.000 0 0 0.000 0.000 0.000 0.128 0 1 0 0 0 0
 2351 155641.000 126917.000 0 0 0.000 0.000 0.000 0.121 0 1 0 0 0 0
 2352 137944.000 148751.000 0 0 0.000 0.000 0.000 0.128 0 1 0 0 0 0
 2353 125180.000 156301.000 0 0 0.000 0.000 0.000 0.134 0 1 0 0 0 0
 2354 108698.000 161129.000 0 0 0.000 0.000 0.000 0.135 0 1 0 0 0 0
 2355 49869.000 135646.000 0 0 0.000 0.000 0.000 0.139 0 1 0 0 0 0
 2356 41141.000 118493.000 0 0 0.000 0.000 0.000 0.124 0 1 0 0 0 0
 2357 39682.000 112757.000 0 0 0.000 0.000 0.000 0.136 0 1 0 0 0 0
 2358 51044.000 62240.000 0 0 0.000 0.000 0.000 0.126 0 1 0 0 0 0
 2359 130691.000 46018.000 0 0 0.000 0.000 0.000 0.124 0 1 0 0 0 0
 2360 161488.000 90807.000 0 0 0.000 0.000 0.000 0.135 0 1 0 0 0 0
 2361 155799.000 127224.000 0 0 0.000 0.000 0.000 0.125 0 1 0 0 0 0
 2362 108160.000 161298.000 0 0 0.000 0.000 0.000 0.125 0 1 0 0 0 0
 2363 106718.000 161496.000 0 0 0.000 0.000 0.000 0.133 0 1 0 0 0 0
 2364 76602.000 157264.000 0 0 0.000 0.000 0.000 0.138 0 1 0 0 0 0
 2365 54398.000 141620.000 0 0 0.000 0.000 0.000 0.122 0 1 0 0 0 0
 2366 46634.000 131095.000 0 0 0.000 0.000 0.000 0.122 0 1 0 0 0 0
 2367 39493.000 86490.000 0 0 0.000 0.000 0.000 0.130 0 1 0 0 0 0
 2368 41578.000 79435.000 0 0 0.000 0.000 0.000 0.121 0 1 0 0 0 0
 2369 49439.000 64036.000 0 0 0.000 0.000 0.000 0.131 0 1 0 0 0 0
 2370 78594.000 41567.000 0 0 0.000 0.000 0.000 0.121 0 1 0 0 0 0
 2371 81725.000 40606.000 0 0 0.000 0.000 0.000 0.136 0 1 0 0 0 0
 2372 145788.000 57715.000 0 0 0.000 0.000 0.000 0.125 0 1 0 0 0 0
 2373 152817.000 66756.000 0 0 0.000 0.000 0.000 0.133 0 1 0 0 0 0
 2374 161728.000 91523.000 0 0 0.000 0.000 0.000 0.127 0 1 0 0 0 0
 2375 161823.000 92765.000 0 0 0.000 0.000 0.000 0.122 0 1 0 0 0 0
 2376 137506.000 149624.000 0 0 0.000 0.000 0.000 0.133 0 1 0 0 0 0
 2377 110872.000 161025.000 0 0 0.000 0.000 0.000 0.131 0 1 0 0 0 0
 2378 50734.000 62032.000 0 0 0.000 0.000 0.000 0.128 0 1 0 0 0 0
 2379 63862.000 49231.000 0 0 0.000 0.000 0.000 0.137 0 1 0 0 0 0
 2380 74267.000 43168.000 0 0 0.000 0.000 0.000 0.127 0 1 0 0 0 0
 2381 136375.000 150554.000 0 0 0.000 0.000 0.000 0.134 0 1 0 0 0 0
 2382 121360.000 158395.000 0 0 0.000 0.000 0.000 0.126 0 1 0 0 0 0
 2383 76367.000 157483.000 0 0 0.000 0.000 0.000 0.125 0 1 0 0 0 0
 2384 70182.000 154575.000 0 0 0.000 0.000 0.000 0.133 0 1 0 0 0 0
 2385 57186.000 144974.000 0 0 0.000 0.000 0.000 0.136 0 1 0 0 0 0
 2386 47106.000 132667.000 0 0 0.000 0.000 0.000 0.124 0 1 0 0 0 0
 2387 87145.000 38743.000 0 0 0.000 0.000 0.000 0.130 0 1 0 0 0 0
 2388 114023.000 38926.000 0 0 0.000 0.000 0.000 0.122 0 1 0 0 0 0
 2389 125314.000 42658.000 0 0 0.000 0.000 0.000 0.128 0 1 0 0 0 0
 2390 162123.000 91352.000 0 0 0.000 0.000 0.000 0.124 0 1 0 0 0 0
 2391 162234.000 92851.000 0 0 0.000 0.000 0.000 0.121 0 1 0 0 0 0
 2392 148025.000 140081.000 0 0 0.000 0.000 0.000 0.124 0 1 0 0 0 0
 2393 37768.000 105040.000 0 0 0.000 0.000 0.000 0.128 0 1 0 0 0 0
 2394 62341.000 49919.000 0 0 0.000 0.000 0.000 0.130 0 1 0 0 0 0
 2395 64119.000 48707.000 0 0 0.000 0.000 0.000 0.120 0 1 0 0 0 0
 2396 93140.000 37609.000 0 0 0.000 0.000 0.000 0.149 0 1 0 0 0 0
 2397 103372.000 37297.000 0 0 0.000 0.000 0.000 0.142 0 1 0 0 0 0
 2398 104730.000 37406.000 0 0 0.000 0.000 0.000 0.130 0 1 0 0 0 0
 2399 142890.000 53945.000 0 0 0.000 0.000 0.000 0.130 0 1 0 0 0 0
 2400 158510.000 76808.000 0 0 0.000 0.000 0.000 0.132 0 1 0 0 0 0
 2401 161575.000 112102.000 0 0 0.000 0.000 0.000 0.131 0 1 0 0 0 0
 2402 160893.000 114839.000 0 0 0.000 0.000 0.000 0.120 0 1 0 0 0 0
 2403 158842.000 121804.000 0 0 0.000 0.000 0.000 0.121 0 1 0 0 0 0
 2404 153692.000 132252.000 0 0 0.000 0.000 0.000 0.122 0 1 0 0 0 0
 2405 141196.000 147233.000 0 0 0.000 0.000 0.000 0.126 0 1 0 0 0 0
 2406 125862.000 157005.000 0 0 0.000 0.000 0.000 0.133 0 1 0 0 0 0
 2407 108242.000 162021.000 0 0 0.000 0.000 0.000 0.135 0 1 0 0 0 0
 2408 105197.000 162243.000 0 0 0.000 0.000 0.000 0.124 0 1 0 0 0 0
 2409 96547.000 162370.000 0 0 0.000 0.000 0.000 0.129 0 1 0 0 0 0
 2410 95853.000 162387.000 0 0 0.000 0.000 0.000 0.122 0 1 0 0 0 0
 2411 50030.000 137364.000 0 0 0.000 0.000 0.000 0.121 0 1 0 0 0 0
 2412 37470.000 100510.000 0 0 0.000 0.000 0.000 0.130 0 1 0 0 0 0
 2413 42176.000 76077.000 0 0 0.000 0.000 0.000 0.122 0 1 0 0 0 0
 2414 108515.000 37655.000 0 0 0.000 0.000 0.000 0.124 0 1 0 0 0 0
 2415 131901.000 45605.000 0 0 0.000 0.000 0.000 0.124 0 1 0 0 0 0
 2416 150678.000 62573.000 0 0 0.000 0.000 0.000 0.136 0 1 0 0 0 0
 2417 161677.000 86979.000 0 0 0.000 0.000 0.000 0.138 0 1 0 0 0 0
 2418 162958.000 97902.000 0 0 0.000 0.000 0.000 0.134 0 1 0 0 0 0
 2419 162895.000 101790.000 0 0 0.000 0.000 0.000 0.122 0 1 0 0 0 0
 2420 161924.000 111135.000 0 0 0.000 0.000 0.000 0.120 0 1 0 0 0 0
 2421 154995.000 130666.000 0 0 0.000 0.000 0.000 0.127 0 1 0 0 0 0
 2422 137969.000 149980.000 0 0 0.000 0.000 0.000 0.128 0 1 0 0 0 0
 2423 118354.000 159969.000 0 0 0.000 0.000 0.000 0.124 0 1 0 0 0 0
 2424 69547.000 154662.000 0 0 0.000 0.000 0.000 0.125 0 1 0 0 0 0
 2425 68223.000 153922.000 0 0 0.000 0.000 0.000 0.130 0 1 0 0 0 0
 2426 44391.000 70861.000 0 0 0.000 0.000 0.000 0.124 0 1 0 0 0 0
 2427 44909.000 69589.000 0 0 0.000 0.000 0.000 0.124 0 1 0 0 0 0
 2428 63461.000 48721.000 0 0 0.000 0.000 0.000 0.121 0 1 0 0 0 0
 2429 67325.000 46129.000 0 0 0.000 0.000 0.000 0.123 0 1 0 0 0 0
 2430 67675.000 45938.000 0 0 0.000 0.000 0.000 0.131 0 1 0 0 0 0
 2431 145660.000 56371.000 0 0 0.000 0.000 0.000 0.140 0 1 0 0 0 0
 2432 147122.000 57818.000 0 0 0.000 0.000 0.000 0.144 0 1 0 0 0 0
 2433 149475.000 60825.000 0 0 0.000 0.000 0.000 0.121 0 1 0 0 0 0
 2434 163176.000 97318.000 0 0 0.000 0.000 0.000 0.130 0 1 0 0 0 0
 2435 137591.000 150568.000 0 0 0.000 0.000 0.000 0.127 0 1 0 0 0 0
 2436 120060.000 159555.000 0 0 0.000 0.000 0.000 0.140 0 1 0 0 0 0
 2437 139643.000 50593.000 0 0 0.000 0.000 0.000 0.132 0 1 0 0 0 0
 2438 161439.000 84664.000 0 0 0.000 0.000 0.000 0.140 0 1 0 0 0 0
 2439 162499.000 89903.000 0 0 0.000 0.000 0.000 0.132 0 1 0 0 0 0
 2440 154144.000 132544.000 0 0 0.000 0.000 0.000 0.128 0 1 0 0 0 0
 2441 135931.000 151929.000 0 0 0.000 0.000 0.000 0.126 0 1 0 0 0 0
 2442 96103.000 162853.000 0 0 0.000 0.000 0.000 0.133 0 1 0 0 0 0
 2443 53955.000 142903.000 0 0 0.000 0.000 0.000 0.121 0 1 0 0 0 0
 2444 50111.000 138489.000 0 0 0.000 0.000 0.000 0.132 0 1 0 0 0 0
 2445 43389.000 72103.000 0 0 0.000 0.000 0.000 0.142 0 1 0 0 0 0
 2446 59364.000 51511.000 0 0 0.000 0.000 0.000 0.130 0 1 0 0 0 0
 2447 80692.000 39538.000 0 0 0.000 0.000 0.000 0.125 0 1 0 0 0 0
 2448 162852.000 109406.000 0 0 0.000 0.000 0.000 0.133 0 1 0 0 0 0
 2449 160796.000 118112.000 0 0 0.000 0.000 0.000 0.126 0 1 0 0 0 0
 2450 112587.000 162029.000 0 0 0.000 0.000 0.000 0.131 0 1 0 0 0 0
 2451 106978.000 162775.000 0 0 0.000 0.000 0.000 0.141 0 1 0 0 0 0
 2452 82629.000 160808.000 0 0 0.000 0.000 0.000 0.122 0 1 0 0 0 0
 2453 76171.000 41078.000 0 0 0.000 0.000 0.000 0.123 0 1 0 0 0 0
 2454 80490.000 39593.000 0 0 0.000 0.000 0.000 0.134 0 1 0 0 0 0
 2455 109369.000 36974.000 0 0 0.000 0.000 0.000 0.124 0 1 0 0 0 0
 2456 141697.000 51821.000 0 0 0.000 0.000 0.000 0.121 0 1 0 0 0 0
 2457 163721.000 101139.000 0 0 0.000 0.000 0.000 0.121 0 1 0 0 0 0
 2458 145138.000 144737.000 0 0 0.000 0.000 0.000 0.125 0 1 0 0 0 0
 2459 99584.000 163419.000 0 0 0.000 0.000 0.000 0.123 0 1 0 0 0 0
 2460 90847.000 162599.000 0 0 0.000 0.000 0.000 0.120 0 1 0 0 0 0
 2461 89924.000 162474.000 0 0 0.000 0.000 0.000 0.140 0 1 0 0 0 0
 2462 44946.000 131467.000 0 0 0.000 0.000 0.000 0.126 0 1 0 0 0 0
 2463 41410.000 124158.000 0 0 0.000 0.000 0.000 0.142 0 1 0 0 0 0
 2464 42117.000 74210.000 0 0 0.000 0.000 0.000 0.148 0 1 0 0 0 0
 2465 48979.000 62100.000 0 0 0.000 0.000 0.000 0.122 0 1 0 0 0 0
 2466 81829.000 38859.000 0 0 0.000 0.000 0.000 0.131 0 1 0 0 0 0
 2467 138656.000 49069.000 0 0 0.000 0.000 0.000 0.137 0 1 0 0 0 0
 2468 148595.000 58486.000 0 0 0.000 0.000 0.000 0.133 0 1 0 0 0 0
 2469 158279.000 73928.000 0 0 0.000 0.000 0.000 0.126 0 1 0 0 0 0
 2470 162353.000 86382.000 0 0 0.000 0.000 0.000 0.136 0 1 0 0 0 0
 2471 161107.000 118107.000 0 0 0.000 0.000 0.000 0.131 0 1 0 0 0 0
 2472 159098.000 123805.000 0 0 0.000 0.000 0.000 0.121 0 1 0 0 0 0
 2473 153781.000 134097.000 0 0 0.000 0.000 0.000 0.120 0 1 0 0 0 0
 2474 133770.000 153936.000 0 0 0.000 0.000 0.000 0.136 0 1 0 0 0 0
 2475 86562.000 162099.000 0 0 0.000 0.000 0.000 0.133 0 1 0 0 0 0
 2476 73712.000 157844.000 0 0 0.000 0.000 0.000 0.123 0 1 0 0 0 0
 2477 36405.000 97751.000 0 0 0.000 0.000 0.000 0.136 0 1 0 0 0 0
 2478 40803.000 76907.000 0 0 0.000 0.000 0.000 0.139 0 1 0 0 0 0
 2479 156659.000 69975.000 0 0 0.000 0.000 0.000 0.127 0 1 0 0 0 0
 2480 154083.000 133995.000 0 0 0.000 0.000 0.000 0.128 0 1 0 0 0 0
 2481 144063.000 146327.000 0 0 0.000 0.000 0.000 0.126 0 1 0 0 0 0
 2482 128344.000 157171.000 0 0 0.000 0.000 0.000 0.138 0 1 0 0 0 0
 2483 72777.000 157548.000 0 0 0.000 0.000 0.000 0.120 0 1 0 0 0 0
 2484 72413.000 157342.000 0 0 0.000 0.000 0.000 0.129 0 1 0 0 0 0
 2485 71535.000 156990.000 0 0 0.000 0.000 0.000 0.125 0 1 0 0 0 0
 2486 54202.000 144243.000 0 0 0.000 0.000 0.000 0.144 0 1 0 0 0 0
 2487 36533.000 105819.000 0 0 0.000 0.000 0.000 0.130 0 1 0 0 0 0
 2488 36313.000 104056.000 0 0 0.000 0.000 0.000 0.129 0 1 0 0 0 0
 2489 82252.000 38499.000 0 0 0.000 0.000 0.000 0.120 0 1 0 0 0 0
 2490 134196.000 45745.000 0 0 0.000 0.000 0.000 0.137 0 1 0 0 0 0
 2491 134867.000 46106.000 0 0 0.000 0.000 0.000 0.123 0 1 0 0 0 0
 2492 139836.000 49638.000 0 0 0.000 0.000 0.000 0.148 0 1 0 0 0 0
 2493 157138.000 70841.000 0 0 0.000 0.000 0.000 0.120 0 1 0 0 0 0
 2494 159273.000 124310.000 0 0 0.000 0.000 0.000 0.130 0 1 0 0 0 0
 2495 147631.000 142656.000 0 0 0.000 0.000 0.000 0.121 0 1 0 0 0 0
 2496 140890.000 149160.000 0 0 0.000 0.000 0.000 0.122 0 1 0 0 0 0
 2497 136823.000 152430.000 0 0 0.000 0.000 0.000 0.129 0 1 0 0 0 0
 2498 45126.000 132645.000 0 0 0.000 0.000 0.000 0.128 0 1 0 0 0 0
 2499 39037.000 80515.000 0 0 0.000 0.000 0.000 0.127 0 1 0 0 0 0
 2500 43026.000 70886.000 0 0 0.000 0.000 0.000 0.124 0 1 0 0 0 0
 2501 58933.000 50801.000 0 0 0.000 0.000 0.000 0.134 0 1 0 0 0 0
 2502 67767.000 44485.000 0 0 0.000 0.000 0.000 0.127 0 1 0 0 0 0
 2503 95898.000 35820.000 0 0 0.000 0.000 0.000 0.124 0 1 0 0 0 0
 2504 114161.000 37277.000 0 0 0.000 0.000 0.000 0.127 0 1 0 0 0 0
 2505 127586.000 41781.000 0 0 0.000 0.000 0.000 0.125 0 1 0 0 0 0
 2506 163832.000 92399.000 0 0 0.000 0.000 0.000 0.139 0 1 0 0 0 0
 2507 163988.000 106623.000 0 0 0.000 0.000 0.000 0.131 0 1 0 0 0 0
 2508 142867.000 147864.000 0 0 0.000 0.000 0.000 0.134 0 1 0 0 0 0
 2509 126108.000 158542.000 0 0 0.000 0.000 0.000 0.124 0 1 0 0 0 0
 2510 79535.000 160730.000 0 0 0.000 0.000 0.000 0.134 0 1 0 0 0 0
 2511 75328.000 159118.000 0 0 0.000 0.000 0.000 0.128 0 1 0 0 0 0
 2512 69660.000 156412.000 0 0 0.000 0.000 0.000 0.125 0 1 0 0 0 0
 2513 49506.000 139316.000 0 0 0.000 0.000 0.000 0.121 0 1 0 0 0 0
 2514 39627.000 121391.000 0 0 0.000 0.000 0.000 0.124 0 1 0 0 0 0
 2515 103994.000 35633.000 0 0 0.000 0.000 0.000 0.127 0 1 0 0 0 0
 2516 113593.000 36999.000 0 0 0.000 0.000 0.000 0.121 0 1 0 0 0 0
 2517 134280.000 45317.000 0 0 0.000 0.000 0.000 0.131 0 1 0 0 0 0
 2518 145852.000 54636.000 0 0 0.000 0.000 0.000 0.120 0 1 0 0 0 0
 2519 157049.000 69815.000 0 0 0.000 0.000 0.000 0.122 0 1 0 0 0 0
 2520 158088.000 71914.000 0 0 0.000 0.000 0.000 0.121 0 1 0 0 0 0
 2521 164427.000 103245.000 0 0 0.000 0.000 0.000 0.131 0 1 0 0 0 0
 2522 147896.000 142920.000 0 0 0.000 0.000 0.000 0.122 0 1 0 0 0 0
 2523 135131.000 153803.000 0 0 0.000 0.000 0.000 0.129 0 1 0 0 0 0
 2524 109013.000 163531.000 0 0 0.000 0.000 0.000 0.121 0 1 0 0 0 0
 2525 101006.000 164208.000 0 0 0.000 0.000 0.000 0.121 0 1 0 0 0 0
 2526 47684.000 137267.000 0 0 0.000 0.000 0.000 0.125 0 1 0 0 0 0
 2527 44905.000 132752.000 0 0 0.000 0.000 0.000 0.139 0 1 0 0 0 0
 2528 35840.000 97347.000 0 0 0.000 0.000 0.000 0.122 0 1 0 0 0 0
 2529 41510.000 73321.000 0 0 0.000 0.000 0.000 0.131 0 1 0 0 0 0
 2530 164540.000 103037.000 0 0 0.000 0.000 0.000 0.123 0 1 0 0 0 0
 2531 164334.000 106760.000 0 0 0.000 0.000 0.000 0.125 0 1 0 0 0 0
 2532 126108.000 158965.000 0 0 0.000 0.000 0.000 0.125 0 1 0 0 0 0
 2533 55395.000 146311.000 0 0 0.000 0.000 0.000 0.133 0 1 0 0 0 0
 2534 48898.000 138976.000 0 0 0.000 0.000 0.000 0.145 0 1 0 0 0 0
 2535 53710.000 54934.000 0 0 0.000 0.000 0.000 0.124 0 1 0 0 0 0
 2536 107936.000 35707.000 0 0 0.000 0.000 0.000 0.133 0 1 0 0 0 0
 2537 121065.000 38666.000 0 0 0.000 0.000 0.000 0.122 0 1 0 0 0 0
 2538 152343.000 61687.000 0 0 0.000 0.000 0.000 0.124 0 1 0 0 0 0
 2539 137019.000 152918.000 0 0 0.000 0.000 0.000 0.120 0 1 0 0 0 0
 2540 111541.000 163577.000 0 0 0.000 0.000 0.000 0.138 0 1 0 0 0 0
 2541 103936.000 164382.000 0 0 0.000 0.000 0.000 0.142 0 1 0 0 0 0
 2542 38820.000 79243.000 0 0 0.000 0.000 0.000 0.129 0 1 0 0 0 0
 2543 42845.000 69810.000 0 0 0.000 0.000 0.000 0.122 0 1 0 0 0 0
 2544 132641.000 43668.000 0 0 0.000 0.000 0.000 0.139 0 1 0 0 0 0
 2545 164068.000 111003.000 0 0 0.000 0.000 0.000 0.126 0 1 0 0 0 0
 2546 161404.000 121181.000 0 0 0.000 0.000 0.000 0.121 0 1 0 0 0 0
 2547 145677.000 146137.000 0 0 0.000 0.000 0.000 0.133 0 1 0 0 0 0
 2548 36809.000 114109.000 0 0 0.000 0.000 0.000 0.124 0 1 0 0 0 0
 2549 55589.000 52665.000 0 0 0.000 0.000 0.000 0.131 0 1 0 0 0 0
 2550 164363.000 109734.000 0 0 0.000 0.000 0.000 0.121 0 1 0 0 0 0
 2551 143874.000 147868.000 0 0 0.000 0.000 0.000 0.144 0 1 0 0 0 0
 2552 95673.000 164686.000 0 0 0.000 0.000 0.000 0.120 0 1 0 0 0 0
 2553 61027.000 151791.000 0 0 0.000 0.000 0.000 0.125 0 1 0 0 0 0
 2554 44948.000 134399.000 0 0 0.000 0.000 0.000 0.131 0 1 0 0 0 0
 2555 37916.000 118865.000 0 0 0.000 0.000 0.000 0.125 0 1 0 0 0 0
 2556 40097.000 74484.000 0 0 0.000 0.000 0.000 0.126 0 1 0 0 0 0
 2557 78059.000 38504.000 0 0 0.000 0.000 0.000 0.125 0 1 0 0 0 0
 2558 156147.000 66577.000 0 0 0.000 0.000 0.000 0.142 0 1 0 0 0 0
 2559 163643.000 84612.000 0 0 0.000 0.000 0.000 0.130 0 1 0 0 0 0
 2560 150994.000 140696.000 0 0 0.000 0.000 0.000 0.132 0 1 0 0 0 0
 2561 137201.000 153548.000 0 0 0.000 0.000 0.000 0.120 0 1 0 0 0 0
 2562 91475.000 164492.000 0 0 0.000 0.000 0.000 0.133 0 1 0 0 0 0
 2563 91052.000 164469.000 0 0 0.000 0.000 0.000 0.126 0 1 0 0 0 0
 2564 90482.000 164267.000 0 0 0.000 0.000 0.000 0.145 0 1 0 0 0 0
 2565 63626.000 153963.000 0 0 0.000 0.000 0.000 0.129 0 1 0 0 0 0
 2566 55771.000 147629.000 0 0 0.000 0.000 0.000 0.121 0 1 0 0 0 0
 2567 78447.000 38232.000 0 0 0.000 0.000 0.000 0.136 0 1 0 0 0 0
 2568 138576.000 47104.000 0 0 0.000 0.000 0.000 0.120 0 1 0 0 0 0
 2569 157458.000 68372.000 0 0 0.000 0.000 0.000 0.152 0 1 0 0 0 0
 2570 165274.000 93370.000 0 0 0.000 0.000 0.000 0.133 0 1 0 0 0 0
 2571 165468.000 103281.000 0 0 0.000 0.000 0.000 0.148 0 1 0 0 0 0
 2572 160560.000 124964.000 0 0 0.000 0.000 0.000 0.127 0 1 0 0 0 0
 2573 146212.000 146387.000 0 0 0.000 0.000 0.000 0.133 0 1 0 0 0 0
 2574 48890.000 140489.000 0 0 0.000 0.000 0.000 0.129 0 1 0 0 0 0
 2575 47931.000 139111.000 0 0 0.000 0.000 0.000 0.136 0 1 0 0 0 0
 2576 42907.000 131596.000 0 0 0.000 0.000 0.000 0.126 0 1 0 0 0 0
 2577 42601.000 130805.000 0 0 0.000 0.000 0.000 0.120 0 1 0 0 0 0
 2578 35454.000 109216.000 0 0 0.000 0.000 0.000 0.129 0 1 0 0 0 0
 2579 42170.000 69365.000 0 0 0.000 0.000 0.000 0.124 0 1 0 0 0 0
 2580 48668.000 59395.000 0 0 0.000 0.000 0.000 0.142 0 1 0 0 0 0
 2581 52563.000 54934.000 0 0 0.000 0.000 0.000 0.123 0 1 0 0 0 0
 2582 141157.000 48791.000 0 0 0.000 0.000 0.000 0.120 0 1 0 0 0 0
 2583 152622.000 60572.000 0 0 0.000 0.000 0.000 0.139 0 1 0 0 0 0
 2584 165534.000 95974.000 0 0 0.000 0.000 0.000 0.122 0 1 0 0 0 0
 2585 163864.000 115063.000 0 0 0.000 0.000 0.000 0.129 0 1 0 0 0 0
 2586 159811.000 127131.000 0 0 0.000 0.000 0.000 0.135 0 1 0 0 0 0
 2587 142504.000 149950.000 0 0 0.000 0.000 0.000 0.122 0 1 0 0 0 0
 2588 96650.000 165302.000 0 0 0.000 0.000 0.000 0.126 0 1 0 0 0 0
 2589 70394.000 158167.000 0 0 0.000 0.000 0.000 0.137 0 1 0 0 0 0
 2590 47262.000 138691.000 0 0 0.000 0.000 0.000 0.142 0 1 0 0 0 0
 2591 36304.000 115088.000 0 0 0.000 0.000 0.000 0.123 0 1 0 0 0 0
 2592 46789.000 61782.000 0 0 0.000 0.000 0.000 0.136 0 1 0 0 0 0
 2593 94857.000 34514.000 0 0 0.000 0.000 0.000 0.120 0 1 0 0 0 0
 2594 161570.000 123408.000 0 0 0.000 0.000 0.000 0.131 0 1 0 0 0 0
 2595 135796.000 155090.000 0 0 0.000 0.000 0.000 0.133 0 1 0 0 0 0
 2596 88357.000 164516.000 0 0 0.000 0.000 0.000 0.122 0 1 0 0 0 0
 2597 40566.000 127576.000 0 0 0.000 0.000 0.000 0.125 0 1 0 0 0 0
 2598 34981.000 108262.000 0 0 0.000 0.000 0.000 0.123 0 1 0 0 0 0
 2599 34369.000 96784.000 0 0 0.000 0.000 0.000 0.128 0 1 0 0 0 0
 2600 53105.000 53826.000 0 0 0.000 0.000 0.000 0.134 0 1 0 0 0 0
 2601 62999.000 45497.000 0 0 0.000 0.000 0.000 0.125 0 1 0 0 0 0
 2602 76442.000 38429.000 0 0 0.000 0.000 0.000 0.123 0 1 0 0 0 0
 2603 164584.000 86158.000 0 0 0.000 0.000 0.000 0.127 0 1 0 0 0 0
 2604 161546.000 123679.000 0 0 0.000 0.000 0.000 0.128 0 1 0 0 0 0
 2605 141540.000 151245.000 0 0 0.000 0.000 0.000 0.128 0 1 0 0 0 0
 2606 88450.000 164708.000 0 0 0.000 0.000 0.000 0.135 0 1 0 0 0 0
 2607 34455.000 106103.000 0 0 0.000 0.000 0.000 0.136 0 1 0 0 0 0
 2608 42737.000 67333.000 0 0 0.000 0.000 0.000 0.129 0 1 0 0 0 0
 2609 49457.000 57663.000 0 0 0.000 0.000 0.000 0.129 0 1 0 0 0 0
 2610 70820.000 40839.000 0 0 0.000 0.000 0.000 0.123 0 1 0 0 0 0
 2611 165059.000 87449.000 0 0 0.000 0.000 0.000 0.122 0 1 0 0 0 0
 2612 165818.000 92957.000 0 0 0.000 0.000 0.000 0.128 0 1 0 0 0 0
 2613 150989.000 142095.000 0 0 0.000 0.000 0.000 0.133 0 1 0 0 0 0
 2614 98783.000 165966.000 0 0 0.000 0.000 0.000 0.136 0 1 0 0 0 0
 2615 48284.000 140831.000 0 0 0.000 0.000 0.000 0.127 0 1 0 0 0 0
 2616 42478.000 67449.000 0 0 0.000 0.000 0.000 0.123 0 1 0 0 0 0
 2617 71331.000 40250.000 0 0 0.000 0.000 0.000 0.120 0 1 0 0 0 0
 2618 75097.000 38568.000 0 0 0.000 0.000 0.000 0.144 0 1 0 0 0 0
 2619 88336.000 34681.000 0 0 0.000 0.000 0.000 0.127 0 1 0 0 0 0
 2620 117831.000 36050.000 0 0 0.000 0.000 0.000 0.148 0 1 0 0 0 0
 2621 166377.000 102985.000 0 0 0.000 0.000 0.000 0.124 0 1 0 0 0 0
 2622 134599.000 156507.000 0 0 0.000 0.000 0.000 0.127 0 1 0 0 0 0
 2623 122377.000 162262.000 0 0 0.000 0.000 0.000 0.127 0 1 0 0 0 0
 2624 100220.000 166093.000 0 0 0.000 0.000 0.000 0.122 0 1 0 0 0 0
 2625 56453.000 149649.000 0 0 0.000 0.000 0.000 0.120 0 1 0 0 0 0
 2626 40542.000 70818.000 0 0 0.000 0.000 0.000 0.123 0 1 0 0 0 0
 2627 48077.000 58879.000 0 0 0.000 0.000 0.000 0.130 0 1 0 0 0 0
 2628 165290.000 87097.000 0 0 0.000 0.000 0.000 0.130 0 1 0 0 0 0
 2629 135042.000 156420.000 0 0 0.000 0.000 0.000 0.124 0 1 0 0 0 0
 2630 94540.000 165983.000 0 0 0.000 0.000 0.000 0.146 0 1 0 0 0 0
 2631 61579.000 153860.000 0 0 0.000 0.000 0.000 0.126 0 1 0 0 0 0
 2632 69818.000 40672.000 0 0 0.000 0.000 0.000 0.130 0 1 0 0 0 0
 2633 71968.000 39574.000 0 0 0.000 0.000 0.000 0.131 0 1 0 0 0 0
 2634 111574.000 34262.000 0 0 0.000 0.000 0.000 0.136 0 1 0 0 0 0
 2635 162084.000 124529.000 0 0 0.000 0.000 0.000 0.132 0 1 0 0 0 0
 2636 152784.000 140597.000 0 0 0.000 0.000 0.000 0.120 0 1 0 0 0 0
 2637 145886.000 148239.000 0 0 0.000 0.000 0.000 0.126 0 1 0 0 0 0
 2638 119108.000 163599.000 0 0 0.000 0.000 0.000 0.131 0 1 0 0 0 0
 2639 74496.000 38206.000 0 0 0.000 0.000 0.000 0.127 0 1 0 0 0 0
 2640 81935.000 35680.000 0 0 0.000 0.000 0.000 0.130 0 1 0 0 0 0
 2641 93843.000 33408.000 0 0 0.000 0.000 0.000 0.129 0 1 0 0 0 0
 2642 157411.000 134098.000 0 0 0.000 0.000 0.000 0.127 0 1 0 0 0 0
 2643 149546.000 144729.000 0 0 0.000 0.000 0.000 0.134 0 1 0 0 0 0
 2644 114561.000 164949.000 0 0 0.000 0.000 0.000 0.141 0 1 0 0 0 0
 2645 109665.000 165834.000 0 0 0.000 0.000 0.000 0.132 0 1 0 0 0 0
 2646 102040.000 166646.000 0 0 0.000 0.000 0.000 0.129 0 1 0 0 0 0
 2647 96917.000 166538.000 0 0 0.000 0.000 0.000 0.134 0 1 0 0 0 0
 2648 86124.000 165029.000 0 0 0.000 0.000 0.000 0.132 0 1 0 0 0 0
 2649 62800.000 155049.000 0 0 0.000 0.000 0.000 0.144 0 1 0 0 0 0
 2650 60936.000 153901.000 0 0 0.000 0.000 0.000 0.120 0 1 0 0 0 0
 2651 57319.000 151010.000 0 0 0.000 0.000 0.000 0.126 0 1 0 0 0 0
 2652 35903.000 117844.000 0 0 0.000 0.000 0.000 0.122 0 1 0 0 0 0
 2653 35714.000 82350.000 0 0 0.000 0.000 0.000 0.130 0 1 0 0 0 0
 2654 46237.000 60536.000 0 0 0.000 0.000 0.000 0.122 0 1 0 0 0 0
 2655 104617.000 33189.000 0 0 0.000 0.000 0.000 0.127 0 1 0 0 0 0
 2656 126498.000 38413.000 0 0 0.000 0.000 0.000 0.144 0 1 0 0 0 0
 2657 157333.000 64957.000 0 0 0.000 0.000 0.000 0.127 0 1 0 0 0 0
 2658 162925.000 76491.000 0 0 0.000 0.000 0.000 0.129 0 1 0 0 0 0
 2659 165492.000 114081.000 0 0 0.000 0.000 0.000 0.132 0 1 0 0 0 0
 2660 117410.000 164418.000 0 0 0.000 0.000 0.000 0.146 0 1 0 0 0 0
 2661 63729.000 155983.000 0 0 0.000 0.000 0.000 0.135 0 1 0 0 0 0
 2662 116162.000 34692.000 0 0 0.000 0.000 0.000 0.132 0 1 0 0 0 0
 2663 117916.000 35311.000 0 0 0.000 0.000 0.000 0.144 0 1 0 0 0 0
 2664 139526.000 45514.000 0 0 0.000 0.000 0.000 0.132 0 1 0 0 0 0
 2665 143544.000 151102.000 0 0 0.000 0.000 0.000 0.126 0 1 0 0 0 0
 2666 45797.000 139062.000 0 0 0.000 0.000 0.000 0.120 0 1 0 0 0 0
 2667 37224.000 76423.000 0 0 0.000 0.000 0.000 0.123 0 1 0 0 0 0
 2668 61986.000 44565.000 0 0 0.000 0.000 0.000 0.124 0 1 0 0 0 0
 2669 165273.000 83048.000 0 0 0.000 0.000 0.000 0.136 0 1 0 0 0 0
 2670 167308.000 102057.000 0 0 0.000 0.000 0.000 0.120 0 1 0 0 0 0
 2671 159245.000 131819.000 0 0 0.000 0.000 0.000 0.144 0 1 0 0 0 0
 2672 153408.000 140889.000 0 0 0.000 0.000 0.000 0.125 0 1 0 0 0 0
 2673 148571.000 146562.000 0 0 0.000 0.000 0.000 0.128 0 1 0 0 0 0
 2674 150061.000 54520.000 0 0 0.000 0.000 0.000 0.120 0 1 0 0 0 0
 2675 164435.000 79488.000 0 0 0.000 0.000 0.000 0.141 0 1 0 0 0 0
 2676 144579.000 150516.000 0 0 0.000 0.000 0.000 0.137 0 1 0 0 0 0
 2677 104156.000 167166.000 0 0 0.000 0.000 0.000 0.137 0 1 0 0 0 0
 2678 94085.000 166970.000 0 0 0.000 0.000 0.000 0.120 0 1 0 0 0 0
 2679 90424.000 166474.000 0 0 0.000 0.000 0.000 0.143 0 1 0 0 0 0
 2680 79110.000 163875.000 0 0 0.000 0.000 0.000 0.125 0 1 0 0 0 0
 2681 75685.000 162613.000 0 0 0.000 0.000 0.000 0.138 0 1 0 0 0 0
 2682 54742.000 149605.000 0 0 0.000 0.000 0.000 0.131 0 1 0 0 0 0
 2683 40672.000 67916.000 0 0 0.000 0.000 0.000 0.128 0 1 0 0 0 0
 2684 86525.000 33757.000 0 0 0.000 0.000 0.000 0.120 0 1 0 0 0 0
 2685 167028.000 89739.000 0 0 0.000 0.000 0.000 0.138 0 1 0 0 0 0
 2686 167464.000 105866.000 0 0 0.000 0.000 0.000 0.124 0 1 0 0 0 0
 2687 161412.000 128582.000 0 0 0.000 0.000 0.000 0.133 0 1 0 0 0 0
 2688 82537.000 165165.000 0 0 0.000 0.000 0.000 0.125 0 1 0 0 0 0
 2689 72261.000 161406.000 0 0 0.000 0.000 0.000 0.123 0 1 0 0 0 0
 2690 37212.000 124297.000 0 0 0.000 0.000 0.000 0.120 0 1 0 0 0 0
 2691 47663.000 57231.000 0 0 0.000 0.000 0.000 0.137 0 1 0 0 0 0
 2692 53293.000 51063.000 0 0 0.000 0.000 0.000 0.130 0 1 0 0 0 0
 2693 98859.000 32169.000 0 0 0.000 0.000 0.000 0.121 0 1 0 0 0 0
 2694 108346.000 32567.000 0 0 0.000 0.000 0.000 0.126 0 1 0 0 0 0
 2695 130097.000 39211.000 0 0 0.000 0.000 0.000 0.148 0 1 0 0 0 0
 2696 154491.000 59283.000 0 0 0.000 0.000 0.000 0.123 0 1 0 0 0 0
 2697 167005.000 111490.000 0 0 0.000 0.000 0.000 0.128 0 1 0 0 0 0
 2698 70078.000 160484.000 0 0 0.000 0.000 0.000 0.122 0 1 0 0 0 0
 2699 37591.000 126015.000 0 0 0.000 0.000 0.000 0.126 0 1 0 0 0 0
 2700 40068.000 68521.000 0 0 0.000 0.000 0.000 0.122 0 1 0 0 0 0
 2701 85605.000 33478.000 0 0 0.000 0.000 0.000 0.130 0 1 0 0 0 0
 2702 108155.000 32379.000 0 0 0.000 0.000 0.000 0.133 0 1 0 0 0 0
 2703 151251.000 144586.000 0 0 0.000 0.000 0.000 0.132 0 1 0 0 0 0
 2704 63328.000 157010.000 0 0 0.000 0.000 0.000 0.132 0 1 0 0 0 0
 2705 52635.000 148452.000 0 0 0.000 0.000 0.000 0.128 0 1 0 0 0 0
 2706 44296.000 138514.000 0 0 0.000 0.000 0.000 0.121 0 1 0 0 0 0
 2707 32826.000 90321.000 0 0 0.000 0.000 0.000 0.140 0 1 0 0 0 0
 2708 59088.000 45645.000 0 0 0.000 0.000 0.000 0.122 0 1 0 0 0 0
 2709 66403.000 40721.000 0 0 0.000 0.000 0.000 0.124 0 1 0 0 0 0
 2710 127499.000 37550.000 0 0 0.000 0.000 0.000 0.126 0 1 0 0 0 0
 2711 131718.000 39565.000 0 0 0.000 0.000 0.000 0.120 0 1 0 0 0 0
 2712 168220.000 102162.000 0 0 0.000 0.000 0.000 0.127 0 1 0 0 0 0
 2713 71012.000 161454.000 0 0 0.000 0.000 0.000 0.137 0 1 0 0 0 0
 2714 58158.000 153359.000 0 0 0.000 0.000 0.000 0.145 0 1 0 0 0 0
 2715 56526.000 152226.000 0 0 0.000 0.000 0.000 0.129 0 1 0 0 0 0
 2716 47335.000 56720.000 0 0 0.000 0.000 0.000 0.122 0 1 0 0 0 0
 2717 85245.000 33281.000 0 0 0.000 0.000 0.000 0.137 0 1 0 0 0 0
 2718 108879.000 32154.000 0 0 0.000 0.000 0.000 0.138 0 1 0 0 0 0
 2719 152432.000 143776.000 0 0 0.000 0.000 0.000 0.130 0 1 0 0 0 0
 2720 38342.000 70808.000 0 0 0.000 0.000 0.000 0.134 0 1 0 0 0 0
 2721 40584.000 66559.000 0 0 0.000 0.000 0.000 0.121 0 1 0 0 0 0
 2722 41691.000 64337.000 0 0 0.000 0.000 0.000 0.125 0 1 0 0 0 0
 2723 52967.000 50475.000 0 0 0.000 0.000 0.000 0.130 0 1 0 0 0 0
 2724 98293.000 31419.000 0 0 0.000 0.000 0.000 0.135 0 1 0 0 0 0
 2725 154954.000 58831.000 0 0 0.000 0.000 0.000 0.136 0 1 0 0 0 0
 2726 92214.000 167863.000 0 0 0.000 0.000 0.000 0.125 0 1 0 0 0 0
 2727 40345.000 66538.000 0 0 0.000 0.000 0.000 0.123 0 1 0 0 0 0
 2728 63352.000 42034.000 0 0 0.000 0.000 0.000 0.125 0 1 0 0 0 0
 2729 67770.000 39493.000 0 0 0.000 0.000 0.000 0.134 0 1 0 0 0 0
 2730 157397.000 137652.000 0 0 0.000 0.000 0.000 0.137 0 1 0 0 0 0
 2731 151368.000 145374.000 0 0 0.000 0.000 0.000 0.120 0 1 0 0 0 0
 2732 131767.000 160702.000 0 0 0.000 0.000 0.000 0.139 0 1 0 0 0 0
 2733 81490.000 165896.000 0 0 0.000 0.000 0.000 0.138 0 1 0 0 0 0
 2734 37222.000 72287.000 0 0 0.000 0.000 0.000 0.126 0 1 0 0 0 0
 2735 123843.000 35304.000 0 0 0.000 0.000 0.000 0.163 0 1 0 0 0 0
 2736 136984.000 41789.000 0 0 0.000 0.000 0.000 0.139 0 1 0 0 0 0
 2737 146186.000 48754.000 0 0 0.000 0.000 0.000 0.136 0 1 0 0 0 0
 2738 147399.000 149856.000 0 0 0.000 0.000 0.000 0.126 0 1 0 0 0 0
 2739 132913.000 160266.000 0 0 0.000 0.000 0.000 0.132 0 1 0 0 0 0
 2740 58477.000 154561.000 0 0 0.000 0.000 0.000 0.129 0 1 0 0 0 0
 2741 50291.000 147117.000 0 0 0.000 0.000 0.000 0.141 0 1 0 0 0 0
 2742 50066.000 147026.000 0 0 0.000 0.000 0.000 0.131 0 1 0 0 0 0
 2743 54053.000 48711.000 0 0 0.000 0.000 0.000 0.124 0 1 0 0 0 0
 2744 61195.000 43147.000 0 0 0.000 0.000 0.000 0.130 0 1 0 0 0 0
 2745 88489.000 31940.000 0 0 0.000 0.000 0.000 0.128 0 1 0 0 0 0
 2746 123617.000 35067.000 0 0 0.000 0.000 0.000 0.122 0 1 0 0 0 0
 2747 139132.000 43118.000 0 0 0.000 0.000 0.000 0.139 0 1 0 0 0 0
 2748 159972.000 65484.000 0 0 0.000 0.000 0.000 0.127 0 1 0 0 0 0
 2749 160041.000 134036.000 0 0 0.000 0.000 0.000 0.120 0 1 0 0 0 0
 2750 134726.000 159525.000 0 0 0.000 0.000 0.000 0.125 0 1 0 0 0 0
 2751 115165.000 167086.000 0 0 0.000 0.000 0.000 0.120 0 1 0 0 0 0
 2752 106960.000 168548.000 0 0 0.000 0.000 0.000 0.126 0 1 0 0 0 0
 2753 32401.000 113279.000 0 0 0.000 0.000 0.000 0.125 0 1 0 0 0 0
 2754 81479.000 33374.000 0 0 0.000 0.000 0.000 0.129 0 1 0 0 0 0
 2755 152737.000 144664.000 0 0 0.000 0.000 0.000 0.125 0 1 0 0 0 0
 2756 134721.000 159700.000 0 0 0.000 0.000 0.000 0.128 0 1 0 0 0 0
 2757 118664.000 166495.000 0 0 0.000 0.000 0.000 0.135 0 1 0 0 0 0
 2758 85470.000 167358.000 0 0 0.000 0.000 0.000 0.133 0 1 0 0 0 0
 2759 34215.000 78689.000 0 0 0.000 0.000 0.000 0.134 0 1 0 0 0 0
 2760 100925.000 30692.000 0 0 0.000 0.000 0.000 0.121 0 1 0 0 0 0
 2761 155898.000 58725.000 0 0 0.000 0.000 0.000 0.135 0 1 0 0 0 0
 2762 169379.000 96502.000 0 0 0.000 0.000 0.000 0.136 0 1 0 0 0 0
 2763 93397.000 168887.000 0 0 0.000 0.000 0.000 0.135 0 1 0 0 0 0
 2764 35754.000 125329.000 0 0 0.000 0.000 0.000 0.126 0 1 0 0 0 0
 2765 57733.000 44920.000 0 0 0.000 0.000 0.000 0.134 0 1 0 0 0 0
 2766 62349.000 41697.000 0 0 0.000 0.000 0.000 0.130 0 1 0 0 0 0
 2767 88922.000 31395.000 0 0 0.000 0.000 0.000 0.138 0 1 0 0 0 0
 2768 112228.000 31508.000 0 0 0.000 0.000 0.000 0.124 0 1 0 0 0 0
 2769 144972.000 46868.000 0 0 0.000 0.000 0.000 0.132 0 1 0 0 0 0
 2770 149815.000 148384.000 0 0 0.000 0.000 0.000 0.139 0 1 0 0 0 0
 2771 128009.000 163506.000 0 0 0.000 0.000 0.000 0.138 0 1 0 0 0 0
 2772 31257.000 108197.000 0 0 0.000 0.000 0.000 0.121 0 1 0 0 0 0
 2773 86431.000 31736.000 0 0 0.000 0.000 0.000 0.122 0 1 0 0 0 0
 2774 109653.000 30972.000 0 0 0.000 0.000 0.000 0.133 0 1 0 0 0 0
 2775 159487.000 136262.000 0 0 0.000 0.000 0.000 0.132 0 1 0 0 0 0
 2776 50252.000 148386.000 0 0 0.000 0.000 0.000 0.131 0 1 0 0 0 0
 2777 93157.000 30536.000 0 0 0.000 0.000 0.000 0.141 0 1 0 0 0 0
 2778 98169.000 30169.000 0 0 0.000 0.000 0.000 0.136 0 1 0 0 0 0
 2779 169848.000 104283.000 0 0 0.000 0.000 0.000 0.122 0 1 0 0 0 0
 2780 169514.000 108248.000 0 0 0.000 0.000 0.000 0.128 0 1 0 0 0 0
 2781 168819.000 112367.000 0 0 0.000 0.000 0.000 0.157 0 1 0 0 0 0
 2782 156013.000 141595.000 0 0 0.000 0.000 0.000 0.120 0 1 0 0 0 0
 2783 140386.000 156850.000 0 0 0.000 0.000 0.000 0.121 0 1 0 0 0 0
 2784 115221.000 168090.000 0 0 0.000 0.000 0.000 0.135 0 1 0 0 0 0
 2785 44158.000 58105.000 0 0 0.000 0.000 0.000 0.135 0 1 0 0 0 0
 2786 103387.000 29947.000 0 0 0.000 0.000 0.000 0.136 0 1 0 0 0 0
 2787 165634.000 75197.000 0 0 0.000 0.000 0.000 0.140 0 1 0 0 0 0
 2788 169742.000 107071.000 0 0 0.000 0.000 0.000 0.125 0 1 0 0 0 0
 2789 118538.000 167436.000 0 0 0.000 0.000 0.000 0.124 0 1 0 0 0 0
 2790 113284.000 168667.000 0 0 0.000 0.000 0.000 0.123 0 1 0 0 0 0
 2791 77542.000 166096.000 0 0 0.000 0.000 0.000 0.120 0 1 0 0 0 0
 2792 71916.000 163824.000 0 0 0.000 0.000 0.000 0.128 0 1 0 0 0 0
 2793 54313.000 152754.000 0 0 0.000 0.000 0.000 0.122 0 1 0 0 0 0
 2794 37033.000 130071.000 0 0 0.000 0.000 0.000 0.123 0 1 0 0 0 0
 2795 37037.000 129973.000 0 0 0.000 0.000 0.000 0.126 0 1 0 0 0 0
 2796 117720.000 31981.000 0 0 0.000 0.000 0.000 0.121 0 1 0 0 0 0
 2797 129674.000 36249.000 0 0 0.000 0.000 0.000 0.136 0 1 0 0 0 0
 2798 135820.000 160286.000 0 0 0.000 0.000 0.000 0.128 0 1 0 0 0 0
 2799 113481.000 168673.000 0 0 0.000 0.000 0.000 0.145 0 1 0 0 0 0
 2800 91171.000 30208.000 0 0 0.000 0.000 0.000 0.129 0 1 0 0 0 0
 2801 138615.000 41046.000 0 0 0.000 0.000 0.000 0.126 0 1 0 0 0 0
 2802 156961.000 58364.000 0 0 0.000 0.000 0.000 0.141 0 1 0 0 0 0
 2803 164726.000 72136.000 0 0 0.000 0.000 0.000 0.131 0 1 0 0 0 0
 2804 161391.000 134461.000 0 0 0.000 0.000 0.000 0.122 0 1 0 0 0 0
 2805 146609.000 152705.000 0 0 0.000 0.000 0.000 0.122 0 1 0 0 0 0
 2806 93740.000 169843.000 0 0 0.000 0.000 0.000 0.122 0 1 0 0 0 0
 2807 86433.000 168919.000 0 0 0.000 0.000 0.000 0.128 0 1 0 0 0 0
 2808 54367.000 153165.000 0 0 0.000 0.000 0.000 0.127 0 1 0 0 0 0
 2809 32568.000 80490.000 0 0 0.000 0.000 0.000 0.128 0 1 0 0 0 0
 2810 127452.000 34841.000 0 0 0.000 0.000 0.000 0.135 0 1 0 0 0 0
 2811 166171.000 75370.000 0 0 0.000 0.000 0.000 0.124 0 1 0 0 0 0
 2812 135621.000 160781.000 0 0 0.000 0.000 0.000 0.134 0 1 0 0 0 0
 2813 39467.000 135873.000 0 0 0.000 0.000 0.000 0.127 0 1 0 0 0 0
 2814 29607.000 97282.000 0 0 0.000 0.000 0.000 0.123 0 1 0 0 0 0
 2815 38622.000 65289.000 0 0 0.000 0.000 0.000 0.139 0 1 0 0 0 0
 2816 93953.000 29584.000 0 0 0.000 0.000 0.000 0.124 0 1 0 0 0 0
 2817 162863.000 67327.000 0 0 0.000 0.000 0.000 0.122 0 1 0 0 0 0
 2818 167139.000 77586.000 0 0 0.000 0.000 0.000 0.136 0 1 0 0 0 0
 2819 152862.000 146934.000 0 0 0.000 0.000 0.000 0.148 0 1 0 0 0 0
 2820 126214.000 165541.000 0 0 0.000 0.000 0.000 0.144 0 1 0 0 0 0
 2821 37591.000 132601.000 0 0 0.000 0.000 0.000 0.135 0 1 0 0 0 0
 2822 29689.000 95492.000 0 0 0.000 0.000 0.000 0.122 0 1 0 0 0 0
 2823 54926.000 45442.000 0 0 0.000 0.000 0.000 0.124 0 1 0 0 0 0
 2824 61810.000 40308.000 0 0 0.000 0.000 0.000 0.134 0 1 0 0 0 0
 2825 68017.000 36910.000 0 0 0.000 0.000 0.000 0.134 0 1 0 0 0 0
 2826 125133.000 33571.000 0 0 0.000 0.000 0.000 0.124 0 1 0 0 0 0
 2827 146773.000 46599.000 0 0 0.000 0.000 0.000 0.121 0 1 0 0 0 0
 2828 159086.000 60690.000 0 0 0.000 0.000 0.000 0.130 0 1 0 0 0 0
 2829 161476.000 64506.000 0 0 0.000 0.000 0.000 0.141 0 1 0 0 0 0
 2830 168328.000 119025.000 0 0 0.000 0.000 0.000 0.120 0 1 0 0 0 0
 2831 161726.000 134854.000 0 0 0.000 0.000 0.000 0.138 0 1 0 0 0 0
 2832 140692.000 157979.000 0 0 0.000 0.000 0.000 0.141 0 1 0 0 0 0
 2833 77278.000 166858.000 0 0 0.000 0.000 0.000 0.120 0 1 0 0 0 0
 2834 43257.000 57663.000 0 0 0.000 0.000 0.000 0.120 0 1 0 0 0 0
 2835 94653.000 29085.000 0 0 0.000 0.000 0.000 0.129 0 1 0 0 0 0
 2836 118863.000 31339.000 0 0 0.000 0.000 0.000 0.128 0 1 0 0 0 0
 2837 132391.000 36591.000 0 0 0.000 0.000 0.000 0.129 0 1 0 0 0 0
 2838 169160.000 83061.000 0 0 0.000 0.000 0.000 0.127 0 1 0 0 0 0
 2839 168689.000 118550.000 0 0 0.000 0.000 0.000 0.136 0 1 0 0 0 0
 2840 92623.000 170434.000 0 0 0.000 0.000 0.000 0.127 0 1 0 0 0 0
 2841 34471.000 72801.000 0 0 0.000 0.000 0.000 0.125 0 1 0 0 0 0
 2842 138749.000 40056.000 0 0 0.000 0.000 0.000 0.148 0 1 0 0 0 0
 2843 166720.000 74933.000 0 0 0.000 0.000 0.000 0.133 0 1 0 0 0 0
 2844 168676.000 80472.000 0 0 0.000 0.000 0.000 0.127 0 1 0 0 0 0
 2845 134968.000 162008.000 0 0 0.000 0.000 0.000 0.128 0 1 0 0 0 0
 2846 33905.000 125977.000 0 0 0.000 0.000 0.000 0.125 0 1 0 0 0 0
 2847 114287.000 29984.000 0 0 0.000 0.000 0.000 0.133 0 1 0 0 0 0
 2848 153420.000 52510.000 0 0 0.000 0.000 0.000 0.142 0 1 0 0 0 0
 2849 171193.000 105618.000 0 0 0.000 0.000 0.000 0.131 0 1 0 0 0 0
 2850 170217.000 112996.000 0 0 0.000 0.000 0.000 0.125 0 1 0 0 0 0
 2851 62759.000 160483.000 0 0 0.000 0.000 0.000 0.148 0 1 0 0 0 0
 2852 130380.000 35100.000 0 0 0.000 0.000 0.000 0.127 0 1 0 0 0 0
 2853 170767.000 89177.000 0 0 0.000 0.000 0.000 0.120 0 1 0 0 0 0
 2854 162233.000 135394.000 0 0 0.000 0.000 0.000 0.127 0 1 0 0 0 0
 2855 137231.000 160965.000 0 0 0.000 0.000 0.000 0.125 0 1 0 0 0 0
 2856 77541.000 167647.000 0 0 0.000 0.000 0.000 0.124 0 1 0 0 0 0
 2857 32663.000 76317.000 0 0 0.000 0.000 0.000 0.124 0 1 0 0 0 0
 2858 111628.000 170599.000 0 0 0.000 0.000 0.000 0.123 0 1 0 0 0 0
 2859 86335.000 170148.000 0 0 0.000 0.000 0.000 0.140 0 1 0 0 0 0
 2860 66998.000 163292.000 0 0 0.000 0.000 0.000 0.121 0 1 0 0 0 0
 2861 42216.000 141967.000 0 0 0.000 0.000 0.000 0.138 0 1 0 0 0 0
 2862 30746.000 81672.000 0 0 0.000 0.000 0.000 0.131 0 1 0 0 0 0
 2863 54222.000 44725.000 0 0 0.000 0.000 0.000 0.128 0 1 0 0 0 0
 2864 80740.000 30790.000 0 0 0.000 0.000 0.000 0.141 0 1 0 0 0 0
 2865 100008.000 28109.000 0 0 0.000 0.000 0.000 0.130 0 1 0 0 0 0
 2866 160429.000 138995.000 0 0 0.000 0.000 0.000 0.140 0 1 0 0 0 0
 2867 154636.000 146605.000 0 0 0.000 0.000 0.000 0.124 0 1 0 0 0 0
 2868 146363.000 154813.000 0 0 0.000 0.000 0.000 0.125 0 1 0 0 0 0
 2869 28363.000 95376.000 0 0 0.000 0.000 0.000 0.130 0 1 0 0 0 0
 2870 29540.000 86223.000 0 0 0.000 0.000 0.000 0.128 0 1 0 0 0 0
 2871 71933.000 33598.000 0 0 0.000 0.000 0.000 0.131 0 1 0 0 0 0
 2872 106907.000 28225.000 0 0 0.000 0.000 0.000 0.120 0 1 0 0 0 0
 2873 124130.000 31885.000 0 0 0.000 0.000 0.000 0.129 0 1 0 0 0 0
 2874 161501.000 137605.000 0 0 0.000 0.000 0.000 0.134 0 1 0 0 0 0
 2875 123134.000 168111.000 0 0 0.000 0.000 0.000 0.126 0 1 0 0 0 0
 2876 71700.000 166040.000 0 0 0.000 0.000 0.000 0.148 0 1 0 0 0 0
 2877 60169.000 159630.000 0 0 0.000 0.000 0.000 0.145 0 1 0 0 0 0
 2878 31267.000 120540.000 0 0 0.000 0.000 0.000 0.147 0 1 0 0 0 0
 2879 65066.000 36940.000 0 0 0.000 0.000 0.000 0.133 0 1 0 0 0 0
 2880 172230.000 95738.000 0 0 0.000 0.000 0.000 0.128 0 1 0 0 0 0
 2881 32225.000 124093.000 0 0 0.000 0.000 0.000 0.135 0 1 0 0 0 0
 2882 28134.000 106181.000 0 0 0.000 0.000 0.000 0.126 0 1 0 0 0 0
 2883 95788.000 27738.000 0 0 0.000 0.000 0.000 0.131 0 1 0 0 0 0
 2884 114547.000 28972.000 0 0 0.000 0.000 0.000 0.120 0 1 0 0 0 0
 2885 152666.000 50192.000 0 0 0.000 0.000 0.000 0.121 0 1 0 0 0 0
 2886 172455.000 96840.000 0 0 0.000 0.000 0.000 0.121 0 1 0 0 0 0
 2887 172423.000 101761.000 0 0 0.000 0.000 0.000 0.126 0 1 0 0 0 0
 2888 171279.000 113030.000 0 0 0.000 0.000 0.000 0.129 0 1 0 0 0 0
 2889 132850.000 164456.000 0 0 0.000 0.000 0.000 0.126 0 1 0 0 0 0
 2890 109133.000 171587.000 0 0 0.000 0.000 0.000 0.127 0 1 0 0 0 0
 2891 78932.000 169013.000 0 0 0.000 0.000 0.000 0.121 0 1 0 0 0 0
 2892 29822.000 82997.000 0 0 0.000 0.000 0.000 0.143 0 1 0 0 0 0
 2893 56921.000 41741.000 0 0 0.000 0.000 0.000 0.133 0 1 0 0 0 0
 2894 140919.000 39964.000 0 0 0.000 0.000 0.000 0.125 0 1 0 0 0 0
 2895 170311.000 81375.000 0 0 0.000 0.000 0.000 0.139 0 1 0 0 0 0
 2896 113197.000 171222.000 0 0 0.000 0.000 0.000 0.133 0 1 0 0 0 0
 2897 38395.000 137888.000 0 0 0.000 0.000 0.000 0.138 0 1 0 0 0 0
 2898 30463.000 79595.000 0 0 0.000 0.000 0.000 0.127 0 1 0 0 0 0
 2899 43997.000 53857.000 0 0 0.000 0.000 0.000 0.120 0 1 0 0 0 0
 2900 50721.000 46599.000 0 0 0.000 0.000 0.000 0.135 0 1 0 0 0 0
 2901 133749.000 35535.000 0 0 0.000 0.000 0.000 0.121 0 1 0 0 0 0
 2902 166212.000 130380.000 0 0 0.000 0.000 0.000 0.123 0 1 0 0 0 0
 2903 159938.000 141382.000 0 0 0.000 0.000 0.000 0.126 0 1 0 0 0 0
 2904 131893.000 165186.000 0 0 0.000 0.000 0.000 0.136 0 1 0 0 0 0
 2905 62177.000 161831.000 0 0 0.000 0.000 0.000 0.133 0 1 0 0 0 0
 2906 39546.000 140067.000 0 0 0.000 0.000 0.000 0.135 0 1 0 0 0 0
 2907 27923.000 90918.000 0 0 0.000 0.000 0.000 0.127 0 1 0 0 0 0
 2908 172728.000 106416.000 0 0 0.000 0.000 0.000 0.122 0 1 0 0 0 0
 2909 125167.000 168375.000 0 0 0.000 0.000 0.000 0.132 0 1 0 0 0 0
 2910 35709.000 65615.000 0 0 0.000 0.000 0.000 0.131 0 1 0 0 0 0
 2911 44948.000 52265.000 0 0 0.000 0.000 0.000 0.124 0 1 0 0 0 0
 2912 124554.000 31145.000 0 0 0.000 0.000 0.000 0.120 0 1 0 0 0 0
 2913 173055.000 97049.000 0 0 0.000 0.000 0.000 0.122 0 1 0 0 0 0
 2914 137678.000 162535.000 0 0 0.000 0.000 0.000 0.120 0 1 0 0 0 0
 2915 50706.000 153544.000 0 0 0.000 0.000 0.000 0.129 0 1 0 0 0 0
 2916 56372.000 41260.000 0 0 0.000 0.000 0.000 0.124 0 1 0 0 0 0
 2917 140312.000 38662.000 0 0 0.000 0.000 0.000 0.135 0 1 0 0 0 0
 2918 165804.000 132365.000 0 0 0.000 0.000 0.000 0.130 0 1 0 0 0 0
 2919 164006.000 135627.000 0 0 0.000 0.000 0.000 0.127 0 1 0 0 0 0
 2920 142470.000 159469.000 0 0 0.000 0.000 0.000 0.140 0 1 0 0 0 0
 2921 140859.000 160723.000 0 0 0.000 0.000 0.000 0.127 0 1 0 0 0 0
 2922 32221.000 127094.000 0 0 0.000 0.000 0.000 0.133 0 1 0 0 0 0
 2923 32614.000 71291.000 0 0 0.000 0.000 0.000 0.127 0 1 0 0 0 0
 2924 51519.000 44974.000 0 0 0.000 0.000 0.000 0.126 0 1 0 0 0 0
 2925 141987.000 39607.000 0 0 0.000 0.000 0.000 0.121 0 1 0 0 0 0
 2926 150398.000 46502.000 0 0 0.000 0.000 0.000 0.121 0 1 0 0 0 0
 2927 171447.000 82946.000 0 0 0.000 0.000 0.000 0.121 0 1 0 0 0 0
 2928 111560.000 172363.000 0 0 0.000 0.000 0.000 0.135 0 1 0 0 0 0
 2929 93982.000 173054.000 0 0 0.000 0.000 0.000 0.125 0 1 0 0 0 0
 2930 52872.000 156008.000 0 0 0.000 0.000 0.000 0.122 0 1 0 0 0 0
 2931 52475.000 155550.000 0 0 0.000 0.000 0.000 0.133 0 1 0 0 0 0
 2932 133318.000 34376.000 0 0 0.000 0.000 0.000 0.144 0 1 0 0 0 0
 2933 133547.000 34298.000 0 0 0.000 0.000 0.000 0.121 0 1 0 0 0 0
 2934 170811.000 79323.000 0 0 0.000 0.000 0.000 0.136 0 1 0 0 0 0
 2935 172809.000 111236.000 0 0 0.000 0.000 0.000 0.139 0 1 0 0 0 0
 2936 165283.000 133948.000 0 0 0.000 0.000 0.000 0.120 0 1 0 0 0 0
 2937 82393.000 171287.000 0 0 0.000 0.000 0.000 0.132 0 1 0 0 0 0
 2938 74936.000 168966.000 0 0 0.000 0.000 0.000 0.138 0 1 0 0 0 0
 2939 73425.000 168309.000 0 0 0.000 0.000 0.000 0.121 0 1 0 0 0 0
 2940 59934.000 161434.000 0 0 0.000 0.000 0.000 0.127 0 1 0 0 0 0
 2941 130238.000 32635.000 0 0 0.000 0.000 0.000 0.133 0 1 0 0 0 0
 2942 136282.000 35711.000 0 0 0.000 0.000 0.000 0.131 0 1 0 0 0 0
 2943 173046.000 110536.000 0 0 0.000 0.000 0.000 0.128 0 1 0 0 0 0
 2944 120237.000 170859.000 0 0 0.000 0.000 0.000 0.132 0 1 0 0 0 0
 2945 43226.000 52866.000 0 0 0.000 0.000 0.000 0.124 0 1 0 0 0 0
 2946 45496.000 50254.000 0 0 0.000 0.000 0.000 0.134 0 1 0 0 0 0
 2947 134178.000 34298.000 0 0 0.000 0.000 0.000 0.139 0 1 0 0 0 0
 2948 155427.000 50807.000 0 0 0.000 0.000 0.000 0.142 0 1 0 0 0 0
 2949 159009.000 55198.000 0 0 0.000 0.000 0.000 0.128 0 1 0 0 0 0
 2950 163828.000 62547.000 0 0 0.000 0.000 0.000 0.142 0 1 0 0 0 0
 2951 171976.000 82158.000 0 0 0.000 0.000 0.000 0.127 0 1 0 0 0 0
 2952 160030.000 143192.000 0 0 0.000 0.000 0.000 0.126 0 1 0 0 0 0
 2953 110301.000 173023.000 0 0 0.000 0.000 0.000 0.126 0 1 0 0 0 0
 2954 90917.000 173102.000 0 0 0.000 0.000 0.000 0.135 0 1 0 0 0 0
 2955 56770.000 159490.000 0 0 0.000 0.000 0.000 0.120 0 1 0 0 0 0
 2956 39098.000 141445.000 0 0 0.000 0.000 0.000 0.131 0 1 0 0 0 0
 2957 26505.000 105612.000 0 0 0.000 0.000 0.000 0.126 0 1 0 0 0 0
 2958 26235.000 99419.000 0 0 0.000 0.000 0.000 0.131 0 1 0 0 0 0
 2959 58553.000 38716.000 0 0 0.000 0.000 0.000 0.121 0 1 0 0 0 0
 2960 83991.000 27708.000 0 0 0.000 0.000 0.000 0.120 0 1 0 0 0 0
 2961 103671.000 25862.000 0 0 0.000 0.000 0.000 0.125 0 1 0 0 0 0
 2962 171271.000 79502.000 0 0 0.000 0.000 0.000 0.134 0 1 0 0 0 0
 2963 76305.000 170039.000 0 0 0.000 0.000 0.000 0.129 0 1 0 0 0 0
 2964 86003.000 27021.000 0 0 0.000 0.000 0.000 0.139 0 1 0 0 0 0
 2965 110453.000 26362.000 0 0 0.000 0.000 0.000 0.129 0 1 0 0 0 0
 2966 171497.000 79390.000 0 0 0.000 0.000 0.000 0.126 0 1 0 0 0 0
 2967 162173.000 140796.000 0 0 0.000 0.000 0.000 0.125 0 1 0 0 0 0
 2968 107598.000 173680.000 0 0 0.000 0.000 0.000 0.127 0 1 0 0 0 0
 2969 87136.000 172978.000 0 0 0.000 0.000 0.000 0.135 0 1 0 0 0 0
 2970 44121.000 148580.000 0 0 0.000 0.000 0.000 0.126 0 1 0 0 0 0
 2971 63878.000 34988.000 0 0 0.000 0.000 0.000 0.123 0 1 0 0 0 0
 2972 171064.000 122277.000 0 0 0.000 0.000 0.000 0.135 0 1 0 0 0 0
 2973 151314.000 153870.000 0 0 0.000 0.000 0.000 0.125 0 1 0 0 0 0
 2974 127038.000 169128.000 0 0 0.000 0.000 0.000 0.120 0 1 0 0 0 0
 2975 51108.000 155787.000 0 0 0.000 0.000 0.000 0.122 0 1 0 0 0 0
 2976 170921.000 76502.000 0 0 0.000 0.000 0.000 0.138 0 1 0 0 0 0
 2977 166662.000 133633.000 0 0 0.000 0.000 0.000 0.146 0 1 0 0 0 0
 2978 149831.000 155576.000 0 0 0.000 0.000 0.000 0.127 0 1 0 0 0 0
 2979 85550.000 172932.000 0 0 0.000 0.000 0.000 0.138 0 1 0 0 0 0
 2980 57598.000 38484.000 0 0 0.000 0.000 0.000 0.122 0 1 0 0 0 0
 2981 136646.000 165058.000 0 0 0.000 0.000 0.000 0.120 0 1 0 0 0 0
 2982 46112.000 151588.000 0 0 0.000 0.000 0.000 0.127 0 1 0 0 0 0
 2983 43082.000 148163.000 0 0 0.000 0.000 0.000 0.143 0 1 0 0 0 0
 2984 28293.000 79538.000 0 0 0.000 0.000 0.000 0.120 0 1 0 0 0 0
 2985 71684.000 30588.000 0 0 0.000 0.000 0.000 0.121 0 1 0 0 0 0
 2986 119813.000 172104.000 0 0 0.000 0.000 0.000 0.149 0 1 0 0 0 0
 2987 68157.000 167673.000 0 0 0.000 0.000 0.000 0.132 0 1 0 0 0 0
 2988 56009.000 160378.000 0 0 0.000 0.000 0.000 0.133 0 1 0 0 0 0
 2989 50434.000 155810.000 0 0 0.000 0.000 0.000 0.127 0 1 0 0 0 0
 2990 37982.000 141557.000 0 0 0.000 0.000 0.000 0.127 0 1 0 0 0 0
 2991 151037.000 155116.000 0 0 0.000 0.000 0.000 0.135 0 1 0 0 0 0
 2992 49266.000 155070.000 0 0 0.000 0.000 0.000 0.153 0 1 0 0 0 0
 2993 41776.000 52681.000 0 0 0.000 0.000 0.000 0.122 0 1 0 0 0 0
 2994 54243.000 40346.000 0 0 0.000 0.000 0.000 0.130 0 1 0 0 0 0
 2995 170399.000 72759.000 0 0 0.000 0.000 0.000 0.134 0 1 0 0 0 0
 2996 118936.000 172729.000 0 0 0.000 0.000 0.000 0.126 0 1 0 0 0 0
 2997 106338.000 174765.000 0 0 0.000 0.000 0.000 0.133 0 1 0 0 0 0
 2998 56450.000 38526.000 0 0 0.000 0.000 0.000 0.133 0 1 0 0 0 0
 2999 98533.000 24525.000 0 0 0.000 0.000 0.000 0.126 0 1 0 0 0 0
 3000 140678.000 36421.000 0 0 0.000 0.000 0.000 0.120 0 1 0 0 0 0
 3001 160250.000 54248.000 0 0 0.000 0.000 0.000 0.134 0 1 0 0 0 0
 3002 164756.000 61061.000 0 0 0.000 0.000 0.000 0.121 0 1 0 0 0 0
 3003 172500.000 78918.000 0 0 0.000 0.000 0.000 0.120 0 1 0 0 0 0
 3004 175465.000 101614.000 0 0 0.000 0.000 0.000 0.149 0 1 0 0 0 0
 3005 123043.000 171673.000 0 0 0.000 0.000 0.000 0.121 0 1 0 0 0 0
 3006 107195.000 174983.000 0 0 0.000 0.000 0.000 0.124 0 1 0 0 0 0
 3007 26804.000 117743.000 0 0 0.000 0.000 0.000 0.125 0 1 0 0 0 0
 3008 26551.000 83355.000 0 0 0.000 0.000 0.000 0.126 0 1 0 0 0 0
 3009 138718.000 34820.000 0 0 0.000 0.000 0.000 0.133 0 1 0 0 0 0
 3010 142069.000 36915.000 0 0 0.000 0.000 0.000 0.122 0 1 0 0 0 0
 3011 144746.000 38740.000 0 0 0.000 0.000 0.000 0.123 0 1 0 0 0 0
 3012 166233.000 63306.000 0 0 0.000 0.000 0.000 0.141 0 1 0 0 0 0
 3013 160914.000 144876.000 0 0 0.000 0.000 0.000 0.125 0 1 0 0 0 0
 3014 121433.000 172424.000 0 0 0.000 0.000 0.000 0.121 0 1 0 0 0 0
 3015 98828.000 175336.000 0 0 0.000 0.000 0.000 0.121 0 1 0 0 0 0
 3016 26947.000 118922.000 0 0 0.000 0.000 0.000 0.122 0 1 0 0 0 0
 3017 27731.000 77788.000 0 0 0.000 0.000 0.000 0.124 0 1 0 0 0 0
 3018 76201.000 28025.000 0 0 0.000 0.000 0.000 0.122 0 1 0 0 0 0
 3019 78523.000 27291.000 0 0 0.000 0.000 0.000 0.131 0 1 0 0 0 0
 3020 88241.000 25184.000 0 0 0.000 0.000 0.000 0.121 0 1 0 0 0 0
 3021 158754.000 147925.000 0 0 0.000 0.000 0.000 0.122 0 1 0 0 0 0
 3022 61102.000 164879.000 0 0 0.000 0.000 0.000 0.130 0 1 0 0 0 0
 3023 34994.000 138451.000 0 0 0.000 0.000 0.000 0.136 0 1 0 0 0 0
 3024 26233.000 116082.000 0 0 0.000 0.000 0.000 0.138 0 1 0 0 0 0
 3025 33913.000 63016.000 0 0 0.000 0.000 0.000 0.135 0 1 0 0 0 0
 3026 43205.000 49824.000 0 0 0.000 0.000 0.000 0.130 0 1 0 0 0 0
 3027 122973.000 27489.000 0 0 0.000 0.000 0.000 0.124 0 1 0 0 0 0
 3028 41504.000 147949.000 0 0 0.000 0.000 0.000 0.134 0 1 0 0 0 0
 3029 45713.000 46878.000 0 0 0.000 0.000 0.000 0.133 0 1 0 0 0 0
 3030 70883.000 29658.000 0 0 0.000 0.000 0.000 0.131 0 1 0 0 0 0
 3031 132533.000 168685.000 0 0 0.000 0.000 0.000 0.126 0 1 0 0 0 0
 3032 83696.000 174050.000 0 0 0.000 0.000 0.000 0.122 0 1 0 0 0 0
 3033 40765.000 52156.000 0 0 0.000 0.000 0.000 0.122 0 1 0 0 0 0
 3034 97620.000 176034.000 0 0 0.000 0.000 0.000 0.157 0 1 0 0 0 0
 3035 96144.000 176051.000 0 0 0.000 0.000 0.000 0.132 0 1 0 0 0 0
 3036 68482.000 169191.000 0 0 0.000 0.000 0.000 0.132 0 1 0 0 0 0
 3037 28428.000 73803.000 0 0 0.000 0.000 0.000 0.120 0 1 0 0 0 0
 3038 30093.000 69623.000 0 0 0.000 0.000 0.000 0.127 0 1 0 0 0 0
 3039 85978.000 24762.000 0 0 0.000 0.000 0.000 0.136 0 1 0 0 0 0
 3040 175606.000 111976.000 0 0 0.000 0.000 0.000 0.136 0 1 0 0 0 0
 3041 134429.000 168066.000 0 0 0.000 0.000 0.000 0.120 0 1 0 0 0 0
 3042 103186.000 176311.000 0 0 0.000 0.000 0.000 0.132 0 1 0 0 0 0
 3043 66394.000 168478.000 0 0 0.000 0.000 0.000 0.129 0 1 0 0 0 0
 3044 46457.000 154266.000 0 0 0.000 0.000 0.000 0.120 0 1 0 0 0 0
 3045 34801.000 139606.000 0 0 0.000 0.000 0.000 0.128 0 1 0 0 0 0
 3046 24509.000 111280.000 0 0 0.000 0.000 0.000 0.123 0 1 0 0 0 0
 3047 23656.000 99760.000 0 0 0.000 0.000 0.000 0.128 0 1 0 0 0 0
 3048 24400.000 89004.000 0 0 0.000 0.000 0.000 0.135 0 1 0 0 0 0
 3049 43103.000 48753.000 0 0 0.000 0.000 0.000 0.133 0 1 0 0 0 0
 3050 60937.000 34270.000 0 0 0.000 0.000 0.000 0.147 0 1 0 0 0 0
 3051 81437.000 25658.000 0 0 0.000 0.000 0.000 0.127 0 1 0 0 0 0
 3052 176050.000 89104.000 0 0 0.000 0.000 0.000 0.122 0 1 0 0 0 0
 3053 175460.000 114019.000 0 0 0.000 0.000 0.000 0.133 0 1 0 0 0 0
 3054 101060.000 176426.000 0 0 0.000 0.000 0.000 0.133 0 1 0 0 0 0
 3055 46482.000 154596.000 0 0 0.000 0.000 0.000 0.133 0 1 0 0 0 0
 3056 26518.000 121356.000 0 0 0.000 0.000 0.000 0.127 0 1 0 0 0 0
 3057 31524.000 65642.000 0 0 0.000 0.000 0.000 0.127 0 1 0 0 0 0
 3058 134495.000 31301.000 0 0 0.000 0.000 0.000 0.147 0 1 0 0 0 0
 3059 136346.000 32135.000 0 0 0.000 0.000 0.000 0.134 0 1 0 0 0 0
 3060 165222.000 59238.000 0 0 0.000 0.000 0.000 0.125 0 1 0 0 0 0
 3061 95873.000 176570.000 0 0 0.000 0.000 0.000 0.129 0 1 0 0 0 0
 3062 37589.000 55269.000 0 0 0.000 0.000 0.000 0.123 0 1 0 0 0 0
 3063 87295.000 24028.000 0 0 0.000 0.000 0.000 0.120 0 1 0 0 0 0
 3064 173953.000 121844.000 0 0 0.000 0.000 0.000 0.131 0 1 0 0 0 0
 3065 173670.000 122552.000 0 0 0.000 0.000 0.000 0.145 0 1 0 0 0 0
 3066 127725.000 171717.000 0 0 0.000 0.000 0.000 0.130 0 1 0 0 0 0
 3067 47787.000 156232.000 0 0 0.000 0.000 0.000 0.130 0 1 0 0 0 0
 3068 44751.000 153305.000 0 0 0.000 0.000 0.000 0.139 0 1 0 0 0 0
 3069 142065.000 35243.000 0 0 0.000 0.000 0.000 0.139 0 1 0 0 0 0
 3070 152564.000 43340.000 0 0 0.000 0.000 0.000 0.127 0 1 0 0 0 0
 3071 177280.000 102164.000 0 0 0.000 0.000 0.000 0.143 0 1 0 0 0 0
 3072 176192.000 112410.000 0 0 0.000 0.000 0.000 0.121 0 1 0 0 0 0
 3073 22998.000 102665.000 0 0 0.000 0.000 0.000 0.127 0 1 0 0 0 0
 3074 23477.000 91699.000 0 0 0.000 0.000 0.000 0.122 0 1 0 0 0 0
 3075 26270.000 77661.000 0 0 0.000 0.000 0.000 0.122 0 1 0 0 0 0
 3076 33271.000 61314.000 0 0 0.000 0.000 0.000 0.125 0 1 0 0 0 0
 3077 60942.000 33478.000 0 0 0.000 0.000 0.000 0.144 0 1 0 0 0 0
 3078 176195.000 114011.000 0 0 0.000 0.000 0.000 0.126 0 1 0 0 0 0
 3079 72935.000 172209.000 0 0 0.000 0.000 0.000 0.120 0 1 0 0 0 0
 3080 33615.000 139329.000 0 0 0.000 0.000 0.000 0.137 0 1 0 0 0 0
 3081 28456.000 71059.000 0 0 0.000 0.000 0.000 0.122 0 1 0 0 0 0
 3082 34546.000 58955.000 0 0 0.000 0.000 0.000 0.144 0 1 0 0 0 0
 3083 174079.000 76653.000 0 0 0.000 0.000 0.000 0.135 0 1 0 0 0 0
 3084 175975.000 83611.000 0 0 0.000 0.000 0.000 0.129 0 1 0 0 0 0
 3085 88063.000 176415.000 0 0 0.000 0.000 0.000 0.131 0 1 0 0 0 0
 3086 54872.000 162750.000 0 0 0.000 0.000 0.000 0.121 0 1 0 0 0 0
 3087 22704.000 102290.000 0 0 0.000 0.000 0.000 0.135 0 1 0 0 0 0
 3088 161658.000 52403.000 0 0 0.000 0.000 0.000 0.132 0 1 0 0 0 0
 3089 177820.000 100914.000 0 0 0.000 0.000 0.000 0.133 0 1 0 0 0 0
 3090 68957.000 170956.000 0 0 0.000 0.000 0.000 0.131 0 1 0 0 0 0
 3091 22742.000 93483.000 0 0 0.000 0.000 0.000 0.126 0 1 0 0 0 0
 3092 63385.000 31439.000 0 0 0.000 0.000 0.000 0.126 0 1 0 0 0 0
 3093 74278.000 26628.000 0 0 0.000 0.000 0.000 0.131 0 1 0 0 0 0
 3094 156633.000 46430.000 0 0 0.000 0.000 0.000 0.126 0 1 0 0 0 0
 3095 177481.000 107576.000 0 0 0.000 0.000 0.000 0.120 0 1 0 0 0 0
 3096 170252.000 133662.000 0 0 0.000 0.000 0.000 0.135 0 1 0 0 0 0
 3097 97819.000 177552.000 0 0 0.000 0.000 0.000 0.132 0 1 0 0 0 0
 3098 85681.000 176274.000 0 0 0.000 0.000 0.000 0.134 0 1 0 0 0 0
 3099 162025.000 52629.000 0 0 0.000 0.000 0.000 0.154 0 1 0 0 0 0
 3100 159931.000 149814.000 0 0 0.000 0.000 0.000 0.134 0 1 0 0 0 0
 3101 105197.000 177622.000 0 0 0.000 0.000 0.000 0.127 0 1 0 0 0 0
 3102 67243.000 170519.000 0 0 0.000 0.000 0.000 0.137 0 1 0 0 0 0
 3103 23757.000 115699.000 0 0 0.000 0.000 0.000 0.127 0 1 0 0 0 0
 3104 67996.000 28662.000 0 0 0.000 0.000 0.000 0.123 0 1 0 0 0 0
 3105 101508.000 21735.000 0 0 0.000 0.000 0.000 0.127 0 1 0 0 0 0
 3106 103332.000 21790.000 0 0 0.000 0.000 0.000 0.126 0 1 0 0 0 0
 3107 149449.000 39350.000 0 0 0.000 0.000 0.000 0.135 0 1 0 0 0 0
 3108 177431.000 88126.000 0 0 0.000 0.000 0.000 0.139 0 1 0 0 0 0
 3109 166091.000 141827.000 0 0 0.000 0.000 0.000 0.129 0 1 0 0 0 0
 3110 150420.000 159718.000 0 0 0.000 0.000 0.000 0.124 0 1 0 0 0 0
 3111 128770.000 172510.000 0 0 0.000 0.000 0.000 0.121 0 1 0 0 0 0
 3112 36291.000 144911.000 0 0 0.000 0.000 0.000 0.128 0 1 0 0 0 0
 3113 24664.000 120296.000 0 0 0.000 0.000 0.000 0.128 0 1 0 0 0 0
 3114 23653.000 116196.000 0 0 0.000 0.000 0.000 0.139 0 1 0 0 0 0
 3115 22752.000 110739.000 0 0 0.000 0.000 0.000 0.129 0 1 0 0 0 0
 3116 22038.000 97867.000 0 0 0.000 0.000 0.000 0.120 0 1 0 0 0 0
 3117 30238.000 64955.000 0 0 0.000 0.000 0.000 0.123 0 1 0 0 0 0
 3118 45815.000 43583.000 0 0 0.000 0.000 0.000 0.138 0 1 0 0 0 0
 3119 59613.000 32870.000 0 0 0.000 0.000 0.000 0.128 0 1 0 0 0 0
 3120 93856.000 21815.000 0 0 0.000 0.000 0.000 0.129 0 1 0 0 0 0
 3121 101125.000 21609.000 0 0 0.000 0.000 0.000 0.122 0 1 0 0 0 0
 3122 147030.000 37106.000 0 0 0.000 0.000 0.000 0.124 0 1 0 0 0 0
 3123 139404.000 167591.000 0 0 0.000 0.000 0.000 0.122 0 1 0 0 0 0
 3124 123634.000 174646.000 0 0 0.000 0.000 0.000 0.129 0 1 0 0 0 0
 3125 109967.000 177605.000 0 0 0.000 0.000 0.000 0.135 0 1 0 0 0 0
 3126 32216.000 138988.000 0 0 0.000 0.000 0.000 0.127 0 1 0 0 0 0
 3127 45746.000 43429.000 0 0 0.000 0.000 0.000 0.120 0 1 0 0 0 0
 3128 127817.000 173219.000 0 0 0.000 0.000 0.000 0.124 0 1 0 0 0 0
 3129 37887.000 147644.000 0 0 0.000 0.000 0.000 0.127 0 1 0 0 0 0
 3130 21695.000 103301.000 0 0 0.000 0.000 0.000 0.123 0 1 0 0 0 0
 3131 31842.000 61008.000 0 0 0.000 0.000 0.000 0.133 0 1 0 0 0 0
 3132 64041.000 30042.000 0 0 0.000 0.000 0.000 0.303 0 1 0 0 0 0
 3133 99238.000 21305.000 0 0 0.000 0.000 0.000 0.124 0 1 0 0 0 0
 3134 127407.000 26025.000 0 0 0.000 0.000 0.000 200000.000 0 1 0 200 0 0
 3135 133114.000 28457.000 0 0 0.000 0.000 0.000 0.120 0 1 0 0 0 0
 3136 172385.000 68693.000 0 0 0.000 0.000 0.000 0.134 0 1 0 0 0 0
 3137 165117.000 144297.000 0 0 0.000 0.000 0.000 0.133 0 1 0 0 0 0
 3138 78306.000 175432.000 0 0 0.000 0.000 0.000 0.120 0 1 0 0 0 0
 3139 38785.000 148956.000 0 0 0.000 0.000 0.000 0.133 0 1 0 0 0 0
 3140 34674.000 143376.000 0 0 0.000 0.000 0.000 0.132 0 1 0 0 0 0
 3141 28093.000 68272.000 0 0 0.000 0.000 0.000 0.128 0 1 0 0 0 0
 3142 34583.000 56139.000 0 0 0.000 0.000 0.000 0.128 0 1 0 0 0 0
 3143 47675.000 41162.000 0 0 0.000 0.000 0.000 0.121 0 1 0 0 0 0
 3144 49322.000 160146.000 0 0 0.000 0.000 0.000 0.124 0 1 0 0 0 0
 3145 25425.000 124807.000 0 0 0.000 0.000 0.000 0.125 0 1 0 0 0 0
 3146 29000.000 65771.000 0 0 0.000 0.000 0.000 0.134 0 1 0 0 0 0
 3147 38793.000 50185.000 0 0 0.000 0.000 0.000 0.122 0 1 0 0 0 0
 3148 91796.000 21492.000 0 0 0.000 0.000 0.000 0.120 0 1 0 0 0 0
 3149 178667.000 91565.000 0 0 0.000 0.000 0.000 0.137 0 1 0 0 0 0
 3150 158158.000 153323.000 0 0 0.000 0.000 0.000 0.140 0 1 0 0 0 0
 3151 138561.000 168754.000 0 0 0.000 0.000 0.000 0.140 0 1 0 0 0 0
 3152 52541.000 162813.000 0 0 0.000 0.000 0.000 0.131 0 1 0 0 0 0
 3153 42495.000 45730.000 0 0 0.000 0.000 0.000 0.127 0 1 0 0 0 0
 3154 171478.000 134090.000 0 0 0.000 0.000 0.000 0.137 0 1 0 0 0 0
 3155 157585.000 154213.000 0 0 0.000 0.000 0.000 0.134 0 1 0 0 0 0
 3156 136779.000 170113.000 0 0 0.000 0.000 0.000 0.134 0 1 0 0 0 0
 3157 45717.000 157284.000 0 0 0.000 0.000 0.000 0.129 0 1 0 0 0 0
 3158 27109.000 130400.000 0 0 0.000 0.000 0.000 0.121 0 1 0 0 0 0
 3159 21035.000 99037.000 0 0 0.000 0.000 0.000 0.123 0 1 0 0 0 0
 3160 96910.000 20649.000 0 0 0.000 0.000 0.000 0.121 0 1 0 0 0 0
 3161 171281.000 134965.000 0 0 0.000 0.000 0.000 0.123 0 1 0 0 0 0
 3162 168392.000 140393.000 0 0 0.000 0.000 0.000 0.127 0 1 0 0 0 0
 3163 134029.000 171602.000 0 0 0.000 0.000 0.000 0.123 0 1 0 0 0 0
 3164 27437.000 131566.000 0 0 0.000 0.000 0.000 0.121 0 1 0 0 0 0
 3165 26736.000 130173.000 0 0 0.000 0.000 0.000 0.126 0 1 0 0 0 0
 3166 20797.000 103108.000 0 0 0.000 0.000 0.000 0.126 0 1 0 0 0 0
 3167 174096.000 70649.000 0 0 0.000 0.000 0.000 0.122 0 1 0 0 0 0
 3168 179564.000 103430.000 0 0 0.000 0.000 0.000 0.124 0 1 0 0 0 0
 3169 89478.000 178674.000 0 0 0.000 0.000 0.000 0.128 0 1 0 0 0 0
 3170 89099.000 178578.000 0 0 0.000 0.000 0.000 0.143 0 1 0 0 0 0
 3171 81014.000 177078.000 0 0 0.000 0.000 0.000 0.133 0 1 0 0 0 0
 3172 25494.000 72390.000 0 0 0.000 0.000 0.000 0.120 0 1 0 0 0 0
 3173 43772.000 43805.000 0 0 0.000 0.000 0.000 0.121 0 1 0 0 0 0
 3174 90320.000 20802.000 0 0 0.000 0.000 0.000 0.141 0 1 0 0 0 0
 3175 120588.000 22811.000 0 0 0.000 0.000 0.000 0.130 0 1 0 0 0 0
 3176 135561.000 28595.000 0 0 0.000 0.000 0.000 0.137 0 1 0 0 0 0
 3177 173362.000 131348.000 0 0 0.000 0.000 0.000 0.135 0 1 0 0 0 0
 3178 157805.000 154926.000 0 0 0.000 0.000 0.000 0.135 0 1 0 0 0 0
 3179 100647.000 179435.000 0 0 0.000 0.000 0.000 0.132 0 1 0 0 0 0
 3180 97559.000 179442.000 0 0 0.000 0.000 0.000 0.122 0 1 0 0 0 0
 3181 48571.000 160474.000 0 0 0.000 0.000 0.000 0.135 0 1 0 0 0 0
 3182 43189.000 155539.000 0 0 0.000 0.000 0.000 0.131 0 1 0 0 0 0
 3183 20562.000 95945.000 0 0 0.000 0.000 0.000 0.124 0 1 0 0 0 0
 3184 134548.000 27893.000 0 0 0.000 0.000 0.000 0.129 0 1 0 0 0 0
 3185 175931.000 74851.000 0 0 0.000 0.000 0.000 0.139 0 1 0 0 0 0
 3186 165567.000 53803.000 0 0 0.000 0.000 0.000 0.121 0 1 0 0 0 0
 3187 39024.000 48111.000 0 0 0.000 0.000 0.000 0.127 0 1 0 0 0 0
 3188 104868.000 19886.000 0 0 0.000 0.000 0.000 0.128 0 1 0 0 0 0
 3189 82729.000 178045.000 0 0 0.000 0.000 0.000 0.124 0 1 0 0 0 0
 3190 75285.000 175983.000 0 0 0.000 0.000 0.000 0.138 0 1 0 0 0 0
 3191 28694.000 136278.000 0 0 0.000 0.000 0.000 0.142 0 1 0 0 0 0
 3192 21712.000 116336.000 0 0 0.000 0.000 0.000 0.134 0 1 0 0 0 0
 3193 52687.000 35225.000 0 0 0.000 0.000 0.000 0.137 0 1 0 0 0 0
 3194 138804.000 29429.000 0 0 0.000 0.000 0.000 0.143 0 1 0 0 0 0
 3195 143888.000 32397.000 0 0 0.000 0.000 0.000 0.133 0 1 0 0 0 0
 3196 160143.000 153320.000 0 0 0.000 0.000 0.000 0.120 0 1 0 0 0 0
 3197 158992.000 154495.000 0 0 0.000 0.000 0.000 0.120 0 1 0 0 0 0
 3198 143338.000 167638.000 0 0 0.000 0.000 0.000 0.123 0 1 0 0 0 0
 3199 49406.000 162071.000 0 0 0.000 0.000 0.000 0.123 0 1 0 0 0 0
 3200 37519.000 150013.000 0 0 0.000 0.000 0.000 0.120 0 1 0 0 0 0
 3201 109815.000 19979.000 0 0 0.000 0.000 0.000 0.142 0 1 0 0 0 0
 3202 180366.000 106013.000 0 0 0.000 0.000 0.000 0.122 0 1 0 0 0 0
 3203 167225.000 144393.000 0 0 0.000 0.000 0.000 0.129 0 1 0 0 0 0
 3204 133432.000 173223.000 0 0 0.000 0.000 0.000 0.133 0 1 0 0 0 0
 3205 24305.000 72579.000 0 0 0.000 0.000 0.000 0.125 0 1 0 0 0 0
 3206 93244.000 19613.000 0 0 0.000 0.000 0.000 0.121 0 1 0 0 0 0
 3207 105454.000 19351.000 0 0 0.000 0.000 0.000 0.122 0 1 0 0 0 0
 3208 172261.000 63612.000 0 0 0.000 0.000 0.000 0.124 0 1 0 0 0 0
 3209 57200.000 168065.000 0 0 0.000 0.000 0.000 0.132 0 1 0 0 0 0
 3210 33083.000 54959.000 0 0 0.000 0.000 0.000 0.137 0 1 0 0 0 0
 3211 70694.000 24538.000 0 0 0.000 0.000 0.000 0.130 0 1 0 0 0 0
 3212 88910.000 19788.000 0 0 0.000 0.000 0.000 0.134 0 1 0 0 0 0
 3213 152990.000 38611.000 0 0 0.000 0.000 0.000 0.125 0 1 0 0 0 0
 3214 179744.000 85683.000 0 0 0.000 0.000 0.000 0.127 0 1 0 0 0 0
 3215 180781.000 93932.000 0 0 0.000 0.000 0.000 0.126 0 1 0 0 0 0
 3216 153761.000 160331.000 0 0 0.000 0.000 0.000 0.121 0 1 0 0 0 0
 3217 148217.000 164907.000 0 0 0.000 0.000 0.000 0.132 0 1 0 0 0 0
 3218 83051.000 178902.000 0 0 0.000 0.000 0.000 0.124 0 1 0 0 0 0
 3219 54270.000 166371.000 0 0 0.000 0.000 0.000 0.121 0 1 0 0 0 0
 3220 42363.000 156524.000 0 0 0.000 0.000 0.000 0.125 0 1 0 0 0 0
 3221 55337.000 32416.000 0 0 0.000 0.000 0.000 0.135 0 1 0 0 0 0
 3222 181024.000 105958.000 0 0 0.000 0.000 0.000 0.134 0 1 0 0 0 0
 3223 168434.000 143666.000 0 0 0.000 0.000 0.000 0.128 0 1 0 0 0 0
 3224 134435.000 173254.000 0 0 0.000 0.000 0.000 0.137 0 1 0 0 0 0
 3225 81895.000 178822.000 0 0 0.000 0.000 0.000 0.135 0 1 0 0 0 0
 3226 24316.000 128514.000 0 0 0.000 0.000 0.000 0.131 0 1 0 0 0 0
 3227 91370.000 19161.000 0 0 0.000 0.000 0.000 0.121 0 1 0 0 0 0
 3228 137239.000 27596.000 0 0 0.000 0.000 0.000 0.123 0 1 0 0 0 0
 3229 148033.000 34267.000 0 0 0.000 0.000 0.000 0.131 0 1 0 0 0 0
 3230 181242.000 104040.000 0 0 0.000 0.000 0.000 0.128 0 1 0 0 0 0
 3231 164753.000 149089.000 0 0 0.000 0.000 0.000 0.136 0 1 0 0 0 0
 3232 160834.000 153821.000 0 0 0.000 0.000 0.000 0.124 0 1 0 0 0 0
 3233 151815.000 162508.000 0 0 0.000 0.000 0.000 0.129 0 1 0 0 0 0
 3234 24288.000 70826.000 0 0 0.000 0.000 0.000 0.144 0 1 0 0 0 0
 3235 28714.000 61073.000 0 0 0.000 0.000 0.000 0.131 0 1 0 0 0 0
 3236 47569.000 37872.000 0 0 0.000 0.000 0.000 0.120 0 1 0 0 0 0
 3237 85792.000 19839.000 0 0 0.000 0.000 0.000 0.134 0 1 0 0 0 0
 3238 98025.000 18567.000 0 0 0.000 0.000 0.000 0.127 0 1 0 0 0 0
 3239 126006.000 22776.000 0 0 0.000 0.000 0.000 0.122 0 1 0 0 0 0
 3240 149975.000 35502.000 0 0 0.000 0.000 0.000 0.134 0 1 0 0 0 0
 3241 176015.000 129139.000 0 0 0.000 0.000 0.000 0.133 0 1 0 0 0 0
 3242 25798.000 132881.000 0 0 0.000 0.000 0.000 0.131 0 1 0 0 0 0
 3243 23231.000 126100.000 0 0 0.000 0.000 0.000 0.143 0 1 0 0 0 0
 3244 64175.000 26735.000 0 0 0.000 0.000 0.000 0.129 0 1 0 0 0 0
 3245 99019.000 18304.000 0 0 0.000 0.000 0.000 0.129 0 1 0 0 0 0
 3246 127443.000 23071.000 0 0 0.000 0.000 0.000 0.143 0 1 0 0 0 0
 3247 156153.000 40476.000 0 0 0.000 0.000 0.000 0.125 0 1 0 0 0 0
 3248 121893.000 178331.000 0 0 0.000 0.000 0.000 0.121 0 1 0 0 0 0
 3249 21955.000 123126.000 0 0 0.000 0.000 0.000 0.122 0 1 0 0 0 0
 3250 49947.000 35570.000 0 0 0.000 0.000 0.000 0.137 0 1 0 0 0 0
 3251 136709.000 26751.000 0 0 0.000 0.000 0.000 0.137 0 1 0 0 0 0
 3252 178702.000 77699.000 0 0 0.000 0.000 0.000 0.123 0 1 0 0 0 0
 3253 181934.000 100106.000 0 0 0.000 0.000 0.000 0.124 0 1 0 0 0 0
 3254 45801.000 160764.000 0 0 0.000 0.000 0.000 0.122 0 1 0 0 0 0
 3255 29179.000 59405.000 0 0 0.000 0.000 0.000 0.124 0 1 0 0 0 0
 3256 92014.000 18490.000 0 0 0.000 0.000 0.000 0.123 0 1 0 0 0 0
 3257 174798.000 66158.000 0 0 0.000 0.000 0.000 0.123 0 1 0 0 0 0
 3258 123582.000 178255.000 0 0 0.000 0.000 0.000 0.120 0 1 0 0 0 0
 3259 34383.000 148657.000 0 0 0.000 0.000 0.000 0.140 0 1 0 0 0 0
 3260 27513.000 137775.000 0 0 0.000 0.000 0.000 0.131 0 1 0 0 0 0
 3261 24151.000 130572.000 0 0 0.000 0.000 0.000 0.130 0 1 0 0 0 0
 3262 19884.000 116029.000 0 0 0.000 0.000 0.000 0.137 0 1 0 0 0 0
 3263 82786.000 19795.000 0 0 0.000 0.000 0.000 0.126 0 1 0 0 0 0
 3264 101448.000 17893.000 0 0 0.000 0.000 0.000 0.130 0 1 0 0 0 0
 3265 156371.000 40245.000 0 0 0.000 0.000 0.000 0.133 0 1 0 0 0 0
 3266 164291.000 151065.000 0 0 0.000 0.000 0.000 0.139 0 1 0 0 0 0
 3267 44795.000 160256.000 0 0 0.000 0.000 0.000 0.120 0 1 0 0 0 0
 3268 32216.000 53725.000 0 0 0.000 0.000 0.000 0.130 0 1 0 0 0 0
 3269 141268.000 171015.000 0 0 0.000 0.000 0.000 0.134 0 1 0 0 0 0
 3270 51454.000 165960.000 0 0 0.000 0.000 0.000 0.147 0 1 0 0 0 0
 3271 19329.000 115336.000 0 0 0.000 0.000 0.000 0.130 0 1 0 0 0 0
 3272 25646.000 64748.000 0 0 0.000 0.000 0.000 0.127 0 1 0 0 0 0
 3273 30386.000 56337.000 0 0 0.000 0.000 0.000 0.133 0 1 0 0 0 0
 3274 52405.000 32754.000 0 0 0.000 0.000 0.000 0.126 0 1 0 0 0 0
 3275 92447.000 17869.000 0 0 0.000 0.000 0.000 0.125 0 1 0 0 0 0
 3276 150003.000 34188.000 0 0 0.000 0.000 0.000 0.129 0 1 0 0 0 0
 3277 162605.000 46136.000 0 0 0.000 0.000 0.000 0.123 0 1 0 0 0 0
 3278 174615.000 135011.000 0 0 0.000 0.000 0.000 0.125 0 1 0 0 0 0
 3279 141244.000 171362.000 0 0 0.000 0.000 0.000 0.125 0 1 0 0 0 0
 3280 110443.000 181542.000 0 0 0.000 0.000 0.000 0.137 0 1 0 0 0 0
 3281 73587.000 177832.000 0 0 0.000 0.000 0.000 0.137 0 1 0 0 0 0
 3282 41173.000 42160.000 0 0 0.000 0.000 0.000 0.127 0 1 0 0 0 0
 3283 181272.000 84257.000 0 0 0.000 0.000 0.000 0.129 0 1 0 0 0 0
 3284 171213.000 141955.000 0 0 0.000 0.000 0.000 0.124 0 1 0 0 0 0
 3285 122833.000 179221.000 0 0 0.000 0.000 0.000 0.125 0 1 0 0 0 0
 3286 62533.000 173223.000 0 0 0.000 0.000 0.000 0.145 0 1 0 0 0 0
 3287 51909.000 166770.000 0 0 0.000 0.000 0.000 0.120 0 1 0 0 0 0
 3288 37472.000 46113.000 0 0 0.000 0.000 0.000 0.131 0 1 0 0 0 0
 3289 112011.000 17996.000 0 0 0.000 0.000 0.000 0.128 0 1 0 0 0 0
 3290 120726.000 19814.000 0 0 0.000 0.000 0.000 0.122 0 1 0 0 0 0
 3291 163730.000 46942.000 0 0 0.000 0.000 0.000 0.120 0 1 0 0 0 0
 3292 177093.000 130094.000 0 0 0.000 0.000 0.000 0.126 0 1 0 0 0 0
 3293 153051.000 163316.000 0 0 0.000 0.000 0.000 0.147 0 1 0 0 0 0
 3294 118879.000 180379.000 0 0 0.000 0.000 0.000 0.129 0 1 0 0 0 0
 3295 29404.000 142875.000 0 0 0.000 0.000 0.000 0.125 0 1 0 0 0 0
 3296 53400.000 31483.000 0 0 0.000 0.000 0.000 0.146 0 1 0 0 0 0
 3297 82442.000 18927.000 0 0 0.000 0.000 0.000 0.128 0 1 0 0 0 0
 3298 82730.000 18924.000 0 0 0.000 0.000 0.000 0.143 0 1 0 0 0 0
 3299 153908.000 36775.000 0 0 0.000 0.000 0.000 0.129 0 1 0 0 0 0
 3300 135640.000 174830.000 0 0 0.000 0.000 0.000 0.123 0 1 0 0 0 0
 3301 17426.000 105993.000 0 0 0.000 0.000 0.000 0.128 0 1 0 0 0 0
 3302 18229.000 87074.000 0 0 0.000 0.000 0.000 0.133 0 1 0 0 0 0
 3303 22539.000 70507.000 0 0 0.000 0.000 0.000 0.125 0 1 0 0 0 0
 3304 57026.000 28875.000 0 0 0.000 0.000 0.000 0.131 0 1 0 0 0 0
 3305 156895.000 39172.000 0 0 0.000 0.000 0.000 0.125 0 1 0 0 0 0
 3306 179158.000 74326.000 0 0 0.000 0.000 0.000 0.125 0 1 0 0 0 0
 3307 182819.000 108924.000 0 0 0.000 0.000 0.000 0.126 0 1 0 0 0 0
 3308 154078.000 163068.000 0 0 0.000 0.000 0.000 0.126 0 1 0 0 0 0
 3309 153811.000 163345.000 0 0 0.000 0.000 0.000 0.127 0 1 0 0 0 0
 3310 143025.000 171032.000 0 0 0.000 0.000 0.000 0.151 0 1 0 0 0 0
 3311 98377.000 182936.000 0 0 0.000 0.000 0.000 0.139 0 1 0 0 0 0
 3312 20338.000 76887.000 0 0 0.000 0.000 0.000 0.128 0 1 0 0 0 0
 3313 68349.000 23001.000 0 0 0.000 0.000 0.000 0.123 0 1 0 0 0 0
 3314 117939.000 18696.000 0 0 0.000 0.000 0.000 0.120 0 1 0 0 0 0
 3315 129661.000 22112.000 0 0 0.000 0.000 0.000 0.125 0 1 0 0 0 0
 3316 165925.000 48733.000 0 0 0.000 0.000 0.000 0.133 0 1 0 0 0 0
 3317 167738.000 51289.000 0 0 0.000 0.000 0.000 0.135 0 1 0 0 0 0
 3318 161119.000 156565.000 0 0 0.000 0.000 0.000 0.149 0 1 0 0 0 0
 3319 96054.000 182963.000 0 0 0.000 0.000 0.000 0.122 0 1 0 0 0 0
 3320 54323.000 169381.000 0 0 0.000 0.000 0.000 0.133 0 1 0 0 0 0
 3321 52065.000 167768.000 0 0 0.000 0.000 0.000 0.147 0 1 0 0 0 0
 3322 36469.000 153426.000 0 0 0.000 0.000 0.000 0.122 0 1 0 0 0 0
 3323 36003.000 152983.000 0 0 0.000 0.000 0.000 0.129 0 1 0 0 0 0
 3324 19025.000 81683.000 0 0 0.000 0.000 0.000 0.128 0 1 0 0 0 0
 3325 24313.000 65352.000 0 0 0.000 0.000 0.000 0.131 0 1 0 0 0 0
 3326 120835.000 19034.000 0 0 0.000 0.000 0.000 0.132 0 1 0 0 0 0
 3327 142388.000 27945.000 0 0 0.000 0.000 0.000 0.122 0 1 0 0 0 0
 3328 154676.000 36736.000 0 0 0.000 0.000 0.000 0.129 0 1 0 0 0 0
 3329 174542.000 62126.000 0 0 0.000 0.000 0.000 0.139 0 1 0 0 0 0
 3330 180568.000 77509.000 0 0 0.000 0.000 0.000 0.131 0 1 0 0 0 0
 3331 164481.000 152957.000 0 0 0.000 0.000 0.000 0.126 0 1 0 0 0 0
 3332 38573.000 156242.000 0 0 0.000 0.000 0.000 0.125 0 1 0 0 0 0
 3333 24143.000 134361.000 0 0 0.000 0.000 0.000 0.136 0 1 0 0 0 0
 3334 18320.000 83575.000 0 0 0.000 0.000 0.000 0.124 0 1 0 0 0 0
 3335 113424.000 17445.000 0 0 0.000 0.000 0.000 0.124 0 1 0 0 0 0
 3336 165560.000 47953.000 0 0 0.000 0.000 0.000 0.129 0 1 0 0 0 0
 3337 169677.000 53441.000 0 0 0.000 0.000 0.000 0.134 0 1 0 0 0 0
 3338 170003.000 145677.000 0 0 0.000 0.000 0.000 0.142 0 1 0 0 0 0
 3339 176158.000 134839.000 0 0 0.000 0.000 0.000 0.138 0 1 0 0 0 0
 3340 169676.000 146412.000 0 0 0.000 0.000 0.000 0.125 0 1 0 0 0 0
 3341 27280.000 141284.000 0 0 0.000 0.000 0.000 0.137 0 1 0 0 0 0
 3342 31819.000 51398.000 0 0 0.000 0.000 0.000 0.121 0 1 0 0 0 0
 3343 102950.000 16105.000 0 0 0.000 0.000 0.000 0.131 0 1 0 0 0 0
 3344 133452.000 22960.000 0 0 0.000 0.000 0.000 0.141 0 1 0 0 0 0
 3345 180245.000 74601.000 0 0 0.000 0.000 0.000 0.123 0 1 0 0 0 0
 3346 181981.000 81132.000 0 0 0.000 0.000 0.000 0.123 0 1 0 0 0 0
 3347 182940.000 85826.000 0 0 0.000 0.000 0.000 0.131 0 1 0 0 0 0
 3348 184013.000 96075.000 0 0 0.000 0.000 0.000 0.125 0 1 0 0 0 0
 3349 167608.000 149795.000 0 0 0.000 0.000 0.000 0.123 0 1 0 0 0 0
 3350 131481.000 177642.000 0 0 0.000 0.000 0.000 0.123 0 1 0 0 0 0
 3351 117134.000 182123.000 0 0 0.000 0.000 0.000 0.128 0 1 0 0 0 0
 3352 87846.000 182756.000 0 0 0.000 0.000 0.000 0.121 0 1 0 0 0 0
 3353 23064.000 66860.000 0 0 0.000 0.000 0.000 0.120 0 1 0 0 0 0
 3354 170633.000 54014.000 0 0 0.000 0.000 0.000 0.120 0 1 0 0 0 0
 3355 182689.000 83653.000 0 0 0.000 0.000 0.000 0.125 0 1 0 0 0 0
 3356 184059.000 104105.000 0 0 0.000 0.000 0.000 0.130 0 1 0 0 0 0
 3357 174620.000 138753.000 0 0 0.000 0.000 0.000 0.134 0 1 0 0 0 0
 3358 66082.000 176763.000 0 0 0.000 0.000 0.000 0.122 0 1 0 0 0 0
 3359 63358.000 24088.000 0 0 0.000 0.000 0.000 0.129 0 1 0 0 0 0
 3360 157208.000 37922.000 0 0 0.000 0.000 0.000 0.137 0 1 0 0 0 0
 3361 157669.000 38339.000 0 0 0.000 0.000 0.000 0.138 0 1 0 0 0 0
 3362 174522.000 60097.000 0 0 0.000 0.000 0.000 0.133 0 1 0 0 0 0
 3363 184071.000 93182.000 0 0 0.000 0.000 0.000 0.121 0 1 0 0 0 0
 3364 175660.000 137427.000 0 0 0.000 0.000 0.000 0.124 0 1 0 0 0 0
 3365 163541.000 155349.000 0 0 0.000 0.000 0.000 0.120 0 1 0 0 0 0
 3366 125015.000 180331.000 0 0 0.000 0.000 0.000 0.132 0 1 0 0 0 0
 3367 86517.000 182982.000 0 0 0.000 0.000 0.000 0.122 0 1 0 0 0 0
 3368 117587.000 17417.000 0 0 0.000 0.000 0.000 0.147 0 1 0 0 0 0
 3369 129003.000 20622.000 0 0 0.000 0.000 0.000 0.134 0 1 0 0 0 0
 3370 162883.000 43390.000 0 0 0.000 0.000 0.000 0.122 0 1 0 0 0 0
 3371 121936.000 181416.000 0 0 0.000 0.000 0.000 0.120 0 1 0 0 0 0
 3372 23851.000 63522.000 0 0 0.000 0.000 0.000 0.134 0 1 0 0 0 0
 3373 97010.000 15332.000 0 0 0.000 0.000 0.000 0.127 0 1 0 0 0 0
 3374 124533.000 18996.000 0 0 0.000 0.000 0.000 0.120 0 1 0 0 0 0
 3375 138362.000 24422.000 0 0 0.000 0.000 0.000 0.125 0 1 0 0 0 0
 3376 182240.000 120069.000 0 0 0.000 0.000 0.000 0.127 0 1 0 0 0 0
 3377 176959.000 135283.000 0 0 0.000 0.000 0.000 0.125 0 1 0 0 0 0
 3378 96737.000 184331.000 0 0 0.000 0.000 0.000 0.131 0 1 0 0 0 0
 3379 104977.000 15336.000 0 0 0.000 0.000 0.000 0.130 0 1 0 0 0 0
 3380 146676.000 28984.000 0 0 0.000 0.000 0.000 0.149 0 1 0 0 0 0
 3381 183984.000 112123.000 0 0 0.000 0.000 0.000 0.121 0 1 0 0 0 0
 3382 166939.000 151977.000 0 0 0.000 0.000 0.000 0.124 0 1 0 0 0 0
 3383 149785.000 168486.000 0 0 0.000 0.000 0.000 0.123 0 1 0 0 0 0
 3384 31377.000 149443.000 0 0 0.000 0.000 0.000 0.125 0 1 0 0 0 0
 3385 22563.000 134056.000 0 0 0.000 0.000 0.000 0.136 0 1 0 0 0 0
 3386 18788.000 75701.000 0 0 0.000 0.000 0.000 0.127 0 1 0 0 0 0
 3387 21649.000 67736.000 0 0 0.000 0.000 0.000 0.125 0 1 0 0 0 0
 3388 24349.000 61763.000 0 0 0.000 0.000 0.000 0.129 0 1 0 0 0 0
 3389 175110.000 139891.000 0 0 0.000 0.000 0.000 0.128 0 1 0 0 0 0
 3390 19237.000 73900.000 0 0 0.000 0.000 0.000 0.128 0 1 0 0 0 0
 3391 42840.000 37074.000 0 0 0.000 0.000 0.000 0.120 0 1 0 0 0 0
 3392 80173.000 17234.000 0 0 0.000 0.000 0.000 0.122 0 1 0 0 0 0
 3393 88813.000 15625.000 0 0 0.000 0.000 0.000 0.129 0 1 0 0 0 0
 3394 136440.000 22816.000 0 0 0.000 0.000 0.000 0.123 0 1 0 0 0 0
 3395 147885.000 29386.000 0 0 0.000 0.000 0.000 0.124 0 1 0 0 0 0
 3396 155665.000 35323.000 0 0 0.000 0.000 0.000 0.121 0 1 0 0 0 0
 3397 180219.000 70854.000 0 0 0.000 0.000 0.000 0.122 0 1 0 0 0 0
 3398 169707.000 148852.000 0 0 0.000 0.000 0.000 0.124 0 1 0 0 0 0
 3399 138863.000 175679.000 0 0 0.000 0.000 0.000 0.142 0 1 0 0 0 0
 3400 45568.000 165022.000 0 0 0.000 0.000 0.000 0.120 0 1 0 0 0 0
 3401 15829.000 87862.000 0 0 0.000 0.000 0.000 0.125 0 1 0 0 0 0
 3402 17651.000 78723.000 0 0 0.000 0.000 0.000 0.125 0 1 0 0 0 0
 3403 74319.000 18624.000 0 0 0.000 0.000 0.000 0.120 0 1 0 0 0 0
 3404 136520.000 22722.000 0 0 0.000 0.000 0.000 0.127 0 1 0 0 0 0
 3405 140688.000 24941.000 0 0 0.000 0.000 0.000 0.132 0 1 0 0 0 0
 3406 141282.000 25081.000 0 0 0.000 0.000 0.000 0.127 0 1 0 0 0 0
 3407 183776.000 83127.000 0 0 0.000 0.000 0.000 0.124 0 1 0 0 0 0
 3408 17245.000 119584.000 0 0 0.000 0.000 0.000 0.132 0 1 0 0 0 0
 3409 15687.000 112197.000 0 0 0.000 0.000 0.000 0.124 0 1 0 0 0 0
 3410 18398.000 75308.000 0 0 0.000 0.000 0.000 0.130 0 1 0 0 0 0
 3411 20673.000 68783.000 0 0 0.000 0.000 0.000 0.121 0 1 0 0 0 0
 3412 133517.000 21128.000 0 0 0.000 0.000 0.000 0.131 0 1 0 0 0 0
 3413 181626.000 74221.000 0 0 0.000 0.000 0.000 0.136 0 1 0 0 0 0
 3414 184592.000 86552.000 0 0 0.000 0.000 0.000 0.123 0 1 0 0 0 0
 3415 25162.000 140894.000 0 0 0.000 0.000 0.000 0.131 0 1 0 0 0 0
 3416 29780.000 51335.000 0 0 0.000 0.000 0.000 0.129 0 1 0 0 0 0
 3417 43430.000 35754.000 0 0 0.000 0.000 0.000 0.137 0 1 0 0 0 0
 3418 53124.000 28354.000 0 0 0.000 0.000 0.000 0.133 0 1 0 0 0 0
 3419 101378.000 14250.000 0 0 0.000 0.000 0.000 0.124 0 1 0 0 0 0
 3420 159215.000 37910.000 0 0 0.000 0.000 0.000 0.131 0 1 0 0 0 0
 3421 185581.000 106336.000 0 0 0.000 0.000 0.000 0.122 0 1 0 0 0 0
 3422 144945.000 172807.000 0 0 0.000 0.000 0.000 0.127 0 1 0 0 0 0
 3423 99574.000 185497.000 0 0 0.000 0.000 0.000 0.127 0 1 0 0 0 0
 3424 16581.000 118366.000 0 0 0.000 0.000 0.000 0.140 0 1 0 0 0 0
 3425 16044.000 84131.000 0 0 0.000 0.000 0.000 0.121 0 1 0 0 0 0
 3426 27123.000 54947.000 0 0 0.000 0.000 0.000 0.121 0 1 0 0 0 0
 3427 133144.000 20790.000 0 0 0.000 0.000 0.000 0.135 0 1 0 0 0 0
 3428 176881.000 61530.000 0 0 0.000 0.000 0.000 0.135 0 1 0 0 0 0
 3429 185884.000 95702.000 0 0 0.000 0.000 0.000 0.125 0 1 0 0 0 0
 3430 185702.000 105970.000 0 0 0.000 0.000 0.000 0.136 0 1 0 0 0 0
 3431 180046.000 130859.000 0 0 0.000 0.000 0.000 0.139 0 1 0 0 0 0
 3432 175065.000 141535.000 0 0 0.000 0.000 0.000 0.128 0 1 0 0 0 0
 3433 149800.000 169671.000 0 0 0.000 0.000 0.000 0.143 0 1 0 0 0 0
 3434 146385.000 172149.000 0 0 0.000 0.000 0.000 0.126 0 1 0 0 0 0
 3435 133455.000 178873.000 0 0 0.000 0.000 0.000 0.128 0 1 0 0 0 0
 3436 113290.000 184637.000 0 0 0.000 0.000 0.000 0.127 0 1 0 0 0 0
 3437 88859.000 184977.000 0 0 0.000 0.000 0.000 0.124 0 1 0 0 0 0
 3438 22457.000 135975.000 0 0 0.000 0.000 0.000 0.120 0 1 0 0 0 0
 3439 18085.000 74844.000 0 0 0.000 0.000 0.000 0.136 0 1 0 0 0 0
 3440 180064.000 68061.000 0 0 0.000 0.000 0.000 0.135 0 1 0 0 0 0
 3441 177725.000 136986.000 0 0 0.000 0.000 0.000 0.120 0 1 0 0 0 0
 3442 161574.000 160064.000 0 0 0.000 0.000 0.000 0.124 0 1 0 0 0 0
 3443 56399.000 173854.000 0 0 0.000 0.000 0.000 0.128 0 1 0 0 0 0
 3444 37048.000 158333.000 0 0 0.000 0.000 0.000 0.136 0 1 0 0 0 0
 3445 21474.000 134554.000 0 0 0.000 0.000 0.000 0.129 0 1 0 0 0 0
 3446 26067.000 56176.000 0 0 0.000 0.000 0.000 0.121 0 1 0 0 0 0
 3447 33054.000 46111.000 0 0 0.000 0.000 0.000 0.124 0 1 0 0 0 0
 3448 71533.000 18670.000 0 0 0.000 0.000 0.000 0.142 0 1 0 0 0 0
 3449 81495.000 15875.000 0 0 0.000 0.000 0.000 0.150 0 1 0 0 0 0
 3450 171456.000 51444.000 0 0 0.000 0.000 0.000 0.128 0 1 0 0 0 0
 3451 146305.000 172561.000 0 0 0.000 0.000 0.000 0.133 0 1 0 0 0 0
 3452 125491.000 182169.000 0 0 0.000 0.000 0.000 0.122 0 1 0 0 0 0
 3453 23240.000 138715.000 0 0 0.000 0.000 0.000 0.137 0 1 0 0 0 0
 3454 15175.000 85964.000 0 0 0.000 0.000 0.000 0.121 0 1 0 0 0 0
 3455 35633.000 42682.000 0 0 0.000 0.000 0.000 0.136 0 1 0 0 0 0
 3456 39045.000 38935.000 0 0 0.000 0.000 0.000 0.125 0 1 0 0 0 0
 3457 167742.000 46058.000 0 0 0.000 0.000 0.000 0.129 0 1 0 0 0 0
 3458 171274.000 50902.000 0 0 0.000 0.000 0.000 0.129 0 1 0 0 0 0
 3459 186191.000 93793.000 0 0 0.000 0.000 0.000 0.134 0 1 0 0 0 0
 3460 140390.000 176215.000 0 0 0.000 0.000 0.000 0.133 0 1 0 0 0 0
 3461 98726.000 186127.000 0 0 0.000 0.000 0.000 0.124 0 1 0 0 0 0
 3462 78177.000 183388.000 0 0 0.000 0.000 0.000 0.127 0 1 0 0 0 0
 3463 70518.000 180982.000 0 0 0.000 0.000 0.000 0.132 0 1 0 0 0 0
 3464 17722.000 125271.000 0 0 0.000 0.000 0.000 0.141 0 1 0 0 0 0
 3465 175993.000 58382.000 0 0 0.000 0.000 0.000 0.129 0 1 0 0 0 0
 3466 162601.000 159608.000 0 0 0.000 0.000 0.000 0.132 0 1 0 0 0 0
 3467 121201.000 183796.000 0 0 0.000 0.000 0.000 0.129 0 1 0 0 0 0
 3468 62095.000 177426.000 0 0 0.000 0.000 0.000 0.132 0 1 0 0 0 0
 3469 13611.000 98787.000 0 0 0.000 0.000 0.000 0.123 0 1 0 0 0 0
 3470 20989.000 64989.000 0 0 0.000 0.000 0.000 0.126 0 1 0 0 0 0
 3471 54962.000 26000.000 0 0 0.000 0.000 0.000 0.122 0 1 0 0 0 0
 3472 165660.000 43115.000 0 0 0.000 0.000 0.000 0.129 0 1 0 0 0 0
 3473 18883.000 69610.000 0 0 0.000 0.000 0.000 0.137 0 1 0 0 0 0
 3474 60495.000 22733.000 0 0 0.000 0.000 0.000 0.121 0 1 0 0 0 0
 3475 163241.000 40329.000 0 0 0.000 0.000 0.000 0.120 0 1 0 0 0 0
 3476 172635.000 51957.000 0 0 0.000 0.000 0.000 0.125 0 1 0 0 0 0
 3477 153300.000 168361.000 0 0 0.000 0.000 0.000 0.140 0 1 0 0 0 0
 3478 143389.000 175125.000 0 0 0.000 0.000 0.000 0.139 0 1 0 0 0 0
 3479 75704.000 183110.000 0 0 0.000 0.000 0.000 0.139 0 1 0 0 0 0
 3480 54936.000 173954.000 0 0 0.000 0.000 0.000 0.135 0 1 0 0 0 0
 3481 51544.000 171728.000 0 0 0.000 0.000 0.000 0.127 0 1 0 0 0 0
 3482 51003.000 171517.000 0 0 0.000 0.000 0.000 0.125 0 1 0 0 0 0
 3483 20785.000 64631.000 0 0 0.000 0.000 0.000 0.129 0 1 0 0 0 0
 3484 34694.000 42663.000 0 0 0.000 0.000 0.000 0.135 0 1 0 0 0 0
 3485 37967.000 39259.000 0 0 0.000 0.000 0.000 0.129 0 1 0 0 0 0
 3486 95144.000 12981.000 0 0 0.000 0.000 0.000 0.126 0 1 0 0 0 0
 3487 96427.000 12988.000 0 0 0.000 0.000 0.000 0.131 0 1 0 0 0 0
 3488 104357.000 13013.000 0 0 0.000 0.000 0.000 0.133 0 1 0 0 0 0
 3489 160577.000 37477.000 0 0 0.000 0.000 0.000 0.146 0 1 0 0 0 0
 3490 185931.000 85315.000 0 0 0.000 0.000 0.000 0.131 0 1 0 0 0 0
 3491 123786.000 183532.000 0 0 0.000 0.000 0.000 0.123 0 1 0 0 0 0
 3492 46612.000 168350.000 0 0 0.000 0.000 0.000 0.126 0 1 0 0 0 0
 3493 30241.000 151501.000 0 0 0.000 0.000 0.000 0.129 0 1 0 0 0 0
 3494 27455.000 147674.000 0 0 0.000 0.000 0.000 0.128 0 1 0 0 0 0
 3495 18212.000 70359.000 0 0 0.000 0.000 0.000 0.121 0 1 0 0 0 0
 3496 19016.000 68091.000 0 0 0.000 0.000 0.000 0.128 0 1 0 0 0 0
 3497 19265.000 67597.000 0 0 0.000 0.000 0.000 0.129 0 1 0 0 0 0
 3498 59057.000 23111.000 0 0 0.000 0.000 0.000 0.129 0 1 0 0 0 0
 3499 169464.000 47146.000 0 0 0.000 0.000 0.000 0.120 0 1 0 0 0 0
 3500 182645.000 71848.000 0 0 0.000 0.000 0.000 0.123 0 1 0 0 0 0
 3501 185354.000 81773.000 0 0 0.000 0.000 0.000 0.131 0 1 0 0 0 0
 3502 186995.000 92279.000 0 0 0.000 0.000 0.000 0.120 0 1 0 0 0 0
 3503 49352.000 170765.000 0 0 0.000 0.000 0.000 0.129 0 1 0 0 0 0
 3504 34628.000 42378.000 0 0 0.000 0.000 0.000 0.127 0 1 0 0 0 0
 3505 94111.000 12848.000 0 0 0.000 0.000 0.000 0.134 0 1 0 0 0 0
 3506 158481.000 35017.000 0 0 0.000 0.000 0.000 0.123 0 1 0 0 0 0
 3507 177672.000 59714.000 0 0 0.000 0.000 0.000 0.143 0 1 0 0 0 0
 3508 180174.000 65020.000 0 0 0.000 0.000 0.000 0.121 0 1 0 0 0 0
 3509 187307.000 95555.000 0 0 0.000 0.000 0.000 0.122 0 1 0 0 0 0
 3510 13233.000 92027.000 0 0 0.000 0.000 0.000 0.138 0 1 0 0 0 0
 3511 15412.000 78566.000 0 0 0.000 0.000 0.000 0.130 0 1 0 0 0 0
 3512 23456.000 57878.000 0 0 0.000 0.000 0.000 0.126 0 1 0 0 0 0
 3513 28292.000 50188.000 0 0 0.000 0.000 0.000 0.125 0 1 0 0 0 0
 3514 48443.000 29357.000 0 0 0.000 0.000 0.000 0.134 0 1 0 0 0 0
 3515 66314.000 19247.000 0 0 0.000 0.000 0.000 0.130 0 1 0 0 0 0
 3516 99479.000 12357.000 0 0 0.000 0.000 0.000 0.138 0 1 0 0 0 0
 3517 137910.000 21001.000 0 0 0.000 0.000 0.000 0.130 0 1 0 0 0 0
 3518 59569.000 177357.000 0 0 0.000 0.000 0.000 0.131 0 1 0 0 0 0
 3519 13554.000 86955.000 0 0 0.000 0.000 0.000 0.130 0 1 0 0 0 0
 3520 25551.000 54031.000 0 0 0.000 0.000 0.000 0.125 0 1 0 0 0 0
 3521 31926.000 45063.000 0 0 0.000 0.000 0.000 0.129 0 1 0 0 0 0
 3522 62258.000 20874.000 0 0 0.000 0.000 0.000 0.128 0 1 0 0 0 0
 3523 99282.000 12298.000 0 0 0.000 0.000 0.000 0.126 0 1 0 0 0 0
 3524 146023.000 174629.000 0 0 0.000 0.000 0.000 0.124 0 1 0 0 0 0
 3525 119753.000 185316.000 0 0 0.000 0.000 0.000 0.133 0 1 0 0 0 0
 3526 72172.000 182998.000 0 0 0.000 0.000 0.000 0.131 0 1 0 0 0 0
 3527 67949.000 181399.000 0 0 0.000 0.000 0.000 0.127 0 1 0 0 0 0
 3528 16061.000 124766.000 0 0 0.000 0.000 0.000 0.130 0 1 0 0 0 0
 3529 12975.000 109356.000 0 0 0.000 0.000 0.000 0.121 0 1 0 0 0 0
 3530 14605.000 80621.000 0 0 0.000 0.000 0.000 0.125 0 1 0 0 0 0
 3531 14803.000 79805.000 0 0 0.000 0.000 0.000 0.121 0 1 0 0 0 0
 3532 140249.000 21765.000 0 0 0.000 0.000 0.000 0.120 0 1 0 0 0 0
 3533 147093.000 25663.000 0 0 0.000 0.000 0.000 0.122 0 1 0 0 0 0
 3534 183146.000 128480.000 0 0 0.000 0.000 0.000 0.131 0 1 0 0 0 0
 3535 180806.000 134796.000 0 0 0.000 0.000 0.000 0.123 0 1 0 0 0 0
 3536 172263.000 149934.000 0 0 0.000 0.000 0.000 0.123 0 1 0 0 0 0
 3537 44375.000 167658.000 0 0 0.000 0.000 0.000 0.134 0 1 0 0 0 0
 3538 27663.000 149631.000 0 0 0.000 0.000 0.000 0.128 0 1 0 0 0 0
 3539 28534.000 48906.000 0 0 0.000 0.000 0.000 0.127 0 1 0 0 0 0
 3540 154106.000 30337.000 0 0 0.000 0.000 0.000 0.127 0 1 0 0 0 0
 3541 162334.000 37596.000 0 0 0.000 0.000 0.000 0.124 0 1 0 0 0 0
 3542 166677.000 42245.000 0 0 0.000 0.000 0.000 0.122 0 1 0 0 0 0
 3543 170236.000 46602.000 0 0 0.000 0.000 0.000 0.126 0 1 0 0 0 0
 3544 188126.000 98870.000 0 0 0.000 0.000 0.000 0.137 0 1 0 0 0 0
 3545 186993.000 113923.000 0 0 0.000 0.000 0.000 0.126 0 1 0 0 0 0
 3546 169436.000 154200.000 0 0 0.000 0.000 0.000 0.123 0 1 0 0 0 0
 3547 131889.000 181961.000 0 0 0.000 0.000 0.000 0.122 0 1 0 0 0 0
 3548 104159.000 187759.000 0 0 0.000 0.000 0.000 0.120 0 1 0 0 0 0
 3549 53512.000 174529.000 0 0 0.000 0.000 0.000 0.123 0 1 0 0 0 0
 3550 15190.000 122496.000 0 0 0.000 0.000 0.000 0.134 0 1 0 0 0 0
 3551 183016.000 130117.000 0 0 0.000 0.000 0.000 0.136 0 1 0 0 0 0
 3552 170192.000 153371.000 0 0 0.000 0.000 0.000 0.137 0 1 0 0 0 0
 3553 29312.000 152324.000 0 0 0.000 0.000 0.000 0.122 0 1 0 0 0 0
 3554 26355.000 148119.000 0 0 0.000 0.000 0.000 0.126 0 1 0 0 0 0
 3555 33148.000 42455.000 0 0 0.000 0.000 0.000 0.120 0 1 0 0 0 0
 3556 96293.000 11567.000 0 0 0.000 0.000 0.000 0.132 0 1 0 0 0 0
 3557 182329.000 67393.000 0 0 0.000 0.000 0.000 0.127 0 1 0 0 0 0
 3558 187028.000 115342.000 0 0 0.000 0.000 0.000 0.135 0 1 0 0 0 0
 3559 162190.000 162720.000 0 0 0.000 0.000 0.000 0.132 0 1 0 0 0 0
 3560 25400.000 146951.000 0 0 0.000 0.000 0.000 0.120 0 1 0 0 0 0
 3561 24271.000 144971.000 0 0 0.000 0.000 0.000 0.123 0 1 0 0 0 0
 3562 24002.000 54821.000 0 0 0.000 0.000 0.000 0.133 0 1 0 0 0 0
 3563 140496.000 21043.000 0 0 0.000 0.000 0.000 0.124 0 1 0 0 0 0
 3564 184724.000 73958.000 0 0 0.000 0.000 0.000 0.125 0 1 0 0 0 0
 3565 188596.000 96027.000 0 0 0.000 0.000 0.000 0.137 0 1 0 0 0 0
 3566 179840.000 138404.000 0 0 0.000 0.000 0.000 0.125 0 1 0 0 0 0
 3567 172332.000 151124.000 0 0 0.000 0.000 0.000 0.122 0 1 0 0 0 0
 3568 130542.000 183007.000 0 0 0.000 0.000 0.000 0.135 0 1 0 0 0 0
 3569 113963.000 187350.000 0 0 0.000 0.000 0.000 0.130 0 1 0 0 0 0
 3570 91058.000 187885.000 0 0 0.000 0.000 0.000 0.126 0 1 0 0 0 0
 3571 74378.000 184433.000 0 0 0.000 0.000 0.000 0.123 0 1 0 0 0 0
 3572 39054.000 35700.000 0 0 0.000 0.000 0.000 0.121 0 1 0 0 0 0
 3573 54934.000 23577.000 0 0 0.000 0.000 0.000 0.129 0 1 0 0 0 0
 3574 139550.000 20524.000 0 0 0.000 0.000 0.000 0.133 0 1 0 0 0 0
 3575 147943.000 25336.000 0 0 0.000 0.000 0.000 0.149 0 1 0 0 0 0
 3576 181583.000 64759.000 0 0 0.000 0.000 0.000 0.120 0 1 0 0 0 0
 3577 182151.000 66290.000 0 0 0.000 0.000 0.000 0.125 0 1 0 0 0 0
 3578 186349.000 120561.000 0 0 0.000 0.000 0.000 0.131 0 1 0 0 0 0
 3579 159673.000 165539.000 0 0 0.000 0.000 0.000 0.129 0 1 0 0 0 0
 3580 140245.000 178987.000 0 0 0.000 0.000 0.000 0.134 0 1 0 0 0 0
 3581 122639.000 185535.000 0 0 0.000 0.000 0.000 0.122 0 1 0 0 0 0
 3582 47700.000 171420.000 0 0 0.000 0.000 0.000 0.132 0 1 0 0 0 0
 3583 25337.000 147483.000 0 0 0.000 0.000 0.000 0.133 0 1 0 0 0 0
 3584 15350.000 73860.000 0 0 0.000 0.000 0.000 0.127 0 1 0 0 0 0
 3585 103773.000 11082.000 0 0 0.000 0.000 0.000 0.121 0 1 0 0 0 0
 3586 114844.000 12289.000 0 0 0.000 0.000 0.000 0.120 0 1 0 0 0 0
 3587 119801.000 13218.000 0 0 0.000 0.000 0.000 0.128 0 1 0 0 0 0
 3588 164389.000 38396.000 0 0 0.000 0.000 0.000 0.123 0 1 0 0 0 0
 3589 176001.000 53700.000 0 0 0.000 0.000 0.000 0.133 0 1 0 0 0 0
 3590 181319.000 63733.000 0 0 0.000 0.000 0.000 0.124 0 1 0 0 0 0
 3591 182294.000 66093.000 0 0 0.000 0.000 0.000 0.123 0 1 0 0 0 0
 3592 183092.000 67925.000 0 0 0.000 0.000 0.000 0.139 0 1 0 0 0 0
 3593 148823.000 174185.000 0 0 0.000 0.000 0.000 0.137 0 1 0 0 0 0
 3594 91666.000 188220.000 0 0 0.000 0.000 0.000 0.133 0 1 0 0 0 0
 3595 76349.000 185383.000 0 0 0.000 0.000 0.000 0.134 0 1 0 0 0 0
 3596 50183.000 173291.000 0 0 0.000 0.000 0.000 0.130 0 1 0 0 0 0
 3597 95068.000 10993.000 0 0 0.000 0.000 0.000 0.125 0 1 0 0 0 0
 3598 138479.000 19505.000 0 0 0.000 0.000 0.000 0.128 0 1 0 0 0 0
 3599 187623.000 116364.000 0 0 0.000 0.000 0.000 0.140 0 1 0 0 0 0
 3600 182635.000 133574.000 0 0 0.000 0.000 0.000 0.127 0 1 0 0 0 0
 3601 170261.000 154821.000 0 0 0.000 0.000 0.000 0.137 0 1 0 0 0 0
 3602 163485.000 162525.000 0 0 0.000 0.000 0.000 0.130 0 1 0 0 0 0
 3603 162290.000 163617.000 0 0 0.000 0.000 0.000 0.131 0 1 0 0 0 0
 3604 81480.000 186858.000 0 0 0.000 0.000 0.000 0.141 0 1 0 0 0 0
 3605 23645.000 145532.000 0 0 0.000 0.000 0.000 0.123 0 1 0 0 0 0
 3606 12320.000 85134.000 0 0 0.000 0.000 0.000 0.136 0 1 0 0 0 0
 3607 62465.000 19074.000 0 0 0.000 0.000 0.000 0.125 0 1 0 0 0 0
 3608 70476.000 15869.000 0 0 0.000 0.000 0.000 0.122 0 1 0 0 0 0
 3609 163453.000 37056.000 0 0 0.000 0.000 0.000 0.120 0 1 0 0 0 0
 3610 175142.000 51697.000 0 0 0.000 0.000 0.000 0.123 0 1 0 0 0 0
 3611 183799.000 130644.000 0 0 0.000 0.000 0.000 0.127 0 1 0 0 0 0
 3612 180792.000 138091.000 0 0 0.000 0.000 0.000 0.126 0 1 0 0 0 0
 3613 178698.000 142154.000 0 0 0.000 0.000 0.000 0.121 0 1 0 0 0 0
 3614 112653.000 188161.000 0 0 0.000 0.000 0.000 0.130 0 1 0 0 0 0
 3615 76245.000 185675.000 0 0 0.000 0.000 0.000 0.123 0 1 0 0 0 0
 3616 15987.000 129499.000 0 0 0.000 0.000 0.000 0.120 0 1 0 0 0 0
 3617 99208.000 10565.000 0 0 0.000 0.000 0.000 0.123 0 1 0 0 0 0
 3618 106840.000 10825.000 0 0 0.000 0.000 0.000 0.138 0 1 0 0 0 0
 3619 112219.000 11417.000 0 0 0.000 0.000 0.000 0.141 0 1 0 0 0 0
 3620 135537.000 17864.000 0 0 0.000 0.000 0.000 0.129 0 1 0 0 0 0
 3621 160319.000 33773.000 0 0 0.000 0.000 0.000 0.123 0 1 0 0 0 0
 3622 185918.000 75109.000 0 0 0.000 0.000 0.000 0.134 0 1 0 0 0 0
 3623 187129.000 79252.000 0 0 0.000 0.000 0.000 0.136 0 1 0 0 0 0
 3624 188871.000 110883.000 0 0 0.000 0.000 0.000 0.123 0 1 0 0 0 0
 3625 172822.000 151834.000 0 0 0.000 0.000 0.000 0.129 0 1 0 0 0 0
 3626 131143.000 183728.000 0 0 0.000 0.000 0.000 0.132 0 1 0 0 0 0
 3627 101884.000 189263.000 0 0 0.000 0.000 0.000 0.126 0 1 0 0 0 0
 3628 89417.000 188518.000 0 0 0.000 0.000 0.000 0.141 0 1 0 0 0 0
 3629 67982.000 183132.000 0 0 0.000 0.000 0.000 0.122 0 1 0 0 0 0
 3630 38421.000 164545.000 0 0 0.000 0.000 0.000 0.131 0 1 0 0 0 0
 3631 27646.000 152223.000 0 0 0.000 0.000 0.000 0.124 0 1 0 0 0 0
 3632 11171.000 107873.000 0 0 0.000 0.000 0.000 0.127 0 1 0 0 0 0
 3633 14671.000 73634.000 0 0 0.000 0.000 0.000 0.130 0 1 0 0 0 0
 3634 15406.000 71113.000 0 0 0.000 0.000 0.000 0.126 0 1 0 0 0 0
 3635 65146.000 17597.000 0 0 0.000 0.000 0.000 0.153 0 1 0 0 0 0
 3636 71368.000 15123.000 0 0 0.000 0.000 0.000 0.128 0 1 0 0 0 0
 3637 137077.000 18259.000 0 0 0.000 0.000 0.000 0.129 0 1 0 0 0 0
 3638 172900.000 47780.000 0 0 0.000 0.000 0.000 0.138 0 1 0 0 0 0
 3639 188614.000 113947.000 0 0 0.000 0.000 0.000 0.121 0 1 0 0 0 0
 3640 167554.000 158821.000 0 0 0.000 0.000 0.000 0.137 0 1 0 0 0 0
 3641 166143.000 160444.000 0 0 0.000 0.000 0.000 0.130 0 1 0 0 0 0
 3642 134883.000 182317.000 0 0 0.000 0.000 0.000 0.130 0 1 0 0 0 0
 3643 101624.000 189322.000 0 0 0.000 0.000 0.000 0.126 0 1 0 0 0 0
 3644 59481.000 179663.000 0 0 0.000 0.000 0.000 0.131 0 1 0 0 0 0
 3645 45666.000 28761.000 0 0 0.000 0.000 0.000 0.123 0 1 0 0 0 0
 3646 82635.000 11920.000 0 0 0.000 0.000 0.000 0.131 0 1 0 0 0 0
 3647 162157.000 35124.000 0 0 0.000 0.000 0.000 0.122 0 1 0 0 0 0
 3648 186527.000 75632.000 0 0 0.000 0.000 0.000 0.129 0 1 0 0 0 0
 3649 189401.000 109206.000 0 0 0.000 0.000 0.000 0.122 0 1 0 0 0 0
 3650 188594.000 114801.000 0 0 0.000 0.000 0.000 0.124 0 1 0 0 0 0
 3651 186858.000 123046.000 0 0 0.000 0.000 0.000 0.133 0 1 0 0 0 0
 3652 186591.000 123882.000 0 0 0.000 0.000 0.000 0.120 0 1 0 0 0 0
 3653 185422.000 127846.000 0 0 0.000 0.000 0.000 0.121 0 1 0 0 0 0
 3654 167531.000 159178.000 0 0 0.000 0.000 0.000 0.125 0 1 0 0 0 0
 3655 137731.000 181232.000 0 0 0.000 0.000 0.000 0.137 0 1 0 0 0 0
 3656 116353.000 188047.000 0 0 0.000 0.000 0.000 0.131 0 1 0 0 0 0
 3657 103257.000 189521.000 0 0 0.000 0.000 0.000 0.124 0 1 0 0 0 0
 3658 91737.000 189082.000 0 0 0.000 0.000 0.000 0.130 0 1 0 0 0 0
 3659 20425.000 140898.000 0 0 0.000 0.000 0.000 0.120 0 1 0 0 0 0
 3660 11548.000 114321.000 0 0 0.000 0.000 0.000 0.129 0 1 0 0 0 0
 3661 92690.000 10352.000 0 0 0.000 0.000 0.000 0.125 0 1 0 0 0 0
 3662 94109.000 10293.000 0 0 0.000 0.000 0.000 0.123 0 1 0 0 0 0
 3663 139970.000 19350.000 0 0 0.000 0.000 0.000 0.129 0 1 0 0 0 0
 3664 188404.000 117182.000 0 0 0.000 0.000 0.000 0.126 0 1 0 0 0 0
 3665 185794.000 127102.000 0 0 0.000 0.000 0.000 0.132 0 1 0 0 0 0
 3666 178632.000 143660.000 0 0 0.000 0.000 0.000 0.120 0 1 0 0 0 0
 3667 175587.000 148750.000 0 0 0.000 0.000 0.000 0.140 0 1 0 0 0 0
 3668 153097.000 172503.000 0 0 0.000 0.000 0.000 0.135 0 1 0 0 0 0
 3669 126774.000 185610.000 0 0 0.000 0.000 0.000 0.141 0 1 0 0 0 0
 3670 117307.000 188069.000 0 0 0.000 0.000 0.000 0.122 0 1 0 0 0 0
 3671 35454.000 162267.000 0 0 0.000 0.000 0.000 0.130 0 1 0 0 0 0
 3672 17380.000 134952.000 0 0 0.000 0.000 0.000 0.148 0 1 0 0 0 0
 3673 10447.000 105152.000 0 0 0.000 0.000 0.000 0.137 0 1 0 0 0 0
 3674 10303.000 99196.000 0 0 0.000 0.000 0.000 0.130 0 1 0 0 0 0
 3675 11114.000 87445.000 0 0 0.000 0.000 0.000 0.131 0 1 0 0 0 0
 3676 41448.000 31781.000 0 0 0.000 0.000 0.000 0.124 0 1 0 0 0 0
 3677 88558.000 10544.000 0 0 0.000 0.000 0.000 0.131 0 1 0 0 0 0
 3678 181289.000 60771.000 0 0 0.000 0.000 0.000 0.133 0 1 0 0 0 0
 3679 181775.000 61744.000 0 0 0.000 0.000 0.000 0.143 0 1 0 0 0 0
 3680 187193.000 76722.000 0 0 0.000 0.000 0.000 0.124 0 1 0 0 0 0
 3681 187413.000 77801.000 0 0 0.000 0.000 0.000 0.134 0 1 0 0 0 0
 3682 190095.000 95660.000 0 0 0.000 0.000 0.000 0.123 0 1 0 0 0 0
 3683 189847.000 108545.000 0 0 0.000 0.000 0.000 0.129 0 1 0 0 0 0
 3684 189651.000 108872.000 0 0 0.000 0.000 0.000 0.122 0 1 0 0 0 0
 3685 184631.000 131139.000 0 0 0.000 0.000 0.000 0.127 0 1 0 0 0 0
 3686 178380.000 144438.000 0 0 0.000 0.000 0.000 0.135 0 1 0 0 0 0
 3687 177093.000 146525.000 0 0 0.000 0.000 0.000 0.120 0 1 0 0 0 0
 3688 176101.000 148348.000 0 0 0.000 0.000 0.000 0.123 0 1 0 0 0 0
 3689 170910.000 155583.000 0 0 0.000 0.000 0.000 0.148 0 1 0 0 0 0
 3690 157628.000 169265.000 0 0 0.000 0.000 0.000 0.128 0 1 0 0 0 0
 3691 105368.000 189647.000 0 0 0.000 0.000 0.000 0.137 0 1 0 0 0 0
 3692 101779.000 189822.000 0 0 0.000 0.000 0.000 0.125 0 1 0 0 0 0
 3693 24269.000 51421.000 0 0 0.000 0.000 0.000 0.120 0 1 0 0 0 0
 3694 39960.000 32819.000 0 0 0.000 0.000 0.000 0.128 0 1 0 0 0 0
 3695 48559.000 26038.000 0 0 0.000 0.000 0.000 0.133 0 1 0 0 0 0
 3696 101819.000 9625.000 0 0 0.000 0.000 0.000 0.128 0 1 0 0 0 0
 3697 116335.000 11250.000 0 0 0.000 0.000 0.000 0.137 0 1 0 0 0 0
 3698 158025.000 30603.000 0 0 0.000 0.000 0.000 0.129 0 1 0 0 0 0
 3699 188299.000 80472.000 0 0 0.000 0.000 0.000 0.128 0 1 0 0 0 0
 3700 190232.000 94887.000 0 0 0.000 0.000 0.000 0.134 0 1 0 0 0 0
 3701 190408.000 100073.000 0 0 0.000 0.000 0.000 0.121 0 1 0 0 0 0
 3702 189899.000 109145.000 0 0 0.000 0.000 0.000 0.145 0 1 0 0 0 0
 3703 189529.000 111682.000 0 0 0.000 0.000 0.000 0.122 0 1 0 0 0 0
 3704 189271.000 113007.000 0 0 0.000 0.000 0.000 0.120 0 1 0 0 0 0
 3705 186822.000 124525.000 0 0 0.000 0.000 0.000 0.138 0 1 0 0 0 0
 3706 172056.000 154361.000 0 0 0.000 0.000 0.000 0.132 0 1 0 0 0 0
 3707 153170.000 172846.000 0 0 0.000 0.000 0.000 0.123 0 1 0 0 0 0
 3708 149938.000 175074.000 0 0 0.000 0.000 0.000 0.132 0 1 0 0 0 0
 3709 126511.000 186059.000 0 0 0.000 0.000 0.000 0.128 0 1 0 0 0 0
 3710 109843.000 189451.000 0 0 0.000 0.000 0.000 0.122 0 1 0 0 0 0
 3711 28118.000 154096.000 0 0 0.000 0.000 0.000 0.122 0 1 0 0 0 0
 3712 36976.000 35414.000 0 0 0.000 0.000 0.000 0.131 0 1 0 0 0 0
 3713 54910.000 21792.000 0 0 0.000 0.000 0.000 0.143 0 1 0 0 0 0
 3714 91870.000 9852.000 0 0 0.000 0.000 0.000 0.131 0 1 0 0 0 0
 3715 137063.000 17470.000 0 0 0.000 0.000 0.000 0.123 0 1 0 0 0 0
 3716 161210.000 33116.000 0 0 0.000 0.000 0.000 0.126 0 1 0 0 0 0
 3717 173985.000 47637.000 0 0 0.000 0.000 0.000 0.123 0 1 0 0 0 0
 3718 178146.000 54093.000 0 0 0.000 0.000 0.000 0.140 0 1 0 0 0 0
 3719 178189.000 54344.000 0 0 0.000 0.000 0.000 0.124 0 1 0 0 0 0
 3720 184967.000 68757.000 0 0 0.000 0.000 0.000 0.124 0 1 0 0 0 0
 3721 189286.000 85024.000 0 0 0.000 0.000 0.000 0.128 0 1 0 0 0 0
 3722 189198.000 115255.000 0 0 0.000 0.000 0.000 0.133 0 1 0 0 0 0
 3723 182712.000 136694.000 0 0 0.000 0.000 0.000 0.135 0 1 0 0 0 0
 3724 159577.000 167977.000 0 0 0.000 0.000 0.000 0.133 0 1 0 0 0 0
 3725 125363.000 186664.000 0 0 0.000 0.000 0.000 0.129 0 1 0 0 0 0
 3726 9836.000 93892.000 0 0 0.000 0.000 0.000 0.129 0 1 0 0 0 0
 3727 15260.000 68629.000 0 0 0.000 0.000 0.000 0.127 0 1 0 0 0 0
 3728 32486.000 39914.000 0 0 0.000 0.000 0.000 0.139 0 1 0 0 0 0
 3729 126390.000 13148.000 0 0 0.000 0.000 0.000 0.132 0 1 0 0 0 0
 3730 132241.000 15250.000 0 0 0.000 0.000 0.000 0.135 0 1 0 0 0 0
 3731 139208.000 18118.000 0 0 0.000 0.000 0.000 0.123 0 1 0 0 0 0
 3732 188056.000 78319.000 0 0 0.000 0.000 0.000 0.130 0 1 0 0 0 0
 3733 188697.000 118929.000 0 0 0.000 0.000 0.000 0.120 0 1 0 0 0 0
 3734 188225.000 121182.000 0 0 0.000 0.000 0.000 0.127 0 1 0 0 0 0
 3735 185638.000 129469.000 0 0 0.000 0.000 0.000 0.124 0 1 0 0 0 0
 3736 167071.000 160865.000 0 0 0.000 0.000 0.000 0.121 0 1 0 0 0 0
 3737 156916.000 170392.000 0 0 0.000 0.000 0.000 0.122 0 1 0 0 0 0
 3738 119425.000 188379.000 0 0 0.000 0.000 0.000 0.130 0 1 0 0 0 0
 3739 88946.000 189765.000 0 0 0.000 0.000 0.000 0.130 0 1 0 0 0 0
 3740 78770.000 187819.000 0 0 0.000 0.000 0.000 0.128 0 1 0 0 0 0
 3741 10942.000 115357.000 0 0 0.000 0.000 0.000 0.128 0 1 0 0 0 0
 3742 11612.000 80395.000 0 0 0.000 0.000 0.000 0.128 0 1 0 0 0 0
 3743 121814.000 11748.000 0 0 0.000 0.000 0.000 0.124 0 1 0 0 0 0
 3744 129478.000 14137.000 0 0 0.000 0.000 0.000 0.136 0 1 0 0 0 0
 3745 162657.000 34073.000 0 0 0.000 0.000 0.000 0.133 0 1 0 0 0 0
 3746 173546.000 46504.000 0 0 0.000 0.000 0.000 0.132 0 1 0 0 0 0
 3747 190204.000 111040.000 0 0 0.000 0.000 0.000 0.137 0 1 0 0 0 0
 3748 184431.000 133285.000 0 0 0.000 0.000 0.000 0.122 0 1 0 0 0 0
 3749 171316.000 156208.000 0 0 0.000 0.000 0.000 0.135 0 1 0 0 0 0
 3750 135259.000 183504.000 0 0 0.000 0.000 0.000 0.129 0 1 0 0 0 0
 3751 127243.000 186475.000 0 0 0.000 0.000 0.000 0.128 0 1 0 0 0 0
 3752 118909.000 188565.000 0 0 0.000 0.000 0.000 0.135 0 1 0 0 0 0
 3753 62203.000 182262.000 0 0 0.000 0.000 0.000 0.126 0 1 0 0 0 0
 3754 41193.000 168761.000 0 0 0.000 0.000 0.000 0.136 0 1 0 0 0 0
 3755 28844.000 156034.000 0 0 0.000 0.000 0.000 0.128 0 1 0 0 0 0
 3756 27926.000 154797.000 0 0 0.000 0.000 0.000 0.124 0 1 0 0 0 0
 3757 11425.000 80817.000 0 0 0.000 0.000 0.000 0.127 0 1 0 0 0 0
 3758 19760.000 57874.000 0 0 0.000 0.000 0.000 0.123 0 1 0 0 0 0
 3759 45105.000 27607.000 0 0 0.000 0.000 0.000 0.126 0 1 0 0 0 0
 3760 50230.000 24015.000 0 0 0.000 0.000 0.000 0.131 0 1 0 0 0 0
 3761 101498.000 9091.000 0 0 0.000 0.000 0.000 0.133 0 1 0 0 0 0
 3762 123739.000 12056.000 0 0 0.000 0.000 0.000 0.131 0 1 0 0 0 0
 3763 141954.000 19141.000 0 0 0.000 0.000 0.000 0.134 0 1 0 0 0 0
 3764 149397.000 23481.000 0 0 0.000 0.000 0.000 0.139 0 1 0 0 0 0
 3765 150663.000 24298.000 0 0 0.000 0.000 0.000 0.123 0 1 0 0 0 0
 3766 151703.000 24992.000 0 0 0.000 0.000 0.000 0.122 0 1 0 0 0 0
 3767 183846.000 135175.000 0 0 0.000 0.000 0.000 0.141 0 1 0 0 0 0
 3768 181224.000 140933.000 0 0 0.000 0.000 0.000 0.120 0 1 0 0 0 0
 3769 180199.000 142711.000 0 0 0.000 0.000 0.000 0.122 0 1 0 0 0 0
 3770 163622.000 165022.000 0 0 0.000 0.000 0.000 0.133 0 1 0 0 0 0
 3771 162925.000 165645.000 0 0 0.000 0.000 0.000 0.121 0 1 0 0 0 0
 3772 61115.000 182018.000 0 0 0.000 0.000 0.000 0.125 0 1 0 0 0 0
 3773 58026.000 180301.000 0 0 0.000 0.000 0.000 0.133 0 1 0 0 0 0
 3774 56237.000 179336.000 0 0 0.000 0.000 0.000 0.122 0 1 0 0 0 0
 3775 23753.000 149004.000 0 0 0.000 0.000 0.000 0.137 0 1 0 0 0 0
 3776 21808.000 146055.000 0 0 0.000 0.000 0.000 0.128 0 1 0 0 0 0
 3777 10281.000 85532.000 0 0 0.000 0.000 0.000 0.133 0 1 0 0 0 0
 3778 10353.000 85084.000 0 0 0.000 0.000 0.000 0.126 0 1 0 0 0 0
 3779 33872.000 37596.000 0 0 0.000 0.000 0.000 0.135 0 1 0 0 0 0
 3780 48584.000 24963.000 0 0 0.000 0.000 0.000 0.146 0 1 0 0 0 0
 3781 101026.000 8807.000 0 0 0.000 0.000 0.000 0.121 0 1 0 0 0 0
 3782 116426.000 10262.000 0 0 0.000 0.000 0.000 0.121 0 1 0 0 0 0
 3783 144514.000 20460.000 0 0 0.000 0.000 0.000 0.135 0 1 0 0 0 0
 3784 162206.000 33294.000 0 0 0.000 0.000 0.000 0.127 0 1 0 0 0 0
 3785 173114.000 45481.000 0 0 0.000 0.000 0.000 0.132 0 1 0 0 0 0
 3786 175405.000 48520.000 0 0 0.000 0.000 0.000 0.128 0 1 0 0 0 0
 3787 181120.000 58381.000 0 0 0.000 0.000 0.000 0.121 0 1 0 0 0 0
 3788 185677.000 68413.000 0 0 0.000 0.000 0.000 0.131 0 1 0 0 0 0
 3789 189711.000 83662.000 0 0 0.000 0.000 0.000 0.120 0 1 0 0 0 0
 3790 191106.000 94485.000 0 0 0.000 0.000 0.000 0.122 0 1 0 0 0 0
 3791 190865.000 106945.000 0 0 0.000 0.000 0.000 0.141 0 1 0 0 0 0
 3792 76823.000 188016.000 0 0 0.000 0.000 0.000 0.140 0 1 0 0 0 0
 3793 66502.000 184455.000 0 0 0.000 0.000 0.000 0.123 0 1 0 0 0 0
 3794 9093.000 97702.000 0 0 0.000 0.000 0.000 0.120 0 1 0 0 0 0
 3795 9308.000 94098.000 0 0 0.000 0.000 0.000 0.132 0 1 0 0 0 0
 3796 31732.000 39585.000 0 0 0.000 0.000 0.000 0.136 0 1 0 0 0 0
 3797 52058.000 22471.000 0 0 0.000 0.000 0.000 0.128 0 1 0 0 0 0
 3798 155561.000 27364.000 0 0 0.000 0.000 0.000 0.130 0 1 0 0 0 0
 3799 175489.000 48389.000 0 0 0.000 0.000 0.000 0.133 0 1 0 0 0 0
 3800 187040.000 72061.000 0 0 0.000 0.000 0.000 0.122 0 1 0 0 0 0
 3801 191245.000 94744.000 0 0 0.000 0.000 0.000 0.127 0 1 0 0 0 0
 3802 191340.000 100181.000 0 0 0.000 0.000 0.000 0.156 0 1 0 0 0 0
 3803 189646.000 117917.000 0 0 0.000 0.000 0.000 0.132 0 1 0 0 0 0
 3804 188355.000 122759.000 0 0 0.000 0.000 0.000 0.121 0 1 0 0 0 0
 3805 183451.000 137024.000 0 0 0.000 0.000 0.000 0.130 0 1 0 0 0 0
 3806 124889.000 187732.000 0 0 0.000 0.000 0.000 0.127 0 1 0 0 0 0
 3807 75894.000 187847.000 0 0 0.000 0.000 0.000 0.131 0 1 0 0 0 0
 3808 71272.000 186372.000 0 0 0.000 0.000 0.000 0.122 0 1 0 0 0 0
 3809 14099.000 130276.000 0 0 0.000 0.000 0.000 0.130 0 1 0 0 0 0
 3810 10086.000 114356.000 0 0 0.000 0.000 0.000 0.121 0 1 0 0 0 0
 3811 15333.000 66242.000 0 0 0.000 0.000 0.000 0.125 0 1 0 0 0 0
 3812 55295.000 20221.000 0 0 0.000 0.000 0.000 0.132 0 1 0 0 0 0
 3813 88273.000 9269.000 0 0 0.000 0.000 0.000 0.127 0 1 0 0 0 0
 3814 112184.000 9269.000 0 0 0.000 0.000 0.000 0.126 0 1 0 0 0 0
 3815 177674.000 51574.000 0 0 0.000 0.000 0.000 0.138 0 1 0 0 0 0
 3816 186434.000 129971.000 0 0 0.000 0.000 0.000 0.132 0 1 0 0 0 0
 3817 185878.000 131606.000 0 0 0.000 0.000 0.000 0.131 0 1 0 0 0 0
 3818 174434.000 153150.000 0 0 0.000 0.000 0.000 0.125 0 1 0 0 0 0
 3819 160266.000 168761.000 0 0 0.000 0.000 0.000 0.129 0 1 0 0 0 0
 3820 156323.000 171934.000 0 0 0.000 0.000 0.000 0.129 0 1 0 0 0 0
 3821 129239.000 186502.000 0 0 0.000 0.000 0.000 0.124 0 1 0 0 0 0
 3822 120479.000 188939.000 0 0 0.000 0.000 0.000 0.123 0 1 0 0 0 0
 3823 117485.000 189649.000 0 0 0.000 0.000 0.000 0.124 0 1 0 0 0 0
 3824 28007.000 156007.000 0 0 0.000 0.000 0.000 0.140 0 1 0 0 0 0
 3825 22396.000 147994.000 0 0 0.000 0.000 0.000 0.130 0 1 0 0 0 0
 3826 17747.000 139574.000 0 0 0.000 0.000 0.000 0.122 0 1 0 0 0 0
 3827 8932.000 105721.000 0 0 0.000 0.000 0.000 0.123 0 1 0 0 0 0
 3828 15148.000 66008.000 0 0 0.000 0.000 0.000 0.128 0 1 0 0 0 0
 3829 81666.000 10222.000 0 0 0.000 0.000 0.000 0.128 0 1 0 0 0 0
 3830 172029.000 43084.000 0 0 0.000 0.000 0.000 0.123 0 1 0 0 0 0
 3831 175278.000 47379.000 0 0 0.000 0.000 0.000 0.125 0 1 0 0 0 0
 3832 190398.000 84528.000 0 0 0.000 0.000 0.000 0.129 0 1 0 0 0 0
 3833 191723.000 96239.000 0 0 0.000 0.000 0.000 0.130 0 1 0 0 0 0
 3834 186697.000 129525.000 0 0 0.000 0.000 0.000 0.136 0 1 0 0 0 0
 3835 177015.000 149671.000 0 0 0.000 0.000 0.000 0.144 0 1 0 0 0 0
 3836 176235.000 150707.000 0 0 0.000 0.000 0.000 0.134 0 1 0 0 0 0
 3837 174570.000 153313.000 0 0 0.000 0.000 0.000 0.125 0 1 0 0 0 0
 3838 164087.000 165551.000 0 0 0.000 0.000 0.000 0.127 0 1 0 0 0 0
 3839 139607.000 182491.000 0 0 0.000 0.000 0.000 0.132 0 1 0 0 0 0
 3840 77431.000 188547.000 0 0 0.000 0.000 0.000 0.122 0 1 0 0 0 0
 3841 22463.000 148532.000 0 0 0.000 0.000 0.000 0.128 0 1 0 0 0 0
 3842 15022.000 133751.000 0 0 0.000 0.000 0.000 0.122 0 1 0 0 0 0
 3843 15019.000 133664.000 0 0 0.000 0.000 0.000 0.131 0 1 0 0 0 0
 3844 8627.000 99965.000 0 0 0.000 0.000 0.000 0.125 0 1 0 0 0 0
 3845 20541.000 54607.000 0 0 0.000 0.000 0.000 0.137 0 1 0 0 0 0
 3846 87442.000 9116.000 0 0 0.000 0.000 0.000 0.126 0 1 0 0 0 0
 3847 105503.000 8248.000 0 0 0.000 0.000 0.000 0.128 0 1 0 0 0 0
 3848 174789.000 46574.000 0 0 0.000 0.000 0.000 0.138 0 1 0 0 0 0
 3849 180414.000 55654.000 0 0 0.000 0.000 0.000 0.120 0 1 0 0 0 0
 3850 185890.000 67431.000 0 0 0.000 0.000 0.000 0.122 0 1 0 0 0 0
 3851 191434.000 108859.000 0 0 0.000 0.000 0.000 0.130 0 1 0 0 0 0
 3852 190292.000 117051.000 0 0 0.000 0.000 0.000 0.129 0 1 0 0 0 0
 3853 186692.000 130472.000 0 0 0.000 0.000 0.000 0.128 0 1 0 0 0 0
 3854 184039.000 137018.000 0 0 0.000 0.000 0.000 0.133 0 1 0 0 0 0
 3855 176019.000 151330.000 0 0 0.000 0.000 0.000 0.141 0 1 0 0 0 0
 3856 160401.000 168969.000 0 0 0.000 0.000 0.000 0.120 0 1 0 0 0 0
 3857 59360.000 182080.000 0 0 0.000 0.000 0.000 0.127 0 1 0 0 0 0
 3858 44328.000 172679.000 0 0 0.000 0.000 0.000 0.127 0 1 0 0 0 0
 3859 31074.000 160351.000 0 0 0.000 0.000 0.000 0.124 0 1 0 0 0 0
 3860 24631.000 151798.000 0 0 0.000 0.000 0.000 0.120 0 1 0 0 0 0
 3861 18358.000 58239.000 0 0 0.000 0.000 0.000 0.129 0 1 0 0 0 0
 3862 55571.000 19608.000 0 0 0.000 0.000 0.000 0.135 0 1 0 0 0 0
 3863 71103.000 12789.000 0 0 0.000 0.000 0.000 0.127 0 1 0 0 0 0
 3864 79470.000 10403.000 0 0 0.000 0.000 0.000 0.124 0 1 0 0 0 0
 3865 122912.000 10858.000 0 0 0.000 0.000 0.000 0.126 0 1 0 0 0 0
 3866 139902.000 17013.000 0 0 0.000 0.000 0.000 0.129 0 1 0 0 0 0
 3867 173630.000 44696.000 0 0 0.000 0.000 0.000 0.135 0 1 0 0 0 0
 3868 191940.000 96381.000 0 0 0.000 0.000 0.000 0.132 0 1 0 0 0 0
 3869 191915.000 105047.000 0 0 0.000 0.000 0.000 0.134 0 1 0 0 0 0
 3870 190038.000 118890.000 0 0 0.000 0.000 0.000 0.125 0 1 0 0 0 0
 3871 189646.000 120983.000 0 0 0.000 0.000 0.000 0.133 0 1 0 0 0 0
 3872 161874.000 167885.000 0 0 0.000 0.000 0.000 0.131 0 1 0 0 0 0
 3873 154635.000 173965.000 0 0 0.000 0.000 0.000 0.125 0 1 0 0 0 0
 3874 64258.000 184502.000 0 0 0.000 0.000 0.000 0.143 0 1 0 0 0 0
 3875 8235.000 98705.000 0 0 0.000 0.000 0.000 0.125 0 1 0 0 0 0
 3876 8307.000 96106.000 0 0 0.000 0.000 0.000 0.130 0 1 0 0 0 0
 3877 16058.000 62804.000 0 0 0.000 0.000 0.000 0.122 0 1 0 0 0 0
 3878 17350.000 59779.000 0 0 0.000 0.000 0.000 0.126 0 1 0 0 0 0
 3879 36519.000 33423.000 0 0 0.000 0.000 0.000 0.133 0 1 0 0 0 0
 3880 77771.000 10502.000 0 0 0.000 0.000 0.000 0.129 0 1 0 0 0 0
 3881 163821.000 33456.000 0 0 0.000 0.000 0.000 0.134 0 1 0 0 0 0
 3882 191539.000 111330.000 0 0 0.000 0.000 0.000 0.125 0 1 0 0 0 0
 3883 181091.000 143900.000 0 0 0.000 0.000 0.000 0.123 0 1 0 0 0 0
 3884 175896.000 152078.000 0 0 0.000 0.000 0.000 0.142 0 1 0 0 0 0
 3885 173191.000 156047.000 0 0 0.000 0.000 0.000 0.124 0 1 0 0 0 0
 3886 165119.000 165019.000 0 0 0.000 0.000 0.000 0.121 0 1 0 0 0 0
 3887 156888.000 172465.000 0 0 0.000 0.000 0.000 0.126 0 1 0 0 0 0
 3888 145366.000 180139.000 0 0 0.000 0.000 0.000 0.137 0 1 0 0 0 0
 3889 129126.000 187223.000 0 0 0.000 0.000 0.000 0.122 0 1 0 0 0 0
 3890 119698.000 189720.000 0 0 0.000 0.000 0.000 0.122 0 1 0 0 0 0
 3891 71019.000 187227.000 0 0 0.000 0.000 0.000 0.139 0 1 0 0 0 0
 3892 50467.000 177461.000 0 0 0.000 0.000 0.000 0.133 0 1 0 0 0 0
 3893 40680.000 170074.000 0 0 0.000 0.000 0.000 0.141 0 1 0 0 0 0
 3894 19814.000 145015.000 0 0 0.000 0.000 0.000 0.123 0 1 0 0 0 0
 3895 8007.000 100487.000 0 0 0.000 0.000 0.000 0.131 0 1 0 0 0 0
 3896 19800.000 54594.000 0 0 0.000 0.000 0.000 0.128 0 1 0 0 0 0
 3897 21022.000 52717.000 0 0 0.000 0.000 0.000 0.130 0 1 0 0 0 0
 3898 131374.000 13086.000 0 0 0.000 0.000 0.000 0.124 0 1 0 0 0 0
 3899 170178.000 39885.000 0 0 0.000 0.000 0.000 0.128 0 1 0 0 0 0
 3900 171150.000 40944.000 0 0 0.000 0.000 0.000 0.125 0 1 0 0 0 0
 3901 185766.000 65675.000 0 0 0.000 0.000 0.000 0.133 0 1 0 0 0 0
 3902 192319.000 96756.000 0 0 0.000 0.000 0.000 0.137 0 1 0 0 0 0
 3903 187006.000 130809.000 0 0 0.000 0.000 0.000 0.139 0 1 0 0 0 0
 3904 170521.000 159589.000 0 0 0.000 0.000 0.000 0.128 0 1 0 0 0 0
 3905 145689.000 180054.000 0 0 0.000 0.000 0.000 0.126 0 1 0 0 0 0
 3906 133436.000 185966.000 0 0 0.000 0.000 0.000 0.128 0 1 0 0 0 0
 3907 63259.000 184344.000 0 0 0.000 0.000 0.000 0.122 0 1 0 0 0 0
 3908 45106.000 173837.000 0 0 0.000 0.000 0.000 0.125 0 1 0 0 0 0
 3909 43557.000 172703.000 0 0 0.000 0.000 0.000 0.125 0 1 0 0 0 0
 3910 17920.000 141695.000 0 0 0.000 0.000 0.000 0.147 0 1 0 0 0 0
 3911 20786.000 52819.000 0 0 0.000 0.000 0.000 0.132 0 1 0 0 0 0
 3912 23879.000 47925.000 0 0 0.000 0.000 0.000 0.125 0 1 0 0 0 0
 3913 130268.000 12496.000 0 0 0.000 0.000 0.000 0.127 0 1 0 0 0 0
 3914 165744.000 34714.000 0 0 0.000 0.000 0.000 0.126 0 1 0 0 0 0
 3915 183156.000 59293.000 0 0 0.000 0.000 0.000 0.129 0 1 0 0 0 0
 3916 184310.000 61846.000 0 0 0.000 0.000 0.000 0.138 0 1 0 0 0 0
 3917 192251.000 91729.000 0 0 0.000 0.000 0.000 0.123 0 1 0 0 0 0
 3918 192455.000 94397.000 0 0 0.000 0.000 0.000 0.121 0 1 0 0 0 0
 3919 192524.000 95955.000 0 0 0.000 0.000 0.000 0.129 0 1 0 0 0 0
 3920 192298.000 107283.000 0 0 0.000 0.000 0.000 0.126 0 1 0 0 0 0
 3921 190441.000 119845.000 0 0 0.000 0.000 0.000 0.129 0 1 0 0 0 0
 3922 179188.000 147833.000 0 0 0.000 0.000 0.000 0.138 0 1 0 0 0 0
 3923 175367.000 153537.000 0 0 0.000 0.000 0.000 0.127 0 1 0 0 0 0
 3924 155092.000 174218.000 0 0 0.000 0.000 0.000 0.135 0 1 0 0 0 0
 3925 141340.000 182614.000 0 0 0.000 0.000 0.000 0.129 0 1 0 0 0 0
 3926 55831.000 180940.000 0 0 0.000 0.000 0.000 0.121 0 1 0 0 0 0
 3927 27183.000 156626.000 0 0 0.000 0.000 0.000 0.133 0 1 0 0 0 0
 3928 25486.000 154309.000 0 0 0.000 0.000 0.000 0.137 0 1 0 0 0 0
 3929 20143.000 146116.000 0 0 0.000 0.000 0.000 0.122 0 1 0 0 0 0
 3930 14641.000 135101.000 0 0 0.000 0.000 0.000 0.127 0 1 0 0 0 0
 3931 9801.000 119084.000 0 0 0.000 0.000 0.000 0.122 0 1 0 0 0 0
 3932 8090.000 108561.000 0 0 0.000 0.000 0.000 0.123 0 1 0 0 0 0
 3933 10074.000 79263.000 0 0 0.000 0.000 0.000 0.128 0 1 0 0 0 0
 3934 21194.000 51768.000 0 0 0.000 0.000 0.000 0.124 0 1 0 0 0 0
 3935 169130.000 38047.000 0 0 0.000 0.000 0.000 0.124 0 1 0 0 0 0
 3936 171673.000 41173.000 0 0 0.000 0.000 0.000 0.128 0 1 0 0 0 0
 3937 189625.000 75966.000 0 0 0.000 0.000 0.000 0.130 0 1 0 0 0 0
 3938 190180.000 78602.000 0 0 0.000 0.000 0.000 0.120 0 1 0 0 0 0
 3939 190807.000 81518.000 0 0 0.000 0.000 0.000 0.121 0 1 0 0 0 0
 3940 191441.000 84081.000 0 0 0.000 0.000 0.000 0.124 0 1 0 0 0 0
 3941 192386.000 91516.000 0 0 0.000 0.000 0.000 0.132 0 1 0 0 0 0
 3942 191555.000 114417.000 0 0 0.000 0.000 0.000 0.136 0 1 0 0 0 0
 3943 175259.000 153890.000 0 0 0.000 0.000 0.000 0.133 0 1 0 0 0 0
 3944 164140.000 166854.000 0 0 0.000 0.000 0.000 0.123 0 1 0 0 0 0
 3945 160681.000 169933.000 0 0 0.000 0.000 0.000 0.121 0 1 0 0 0 0
 3946 69088.000 187053.000 0 0 0.000 0.000 0.000 0.135 0 1 0 0 0 0
 3947 37289.000 167893.000 0 0 0.000 0.000 0.000 0.131 0 1 0 0 0 0
 3948 8601.000 113961.000 0 0 0.000 0.000 0.000 0.127 0 1 0 0 0 0
 3949 7470.000 97593.000 0 0 0.000 0.000 0.000 0.131 0 1 0 0 0 0
 3950 23300.000 48116.000 0 0 0.000 0.000 0.000 0.121 0 1 0 0 0 0
 3951 29540.000 39817.000 0 0 0.000 0.000 0.000 0.120 0 1 0 0 0 0
 3952 29735.000 39684.000 0 0 0.000 0.000 0.000 0.121 0 1 0 0 0 0
 3953 31676.000 37447.000 0 0 0.000 0.000 0.000 0.126 0 1 0 0 0 0
 3954 140428.000 16347.000 0 0 0.000 0.000 0.000 0.127 0 1 0 0 0 0
 3955 168017.000 36719.000 0 0 0.000 0.000 0.000 0.122 0 1 0 0 0 0
 3956 182822.000 57992.000 0 0 0.000 0.000 0.000 0.139 0 1 0 0 0 0
 3957 188629.000 71880.000 0 0 0.000 0.000 0.000 0.132 0 1 0 0 0 0
 3958 189782.000 75762.000 0 0 0.000 0.000 0.000 0.123 0 1 0 0 0 0
 3959 176216.000 152892.000 0 0 0.000 0.000 0.000 0.133 0 1 0 0 0 0
 3960 158022.000 172221.000 0 0 0.000 0.000 0.000 0.120 0 1 0 0 0 0
 3961 142229.000 182505.000 0 0 0.000 0.000 0.000 0.131 0 1 0 0 0 0
 3962 75389.000 189328.000 0 0 0.000 0.000 0.000 0.130 0 1 0 0 0 0
 3963 55124.000 180954.000 0 0 0.000 0.000 0.000 0.145 0 1 0 0 0 0
 3964 53942.000 180199.000 0 0 0.000 0.000 0.000 0.133 0 1 0 0 0 0
 3965 17604.000 142151.000 0 0 0.000 0.000 0.000 0.123 0 1 0 0 0 0
 3966 11103.000 125906.000 0 0 0.000 0.000 0.000 0.125 0 1 0 0 0 0
 3967 7581.000 106731.000 0 0 0.000 0.000 0.000 0.128 0 1 0 0 0 0
 3968 15651.000 61430.000 0 0 0.000 0.000 0.000 0.129 0 1 0 0 0 0
 3969 23029.000 48352.000 0 0 0.000 0.000 0.000 0.133 0 1 0 0 0 0
 3970 134655.000 13590.000 0 0 0.000 0.000 0.000 0.124 0 1 0 0 0 0
 3971 145738.000 18971.000 0 0 0.000 0.000 0.000 0.122 0 1 0 0 0 0
 3972 152436.000 22936.000 0 0 0.000 0.000 0.000 0.126 0 1 0 0 0 0
 3973 153651.000 23780.000 0 0 0.000 0.000 0.000 0.130 0 1 0 0 0 0
 3974 183591.000 140631.000 0 0 0.000 0.000 0.000 0.127 0 1 0 0 0 0
 3975 151787.000 177049.000 0 0 0.000 0.000 0.000 0.132 0 1 0 0 0 0
 3976 130210.000 187748.000 0 0 0.000 0.000 0.000 0.135 0 1 0 0 0 0
 3977 51229.000 178856.000 0 0 0.000 0.000 0.000 0.121 0 1 0 0 0 0
 3978 48124.000 176934.000 0 0 0.000 0.000 0.000 0.126 0 1 0 0 0 0
 3979 42681.000 172923.000 0 0 0.000 0.000 0.000 0.121 0 1 0 0 0 0
 3980 40366.000 170899.000 0 0 0.000 0.000 0.000 0.122 0 1 0 0 0 0
 3981 37474.000 168553.000 0 0 0.000 0.000 0.000 0.123 0 1 0 0 0 0
 3982 32115.000 163056.000 0 0 0.000 0.000 0.000 0.135 0 1 0 0 0 0
 3983 10930.000 125711.000 0 0 0.000 0.000 0.000 0.124 0 1 0 0 0 0
 3984 7233.000 101656.000 0 0 0.000 0.000 0.000 0.134 0 1 0 0 0 0
 3985 8642.000 83457.000 0 0 0.000 0.000 0.000 0.129 0 1 0 0 0 0
 3986 20081.000 52748.000 0 0 0.000 0.000 0.000 0.122 0 1 0 0 0 0
 3987 41127.000 28027.000 0 0 0.000 0.000 0.000 0.137 0 1 0 0 0 0
 3988 42977.000 26507.000 0 0 0.000 0.000 0.000 0.126 0 1 0 0 0 0
 3989 173465.000 42659.000 0 0 0.000 0.000 0.000 0.140 0 1 0 0 0 0
 3990 183337.000 57961.000 0 0 0.000 0.000 0.000 0.130 0 1 0 0 0 0
 3991 189291.000 73199.000 0 0 0.000 0.000 0.000 0.131 0 1 0 0 0 0
 3992 193051.000 94191.000 0 0 0.000 0.000 0.000 0.130 0 1 0 0 0 0
 3993 192867.000 107262.000 0 0 0.000 0.000 0.000 0.120 0 1 0 0 0 0
 3994 186886.000 133760.000 0 0 0.000 0.000 0.000 0.130 0 1 0 0 0 0
 3995 177913.000 150976.000 0 0 0.000 0.000 0.000 0.132 0 1 0 0 0 0
 3996 166605.000 165000.000 0 0 0.000 0.000 0.000 0.137 0 1 0 0 0 0
 3997 143753.000 182010.000 0 0 0.000 0.000 0.000 0.120 0 1 0 0 0 0
 3998 126404.000 189195.000 0 0 0.000 0.000 0.000 0.130 0 1 0 0 0 0
 3999 7463.000 109266.000 0 0 0.000 0.000 0.000 0.143 0 1 0 0 0 0
 4000 32631.000 35714.000 0 0 0.000 0.000 0.000 0.133 0 1 0 0 0 0
 4001 151925.000 22321.000 0 0 0.000 0.000 0.000 0.122 0 1 0 0 0 0
 4002 152048.000 22379.000 0 0 0.000 0.000 0.000 0.130 0 1 0 0 0 0
 4003 153026.000 23124.000 0 0 0.000 0.000 0.000 0.120 0 1 0 0 0 0
 4004 172468.000 40890.000 0 0 0.000 0.000 0.000 0.125 0 1 0 0 0 0
 4005 190072.000 75236.000 0 0 0.000 0.000 0.000 0.136 0 1 0 0 0 0
 4006 193399.000 104200.000 0 0 0.000 0.000 0.000 0.127 0 1 0 0 0 0
 4007 163780.000 167952.000 0 0 0.000 0.000 0.000 0.124 0 1 0 0 0 0
 4008 161191.000 170428.000 0 0 0.000 0.000 0.000 0.123 0 1 0 0 0 0
 4009 141256.000 183499.000 0 0 0.000 0.000 0.000 0.133 0 1 0 0 0 0
 4010 67875.000 187403.000 0 0 0.000 0.000 0.000 0.131 0 1 0 0 0 0
 4011 44545.000 174733.000 0 0 0.000 0.000 0.000 0.122 0 1 0 0 0 0
 4012 43154.000 173760.000 0 0 0.000 0.000 0.000 0.121 0 1 0 0 0 0
 4013 18778.000 145577.000 0 0 0.000 0.000 0.000 0.127 0 1 0 0 0 0
 4014 15030.000 137841.000 0 0 0.000 0.000 0.000 0.135 0 1 0 0 0 0
 4015 8984.000 119387.000 0 0 0.000 0.000 0.000 0.136 0 1 0 0 0 0
 4016 6891.000 98872.000 0 0 0.000 0.000 0.000 0.123 0 1 0 0 0 0
 4017 7369.000 90148.000 0 0 0.000 0.000 0.000 0.125 0 1 0 0 0 0
 4018 35579.000 32521.000 0 0 0.000 0.000 0.000 0.125 0 1 0 0 0 0
 4019 124271.000 9609.000 0 0 0.000 0.000 0.000 0.135 0 1 0 0 0 0
 4020 140731.000 15689.000 0 0 0.000 0.000 0.000 0.133 0 1 0 0 0 0
 4021 151311.000 21718.000 0 0 0.000 0.000 0.000 0.123 0 1 0 0 0 0
 4022 155172.000 24409.000 0 0 0.000 0.000 0.000 0.124 0 1 0 0 0 0
 4023 175893.000 45114.000 0 0 0.000 0.000 0.000 0.130 0 1 0 0 0 0
 4024 186838.000 65141.000 0 0 0.000 0.000 0.000 0.124 0 1 0 0 0 0
 4025 192966.000 89464.000 0 0 0.000 0.000 0.000 0.146 0 1 0 0 0 0
 4026 192934.000 111140.000 0 0 0.000 0.000 0.000 0.146 0 1 0 0 0 0
 4027 166833.000 165380.000 0 0 0.000 0.000 0.000 0.132 0 1 0 0 0 0
 4028 127972.000 189084.000 0 0 0.000 0.000 0.000 0.132 0 1 0 0 0 0
 4029 72534.000 189036.000 0 0 0.000 0.000 0.000 0.121 0 1 0 0 0 0
 4030 58194.000 183372.000 0 0 0.000 0.000 0.000 0.125 0 1 0 0 0 0
 4031 50539.000 178992.000 0 0 0.000 0.000 0.000 0.123 0 1 0 0 0 0
 4032 48608.000 177747.000 0 0 0.000 0.000 0.000 0.138 0 1 0 0 0 0
 4033 45343.000 175499.000 0 0 0.000 0.000 0.000 0.124 0 1 0 0 0 0
 4034 18900.000 146023.000 0 0 0.000 0.000 0.000 0.125 0 1 0 0 0 0
 4035 8622.000 119010.000 0 0 0.000 0.000 0.000 0.132 0 1 0 0 0 0
 4036 11726.000 69607.000 0 0 0.000 0.000 0.000 0.121 0 1 0 0 0 0
 4037 135583.000 13238.000 0 0 0.000 0.000 0.000 0.132 0 1 0 0 0 0
 4038 142738.000 16504.000 0 0 0.000 0.000 0.000 0.139 0 1 0 0 0 0
 4039 178867.000 49205.000 0 0 0.000 0.000 0.000 0.139 0 1 0 0 0 0
 4040 181131.000 53075.000 0 0 0.000 0.000 0.000 0.136 0 1 0 0 0 0
 4041 191644.000 79760.000 0 0 0.000 0.000 0.000 0.125 0 1 0 0 0 0
 4042 192118.000 117336.000 0 0 0.000 0.000 0.000 0.128 0 1 0 0 0 0
 4043 191123.000 121890.000 0 0 0.000 0.000 0.000 0.122 0 1 0 0 0 0
 4044 165134.000 167252.000 0 0 0.000 0.000 0.000 0.127 0 1 0 0 0 0
 4045 160039.000 171721.000 0 0 0.000 0.000 0.000 0.122 0 1 0 0 0 0
 4046 143167.000 182943.000 0 0 0.000 0.000 0.000 0.123 0 1 0 0 0 0
 4047 141066.000 184118.000 0 0 0.000 0.000 0.000 0.130 0 1 0 0 0 0
 4048 131285.000 188213.000 0 0 0.000 0.000 0.000 0.123 0 1 0 0 0 0
 4049 25900.000 156840.000 0 0 0.000 0.000 0.000 0.129 0 1 0 0 0 0
 4050 16493.000 142074.000 0 0 0.000 0.000 0.000 0.126 0 1 0 0 0 0
 4051 6464.000 99524.000 0 0 0.000 0.000 0.000 0.127 0 1 0 0 0 0
 4052 6901.000 91585.000 0 0 0.000 0.000 0.000 0.129 0 1 0 0 0 0
 4053 40377.000 27659.000 0 0 0.000 0.000 0.000 0.133 0 1 0 0 0 0
 4054 124924.000 9495.000 0 0 0.000 0.000 0.000 0.121 0 1 0 0 0 0
 4055 136824.000 13645.000 0 0 0.000 0.000 0.000 0.123 0 1 0 0 0 0
 4056 170674.000 37933.000 0 0 0.000 0.000 0.000 0.127 0 1 0 0 0 0
 4057 188254.000 67791.000 0 0 0.000 0.000 0.000 0.121 0 1 0 0 0 0
 4058 183658.000 142444.000 0 0 0.000 0.000 0.000 0.138 0 1 0 0 0 0
 4059 169341.000 163260.000 0 0 0.000 0.000 0.000 0.124 0 1 0 0 0 0
 4060 158633.000 173216.000 0 0 0.000 0.000 0.000 0.120 0 1 0 0 0 0
 4061 154941.000 175906.000 0 0 0.000 0.000 0.000 0.123 0 1 0 0 0 0
 4062 154224.000 176425.000 0 0 0.000 0.000 0.000 0.122 0 1 0 0 0 0
 4063 148294.000 180330.000 0 0 0.000 0.000 0.000 0.121 0 1 0 0 0 0
 4064 145767.000 181870.000 0 0 0.000 0.000 0.000 0.135 0 1 0 0 0 0
 4065 141170.000 184212.000 0 0 0.000 0.000 0.000 0.123 0 1 0 0 0 0
 4066 137329.000 185908.000 0 0 0.000 0.000 0.000 0.128 0 1 0 0 0 0
 4067 46084.000 176422.000 0 0 0.000 0.000 0.000 0.122 0 1 0 0 0 0
 4068 32570.000 164936.000 0 0 0.000 0.000 0.000 0.132 0 1 0 0 0 0
 4069 23328.000 153556.000 0 0 0.000 0.000 0.000 0.125 0 1 0 0 0 0
 4070 20614.000 149568.000 0 0 0.000 0.000 0.000 0.132 0 1 0 0 0 0
 4071 14189.000 137350.000 0 0 0.000 0.000 0.000 0.120 0 1 0 0 0 0
 4072 6620.000 107357.000 0 0 0.000 0.000 0.000 0.148 0 1 0 0 0 0
 4073 7423.000 85929.000 0 0 0.000 0.000 0.000 0.121 0 1 0 0 0 0
 4074 25120.000 43572.000 0 0 0.000 0.000 0.000 0.128 0 1 0 0 0 0
 4075 172448.000 39773.000 0 0 0.000 0.000 0.000 0.135 0 1 0 0 0 0
 4076 185599.000 60645.000 0 0 0.000 0.000 0.000 0.132 0 1 0 0 0 0
 4077 189104.000 69539.000 0 0 0.000 0.000 0.000 0.128 0 1 0 0 0 0
 4078 190099.000 72802.000 0 0 0.000 0.000 0.000 0.123 0 1 0 0 0 0
 4079 190103.000 126817.000 0 0 0.000 0.000 0.000 0.136 0 1 0 0 0 0
 4080 177257.000 153498.000 0 0 0.000 0.000 0.000 0.128 0 1 0 0 0 0
 4081 170376.000 162170.000 0 0 0.000 0.000 0.000 0.123 0 1 0 0 0 0
 4082 152649.000 177850.000 0 0 0.000 0.000 0.000 0.124 0 1 0 0 0 0
 4083 144258.000 182864.000 0 0 0.000 0.000 0.000 0.125 0 1 0 0 0 0
 4084 125096.000 190468.000 0 0 0.000 0.000 0.000 0.123 0 1 0 0 0 0
 4085 47960.000 178113.000 0 0 0.000 0.000 0.000 0.147 0 1 0 0 0 0
 4086 43280.000 174571.000 0 0 0.000 0.000 0.000 0.123 0 1 0 0 0 0
 4087 26927.000 158628.000 0 0 0.000 0.000 0.000 0.123 0 1 0 0 0 0
 4088 23370.000 153988.000 0 0 0.000 0.000 0.000 0.124 0 1 0 0 0 0
 4089 21623.000 151343.000 0 0 0.000 0.000 0.000 0.128 0 1 0 0 0 0
 4090 18134.000 145861.000 0 0 0.000 0.000 0.000 0.125 0 1 0 0 0 0
 4091 8174.000 118433.000 0 0 0.000 0.000 0.000 0.120 0 1 0 0 0 0
 4092 6300.000 102755.000 0 0 0.000 0.000 0.000 0.121 0 1 0 0 0 0
 4093 6241.000 102622.000 0 0 0.000 0.000 0.000 0.121 0 1 0 0 0 0
 4094 6218.000 98302.000 0 0 0.000 0.000 0.000 0.138 0 1 0 0 0 0
 4095 28985.000 38534.000 0 0 0.000 0.000 0.000 0.122 0 1 0 0 0 0
 4096 159293.000 26552.000 0 0 0.000 0.000 0.000 0.127 0 1 0 0 0 0
 4097 184441.000 58047.000 0 0 0.000 0.000 0.000 0.120 0 1 0 0 0 0
 4098 193905.000 92149.000 0 0 0.000 0.000 0.000 0.131 0 1 0 0 0 0
 4099 178194.000 152556.000 0 0 0.000 0.000 0.000 0.134 0 1 0 0 0 0
 4100 172878.000 159625.000 0 0 0.000 0.000 0.000 0.131 0 1 0 0 0 0
 4101 172378.000 160131.000 0 0 0.000 0.000 0.000 0.122 0 1 0 0 0 0
 4102 168546.000 164441.000 0 0 0.000 0.000 0.000 0.129 0 1 0 0 0 0
 4103 150024.000 179561.000 0 0 0.000 0.000 0.000 0.121 0 1 0 0 0 0
 4104 139039.000 185542.000 0 0 0.000 0.000 0.000 0.127 0 1 0 0 0 0
 4105 125816.000 190430.000 0 0 0.000 0.000 0.000 0.122 0 1 0 0 0 0
 4106 67503.000 188154.000 0 0 0.000 0.000 0.000 0.126 0 1 0 0 0 0
 4107 60110.000 185003.000 0 0 0.000 0.000 0.000 0.131 0 1 0 0 0 0
 4108 51206.000 180230.000 0 0 0.000 0.000 0.000 0.135 0 1 0 0 0 0
 4109 7805.000 118157.000 0 0 0.000 0.000 0.000 0.128 0 1 0 0 0 0
 4110 8474.000 78468.000 0 0 0.000 0.000 0.000 0.122 0 1 0 0 0 0
 4111 148155.000 18704.000 0 0 0.000 0.000 0.000 0.134 0 1 0 0 0 0
 4112 171929.000 38820.000 0 0 0.000 0.000 0.000 0.126 0 1 0 0 0 0
 4113 178652.000 47564.000 0 0 0.000 0.000 0.000 0.128 0 1 0 0 0 0
 4114 183657.000 56126.000 0 0 0.000 0.000 0.000 0.137 0 1 0 0 0 0
 4115 191044.000 74755.000 0 0 0.000 0.000 0.000 0.128 0 1 0 0 0 0
 4116 194418.000 99709.000 0 0 0.000 0.000 0.000 0.122 0 1 0 0 0 0
 4117 187893.000 134053.000 0 0 0.000 0.000 0.000 0.121 0 1 0 0 0 0
 4118 182290.000 146257.000 0 0 0.000 0.000 0.000 0.133 0 1 0 0 0 0
 4119 179763.000 150462.000 0 0 0.000 0.000 0.000 0.123 0 1 0 0 0 0
 4120 147114.000 181643.000 0 0 0.000 0.000 0.000 0.140 0 1 0 0 0 0
 4121 54065.000 182106.000 0 0 0.000 0.000 0.000 0.136 0 1 0 0 0 0
 4122 43884.000 175548.000 0 0 0.000 0.000 0.000 0.140 0 1 0 0 0 0
 4123 42710.000 174589.000 0 0 0.000 0.000 0.000 0.145 0 1 0 0 0 0
 4124 33586.000 166722.000 0 0 0.000 0.000 0.000 0.125 0 1 0 0 0 0
 4125 14080.000 138325.000 0 0 0.000 0.000 0.000 0.135 0 1 0 0 0 0
 4126 9333.000 125542.000 0 0 0.000 0.000 0.000 0.126 0 1 0 0 0 0
 4127 6131.000 106703.000 0 0 0.000 0.000 0.000 0.139 0 1 0 0 0 0
 4128 137483.000 13158.000 0 0 0.000 0.000 0.000 0.120 0 1 0 0 0 0
 4129 141728.000 15038.000 0 0 0.000 0.000 0.000 0.125 0 1 0 0 0 0
 4130 144093.000 16287.000 0 0 0.000 0.000 0.000 0.126 0 1 0 0 0 0
 4131 154704.000 22802.000 0 0 0.000 0.000 0.000 0.122 0 1 0 0 0 0
 4132 170177.000 36460.000 0 0 0.000 0.000 0.000 0.125 0 1 0 0 0 0
 4133 187414.000 63559.000 0 0 0.000 0.000 0.000 0.129 0 1 0 0 0 0
 4134 189512.000 69169.000 0 0 0.000 0.000 0.000 0.131 0 1 0 0 0 0
 4135 193677.000 86739.000 0 0 0.000 0.000 0.000 0.121 0 1 0 0 0 0
 4136 194248.000 108427.000 0 0 0.000 0.000 0.000 0.128 0 1 0 0 0 0
 4137 189464.000 130556.000 0 0 0.000 0.000 0.000 0.126 0 1 0 0 0 0
 4138 151128.000 179303.000 0 0 0.000 0.000 0.000 0.123 0 1 0 0 0 0
 4139 132436.000 188537.000 0 0 0.000 0.000 0.000 0.139 0 1 0 0 0 0
 4140 68891.000 189012.000 0 0 0.000 0.000 0.000 0.136 0 1 0 0 0 0
 4141 50715.000 180358.000 0 0 0.000 0.000 0.000 0.135 0 1 0 0 0 0
 4142 39686.000 172410.000 0 0 0.000 0.000 0.000 0.123 0 1 0 0 0 0
 4143 25462.000 157701.000 0 0 0.000 0.000 0.000 0.123 0 1 0 0 0 0
 4144 17646.000 145922.000 0 0 0.000 0.000 0.000 0.131 0 1 0 0 0 0
 4145 6340.000 88168.000 0 0 0.000 0.000 0.000 0.129 0 1 0 0 0 0
 4146 11509.000 67164.000 0 0 0.000 0.000 0.000 0.127 0 1 0 0 0 0
 4147 125337.000 8708.000 0 0 0.000 0.000 0.000 0.121 0 1 0 0 0 0
 4148 168321.000 34264.000 0 0 0.000 0.000 0.000 0.125 0 1 0 0 0 0
 4149 166659.000 167136.000 0 0 0.000 0.000 0.000 0.136 0 1 0 0 0 0
 4150 152438.000 178747.000 0 0 0.000 0.000 0.000 0.125 0 1 0 0 0 0
 4151 44654.000 176505.000 0 0 0.000 0.000 0.000 0.125 0 1 0 0 0 0
 4152 44175.000 176067.000 0 0 0.000 0.000 0.000 0.125 0 1 0 0 0 0
 4153 36216.000 169555.000 0 0 0.000 0.000 0.000 0.137 0 1 0 0 0 0
 4154 35299.000 168723.000 0 0 0.000 0.000 0.000 0.130 0 1 0 0 0 0
 4155 6118.000 110621.000 0 0 0.000 0.000 0.000 0.122 0 1 0 0 0 0
 4156 5440.000 99275.000 0 0 0.000 0.000 0.000 0.140 0 1 0 0 0 0
 4157 29319.000 37093.000 0 0 0.000 0.000 0.000 0.128 0 1 0 0 0 0
 4158 151707.000 20266.000 0 0 0.000 0.000 0.000 0.123 0 1 0 0 0 0
 4159 156253.000 23544.000 0 0 0.000 0.000 0.000 0.124 0 1 0 0 0 0
 4160 190334.000 70425.000 0 0 0.000 0.000 0.000 0.127 0 1 0 0 0 0
 4161 185535.000 140954.000 0 0 0.000 0.000 0.000 0.137 0 1 0 0 0 0
 4162 184356.000 143443.000 0 0 0.000 0.000 0.000 0.137 0 1 0 0 0 0
 4163 11461.000 133549.000 0 0 0.000 0.000 0.000 0.138 0 1 0 0 0 0
 4164 8776.000 125265.000 0 0 0.000 0.000 0.000 0.129 0 1 0 0 0 0
 4165 7331.000 119304.000 0 0 0.000 0.000 0.000 0.129 0 1 0 0 0 0
 4166 5280.000 100352.000 0 0 0.000 0.000 0.000 0.129 0 1 0 0 0 0
 4167 5277.000 98050.000 0 0 0.000 0.000 0.000 0.129 0 1 0 0 0 0
 4168 5513.000 93740.000 0 0 0.000 0.000 0.000 0.120 0 1 0 0 0 0
 4169 7446.000 79993.000 0 0 0.000 0.000 0.000 0.137 0 1 0 0 0 0
 4170 39250.000 27141.000 0 0 0.000 0.000 0.000 0.123 0 1 0 0 0 0
 4171 186654.000 60677.000 0 0 0.000 0.000 0.000 0.144 0 1 0 0 0 0
 4172 190225.000 69479.000 0 0 0.000 0.000 0.000 0.126 0 1 0 0 0 0
 4173 172920.000 161000.000 0 0 0.000 0.000 0.000 0.131 0 1 0 0 0 0
 4174 71050.000 190255.000 0 0 0.000 0.000 0.000 0.120 0 1 0 0 0 0
 4175 39759.000 173226.000 0 0 0.000 0.000 0.000 0.137 0 1 0 0 0 0
 4176 39130.000 172622.000 0 0 0.000 0.000 0.000 0.136 0 1 0 0 0 0
 4177 34464.000 168533.000 0 0 0.000 0.000 0.000 0.137 0 1 0 0 0 0
 4178 24140.000 156841.000 0 0 0.000 0.000 0.000 0.129 0 1 0 0 0 0
 4179 17815.000 147157.000 0 0 0.000 0.000 0.000 0.126 0 1 0 0 0 0
 4180 10992.000 132806.000 0 0 0.000 0.000 0.000 0.128 0 1 0 0 0 0
 4181 5802.000 110754.000 0 0 0.000 0.000 0.000 0.124 0 1 0 0 0 0
 4182 5616.000 109047.000 0 0 0.000 0.000 0.000 0.126 0 1 0 0 0 0
 4183 5619.000 90662.000 0 0 0.000 0.000 0.000 0.126 0 1 0 0 0 0
 4184 8914.000 73358.000 0 0 0.000 0.000 0.000 0.131 0 1 0 0 0 0
 4185 28111.000 37878.000 0 0 0.000 0.000 0.000 0.137 0 1 0 0 0 0
 4186 128686.000 9158.000 0 0 0.000 0.000 0.000 0.127 0 1 0 0 0 0
 4187 159764.000 25626.000 0 0 0.000 0.000 0.000 0.125 0 1 0 0 0 0
 4188 182561.000 52296.000 0 0 0.000 0.000 0.000 0.122 0 1 0 0 0 0
 4189 187736.000 62580.000 0 0 0.000 0.000 0.000 0.134 0 1 0 0 0 0
 4190 195078.000 106606.000 0 0 0.000 0.000 0.000 0.127 0 1 0 0 0 0
 4191 195028.000 106685.000 0 0 0.000 0.000 0.000 0.140 0 1 0 0 0 0
 4192 172516.000 161534.000 0 0 0.000 0.000 0.000 0.132 0 1 0 0 0 0
 4193 160382.000 173437.000 0 0 0.000 0.000 0.000 0.129 0 1 0 0 0 0
 4194 134053.000 188741.000 0 0 0.000 0.000 0.000 0.129 0 1 0 0 0 0
 4195 57532.000 184830.000 0 0 0.000 0.000 0.000 0.123 0 1 0 0 0 0
 4196 29760.000 163811.000 0 0 0.000 0.000 0.000 0.126 0 1 0 0 0 0
 4197 22547.000 154983.000 0 0 0.000 0.000 0.000 0.121 0 1 0 0 0 0
 4198 16187.000 144439.000 0 0 0.000 0.000 0.000 0.120 0 1 0 0 0 0
 4199 12785.000 137410.000 0 0 0.000 0.000 0.000 0.135 0 1 0 0 0 0
 4200 11636.000 134854.000 0 0 0.000 0.000 0.000 0.132 0 1 0 0 0 0
 4201 6108.000 114221.000 0 0 0.000 0.000 0.000 0.123 0 1 0 0 0 0
 4202 5149.000 106413.000 0 0 0.000 0.000 0.000 0.137 0 1 0 0 0 0
 4203 25170.000 41209.000 0 0 0.000 0.000 0.000 0.129 0 1 0 0 0 0
 4204 134893.000 11077.000 0 0 0.000 0.000 0.000 0.133 0 1 0 0 0 0
 4205 156143.000 22666.000 0 0 0.000 0.000 0.000 0.128 0 1 0 0 0 0
 4206 169115.000 33957.000 0 0 0.000 0.000 0.000 0.128 0 1 0 0 0 0
 4207 169630.000 34695.000 0 0 0.000 0.000 0.000 0.121 0 1 0 0 0 0
 4208 180423.000 48383.000 0 0 0.000 0.000 0.000 0.135 0 1 0 0 0 0
 4209 177239.000 155839.000 0 0 0.000 0.000 0.000 0.125 0 1 0 0 0 0
 4210 159092.000 174694.000 0 0 0.000 0.000 0.000 0.147 0 1 0 0 0 0
 4211 151073.000 180367.000 0 0 0.000 0.000 0.000 0.132 0 1 0 0 0 0
 4212 148339.000 182069.000 0 0 0.000 0.000 0.000 0.121 0 1 0 0 0 0
 4213 63956.000 188048.000 0 0 0.000 0.000 0.000 0.130 0 1 0 0 0 0
 4214 39446.000 173339.000 0 0 0.000 0.000 0.000 0.146 0 1 0 0 0 0
 4215 17268.000 146750.000 0 0 0.000 0.000 0.000 0.122 0 1 0 0 0 0
 4216 8499.000 126334.000 0 0 0.000 0.000 0.000 0.131 0 1 0 0 0 0
 4217 22315.000 44782.000 0 0 0.000 0.000 0.000 0.125 0 1 0 0 0 0
 4218 186276.000 58821.000 0 0 0.000 0.000 0.000 0.121 0 1 0 0 0 0
 4219 195514.000 103566.000 0 0 0.000 0.000 0.000 0.124 0 1 0 0 0 0
 4220 186454.000 140635.000 0 0 0.000 0.000 0.000 0.124 0 1 0 0 0 0
 4221 184231.000 144944.000 0 0 0.000 0.000 0.000 0.122 0 1 0 0 0 0
 4222 161412.000 173077.000 0 0 0.000 0.000 0.000 0.137 0 1 0 0 0 0
 4223 129258.000 190762.000 0 0 0.000 0.000 0.000 0.123 0 1 0 0 0 0
 4224 57501.000 185250.000 0 0 0.000 0.000 0.000 0.130 0 1 0 0 0 0
 4225 34992.000 169683.000 0 0 0.000 0.000 0.000 0.127 0 1 0 0 0 0
 4226 15040.000 143048.000 0 0 0.000 0.000 0.000 0.137 0 1 0 0 0 0
 4227 7537.000 76609.000 0 0 0.000 0.000 0.000 0.136 0 1 0 0 0 0
 4228 30720.000 34090.000 0 0 0.000 0.000 0.000 0.133 0 1 0 0 0 0
 4229 36137.000 28983.000 0 0 0.000 0.000 0.000 0.120 0 1 0 0 0 0
 4230 135387.000 10946.000 0 0 0.000 0.000 0.000 0.123 0 1 0 0 0 0
 4231 183302.000 52756.000 0 0 0.000 0.000 0.000 0.131 0 1 0 0 0 0
 4232 190834.000 69592.000 0 0 0.000 0.000 0.000 0.127 0 1 0 0 0 0
 4233 181897.000 149644.000 0 0 0.000 0.000 0.000 0.122 0 1 0 0 0 0
 4234 181118.000 150666.000 0 0 0.000 0.000 0.000 0.120 0 1 0 0 0 0
 4235 175266.000 159145.000 0 0 0.000 0.000 0.000 0.126 0 1 0 0 0 0
 4236 147930.000 182742.000 0 0 0.000 0.000 0.000 0.131 0 1 0 0 0 0
 4237 133058.000 189632.000 0 0 0.000 0.000 0.000 0.138 0 1 0 0 0 0
 4238 69674.000 190458.000 0 0 0.000 0.000 0.000 0.134 0 1 0 0 0 0
 4239 45243.000 178082.000 0 0 0.000 0.000 0.000 0.125 0 1 0 0 0 0
 4240 27208.000 161774.000 0 0 0.000 0.000 0.000 0.128 0 1 0 0 0 0
 4241 25703.000 159863.000 0 0 0.000 0.000 0.000 0.133 0 1 0 0 0 0
 4242 21606.000 154374.000 0 0 0.000 0.000 0.000 0.133 0 1 0 0 0 0
 4243 15809.000 144826.000 0 0 0.000 0.000 0.000 0.123 0 1 0 0 0 0
 4244 5546.000 85081.000 0 0 0.000 0.000 0.000 0.138 0 1 0 0 0 0
 4245 14595.000 57210.000 0 0 0.000 0.000 0.000 0.121 0 1 0 0 0 0
 4246 26944.000 38219.000 0 0 0.000 0.000 0.000 0.122 0 1 0 0 0 0
 4247 28124.000 36824.000 0 0 0.000 0.000 0.000 0.124 0 1 0 0 0 0
 4248 140816.000 13079.000 0 0 0.000 0.000 0.000 0.120 0 1 0 0 0 0
 4249 147234.000 16430.000 0 0 0.000 0.000 0.000 0.133 0 1 0 0 0 0
 4250 190507.000 67837.000 0 0 0.000 0.000 0.000 0.127 0 1 0 0 0 0
 4251 60965.000 187253.000 0 0 0.000 0.000 0.000 0.129 0 1 0 0 0 0
 4252 14842.000 56065.000 0 0 0.000 0.000 0.000 0.120 0 1 0 0 0 0
 4253 21212.000 45287.000 0 0 0.000 0.000 0.000 0.126 0 1 0 0 0 0
 4254 29557.000 35070.000 0 0 0.000 0.000 0.000 0.138 0 1 0 0 0 0
 4255 39908.000 25206.000 0 0 0.000 0.000 0.000 0.140 0 1 0 0 0 0
 4256 133821.000 9926.000 0 0 0.000 0.000 0.000 0.129 0 1 0 0 0 0
 4257 192808.000 74773.000 0 0 0.000 0.000 0.000 0.124 0 1 0 0 0 0
 4258 195523.000 111261.000 0 0 0.000 0.000 0.000 0.124 0 1 0 0 0 0
 4259 150825.000 181405.000 0 0 0.000 0.000 0.000 0.135 0 1 0 0 0 0
 4260 47283.000 179892.000 0 0 0.000 0.000 0.000 0.122 0 1 0 0 0 0
 4261 17769.000 50535.000 0 0 0.000 0.000 0.000 0.138 0 1 0 0 0 0
 4262 19130.000 48221.000 0 0 0.000 0.000 0.000 0.126 0 1 0 0 0 0
 4263 162920.000 26959.000 0 0 0.000 0.000 0.000 0.134 0 1 0 0 0 0
 4264 163975.000 27972.000 0 0 0.000 0.000 0.000 0.129 0 1 0 0 0 0
 4265 192239.000 72337.000 0 0 0.000 0.000 0.000 0.121 0 1 0 0 0 0
 4266 196035.000 92640.000 0 0 0.000 0.000 0.000 0.132 0 1 0 0 0 0
 4267 189791.000 134833.000 0 0 0.000 0.000 0.000 0.138 0 1 0 0 0 0
 4268 142691.000 186035.000 0 0 0.000 0.000 0.000 0.123 0 1 0 0 0 0
 4269 52075.000 183074.000 0 0 0.000 0.000 0.000 0.121 0 1 0 0 0 0
 4270 11803.000 138013.000 0 0 0.000 0.000 0.000 0.126 0 1 0 0 0 0
 4271 5177.000 114971.000 0 0 0.000 0.000 0.000 0.131 0 1 0 0 0 0
 4272 3909.000 96741.000 0 0 0.000 0.000 0.000 0.127 0 1 0 0 0 0
 4273 4874.000 85901.000 0 0 0.000 0.000 0.000 0.129 0 1 0 0 0 0
 4274 194378.000 80053.000 0 0 0.000 0.000 0.000 0.140 0 1 0 0 0 0
 4275 196335.000 102887.000 0 0 0.000 0.000 0.000 0.120 0 1 0 0 0 0
 4276 195610.000 113276.000 0 0 0.000 0.000 0.000 0.123 0 1 0 0 0 0
 4277 22091.000 156265.000 0 0 0.000 0.000 0.000 0.125 0 1 0 0 0 0
 4278 6156.000 121108.000 0 0 0.000 0.000 0.000 0.120 0 1 0 0 0 0
 4279 4269.000 90744.000 0 0 0.000 0.000 0.000 0.139 0 1 0 0 0 0
 4280 14306.000 55972.000 0 0 0.000 0.000 0.000 0.138 0 1 0 0 0 0
 4281 150428.000 182141.000 0 0 0.000 0.000 0.000 0.125 0 1 0 0 0 0
 4282 27377.000 163244.000 0 0 0.000 0.000 0.000 0.135 0 1 0 0 0 0
 4283 5432.000 118590.000 0 0 0.000 0.000 0.000 0.125 0 1 0 0 0 0
 4284 4487.000 113040.000 0 0 0.000 0.000 0.000 0.138 0 1 0 0 0 0
 4285 190114.000 64453.000 0 0 0.000 0.000 0.000 0.133 0 1 0 0 0 0
 4286 192333.000 70849.000 0 0 0.000 0.000 0.000 0.127 0 1 0 0 0 0
 4287 163390.000 172971.000 0 0 0.000 0.000 0.000 0.126 0 1 0 0 0 0
 4288 69551.000 191596.000 0 0 0.000 0.000 0.000 0.125 0 1 0 0 0 0
 4289 35582.000 171921.000 0 0 0.000 0.000 0.000 0.125 0 1 0 0 0 0
 4290 21146.000 155501.000 0 0 0.000 0.000 0.000 0.123 0 1 0 0 0 0
 4291 5959.000 121761.000 0 0 0.000 0.000 0.000 0.124 0 1 0 0 0 0
 4292 5798.000 78363.000 0 0 0.000 0.000 0.000 0.134 0 1 0 0 0 0
 4293 134637.000 190404.000 0 0 0.000 0.000 0.000 0.132 0 1 0 0 0 0
 4294 30745.000 167331.000 0 0 0.000 0.000 0.000 0.130 0 1 0 0 0 0
 4295 30323.000 166991.000 0 0 0.000 0.000 0.000 0.127 0 1 0 0 0 0
 4296 3809.000 110268.000 0 0 0.000 0.000 0.000 0.123 0 1 0 0 0 0
 4297 186937.000 58593.000 0 0 0.000 0.000 0.000 200000.000 0 1 0 200 0 0
 4298 181474.000 152574.000 0 0 0.000 0.000 0.000 0.121 0 1 0 0 0 0
 4299 128137.000 192773.000 0 0 0.000 0.000 0.000 0.131 0 1 0 0 0 0
 4300 23488.000 159347.000 0 0 0.000 0.000 0.000 0.122 0 1 0 0 0 0
 4301 6316.000 124424.000 0 0 0.000 0.000 0.000 0.120 0 1 0 0 0 0
 4302 5154.000 119475.000 0 0 0.000 0.000 0.000 0.126 0 1 0 0 0 0
 4303 4623.000 82922.000 0 0 0.000 0.000 0.000 0.121 0 1 0 0 0 0
 4304 40599.000 176532.000 0 0 0.000 0.000 0.000 0.120 0 1 0 0 0 0
 4305 43345.000 178733.000 0 0 0.000 0.000 0.000 0.120 0 1 0 0 0 0;
ProcessEquipmentIDList 1
  "6489" ;
SummarySpec 5
  TESTNO    NDEFECT    DEFDENSITY    NDIE    NDEFDIE  ;
SummaryList 
  1    4305    15.1    1    1  ;
EndOfFile;
