FileVersion 1 2;
FileTimestamp 01-30-26 15:46:33;
InspectionStationID "KLA-Tencor" "SFSSP1" "0901-0728-TBI";
SampleType WAFER;
ResultTimestamp 01-30-26 15:19:07;
LotID "2850";
SampleSize 1 200;
DeviceID "None";
SetupID "T2-2850A" 01-30-26 15:19:07;
StepID "6855";
SampleOrientationMarkType NOTCH;
OrientationMarkLocation DOWN;
DiePitch 200000 200000;
DieOrigin 0 0;
WaferID "25";
Slot 25;
SampleCenterLocation 100000 100000;
ClassLookup 1
  0 "0"  ;
OrientationInstructions "Front";
CoordinatesMirrored No;
InspectionTest 1;
SampleTestPlan 1
  0 0 ;
AreaPerTest 2.85005e+010;
ClusterClassificationList 5
  3 210 
  1 210 
  5 210 
  2 210 
  4 210 ;
DefectRecordSpec 15 DEFECTID XREL YREL XINDEX YINDEX XSIZE YSIZE DEFECTAREA DSIZE CLASSNUMBER TEST CLUSTERNUMBER ROUGHBINNUMBER FINEBINNUMBER REVIEWSAMPLE ;
DefectList
 1 93328.000 98853.000 0 0 0.000 0.000 0.000 200000.000 0 1 0 200 0 0
 2 93948.000 77215.000 0 0 0.000 0.000 0.000 0.163 0 1 0 0 0 0
 3 129922.000 94250.000 0 0 54.000 32.000 1728.000 41.569 0 1 3 210 0 0
 4 129929.000 94392.000 0 0 54.000 32.000 1728.000 41.569 0 1 3 210 0 0
 5 130021.000 95000.000 0 0 52.000 32.000 1664.000 40.792 0 1 3 210 0 0
 6 130049.000 95268.000 0 0 52.000 30.000 1560.000 39.496 0 1 3 210 0 0
 7 130082.000 95400.000 0 0 52.000 30.000 1560.000 39.496 0 1 3 210 0 0
 8 129450.000 91437.000 0 0 56.000 36.000 2016.000 44.899 0 1 3 210 0 0
 9 129465.000 91529.000 0 0 56.000 36.000 2016.000 44.899 0 1 3 210 0 0
 10 129473.000 91549.000 0 0 56.000 36.000 2016.000 44.899 0 1 3 210 0 0
 11 129486.000 91739.000 0 0 56.000 36.000 2016.000 44.899 0 1 3 210 0 0
 12 129515.000 91817.000 0 0 56.000 36.000 2016.000 44.899 0 1 3 210 0 0
 13 129524.000 91952.000 0 0 56.000 36.000 2016.000 44.899 0 1 3 210 0 0
 14 129544.000 92030.000 0 0 56.000 36.000 2016.000 44.899 0 1 3 210 0 0
 15 129588.000 92228.000 0 0 56.000 36.000 2016.000 44.899 0 1 3 210 0 0
 16 129622.000 92388.000 0 0 54.000 36.000 1944.000 44.090 0 1 3 210 0 0
 17 129664.000 92606.000 0 0 54.000 36.000 1944.000 44.090 0 1 3 210 0 0
 18 129690.000 92823.000 0 0 54.000 34.000 1836.000 42.848 0 1 3 210 0 0
 19 129710.000 92918.000 0 0 54.000 34.000 1836.000 42.848 0 1 3 210 0 0
 20 129740.000 93091.000 0 0 54.000 34.000 1836.000 42.848 0 1 3 210 0 0
 21 129774.000 93262.000 0 0 54.000 34.000 1836.000 42.848 0 1 3 210 0 0
 22 129799.000 93490.000 0 0 54.000 34.000 1836.000 42.848 0 1 3 210 0 0
 23 129814.000 93570.000 0 0 54.000 34.000 1836.000 42.848 0 1 3 210 0 0
 24 129824.000 93661.000 0 0 54.000 34.000 1836.000 42.848 0 1 3 210 0 0
 25 129863.000 93841.000 0 0 54.000 34.000 1836.000 42.848 0 1 3 210 0 0
 26 129866.000 93899.000 0 0 54.000 34.000 1836.000 42.848 0 1 3 210 0 0
 27 129902.000 94092.000 0 0 54.000 32.000 1728.000 41.569 0 1 3 210 0 0
 28 129934.000 94306.000 0 0 54.000 32.000 1728.000 41.569 0 1 3 210 0 0
 29 129936.000 94497.000 0 0 54.000 32.000 1728.000 41.569 0 1 3 210 0 0
 30 129988.000 94655.000 0 0 54.000 32.000 1728.000 41.569 0 1 3 210 0 0
 31 130060.000 95114.000 0 0 52.000 32.000 1664.000 40.792 0 1 3 210 0 0
 32 130150.000 95675.000 0 0 52.000 30.000 1560.000 39.496 0 1 3 210 0 0
 33 130188.000 95948.000 0 0 52.000 30.000 1560.000 39.496 0 1 3 210 0 0
 34 130228.000 96191.000 0 0 52.000 30.000 1560.000 39.496 0 1 3 210 0 0
 35 130350.000 96981.000 0 0 52.000 28.000 1456.000 38.157 0 1 3 210 0 0
 36 130367.000 97151.000 0 0 52.000 28.000 1456.000 38.157 0 1 3 210 0 0
 37 130408.000 97388.000 0 0 52.000 28.000 1456.000 38.157 0 1 3 210 0 0
 38 130466.000 97746.000 0 0 50.000 26.000 1300.000 36.055 0 1 3 210 0 0
 39 130477.000 97910.000 0 0 50.000 26.000 1300.000 36.055 0 1 3 210 0 0
 40 130526.000 98576.000 0 0 50.000 26.000 1300.000 36.055 0 1 3 210 0 0
 41 129217.000 90089.000 0 0 54.000 40.000 2160.000 46.475 0 1 3 210 0 0
 42 129240.000 90271.000 0 0 54.000 38.000 2052.000 45.299 0 1 3 210 0 0
 43 129286.000 90528.000 0 0 54.000 38.000 2052.000 45.299 0 1 3 210 0 0
 44 129310.000 90604.000 0 0 54.000 38.000 2052.000 45.299 0 1 3 210 0 0
 45 129344.000 90752.000 0 0 54.000 38.000 2052.000 45.299 0 1 3 210 0 0
 46 129356.000 90905.000 0 0 54.000 38.000 2052.000 45.299 0 1 3 210 0 0
 47 129388.000 91043.000 0 0 54.000 38.000 2052.000 45.299 0 1 3 210 0 0
 48 129411.000 91166.000 0 0 54.000 38.000 2052.000 45.299 0 1 3 210 0 0
 49 129441.000 91319.000 0 0 54.000 38.000 2052.000 45.299 0 1 3 210 0 0
 50 129485.000 91667.000 0 0 56.000 36.000 2016.000 44.899 0 1 3 210 0 0
 51 130753.000 100180.000 0 0 50.000 24.000 1200.000 34.641 0 1 3 210 0 0
 52 128981.000 89025.000 0 0 56.000 40.000 2240.000 47.328 0 1 3 210 0 0
 53 129059.000 89328.000 0 0 56.000 40.000 2240.000 47.328 0 1 3 210 0 0
 54 129096.000 89432.000 0 0 56.000 40.000 2240.000 47.328 0 1 3 210 0 0
 55 129118.000 89521.000 0 0 56.000 40.000 2240.000 47.328 0 1 3 210 0 0
 56 129165.000 89762.000 0 0 54.000 40.000 2160.000 46.475 0 1 3 210 0 0
 57 129189.000 89932.000 0 0 54.000 40.000 2160.000 46.475 0 1 3 210 0 0
 58 129218.000 90092.000 0 0 54.000 40.000 2160.000 46.475 0 1 3 210 0 0
 59 130426.000 94544.000 0 0 54.000 32.000 1728.000 41.569 0 1 3 210 0 0
 60 130460.000 94830.000 0 0 54.000 32.000 1728.000 41.569 0 1 3 210 0 0
 61 130529.000 95230.000 0 0 52.000 30.000 1560.000 39.496 0 1 3 210 0 0
 62 130553.000 95424.000 0 0 52.000 30.000 1560.000 39.496 0 1 3 210 0 0
 63 130573.000 95515.000 0 0 52.000 30.000 1560.000 39.496 0 1 3 210 0 0
 64 130594.000 95666.000 0 0 52.000 30.000 1560.000 39.496 0 1 3 210 0 0
 65 130627.000 95835.000 0 0 52.000 30.000 1560.000 39.496 0 1 3 210 0 0
 66 130640.000 95962.000 0 0 52.000 30.000 1560.000 39.496 0 1 3 210 0 0
 67 130667.000 96087.000 0 0 52.000 30.000 1560.000 39.496 0 1 3 210 0 0
 68 130653.000 96219.000 0 0 52.000 30.000 1560.000 39.496 0 1 3 210 0 0
 69 130687.000 96353.000 0 0 52.000 28.000 1456.000 38.157 0 1 3 210 0 0
 70 130720.000 96640.000 0 0 52.000 28.000 1456.000 38.157 0 1 3 210 0 0
 71 130744.000 96791.000 0 0 52.000 28.000 1456.000 38.157 0 1 3 210 0 0
 72 130764.000 96986.000 0 0 52.000 28.000 1456.000 38.157 0 1 3 210 0 0
 73 130815.000 97290.000 0 0 52.000 28.000 1456.000 38.157 0 1 3 210 0 0
 74 130863.000 101118.000 0 0 50.000 24.000 1200.000 34.641 0 1 3 210 0 0
 75 128819.000 88224.000 0 0 56.000 42.000 2352.000 48.497 0 1 3 210 0 0
 76 130856.000 97580.000 0 0 50.000 26.000 1300.000 36.055 0 1 3 210 0 0
 77 128866.000 88342.000 0 0 56.000 42.000 2352.000 48.497 0 1 3 210 0 0
 78 128919.000 88475.000 0 0 56.000 42.000 2352.000 48.497 0 1 3 210 0 0
 79 128934.000 88544.000 0 0 56.000 42.000 2352.000 48.497 0 1 3 210 0 0
 80 130954.000 98241.000 0 0 50.000 26.000 1300.000 36.055 0 1 3 210 0 0
 81 129929.000 91496.000 0 0 56.000 36.000 2016.000 44.899 0 1 3 210 0 0
 82 130946.000 98439.000 0 0 50.000 26.000 1300.000 36.055 0 1 3 210 0 0
 83 130041.000 92281.000 0 0 54.000 36.000 1944.000 44.090 0 1 3 210 0 0
 84 131009.000 98581.000 0 0 50.000 26.000 1300.000 36.055 0 1 3 210 0 0
 85 130091.000 92636.000 0 0 54.000 34.000 1836.000 42.848 0 1 3 210 0 0
 86 131042.000 98843.000 0 0 50.000 24.000 1200.000 34.641 0 1 3 210 0 0
 87 130785.000 97110.000 0 0 52.000 28.000 1456.000 38.157 0 1 3 210 0 0
 88 131079.000 99040.000 0 0 50.000 24.000 1200.000 34.641 0 1 3 210 0 0
 89 130884.000 97766.000 0 0 50.000 26.000 1300.000 36.055 0 1 3 210 0 0
 90 131122.000 99085.000 0 0 50.000 24.000 1200.000 34.641 0 1 3 210 0 0
 91 130909.000 97930.000 0 0 50.000 26.000 1300.000 36.055 0 1 3 210 0 0
 92 131086.000 99243.000 0 0 50.000 24.000 1200.000 34.641 0 1 3 210 0 0
 93 130923.000 98024.000 0 0 50.000 26.000 1300.000 36.055 0 1 3 210 0 0
 94 130948.000 98180.000 0 0 50.000 26.000 1300.000 36.055 0 1 3 210 0 0
 95 130985.000 101742.000 0 0 50.000 26.000 1300.000 36.055 0 1 3 210 0 0
 96 128671.000 87269.000 0 0 54.000 42.000 2268.000 47.623 0 1 3 210 0 0
 97 128662.000 87406.000 0 0 54.000 42.000 2268.000 47.623 0 1 3 210 0 0
 98 128684.000 87460.000 0 0 54.000 42.000 2268.000 47.623 0 1 3 210 0 0
 99 131110.000 99353.000 0 0 50.000 24.000 1200.000 34.641 0 1 3 210 0 0
 100 128710.000 87518.000 0 0 54.000 42.000 2268.000 47.623 0 1 3 210 0 0
 101 131116.000 99446.000 0 0 50.000 24.000 1200.000 34.641 0 1 3 210 0 0
 102 128756.000 87684.000 0 0 54.000 42.000 2268.000 47.623 0 1 3 210 0 0
 103 131131.000 99569.000 0 0 50.000 24.000 1200.000 34.641 0 1 3 210 0 0
 104 128772.000 87753.000 0 0 56.000 42.000 2352.000 48.497 0 1 3 210 0 0
 105 131145.000 99739.000 0 0 51.000 24.000 1224.000 34.985 0 1 3 210 0 0
 106 128784.000 87858.000 0 0 56.000 42.000 2352.000 48.497 0 1 3 210 0 0
 107 131145.000 99827.000 0 0 50.000 24.000 1200.000 34.641 0 1 3 210 0 0
 108 128810.000 87934.000 0 0 56.000 42.000 2352.000 48.497 0 1 3 210 0 0
 109 131144.000 99894.000 0 0 51.000 24.000 1224.000 34.985 0 1 3 210 0 0
 110 129568.000 89693.000 0 0 54.000 40.000 2160.000 46.475 0 1 3 210 0 0
 111 131144.000 100087.000 0 0 51.000 24.000 1224.000 34.985 0 1 3 210 0 0
 112 129661.000 90026.000 0 0 54.000 38.000 2052.000 45.299 0 1 3 210 0 0
 113 131197.000 100174.000 0 0 51.000 24.000 1224.000 34.985 0 1 3 210 0 0
 114 129766.000 90747.000 0 0 54.000 38.000 2052.000 45.299 0 1 3 210 0 0
 115 131141.000 100261.000 0 0 51.000 24.000 1224.000 34.985 0 1 3 210 0 0
 116 129889.000 91353.000 0 0 56.000 36.000 2016.000 44.899 0 1 3 210 0 0
 117 131284.000 100390.000 0 0 50.000 24.000 1200.000 34.641 0 1 3 210 0 0
 118 130672.000 98077.000 0 0 50.000 26.000 1300.000 36.055 0 1 3 210 0 0
 119 131308.000 100488.000 0 0 50.000 24.000 1200.000 34.641 0 1 3 210 0 0
 120 131162.000 99951.000 0 0 51.000 24.000 1224.000 34.985 0 1 3 210 0 0
 121 131301.000 100737.000 0 0 50.000 24.000 1200.000 34.641 0 1 3 210 0 0
 122 131299.000 100780.000 0 0 50.000 24.000 1200.000 34.641 0 1 3 210 0 0
 123 131081.000 102545.000 0 0 50.000 28.000 1400.000 37.416 0 1 3 210 0 0
 124 131291.000 101046.000 0 0 50.000 24.000 1200.000 34.641 0 1 3 210 0 0
 125 131066.000 102983.000 0 0 52.000 28.000 1456.000 38.157 0 1 3 210 0 0
 126 131078.000 102863.000 0 0 52.000 28.000 1456.000 38.157 0 1 3 210 0 0
 127 128527.000 86573.000 0 0 56.000 42.000 2352.000 48.497 0 1 3 210 0 0
 128 128518.000 86668.000 0 0 56.000 42.000 2352.000 48.497 0 1 3 210 0 0
 129 129434.000 88625.000 0 0 56.000 42.000 2352.000 48.497 0 1 3 210 0 0
 130 128565.000 86770.000 0 0 56.000 42.000 2352.000 48.497 0 1 3 210 0 0
 131 129470.000 88723.000 0 0 56.000 40.000 2240.000 47.328 0 1 3 210 0 0
 132 128602.000 86866.000 0 0 56.000 42.000 2352.000 48.497 0 1 3 210 0 0
 133 129411.000 89011.000 0 0 56.000 40.000 2240.000 47.328 0 1 3 210 0 0
 134 128630.000 86979.000 0 0 54.000 42.000 2268.000 47.623 0 1 3 210 0 0
 135 129448.000 89128.000 0 0 56.000 40.000 2240.000 47.328 0 1 3 210 0 0
 136 128666.000 87185.000 0 0 54.000 42.000 2268.000 47.623 0 1 3 210 0 0
 137 131288.000 101107.000 0 0 50.000 24.000 1200.000 34.641 0 1 3 210 0 0
 138 129356.000 88882.000 0 0 56.000 40.000 2240.000 47.328 0 1 3 210 0 0
 139 131282.000 101227.000 0 0 50.000 24.000 1200.000 34.641 0 1 3 210 0 0
 140 129538.000 89487.000 0 0 56.000 40.000 2240.000 47.328 0 1 3 210 0 0
 141 131448.000 101336.000 0 0 50.000 26.000 1300.000 36.055 0 1 3 210 0 0
 142 129558.000 89602.000 0 0 54.000 40.000 2160.000 46.475 0 1 3 210 0 0
 143 131426.000 101733.000 0 0 50.000 26.000 1300.000 36.055 0 1 3 210 0 0
 144 130687.000 97552.000 0 0 50.000 26.000 1300.000 36.055 0 1 3 210 0 0
 145 131178.000 103519.000 0 0 52.000 28.000 1456.000 38.157 0 1 3 210 0 0
 146 128377.000 85874.000 0 0 56.000 44.000 2464.000 49.638 0 1 3 210 0 0
 147 128403.000 86028.000 0 0 56.000 44.000 2464.000 49.638 0 1 3 210 0 0
 148 129279.000 87999.000 0 0 56.000 42.000 2352.000 48.497 0 1 3 210 0 0
 149 128449.000 86125.000 0 0 56.000 42.000 2352.000 48.497 0 1 3 210 0 0
 150 128468.000 86191.000 0 0 56.000 42.000 2352.000 48.497 0 1 3 210 0 0
 151 129284.000 88082.000 0 0 56.000 42.000 2352.000 48.497 0 1 3 210 0 0
 152 128495.000 86330.000 0 0 56.000 42.000 2352.000 48.497 0 1 3 210 0 0
 153 131412.000 101936.000 0 0 50.000 26.000 1300.000 36.055 0 1 3 210 0 0
 154 129238.000 87900.000 0 0 56.000 42.000 2352.000 48.497 0 1 3 210 0 0
 155 129304.000 88258.000 0 0 56.000 42.000 2352.000 48.497 0 1 3 210 0 0
 156 131249.000 104279.000 0 0 52.000 30.000 1560.000 39.496 0 1 3 210 0 0
 157 128249.000 85233.000 0 0 56.000 44.000 2464.000 49.638 0 1 3 210 0 0
 158 128298.000 85435.000 0 0 56.000 44.000 2464.000 49.638 0 1 3 210 0 0
 159 129059.000 87008.000 0 0 54.000 42.000 2268.000 47.623 0 1 3 210 0 0
 160 128336.000 85552.000 0 0 56.000 44.000 2464.000 49.638 0 1 3 210 0 0
 161 129123.000 87262.000 0 0 54.000 42.000 2268.000 47.623 0 1 3 210 0 0
 162 129164.000 87498.000 0 0 54.000 42.000 2268.000 47.623 0 1 3 210 0 0
 163 129183.000 87601.000 0 0 56.000 42.000 2352.000 48.497 0 1 3 210 0 0
 164 128972.000 88150.000 0 0 56.000 42.000 2352.000 48.497 0 1 3 210 0 0
 165 129201.000 87713.000 0 0 56.000 42.000 2352.000 48.497 0 1 3 210 0 0
 166 131318.000 104575.000 0 0 52.000 30.000 1560.000 39.496 0 1 3 210 0 0
 167 128115.000 84681.000 0 0 54.000 44.000 2376.000 48.744 0 1 3 210 0 0
 168 128144.000 84741.000 0 0 54.000 44.000 2376.000 48.744 0 1 3 210 0 0
 169 131103.000 100626.000 0 0 50.000 24.000 1200.000 34.641 0 1 3 210 0 0
 170 128176.000 84833.000 0 0 56.000 44.000 2464.000 49.638 0 1 3 210 0 0
 171 131358.000 105054.000 0 0 52.000 30.000 1560.000 39.496 0 1 3 210 0 0
 172 128205.000 84895.000 0 0 56.000 44.000 2464.000 49.638 0 1 3 210 0 0
 173 128221.000 85003.000 0 0 56.000 44.000 2464.000 49.638 0 1 3 210 0 0
 174 128237.000 85063.000 0 0 56.000 44.000 2464.000 49.638 0 1 3 210 0 0
 175 128931.000 86347.000 0 0 56.000 42.000 2352.000 48.497 0 1 3 210 0 0
 176 128983.000 86459.000 0 0 56.000 42.000 2352.000 48.497 0 1 3 210 0 0
 177 128996.000 86587.000 0 0 56.000 42.000 2352.000 48.497 0 1 3 210 0 0
 178 129009.000 86712.000 0 0 54.000 42.000 2268.000 47.623 0 1 3 210 0 0
 179 129042.000 86902.000 0 0 54.000 42.000 2268.000 47.623 0 1 3 210 0 0
 180 128064.000 85726.000 0 0 56.000 44.000 2464.000 49.638 0 1 3 210 0 0
 181 131362.000 105059.000 0 0 52.000 30.000 1560.000 39.496 0 1 3 210 0 0
 182 128028.000 84147.000 0 0 54.000 46.000 2484.000 49.839 0 1 3 210 0 0
 183 128113.000 84485.000 0 0 54.000 46.000 2484.000 49.839 0 1 3 210 0 0
 184 128865.000 85994.000 0 0 56.000 42.000 2352.000 48.497 0 1 3 210 0 0
 185 128112.000 84524.000 0 0 54.000 46.000 2484.000 49.839 0 1 3 210 0 0
 186 131303.000 101847.000 0 0 50.000 26.000 1300.000 36.055 0 1 3 210 0 0
 187 128796.000 85671.000 0 0 56.000 44.000 2464.000 49.638 0 1 3 210 0 0
 188 131726.000 104534.000 0 0 52.000 30.000 1560.000 39.496 0 1 3 210 0 0
 189 128841.000 85818.000 0 0 56.000 44.000 2464.000 49.638 0 1 3 210 0 0
 190 131408.000 105537.000 0 0 54.000 32.000 1728.000 41.569 0 1 3 210 0 0
 191 128864.000 85992.000 0 0 56.000 42.000 2352.000 48.497 0 1 3 210 0 0
 192 128885.000 86116.000 0 0 56.000 42.000 2352.000 48.497 0 1 3 210 0 0
 193 131430.000 105688.000 0 0 54.000 32.000 1728.000 41.569 0 1 3 210 0 0
 194 131435.000 105789.000 0 0 54.000 32.000 1728.000 41.569 0 1 3 210 0 0
 195 127894.000 83519.000 0 0 56.000 46.000 2576.000 50.754 0 1 3 210 0 0
 196 127973.000 83805.000 0 0 56.000 46.000 2576.000 50.754 0 1 3 210 0 0
 197 127993.000 83927.000 0 0 54.000 46.000 2484.000 49.839 0 1 3 210 0 0
 198 128000.000 83997.000 0 0 54.000 46.000 2484.000 49.839 0 1 3 210 0 0
 199 128021.000 84154.000 0 0 54.000 46.000 2484.000 49.839 0 1 3 210 0 0
 200 128658.000 85018.000 0 0 56.000 44.000 2464.000 49.638 0 1 3 210 0 0
 201 128704.000 85108.000 0 0 56.000 44.000 2464.000 49.638 0 1 3 210 0 0
 202 128722.000 85287.000 0 0 56.000 44.000 2464.000 49.638 0 1 3 210 0 0
 203 128749.000 85431.000 0 0 56.000 44.000 2464.000 49.638 0 1 3 210 0 0
 204 128777.000 85507.000 0 0 56.000 44.000 2464.000 49.638 0 1 3 210 0 0
 205 127870.000 83356.000 0 0 56.000 46.000 2576.000 50.754 0 1 3 210 0 0
 206 127960.000 83742.000 0 0 56.000 46.000 2576.000 50.754 0 1 3 210 0 0
 207 127882.000 83423.000 0 0 56.000 46.000 2576.000 50.754 0 1 3 210 0 0
 208 127892.000 83520.000 0 0 56.000 46.000 2576.000 50.754 0 1 3 210 0 0
 209 128599.000 84562.000 0 0 55.000 44.000 2420.000 49.193 0 1 3 210 0 0
 210 128597.000 84710.000 0 0 56.000 44.000 2464.000 49.638 0 1 3 210 0 0
 211 127734.000 82741.000 0 0 56.000 48.000 2688.000 51.845 0 1 3 210 0 0
 212 127736.000 82830.000 0 0 56.000 48.000 2688.000 51.845 0 1 3 210 0 0
 213 127759.000 82908.000 0 0 56.000 48.000 2688.000 51.845 0 1 3 210 0 0
 214 127777.000 83029.000 0 0 56.000 48.000 2688.000 51.845 0 1 3 210 0 0
 215 128463.000 83989.000 0 0 54.000 46.000 2484.000 49.839 0 1 3 210 0 0
 216 128495.000 84249.000 0 0 54.000 46.000 2484.000 49.839 0 1 3 210 0 0
 217 127651.000 82360.000 0 0 56.000 48.000 2688.000 51.845 0 1 3 210 0 0
 218 127665.000 82449.000 0 0 56.000 48.000 2688.000 51.845 0 1 3 210 0 0
 219 128310.000 83327.000 0 0 56.000 46.000 2576.000 50.754 0 1 3 210 0 0
 220 128335.000 83504.000 0 0 56.000 46.000 2576.000 50.754 0 1 3 210 0 0
 221 128395.000 83763.000 0 0 54.000 46.000 2484.000 49.839 0 1 3 210 0 0
 222 128443.000 83901.000 0 0 54.000 46.000 2484.000 49.839 0 1 3 210 0 0
 223 127465.000 81589.000 0 0 54.000 46.000 2484.000 49.839 0 1 3 210 0 0
 224 127610.000 82182.000 0 0 56.000 48.000 2688.000 51.845 0 1 3 210 0 0
 225 127492.000 81688.000 0 0 54.000 46.000 2484.000 49.839 0 1 3 210 0 0
 226 127533.000 81850.000 0 0 54.000 48.000 2592.000 50.911 0 1 3 210 0 0
 227 128231.000 82980.000 0 0 56.000 46.000 2576.000 50.754 0 1 3 210 0 0
 228 127562.000 81990.000 0 0 54.000 48.000 2592.000 50.911 0 1 3 210 0 0
 229 128262.000 83164.000 0 0 56.000 46.000 2576.000 50.754 0 1 3 210 0 0
 230 128329.000 84220.000 0 0 54.000 46.000 2484.000 49.839 0 1 3 210 0 0
 231 128112.000 82368.000 0 0 56.000 48.000 2688.000 51.845 0 1 3 210 0 0
 232 128131.000 82487.000 0 0 56.000 48.000 2688.000 51.845 0 1 3 210 0 0
 233 127419.000 81358.000 0 0 54.000 48.000 2592.000 50.911 0 1 3 210 0 0
 234 128148.000 82693.000 0 0 56.000 48.000 2688.000 51.845 0 1 3 210 0 0
 235 127457.000 81514.000 0 0 54.000 46.000 2484.000 49.839 0 1 3 210 0 0
 236 127297.000 80797.000 0 0 54.000 48.000 2592.000 50.911 0 1 3 210 0 0
 237 127360.000 81086.000 0 0 54.000 48.000 2592.000 50.911 0 1 3 210 0 0
 238 127377.000 81180.000 0 0 54.000 48.000 2592.000 50.911 0 1 3 210 0 0
 239 127987.000 81826.000 0 0 54.000 48.000 2592.000 50.911 0 1 3 210 0 0
 240 128014.000 82021.000 0 0 56.000 48.000 2688.000 51.845 0 1 3 210 0 0
 241 128051.000 82218.000 0 0 56.000 48.000 2688.000 51.845 0 1 3 210 0 0
 242 127922.000 81532.000 0 0 54.000 48.000 2592.000 50.911 0 1 3 210 0 0
 243 127206.000 81568.000 0 0 54.000 48.000 2592.000 50.911 0 1 3 210 0 0
 244 127938.000 81708.000 0 0 54.000 48.000 2592.000 50.911 0 1 3 210 0 0
 245 127773.000 80888.000 0 0 54.000 48.000 2592.000 50.911 0 1 3 210 0 0
 246 127802.000 80985.000 0 0 54.000 48.000 2592.000 50.911 0 1 3 210 0 0
 247 127820.000 81091.000 0 0 54.000 48.000 2592.000 50.911 0 1 3 210 0 0
 248 127838.000 81253.000 0 0 54.000 46.000 2484.000 49.839 0 1 3 210 0 0
 249 127914.000 81402.000 0 0 54.000 46.000 2484.000 49.839 0 1 3 210 0 0
 250 126879.000 79059.000 0 0 54.000 50.000 2700.000 51.961 0 1 1 210 0 0
 251 126914.000 79169.000 0 0 54.000 50.000 2700.000 51.961 0 1 1 210 0 0
 252 126733.000 78457.000 0 0 54.000 50.000 2700.000 51.961 0 1 1 210 0 0
 253 126387.000 77096.000 0 0 52.000 52.000 2704.000 52.000 0 1 1 210 0 0
 254 126207.000 76364.000 0 0 54.000 50.000 2700.000 51.961 0 1 1 210 0 0
 255 125956.000 75387.000 0 0 54.000 52.000 2808.000 52.990 0 1 1 210 0 0
 256 125892.000 75105.000 0 0 54.000 52.000 2808.000 52.990 0 1 1 210 0 0
 257 125913.000 75205.000 0 0 54.000 52.000 2808.000 52.990 0 1 1 210 0 0
 258 125929.000 75286.000 0 0 54.000 52.000 2808.000 52.990 0 1 1 210 0 0
 259 125755.000 74627.000 0 0 52.000 52.000 2704.000 52.000 0 1 1 210 0 0
 260 125839.000 74925.000 0 0 52.000 52.000 2704.000 52.000 0 1 1 210 0 0
 261 125717.000 74406.000 0 0 52.000 52.000 2704.000 52.000 0 1 1 210 0 0
 262 125614.000 74061.000 0 0 52.000 52.000 2704.000 52.000 0 1 1 210 0 0
 263 125656.000 74243.000 0 0 52.000 52.000 2704.000 52.000 0 1 1 210 0 0
 264 125528.000 73738.000 0 0 52.000 52.000 2704.000 52.000 0 1 1 210 0 0
 265 125561.000 73864.000 0 0 52.000 52.000 2704.000 52.000 0 1 1 210 0 0
 266 125474.000 73528.000 0 0 52.000 54.000 2808.000 52.990 0 1 1 210 0 0
 267 125396.000 73263.000 0 0 52.000 54.000 2808.000 52.990 0 1 1 210 0 0
 268 125293.000 72840.000 0 0 52.000 54.000 2808.000 52.990 0 1 1 210 0 0
 269 125307.000 72924.000 0 0 52.000 54.000 2808.000 52.990 0 1 1 210 0 0
 270 133661.000 115541.000 0 0 0.000 0.000 0.000 0.127 0 1 0 0 0 0
 271 125172.000 72463.000 0 0 50.000 54.000 2700.000 51.961 0 1 1 210 0 0
 272 125140.000 72277.000 0 0 50.000 54.000 2700.000 51.961 0 1 1 210 0 0
 273 125043.000 71943.000 0 0 50.000 52.000 2600.000 50.990 0 1 1 210 0 0
 274 125066.000 72040.000 0 0 50.000 54.000 2700.000 51.961 0 1 1 210 0 0
 275 124828.000 71221.000 0 0 52.000 52.000 2704.000 52.000 0 1 1 210 0 0
 276 124734.000 70873.000 0 0 52.000 54.000 2808.000 52.990 0 1 1 210 0 0
 277 124715.000 70757.000 0 0 52.000 54.000 2808.000 52.990 0 1 1 210 0 0
 278 131882.000 120694.000 0 0 0.000 0.000 0.000 0.134 0 1 0 0 0 0
 279 132110.000 120627.000 0 0 0.000 0.000 0.000 0.463 0 1 0 0 0 0
 280 124564.000 70251.000 0 0 50.000 54.000 2700.000 51.961 0 1 1 210 0 0
 281 124305.000 69268.000 0 0 50.000 54.000 2700.000 51.961 0 1 1 210 0 0
 282 124240.000 69106.000 0 0 50.000 54.000 2700.000 51.961 0 1 1 210 0 0
 283 124134.000 68715.000 0 0 50.000 54.000 2700.000 51.961 0 1 1 210 0 0
 284 124149.000 68790.000 0 0 50.000 54.000 2700.000 51.961 0 1 1 210 0 0
 285 124177.000 68865.000 0 0 50.000 54.000 2700.000 51.961 0 1 1 210 0 0
 286 124038.000 68413.000 0 0 50.000 54.000 2700.000 51.961 0 1 1 210 0 0
 287 124068.000 68546.000 0 0 50.000 54.000 2700.000 51.961 0 1 1 210 0 0
 288 123355.000 66114.000 0 0 48.000 54.000 2592.000 50.911 0 1 1 210 0 0
 289 123192.000 65575.000 0 0 46.000 54.000 2484.000 49.839 0 1 1 210 0 0
 290 123060.000 65156.000 0 0 48.000 54.000 2592.000 50.911 0 1 1 210 0 0
 291 122977.000 64837.000 0 0 48.000 54.000 2592.000 50.911 0 1 1 210 0 0
 292 122685.000 63884.000 0 0 48.000 56.000 2688.000 51.845 0 1 1 210 0 0
 293 122487.000 63298.000 0 0 48.000 56.000 2688.000 51.845 0 1 1 210 0 0
 294 122244.000 62528.000 0 0 46.000 56.000 2576.000 50.754 0 1 1 210 0 0
 295 122087.000 62017.000 0 0 46.000 56.000 2576.000 50.754 0 1 1 210 0 0
 296 121998.000 61757.000 0 0 46.000 54.000 2484.000 49.839 0 1 1 210 0 0
 297 121886.000 61434.000 0 0 46.000 54.000 2484.000 49.839 0 1 1 210 0 0
 298 121706.000 60831.000 0 0 46.000 54.000 2484.000 49.839 0 1 1 210 0 0
 299 121629.000 60617.000 0 0 46.000 54.000 2484.000 49.839 0 1 1 210 0 0
 300 121660.000 60743.000 0 0 46.000 54.000 2484.000 49.839 0 1 1 210 0 0
 301 121568.000 60438.000 0 0 44.000 54.000 2376.000 48.744 0 1 1 210 0 0
 302 121496.000 60228.000 0 0 44.000 54.000 2376.000 48.744 0 1 1 210 0 0
 303 121482.000 60172.000 0 0 44.000 56.000 2464.000 49.638 0 1 1 210 0 0
 304 121353.000 59808.000 0 0 44.000 56.000 2464.000 49.638 0 1 1 210 0 0
 305 121300.000 59625.000 0 0 44.000 56.000 2464.000 49.638 0 1 1 210 0 0
 306 121126.000 59124.000 0 0 44.000 56.000 2464.000 49.638 0 1 1 210 0 0
 307 121227.000 59394.000 0 0 44.000 56.000 2464.000 49.638 0 1 1 210 0 0
 308 121394.000 59898.000 0 0 44.000 56.000 2464.000 49.638 0 1 1 210 0 0
 309 120981.000 58693.000 0 0 44.000 56.000 2464.000 49.638 0 1 1 210 0 0
 310 120888.000 58412.000 0 0 44.000 56.000 2464.000 49.638 0 1 1 210 0 0
 311 120931.000 58513.000 0 0 44.000 56.000 2464.000 49.638 0 1 1 210 0 0
 312 120951.000 58586.000 0 0 44.000 56.000 2464.000 49.638 0 1 1 210 0 0
 313 120717.000 57900.000 0 0 44.000 56.000 2464.000 49.638 0 1 1 210 0 0
 314 120480.000 57202.000 0 0 42.000 56.000 2352.000 48.497 0 1 1 210 0 0
 315 120381.000 56900.000 0 0 42.000 56.000 2352.000 48.497 0 1 1 210 0 0
 316 120326.000 56744.000 0 0 42.000 56.000 2352.000 48.497 0 1 1 210 0 0
 317 120266.000 56583.000 0 0 42.000 56.000 2352.000 48.497 0 1 1 210 0 0
 318 120113.000 56160.000 0 0 42.000 56.000 2352.000 48.497 0 1 1 210 0 0
 319 120091.000 56041.000 0 0 42.000 54.000 2268.000 47.623 0 1 1 210 0 0
 320 119909.000 55603.000 0 0 42.000 54.000 2268.000 47.623 0 1 1 210 0 0
 321 119963.000 55726.000 0 0 42.000 54.000 2268.000 47.623 0 1 1 210 0 0
 322 119833.000 55398.000 0 0 42.000 54.000 2268.000 47.623 0 1 1 210 0 0
 323 119618.000 54729.000 0 0 42.000 54.000 2268.000 47.623 0 1 1 210 0 0
 324 119519.000 54446.000 0 0 42.000 54.000 2268.000 47.623 0 1 1 210 0 0
 325 119278.000 53790.000 0 0 42.000 56.000 2352.000 48.497 0 1 1 210 0 0
 326 119326.000 53891.000 0 0 42.000 56.000 2352.000 48.497 0 1 1 210 0 0
 327 119182.000 53505.000 0 0 42.000 56.000 2352.000 48.497 0 1 1 210 0 0
 328 118956.000 52876.000 0 0 42.000 56.000 2352.000 48.497 0 1 1 210 0 0
 329 118841.000 52531.000 0 0 42.000 56.000 2352.000 48.497 0 1 1 210 0 0
 330 118875.000 52654.000 0 0 42.000 56.000 2352.000 48.497 0 1 1 210 0 0
 331 118758.000 52315.000 0 0 42.000 56.000 2352.000 48.497 0 1 1 210 0 0
 332 118691.000 52119.000 0 0 42.000 56.000 2352.000 48.497 0 1 1 210 0 0
 333 118629.000 51978.000 0 0 42.000 56.000 2352.000 48.497 0 1 1 210 0 0
 334 118597.000 51876.000 0 0 42.000 56.000 2352.000 48.497 0 1 1 210 0 0
 335 118484.000 51594.000 0 0 40.000 56.000 2240.000 47.328 0 1 1 210 0 0
 336 118392.000 51321.000 0 0 40.000 56.000 2240.000 47.328 0 1 1 210 0 0
 337 118318.000 51127.000 0 0 40.000 56.000 2240.000 47.328 0 1 1 210 0 0
 338 118162.000 50702.000 0 0 40.000 56.000 2240.000 47.328 0 1 1 210 0 0
 339 118171.000 50737.000 0 0 40.000 56.000 2240.000 47.328 0 1 1 210 0 0
 340 117953.000 50166.000 0 0 40.000 56.000 2240.000 47.328 0 1 1 210 0 0
 341 118018.000 50336.000 0 0 40.000 56.000 2240.000 47.328 0 1 1 210 0 0
 342 132661.000 141521.000 0 0 50.000 54.000 2700.000 51.961 0 1 5 210 0 0
 343 117772.000 49662.000 0 0 40.000 54.000 2160.000 46.475 0 1 1 210 0 0
 344 132673.000 141789.000 0 0 50.000 54.000 2700.000 51.961 0 1 5 210 0 0
 345 132650.000 141980.000 0 0 50.000 54.000 2700.000 51.961 0 1 5 210 0 0
 346 132637.000 142165.000 0 0 50.000 54.000 2700.000 51.961 0 1 5 210 0 0
 347 117617.000 49263.000 0 0 40.000 54.000 2160.000 46.475 0 1 1 210 0 0
 348 117525.000 49015.000 0 0 40.000 54.000 2160.000 46.475 0 1 1 210 0 0
 349 117539.000 49055.000 0 0 40.000 54.000 2160.000 46.475 0 1 1 210 0 0
 350 132642.000 142621.000 0 0 50.000 54.000 2700.000 51.961 0 1 5 210 0 0
 351 132625.000 142769.000 0 0 50.000 54.000 2700.000 51.961 0 1 5 210 0 0
 352 117351.000 48558.000 0 0 38.000 54.000 2052.000 45.299 0 1 1 210 0 0
 353 117381.000 48639.000 0 0 40.000 54.000 2160.000 46.475 0 1 1 210 0 0
 354 132610.000 142941.000 0 0 50.000 54.000 2700.000 51.961 0 1 5 210 0 0
 355 132608.000 143212.000 0 0 50.000 54.000 2700.000 51.961 0 1 5 210 0 0
 356 117187.000 48113.000 0 0 38.000 54.000 2052.000 45.299 0 1 1 210 0 0
 357 132592.000 143404.000 0 0 50.000 54.000 2700.000 51.961 0 1 5 210 0 0
 358 117088.000 47881.000 0 0 38.000 54.000 2052.000 45.299 0 1 1 210 0 0
 359 132589.000 143655.000 0 0 48.000 56.000 2688.000 51.845 0 1 5 210 0 0
 360 132562.000 143939.000 0 0 48.000 56.000 2688.000 51.845 0 1 5 210 0 0
 361 116942.000 47498.000 0 0 38.000 54.000 2052.000 45.299 0 1 1 210 0 0
 362 116952.000 47501.000 0 0 38.000 54.000 2052.000 45.299 0 1 1 210 0 0
 363 132564.000 144219.000 0 0 48.000 56.000 2688.000 51.845 0 1 5 210 0 0
 364 132530.000 144355.000 0 0 48.000 56.000 2688.000 51.845 0 1 5 210 0 0
 365 116764.000 47040.000 0 0 38.000 54.000 2052.000 45.299 0 1 1 210 0 0
 366 132559.000 144544.000 0 0 48.000 56.000 2688.000 51.845 0 1 5 210 0 0
 367 116666.000 46784.000 0 0 38.000 54.000 2052.000 45.299 0 1 1 210 0 0
 368 132531.000 144745.000 0 0 48.000 56.000 2688.000 51.845 0 1 5 210 0 0
 369 132528.000 144878.000 0 0 48.000 56.000 2688.000 51.845 0 1 5 210 0 0
 370 132524.000 145047.000 0 0 48.000 56.000 2688.000 51.845 0 1 5 210 0 0
 371 132516.000 145113.000 0 0 48.000 56.000 2688.000 51.845 0 1 5 210 0 0
 372 132508.000 145300.000 0 0 48.000 54.000 2592.000 50.911 0 1 5 210 0 0
 373 116779.000 47381.000 0 0 38.000 54.000 2052.000 45.299 0 1 1 210 0 0
 374 132494.000 145453.000 0 0 48.000 54.000 2592.000 50.911 0 1 5 210 0 0
 375 116414.000 46161.000 0 0 38.000 54.000 2052.000 45.299 0 1 1 210 0 0
 376 116312.000 45885.000 0 0 38.000 54.000 2052.000 45.299 0 1 1 210 0 0
 377 132480.000 145725.000 0 0 48.000 54.000 2592.000 50.911 0 1 5 210 0 0
 378 132481.000 145830.000 0 0 48.000 54.000 2592.000 50.911 0 1 5 210 0 0
 379 132463.000 145978.000 0 0 48.000 54.000 2592.000 50.911 0 1 5 210 0 0
 380 116135.000 45425.000 0 0 38.000 54.000 2052.000 45.299 0 1 1 210 0 0
 381 116184.000 45567.000 0 0 38.000 54.000 2052.000 45.299 0 1 1 210 0 0
 382 132452.000 146342.000 0 0 48.000 54.000 2592.000 50.911 0 1 5 210 0 0
 383 116106.000 45370.000 0 0 38.000 54.000 2052.000 45.299 0 1 1 210 0 0
 384 115994.000 45076.000 0 0 36.000 56.000 2016.000 44.899 0 1 1 210 0 0
 385 115934.000 44931.000 0 0 36.000 56.000 2016.000 44.899 0 1 1 210 0 0
 386 132425.000 146768.000 0 0 48.000 54.000 2592.000 50.911 0 1 5 210 0 0
 387 115874.000 44793.000 0 0 36.000 56.000 2016.000 44.899 0 1 1 210 0 0
 388 132419.000 146958.000 0 0 48.000 54.000 2592.000 50.911 0 1 5 210 0 0
 389 132413.000 147143.000 0 0 48.000 54.000 2592.000 50.911 0 1 5 210 0 0
 390 132404.000 147326.000 0 0 48.000 54.000 2592.000 50.911 0 1 5 210 0 0
 391 115653.000 44258.000 0 0 36.000 56.000 2016.000 44.899 0 1 1 210 0 0
 392 115722.000 44418.000 0 0 36.000 56.000 2016.000 44.899 0 1 1 210 0 0
 393 132376.000 147501.000 0 0 48.000 54.000 2592.000 50.911 0 1 5 210 0 0
 394 115568.000 44040.000 0 0 36.000 56.000 2016.000 44.899 0 1 1 210 0 0
 395 132369.000 147694.000 0 0 48.000 54.000 2592.000 50.911 0 1 5 210 0 0
 396 152500.000 124417.000 0 0 0.000 0.000 0.000 0.131 0 1 0 0 0 0
 397 115490.000 43831.000 0 0 36.000 56.000 2016.000 44.899 0 1 1 210 0 0
 398 115378.000 43556.000 0 0 36.000 56.000 2016.000 44.899 0 1 1 210 0 0
 399 128955.000 150491.000 0 0 0.000 0.000 0.000 0.149 0 1 0 0 0 0
 400 115250.000 43268.000 0 0 36.000 56.000 2016.000 44.899 0 1 1 210 0 0
 401 129371.000 150348.000 0 0 0.000 0.000 0.000 0.131 0 1 0 0 0 0
 402 115139.000 42987.000 0 0 36.000 56.000 2016.000 44.899 0 1 1 210 0 0
 403 129577.000 150772.000 0 0 0.000 0.000 0.000 0.126 0 1 0 0 0 0
 404 115055.000 42774.000 0 0 36.000 56.000 2016.000 44.899 0 1 1 210 0 0
 405 114987.000 42608.000 0 0 36.000 56.000 2016.000 44.899 0 1 1 210 0 0
 406 132226.000 149476.000 0 0 48.000 54.000 2592.000 50.911 0 1 5 210 0 0
 407 114870.000 42324.000 0 0 36.000 54.000 1944.000 44.090 0 1 1 210 0 0
 408 114917.000 42441.000 0 0 36.000 56.000 2016.000 44.899 0 1 1 210 0 0
 409 132239.000 149907.000 0 0 48.000 55.000 2640.000 51.380 0 1 5 210 0 0
 410 132192.000 150174.000 0 0 48.000 56.000 2688.000 51.845 0 1 5 210 0 0
 411 114565.000 41583.000 0 0 36.000 54.000 1944.000 44.090 0 1 1 210 0 0
 412 132187.000 150423.000 0 0 48.000 56.000 2688.000 51.845 0 1 5 210 0 0
 413 132183.000 150620.000 0 0 48.000 56.000 2688.000 51.845 0 1 5 210 0 0
 414 114387.000 41160.000 0 0 34.000 54.000 1836.000 42.848 0 1 1 210 0 0
 415 132177.000 150698.000 0 0 48.000 56.000 2688.000 51.845 0 1 5 210 0 0
 416 114705.000 41912.000 0 0 36.000 54.000 1944.000 44.090 0 1 1 210 0 0
 417 114619.000 41708.000 0 0 36.000 54.000 1944.000 44.090 0 1 1 210 0 0
 418 114270.000 40893.000 0 0 34.000 54.000 1836.000 42.848 0 1 1 210 0 0
 419 132124.000 151165.000 0 0 48.000 56.000 2688.000 51.845 0 1 5 210 0 0
 420 114212.000 40735.000 0 0 34.000 54.000 1836.000 42.848 0 1 1 210 0 0
 421 132121.000 151347.000 0 0 48.000 56.000 2688.000 51.845 0 1 5 210 0 0
 422 132099.000 151698.000 0 0 48.000 56.000 2688.000 51.845 0 1 5 210 0 0
 423 132086.000 151885.000 0 0 48.000 56.000 2688.000 51.845 0 1 5 210 0 0
 424 132067.000 152158.000 0 0 48.000 56.000 2688.000 51.845 0 1 5 210 0 0
 425 113874.000 39935.000 0 0 34.000 54.000 1836.000 42.848 0 1 1 210 0 0
 426 132003.000 152867.000 0 0 46.000 56.000 2576.000 50.754 0 1 5 210 0 0
 427 113551.000 39192.000 0 0 34.000 54.000 1836.000 42.848 0 1 1 210 0 0
 428 131989.000 153000.000 0 0 46.000 56.000 2576.000 50.754 0 1 5 210 0 0
 429 113388.000 38809.000 0 0 34.000 54.000 1836.000 42.848 0 1 1 210 0 0
 430 113432.000 38917.000 0 0 34.000 54.000 1836.000 42.848 0 1 1 210 0 0
 431 131966.000 153409.000 0 0 46.000 56.000 2576.000 50.754 0 1 5 210 0 0
 432 113340.000 38695.000 0 0 34.000 54.000 1836.000 42.848 0 1 1 210 0 0
 433 113156.000 38265.000 0 0 34.000 54.000 1836.000 42.848 0 1 1 210 0 0
 434 113050.000 38035.000 0 0 34.000 54.000 1836.000 42.848 0 1 1 210 0 0
 435 131914.000 153977.000 0 0 46.000 56.000 2576.000 50.754 0 1 5 210 0 0
 436 113231.000 38443.000 0 0 34.000 54.000 1836.000 42.848 0 1 1 210 0 0
 437 131843.000 154788.000 0 0 46.000 56.000 2576.000 50.754 0 1 5 210 0 0
 438 112849.000 37571.000 0 0 34.000 54.000 1836.000 42.848 0 1 1 210 0 0
 439 112807.000 37472.000 0 0 34.000 54.000 1836.000 42.848 0 1 1 210 0 0
 440 131881.000 154316.000 0 0 46.000 56.000 2576.000 50.754 0 1 5 210 0 0
 441 163655.000 94677.000 0 0 0.000 0.000 0.000 0.144 0 1 0 0 0 0
 442 131813.000 155138.000 0 0 46.000 54.000 2484.000 49.839 0 1 5 210 0 0
 443 112713.000 37274.000 0 0 32.000 54.000 1728.000 41.569 0 1 1 210 0 0
 444 112617.000 37039.000 0 0 32.000 54.000 1728.000 41.569 0 1 1 210 0 0
 445 131786.000 155457.000 0 0 46.000 54.000 2484.000 49.839 0 1 5 210 0 0
 446 112396.000 36540.000 0 0 32.000 54.000 1728.000 41.569 0 1 1 210 0 0
 447 112428.000 36616.000 0 0 32.000 54.000 1728.000 41.569 0 1 1 210 0 0
 448 131739.000 155961.000 0 0 46.000 54.000 2484.000 49.839 0 1 5 210 0 0
 449 112320.000 36376.000 0 0 32.000 54.000 1728.000 41.569 0 1 1 210 0 0
 450 112342.000 36423.000 0 0 32.000 54.000 1728.000 41.569 0 1 1 210 0 0
 451 112196.000 36106.000 0 0 32.000 54.000 1728.000 41.569 0 1 1 210 0 0
 452 112265.000 36253.000 0 0 32.000 54.000 1728.000 41.569 0 1 1 210 0 0
 453 112171.000 36034.000 0 0 32.000 54.000 1728.000 41.569 0 1 1 210 0 0
 454 112064.000 35792.000 0 0 32.000 54.000 1728.000 41.569 0 1 1 210 0 0
 455 131674.000 156621.000 0 0 46.000 54.000 2484.000 49.839 0 1 5 210 0 0
 456 111856.000 35319.000 0 0 32.000 54.000 1728.000 41.569 0 1 1 210 0 0
 457 131634.000 157066.000 0 0 46.000 54.000 2484.000 49.839 0 1 5 210 0 0
 458 131630.000 157136.000 0 0 46.000 54.000 2484.000 49.839 0 1 5 210 0 0
 459 131617.000 157243.000 0 0 46.000 54.000 2484.000 49.839 0 1 5 210 0 0
 460 133179.000 156372.000 0 0 46.000 56.000 2576.000 50.754 0 1 5 210 0 0
 461 131593.000 157404.000 0 0 46.000 54.000 2484.000 49.839 0 1 5 210 0 0
 462 111756.000 35097.000 0 0 32.000 54.000 1728.000 41.569 0 1 1 210 0 0
 463 34325.000 95190.000 0 0 0.000 0.000 0.000 0.135 0 1 0 0 0 0
 464 131576.000 157634.000 0 0 46.000 54.000 2484.000 49.839 0 1 5 210 0 0
 465 56699.000 50267.000 0 0 52.000 52.000 2704.000 52.000 0 1 2 210 0 0
 466 111613.000 34804.000 0 0 32.000 54.000 1728.000 41.569 0 1 1 210 0 0
 467 133134.000 156985.000 0 0 46.000 56.000 2576.000 50.754 0 1 5 210 0 0
 468 131550.000 157925.000 0 0 44.000 54.000 2376.000 48.744 0 1 5 210 0 0
 469 111511.000 34576.000 0 0 32.000 54.000 1728.000 41.569 0 1 1 210 0 0
 470 133136.000 157123.000 0 0 46.000 56.000 2576.000 50.754 0 1 5 210 0 0
 471 131517.000 158232.000 0 0 44.000 54.000 2376.000 48.744 0 1 5 210 0 0
 472 56335.000 49858.000 0 0 52.000 52.000 2704.000 52.000 0 1 2 210 0 0
 473 111297.000 34094.000 0 0 32.000 54.000 1728.000 41.569 0 1 1 210 0 0
 474 131484.000 158495.000 0 0 44.000 56.000 2464.000 49.638 0 1 5 210 0 0
 475 131501.000 158615.000 0 0 44.000 56.000 2464.000 49.638 0 1 5 210 0 0
 476 131466.000 158781.000 0 0 44.000 56.000 2464.000 49.638 0 1 5 210 0 0
 477 131417.000 158852.000 0 0 44.000 56.000 2464.000 49.638 0 1 5 210 0 0
 478 111123.000 33703.000 0 0 32.000 52.000 1664.000 40.792 0 1 1 210 0 0
 479 55998.000 49014.000 0 0 52.000 52.000 2704.000 52.000 0 1 2 210 0 0
 480 111042.000 33527.000 0 0 32.000 52.000 1664.000 40.792 0 1 1 210 0 0
 481 131411.000 159129.000 0 0 44.000 56.000 2464.000 49.638 0 1 5 210 0 0
 482 131416.000 159236.000 0 0 44.000 56.000 2464.000 49.638 0 1 5 210 0 0
 483 131355.000 159461.000 0 0 44.000 56.000 2464.000 49.638 0 1 5 210 0 0
 484 110840.000 33113.000 0 0 31.000 52.000 1612.000 40.149 0 1 1 210 0 0
 485 55431.000 48983.000 0 0 52.000 52.000 2704.000 52.000 0 1 2 210 0 0
 486 132926.000 158854.000 0 0 46.000 54.000 2484.000 49.839 0 1 5 210 0 0
 487 110690.000 32763.000 0 0 30.000 52.000 1560.000 39.496 0 1 1 210 0 0
 488 132911.000 159048.000 0 0 46.000 54.000 2484.000 49.839 0 1 5 210 0 0
 489 110761.000 32941.000 0 0 30.000 52.000 1560.000 39.496 0 1 1 210 0 0
 490 110613.000 32602.000 0 0 30.000 52.000 1560.000 39.496 0 1 1 210 0 0
 491 55442.000 48219.000 0 0 52.000 52.000 2704.000 52.000 0 1 2 210 0 0
 492 31671.000 101926.000 0 0 0.000 0.000 0.000 0.123 0 1 0 0 0 0
 493 110488.000 32347.000 0 0 30.000 52.000 1560.000 39.496 0 1 1 210 0 0
 494 110331.000 32006.000 0 0 30.000 52.000 1560.000 39.496 0 1 1 210 0 0
 495 110255.000 31844.000 0 0 30.000 52.000 1560.000 39.496 0 1 1 210 0 0
 496 110170.000 31661.000 0 0 30.000 52.000 1560.000 39.496 0 1 1 210 0 0
 497 110062.000 31438.000 0 0 30.000 52.000 1560.000 39.496 0 1 1 210 0 0
 498 110398.000 32155.000 0 0 30.000 52.000 1560.000 39.496 0 1 1 210 0 0
 499 109997.000 31284.000 0 0 30.000 52.000 1560.000 39.496 0 1 1 210 0 0
 500 31057.000 107258.000 0 0 0.000 0.000 0.000 0.122 0 1 0 0 0 0
 501 109904.000 31089.000 0 0 30.000 52.000 1560.000 39.496 0 1 1 210 0 0
 502 109770.000 30809.000 0 0 30.000 52.000 1560.000 39.496 0 1 1 210 0 0
 503 109457.000 30177.000 0 0 30.000 52.000 1560.000 39.496 0 1 1 210 0 0
 504 109306.000 29831.000 0 0 30.000 52.000 1560.000 39.496 0 1 1 210 0 0
 505 109226.000 29662.000 0 0 30.000 52.000 1560.000 39.496 0 1 1 210 0 0
 506 109145.000 29494.000 0 0 30.000 52.000 1560.000 39.496 0 1 1 210 0 0
 507 132484.000 162844.000 0 0 44.000 56.000 2464.000 49.638 0 1 5 210 0 0
 508 132471.000 162975.000 0 0 44.000 56.000 2464.000 49.638 0 1 5 210 0 0
 509 109027.000 29265.000 0 0 30.000 52.000 1560.000 39.496 0 1 1 210 0 0
 510 132458.000 163055.000 0 0 44.000 56.000 2464.000 49.638 0 1 5 210 0 0
 511 108968.000 29131.000 0 0 30.000 52.000 1560.000 39.496 0 1 1 210 0 0
 512 132423.000 163337.000 0 0 44.000 56.000 2464.000 49.638 0 1 5 210 0 0
 513 132411.000 163488.000 0 0 44.000 56.000 2464.000 49.638 0 1 5 210 0 0
 514 132379.000 163714.000 0 0 44.000 56.000 2464.000 49.638 0 1 5 210 0 0
 515 108668.000 28518.000 0 0 30.000 52.000 1560.000 39.496 0 1 1 210 0 0
 516 132350.000 163932.000 0 0 44.000 56.000 2464.000 49.638 0 1 5 210 0 0
 517 132344.000 164020.000 0 0 44.000 56.000 2464.000 49.638 0 1 5 210 0 0
 518 108494.000 28167.000 0 0 28.000 52.000 1456.000 38.157 0 1 1 210 0 0
 519 132318.000 164220.000 0 0 44.000 56.000 2464.000 49.638 0 1 5 210 0 0
 520 132294.000 164328.000 0 0 44.000 56.000 2464.000 49.638 0 1 5 210 0 0
 521 129771.000 165616.000 0 0 42.000 54.000 2268.000 47.623 0 1 5 210 0 0
 522 108384.000 27924.000 0 0 28.000 52.000 1456.000 38.157 0 1 1 210 0 0
 523 129758.000 165745.000 0 0 42.000 54.000 2268.000 47.623 0 1 5 210 0 0
 524 108252.000 27661.000 0 0 28.000 52.000 1456.000 38.157 0 1 1 210 0 0
 525 108054.000 27241.000 0 0 28.000 52.000 1456.000 38.157 0 1 1 210 0 0
 526 172906.000 105127.000 0 0 0.000 0.000 0.000 0.151 0 1 0 0 0 0
 527 129605.000 166905.000 0 0 42.000 54.000 2268.000 47.623 0 1 5 210 0 0
 528 107695.000 26489.000 0 0 28.000 52.000 1456.000 38.157 0 1 1 210 0 0
 529 107806.000 26726.000 0 0 28.000 52.000 1456.000 38.157 0 1 1 210 0 0
 530 129498.000 167508.000 0 0 42.000 54.000 2268.000 47.623 0 1 5 210 0 0
 531 107597.000 26319.000 0 0 28.000 52.000 1456.000 38.157 0 1 1 210 0 0
 532 129514.000 167686.000 0 0 40.000 54.000 2160.000 46.475 0 1 5 210 0 0
 533 129462.000 167916.000 0 0 42.000 54.000 2268.000 47.623 0 1 5 210 0 0
 534 107346.000 25825.000 0 0 28.000 52.000 1456.000 38.157 0 1 1 210 0 0
 535 107415.000 25956.000 0 0 28.000 52.000 1456.000 38.157 0 1 1 210 0 0
 536 129411.000 168340.000 0 0 42.000 54.000 2268.000 47.623 0 1 5 210 0 0
 537 129388.000 168422.000 0 0 42.000 54.000 2268.000 47.623 0 1 5 210 0 0
 538 129366.000 168580.000 0 0 42.000 54.000 2268.000 47.623 0 1 5 210 0 0
 539 106980.000 25109.000 0 0 28.000 52.000 1456.000 38.157 0 1 1 210 0 0
 540 107107.000 25291.000 0 0 28.000 52.000 1456.000 38.157 0 1 1 210 0 0
 541 129352.000 168767.000 0 0 42.000 54.000 2268.000 47.623 0 1 5 210 0 0
 542 106929.000 24995.000 0 0 28.000 52.000 1456.000 38.157 0 1 1 210 0 0
 543 106782.000 24684.000 0 0 28.000 52.000 1456.000 38.157 0 1 1 210 0 0
 544 106832.000 24783.000 0 0 28.000 52.000 1456.000 38.157 0 1 1 210 0 0
 545 106713.000 24572.000 0 0 28.000 52.000 1456.000 38.157 0 1 1 210 0 0
 546 175418.000 89881.000 0 0 0.000 0.000 0.000 0.126 0 1 0 0 0 0
 547 108031.000 175448.000 0 0 0.000 0.000 0.000 0.135 0 1 0 0 0 0
 548 39391.000 148520.000 0 0 54.000 50.000 2700.000 51.961 0 1 4 210 0 0
 549 39333.000 148446.000 0 0 54.000 50.000 2700.000 51.961 0 1 4 210 0 0
 550 39022.000 148055.000 0 0 54.000 50.000 2700.000 51.961 0 1 4 210 0 0
 551 38178.000 146981.000 0 0 54.000 50.000 2700.000 51.961 0 1 4 210 0 0
 552 37280.000 145825.000 0 0 56.000 48.000 2688.000 51.845 0 1 4 210 0 0
 553 37200.000 145722.000 0 0 56.000 48.000 2688.000 51.845 0 1 4 210 0 0
 554 42368.000 152219.000 0 0 54.000 50.000 2700.000 51.961 0 1 4 210 0 0
 555 42290.000 152123.000 0 0 54.000 50.000 2700.000 51.961 0 1 4 210 0 0
 556 42117.000 151922.000 0 0 54.000 50.000 2700.000 51.961 0 1 4 210 0 0
 557 41926.000 151707.000 0 0 52.000 50.000 2600.000 50.990 0 1 4 210 0 0
 558 41805.000 151553.000 0 0 52.000 50.000 2600.000 50.990 0 1 4 210 0 0
 559 41759.000 151494.000 0 0 52.000 50.000 2600.000 50.990 0 1 4 210 0 0
 560 41673.000 151386.000 0 0 52.000 52.000 2704.000 52.000 0 1 4 210 0 0
 561 41514.000 151187.000 0 0 52.000 52.000 2704.000 52.000 0 1 4 210 0 0
 562 41447.000 151107.000 0 0 52.000 52.000 2704.000 52.000 0 1 4 210 0 0
 563 41226.000 150829.000 0 0 52.000 52.000 2704.000 52.000 0 1 4 210 0 0
 564 40922.000 150445.000 0 0 54.000 52.000 2808.000 52.990 0 1 4 210 0 0
 565 40709.000 150185.000 0 0 54.000 52.000 2808.000 52.990 0 1 4 210 0 0
 566 40526.000 149949.000 0 0 54.000 52.000 2808.000 52.990 0 1 4 210 0 0
 567 40408.000 149804.000 0 0 54.000 52.000 2808.000 52.990 0 1 4 210 0 0
 568 40279.000 149639.000 0 0 54.000 50.000 2700.000 51.961 0 1 4 210 0 0
 569 40161.000 149494.000 0 0 54.000 50.000 2700.000 51.961 0 1 4 210 0 0
 570 40027.000 149326.000 0 0 54.000 50.000 2700.000 51.961 0 1 4 210 0 0
 571 39945.000 149223.000 0 0 54.000 50.000 2700.000 51.961 0 1 4 210 0 0
 572 39868.000 149127.000 0 0 54.000 50.000 2700.000 51.961 0 1 4 210 0 0
 573 39815.000 149060.000 0 0 54.000 50.000 2700.000 51.961 0 1 4 210 0 0
 574 39691.000 148900.000 0 0 54.000 50.000 2700.000 51.961 0 1 4 210 0 0
 575 39277.000 148376.000 0 0 54.000 50.000 2700.000 51.961 0 1 4 210 0 0
 576 39205.000 148286.000 0 0 54.000 50.000 2700.000 51.961 0 1 4 210 0 0
 577 39138.000 148201.000 0 0 54.000 50.000 2700.000 51.961 0 1 4 210 0 0
 578 38792.000 147761.000 0 0 54.000 50.000 2700.000 51.961 0 1 4 210 0 0
 579 38709.000 147651.000 0 0 54.000 50.000 2700.000 51.961 0 1 4 210 0 0
 580 38472.000 147352.000 0 0 54.000 50.000 2700.000 51.961 0 1 4 210 0 0
 581 38110.000 146887.000 0 0 54.000 50.000 2700.000 51.961 0 1 4 210 0 0
 582 38026.000 146782.000 0 0 54.000 50.000 2700.000 51.961 0 1 4 210 0 0
 583 37916.000 146641.000 0 0 54.000 50.000 2700.000 51.961 0 1 4 210 0 0
 584 37555.000 146178.000 0 0 56.000 48.000 2688.000 51.845 0 1 4 210 0 0
 585 37447.000 146040.000 0 0 56.000 48.000 2688.000 51.845 0 1 4 210 0 0
 586 37357.000 145931.000 0 0 56.000 48.000 2688.000 51.845 0 1 4 210 0 0
 587 37065.000 145548.000 0 0 56.000 48.000 2688.000 51.845 0 1 4 210 0 0
 588 36852.000 145273.000 0 0 54.000 48.000 2592.000 50.911 0 1 4 210 0 0
 589 36760.000 145155.000 0 0 54.000 48.000 2592.000 50.911 0 1 4 210 0 0
 590 36590.000 144928.000 0 0 54.000 48.000 2592.000 50.911 0 1 4 210 0 0
 591 36456.000 144763.000 0 0 54.000 48.000 2592.000 50.911 0 1 4 210 0 0
 592 36322.000 144609.000 0 0 54.000 48.000 2592.000 50.911 0 1 4 210 0 0
 593 36309.000 144581.000 0 0 54.000 48.000 2592.000 50.911 0 1 4 210 0 0
 594 36216.000 144447.000 0 0 54.000 48.000 2592.000 50.911 0 1 4 210 0 0
 595 36158.000 144369.000 0 0 54.000 48.000 2592.000 50.911 0 1 4 210 0 0
 596 36049.000 144225.000 0 0 54.000 48.000 2592.000 50.911 0 1 4 210 0 0
 597 35984.000 144143.000 0 0 54.000 48.000 2592.000 50.911 0 1 4 210 0 0
 598 35875.000 144010.000 0 0 54.000 48.000 2592.000 50.911 0 1 4 210 0 0
 599 35742.000 143825.000 0 0 54.000 48.000 2592.000 50.911 0 1 4 210 0 0
 600 35628.000 143658.000 0 0 54.000 48.000 2592.000 50.911 0 1 4 210 0 0
 601 35497.000 143484.000 0 0 54.000 46.000 2484.000 49.839 0 1 4 210 0 0
 602 35437.000 143404.000 0 0 54.000 46.000 2484.000 49.839 0 1 4 210 0 0
 603 35358.000 143303.000 0 0 54.000 46.000 2484.000 49.839 0 1 4 210 0 0
 604 35290.000 143219.000 0 0 54.000 46.000 2484.000 49.839 0 1 4 210 0 0
 605 35219.000 143123.000 0 0 54.000 46.000 2484.000 49.839 0 1 4 210 0 0
 606 43985.000 154196.000 0 0 52.000 52.000 2704.000 52.000 0 1 4 210 0 0
 607 43880.000 154063.000 0 0 54.000 52.000 2808.000 52.990 0 1 4 210 0 0
 608 43674.000 153840.000 0 0 54.000 52.000 2808.000 52.990 0 1 4 210 0 0
 609 43584.000 153734.000 0 0 54.000 52.000 2808.000 52.990 0 1 4 210 0 0
 610 43501.000 153628.000 0 0 54.000 52.000 2808.000 52.990 0 1 4 210 0 0
 611 43433.000 153538.000 0 0 54.000 52.000 2808.000 52.990 0 1 4 210 0 0
 612 43096.000 153129.000 0 0 54.000 52.000 2808.000 52.990 0 1 4 210 0 0
 613 42924.000 152912.000 0 0 54.000 50.000 2700.000 51.961 0 1 4 210 0 0
 614 42835.000 152801.000 0 0 54.000 50.000 2700.000 51.961 0 1 4 210 0 0
 615 42774.000 152729.000 0 0 54.000 50.000 2700.000 51.961 0 1 4 210 0 0
 616 42645.000 152564.000 0 0 54.000 50.000 2700.000 51.961 0 1 4 210 0 0
 617 42501.000 152371.000 0 0 54.000 50.000 2700.000 51.961 0 1 4 210 0 0
 618 36086.000 144323.000 0 0 54.000 48.000 2592.000 50.911 0 1 4 210 0 0
 619 35131.000 143010.000 0 0 54.000 48.000 2592.000 50.911 0 1 4 210 0 0
 620 34941.000 142759.000 0 0 54.000 48.000 2592.000 50.911 0 1 4 210 0 0
 621 34902.000 142709.000 0 0 54.000 48.000 2592.000 50.911 0 1 4 210 0 0
 622 34814.000 142592.000 0 0 54.000 48.000 2592.000 50.911 0 1 4 210 0 0
 623 34680.000 142416.000 0 0 54.000 48.000 2592.000 50.911 0 1 4 210 0 0
 624 34622.000 142337.000 0 0 54.000 48.000 2592.000 50.911 0 1 4 210 0 0
 625 34547.000 142239.000 0 0 56.000 48.000 2688.000 51.845 0 1 4 210 0 0
 626 34424.000 142078.000 0 0 56.000 48.000 2688.000 51.845 0 1 4 210 0 0
 627 34360.000 141995.000 0 0 56.000 48.000 2688.000 51.845 0 1 4 210 0 0
 628 34281.000 141890.000 0 0 56.000 48.000 2688.000 51.845 0 1 4 210 0 0
 629 36523.000 144352.000 0 0 54.000 48.000 2592.000 50.911 0 1 4 210 0 0
 630 34028.000 141531.000 0 0 56.000 48.000 2688.000 51.845 0 1 4 210 0 0
 631 40760.000 150245.000 0 0 54.000 52.000 2808.000 52.990 0 1 4 210 0 0
 632 45033.000 155466.000 0 0 52.000 52.000 2704.000 52.000 0 1 4 210 0 0
 633 44768.000 155157.000 0 0 52.000 52.000 2704.000 52.000 0 1 4 210 0 0
 634 44669.000 155028.000 0 0 52.000 52.000 2704.000 52.000 0 1 4 210 0 0
 635 44585.000 154926.000 0 0 52.000 52.000 2704.000 52.000 0 1 4 210 0 0
 636 44451.000 154768.000 0 0 52.000 52.000 2704.000 52.000 0 1 4 210 0 0
 637 44359.000 154653.000 0 0 52.000 52.000 2704.000 52.000 0 1 4 210 0 0
 638 44292.000 154572.000 0 0 52.000 52.000 2704.000 52.000 0 1 4 210 0 0
 639 44238.000 154504.000 0 0 52.000 52.000 2704.000 52.000 0 1 4 210 0 0
 640 43324.000 152983.000 0 0 54.000 52.000 2808.000 52.990 0 1 4 210 0 0
 641 33899.000 141355.000 0 0 56.000 48.000 2688.000 51.845 0 1 4 210 0 0
 642 33685.000 141074.000 0 0 56.000 48.000 2688.000 51.845 0 1 4 210 0 0
 643 33541.000 140885.000 0 0 56.000 48.000 2688.000 51.845 0 1 4 210 0 0
 644 33479.000 140799.000 0 0 56.000 48.000 2688.000 51.845 0 1 4 210 0 0
 645 33392.000 140686.000 0 0 56.000 48.000 2688.000 51.845 0 1 4 210 0 0
 646 33320.000 140589.000 0 0 56.000 47.000 2632.000 51.303 0 1 4 210 0 0
 647 33233.000 140475.000 0 0 56.000 46.000 2576.000 50.754 0 1 4 210 0 0
 648 33095.000 140287.000 0 0 56.000 46.000 2576.000 50.754 0 1 4 210 0 0
 649 33011.000 140175.000 0 0 56.000 46.000 2576.000 50.754 0 1 4 210 0 0
 650 32952.000 140097.000 0 0 56.000 46.000 2576.000 50.754 0 1 4 210 0 0
 651 32810.000 139876.000 0 0 56.000 46.000 2576.000 50.754 0 1 4 210 0 0
 652 32741.000 139786.000 0 0 56.000 46.000 2576.000 50.754 0 1 4 210 0 0
 653 32688.000 139713.000 0 0 56.000 46.000 2576.000 50.754 0 1 4 210 0 0
 654 32601.000 139598.000 0 0 56.000 46.000 2576.000 50.754 0 1 4 210 0 0
 655 32535.000 139510.000 0 0 56.000 46.000 2576.000 50.754 0 1 4 210 0 0
 656 32461.000 139414.000 0 0 56.000 46.000 2576.000 50.754 0 1 4 210 0 0
 657 45186.000 155630.000 0 0 52.000 52.000 2704.000 52.000 0 1 4 210 0 0
 658 46155.000 156786.000 0 0 52.000 54.000 2808.000 52.990 0 1 4 210 0 0
 659 46046.000 156677.000 0 0 52.000 54.000 2808.000 52.990 0 1 4 210 0 0
 660 45894.000 156514.000 0 0 52.000 54.000 2808.000 52.990 0 1 4 210 0 0
 661 45879.000 156465.000 0 0 52.000 54.000 2808.000 52.990 0 1 4 210 0 0
 662 45727.000 156292.000 0 0 52.000 52.000 2704.000 52.000 0 1 4 210 0 0
 663 45647.000 156201.000 0 0 52.000 52.000 2704.000 52.000 0 1 4 210 0 0
 664 45516.000 156030.000 0 0 52.000 52.000 2704.000 52.000 0 1 4 210 0 0
 665 45414.000 155909.000 0 0 52.000 52.000 2704.000 52.000 0 1 4 210 0 0
 666 45289.000 155756.000 0 0 52.000 52.000 2704.000 52.000 0 1 4 210 0 0
 667 32378.000 139298.000 0 0 56.000 46.000 2576.000 50.754 0 1 4 210 0 0
 668 32296.000 139193.000 0 0 56.000 46.000 2576.000 50.754 0 1 4 210 0 0
 669 32212.000 139081.000 0 0 54.000 46.000 2484.000 49.839 0 1 4 210 0 0
 670 32068.000 138886.000 0 0 54.000 46.000 2484.000 49.839 0 1 4 210 0 0
 671 31978.000 138773.000 0 0 54.000 46.000 2484.000 49.839 0 1 4 210 0 0
 672 31884.000 138623.000 0 0 54.000 46.000 2484.000 49.839 0 1 4 210 0 0
 673 31791.000 138485.000 0 0 54.000 46.000 2484.000 49.839 0 1 4 210 0 0
 674 47303.000 158142.000 0 0 50.000 54.000 2700.000 51.961 0 1 4 210 0 0
 675 47097.000 157892.000 0 0 50.000 54.000 2700.000 51.961 0 1 4 210 0 0
 676 47013.000 157816.000 0 0 50.000 54.000 2700.000 51.961 0 1 4 210 0 0
 677 46954.000 157741.000 0 0 50.000 54.000 2700.000 51.961 0 1 4 210 0 0
 678 46904.000 157678.000 0 0 50.000 54.000 2700.000 51.961 0 1 4 210 0 0
 679 46780.000 157529.000 0 0 50.000 54.000 2700.000 51.961 0 1 4 210 0 0
 680 46712.000 157453.000 0 0 51.000 54.000 2754.000 52.478 0 1 4 210 0 0
 681 46489.000 157183.000 0 0 52.000 54.000 2808.000 52.990 0 1 4 210 0 0
 682 46393.000 157065.000 0 0 52.000 54.000 2808.000 52.990 0 1 4 210 0 0
 683 32107.000 139012.000 0 0 54.000 46.000 2484.000 49.839 0 1 4 210 0 0
 684 31640.000 138272.000 0 0 54.000 46.000 2484.000 49.839 0 1 4 210 0 0
 685 31486.000 138078.000 0 0 54.000 46.000 2484.000 49.839 0 1 4 210 0 0
 686 31416.000 137984.000 0 0 54.000 46.000 2484.000 49.839 0 1 4 210 0 0
 687 31355.000 137902.000 0 0 54.000 46.000 2484.000 49.839 0 1 4 210 0 0
 688 31296.000 137822.000 0 0 54.000 46.000 2484.000 49.839 0 1 4 210 0 0
 689 31067.000 137513.000 0 0 54.000 44.000 2376.000 48.744 0 1 4 210 0 0
 690 30899.000 137257.000 0 0 56.000 44.000 2464.000 49.638 0 1 4 210 0 0
 691 123561.000 174848.000 0 0 0.000 0.000 0.000 0.123 0 1 0 0 0 0
 692 48009.000 158956.000 0 0 52.000 52.000 2704.000 52.000 0 1 4 210 0 0
 693 47817.000 158751.000 0 0 50.000 52.000 2600.000 50.990 0 1 4 210 0 0
 694 47548.000 158434.000 0 0 50.000 54.000 2700.000 51.961 0 1 4 210 0 0
 695 47365.000 158213.000 0 0 50.000 54.000 2700.000 51.961 0 1 4 210 0 0
 696 47199.000 158014.000 0 0 50.000 54.000 2700.000 51.961 0 1 4 210 0 0
 697 30817.000 137142.000 0 0 56.000 44.000 2464.000 49.638 0 1 4 210 0 0
 698 30726.000 137015.000 0 0 56.000 44.000 2464.000 49.638 0 1 4 210 0 0
 699 30489.000 136697.000 0 0 56.000 44.000 2464.000 49.638 0 1 4 210 0 0
 700 30410.000 136586.000 0 0 56.000 44.000 2464.000 49.638 0 1 4 210 0 0
 701 30285.000 136413.000 0 0 56.000 44.000 2464.000 49.638 0 1 4 210 0 0
 702 48713.000 159772.000 0 0 52.000 52.000 2704.000 52.000 0 1 4 210 0 0
 703 48655.000 159723.000 0 0 52.000 52.000 2704.000 52.000 0 1 4 210 0 0
 704 48583.000 159639.000 0 0 52.000 52.000 2704.000 52.000 0 1 4 210 0 0
 705 48513.000 159558.000 0 0 52.000 52.000 2704.000 52.000 0 1 4 210 0 0
 706 48374.000 159394.000 0 0 52.000 52.000 2704.000 52.000 0 1 4 210 0 0
 707 48256.000 159258.000 0 0 52.000 52.000 2704.000 52.000 0 1 4 210 0 0
 708 48098.000 159067.000 0 0 52.000 52.000 2704.000 52.000 0 1 4 210 0 0
 709 30106.000 136147.000 0 0 56.000 44.000 2464.000 49.638 0 1 4 210 0 0
 710 29990.000 135990.000 0 0 56.000 44.000 2464.000 49.638 0 1 4 210 0 0
 711 29849.000 135790.000 0 0 56.000 44.000 2464.000 49.638 0 1 4 210 0 0
 712 29751.000 135663.000 0 0 56.000 44.000 2464.000 49.638 0 1 4 210 0 0
 713 29665.000 135541.000 0 0 56.000 44.000 2464.000 49.638 0 1 4 210 0 0
 714 29613.000 135469.000 0 0 56.000 44.000 2464.000 49.638 0 1 4 210 0 0
 715 29423.000 135183.000 0 0 56.000 44.000 2464.000 49.638 0 1 4 210 0 0
 716 29374.000 135119.000 0 0 56.000 44.000 2464.000 49.638 0 1 4 210 0 0
 717 40462.000 47877.000 0 0 0.000 0.000 0.000 0.206 0 1 0 0 0 0
 718 49397.000 160573.000 0 0 52.000 54.000 2808.000 52.990 0 1 4 210 0 0
 719 49333.000 160512.000 0 0 52.000 54.000 2808.000 52.990 0 1 4 210 0 0
 720 49264.000 160424.000 0 0 52.000 54.000 2808.000 52.990 0 1 4 210 0 0
 721 49165.000 160311.000 0 0 52.000 54.000 2808.000 52.990 0 1 4 210 0 0
 722 49103.000 160237.000 0 0 52.000 54.000 2808.000 52.990 0 1 4 210 0 0
 723 49004.000 160113.000 0 0 52.000 54.000 2808.000 52.990 0 1 4 210 0 0
 724 48807.000 159881.000 0 0 52.000 53.000 2756.000 52.497 0 1 4 210 0 0
 725 29324.000 135050.000 0 0 56.000 44.000 2464.000 49.638 0 1 4 210 0 0
 726 29217.000 134896.000 0 0 56.000 44.000 2464.000 49.638 0 1 4 210 0 0
 727 29134.000 134781.000 0 0 56.000 44.000 2464.000 49.638 0 1 4 210 0 0
 728 29089.000 134718.000 0 0 56.000 42.000 2352.000 48.497 0 1 4 210 0 0
 729 28815.000 134312.000 0 0 56.000 42.000 2352.000 48.497 0 1 4 210 0 0
 730 49708.000 160923.000 0 0 50.000 54.000 2700.000 51.961 0 1 4 210 0 0
 731 50214.000 161486.000 0 0 50.000 54.000 2700.000 51.961 0 1 4 210 0 0
 732 50141.000 161402.000 0 0 50.000 54.000 2700.000 51.961 0 1 4 210 0 0
 733 50071.000 161343.000 0 0 50.000 54.000 2700.000 51.961 0 1 4 210 0 0
 734 49816.000 161048.000 0 0 50.000 54.000 2700.000 51.961 0 1 4 210 0 0
 735 49605.000 160803.000 0 0 50.000 54.000 2700.000 51.961 0 1 4 210 0 0
 736 49518.000 160700.000 0 0 50.000 54.000 2700.000 51.961 0 1 4 210 0 0
 737 28751.000 134225.000 0 0 56.000 42.000 2352.000 48.497 0 1 4 210 0 0
 738 28675.000 134122.000 0 0 56.000 42.000 2352.000 48.497 0 1 4 210 0 0
 739 28561.000 133970.000 0 0 56.000 42.000 2352.000 48.497 0 1 4 210 0 0
 740 28322.000 133621.000 0 0 56.000 42.000 2352.000 48.497 0 1 4 210 0 0
 741 48868.000 159951.000 0 0 52.000 54.000 2808.000 52.990 0 1 4 210 0 0
 742 50911.000 162279.000 0 0 50.000 54.000 2700.000 51.961 0 1 4 210 0 0
 743 50848.000 162205.000 0 0 50.000 54.000 2700.000 51.961 0 1 4 210 0 0
 744 50783.000 162135.000 0 0 50.000 54.000 2700.000 51.961 0 1 4 210 0 0
 745 50675.000 162031.000 0 0 50.000 54.000 2700.000 51.961 0 1 4 210 0 0
 746 50589.000 161931.000 0 0 50.000 54.000 2700.000 51.961 0 1 4 210 0 0
 747 50488.000 161802.000 0 0 50.000 54.000 2700.000 51.961 0 1 4 210 0 0
 748 50413.000 161725.000 0 0 50.000 54.000 2700.000 51.961 0 1 4 210 0 0
 749 50305.000 161597.000 0 0 50.000 54.000 2700.000 51.961 0 1 4 210 0 0
 750 28200.000 133434.000 0 0 56.000 42.000 2352.000 48.497 0 1 4 210 0 0
 751 28005.000 133156.000 0 0 56.000 42.000 2352.000 48.497 0 1 4 210 0 0
 752 27909.000 133028.000 0 0 54.000 42.000 2268.000 47.623 0 1 4 210 0 0
 753 27874.000 132977.000 0 0 54.000 42.000 2268.000 47.623 0 1 4 210 0 0
 754 27740.000 132770.000 0 0 54.000 42.000 2268.000 47.623 0 1 4 210 0 0
 755 27662.000 132650.000 0 0 54.000 42.000 2268.000 47.623 0 1 4 210 0 0
 756 27566.000 132522.000 0 0 54.000 42.000 2268.000 47.623 0 1 4 210 0 0
 757 51498.000 162936.000 0 0 50.000 54.000 2700.000 51.961 0 1 4 210 0 0
 758 51430.000 162855.000 0 0 50.000 54.000 2700.000 51.961 0 1 4 210 0 0
 759 51366.000 162806.000 0 0 50.000 54.000 2700.000 51.961 0 1 4 210 0 0
 760 51257.000 162679.000 0 0 50.000 54.000 2700.000 51.961 0 1 4 210 0 0
 761 51200.000 162610.000 0 0 50.000 54.000 2700.000 51.961 0 1 4 210 0 0
 762 51019.000 162402.000 0 0 50.000 54.000 2700.000 51.961 0 1 4 210 0 0
 763 27510.000 132443.000 0 0 54.000 42.000 2268.000 47.623 0 1 4 210 0 0
 764 27391.000 132275.000 0 0 54.000 42.000 2268.000 47.623 0 1 4 210 0 0
 765 27333.000 132193.000 0 0 54.000 42.000 2268.000 47.623 0 1 4 210 0 0
 766 27233.000 132057.000 0 0 54.000 42.000 2268.000 47.623 0 1 4 210 0 0
 767 27117.000 131866.000 0 0 54.000 42.000 2268.000 47.623 0 1 4 210 0 0
 768 123719.000 175370.000 0 0 0.000 0.000 0.000 200000.000 0 1 0 200 0 0
 769 52047.000 163547.000 0 0 50.000 54.000 2700.000 51.961 0 1 4 210 0 0
 770 51934.000 163450.000 0 0 50.000 54.000 2700.000 51.961 0 1 4 210 0 0
 771 51827.000 163312.000 0 0 50.000 54.000 2700.000 51.961 0 1 4 210 0 0
 772 51685.000 163151.000 0 0 50.000 54.000 2700.000 51.961 0 1 4 210 0 0
 773 51607.000 163063.000 0 0 50.000 54.000 2700.000 51.961 0 1 4 210 0 0
 774 27020.000 131729.000 0 0 54.000 42.000 2268.000 47.623 0 1 4 210 0 0
 775 26794.000 131402.000 0 0 54.000 42.000 2268.000 47.623 0 1 4 210 0 0
 776 26693.000 131242.000 0 0 55.000 42.000 2310.000 48.062 0 1 4 210 0 0
 777 26601.000 131110.000 0 0 56.000 42.000 2352.000 48.497 0 1 4 210 0 0
 778 52561.000 164133.000 0 0 48.000 56.000 2688.000 51.845 0 1 4 210 0 0
 779 52485.000 164049.000 0 0 48.000 56.000 2688.000 51.845 0 1 4 210 0 0
 780 52443.000 164002.000 0 0 48.000 56.000 2688.000 51.845 0 1 4 210 0 0
 781 52377.000 163925.000 0 0 48.000 56.000 2688.000 51.845 0 1 4 210 0 0
 782 26540.000 131023.000 0 0 56.000 42.000 2352.000 48.497 0 1 4 210 0 0
 783 26408.000 130825.000 0 0 56.000 42.000 2352.000 48.497 0 1 4 210 0 0
 784 26271.000 130641.000 0 0 56.000 42.000 2352.000 48.497 0 1 4 210 0 0
 785 26203.000 130525.000 0 0 56.000 42.000 2352.000 48.497 0 1 4 210 0 0
 786 26158.000 130444.000 0 0 56.000 42.000 2352.000 48.497 0 1 4 210 0 0
 787 53249.000 164875.000 0 0 48.000 56.000 2688.000 51.845 0 1 4 210 0 0
 788 52975.000 164586.000 0 0 48.000 56.000 2688.000 51.845 0 1 4 210 0 0
 789 52840.000 164434.000 0 0 48.000 56.000 2688.000 51.845 0 1 4 210 0 0
 790 52714.000 164288.000 0 0 48.000 56.000 2688.000 51.845 0 1 4 210 0 0
 791 26098.000 130365.000 0 0 56.000 42.000 2352.000 48.497 0 1 4 210 0 0
 792 26035.000 130274.000 0 0 56.000 42.000 2352.000 48.497 0 1 4 210 0 0
 793 25880.000 130052.000 0 0 56.000 42.000 2352.000 48.497 0 1 4 210 0 0
 794 25778.000 129911.000 0 0 56.000 42.000 2352.000 48.497 0 1 4 210 0 0
 795 53734.000 165401.000 0 0 48.000 54.000 2592.000 50.911 0 1 4 210 0 0
 796 53586.000 165272.000 0 0 48.000 54.000 2592.000 50.911 0 1 4 210 0 0
 797 53462.000 165127.000 0 0 48.000 54.000 2592.000 50.911 0 1 4 210 0 0
 798 53354.000 164993.000 0 0 48.000 54.000 2592.000 50.911 0 1 4 210 0 0
 799 25671.000 129726.000 0 0 56.000 42.000 2352.000 48.497 0 1 4 210 0 0
 800 25533.000 129537.000 0 0 56.000 42.000 2352.000 48.497 0 1 4 210 0 0
 801 25463.000 129436.000 0 0 56.000 42.000 2352.000 48.497 0 1 4 210 0 0
 802 25391.000 129328.000 0 0 56.000 42.000 2352.000 48.497 0 1 4 210 0 0
 803 25321.000 129231.000 0 0 56.000 42.000 2352.000 48.497 0 1 4 210 0 0
 804 25251.000 129106.000 0 0 56.000 42.000 2352.000 48.497 0 1 4 210 0 0
 805 54188.000 165923.000 0 0 48.000 54.000 2592.000 50.911 0 1 4 210 0 0
 806 53929.000 165628.000 0 0 48.000 54.000 2592.000 50.911 0 1 4 210 0 0
 807 25191.000 129013.000 0 0 56.000 42.000 2352.000 48.497 0 1 4 210 0 0
 808 25060.000 128833.000 0 0 56.000 40.000 2240.000 47.328 0 1 4 210 0 0
 809 24986.000 128729.000 0 0 56.000 40.000 2240.000 47.328 0 1 4 210 0 0
 810 24918.000 128632.000 0 0 56.000 40.000 2240.000 47.328 0 1 4 210 0 0
 811 24785.000 128401.000 0 0 56.000 40.000 2240.000 47.328 0 1 4 210 0 0
 812 24466.000 127956.000 0 0 56.000 40.000 2240.000 47.328 0 1 4 210 0 0
 813 55181.000 166994.000 0 0 46.000 54.000 2484.000 49.839 0 1 4 210 0 0
 814 55093.000 166903.000 0 0 46.000 54.000 2484.000 49.839 0 1 4 210 0 0
 815 55064.000 166863.000 0 0 46.000 54.000 2484.000 49.839 0 1 4 210 0 0
 816 54998.000 166788.000 0 0 46.000 54.000 2484.000 49.839 0 1 4 210 0 0
 817 54940.000 166721.000 0 0 46.000 54.000 2484.000 49.839 0 1 4 210 0 0
 818 54819.000 166581.000 0 0 48.000 54.000 2592.000 50.911 0 1 4 210 0 0
 819 24358.000 127756.000 0 0 56.000 40.000 2240.000 47.328 0 1 4 210 0 0
 820 24274.000 127647.000 0 0 56.000 40.000 2240.000 47.328 0 1 4 210 0 0
 821 24173.000 127511.000 0 0 56.000 40.000 2240.000 47.328 0 1 4 210 0 0
 822 24126.000 127433.000 0 0 56.000 40.000 2240.000 47.328 0 1 4 210 0 0
 823 24028.000 127279.000 0 0 56.000 40.000 2240.000 47.328 0 1 4 210 0 0
 824 21861.000 79109.000 0 0 0.000 0.000 0.000 0.239 0 1 0 0 0 0
 825 23855.000 126995.000 0 0 56.000 40.000 2240.000 47.328 0 1 4 210 0 0
 826 23788.000 126907.000 0 0 54.000 40.000 2160.000 46.475 0 1 4 210 0 0
 827 23626.000 126656.000 0 0 54.000 40.000 2160.000 46.475 0 1 4 210 0 0
 828 55947.000 167801.000 0 0 48.000 54.000 2592.000 50.911 0 1 4 210 0 0
 829 23674.000 126795.000 0 0 54.000 40.000 2160.000 46.475 0 1 4 210 0 0
 830 23498.000 126466.000 0 0 54.000 40.000 2160.000 46.475 0 1 4 210 0 0
 831 23440.000 126383.000 0 0 54.000 40.000 2160.000 46.475 0 1 4 210 0 0
 832 23367.000 126273.000 0 0 54.000 40.000 2160.000 46.475 0 1 4 210 0 0
 833 23316.000 126204.000 0 0 54.000 40.000 2160.000 46.475 0 1 4 210 0 0
 834 24022.000 126758.000 0 0 54.000 40.000 2160.000 46.475 0 1 4 210 0 0
 835 56677.000 168588.000 0 0 48.000 56.000 2688.000 51.845 0 1 4 210 0 0
 836 56632.000 168543.000 0 0 48.000 56.000 2688.000 51.845 0 1 4 210 0 0
 837 56535.000 168449.000 0 0 48.000 56.000 2688.000 51.845 0 1 4 210 0 0
 838 56444.000 168344.000 0 0 48.000 56.000 2688.000 51.845 0 1 4 210 0 0
 839 23182.000 125982.000 0 0 54.000 40.000 2160.000 46.475 0 1 4 210 0 0
 840 23034.000 125757.000 0 0 54.000 38.000 2052.000 45.299 0 1 4 210 0 0
 841 22881.000 125536.000 0 0 54.000 38.000 2052.000 45.299 0 1 4 210 0 0
 842 57301.000 169241.000 0 0 48.000 56.000 2688.000 51.845 0 1 4 210 0 0
 843 57086.000 169024.000 0 0 48.000 56.000 2688.000 51.845 0 1 4 210 0 0
 844 56887.000 168804.000 0 0 48.000 56.000 2688.000 51.845 0 1 4 210 0 0
 845 56774.000 168669.000 0 0 48.000 56.000 2688.000 51.845 0 1 4 210 0 0
 846 22760.000 125326.000 0 0 54.000 38.000 2052.000 45.299 0 1 4 210 0 0
 847 22647.000 125153.000 0 0 54.000 38.000 2052.000 45.299 0 1 4 210 0 0
 848 22577.000 125057.000 0 0 54.000 38.000 2052.000 45.299 0 1 4 210 0 0
 849 22500.000 124922.000 0 0 54.000 38.000 2052.000 45.299 0 1 4 210 0 0
 850 57652.000 169596.000 0 0 46.000 56.000 2576.000 50.754 0 1 4 210 0 0
 851 57581.000 169548.000 0 0 48.000 56.000 2688.000 51.845 0 1 4 210 0 0
 852 22427.000 124806.000 0 0 54.000 38.000 2052.000 45.299 0 1 4 210 0 0
 853 22149.000 124385.000 0 0 54.000 38.000 2052.000 45.299 0 1 4 210 0 0
 854 58107.000 170074.000 0 0 46.000 56.000 2576.000 50.754 0 1 4 210 0 0
 855 57971.000 169957.000 0 0 46.000 56.000 2576.000 50.754 0 1 4 210 0 0
 856 57856.000 169827.000 0 0 46.000 56.000 2576.000 50.754 0 1 4 210 0 0
 857 57745.000 169708.000 0 0 46.000 56.000 2576.000 50.754 0 1 4 210 0 0
 858 21998.000 124149.000 0 0 54.000 38.000 2052.000 45.299 0 1 4 210 0 0
 859 21919.000 124030.000 0 0 54.000 38.000 2052.000 45.299 0 1 4 210 0 0
 860 21834.000 123908.000 0 0 54.000 38.000 2052.000 45.299 0 1 4 210 0 0
 861 58609.000 170599.000 0 0 46.000 56.000 2576.000 50.754 0 1 4 210 0 0
 862 58555.000 170544.000 0 0 46.000 56.000 2576.000 50.754 0 1 4 210 0 0
 863 58248.000 170235.000 0 0 46.000 56.000 2576.000 50.754 0 1 4 210 0 0
 864 21756.000 123763.000 0 0 54.000 38.000 2052.000 45.299 0 1 4 210 0 0
 865 21689.000 123662.000 0 0 54.000 38.000 2052.000 45.299 0 1 4 210 0 0
 866 21615.000 123569.000 0 0 54.000 38.000 2052.000 45.299 0 1 4 210 0 0
 867 21537.000 123436.000 0 0 54.000 38.000 2052.000 45.299 0 1 4 210 0 0
 868 21427.000 123239.000 0 0 54.000 38.000 2052.000 45.299 0 1 4 210 0 0
 869 58871.000 170891.000 0 0 46.000 56.000 2576.000 50.754 0 1 4 210 0 0
 870 21301.000 123055.000 0 0 54.000 38.000 2052.000 45.299 0 1 4 210 0 0
 871 21244.000 122965.000 0 0 55.000 37.000 2035.000 45.110 0 1 4 210 0 0
 872 21125.000 122770.000 0 0 56.000 36.000 2016.000 44.899 0 1 4 210 0 0
 873 59398.000 171416.000 0 0 46.000 54.000 2484.000 49.839 0 1 4 210 0 0
 874 59251.000 171284.000 0 0 46.000 54.000 2484.000 49.839 0 1 4 210 0 0
 875 59182.000 171204.000 0 0 46.000 54.000 2484.000 49.839 0 1 4 210 0 0
 876 21001.000 122580.000 0 0 56.000 36.000 2016.000 44.899 0 1 4 210 0 0
 877 59699.000 171743.000 0 0 46.000 54.000 2484.000 49.839 0 1 4 210 0 0
 878 59604.000 171639.000 0 0 46.000 54.000 2484.000 49.839 0 1 4 210 0 0
 879 20767.000 122204.000 0 0 56.000 36.000 2016.000 44.899 0 1 4 210 0 0
 880 20663.000 122043.000 0 0 56.000 36.000 2016.000 44.899 0 1 4 210 0 0
 881 20576.000 121892.000 0 0 56.000 36.000 2016.000 44.899 0 1 4 210 0 0
 882 20910.000 122434.000 0 0 56.000 36.000 2016.000 44.899 0 1 4 210 0 0
 883 60205.000 172244.000 0 0 46.000 54.000 2484.000 49.839 0 1 4 210 0 0
 884 60124.000 172177.000 0 0 46.000 54.000 2484.000 49.839 0 1 4 210 0 0
 885 59901.000 171934.000 0 0 46.000 54.000 2484.000 49.839 0 1 4 210 0 0
 886 20437.000 121675.000 0 0 56.000 36.000 2016.000 44.899 0 1 4 210 0 0
 887 20342.000 121537.000 0 0 56.000 36.000 2016.000 44.899 0 1 4 210 0 0
 888 60284.000 172324.000 0 0 46.000 54.000 2484.000 49.839 0 1 4 210 0 0
 889 60718.000 172770.000 0 0 44.000 55.000 2420.000 49.193 0 1 4 210 0 0
 890 60587.000 172646.000 0 0 44.000 54.000 2376.000 48.744 0 1 4 210 0 0
 891 60430.000 172487.000 0 0 44.000 54.000 2376.000 48.744 0 1 4 210 0 0
 892 60350.000 172399.000 0 0 46.000 54.000 2484.000 49.839 0 1 4 210 0 0
 893 19886.000 120817.000 0 0 56.000 36.000 2016.000 44.899 0 1 4 210 0 0
 894 19830.000 120692.000 0 0 54.000 36.000 1944.000 44.090 0 1 4 210 0 0
 895 60952.000 173025.000 0 0 44.000 56.000 2464.000 49.638 0 1 4 210 0 0
 896 60878.000 172943.000 0 0 44.000 56.000 2464.000 49.638 0 1 4 210 0 0
 897 19718.000 120528.000 0 0 54.000 36.000 1944.000 44.090 0 1 4 210 0 0
 898 61018.000 173071.000 0 0 44.000 56.000 2464.000 49.638 0 1 4 210 0 0
 899 61457.000 173510.000 0 0 44.000 56.000 2464.000 49.638 0 1 4 210 0 0
 900 61353.000 173434.000 0 0 44.000 56.000 2464.000 49.638 0 1 4 210 0 0
 901 61130.000 173191.000 0 0 44.000 56.000 2464.000 49.638 0 1 4 210 0 0
 902 61586.000 173653.000 0 0 44.000 56.000 2464.000 49.638 0 1 4 210 0 0
 903 62083.000 174161.000 0 0 44.000 56.000 2464.000 49.638 0 1 4 210 0 0
 904 62016.000 174091.000 0 0 44.000 56.000 2464.000 49.638 0 1 4 210 0 0
 905 61909.000 173976.000 0 0 44.000 56.000 2464.000 49.638 0 1 4 210 0 0
 906 18913.000 119191.000 0 0 54.000 34.000 1836.000 42.848 0 1 4 210 0 0
 907 62207.000 174264.000 0 0 44.000 56.000 2464.000 49.638 0 1 4 210 0 0
 908 62423.000 174503.000 0 0 44.000 56.000 2464.000 49.638 0 1 4 210 0 0
 909 62318.000 174392.000 0 0 44.000 56.000 2464.000 49.638 0 1 4 210 0 0
 910 178313.000 69895.000 0 0 0.000 0.000 0.000 0.121 0 1 0 0 0 0
 911 62955.000 175020.000 0 0 44.000 56.000 2464.000 49.638 0 1 4 210 0 0
 912 62553.000 174629.000 0 0 44.000 56.000 2464.000 49.638 0 1 4 210 0 0
 913 62820.000 174903.000 0 0 44.000 56.000 2464.000 49.638 0 1 4 210 0 0
 914 62729.000 174798.000 0 0 44.000 56.000 2464.000 49.638 0 1 4 210 0 0
 915 62619.000 174685.000 0 0 44.000 56.000 2464.000 49.638 0 1 4 210 0 0
 916 18269.000 118188.000 0 0 54.000 34.000 1836.000 42.848 0 1 4 210 0 0
 917 63359.000 175405.000 0 0 42.000 56.000 2352.000 48.497 0 1 4 210 0 0
 918 63220.000 175295.000 0 0 42.000 56.000 2352.000 48.497 0 1 4 210 0 0
 919 63115.000 175187.000 0 0 44.000 56.000 2464.000 49.638 0 1 4 210 0 0
 920 63640.000 175693.000 0 0 42.000 56.000 2352.000 48.497 0 1 4 210 0 0
 921 63894.000 175959.000 0 0 42.000 56.000 2352.000 48.497 0 1 4 210 0 0
 922 63753.000 175793.000 0 0 42.000 56.000 2352.000 48.497 0 1 4 210 0 0
 923 64410.000 176469.000 0 0 42.000 56.000 2352.000 48.497 0 1 4 210 0 0
 924 64328.000 176407.000 0 0 42.000 56.000 2352.000 48.497 0 1 4 210 0 0
 925 64213.000 176270.000 0 0 42.000 56.000 2352.000 48.497 0 1 4 210 0 0
 926 64661.000 176711.000 0 0 42.000 56.000 2352.000 48.497 0 1 4 210 0 0
 927 64533.000 176573.000 0 0 42.000 56.000 2352.000 48.497 0 1 4 210 0 0
 928 65131.000 177169.000 0 0 42.000 54.000 2268.000 47.623 0 1 4 210 0 0
 929 39238.000 40324.000 0 0 0.000 0.000 0.000 0.132 0 1 0 0 0 0
 930 65454.000 177487.000 0 0 42.000 54.000 2268.000 47.623 0 1 4 210 0 0
 931 65325.000 177365.000 0 0 42.000 54.000 2268.000 47.623 0 1 4 210 0 0
 932 17030.000 115773.000 0 0 54.000 32.000 1728.000 41.569 0 1 4 210 0 0
 933 16545.000 115287.000 0 0 54.000 32.000 1728.000 41.569 0 1 4 210 0 0
 934 65750.000 177764.000 0 0 42.000 54.000 2268.000 47.623 0 1 4 210 0 0
 935 65584.000 177603.000 0 0 42.000 54.000 2268.000 47.623 0 1 4 210 0 0
 936 66343.000 178320.000 0 0 42.000 54.000 2268.000 47.623 0 1 4 210 0 0
 937 66235.000 178228.000 0 0 42.000 54.000 2268.000 47.623 0 1 4 210 0 0
 938 67031.000 179022.000 0 0 42.000 56.000 2352.000 48.497 0 1 4 210 0 0
 939 15316.000 113185.000 0 0 52.000 30.000 1560.000 39.496 0 1 4 210 0 0
 940 67637.000 179565.000 0 0 42.000 56.000 2352.000 48.497 0 1 4 210 0 0
 941 13997.000 110938.000 0 0 52.000 30.000 1560.000 39.496 0 1 4 210 0 0
 942 177971.000 61385.000 0 0 0.000 0.000 0.000 0.288 0 1 0 0 0 0
 943 13639.000 110303.000 0 0 52.000 28.000 1456.000 38.157 0 1 4 210 0 0
 944 13520.000 110077.000 0 0 52.000 28.000 1456.000 38.157 0 1 4 210 0 0
 945 126707.000 182892.000 0 0 38.000 54.000 2052.000 45.299 0 1 5 210 0 0
 946 13303.000 109689.000 0 0 52.000 28.000 1456.000 38.157 0 1 4 210 0 0
 947 178205.000 60582.000 0 0 0.000 0.000 0.000 0.226 0 1 0 0 0 0
 948 12915.000 109070.000 0 0 52.000 28.000 1456.000 38.157 0 1 4 210 0 0
 949 13224.000 108965.000 0 0 52.000 28.000 1456.000 38.157 0 1 4 210 0 0
 950 12680.000 108608.000 0 0 52.000 28.000 1456.000 38.157 0 1 4 210 0 0
 951 12291.000 107909.000 0 0 52.000 28.000 1456.000 38.157 0 1 4 210 0 0
 952 12248.000 107789.000 0 0 52.000 28.000 1456.000 38.157 0 1 4 210 0 0
 953 187527.000 87837.000 0 0 0.000 0.000 0.000 0.122 0 1 0 0 0 0
 954 12142.000 107638.000 0 0 52.000 28.000 1456.000 38.157 0 1 4 210 0 0
 955 128042.000 183628.000 0 0 38.000 54.000 2052.000 45.299 0 1 5 210 0 0
 956 11899.000 107204.000 0 0 50.000 28.000 1400.000 37.416 0 1 4 210 0 0
 957 127950.000 184108.000 0 0 38.000 54.000 2052.000 45.299 0 1 5 210 0 0
 958 127862.000 184562.000 0 0 38.000 54.000 2052.000 45.299 0 1 5 210 0 0
 959 127851.000 184626.000 0 0 38.000 54.000 2052.000 45.299 0 1 5 210 0 0
 960 11222.000 105950.000 0 0 50.000 26.000 1300.000 36.055 0 1 4 210 0 0
 961 10708.000 104940.000 0 0 50.000 26.000 1300.000 36.055 0 1 4 210 0 0
 962 10566.000 104724.000 0 0 50.000 26.000 1300.000 36.055 0 1 4 210 0 0
 963 10529.000 104533.000 0 0 50.000 26.000 1300.000 36.055 0 1 4 210 0 0
 964 127735.000 185184.000 0 0 38.000 54.000 2052.000 45.299 0 1 5 210 0 0
 965 10218.000 104083.000 0 0 50.000 26.000 1300.000 36.055 0 1 4 210 0 0
 966 10180.000 104002.000 0 0 50.000 26.000 1300.000 36.055 0 1 4 210 0 0
 967 10076.000 103805.000 0 0 50.000 26.000 1300.000 36.055 0 1 4 210 0 0
 968 127670.000 185489.000 0 0 38.000 54.000 2052.000 45.299 0 1 5 210 0 0
 969 10019.000 103681.000 0 0 50.000 26.000 1300.000 36.055 0 1 4 210 0 0
 970 49351.000 174400.000 0 0 0.000 0.000 0.000 0.124 0 1 0 0 0 0
 971 127657.000 185646.000 0 0 38.000 54.000 2052.000 45.299 0 1 5 210 0 0
 972 127608.000 185818.000 0 0 38.000 54.000 2052.000 45.299 0 1 5 210 0 0
 973 9593.000 102753.000 0 0 50.000 24.000 1200.000 34.641 0 1 4 210 0 0
 974 171175.000 155841.000 0 0 0.000 0.000 0.000 0.215 0 1 0 0 0 0
 975 127461.000 186560.000 0 0 38.000 54.000 2052.000 45.299 0 1 5 210 0 0
 976 8733.000 101257.000 0 0 50.000 24.000 1200.000 34.641 0 1 4 210 0 0
 977 8654.000 101096.000 0 0 51.000 24.000 1224.000 34.985 0 1 4 210 0 0
 978 8579.000 100917.000 0 0 50.000 24.000 1200.000 34.641 0 1 4 210 0 0
 979 25150.000 152237.000 0 0 0.000 0.000 0.000 0.138 0 1 0 0 0 0
 980 15113.000 65546.000 0 0 0.000 0.000 0.000 0.120 0 1 0 0 0 0
 981 8112.000 100050.000 0 0 51.000 24.000 1224.000 34.985 0 1 4 210 0 0
 982 7805.000 99469.000 0 0 51.000 24.000 1224.000 34.985 0 1 4 210 0 0
 983 7687.000 99230.000 0 0 50.000 24.000 1200.000 34.641 0 1 4 210 0 0
 984 8146.000 99462.000 0 0 51.000 24.000 1224.000 34.985 0 1 4 210 0 0
 985 159624.000 170944.000 0 0 0.000 0.000 0.000 0.153 0 1 0 0 0 0
 986 79490.000 189847.000 0 0 34.000 54.000 1836.000 42.848 0 1 4 210 0 0
 987 127895.000 188545.000 0 0 38.000 54.000 2052.000 45.299 0 1 5 210 0 0
 988 127873.000 188758.000 0 0 38.000 54.000 2052.000 45.299 0 1 5 210 0 0
 989 6734.000 97362.000 0 0 50.000 24.000 1200.000 34.641 0 1 4 210 0 0
 990 127656.000 189698.000 0 0 38.000 54.000 2052.000 45.299 0 1 5 210 0 0
 991 127506.000 190464.000 0 0 38.000 54.000 2052.000 45.299 0 1 5 210 0 0
 992 22925.000 154901.000 0 0 0.000 0.000 0.000 0.134 0 1 0 0 0 0
 993 22750.000 155154.000 0 0 0.000 0.000 0.000 0.229 0 1 0 0 0 0
 994 125835.000 193261.000 0 0 36.000 56.000 2016.000 44.899 0 1 5 210 0 0
 995 130372.000 99090.000 0 0 1.134 37.857 42.944 6.553 0 1 3 210 0 0
 996 130542.000 99087.000 0 0 1.270 42.453 53.921 7.343 0 1 3 210 0 0
 997 130550.000 99834.000 0 0 0.111 20.496 2.293 1.514 0 1 3 210 0 0
 998 130550.000 99891.000 0 0 0.219 61.505 13.528 3.678 0 1 3 210 0 0
 999 128665.000 88763.000 0 0 4.849 12.370 59.990 7.745 0 1 3 210 0 0
 1000 130683.000 98279.000 0 0 0.412 7.359 3.038 1.743 0 1 3 210 0 0
 1001 130687.000 98359.000 0 0 1.337 25.007 33.451 5.783 0 1 3 210 0 0
 1002 130692.000 98457.000 0 0 2.959 58.848 174.164 13.197 0 1 3 210 0 0
 1003 130695.000 98536.000 0 0 0.280 5.883 1.651 1.285 0 1 3 210 0 0
 1004 130696.000 98597.000 0 0 1.480 32.377 47.941 6.923 0 1 3 210 0 0
 1005 130699.000 98664.000 0 0 0.448 10.305 4.625 2.150 0 1 3 210 0 0
 1006 130702.000 98739.000 0 0 0.362 8.827 3.202 1.789 0 1 3 210 0 0
 1007 130706.000 98859.000 0 0 1.806 48.582 87.756 9.367 0 1 3 210 0 0
 1008 130709.000 99009.000 0 0 0.475 14.716 6.994 2.644 0 1 3 210 0 0
 1009 130711.000 99095.000 0 0 0.825 27.970 23.080 4.804 0 1 3 210 0 0
 1010 130714.000 99145.000 0 0 0.410 14.718 6.035 2.456 0 1 3 210 0 0
 1011 130717.000 99336.000 0 0 0.350 16.200 5.681 2.383 0 1 3 210 0 0
 1012 130720.000 99840.000 0 0 0.099 19.145 1.914 1.383 0 1 3 210 0 0
 1013 130720.000 99892.000 0 0 0.109 30.923 3.378 1.838 0 1 3 210 0 0
 1014 130718.000 100118.000 0 0 0.056 14.725 0.836 0.914 0 1 3 210 0 0
 1015 130713.000 100480.000 0 0 0.115 7.361 0.848 0.920 0 1 3 210 0 0
 1016 130683.000 101303.000 0 0 3.248 76.484 248.470 15.762 0 1 3 210 0 0
 1017 128801.000 88638.000 0 0 2.177 5.520 12.025 3.467 0 1 3 210 0 0
 1018 128825.000 88700.000 0 0 7.581 19.339 146.616 12.108 0 1 3 210 0 0
 1019 128834.000 88724.000 0 0 5.403 13.818 74.670 8.641 0 1 3 210 0 0
 1020 130864.000 98464.000 0 0 20.333 408.362 8303.464 91.123 0 1 3 210 0 0
 1021 130876.000 98824.000 0 0 8.237 216.105 1780.124 42.191 0 1 3 210 0 0
 1022 130884.000 99187.000 0 0 10.452 396.778 4147.280 64.399 0 1 3 210 0 0
 1023 130889.000 99549.000 0 0 2.421 165.837 401.608 20.040 0 1 3 210 0 0
 1024 130890.000 99698.000 0 0 0.246 25.173 6.204 2.490 0 1 3 210 0 0
 1025 130890.000 99832.000 0 0 0.346 63.676 22.073 4.698 0 1 3 210 0 0
 1026 130890.000 99893.000 0 0 0.149 42.937 6.418 2.533 0 1 3 210 0 0
 1027 130889.000 99948.000 0 0 0.039 23.685 0.947 0.973 0 1 3 210 0 0
 1028 130889.000 100071.000 0 0 0.099 42.942 4.267 2.065 0 1 3 210 0 0
 1029 130888.000 100120.000 0 0 0.132 34.056 4.507 2.122 0 1 3 210 0 0
 1030 130888.000 100226.000 0 0 1.246 170.278 212.276 14.569 0 1 3 210 0 0
 1031 130884.000 100383.000 0 0 0.477 38.493 18.387 4.287 0 1 3 210 0 0
 1032 130882.000 100478.000 0 0 2.086 134.716 281.110 16.766 0 1 3 210 0 0
 1033 130881.000 100574.000 0 0 0.385 20.725 7.989 2.826 0 1 3 210 0 0
 1034 130879.000 100619.000 0 0 0.648 32.334 20.963 4.578 0 1 3 210 0 0
 1035 130879.000 100649.000 0 0 0.342 16.282 5.573 2.360 0 1 3 210 0 0
 1036 130878.000 100673.000 0 0 0.354 16.282 5.779 2.404 0 1 3 210 0 0
 1037 130871.000 100862.000 0 0 0.661 23.678 15.670 3.958 0 1 3 210 0 0
 1038 130868.000 100929.000 0 0 0.178 5.919 1.055 1.027 0 1 3 210 0 0
 1039 130867.000 101006.000 0 0 0.579 17.756 10.284 3.206 0 1 3 210 0 0
 1040 130853.000 101313.000 0 0 2.329 54.723 127.472 11.290 0 1 3 210 0 0
 1041 130835.000 101634.000 0 0 0.940 17.738 16.681 4.084 0 1 3 210 0 0
 1042 128962.000 88584.000 0 0 4.926 12.498 61.575 7.846 0 1 3 210 0 0
 1043 128994.000 88669.000 0 0 16.836 43.080 725.310 26.931 0 1 3 210 0 0
 1044 129039.000 88786.000 0 0 12.903 33.413 431.138 20.763 0 1 3 210 0 0
 1045 131030.000 98435.000 0 0 1.050 20.818 21.867 4.676 0 1 3 210 0 0
 1046 131045.000 98807.000 0 0 0.914 23.803 21.776 4.666 0 1 3 210 0 0
 1047 131046.000 98849.000 0 0 1.821 49.120 89.484 9.459 0 1 3 210 0 0
 1048 131047.000 98912.000 0 0 0.574 16.374 9.402 3.066 0 1 3 210 0 0
 1049 131050.000 99021.000 0 0 2.112 66.982 141.532 11.896 0 1 3 210 0 0
 1050 131052.000 99083.000 0 0 1.055 35.729 37.704 6.140 0 1 3 210 0 0
 1051 131052.000 99136.000 0 0 1.325 47.634 63.146 7.946 0 1 3 210 0 0
 1052 131055.000 99178.000 0 0 0.354 13.401 4.756 2.180 0 1 3 210 0 0
 1053 131056.000 99285.000 0 0 4.528 196.515 889.982 29.832 0 1 3 210 0 0
 1054 131060.000 99563.000 0 0 2.708 192.068 520.150 22.806 0 1 3 210 0 0
 1055 131061.000 99824.000 0 0 1.586 279.932 444.085 21.073 0 1 3 210 0 0
 1056 131058.000 100197.000 0 0 1.918 302.233 579.744 24.077 0 1 3 210 0 0
 1057 131052.000 100527.000 0 0 5.610 330.459 1854.144 43.059 0 1 3 210 0 0
 1058 131045.000 100775.000 0 0 1.151 46.134 53.137 7.289 0 1 3 210 0 0
 1059 131039.000 100958.000 0 0 9.646 312.472 3014.210 54.901 0 1 3 210 0 0
 1060 131030.000 101150.000 0 0 0.385 10.412 4.019 2.004 0 1 3 210 0 0
 1061 131023.000 101324.000 0 0 2.349 55.025 129.269 11.369 0 1 3 210 0 0
 1062 131016.000 101429.000 0 0 5.895 127.870 753.795 27.455 0 1 3 210 0 0
 1063 131010.000 101538.000 0 0 3.686 74.328 274.026 16.553 0 1 3 210 0 0
 1064 131007.000 101625.000 0 0 4.987 95.129 474.426 21.781 0 1 3 210 0 0
 1065 130998.000 101770.000 0 0 0.679 11.887 8.074 2.841 0 1 3 210 0 0
 1066 130995.000 101820.000 0 0 0.610 10.400 6.353 2.520 0 1 3 210 0 0
 1067 130983.000 101970.000 0 0 1.605 25.249 40.547 6.367 0 1 3 210 0 0
 1068 130966.000 102192.000 0 0 1.576 22.266 35.097 5.924 0 1 3 210 0 0
 1069 130944.000 102473.000 0 0 0.355 4.450 1.583 1.258 0 1 3 210 0 0
 1070 130886.000 103076.000 0 0 9.144 91.796 839.451 28.973 0 1 3 210 0 0
 1071 130872.000 103202.000 0 0 2.149 20.719 44.528 6.672 0 1 3 210 0 0
 1072 130868.000 103234.000 0 0 1.395 13.317 18.585 4.311 0 1 3 210 0 0
 1073 130864.000 103270.000 0 0 2.038 19.233 39.202 6.261 0 1 3 210 0 0
 1074 129175.000 88662.000 0 0 155.989 401.395 62613.406 250.226 0 1 3 210 0 0
 1075 131230.000 99744.000 0 0 0.086 10.484 0.904 0.950 0 1 3 210 0 0
 1076 131230.000 99840.000 0 0 0.138 26.954 3.734 1.932 0 1 3 210 0 0
 1077 131230.000 99897.000 0 0 0.098 29.947 2.959 1.720 0 1 3 210 0 0
 1078 131230.000 99950.000 0 0 0.028 17.959 0.517 0.718 0 1 3 210 0 0
 1079 131229.000 100075.000 0 0 0.097 40.420 3.935 1.983 0 1 3 210 0 0
 1080 131228.000 100120.000 0 0 0.132 34.431 4.564 2.136 0 1 3 210 0 0
 1081 131228.000 100235.000 0 0 1.220 161.673 197.397 14.049 0 1 3 210 0 0
 1082 131225.000 100336.000 0 0 0.241 22.452 5.428 2.329 0 1 3 210 0 0
 1083 131224.000 100389.000 0 0 0.560 44.904 25.150 5.014 0 1 3 210 0 0
 1084 131221.000 100556.000 0 0 5.041 282.873 1426.048 37.763 0 1 3 210 0 0
 1085 131210.000 100939.000 0 0 11.073 368.051 4075.629 63.840 0 1 3 210 0 0
 1086 131188.000 101426.000 0 0 25.513 557.673 14227.969 119.281 0 1 3 210 0 0
 1087 131170.000 101734.000 0 0 3.241 58.275 188.927 13.745 0 1 3 210 0 0
 1088 131140.000 102177.000 0 0 57.454 821.551 47202.062 217.260 0 1 3 210 0 0
 1089 131102.000 102610.000 0 0 3.128 37.274 116.615 10.798 0 1 3 210 0 0
 1090 131099.000 102640.000 0 0 0.506 5.963 3.020 1.737 0 1 3 210 0 0
 1091 131052.000 103118.000 0 0 3.886 38.703 150.422 12.264 0 1 3 210 0 0
 1092 131040.000 103225.000 0 0 2.783 26.784 74.541 8.633 0 1 3 210 0 0
 1093 131037.000 103254.000 0 0 1.872 17.854 33.430 5.781 0 1 3 210 0 0
 1094 131031.000 103300.000 0 0 4.905 46.114 226.211 15.040 0 1 3 210 0 0
 1095 130971.000 103804.000 0 0 14.407 117.288 1689.888 41.108 0 1 3 210 0 0
 1096 128838.000 87386.000 0 0 11.489 26.265 301.761 17.371 0 1 3 210 0 0
 1097 128876.000 87473.000 0 0 6.003 13.838 83.075 9.114 0 1 3 210 0 0
 1098 129312.000 88547.000 0 0 116.402 297.898 34676.269 186.215 0 1 3 210 0 0
 1099 129390.000 88751.000 0 0 24.266 63.402 1538.567 39.224 0 1 3 210 0 0
 1100 129404.000 88791.000 0 0 2.688 7.052 18.962 4.354 0 1 3 210 0 0
 1101 131392.000 100520.000 0 0 0.224 13.543 3.043 1.744 0 1 3 210 0 0
 1102 131392.000 100537.000 0 0 0.180 10.533 1.899 1.378 0 1 3 210 0 0
 1103 131390.000 100586.000 0 0 0.112 6.019 0.676 0.822 0 1 3 210 0 0
 1104 131387.000 100663.000 0 0 0.318 15.046 4.786 2.187 0 1 3 210 0 0
 1105 131388.000 100686.000 0 0 0.361 16.551 5.989 2.447 0 1 3 210 0 0
 1106 131385.000 100783.000 0 0 0.338 13.540 4.579 2.139 0 1 3 210 0 0
 1107 131381.000 100881.000 0 0 1.267 45.130 57.214 7.563 0 1 3 210 0 0
 1108 131380.000 100909.000 0 0 0.218 7.521 1.640 1.280 0 1 3 210 0 0
 1109 131379.000 100964.000 0 0 1.987 64.681 128.569 11.338 0 1 3 210 0 0
 1110 131375.000 101067.000 0 0 4.092 120.324 492.430 22.190 0 1 3 210 0 0
 1111 131356.000 101465.000 0 0 28.881 617.802 17843.358 133.579 0 1 3 210 0 0
 1112 131324.000 101980.000 0 0 25.636 405.441 10394.075 101.951 0 1 3 210 0 0
 1113 131257.000 102774.000 0 0 104.580 1178.351 123232.944 351.045 0 1 3 210 0 0
 1114 131138.000 103825.000 0 0 2.567 20.897 53.650 7.324 0 1 3 210 0 0
 1115 131116.000 104002.000 0 0 4.988 38.782 193.459 13.908 0 1 3 210 0 0
 1116 131097.000 104140.000 0 0 9.725 73.045 710.409 26.653 0 1 3 210 0 0
 1117 129007.000 87345.000 0 0 97.068 222.484 21596.086 146.956 0 1 3 210 0 0
 1118 129437.000 88400.000 0 0 3.894 9.882 38.484 6.203 0 1 3 210 0 0
 1119 129468.000 88478.000 0 0 7.730 19.770 152.842 12.362 0 1 3 210 0 0
 1120 129474.000 88495.000 0 0 2.759 7.069 19.508 4.416 0 1 3 210 0 0
 1121 131524.000 101504.000 0 0 0.576 12.089 6.973 2.640 0 1 3 210 0 0
 1122 131521.000 101540.000 0 0 0.369 7.555 2.790 1.670 0 1 3 210 0 0
 1123 131520.000 101556.000 0 0 0.671 13.599 9.134 3.022 0 1 3 210 0 0
 1124 131517.000 101628.000 0 0 1.873 36.260 67.922 8.241 0 1 3 210 0 0
 1125 131516.000 101657.000 0 0 0.476 9.064 4.322 2.078 0 1 3 210 0 0
 1126 131515.000 101671.000 0 0 0.560 10.575 5.931 2.435 0 1 3 210 0 0
 1127 131513.000 101695.000 0 0 1.381 25.681 35.490 5.957 0 1 3 210 0 0
 1128 131510.000 101739.000 0 0 0.917 16.615 15.239 3.903 0 1 3 210 0 0
 1129 131508.000 101760.000 0 0 1.097 19.635 21.546 4.641 0 1 3 210 0 0
 1130 131506.000 101804.000 0 0 1.037 18.123 18.808 4.336 0 1 3 210 0 0
 1131 131396.000 102967.000 0 0 217.449 2300.777 500303.561 707.321 0 1 3 210 0 0
 1132 131270.000 104129.000 0 0 1.385 10.493 14.539 3.813 0 1 3 210 0 0
 1133 131074.000 105362.000 0 0 4.883 28.303 138.225 11.756 0 1 3 210 0 0
 1134 129151.000 87249.000 0 0 6.724 15.373 103.385 10.167 0 1 3 210 0 0
 1135 131624.000 102501.000 0 0 1.318 16.675 21.995 4.689 0 1 3 210 0 0
 1136 131621.000 102539.000 0 0 1.217 15.158 18.454 4.295 0 1 3 210 0 0
 1137 131618.000 102566.000 0 0 2.337 28.797 67.313 8.204 0 1 3 210 0 0
 1138 131614.000 102614.000 0 0 2.882 34.856 100.473 10.023 0 1 3 210 0 0
 1139 131526.000 103425.000 0 0 172.305 1585.663 273217.962 522.702 0 1 3 210 0 0
 1140 131427.000 104238.000 0 0 4.875 36.157 176.296 13.277 0 1 3 210 0 0
 1141 131235.000 105428.000 0 0 38.774 223.104 8650.675 93.009 0 1 3 210 0 0
 1142 131716.000 103304.000 0 0 0.633 6.081 3.853 1.962 0 1 3 210 0 0
 1143 131708.000 103373.000 0 0 6.954 65.359 454.509 21.319 0 1 3 210 0 0
 1144 131702.000 103421.000 0 0 1.148 10.638 12.213 3.494 0 1 3 210 0 0
 1145 131697.000 103464.000 0 0 0.498 4.558 2.271 1.506 0 1 3 210 0 0
 1146 131694.000 103498.000 0 0 4.024 36.464 146.755 12.114 0 1 3 210 0 0
 1147 131688.000 103545.000 0 0 5.438 48.609 264.349 16.258 0 1 3 210 0 0
 1148 131683.000 103581.000 0 0 1.888 16.706 31.550 5.616 0 1 3 210 0 0
 1149 131638.000 103947.000 0 0 84.210 674.943 56837.226 238.405 0 1 3 210 0 0
 1150 131409.000 105419.000 0 0 1.818 10.539 19.167 4.377 0 1 3 210 0 0
 1151 131401.000 105459.000 0 0 1.046 6.021 6.304 2.510 0 1 3 210 0 0
 1152 131388.000 105534.000 0 0 9.551 54.168 517.414 22.746 0 1 3 210 0 0
 1153 131793.000 104072.000 0 0 18.156 141.738 2573.532 50.729 0 1 3 210 0 0
 1154 131781.000 104164.000 0 0 3.193 24.376 77.855 8.823 0 1 3 210 0 0
 1155 127207.000 81875.000 0 0 12.160 18.253 221.973 14.898 0 1 3 210 0 0
 1156 127142.000 81472.000 0 0 10.655 15.608 166.316 12.896 0 1 3 210 0 0
 1157 127207.000 81567.000 0 0 11.488 16.956 194.799 13.957 0 1 3 210 0 0
 1158 127221.000 81589.000 0 0 13.238 19.574 259.140 16.097 0 1 3 210 0 0
 1159 127349.000 81781.000 0 0 117.910 176.999 20869.980 144.464 0 1 3 210 0 0
 1160 127316.000 81426.000 0 0 108.633 159.760 17355.356 131.739 0 1 3 210 0 0
 1161 127443.000 81616.000 0 0 14.981 22.363 335.050 18.304 0 1 3 210 0 0
 1162 127491.000 81688.000 0 0 11.412 17.133 195.537 13.983 0 1 3 210 0 0
 1163 126543.000 78927.000 0 0 4.039 5.088 20.554 4.533 0 1 1 210 0 0
 1164 126443.000 78527.000 0 0 4.116 5.068 20.864 4.567 0 1 1 210 0 0
 1165 126491.000 78587.000 0 0 17.450 21.588 376.728 19.409 0 1 1 210 0 0
 1166 126608.000 78735.000 0 0 202.867 253.840 51495.928 226.927 0 1 1 210 0 0
 1167 126360.000 78158.000 0 0 9.425 11.375 107.224 10.354 0 1 1 210 0 0
 1168 126390.000 78194.000 0 0 13.590 16.447 223.522 14.950 0 1 1 210 0 0
 1169 126519.000 78352.000 0 0 237.650 291.127 69186.773 263.033 0 1 1 210 0 0
 1170 126676.000 78545.000 0 0 75.082 93.354 7009.344 83.721 0 1 1 210 0 0
 1171 126730.000 78614.000 0 0 23.577 29.469 694.799 26.359 0 1 1 210 0 0
 1172 126260.000 77772.000 0 0 5.331 6.298 33.580 5.794 0 1 1 210 0 0
 1173 126474.000 78030.000 0 0 380.218 458.165 174203.126 417.376 0 1 1 210 0 0
 1174 126678.000 78278.000 0 0 3.128 3.841 12.018 3.466 0 1 1 210 0 0
 1175 126355.000 77620.000 0 0 379.791 447.256 169864.184 412.145 0 1 1 210 0 0
 1176 126559.000 77865.000 0 0 11.673 14.006 163.513 12.787 0 1 1 210 0 0
 1177 126578.000 77889.000 0 0 6.357 7.642 48.588 6.970 0 1 1 210 0 0
 1178 126091.000 77052.000 0 0 4.399 5.001 22.002 4.690 0 1 1 210 0 0
 1179 126283.000 77272.000 0 0 245.138 283.484 69493.121 263.615 0 1 1 210 0 0
 1180 126411.000 77424.000 0 0 9.742 11.397 111.044 10.537 0 1 1 210 0 0
 1181 126430.000 77446.000 0 0 25.951 30.411 789.216 28.092 0 1 1 210 0 0
 1182 126447.000 77466.000 0 0 6.479 7.604 49.273 7.019 0 1 1 210 0 0
 1183 126463.000 77486.000 0 0 16.189 19.029 308.070 17.551 0 1 1 210 0 0
 1184 126489.000 77515.000 0 0 3.238 3.814 12.352 3.514 0 1 1 210 0 0
 1185 125970.000 76659.000 0 0 7.835 8.718 68.310 8.264 0 1 1 210 0 0
 1186 126009.000 76703.000 0 0 8.931 9.971 89.062 9.437 0 1 1 210 0 0
 1187 126034.000 76731.000 0 0 11.151 12.476 139.126 11.795 0 1 1 210 0 0
 1188 126140.000 76850.000 0 0 180.897 204.257 36949.660 192.222 0 1 1 210 0 0
 1189 126322.000 77059.000 0 0 68.185 78.234 5334.410 73.037 0 1 1 210 0 0
 1190 126384.000 77130.000 0 0 41.659 48.059 2002.120 44.745 0 1 1 210 0 0
 1191 126407.000 77157.000 0 0 4.378 5.062 22.166 4.708 0 1 1 210 0 0
 1192 125926.000 76356.000 0 0 10.203 11.188 114.158 10.684 0 1 1 210 0 0
 1193 126062.000 76505.000 0 0 221.886 246.128 54612.619 233.693 0 1 1 210 0 0
 1194 126243.000 76711.000 0 0 138.440 156.001 21596.871 146.958 0 1 1 210 0 0
 1195 125821.000 75989.000 0 0 4.602 4.949 22.783 4.773 0 1 1 210 0 0
 1196 125940.000 76118.000 0 0 177.446 192.738 34200.865 184.934 0 1 1 210 0 0
 1197 126120.000 76316.000 0 0 183.928 202.849 37309.805 193.157 0 1 1 210 0 0
 1198 126223.000 76432.000 0 0 11.294 12.566 141.935 11.913 0 1 1 210 0 0
 1199 126249.000 76459.000 0 0 6.768 7.547 51.088 7.147 0 1 1 210 0 0
 1200 125646.000 75553.000 0 0 14.058 14.748 207.347 14.399 0 1 1 210 0 0
 1201 125692.000 75603.000 0 0 11.691 12.312 143.956 11.998 0 1 1 210 0 0
 1202 125758.000 75674.000 0 0 79.296 83.963 6658.042 81.596 0 1 1 210 0 0
 1203 125886.000 75807.000 0 0 172.802 184.893 31950.143 178.746 0 1 1 210 0 0
 1204 126048.000 75985.000 0 0 155.417 168.580 26200.226 161.864 0 1 1 210 0 0
 1205 125664.000 75326.000 0 0 20.107 20.914 420.539 20.507 0 1 1 210 0 0
 1206 125799.000 75469.000 0 0 248.126 260.957 64750.387 254.460 0 1 1 210 0 0
 1207 125935.000 75611.000 0 0 18.701 19.885 371.888 19.284 0 1 1 210 0 0
 1208 125952.000 75631.000 0 0 4.671 4.974 23.240 4.820 0 1 1 210 0 0
 1209 125971.000 75652.000 0 0 14.001 14.935 209.122 14.461 0 1 1 210 0 0
 1210 125998.000 75680.000 0 0 3.502 3.743 13.112 3.621 0 1 1 210 0 0
 1211 126035.000 75720.000 0 0 9.308 9.981 92.911 9.639 0 1 1 210 0 0
 1212 125565.000 74978.000 0 0 3.603 3.681 13.266 3.642 0 1 1 210 0 0
 1213 125655.000 75071.000 0 0 89.631 92.241 8267.692 90.926 0 1 1 210 0 0
 1214 125834.000 75260.000 0 0 258.549 269.985 69804.655 264.205 0 1 1 210 0 0
 1215 125444.000 74612.000 0 0 10.955 10.980 120.298 10.968 0 1 1 210 0 0
 1216 125511.000 74682.000 0 0 38.838 39.134 1519.947 38.986 0 1 1 210 0 0
 1217 125683.000 74856.000 0 0 276.037 281.954 77830.005 278.980 0 1 1 210 0 0
 1218 125841.000 75019.000 0 0 17.963 18.581 333.786 18.269 0 1 1 210 0 0
 1219 125365.000 74293.000 0 0 30.805 30.395 936.335 30.599 0 1 1 210 0 0
 1220 125531.000 74460.000 0 0 254.656 254.572 64828.477 254.614 0 1 1 210 0 0
 1221 125686.000 74617.000 0 0 32.850 33.242 1092.009 33.045 0 1 1 210 0 0
 1222 125731.000 74661.000 0 0 52.233 53.043 2770.642 52.636 0 1 1 210 0 0
 1223 125292.000 73983.000 0 0 24.948 24.253 605.083 24.598 0 1 1 210 0 0
 1224 125488.000 74177.000 0 0 279.765 276.135 77253.091 277.944 0 1 1 210 0 0
 1225 125637.000 74325.000 0 0 6.158 6.149 37.868 6.153 0 1 1 210 0 0
 1226 125682.000 74371.000 0 0 79.864 80.029 6391.554 79.947 0 1 1 210 0 0
 1227 125296.000 73751.000 0 0 56.625 54.570 3090.103 55.588 0 1 1 210 0 0
 1228 125429.000 73880.000 0 0 202.850 197.477 40058.495 200.146 0 1 1 210 0 0
 1229 125548.000 73995.000 0 0 31.161 30.613 953.984 30.886 0 1 1 210 0 0
 1230 125576.000 74022.000 0 0 8.720 8.585 74.876 8.653 0 1 1 210 0 0
 1231 125603.000 74050.000 0 0 37.321 36.820 1374.192 37.070 0 1 1 210 0 0
 1232 125634.000 74082.000 0 0 11.184 11.062 123.729 11.123 0 1 1 210 0 0
 1233 125652.000 74100.000 0 0 7.447 7.375 54.931 7.411 0 1 1 210 0 0
 1234 125161.000 73385.000 0 0 15.305 14.469 221.462 14.881 0 1 1 210 0 0
 1235 125334.000 73551.000 0 0 313.177 299.970 93944.103 306.503 0 1 1 210 0 0
 1236 125504.000 73716.000 0 0 10.077 9.777 98.533 9.926 0 1 1 210 0 0
 1237 125529.000 73741.000 0 0 28.949 28.145 814.789 28.544 0 1 1 210 0 0
 1238 125552.000 73763.000 0 0 5.029 4.898 24.634 4.963 0 1 1 210 0 0
 1239 125226.000 73214.000 0 0 344.128 324.088 111527.993 333.958 0 1 1 210 0 0
 1240 125407.000 73385.000 0 0 19.138 18.269 349.660 18.699 0 1 1 210 0 0
 1241 124917.000 72692.000 0 0 24.871 22.693 564.427 23.757 0 1 1 210 0 0
 1242 125115.000 72875.000 0 0 364.091 337.120 122742.931 350.346 0 1 1 210 0 0
 1243 125302.000 73051.000 0 0 6.463 6.068 39.227 6.263 0 1 1 210 0 0
 1244 125312.000 73061.000 0 0 6.461 6.071 39.229 6.263 0 1 1 210 0 0
 1245 125057.000 72591.000 0 0 265.408 242.634 64397.136 253.765 0 1 1 210 0 0
 1246 125195.000 72717.000 0 0 10.459 9.659 101.032 10.051 0 1 1 210 0 0
 1247 125215.000 72735.000 0 0 3.926 3.631 14.257 3.775 0 1 1 210 0 0
 1248 124788.000 72117.000 0 0 4.015 3.569 14.334 3.785 0 1 1 210 0 0
 1249 125015.000 72323.000 0 0 362.216 327.377 118581.625 344.356 0 1 1 210 0 0
 1250 125202.000 72492.000 0 0 10.546 9.661 101.897 10.094 0 1 1 210 0 0
 1251 125215.000 72504.000 0 0 10.541 9.666 101.906 10.094 0 1 1 210 0 0
 1252 125225.000 72513.000 0 0 3.958 3.632 14.379 3.791 0 1 1 210 0 0
 1253 124824.000 71922.000 0 0 82.100 72.587 5959.431 77.197 0 1 1 210 0 0
 1254 124946.000 72030.000 0 0 159.554 142.304 22705.371 150.683 0 1 1 210 0 0
 1255 125047.000 72122.000 0 0 37.421 33.621 1258.154 35.470 0 1 1 210 0 0
 1256 125077.000 72150.000 0 0 20.026 18.032 361.126 19.003 0 1 1 210 0 0
 1257 125112.000 72180.000 0 0 7.999 7.220 57.760 7.599 0 1 1 210 0 0
 1258 124670.000 71561.000 0 0 34.078 29.562 1007.459 31.740 0 1 1 210 0 0
 1259 124834.000 71704.000 0 0 287.571 252.388 72579.621 269.406 0 1 1 210 0 0
 1260 124992.000 71845.000 0 0 10.794 9.581 103.426 10.169 0 1 1 210 0 0
 1261 125012.000 71861.000 0 0 17.537 15.588 273.378 16.534 0 1 1 210 0 0
 1262 125069.000 71915.000 0 0 10.767 9.611 103.487 10.172 0 1 1 210 0 0
 1263 124582.000 71258.000 0 0 17.912 15.320 274.437 16.566 0 1 1 210 0 0
 1264 124774.000 71425.000 0 0 282.181 244.640 69033.116 262.741 0 1 1 210 0 0
 1265 124439.000 70914.000 0 0 8.363 7.027 58.771 7.666 0 1 1 210 0 0
 1266 124476.000 70948.000 0 0 6.968 5.870 40.909 6.395 0 1 1 210 0 0
 1267 124605.000 71056.000 0 0 206.741 175.744 36333.560 190.613 0 1 1 210 0 0
 1268 124784.000 71209.000 0 0 78.666 67.718 5327.210 72.987 0 1 1 210 0 0
 1269 124438.000 70693.000 0 0 16.853 14.053 236.862 15.390 0 1 1 210 0 0
 1270 124510.000 70752.000 0 0 119.176 99.869 11902.138 109.096 0 1 1 210 0 0
 1271 124631.000 70855.000 0 0 118.754 100.364 11918.793 109.173 0 1 1 210 0 0
 1272 124702.000 70915.000 0 0 18.126 15.395 279.068 16.705 0 1 1 210 0 0
 1273 124727.000 70935.000 0 0 19.500 16.590 323.511 17.986 0 1 1 210 0 0
 1274 124345.000 70393.000 0 0 14.188 11.666 165.531 12.865 0 1 1 210 0 0
 1275 124501.000 70523.000 0 0 292.506 243.127 71116.292 266.676 0 1 1 210 0 0
 1276 124659.000 70657.000 0 0 21.100 17.731 374.138 19.342 0 1 1 210 0 0
 1277 124220.000 70071.000 0 0 4.309 3.487 15.033 3.877 0 1 1 210 0 0
 1278 124397.000 70216.000 0 0 324.111 265.499 86051.422 293.345 0 1 1 210 0 0
 1279 124295.000 69912.000 0 0 336.072 271.364 91198.226 301.990 0 1 1 210 0 0
 1280 124479.000 70062.000 0 0 8.608 7.038 60.589 7.783 0 1 1 210 0 0
 1281 124264.000 69669.000 0 0 274.803 219.831 60410.319 245.785 0 1 1 210 0 0
 1282 124303.000 69483.000 0 0 163.840 130.480 21378.032 146.212 0 1 1 210 0 0
 1283 123787.000 68438.000 0 0 22.695 17.105 388.215 19.703 0 1 1 210 0 0
 1284 123848.000 68270.000 0 0 273.800 205.786 56344.412 237.369 0 1 1 210 0 0
 1285 123595.000 67868.000 0 0 15.398 11.307 174.117 13.195 0 1 1 210 0 0
 1286 123846.000 68055.000 0 0 136.289 101.737 13865.730 117.752 0 1 1 210 0 0
 1287 123688.000 67729.000 0 0 281.564 206.673 58192.003 241.230 0 1 1 210 0 0
 1288 123605.000 67457.000 0 0 335.412 243.287 81601.569 285.659 0 1 1 210 0 0
 1289 123792.000 67591.000 0 0 20.198 14.828 299.504 17.306 0 1 1 210 0 0
 1290 123521.000 67185.000 0 0 303.594 217.615 66066.788 257.034 0 1 1 210 0 0
 1291 123285.000 66809.000 0 0 11.142 7.816 87.096 9.332 0 1 1 210 0 0
 1292 123466.000 66937.000 0 0 269.442 191.230 51525.628 226.992 0 1 1 210 0 0
 1293 123619.000 67046.000 0 0 36.330 26.039 946.036 30.757 0 1 1 210 0 0
 1294 123654.000 67072.000 0 0 14.209 10.207 145.052 12.043 0 1 1 210 0 0
 1295 123195.000 66539.000 0 0 11.232 7.786 87.465 9.352 0 1 1 210 0 0
 1296 123397.000 66679.000 0 0 287.528 201.893 58050.105 240.935 0 1 1 210 0 0
 1297 123589.000 66815.000 0 0 11.139 7.918 88.216 9.392 0 1 1 210 0 0
 1298 123153.000 66302.000 0 0 25.838 17.752 458.709 21.417 0 1 1 210 0 0
 1299 123300.000 66404.000 0 0 239.964 166.427 39936.692 199.841 0 1 1 210 0 0
 1300 123437.000 66500.000 0 0 19.264 13.477 259.651 16.113 0 1 1 210 0 0
 1301 123474.000 66525.000 0 0 28.892 20.260 585.356 24.194 0 1 1 210 0 0
 1302 123141.000 66087.000 0 0 138.183 94.293 13029.750 114.147 0 1 1 210 0 0
 1303 123315.000 66209.000 0 0 171.703 118.469 20341.621 142.624 0 1 1 210 0 0
 1304 123050.000 65821.000 0 0 152.370 102.760 15657.594 125.130 0 1 1 210 0 0
 1305 123221.000 65936.000 0 0 158.404 107.984 17105.315 130.787 0 1 1 210 0 0
 1306 123341.000 66019.000 0 0 8.150 5.598 45.630 6.755 0 1 1 210 0 0
 1307 123123.000 65665.000 0 0 184.336 124.144 22884.422 151.275 0 1 1 210 0 0
 1308 123183.000 65501.000 0 0 38.034 25.558 972.117 31.178 0 1 1 210 0 0
 1309 122631.000 64729.000 0 0 11.840 7.597 89.955 9.484 0 1 1 210 0 0
 1310 122594.000 64504.000 0 0 6.804 4.331 29.469 5.428 0 1 1 210 0 0
 1311 122735.000 64595.000 0 0 246.098 158.033 38891.733 197.209 0 1 1 210 0 0
 1312 122686.000 64361.000 0 0 225.516 143.552 32373.395 179.926 0 1 1 210 0 0
 1313 122836.000 64456.000 0 0 66.456 42.696 2837.442 53.267 0 1 1 210 0 0
 1314 122893.000 64494.000 0 0 10.209 6.582 67.203 8.197 0 1 1 210 0 0
 1315 122437.000 64001.000 0 0 18.985 11.833 224.655 14.988 0 1 1 210 0 0
 1316 122697.000 64167.000 0 0 70.430 44.613 3142.134 56.054 0 1 1 210 0 0
 1317 122777.000 64219.000 0 0 12.011 7.646 91.843 9.583 0 1 1 210 0 0
 1318 122492.000 63838.000 0 0 175.093 108.902 19068.121 138.087 0 1 1 210 0 0
 1319 122345.000 63547.000 0 0 96.106 58.913 5661.908 75.245 0 1 1 210 0 0
 1320 122559.000 63680.000 0 0 134.067 83.272 11164.191 105.660 0 1 1 210 0 0
 1321 122393.000 63376.000 0 0 175.563 107.347 18846.280 137.281 0 1 1 210 0 0
 1322 122148.000 63030.000 0 0 19.497 11.680 227.742 15.091 0 1 1 210 0 0
 1323 122410.000 63189.000 0 0 31.771 19.342 614.525 24.789 0 1 1 210 0 0
 1324 122438.000 63205.000 0 0 15.878 9.683 153.757 12.399 0 1 1 210 0 0
 1325 122460.000 63219.000 0 0 8.822 5.387 47.525 6.893 0 1 1 210 0 0
 1326 122243.000 62888.000 0 0 243.735 146.084 35605.905 188.695 0 1 1 210 0 0
 1327 121971.000 62528.000 0 0 14.366 8.423 121.013 11.000 0 1 1 210 0 0
 1328 122067.000 62584.000 0 0 100.447 59.241 5950.672 77.140 0 1 1 210 0 0
 1329 122285.000 62714.000 0 0 7.147 4.271 30.533 5.525 0 1 1 210 0 0
 1330 122323.000 62737.000 0 0 12.508 7.493 93.739 9.681 0 1 1 210 0 0
 1331 121924.000 62303.000 0 0 16.267 9.461 153.910 12.406 0 1 1 210 0 0
 1332 122042.000 62374.000 0 0 196.606 115.177 22644.691 150.481 0 1 1 210 0 0
 1333 122167.000 62447.000 0 0 46.808 27.630 1293.339 35.963 0 1 1 210 0 0
 1334 121975.000 62138.000 0 0 306.740 178.037 54611.419 233.690 0 1 1 210 0 0
 1335 122141.000 62235.000 0 0 21.717 12.732 276.530 16.629 0 1 1 210 0 0
 1336 122162.000 62247.000 0 0 9.055 5.315 48.134 6.937 0 1 1 210 0 0
 1337 121889.000 61891.000 0 0 244.797 140.606 34420.105 185.526 0 1 1 210 0 0
 1338 122029.000 61973.000 0 0 20.055 11.618 233.004 15.264 0 1 1 210 0 0
 1339 121844.000 61669.000 0 0 233.352 132.985 31032.461 176.160 0 1 1 210 0 0
 1340 121974.000 61743.000 0 0 22.000 12.636 278.015 16.673 0 1 1 210 0 0
 1341 121995.000 61757.000 0 0 5.507 3.167 17.444 4.176 0 1 1 210 0 0
 1342 121847.000 61475.000 0 0 72.029 40.848 2942.294 54.242 0 1 1 210 0 0
 1343 121902.000 61508.000 0 0 16.611 9.451 157.007 12.530 0 1 1 210 0 0
 1344 121478.000 61074.000 0 0 5.605 3.092 17.338 4.163 0 1 1 210 0 0
 1345 121595.000 61139.000 0 0 26.072 14.488 377.764 19.436 0 1 1 210 0 0
 1346 121579.000 60937.000 0 0 222.836 123.096 27430.324 165.621 0 1 1 210 0 0
 1347 121386.000 60636.000 0 0 13.214 7.179 94.869 9.740 0 1 1 210 0 0
 1348 121558.000 60730.000 0 0 190.139 104.383 19847.461 140.881 0 1 1 210 0 0
 1349 121672.000 60794.000 0 0 20.676 11.429 236.333 15.373 0 1 1 210 0 0
 1350 121306.000 60399.000 0 0 7.591 4.084 31.003 5.568 0 1 1 210 0 0
 1351 121436.000 60470.000 0 0 214.134 116.116 24864.543 157.684 0 1 1 210 0 0
 1352 121587.000 60553.000 0 0 51.050 27.936 1426.191 37.764 0 1 1 210 0 0
 1353 121390.000 60252.000 0 0 228.658 123.047 28136.014 167.737 0 1 1 210 0 0
 1354 121512.000 60318.000 0 0 15.213 8.247 125.467 11.201 0 1 1 210 0 0
 1355 121153.000 59933.000 0 0 32.651 17.238 562.871 23.724 0 1 1 210 0 0
 1356 121381.000 60054.000 0 0 51.696 27.670 1430.473 37.821 0 1 1 210 0 0
 1357 121419.000 60074.000 0 0 17.229 9.243 159.258 12.619 0 1 1 210 0 0
 1358 121432.000 60080.000 0 0 5.748 3.086 17.743 4.212 0 1 1 210 0 0
 1359 121172.000 59750.000 0 0 164.005 86.270 14148.869 118.949 0 1 1 210 0 0
 1360 121270.000 59610.000 0 0 17.430 9.178 159.990 12.648 0 1 1 210 0 0
 1361 121302.000 59626.000 0 0 7.739 4.083 31.604 5.621 0 1 1 210 0 0
 1362 120765.000 58775.000 0 0 13.839 6.970 96.471 9.821 0 1 1 210 0 0
 1363 120807.000 58607.000 0 0 178.588 89.773 16032.573 126.619 0 1 1 210 0 0
 1364 120619.000 58322.000 0 0 9.996 4.945 49.439 7.031 0 1 1 210 0 0
 1365 120708.000 58367.000 0 0 149.685 74.454 11144.738 105.568 0 1 1 210 0 0
 1366 120843.000 58434.000 0 0 103.621 51.961 5384.319 73.377 0 1 1 210 0 0
 1367 120916.000 58472.000 0 0 9.960 5.016 49.971 7.069 0 1 1 210 0 0
 1368 120648.000 58148.000 0 0 210.663 103.936 21895.553 147.971 0 1 1 210 0 0
 1369 120785.000 58215.000 0 0 58.081 28.891 1678.063 40.964 0 1 1 210 0 0
 1370 120470.000 57871.000 0 0 16.151 7.848 126.760 11.258 0 1 1 210 0 0
 1371 120643.000 57955.000 0 0 177.372 87.087 15446.806 124.285 0 1 1 210 0 0
 1372 120485.000 57689.000 0 0 152.125 73.653 11204.554 105.851 0 1 1 210 0 0
 1373 120650.000 57769.000 0 0 20.238 9.896 200.283 14.152 0 1 1 210 0 0
 1374 120369.000 57446.000 0 0 126.478 60.541 7657.250 87.505 0 1 1 210 0 0
 1375 120507.000 57511.000 0 0 132.403 63.905 8461.324 91.985 0 1 1 210 0 0
 1376 120590.000 57551.000 0 0 18.318 8.885 162.773 12.758 0 1 1 210 0 0
 1377 120383.000 57264.000 0 0 149.557 71.332 10668.313 103.287 0 1 1 210 0 0
 1378 120481.000 57308.000 0 0 38.882 18.653 725.294 26.931 0 1 1 210 0 0
 1379 120392.000 57080.000 0 0 18.521 8.800 162.998 12.767 0 1 1 210 0 0
 1380 120412.000 57089.000 0 0 16.451 7.825 128.744 11.346 0 1 1 210 0 0
 1381 119660.000 55435.000 0 0 25.628 11.306 289.758 17.022 0 1 1 210 0 0
 1382 119529.000 55191.000 0 0 6.452 2.812 18.148 4.260 0 1 1 210 0 0
 1383 119655.000 55247.000 0 0 178.062 78.205 13925.541 118.006 0 1 1 210 0 0
 1384 119650.000 55060.000 0 0 140.040 61.234 8575.259 92.602 0 1 1 210 0 0
 1385 119664.000 54879.000 0 0 23.796 10.370 246.783 15.709 0 1 1 210 0 0
 1386 119289.000 54533.000 0 0 6.547 2.777 18.187 4.264 0 1 1 210 0 0
 1387 119358.000 54563.000 0 0 63.156 26.907 1699.402 41.223 0 1 1 210 0 0
 1388 119260.000 54336.000 0 0 54.719 23.079 1262.891 35.537 0 1 1 210 0 0
 1389 119374.000 54384.000 0 0 168.378 71.513 12041.359 109.733 0 1 1 210 0 0
 1390 119147.000 54105.000 0 0 17.595 7.340 129.164 11.365 0 1 1 210 0 0
 1391 119186.000 54121.000 0 0 15.401 6.440 99.199 9.959 0 1 1 210 0 0
 1392 119331.000 54182.000 0 0 245.987 103.786 25530.208 159.781 0 1 1 210 0 0
 1393 119089.000 53896.000 0 0 19.895 8.237 163.899 12.802 0 1 1 210 0 0
 1394 119240.000 53960.000 0 0 169.943 71.021 12069.671 109.862 0 1 1 210 0 0
 1395 119343.000 54003.000 0 0 24.258 10.201 247.469 15.731 0 1 1 210 0 0
 1396 119371.000 54015.000 0 0 13.222 5.569 73.647 8.581 0 1 1 210 0 0
 1397 119131.000 53731.000 0 0 206.267 85.288 17592.283 132.635 0 1 1 210 0 0
 1398 119272.000 53789.000 0 0 70.887 29.563 2095.655 45.778 0 1 1 210 0 0
 1399 119103.000 53535.000 0 0 178.184 73.258 13053.508 114.251 0 1 1 210 0 0
 1400 119218.000 53582.000 0 0 8.897 3.683 32.780 5.725 0 1 1 210 0 0
 1401 119103.000 53350.000 0 0 44.733 18.318 819.448 28.626 0 1 1 210 0 0
 1402 118774.000 53034.000 0 0 27.008 10.796 291.602 17.076 0 1 1 210 0 0
 1403 118679.000 52814.000 0 0 9.045 3.580 32.387 5.690 0 1 1 210 0 0
 1404 118723.000 52831.000 0 0 29.397 11.669 343.039 18.521 0 1 1 210 0 0
 1405 118816.000 52868.000 0 0 124.262 49.607 6164.340 78.513 0 1 1 210 0 0
 1406 118643.000 52616.000 0 0 27.249 10.721 292.143 17.092 0 1 1 210 0 0
 1407 118713.000 52644.000 0 0 84.002 33.194 2788.467 52.805 0 1 1 210 0 0
 1408 118814.000 52685.000 0 0 113.418 45.099 5115.067 71.519 0 1 1 210 0 0
 1409 118895.000 52716.000 0 0 22.659 9.055 205.184 14.324 0 1 1 210 0 0
 1410 118580.000 52410.000 0 0 22.806 8.903 203.068 14.250 0 1 1 210 0 0
 1411 118686.000 52451.000 0 0 180.073 70.767 12743.326 112.886 0 1 1 210 0 0
 1412 118781.000 52488.000 0 0 6.842 2.704 18.505 4.301 0 1 1 210 0 0
 1413 118804.000 52497.000 0 0 20.499 8.114 166.348 12.897 0 1 1 210 0 0
 1414 118845.000 52513.000 0 0 13.654 5.418 73.988 8.601 0 1 1 210 0 0
 1415 118623.000 52243.000 0 0 130.486 50.883 6639.618 81.483 0 1 1 210 0 0
 1416 118707.000 52276.000 0 0 25.169 9.865 248.315 15.758 0 1 1 210 0 0
 1417 118767.000 52300.000 0 0 22.859 8.993 205.588 14.338 0 1 1 210 0 0
 1418 118629.000 52064.000 0 0 13.783 5.356 73.832 8.592 0 1 1 210 0 0
 1419 118272.000 51563.000 0 0 18.569 7.005 130.083 11.405 0 1 1 210 0 0
 1420 118198.000 51354.000 0 0 32.637 12.209 398.482 19.962 0 1 1 210 0 0
 1421 118280.000 51384.000 0 0 128.175 48.194 6177.296 78.595 0 1 1 210 0 0
 1422 118220.000 51180.000 0 0 182.535 68.123 12434.891 111.511 0 1 1 210 0 0
 1423 118333.000 51223.000 0 0 21.049 7.911 166.532 12.904 0 1 1 210 0 0
 1424 118217.000 50998.000 0 0 58.719 21.829 1281.803 35.802 0 1 1 210 0 0
 1425 117836.000 50497.000 0 0 14.233 5.128 73.001 8.544 0 1 1 210 0 0
 1426 117896.000 50337.000 0 0 183.318 66.059 12110.015 110.045 0 1 1 210 0 0
 1427 117898.000 50157.000 0 0 76.459 27.455 2099.239 45.817 0 1 1 210 0 0
 1428 117952.000 50176.000 0 0 19.101 6.882 131.468 11.465 0 1 1 210 0 0
 1429 117654.000 49891.000 0 0 33.619 11.844 398.211 19.955 0 1 1 210 0 0
 1430 117527.000 49666.000 0 0 7.248 2.524 18.295 4.277 0 1 1 210 0 0
 1431 117695.000 49725.000 0 0 195.215 68.708 13413.004 115.814 0 1 1 210 0 0
 1432 117496.000 49476.000 0 0 16.960 5.873 99.616 9.980 0 1 1 210 0 0
 1433 117573.000 49502.000 0 0 133.136 46.331 6168.366 78.538 0 1 1 210 0 0
 1434 117678.000 49538.000 0 0 45.959 16.101 740.005 27.203 0 1 1 210 0 0
 1435 117712.000 49549.000 0 0 14.506 5.092 73.878 8.595 0 1 1 210 0 0
 1436 117508.000 49301.000 0 0 216.298 74.697 16156.947 127.109 0 1 1 210 0 0
 1437 117641.000 49347.000 0 0 17.004 5.922 100.701 10.034 0 1 1 210 0 0
 1438 117460.000 49104.000 0 0 165.904 56.916 9442.653 97.173 0 1 1 210 0 0
 1439 117259.000 48855.000 0 0 39.215 13.233 518.977 22.781 0 1 1 210 0 0
 1440 117459.000 48923.000 0 0 34.268 11.713 401.418 20.035 0 1 1 210 0 0
 1441 117492.000 48935.000 0 0 7.353 2.518 18.524 4.303 0 1 1 210 0 0
 1442 117175.000 48648.000 0 0 17.238 5.765 99.394 9.969 0 1 1 210 0 0
 1443 117265.000 48678.000 0 0 137.780 46.351 6386.336 79.914 0 1 1 210 0 0
 1444 117238.000 48490.000 0 0 148.159 49.584 7346.371 85.710 0 1 1 210 0 0
 1445 116561.000 47020.000 0 0 88.901 27.789 2470.550 49.704 0 1 1 210 0 0
 1446 116564.000 46843.000 0 0 186.026 57.969 10783.772 103.844 0 1 1 210 0 0
 1447 116495.000 46644.000 0 0 209.745 64.845 13601.085 116.623 0 1 1 210 0 0
 1448 116628.000 46684.000 0 0 15.330 4.781 73.297 8.561 0 1 1 210 0 0
 1449 116441.000 46450.000 0 0 74.434 22.853 1701.124 41.244 0 1 1 210 0 0
 1450 116507.000 46469.000 0 0 48.754 15.034 732.976 27.073 0 1 1 210 0 0
 1451 116034.000 45794.000 0 0 13.001 3.845 50.000 7.071 0 1 1 210 0 0
 1452 116080.000 45631.000 0 0 187.648 55.500 10414.522 102.051 0 1 1 210 0 0
 1453 115926.000 45409.000 0 0 91.603 26.724 2448.082 49.478 0 1 1 210 0 0
 1454 116078.000 45454.000 0 0 138.580 40.847 5660.717 75.237 0 1 1 210 0 0
 1455 115926.000 45231.000 0 0 196.914 57.261 11275.580 106.186 0 1 1 210 0 0
 1456 115854.000 45034.000 0 0 187.086 53.962 10095.688 100.477 0 1 1 210 0 0
 1457 115982.000 45071.000 0 0 52.672 15.325 807.245 28.412 0 1 1 210 0 0
 1458 115772.000 44834.000 0 0 248.586 71.070 17667.238 132.918 0 1 1 210 0 0
 1459 115562.000 44597.000 0 0 10.620 2.983 31.681 5.628 0 1 1 210 0 0
 1460 115687.000 44633.000 0 0 204.371 57.907 11834.637 108.787 0 1 1 210 0 0
 1461 115492.000 44402.000 0 0 13.335 3.715 49.553 7.039 0 1 1 210 0 0
 1462 115660.000 44449.000 0 0 146.458 41.286 6046.813 77.761 0 1 1 210 0 0
 1463 115747.000 44473.000 0 0 13.318 3.777 50.303 7.092 0 1 1 210 0 0
 1464 115517.000 44231.000 0 0 211.200 58.765 12411.338 111.406 0 1 1 210 0 0
 1465 115651.000 44270.000 0 0 24.049 6.754 162.442 12.745 0 1 1 210 0 0
 1466 132210.000 147690.000 0 0 22.859 15.439 352.952 18.787 0 1 5 210 0 0
 1467 115363.000 44013.000 0 0 10.732 2.944 31.606 5.621 0 1 1 210 0 0
 1468 115472.000 44043.000 0 0 203.853 56.367 11490.804 107.195 0 1 1 210 0 0
 1469 115584.000 44073.000 0 0 16.080 4.481 72.061 8.488 0 1 1 210 0 0
 1470 132254.000 147865.000 0 0 128.494 86.586 11125.839 105.479 0 1 5 210 0 0
 1471 115418.000 43852.000 0 0 193.787 53.215 10312.586 101.550 0 1 1 210 0 0
 1472 132276.000 148055.000 0 0 131.307 88.191 11580.252 107.611 0 1 5 210 0 0
 1473 132185.000 148115.000 0 0 39.209 26.228 1028.428 32.069 0 1 5 210 0 0
 1474 115165.000 43607.000 0 0 16.214 4.360 70.705 8.408 0 1 1 210 0 0
 1475 115393.000 43669.000 0 0 48.618 13.285 645.917 25.414 0 1 1 210 0 0
 1476 132214.000 148301.000 0 0 171.340 114.276 19580.199 139.929 0 1 5 210 0 0
 1477 115127.000 43422.000 0 0 27.113 7.249 196.557 14.019 0 1 1 210 0 0
 1478 115233.000 43450.000 0 0 178.914 48.195 8622.803 92.859 0 1 1 210 0 0
 1479 132210.000 148507.000 0 0 181.373 120.435 21843.780 147.796 0 1 5 210 0 0
 1480 115018.000 43217.000 0 0 19.061 5.041 96.101 9.803 0 1 1 210 0 0
 1481 115138.000 43249.000 0 0 176.845 47.172 8342.281 91.336 0 1 1 210 0 0
 1482 115246.000 43276.000 0 0 29.915 8.040 240.549 15.509 0 1 1 210 0 0
 1483 132211.000 148710.000 0 0 189.139 125.072 23656.051 153.805 0 1 5 210 0 0
 1484 114946.000 43022.000 0 0 21.844 5.730 125.173 11.188 0 1 1 210 0 0
 1485 115062.000 43052.000 0 0 199.292 52.711 10505.069 102.494 0 1 1 210 0 0
 1486 132270.000 148874.000 0 0 21.085 13.922 293.554 17.133 0 1 5 210 0 0
 1487 132186.000 148930.000 0 0 143.081 94.117 13466.488 116.045 0 1 5 210 0 0
 1488 114850.000 42822.000 0 0 27.401 7.116 195.008 13.964 0 1 1 210 0 0
 1489 114972.000 42853.000 0 0 194.509 50.960 9912.278 99.560 0 1 1 210 0 0
 1490 115103.000 42888.000 0 0 13.698 3.622 49.624 7.044 0 1 1 210 0 0
 1491 132183.000 149136.000 0 0 181.369 118.792 21545.376 146.783 0 1 5 210 0 0
 1492 132056.000 149216.000 0 0 25.953 16.904 438.715 20.945 0 1 5 210 0 0
 1493 114884.000 42655.000 0 0 222.667 57.793 12868.797 113.440 0 1 1 210 0 0
 1494 132163.000 149350.000 0 0 139.577 90.966 12696.917 112.680 0 1 5 210 0 0
 1495 114831.000 42465.000 0 0 234.431 60.430 14166.750 119.024 0 1 1 210 0 0
 1496 132244.000 149500.000 0 0 21.355 13.910 297.068 17.235 0 1 5 210 0 0
 1497 132160.000 149554.000 0 0 121.151 78.627 9525.752 97.599 0 1 5 210 0 0
 1498 114800.000 42282.000 0 0 105.135 26.959 2834.356 53.238 0 1 1 210 0 0
 1499 114868.000 42299.000 0 0 16.590 4.275 70.928 8.421 0 1 1 210 0 0
 1500 132202.000 149728.000 0 0 23.837 15.435 367.949 19.181 0 1 5 210 0 0
 1501 114361.000 41470.000 0 0 120.653 29.603 3571.804 59.764 0 1 1 210 0 0
 1502 114219.000 41261.000 0 0 22.519 5.451 122.759 11.079 0 1 1 210 0 0
 1503 114332.000 41289.000 0 0 188.581 46.034 8681.320 93.173 0 1 1 210 0 0
 1504 114446.000 41317.000 0 0 19.699 4.849 95.537 9.774 0 1 1 210 0 0
 1505 114151.000 41070.000 0 0 50.861 12.213 621.208 24.924 0 1 1 210 0 0
 1506 114273.000 41100.000 0 0 183.540 44.478 8163.608 90.352 0 1 1 210 0 0
 1507 114079.000 40879.000 0 0 31.179 7.425 231.517 15.215 0 1 1 210 0 0
 1508 114158.000 40897.000 0 0 121.834 29.186 3555.908 59.631 0 1 1 210 0 0
 1509 114236.000 40915.000 0 0 22.651 5.457 123.631 11.118 0 1 1 210 0 0
 1510 114264.000 40922.000 0 0 28.311 6.835 193.529 13.911 0 1 1 210 0 0
 1511 114295.000 40929.000 0 0 16.985 4.110 69.816 8.355 0 1 1 210 0 0
 1512 114010.000 40687.000 0 0 34.109 8.056 274.808 16.577 0 1 1 210 0 0
 1513 114106.000 40710.000 0 0 153.489 36.518 5605.173 74.867 0 1 1 210 0 0
 1514 114215.000 40735.000 0 0 14.214 3.409 48.464 6.961 0 1 1 210 0 0
 1515 113907.000 40489.000 0 0 14.273 3.335 47.614 6.900 0 1 1 210 0 0
 1516 113995.000 40509.000 0 0 134.038 31.533 4226.714 65.013 0 1 1 210 0 0
 1517 114086.000 40530.000 0 0 19.963 4.728 94.406 9.716 0 1 1 210 0 0
 1518 113805.000 40290.000 0 0 34.337 7.938 272.602 16.510 0 1 1 210 0 0
 1519 113923.000 40317.000 0 0 191.701 44.722 8573.434 92.592 0 1 1 210 0 0
 1520 113867.000 40131.000 0 0 157.842 36.561 5770.945 75.966 0 1 1 210 0 0
 1521 131890.000 152129.000 0 0 37.485 22.931 859.600 29.318 0 1 5 210 0 0
 1522 113861.000 39954.000 0 0 60.443 13.952 843.350 29.040 0 1 1 210 0 0
 1523 131938.000 152301.000 0 0 125.356 76.550 9596.130 97.959 0 1 5 210 0 0
 1524 132019.000 152449.000 0 0 17.600 10.744 189.120 13.752 0 1 5 210 0 0
 1525 131950.000 152493.000 0 0 103.170 62.795 6478.586 80.489 0 1 5 210 0 0
 1526 132002.000 152658.000 0 0 25.241 15.340 387.213 19.677 0 1 5 210 0 0
 1527 113358.000 39145.000 0 0 90.420 19.847 1794.629 42.363 0 1 1 210 0 0
 1528 131835.000 153155.000 0 0 68.797 41.202 2834.654 53.241 0 1 5 210 0 0
 1529 113329.000 38964.000 0 0 207.747 45.370 9425.576 97.085 0 1 1 210 0 0
 1530 131882.000 153325.000 0 0 138.040 82.532 11392.811 106.737 0 1 5 210 0 0
 1531 131798.000 153375.000 0 0 23.026 13.718 315.890 17.773 0 1 5 210 0 0
 1532 113288.000 38781.000 0 0 152.614 33.126 5055.568 71.102 0 1 1 210 0 0
 1533 131854.000 153540.000 0 0 177.095 105.364 18659.654 136.600 0 1 5 210 0 0
 1534 113268.000 38604.000 0 0 41.191 8.901 366.684 19.148 0 1 1 210 0 0
 1535 113315.000 38613.000 0 0 41.185 8.933 367.932 19.181 0 1 1 210 0 0
 1536 131836.000 153747.000 0 0 131.398 77.833 10227.182 101.129 0 1 5 210 0 0
 1537 131757.000 153794.000 0 0 15.473 9.135 141.359 11.889 0 1 5 210 0 0
 1538 131834.000 153946.000 0 0 121.543 71.725 8717.792 93.369 0 1 5 210 0 0
 1539 131871.000 154121.000 0 0 7.780 4.582 35.653 5.970 0 1 5 210 0 0
 1540 131733.000 154203.000 0 0 31.176 18.252 569.055 23.854 0 1 5 210 0 0
 1541 131768.000 154379.000 0 0 135.550 79.187 10733.869 103.604 0 1 5 210 0 0
 1542 112720.000 37794.000 0 0 17.886 3.657 65.423 8.088 0 1 1 210 0 0
 1543 131770.000 154573.000 0 0 143.886 83.765 12052.708 109.784 0 1 5 210 0 0
 1544 131685.000 154623.000 0 0 20.947 12.151 254.541 15.954 0 1 5 210 0 0
 1545 112646.000 37605.000 0 0 41.861 8.484 355.190 18.846 0 1 1 210 0 0
 1546 112742.000 37625.000 0 0 143.510 29.317 4207.355 64.864 0 1 1 210 0 0
 1547 131750.000 154781.000 0 0 186.452 108.064 20148.996 141.947 0 1 5 210 0 0
 1548 112707.000 37444.000 0 0 227.894 46.295 10550.398 102.715 0 1 1 210 0 0
 1549 131729.000 154989.000 0 0 166.070 95.825 15913.700 126.149 0 1 5 210 0 0
 1550 112683.000 37265.000 0 0 111.282 22.498 2503.711 50.037 0 1 1 210 0 0
 1551 131726.000 155187.000 0 0 182.542 104.942 19156.431 138.406 0 1 5 210 0 0
 1552 131700.000 155398.000 0 0 159.334 91.174 14527.337 120.529 0 1 5 210 0 0
 1553 112382.000 36860.000 0 0 112.000 21.965 2460.099 49.599 0 1 1 210 0 0
 1554 131770.000 155553.000 0 0 15.980 9.138 146.041 12.084 0 1 5 210 0 0
 1555 131749.000 155564.000 0 0 7.988 4.564 36.463 6.038 0 1 5 210 0 0
 1556 131663.000 155614.000 0 0 154.627 88.035 13612.628 116.673 0 1 5 210 0 0
 1557 131571.000 155667.000 0 0 24.015 13.620 327.111 18.086 0 1 5 210 0 0
 1558 112333.000 36677.000 0 0 203.395 39.615 8057.587 89.764 0 1 1 210 0 0
 1559 112454.000 36699.000 0 0 21.249 4.180 88.844 9.425 0 1 1 210 0 0
 1560 131649.000 155819.000 0 0 171.253 97.098 16628.469 128.951 0 1 5 210 0 0
 1561 112247.000 36487.000 0 0 191.799 36.985 7093.900 84.225 0 1 1 210 0 0
 1562 112360.000 36508.000 0 0 21.313 4.149 88.438 9.404 0 1 1 210 0 0
 1563 131735.000 155964.000 0 0 24.143 13.691 330.561 18.181 0 1 5 210 0 0
 1564 131626.000 156026.000 0 0 171.888 97.029 16678.277 129.144 0 1 5 210 0 0
 1565 112058.000 36280.000 0 0 12.214 2.311 28.235 5.313 0 1 1 210 0 0
 1566 112199.000 36305.000 0 0 183.205 35.089 6428.563 80.178 0 1 1 210 0 0
 1567 112307.000 36324.000 0 0 15.272 2.951 45.085 6.714 0 1 1 210 0 0
 1568 131617.000 156225.000 0 0 161.714 90.937 14705.961 121.268 0 1 5 210 0 0
 1569 112101.000 36114.000 0 0 220.496 41.765 9209.131 95.964 0 1 1 210 0 0
 1570 131612.000 156424.000 0 0 156.878 87.892 13788.533 117.424 0 1 5 210 0 0
 1571 131521.000 156474.000 0 0 16.244 9.067 147.298 12.136 0 1 5 210 0 0
 1572 111935.000 35909.000 0 0 18.428 3.431 63.242 7.952 0 1 1 210 0 0
 1573 112027.000 35927.000 0 0 159.729 29.984 4789.381 69.205 0 1 1 210 0 0
 1574 112123.000 35945.000 0 0 21.503 4.069 87.514 9.354 0 1 1 210 0 0
 1575 131578.000 156638.000 0 0 171.051 95.368 16312.892 127.721 0 1 5 210 0 0
 1576 57388.000 50623.000 0 0 66.278 57.198 3791.037 61.571 0 1 2 210 0 0
 1577 57435.000 50582.000 0 0 14.209 12.238 173.910 13.187 0 1 2 210 0 0
 1578 111938.000 35737.000 0 0 218.731 40.634 8887.935 94.275 0 1 1 210 0 0
 1579 112071.000 35763.000 0 0 18.470 3.470 64.108 8.006 0 1 1 210 0 0
 1580 131560.000 156840.000 0 0 174.386 96.826 16885.216 129.943 0 1 5 210 0 0
 1581 57177.000 50582.000 0 0 11.841 10.261 121.504 11.022 0 1 2 210 0 0
 1582 57196.000 50565.000 0 0 14.214 12.307 174.946 13.226 0 1 2 210 0 0
 1583 57255.000 50514.000 0 0 94.884 81.958 7776.552 88.184 0 1 2 210 0 0
 1584 57347.000 50432.000 0 0 52.282 44.989 2352.194 48.499 0 1 2 210 0 0
 1585 111740.000 35528.000 0 0 34.001 6.191 210.537 14.509 0 1 1 210 0 0
 1586 111871.000 35552.000 0 0 173.018 31.870 5514.107 74.257 0 1 1 210 0 0
 1587 131529.000 157052.000 0 0 194.179 107.312 20837.962 144.353 0 1 5 210 0 0
 1588 57055.000 50462.000 0 0 11.869 10.290 122.144 11.051 0 1 2 210 0 0
 1589 57071.000 50448.000 0 0 16.622 14.400 239.380 15.471 0 1 2 210 0 0
 1590 57184.000 50349.000 0 0 204.698 176.521 36133.691 190.088 0 1 2 210 0 0
 1591 57296.000 50252.000 0 0 11.932 10.242 122.218 11.055 0 1 2 210 0 0
 1592 57324.000 50229.000 0 0 33.392 28.632 956.093 30.920 0 1 2 210 0 0
 1593 111736.000 35355.000 0 0 158.040 28.693 4534.790 67.340 0 1 1 210 0 0
 1594 111843.000 35374.000 0 0 49.552 9.081 449.997 21.213 0 1 1 210 0 0
 1595 111882.000 35382.000 0 0 9.305 1.711 15.923 3.990 0 1 1 210 0 0
 1596 131526.000 157247.000 0 0 175.634 96.723 16988.063 130.338 0 1 5 210 0 0
 1597 56948.000 50331.000 0 0 11.901 10.315 122.772 11.080 0 1 2 210 0 0
 1598 57078.000 50218.000 0 0 243.423 209.881 51090.059 226.031 0 1 2 210 0 0
 1599 57210.000 50101.000 0 0 14.347 12.303 176.529 13.286 0 1 2 210 0 0
 1600 57230.000 50084.000 0 0 11.972 10.258 122.819 11.082 0 1 2 210 0 0
 1601 57248.000 50069.000 0 0 14.357 12.292 176.487 13.284 0 1 2 210 0 0
 1602 111559.000 35152.000 0 0 15.553 2.772 43.124 6.566 0 1 1 210 0 0
 1603 111677.000 35171.000 0 0 180.255 32.467 5852.432 76.501 0 1 1 210 0 0
 1604 111791.000 35193.000 0 0 34.178 6.218 212.551 14.579 0 1 1 210 0 0
 1605 131511.000 157450.000 0 0 198.287 108.761 21566.120 146.854 0 1 5 210 0 0
 1606 56919.000 50130.000 0 0 174.510 150.752 26307.963 162.197 0 1 2 210 0 0
 1607 57069.000 50001.000 0 0 9.584 8.229 78.874 8.881 0 1 2 210 0 0
 1608 57085.000 49986.000 0 0 9.587 8.226 78.868 8.880 0 1 2 210 0 0
 1609 57128.000 49949.000 0 0 9.594 8.218 78.848 8.879 0 1 2 210 0 0
 1610 57145.000 49933.000 0 0 7.209 6.171 44.495 6.670 0 1 2 210 0 0
 1611 111488.000 34965.000 0 0 18.699 3.303 61.770 7.859 0 1 1 210 0 0
 1612 111596.000 34984.000 0 0 190.107 33.906 6445.869 80.286 0 1 1 210 0 0
 1613 131474.000 157664.000 0 0 204.553 111.649 22838.372 151.123 0 1 5 210 0 0
 1614 56698.000 50096.000 0 0 16.740 14.526 243.173 15.594 0 1 2 210 0 0
 1615 56806.000 50003.000 0 0 193.966 167.575 32504.095 180.288 0 1 2 210 0 0
 1616 111529.000 34800.000 0 0 190.643 33.711 6426.800 80.167 0 1 1 210 0 0
 1617 131456.000 157866.000 0 0 191.406 104.047 19915.358 141.121 0 1 5 210 0 0
 1618 56572.000 49980.000 0 0 14.382 12.487 179.598 13.401 0 1 2 210 0 0
 1619 56595.000 49962.000 0 0 14.387 12.480 179.565 13.400 0 1 2 210 0 0
 1620 56701.000 49868.000 0 0 194.659 168.126 32727.464 180.907 0 1 2 210 0 0
 1621 56829.000 49757.000 0 0 38.524 33.101 1275.218 35.710 0 1 2 210 0 0
 1622 111489.000 34619.000 0 0 59.546 10.464 623.112 24.962 0 1 1 210 0 0
 1623 111535.000 34628.000 0 0 12.531 2.211 27.708 5.263 0 1 1 210 0 0
 1624 132959.000 157223.000 0 0 49.374 28.439 1404.164 37.472 0 1 5 210 0 0
 1625 131448.000 158064.000 0 0 194.842 105.529 20561.527 143.392 0 1 5 210 0 0
 1626 56452.000 49861.000 0 0 14.416 12.521 180.520 13.435 0 1 2 210 0 0
 1627 56470.000 49844.000 0 0 14.421 12.516 180.506 13.435 0 1 2 210 0 0
 1628 56625.000 49710.000 0 0 284.478 245.362 69800.288 264.197 0 1 2 210 0 0
 1629 132981.000 157407.000 0 0 126.590 72.728 9206.768 95.951 0 1 5 210 0 0
 1630 132903.000 157450.000 0 0 16.525 9.464 156.412 12.506 0 1 5 210 0 0
 1631 131406.000 158280.000 0 0 156.451 84.310 13190.550 114.850 0 1 5 210 0 0
 1632 56384.000 49694.000 0 0 12.054 10.450 125.976 11.223 0 1 2 210 0 0
 1633 56400.000 49678.000 0 0 16.880 14.625 246.897 15.712 0 1 2 210 0 0
 1634 56472.000 49617.000 0 0 106.262 91.804 9755.346 98.769 0 1 2 210 0 0
 1635 56533.000 49563.000 0 0 7.263 6.259 45.464 6.742 0 1 2 210 0 0
 1636 56552.000 49549.000 0 0 9.671 8.328 80.546 8.974 0 1 2 210 0 0
 1637 132957.000 157615.000 0 0 138.094 78.993 10908.554 104.444 0 1 5 210 0 0
 1638 131396.000 158477.000 0 0 185.013 99.331 18377.589 135.563 0 1 5 210 0 0
 1639 111068.000 34031.000 0 0 22.145 3.715 82.282 9.070 0 1 1 210 0 0
 1640 133020.000 157775.000 0 0 13.850 7.916 109.641 10.470 0 1 5 210 0 0
 1641 132988.000 157795.000 0 0 44.328 25.301 1121.592 33.490 0 1 5 210 0 0
 1642 132900.000 157843.000 0 0 108.142 61.510 6651.856 81.558 0 1 5 210 0 0
 1643 131460.000 158637.000 0 0 8.430 4.523 38.129 6.174 0 1 5 210 0 0
 1644 131366.000 158686.000 0 0 168.792 90.214 15227.545 123.399 0 1 5 210 0 0
 1645 56182.000 49419.000 0 0 235.210 203.759 47926.514 218.921 0 1 2 210 0 0
 1646 111040.000 33854.000 0 0 139.507 23.285 3248.475 56.995 0 1 1 210 0 0
 1647 132904.000 158038.000 0 0 164.145 93.062 15275.839 123.595 0 1 5 210 0 0
 1648 131349.000 158887.000 0 0 191.954 102.190 19615.912 140.056 0 1 5 210 0 0
 1649 56011.000 49342.000 0 0 140.853 122.308 17227.586 131.253 0 1 2 210 0 0
 1650 56155.000 49218.000 0 0 107.115 92.483 9906.405 99.530 0 1 2 210 0 0
 1651 56223.000 49156.000 0 0 17.068 14.695 250.829 15.837 0 1 2 210 0 0
 1652 110996.000 33675.000 0 0 216.198 35.843 7749.290 88.030 0 1 1 210 0 0
 1653 111122.000 33695.000 0 0 12.710 2.132 27.098 5.205 0 1 1 210 0 0
 1654 132912.000 158229.000 0 0 159.105 89.928 14308.210 119.616 0 1 5 210 0 0
 1655 132818.000 158282.000 0 0 16.765 9.440 158.266 12.580 0 1 5 210 0 0
 1656 131334.000 159088.000 0 0 172.787 91.628 15832.284 125.826 0 1 5 210 0 0
 1657 131239.000 159137.000 0 0 8.502 4.491 38.184 6.179 0 1 5 210 0 0
 1658 55906.000 49209.000 0 0 133.909 116.253 15567.390 124.769 0 1 2 210 0 0
 1659 56091.000 49048.000 0 0 178.307 153.661 27399.031 165.526 0 1 2 210 0 0
 1660 110925.000 33490.000 0 0 172.179 28.282 4869.617 69.782 0 1 1 210 0 0
 1661 111020.000 33507.000 0 0 12.746 2.112 26.926 5.188 0 1 1 210 0 0
 1662 111045.000 33510.000 0 0 19.118 3.175 60.718 7.792 0 1 1 210 0 0
 1663 132888.000 158436.000 0 0 142.863 80.403 11486.704 107.176 0 1 5 210 0 0
 1664 131318.000 159288.000 0 0 173.370 91.583 15877.830 126.007 0 1 5 210 0 0
 1665 131211.000 159343.000 0 0 17.070 8.977 153.257 12.379 0 1 5 210 0 0
 1666 55796.000 49079.000 0 0 217.259 188.597 40974.442 202.421 0 1 2 210 0 0
 1667 55992.000 48908.000 0 0 127.369 109.708 13973.521 118.209 0 1 2 210 0 0
 1668 110719.000 33284.000 0 0 19.183 3.082 59.127 7.689 0 1 1 210 0 0
 1669 110897.000 33313.000 0 0 89.514 14.627 1309.414 36.185 0 1 1 210 0 0
 1670 110956.000 33322.000 0 0 12.781 2.100 26.844 5.181 0 1 1 210 0 0
 1671 132916.000 158616.000 0 0 33.715 18.933 638.347 25.265 0 1 5 210 0 0
 1672 131277.000 159502.000 0 0 202.518 106.454 21559.048 146.829 0 1 5 210 0 0
 1673 55682.000 48953.000 0 0 232.473 201.828 46919.799 216.609 0 1 2 210 0 0
 1674 110712.000 33111.000 0 0 166.749 26.704 4453.032 66.731 0 1 1 210 0 0
 1675 132760.000 158896.000 0 0 33.876 18.843 638.350 25.265 0 1 5 210 0 0
 1676 131367.000 159645.000 0 0 14.298 7.519 107.524 10.369 0 1 5 210 0 0
 1677 131247.000 159708.000 0 0 191.768 100.359 19245.818 138.729 0 1 5 210 0 0
 1678 55588.000 48809.000 0 0 238.044 206.525 49162.187 221.725 0 1 2 210 0 0
 1679 110561.000 32916.000 0 0 38.578 6.073 234.301 15.306 0 1 1 210 0 0
 1680 110668.000 32933.000 0 0 167.193 26.595 4446.589 66.682 0 1 1 210 0 0
 1681 110771.000 32948.000 0 0 32.132 5.161 165.861 12.878 0 1 1 210 0 0
 1682 132787.000 159077.000 0 0 152.930 84.873 12979.740 113.928 0 1 5 210 0 0
 1683 131249.000 159899.000 0 0 206.741 107.856 22298.372 149.326 0 1 5 210 0 0
 1684 55281.000 48852.000 0 0 49.034 42.871 2102.210 45.849 0 1 2 210 0 0
 1685 55393.000 48755.000 0 0 159.676 138.992 22193.844 148.975 0 1 2 210 0 0
 1686 55524.000 48639.000 0 0 96.016 83.146 7983.391 89.349 0 1 2 210 0 0
 1687 110557.000 32742.000 0 0 180.561 28.341 5117.447 71.536 0 1 1 210 0 0
 1688 110662.000 32759.000 0 0 25.778 4.087 105.382 10.265 0 1 1 210 0 0
 1689 110691.000 32763.000 0 0 19.332 3.074 59.433 7.709 0 1 1 210 0 0
 1690 132795.000 159267.000 0 0 176.149 97.472 17169.812 131.033 0 1 5 210 0 0
 1691 131226.000 160102.000 0 0 230.489 119.751 27601.531 166.137 0 1 5 210 0 0
 1692 55186.000 48709.000 0 0 24.592 21.486 528.401 22.986 0 1 2 210 0 0
 1693 55227.000 48674.000 0 0 36.907 32.195 1188.254 34.471 0 1 2 210 0 0
 1694 55396.000 48526.000 0 0 298.567 258.716 77244.473 277.928 0 1 2 210 0 0
 1695 110478.000 32559.000 0 0 184.269 28.628 5275.435 72.632 0 1 1 210 0 0
 1696 110602.000 32578.000 0 0 9.709 1.526 14.824 3.850 0 1 1 210 0 0
 1697 132763.000 159477.000 0 0 173.925 95.808 16663.519 129.087 0 1 5 210 0 0
 1698 131194.000 160311.000 0 0 196.594 101.683 19990.313 141.387 0 1 5 210 0 0
 1699 55198.000 48474.000 0 0 296.398 257.719 76387.664 276.383 0 1 2 210 0 0
 1700 55353.000 48336.000 0 0 14.855 12.837 190.704 13.809 0 1 2 210 0 0
 1701 55375.000 48319.000 0 0 7.442 6.426 47.827 6.915 0 1 2 210 0 0
 1702 110457.000 32382.000 0 0 110.206 17.043 1878.269 43.339 0 1 1 210 0 0
 1703 132755.000 159676.000 0 0 188.805 103.632 19566.291 139.879 0 1 5 210 0 0
 1704 131179.000 160511.000 0 0 214.652 110.604 23741.428 154.082 0 1 5 210 0 0
 1705 54961.000 48454.000 0 0 14.821 12.950 191.939 13.854 0 1 2 210 0 0
 1706 55087.000 48344.000 0 0 222.869 193.776 43186.872 207.814 0 1 2 210 0 0
 1707 55208.000 48237.000 0 0 9.922 8.586 85.196 9.230 0 1 2 210 0 0
 1708 132713.000 159892.000 0 0 192.357 105.067 20210.510 142.163 0 1 5 210 0 0
 1709 131278.000 160650.000 0 0 14.539 7.498 109.025 10.441 0 1 5 210 0 0
 1710 131146.000 160718.000 0 0 209.568 107.499 22528.549 150.095 0 1 5 210 0 0
 1711 54986.000 48207.000 0 0 32.278 28.054 905.558 30.092 0 1 2 210 0 0
 1712 55011.000 48185.000 0 0 7.449 6.468 48.183 6.941 0 1 2 210 0 0
 1713 55028.000 48169.000 0 0 7.451 6.465 48.178 6.941 0 1 2 210 0 0
 1714 132694.000 160097.000 0 0 193.016 105.005 20267.864 142.365 0 1 5 210 0 0
 1715 131233.000 160863.000 0 0 17.507 8.984 157.296 12.541 0 1 5 210 0 0
 1716 131117.000 160923.000 0 0 210.273 107.401 22583.669 150.278 0 1 5 210 0 0
 1717 132678.000 160298.000 0 0 182.103 98.691 17972.036 134.059 0 1 5 210 0 0
 1718 131104.000 161120.000 0 0 219.741 111.829 24573.567 156.759 0 1 5 210 0 0
 1719 109964.000 31622.000 0 0 55.722 8.120 452.496 21.271 0 1 1 210 0 0
 1720 132655.000 160502.000 0 0 176.923 95.490 16894.437 129.978 0 1 5 210 0 0
 1721 131085.000 161320.000 0 0 217.524 110.268 23986.196 154.874 0 1 5 210 0 0
 1722 130961.000 161383.000 0 0 23.540 11.873 279.513 16.718 0 1 5 210 0 0
 1723 109931.000 31446.000 0 0 177.469 25.710 4562.826 67.548 0 1 1 210 0 0
 1724 132641.000 160703.000 0 0 177.508 95.451 16943.500 130.167 0 1 5 210 0 0
 1725 131063.000 161521.000 0 0 227.088 114.659 26037.936 161.362 0 1 5 210 0 0
 1726 109783.000 31252.000 0 0 23.078 3.284 75.796 8.706 0 1 1 210 0 0
 1727 109886.000 31268.000 0 0 161.445 23.222 3749.205 61.230 0 1 1 210 0 0
 1728 109988.000 31282.000 0 0 39.517 5.744 226.997 15.066 0 1 1 210 0 0
 1729 132619.000 160907.000 0 0 195.620 104.766 20494.488 143.158 0 1 5 210 0 0
 1730 131048.000 161719.000 0 0 236.691 119.069 28182.821 167.877 0 1 5 210 0 0
 1731 109807.000 31085.000 0 0 234.565 33.380 7829.884 88.486 0 1 1 210 0 0
 1732 132587.000 161117.000 0 0 172.856 92.165 15931.383 126.219 0 1 5 210 0 0
 1733 131009.000 161928.000 0 0 240.463 120.406 28953.457 170.157 0 1 5 210 0 0
 1734 109707.000 30899.000 0 0 225.247 31.643 7127.540 84.424 0 1 1 210 0 0
 1735 132567.000 161321.000 0 0 167.554 88.986 14910.073 122.106 0 1 5 210 0 0
 1736 130991.000 162127.000 0 0 256.129 127.767 32725.119 180.900 0 1 5 210 0 0
 1737 109533.000 30703.000 0 0 49.829 6.855 341.608 18.482 0 1 1 210 0 0
 1738 109645.000 30719.000 0 0 166.072 23.121 3839.907 61.966 0 1 1 210 0 0
 1739 132536.000 161528.000 0 0 174.018 92.022 16013.505 126.544 0 1 5 210 0 0
 1740 130965.000 162329.000 0 0 227.077 112.811 25616.937 160.052 0 1 5 210 0 0
 1741 109446.000 30521.000 0 0 19.977 2.716 54.265 7.366 0 1 1 210 0 0
 1742 109550.000 30534.000 0 0 183.143 25.179 4611.410 67.907 0 1 1 210 0 0
 1743 109649.000 30548.000 0 0 10.001 1.389 13.898 3.728 0 1 1 210 0 0
 1744 132609.000 161681.000 0 0 8.867 4.688 41.573 6.447 0 1 5 210 0 0
 1745 132518.000 161729.000 0 0 165.710 87.296 14465.933 120.274 0 1 5 210 0 0
 1746 130945.000 162529.000 0 0 254.788 126.092 32127.076 179.240 0 1 5 210 0 0
 1747 130800.000 162600.000 0 0 8.999 4.428 39.852 6.312 0 1 5 210 0 0
 1748 109449.000 30348.000 0 0 207.017 28.085 5814.095 76.250 0 1 1 210 0 0
 1749 132498.000 161932.000 0 0 181.102 95.031 17210.466 131.188 0 1 5 210 0 0
 1750 131044.000 162669.000 0 0 9.009 4.463 40.211 6.341 0 1 5 210 0 0
 1751 130916.000 162733.000 0 0 240.580 118.563 28523.991 168.890 0 1 5 210 0 0
 1752 109364.000 30166.000 0 0 224.308 30.077 6746.606 82.137 0 1 1 210 0 0
 1753 132471.000 162138.000 0 0 166.808 87.168 14540.461 120.583 0 1 5 210 0 0
 1754 130888.000 162936.000 0 0 253.423 124.378 31520.518 177.540 0 1 5 210 0 0
 1755 109279.000 29983.000 0 0 208.101 27.581 5739.709 75.760 0 1 1 210 0 0
 1756 132447.000 162342.000 0 0 179.307 93.323 16733.601 129.358 0 1 5 210 0 0
 1757 130864.000 163136.000 0 0 239.101 116.883 27947.096 167.173 0 1 5 210 0 0
 1758 109079.000 29786.000 0 0 16.840 2.177 36.674 6.055 0 1 1 210 0 0
 1759 109190.000 29801.000 0 0 185.077 24.229 4484.407 66.965 0 1 1 210 0 0
 1760 132422.000 162548.000 0 0 188.898 97.916 18496.309 136.001 0 1 5 210 0 0
 1761 130846.000 163334.000 0 0 267.174 130.123 34765.734 186.455 0 1 5 210 0 0
 1762 108991.000 29603.000 0 0 33.735 4.309 145.369 12.056 0 1 1 210 0 0
 1763 109115.000 29619.000 0 0 141.691 18.351 2600.310 50.993 0 1 1 210 0 0
 1764 132398.000 162750.000 0 0 198.531 102.502 20350.067 142.653 0 1 5 210 0 0
 1765 130822.000 163536.000 0 0 249.749 121.155 30258.643 173.950 0 1 5 210 0 0
 1766 109014.000 29434.000 0 0 186.043 23.767 4421.748 66.496 0 1 1 210 0 0
 1767 109120.000 29448.000 0 0 13.524 1.748 23.645 4.862 0 1 1 210 0 0
 1768 132370.000 162956.000 0 0 205.216 105.516 21653.676 147.151 0 1 5 210 0 0
 1769 130795.000 163736.000 0 0 265.817 128.435 34140.443 184.771 0 1 5 210 0 0
 1770 108933.000 29253.000 0 0 223.830 28.264 6326.573 79.539 0 1 1 210 0 0
 1771 132345.000 163160.000 0 0 193.774 99.233 19228.987 138.668 0 1 5 210 0 0
 1772 130768.000 163937.000 0 0 260.527 125.371 32662.723 180.728 0 1 5 210 0 0
 1773 108845.000 29071.000 0 0 187.001 23.320 4360.930 66.037 0 1 1 210 0 0
 1774 132338.000 163353.000 0 0 197.404 100.761 19890.819 141.034 0 1 5 210 0 0
 1775 130745.000 164137.000 0 0 255.186 122.326 31216.083 176.680 0 1 5 210 0 0
 1776 108639.000 28874.000 0 0 13.634 1.656 22.580 4.751 0 1 1 210 0 0
 1777 108758.000 28889.000 0 0 204.537 25.190 5152.496 71.780 0 1 1 210 0 0
 1778 132411.000 163507.000 0 0 9.130 4.659 42.544 6.522 0 1 5 210 0 0
 1779 132304.000 163561.000 0 0 198.051 100.657 19935.445 141.192 0 1 5 210 0 0
 1780 130714.000 164340.000 0 0 274.502 131.039 35970.605 189.659 0 1 5 210 0 0
 1781 108656.000 28704.000 0 0 157.201 19.086 3000.482 54.776 0 1 1 210 0 0
 1782 108746.000 28715.000 0 0 17.097 2.097 35.868 5.989 0 1 1 210 0 0
 1783 132276.000 163766.000 0 0 201.746 102.115 20601.428 143.531 0 1 5 210 0 0
 1784 130693.000 164539.000 0 0 275.348 130.948 36056.625 189.885 0 1 5 210 0 0
 1785 108470.000 28511.000 0 0 17.146 2.031 34.836 5.902 0 1 1 210 0 0
 1786 108585.000 28525.000 0 0 202.140 24.282 4908.403 70.059 0 1 1 210 0 0
 1787 132254.000 163967.000 0 0 187.053 94.317 17642.404 132.824 0 1 5 210 0 0
 1788 130667.000 164738.000 0 0 266.892 126.429 33743.002 183.692 0 1 5 210 0 0
 1789 108487.000 28342.000 0 0 188.921 22.376 4227.389 65.018 0 1 1 210 0 0
 1790 132234.000 164167.000 0 0 203.014 101.983 20704.074 143.889 0 1 5 210 0 0
 1791 130641.000 164939.000 0 0 267.721 126.324 33819.873 183.901 0 1 5 210 0 0
 1792 108304.000 28151.000 0 0 10.346 1.195 12.373 3.517 0 1 1 210 0 0
 1793 108391.000 28160.000 0 0 137.744 16.090 2216.324 47.077 0 1 1 210 0 0
 1794 108496.000 28172.000 0 0 17.227 2.037 35.109 5.925 0 1 1 210 0 0
 1795 132199.000 164375.000 0 0 206.756 103.415 21381.902 146.225 0 1 5 210 0 0
 1796 130627.000 165134.000 0 0 259.152 121.857 31579.709 177.706 0 1 5 210 0 0
 1797 108299.000 27979.000 0 0 189.879 21.881 4154.936 64.458 0 1 1 210 0 0
 1798 132297.000 164516.000 0 0 15.466 7.742 119.751 10.943 0 1 5 210 0 0
 1799 132175.000 164577.000 0 0 210.499 104.881 22077.481 148.584 0 1 5 210 0 0
 1800 130588.000 165340.000 0 0 259.971 121.704 31639.722 177.875 0 1 5 210 0 0
 1801 129604.000 165789.000 0 0 113.530 51.086 5799.930 76.157 0 1 5 210 0 0
 1802 108217.000 27799.000 0 0 155.754 17.727 2761.157 52.546 0 1 1 210 0 0
 1803 108308.000 27808.000 0 0 17.315 1.992 34.506 5.874 0 1 1 210 0 0
 1804 132146.000 164780.000 0 0 229.795 114.034 26204.592 161.878 0 1 5 210 0 0
 1805 130564.000 165539.000 0 0 276.474 128.935 35647.504 188.805 0 1 5 210 0 0
 1806 129640.000 165959.000 0 0 170.743 76.728 13100.883 114.459 0 1 5 210 0 0
 1807 108023.000 27606.000 0 0 31.241 3.462 108.171 10.400 0 1 1 210 0 0
 1808 108141.000 27619.000 0 0 128.392 14.441 1854.138 43.059 0 1 1 210 0 0
 1809 132122.000 164981.000 0 0 255.430 126.269 32253.047 179.591 0 1 5 210 0 0
 1810 130542.000 165736.000 0 0 267.857 124.453 33335.714 182.580 0 1 5 210 0 0
 1811 130396.000 165802.000 0 0 15.774 7.287 114.952 10.721 0 1 5 210 0 0
 1812 129656.000 166138.000 0 0 126.818 56.865 7211.667 84.921 0 1 5 210 0 0
 1813 129568.000 166176.000 0 0 28.549 12.756 364.192 19.083 0 1 5 210 0 0
 1814 107954.000 27428.000 0 0 17.406 1.907 33.210 5.762 0 1 1 210 0 0
 1815 108025.000 27435.000 0 0 111.314 12.311 1370.413 37.019 0 1 1 210 0 0
 1816 108121.000 27446.000 0 0 24.356 2.726 66.400 8.148 0 1 1 210 0 0
 1817 132102.000 165181.000 0 0 259.339 127.725 33124.354 182.000 0 1 5 210 0 0
 1818 130519.000 165934.000 0 0 281.300 130.207 36627.313 191.382 0 1 5 210 0 0
 1819 129572.000 166361.000 0 0 152.697 68.045 10390.450 101.933 0 1 5 210 0 0
 1820 107971.000 27258.000 0 0 209.227 22.928 4797.311 69.262 0 1 1 210 0 0
 1821 132074.000 165384.000 0 0 244.480 119.930 29320.667 171.232 0 1 5 210 0 0
 1822 130482.000 166138.000 0 0 275.833 127.126 35065.807 187.258 0 1 5 210 0 0
 1823 129543.000 166560.000 0 0 181.870 80.725 14681.591 121.167 0 1 5 210 0 0
 1824 107847.000 27075.000 0 0 188.787 20.314 3835.144 61.928 0 1 1 210 0 0
 1825 132041.000 165589.000 0 0 238.954 116.731 27893.574 167.013 0 1 5 210 0 0
 1826 130608.000 166266.000 0 0 12.702 5.867 74.529 8.633 0 1 5 210 0 0
 1827 130454.000 166338.000 0 0 279.844 128.473 35952.607 189.611 0 1 5 210 0 0
 1828 129521.000 166755.000 0 0 176.004 77.835 13699.424 117.044 0 1 5 210 0 0
 1829 107775.000 26896.000 0 0 196.256 20.872 4096.423 64.003 0 1 1 210 0 0
 1830 132021.000 165788.000 0 0 258.603 125.870 32550.582 180.417 0 1 5 210 0 0
 1831 130432.000 166534.000 0 0 267.909 122.543 32830.505 181.191 0 1 5 210 0 0
 1832 129513.000 166944.000 0 0 202.176 89.132 18020.536 134.240 0 1 5 210 0 0
 1833 107710.000 26717.000 0 0 200.230 21.066 4218.108 64.946 0 1 1 210 0 0
 1834 131986.000 165993.000 0 0 268.904 130.334 35047.551 187.209 0 1 5 210 0 0
 1835 130413.000 166730.000 0 0 275.102 125.381 34492.850 185.722 0 1 5 210 0 0
 1836 129475.000 167146.000 0 0 209.221 91.841 19215.176 138.618 0 1 5 210 0 0
 1837 107617.000 26536.000 0 0 190.180 19.718 3750.108 61.238 0 1 1 210 0 0
 1838 131967.000 166191.000 0 0 269.711 130.255 35131.597 187.434 0 1 5 210 0 0
 1839 130374.000 166934.000 0 0 275.945 125.220 34554.065 185.887 0 1 5 210 0 0
 1840 129450.000 167343.000 0 0 200.154 87.531 17519.866 132.362 0 1 5 210 0 0
 1841 107387.000 26344.000 0 0 14.119 1.416 19.995 4.471 0 1 1 210 0 0
 1842 107515.000 26356.000 0 0 183.588 18.736 3439.735 58.649 0 1 1 210 0 0
 1843 131951.000 166387.000 0 0 276.870 133.254 36894.130 192.078 0 1 5 210 0 0
 1844 130360.000 167126.000 0 0 270.294 122.251 33043.780 181.779 0 1 5 210 0 0
 1845 129423.000 167541.000 0 0 216.924 94.500 20499.505 143.176 0 1 5 210 0 0
 1846 107396.000 26173.000 0 0 215.868 21.628 4668.830 68.328 0 1 1 210 0 0
 1847 131918.000 166590.000 0 0 271.334 130.059 35289.756 187.855 0 1 5 210 0 0
 1848 130321.000 167330.000 0 0 274.350 123.551 33896.393 184.109 0 1 5 210 0 0
 1849 129413.000 167729.000 0 0 175.327 76.140 13349.480 115.539 0 1 5 210 0 0
 1850 107318.000 25995.000 0 0 244.798 24.207 5926.003 76.980 0 1 1 210 0 0
 1851 131882.000 166796.000 0 0 265.767 126.853 33713.504 183.612 0 1 5 210 0 0
 1852 130291.000 167530.000 0 0 278.401 124.880 34767.000 186.459 0 1 5 210 0 0
 1853 129366.000 167934.000 0 0 221.442 95.726 21197.867 145.594 0 1 5 210 0 0
 1854 107240.000 25816.000 0 0 277.366 27.072 7508.878 86.653 0 1 1 210 0 0
 1855 131866.000 166991.000 0 0 276.182 131.373 36283.056 190.481 0 1 5 210 0 0
 1856 130270.000 167726.000 0 0 272.712 121.889 33240.824 182.320 0 1 5 210 0 0
 1857 129339.000 168131.000 0 0 189.426 81.572 15451.948 124.305 0 1 5 210 0 0
 1858 107171.000 25640.000 0 0 256.645 24.750 6352.119 79.700 0 1 1 210 0 0
 1859 131832.000 167197.000 0 0 280.248 132.760 37205.844 192.888 0 1 5 210 0 0
 1860 130243.000 167924.000 0 0 276.770 123.232 34107.130 184.681 0 1 5 210 0 0
 1861 129311.000 168328.000 0 0 212.903 91.331 19444.744 139.444 0 1 5 210 0 0
 1862 107080.000 25459.000 0 0 257.268 24.437 6287.024 79.290 0 1 1 210 0 0
 1863 131798.000 167401.000 0 0 277.869 131.094 36427.321 190.859 0 1 5 210 0 0
 1864 130221.000 168119.000 0 0 274.294 121.692 33379.703 182.701 0 1 5 210 0 0
 1865 130075.000 168183.000 0 0 9.802 4.323 42.385 6.510 0 1 5 210 0 0
 1866 129283.000 168526.000 0 0 213.519 91.245 19482.790 139.580 0 1 5 210 0 0
 1867 106971.000 25279.000 0 0 279.374 26.066 7282.225 85.335 0 1 1 210 0 0
 1868 131780.000 167596.000 0 0 278.676 131.018 36511.650 191.080 0 1 5 210 0 0
 1869 130196.000 168315.000 0 0 245.610 108.565 26664.745 163.293 0 1 5 210 0 0
 1870 130057.000 168376.000 0 0 16.391 7.205 118.114 10.868 0 1 5 210 0 0
 1871 129255.000 168722.000 0 0 230.608 98.170 22639.028 150.462 0 1 5 210 0 0
 1872 106885.000 25099.000 0 0 244.152 22.442 5479.470 74.023 0 1 1 210 0 0
 1873 131754.000 167797.000 0 0 272.998 127.864 34906.792 186.833 0 1 5 210 0 0
 1874 130164.000 168515.000 0 0 282.464 124.356 35126.374 187.420 0 1 5 210 0 0
 1875 129229.000 168917.000 0 0 224.648 95.277 21403.967 146.300 0 1 5 210 0 0
 1876 106791.000 24920.000 0 0 251.932 22.790 5741.648 75.773 0 1 1 210 0 0
 1877 131739.000 167991.000 0 0 257.485 120.200 30949.894 175.925 0 1 5 210 0 0
 1878 130130.000 168716.000 0 0 289.878 127.102 36844.245 191.948 0 1 5 210 0 0
 1879 129209.000 169110.000 0 0 238.533 100.815 24047.890 155.073 0 1 5 210 0 0
 1880 129076.000 169167.000 0 0 13.258 5.573 73.897 8.596 0 1 5 210 0 0
 1881 106693.000 24742.000 0 0 248.942 22.140 5511.787 74.241 0 1 1 210 0 0
 1882 131695.000 168200.000 0 0 281.165 130.667 36739.076 191.674 0 1 5 210 0 0
 1883 130247.000 168850.000 0 0 13.197 5.798 76.523 8.747 0 1 5 210 0 0
 1884 130092.000 168918.000 0 0 290.730 126.944 36906.627 192.110 0 1 5 210 0 0
 1885 129184.000 169305.000 0 0 249.171 104.924 26144.029 161.691 0 1 5 210 0 0
 1886 106607.000 24563.000 0 0 256.762 22.489 5774.366 75.989 0 1 1 210 0 0
 1887 131676.000 168395.000 0 0 259.017 119.959 31071.742 176.271 0 1 5 210 0 0
 1888 130082.000 169107.000 0 0 274.959 119.689 32909.765 181.410 0 1 5 210 0 0
 1889 129153.000 169503.000 0 0 246.549 103.416 25497.338 159.678 0 1 5 210 0 0
 1890 106534.000 24385.000 0 0 260.974 22.552 5885.664 76.718 0 1 1 210 0 0
 1891 131644.000 168597.000 0 0 259.782 119.840 31132.492 176.444 0 1 5 210 0 0
 1892 130049.000 169307.000 0 0 269.111 116.678 31399.420 177.198 0 1 5 210 0 0
 1893 129120.000 169702.000 0 0 270.646 113.072 30602.537 174.935 0 1 5 210 0 0
 1894 128961.000 169765.000 0 0 10.029 4.163 41.762 6.462 0 1 5 210 0 0
 1895 106312.000 24197.000 0 0 14.530 1.209 17.582 4.193 0 1 1 210 0 0
 1896 106453.000 24208.000 0 0 239.793 20.418 4896.327 69.973 0 1 1 210 0 0
 1897 131751.000 168734.000 0 0 9.881 4.564 45.108 6.716 0 1 5 210 0 0
 1898 131608.000 168800.000 0 0 257.253 118.186 30403.961 174.367 0 1 5 210 0 0
 1899 130017.000 169504.000 0 0 293.204 126.626 37127.516 192.685 0 1 5 210 0 0
 1900 129085.000 169898.000 0 0 281.458 117.119 32964.149 181.560 0 1 5 210 0 0
 1901 106344.000 24029.000 0 0 284.048 23.723 6738.480 82.088 0 1 1 210 0 0
 1902 131582.000 169000.000 0 0 251.379 115.059 28923.611 170.069 0 1 5 210 0 0
 1903 129991.000 169702.000 0 0 267.306 115.015 30744.443 175.340 0 1 5 210 0 0
 1904 129059.000 170093.000 0 0 302.406 125.371 37913.141 194.712 0 1 5 210 0 0
 1905 106243.000 23850.000 0 0 226.328 18.555 4199.616 64.804 0 1 1 210 0 0
 1906 131549.000 169200.000 0 0 272.012 124.015 33733.806 183.667 0 1 5 210 0 0
 1907 129958.000 169900.000 0 0 271.414 116.327 31572.918 177.687 0 1 5 210 0 0
 1908 129810.000 169964.000 0 0 10.058 4.285 43.109 6.565 0 1 5 210 0 0
 1909 129037.000 170285.000 0 0 259.438 107.184 27807.859 166.756 0 1 5 210 0 0
 1910 106171.000 23673.000 0 0 274.425 22.187 6088.850 78.031 0 1 1 210 0 0
 1911 131521.000 169400.000 0 0 262.824 119.372 31373.976 177.127 0 1 5 210 0 0
 1912 129924.000 170100.000 0 0 292.358 124.801 36486.906 191.015 0 1 5 210 0 0
 1913 129019.000 170476.000 0 0 283.786 116.853 33161.392 182.102 0 1 5 210 0 0
 1914 128858.000 170543.000 0 0 30.433 12.450 378.902 19.465 0 1 5 210 0 0
 1915 106067.000 23495.000 0 0 267.732 21.234 5685.121 75.399 0 1 1 210 0 0
 1916 131496.000 169597.000 0 0 283.588 128.340 36395.893 190.777 0 1 5 210 0 0
 1917 129910.000 170291.000 0 0 272.935 116.138 31698.358 178.040 0 1 5 210 0 0
 1918 128991.000 170673.000 0 0 287.972 118.132 34019.002 184.442 0 1 5 210 0 0
 1919 105974.000 23318.000 0 0 268.351 20.906 5610.344 74.902 0 1 1 210 0 0
 1920 131475.000 169795.000 0 0 267.661 120.705 32308.292 179.745 0 1 5 210 0 0
 1921 131324.000 169862.000 0 0 13.391 6.004 80.412 8.967 0 1 5 210 0 0
 1922 129883.000 170486.000 0 0 277.070 117.464 32546.126 180.405 0 1 5 210 0 0
 1923 129731.000 170551.000 0 0 10.142 4.274 43.355 6.584 0 1 5 210 0 0
 1924 128946.000 170875.000 0 0 254.814 104.069 26518.422 162.844 0 1 5 210 0 0
 1925 128806.000 170931.000 0 0 10.197 4.141 42.233 6.498 0 1 5 210 0 0
 1926 105763.000 23131.000 0 0 11.069 0.829 9.187 3.031 0 1 1 210 0 0
 1927 105893.000 23141.000 0 0 243.168 18.646 4534.166 67.336 0 1 1 210 0 0
 1928 131440.000 169995.000 0 0 268.431 120.573 32365.808 179.904 0 1 5 210 0 0
 1929 129848.000 170686.000 0 0 288.024 121.624 35030.811 187.165 0 1 5 210 0 0
 1930 128936.000 171062.000 0 0 258.891 105.419 27292.289 165.203 0 1 5 210 0 0
 1931 128773.000 171128.000 0 0 57.963 23.448 1359.145 36.866 0 1 5 210 0 0
 1932 105803.000 22964.000 0 0 265.880 20.031 5325.940 72.979 0 1 1 210 0 0
 1933 131412.000 170194.000 0 0 286.021 127.997 36610.146 191.337 0 1 5 210 0 0
 1934 129818.000 170883.000 0 0 275.232 115.780 31866.647 178.512 0 1 5 210 0 0
 1935 129672.000 170944.000 0 0 10.199 4.265 43.510 6.596 0 1 5 210 0 0
 1936 128905.000 171258.000 0 0 259.606 105.306 27338.088 165.342 0 1 5 210 0 0
 1937 128739.000 171324.000 0 0 13.672 5.509 75.321 8.678 0 1 5 210 0 0
 1938 105711.000 22787.000 0 0 270.211 19.986 5400.472 73.487 0 1 1 210 0 0
 1939 131391.000 170389.000 0 0 273.314 121.888 33313.794 182.520 0 1 5 210 0 0
 1940 129788.000 171081.000 0 0 279.407 117.092 32716.450 180.876 0 1 5 210 0 0
 1941 128885.000 171449.000 0 0 239.758 96.930 23239.817 152.446 0 1 5 210 0 0
 1942 128743.000 171507.000 0 0 37.703 15.155 571.398 23.903 0 1 5 210 0 0
 1943 105610.000 22610.000 0 0 259.685 18.826 4889.093 69.922 0 1 1 210 0 0
 1944 131356.000 170591.000 0 0 270.717 120.251 32554.207 180.427 0 1 5 210 0 0
 1945 129758.000 171276.000 0 0 290.428 121.257 35216.458 187.660 0 1 5 210 0 0
 1946 128847.000 171647.000 0 0 298.808 120.308 35949.392 189.603 0 1 5 210 0 0
 1947 128669.000 171718.000 0 0 13.747 5.495 75.553 8.692 0 1 5 210 0 0
 1948 39752.000 148361.000 0 0 11.587 14.436 167.284 12.933 0 1 4 210 0 0
 1949 39496.000 148042.000 0 0 6.906 8.698 60.079 7.751 0 1 4 210 0 0
 1950 38618.000 146917.000 0 0 22.495 29.430 662.045 25.730 0 1 4 210 0 0
 1951 38327.000 146538.000 0 0 11.151 14.777 164.786 12.836 0 1 4 210 0 0
 1952 105527.000 22433.000 0 0 264.012 18.815 4967.491 70.480 0 1 1 210 0 0
 1953 131317.000 170793.000 0 0 281.670 124.605 35097.784 187.344 0 1 5 210 0 0
 1954 129730.000 171472.000 0 0 284.371 118.290 33638.461 183.407 0 1 5 210 0 0
 1955 128926.000 171800.000 0 0 34.416 13.865 477.209 21.845 0 1 5 210 0 0
 1956 128765.000 171864.000 0 0 258.370 103.419 26720.539 163.464 0 1 5 210 0 0
 1957 42765.000 152129.000 0 0 9.992 10.971 109.633 10.470 0 1 4 210 0 0
 1958 42629.000 151979.000 0 0 12.454 13.746 171.216 13.084 0 1 4 210 0 0
 1959 42358.000 151680.000 0 0 17.336 19.336 335.227 18.309 0 1 4 210 0 0
 1960 42186.000 151487.000 0 0 17.271 19.394 334.974 18.302 0 1 4 210 0 0
 1961 42131.000 151426.000 0 0 12.322 13.866 170.863 13.071 0 1 4 210 0 0
 1962 41995.000 151275.000 0 0 19.657 22.238 437.154 20.908 0 1 4 210 0 0
 1963 41914.000 151182.000 0 0 49.068 55.686 2732.414 52.272 0 1 4 210 0 0
 1964 41634.000 150864.000 0 0 19.500 22.376 436.347 20.888 0 1 4 210 0 0
 1965 41564.000 150785.000 0 0 26.783 30.818 825.420 28.730 0 1 4 210 0 0
 1966 41456.000 150662.000 0 0 55.852 64.542 3604.871 60.040 0 1 4 210 0 0
 1967 40978.000 150106.000 0 0 165.730 195.222 32354.296 179.872 0 1 4 210 0 0
 1968 40749.000 149834.000 0 0 272.337 323.799 88182.661 296.955 0 1 4 210 0 0
 1969 40441.000 149466.000 0 0 322.487 388.289 125218.456 353.862 0 1 4 210 0 0
 1970 40160.000 149129.000 0 0 207.245 252.427 52314.620 228.723 0 1 4 210 0 0
 1971 39967.000 148893.000 0 0 168.747 207.198 34964.136 186.986 0 1 4 210 0 0
 1972 39559.000 148388.000 0 0 456.958 570.789 260827.054 510.712 0 1 4 210 0 0
 1973 39040.000 147737.000 0 0 487.431 622.445 303399.076 550.816 0 1 4 210 0 0
 1974 38526.000 147076.000 0 0 248.240 324.163 80470.639 283.673 0 1 4 210 0 0
 1975 38045.000 146441.000 0 0 656.757 876.140 575412.437 758.559 0 1 4 210 0 0
 1976 37645.000 145910.000 0 0 129.851 176.364 22901.230 151.331 0 1 4 210 0 0
 1977 37403.000 145580.000 0 0 159.510 219.058 34942.304 186.928 0 1 4 210 0 0
 1978 37250.000 145371.000 0 0 130.501 180.487 23553.898 153.472 0 1 4 210 0 0
 1979 36847.000 144811.000 0 0 96.667 136.236 13169.683 114.759 0 1 4 210 0 0
 1980 36610.000 144475.000 0 0 311.277 443.655 138100.130 371.618 0 1 4 210 0 0
 1981 36363.000 144125.000 0 0 12.687 18.297 232.156 15.236 0 1 4 210 0 0
 1982 36238.000 143946.000 0 0 46.342 67.239 3116.031 55.821 0 1 4 210 0 0
 1983 36141.000 143805.000 0 0 37.796 55.100 2082.620 45.635 0 1 4 210 0 0
 1984 36069.000 143701.000 0 0 8.377 12.254 102.661 10.132 0 1 4 210 0 0
 1985 35929.000 143496.000 0 0 10.422 15.352 160.004 12.649 0 1 4 210 0 0
 1986 35883.000 143428.000 0 0 10.405 15.363 159.868 12.643 0 1 4 210 0 0
 1987 105431.000 22255.000 0 0 268.326 18.744 5029.714 70.920 0 1 1 210 0 0
 1988 131287.000 170993.000 0 0 296.079 130.487 38634.635 196.556 0 1 5 210 0 0
 1989 129696.000 171671.000 0 0 271.422 112.461 30524.459 174.712 0 1 5 210 0 0
 1990 128777.000 172041.000 0 0 276.277 110.361 30490.425 174.615 0 1 5 210 0 0
 1991 44244.000 153947.000 0 0 12.926 13.359 172.695 13.141 0 1 4 210 0 0
 1992 44099.000 153796.000 0 0 25.793 26.802 691.316 26.292 0 1 4 210 0 0
 1993 43918.000 153610.000 0 0 17.983 18.813 338.331 18.393 0 1 4 210 0 0
 1994 43860.000 153547.000 0 0 23.107 24.226 559.828 23.660 0 1 4 210 0 0
 1995 43784.000 153468.000 0 0 10.249 10.776 110.446 10.509 0 1 4 210 0 0
 1996 43729.000 153411.000 0 0 20.476 21.573 441.749 21.017 0 1 4 210 0 0
 1997 43667.000 153346.000 0 0 15.338 16.197 248.453 15.762 0 1 4 210 0 0
 1998 43601.000 153278.000 0 0 12.766 13.513 172.518 13.134 0 1 4 210 0 0
 1999 43511.000 153180.000 0 0 10.194 10.828 110.387 10.506 0 1 4 210 0 0
 2000 43461.000 153128.000 0 0 12.730 13.547 172.459 13.132 0 1 4 210 0 0
 2001 43419.000 153084.000 0 0 12.719 13.557 172.447 13.131 0 1 4 210 0 0
 2002 43273.000 152929.000 0 0 197.910 212.111 41979.064 204.887 0 1 4 210 0 0
 2003 42959.000 152592.000 0 0 199.171 216.018 43024.642 207.423 0 1 4 210 0 0
 2004 42284.000 151847.000 0 0 847.536 943.483 799636.521 894.223 0 1 4 210 0 0
 2005 41767.000 151271.000 0 0 159.757 181.448 28987.668 170.257 0 1 4 210 0 0
 2006 41410.000 150865.000 0 0 217.017 249.978 54249.722 232.915 0 1 4 210 0 0
 2007 40852.000 150218.000 0 0 170.915 201.308 34406.855 185.490 0 1 4 210 0 0
 2008 40751.000 150101.000 0 0 14.405 17.036 245.420 15.665 0 1 4 210 0 0
 2009 40669.000 150004.000 0 0 143.826 170.654 24544.629 156.667 0 1 4 210 0 0
 2010 40539.000 149849.000 0 0 109.925 131.120 14413.495 120.056 0 1 4 210 0 0
 2011 40314.000 149580.000 0 0 316.104 380.538 120290.025 346.828 0 1 4 210 0 0
 2012 40125.000 149353.000 0 0 16.555 20.085 332.533 18.235 0 1 4 210 0 0
 2013 40061.000 149277.000 0 0 99.217 120.684 11973.992 109.425 0 1 4 210 0 0
 2014 39986.000 149184.000 0 0 47.152 57.534 2712.889 52.085 0 1 4 210 0 0
 2015 39947.000 149138.000 0 0 9.419 11.511 108.430 10.412 0 1 4 210 0 0
 2016 39903.000 149084.000 0 0 32.943 40.334 1328.732 36.451 0 1 4 210 0 0
 2017 39860.000 149031.000 0 0 49.354 60.538 2987.849 54.661 0 1 4 210 0 0
 2018 39823.000 148986.000 0 0 14.085 17.303 243.715 15.611 0 1 4 210 0 0
 2019 39767.000 148918.000 0 0 30.487 37.539 1144.474 33.830 0 1 4 210 0 0
 2020 39630.000 148748.000 0 0 51.406 63.661 3272.645 57.207 0 1 4 210 0 0
 2021 39532.000 148629.000 0 0 128.207 159.422 20439.144 142.965 0 1 4 210 0 0
 2022 39427.000 148500.000 0 0 37.199 46.459 1728.271 41.572 0 1 4 210 0 0
 2023 39365.000 148423.000 0 0 20.896 26.166 546.787 23.383 0 1 4 210 0 0
 2024 39340.000 148392.000 0 0 18.552 23.255 431.450 20.771 0 1 4 210 0 0
 2025 39305.000 148347.000 0 0 25.497 32.009 816.175 28.568 0 1 4 210 0 0
 2026 39242.000 148268.000 0 0 57.851 72.820 4212.799 64.906 0 1 4 210 0 0
 2027 39128.000 148124.000 0 0 39.217 49.605 1945.425 44.106 0 1 4 210 0 0
 2028 39078.000 148061.000 0 0 6.909 8.758 60.518 7.779 0 1 4 210 0 0
 2029 39052.000 148030.000 0 0 36.838 46.746 1722.105 41.498 0 1 4 210 0 0
 2030 39021.000 147991.000 0 0 11.499 14.611 168.018 12.962 0 1 4 210 0 0
 2031 38997.000 147961.000 0 0 27.592 35.095 968.375 31.118 0 1 4 210 0 0
 2032 38948.000 147897.000 0 0 20.669 26.346 544.571 23.336 0 1 4 210 0 0
 2033 38877.000 147808.000 0 0 73.338 93.762 6876.357 82.923 0 1 4 210 0 0
 2034 38820.000 147733.000 0 0 38.898 49.857 1939.389 44.038 0 1 4 210 0 0
 2035 38783.000 147688.000 0 0 27.435 35.218 966.234 31.084 0 1 4 210 0 0
 2036 38738.000 147630.000 0 0 38.815 49.923 1937.785 44.020 0 1 4 210 0 0
 2037 38687.000 147564.000 0 0 36.481 47.027 1715.625 41.420 0 1 4 210 0 0
 2038 38502.000 147324.000 0 0 22.690 29.486 669.054 25.866 0 1 4 210 0 0
 2039 38445.000 147251.000 0 0 67.954 88.525 6015.659 77.560 0 1 4 210 0 0
 2040 38340.000 147113.000 0 0 128.738 168.489 21691.058 147.278 0 1 4 210 0 0
 2041 38217.000 146956.000 0 0 31.514 41.465 1306.776 36.149 0 1 4 210 0 0
 2042 38183.000 146909.000 0 0 15.736 20.737 326.318 18.064 0 1 4 210 0 0
 2043 38099.000 146800.000 0 0 141.339 186.945 26422.743 162.550 0 1 4 210 0 0
 2044 37958.000 146611.000 0 0 125.120 166.544 20838.250 144.354 0 1 4 210 0 0
 2045 37871.000 146495.000 0 0 28.976 38.720 1122.016 33.496 0 1 4 210 0 0
 2046 37812.000 146421.000 0 0 57.861 77.515 4485.183 66.971 0 1 4 210 0 0
 2047 37757.000 146345.000 0 0 39.988 53.706 2147.655 46.342 0 1 4 210 0 0
 2048 37687.000 146253.000 0 0 22.176 29.876 662.572 25.740 0 1 4 210 0 0
 2049 37621.000 146164.000 0 0 84.088 113.626 9554.679 97.748 0 1 4 210 0 0
 2050 37508.000 146012.000 0 0 125.728 170.760 21469.522 146.524 0 1 4 210 0 0
 2051 37317.000 145751.000 0 0 57.027 78.131 4455.621 66.750 0 1 4 210 0 0
 2052 37251.000 145661.000 0 0 70.044 96.257 6742.286 82.111 0 1 4 210 0 0
 2053 37199.000 145589.000 0 0 21.858 30.110 658.167 25.654 0 1 4 210 0 0
 2054 36909.000 145186.000 0 0 543.698 759.142 412744.548 642.451 0 1 4 210 0 0
 2055 36413.000 144490.000 0 0 432.951 618.789 267905.876 517.596 0 1 4 210 0 0
 2056 35799.000 143600.000 0 0 700.191 1031.021 721911.874 849.653 0 1 4 210 0 0
 2057 35328.000 142907.000 0 0 152.210 229.422 34920.493 186.870 0 1 4 210 0 0
 2058 34967.000 142360.000 0 0 14.210 21.815 310.005 17.606 0 1 4 210 0 0
 2059 34847.000 142178.000 0 0 32.350 49.972 1616.656 40.207 0 1 4 210 0 0
 2060 34789.000 142087.000 0 0 20.179 31.266 630.931 25.118 0 1 4 210 0 0
 2061 34756.000 142037.000 0 0 12.087 18.759 226.751 15.058 0 1 4 210 0 0
 2062 34679.000 141918.000 0 0 28.133 43.840 1233.394 35.119 0 1 4 210 0 0
 2063 34553.000 141722.000 0 0 45.997 72.152 3318.845 57.609 0 1 4 210 0 0
 2064 34462.000 141581.000 0 0 53.821 84.830 4565.732 67.570 0 1 4 210 0 0
 2065 34394.000 141474.000 0 0 25.848 40.887 1056.871 32.509 0 1 4 210 0 0
 2066 34315.000 141350.000 0 0 7.926 12.591 99.802 9.990 0 1 4 210 0 0
 2067 34277.000 141290.000 0 0 7.914 12.598 99.717 9.985 0 1 4 210 0 0
 2068 34189.000 141150.000 0 0 7.888 12.615 99.511 9.975 0 1 4 210 0 0
 2069 105340.000 22079.000 0 0 272.685 18.688 5096.079 71.386 0 1 1 210 0 0
 2070 131259.000 171191.000 0 0 276.427 121.377 33552.099 183.172 0 1 5 210 0 0
 2071 129815.000 171804.000 0 0 10.323 4.286 44.250 6.652 0 1 5 210 0 0
 2072 129668.000 171864.000 0 0 268.710 110.933 29808.982 172.652 0 1 5 210 0 0
 2073 128905.000 172174.000 0 0 17.302 6.929 119.895 10.949 0 1 5 210 0 0
 2074 128724.000 172247.000 0 0 297.847 118.418 35270.652 187.804 0 1 5 210 0 0
 2075 45271.000 155225.000 0 0 42.357 41.977 1778.061 42.167 0 1 4 210 0 0
 2076 45199.000 155153.000 0 0 10.572 10.504 111.059 10.538 0 1 4 210 0 0
 2077 45045.000 154999.000 0 0 18.449 18.435 340.125 18.442 0 1 4 210 0 0
 2078 44883.000 154838.000 0 0 65.725 66.060 4341.845 65.892 0 1 4 210 0 0
 2079 44662.000 154614.000 0 0 350.817 355.468 124704.653 353.135 0 1 4 210 0 0
 2080 43982.000 153915.000 0 0 976.971 1015.079 991704.318 995.843 0 1 4 210 0 0
 2081 43421.000 153333.000 0 0 132.942 141.033 18749.340 136.928 0 1 4 210 0 0
 2082 43198.000 153097.000 0 0 300.344 321.300 96500.826 310.645 0 1 4 210 0 0
 2083 42896.000 152774.000 0 0 75.897 82.124 6233.084 78.949 0 1 4 210 0 0
 2084 42819.000 152690.000 0 0 42.937 46.598 2000.831 44.730 0 1 4 210 0 0
 2085 42789.000 152657.000 0 0 12.617 13.708 172.965 13.151 0 1 4 210 0 0
 2086 42492.000 152334.000 0 0 115.404 126.814 14634.953 120.975 0 1 4 210 0 0
 2087 42376.000 152207.000 0 0 20.015 22.092 442.180 21.028 0 1 4 210 0 0
 2088 42291.000 152114.000 0 0 17.481 19.359 338.434 18.396 0 1 4 210 0 0
 2089 42259.000 152079.000 0 0 17.470 19.369 338.391 18.395 0 1 4 210 0 0
 2090 42224.000 152039.000 0 0 17.456 19.381 338.343 18.394 0 1 4 210 0 0
 2091 42106.000 151910.000 0 0 17.413 19.421 338.189 18.389 0 1 4 210 0 0
 2092 42073.000 151872.000 0 0 9.943 11.104 110.411 10.507 0 1 4 210 0 0
 2093 41931.000 151714.000 0 0 12.391 13.913 172.415 13.130 0 1 4 210 0 0
 2094 41645.000 151393.000 0 0 17.240 19.575 337.486 18.370 0 1 4 210 0 0
 2095 41606.000 151347.000 0 0 12.303 13.991 172.148 13.120 0 1 4 210 0 0
 2096 35869.000 144012.000 0 0 10.545 15.366 162.052 12.729 0 1 4 210 0 0
 2097 35852.000 143985.000 0 0 16.863 24.592 414.713 20.364 0 1 4 210 0 0
 2098 35825.000 143945.000 0 0 8.423 12.301 103.628 10.179 0 1 4 210 0 0
 2099 35811.000 143927.000 0 0 8.420 12.304 103.608 10.178 0 1 4 210 0 0
 2100 35739.000 143821.000 0 0 10.500 15.397 161.677 12.715 0 1 4 210 0 0
 2101 35649.000 143687.000 0 0 10.468 15.419 161.410 12.704 0 1 4 210 0 0
 2102 35627.000 143655.000 0 0 16.736 24.679 413.043 20.323 0 1 4 210 0 0
 2103 35602.000 143619.000 0 0 10.451 15.430 161.278 12.699 0 1 4 210 0 0
 2104 35498.000 143465.000 0 0 14.580 21.637 315.497 17.762 0 1 4 210 0 0
 2105 35447.000 143392.000 0 0 12.476 18.561 231.584 15.217 0 1 4 210 0 0
 2106 35376.000 143285.000 0 0 14.520 21.678 314.785 17.742 0 1 4 210 0 0
 2107 35345.000 143238.000 0 0 18.659 27.901 520.613 22.816 0 1 4 210 0 0
 2108 35319.000 143201.000 0 0 26.924 40.311 1085.350 32.944 0 1 4 210 0 0
 2109 35239.000 143081.000 0 0 37.172 55.878 2077.136 45.575 0 1 4 210 0 0
 2110 35163.000 142966.000 0 0 111.220 167.832 18666.338 136.624 0 1 4 210 0 0
 2111 34733.000 142311.000 0 0 198.770 306.616 60946.407 246.873 0 1 4 210 0 0
 2112 34385.000 141771.000 0 0 476.577 748.623 356777.263 597.308 0 1 4 210 0 0
 2113 34033.000 141217.000 0 0 215.367 344.695 74236.174 272.463 0 1 4 210 0 0
 2114 33648.000 140600.000 0 0 284.154 464.388 131958.161 363.260 0 1 4 210 0 0
 2115 33469.000 140308.000 0 0 28.984 47.841 1386.665 37.237 0 1 4 210 0 0
 2116 33407.000 140206.000 0 0 21.203 35.120 744.692 27.289 0 1 4 210 0 0
 2117 33284.000 140004.000 0 0 21.097 35.185 742.320 27.245 0 1 4 210 0 0
 2118 33235.000 139922.000 0 0 15.305 25.596 391.765 19.793 0 1 4 210 0 0
 2119 33071.000 139647.000 0 0 7.599 12.829 97.504 9.874 0 1 4 210 0 0
 2120 105254.000 21903.000 0 0 265.817 17.885 4754.361 68.951 0 1 1 210 0 0
 2121 131235.000 171387.000 0 0 263.505 115.295 30380.993 174.301 0 1 5 210 0 0
 2122 129633.000 172063.000 0 0 283.269 116.482 32996.069 181.648 0 1 5 210 0 0
 2123 128717.000 172431.000 0 0 288.185 114.260 32928.129 181.461 0 1 5 210 0 0
 2124 46338.000 156493.000 0 0 13.536 12.858 174.054 13.192 0 1 4 210 0 0
 2125 46216.000 156375.000 0 0 8.104 7.732 62.671 7.916 0 1 4 210 0 0
 2126 46081.000 156248.000 0 0 150.991 144.738 21854.302 147.832 0 1 4 210 0 0
 2127 45918.000 156091.000 0 0 29.581 28.522 843.737 29.047 0 1 4 210 0 0
 2128 45819.000 155994.000 0 0 40.264 38.960 1568.708 39.606 0 1 4 210 0 0
 2129 45657.000 155839.000 0 0 238.240 231.858 55238.210 235.028 0 1 4 210 0 0
 2130 45299.000 155489.000 0 0 175.558 173.066 30383.237 174.307 0 1 4 210 0 0
 2131 44967.000 155160.000 0 0 481.251 480.140 231068.205 480.695 0 1 4 210 0 0
 2132 44541.000 154734.000 0 0 351.587 356.243 125250.601 353.907 0 1 4 210 0 0
 2133 44297.000 154487.000 0 0 107.096 109.487 11725.743 108.285 0 1 4 210 0 0
 2134 44233.000 154423.000 0 0 7.824 8.017 62.732 7.920 0 1 4 210 0 0
 2135 44223.000 154412.000 0 0 7.822 8.018 62.729 7.920 0 1 4 210 0 0
 2136 44204.000 154393.000 0 0 23.472 24.078 565.180 23.773 0 1 4 210 0 0
 2137 44174.000 154361.000 0 0 28.669 29.442 844.087 29.053 0 1 4 210 0 0
 2138 44115.000 154301.000 0 0 78.093 80.371 6276.441 79.223 0 1 4 210 0 0
 2139 44049.000 154234.000 0 0 10.396 10.725 111.502 10.559 0 1 4 210 0 0
 2140 44008.000 154193.000 0 0 64.951 67.108 4358.808 66.021 0 1 4 210 0 0
 2141 43955.000 154137.000 0 0 36.334 37.614 1366.715 36.969 0 1 4 210 0 0
 2142 43872.000 154051.000 0 0 67.372 69.961 4713.506 68.654 0 1 4 210 0 0
 2143 43699.000 153871.000 0 0 7.744 8.094 62.689 7.917 0 1 4 210 0 0
 2144 43671.000 153841.000 0 0 12.901 13.497 174.129 13.195 0 1 4 210 0 0
 2145 43612.000 153781.000 0 0 15.464 16.213 250.727 15.834 0 1 4 210 0 0
 2146 43577.000 153744.000 0 0 7.726 8.111 62.678 7.916 0 1 4 210 0 0
 2147 34260.000 141896.000 0 0 10.038 15.752 158.134 12.575 0 1 4 210 0 0
 2148 34249.000 141879.000 0 0 8.027 12.603 101.181 10.058 0 1 4 210 0 0
 2149 34190.000 141785.000 0 0 14.017 22.076 309.454 17.591 0 1 4 210 0 0
 2150 34157.000 141735.000 0 0 18.010 28.414 511.754 22.621 0 1 4 210 0 0
 2151 34139.000 141707.000 0 0 5.996 9.468 56.776 7.534 0 1 4 210 0 0
 2152 34127.000 141689.000 0 0 7.991 12.627 100.908 10.045 0 1 4 210 0 0
 2153 34104.000 141653.000 0 0 21.967 34.752 763.411 27.629 0 1 4 210 0 0
 2154 34085.000 141622.000 0 0 9.973 15.794 157.516 12.550 0 1 4 210 0 0
 2155 34025.000 141528.000 0 0 7.960 12.646 100.676 10.033 0 1 4 210 0 0
 2156 33981.000 141459.000 0 0 19.877 31.653 629.212 25.084 0 1 4 210 0 0
 2157 33962.000 141427.000 0 0 9.926 15.823 157.072 12.532 0 1 4 210 0 0
 2158 33907.000 141341.000 0 0 31.708 50.693 1607.406 40.092 0 1 4 210 0 0
 2159 33865.000 141272.000 0 0 25.722 41.217 1060.200 32.560 0 1 4 210 0 0
 2160 33829.000 141213.000 0 0 43.460 69.780 3032.697 55.069 0 1 4 210 0 0
 2161 33786.000 141147.000 0 0 11.831 19.038 225.252 15.008 0 1 4 210 0 0
 2162 33612.000 140870.000 0 0 48.984 79.568 3897.575 62.430 0 1 4 210 0 0
 2163 33467.000 140630.000 0 0 220.090 360.404 79321.801 281.641 0 1 4 210 0 0
 2164 33249.000 140274.000 0 0 185.340 307.186 56933.986 238.608 0 1 4 210 0 0
 2165 32993.000 139845.000 0 0 322.796 542.847 175228.977 418.603 0 1 4 210 0 0
 2166 32642.000 139257.000 0 0 195.714 335.805 65721.778 256.362 0 1 4 210 0 0
 2167 32487.000 138990.000 0 0 102.796 177.995 18297.270 135.267 0 1 4 210 0 0
 2168 32402.000 138842.000 0 0 11.168 19.436 217.083 14.733 0 1 4 210 0 0
 2169 32336.000 138730.000 0 0 5.568 9.727 54.166 7.359 0 1 4 210 0 0
 2170 32228.000 138541.000 0 0 9.234 16.238 149.967 12.246 0 1 4 210 0 0
 2171 32120.000 138352.000 0 0 7.351 13.011 95.660 9.780 0 1 4 210 0 0
 2172 105159.000 21725.000 0 0 270.154 17.805 4810.323 69.356 0 1 1 210 0 0
 2173 131351.000 171522.000 0 0 17.146 7.515 128.867 11.351 0 1 5 210 0 0
 2174 131201.000 171586.000 0 0 274.532 119.657 32849.773 181.245 0 1 5 210 0 0
 2175 129598.000 172262.000 0 0 266.733 109.253 29141.637 170.709 0 1 5 210 0 0
 2176 128676.000 172629.000 0 0 306.385 120.970 37063.631 192.519 0 1 5 210 0 0
 2177 47445.000 157748.000 0 0 11.069 10.074 111.519 10.560 0 1 4 210 0 0
 2178 47174.000 157501.000 0 0 22.044 20.252 446.464 21.129 0 1 4 210 0 0
 2179 47072.000 157409.000 0 0 24.774 22.840 565.861 23.787 0 1 4 210 0 0
 2180 46951.000 157297.000 0 0 140.077 129.692 18167.056 134.785 0 1 4 210 0 0
 2181 46864.000 157216.000 0 0 16.451 15.278 251.358 15.854 0 1 4 210 0 0
 2182 46758.000 157119.000 0 0 188.928 176.103 33270.915 182.403 0 1 4 210 0 0
 2183 46313.000 156702.000 0 0 516.452 488.988 252539.208 502.532 0 1 4 210 0 0
 2184 45862.000 156273.000 0 0 377.664 363.339 137220.342 370.432 0 1 4 210 0 0
 2185 45594.000 156014.000 0 0 134.256 130.403 17507.568 132.316 0 1 4 210 0 0
 2186 45510.000 155934.000 0 0 16.082 15.667 251.986 15.874 0 1 4 210 0 0
 2187 45476.000 155901.000 0 0 18.752 18.290 342.991 18.520 0 1 4 210 0 0
 2188 45446.000 155870.000 0 0 32.142 31.385 1008.812 31.761 0 1 4 210 0 0
 2189 45253.000 155681.000 0 0 16.010 15.741 252.029 15.875 0 1 4 210 0 0
 2190 45033.000 155467.000 0 0 39.885 39.525 1576.471 39.704 0 1 4 210 0 0
 2191 44982.000 155416.000 0 0 10.622 10.546 112.032 10.584 0 1 4 210 0 0
 2192 44771.000 155207.000 0 0 10.582 10.586 112.038 10.584 0 1 4 210 0 0
 2193 44748.000 155185.000 0 0 13.222 13.239 175.059 13.230 0 1 4 210 0 0
 2194 32992.000 140178.000 0 0 5.776 9.633 55.646 7.459 0 1 4 210 0 0
 2195 32946.000 140100.000 0 0 11.530 19.280 222.310 14.910 0 1 4 210 0 0
 2196 32811.000 139875.000 0 0 15.287 25.758 393.786 19.844 0 1 4 210 0 0
 2197 32780.000 139824.000 0 0 15.267 25.770 393.467 19.836 0 1 4 210 0 0
 2198 32757.000 139783.000 0 0 17.167 29.018 498.184 22.320 0 1 4 210 0 0
 2199 32740.000 139757.000 0 0 11.431 19.339 221.081 14.868 0 1 4 210 0 0
 2200 32706.000 139700.000 0 0 13.317 22.574 300.635 17.338 0 1 4 210 0 0
 2201 32574.000 139477.000 0 0 28.386 48.484 1376.320 37.098 0 1 4 210 0 0
 2202 32382.000 139145.000 0 0 349.035 602.918 210439.799 458.737 0 1 4 210 0 0
 2203 31986.000 138454.000 0 0 431.348 762.938 329091.908 573.665 0 1 4 210 0 0
 2204 31660.000 137879.000 0 0 174.320 314.502 54824.362 234.146 0 1 4 210 0 0
 2205 31545.000 137674.000 0 0 34.312 62.346 2139.263 46.252 0 1 4 210 0 0
 2206 31505.000 137602.000 0 0 10.812 19.694 212.939 14.592 0 1 4 210 0 0
 2207 31450.000 137502.000 0 0 10.783 19.710 212.539 14.578 0 1 4 210 0 0
 2208 31367.000 137351.000 0 0 21.488 39.485 848.472 29.128 0 1 4 210 0 0
 2209 31319.000 137263.000 0 0 8.928 16.456 146.939 12.121 0 1 4 210 0 0
 2210 105066.000 21550.000 0 0 251.981 16.274 4100.982 64.038 0 1 1 210 0 0
 2211 131174.000 171783.000 0 0 292.497 127.026 37154.890 192.756 0 1 5 210 0 0
 2212 129578.000 172452.000 0 0 281.325 114.851 32310.768 179.751 0 1 5 210 0 0
 2213 129425.000 172516.000 0 0 17.384 7.054 122.631 11.073 0 1 5 210 0 0
 2214 128650.000 172822.000 0 0 296.730 116.741 34640.724 186.120 0 1 5 210 0 0
 2215 48348.000 158782.000 0 0 19.718 17.327 341.671 18.484 0 1 4 210 0 0
 2216 47965.000 158444.000 0 0 8.402 7.481 62.858 7.928 0 1 4 210 0 0
 2217 47616.000 158132.000 0 0 144.905 130.576 18921.269 137.554 0 1 4 210 0 0
 2218 47151.000 157707.000 0 0 774.577 709.372 549463.851 741.258 0 1 4 210 0 0
 2219 46668.000 157266.000 0 0 178.436 166.179 29652.408 172.198 0 1 4 210 0 0
 2220 46562.000 157168.000 0 0 24.670 23.060 568.925 23.852 0 1 4 210 0 0
 2221 46419.000 157037.000 0 0 38.280 35.960 1376.593 37.102 0 1 4 210 0 0
 2222 46366.000 156986.000 0 0 60.093 56.559 3398.858 58.299 0 1 4 210 0 0
 2223 46323.000 156945.000 0 0 8.186 7.717 63.179 7.948 0 1 4 210 0 0
 2224 46270.000 156895.000 0 0 16.359 15.449 252.744 15.897 0 1 4 210 0 0
 2225 46153.000 156786.000 0 0 8.163 7.741 63.200 7.949 0 1 4 210 0 0
 2226 46039.000 156677.000 0 0 13.580 12.929 175.592 13.251 0 1 4 210 0 0
 2227 45868.000 156515.000 0 0 10.833 10.376 112.413 10.602 0 1 4 210 0 0
 2228 45818.000 156467.000 0 0 13.530 12.982 175.659 13.253 0 1 4 210 0 0
 2229 31972.000 138779.000 0 0 9.291 16.300 151.462 12.306 0 1 4 210 0 0
 2230 31952.000 138745.000 0 0 14.854 26.088 387.522 19.685 0 1 4 210 0 0
 2231 31879.000 138615.000 0 0 9.252 16.322 151.028 12.289 0 1 4 210 0 0
 2232 31824.000 138520.000 0 0 9.229 16.335 150.778 12.279 0 1 4 210 0 0
 2233 31801.000 138479.000 0 0 11.064 19.609 216.964 14.729 0 1 4 210 0 0
 2234 31743.000 138373.000 0 0 5.516 9.813 54.138 7.357 0 1 4 210 0 0
 2235 31690.000 138282.000 0 0 93.590 167.001 15629.683 125.018 0 1 4 210 0 0
 2236 31628.000 138173.000 0 0 20.132 36.058 725.932 26.943 0 1 4 210 0 0
 2237 31590.000 138107.000 0 0 7.304 13.113 95.790 9.787 0 1 4 210 0 0
 2238 31482.000 137909.000 0 0 207.167 374.441 77572.039 278.517 0 1 4 210 0 0
 2239 31175.000 137350.000 0 0 377.792 696.150 263000.343 512.835 0 1 4 210 0 0
 2240 30911.000 136866.000 0 0 137.847 258.332 35610.632 188.707 0 1 4 210 0 0
 2241 30784.000 136629.000 0 0 29.849 56.405 1683.694 41.032 0 1 4 210 0 0
 2242 30715.000 136501.000 0 0 6.996 13.281 92.926 9.639 0 1 4 210 0 0
 2243 30651.000 136379.000 0 0 27.902 53.190 1484.145 38.524 0 1 4 210 0 0
 2244 30499.000 136088.000 0 0 10.376 19.984 207.370 14.400 0 1 4 210 0 0
 2245 104966.000 21372.000 0 0 309.091 19.523 6034.627 77.682 0 1 1 210 0 0
 2246 131133.000 171986.000 0 0 272.617 117.904 32142.774 179.284 0 1 5 210 0 0
 2247 129541.000 172651.000 0 0 268.170 109.044 29242.595 171.004 0 1 5 210 0 0
 2248 128766.000 172959.000 0 0 17.490 6.896 120.620 10.982 0 1 5 210 0 0
 2249 128609.000 173022.000 0 0 262.532 102.858 27003.740 164.328 0 1 5 210 0 0
 2250 48873.000 159463.000 0 0 17.097 14.700 251.347 15.853 0 1 4 210 0 0
 2251 48763.000 159369.000 0 0 19.915 17.187 342.310 18.501 0 1 4 210 0 0
 2252 48682.000 159298.000 0 0 28.431 24.604 699.549 26.448 0 1 4 210 0 0
 2253 48642.000 159263.000 0 0 11.360 9.844 111.838 10.575 0 1 4 210 0 0
 2254 47966.000 158670.000 0 0 658.120 583.683 384134.021 619.785 0 1 4 210 0 0
 2255 47546.000 158298.000 0 0 58.682 52.801 3098.531 55.664 0 1 4 210 0 0
 2256 47498.000 158255.000 0 0 25.139 22.656 569.575 23.865 0 1 4 210 0 0
 2257 47458.000 158220.000 0 0 47.444 42.817 2031.467 45.071 0 1 4 210 0 0
 2258 47371.000 158140.000 0 0 100.330 90.821 9112.230 95.458 0 1 4 210 0 0
 2259 47310.000 158086.000 0 0 13.918 12.625 175.719 13.255 0 1 4 210 0 0
 2260 47283.000 158062.000 0 0 16.694 15.157 253.058 15.907 0 1 4 210 0 0
 2261 47266.000 158046.000 0 0 13.908 12.635 175.745 13.256 0 1 4 210 0 0
 2262 47207.000 157992.000 0 0 36.142 32.902 1189.178 34.484 0 1 4 210 0 0
 2263 46943.000 157750.000 0 0 13.837 12.713 175.918 13.263 0 1 4 210 0 0
 2264 31069.000 137514.000 0 0 17.986 33.050 594.462 24.381 0 1 4 210 0 0
 2265 31047.000 137472.000 0 0 12.570 23.130 290.761 17.051 0 1 4 210 0 0
 2266 31020.000 137425.000 0 0 8.967 16.528 148.220 12.174 0 1 4 210 0 0
 2267 30972.000 137336.000 0 0 23.269 43.020 1001.044 31.639 0 1 4 210 0 0
 2268 30949.000 137293.000 0 0 12.510 23.163 289.784 17.023 0 1 4 210 0 0
 2269 30911.000 137223.000 0 0 30.333 56.302 1707.866 41.326 0 1 4 210 0 0
 2270 30882.000 137171.000 0 0 8.906 16.561 147.508 12.145 0 1 4 210 0 0
 2271 30851.000 137116.000 0 0 24.910 46.409 1156.095 34.001 0 1 4 210 0 0
 2272 30811.000 137041.000 0 0 19.535 36.489 712.821 26.698 0 1 4 210 0 0
 2273 30746.000 136920.000 0 0 106.192 199.195 21153.020 145.440 0 1 4 210 0 0
 2274 30555.000 136561.000 0 0 189.286 359.537 68055.773 260.875 0 1 4 210 0 0
 2275 30270.000 136014.000 0 0 277.955 538.169 149587.100 386.764 0 1 4 210 0 0
 2276 30053.000 135594.000 0 0 143.328 281.656 40369.320 200.921 0 1 4 210 0 0
 2277 29953.000 135398.000 0 0 16.972 33.585 570.014 23.874 0 1 4 210 0 0
 2278 104890.000 21199.000 0 0 287.076 17.816 5114.630 71.516 0 1 1 210 0 0
 2279 131115.000 172179.000 0 0 273.348 117.835 32210.024 179.471 0 1 5 210 0 0
 2280 129512.000 172846.000 0 0 286.346 116.008 33218.658 182.259 0 1 5 210 0 0
 2281 128586.000 173211.000 0 0 298.315 116.481 34748.363 186.409 0 1 5 210 0 0
 2282 49702.000 160383.000 0 0 11.574 9.641 111.600 10.564 0 1 4 210 0 0
 2283 49468.000 160188.000 0 0 37.511 31.493 1181.348 34.370 0 1 4 210 0 0
 2284 49381.000 160115.000 0 0 20.166 16.980 342.432 18.504 0 1 4 210 0 0
 2285 49325.000 160068.000 0 0 17.271 14.570 251.663 15.863 0 1 4 210 0 0
 2286 49152.000 159921.000 0 0 178.095 151.128 26915.338 164.058 0 1 4 210 0 0
 2287 48649.000 159493.000 0 0 285.193 246.161 70203.621 264.959 0 1 4 210 0 0
 2288 48162.000 159071.000 0 0 36.814 32.307 1189.391 34.487 0 1 4 210 0 0
 2289 48111.000 159026.000 0 0 59.416 52.232 3103.465 55.708 0 1 4 210 0 0
 2290 48064.000 158987.000 0 0 8.480 7.466 63.320 7.957 0 1 4 210 0 0
 2291 48015.000 158942.000 0 0 22.597 19.929 450.362 21.221 0 1 4 210 0 0
 2292 47982.000 158912.000 0 0 16.939 14.957 253.365 15.917 0 1 4 210 0 0
 2293 47800.000 158752.000 0 0 11.262 10.006 112.691 10.615 0 1 4 210 0 0
 2294 30382.000 136598.000 0 0 5.261 10.008 52.663 7.256 0 1 4 210 0 0
 2295 30357.000 136547.000 0 0 5.254 10.012 52.608 7.253 0 1 4 210 0 0
 2296 30325.000 136491.000 0 0 5.246 10.016 52.552 7.249 0 1 4 210 0 0
 2297 30197.000 136246.000 0 0 13.895 26.760 371.871 19.283 0 1 4 210 0 0
 2298 30159.000 136174.000 0 0 22.544 43.527 981.306 31.325 0 1 4 210 0 0
 2299 30059.000 135978.000 0 0 165.569 321.869 53291.741 230.850 0 1 4 210 0 0
 2300 29793.000 135457.000 0 0 355.250 703.397 249882.395 499.882 0 1 4 210 0 0
 2301 29414.000 134704.000 0 0 91.497 186.097 17027.380 130.489 0 1 4 210 0 0
 2302 29289.000 134452.000 0 0 72.669 149.151 10838.732 104.109 0 1 4 210 0 0
 2303 29213.000 134298.000 0 0 24.662 50.901 1255.366 35.431 0 1 4 210 0 0
 2304 104784.000 21021.000 0 0 272.584 16.512 4500.940 67.089 0 1 1 210 0 0
 2305 131077.000 172380.000 0 0 281.044 120.670 33913.623 184.156 0 1 5 210 0 0
 2306 129474.000 173045.000 0 0 308.139 124.337 38313.263 195.737 0 1 5 210 0 0
 2307 128562.000 173404.000 0 0 323.726 125.963 40777.581 201.934 0 1 5 210 0 0
 2308 50549.000 161294.000 0 0 11.749 9.479 111.377 10.553 0 1 4 210 0 0
 2309 50346.000 161132.000 0 0 26.380 21.427 565.278 23.775 0 1 4 210 0 0
 2310 50193.000 161008.000 0 0 14.618 11.934 174.460 13.208 0 1 4 210 0 0
 2311 50062.000 160901.000 0 0 43.792 35.909 1572.555 39.655 0 1 4 210 0 0
 2312 49944.000 160803.000 0 0 110.755 91.179 10098.650 100.492 0 1 4 210 0 0
 2313 49511.000 160445.000 0 0 356.405 297.701 106102.481 325.733 0 1 4 210 0 0
 2314 49235.000 160214.000 0 0 187.622 158.180 29678.252 172.273 0 1 4 210 0 0
 2315 49056.000 160063.000 0 0 149.718 126.987 19012.370 137.885 0 1 4 210 0 0
 2316 48654.000 159722.000 0 0 14.310 12.303 176.062 13.268 0 1 4 210 0 0
 2317 29474.000 135207.000 0 0 11.810 23.658 279.420 16.715 0 1 4 210 0 0
 2318 29120.000 134489.000 0 0 376.959 774.697 292029.432 540.397 0 1 4 210 0 0
 2319 28877.000 133992.000 0 0 87.990 184.103 16199.266 127.276 0 1 4 210 0 0
 2320 28761.000 133753.000 0 0 12.940 27.311 353.418 18.799 0 1 4 210 0 0
 2321 28713.000 133648.000 0 0 40.329 85.440 3445.748 58.700 0 1 4 210 0 0
 2322 28629.000 133473.000 0 0 16.049 34.219 549.198 23.434 0 1 4 210 0 0
 2323 104692.000 20847.000 0 0 280.774 16.644 4673.396 68.362 0 1 1 210 0 0
 2324 104845.000 20856.000 0 0 11.397 0.697 7.953 2.820 0 1 1 210 0 0
 2325 131049.000 172577.000 0 0 281.809 120.560 33974.987 184.323 0 1 5 210 0 0
 2326 129444.000 173239.000 0 0 291.401 117.149 34137.704 184.763 0 1 5 210 0 0
 2327 128549.000 173592.000 0 0 261.054 101.273 26437.878 162.597 0 1 5 210 0 0
 2328 128400.000 173650.000 0 0 21.185 8.169 173.076 13.155 0 1 5 210 0 0
 2329 51146.000 161985.000 0 0 14.852 11.706 173.864 13.185 0 1 4 210 0 0
 2330 50606.000 161558.000 0 0 215.426 172.855 37237.645 192.970 0 1 4 210 0 0
 2331 50140.000 161181.000 0 0 709.758 578.426 410543.096 640.736 0 1 4 210 0 0
 2332 49527.000 160680.000 0 0 32.001 26.618 851.841 29.186 0 1 4 210 0 0
 2333 49485.000 160644.000 0 0 23.249 19.366 450.270 21.219 0 1 4 210 0 0
 2334 49396.000 160570.000 0 0 14.513 12.125 175.981 13.265 0 1 4 210 0 0
 2335 29005.000 134646.000 0 0 9.961 20.413 203.358 14.260 0 1 4 210 0 0
 2336 28973.000 134581.000 0 0 6.628 13.615 90.251 9.500 0 1 4 210 0 0
 2337 28939.000 134511.000 0 0 8.269 17.027 140.803 11.866 0 1 4 210 0 0
 2338 28929.000 134489.000 0 0 9.916 20.435 202.655 14.235 0 1 4 210 0 0
 2339 28909.000 134450.000 0 0 24.772 51.119 1266.346 35.585 0 1 4 210 0 0
 2340 28881.000 134392.000 0 0 14.841 30.690 455.500 21.342 0 1 4 210 0 0
 2341 28854.000 134340.000 0 0 6.582 13.637 89.773 9.474 0 1 4 210 0 0
 2342 28833.000 134296.000 0 0 14.800 30.711 454.534 21.319 0 1 4 210 0 0
 2343 28813.000 134254.000 0 0 22.989 47.777 1098.381 33.141 0 1 4 210 0 0
 2344 28789.000 134202.000 0 0 19.676 40.968 806.118 28.392 0 1 4 210 0 0
 2345 28497.000 133580.000 0 0 542.492 1155.153 626662.113 791.619 0 1 4 210 0 0
 2346 28177.000 132906.000 0 0 12.615 27.535 347.373 18.637 0 1 4 210 0 0
 2347 28129.000 132800.000 0 0 7.859 17.221 135.345 11.633 0 1 4 210 0 0
 2348 28059.000 132647.000 0 0 9.387 20.685 194.179 13.934 0 1 4 210 0 0
 2349 104472.000 20663.000 0 0 11.424 0.644 7.359 2.712 0 1 1 210 0 0
 2350 104615.000 20671.000 0 0 243.381 14.160 3446.467 58.706 0 1 1 210 0 0
 2351 131014.000 172777.000 0 0 289.563 123.399 35732.062 189.029 0 1 5 210 0 0
 2352 129419.000 173433.000 0 0 285.136 114.232 32571.734 180.476 0 1 5 210 0 0
 2353 128507.000 173790.000 0 0 297.130 114.788 34107.150 184.681 0 1 5 210 0 0
 2354 51793.000 162704.000 0 0 15.024 11.550 173.551 13.173 0 1 4 210 0 0
 2355 51632.000 162580.000 0 0 11.996 9.271 111.223 10.546 0 1 4 210 0 0
 2356 51500.000 162478.000 0 0 71.873 55.793 4010.065 63.325 0 1 4 210 0 0
 2357 51259.000 162290.000 0 0 50.761 39.720 2016.263 44.902 0 1 4 210 0 0
 2358 50961.000 162056.000 0 0 526.541 416.097 219092.976 468.073 0 1 4 210 0 0
 2359 50514.000 161702.000 0 0 189.302 151.823 28740.569 169.530 0 1 4 210 0 0
 2360 50375.000 161591.000 0 0 14.758 11.890 175.483 13.247 0 1 4 210 0 0
 2361 50310.000 161540.000 0 0 79.656 64.317 5123.317 71.577 0 1 4 210 0 0
 2362 50214.000 161462.000 0 0 29.468 23.870 703.438 26.522 0 1 4 210 0 0
 2363 50175.000 161432.000 0 0 23.551 19.101 449.883 21.210 0 1 4 210 0 0
 2364 50131.000 161395.000 0 0 29.436 23.910 703.838 26.529 0 1 4 210 0 0
 2365 28322.000 133618.000 0 0 12.888 27.480 354.174 18.819 0 1 4 210 0 0
 2366 28249.000 133466.000 0 0 6.415 13.753 88.232 9.393 0 1 4 210 0 0
 2367 28227.000 133417.000 0 0 30.435 65.368 1989.498 44.603 0 1 4 210 0 0
 2368 28138.000 133222.000 0 0 144.930 313.490 45434.208 213.153 0 1 4 210 0 0
 2369 27889.000 132683.000 0 0 285.145 629.135 179395.494 423.551 0 1 4 210 0 0
 2370 27715.000 132301.000 0 0 49.549 110.884 5494.289 74.123 0 1 4 210 0 0
 2371 27665.000 132190.000 0 0 9.255 20.798 192.510 13.874 0 1 4 210 0 0
 2372 27612.000 132073.000 0 0 23.063 52.052 1200.509 34.648 0 1 4 210 0 0
 2373 27525.000 131876.000 0 0 4.582 10.419 47.751 6.910 0 1 4 210 0 0
 2374 104520.000 20495.000 0 0 262.990 14.952 3932.476 62.709 0 1 1 210 0 0
 2375 130982.000 172976.000 0 0 304.350 129.214 39326.470 198.309 0 1 5 210 0 0
 2376 129387.000 173628.000 0 0 296.477 118.333 35083.289 187.305 0 1 5 210 0 0
 2377 128478.000 173982.000 0 0 297.903 114.674 34161.930 184.829 0 1 5 210 0 0
 2378 52262.000 163274.000 0 0 30.337 22.888 694.390 26.351 0 1 4 210 0 0
 2379 52144.000 163184.000 0 0 54.518 41.292 2251.209 47.446 0 1 4 210 0 0
 2380 51627.000 162789.000 0 0 860.856 663.210 570929.316 755.598 0 1 4 210 0 0
 2381 51044.000 162339.000 0 0 268.958 211.218 56809.075 238.346 0 1 4 210 0 0
 2382 50859.000 162192.000 0 0 11.921 9.419 112.299 10.597 0 1 4 210 0 0
 2383 50668.000 162043.000 0 0 14.866 11.820 175.728 13.256 0 1 4 210 0 0
 2384 27748.000 132786.000 0 0 7.855 17.312 136.004 11.662 0 1 4 210 0 0
 2385 27684.000 132645.000 0 0 12.515 27.724 346.992 18.627 0 1 4 210 0 0
 2386 27619.000 132501.000 0 0 23.371 52.047 1216.410 34.877 0 1 4 210 0 0
 2387 27599.000 132455.000 0 0 7.776 17.348 134.913 11.615 0 1 4 210 0 0
 2388 27533.000 132312.000 0 0 105.328 236.218 24880.554 157.735 0 1 4 210 0 0
 2389 27383.000 131975.000 0 0 177.806 403.799 71798.301 267.952 0 1 4 210 0 0
 2390 27202.000 131563.000 0 0 163.413 376.898 61590.114 248.173 0 1 4 210 0 0
 2391 27095.000 131321.000 0 0 13.516 31.461 425.244 20.621 0 1 4 210 0 0
 2392 27054.000 131222.000 0 0 28.436 66.437 1889.224 43.465 0 1 4 210 0 0
 2393 104418.000 20319.000 0 0 244.460 13.554 3313.632 57.564 0 1 1 210 0 0
 2394 130953.000 173173.000 0 0 287.630 121.670 34996.183 187.072 0 1 5 210 0 0
 2395 129358.000 173823.000 0 0 311.421 123.846 38568.354 196.388 0 1 5 210 0 0
 2396 128440.000 174180.000 0 0 312.928 119.974 37543.633 193.761 0 1 5 210 0 0
 2397 52762.000 163860.000 0 0 30.618 22.648 693.473 26.333 0 1 4 210 0 0
 2398 52647.000 163773.000 0 0 85.603 63.562 5441.150 73.764 0 1 4 210 0 0
 2399 51960.000 163256.000 0 0 967.329 734.644 710642.827 842.996 0 1 4 210 0 0
 2400 51452.000 162871.000 0 0 18.077 13.959 252.350 15.885 0 1 4 210 0 0
 2401 51420.000 162846.000 0 0 33.144 25.620 849.167 29.140 0 1 4 210 0 0
 2402 51363.000 162802.000 0 0 21.067 16.315 343.731 18.539 0 1 4 210 0 0
 2403 51235.000 162702.000 0 0 18.029 14.021 252.801 15.899 0 1 4 210 0 0
 2404 27231.000 132053.000 0 0 19.976 45.351 905.963 30.099 0 1 4 210 0 0
 2405 27193.000 131966.000 0 0 12.255 27.912 342.079 18.495 0 1 4 210 0 0
 2406 27141.000 131851.000 0 0 9.158 20.949 191.861 13.851 0 1 4 210 0 0
 2407 27119.000 131799.000 0 0 12.191 27.941 340.639 18.456 0 1 4 210 0 0
 2408 27107.000 131768.000 0 0 7.612 17.466 132.955 11.530 0 1 4 210 0 0
 2409 27047.000 131634.000 0 0 103.119 237.802 24522.017 156.595 0 1 4 210 0 0
 2410 26972.000 131464.000 0 0 40.726 94.525 3849.740 62.046 0 1 4 210 0 0
 2411 26841.000 131157.000 0 0 219.554 515.533 113187.914 336.434 0 1 4 210 0 0
 2412 26658.000 130729.000 0 0 73.652 175.789 12947.254 113.786 0 1 4 210 0 0
 2413 26587.000 130562.000 0 0 13.188 31.680 417.828 20.440 0 1 4 210 0 0
 2414 26518.000 130396.000 0 0 4.369 10.564 46.166 6.794 0 1 4 210 0 0
 2415 104332.000 20144.000 0 0 271.804 14.747 4008.503 63.312 0 1 1 210 0 0
 2416 130937.000 173363.000 0 0 274.314 115.679 31732.627 178.136 0 1 5 210 0 0
 2417 129319.000 174021.000 0 0 287.418 113.843 32720.689 180.888 0 1 5 210 0 0
 2418 128400.000 174378.000 0 0 303.068 115.722 35071.771 187.274 0 1 5 210 0 0
 2419 53197.000 164387.000 0 0 21.599 15.700 339.116 18.415 0 1 4 210 0 0
 2420 53035.000 164269.000 0 0 221.815 162.094 35955.098 189.618 0 1 4 210 0 0
 2421 52697.000 164022.000 0 0 441.945 326.537 144311.730 379.883 0 1 4 210 0 0
 2422 52253.000 163693.000 0 0 177.095 132.758 23510.850 153.332 0 1 4 210 0 0
 2423 52044.000 163536.000 0 0 57.866 43.677 2527.454 50.273 0 1 4 210 0 0
 2424 51992.000 163498.000 0 0 30.444 23.017 700.777 26.472 0 1 4 210 0 0
 2425 51945.000 163460.000 0 0 30.426 23.040 701.061 26.477 0 1 4 210 0 0
 2426 51887.000 163416.000 0 0 12.156 9.222 112.116 10.588 0 1 4 210 0 0
 2427 26735.000 131342.000 0 0 7.510 17.555 131.841 11.482 0 1 4 210 0 0
 2428 26691.000 131241.000 0 0 16.476 38.662 637.005 25.238 0 1 4 210 0 0
 2429 26671.000 131195.000 0 0 7.474 17.570 131.334 11.460 0 1 4 210 0 0
 2430 26632.000 131102.000 0 0 8.942 21.095 188.659 13.735 0 1 4 210 0 0
 2431 26622.000 131079.000 0 0 7.446 17.582 130.934 11.442 0 1 4 210 0 0
 2432 26584.000 130989.000 0 0 20.798 49.273 1024.803 32.012 0 1 4 210 0 0
 2433 26377.000 130492.000 0 0 323.047 779.979 251970.339 501.966 0 1 4 210 0 0
 2434 26006.000 129596.000 0 0 8.509 21.275 181.055 13.455 0 1 4 210 0 0
 2435 104230.000 19969.000 0 0 241.679 12.776 3087.771 55.567 0 1 1 210 0 0
 2436 104364.000 19975.000 0 0 19.193 1.046 20.093 4.482 0 1 1 210 0 0
 2437 130901.000 173564.000 0 0 289.167 121.466 35124.208 187.414 0 1 5 210 0 0
 2438 129290.000 174214.000 0 0 313.073 123.559 38683.177 196.680 0 1 5 210 0 0
 2439 128380.000 174567.000 0 0 303.841 115.640 35136.242 187.446 0 1 5 210 0 0
 2440 53930.000 165121.000 0 0 15.603 11.038 172.249 13.124 0 1 4 210 0 0
 2441 53802.000 165030.000 0 0 21.814 15.497 338.074 18.386 0 1 4 210 0 0
 2442 53730.000 164979.000 0 0 15.569 11.086 172.620 13.138 0 1 4 210 0 0
 2443 53622.000 164903.000 0 0 43.559 31.126 1355.881 36.822 0 1 4 210 0 0
 2444 53179.000 164581.000 0 0 699.669 507.256 354912.141 595.745 0 1 4 210 0 0
 2445 52800.000 164309.000 0 0 27.751 20.368 565.272 23.775 0 1 4 210 0 0
 2446 52732.000 164259.000 0 0 30.809 22.663 698.255 26.424 0 1 4 210 0 0
 2447 52693.000 164232.000 0 0 30.796 22.681 698.527 26.429 0 1 4 210 0 0
 2448 52643.000 164193.000 0 0 15.381 11.347 174.539 13.211 0 1 4 210 0 0
 2449 52563.000 164135.000 0 0 27.676 20.471 566.580 23.802 0 1 4 210 0 0
 2450 52473.000 164068.000 0 0 21.492 15.943 342.652 18.510 0 1 4 210 0 0
 2451 26254.000 130647.000 0 0 13.225 31.824 420.888 20.515 0 1 4 210 0 0
 2452 26202.000 130520.000 0 0 11.700 28.292 331.053 18.194 0 1 4 210 0 0
 2453 26168.000 130438.000 0 0 16.052 38.938 625.060 25.001 0 1 4 210 0 0
 2454 26130.000 130346.000 0 0 16.004 38.958 623.490 24.969 0 1 4 210 0 0
 2455 26087.000 130241.000 0 0 60.889 148.821 9061.603 95.192 0 1 4 210 0 0
 2456 25810.000 129563.000 0 0 153.060 384.103 58790.826 242.468 0 1 4 210 0 0
 2457 25721.000 129341.000 0 0 19.692 49.852 981.740 31.332 0 1 4 210 0 0
 2458 104140.000 19794.000 0 0 265.307 13.696 3633.786 60.280 0 1 1 210 0 0
 2459 130873.000 173758.000 0 0 261.646 109.519 28655.311 169.278 0 1 5 210 0 0
 2460 129254.000 174411.000 0 0 310.337 122.008 37863.604 194.585 0 1 5 210 0 0
 2461 128347.000 174761.000 0 0 290.292 110.071 31952.859 178.753 0 1 5 210 0 0
 2462 53878.000 165289.000 0 0 782.442 552.749 432494.772 657.643 0 1 4 210 0 0
 2463 53385.000 164941.000 0 0 77.834 55.870 4348.612 65.944 0 1 4 210 0 0
 2464 53304.000 164883.000 0 0 40.436 29.102 1176.820 34.304 0 1 4 210 0 0
 2465 53259.000 164852.000 0 0 15.539 11.199 174.036 13.192 0 1 4 210 0 0
 2466 25715.000 129783.000 0 0 8.563 21.359 182.916 13.524 0 1 4 210 0 0
 2467 25688.000 129719.000 0 0 17.097 42.752 730.970 27.036 0 1 4 210 0 0
 2468 25655.000 129633.000 0 0 42.616 106.919 4556.593 67.502 0 1 4 210 0 0
 2469 25578.000 129439.000 0 0 103.023 260.443 26831.825 163.804 0 1 4 210 0 0
 2470 25330.000 128810.000 0 0 120.150 311.408 37415.866 193.431 0 1 4 210 0 0
 2471 25256.000 128621.000 0 0 21.952 57.328 1258.489 35.475 0 1 4 210 0 0
 2472 25215.000 128513.000 0 0 10.931 28.671 313.415 17.703 0 1 4 210 0 0
 2473 25163.000 128377.000 0 0 8.159 21.518 175.575 13.250 0 1 4 210 0 0
 2474 104050.000 19620.000 0 0 269.718 13.592 3666.171 60.548 0 1 1 210 0 0
 2475 130829.000 173960.000 0 0 290.725 121.184 35231.322 187.700 0 1 5 210 0 0
 2476 129228.000 174604.000 0 0 307.567 120.496 37060.633 192.511 0 1 5 210 0 0
 2477 128309.000 174957.000 0 0 312.611 118.065 36908.626 192.116 0 1 5 210 0 0
 2478 55163.000 166382.000 0 0 12.724 8.594 109.369 10.457 0 1 4 210 0 0
 2479 54891.000 166200.000 0 0 12.689 8.647 109.730 10.475 0 1 4 210 0 0
 2480 54335.000 165816.000 0 0 959.146 665.489 638301.897 798.937 0 1 4 210 0 0
 2481 53838.000 165471.000 0 0 9.412 6.636 62.467 7.903 0 1 4 210 0 0
 2482 53800.000 165445.000 0 0 59.605 42.077 2508.038 50.080 0 1 4 210 0 0
 2483 53732.000 165397.000 0 0 56.427 39.921 2252.694 47.462 0 1 4 210 0 0
 2484 25222.000 129000.000 0 0 18.073 46.603 842.311 29.022 0 1 4 210 0 0
 2485 25193.000 128927.000 0 0 22.186 57.377 1273.023 35.679 0 1 4 210 0 0
 2486 25128.000 128759.000 0 0 97.880 254.822 24942.213 157.931 0 1 4 210 0 0
 2487 24984.000 128384.000 0 0 160.558 424.328 68129.452 261.016 0 1 4 210 0 0
 2488 24859.000 128054.000 0 0 84.725 226.931 19226.843 138.660 0 1 4 210 0 0
 2489 24771.000 127818.000 0 0 50.671 137.031 6943.575 83.328 0 1 4 210 0 0
 2490 103963.000 19445.000 0 0 270.304 13.298 3594.588 59.954 0 1 1 210 0 0
 2491 130802.000 174155.000 0 0 287.939 119.603 34438.504 185.576 0 1 5 210 0 0
 2492 129199.000 174798.000 0 0 319.119 124.574 39754.318 199.384 0 1 5 210 0 0
 2493 128279.000 175148.000 0 0 306.209 115.230 35284.791 187.842 0 1 5 210 0 0
 2494 55407.000 166751.000 0 0 9.596 6.411 61.525 7.843 0 1 4 210 0 0
 2495 55258.000 166652.000 0 0 15.970 10.720 171.217 13.084 0 1 4 210 0 0
 2496 54800.000 166341.000 0 0 893.642 608.869 544111.591 737.639 0 1 4 210 0 0
 2497 54322.000 166016.000 0 0 37.979 26.279 998.070 31.592 0 1 4 210 0 0
 2498 54291.000 165995.000 0 0 15.813 10.952 173.193 13.160 0 1 4 210 0 0
 2499 24840.000 128486.000 0 0 17.753 46.842 831.615 28.837 0 1 4 210 0 0
 2500 24784.000 128336.000 0 0 76.065 201.907 15358.249 123.928 0 1 4 210 0 0
 2501 24662.000 128012.000 0 0 159.797 429.760 68674.556 262.058 0 1 4 210 0 0
 2502 24487.000 127542.000 0 0 75.260 206.342 15529.461 124.617 0 1 4 210 0 0
 2503 24410.000 127331.000 0 0 14.414 39.865 574.626 23.971 0 1 4 210 0 0
 2504 24369.000 127224.000 0 0 13.053 36.262 473.336 21.756 0 1 4 210 0 0
 2505 24341.000 127145.000 0 0 5.203 14.503 75.467 8.687 0 1 4 210 0 0
 2506 103869.000 19270.000 0 0 274.778 13.170 3618.854 60.156 0 1 1 210 0 0
 2507 130765.000 174355.000 0 0 292.276 120.934 35346.297 188.006 0 1 5 210 0 0
 2508 129152.000 174999.000 0 0 319.974 124.377 39797.764 199.493 0 1 5 210 0 0
 2509 128252.000 175342.000 0 0 292.547 109.702 32093.125 179.145 0 1 5 210 0 0
 2510 55849.000 167247.000 0 0 12.890 8.463 109.098 10.444 0 1 4 210 0 0
 2511 55743.000 167177.000 0 0 19.315 12.725 245.801 15.678 0 1 4 210 0 0
 2512 55187.000 166806.000 0 0 813.447 545.654 443860.812 666.228 0 1 4 210 0 0
 2513 54726.000 166499.000 0 0 12.747 8.678 110.626 10.517 0 1 4 210 0 0
 2514 24456.000 127948.000 0 0 16.078 43.461 698.803 26.434 0 1 4 210 0 0
 2515 24434.000 127891.000 0 0 17.382 47.094 818.625 28.611 0 1 4 210 0 0
 2516 24354.000 127673.000 0 0 19.899 54.394 1082.412 32.900 0 1 4 210 0 0
 2517 24315.000 127568.000 0 0 54.186 148.761 8060.830 89.782 0 1 4 210 0 0
 2518 24219.000 127303.000 0 0 82.457 228.863 18871.462 137.373 0 1 4 210 0 0
 2519 24062.000 126868.000 0 0 103.038 291.222 30007.155 173.225 0 1 4 210 0 0
 2520 23951.000 126556.000 0 0 6.363 18.222 115.953 10.768 0 1 4 210 0 0
 2521 23925.000 126481.000 0 0 5.076 14.582 74.025 8.603 0 1 4 210 0 0
 2522 103780.000 19096.000 0 0 290.880 13.591 3953.634 62.877 0 1 1 210 0 0
 2523 130739.000 174549.000 0 0 296.614 122.304 36277.379 190.466 0 1 5 210 0 0
 2524 129124.000 175192.000 0 0 324.403 125.652 40762.106 201.896 0 1 5 210 0 0
 2525 128221.000 175534.000 0 0 307.781 114.995 35393.483 188.131 0 1 5 210 0 0
 2526 56553.000 167906.000 0 0 26.033 16.656 433.638 20.823 0 1 4 210 0 0
 2527 56379.000 167794.000 0 0 29.255 18.824 550.723 23.467 0 1 4 210 0 0
 2528 56303.000 167745.000 0 0 48.714 31.421 1530.658 39.123 0 1 4 210 0 0
 2529 55902.000 167483.000 0 0 747.278 488.324 364914.213 604.081 0 1 4 210 0 0
 2530 55480.000 167209.000 0 0 12.883 8.533 109.945 10.485 0 1 4 210 0 0
 2531 55457.000 167192.000 0 0 9.660 6.403 61.861 7.865 0 1 4 210 0 0
 2532 55412.000 167163.000 0 0 38.639 25.651 991.176 31.482 0 1 4 210 0 0
 2533 55331.000 167109.000 0 0 67.553 44.964 3037.481 55.113 0 1 4 210 0 0
 2534 24023.000 127262.000 0 0 6.532 18.205 118.924 10.905 0 1 4 210 0 0
 2535 23806.000 126651.000 0 0 291.292 832.778 242581.766 492.525 0 1 4 210 0 0
 2536 23523.000 125840.000 0 0 3.714 10.994 40.846 6.391 0 1 4 210 0 0
 2537 103652.000 18920.000 0 0 291.513 13.132 3828.408 61.874 0 1 1 210 0 0
 2538 130703.000 174748.000 0 0 283.076 116.274 32914.719 181.424 0 1 5 210 0 0
 2539 129089.000 175387.000 0 0 299.945 115.740 34715.734 186.321 0 1 5 210 0 0
 2540 128183.000 175730.000 0 0 333.982 124.294 41512.260 203.745 0 1 5 210 0 0
 2541 56942.000 168354.000 0 0 49.151 30.962 1521.842 39.010 0 1 4 210 0 0
 2542 56326.000 167959.000 0 0 840.518 540.157 454012.207 673.804 0 1 4 210 0 0
 2543 23630.000 126667.000 0 0 5.111 14.639 74.835 8.650 0 1 4 210 0 0
 2544 23620.000 126639.000 0 0 8.936 25.622 228.973 15.131 0 1 4 210 0 0
 2545 23603.000 126593.000 0 0 8.920 25.628 228.622 15.120 0 1 4 210 0 0
 2546 23581.000 126532.000 0 0 10.171 29.297 298.009 17.262 0 1 4 210 0 0
 2547 23558.000 126465.000 0 0 30.445 87.936 2677.290 51.742 0 1 4 210 0 0
 2548 23537.000 126403.000 0 0 5.061 14.657 74.183 8.612 0 1 4 210 0 0
 2549 23512.000 126330.000 0 0 37.867 110.001 4165.491 64.540 0 1 4 210 0 0
 2550 23378.000 125941.000 0 0 62.176 183.651 11418.734 106.858 0 1 4 210 0 0
 2551 23247.000 125558.000 0 0 19.603 58.869 1154.023 33.970 0 1 4 210 0 0
 2552 23192.000 125392.000 0 0 29.211 88.358 2581.032 50.803 0 1 4 210 0 0
 2553 103577.000 18746.000 0 0 280.436 12.346 3462.314 58.841 0 1 1 210 0 0
 2554 103725.000 18753.000 0 0 11.700 0.536 6.278 2.505 0 1 1 210 0 0
 2555 130679.000 174941.000 0 0 287.397 117.653 33813.295 183.883 0 1 5 210 0 0
 2556 129070.000 175576.000 0 0 329.682 126.813 41808.204 204.470 0 1 5 210 0 0
 2557 128150.000 175922.000 0 0 305.715 113.353 34654.044 186.155 0 1 5 210 0 0
 2558 57366.000 168817.000 0 0 13.191 8.172 107.808 10.383 0 1 4 210 0 0
 2559 57282.000 168765.000 0 0 75.810 47.095 3570.289 59.751 0 1 4 210 0 0
 2560 56755.000 168432.000 0 0 957.907 605.342 579862.200 761.486 0 1 4 210 0 0
 2561 56239.000 168108.000 0 0 52.238 33.564 1753.392 41.873 0 1 4 210 0 0
 2562 56193.000 168079.000 0 0 19.575 12.596 246.568 15.702 0 1 4 210 0 0
 2563 56159.000 168057.000 0 0 16.307 10.504 171.307 13.088 0 1 4 210 0 0
 2564 56131.000 168039.000 0 0 13.042 8.409 109.676 10.472 0 1 4 210 0 0
 2565 23238.000 126058.000 0 0 4.995 14.714 73.500 8.573 0 1 4 210 0 0
 2566 23219.000 126001.000 0 0 23.681 69.929 1656.042 40.694 0 1 4 210 0 0
 2567 23198.000 125942.000 0 0 13.681 40.504 554.170 23.540 0 1 4 210 0 0
 2568 23056.000 125517.000 0 0 86.848 261.876 22743.513 150.809 0 1 4 210 0 0
 2569 22908.000 125075.000 0 0 34.859 107.175 3736.125 61.123 0 1 4 210 0 0
 2570 22829.000 124830.000 0 0 5.949 18.491 110.017 10.488 0 1 4 210 0 0
 2571 103490.000 18573.000 0 0 281.033 12.046 3385.568 58.185 0 1 1 210 0 0
 2572 130641.000 175141.000 0 0 277.362 113.103 31370.584 177.117 0 1 5 210 0 0
 2573 129031.000 175773.000 0 0 319.648 122.470 39147.336 197.856 0 1 5 210 0 0
 2574 128125.000 176113.000 0 0 291.892 107.861 31484.076 177.437 0 1 5 210 0 0
 2575 57956.000 169378.000 0 0 16.623 10.074 167.472 12.941 0 1 4 210 0 0
 2576 57724.000 169236.000 0 0 9.953 6.077 60.499 7.778 0 1 4 210 0 0
 2577 57547.000 169128.000 0 0 202.146 124.143 25095.197 158.414 0 1 4 210 0 0
 2578 57088.000 168843.000 0 0 706.236 440.214 310896.034 557.580 0 1 4 210 0 0
 2579 56620.000 168553.000 0 0 32.868 20.799 683.638 26.146 0 1 4 210 0 0
 2580 22876.000 125516.000 0 0 8.559 25.871 221.455 14.881 0 1 4 210 0 0
 2581 22862.000 125475.000 0 0 15.877 48.074 763.283 27.627 0 1 4 210 0 0
 2582 22700.000 124984.000 0 0 129.352 400.204 51767.603 227.524 0 1 4 210 0 0
 2583 22592.000 124650.000 0 0 80.352 252.326 20275.120 142.390 0 1 4 210 0 0
 2584 22543.000 124499.000 0 0 7.044 22.271 156.891 12.525 0 1 4 210 0 0
 2585 22507.000 124389.000 0 0 10.524 33.441 351.965 18.760 0 1 4 210 0 0
 2586 22470.000 124271.000 0 0 16.289 52.034 847.640 29.114 0 1 4 210 0 0
 2587 103406.000 18400.000 0 0 293.383 12.248 3593.460 59.945 0 1 1 210 0 0
 2588 130612.000 175335.000 0 0 288.910 117.396 33917.149 184.166 0 1 5 210 0 0
 2589 129000.000 175968.000 0 0 320.470 122.337 39205.720 198.004 0 1 5 210 0 0
 2590 128096.000 176305.000 0 0 299.942 110.442 33126.509 182.006 0 1 5 210 0 0
 2591 58282.000 169771.000 0 0 13.374 7.996 106.955 10.341 0 1 4 210 0 0
 2592 58117.000 169672.000 0 0 50.099 30.117 1508.874 38.844 0 1 4 210 0 0
 2593 57703.000 169421.000 0 0 695.526 423.772 294745.113 542.904 0 1 4 210 0 0
 2594 57318.000 169187.000 0 0 49.750 30.691 1526.941 39.076 0 1 4 210 0 0
 2595 57250.000 169145.000 0 0 46.406 28.692 1331.513 36.489 0 1 4 210 0 0
 2596 57195.000 169111.000 0 0 36.448 22.575 822.817 28.684 0 1 4 210 0 0
 2597 57154.000 169085.000 0 0 13.242 8.213 108.765 10.429 0 1 4 210 0 0
 2598 57130.000 169070.000 0 0 19.859 12.326 244.806 15.646 0 1 4 210 0 0
 2599 22505.000 124935.000 0 0 5.974 18.568 110.944 10.532 0 1 4 210 0 0
 2600 22496.000 124909.000 0 0 5.968 18.570 110.842 10.528 0 1 4 210 0 0
 2601 22457.000 124788.000 0 0 16.637 52.042 865.840 29.425 0 1 4 210 0 0
 2602 22442.000 124743.000 0 0 10.677 33.469 357.374 18.904 0 1 4 210 0 0
 2603 22412.000 124649.000 0 0 46.080 145.047 6683.849 81.754 0 1 4 210 0 0
 2604 22317.000 124352.000 0 0 138.915 443.136 61558.698 248.110 0 1 4 210 0 0
 2605 22205.000 123994.000 0 0 79.363 257.315 20421.421 142.903 0 1 4 210 0 0
 2606 22135.000 123769.000 0 0 10.257 33.602 344.666 18.565 0 1 4 210 0 0
 2607 22098.000 123650.000 0 0 3.400 11.199 38.080 6.170 0 1 4 210 0 0
 2608 103136.000 18219.000 0 0 15.676 0.601 9.426 3.070 0 1 1 210 0 0
 2609 103299.000 18225.000 0 0 278.336 11.229 3125.503 55.906 0 1 1 210 0 0
 2610 130572.000 175535.000 0 0 286.055 115.780 33119.597 181.987 0 1 5 210 0 0
 2611 128965.000 176163.000 0 0 321.295 122.189 39258.767 198.138 0 1 5 210 0 0
 2612 128057.000 176500.000 0 0 282.380 103.565 29244.967 171.011 0 1 5 210 0 0
 2613 127902.000 176556.000 0 0 11.006 4.011 44.151 6.644 0 1 5 210 0 0
 2614 58737.000 170238.000 0 0 10.097 5.932 59.905 7.739 0 1 4 210 0 0
 2615 58364.000 170018.000 0 0 154.400 91.814 14176.218 119.063 0 1 4 210 0 0
 2616 57978.000 169787.000 0 0 475.050 286.049 135888.200 368.630 0 1 4 210 0 0
 2617 57578.000 169546.000 0 0 33.344 20.339 678.228 26.042 0 1 4 210 0 0
 2618 22142.000 124363.000 0 0 23.356 74.641 1743.378 41.753 0 1 4 210 0 0
 2619 22120.000 124291.000 0 0 9.312 29.857 278.063 16.675 0 1 4 210 0 0
 2620 22100.000 124228.000 0 0 27.872 89.613 2497.736 49.977 0 1 4 210 0 0
 2621 21997.000 123895.000 0 0 167.243 545.930 91303.141 302.164 0 1 4 210 0 0
 2622 21881.000 123517.000 0 0 56.366 187.239 10554.086 102.733 0 1 4 210 0 0
 2623 21829.000 123349.000 0 0 8.951 29.969 268.268 16.378 0 1 4 210 0 0
 2624 21783.000 123193.000 0 0 10.009 33.753 337.845 18.380 0 1 4 210 0 0
 2625 103191.000 18051.000 0 0 298.546 11.625 3470.851 58.913 0 1 1 210 0 0
 2626 103351.000 18056.000 0 0 15.707 0.642 10.092 3.176 0 1 1 210 0 0
 2627 130535.000 175732.000 0 0 297.689 120.030 35731.993 189.029 0 1 5 210 0 0
 2628 128932.000 176357.000 0 0 325.768 123.438 40212.496 200.530 0 1 5 210 0 0
 2629 128028.000 176692.000 0 0 294.113 107.489 31614.132 177.803 0 1 5 210 0 0
 2630 59032.000 170606.000 0 0 13.534 7.853 106.290 10.309 0 1 4 210 0 0
 2631 58655.000 170387.000 0 0 576.990 338.923 195555.492 442.216 0 1 4 210 0 0
 2632 58299.000 170177.000 0 0 111.014 65.967 7323.410 85.576 0 1 4 210 0 0
 2633 58211.000 170125.000 0 0 16.802 10.013 168.249 12.971 0 1 4 210 0 0
 2634 58109.000 170064.000 0 0 20.145 12.045 242.662 15.577 0 1 4 210 0 0
 2635 58067.000 170039.000 0 0 47.006 28.143 1322.938 36.372 0 1 4 210 0 0
 2636 21823.000 123908.000 0 0 4.582 14.985 68.679 8.287 0 1 4 210 0 0
 2637 21809.000 123867.000 0 0 9.150 29.976 274.300 16.561 0 1 4 210 0 0
 2638 21779.000 123770.000 0 0 20.509 67.491 1384.247 37.205 0 1 4 210 0 0
 2639 21754.000 123687.000 0 0 6.810 22.498 153.235 12.378 0 1 4 210 0 0
 2640 21711.000 123542.000 0 0 68.842 228.935 15760.541 125.540 0 1 4 210 0 0
 2641 21619.000 123235.000 0 0 111.385 375.732 41850.974 204.575 0 1 4 210 0 0
 2642 21480.000 122773.000 0 0 15.284 52.698 805.467 28.380 0 1 4 210 0 0
 2643 21453.000 122676.000 0 0 7.606 26.349 200.437 14.157 0 1 4 210 0 0
 2644 103115.000 17878.000 0 0 299.176 11.350 3395.677 58.272 0 1 1 210 0 0
 2645 130501.000 175929.000 0 0 280.271 112.587 31554.974 177.637 0 1 5 210 0 0
 2646 128900.000 176552.000 0 0 319.264 120.530 38480.933 196.165 0 1 5 210 0 0
 2647 127998.000 176884.000 0 0 294.849 107.373 31658.985 177.929 0 1 5 210 0 0
 2648 127837.000 176941.000 0 0 18.445 6.673 123.095 11.094 0 1 5 210 0 0
 2649 59568.000 171109.000 0 0 13.630 7.750 105.646 10.278 0 1 4 210 0 0
 2650 59383.000 171004.000 0 0 74.876 42.832 3207.092 56.631 0 1 4 210 0 0
 2651 59007.000 170786.000 0 0 658.304 381.235 250968.703 500.967 0 1 4 210 0 0
 2652 58624.000 170565.000 0 0 20.289 11.897 241.394 15.536 0 1 4 210 0 0
 2653 58565.000 170531.000 0 0 23.660 13.899 328.869 18.134 0 1 4 210 0 0
 2654 21457.000 123292.000 0 0 11.167 37.658 420.552 20.507 0 1 4 210 0 0
 2655 21441.000 123237.000 0 0 7.795 26.353 205.427 14.332 0 1 4 210 0 0
 2656 21414.000 123145.000 0 0 26.625 90.403 2407.075 49.061 0 1 4 210 0 0
 2657 21299.000 122754.000 0 0 57.810 199.947 11559.153 107.513 0 1 4 210 0 0
 2658 21153.000 122251.000 0 0 5.331 18.892 100.730 10.036 0 1 4 210 0 0
 2659 21108.000 122092.000 0 0 5.293 18.903 100.066 10.003 0 1 4 210 0 0
 2660 103020.000 17705.000 0 0 303.768 11.150 3387.200 58.199 0 1 1 210 0 0
 2661 130478.000 176123.000 0 0 295.577 118.343 34979.668 187.028 0 1 5 210 0 0
 2662 128862.000 176747.000 0 0 331.110 124.521 41230.307 203.052 0 1 5 210 0 0
 2663 127959.000 177078.000 0 0 310.368 112.583 34942.333 186.928 0 1 5 210 0 0
 2664 59961.000 171525.000 0 0 34.293 19.197 658.349 25.658 0 1 4 210 0 0
 2665 59598.000 171320.000 0 0 676.939 383.476 259590.128 509.499 0 1 4 210 0 0
 2666 59177.000 171082.000 0 0 146.527 84.151 12330.441 111.042 0 1 4 210 0 0
 2667 59082.000 171028.000 0 0 10.211 5.882 60.072 7.750 0 1 4 210 0 0
 2668 21128.000 122776.000 0 0 7.640 26.458 202.153 14.218 0 1 4 210 0 0
 2669 21112.000 122724.000 0 0 10.895 37.823 412.116 20.300 0 1 4 210 0 0
 2670 20967.000 122217.000 0 0 61.773 219.748 13574.523 116.509 0 1 4 210 0 0
 2671 20901.000 121981.000 0 0 42.147 151.662 6392.161 79.950 0 1 4 210 0 0
 2672 20853.000 121817.000 0 0 42.882 155.565 6670.958 81.675 0 1 4 210 0 0
 2673 102931.000 17532.000 0 0 308.341 10.959 3379.173 58.130 0 1 1 210 0 0
 2674 130450.000 176316.000 0 0 299.984 119.696 35906.908 189.491 0 1 5 210 0 0
 2675 128837.000 176938.000 0 0 324.560 121.649 39482.659 198.702 0 1 5 210 0 0
 2676 127920.000 177273.000 0 0 318.568 115.106 36669.223 191.492 0 1 5 210 0 0
 2677 60367.000 171945.000 0 0 17.238 9.496 163.711 12.794 0 1 4 210 0 0
 2678 60277.000 171896.000 0 0 31.025 17.142 531.848 23.061 0 1 4 210 0 0
 2679 60188.000 171848.000 0 0 34.448 19.088 657.557 25.642 0 1 4 210 0 0
 2680 59825.000 171643.000 0 0 686.870 385.175 264565.883 514.359 0 1 4 210 0 0
 2681 59452.000 171434.000 0 0 34.250 19.441 665.875 25.804 0 1 4 210 0 0
 2682 59401.000 171404.000 0 0 20.531 11.673 239.677 15.481 0 1 4 210 0 0
 2683 59363.000 171383.000 0 0 13.683 7.789 106.590 10.324 0 1 4 210 0 0
 2684 20796.000 122238.000 0 0 9.596 34.179 328.016 18.111 0 1 4 210 0 0
 2685 20780.000 122182.000 0 0 15.950 56.965 908.643 30.143 0 1 4 210 0 0
 2686 20752.000 122078.000 0 0 11.643 41.794 486.653 22.060 0 1 4 210 0 0
 2687 20697.000 121883.000 0 0 92.312 334.531 30881.507 175.731 0 1 4 210 0 0
 2688 20530.000 121280.000 0 0 23.460 87.611 2055.383 45.336 0 1 4 210 0 0
 2689 20480.000 121096.000 0 0 9.104 34.315 312.413 17.675 0 1 4 210 0 0
 2690 102831.000 17358.000 0 0 297.128 10.180 3024.901 54.999 0 1 1 210 0 0
 2691 130406.000 176516.000 0 0 293.439 116.606 34216.931 184.978 0 1 5 210 0 0
 2692 128805.000 177131.000 0 0 314.287 117.374 36889.375 192.066 0 1 5 210 0 0
 2693 127885.000 177466.000 0 0 319.366 114.959 36714.271 191.609 0 1 5 210 0 0
 2694 60815.000 172382.000 0 0 20.812 11.267 234.498 15.313 0 1 4 210 0 0
 2695 60749.000 172348.000 0 0 27.736 15.048 417.385 20.430 0 1 4 210 0 0
 2696 60673.000 172305.000 0 0 20.790 11.308 235.097 15.332 0 1 4 210 0 0
 2697 60311.000 172108.000 0 0 165.920 91.324 15152.684 123.096 0 1 4 210 0 0
 2698 60037.000 171956.000 0 0 362.195 201.157 72858.386 269.922 0 1 4 210 0 0
 2699 59811.000 171831.000 0 0 72.305 40.454 2925.094 54.084 0 1 4 210 0 0
 2700 59746.000 171796.000 0 0 48.185 27.016 1301.813 36.080 0 1 4 210 0 0
 2701 20328.000 121179.000 0 0 106.606 401.033 42752.647 206.767 0 1 4 210 0 0
 2702 20268.000 120959.000 0 0 4.017 15.283 61.404 7.836 0 1 4 210 0 0
 2703 20255.000 120909.000 0 0 4.008 15.286 61.268 7.827 0 1 4 210 0 0
 2704 20233.000 120830.000 0 0 4.991 19.113 95.396 9.767 0 1 4 210 0 0
 2705 20208.000 120731.000 0 0 6.954 26.766 186.149 13.643 0 1 4 210 0 0
 2706 102581.000 17180.000 0 0 15.875 0.494 7.857 2.803 0 1 1 210 0 0
 2707 102734.000 17186.000 0 0 258.061 8.519 2198.576 46.888 0 1 1 210 0 0
 2708 130378.000 176709.000 0 0 290.502 115.044 33420.722 182.813 0 1 5 210 0 0
 2709 128759.000 177329.000 0 0 329.919 122.700 40481.362 201.199 0 1 5 210 0 0
 2710 127875.000 177650.000 0 0 297.788 106.903 31834.524 178.422 0 1 5 210 0 0
 2711 61067.000 172711.000 0 0 27.875 14.926 416.085 20.398 0 1 4 210 0 0
 2712 60819.000 172579.000 0 0 247.018 133.351 32940.192 181.494 0 1 4 210 0 0
 2713 60569.000 172443.000 0 0 239.613 130.423 31251.233 176.780 0 1 4 210 0 0
 2714 60288.000 172290.000 0 0 34.660 19.040 659.947 25.689 0 1 4 210 0 0
 2715 60204.000 172245.000 0 0 20.772 11.442 237.699 15.417 0 1 4 210 0 0
 2716 60113.000 172193.000 0 0 17.298 9.557 165.329 12.858 0 1 4 210 0 0
 2717 20174.000 121261.000 0 0 23.440 88.005 2062.840 45.418 0 1 4 210 0 0
 2718 20104.000 121006.000 0 0 106.745 405.986 43337.212 208.175 0 1 4 210 0 0
 2719 20020.000 120688.000 0 0 55.535 214.696 11923.258 109.193 0 1 4 210 0 0
 2720 19913.000 120265.000 0 0 17.485 69.102 1208.302 34.760 0 1 4 210 0 0
 2721 19835.000 119964.000 0 0 2.870 11.525 33.079 5.751 0 1 4 210 0 0
 2722 102639.000 17012.000 0 0 278.469 8.855 2466.115 49.659 0 1 1 210 0 0
 2723 130335.000 176910.000 0 0 302.320 119.244 36049.891 189.868 0 1 5 210 0 0
 2724 128733.000 177519.000 0 0 315.870 117.081 36982.579 192.308 0 1 5 210 0 0
 2725 127823.000 177849.000 0 0 306.009 109.369 33468.297 182.943 0 1 5 210 0 0
 2726 61509.000 173137.000 0 0 14.019 7.378 103.442 10.170 0 1 4 210 0 0
 2727 61378.000 173069.000 0 0 63.047 33.324 2101.027 45.836 0 1 4 210 0 0
 2728 60960.000 172846.000 0 0 485.401 260.140 126272.659 355.348 0 1 4 210 0 0
 2729 60652.000 172680.000 0 0 24.381 13.199 321.827 17.939 0 1 4 210 0 0
 2730 60584.000 172645.000 0 0 31.349 17.009 533.242 23.092 0 1 4 210 0 0
 2731 19867.000 120774.000 0 0 3.982 15.360 61.170 7.821 0 1 4 210 0 0
 2732 19843.000 120678.000 0 0 14.869 57.638 857.070 29.275 0 1 4 210 0 0
 2733 19687.000 120070.000 0 0 137.585 550.552 75748.000 275.223 0 1 4 210 0 0
 2734 19606.000 119745.000 0 0 20.822 84.778 1765.258 42.014 0 1 4 210 0 0
 2735 102533.000 16838.000 0 0 318.904 9.714 3098.155 55.661 0 1 1 210 0 0
 2736 130317.000 177099.000 0 0 284.588 111.907 31847.657 178.459 0 1 5 210 0 0
 2737 130159.000 177160.000 0 0 14.790 5.781 85.508 9.247 0 1 5 210 0 0
 2738 128691.000 177716.000 0 0 331.570 122.407 40586.670 201.461 0 1 5 210 0 0
 2739 127796.000 178040.000 0 0 317.990 113.263 36016.767 189.780 0 1 5 210 0 0
 2740 61907.000 173537.000 0 0 21.144 10.953 231.596 15.218 0 1 4 210 0 0
 2741 61573.000 173361.000 0 0 611.913 320.529 196136.600 442.873 0 1 4 210 0 0
 2742 61090.000 173110.000 0 0 17.517 9.323 163.328 12.779 0 1 4 210 0 0
 2743 61062.000 173094.000 0 0 17.514 9.330 163.409 12.783 0 1 4 210 0 0
 2744 60855.000 172983.000 0 0 17.487 9.379 164.028 12.807 0 1 4 210 0 0
 2745 19586.000 120363.000 0 0 4.879 19.268 94.014 9.696 0 1 4 210 0 0
 2746 19576.000 120327.000 0 0 3.896 15.416 60.071 7.750 0 1 4 210 0 0
 2747 19550.000 120224.000 0 0 16.480 65.560 1080.501 32.870 0 1 4 210 0 0
 2748 19444.000 119796.000 0 0 192.642 783.923 151016.964 388.609 0 1 4 210 0 0
 2749 19336.000 119364.000 0 0 7.423 30.924 229.582 15.151 0 1 4 210 0 0
 2750 19293.000 119191.000 0 0 3.678 15.470 56.913 7.544 0 1 4 210 0 0
 2751 102441.000 16666.000 0 0 287.615 8.427 2423.851 49.232 0 1 1 210 0 0
 2752 130273.000 177299.000 0 0 289.031 113.195 32717.046 180.878 0 1 5 210 0 0
 2753 128662.000 177908.000 0 0 328.655 120.911 39738.098 199.344 0 1 5 210 0 0
 2754 127757.000 178234.000 0 0 330.029 117.095 38645.064 196.583 0 1 5 210 0 0
 2755 62354.000 173956.000 0 0 21.264 10.824 230.183 15.171 0 1 4 210 0 0
 2756 62202.000 173879.000 0 0 77.908 39.859 3105.417 55.726 0 1 4 210 0 0
 2757 61815.000 173679.000 0 0 685.210 355.117 243329.942 493.284 0 1 4 210 0 0
 2758 61461.000 173496.000 0 0 14.088 7.387 104.080 10.201 0 1 4 210 0 0
 2759 61418.000 173473.000 0 0 21.126 11.093 234.367 15.309 0 1 4 210 0 0
 2760 19327.000 120036.000 0 0 5.761 23.196 133.635 11.560 0 1 4 210 0 0
 2761 19312.000 119972.000 0 0 4.785 19.333 92.524 9.618 0 1 4 210 0 0
 2762 19293.000 119901.000 0 0 7.629 30.941 236.075 15.364 0 1 4 210 0 0
 2763 19232.000 119646.000 0 0 104.541 429.772 44929.237 211.965 0 1 4 210 0 0
 2764 19131.000 119234.000 0 0 90.361 379.910 34329.467 185.282 0 1 4 210 0 0
 2765 19051.000 118907.000 0 0 62.536 267.746 16743.993 129.398 0 1 4 210 0 0
 2766 19004.000 118703.000 0 0 2.689 11.644 31.312 5.595 0 1 4 210 0 0
 2767 102357.000 16493.000 0 0 292.235 8.248 2410.593 49.097 0 1 1 210 0 0
 2768 130244.000 177493.000 0 0 300.896 117.435 35335.881 187.978 0 1 5 210 0 0
 2769 128630.000 178101.000 0 0 321.982 118.033 38004.822 194.948 0 1 5 210 0 0
 2770 127721.000 178426.000 0 0 334.598 118.270 39573.172 198.930 0 1 5 210 0 0
 2771 62780.000 174363.000 0 0 14.254 7.134 101.704 10.084 0 1 4 210 0 0
 2772 62176.000 174057.000 0 0 415.356 212.141 88114.291 296.840 0 1 4 210 0 0
 2773 61912.000 173922.000 0 0 74.410 38.339 2852.877 53.412 0 1 4 210 0 0
 2774 61841.000 173884.000 0 0 17.703 9.143 161.871 12.722 0 1 4 210 0 0
 2775 18984.000 119361.000 0 0 15.778 66.021 1041.708 32.275 0 1 4 210 0 0
 2776 18942.000 119186.000 0 0 46.906 198.166 9295.370 96.412 0 1 4 210 0 0
 2777 18838.000 118737.000 0 0 159.884 692.543 110726.980 332.756 0 1 4 210 0 0
 2778 18748.000 118351.000 0 0 14.075 62.319 877.190 29.617 0 1 4 210 0 0
 2779 18717.000 118223.000 0 0 3.493 15.581 54.427 7.377 0 1 4 210 0 0
 2780 102245.000 16321.000 0 0 276.797 7.427 2055.870 45.341 0 1 1 210 0 0
 2781 102402.000 16324.000 0 0 28.089 0.806 22.650 4.759 0 1 1 210 0 0
 2782 130210.000 177687.000 0 0 297.928 115.857 34517.303 185.788 0 1 5 210 0 0
 2783 128597.000 178294.000 0 0 337.786 123.380 41676.284 204.147 0 1 5 210 0 0
 2784 127702.000 178613.000 0 0 282.634 99.597 28149.678 167.778 0 1 5 210 0 0
 2785 127533.000 178671.000 0 0 30.170 10.559 318.573 17.848 0 1 5 210 0 0
 2786 63160.000 174740.000 0 0 35.835 17.663 632.977 25.159 0 1 4 210 0 0
 2787 63046.000 174684.000 0 0 21.474 10.625 228.177 15.105 0 1 4 210 0 0
 2788 62634.000 174479.000 0 0 174.944 87.769 15354.716 123.914 0 1 4 210 0 0
 2789 62269.000 174295.000 0 0 17.802 9.040 160.947 12.686 0 1 4 210 0 0
 2790 62201.000 174261.000 0 0 24.911 12.679 315.876 17.772 0 1 4 210 0 0
 2791 62069.000 174194.000 0 0 10.666 5.453 58.168 7.626 0 1 4 210 0 0
 2792 18719.000 118977.000 0 0 3.637 15.580 56.681 7.528 0 1 4 210 0 0
 2793 18707.000 118934.000 0 0 6.351 27.270 173.210 13.160 0 1 4 210 0 0
 2794 18696.000 118878.000 0 0 15.384 66.256 1019.327 31.926 0 1 4 210 0 0
 2795 18596.000 118439.000 0 0 182.097 803.881 146384.454 382.602 0 1 4 210 0 0
 2796 18475.000 117918.000 0 0 45.523 207.121 9428.803 97.102 0 1 4 210 0 0
 2797 18443.000 117771.000 0 0 5.109 23.450 119.827 10.946 0 1 4 210 0 0
 2798 102168.000 16148.000 0 0 289.405 7.484 2166.189 46.542 0 1 1 210 0 0
 2799 130177.000 177883.000 0 0 298.681 115.730 34566.480 185.920 0 1 5 210 0 0
 2800 128564.000 178487.000 0 0 327.336 119.127 38994.776 197.470 0 1 5 210 0 0
 2801 127685.000 178799.000 0 0 294.642 103.518 30501.085 174.645 0 1 5 210 0 0
 2802 63492.000 175091.000 0 0 53.995 26.252 1417.518 37.649 0 1 4 210 0 0
 2803 63303.000 175000.000 0 0 17.970 8.793 158.021 12.570 0 1 4 210 0 0
 2804 62997.000 174849.000 0 0 312.153 154.321 48172.122 219.481 0 1 4 210 0 0
 2805 62627.000 174665.000 0 0 25.047 12.536 314.015 17.720 0 1 4 210 0 0
 2806 18427.000 118477.000 0 0 3.541 15.636 55.383 7.441 0 1 4 210 0 0
 2807 18379.000 118261.000 0 0 84.912 379.532 32226.947 179.518 0 1 4 210 0 0
 2808 18257.000 117713.000 0 0 151.143 697.498 105422.053 324.687 0 1 4 210 0 0
 2809 18177.000 117344.000 0 0 3.324 15.684 52.149 7.221 0 1 4 210 0 0
 2810 101937.000 15972.000 0 0 28.207 0.650 18.343 4.282 0 1 1 210 0 0
 2811 102087.000 15977.000 0 0 257.783 6.405 1651.227 40.635 0 1 1 210 0 0
 2812 130147.000 178077.000 0 0 288.199 111.281 32071.406 179.084 0 1 5 210 0 0
 2813 128525.000 178681.000 0 0 346.997 125.801 43652.788 208.932 0 1 5 210 0 0
 2814 127646.000 178994.000 0 0 348.378 121.926 42476.429 206.098 0 1 5 210 0 0
 2815 63879.000 175466.000 0 0 21.699 10.386 225.371 15.012 0 1 4 210 0 0
 2816 63492.000 175279.000 0 0 642.344 311.522 200104.788 447.330 0 1 4 210 0 0
 2817 63018.000 175050.000 0 0 61.160 30.137 1843.216 42.932 0 1 4 210 0 0
 2818 62952.000 175017.000 0 0 57.537 28.415 1634.984 40.434 0 1 4 210 0 0
 2819 62897.000 174989.000 0 0 17.968 8.890 159.747 12.639 0 1 4 210 0 0
 2820 18162.000 118082.000 0 0 4.332 19.609 84.961 9.217 0 1 4 210 0 0
 2821 18146.000 118003.000 0 0 21.578 98.104 2116.926 46.010 0 1 4 210 0 0
 2822 18027.000 117446.000 0 0 214.108 1005.979 215388.537 464.099 0 1 4 210 0 0
 2823 17913.000 116924.000 0 0 3.244 15.735 51.048 7.144 0 1 4 210 0 0
 2824 17869.000 116713.000 0 0 5.606 27.551 154.468 12.428 0 1 4 210 0 0
 2825 101979.000 15803.000 0 0 274.455 6.451 1770.664 42.079 0 1 1 210 0 0
 2826 130113.000 178271.000 0 0 273.903 105.379 28863.912 169.893 0 1 5 210 0 0
 2827 129960.000 178331.000 0 0 11.261 4.307 48.506 6.964 0 1 5 210 0 0
 2828 128496.000 178872.000 0 0 325.163 117.478 38199.779 195.447 0 1 5 210 0 0
 2829 127588.000 179194.000 0 0 311.296 108.444 33758.390 183.734 0 1 5 210 0 0
 2830 64266.000 175837.000 0 0 18.171 8.562 155.593 12.473 0 1 4 210 0 0
 2831 63816.000 175623.000 0 0 801.176 383.345 307127.419 554.190 0 1 4 210 0 0
 2832 63361.000 175406.000 0 0 90.377 43.914 3968.830 62.998 0 1 4 210 0 0
 2833 17883.000 117596.000 0 0 2.529 11.805 29.865 5.464 0 1 4 210 0 0
 2834 17872.000 117546.000 0 0 6.726 31.486 211.801 14.553 0 1 4 210 0 0
 2835 17774.000 117077.000 0 0 183.377 882.944 161911.800 402.382 0 1 4 210 0 0
 2836 17673.000 116603.000 0 0 9.551 47.363 452.411 21.269 0 1 4 210 0 0
 2837 17651.000 116501.000 0 0 7.911 39.483 312.374 17.674 0 1 4 210 0 0
 2838 101868.000 15630.000 0 0 311.427 6.897 2148.131 46.347 0 1 1 210 0 0
 2839 130068.000 178472.000 0 0 300.939 115.311 34701.701 186.283 0 1 5 210 0 0
 2840 128460.000 179066.000 0 0 329.749 118.696 39140.303 197.839 0 1 5 210 0 0
 2841 127556.000 179385.000 0 0 319.656 110.958 35468.771 188.331 0 1 5 210 0 0
 2842 64107.000 175949.000 0 0 808.262 381.986 308745.667 555.648 0 1 4 210 0 0
 2843 63654.000 175736.000 0 0 18.147 8.709 158.047 12.571 0 1 4 210 0 0
 2844 17604.000 117109.000 0 0 3.279 15.794 51.800 7.197 0 1 4 210 0 0
 2845 17598.000 117074.000 0 0 9.004 43.457 391.318 19.781 0 1 4 210 0 0
 2846 17587.000 117022.000 0 0 4.078 19.747 80.546 8.974 0 1 4 210 0 0
 2847 17578.000 116984.000 0 0 8.957 43.468 389.351 19.731 0 1 4 210 0 0
 2848 17512.000 116649.000 0 0 121.312 601.043 72914.174 270.026 0 1 4 210 0 0
 2849 17441.000 116317.000 0 0 6.255 31.651 198.000 14.071 0 1 4 210 0 0
 2850 17425.000 116235.000 0 0 11.674 59.377 693.184 26.328 0 1 4 210 0 0
 2851 17390.000 116055.000 0 0 6.155 31.670 194.939 13.962 0 1 4 210 0 0
 2852 101627.000 15455.000 0 0 32.412 0.623 20.220 4.496 0 1 1 210 0 0
 2853 101776.000 15458.000 0 0 251.270 5.280 1326.801 36.425 0 1 1 210 0 0
 2854 130043.000 178663.000 0 0 282.815 108.013 30547.937 174.779 0 1 5 210 0 0
 2855 128435.000 179256.000 0 0 334.339 119.954 40105.427 200.263 0 1 5 210 0 0
 2856 127704.000 179512.000 0 0 19.061 6.641 126.598 11.251 0 1 5 210 0 0
 2857 127526.000 179575.000 0 0 320.422 110.840 35515.859 188.456 0 1 5 210 0 0
 2858 64497.000 176318.000 0 0 958.532 445.917 427426.808 653.778 0 1 4 210 0 0
 2859 17370.000 116814.000 0 0 4.834 23.758 114.871 10.717 0 1 4 210 0 0
 2860 17341.000 116672.000 0 0 7.993 39.631 316.801 17.798 0 1 4 210 0 0
 2861 17307.000 116509.000 0 0 50.649 253.699 12849.766 113.356 0 1 4 210 0 0
 2862 17225.000 116101.000 0 0 104.968 539.639 56645.157 238.002 0 1 4 210 0 0
 2863 17156.000 115748.000 0 0 27.931 146.932 4104.023 64.062 0 1 4 210 0 0
 2864 101670.000 15287.000 0 0 288.336 5.684 1639.102 40.485 0 1 1 210 0 0
 2865 129996.000 178863.000 0 0 287.313 109.280 31397.796 177.194 0 1 5 210 0 0
 2866 128388.000 179453.000 0 0 323.749 115.672 37449.073 193.517 0 1 5 210 0 0
 2867 127476.000 179771.000 0 0 325.044 111.957 36391.240 190.764 0 1 5 210 0 0
 2868 64915.000 176700.000 0 0 937.586 428.888 402119.918 634.129 0 1 4 210 0 0
 2869 17087.000 116280.000 0 0 3.120 15.893 49.602 7.042 0 1 4 210 0 0
 2870 17078.000 116235.000 0 0 4.668 23.842 111.307 10.550 0 1 4 210 0 0
 2871 17022.000 115944.000 0 0 101.654 529.035 53779.137 231.903 0 1 4 210 0 0
 2872 16933.000 115486.000 0 0 67.558 362.369 24481.214 156.464 0 1 4 210 0 0
 2873 16883.000 115220.000 0 0 4.376 23.899 104.595 10.227 0 1 4 210 0 0
 2874 101559.000 15115.000 0 0 272.650 5.008 1365.548 36.953 0 1 1 210 0 0
 2875 101723.000 15118.000 0 0 16.271 0.330 5.374 2.318 0 1 1 210 0 0
 2876 129975.000 179052.000 0 0 295.586 112.083 33130.439 182.017 0 1 5 210 0 0
 2877 128356.000 179644.000 0 0 324.526 115.544 37497.299 193.642 0 1 5 210 0 0
 2878 127458.000 179957.000 0 0 325.801 111.886 36452.839 190.926 0 1 5 210 0 0
 2879 65627.000 177208.000 0 0 81.427 36.251 2951.869 54.331 0 1 4 210 0 0
 2880 65161.000 176998.000 0 0 841.569 380.787 320459.276 566.091 0 1 4 210 0 0
 2881 64717.000 176797.000 0 0 11.040 5.072 56.005 7.483 0 1 4 210 0 0
 2882 16829.000 115849.000 0 0 6.839 35.891 245.479 15.667 0 1 4 210 0 0
 2883 16816.000 115786.000 0 0 7.569 39.883 301.886 17.374 0 1 4 210 0 0
 2884 16810.000 115750.000 0 0 4.528 23.919 108.331 10.408 0 1 4 210 0 0
 2885 16763.000 115508.000 0 0 66.910 359.121 24028.846 155.012 0 1 4 210 0 0
 2886 16684.000 115074.000 0 0 90.328 499.250 45096.501 212.359 0 1 4 210 0 0
 2887 101512.000 14944.000 0 0 273.199 4.858 1327.332 36.432 0 1 1 210 0 0
 2888 129934.000 179249.000 0 0 292.526 110.494 32322.605 179.784 0 1 5 210 0 0
 2889 128474.000 179784.000 0 0 19.126 6.826 130.561 11.426 0 1 5 210 0 0
 2890 128311.000 179841.000 0 0 298.538 105.860 31603.536 177.773 0 1 5 210 0 0
 2891 127410.000 180154.000 0 0 326.605 111.689 36478.550 190.993 0 1 5 210 0 0
 2892 66019.000 177568.000 0 0 44.616 19.545 872.043 29.530 0 1 4 210 0 0
 2893 65536.000 177353.000 0 0 904.777 403.118 364732.908 603.931 0 1 4 210 0 0
 2894 16548.000 115288.000 0 0 8.063 44.011 354.868 18.837 0 1 4 210 0 0
 2895 16479.000 114896.000 0 0 119.253 668.623 79735.824 282.375 0 1 4 210 0 0
 2896 16402.000 114469.000 0 0 30.520 176.334 5381.897 73.361 0 1 4 210 0 0
 2897 101273.000 14770.000 0 0 24.506 0.366 8.972 2.995 0 1 1 210 0 0
 2898 101425.000 14773.000 0 0 273.750 4.579 1253.732 35.408 0 1 1 210 0 0
 2899 129896.000 179445.000 0 0 300.865 113.218 34063.538 184.563 0 1 5 210 0 0
 2900 128287.000 180029.000 0 0 329.931 116.619 38476.497 196.154 0 1 5 210 0 0
 2901 127379.000 180344.000 0 0 304.269 103.688 31549.239 177.621 0 1 5 210 0 0
 2902 65901.000 177699.000 0 0 886.477 389.039 344874.975 587.260 0 1 4 210 0 0
 2903 16311.000 114922.000 0 0 17.885 100.304 1793.983 42.355 0 1 4 210 0 0
 2904 16222.000 114416.000 0 0 155.491 903.628 140506.382 374.841 0 1 4 210 0 0
 2905 16136.000 113924.000 0 0 6.676 40.209 268.456 16.384 0 1 4 210 0 0
 2906 101284.000 14601.000 0 0 270.187 4.062 1097.652 33.130 0 1 1 210 0 0
 2907 101450.000 14603.000 0 0 40.924 0.695 28.446 5.333 0 1 1 210 0 0
 2908 129859.000 179642.000 0 0 301.609 113.078 34105.442 184.676 0 1 5 210 0 0
 2909 128256.000 180220.000 0 0 303.799 107.009 32509.565 180.304 0 1 5 210 0 0
 2910 128093.000 180278.000 0 0 15.388 5.385 82.869 9.103 0 1 5 210 0 0
 2911 127373.000 180525.000 0 0 324.247 110.224 35739.939 189.050 0 1 5 210 0 0
 2912 127190.000 180587.000 0 0 27.043 9.124 246.753 15.708 0 1 5 210 0 0
 2913 66699.000 178229.000 0 0 26.251 11.175 293.371 17.128 0 1 4 210 0 0
 2914 66251.000 178036.000 0 0 860.394 372.101 320153.747 565.821 0 1 4 210 0 0
 2915 16072.000 114553.000 0 0 3.487 20.110 70.130 8.374 0 1 4 210 0 0
 2916 15997.000 114115.000 0 0 141.418 841.621 119020.544 344.993 0 1 4 210 0 0
 2917 15903.000 113571.000 0 0 12.360 76.592 946.728 30.768 0 1 4 210 0 0
 2918 101168.000 14429.000 0 0 254.330 3.471 883.006 29.715 0 1 1 210 0 0
 2919 101309.000 14431.000 0 0 12.322 0.188 2.323 1.524 0 1 1 210 0 0
 2920 129819.000 179837.000 0 0 294.697 110.069 32437.309 180.103 0 1 5 210 0 0
 2921 128206.000 180418.000 0 0 331.534 116.286 38553.076 196.349 0 1 5 210 0 0
 2922 127312.000 180726.000 0 0 340.542 115.217 39236.473 198.081 0 1 5 210 0 0
 2923 66719.000 178422.000 0 0 691.719 293.561 203062.198 450.624 0 1 4 210 0 0
 2924 66354.000 178267.000 0 0 18.763 8.065 151.342 12.302 0 1 4 210 0 0
 2925 66322.000 178254.000 0 0 22.510 9.687 218.068 14.767 0 1 4 210 0 0
 2926 66228.000 178214.000 0 0 142.477 61.520 8765.335 93.623 0 1 4 210 0 0
 2927 15771.000 113796.000 0 0 114.418 698.534 79925.240 282.710 0 1 4 210 0 0
 2928 15693.000 113335.000 0 0 30.046 189.950 5707.369 75.547 0 1 4 210 0 0
 2929 15655.000 113102.000 0 0 3.767 24.252 91.369 9.558 0 1 4 210 0 0
 2930 100956.000 14257.000 0 0 16.436 0.183 3.013 1.735 0 1 1 210 0 0
 2931 101123.000 14259.000 0 0 250.705 3.284 823.465 28.696 0 1 1 210 0 0
 2932 129784.000 180032.000 0 0 322.262 119.932 38649.651 196.595 0 1 5 210 0 0
 2933 128179.000 180607.000 0 0 312.988 109.417 34246.377 185.057 0 1 5 210 0 0
 2934 127277.000 180915.000 0 0 294.789 99.375 29294.875 171.157 0 1 5 210 0 0
 2935 67430.000 178906.000 0 0 22.697 9.368 212.651 14.582 0 1 4 210 0 0
 2936 66956.000 178706.000 0 0 913.059 383.344 350016.078 591.621 0 1 4 210 0 0
 2937 66430.000 178485.000 0 0 26.337 11.265 296.698 17.224 0 1 4 210 0 0
 2938 15559.000 113571.000 0 0 29.927 186.204 5572.647 74.650 0 1 4 210 0 0
 2939 15487.000 113109.000 0 0 106.834 688.737 73581.249 271.258 0 1 4 210 0 0
 2940 15427.000 112733.000 0 0 3.051 20.264 61.831 7.863 0 1 4 210 0 0
 2941 101015.000 14087.000 0 0 271.815 3.214 873.636 29.557 0 1 1 210 0 0
 2942 129759.000 180221.000 0 0 280.727 104.140 29235.079 170.982 0 1 5 210 0 0
 2943 128153.000 180797.000 0 0 305.982 106.620 32623.966 180.621 0 1 5 210 0 0
 2944 127241.000 181108.000 0 0 349.925 117.529 41126.670 202.797 0 1 5 210 0 0
 2945 67734.000 179213.000 0 0 11.388 4.638 52.828 7.268 0 1 4 210 0 0
 2946 67273.000 179022.000 0 0 901.572 373.389 336637.690 580.204 0 1 4 210 0 0
 2947 15345.000 113316.000 0 0 5.746 36.531 209.934 14.489 0 1 4 210 0 0
 2948 15328.000 113201.000 0 0 20.884 133.944 2797.339 52.889 0 1 4 210 0 0
 2949 15259.000 112756.000 0 0 113.125 751.510 85015.192 291.573 0 1 4 210 0 0
 2950 15196.000 112348.000 0 0 2.958 20.320 60.125 7.754 0 1 4 210 0 0
 2951 15182.000 112248.000 0 0 3.521 24.387 85.892 9.267 0 1 4 210 0 0
 2952 100789.000 13914.000 0 0 12.396 0.113 1.409 1.186 0 1 1 210 0 0
 2953 100920.000 13917.000 0 0 243.456 2.603 633.940 25.178 0 1 1 210 0 0
 2954 101065.000 13917.000 0 0 20.647 0.255 5.276 2.296 0 1 1 210 0 0
 2955 129722.000 180416.000 0 0 304.542 112.560 34279.455 185.147 0 1 5 210 0 0
 2956 128110.000 180992.000 0 0 302.840 105.108 31831.093 178.412 0 1 5 210 0 0
 2957 127202.000 181300.000 0 0 327.370 109.534 35858.268 189.362 0 1 5 210 0 0
 2958 67646.000 179359.000 0 0 928.247 378.436 351282.790 592.691 0 1 4 210 0 0
 2959 15115.000 112948.000 0 0 1.861 12.203 22.718 4.766 0 1 4 210 0 0
 2960 15033.000 112383.000 0 0 144.851 993.843 143960.179 379.420 0 1 4 210 0 0
 2961 100803.000 13745.000 0 0 334.919 3.119 1044.877 32.324 0 1 1 210 0 0
 2962 129696.000 180607.000 0 0 282.077 103.920 29313.698 171.212 0 1 5 210 0 0
 2963 128070.000 181186.000 0 0 315.236 108.993 34358.817 185.361 0 1 5 210 0 0
 2964 127182.000 181485.000 0 0 324.209 108.152 35064.091 187.254 0 1 5 210 0 0
 2965 68469.000 179874.000 0 0 22.976 9.070 208.393 14.435 0 1 4 210 0 0
 2966 67979.000 179677.000 0 0 924.333 371.471 343363.617 585.972 0 1 4 210 0 0
 2967 14873.000 112482.000 0 0 2.392 16.317 39.046 6.248 0 1 4 210 0 0
 2968 14868.000 112453.000 0 0 4.774 32.638 155.828 12.483 0 1 4 210 0 0
 2969 14856.000 112369.000 0 0 13.637 93.866 1280.085 35.778 0 1 4 210 0 0
 2970 14798.000 111959.000 0 0 100.901 718.854 72533.819 269.321 0 1 4 210 0 0
 2971 14740.000 111555.000 0 0 11.077 81.737 905.455 30.090 0 1 4 210 0 0
 2972 100709.000 13575.000 0 0 277.598 2.279 632.882 25.157 0 1 1 210 0 0
 2973 129651.000 180805.000 0 0 271.152 99.498 26979.324 164.253 0 1 5 210 0 0
 2974 128023.000 181381.000 0 0 300.393 103.440 31072.907 176.275 0 1 5 210 0 0
 2975 127134.000 181681.000 0 0 332.809 110.558 36794.741 191.819 0 1 5 210 0 0
 2976 68278.000 179979.000 0 0 943.158 374.086 352823.181 593.989 0 1 4 210 0 0
 2977 14651.000 112143.000 0 0 3.491 24.540 85.689 9.256 0 1 4 210 0 0
 2978 14583.000 111648.000 0 0 128.426 941.770 120948.400 347.776 0 1 4 210 0 0
 2979 14508.000 111117.000 0 0 2.663 20.484 54.570 7.387 0 1 4 210 0 0
 2980 100480.000 13402.000 0 0 41.499 0.230 9.561 3.092 0 1 1 210 0 0
 2981 100626.000 13404.000 0 0 224.177 1.620 363.332 19.061 0 1 1 210 0 0
 2982 129629.000 180994.000 0 0 298.966 109.368 32697.438 180.824 0 1 5 210 0 0
 2983 127994.000 181570.000 0 0 312.821 107.357 33583.653 183.258 0 1 5 210 0 0
 2984 127092.000 181873.000 0 0 333.609 110.395 36829.114 191.909 0 1 5 210 0 0
 2985 68615.000 180294.000 0 0 896.845 350.557 314395.558 560.709 0 1 4 210 0 0
 2986 68150.000 180113.000 0 0 19.205 7.635 146.645 12.109 0 1 4 210 0 0
 2987 14416.000 111695.000 0 0 3.362 24.608 82.755 9.096 0 1 4 210 0 0
 2988 14410.000 111658.000 0 0 3.352 24.610 82.499 9.082 0 1 4 210 0 0
 2989 14400.000 111592.000 0 0 13.335 98.472 1313.222 36.238 0 1 4 210 0 0
 2990 14355.000 111244.000 0 0 75.465 574.790 43376.759 208.270 0 1 4 210 0 0
 2991 14305.000 110879.000 0 0 9.908 78.047 773.368 27.809 0 1 4 210 0 0
 2992 14290.000 110762.000 0 0 4.126 32.859 135.583 11.643 0 1 4 210 0 0
 2993 100371.000 13232.000 0 0 37.443 0.160 6.007 2.450 0 1 1 210 0 0
 2994 100540.000 13233.000 0 0 274.515 1.709 469.214 21.661 0 1 1 210 0 0
 2995 129574.000 181194.000 0 0 291.912 106.328 31038.560 176.177 0 1 5 210 0 0
 2996 127965.000 181762.000 0 0 325.311 111.266 36196.311 190.253 0 1 5 210 0 0
 2997 127087.000 182055.000 0 0 302.883 99.985 30283.807 174.022 0 1 5 210 0 0
 2998 126899.000 182115.000 0 0 31.490 10.315 324.851 18.023 0 1 5 210 0 0
 2999 68958.000 180609.000 0 0 881.032 339.284 298920.280 546.736 0 1 4 210 0 0
 3000 68504.000 180436.000 0 0 11.564 4.528 52.364 7.236 0 1 4 210 0 0
 3001 14199.000 111366.000 0 0 1.634 12.335 20.158 4.489 0 1 4 210 0 0
 3002 14187.000 111282.000 0 0 17.306 131.636 2278.194 47.730 0 1 4 210 0 0
 3003 14123.000 110776.000 0 0 101.252 806.876 81698.619 285.829 0 1 4 210 0 0
 3004 100405.000 13063.000 0 0 295.907 1.381 408.845 20.219 0 1 1 210 0 0
 3005 129525.000 181394.000 0 0 288.730 104.736 30240.612 173.898 0 1 5 210 0 0
 3006 127925.000 181954.000 0 0 326.075 111.108 36229.902 190.341 0 1 5 210 0 0
 3007 127023.000 182254.000 0 0 346.987 113.997 39555.572 198.885 0 1 5 210 0 0
 3008 69712.000 181078.000 0 0 15.541 5.805 90.235 9.499 0 1 4 210 0 0
 3009 69252.000 180904.000 0 0 895.902 340.499 305054.417 552.317 0 1 4 210 0 0
 3010 13971.000 110944.000 0 0 3.671 28.859 105.953 10.293 0 1 4 210 0 0
 3011 13960.000 110859.000 0 0 3.122 24.739 77.249 8.789 0 1 4 210 0 0
 3012 13927.000 110588.000 0 0 62.938 511.646 32202.224 179.449 0 1 4 210 0 0
 3013 13839.000 109880.000 0 0 1.894 16.516 31.282 5.593 0 1 4 210 0 0
 3014 100172.000 12893.000 0 0 20.892 0.041 0.864 0.929 0 1 1 210 0 0
 3015 100310.000 12892.000 0 0 246.353 0.877 216.105 14.700 0 1 1 210 0 0
 3016 100466.000 12892.000 0 0 33.395 0.178 5.975 2.444 0 1 1 210 0 0
 3017 129513.000 181578.000 0 0 246.370 89.132 21959.692 148.188 0 1 5 210 0 0
 3018 127887.000 182146.000 0 0 322.901 109.619 35396.424 188.139 0 1 5 210 0 0
 3019 127181.000 182381.000 0 0 11.843 3.907 46.282 6.803 0 1 5 210 0 0
 3020 126988.000 182444.000 0 0 316.172 103.501 32724.396 180.898 0 1 5 210 0 0
 3021 69617.000 181222.000 0 0 883.848 330.627 292224.303 540.577 0 1 4 210 0 0
 3022 69159.000 181051.000 0 0 19.430 7.393 143.661 11.985 0 1 4 210 0 0
 3023 13737.000 110452.000 0 0 21.547 177.821 3831.604 61.899 0 1 4 210 0 0
 3024 13668.000 109875.000 0 0 23.669 206.924 4897.846 69.984 0 1 4 210 0 0
 3025 100058.000 12723.000 0 0 25.095 0.016 0.422 0.649 0 1 1 210 0 0
 3026 100248.000 12723.000 0 0 280.333 0.797 223.454 14.948 0 1 1 210 0 0
 3027 129477.000 181772.000 0 0 325.349 117.281 38157.537 195.339 0 1 5 210 0 0
 3028 127860.000 182336.000 0 0 319.701 108.177 34584.617 185.969 0 1 5 210 0 0
 3029 126962.000 182632.000 0 0 316.891 103.399 32766.616 181.015 0 1 5 210 0 0
 3030 70359.000 181679.000 0 0 19.581 7.105 139.143 11.795 0 1 4 210 0 0
 3031 69906.000 181511.000 0 0 847.918 313.057 265446.982 515.215 0 1 4 210 0 0
 3032 13497.000 109881.000 0 0 21.316 186.606 3977.851 63.070 0 1 4 210 0 0
 3033 13465.000 109606.000 0 0 33.618 302.831 10180.619 100.899 0 1 4 210 0 0
 3034 13443.000 109411.000 0 0 6.767 62.241 421.233 20.523 0 1 4 210 0 0
 3035 13434.000 109329.000 0 0 3.129 29.039 90.881 9.533 0 1 4 210 0 0
 3036 13417.000 109172.000 0 0 1.758 16.597 29.183 5.402 0 1 4 210 0 0
 3037 100109.000 12552.000 0 0 218.001 0.271 59.238 7.696 0 1 1 210 0 0
 3038 100262.000 12553.000 0 0 83.855 0.252 21.142 4.598 0 1 1 210 0 0
 3039 129458.000 181958.000 0 0 275.022 98.850 27186.131 164.882 0 1 5 210 0 0
 3040 127816.000 182528.000 0 0 308.582 104.008 32095.371 179.151 0 1 5 210 0 0
 3041 126946.000 182815.000 0 0 325.530 105.923 34481.246 185.691 0 1 5 210 0 0
 3042 126755.000 182877.000 0 0 15.886 5.128 81.479 9.026 0 1 5 210 0 0
 3043 70247.000 181818.000 0 0 851.113 309.507 263425.901 513.250 0 1 4 210 0 0
 3044 13304.000 109705.000 0 0 3.255 29.082 94.686 9.730 0 1 4 210 0 0
 3045 13300.000 109661.000 0 0 1.852 16.619 30.780 5.547 0 1 4 210 0 0
 3046 13293.000 109605.000 0 0 1.380 12.465 17.215 4.149 0 1 4 210 0 0
 3047 13257.000 109262.000 0 0 66.598 623.727 41539.437 203.812 0 1 4 210 0 0
 3048 13216.000 108895.000 0 0 5.117 49.927 255.523 15.985 0 1 4 210 0 0
 3049 100031.000 12383.000 0 0 306.619 0.109 33.601 5.796 0 1 1 210 0 0
 3050 129410.000 182157.000 0 0 255.993 91.640 23459.486 153.164 0 1 5 210 0 0
 3051 129250.000 182213.000 0 0 47.288 16.824 795.584 28.206 0 1 5 210 0 0
 3052 127780.000 182719.000 0 0 325.155 109.198 35506.459 188.431 0 1 5 210 0 0
 3053 127054.000 182958.000 0 0 15.902 5.186 82.471 9.081 0 1 5 210 0 0
 3054 126879.000 183016.000 0 0 326.322 105.659 34479.026 185.685 0 1 5 210 0 0
 3055 70647.000 182142.000 0 0 752.104 268.764 202139.009 449.598 0 1 4 210 0 0
 3056 70176.000 181974.000 0 0 176.835 64.337 11377.080 106.663 0 1 4 210 0 0
 3057 70070.000 181936.000 0 0 19.642 7.175 140.942 11.871 0 1 4 210 0 0
 3058 13096.000 109365.000 0 0 3.141 29.152 91.588 9.570 0 1 4 210 0 0
 3059 13086.000 109283.000 0 0 7.565 70.827 535.836 23.148 0 1 4 210 0 0
 3060 13047.000 108891.000 0 0 68.622 671.100 46052.884 214.599 0 1 4 210 0 0
 3061 13006.000 108508.000 0 0 6.526 66.724 435.446 20.867 0 1 4 210 0 0
 3062 99956.000 12213.000 0 0 273.558 0.137 37.699 6.139 0 1 1 210 0 0
 3063 129372.000 182351.000 0 0 296.072 105.602 31265.905 176.821 0 1 5 210 0 0
 3064 127737.000 182913.000 0 0 317.969 106.374 33823.721 183.912 0 1 5 210 0 0
 3065 126839.000 183207.000 0 0 327.072 105.500 34506.215 185.758 0 1 5 210 0 0
 3066 70884.000 182406.000 0 0 888.827 314.044 279131.423 528.328 0 1 4 210 0 0
 3067 12884.000 109002.000 0 0 2.588 25.048 64.839 8.052 0 1 4 210 0 0
 3068 12878.000 108931.000 0 0 5.994 58.472 350.510 18.721 0 1 4 210 0 0
 3069 12869.000 108841.000 0 0 10.597 104.429 1106.649 33.266 0 1 4 210 0 0
 3070 12842.000 108574.000 0 0 40.690 413.628 16830.791 129.733 0 1 4 210 0 0
 3071 12817.000 108330.000 0 0 4.393 45.979 202.015 14.213 0 1 4 210 0 0
 3072 12810.000 108258.000 0 0 3.166 33.426 105.830 10.287 0 1 4 210 0 0
 3073 12805.000 108205.000 0 0 5.114 54.342 277.911 16.670 0 1 4 210 0 0
 3074 12796.000 108107.000 0 0 3.886 41.811 162.520 12.748 0 1 4 210 0 0
 3075 99844.000 12043.000 0 0 227.700 0.404 92.055 9.594 0 1 1 210 0 0
 3076 129324.000 182548.000 0 0 253.255 89.965 22784.227 150.944 0 1 5 210 0 0
 3077 127716.000 183100.000 0 0 318.687 106.291 33873.900 184.048 0 1 5 210 0 0
 3078 126813.000 183394.000 0 0 339.805 109.258 37126.681 192.682 0 1 5 210 0 0
 3079 71544.000 182817.000 0 0 138.947 47.742 6633.695 81.447 0 1 4 210 0 0
 3080 71119.000 182669.000 0 0 689.555 240.905 166117.818 407.575 0 1 4 210 0 0
 3081 70756.000 182543.000 0 0 23.743 8.412 199.740 14.132 0 1 4 210 0 0
 3082 12672.000 108605.000 0 0 2.474 25.109 62.130 7.882 0 1 4 210 0 0
 3083 12661.000 108477.000 0 0 18.288 188.409 3445.687 58.699 0 1 4 210 0 0
 3084 12628.000 108134.000 0 0 44.841 481.662 21598.294 146.963 0 1 4 210 0 0
 3085 12603.000 107880.000 0 0 1.510 16.753 25.308 5.030 0 1 4 210 0 0
 3086 12595.000 107797.000 0 0 2.242 25.132 56.346 7.506 0 1 4 210 0 0
 3087 99716.000 11873.000 0 0 283.063 0.913 258.620 16.081 0 1 1 210 0 0
 3088 99913.000 11873.000 0 0 21.137 0.020 0.443 0.665 0 1 1 210 0 0
 3089 129288.000 182742.000 0 0 305.418 108.107 33018.155 181.708 0 1 5 210 0 0
 3090 127677.000 183291.000 0 0 327.403 108.796 35620.483 188.733 0 1 5 210 0 0
 3091 126771.000 183586.000 0 0 328.561 105.234 34575.872 185.945 0 1 5 210 0 0
 3092 72061.000 183172.000 0 0 11.957 4.016 48.031 6.930 0 1 4 210 0 0
 3093 71946.000 183134.000 0 0 23.913 8.070 192.987 13.891 0 1 4 210 0 0
 3094 71501.000 182981.000 0 0 843.312 289.629 244248.363 494.214 0 1 4 210 0 0
 3095 71033.000 182821.000 0 0 39.699 13.885 551.242 23.478 0 1 4 210 0 0
 3096 12465.000 108226.000 0 0 1.971 20.974 41.344 6.429 0 1 4 210 0 0
 3097 12463.000 108188.000 0 0 3.533 37.775 133.479 11.553 0 1 4 210 0 0
 3098 12438.000 107925.000 0 0 43.312 478.513 20725.467 143.963 0 1 4 210 0 0
 3099 12408.000 107613.000 0 0 10.583 121.773 1288.825 35.900 0 1 4 210 0 0
 3100 12391.000 107428.000 0 0 6.765 79.791 539.801 23.233 0 1 4 210 0 0
 3101 99632.000 11704.000 0 0 245.502 1.023 251.371 15.854 0 1 1 210 0 0
 3102 129244.000 182936.000 0 0 282.279 99.535 28096.770 167.620 0 1 5 210 0 0
 3103 127634.000 183485.000 0 0 320.165 105.978 33930.850 184.203 0 1 5 210 0 0
 3104 126756.000 183769.000 0 0 325.268 103.891 33792.606 183.827 0 1 5 210 0 0
 3105 72243.000 183413.000 0 0 11.992 3.990 47.856 6.917 0 1 4 210 0 0
 3106 72157.000 183383.000 0 0 63.954 21.356 1365.823 36.957 0 1 4 210 0 0
 3107 71740.000 183242.000 0 0 746.207 253.337 189042.016 434.789 0 1 4 210 0 0
 3108 12257.000 107829.000 0 0 1.876 21.024 39.442 6.280 0 1 4 210 0 0
 3109 12253.000 107782.000 0 0 2.983 33.640 100.365 10.018 0 1 4 210 0 0
 3110 12247.000 107728.000 0 0 4.816 54.690 263.426 16.230 0 1 4 210 0 0
 3111 12227.000 107478.000 0 0 35.133 412.344 14487.209 120.362 0 1 4 210 0 0
 3112 12203.000 107225.000 0 0 2.077 25.244 52.446 7.241 0 1 4 210 0 0
 3113 12193.000 107114.000 0 0 3.069 37.892 116.328 10.785 0 1 4 210 0 0
 3114 12184.000 106997.000 0 0 1.341 16.833 22.580 4.751 0 1 4 210 0 0
 3115 99555.000 11534.000 0 0 245.976 1.237 304.363 17.446 0 1 1 210 0 0
 3116 129220.000 183125.000 0 0 282.921 99.453 28137.529 167.742 0 1 5 210 0 0
 3117 127597.000 183676.000 0 0 324.905 107.157 34816.221 186.591 0 1 5 210 0 0
 3118 126698.000 183966.000 0 0 317.984 101.109 32151.372 179.308 0 1 5 210 0 0
 3119 72118.000 183549.000 0 0 821.046 274.001 224968.262 474.308 0 1 4 210 0 0
 3120 12027.000 107154.000 0 0 55.901 687.404 38427.111 196.028 0 1 4 210 0 0
 3121 11996.000 106786.000 0 0 2.276 29.521 67.205 8.197 0 1 4 210 0 0
 3122 11980.000 106590.000 0 0 1.263 16.872 21.316 4.616 0 1 4 210 0 0
 3123 11973.000 106490.000 0 0 3.423 46.423 158.914 12.606 0 1 4 210 0 0
 3124 99474.000 11365.000 0 0 263.435 1.564 412.045 20.298 0 1 1 210 0 0
 3125 129180.000 183318.000 0 0 299.549 104.912 31426.476 177.275 0 1 5 210 0 0
 3126 127548.000 183871.000 0 0 317.624 104.328 33137.392 182.036 0 1 5 210 0 0
 3127 126659.000 184157.000 0 0 330.805 104.793 34666.312 186.188 0 1 5 210 0 0
 3128 72882.000 183979.000 0 0 20.132 6.501 130.885 11.440 0 1 4 210 0 0
 3129 72774.000 183945.000 0 0 16.091 5.218 83.979 9.164 0 1 4 210 0 0
 3130 72749.000 183935.000 0 0 20.121 6.533 131.458 11.465 0 1 4 210 0 0
 3131 72375.000 183813.000 0 0 695.075 229.099 159241.257 399.050 0 1 4 210 0 0
 3132 11827.000 106793.000 0 0 37.777 490.301 18522.571 136.097 0 1 4 210 0 0
 3133 11795.000 106393.000 0 0 21.761 300.200 6532.688 80.825 0 1 4 210 0 0
 3134 99345.000 11196.000 0 0 238.404 1.760 419.732 20.487 0 1 1 210 0 0
 3135 129136.000 183515.000 0 0 324.280 113.134 36687.311 191.539 0 1 5 210 0 0
 3136 127533.000 184055.000 0 0 310.264 101.632 31532.884 177.575 0 1 5 210 0 0
 3137 126626.000 184345.000 0 0 335.590 105.938 35551.941 188.552 0 1 5 210 0 0
 3138 72754.000 184115.000 0 0 883.062 286.038 252589.507 502.582 0 1 4 210 0 0
 3139 11653.000 106779.000 0 0 1.624 21.168 34.387 5.864 0 1 4 210 0 0
 3140 11645.000 106658.000 0 0 14.045 186.367 2617.580 51.162 0 1 4 210 0 0
 3141 11624.000 106372.000 0 0 26.576 368.566 9795.270 98.971 0 1 4 210 0 0
 3142 11585.000 105841.000 0 0 21.563 326.357 7037.308 83.888 0 1 4 210 0 0
 3143 99238.000 11027.000 0 0 255.913 2.191 560.915 23.683 0 1 1 210 0 0
 3144 129097.000 183707.000 0 0 312.993 108.798 34053.235 184.535 0 1 5 210 0 0
 3145 127476.000 184251.000 0 0 327.140 106.687 34901.660 186.819 0 1 5 210 0 0
 3146 126612.000 184527.000 0 0 303.895 95.679 29076.673 170.518 0 1 5 210 0 0
 3147 126439.000 184581.000 0 0 24.330 7.605 185.040 13.602 0 1 5 210 0 0
 3148 73465.000 184522.000 0 0 56.727 17.809 1010.258 31.784 0 1 4 210 0 0
 3149 73048.000 184389.000 0 0 711.992 227.399 161906.704 402.376 0 1 4 210 0 0
 3150 72670.000 184267.000 0 0 16.153 5.239 84.626 9.199 0 1 4 210 0 0
 3151 72575.000 184237.000 0 0 20.194 6.574 132.773 11.522 0 1 4 210 0 0
 3152 11447.000 106293.000 0 0 13.275 186.785 2479.576 49.795 0 1 4 210 0 0
 3153 11415.000 105852.000 0 0 24.126 365.194 8810.854 93.866 0 1 4 210 0 0
 3154 11401.000 105645.000 0 0 1.352 21.229 28.717 5.358 0 1 4 210 0 0
 3155 11390.000 105475.000 0 0 1.311 21.232 27.856 5.277 0 1 4 210 0 0
 3156 99144.000 10858.000 0 0 277.780 2.667 741.030 27.221 0 1 1 210 0 0
 3157 129063.000 183899.000 0 0 313.710 108.673 34091.880 184.639 0 1 5 210 0 0
 3158 127613.000 184385.000 0 0 12.131 3.969 48.163 6.939 0 1 5 210 0 0
 3159 127445.000 184440.000 0 0 315.733 102.623 32401.603 180.004 0 1 5 210 0 0
 3160 126554.000 184723.000 0 0 345.224 108.200 37353.599 193.270 0 1 5 210 0 0
 3161 73779.000 184798.000 0 0 20.328 6.286 127.790 11.304 0 1 4 210 0 0
 3162 73347.000 184662.000 0 0 827.928 260.652 215801.889 464.544 0 1 4 210 0 0
 3163 72895.000 184520.000 0 0 28.362 9.095 257.981 16.061 0 1 4 210 0 0
 3164 72867.000 184510.000 0 0 20.259 6.504 131.786 11.479 0 1 4 210 0 0
 3165 11251.000 105959.000 0 0 8.284 123.380 1022.178 31.971 0 1 4 210 0 0
 3166 11231.000 105635.000 0 0 31.065 489.364 15202.513 123.298 0 1 4 210 0 0
 3167 11213.000 105360.000 0 0 2.570 42.569 109.414 10.460 0 1 4 210 0 0
 3168 11207.000 105274.000 0 0 1.769 29.786 52.698 7.259 0 1 4 210 0 0
 3169 11190.000 104979.000 0 0 2.148 38.325 82.359 9.075 0 1 4 210 0 0
 3170 11184.000 104891.000 0 0 1.875 34.050 63.860 7.991 0 1 4 210 0 0
 3171 99047.000 10689.000 0 0 248.326 2.652 658.584 25.662 0 1 1 210 0 0
 3172 129016.000 184095.000 0 0 318.473 109.887 34996.224 187.072 0 1 5 210 0 0
 3173 127411.000 184630.000 0 0 320.498 103.808 33270.567 182.402 0 1 5 210 0 0
 3174 126511.000 184915.000 0 0 333.786 104.213 34784.932 186.507 0 1 5 210 0 0
 3175 74098.000 185073.000 0 0 32.625 9.933 324.078 18.002 0 1 4 210 0 0
 3176 73640.000 184931.000 0 0 753.205 233.774 176079.995 419.618 0 1 4 210 0 0
 3177 73207.000 184798.000 0 0 32.520 10.275 334.147 18.279 0 1 4 210 0 0
 3178 73158.000 184782.000 0 0 20.324 6.435 130.791 11.436 0 1 4 210 0 0
 3179 11070.000 105798.000 0 0 1.111 17.046 18.948 4.352 0 1 4 210 0 0
 3180 11059.000 105623.000 0 0 7.009 110.861 777.081 27.876 0 1 4 210 0 0
 3181 11055.000 105557.000 0 0 0.798 12.787 10.217 3.196 0 1 4 210 0 0
 3182 11038.000 105274.000 0 0 30.596 516.005 15787.729 125.649 0 1 4 210 0 0
 3183 11012.000 104878.000 0 0 14.733 268.749 3959.662 62.925 0 1 4 210 0 0
 3184 98951.000 10520.000 0 0 231.643 2.716 629.160 25.083 0 1 1 210 0 0
 3185 128989.000 184285.000 0 0 339.390 116.729 39616.807 199.039 0 1 5 210 0 0
 3186 127375.000 184820.000 0 0 317.154 102.359 32463.802 180.177 0 1 5 210 0 0
 3187 126477.000 185105.000 0 0 342.689 106.616 36536.222 191.144 0 1 5 210 0 0
 3188 74319.000 185317.000 0 0 49.073 14.771 724.887 26.923 0 1 4 210 0 0
 3189 73915.000 185195.000 0 0 743.295 227.587 169164.423 411.296 0 1 4 210 0 0
 3190 10863.000 105210.000 0 0 12.737 217.919 2775.665 52.684 0 1 4 210 0 0
 3191 10853.000 105059.000 0 0 3.638 64.103 233.237 15.272 0 1 4 210 0 0
 3192 10836.000 104744.000 0 0 25.926 487.266 12633.341 112.398 0 1 4 210 0 0
 3193 98857.000 10351.000 0 0 262.132 3.344 876.776 29.610 0 1 1 210 0 0
 3194 128951.000 184477.000 0 0 303.716 104.088 31613.518 177.801 0 1 5 210 0 0
 3195 127331.000 185012.000 0 0 330.093 106.125 35031.450 187.166 0 1 5 210 0 0
 3196 126621.000 185237.000 0 0 16.339 5.103 83.380 9.131 0 1 5 210 0 0
 3197 126457.000 185288.000 0 0 302.544 93.853 28394.801 168.507 0 1 5 210 0 0
 3198 74246.000 185471.000 0 0 839.940 253.095 212584.907 461.069 0 1 4 210 0 0
 3199 73802.000 185338.000 0 0 32.726 10.046 328.803 18.132 0 1 4 210 0 0
 3200 10678.000 104976.000 0 0 1.908 34.244 65.338 8.083 0 1 4 210 0 0
 3201 10674.000 104903.000 0 0 5.171 94.197 487.119 22.070 0 1 4 210 0 0
 3202 10669.000 104812.000 0 0 2.537 47.111 119.569 10.934 0 1 4 210 0 0
 3203 10658.000 104600.000 0 0 18.522 359.751 6663.645 81.631 0 1 4 210 0 0
 3204 10635.000 104196.000 0 0 9.655 205.628 1985.395 44.557 0 1 4 210 0 0
 3205 98750.000 10182.000 0 0 232.516 3.237 752.856 27.438 0 1 1 210 0 0
 3206 128915.000 184669.000 0 0 316.589 108.118 34229.252 185.011 0 1 5 210 0 0
 3207 127286.000 185205.000 0 0 318.593 102.027 32505.246 180.292 0 1 5 210 0 0
 3208 126416.000 185477.000 0 0 352.392 108.905 38377.615 195.902 0 1 5 210 0 0
 3209 74967.000 185865.000 0 0 16.459 4.798 78.982 8.887 0 1 4 210 0 0
 3210 74535.000 185736.000 0 0 780.896 231.940 181121.319 425.583 0 1 4 210 0 0
 3211 10489.000 104626.000 0 0 0.886 17.158 15.216 3.900 0 1 4 210 0 0
 3212 10483.000 104533.000 0 0 1.086 21.449 23.299 4.826 0 1 4 210 0 0
 3213 10477.000 104454.000 0 0 2.562 51.503 131.979 11.488 0 1 4 210 0 0
 3214 10457.000 103982.000 0 0 28.632 643.865 18435.719 135.778 0 1 4 210 0 0
 3215 10437.000 103573.000 0 0 4.797 120.221 576.723 24.015 0 1 4 210 0 0
 3216 98654.000 10014.000 0 0 271.743 4.065 1104.657 33.236 0 1 1 210 0 0
 3217 128875.000 184862.000 0 0 321.379 109.351 35143.217 187.465 0 1 5 210 0 0
 3218 127248.000 185398.000 0 0 327.498 104.495 34222.322 184.992 0 1 5 210 0 0
 3219 126368.000 185670.000 0 0 344.966 106.176 36627.325 191.382 0 1 5 210 0 0
 3220 75340.000 186148.000 0 0 45.423 13.002 590.618 24.302 0 1 4 210 0 0
 3221 75280.000 186131.000 0 0 16.510 4.738 78.236 8.845 0 1 4 210 0 0
 3222 74832.000 186000.000 0 0 812.155 237.685 193037.337 439.360 0 1 4 210 0 0
 3223 10292.000 104136.000 0 0 0.792 17.196 13.635 3.692 0 1 4 210 0 0
 3224 10289.000 104077.000 0 0 1.367 30.094 41.168 6.416 0 1 4 210 0 0
 3225 10288.000 104045.000 0 0 0.775 17.196 13.335 3.651 0 1 4 210 0 0
 3226 10279.000 103845.000 0 0 16.038 374.176 6001.399 77.468 0 1 4 210 0 0
 3227 10264.000 103535.000 0 0 9.321 236.583 2205.340 46.961 0 1 4 210 0 0
 3228 10252.000 103204.000 0 0 0.460 12.902 5.944 2.438 0 1 4 210 0 0
 3229 98554.000 9846.000 0 0 233.387 3.744 873.822 29.560 0 1 1 210 0 0
 3230 128835.000 185055.000 0 0 322.110 109.202 35175.080 187.550 0 1 5 210 0 0
 3231 127219.000 185583.000 0 0 340.514 108.299 36877.464 192.035 0 1 5 210 0 0
 3232 126331.000 185860.000 0 0 321.044 98.456 31608.891 177.788 0 1 5 210 0 0
 3233 75085.000 186250.000 0 0 793.846 229.323 182047.277 426.669 0 1 4 210 0 0
 3234 10106.000 103795.000 0 0 3.639 86.180 313.614 17.709 0 1 4 210 0 0
 3235 10101.000 103678.000 0 0 1.057 25.849 27.337 5.228 0 1 4 210 0 0
 3236 10097.000 103618.000 0 0 1.387 34.466 47.817 6.915 0 1 4 210 0 0
 3237 10097.000 103577.000 0 0 1.543 38.796 59.897 7.739 0 1 4 210 0 0
 3238 10084.000 103255.000 0 0 21.536 594.836 12810.991 113.185 0 1 4 210 0 0
 3239 10064.000 102719.000 0 0 0.390 12.929 5.055 2.248 0 1 4 210 0 0
 3240 98452.000 9677.000 0 0 251.139 4.305 1081.242 32.882 0 1 1 210 0 0
 3241 128795.000 185248.000 0 0 322.841 109.049 35205.661 187.631 0 1 5 210 0 0
 3242 127177.000 185775.000 0 0 328.945 104.223 34284.016 185.159 0 1 5 210 0 0
 3243 126481.000 185992.000 0 0 12.362 3.807 47.068 6.860 0 1 5 210 0 0
 3244 126295.000 186048.000 0 0 342.364 104.623 35819.315 189.259 0 1 5 210 0 0
 3245 75441.000 186530.000 0 0 738.346 209.565 154731.741 393.359 0 1 4 210 0 0
 3246 9921.000 103464.000 0 0 6.143 159.764 981.574 31.330 0 1 4 210 0 0
 3247 9910.000 103167.000 0 0 14.879 423.225 6297.466 79.356 0 1 4 210 0 0
 3248 9899.000 102876.000 0 0 0.689 21.589 14.879 3.857 0 1 4 210 0 0
 3249 9896.000 102767.000 0 0 5.439 177.102 963.340 31.037 0 1 4 210 0 0
 3250 9892.000 102655.000 0 0 0.381 12.954 4.946 2.223 0 1 4 210 0 0
 3251 9888.000 102573.000 0 0 0.616 21.591 13.313 3.648 0 1 4 210 0 0
 3252 98343.000 9510.000 0 0 273.264 5.004 1367.665 36.981 0 1 1 210 0 0
 3253 128760.000 185439.000 0 0 319.470 107.540 34356.105 185.353 0 1 5 210 0 0
 3254 127465.000 185862.000 0 0 20.583 6.584 135.530 11.641 0 1 5 210 0 0
 3255 127140.000 185965.000 0 0 333.794 105.381 35175.793 187.552 0 1 5 210 0 0
 3256 126260.000 186236.000 0 0 347.243 105.740 36717.732 191.618 0 1 5 210 0 0
 3257 76133.000 186902.000 0 0 12.493 3.431 42.869 6.547 0 1 4 210 0 0
 3258 75722.000 186787.000 0 0 769.662 215.313 165718.721 407.085 0 1 4 210 0 0
 3259 9743.000 103244.000 0 0 0.621 17.301 10.760 3.280 0 1 4 210 0 0
 3260 9738.000 103092.000 0 0 8.893 259.621 2309.067 48.052 0 1 4 210 0 0
 3261 9729.000 102864.000 0 0 0.961 30.282 29.102 5.394 0 1 4 210 0 0
 3262 9723.000 102717.000 0 0 7.165 238.009 1705.514 41.297 0 1 4 210 0 0
 3263 9718.000 102526.000 0 0 3.755 134.165 503.811 22.445 0 1 4 210 0 0
 3264 9714.000 102396.000 0 0 1.493 56.268 84.053 9.168 0 1 4 210 0 0
 3265 9710.000 102251.000 0 0 0.431 17.307 7.469 2.732 0 1 4 210 0 0
 3266 98251.000 9340.000 0 0 243.385 4.696 1142.981 33.807 0 1 1 210 0 0
 3267 128712.000 185635.000 0 0 344.824 115.615 39867.048 199.667 0 1 5 210 0 0
 3268 127465.000 186040.000 0 0 131.984 42.132 5560.807 74.570 0 1 5 210 0 0
 3269 127096.000 186157.000 0 0 309.756 97.416 30175.494 173.710 0 1 5 210 0 0
 3270 126214.000 186428.000 0 0 331.451 100.530 33320.995 182.540 0 1 5 210 0 0
 3271 76017.000 187044.000 0 0 767.772 211.547 162420.163 403.013 0 1 4 210 0 0
 3272 9555.000 102786.000 0 0 2.938 95.376 280.238 16.740 0 1 4 210 0 0
 3273 9545.000 102403.000 0 0 14.747 555.032 8185.336 90.472 0 1 4 210 0 0
 3274 9536.000 102101.000 0 0 0.302 13.005 3.929 1.982 0 1 4 210 0 0
 3275 9531.000 101883.000 0 0 0.361 17.341 6.261 2.502 0 1 4 210 0 0
 3276 98163.000 9173.000 0 0 256.870 5.196 1334.919 36.536 0 1 1 210 0 0
 3277 128677.000 185825.000 0 0 325.025 108.601 35298.394 187.878 0 1 5 210 0 0
 3278 127428.000 186230.000 0 0 169.478 53.907 9136.173 95.583 0 1 5 210 0 0
 3279 127059.000 186347.000 0 0 310.016 97.154 30119.391 173.549 0 1 5 210 0 0
 3280 126188.000 186613.000 0 0 340.460 102.942 35047.891 187.210 0 1 5 210 0 0
 3281 76787.000 187428.000 0 0 20.959 5.564 116.637 10.799 0 1 4 210 0 0
 3282 76627.000 187387.000 0 0 20.949 5.603 117.386 10.834 0 1 4 210 0 0
 3283 76244.000 187284.000 0 0 644.359 175.375 113004.724 336.161 0 1 4 210 0 0
 3284 9367.000 102039.000 0 0 21.120 938.456 19820.431 140.785 0 1 4 210 0 0
 3285 9352.000 101480.000 0 0 0.354 21.720 7.703 2.775 0 1 4 210 0 0
 3286 98052.000 9005.000 0 0 261.727 5.603 1466.542 38.295 0 1 1 210 0 0
 3287 128633.000 186020.000 0 0 338.129 112.554 38058.017 195.084 0 1 5 210 0 0
 3288 127414.000 186413.000 0 0 182.260 57.822 10538.756 102.658 0 1 5 210 0 0
 3289 127016.000 186537.000 0 0 298.744 93.265 27862.526 166.920 0 1 5 210 0 0
 3290 126314.000 186754.000 0 0 12.472 3.783 47.185 6.869 0 1 5 210 0 0
 3291 126135.000 186807.000 0 0 337.065 101.480 34205.463 184.947 0 1 5 210 0 0
 3292 77048.000 187674.000 0 0 16.806 4.399 73.942 8.598 0 1 4 210 0 0
 3293 76586.000 187551.000 0 0 713.482 190.813 136142.127 368.974 0 1 4 210 0 0
 3294 9196.000 102163.000 0 0 0.518 21.757 11.277 3.358 0 1 4 210 0 0
 3295 9196.000 102119.000 0 0 0.304 13.054 3.978 1.994 0 1 4 210 0 0
 3296 9194.000 102063.000 0 0 1.879 82.702 155.438 12.467 0 1 4 210 0 0
 3297 9190.000 101812.000 0 0 7.296 365.620 2667.610 51.648 0 1 4 210 0 0
 3298 9181.000 101459.000 0 0 4.897 304.744 1492.560 38.633 0 1 4 210 0 0
 3299 9178.000 101259.000 0 0 0.241 17.409 4.202 2.049 0 1 4 210 0 0
 3300 97944.000 8838.000 0 0 270.947 6.112 1656.105 40.695 0 1 1 210 0 0
 3301 128792.000 186145.000 0 0 12.384 4.139 51.266 7.160 0 1 5 210 0 0
 3302 128602.000 186209.000 0 0 343.006 113.801 39034.655 197.571 0 1 5 210 0 0
 3303 127381.000 186602.000 0 0 195.120 61.691 12037.281 109.714 0 1 5 210 0 0
 3304 126973.000 186729.000 0 0 295.187 91.804 27099.546 164.619 0 1 5 210 0 0
 3305 126107.000 186994.000 0 0 333.622 100.120 33402.307 182.762 0 1 5 210 0 0
 3306 76891.000 187807.000 0 0 795.547 209.375 166568.313 408.127 0 1 4 210 0 0
 3307 76457.000 187694.000 0 0 25.225 6.772 170.836 13.070 0 1 4 210 0 0
 3308 9020.000 101869.000 0 0 0.358 17.439 6.249 2.499 0 1 4 210 0 0
 3309 9018.000 101745.000 0 0 4.184 218.068 912.560 30.208 0 1 4 210 0 0
 3310 9011.000 101316.000 0 0 8.774 606.297 5320.030 72.938 0 1 4 210 0 0
 3311 9003.000 100971.000 0 0 0.792 74.155 58.734 7.663 0 1 4 210 0 0
 3312 97854.000 8669.000 0 0 249.543 5.864 1463.333 38.253 0 1 1 210 0 0
 3313 128574.000 186397.000 0 0 356.182 117.802 41959.137 204.839 0 1 5 210 0 0
 3314 127342.000 186792.000 0 0 216.345 68.156 14745.340 121.430 0 1 5 210 0 0
 3315 126928.000 186921.000 0 0 284.069 88.006 24999.877 158.113 0 1 5 210 0 0
 3316 126241.000 187131.000 0 0 20.887 6.290 131.402 11.463 0 1 5 210 0 0
 3317 126056.000 187185.000 0 0 321.818 96.181 30952.874 175.934 0 1 5 210 0 0
 3318 77577.000 188162.000 0 0 25.359 6.450 163.576 12.789 0 1 4 210 0 0
 3319 77163.000 188053.000 0 0 793.554 205.816 163326.837 404.137 0 1 4 210 0 0
 3320 76747.000 187945.000 0 0 16.858 4.457 75.143 8.668 0 1 4 210 0 0
 3321 76723.000 187939.000 0 0 12.642 3.346 42.308 6.504 0 1 4 210 0 0
 3322 8843.000 101558.000 0 0 0.298 17.473 5.219 2.284 0 1 4 210 0 0
 3323 8842.000 101500.000 0 0 0.863 52.443 45.280 6.729 0 1 4 210 0 0
 3324 8842.000 101435.000 0 0 0.825 52.443 43.319 6.581 0 1 4 210 0 0
 3325 8839.000 101378.000 0 0 0.660 43.708 28.881 5.374 0 1 4 210 0 0
 3326 8835.000 100972.000 0 0 8.015 751.680 6025.119 77.621 0 1 4 210 0 0
 3327 97746.000 8502.000 0 0 285.120 7.025 2003.001 44.754 0 1 1 210 0 0
 3328 128523.000 186592.000 0 0 340.380 112.121 38163.984 195.356 0 1 5 210 0 0
 3329 127303.000 186983.000 0 0 220.999 69.370 15330.746 123.817 0 1 5 210 0 0
 3330 126892.000 187109.000 0 0 271.464 83.808 22751.027 150.834 0 1 5 210 0 0
 3331 126030.000 187371.000 0 0 347.628 103.567 36002.927 189.744 0 1 5 210 0 0
 3332 77808.000 188395.000 0 0 46.607 11.701 545.364 23.353 0 1 4 210 0 0
 3333 77506.000 188318.000 0 0 541.920 138.027 74800.226 273.496 0 1 4 210 0 0
 3334 77165.000 188230.000 0 0 118.421 30.648 3629.459 60.244 0 1 4 210 0 0
 3335 8667.000 101217.000 0 0 0.291 21.884 6.382 2.526 0 1 4 210 0 0
 3336 8665.000 101142.000 0 0 0.383 30.639 11.744 3.427 0 1 4 210 0 0
 3337 8664.000 101090.000 0 0 0.470 39.415 18.545 4.306 0 1 4 210 0 0
 3338 8662.000 101021.000 0 0 0.881 78.810 69.469 8.334 0 1 4 210 0 0
 3339 8661.000 100915.000 0 0 1.096 109.473 120.088 10.958 0 1 4 210 0 0
 3340 8660.000 100532.000 0 0 3.622 621.768 2252.158 47.456 0 1 4 210 0 0
 3341 8655.000 100189.000 0 0 0.036 17.509 0.635 0.796 0 1 4 210 0 0
 3342 97661.000 8334.000 0 0 254.871 6.505 1657.950 40.717 0 1 1 210 0 0
 3343 128487.000 186783.000 0 0 345.290 113.342 39136.088 197.828 0 1 5 210 0 0
 3344 127274.000 187169.000 0 0 213.107 66.678 14209.709 119.204 0 1 5 210 0 0
 3345 126855.000 187299.000 0 0 297.128 91.403 27158.587 164.798 0 1 5 210 0 0
 3346 126168.000 187508.000 0 0 16.774 5.016 84.143 9.172 0 1 5 210 0 0
 3347 125985.000 187562.000 0 0 323.210 95.916 31001.326 176.071 0 1 5 210 0 0
 3348 77739.000 188551.000 0 0 768.325 193.157 148408.238 385.237 0 1 4 210 0 0
 3349 77306.000 188443.000 0 0 33.917 8.703 295.201 17.181 0 1 4 210 0 0
 3350 8490.000 100829.000 0 0 0.119 13.156 1.569 1.252 0 1 4 210 0 0
 3351 8490.000 100803.000 0 0 0.192 21.926 4.219 2.054 0 1 4 210 0 0
 3352 8487.000 100319.000 0 0 3.020 864.215 2610.679 51.094 0 1 4 210 0 0
 3353 97553.000 8167.000 0 0 250.914 6.687 1677.952 40.962 0 1 1 210 0 0
 3354 128437.000 186979.000 0 0 333.562 109.055 36376.777 190.726 0 1 5 210 0 0
 3355 127230.000 187361.000 0 0 217.762 67.877 14781.213 121.578 0 1 5 210 0 0
 3356 126937.000 187452.000 0 0 12.572 3.872 48.690 6.977 0 1 5 210 0 0
 3357 126817.000 187488.000 0 0 218.080 66.847 14578.259 120.740 0 1 5 210 0 0
 3358 126685.000 187529.000 0 0 37.761 11.512 434.745 20.850 0 1 5 210 0 0
 3359 125940.000 187752.000 0 0 340.735 100.724 34320.284 185.257 0 1 5 210 0 0
 3360 78040.000 188804.000 0 0 766.261 189.486 145196.138 381.046 0 1 4 210 0 0
 3361 77613.000 188697.000 0 0 25.513 6.439 164.306 12.818 0 1 4 210 0 0
 3362 8316.000 100124.000 0 0 1.065 782.323 833.365 28.868 0 1 4 210 0 0
 3363 8314.000 99658.000 0 0 0.411 109.888 45.166 6.720 0 1 4 210 0 0
 3364 8315.000 99539.000 0 0 0.066 13.181 0.875 0.935 0 1 4 210 0 0
 3365 97454.000 8001.000 0 0 282.252 7.813 2205.456 46.962 0 1 1 210 0 0
 3366 128592.000 187106.000 0 0 12.522 4.110 51.477 7.174 0 1 5 210 0 0
 3367 128406.000 187167.000 0 0 334.286 108.938 36416.717 190.831 0 1 5 210 0 0
 3368 127196.000 187551.000 0 0 243.420 75.613 18405.951 135.668 0 1 5 210 0 0
 3369 126777.000 187677.000 0 0 274.125 83.720 22949.925 151.492 0 1 5 210 0 0
 3370 125919.000 187936.000 0 0 345.662 101.882 35217.093 187.662 0 1 5 210 0 0
 3371 78329.000 189049.000 0 0 768.374 186.992 143680.291 379.051 0 1 4 210 0 0
 3372 8145.000 100145.000 0 0 0.034 22.009 0.770 0.877 0 1 4 210 0 0
 3373 8145.000 100088.000 0 0 0.055 57.247 3.153 1.775 0 1 4 210 0 0
 3374 8145.000 100033.000 0 0 0.012 35.215 0.451 0.671 0 1 4 210 0 0
 3375 8146.000 99658.000 0 0 1.956 523.979 1025.180 32.018 0 1 4 210 0 0
 3376 8145.000 99317.000 0 0 1.015 136.502 138.598 11.772 0 1 4 210 0 0
 3377 97343.000 7833.000 0 0 265.100 7.643 2026.313 45.014 0 1 1 210 0 0
 3378 128359.000 187361.000 0 0 339.213 110.115 37352.591 193.268 0 1 5 210 0 0
 3379 127154.000 187742.000 0 0 227.131 70.292 15965.737 126.355 0 1 5 210 0 0
 3380 126735.000 187868.000 0 0 277.999 84.587 23515.169 153.346 0 1 5 210 0 0
 3381 125865.000 188128.000 0 0 329.523 96.712 31869.078 178.519 0 1 5 210 0 0
 3382 78932.000 189369.000 0 0 34.272 8.079 276.918 16.640 0 1 4 210 0 0
 3383 78552.000 189278.000 0 0 646.243 155.252 100331.135 316.750 0 1 4 210 0 0
 3384 7974.000 99812.000 0 0 0.117 57.353 6.744 2.596 0 1 4 210 0 0
 3385 7974.000 99752.000 0 0 0.095 35.280 3.363 1.833 0 1 4 210 0 0
 3386 7975.000 99712.000 0 0 0.055 17.640 0.977 0.988 0 1 4 210 0 0
 3387 7977.000 99333.000 0 0 4.608 635.231 2927.503 54.106 0 1 4 210 0 0
 3388 7978.000 98928.000 0 0 1.798 154.391 277.728 16.665 0 1 4 210 0 0
 3389 97251.000 7667.000 0 0 243.432 7.248 1764.454 42.005 0 1 1 210 0 0
 3390 128334.000 187548.000 0 0 352.528 114.093 40221.417 200.552 0 1 5 210 0 0
 3391 127120.000 187929.000 0 0 231.830 71.505 16577.230 128.752 0 1 5 210 0 0
 3392 126699.000 188057.000 0 0 283.446 85.941 24359.817 156.076 0 1 5 210 0 0
 3393 125834.000 188314.000 0 0 342.916 100.312 34398.704 185.468 0 1 5 210 0 0
 3394 78907.000 189537.000 0 0 678.165 159.767 108348.670 329.163 0 1 4 210 0 0
 3395 78537.000 189450.000 0 0 38.590 9.259 357.333 18.903 0 1 4 210 0 0
 3396 7805.000 99433.000 0 0 0.598 97.222 58.192 7.628 0 1 4 210 0 0
 3397 7805.000 99307.000 0 0 0.697 92.804 64.775 8.048 0 1 4 210 0 0
 3398 7806.000 99194.000 0 0 1.005 114.916 115.516 10.747 0 1 4 210 0 0
 3399 7810.000 98797.000 0 0 8.653 662.895 5736.282 75.738 0 1 4 210 0 0
 3400 128283.000 187742.000 0 0 340.696 109.821 37415.662 193.431 0 1 5 210 0 0
 3401 127078.000 188120.000 0 0 240.779 73.988 17815.038 133.472 0 1 5 210 0 0
 3402 126641.000 188253.000 0 0 274.988 83.011 22827.319 151.087 0 1 5 210 0 0
 3403 125799.000 188502.000 0 0 330.920 96.467 31923.024 178.670 0 1 5 210 0 0
 3404 79176.000 189773.000 0 0 701.466 162.718 114141.831 337.848 0 1 4 210 0 0
 3405 78812.000 189690.000 0 0 12.894 3.046 39.279 6.267 0 1 4 210 0 0
 3406 78739.000 189672.000 0 0 21.497 5.097 109.573 10.467 0 1 4 210 0 0
 3407 7637.000 99060.000 0 0 1.081 106.251 114.911 10.719 0 1 4 210 0 0
 3408 7643.000 98576.000 0 0 13.037 845.207 11019.139 104.972 0 1 4 210 0 0
 3409 128263.000 187927.000 0 0 349.841 112.454 39341.326 198.346 0 1 5 210 0 0
 3410 127050.000 188306.000 0 0 237.057 72.615 17214.118 131.202 0 1 5 210 0 0
 3411 126622.000 188437.000 0 0 284.038 85.505 24286.947 155.842 0 1 5 210 0 0
 3412 125773.000 188685.000 0 0 340.106 98.841 33616.550 183.348 0 1 5 210 0 0
 3413 79091.000 189929.000 0 0 25.868 6.014 155.591 12.473 0 1 4 210 0 0
 3414 7468.000 98880.000 0 0 0.375 31.040 11.667 3.415 0 1 4 210 0 0
 3415 7470.000 98744.000 0 0 3.131 230.647 722.290 26.875 0 1 4 210 0 0
 3416 7471.000 98602.000 0 0 0.536 35.473 19.023 4.361 0 1 4 210 0 0
 3417 7479.000 98193.000 0 0 14.380 736.240 10587.284 102.894 0 1 4 210 0 0
 3418 128214.000 188122.000 0 0 367.517 117.668 43245.113 207.954 0 1 5 210 0 0
 3419 127001.000 188499.000 0 0 246.056 75.073 18472.419 135.913 0 1 5 210 0 0
 3420 126575.000 188628.000 0 0 280.107 83.991 23526.787 153.384 0 1 5 210 0 0
 3421 125713.000 188879.000 0 0 323.803 93.679 30333.815 174.166 0 1 5 210 0 0
 3422 7302.000 98518.000 0 0 0.924 57.771 53.391 7.306 0 1 4 210 0 0
 3423 7305.000 98412.000 0 0 2.361 137.751 325.254 18.034 0 1 4 210 0 0
 3424 7314.000 97942.000 0 0 17.371 781.991 13584.522 116.552 0 1 4 210 0 0
 3425 128172.000 188314.000 0 0 342.914 109.390 37511.451 193.678 0 1 5 210 0 0
 3426 126959.000 188689.000 0 0 250.836 76.248 19125.801 138.296 0 1 5 210 0 0
 3427 126526.000 188820.000 0 0 290.667 86.809 25232.687 158.848 0 1 5 210 0 0
 3428 125690.000 189064.000 0 0 345.827 99.755 34498.142 185.736 0 1 5 210 0 0
 3429 7137.000 98243.000 0 0 0.421 22.251 9.368 3.060 0 1 4 210 0 0
 3430 7137.000 98212.000 0 0 0.428 22.251 9.534 3.087 0 1 4 210 0 0
 3431 7140.000 98087.000 0 0 1.742 84.573 147.372 12.139 0 1 4 210 0 0
 3432 7142.000 98021.000 0 0 0.664 31.149 20.685 4.548 0 1 4 210 0 0
 3433 7152.000 97587.000 0 0 21.523 827.879 17819.023 133.487 0 1 4 210 0 0
 3434 128310.000 188448.000 0 0 16.954 5.426 92.009 9.592 0 1 5 210 0 0
 3435 128127.000 188505.000 0 0 339.417 107.867 36611.977 191.342 0 1 5 210 0 0
 3436 126916.000 188879.000 0 0 238.595 72.256 17240.109 131.301 0 1 5 210 0 0
 3437 126488.000 189008.000 0 0 281.608 83.806 23600.468 153.624 0 1 5 210 0 0
 3438 125647.000 189253.000 0 0 320.889 92.208 29588.838 172.014 0 1 5 210 0 0
 3439 6975.000 97835.000 0 0 0.726 31.205 22.670 4.761 0 1 4 210 0 0
 3440 6975.000 97773.000 0 0 0.320 13.373 4.283 2.069 0 1 4 210 0 0
 3441 6975.000 97743.000 0 0 0.649 26.747 17.361 4.166 0 1 4 210 0 0
 3442 6977.000 97656.000 0 0 2.135 84.721 180.893 13.449 0 1 4 210 0 0
 3443 6992.000 97170.000 0 0 23.741 780.249 18524.594 136.105 0 1 4 210 0 0
 3444 128283.000 188635.000 0 0 12.742 4.066 51.815 7.198 0 1 5 210 0 0
 3445 128087.000 188696.000 0 0 361.413 114.446 41362.596 203.377 0 1 5 210 0 0
 3446 126873.000 189071.000 0 0 260.462 78.584 20468.251 143.067 0 1 5 210 0 0
 3447 126447.000 189197.000 0 0 273.283 81.028 22143.834 148.808 0 1 5 210 0 0
 3448 125595.000 189444.000 0 0 338.731 96.930 32833.540 181.200 0 1 5 210 0 0
 3449 6811.000 97494.000 0 0 0.480 17.863 8.584 2.929 0 1 4 210 0 0
 3450 6814.000 97371.000 0 0 3.907 138.481 541.079 23.261 0 1 4 210 0 0
 3451 6830.000 96870.000 0 0 26.264 781.612 20528.552 143.277 0 1 4 210 0 0
 3452 128047.000 188887.000 0 0 345.141 108.904 37587.436 193.874 0 1 5 210 0 0
 3453 126834.000 189259.000 0 0 248.169 74.608 18515.673 136.072 0 1 5 210 0 0
 3454 126407.000 189386.000 0 0 278.519 82.283 22917.503 151.385 0 1 5 210 0 0
 3455 125560.000 189631.000 0 0 339.438 96.797 32856.701 181.264 0 1 5 210 0 0
 3456 6648.000 97218.000 0 0 0.400 13.420 5.369 2.317 0 1 4 210 0 0
 3457 6651.000 97129.000 0 0 3.716 120.829 449.086 21.191 0 1 4 210 0 0
 3458 6653.000 97057.000 0 0 0.423 13.420 5.680 2.383 0 1 4 210 0 0
 3459 6655.000 97003.000 0 0 1.293 40.282 52.100 7.218 0 1 4 210 0 0
 3460 6655.000 96952.000 0 0 0.876 26.839 23.526 4.850 0 1 4 210 0 0
 3461 6658.000 96881.000 0 0 1.196 35.785 42.803 6.542 0 1 4 210 0 0
 3462 6673.000 96504.000 0 0 26.482 706.876 18719.594 136.819 0 1 4 210 0 0
 3463 6685.000 96101.000 0 0 2.617 62.628 163.900 12.802 0 1 4 210 0 0
 3464 128012.000 189077.000 0 0 341.608 107.425 36697.326 191.565 0 1 5 210 0 0
 3465 126797.000 189449.000 0 0 248.697 74.505 18529.395 136.122 0 1 5 210 0 0
 3466 126375.000 189573.000 0 0 265.881 78.291 20816.310 144.278 0 1 5 210 0 0
 3467 125687.000 189772.000 0 0 12.906 3.692 47.662 6.903 0 1 5 210 0 0
 3468 125513.000 189821.000 0 0 327.234 92.948 30415.993 174.401 0 1 5 210 0 0
 3469 6489.000 96875.000 0 0 0.599 17.925 10.741 3.277 0 1 4 210 0 0
 3470 6511.000 96299.000 0 0 40.280 1017.329 40978.514 202.431 0 1 4 210 0 0
 3471 127973.000 189267.000 0 0 346.615 108.617 37648.630 194.032 0 1 5 210 0 0
 3472 126757.000 189638.000 0 0 262.121 78.245 20509.700 143.212 0 1 5 210 0 0
 3473 126333.000 189764.000 0 0 275.393 80.789 22248.925 149.160 0 1 5 210 0 0
 3474 125481.000 190007.000 0 0 327.910 92.834 30441.585 174.475 0 1 5 210 0 0
 3475 6326.000 96625.000 0 0 0.808 22.445 18.152 4.260 0 1 4 210 0 0
 3476 6329.000 96553.000 0 0 0.495 13.466 6.675 2.583 0 1 4 210 0 0
 3477 6330.000 96497.000 0 0 2.015 53.889 108.631 10.422 0 1 4 210 0 0
 3478 6333.000 96413.000 0 0 2.923 76.330 223.133 14.937 0 1 4 210 0 0
 3479 6356.000 95883.000 0 0 40.859 929.238 37968.159 194.854 0 1 4 210 0 0
 3480 127940.000 189454.000 0 0 368.788 115.187 42479.854 206.106 0 1 5 210 0 0
 3481 126721.000 189825.000 0 0 258.353 76.855 19855.876 140.910 0 1 5 210 0 0
 3482 126294.000 189951.000 0 0 276.537 80.836 22354.373 149.513 0 1 5 210 0 0
 3483 125445.000 190194.000 0 0 337.247 95.143 32086.766 179.127 0 1 5 210 0 0
 3484 6168.000 96285.000 0 0 2.315 58.478 135.403 11.636 0 1 4 210 0 0
 3485 6193.000 95740.000 0 0 46.567 1025.291 47745.004 218.506 0 1 4 210 0 0
 3486 6215.000 95190.000 0 0 1.383 26.966 37.299 6.107 0 1 4 210 0 0
 3487 128083.000 189589.000 0 0 12.879 4.037 52.002 7.211 0 1 5 210 0 0
 3488 127892.000 189647.000 0 0 352.388 109.640 38636.007 196.560 0 1 5 210 0 0
 3489 126679.000 190016.000 0 0 249.641 73.988 18470.652 135.906 0 1 5 210 0 0
 3490 126245.000 190142.000 0 0 276.190 80.414 22209.823 149.029 0 1 5 210 0 0
 3491 125578.000 190333.000 0 0 17.315 4.903 84.900 9.214 0 1 5 210 0 0
 3492 125400.000 190383.000 0 0 329.281 92.536 30470.707 174.558 0 1 5 210 0 0
 3493 6010.000 95987.000 0 0 1.346 31.529 42.452 6.515 0 1 4 210 0 0
 3494 6012.000 95932.000 0 0 0.974 22.520 21.953 4.685 0 1 4 210 0 0
 3495 6016.000 95838.000 0 0 4.589 103.613 475.506 21.806 0 1 4 210 0 0
 3496 6020.000 95748.000 0 0 1.426 31.526 44.976 6.706 0 1 4 210 0 0
 3497 6042.000 95277.000 0 0 45.284 900.811 40793.174 201.973 0 1 4 210 0 0
 3498 127856.000 189838.000 0 0 344.526 106.829 36805.485 191.847 0 1 5 210 0 0
 3499 126638.000 190205.000 0 0 263.780 77.895 20547.287 143.343 0 1 5 210 0 0
 3500 126217.000 190328.000 0 0 272.795 79.177 21599.384 146.967 0 1 5 210 0 0
 3501 125358.000 190570.000 0 0 338.655 94.818 32110.815 179.194 0 1 5 210 0 0
 3502 5854.000 95655.000 0 0 0.624 13.535 8.456 2.907 0 1 4 210 0 0
 3503 5884.000 95051.000 0 0 54.067 1028.193 55591.535 235.778 0 1 4 210 0 0
 3504 5909.000 94524.000 0 0 1.049 18.036 18.936 4.351 0 1 4 210 0 0
 3505 127806.000 190030.000 0 0 362.521 111.967 40590.676 201.471 0 1 5 210 0 0
 3506 126597.000 190394.000 0 0 251.324 73.948 18585.096 136.327 0 1 5 210 0 0
 3507 126162.000 190519.000 0 0 269.037 77.757 20919.644 144.636 0 1 5 210 0 0
 3508 125326.000 190757.000 0 0 330.643 92.268 30507.895 174.665 0 1 5 210 0 0
 3509 5701.000 95245.000 0 0 1.595 31.633 50.466 7.103 0 1 4 210 0 0
 3510 5703.000 95210.000 0 0 0.918 18.075 16.597 4.073 0 1 4 210 0 0
 3511 5706.000 95160.000 0 0 1.391 27.112 37.736 6.142 0 1 4 210 0 0
 3512 5708.000 95113.000 0 0 1.171 22.593 26.458 5.143 0 1 4 210 0 0
 3513 5735.000 94643.000 0 0 48.026 845.033 40584.131 201.455 0 1 4 210 0 0
 3514 5758.000 94200.000 0 0 0.833 13.548 11.299 3.361 0 1 4 210 0 0
 3515 127769.000 190219.000 0 0 354.637 109.156 38710.948 196.750 0 1 5 210 0 0
 3516 126553.000 190585.000 0 0 260.537 76.372 19898.030 141.060 0 1 5 210 0 0
 3517 126128.000 190706.000 0 0 273.938 78.910 21616.540 147.025 0 1 5 210 0 0
 3518 125277.000 190947.000 0 0 335.705 93.302 31322.298 176.981 0 1 5 210 0 0
 3519 5577.000 94421.000 0 0 66.599 1127.071 75061.969 273.974 0 1 4 210 0 0
 3520 127737.000 190407.000 0 0 355.375 109.029 38746.251 196.840 0 1 5 210 0 0
 3521 126516.000 190772.000 0 0 256.866 75.036 19274.250 138.831 0 1 5 210 0 0
 3522 126090.000 190895.000 0 0 262.362 75.308 19758.178 140.563 0 1 5 210 0 0
 3523 125240.000 191133.000 0 0 345.125 95.585 32989.137 181.629 0 1 5 210 0 0
 3524 5396.000 94575.000 0 0 15.345 267.575 4106.202 64.079 0 1 4 210 0 0
 3525 5431.000 93994.000 0 0 54.963 865.341 47561.777 218.086 0 1 4 210 0 0
 3526 5457.000 93540.000 0 0 0.928 13.592 12.625 3.553 0 1 4 210 0 0
 3527 127685.000 190601.000 0 0 343.111 104.845 35973.763 189.667 0 1 5 210 0 0
 3528 126473.000 190960.000 0 0 270.346 78.683 21271.706 145.848 0 1 5 210 0 0
 3529 126040.000 191086.000 0 0 270.319 77.281 20890.757 144.536 0 1 5 210 0 0
 3530 125198.000 191320.000 0 0 323.944 89.388 28956.787 170.166 0 1 5 210 0 0
 3531 5242.000 94288.000 0 0 0.821 13.623 11.189 3.344 0 1 4 210 0 0
 3532 5244.000 94252.000 0 0 1.377 22.704 31.273 5.592 0 1 4 210 0 0
 3533 5245.000 94215.000 0 0 1.386 22.704 31.473 5.610 0 1 4 210 0 0
 3534 5247.000 94165.000 0 0 3.077 49.971 153.801 12.401 0 1 4 210 0 0
 3535 5251.000 94101.000 0 0 1.413 22.702 32.092 5.664 0 1 4 210 0 0
 3536 5281.000 93648.000 0 0 56.339 839.996 47325.221 217.543 0 1 4 210 0 0
 3537 127655.000 190787.000 0 0 361.217 110.032 39745.688 199.363 0 1 5 210 0 0
 3538 126571.000 191110.000 0 0 13.098 3.820 50.038 7.073 0 1 5 210 0 0
 3539 126423.000 191152.000 0 0 249.064 72.198 17982.173 134.097 0 1 5 210 0 0
 3540 126008.000 191271.000 0 0 263.023 74.949 19713.546 140.404 0 1 5 210 0 0
 3541 125164.000 191505.000 0 0 324.599 89.266 28975.792 170.222 0 1 5 210 0 0
 3542 5121.000 93505.000 0 0 73.801 1077.947 79554.552 282.054 0 1 4 210 0 0
 3543 127610.000 190978.000 0 0 340.179 103.240 35120.185 187.403 0 1 5 210 0 0
 3544 126388.000 191341.000 0 0 280.232 80.960 22687.719 150.624 0 1 5 210 0 0
 3545 125962.000 191461.000 0 0 254.291 72.184 18355.921 135.484 0 1 5 210 0 0
 3546 4933.000 93748.000 0 0 3.896 59.248 230.879 15.194 0 1 4 210 0 0
 3547 4936.000 93699.000 0 0 1.207 18.222 22.010 4.691 0 1 4 210 0 0
 3548 4969.000 93240.000 0 0 62.874 883.778 55567.266 235.727 0 1 4 210 0 0
 3549 5003.000 92722.000 0 0 10.816 141.172 1526.980 39.076 0 1 4 210 0 0
 3550 127572.000 191167.000 0 0 358.362 108.382 38840.308 197.079 0 1 5 210 0 0
 3551 126349.000 191528.000 0 0 276.420 79.577 21996.863 148.313 0 1 5 210 0 0
 3552 125921.000 191649.000 0 0 268.002 75.801 20314.839 142.530 0 1 5 210 0 0
 3553 4783.000 93431.000 0 0 3.464 50.216 173.969 13.189 0 1 4 210 0 0
 3554 4825.000 92863.000 0 0 73.906 985.482 72833.442 269.876 0 1 4 210 0 0
 3555 127715.000 191303.000 0 0 13.126 3.984 52.302 7.232 0 1 5 210 0 0
 3556 127535.000 191357.000 0 0 337.218 101.638 34274.298 185.133 0 1 5 210 0 0
 3557 126305.000 191716.000 0 0 272.299 78.099 21266.487 145.830 0 1 5 210 0 0
 3558 125880.000 191837.000 0 0 250.510 70.595 17685.017 132.985 0 1 5 210 0 0
 3559 4633.000 93125.000 0 0 3.296 45.724 150.740 12.277 0 1 4 210 0 0
 3560 4637.000 93072.000 0 0 1.660 22.850 37.934 6.159 0 1 4 210 0 0
 3561 4665.000 92688.000 0 0 55.026 717.375 39474.450 198.681 0 1 4 210 0 0
 3562 4694.000 92318.000 0 0 1.104 13.701 15.134 3.890 0 1 4 210 0 0
 3563 4705.000 92158.000 0 0 24.436 296.931 7255.909 85.181 0 1 4 210 0 0
 3564 127492.000 191548.000 0 0 346.699 104.115 36096.860 189.991 0 1 5 210 0 0
 3565 126264.000 191905.000 0 0 281.854 80.548 22702.946 150.674 0 1 5 210 0 0
 3566 125836.000 192026.000 0 0 264.684 74.310 19668.767 140.245 0 1 5 210 0 0
 3567 4483.000 92850.000 0 0 3.085 41.219 127.192 11.277 0 1 4 210 0 0
 3568 4490.000 92742.000 0 0 4.175 54.947 229.451 15.147 0 1 4 210 0 0
 3569 4495.000 92694.000 0 0 1.050 13.730 14.424 3.797 0 1 4 210 0 0
 3570 4523.000 92309.000 0 0 55.712 691.558 38528.770 196.287 0 1 4 210 0 0
 3571 4552.000 91945.000 0 0 3.088 36.592 113.006 10.630 0 1 4 210 0 0
 3572 4566.000 91793.000 0 0 4.721 54.903 259.242 16.100 0 1 4 210 0 0
 3573 127448.000 191739.000 0 0 338.628 101.318 34309.345 185.227 0 1 5 210 0 0
 3574 126218.000 192095.000 0 0 264.881 75.408 19974.425 141.330 0 1 5 210 0 0
 3575 125793.000 192215.000 0 0 265.249 74.191 19679.287 140.282 0 1 5 210 0 0
 3576 4374.000 92071.000 0 0 86.241 1040.105 89700.778 299.500 0 1 4 210 0 0
 3577 4418.000 91504.000 0 0 5.702 64.149 365.790 19.125 0 1 4 210 0 0
 3578 127410.000 191927.000 0 0 352.537 105.118 37058.380 192.505 0 1 5 210 0 0
 3579 126177.000 192283.000 0 0 278.702 79.057 22033.441 148.436 0 1 5 210 0 0
 3580 125758.000 192401.000 0 0 256.443 71.488 18332.807 135.398 0 1 5 210 0 0
 3581 4189.000 92214.000 0 0 4.852 59.711 289.779 17.022 0 1 4 210 0 0
 3582 4194.000 92163.000 0 0 2.628 32.138 84.492 9.191 0 1 4 210 0 0
 3583 4197.000 92120.000 0 0 3.778 45.933 173.565 13.174 0 1 4 210 0 0
 3584 4226.000 91765.000 0 0 52.901 615.204 32545.016 180.402 0 1 4 210 0 0
 3585 4254.000 91435.000 0 0 2.462 27.530 67.805 8.234 0 1 4 210 0 0
 3586 4269.000 91263.000 0 0 24.712 270.761 6691.159 81.799 0 1 4 210 0 0
 3587 127360.000 192119.000 0 0 331.191 98.366 32578.181 180.494 0 1 5 210 0 0
 3588 126128.000 192474.000 0 0 274.371 77.523 21270.387 145.843 0 1 5 210 0 0
 3589 125716.000 192588.000 0 0 261.863 72.733 19046.281 138.008 0 1 5 210 0 0
 3590 4052.000 91809.000 0 0 15.313 179.370 2746.848 52.410 0 1 4 210 0 0
 3591 4100.000 91273.000 0 0 77.851 855.435 66596.643 258.063 0 1 4 210 0 0
 3592 127328.000 192306.000 0 0 349.568 103.492 36177.838 190.204 0 1 5 210 0 0
 3593 126098.000 192659.000 0 0 266.504 75.064 20004.932 141.438 0 1 5 210 0 0
 3594 125668.000 192777.000 0 0 262.187 72.539 19018.830 137.908 0 1 5 210 0 0
 3595 3896.000 91617.000 0 0 2.410 27.633 66.612 8.161 0 1 4 210 0 0
 3596 3899.000 91587.000 0 0 1.209 13.816 16.713 4.088 0 1 4 210 0 0
 3597 3901.000 91560.000 0 0 1.213 13.815 16.766 4.094 0 1 4 210 0 0
 3598 3911.000 91465.000 0 0 3.272 36.838 120.545 10.979 0 1 4 210 0 0
 3599 3917.000 91401.000 0 0 2.472 27.627 68.314 8.265 0 1 4 210 0 0
 3600 3958.000 90938.000 0 0 80.371 851.730 68454.937 261.638 0 1 4 210 0 0
 3601 127284.000 192496.000 0 0 319.249 94.170 30063.981 173.389 0 1 5 210 0 0
 3602 126057.000 192847.000 0 0 280.404 78.695 22066.522 148.548 0 1 5 210 0 0
 3603 125632.000 192965.000 0 0 267.382 73.722 19712.004 140.399 0 1 5 210 0 0
 3604 3757.000 91268.000 0 0 2.092 23.061 48.253 6.946 0 1 4 210 0 0
 3605 3759.000 91234.000 0 0 2.520 27.672 69.756 8.351 0 1 4 210 0 0
 3606 3766.000 91156.000 0 0 5.088 55.364 281.713 16.784 0 1 4 210 0 0
 3607 3808.000 90719.000 0 0 76.976 797.742 61407.281 247.804 0 1 4 210 0 0
 3608 3848.000 90285.000 0 0 3.258 32.254 105.117 10.252 0 1 4 210 0 0
 3609 127240.000 192685.000 0 0 342.121 100.551 34400.670 185.474 0 1 5 210 0 0
 3610 126016.000 193035.000 0 0 258.669 72.334 18710.655 136.786 0 1 5 210 0 0
 3611 125584.000 193153.000 0 0 263.460 72.357 19063.486 138.070 0 1 5 210 0 0
 3612 3605.000 91052.000 0 0 4.290 46.217 198.286 14.081 0 1 4 210 0 0
 3613 3613.000 90962.000 0 0 8.232 87.785 722.666 26.882 0 1 4 210 0 0
 3614 3623.000 90860.000 0 0 10.076 106.251 1070.638 32.720 0 1 4 210 0 0
 3615 3673.000 90362.000 0 0 86.440 863.863 74672.824 273.263 0 1 4 210 0 0
 3616 127207.000 192872.000 0 0 333.898 97.818 32661.586 180.725 0 1 5 210 0 0
 3617 125958.000 193228.000 0 0 269.151 74.942 20170.836 142.024 0 1 5 210 0 0
 3618 125547.000 193339.000 0 0 245.861 67.294 16545.064 128.627 0 1 5 210 0 0
 3619 3463.000 90735.000 0 0 1.776 18.505 32.866 5.732 0 1 4 210 0 0
 3620 3520.000 90174.000 0 0 106.934 1049.877 112267.944 335.064 0 1 4 210 0 0;
ProcessEquipmentIDList 1
  "6620" ;
SummarySpec 5
  TESTNO    NDEFECT    DEFDENSITY    NDIE    NDEFDIE  ;
SummaryList 
  1    3620    12.7    1    1  ;
EndOfFile;
