FileVersion 1 2;
FileTimestamp 02-10-26 21:59:50;
InspectionStationID "KLA-Tencor" "SFSSP1" "0901-0728-TBI";
SampleType WAFER;
ResultTimestamp 02-10-26 21:46:42;
LotID "2850";
SampleSize 1 200;
DeviceID "None";
SetupID "T2-2850A" 02-10-26 21:46:42;
StepID "6954";
SampleOrientationMarkType NOTCH;
OrientationMarkLocation DOWN;
DiePitch 200000 200000;
DieOrigin 0 0;
WaferID "21";
Slot 21;
SampleCenterLocation 100000 100000;
ClassLookup 1
  0 "0"  ;
OrientationInstructions "Front";
CoordinatesMirrored No;
InspectionTest 1;
SampleTestPlan 1
  0 0 ;
AreaPerTest 2.85007e+010;
ClusterClassificationList 17
  1 210 
  2 210 
  3 210 
  5 210 
  4 210 
  6 210 
  9 210 
  7 210 
  8 210 
  11 210 
  10 210 
  12 210 
  13 210 
  14 210 
  16 210 
  15 210 
  17 210 ;
DefectRecordSpec 15 DEFECTID XREL YREL XINDEX YINDEX XSIZE YSIZE DEFECTAREA DSIZE CLASSNUMBER TEST CLUSTERNUMBER ROUGHBINNUMBER FINEBINNUMBER REVIEWSAMPLE ;
DefectList
 1 85598.000 117548.000 0 0 50.000 54.000 2700.000 51.961 0 1 1 210 0 0
 2 85370.000 118054.000 0 0 50.000 54.000 2700.000 51.961 0 1 1 210 0 0
 3 85172.000 118425.000 0 0 50.000 54.000 2700.000 51.961 0 1 1 210 0 0
 4 84988.000 118850.000 0 0 50.000 54.000 2700.000 51.961 0 1 1 210 0 0
 5 84809.000 119223.000 0 0 50.000 54.000 2700.000 51.961 0 1 1 210 0 0
 6 84597.000 119663.000 0 0 50.000 54.000 2700.000 51.961 0 1 1 210 0 0
 7 84623.000 119588.000 0 0 50.000 54.000 2700.000 51.961 0 1 1 210 0 0
 8 84464.000 119925.000 0 0 50.000 54.000 2700.000 51.961 0 1 1 210 0 0
 9 84546.000 119781.000 0 0 50.000 54.000 2700.000 51.961 0 1 1 210 0 0
 10 84395.000 120107.000 0 0 50.000 54.000 2700.000 51.961 0 1 1 210 0 0
 11 83402.000 119471.000 0 0 0.000 0.000 0.000 0.120 0 1 0 0 0 0
 12 84159.000 120592.000 0 0 50.000 54.000 2700.000 51.961 0 1 1 210 0 0
 13 83286.000 119840.000 0 0 0.000 0.000 0.000 0.121 0 1 0 0 0 0
 14 84101.000 120737.000 0 0 50.000 54.000 2700.000 51.961 0 1 1 210 0 0
 15 83212.000 120113.000 0 0 0.000 0.000 0.000 0.120 0 1 0 0 0 0
 16 74778.000 92431.000 0 0 0.000 0.000 0.000 0.157 0 1 0 0 0 0
 17 83121.000 120356.000 0 0 0.000 0.000 0.000 0.129 0 1 0 0 0 0
 18 83626.000 121751.000 0 0 50.000 54.000 2700.000 51.961 0 1 1 210 0 0
 19 83286.000 122459.000 0 0 48.000 56.000 2688.000 51.845 0 1 1 210 0 0
 20 82444.000 122418.000 0 0 50.000 54.000 2700.000 51.961 0 1 1 210 0 0
 21 82956.000 123162.000 0 0 48.000 56.000 2688.000 51.845 0 1 1 210 0 0
 22 82784.000 123555.000 0 0 48.000 56.000 2688.000 51.845 0 1 1 210 0 0
 23 86607.000 126168.000 0 0 0.000 0.000 0.000 0.125 0 1 0 0 0 0
 24 82090.000 123454.000 0 0 50.000 54.000 2700.000 51.961 0 1 1 210 0 0
 25 86500.000 126310.000 0 0 0.000 0.000 0.000 0.123 0 1 0 0 0 0
 26 82044.000 123606.000 0 0 50.000 54.000 2700.000 51.961 0 1 1 210 0 0
 27 81975.000 123874.000 0 0 50.000 54.000 2700.000 51.961 0 1 1 210 0 0
 28 81922.000 124047.000 0 0 50.000 54.000 2700.000 51.961 0 1 1 210 0 0
 29 82201.000 124827.000 0 0 48.000 54.000 2592.000 50.911 0 1 1 210 0 0
 30 81849.000 124244.000 0 0 48.000 56.000 2688.000 51.845 0 1 1 210 0 0
 31 85633.000 127426.000 0 0 44.000 56.000 2464.000 49.638 0 1 2 210 0 0
 32 81592.000 125062.000 0 0 48.000 56.000 2688.000 51.845 0 1 1 210 0 0
 33 82035.000 125643.000 0 0 48.000 54.000 2592.000 50.911 0 1 1 210 0 0
 34 81536.000 125219.000 0 0 48.000 56.000 2688.000 51.845 0 1 1 210 0 0
 35 85355.000 127794.000 0 0 44.000 56.000 2464.000 49.638 0 1 2 210 0 0
 36 82021.000 125787.000 0 0 48.000 54.000 2592.000 50.911 0 1 1 210 0 0
 37 81983.000 125964.000 0 0 48.000 54.000 2592.000 50.911 0 1 1 210 0 0
 38 85169.000 128049.000 0 0 44.000 56.000 2464.000 49.638 0 1 2 210 0 0
 39 85088.000 128134.000 0 0 44.000 56.000 2464.000 49.638 0 1 2 210 0 0
 40 81957.000 126123.000 0 0 48.000 54.000 2592.000 50.911 0 1 1 210 0 0
 41 81330.000 125825.000 0 0 48.000 56.000 2688.000 51.845 0 1 1 210 0 0
 42 81396.000 125623.000 0 0 48.000 56.000 2688.000 51.845 0 1 1 210 0 0
 43 81657.000 126028.000 0 0 48.000 54.000 2592.000 50.911 0 1 1 210 0 0
 44 81318.000 125927.000 0 0 48.000 56.000 2688.000 51.845 0 1 1 210 0 0
 45 84946.000 128338.000 0 0 44.000 56.000 2464.000 49.638 0 1 2 210 0 0
 46 81270.000 126046.000 0 0 48.000 56.000 2688.000 51.845 0 1 1 210 0 0
 47 81850.000 126672.000 0 0 48.000 54.000 2592.000 50.911 0 1 1 210 0 0
 48 81856.000 126565.000 0 0 48.000 54.000 2592.000 50.911 0 1 1 210 0 0
 49 81847.000 126551.000 0 0 48.000 54.000 2592.000 50.911 0 1 1 210 0 0
 50 81202.000 126276.000 0 0 48.000 54.000 2592.000 50.911 0 1 1 210 0 0
 51 81413.000 126595.000 0 0 48.000 54.000 2592.000 50.911 0 1 1 210 0 0
 52 81751.000 127103.000 0 0 46.000 54.000 2484.000 49.839 0 1 1 210 0 0
 53 81777.000 126914.000 0 0 48.000 54.000 2592.000 50.911 0 1 1 210 0 0
 54 81077.000 126648.000 0 0 48.000 54.000 2592.000 50.911 0 1 1 210 0 0
 55 81124.000 126495.000 0 0 48.000 54.000 2592.000 50.911 0 1 1 210 0 0
 56 81724.000 127290.000 0 0 46.000 54.000 2484.000 49.839 0 1 1 210 0 0
 57 81036.000 126780.000 0 0 48.000 54.000 2592.000 50.911 0 1 1 210 0 0
 58 81673.000 127486.000 0 0 46.000 54.000 2484.000 49.839 0 1 1 210 0 0
 59 81707.000 127278.000 0 0 46.000 54.000 2484.000 49.839 0 1 1 210 0 0
 60 81219.000 126999.000 0 0 48.000 54.000 2592.000 50.911 0 1 1 210 0 0
 61 84308.000 129157.000 0 0 44.000 56.000 2464.000 49.638 0 1 2 210 0 0
 62 81625.000 127698.000 0 0 46.000 54.000 2484.000 49.839 0 1 1 210 0 0
 63 81132.000 127213.000 0 0 48.000 54.000 2592.000 50.911 0 1 1 210 0 0
 64 84074.000 129452.000 0 0 44.000 54.000 2376.000 48.744 0 1 2 210 0 0
 65 81602.000 127938.000 0 0 48.000 54.000 2592.000 50.911 0 1 1 210 0 0
 66 81537.000 128178.000 0 0 48.000 54.000 2592.000 50.911 0 1 1 210 0 0
 67 83936.000 129653.000 0 0 44.000 54.000 2376.000 48.744 0 1 2 210 0 0
 68 83862.000 129733.000 0 0 44.000 54.000 2376.000 48.744 0 1 2 210 0 0
 69 81501.000 128376.000 0 0 48.000 54.000 2592.000 50.911 0 1 1 210 0 0
 70 81480.000 128490.000 0 0 48.000 54.000 2592.000 50.911 0 1 1 210 0 0
 71 80671.000 127936.000 0 0 48.000 54.000 2592.000 50.911 0 1 1 210 0 0
 72 80597.000 128165.000 0 0 48.000 54.000 2592.000 50.911 0 1 1 210 0 0
 73 81416.000 128874.000 0 0 48.000 56.000 2688.000 51.845 0 1 1 210 0 0
 74 81426.000 128724.000 0 0 48.000 54.000 2592.000 50.911 0 1 1 210 0 0
 75 80566.000 128297.000 0 0 48.000 54.000 2592.000 50.911 0 1 1 210 0 0
 76 81369.000 129086.000 0 0 48.000 56.000 2688.000 51.845 0 1 1 210 0 0
 77 80542.000 128476.000 0 0 48.000 54.000 2592.000 50.911 0 1 1 210 0 0
 78 81340.000 129232.000 0 0 48.000 56.000 2688.000 51.845 0 1 1 210 0 0
 79 80437.000 128675.000 0 0 48.000 54.000 2592.000 50.911 0 1 1 210 0 0
 80 80242.000 129242.000 0 0 46.000 54.000 2484.000 49.839 0 1 1 210 0 0
 81 81129.000 130352.000 0 0 48.000 56.000 2688.000 51.845 0 1 1 210 0 0
 82 80149.000 129612.000 0 0 46.000 54.000 2484.000 49.839 0 1 1 210 0 0
 83 80161.000 129563.000 0 0 46.000 54.000 2484.000 49.839 0 1 1 210 0 0
 84 81075.000 130712.000 0 0 48.000 56.000 2688.000 51.845 0 1 1 210 0 0
 85 82240.000 131900.000 0 0 46.000 54.000 2484.000 49.839 0 1 2 210 0 0
 86 81026.000 130889.000 0 0 48.000 56.000 2688.000 51.845 0 1 1 210 0 0
 87 79937.000 130339.000 0 0 48.000 54.000 2592.000 50.911 0 1 1 210 0 0
 88 85063.000 133284.000 0 0 42.000 54.000 2268.000 47.623 0 1 3 210 0 0
 89 84982.000 133351.000 0 0 42.000 54.000 2268.000 47.623 0 1 3 210 0 0
 90 80992.000 131190.000 0 0 48.000 56.000 2688.000 51.845 0 1 1 210 0 0
 91 80950.000 131372.000 0 0 46.000 56.000 2576.000 50.754 0 1 1 210 0 0
 92 80919.000 131567.000 0 0 46.000 56.000 2576.000 50.754 0 1 1 210 0 0
 93 84684.000 133677.000 0 0 42.000 54.000 2268.000 47.623 0 1 3 210 0 0
 94 81824.000 132445.000 0 0 46.000 54.000 2484.000 49.839 0 1 2 210 0 0
 95 84477.000 133886.000 0 0 42.000 54.000 2268.000 47.623 0 1 3 210 0 0
 96 80832.000 132076.000 0 0 46.000 56.000 2576.000 50.754 0 1 1 210 0 0
 97 82619.000 66933.000 0 0 0.000 0.000 0.000 0.222 0 1 0 0 0 0
 98 84308.000 134094.000 0 0 42.000 56.000 2352.000 48.497 0 1 3 210 0 0
 99 84153.000 134231.000 0 0 42.000 56.000 2352.000 48.497 0 1 3 210 0 0
 100 84010.000 134378.000 0 0 42.000 56.000 2352.000 48.497 0 1 3 210 0 0
 101 81424.000 133002.000 0 0 46.000 54.000 2484.000 49.839 0 1 2 210 0 0
 102 83809.000 134613.000 0 0 42.000 56.000 2352.000 48.497 0 1 3 210 0 0
 103 80685.000 132828.000 0 0 46.000 56.000 2576.000 50.754 0 1 1 210 0 0
 104 83591.000 134844.000 0 0 42.000 56.000 2352.000 48.497 0 1 3 210 0 0
 105 80917.000 133690.000 0 0 46.000 54.000 2484.000 49.839 0 1 2 210 0 0
 106 83424.000 135007.000 0 0 42.000 56.000 2352.000 48.497 0 1 3 210 0 0
 107 83279.000 135159.000 0 0 42.000 56.000 2352.000 48.497 0 1 3 210 0 0
 108 83030.000 135413.000 0 0 42.000 56.000 2352.000 48.497 0 1 3 210 0 0
 109 80617.000 134101.000 0 0 46.000 54.000 2484.000 49.839 0 1 2 210 0 0
 110 80461.000 134085.000 0 0 46.000 54.000 2484.000 49.839 0 1 2 210 0 0
 111 80472.000 133927.000 0 0 46.000 54.000 2484.000 49.839 0 1 2 210 0 0
 112 82871.000 135592.000 0 0 42.000 56.000 2352.000 48.497 0 1 3 210 0 0
 113 80314.000 134516.000 0 0 46.000 54.000 2484.000 49.839 0 1 2 210 0 0
 114 82525.000 135969.000 0 0 42.000 56.000 2352.000 48.497 0 1 3 210 0 0
 115 79905.000 135075.000 0 0 46.000 54.000 2484.000 49.839 0 1 2 210 0 0
 116 79615.000 135485.000 0 0 46.000 54.000 2484.000 49.839 0 1 2 210 0 0
 117 76867.000 137409.000 0 0 0.000 0.000 0.000 0.129 0 1 0 0 0 0
 118 76537.000 138010.000 0 0 0.000 0.000 0.000 0.134 0 1 0 0 0 0
 119 76048.000 138890.000 0 0 0.000 0.000 0.000 0.125 0 1 0 0 0 0
 120 80820.000 142301.000 0 0 0.000 0.000 0.000 0.120 0 1 0 0 0 0
 121 80658.000 142466.000 0 0 0.000 0.000 0.000 0.121 0 1 0 0 0 0
 122 79037.000 142987.000 0 0 42.000 56.000 2352.000 48.497 0 1 5 210 0 0
 123 78984.000 143234.000 0 0 42.000 56.000 2352.000 48.497 0 1 5 210 0 0
 124 78927.000 143822.000 0 0 42.000 56.000 2352.000 48.497 0 1 5 210 0 0
 125 75022.000 141829.000 0 0 46.000 56.000 2576.000 50.754 0 1 4 210 0 0
 126 78867.000 144138.000 0 0 42.000 56.000 2352.000 48.497 0 1 5 210 0 0
 127 74954.000 142004.000 0 0 46.000 56.000 2576.000 50.754 0 1 4 210 0 0
 128 78796.000 144662.000 0 0 42.000 56.000 2352.000 48.497 0 1 5 210 0 0
 129 74708.000 142627.000 0 0 46.000 56.000 2576.000 50.754 0 1 4 210 0 0
 130 74627.000 142859.000 0 0 46.000 56.000 2576.000 50.754 0 1 4 210 0 0
 131 74647.000 142804.000 0 0 46.000 56.000 2576.000 50.754 0 1 4 210 0 0
 132 74563.000 143018.000 0 0 46.000 56.000 2576.000 50.754 0 1 4 210 0 0
 133 74326.000 143654.000 0 0 46.000 56.000 2576.000 50.754 0 1 4 210 0 0
 134 74341.000 143590.000 0 0 46.000 56.000 2576.000 50.754 0 1 4 210 0 0
 135 74149.000 144086.000 0 0 46.000 56.000 2576.000 50.754 0 1 4 210 0 0
 136 73838.000 144914.000 0 0 0.000 0.000 0.000 0.127 0 1 0 0 0 0
 137 75495.000 146228.000 0 0 44.000 56.000 2464.000 49.638 0 1 6 210 0 0
 138 78375.000 147775.000 0 0 0.000 0.000 0.000 0.120 0 1 0 0 0 0
 139 78354.000 148044.000 0 0 0.000 0.000 0.000 0.127 0 1 0 0 0 0
 140 75410.000 146593.000 0 0 44.000 56.000 2464.000 49.638 0 1 6 210 0 0
 141 75418.000 146533.000 0 0 44.000 56.000 2464.000 49.638 0 1 6 210 0 0
 142 73438.000 145964.000 0 0 0.000 0.000 0.000 0.121 0 1 0 0 0 0
 143 75197.000 147457.000 0 0 44.000 56.000 2464.000 49.638 0 1 6 210 0 0
 144 75199.000 147392.000 0 0 44.000 56.000 2464.000 49.638 0 1 6 210 0 0
 145 75153.000 147607.000 0 0 44.000 56.000 2464.000 49.638 0 1 6 210 0 0
 146 78134.000 149602.000 0 0 42.000 54.000 2268.000 47.623 0 1 9 210 0 0
 147 74956.000 148425.000 0 0 44.000 56.000 2464.000 49.638 0 1 6 210 0 0
 148 78086.000 150144.000 0 0 42.000 54.000 2268.000 47.623 0 1 9 210 0 0
 149 74909.000 148622.000 0 0 44.000 56.000 2464.000 49.638 0 1 6 210 0 0
 150 78067.000 150323.000 0 0 42.000 54.000 2268.000 47.623 0 1 9 210 0 0
 151 74777.000 149117.000 0 0 44.000 56.000 2464.000 49.638 0 1 6 210 0 0
 152 72633.000 148148.000 0 0 46.000 54.000 2484.000 49.839 0 1 7 210 0 0
 153 74738.000 149333.000 0 0 44.000 56.000 2464.000 49.638 0 1 6 210 0 0
 154 77984.000 151035.000 0 0 42.000 54.000 2268.000 47.623 0 1 9 210 0 0
 155 74700.000 149468.000 0 0 44.000 56.000 2464.000 49.638 0 1 6 210 0 0
 156 74661.000 149639.000 0 0 44.000 56.000 2464.000 49.638 0 1 6 210 0 0
 157 77928.000 151445.000 0 0 42.000 54.000 2268.000 47.623 0 1 9 210 0 0
 158 77939.000 151293.000 0 0 42.000 54.000 2268.000 47.623 0 1 9 210 0 0
 159 74576.000 149963.000 0 0 44.000 56.000 2464.000 49.638 0 1 6 210 0 0
 160 72458.000 148632.000 0 0 46.000 54.000 2484.000 49.839 0 1 7 210 0 0
 161 74569.000 150046.000 0 0 44.000 56.000 2464.000 49.638 0 1 6 210 0 0
 162 77883.000 151782.000 0 0 42.000 54.000 2268.000 47.623 0 1 9 210 0 0
 163 74499.000 150348.000 0 0 44.000 56.000 2464.000 49.638 0 1 6 210 0 0
 164 74494.000 150279.000 0 0 44.000 56.000 2464.000 49.638 0 1 6 210 0 0
 165 70885.000 148703.000 0 0 46.000 56.000 2576.000 50.754 0 1 8 210 0 0
 166 77827.000 152319.000 0 0 42.000 56.000 2352.000 48.497 0 1 9 210 0 0
 167 77835.000 152189.000 0 0 42.000 56.000 2352.000 48.497 0 1 9 210 0 0
 168 77807.000 152460.000 0 0 42.000 56.000 2352.000 48.497 0 1 9 210 0 0
 169 77758.000 152752.000 0 0 42.000 56.000 2352.000 48.497 0 1 9 210 0 0
 170 74302.000 151170.000 0 0 44.000 56.000 2464.000 49.638 0 1 6 210 0 0
 171 72302.000 149143.000 0 0 46.000 54.000 2484.000 49.839 0 1 7 210 0 0
 172 77742.000 152949.000 0 0 42.000 56.000 2352.000 48.497 0 1 9 210 0 0
 173 82302.000 154840.000 0 0 0.000 0.000 0.000 0.121 0 1 0 0 0 0
 174 77723.000 153164.000 0 0 42.000 56.000 2352.000 48.497 0 1 9 210 0 0
 175 77727.000 153084.000 0 0 42.000 56.000 2352.000 48.497 0 1 9 210 0 0
 176 77708.000 153272.000 0 0 42.000 56.000 2352.000 48.497 0 1 9 210 0 0
 177 77665.000 153618.000 0 0 42.000 56.000 2352.000 48.497 0 1 9 210 0 0
 178 42111.000 92931.000 0 0 0.000 0.000 0.000 0.165 0 1 0 0 0 0
 179 77605.000 154237.000 0 0 42.000 56.000 2352.000 48.497 0 1 9 210 0 0
 180 77607.000 154146.000 0 0 42.000 56.000 2352.000 48.497 0 1 9 210 0 0
 181 77545.000 154693.000 0 0 42.000 56.000 2352.000 48.497 0 1 9 210 0 0
 182 82323.000 157218.000 0 0 38.000 54.000 2052.000 45.299 0 1 11 210 0 0
 183 82320.000 157382.000 0 0 38.000 54.000 2052.000 45.299 0 1 11 210 0 0
 184 73687.000 153810.000 0 0 0.000 0.000 0.000 0.120 0 1 0 0 0 0
 185 73634.000 154053.000 0 0 42.000 56.000 2352.000 48.497 0 1 10 210 0 0
 186 71007.000 152699.000 0 0 46.000 54.000 2484.000 49.839 0 1 7 210 0 0
 187 82326.000 157771.000 0 0 38.000 54.000 2052.000 45.299 0 1 11 210 0 0
 188 82315.000 157697.000 0 0 38.000 54.000 2052.000 45.299 0 1 11 210 0 0
 189 77417.000 155999.000 0 0 42.000 56.000 2352.000 48.497 0 1 9 210 0 0
 190 82333.000 158122.000 0 0 38.000 54.000 2052.000 45.299 0 1 11 210 0 0
 191 77383.000 156340.000 0 0 42.000 56.000 2352.000 48.497 0 1 9 210 0 0
 192 77381.000 156289.000 0 0 42.000 56.000 2352.000 48.497 0 1 9 210 0 0
 193 70841.000 153161.000 0 0 46.000 54.000 2484.000 49.839 0 1 7 210 0 0
 194 82345.000 158433.000 0 0 38.000 54.000 2052.000 45.299 0 1 11 210 0 0
 195 82324.000 158329.000 0 0 38.000 54.000 2052.000 45.299 0 1 11 210 0 0
 196 77323.000 156801.000 0 0 42.000 56.000 2352.000 48.497 0 1 9 210 0 0
 197 70728.000 153511.000 0 0 44.000 54.000 2376.000 48.744 0 1 7 210 0 0
 198 77334.000 156874.000 0 0 42.000 56.000 2352.000 48.497 0 1 9 210 0 0
 199 73362.000 155273.000 0 0 42.000 56.000 2352.000 48.497 0 1 10 210 0 0
 200 70612.000 153855.000 0 0 44.000 54.000 2376.000 48.744 0 1 7 210 0 0
 201 70506.000 154166.000 0 0 44.000 54.000 2376.000 48.744 0 1 7 210 0 0
 202 73256.000 155811.000 0 0 42.000 56.000 2352.000 48.497 0 1 10 210 0 0
 203 73270.000 155687.000 0 0 42.000 56.000 2352.000 48.497 0 1 10 210 0 0
 204 70385.000 154502.000 0 0 44.000 54.000 2376.000 48.744 0 1 7 210 0 0
 205 73182.000 156123.000 0 0 42.000 56.000 2352.000 48.497 0 1 10 210 0 0
 206 77206.000 158152.000 0 0 0.000 0.000 0.000 0.122 0 1 0 0 0 0
 207 70165.000 155148.000 0 0 44.000 54.000 2376.000 48.744 0 1 7 210 0 0
 208 77143.000 158574.000 0 0 0.000 0.000 0.000 0.127 0 1 0 0 0 0
 209 73047.000 156811.000 0 0 42.000 56.000 2352.000 48.497 0 1 10 210 0 0
 210 73043.000 156709.000 0 0 42.000 56.000 2352.000 48.497 0 1 10 210 0 0
 211 77148.000 158785.000 0 0 0.000 0.000 0.000 0.127 0 1 0 0 0 0
 212 72819.000 157824.000 0 0 42.000 56.000 2352.000 48.497 0 1 10 210 0 0
 213 72708.000 158344.000 0 0 42.000 56.000 2352.000 48.497 0 1 10 210 0 0
 214 76913.000 161232.000 0 0 40.000 56.000 2240.000 47.328 0 1 12 210 0 0
 215 69645.000 156781.000 0 0 44.000 56.000 2464.000 49.638 0 1 7 210 0 0
 216 65522.000 155849.000 0 0 48.000 56.000 2688.000 51.845 0 1 8 210 0 0
 217 76884.000 161584.000 0 0 40.000 56.000 2240.000 47.328 0 1 12 210 0 0
 218 76806.000 162467.000 0 0 40.000 56.000 2240.000 47.328 0 1 12 210 0 0
 219 67862.000 162204.000 0 0 44.000 56.000 2464.000 49.638 0 1 7 210 0 0
 220 67762.000 162527.000 0 0 44.000 56.000 2464.000 49.638 0 1 7 210 0 0
 221 70923.000 167600.000 0 0 42.000 54.000 2268.000 47.623 0 1 10 210 0 0
 222 66754.000 165850.000 0 0 44.000 56.000 2464.000 49.638 0 1 7 210 0 0
 223 82793.000 172109.000 0 0 34.000 54.000 1836.000 42.848 0 1 13 210 0 0
 224 66651.000 166141.000 0 0 44.000 56.000 2464.000 49.638 0 1 7 210 0 0
 225 66606.000 166325.000 0 0 44.000 56.000 2464.000 49.638 0 1 7 210 0 0
 226 66555.000 166529.000 0 0 44.000 56.000 2464.000 49.638 0 1 7 210 0 0
 227 66453.000 166831.000 0 0 44.000 56.000 2464.000 49.638 0 1 7 210 0 0
 228 66292.000 167319.000 0 0 44.000 56.000 2464.000 49.638 0 1 7 210 0 0
 229 58573.000 164079.000 0 0 48.000 54.000 2592.000 50.911 0 1 8 210 0 0
 230 58225.000 164452.000 0 0 48.000 54.000 2592.000 50.911 0 1 8 210 0 0
 231 177051.000 91979.000 0 0 0.000 0.000 0.000 200000.000 0 1 0 200 0 0
 232 65735.000 169315.000 0 0 44.000 56.000 2464.000 49.638 0 1 7 210 0 0
 233 82981.000 175450.000 0 0 0.000 0.000 0.000 0.128 0 1 0 0 0 0
 234 70286.000 171403.000 0 0 0.000 0.000 0.000 0.127 0 1 0 0 0 0
 235 70249.000 171579.000 0 0 0.000 0.000 0.000 0.121 0 1 0 0 0 0
 236 65639.000 169649.000 0 0 44.000 56.000 2464.000 49.638 0 1 7 210 0 0
 237 65496.000 170139.000 0 0 44.000 56.000 2464.000 49.638 0 1 7 210 0 0
 238 69996.000 173175.000 0 0 0.000 0.000 0.000 0.121 0 1 0 0 0 0
 239 65249.000 171052.000 0 0 42.000 56.000 2352.000 48.497 0 1 7 210 0 0
 240 65262.000 170956.000 0 0 42.000 56.000 2352.000 48.497 0 1 7 210 0 0
 241 69857.000 174074.000 0 0 0.000 0.000 0.000 0.121 0 1 0 0 0 0
 242 64984.000 171955.000 0 0 42.000 56.000 2352.000 48.497 0 1 7 210 0 0
 243 65042.000 171739.000 0 0 42.000 56.000 2352.000 48.497 0 1 7 210 0 0
 244 83203.000 178306.000 0 0 0.000 0.000 0.000 0.121 0 1 0 0 0 0
 245 69802.000 174309.000 0 0 0.000 0.000 0.000 0.127 0 1 0 0 0 0
 246 64892.000 172299.000 0 0 42.000 56.000 2352.000 48.497 0 1 7 210 0 0
 247 64805.000 172653.000 0 0 42.000 56.000 2352.000 48.497 0 1 7 210 0 0
 248 103564.000 181022.000 0 0 0.000 0.000 0.000 0.126 0 1 0 0 0 0
 249 54910.000 32730.000 0 0 0.000 0.000 0.000 0.168 0 1 0 0 0 0
 250 60231.000 171990.000 0 0 46.000 54.000 2484.000 49.839 0 1 8 210 0 0
 251 69500.000 176420.000 0 0 0.000 0.000 0.000 0.124 0 1 0 0 0 0
 252 64389.000 174145.000 0 0 0.000 0.000 0.000 0.120 0 1 0 0 0 0
 253 64294.000 174513.000 0 0 0.000 0.000 0.000 0.121 0 1 0 0 0 0
 254 69427.000 176975.000 0 0 0.000 0.000 0.000 0.125 0 1 0 0 0 0
 255 60051.000 172471.000 0 0 46.000 54.000 2484.000 49.839 0 1 8 210 0 0
 256 162190.000 155457.000 0 0 0.000 0.000 0.000 0.130 0 1 0 0 0 0
 257 69359.000 177395.000 0 0 0.000 0.000 0.000 0.122 0 1 0 0 0 0
 258 69365.000 177237.000 0 0 0.000 0.000 0.000 0.129 0 1 0 0 0 0
 259 64127.000 175128.000 0 0 0.000 0.000 0.000 0.122 0 1 0 0 0 0
 260 59784.000 173109.000 0 0 46.000 54.000 2484.000 49.839 0 1 8 210 0 0
 261 59532.000 173714.000 0 0 46.000 54.000 2484.000 49.839 0 1 8 210 0 0
 262 80202.000 18057.000 0 0 0.000 0.000 0.000 0.126 0 1 0 0 0 0
 263 83566.000 182706.000 0 0 0.000 0.000 0.000 0.120 0 1 0 0 0 0
 264 59411.000 174052.000 0 0 46.000 54.000 2484.000 49.839 0 1 8 210 0 0
 265 163079.000 156940.000 0 0 0.000 0.000 0.000 0.206 0 1 0 0 0 0
 266 63728.000 176643.000 0 0 0.000 0.000 0.000 0.120 0 1 0 0 0 0
 267 59139.000 174689.000 0 0 44.000 54.000 2376.000 48.744 0 1 8 210 0 0
 268 69082.000 179389.000 0 0 0.000 0.000 0.000 0.122 0 1 0 0 0 0
 269 69012.000 179849.000 0 0 0.000 0.000 0.000 0.125 0 1 0 0 0 0
 270 58777.000 175647.000 0 0 44.000 54.000 2376.000 48.744 0 1 14 210 0 0
 271 83758.000 184818.000 0 0 0.000 0.000 0.000 0.121 0 1 0 0 0 0
 272 63254.000 178488.000 0 0 0.000 0.000 0.000 0.120 0 1 0 0 0 0
 273 68849.000 181148.000 0 0 40.000 56.000 2240.000 47.328 0 1 16 210 0 0
 274 58395.000 176606.000 0 0 44.000 54.000 2376.000 48.744 0 1 14 210 0 0
 275 68787.000 181555.000 0 0 40.000 56.000 2240.000 47.328 0 1 16 210 0 0
 276 68753.000 181864.000 0 0 40.000 56.000 2240.000 47.328 0 1 16 210 0 0
 277 58212.000 177083.000 0 0 44.000 54.000 2376.000 48.744 0 1 14 210 0 0
 278 83900.000 186250.000 0 0 0.000 0.000 0.000 0.121 0 1 0 0 0 0
 279 68665.000 182446.000 0 0 40.000 56.000 2240.000 47.328 0 1 16 210 0 0
 280 68648.000 182703.000 0 0 40.000 56.000 2240.000 47.328 0 1 16 210 0 0
 281 68655.000 182616.000 0 0 40.000 56.000 2240.000 47.328 0 1 16 210 0 0
 282 57973.000 177707.000 0 0 44.000 54.000 2376.000 48.744 0 1 14 210 0 0
 283 57842.000 178037.000 0 0 44.000 54.000 2376.000 48.744 0 1 14 210 0 0
 284 68587.000 183165.000 0 0 40.000 56.000 2240.000 47.328 0 1 16 210 0 0
 285 24535.000 146876.000 0 0 0.000 0.000 0.000 0.134 0 1 0 0 0 0
 286 35119.000 160985.000 0 0 0.000 0.000 0.000 0.120 0 1 0 0 0 0
 287 68543.000 183593.000 0 0 40.000 56.000 2240.000 47.328 0 1 16 210 0 0
 288 57658.000 178507.000 0 0 44.000 56.000 2464.000 49.638 0 1 14 210 0 0
 289 54001.000 176623.000 0 0 46.000 56.000 2576.000 50.754 0 1 8 210 0 0
 290 68502.000 183858.000 0 0 40.000 56.000 2240.000 47.328 0 1 16 210 0 0
 291 57532.000 178839.000 0 0 44.000 56.000 2464.000 49.638 0 1 14 210 0 0
 292 53837.000 176936.000 0 0 46.000 56.000 2576.000 50.754 0 1 8 210 0 0
 293 169343.000 41984.000 0 0 0.000 0.000 0.000 0.159 0 1 0 0 0 0
 294 57344.000 179331.000 0 0 44.000 56.000 2464.000 49.638 0 1 14 210 0 0
 295 68375.000 184844.000 0 0 40.000 56.000 2240.000 47.328 0 1 16 210 0 0
 296 125883.000 12693.000 0 0 0.000 0.000 0.000 200000.000 0 1 0 200 0 0
 297 68334.000 185251.000 0 0 40.000 56.000 2240.000 47.328 0 1 16 210 0 0
 298 133654.000 15117.000 0 0 0.000 0.000 0.000 0.124 0 1 0 0 0 0
 299 68295.000 185593.000 0 0 40.000 56.000 2240.000 47.328 0 1 16 210 0 0
 300 68297.000 185677.000 0 0 40.000 56.000 2240.000 47.328 0 1 16 210 0 0
 301 120738.000 11010.000 0 0 0.000 0.000 0.000 200000.000 0 1 0 200 0 0
 302 120415.000 10757.000 0 0 0.000 0.000 0.000 200000.000 0 1 0 200 0 0
 303 68237.000 186115.000 0 0 40.000 56.000 2240.000 47.328 0 1 16 210 0 0
 304 52822.000 178893.000 0 0 46.000 56.000 2576.000 50.754 0 1 15 210 0 0
 305 49873.000 177455.000 0 0 48.000 54.000 2592.000 50.911 0 1 8 210 0 0
 306 68142.000 186981.000 0 0 40.000 56.000 2240.000 47.328 0 1 16 210 0 0
 307 49682.000 177740.000 0 0 48.000 54.000 2592.000 50.911 0 1 8 210 0 0
 308 68098.000 187386.000 0 0 40.000 56.000 2240.000 47.328 0 1 16 210 0 0
 309 159187.000 27699.000 0 0 0.000 0.000 0.000 0.122 0 1 0 0 0 0
 310 68059.000 187596.000 0 0 40.000 56.000 2240.000 47.328 0 1 16 210 0 0
 311 154570.000 23186.000 0 0 0.000 0.000 0.000 0.175 0 1 0 0 0 0
 312 61266.000 186756.000 0 0 42.000 54.000 2268.000 47.623 0 1 17 210 0 0
 313 67803.000 190130.000 0 0 40.000 56.000 2240.000 47.328 0 1 16 210 0 0
 314 61164.000 187284.000 0 0 42.000 54.000 2268.000 47.623 0 1 17 210 0 0
 315 67731.000 191298.000 0 0 0.000 0.000 0.000 0.132 0 1 0 0 0 0
 316 85325.000 122946.000 0 0 4.398 2.813 12.374 3.517 0 1 1 210 0 0
 317 85236.000 123091.000 0 0 5.532 3.537 19.574 4.424 0 1 1 210 0 0
 318 85147.000 123235.000 0 0 4.454 2.847 12.682 3.561 0 1 1 210 0 0
 319 85057.000 123380.000 0 0 8.963 5.728 51.351 7.165 0 1 1 210 0 0
 320 84970.000 123526.000 0 0 10.152 6.486 65.853 8.114 0 1 1 210 0 0
 321 84880.000 123670.000 0 0 11.349 7.249 82.277 9.070 0 1 1 210 0 0
 322 84791.000 123816.000 0 0 11.419 7.292 83.273 9.125 0 1 1 210 0 0
 323 84702.000 123961.000 0 0 12.636 8.068 101.959 10.097 0 1 1 210 0 0
 324 84614.000 124107.000 0 0 12.713 8.114 103.165 10.156 0 1 1 210 0 0
 325 84526.000 124252.000 0 0 13.952 8.902 124.216 11.145 0 1 1 210 0 0
 326 84436.000 124396.000 0 0 15.204 9.700 147.490 12.144 0 1 1 210 0 0
 327 84348.000 124542.000 0 0 14.119 9.005 127.146 11.275 0 1 1 210 0 0
 328 84261.000 124687.000 0 0 16.569 10.563 175.025 13.229 0 1 1 210 0 0
 329 84172.000 124832.000 0 0 16.666 10.623 177.047 13.305 0 1 1 210 0 0
 330 84084.000 124977.000 0 0 15.566 9.919 154.417 12.426 0 1 1 210 0 0
 331 83996.000 125123.000 0 0 16.861 10.741 181.114 13.457 0 1 1 210 0 0
 332 83908.000 125268.000 0 0 15.748 10.029 157.944 12.567 0 1 1 210 0 0
 333 83818.000 125412.000 0 0 18.273 11.636 212.643 14.582 0 1 1 210 0 0
 334 83731.000 125559.000 0 0 17.154 10.919 187.308 13.686 0 1 1 210 0 0
 335 83644.000 125705.000 0 0 17.252 10.977 189.387 13.761 0 1 1 210 0 0
 336 83556.000 125850.000 0 0 17.349 11.036 191.483 13.837 0 1 1 210 0 0
 337 83468.000 125996.000 0 0 18.693 11.887 222.222 14.907 0 1 1 210 0 0
 338 83380.000 126141.000 0 0 17.545 11.154 195.711 13.989 0 1 1 210 0 0
 339 83293.000 126287.000 0 0 17.643 11.213 197.836 14.065 0 1 1 210 0 0
 340 83206.000 126434.000 0 0 19.008 12.076 229.545 15.150 0 1 1 210 0 0
 341 83117.000 126578.000 0 0 17.838 11.331 202.134 14.217 0 1 1 210 0 0
 342 83030.000 126724.000 0 0 17.936 11.389 204.294 14.293 0 1 1 210 0 0
 343 82944.000 126871.000 0 0 18.034 11.447 206.456 14.368 0 1 1 210 0 0
 344 82855.000 127017.000 0 0 18.132 11.507 208.662 14.445 0 1 1 210 0 0
 345 82769.000 127163.000 0 0 19.532 12.390 242.021 15.557 0 1 1 210 0 0
 346 82679.000 127309.000 0 0 18.328 11.625 213.070 14.596 0 1 1 210 0 0
 347 82594.000 127456.000 0 0 17.111 10.848 185.628 13.624 0 1 1 210 0 0
 348 82507.000 127601.000 0 0 15.879 10.064 159.809 12.641 0 1 1 210 0 0
 349 82420.000 127747.000 0 0 15.963 10.114 161.454 12.706 0 1 1 210 0 0
 350 82335.000 127894.000 0 0 18.721 11.856 221.969 14.898 0 1 1 210 0 0
 351 82247.000 128041.000 0 0 17.476 11.064 193.365 13.905 0 1 1 210 0 0
 352 82160.000 128186.000 0 0 18.917 11.973 226.506 15.050 0 1 1 210 0 0
 353 82074.000 128333.000 0 0 19.015 12.031 228.782 15.125 0 1 1 210 0 0
 354 81985.000 128479.000 0 0 19.113 12.090 231.104 15.202 0 1 1 210 0 0
 355 81900.000 128625.000 0 0 19.211 12.148 233.387 15.277 0 1 1 210 0 0
 356 83707.000 129899.000 0 0 21.499 11.716 251.898 15.871 0 1 2 210 0 0
 357 81813.000 128771.000 0 0 19.309 12.206 235.707 15.352 0 1 1 210 0 0
 358 83609.000 130039.000 0 0 25.919 14.143 366.590 19.146 0 1 2 210 0 0
 359 81728.000 128918.000 0 0 19.408 12.263 238.023 15.427 0 1 1 210 0 0
 360 83504.000 130174.000 0 0 28.927 15.814 457.471 21.388 0 1 2 210 0 0
 361 81641.000 129065.000 0 0 19.507 12.321 240.362 15.503 0 1 1 210 0 0
 362 83401.000 130312.000 0 0 27.607 15.118 417.370 20.429 0 1 2 210 0 0
 363 81554.000 129211.000 0 0 19.605 12.380 242.716 15.579 0 1 1 210 0 0
 364 83298.000 130449.000 0 0 29.191 16.012 467.431 21.620 0 1 2 210 0 0
 365 81468.000 129357.000 0 0 19.703 12.437 245.072 15.654 0 1 1 210 0 0
 366 83195.000 130586.000 0 0 29.322 16.110 472.413 21.735 0 1 2 210 0 0
 367 81380.000 129504.000 0 0 22.629 14.281 323.191 17.977 0 1 1 210 0 0
 368 83093.000 130725.000 0 0 26.511 14.588 386.746 19.665 0 1 2 210 0 0
 369 81295.000 129652.000 0 0 24.164 15.242 368.332 19.191 0 1 1 210 0 0
 370 82989.000 130860.000 0 0 25.149 13.862 348.639 18.671 0 1 2 210 0 0
 371 81211.000 129798.000 0 0 18.571 11.710 217.476 14.747 0 1 1 210 0 0
 372 82885.000 130999.000 0 0 28.232 15.587 440.082 20.978 0 1 2 210 0 0
 373 81124.000 129944.000 0 0 18.662 11.764 219.554 14.817 0 1 1 210 0 0
 374 82784.000 131136.000 0 0 26.865 14.854 399.082 19.977 0 1 2 210 0 0
 375 81038.000 130092.000 0 0 18.754 11.818 221.644 14.887 0 1 1 210 0 0
 376 82686.000 131275.000 0 0 17.993 9.961 179.236 13.387 0 1 2 210 0 0
 377 80953.000 130238.000 0 0 20.294 12.783 259.445 16.107 0 1 1 210 0 0
 378 80866.000 130385.000 0 0 18.936 11.924 225.821 15.027 0 1 1 210 0 0
 379 80781.000 130533.000 0 0 17.566 11.056 194.229 13.936 0 1 1 210 0 0
 380 80695.000 130680.000 0 0 19.120 12.031 230.054 15.167 0 1 1 210 0 0
 381 80610.000 130827.000 0 0 19.212 12.084 232.179 15.237 0 1 1 210 0 0
 382 80524.000 130973.000 0 0 19.303 12.138 234.309 15.307 0 1 1 210 0 0
 383 80439.000 131120.000 0 0 17.903 11.253 201.487 14.194 0 1 1 210 0 0
 384 80353.000 131268.000 0 0 17.988 11.303 203.335 14.259 0 1 1 210 0 0
 385 80267.000 131415.000 0 0 19.578 12.298 240.789 15.517 0 1 1 210 0 0
 386 80183.000 131563.000 0 0 18.158 11.401 207.030 14.388 0 1 1 210 0 0
 387 80097.000 131710.000 0 0 18.243 11.450 208.903 14.453 0 1 1 210 0 0
 388 80012.000 131858.000 0 0 19.855 12.457 247.344 15.727 0 1 1 210 0 0
 389 79927.000 132006.000 0 0 18.413 11.548 212.640 14.582 0 1 1 210 0 0
 390 79842.000 132152.000 0 0 16.956 10.631 180.267 13.426 0 1 1 210 0 0
 391 79757.000 132300.000 0 0 18.582 11.645 216.415 14.711 0 1 1 210 0 0
 392 79673.000 132447.000 0 0 18.667 11.694 218.300 14.774 0 1 1 210 0 0
 393 79586.000 132593.000 0 0 18.751 11.744 220.223 14.839 0 1 1 210 0 0
 394 79504.000 132742.000 0 0 18.837 11.791 222.120 14.903 0 1 1 210 0 0
 395 79418.000 132889.000 0 0 17.345 10.854 188.279 13.721 0 1 1 210 0 0
 396 79334.000 133038.000 0 0 15.840 9.908 156.963 12.528 0 1 1 210 0 0
 397 79250.000 133185.000 0 0 15.911 9.949 158.301 12.581 0 1 1 210 0 0
 398 79167.000 133334.000 0 0 17.579 10.987 193.153 13.897 0 1 1 210 0 0
 399 79081.000 133481.000 0 0 19.262 12.035 231.824 15.225 0 1 1 210 0 0
 400 78996.000 133629.000 0 0 20.958 13.090 274.360 16.563 0 1 1 210 0 0
 401 78913.000 133778.000 0 0 21.051 13.142 276.661 16.633 0 1 1 210 0 0
 402 78829.000 133924.000 0 0 17.891 11.165 199.765 14.133 0 1 1 210 0 0
 403 78744.000 134072.000 0 0 19.601 12.228 239.708 15.482 0 1 1 210 0 0
 404 78660.000 134221.000 0 0 21.327 13.299 283.656 16.842 0 1 1 210 0 0
 405 78578.000 134370.000 0 0 19.773 12.324 243.698 15.610 0 1 1 210 0 0
 406 78493.000 134517.000 0 0 18.203 11.342 206.484 14.369 0 1 1 210 0 0
 407 78410.000 134666.000 0 0 16.621 10.351 172.056 13.117 0 1 1 210 0 0
 408 78326.000 134814.000 0 0 16.691 10.392 173.467 13.170 0 1 1 210 0 0
 409 78244.000 134962.000 0 0 16.762 10.431 174.863 13.223 0 1 1 210 0 0
 410 78158.000 135110.000 0 0 15.151 9.425 142.813 11.950 0 1 1 210 0 0
 411 78076.000 135259.000 0 0 16.905 10.511 177.708 13.330 0 1 1 210 0 0
 412 77992.000 135405.000 0 0 16.975 10.552 179.135 13.384 0 1 1 210 0 0
 413 77910.000 135556.000 0 0 18.752 11.649 218.460 14.780 0 1 1 210 0 0
 414 77826.000 135704.000 0 0 18.830 11.694 220.203 14.839 0 1 1 210 0 0
 415 77742.000 135853.000 0 0 18.908 11.738 221.961 14.898 0 1 1 210 0 0
 416 77659.000 136001.000 0 0 18.986 11.782 223.703 14.956 0 1 1 210 0 0
 417 77577.000 136150.000 0 0 17.332 10.751 186.345 13.650 0 1 1 210 0 0
 418 77494.000 136298.000 0 0 13.916 8.628 120.076 10.957 0 1 1 210 0 0
 419 77411.000 136445.000 0 0 10.479 6.495 68.067 8.250 0 1 1 210 0 0
 420 77327.000 136595.000 0 0 7.014 4.346 30.488 5.521 0 1 1 210 0 0
 421 72106.000 149705.000 0 0 33.360 18.721 624.541 24.990 0 1 7 210 0 0
 422 70788.000 148938.000 0 0 18.761 11.199 210.120 14.495 0 1 8 210 0 0
 423 72039.000 149863.000 0 0 33.465 18.766 628.025 25.060 0 1 7 210 0 0
 424 70705.000 149085.000 0 0 18.818 11.231 211.350 14.537 0 1 8 210 0 0
 425 71982.000 150026.000 0 0 33.574 18.804 631.362 25.126 0 1 7 210 0 0
 426 70628.000 149238.000 0 0 21.248 12.675 269.330 16.411 0 1 8 210 0 0
 427 70271.000 149021.000 0 0 9.396 5.698 53.551 7.317 0 1 8 210 0 0
 428 71926.000 150189.000 0 0 31.279 17.496 547.287 23.394 0 1 7 210 0 0
 429 70553.000 149391.000 0 0 18.935 11.289 213.773 14.620 0 1 8 210 0 0
 430 70180.000 149165.000 0 0 14.136 8.574 121.213 11.009 0 1 8 210 0 0
 431 71866.000 150350.000 0 0 33.792 18.882 638.090 25.260 0 1 7 210 0 0
 432 70475.000 149543.000 0 0 18.993 11.319 214.996 14.662 0 1 8 210 0 0
 433 70087.000 149308.000 0 0 14.177 8.601 121.947 11.042 0 1 8 210 0 0
 434 71809.000 150513.000 0 0 33.902 18.920 641.451 25.326 0 1 7 210 0 0
 435 70399.000 149694.000 0 0 21.445 12.774 273.942 16.551 0 1 8 210 0 0
 436 69995.000 149450.000 0 0 16.588 10.065 166.973 12.921 0 1 8 210 0 0
 437 71750.000 150676.000 0 0 36.440 20.313 740.240 27.207 0 1 7 210 0 0
 438 70324.000 149849.000 0 0 19.111 11.377 217.431 14.745 0 1 8 210 0 0
 439 69901.000 149592.000 0 0 16.635 10.097 167.976 12.960 0 1 8 210 0 0
 440 71693.000 150840.000 0 0 34.121 18.998 648.266 25.461 0 1 7 210 0 0
 441 70247.000 150001.000 0 0 19.169 11.406 218.660 14.787 0 1 8 210 0 0
 442 69808.000 149736.000 0 0 19.067 11.575 220.710 14.856 0 1 8 210 0 0
 443 71635.000 151001.000 0 0 36.673 20.396 748.025 27.350 0 1 7 210 0 0
 444 70171.000 150153.000 0 0 19.227 11.435 219.887 14.828 0 1 8 210 0 0
 445 69717.000 149878.000 0 0 16.731 10.158 169.978 13.037 0 1 8 210 0 0
 446 71577.000 151164.000 0 0 36.790 20.438 751.934 27.421 0 1 7 210 0 0
 447 70095.000 150306.000 0 0 21.709 12.905 280.164 16.738 0 1 8 210 0 0
 448 69624.000 150020.000 0 0 14.382 8.734 125.622 11.208 0 1 8 210 0 0
 449 71519.000 151325.000 0 0 36.906 20.480 755.875 27.493 0 1 7 210 0 0
 450 70018.000 150458.000 0 0 21.774 12.938 281.734 16.784 0 1 8 210 0 0
 451 69531.000 150163.000 0 0 14.423 8.761 126.366 11.241 0 1 8 210 0 0
 452 71460.000 151487.000 0 0 27.153 15.051 408.709 20.216 0 1 7 210 0 0
 453 69944.000 150613.000 0 0 21.841 12.970 283.296 16.831 0 1 8 210 0 0
 454 69440.000 150306.000 0 0 19.286 11.716 225.965 15.032 0 1 8 210 0 0
 455 71406.000 151652.000 0 0 34.666 19.191 665.284 25.793 0 1 7 210 0 0
 456 69864.000 150762.000 0 0 21.905 13.005 284.887 16.878 0 1 8 210 0 0
 457 69345.000 150448.000 0 0 16.923 10.283 174.028 13.191 0 1 8 210 0 0
 458 71347.000 151814.000 0 0 44.707 24.722 1105.292 33.245 0 1 7 210 0 0
 459 69792.000 150917.000 0 0 21.972 13.036 286.440 16.924 0 1 8 210 0 0
 460 69255.000 150592.000 0 0 19.396 11.787 228.622 15.120 0 1 8 210 0 0
 461 71290.000 151976.000 0 0 44.847 24.772 1110.968 33.331 0 1 7 210 0 0
 462 69716.000 151069.000 0 0 19.578 11.610 227.320 15.077 0 1 8 210 0 0
 463 69162.000 150735.000 0 0 17.019 10.344 176.061 13.268 0 1 8 210 0 0
 464 71232.000 152140.000 0 0 34.993 19.307 675.652 25.993 0 1 7 210 0 0
 465 69639.000 151222.000 0 0 22.104 13.102 289.619 17.018 0 1 8 210 0 0
 466 69070.000 150877.000 0 0 19.505 11.858 231.296 15.208 0 1 8 210 0 0
 467 71173.000 152300.000 0 0 30.088 16.584 499.011 22.338 0 1 7 210 0 0
 468 69563.000 151375.000 0 0 24.632 14.593 359.474 18.959 0 1 8 210 0 0
 469 68976.000 151019.000 0 0 19.559 11.894 232.645 15.252 0 1 8 210 0 0
 470 69487.000 151526.000 0 0 22.235 13.167 292.796 17.111 0 1 8 210 0 0
 471 68886.000 151164.000 0 0 17.163 10.437 179.140 13.384 0 1 8 210 0 0
 472 69413.000 151680.000 0 0 22.302 13.199 294.382 17.157 0 1 8 210 0 0
 473 68794.000 151306.000 0 0 19.669 11.963 235.329 15.340 0 1 8 210 0 0
 474 69339.000 151835.000 0 0 24.853 14.700 365.363 19.114 0 1 8 210 0 0
 475 68703.000 151450.000 0 0 19.724 11.998 236.675 15.384 0 1 8 210 0 0
 476 69261.000 151985.000 0 0 24.925 14.738 367.351 19.166 0 1 8 210 0 0
 477 68609.000 151591.000 0 0 19.778 12.034 238.034 15.428 0 1 8 210 0 0
 478 69189.000 152141.000 0 0 22.501 13.296 299.185 17.296 0 1 8 210 0 0
 479 68520.000 151736.000 0 0 19.834 12.069 239.387 15.472 0 1 8 210 0 0
 480 69113.000 152293.000 0 0 25.072 14.809 371.305 19.269 0 1 8 210 0 0
 481 68427.000 151879.000 0 0 17.403 10.591 184.327 13.576 0 1 8 210 0 0
 482 69037.000 152445.000 0 0 22.632 13.361 302.409 17.389 0 1 8 210 0 0
 483 68335.000 152022.000 0 0 19.944 12.139 242.121 15.560 0 1 8 210 0 0
 484 68962.000 152599.000 0 0 25.219 14.881 375.301 19.372 0 1 8 210 0 0
 485 68244.000 152165.000 0 0 19.999 12.174 243.489 15.604 0 1 8 210 0 0
 486 68887.000 152752.000 0 0 22.764 13.426 305.649 17.482 0 1 8 210 0 0
 487 68152.000 152309.000 0 0 20.054 12.210 244.861 15.648 0 1 8 210 0 0
 488 68814.000 152906.000 0 0 25.366 14.952 379.297 19.475 0 1 8 210 0 0
 489 68061.000 152453.000 0 0 20.109 12.245 246.243 15.692 0 1 8 210 0 0
 490 68737.000 153058.000 0 0 25.439 14.989 381.326 19.527 0 1 8 210 0 0
 491 67968.000 152596.000 0 0 20.164 12.280 247.625 15.736 0 1 8 210 0 0
 492 68663.000 153212.000 0 0 25.513 15.025 383.335 19.578 0 1 8 210 0 0
 493 67878.000 152739.000 0 0 20.219 12.315 249.000 15.779 0 1 8 210 0 0
 494 68590.000 153366.000 0 0 25.586 15.060 385.343 19.630 0 1 8 210 0 0
 495 67786.000 152882.000 0 0 20.273 12.350 250.391 15.823 0 1 8 210 0 0
 496 68513.000 153518.000 0 0 25.659 15.097 387.388 19.682 0 1 8 210 0 0
 497 67695.000 153026.000 0 0 20.328 12.385 251.779 15.867 0 1 8 210 0 0
 498 68442.000 153673.000 0 0 25.734 15.131 389.387 19.732 0 1 8 210 0 0
 499 67605.000 153170.000 0 0 17.836 10.867 193.832 13.922 0 1 8 210 0 0
 500 68366.000 153826.000 0 0 25.807 15.167 391.436 19.784 0 1 8 210 0 0
 501 67511.000 153312.000 0 0 20.438 12.455 254.576 15.955 0 1 8 210 0 0
 502 68291.000 153980.000 0 0 25.881 15.203 393.490 19.836 0 1 8 210 0 0
 503 67421.000 153455.000 0 0 20.493 12.490 255.970 15.999 0 1 8 210 0 0
 504 70168.000 155238.000 0 0 31.779 17.162 545.421 23.354 0 1 7 210 0 0
 505 68219.000 154134.000 0 0 28.549 16.760 478.513 21.874 0 1 8 210 0 0
 506 67332.000 153599.000 0 0 20.548 12.524 257.365 16.042 0 1 8 210 0 0
 507 70110.000 155401.000 0 0 37.182 20.060 745.904 27.311 0 1 7 210 0 0
 508 68142.000 154287.000 0 0 26.028 15.275 397.586 19.939 0 1 8 210 0 0
 509 67240.000 153744.000 0 0 20.604 12.559 258.781 16.086 0 1 8 210 0 0
 510 70054.000 155564.000 0 0 39.955 21.533 860.385 29.332 0 1 7 210 0 0
 511 68071.000 154441.000 0 0 26.102 15.308 399.602 19.990 0 1 8 210 0 0
 512 67150.000 153888.000 0 0 18.077 11.019 199.209 14.114 0 1 8 210 0 0
 513 70002.000 155728.000 0 0 42.743 23.008 983.484 31.360 0 1 7 210 0 0
 514 67996.000 154594.000 0 0 28.792 16.878 485.968 22.044 0 1 8 210 0 0
 515 67061.000 154031.000 0 0 20.714 12.628 261.592 16.173 0 1 8 210 0 0
 516 69937.000 155888.000 0 0 50.900 27.380 1393.686 37.332 0 1 7 210 0 0
 517 67921.000 154749.000 0 0 26.250 15.380 403.741 20.093 0 1 8 210 0 0
 518 66967.000 154176.000 0 0 20.770 12.664 263.035 16.218 0 1 8 210 0 0
 519 69887.000 156054.000 0 0 32.248 17.324 558.688 23.636 0 1 7 210 0 0
 520 67849.000 154902.000 0 0 26.323 15.415 405.789 20.144 0 1 8 210 0 0
 521 66878.000 154319.000 0 0 18.221 11.111 202.466 14.229 0 1 8 210 0 0
 522 69829.000 156216.000 0 0 24.259 13.019 315.857 17.772 0 1 7 210 0 0
 523 67775.000 155056.000 0 0 23.758 13.906 330.402 18.176 0 1 8 210 0 0
 524 66788.000 154463.000 0 0 20.879 12.732 265.860 16.305 0 1 8 210 0 0
 525 67701.000 155210.000 0 0 29.116 17.034 495.977 22.270 0 1 8 210 0 0
 526 66696.000 154606.000 0 0 20.934 12.768 267.297 16.349 0 1 8 210 0 0
 527 67627.000 155363.000 0 0 26.544 15.521 412.022 20.298 0 1 8 210 0 0
 528 66605.000 154751.000 0 0 18.366 11.202 205.752 14.344 0 1 8 210 0 0
 529 67553.000 155517.000 0 0 23.957 14.002 335.465 18.315 0 1 8 210 0 0
 530 66515.000 154895.000 0 0 21.045 12.837 270.172 16.436 0 1 8 210 0 0
 531 72729.000 158442.000 0 0 36.422 16.996 619.044 24.880 0 1 10 210 0 0
 532 67480.000 155672.000 0 0 26.692 15.592 416.198 20.400 0 1 8 210 0 0
 533 66426.000 155040.000 0 0 21.101 12.871 271.605 16.480 0 1 8 210 0 0
 534 72692.000 158611.000 0 0 39.336 18.328 720.968 26.850 0 1 10 210 0 0
 535 67407.000 155825.000 0 0 29.441 17.189 506.075 22.496 0 1 8 210 0 0
 536 66335.000 155183.000 0 0 21.156 12.906 273.053 16.524 0 1 8 210 0 0
 537 72661.000 158785.000 0 0 47.905 22.279 1067.305 32.669 0 1 10 210 0 0
 538 67335.000 155981.000 0 0 26.841 15.661 420.375 20.503 0 1 8 210 0 0
 539 66246.000 155328.000 0 0 21.211 12.940 274.493 16.567 0 1 8 210 0 0
 540 72618.000 158951.000 0 0 45.215 21.002 949.624 30.815 0 1 10 210 0 0
 541 69455.000 157366.000 0 0 35.752 19.036 680.615 26.088 0 1 7 210 0 0
 542 67260.000 156133.000 0 0 26.913 15.697 422.484 20.554 0 1 8 210 0 0
 543 66155.000 155472.000 0 0 18.608 11.353 211.271 14.535 0 1 8 210 0 0
 544 82462.000 162799.000 0 0 51.176 14.292 731.429 27.044 0 1 13 210 0 0
 545 72586.000 159125.000 0 0 42.515 19.712 838.095 28.949 0 1 10 210 0 0
 546 69399.000 157529.000 0 0 44.124 23.471 1035.667 32.181 0 1 7 210 0 0
 547 67187.000 156287.000 0 0 24.290 14.160 343.960 18.546 0 1 8 210 0 0
 548 66065.000 155616.000 0 0 21.321 13.010 277.401 16.655 0 1 8 210 0 0
 549 82468.000 162979.000 0 0 63.402 17.650 1119.087 33.452 0 1 13 210 0 0
 550 72551.000 159296.000 0 0 45.480 21.053 957.517 30.943 0 1 10 210 0 0
 551 69344.000 157691.000 0 0 44.248 23.513 1040.446 32.255 0 1 7 210 0 0
 552 67116.000 156444.000 0 0 24.357 14.190 345.657 18.591 0 1 8 210 0 0
 553 65976.000 155759.000 0 0 18.704 11.413 213.494 14.611 0 1 8 210 0 0
 554 82472.000 163155.000 0 0 57.519 15.964 918.263 30.302 0 1 13 210 0 0
 555 72516.000 159467.000 0 0 45.611 21.080 961.507 31.008 0 1 10 210 0 0
 556 69289.000 157856.000 0 0 47.147 25.027 1179.973 34.350 0 1 7 210 0 0
 557 67041.000 156596.000 0 0 24.423 14.223 347.382 18.638 0 1 8 210 0 0
 558 65885.000 155904.000 0 0 18.753 11.444 214.618 14.649 0 1 8 210 0 0
 559 82477.000 163334.000 0 0 60.717 16.799 1020.013 31.937 0 1 13 210 0 0
 560 72482.000 159640.000 0 0 48.602 22.425 1089.901 33.013 0 1 10 210 0 0
 561 69237.000 158021.000 0 0 41.721 22.121 922.942 30.379 0 1 7 210 0 0
 562 66968.000 156751.000 0 0 24.490 14.254 349.104 18.684 0 1 8 210 0 0
 563 65796.000 156049.000 0 0 18.802 11.473 215.735 14.687 0 1 8 210 0 0
 564 82484.000 163512.000 0 0 57.844 15.953 922.833 30.378 0 1 13 210 0 0
 565 72447.000 159810.000 0 0 51.606 23.774 1226.906 35.027 0 1 10 210 0 0
 566 69182.000 158184.000 0 0 47.415 25.114 1190.804 34.508 0 1 7 210 0 0
 567 66894.000 156905.000 0 0 27.283 15.873 433.080 20.810 0 1 8 210 0 0
 568 65706.000 156193.000 0 0 21.543 13.147 283.246 16.829 0 1 8 210 0 0
 569 65387.000 155995.000 0 0 16.100 9.952 160.241 12.658 0 1 8 210 0 0
 570 82487.000 163689.000 0 0 58.006 15.950 925.254 30.417 0 1 13 210 0 0
 571 72413.000 159982.000 0 0 51.755 23.803 1231.975 35.099 0 1 10 210 0 0
 572 69128.000 158347.000 0 0 47.548 25.158 1196.247 34.586 0 1 7 210 0 0
 573 66822.000 157060.000 0 0 27.358 15.907 435.202 20.861 0 1 8 210 0 0
 574 65616.000 156338.000 0 0 18.898 11.534 217.987 14.764 0 1 8 210 0 0
 575 65281.000 156131.000 0 0 18.829 11.646 219.302 14.808 0 1 8 210 0 0
 576 82491.000 163867.000 0 0 58.167 15.947 927.615 30.456 0 1 13 210 0 0
 577 72376.000 160152.000 0 0 57.666 26.483 1527.190 39.079 0 1 10 210 0 0
 578 69075.000 158512.000 0 0 47.682 25.201 1201.679 34.665 0 1 7 210 0 0
 579 66751.000 157215.000 0 0 27.432 15.941 437.322 20.912 0 1 8 210 0 0
 580 65529.000 156484.000 0 0 21.654 13.215 286.180 16.916 0 1 8 210 0 0
 581 65179.000 156266.000 0 0 18.874 11.681 220.480 14.848 0 1 8 210 0 0
 582 82501.000 164045.000 0 0 58.329 15.938 929.671 30.490 0 1 13 210 0 0
 583 72345.000 160325.000 0 0 57.833 26.512 1533.326 39.157 0 1 10 210 0 0
 584 69020.000 158676.000 0 0 47.816 25.246 1207.203 34.744 0 1 7 210 0 0
 585 66676.000 157367.000 0 0 27.505 15.977 439.472 20.963 0 1 8 210 0 0
 586 65437.000 156626.000 0 0 21.709 13.250 287.670 16.960 0 1 8 210 0 0
 587 65070.000 156400.000 0 0 24.338 15.073 366.882 19.154 0 1 8 210 0 0
 588 82503.000 164223.000 0 0 49.258 13.420 661.075 25.711 0 1 13 210 0 0
 589 72304.000 160494.000 0 0 55.095 25.224 1389.776 37.279 0 1 10 210 0 0
 590 68966.000 158840.000 0 0 47.949 25.290 1212.680 34.823 0 1 7 210 0 0
 591 66604.000 157523.000 0 0 24.823 14.411 357.749 18.914 0 1 8 210 0 0
 592 65349.000 156772.000 0 0 21.765 13.284 289.145 17.004 0 1 8 210 0 0
 593 64965.000 156535.000 0 0 21.674 13.431 291.126 17.062 0 1 8 210 0 0
 594 82510.000 164401.000 0 0 55.567 15.091 838.605 28.958 0 1 13 210 0 0
 595 76850.000 162571.000 0 0 50.990 18.865 961.961 31.015 0 1 12 210 0 0
 596 72274.000 160667.000 0 0 55.253 25.251 1395.256 37.353 0 1 10 210 0 0
 597 68913.000 159004.000 0 0 45.256 23.843 1079.074 32.849 0 1 7 210 0 0
 598 66533.000 157678.000 0 0 30.418 17.649 536.888 23.170 0 1 8 210 0 0
 599 65259.000 156915.000 0 0 21.820 13.319 290.624 17.047 0 1 8 210 0 0
 600 64861.000 156670.000 0 0 21.726 13.471 292.689 17.108 0 1 8 210 0 0
 601 82513.000 164578.000 0 0 52.625 14.250 749.944 27.385 0 1 13 210 0 0
 602 76831.000 162746.000 0 0 54.140 19.991 1082.367 32.899 0 1 12 210 0 0
 603 72239.000 160838.000 0 0 52.493 23.953 1257.393 35.459 0 1 10 210 0 0
 604 68860.000 159168.000 0 0 42.546 22.392 952.703 30.865 0 1 7 210 0 0
 605 66460.000 157832.000 0 0 27.728 16.081 445.912 21.116 0 1 8 210 0 0
 606 65170.000 157060.000 0 0 21.875 13.353 292.110 17.091 0 1 8 210 0 0
 607 64755.000 156803.000 0 0 21.777 13.512 294.262 17.154 0 1 8 210 0 0
 608 82520.000 164757.000 0 0 58.978 15.920 938.951 30.642 0 1 13 210 0 0
 609 76814.000 162921.000 0 0 48.260 17.784 858.276 29.296 0 1 12 210 0 0
 610 72204.000 161010.000 0 0 55.565 25.316 1406.703 37.506 0 1 10 210 0 0
 611 68806.000 159332.000 0 0 42.664 22.430 956.994 30.935 0 1 7 210 0 0
 612 66388.000 157988.000 0 0 27.803 16.115 448.074 21.167 0 1 8 210 0 0
 613 65081.000 157206.000 0 0 21.931 13.387 293.608 17.135 0 1 8 210 0 0
 614 64650.000 156938.000 0 0 19.100 11.858 226.502 15.049 0 1 8 210 0 0
 615 82526.000 164934.000 0 0 59.139 15.915 941.217 30.679 0 1 13 210 0 0
 616 76801.000 163098.000 0 0 54.443 20.017 1089.832 33.012 0 1 12 210 0 0
 617 72171.000 161180.000 0 0 49.857 22.678 1130.698 33.625 0 1 10 210 0 0
 618 68756.000 159497.000 0 0 42.782 22.466 961.186 31.002 0 1 7 210 0 0
 619 66316.000 158142.000 0 0 27.876 16.150 450.222 21.218 0 1 8 210 0 0
 620 64992.000 157351.000 0 0 21.987 13.421 295.102 17.178 0 1 8 210 0 0
 621 64546.000 157074.000 0 0 19.145 11.893 227.708 15.089 0 1 8 210 0 0
 622 82530.000 165112.000 0 0 59.302 15.911 943.588 30.717 0 1 13 210 0 0
 623 76786.000 163273.000 0 0 54.595 20.030 1093.546 33.068 0 1 12 210 0 0
 624 72135.000 161352.000 0 0 49.996 22.708 1135.342 33.694 0 1 10 210 0 0
 625 68701.000 159661.000 0 0 42.900 22.506 965.539 31.073 0 1 7 210 0 0
 626 66243.000 158296.000 0 0 25.157 14.567 366.479 19.143 0 1 8 210 0 0
 627 64903.000 157495.000 0 0 22.042 13.455 296.599 17.222 0 1 8 210 0 0
 628 64441.000 157210.000 0 0 21.933 13.632 299.010 17.291 0 1 8 210 0 0
 629 82537.000 165289.000 0 0 56.334 15.067 848.834 29.134 0 1 13 210 0 0
 630 76774.000 163451.000 0 0 51.707 18.927 978.713 31.284 0 1 12 210 0 0
 631 72107.000 161526.000 0 0 58.984 26.740 1577.290 39.715 0 1 10 210 0 0
 632 68650.000 159826.000 0 0 40.152 21.041 844.849 29.066 0 1 7 210 0 0
 633 66174.000 158453.000 0 0 25.224 14.597 368.212 19.188 0 1 8 210 0 0
 634 64816.000 157642.000 0 0 19.336 11.802 228.224 15.107 0 1 8 210 0 0
 635 64336.000 157345.000 0 0 21.984 13.673 300.600 17.337 0 1 8 210 0 0
 636 82545.000 165468.000 0 0 59.626 15.897 947.939 30.788 0 1 13 210 0 0
 637 76759.000 163625.000 0 0 51.849 18.940 982.034 31.337 0 1 12 210 0 0
 638 72067.000 161696.000 0 0 56.190 25.440 1429.498 37.808 0 1 10 210 0 0
 639 68592.000 159988.000 0 0 40.260 21.079 848.679 29.132 0 1 7 210 0 0
 640 66099.000 158605.000 0 0 22.468 12.997 292.022 17.088 0 1 8 210 0 0
 641 64725.000 157786.000 0 0 22.153 13.523 299.601 17.308 0 1 8 210 0 0
 642 64230.000 157478.000 0 0 22.035 13.713 302.191 17.383 0 1 8 210 0 0
 643 82550.000 165646.000 0 0 56.641 15.056 852.843 29.203 0 1 13 210 0 0
 644 76743.000 163801.000 0 0 55.050 20.067 1104.701 33.237 0 1 12 210 0 0
 645 72035.000 161867.000 0 0 59.310 26.809 1590.116 39.876 0 1 10 210 0 0
 646 68539.000 160153.000 0 0 28.841 15.084 435.052 20.857 0 1 7 210 0 0
 647 66031.000 158764.000 0 0 25.358 14.659 371.739 19.280 0 1 8 210 0 0
 648 64638.000 157932.000 0 0 22.209 13.557 301.099 17.352 0 1 8 210 0 0
 649 64129.000 157615.000 0 0 22.088 13.752 303.770 17.428 0 1 8 210 0 0
 650 82555.000 165824.000 0 0 56.795 15.052 854.920 29.239 0 1 13 210 0 0
 651 76733.000 163977.000 0 0 46.004 16.731 769.705 27.743 0 1 12 210 0 0
 652 72002.000 162039.000 0 0 53.530 24.158 1293.195 35.961 0 1 10 210 0 0
 653 68494.000 160319.000 0 0 37.592 19.635 738.153 27.168 0 1 7 210 0 0
 654 65958.000 158917.000 0 0 22.587 13.050 294.790 17.169 0 1 8 210 0 0
 655 64549.000 158078.000 0 0 22.265 13.591 302.618 17.395 0 1 8 210 0 0
 656 64021.000 157749.000 0 0 22.139 13.793 305.384 17.475 0 1 8 210 0 0
 657 82562.000 166002.000 0 0 56.949 15.046 856.884 29.272 0 1 13 210 0 0
 658 76721.000 164154.000 0 0 52.280 18.971 991.823 31.493 0 1 12 210 0 0
 659 71966.000 162210.000 0 0 56.658 25.532 1446.628 38.034 0 1 10 210 0 0
 660 68437.000 160482.000 0 0 46.389 24.209 1123.053 33.511 0 1 7 210 0 0
 661 65883.000 159071.000 0 0 25.491 14.723 375.311 19.372 0 1 8 210 0 0
 662 64457.000 158219.000 0 0 22.320 13.626 304.144 17.439 0 1 8 210 0 0
 663 63918.000 157884.000 0 0 22.191 13.833 306.984 17.520 0 1 8 210 0 0
 664 82573.000 166180.000 0 0 66.625 17.544 1168.909 34.189 0 1 13 210 0 0
 665 76702.000 164327.000 0 0 52.421 18.985 995.275 31.547 0 1 12 210 0 0
 666 71935.000 162381.000 0 0 50.835 22.870 1162.653 34.097 0 1 10 210 0 0
 667 68383.000 160646.000 0 0 40.702 21.219 863.702 29.388 0 1 7 210 0 0
 668 65814.000 159227.000 0 0 25.558 14.752 377.068 19.418 0 1 8 210 0 0
 669 64372.000 158365.000 0 0 22.376 13.659 305.641 17.482 0 1 8 210 0 0
 670 63813.000 158019.000 0 0 22.243 13.873 308.591 17.566 0 1 8 210 0 0
 671 82576.000 166357.000 0 0 63.615 16.704 1062.682 32.598 0 1 13 210 0 0
 672 76690.000 164505.000 0 0 52.566 18.995 998.544 31.599 0 1 12 210 0 0
 673 71906.000 162554.000 0 0 53.974 24.241 1308.407 36.171 0 1 10 210 0 0
 674 68338.000 160815.000 0 0 43.730 22.767 995.642 31.553 0 1 7 210 0 0
 675 65747.000 159385.000 0 0 28.473 16.422 467.612 21.624 0 1 8 210 0 0
 676 64288.000 158514.000 0 0 22.433 13.691 307.144 17.525 0 1 8 210 0 0
 677 63715.000 158158.000 0 0 22.296 13.911 310.174 17.611 0 1 8 210 0 0
 678 82583.000 166534.000 0 0 63.785 16.698 1065.097 32.635 0 1 13 210 0 0
 679 76674.000 164680.000 0 0 55.808 20.127 1123.262 33.515 0 1 12 210 0 0
 680 71869.000 162723.000 0 0 54.119 24.273 1313.660 36.244 0 1 10 210 0 0
 681 68279.000 160976.000 0 0 38.001 19.769 751.296 27.409 0 1 7 210 0 0
 682 65670.000 159537.000 0 0 28.545 16.459 469.861 21.676 0 1 8 210 0 0
 683 64194.000 158655.000 0 0 22.487 13.727 308.692 17.569 0 1 8 210 0 0
 684 63605.000 158290.000 0 0 25.154 15.705 395.078 19.876 0 1 8 210 0 0
 685 82592.000 166712.000 0 0 60.758 15.854 963.305 31.037 0 1 13 210 0 0
 686 76663.000 164857.000 0 0 46.636 16.781 782.615 27.975 0 1 12 210 0 0
 687 71835.000 162894.000 0 0 48.239 21.602 1042.112 32.281 0 1 10 210 0 0
 688 68228.000 161141.000 0 0 35.174 18.278 642.955 25.356 0 1 7 210 0 0
 689 65600.000 159692.000 0 0 28.620 16.493 472.042 21.726 0 1 8 210 0 0
 690 64104.000 158801.000 0 0 22.542 13.761 310.232 17.613 0 1 8 210 0 0
 691 63501.000 158426.000 0 0 25.213 15.750 397.127 19.928 0 1 8 210 0 0
 692 82593.000 166890.000 0 0 60.920 15.853 965.837 31.077 0 1 13 210 0 0
 693 76653.000 165034.000 0 0 46.764 16.788 785.090 28.019 0 1 12 210 0 0
 694 71800.000 163066.000 0 0 51.393 22.981 1181.074 34.366 0 1 10 210 0 0
 695 68175.000 161305.000 0 0 29.393 15.258 448.514 21.178 0 1 7 210 0 0
 696 65529.000 159846.000 0 0 28.694 16.527 474.255 21.777 0 1 8 210 0 0
 697 64017.000 158946.000 0 0 19.773 12.070 238.691 15.449 0 1 8 210 0 0
 698 63396.000 158561.000 0 0 25.271 15.796 399.188 19.979 0 1 8 210 0 0
 699 82605.000 167068.000 0 0 61.083 15.843 967.751 31.108 0 1 13 210 0 0
 700 76638.000 165211.000 0 0 53.141 19.038 1011.737 31.807 0 1 12 210 0 0
 701 71769.000 163239.000 0 0 51.534 23.006 1185.631 34.432 0 1 10 210 0 0
 702 68124.000 161470.000 0 0 35.364 18.338 648.533 25.466 0 1 7 210 0 0
 703 65459.000 160002.000 0 0 28.768 16.561 476.456 21.827 0 1 8 210 0 0
 704 63929.000 159092.000 0 0 22.654 13.828 313.289 17.699 0 1 8 210 0 0
 705 63295.000 158697.000 0 0 25.330 15.839 401.221 20.030 0 1 8 210 0 0
 706 82610.000 167245.000 0 0 61.244 15.838 970.027 31.145 0 1 13 210 0 0
 707 76624.000 165385.000 0 0 47.017 16.809 790.320 28.112 0 1 12 210 0 0
 708 71734.000 163410.000 0 0 48.635 21.680 1054.412 32.471 0 1 10 210 0 0
 709 68072.000 161635.000 0 0 35.458 18.368 651.327 25.521 0 1 7 210 0 0
 710 65385.000 160157.000 0 0 25.960 14.937 387.793 19.692 0 1 8 210 0 0
 711 63840.000 159237.000 0 0 22.710 13.862 314.832 17.743 0 1 8 210 0 0
 712 63191.000 158832.000 0 0 25.388 15.884 403.288 20.082 0 1 8 210 0 0
 713 82617.000 167422.000 0 0 67.876 17.500 1187.884 34.465 0 1 13 210 0 0
 714 76613.000 165561.000 0 0 50.285 17.938 902.029 30.033 0 1 12 210 0 0
 715 71704.000 163581.000 0 0 48.766 21.703 1058.386 32.532 0 1 10 210 0 0
 716 68019.000 161797.000 0 0 32.590 16.866 549.701 23.445 0 1 7 210 0 0
 717 65315.000 160312.000 0 0 31.807 18.292 581.844 24.121 0 1 8 210 0 0
 718 63752.000 159382.000 0 0 22.765 13.897 316.378 17.787 0 1 8 210 0 0
 719 63086.000 158967.000 0 0 25.446 15.929 405.365 20.133 0 1 8 210 0 0
 720 82626.000 167601.000 0 0 64.807 16.656 1079.462 32.855 0 1 13 210 0 0
 721 76600.000 165738.000 0 0 53.571 19.069 1021.577 31.962 0 1 12 210 0 0
 722 71668.000 163751.000 0 0 55.007 24.445 1344.713 36.670 0 1 10 210 0 0
 723 65245.000 160469.000 0 0 31.890 18.329 584.537 24.177 0 1 8 210 0 0
 724 63665.000 159530.000 0 0 22.822 13.930 317.920 17.830 0 1 8 210 0 0
 725 62984.000 159104.000 0 0 25.505 15.973 407.427 20.184 0 1 8 210 0 0
 726 82633.000 167778.000 0 0 64.977 16.649 1081.866 32.891 0 1 13 210 0 0
 727 76585.000 165913.000 0 0 50.555 17.959 907.932 30.131 0 1 12 210 0 0
 728 71636.000 163924.000 0 0 58.220 25.832 1503.988 38.781 0 1 10 210 0 0
 729 65172.000 160623.000 0 0 29.066 16.698 485.375 22.031 0 1 8 210 0 0
 730 63577.000 159673.000 0 0 22.877 13.963 319.454 17.873 0 1 8 210 0 0
 731 62878.000 159239.000 0 0 22.711 14.231 323.221 17.978 0 1 8 210 0 0
 732 82638.000 167955.000 0 0 58.634 14.980 878.384 29.637 0 1 13 210 0 0
 733 76574.000 166089.000 0 0 53.857 19.090 1028.182 32.065 0 1 12 210 0 0
 734 71603.000 164096.000 0 0 55.304 24.502 1355.084 36.811 0 1 10 210 0 0
 735 65103.000 160779.000 0 0 32.054 18.404 589.938 24.288 0 1 8 210 0 0
 736 63490.000 159819.000 0 0 20.066 12.247 245.769 15.677 0 1 8 210 0 0
 737 62777.000 159375.000 0 0 25.622 16.063 411.590 20.287 0 1 8 210 0 0
 738 82648.000 168134.000 0 0 58.788 14.972 880.194 29.668 0 1 13 210 0 0
 739 76561.000 166265.000 0 0 54.000 19.101 1031.488 32.116 0 1 12 210 0 0
 740 71574.000 164267.000 0 0 55.452 24.527 1360.110 36.879 0 1 10 210 0 0
 741 65032.000 160936.000 0 0 32.136 18.441 592.653 24.344 0 1 8 210 0 0
 742 63401.000 159965.000 0 0 22.989 14.031 322.570 17.960 0 1 8 210 0 0
 743 62673.000 159511.000 0 0 25.681 16.108 413.680 20.339 0 1 8 210 0 0
 744 82653.000 168310.000 0 0 62.214 15.799 982.978 31.352 0 1 13 210 0 0
 745 76545.000 166441.000 0 0 54.143 19.114 1034.940 32.170 0 1 12 210 0 0
 746 71540.000 164439.000 0 0 52.512 23.193 1217.943 34.899 0 1 10 210 0 0
 747 64960.000 161090.000 0 0 35.145 20.158 708.487 26.617 0 1 8 210 0 0
 748 63312.000 160110.000 0 0 23.044 14.065 324.135 18.003 0 1 8 210 0 0
 749 62568.000 159646.000 0 0 22.867 14.350 328.155 18.115 0 1 8 210 0 0
 750 82667.000 168489.000 0 0 55.813 14.125 788.393 28.078 0 1 13 210 0 0
 751 76535.000 166618.000 0 0 54.288 19.122 1038.100 32.219 0 1 12 210 0 0
 752 71510.000 164612.000 0 0 49.557 21.852 1082.926 32.907 0 1 10 210 0 0
 753 64889.000 161245.000 0 0 32.299 18.517 598.101 24.456 0 1 8 210 0 0
 754 63226.000 160255.000 0 0 20.212 12.336 249.353 15.790 0 1 8 210 0 0
 755 62465.000 159782.000 0 0 25.798 16.197 417.878 20.442 0 1 8 210 0 0
 756 82670.000 168665.000 0 0 62.538 15.783 987.077 31.417 0 1 13 210 0 0
 757 76523.000 166793.000 0 0 64.034 22.507 1441.259 37.963 0 1 12 210 0 0
 758 71475.000 164782.000 0 0 49.687 21.878 1087.120 32.971 0 1 10 210 0 0
 759 67658.000 162953.000 0 0 30.183 15.506 468.046 21.634 0 1 7 210 0 0
 760 64820.000 161401.000 0 0 32.381 18.553 600.809 24.511 0 1 8 210 0 0
 761 63137.000 160401.000 0 0 23.156 14.132 327.262 18.090 0 1 8 210 0 0
 762 62362.000 159919.000 0 0 25.857 16.242 419.988 20.493 0 1 8 210 0 0
 763 82679.000 168843.000 0 0 59.400 14.945 887.785 29.795 0 1 13 210 0 0
 764 76511.000 166969.000 0 0 57.784 20.267 1171.151 34.222 0 1 12 210 0 0
 765 71446.000 164956.000 0 0 49.821 21.901 1091.152 33.032 0 1 10 210 0 0
 766 67607.000 163117.000 0 0 39.336 20.188 794.149 28.180 0 1 7 210 0 0
 767 64750.000 161558.000 0 0 35.414 20.279 718.206 26.799 0 1 8 210 0 0
 768 63052.000 160548.000 0 0 23.213 14.165 328.817 18.133 0 1 8 210 0 0
 769 62260.000 160055.000 0 0 25.916 16.286 422.089 20.544 0 1 8 210 0 0
 770 82687.000 169020.000 0 0 59.553 14.938 889.656 29.827 0 1 13 210 0 0
 771 76500.000 167147.000 0 0 54.719 19.150 1047.920 32.371 0 1 12 210 0 0
 772 71410.000 165125.000 0 0 46.829 20.558 962.754 31.028 0 1 10 210 0 0
 773 67556.000 163282.000 0 0 39.439 20.220 797.477 28.239 0 1 7 210 0 0
 774 64678.000 161712.000 0 0 32.545 18.628 606.274 24.622 0 1 8 210 0 0
 775 62963.000 160693.000 0 0 23.268 14.199 330.398 18.176 0 1 8 210 0 0
 776 62156.000 160191.000 0 0 23.076 14.508 334.802 18.297 0 1 8 210 0 0
 777 82691.000 169196.000 0 0 59.705 14.935 891.728 29.861 0 1 13 210 0 0
 778 76489.000 167322.000 0 0 54.862 19.159 1051.138 32.421 0 1 12 210 0 0
 779 71379.000 165298.000 0 0 53.212 23.323 1241.138 35.229 0 1 10 210 0 0
 780 67503.000 163446.000 0 0 39.541 20.253 800.848 28.299 0 1 7 210 0 0
 781 64607.000 161867.000 0 0 35.592 20.362 724.736 26.920 0 1 8 210 0 0
 782 62873.000 160837.000 0 0 23.323 14.233 331.988 18.220 0 1 8 210 0 0
 783 62051.000 160325.000 0 0 28.923 18.195 526.265 22.940 0 1 8 210 0 0
 784 82705.000 169376.000 0 0 66.510 16.580 1102.779 33.208 0 1 13 210 0 0
 785 76480.000 167500.000 0 0 58.241 20.294 1182.002 34.380 0 1 12 210 0 0
 786 71351.000 165472.000 0 0 53.354 23.346 1245.657 35.293 0 1 10 210 0 0
 787 67458.000 163614.000 0 0 33.549 17.162 575.784 23.995 0 1 7 210 0 0
 788 64540.000 162024.000 0 0 29.738 17.001 505.609 22.485 0 1 8 210 0 0
 789 62790.000 160986.000 0 0 23.380 14.265 333.542 18.263 0 1 8 210 0 0
 790 61953.000 160464.000 0 0 26.092 16.418 428.413 20.698 0 1 8 210 0 0
 791 82709.000 169552.000 0 0 63.345 15.748 997.600 31.584 0 1 13 210 0 0
 792 76465.000 167674.000 0 0 58.391 20.306 1185.760 34.434 0 1 12 210 0 0
 793 71318.000 165643.000 0 0 53.493 23.373 1250.354 35.360 0 1 10 210 0 0
 794 67404.000 163777.000 0 0 30.578 15.628 477.914 21.861 0 1 7 210 0 0
 795 64469.000 162180.000 0 0 32.792 18.738 614.487 24.788 0 1 8 210 0 0
 796 62701.000 161131.000 0 0 23.436 14.299 335.133 18.306 0 1 8 210 0 0
 797 61847.000 160598.000 0 0 26.150 16.464 430.555 20.749 0 1 8 210 0 0
 798 82720.000 169730.000 0 0 66.849 16.566 1107.443 33.278 0 1 13 210 0 0
 799 76455.000 167851.000 0 0 52.041 18.059 939.849 30.656 0 1 12 210 0 0
 800 71288.000 165815.000 0 0 50.479 22.022 1111.701 33.342 0 1 10 210 0 0
 801 67355.000 163943.000 0 0 33.722 17.216 580.592 24.095 0 1 7 210 0 0
 802 64398.000 162336.000 0 0 32.875 18.776 617.266 24.844 0 1 8 210 0 0
 803 62616.000 161277.000 0 0 23.492 14.332 336.700 18.349 0 1 8 210 0 0
 804 61744.000 160734.000 0 0 26.209 16.508 432.687 20.801 0 1 8 210 0 0
 805 82730.000 169907.000 0 0 63.668 15.729 1001.467 31.645 0 1 13 210 0 0
 806 76443.000 168027.000 0 0 58.696 20.326 1193.075 34.540 0 1 12 210 0 0
 807 71253.000 165985.000 0 0 56.935 24.804 1412.225 37.579 0 1 10 210 0 0
 808 67302.000 164107.000 0 0 27.664 14.110 390.368 19.757 0 1 7 210 0 0
 809 64329.000 162491.000 0 0 32.957 18.812 619.999 24.899 0 1 8 210 0 0
 810 62527.000 161422.000 0 0 23.547 14.366 338.299 18.392 0 1 8 210 0 0
 811 61643.000 160871.000 0 0 26.268 16.552 434.816 20.852 0 1 8 210 0 0
 812 82734.000 170084.000 0 0 67.188 16.553 1112.178 33.349 0 1 13 210 0 0
 813 76431.000 168203.000 0 0 55.579 19.207 1067.539 32.673 0 1 12 210 0 0
 814 71220.000 166156.000 0 0 57.082 24.832 1417.515 37.649 0 1 10 210 0 0
 815 67250.000 164271.000 0 0 36.975 18.841 696.674 26.394 0 1 7 210 0 0
 816 64256.000 162647.000 0 0 33.038 18.850 622.812 24.956 0 1 8 210 0 0
 817 62440.000 161569.000 0 0 23.604 14.399 339.898 18.436 0 1 8 210 0 0
 818 61540.000 161007.000 0 0 26.326 16.597 436.958 20.903 0 1 8 210 0 0
 819 82750.000 170264.000 0 0 67.361 16.537 1114.007 33.376 0 1 13 210 0 0
 820 76419.000 168378.000 0 0 55.722 19.217 1070.833 32.723 0 1 12 210 0 0
 821 71193.000 166330.000 0 0 54.053 23.475 1268.951 35.622 0 1 10 210 0 0
 822 67207.000 164441.000 0 0 30.897 15.723 485.800 22.040 0 1 7 210 0 0
 823 64190.000 162803.000 0 0 27.102 15.453 418.825 20.465 0 1 8 210 0 0
 824 62355.000 161716.000 0 0 23.660 14.432 341.483 18.479 0 1 8 210 0 0
 825 61438.000 161144.000 0 0 23.441 14.783 346.557 18.616 0 1 8 210 0 0
 826 82758.000 170440.000 0 0 64.154 15.704 1007.482 31.740 0 1 13 210 0 0
 827 76415.000 168558.000 0 0 55.869 19.220 1073.834 32.769 0 1 12 210 0 0
 828 71166.000 166503.000 0 0 54.194 23.498 1273.475 35.685 0 1 10 210 0 0
 829 67153.000 164603.000 0 0 34.070 17.323 590.220 24.294 0 1 7 210 0 0
 830 64114.000 162956.000 0 0 27.168 15.486 420.730 20.511 0 1 8 210 0 0
 831 62261.000 161858.000 0 0 20.750 12.659 262.701 16.208 0 1 8 210 0 0
 832 61329.000 161275.000 0 0 26.442 16.688 441.283 21.006 0 1 8 210 0 0
 833 82764.000 170616.000 0 0 67.699 16.524 1118.687 33.446 0 1 13 210 0 0
 834 76397.000 168731.000 0 0 52.716 18.103 954.343 30.892 0 1 12 210 0 0
 835 71128.000 166673.000 0 0 51.137 22.144 1132.431 33.651 0 1 10 210 0 0
 836 67103.000 164770.000 0 0 40.366 20.502 827.626 28.768 0 1 7 210 0 0
 837 64049.000 163116.000 0 0 30.261 17.237 521.623 22.839 0 1 8 210 0 0
 838 62180.000 162007.000 0 0 23.772 14.499 344.683 18.565 0 1 8 210 0 0
 839 61233.000 161417.000 0 0 23.545 14.862 349.952 18.707 0 1 8 210 0 0
 840 82771.000 170794.000 0 0 64.476 15.691 1011.743 31.807 0 1 13 210 0 0
 841 76387.000 168908.000 0 0 52.852 18.111 957.217 30.938 0 1 12 210 0 0
 842 71094.000 166844.000 0 0 44.862 19.400 870.350 29.501 0 1 10 210 0 0
 843 67053.000 164935.000 0 0 34.245 17.376 595.056 24.393 0 1 7 210 0 0
 844 63981.000 163272.000 0 0 27.304 15.543 424.416 20.601 0 1 8 210 0 0
 845 62093.000 162154.000 0 0 23.828 14.532 346.297 18.609 0 1 8 210 0 0
 846 61130.000 161551.000 0 0 23.597 14.902 351.652 18.752 0 1 8 210 0 0
 847 82779.000 170969.000 0 0 57.833 14.034 811.657 28.489 0 1 13 210 0 0
 848 76374.000 169083.000 0 0 56.297 19.253 1083.937 32.923 0 1 12 210 0 0
 849 71059.000 167014.000 0 0 25.699 11.099 285.244 16.889 0 1 10 210 0 0
 850 67003.000 165099.000 0 0 37.452 18.983 710.974 26.664 0 1 7 210 0 0
 851 63912.000 163427.000 0 0 30.411 17.303 526.208 22.939 0 1 8 210 0 0
 852 62005.000 162299.000 0 0 20.898 12.745 266.369 16.320 0 1 8 210 0 0
 853 61027.000 161687.000 0 0 23.649 14.941 353.363 18.797 0 1 8 210 0 0
 854 82796.000 171149.000 0 0 57.980 14.020 812.917 28.511 0 1 13 210 0 0
 855 76367.000 169260.000 0 0 56.441 19.258 1087.009 32.969 0 1 12 210 0 0
 856 66954.000 165266.000 0 0 37.548 19.011 713.861 26.718 0 1 7 210 0 0
 857 63843.000 163585.000 0 0 33.533 19.068 639.454 25.287 0 1 8 210 0 0
 858 61920.000 162447.000 0 0 20.948 12.774 267.597 16.358 0 1 8 210 0 0
 859 60927.000 161825.000 0 0 23.702 14.979 355.062 18.843 0 1 8 210 0 0
 860 82801.000 171325.000 0 0 54.706 13.191 721.664 26.863 0 1 13 210 0 0
 861 76354.000 169436.000 0 0 66.567 22.669 1509.015 38.846 0 1 12 210 0 0
 862 66900.000 165429.000 0 0 28.235 14.284 403.322 20.082 0 1 7 210 0 0
 863 63773.000 163739.000 0 0 36.669 20.842 764.275 27.645 0 1 8 210 0 0
 864 61833.000 162591.000 0 0 23.996 14.632 351.127 18.738 0 1 8 210 0 0
 865 60823.000 161962.000 0 0 23.754 15.019 356.795 18.889 0 1 8 210 0 0
 866 82808.000 171502.000 0 0 51.415 12.362 635.626 25.211 0 1 13 210 0 0
 867 76344.000 169613.000 0 0 63.400 21.545 1366.004 36.959 0 1 12 210 0 0
 868 63703.000 163897.000 0 0 36.760 20.881 767.626 27.706 0 1 8 210 0 0
 869 61747.000 162739.000 0 0 24.052 14.665 352.752 18.781 0 1 8 210 0 0
 870 60721.000 162097.000 0 0 23.806 15.058 358.504 18.934 0 1 8 210 0 0
 871 82816.000 171678.000 0 0 51.542 12.357 636.908 25.237 0 1 13 210 0 0
 872 76332.000 169788.000 0 0 63.560 21.556 1370.137 37.015 0 1 12 210 0 0
 873 63636.000 164054.000 0 0 33.781 19.178 647.859 25.453 0 1 8 210 0 0
 874 61661.000 162886.000 0 0 24.109 14.698 354.370 18.824 0 1 8 210 0 0
 875 60618.000 162235.000 0 0 20.877 13.210 275.807 16.607 0 1 8 210 0 0
 876 76321.000 169965.000 0 0 60.368 20.431 1233.411 35.119 0 1 12 210 0 0
 877 63565.000 164208.000 0 0 36.939 20.961 774.298 27.826 0 1 8 210 0 0
 878 61573.000 163032.000 0 0 21.144 12.890 272.564 16.509 0 1 8 210 0 0
 879 60517.000 162372.000 0 0 23.912 15.137 361.960 19.025 0 1 8 210 0 0
 880 76311.000 170140.000 0 0 67.242 22.710 1527.124 39.078 0 1 12 210 0 0
 881 63498.000 164366.000 0 0 33.945 19.250 653.490 25.563 0 1 8 210 0 0
 882 61490.000 163180.000 0 0 24.221 14.764 357.615 18.910 0 1 8 210 0 0
 883 60417.000 162508.000 0 0 23.964 15.175 363.672 19.070 0 1 8 210 0 0
 884 76302.000 170316.000 0 0 64.041 21.583 1382.272 37.178 0 1 12 210 0 0
 885 63427.000 164522.000 0 0 37.119 21.040 781.035 27.947 0 1 8 210 0 0
 886 61402.000 163325.000 0 0 21.243 12.947 275.054 16.584 0 1 8 210 0 0
 887 60313.000 162645.000 0 0 24.016 15.215 365.425 19.116 0 1 8 210 0 0
 888 76292.000 170491.000 0 0 60.823 20.456 1244.212 35.273 0 1 12 210 0 0
 889 63359.000 164680.000 0 0 37.210 21.080 784.404 28.007 0 1 8 210 0 0
 890 61316.000 163472.000 0 0 21.292 12.976 276.307 16.622 0 1 8 210 0 0
 891 60211.000 162782.000 0 0 27.092 17.170 465.202 21.568 0 1 8 210 0 0
 892 82873.000 172568.000 0 0 48.704 11.494 559.852 23.661 0 1 13 210 0 0
 893 76281.000 170669.000 0 0 60.976 20.466 1247.943 35.326 0 1 12 210 0 0
 894 63290.000 164835.000 0 0 37.300 21.119 787.762 28.067 0 1 8 210 0 0
 895 61232.000 163620.000 0 0 24.390 14.863 362.519 19.039 0 1 8 210 0 0
 896 60111.000 162920.000 0 0 24.122 15.292 368.890 19.206 0 1 8 210 0 0
 897 82878.000 172742.000 0 0 52.307 12.312 644.038 25.377 0 1 13 210 0 0
 898 76271.000 170845.000 0 0 61.128 20.474 1251.580 35.377 0 1 12 210 0 0
 899 63221.000 164992.000 0 0 37.390 21.159 791.162 28.127 0 1 8 210 0 0
 900 61143.000 163764.000 0 0 24.446 14.897 364.178 19.083 0 1 8 210 0 0
 901 60009.000 163055.000 0 0 24.173 15.332 370.634 19.251 0 1 8 210 0 0
 902 82890.000 172921.000 0 0 59.424 13.943 828.599 28.785 0 1 13 210 0 0
 903 76261.000 171021.000 0 0 61.279 20.483 1255.218 35.429 0 1 12 210 0 0
 904 63152.000 165147.000 0 0 40.601 22.965 932.428 30.535 0 1 8 210 0 0
 905 61059.000 163913.000 0 0 21.439 13.063 280.073 16.735 0 1 8 210 0 0
 906 59908.000 163194.000 0 0 24.227 15.370 372.381 19.297 0 1 8 210 0 0
 907 82899.000 173098.000 0 0 56.065 13.117 735.417 27.118 0 1 13 210 0 0
 908 76249.000 171195.000 0 0 58.018 19.355 1122.982 33.510 0 1 12 210 0 0
 909 63085.000 165305.000 0 0 37.570 21.237 797.905 28.247 0 1 8 210 0 0
 910 60972.000 164059.000 0 0 24.558 14.962 367.463 19.169 0 1 8 210 0 0
 911 59806.000 163329.000 0 0 21.244 13.483 286.443 16.924 0 1 8 210 0 0
 912 82909.000 173274.000 0 0 56.201 13.109 736.768 27.143 0 1 13 210 0 0
 913 76245.000 171374.000 0 0 61.584 20.497 1262.316 35.529 0 1 12 210 0 0
 914 63014.000 165461.000 0 0 34.523 19.505 673.407 25.950 0 1 8 210 0 0
 915 60886.000 164205.000 0 0 24.614 14.995 369.119 19.212 0 1 8 210 0 0
 916 59705.000 163466.000 0 0 24.331 15.448 375.885 19.387 0 1 8 210 0 0
 917 82922.000 173452.000 0 0 56.337 13.098 737.952 27.165 0 1 13 210 0 0
 918 76233.000 171549.000 0 0 58.307 19.368 1129.296 33.604 0 1 12 210 0 0
 919 62948.000 165619.000 0 0 37.751 21.316 804.723 28.367 0 1 8 210 0 0
 920 60801.000 164353.000 0 0 21.587 13.149 283.870 16.848 0 1 8 210 0 0
 921 59605.000 163604.000 0 0 21.336 13.550 289.126 17.003 0 1 8 210 0 0
 922 82932.000 173628.000 0 0 60.000 13.909 834.591 28.889 0 1 13 210 0 0
 923 76223.000 171725.000 0 0 61.887 20.516 1269.704 35.632 0 1 12 210 0 0
 924 62880.000 165776.000 0 0 37.841 21.355 808.132 28.427 0 1 8 210 0 0
 925 60714.000 164499.000 0 0 24.727 15.061 372.433 19.298 0 1 8 210 0 0
 926 59501.000 163740.000 0 0 21.382 13.585 290.494 17.043 0 1 8 210 0 0
 927 82943.000 173806.000 0 0 56.609 13.082 740.599 27.213 0 1 13 210 0 0
 928 76214.000 171902.000 0 0 58.594 19.383 1135.779 33.701 0 1 12 210 0 0
 929 66216.000 167750.000 0 0 35.730 17.817 636.624 25.231 0 1 7 210 0 0
 930 62812.000 165933.000 0 0 37.931 21.394 811.543 28.487 0 1 8 210 0 0
 931 60630.000 164647.000 0 0 21.686 13.207 286.410 16.923 0 1 8 210 0 0
 932 59403.000 163878.000 0 0 18.367 11.673 214.405 14.642 0 1 8 210 0 0
 933 82952.000 173983.000 0 0 53.199 12.259 652.168 25.537 0 1 13 210 0 0
 934 76204.000 172078.000 0 0 62.191 20.532 1276.976 35.734 0 1 12 210 0 0
 935 66166.000 167915.000 0 0 32.562 16.222 528.241 22.983 0 1 7 210 0 0
 936 62744.000 166088.000 0 0 38.021 21.433 814.945 28.547 0 1 8 210 0 0
 937 60545.000 164794.000 0 0 21.735 13.235 287.683 16.961 0 1 8 210 0 0
 938 59300.000 164014.000 0 0 21.474 13.653 293.190 17.122 0 1 8 210 0 0
 939 82963.000 174161.000 0 0 60.435 13.883 839.063 28.966 0 1 13 210 0 0
 940 76197.000 172255.000 0 0 58.881 19.397 1142.173 33.796 0 1 12 210 0 0
 941 66116.000 168080.000 0 0 32.642 16.246 530.307 23.028 0 1 7 210 0 0
 942 62676.000 166245.000 0 0 38.111 21.473 818.369 28.607 0 1 8 210 0 0
 943 60459.000 164940.000 0 0 21.784 13.264 288.962 16.998 0 1 8 210 0 0
 944 59200.000 164151.000 0 0 21.519 13.686 294.538 17.162 0 1 8 210 0 0
 945 82977.000 174338.000 0 0 57.017 13.056 744.462 27.284 0 1 13 210 0 0
 946 76191.000 172430.000 0 0 62.496 20.544 1283.926 35.831 0 1 12 210 0 0
 947 66072.000 168248.000 0 0 35.993 17.893 644.039 25.377 0 1 7 210 0 0
 948 62609.000 166403.000 0 0 35.019 19.719 690.572 26.278 0 1 8 210 0 0
 949 60376.000 165089.000 0 0 21.834 13.292 290.230 17.036 0 1 8 210 0 0
 950 59100.000 164290.000 0 0 18.485 11.760 217.397 14.744 0 1 8 210 0 0
 951 82985.000 174514.000 0 0 50.010 11.420 571.130 23.898 0 1 13 210 0 0
 952 76181.000 172606.000 0 0 66.127 21.694 1434.571 37.875 0 1 12 210 0 0
 953 66022.000 168413.000 0 0 29.523 14.663 432.899 20.806 0 1 7 210 0 0
 954 62540.000 166560.000 0 0 38.292 21.551 825.253 28.727 0 1 8 210 0 0
 955 60287.000 165235.000 0 0 21.883 13.322 291.537 17.074 0 1 8 210 0 0
 956 58996.000 164425.000 0 0 18.524 11.790 218.409 14.778 0 1 8 210 0 0
 957 76171.000 172782.000 0 0 69.774 22.845 1594.019 39.925 0 1 12 210 0 0
 958 65974.000 168579.000 0 0 32.881 16.314 536.434 23.161 0 1 7 210 0 0
 959 62470.000 166716.000 0 0 35.185 19.792 696.409 26.389 0 1 8 210 0 0
 960 60203.000 165382.000 0 0 25.066 15.257 382.441 19.556 0 1 8 210 0 0
 961 58896.000 164563.000 0 0 21.658 13.788 298.640 17.281 0 1 8 210 0 0
 962 76163.000 172960.000 0 0 69.945 22.852 1598.472 39.980 0 1 12 210 0 0
 963 65925.000 168743.000 0 0 26.354 13.063 344.297 18.555 0 1 7 210 0 0
 964 62408.000 166875.000 0 0 32.063 18.024 577.925 24.040 0 1 8 210 0 0
 965 60120.000 165530.000 0 0 21.982 13.378 294.086 17.148 0 1 8 210 0 0
 966 58796.000 164703.000 0 0 18.604 11.847 220.415 14.846 0 1 8 210 0 0
 967 76152.000 173134.000 0 0 70.112 22.863 1603.018 40.037 0 1 12 210 0 0
 968 62336.000 167031.000 0 0 38.563 21.668 835.604 28.906 0 1 8 210 0 0
 969 60034.000 165677.000 0 0 22.031 13.407 295.382 17.186 0 1 8 210 0 0
 970 58694.000 164838.000 0 0 21.750 13.856 301.382 17.360 0 1 8 210 0 0
 971 76147.000 173312.000 0 0 70.282 22.867 1607.191 40.089 0 1 12 210 0 0
 972 62271.000 167189.000 0 0 35.434 19.897 705.069 26.553 0 1 8 210 0 0
 973 59949.000 165824.000 0 0 25.235 15.354 387.488 19.684 0 1 8 210 0 0
 974 58595.000 164976.000 0 0 18.682 11.905 222.428 14.914 0 1 8 210 0 0
 975 76136.000 173488.000 0 0 70.451 22.878 1611.806 40.147 0 1 12 210 0 0
 976 62202.000 167345.000 0 0 38.744 21.745 842.525 29.026 0 1 8 210 0 0
 977 59864.000 165971.000 0 0 25.292 15.387 389.180 19.727 0 1 8 210 0 0
 978 58493.000 165113.000 0 0 18.722 11.934 223.444 14.948 0 1 8 210 0 0
 979 76131.000 173664.000 0 0 67.090 21.739 1458.491 38.190 0 1 12 210 0 0
 980 62136.000 167503.000 0 0 35.600 19.969 710.902 26.662 0 1 8 210 0 0
 981 59780.000 166120.000 0 0 22.180 13.492 299.257 17.299 0 1 8 210 0 0
 982 58394.000 165251.000 0 0 21.889 13.957 305.509 17.478 0 1 8 210 0 0
 983 76117.000 173839.000 0 0 67.249 21.752 1462.825 38.246 0 1 12 210 0 0
 984 62068.000 167661.000 0 0 35.683 20.004 713.845 26.717 0 1 8 210 0 0
 985 59696.000 166267.000 0 0 25.405 15.451 392.561 19.813 0 1 8 210 0 0
 986 58294.000 165389.000 0 0 18.801 11.991 225.469 15.015 0 1 8 210 0 0
 987 76113.000 174015.000 0 0 63.863 20.611 1316.299 36.280 0 1 12 210 0 0
 988 61999.000 167817.000 0 0 32.515 18.220 592.442 24.340 0 1 8 210 0 0
 989 59609.000 166413.000 0 0 22.278 13.549 301.869 17.374 0 1 8 210 0 0
 990 58192.000 165525.000 0 0 21.981 14.025 308.284 17.558 0 1 8 210 0 0
 991 76106.000 174193.000 0 0 71.127 22.907 1629.333 40.364 0 1 12 210 0 0
 992 61935.000 167976.000 0 0 32.592 18.250 594.832 24.389 0 1 8 210 0 0
 993 59527.000 166563.000 0 0 22.329 13.577 303.167 17.411 0 1 8 210 0 0
 994 58094.000 165664.000 0 0 22.027 14.057 309.655 17.597 0 1 8 210 0 0
 995 76098.000 174368.000 0 0 60.603 19.478 1180.460 34.357 0 1 12 210 0 0
 996 61867.000 168132.000 0 0 35.931 20.110 722.621 26.881 0 1 8 210 0 0
 997 59441.000 166709.000 0 0 22.378 13.605 304.474 17.449 0 1 8 210 0 0
 998 57993.000 165802.000 0 0 22.073 14.091 311.057 17.636 0 1 8 210 0 0
 999 76087.000 174544.000 0 0 64.319 20.633 1327.156 36.430 0 1 12 210 0 0
 1000 61800.000 168289.000 0 0 36.014 20.146 725.565 26.936 0 1 8 210 0 0
 1001 59356.000 166856.000 0 0 22.427 13.634 305.787 17.486 0 1 8 210 0 0
 1002 57892.000 165938.000 0 0 22.119 14.125 312.449 17.676 0 1 8 210 0 0
 1003 76081.000 174720.000 0 0 64.472 20.638 1330.586 36.477 0 1 12 210 0 0
 1004 61734.000 168448.000 0 0 32.818 18.347 602.125 24.538 0 1 8 210 0 0
 1005 59274.000 167005.000 0 0 22.477 13.662 307.087 17.523 0 1 8 210 0 0
 1006 57795.000 166078.000 0 0 18.999 12.135 230.569 15.184 0 1 8 210 0 0
 1007 76073.000 174895.000 0 0 68.212 21.791 1486.460 38.554 0 1 12 210 0 0
 1008 61666.000 168605.000 0 0 36.181 20.217 731.476 27.045 0 1 8 210 0 0
 1009 59188.000 167152.000 0 0 22.526 13.690 308.405 17.561 0 1 8 210 0 0
 1010 57692.000 166214.000 0 0 22.211 14.192 315.246 17.755 0 1 8 210 0 0
 1011 76068.000 175072.000 0 0 68.373 21.796 1490.283 38.604 0 1 12 210 0 0
 1012 61603.000 168764.000 0 0 36.265 20.250 734.385 27.099 0 1 8 210 0 0
 1013 59106.000 167301.000 0 0 22.576 13.718 309.711 17.598 0 1 8 210 0 0
 1014 57595.000 166354.000 0 0 19.079 12.192 232.628 15.252 0 1 8 210 0 0
 1015 76059.000 175249.000 0 0 68.533 21.804 1494.349 38.656 0 1 12 210 0 0
 1016 61534.000 168920.000 0 0 33.044 18.442 609.438 24.686 0 1 8 210 0 0
 1017 59019.000 167448.000 0 0 25.858 15.711 406.272 20.156 0 1 8 210 0 0
 1018 57491.000 166490.000 0 0 22.304 14.259 318.062 17.834 0 1 8 210 0 0
 1019 76054.000 175427.000 0 0 68.695 21.809 1498.211 38.706 0 1 12 210 0 0
 1020 61465.000 169077.000 0 0 36.430 20.322 740.360 27.209 0 1 8 210 0 0
 1021 58935.000 167595.000 0 0 22.675 13.775 312.368 17.673 0 1 8 210 0 0
 1022 57392.000 166629.000 0 0 19.158 12.251 234.711 15.320 0 1 8 210 0 0
 1023 76046.000 175601.000 0 0 68.855 21.816 1502.184 38.758 0 1 12 210 0 0
 1024 61403.000 169236.000 0 0 36.513 20.355 743.267 27.262 0 1 8 210 0 0
 1025 58853.000 167744.000 0 0 22.725 13.803 313.679 17.710 0 1 8 210 0 0
 1026 57296.000 166769.000 0 0 22.398 14.325 320.864 17.912 0 1 8 210 0 0
 1027 76036.000 175776.000 0 0 65.383 20.677 1351.954 36.768 0 1 12 210 0 0
 1028 61334.000 169393.000 0 0 33.271 18.539 616.819 24.835 0 1 8 210 0 0
 1029 58767.000 167892.000 0 0 22.774 13.831 315.020 17.748 0 1 8 210 0 0
 1030 57191.000 166904.000 0 0 19.237 12.309 236.791 15.388 0 1 8 210 0 0
 1031 76032.000 175954.000 0 0 65.536 20.680 1355.361 36.815 0 1 12 210 0 0
 1032 61270.000 169552.000 0 0 36.680 20.426 749.238 27.372 0 1 8 210 0 0
 1033 58685.000 168041.000 0 0 22.824 13.859 316.340 17.785 0 1 8 210 0 0
 1034 57093.000 167043.000 0 0 19.277 12.337 237.827 15.421 0 1 8 210 0 0
 1035 76022.000 176128.000 0 0 62.038 19.540 1212.280 34.817 0 1 12 210 0 0
 1036 61203.000 169709.000 0 0 36.763 20.461 752.223 27.426 0 1 8 210 0 0
 1037 58602.000 168189.000 0 0 26.142 15.871 414.917 20.369 0 1 8 210 0 0
 1038 56995.000 167181.000 0 0 19.316 12.365 238.861 15.455 0 1 8 210 0 0
 1039 76014.000 176304.000 0 0 54.868 17.247 946.361 30.762 0 1 12 210 0 0
 1040 61135.000 169866.000 0 0 33.498 18.634 624.220 24.984 0 1 8 210 0 0
 1041 58517.000 168336.000 0 0 26.198 15.903 416.658 20.412 0 1 8 210 0 0
 1042 56896.000 167319.000 0 0 22.582 14.459 326.539 18.070 0 1 8 210 0 0
 1043 76011.000 176483.000 0 0 54.996 17.250 948.696 30.800 0 1 12 210 0 0
 1044 61074.000 170025.000 0 0 30.218 16.798 507.624 22.530 0 1 8 210 0 0
 1045 58436.000 168485.000 0 0 22.973 13.943 320.326 17.897 0 1 8 210 0 0
 1046 56798.000 167459.000 0 0 19.396 12.422 240.952 15.522 0 1 8 210 0 0
 1047 76006.000 176659.000 0 0 51.449 16.103 828.546 28.784 0 1 12 210 0 0
 1048 61004.000 170182.000 0 0 37.013 20.565 761.205 27.589 0 1 8 210 0 0
 1049 58350.000 168632.000 0 0 19.734 11.975 236.334 15.373 0 1 8 210 0 0
 1050 56696.000 167595.000 0 0 16.196 10.376 168.059 12.963 0 1 8 210 0 0
 1051 76002.000 176836.000 0 0 58.933 18.406 1084.755 32.935 0 1 12 210 0 0
 1052 60939.000 170339.000 0 0 30.354 16.856 511.669 22.620 0 1 8 210 0 0
 1053 58267.000 168781.000 0 0 19.776 11.999 237.317 15.405 0 1 8 210 0 0
 1054 56596.000 167734.000 0 0 16.229 10.400 168.794 12.992 0 1 8 210 0 0
 1055 75991.000 177011.000 0 0 59.066 18.414 1087.717 32.980 0 1 12 210 0 0
 1056 60874.000 170499.000 0 0 33.801 18.759 634.105 25.181 0 1 8 210 0 0
 1057 58184.000 168929.000 0 0 23.122 14.027 324.355 18.009 0 1 8 210 0 0
 1058 56500.000 167873.000 0 0 19.515 12.507 244.101 15.623 0 1 8 210 0 0
 1059 75983.000 177186.000 0 0 55.502 17.270 958.547 30.960 0 1 12 210 0 0
 1060 60808.000 170657.000 0 0 33.877 18.791 636.596 25.230 0 1 8 210 0 0
 1061 58101.000 169078.000 0 0 19.862 12.047 239.295 15.469 0 1 8 210 0 0
 1062 56400.000 168011.000 0 0 22.814 14.625 333.687 18.267 0 1 8 210 0 0
 1063 75980.000 177363.000 0 0 55.629 17.272 960.869 30.997 0 1 12 210 0 0
 1064 60744.000 170816.000 0 0 30.559 16.940 517.699 22.753 0 1 8 210 0 0
 1065 58020.000 169228.000 0 0 23.223 14.082 327.042 18.084 0 1 8 210 0 0
 1066 56302.000 168151.000 0 0 19.595 12.564 246.217 15.691 0 1 8 210 0 0
 1067 75976.000 177540.000 0 0 52.041 16.124 839.123 28.967 0 1 12 210 0 0
 1068 60676.000 170972.000 0 0 27.209 15.076 410.209 20.253 0 1 8 210 0 0
 1069 57935.000 169375.000 0 0 23.272 14.110 328.394 18.121 0 1 8 210 0 0
 1070 56202.000 168287.000 0 0 22.907 14.692 336.571 18.345 0 1 8 210 0 0
 1071 75968.000 177715.000 0 0 55.883 17.281 965.733 31.076 0 1 12 210 0 0
 1072 60613.000 171131.000 0 0 30.696 16.997 521.753 22.841 0 1 8 210 0 0
 1073 57852.000 169524.000 0 0 23.322 14.138 329.754 18.159 0 1 8 210 0 0
 1074 56103.000 168426.000 0 0 22.954 14.725 338.011 18.385 0 1 8 210 0 0
 1075 75963.000 177893.000 0 0 56.010 17.284 968.145 31.115 0 1 12 210 0 0
 1076 60547.000 171290.000 0 0 30.764 17.025 523.779 22.886 0 1 8 210 0 0
 1077 57771.000 169673.000 0 0 23.372 14.166 331.092 18.195 0 1 8 210 0 0
 1078 56007.000 168567.000 0 0 19.715 12.649 249.390 15.792 0 1 8 210 0 0
 1079 75959.000 178068.000 0 0 59.878 18.439 1104.144 33.228 0 1 12 210 0 0
 1080 60476.000 171446.000 0 0 20.543 11.364 233.462 15.279 0 1 8 210 0 0
 1081 57686.000 169820.000 0 0 23.421 14.194 332.461 18.233 0 1 8 210 0 0
 1082 55904.000 168703.000 0 0 19.754 12.679 250.469 15.826 0 1 8 210 0 0
 1083 75947.000 178244.000 0 0 63.762 19.601 1249.858 35.353 0 1 12 210 0 0
 1084 57604.000 169970.000 0 0 23.472 14.222 333.822 18.270 0 1 8 210 0 0
 1085 55809.000 168844.000 0 0 19.794 12.706 251.524 15.859 0 1 8 210 0 0
 1086 75946.000 178421.000 0 0 56.390 17.297 975.402 31.231 0 1 12 210 0 0
 1087 57526.000 170121.000 0 0 23.522 14.248 335.154 18.307 0 1 8 210 0 0
 1088 55713.000 168985.000 0 0 19.835 12.734 252.590 15.893 0 1 8 210 0 0
 1089 75940.000 178597.000 0 0 56.517 17.300 977.802 31.269 0 1 12 210 0 0
 1090 57437.000 170266.000 0 0 23.571 14.278 336.550 18.345 0 1 8 210 0 0
 1091 55611.000 169120.000 0 0 19.874 12.763 253.667 15.926 0 1 8 210 0 0
 1092 75935.000 178775.000 0 0 64.195 19.610 1258.928 35.481 0 1 12 210 0 0
 1093 57356.000 170415.000 0 0 23.621 14.305 337.910 18.382 0 1 8 210 0 0
 1094 55512.000 169259.000 0 0 19.914 12.791 254.743 15.960 0 1 8 210 0 0
 1095 75928.000 178949.000 0 0 64.337 19.617 1262.126 35.526 0 1 12 210 0 0
 1096 57272.000 170563.000 0 0 20.289 12.285 249.270 15.788 0 1 8 210 0 0
 1097 55412.000 169397.000 0 0 23.279 14.957 348.203 18.660 0 1 8 210 0 0
 1098 75924.000 179126.000 0 0 60.689 18.466 1120.701 33.476 0 1 12 210 0 0
 1099 57193.000 170714.000 0 0 23.721 14.360 340.641 18.456 0 1 8 210 0 0
 1100 55316.000 169537.000 0 0 23.326 14.989 349.658 18.699 0 1 8 210 0 0
 1101 75912.000 179301.000 0 0 60.823 18.475 1123.744 33.522 0 1 12 210 0 0
 1102 57109.000 170863.000 0 0 20.375 12.332 251.284 15.851 0 1 8 210 0 0
 1103 55219.000 169677.000 0 0 20.034 12.876 257.968 16.061 0 1 8 210 0 0
 1104 75912.000 179478.000 0 0 60.959 18.475 1126.260 33.559 0 1 12 210 0 0
 1105 57029.000 171012.000 0 0 20.418 12.355 252.286 15.883 0 1 8 210 0 0
 1106 55118.000 169814.000 0 0 23.419 15.055 352.606 18.777 0 1 8 210 0 0
 1107 75911.000 179657.000 0 0 64.913 19.630 1274.313 35.697 0 1 12 210 0 0
 1108 56946.000 171162.000 0 0 20.461 12.379 253.303 15.915 0 1 8 210 0 0
 1109 55021.000 169954.000 0 0 20.114 12.933 260.139 16.128 0 1 8 210 0 0
 1110 75902.000 179832.000 0 0 65.056 19.638 1277.590 35.743 0 1 12 210 0 0
 1111 56863.000 171310.000 0 0 23.921 14.470 346.162 18.605 0 1 8 210 0 0
 1112 54921.000 170093.000 0 0 20.154 12.961 261.233 16.162 0 1 8 210 0 0
 1113 75898.000 180007.000 0 0 61.365 18.486 1134.423 33.681 0 1 12 210 0 0
 1114 56782.000 171459.000 0 0 23.971 14.497 347.534 18.642 0 1 8 210 0 0
 1115 54826.000 170233.000 0 0 20.194 12.989 262.305 16.195 0 1 8 210 0 0
 1116 75898.000 180184.000 0 0 61.501 18.486 1136.938 33.718 0 1 12 210 0 0
 1117 56700.000 171609.000 0 0 24.021 14.525 348.926 18.679 0 1 8 210 0 0
 1118 54728.000 170371.000 0 0 20.234 13.017 263.398 16.229 0 1 8 210 0 0
 1119 75891.000 180361.000 0 0 69.338 20.802 1442.427 37.979 0 1 12 210 0 0
 1120 56616.000 171757.000 0 0 20.632 12.474 257.379 16.043 0 1 8 210 0 0
 1121 54628.000 170510.000 0 0 20.274 13.046 264.501 16.263 0 1 8 210 0 0
 1122 75889.000 180538.000 0 0 65.631 19.649 1289.600 35.911 0 1 12 210 0 0
 1123 56534.000 171906.000 0 0 24.121 14.581 351.716 18.754 0 1 8 210 0 0
 1124 54530.000 170651.000 0 0 16.928 10.895 184.443 13.580 0 1 8 210 0 0
 1125 75882.000 180713.000 0 0 69.642 20.810 1449.301 38.069 0 1 12 210 0 0
 1126 56455.000 172055.000 0 0 20.718 12.520 259.413 16.106 0 1 8 210 0 0
 1127 54433.000 170789.000 0 0 20.354 13.102 266.688 16.330 0 1 8 210 0 0
 1128 75877.000 180888.000 0 0 65.917 19.658 1295.849 35.997 0 1 12 210 0 0
 1129 56373.000 172205.000 0 0 20.761 12.544 260.436 16.138 0 1 8 210 0 0
 1130 54336.000 170931.000 0 0 20.395 13.129 267.785 16.364 0 1 8 210 0 0
 1131 75874.000 181067.000 0 0 58.292 17.348 1011.287 31.800 0 1 12 210 0 0
 1132 56291.000 172355.000 0 0 20.804 12.567 261.469 16.170 0 1 8 210 0 0
 1133 54238.000 171068.000 0 0 13.623 8.772 119.503 10.931 0 1 8 210 0 0
 1134 75868.000 181241.000 0 0 58.418 17.352 1013.714 31.838 0 1 12 210 0 0
 1135 56207.000 172503.000 0 0 24.321 14.690 357.300 18.902 0 1 8 210 0 0
 1136 54139.000 171207.000 0 0 13.649 8.791 119.996 10.954 0 1 8 210 0 0
 1137 75869.000 181417.000 0 0 62.446 18.509 1155.834 33.997 0 1 12 210 0 0
 1138 56129.000 172655.000 0 0 20.890 12.614 263.523 16.233 0 1 8 210 0 0
 1139 54045.000 171347.000 0 0 17.095 11.011 188.247 13.720 0 1 8 210 0 0
 1140 75864.000 181595.000 0 0 66.492 19.668 1307.848 36.164 0 1 12 210 0 0
 1141 56048.000 172804.000 0 0 20.933 12.637 264.555 16.265 0 1 8 210 0 0
 1142 53945.000 171486.000 0 0 17.129 11.035 189.024 13.748 0 1 8 210 0 0
 1143 75856.000 181769.000 0 0 62.716 18.518 1161.416 34.079 0 1 12 210 0 0
 1144 55966.000 172953.000 0 0 20.976 12.661 265.591 16.296 0 1 8 210 0 0
 1145 53848.000 171626.000 0 0 13.729 8.846 121.468 11.021 0 1 8 210 0 0
 1146 75858.000 181947.000 0 0 66.780 19.673 1313.831 36.246 0 1 12 210 0 0
 1147 55885.000 173102.000 0 0 21.019 12.684 266.621 16.328 0 1 8 210 0 0
 1148 53750.000 171764.000 0 0 17.195 11.082 190.562 13.804 0 1 8 210 0 0
 1149 75852.000 182123.000 0 0 66.923 19.678 1316.967 36.290 0 1 12 210 0 0
 1150 55803.000 173252.000 0 0 24.572 14.826 364.326 19.087 0 1 8 210 0 0
 1151 53653.000 171905.000 0 0 13.783 8.884 122.456 11.065 0 1 8 210 0 0
 1152 75853.000 182301.000 0 0 71.012 20.835 1479.565 38.465 0 1 12 210 0 0
 1153 55723.000 173402.000 0 0 21.105 12.731 268.701 16.392 0 1 8 210 0 0
 1154 53557.000 172045.000 0 0 13.810 8.902 122.949 11.088 0 1 8 210 0 0
 1155 75847.000 182477.000 0 0 75.116 21.997 1652.406 40.649 0 1 12 210 0 0
 1156 55645.000 173554.000 0 0 21.149 12.753 269.729 16.423 0 1 8 210 0 0
 1157 75844.000 182653.000 0 0 79.238 23.158 1835.032 42.837 0 1 12 210 0 0
 1158 55561.000 173702.000 0 0 21.191 12.777 270.783 16.455 0 1 8 210 0 0
 1159 53363.000 172326.000 0 0 17.330 11.174 193.662 13.916 0 1 8 210 0 0
 1160 75842.000 182829.000 0 0 75.437 22.002 1659.839 40.741 0 1 12 210 0 0
 1161 55484.000 173852.000 0 0 21.235 12.799 271.807 16.486 0 1 8 210 0 0
 1162 53266.000 172463.000 0 0 13.890 8.958 124.437 11.155 0 1 8 210 0 0
 1163 75835.000 183004.000 0 0 71.619 20.850 1493.338 38.643 0 1 12 210 0 0
 1164 55401.000 174001.000 0 0 17.731 10.686 189.488 13.765 0 1 8 210 0 0
 1165 53170.000 172603.000 0 0 13.917 8.976 124.935 11.177 0 1 8 210 0 0
 1166 75833.000 183181.000 0 0 75.758 22.010 1667.505 40.835 0 1 12 210 0 0
 1167 55322.000 174153.000 0 0 14.214 8.564 121.737 11.033 0 1 8 210 0 0
 1168 53075.000 172746.000 0 0 17.430 11.243 195.989 13.999 0 1 8 210 0 0
 1169 75831.000 183357.000 0 0 71.924 20.854 1499.941 38.729 0 1 12 210 0 0
 1170 55243.000 174303.000 0 0 17.803 10.724 190.935 13.817 0 1 8 210 0 0
 1171 52977.000 172883.000 0 0 10.478 6.760 70.838 8.416 0 1 8 210 0 0
 1172 75828.000 183534.000 0 0 72.076 20.857 1503.322 38.772 0 1 12 210 0 0
 1173 55159.000 174453.000 0 0 21.407 12.893 276.019 16.613 0 1 8 210 0 0
 1174 52879.000 173024.000 0 0 13.997 9.032 126.439 11.244 0 1 8 210 0 0
 1175 75828.000 183711.000 0 0 72.229 20.857 1506.511 38.813 0 1 12 210 0 0
 1176 55080.000 174603.000 0 0 25.025 15.068 377.110 19.419 0 1 8 210 0 0
 1177 52786.000 173166.000 0 0 14.025 9.050 126.936 11.266 0 1 8 210 0 0
 1178 75821.000 183886.000 0 0 72.380 20.863 1510.098 38.859 0 1 12 210 0 0
 1179 54998.000 174752.000 0 0 21.493 12.939 278.121 16.676 0 1 8 210 0 0
 1180 52687.000 173305.000 0 0 14.051 9.069 127.442 11.289 0 1 8 210 0 0
 1181 75821.000 184064.000 0 0 72.534 20.862 1513.252 38.900 0 1 12 210 0 0
 1182 54920.000 174903.000 0 0 17.947 10.801 193.867 13.923 0 1 8 210 0 0
 1183 52591.000 173445.000 0 0 14.078 9.087 127.946 11.311 0 1 8 210 0 0
 1184 75820.000 184241.000 0 0 76.723 22.022 1689.632 41.105 0 1 12 210 0 0
 1185 54840.000 175053.000 0 0 21.580 12.985 280.224 16.739 0 1 8 210 0 0
 1186 52495.000 173584.000 0 0 14.105 9.106 128.447 11.333 0 1 8 210 0 0
 1187 75816.000 184417.000 0 0 80.929 23.185 1876.347 43.316 0 1 12 210 0 0
 1188 54759.000 175204.000 0 0 21.623 13.008 281.292 16.771 0 1 8 210 0 0
 1189 52397.000 173723.000 0 0 17.665 11.406 201.492 14.194 0 1 8 210 0 0
 1190 75817.000 184594.000 0 0 81.098 23.184 1880.214 43.361 0 1 12 210 0 0
 1191 54680.000 175354.000 0 0 18.055 10.859 196.072 14.002 0 1 8 210 0 0
 1192 52302.000 173865.000 0 0 21.238 13.714 291.289 17.067 0 1 8 210 0 0
 1193 75811.000 184768.000 0 0 73.141 20.871 1526.569 39.071 0 1 12 210 0 0
 1194 54597.000 175502.000 0 0 21.709 13.054 283.417 16.835 0 1 8 210 0 0
 1195 52205.000 174004.000 0 0 17.732 11.452 203.075 14.250 0 1 8 210 0 0
 1196 75811.000 184945.000 0 0 77.365 22.030 1704.431 41.284 0 1 12 210 0 0
 1197 54522.000 175657.000 0 0 18.128 10.897 197.545 14.055 0 1 8 210 0 0
 1198 52112.000 174147.000 0 0 17.766 11.474 203.866 14.278 0 1 8 210 0 0
 1199 75810.000 185122.000 0 0 73.446 20.872 1533.025 39.153 0 1 12 210 0 0
 1200 54442.000 175807.000 0 0 18.164 10.916 198.288 14.081 0 1 8 210 0 0
 1201 52012.000 174285.000 0 0 17.799 11.498 204.671 14.306 0 1 8 210 0 0
 1202 75805.000 185297.000 0 0 73.598 20.876 1536.493 39.198 0 1 12 210 0 0
 1203 54359.000 175955.000 0 0 21.839 13.123 286.613 16.929 0 1 8 210 0 0
 1204 51916.000 174426.000 0 0 17.833 11.521 205.468 14.334 0 1 8 210 0 0
 1205 75807.000 185473.000 0 0 73.750 20.875 1539.547 39.237 0 1 12 210 0 0
 1206 54283.000 176105.000 0 0 14.588 8.763 127.849 11.307 0 1 8 210 0 0
 1207 51821.000 174567.000 0 0 21.440 13.853 297.020 17.234 0 1 8 210 0 0
 1208 75805.000 185651.000 0 0 65.693 18.557 1219.137 34.916 0 1 12 210 0 0
 1209 51724.000 174706.000 0 0 17.900 11.567 207.067 14.389 0 1 8 210 0 0
 1210 75806.000 185827.000 0 0 69.942 19.716 1379.040 37.135 0 1 12 210 0 0
 1211 51628.000 174847.000 0 0 17.934 11.590 207.869 14.417 0 1 8 210 0 0
 1212 75805.000 186004.000 0 0 70.086 19.717 1381.924 37.174 0 1 12 210 0 0
 1213 51535.000 174989.000 0 0 17.968 11.612 208.664 14.445 0 1 8 210 0 0
 1214 75800.000 186179.000 0 0 70.228 19.721 1385.032 37.216 0 1 12 210 0 0
 1215 51438.000 175129.000 0 0 14.401 9.308 134.062 11.578 0 1 8 210 0 0
 1216 75800.000 186356.000 0 0 74.511 20.880 1555.855 39.444 0 1 12 210 0 0
 1217 51343.000 175270.000 0 0 18.035 11.658 210.275 14.500 0 1 8 210 0 0
 1218 75798.000 186532.000 0 0 70.516 19.722 1390.778 37.293 0 1 12 210 0 0
 1219 51247.000 175410.000 0 0 18.069 11.681 211.082 14.528 0 1 8 210 0 0
 1220 75796.000 186708.000 0 0 66.504 18.564 1234.614 35.137 0 1 12 210 0 0
 1221 51151.000 175550.000 0 0 18.102 11.704 211.892 14.556 0 1 8 210 0 0
 1222 75799.000 186886.000 0 0 66.641 18.562 1237.007 35.171 0 1 12 210 0 0
 1223 51057.000 175692.000 0 0 18.136 11.727 212.698 14.584 0 1 8 210 0 0
 1224 75795.000 187060.000 0 0 75.119 20.885 1568.884 39.609 0 1 12 210 0 0
 1225 50959.000 175830.000 0 0 14.535 9.400 136.646 11.689 0 1 8 210 0 0
 1226 75797.000 187238.000 0 0 71.092 19.723 1402.203 37.445 0 1 12 210 0 0
 1227 50864.000 175973.000 0 0 18.203 11.773 214.325 14.639 0 1 8 210 0 0
 1228 75796.000 187413.000 0 0 67.045 18.564 1244.673 35.279 0 1 12 210 0 0
 1229 57159.000 179900.000 0 0 19.144 10.265 196.527 14.018 0 1 14 210 0 0
 1230 50771.000 176113.000 0 0 14.590 9.436 137.684 11.733 0 1 8 210 0 0
 1231 75794.000 187590.000 0 0 71.378 19.726 1408.041 37.523 0 1 12 210 0 0
 1232 57097.000 180059.000 0 0 26.856 14.392 386.522 19.660 0 1 14 210 0 0
 1233 50674.000 176255.000 0 0 14.617 9.455 138.210 11.756 0 1 8 210 0 0
 1234 75795.000 187766.000 0 0 71.522 19.725 1410.803 37.560 0 1 12 210 0 0
 1235 57038.000 180221.000 0 0 30.754 16.470 506.555 22.506 0 1 14 210 0 0
 1236 50584.000 176398.000 0 0 18.305 11.840 216.758 14.722 0 1 8 210 0 0
 1237 75795.000 187943.000 0 0 71.666 19.725 1413.663 37.598 0 1 12 210 0 0
 1238 56975.000 180379.000 0 0 34.686 18.567 644.042 25.377 0 1 14 210 0 0
 1239 50482.000 176535.000 0 0 14.670 9.492 139.259 11.800 0 1 8 210 0 0
 1240 75794.000 188120.000 0 0 67.587 18.566 1254.865 35.424 0 1 12 210 0 0
 1241 56914.000 180541.000 0 0 38.616 20.658 797.742 28.244 0 1 14 210 0 0
 1242 50389.000 176678.000 0 0 14.698 9.509 139.780 11.822 0 1 8 210 0 0
 1243 75795.000 188296.000 0 0 67.722 18.565 1257.310 35.458 0 1 12 210 0 0
 1244 56852.000 180698.000 0 0 34.824 18.619 648.435 25.464 0 1 14 210 0 0
 1245 50295.000 176819.000 0 0 18.406 11.910 219.225 14.806 0 1 8 210 0 0
 1246 75792.000 188472.000 0 0 59.378 16.247 964.754 31.060 0 1 12 210 0 0
 1247 56793.000 180861.000 0 0 31.000 16.564 513.510 22.660 0 1 14 210 0 0
 1248 50197.000 176958.000 0 0 18.440 11.933 220.053 14.834 0 1 8 210 0 0
 1249 75794.000 188648.000 0 0 59.496 16.246 966.590 31.090 0 1 12 210 0 0
 1250 56737.000 181024.000 0 0 34.964 18.669 652.785 25.549 0 1 14 210 0 0
 1251 75793.000 188825.000 0 0 55.358 15.086 835.183 28.899 0 1 12 210 0 0
 1252 56675.000 181184.000 0 0 31.124 16.610 516.976 22.737 0 1 14 210 0 0
 1253 52787.000 178976.000 0 0 15.138 9.050 137.010 11.705 0 1 15 210 0 0
 1254 75795.000 189001.000 0 0 46.927 12.762 598.909 24.472 0 1 12 210 0 0
 1255 56615.000 181345.000 0 0 35.103 18.722 657.225 25.636 0 1 14 210 0 0
 1256 52709.000 179128.000 0 0 18.959 11.331 214.844 14.657 0 1 15 210 0 0
 1257 75799.000 189178.000 0 0 59.851 16.242 972.173 31.179 0 1 12 210 0 0
 1258 56556.000 181506.000 0 0 39.079 20.829 814.008 28.530 0 1 14 210 0 0
 1259 52633.000 179280.000 0 0 18.996 11.349 215.604 14.683 0 1 15 210 0 0
 1260 75795.000 189354.000 0 0 55.687 15.085 840.093 28.984 0 1 12 210 0 0
 1261 56494.000 181666.000 0 0 35.242 18.774 661.657 25.722 0 1 14 210 0 0
 1262 52553.000 179431.000 0 0 19.032 11.368 216.381 14.709 0 1 15 210 0 0
 1263 75799.000 189532.000 0 0 60.089 16.242 976.008 31.241 0 1 12 210 0 0
 1264 56437.000 181829.000 0 0 35.312 18.799 663.851 25.765 0 1 14 210 0 0
 1265 52477.000 179583.000 0 0 19.069 11.387 217.140 14.735 0 1 15 210 0 0
 1266 75799.000 189707.000 0 0 64.506 17.402 1122.559 33.504 0 1 12 210 0 0
 1267 56375.000 181988.000 0 0 39.309 20.916 822.231 28.674 0 1 14 210 0 0
 1268 52399.000 179736.000 0 0 22.926 13.686 313.797 17.714 0 1 15 210 0 0
 1269 49536.000 177947.000 0 0 14.941 9.673 144.536 12.022 0 1 8 210 0 0
 1270 75798.000 189883.000 0 0 73.247 19.722 1444.656 38.008 0 1 12 210 0 0
 1271 56317.000 182149.000 0 0 35.450 18.851 668.285 25.851 0 1 14 210 0 0
 1272 52321.000 179887.000 0 0 19.141 11.424 218.685 14.788 0 1 15 210 0 0
 1273 49443.000 178090.000 0 0 14.969 9.691 145.069 12.044 0 1 8 210 0 0
 1274 56260.000 182311.000 0 0 35.520 18.875 670.476 25.893 0 1 14 210 0 0
 1275 52245.000 180040.000 0 0 19.178 11.442 219.453 14.813 0 1 15 210 0 0
 1276 49349.000 178231.000 0 0 18.745 12.136 227.500 15.083 0 1 8 210 0 0
 1277 56200.000 182472.000 0 0 35.589 18.901 672.709 25.936 0 1 14 210 0 0
 1278 52167.000 180191.000 0 0 23.057 13.753 317.127 17.808 0 1 15 210 0 0
 1279 49252.000 178372.000 0 0 18.778 12.159 228.346 15.111 0 1 8 210 0 0
 1280 56144.000 182635.000 0 0 35.660 18.925 674.897 25.978 0 1 14 210 0 0
 1281 52093.000 180345.000 0 0 19.251 11.479 220.992 14.865 0 1 15 210 0 0
 1282 49164.000 178517.000 0 0 18.813 12.180 229.168 15.138 0 1 8 210 0 0
 1283 68071.000 188143.000 0 0 12.672 4.590 58.169 7.626 0 1 16 210 0 0
 1284 56082.000 182793.000 0 0 39.696 21.057 835.889 28.911 0 1 14 210 0 0
 1285 52011.000 180494.000 0 0 23.144 13.798 319.362 17.870 0 1 15 210 0 0
 1286 49066.000 178656.000 0 0 18.846 12.204 230.016 15.166 0 1 8 210 0 0
 1287 68034.000 188310.000 0 0 55.037 19.922 1096.469 33.112 0 1 16 210 0 0
 1288 56021.000 182954.000 0 0 39.773 21.086 838.681 28.959 0 1 14 210 0 0
 1289 51934.000 180645.000 0 0 27.052 16.124 436.201 20.885 0 1 15 210 0 0
 1290 48970.000 178797.000 0 0 18.880 12.227 230.860 15.194 0 1 8 210 0 0
 1291 68013.000 188484.000 0 0 55.145 19.935 1099.358 33.156 0 1 16 210 0 0
 1292 55965.000 183117.000 0 0 39.851 21.113 841.395 29.006 0 1 14 210 0 0
 1293 51858.000 180799.000 0 0 27.104 16.149 437.723 20.921 0 1 15 210 0 0
 1294 48880.000 178940.000 0 0 22.698 14.698 333.638 18.265 0 1 8 210 0 0
 1295 67994.000 188657.000 0 0 55.253 19.947 1102.159 33.198 0 1 16 210 0 0
 1296 55903.000 183278.000 0 0 35.937 19.029 683.888 26.151 0 1 14 210 0 0
 1297 51781.000 180950.000 0 0 23.276 13.864 322.715 17.964 0 1 15 210 0 0
 1298 48785.000 179082.000 0 0 18.948 12.271 232.537 15.249 0 1 8 210 0 0
 1299 67981.000 188833.000 0 0 59.620 21.489 1281.236 35.794 0 1 16 210 0 0
 1300 55845.000 183438.000 0 0 31.988 16.928 541.509 23.270 0 1 14 210 0 0
 1301 51707.000 181104.000 0 0 27.206 16.200 440.760 20.994 0 1 15 210 0 0
 1302 48692.000 179225.000 0 0 18.983 12.294 233.382 15.276 0 1 8 210 0 0
 1303 67959.000 189007.000 0 0 64.002 23.040 1474.642 38.401 0 1 16 210 0 0
 1304 55786.000 183599.000 0 0 24.037 12.713 305.595 17.481 0 1 14 210 0 0
 1305 51627.000 181255.000 0 0 27.257 16.227 442.306 21.031 0 1 15 210 0 0
 1306 48598.000 179365.000 0 0 22.820 14.779 337.277 18.365 0 1 8 210 0 0
 1307 67940.000 189180.000 0 0 55.579 19.980 1110.528 33.324 0 1 16 210 0 0
 1308 51551.000 181408.000 0 0 27.308 16.252 443.842 21.067 0 1 15 210 0 0
 1309 48504.000 179506.000 0 0 19.050 12.339 235.068 15.331 0 1 8 210 0 0
 1310 67926.000 189356.000 0 0 51.396 18.448 948.210 30.793 0 1 16 210 0 0
 1311 51477.000 181561.000 0 0 19.542 11.626 227.220 15.073 0 1 15 210 0 0
 1312 48411.000 179649.000 0 0 19.084 12.361 235.913 15.359 0 1 8 210 0 0
 1313 67903.000 189529.000 0 0 51.495 18.462 950.716 30.833 0 1 16 210 0 0
 1314 55615.000 184086.000 0 0 24.177 12.762 308.563 17.565 0 1 14 210 0 0
 1315 51397.000 181711.000 0 0 27.410 16.304 446.909 21.140 0 1 15 210 0 0
 1316 48314.000 179789.000 0 0 19.118 12.384 236.771 15.387 0 1 8 210 0 0
 1317 55554.000 184246.000 0 0 28.260 14.909 421.367 20.527 0 1 14 210 0 0
 1318 51323.000 181865.000 0 0 23.538 13.996 329.459 18.151 0 1 15 210 0 0
 1319 48223.000 179933.000 0 0 22.983 14.887 342.170 18.497 0 1 8 210 0 0
 1320 55500.000 184409.000 0 0 32.360 17.060 552.095 23.496 0 1 14 210 0 0
 1321 51247.000 182017.000 0 0 27.513 16.354 449.968 21.212 0 1 15 210 0 0
 1322 48129.000 180074.000 0 0 19.186 12.428 238.469 15.442 0 1 8 210 0 0
 1323 61187.000 187371.000 0 0 20.945 9.304 194.893 13.960 0 1 17 210 0 0
 1324 55437.000 184570.000 0 0 36.495 19.230 701.830 26.492 0 1 14 210 0 0
 1325 51167.000 182168.000 0 0 27.563 16.381 451.532 21.249 0 1 15 210 0 0
 1326 48034.000 180216.000 0 0 23.064 14.942 344.635 18.564 0 1 8 210 0 0
 1327 61139.000 187536.000 0 0 46.154 20.489 945.711 30.752 0 1 17 210 0 0
 1328 55383.000 184734.000 0 0 36.565 19.253 704.040 26.533 0 1 14 210 0 0
 1329 51095.000 182323.000 0 0 27.615 16.405 453.051 21.284 0 1 15 210 0 0
 1330 47944.000 180359.000 0 0 19.254 12.473 240.172 15.497 0 1 8 210 0 0
 1331 61103.000 187706.000 0 0 46.244 20.508 948.427 30.796 0 1 17 210 0 0
 1332 55325.000 184895.000 0 0 40.704 21.419 871.877 29.527 0 1 14 210 0 0
 1333 51019.000 182475.000 0 0 23.714 14.083 333.990 18.275 0 1 15 210 0 0
 1334 47851.000 180502.000 0 0 19.289 12.495 241.031 15.525 0 1 8 210 0 0
 1335 61068.000 187877.000 0 0 54.767 24.263 1328.846 36.453 0 1 17 210 0 0
 1336 55267.000 185056.000 0 0 40.780 21.447 874.662 29.574 0 1 14 210 0 0
 1337 50941.000 182627.000 0 0 27.717 16.457 456.156 21.357 0 1 15 210 0 0
 1338 47754.000 180641.000 0 0 19.322 12.518 241.895 15.552 0 1 8 210 0 0
 1339 61022.000 188042.000 0 0 50.640 22.419 1135.350 33.694 0 1 17 210 0 0
 1340 55203.000 185214.000 0 0 40.856 21.478 877.541 29.623 0 1 14 210 0 0
 1341 50863.000 182778.000 0 0 27.768 16.483 457.719 21.394 0 1 15 210 0 0
 1342 47661.000 180784.000 0 0 19.356 12.541 242.757 15.580 0 1 8 210 0 0
 1343 60989.000 188213.000 0 0 54.977 24.312 1336.647 36.560 0 1 17 210 0 0
 1344 55149.000 185379.000 0 0 40.935 21.504 880.304 29.669 0 1 14 210 0 0
 1345 50789.000 182932.000 0 0 23.845 14.149 337.415 18.368 0 1 15 210 0 0
 1346 47569.000 180927.000 0 0 19.391 12.563 243.614 15.608 0 1 8 210 0 0
 1347 60954.000 188383.000 0 0 55.082 24.334 1340.418 36.611 0 1 17 210 0 0
 1348 55094.000 185542.000 0 0 41.014 21.530 883.063 29.716 0 1 14 210 0 0
 1349 50718.000 183088.000 0 0 23.890 14.170 338.542 18.399 0 1 15 210 0 0
 1350 47476.000 181069.000 0 0 19.424 12.585 244.471 15.635 0 1 8 210 0 0
 1351 60914.000 188552.000 0 0 55.188 24.359 1344.365 36.665 0 1 17 210 0 0
 1352 55033.000 185701.000 0 0 45.197 23.714 1071.848 32.739 0 1 14 210 0 0
 1353 50637.000 183238.000 0 0 27.922 16.559 462.381 21.503 0 1 15 210 0 0
 1354 47381.000 181211.000 0 0 23.350 15.129 353.294 18.796 0 1 8 210 0 0
 1355 60877.000 188721.000 0 0 51.031 22.503 1148.365 33.887 0 1 17 210 0 0
 1356 54976.000 185864.000 0 0 41.168 21.587 888.717 29.811 0 1 14 210 0 0
 1357 50562.000 183390.000 0 0 27.973 16.584 463.929 21.539 0 1 15 210 0 0
 1358 47290.000 181354.000 0 0 19.493 12.630 246.203 15.690 0 1 8 210 0 0;
ProcessEquipmentIDList 1
  "6514" ;
SummarySpec 5
  TESTNO    NDEFECT    DEFDENSITY    NDIE    NDEFDIE  ;
SummaryList 
  1    1358    4.765    1    1  ;
EndOfFile;
