FileVersion 1 2;
FileTimestamp 02-10-26 16:04:45;
InspectionStationID "KLA-Tencor" "SFSSP1" "0901-0728-TBI";
SampleType WAFER;
ResultTimestamp 02-10-26 15:54:09;
LotID "2850";
SampleSize 1 200;
DeviceID "None";
SetupID "T2-2850A" 02-10-26 15:54:09;
StepID "6954";
SampleOrientationMarkType NOTCH;
OrientationMarkLocation DOWN;
DiePitch 200000 200000;
DieOrigin 0 0;
WaferID "16";
Slot 16;
SampleCenterLocation 100000 100000;
ClassLookup 1
  0 "0"  ;
OrientationInstructions "Front";
CoordinatesMirrored No;
InspectionTest 1;
SampleTestPlan 1
  0 0 ;
AreaPerTest 2.85007e+010;
ClusterClassificationList 127
  17 200 
  10 200 
  9 200 
  23 200 
  22 210 
  19 210 
  18 200 
  15 210 
  26 210 
  28 200 
  39 200 
  40 200 
  12 200 
  57 200 
  41 200 
  27 200 
  35 200 
  43 200 
  67 200 
  24 200 
  61 200 
  5 200 
  78 200 
  81 210 
  3 200 
  64 210 
  75 200 
  2 200 
  21 200 
  52 200 
  63 200 
  25 210 
  29 200 
  32 210 
  36 210 
  20 200 
  45 200 
  76 200 
  93 200 
  55 200 
  80 200 
  84 210 
  6 200 
  16 210 
  34 200 
  13 200 
  95 200 
  68 200 
  102 210 
  98 200 
  1 210 
  48 200 
  7 200 
  42 200 
  62 200 
  87 200 
  38 200 
  30 200 
  73 200 
  71 200 
  99 200 
  79 200 
  31 200 
  104 200 
  53 200 
  101 210 
  106 200 
  50 200 
  56 200 
  96 200 
  92 200 
  109 200 
  82 200 
  105 200 
  70 200 
  114 200 
  110 200 
  100 200 
  112 210 
  91 200 
  69 200 
  97 200 
  74 200 
  83 200 
  89 200 
  94 200 
  113 200 
  47 200 
  117 200 
  66 200 
  107 200 
  111 210 
  77 200 
  90 200 
  4 200 
  103 200 
  116 200 
  108 200 
  115 200 
  120 200 
  46 200 
  118 200 
  88 200 
  8 200 
  121 200 
  86 200 
  119 200 
  123 210 
  11 200 
  65 200 
  85 200 
  51 200 
  72 200 
  122 200 
  59 200 
  126 200 
  125 200 
  37 200 
  124 200 
  54 200 
  14 200 
  60 200 
  44 200 
  58 200 
  127 200 
  33 200 
  49 200 ;
DefectRecordSpec 15 DEFECTID XREL YREL XINDEX YINDEX XSIZE YSIZE DEFECTAREA DSIZE CLASSNUMBER TEST CLUSTERNUMBER ROUGHBINNUMBER FINEBINNUMBER REVIEWSAMPLE ;
DefectList
 1 99527.000 97582.000 0 0 0.000 0.000 0.000 0.378 0 1 0 0 0 0
 2 97208.000 99960.000 0 0 0.000 0.000 0.000 0.260 0 1 0 0 0 0
 3 100803.000 103234.000 0 0 36.000 54.000 1944.000 44.090 0 1 17 200 0 0
 4 98370.000 102928.000 0 0 0.000 0.000 0.000 0.221 0 1 0 0 0 0
 5 100148.000 103439.000 0 0 26.000 50.000 1300.000 36.055 0 1 17 200 0 0
 6 100112.000 103433.000 0 0 24.000 50.000 1200.000 34.641 0 1 17 200 0 0
 7 99853.000 103405.000 0 0 26.000 50.000 1300.000 36.055 0 1 17 200 0 0
 8 98279.000 102892.000 0 0 0.000 0.000 0.000 0.243 0 1 0 0 0 0
 9 99999.000 103479.000 0 0 23.000 51.000 1173.000 34.249 0 1 17 200 0 0
 10 103743.000 101440.000 0 0 0.000 0.000 0.000 200000.000 0 1 0 200 0 0
 11 99998.000 103190.000 0 0 23.000 51.000 1173.000 34.249 0 1 17 200 0 0
 12 104075.000 102483.000 0 0 0.000 0.000 0.000 0.121 0 1 0 0 0 0
 13 96004.000 97682.000 0 0 0.000 0.000 0.000 200000.000 0 1 0 200 0 0
 14 98542.000 104590.000 0 0 0.000 0.000 0.000 0.241 0 1 0 0 0 0
 15 105119.000 96719.000 0 0 0.000 0.000 0.000 200000.000 0 1 0 200 0 0
 16 105310.000 96651.000 0 0 0.000 0.000 0.000 200000.000 0 1 0 200 0 0
 17 95684.000 95529.000 0 0 52.000 52.000 2704.000 52.000 0 1 10 200 0 0
 18 95244.000 96051.000 0 0 54.000 50.000 2700.000 51.961 0 1 10 200 0 0
 19 95073.000 95770.000 0 0 52.000 52.000 2704.000 52.000 0 1 10 200 0 0
 20 106742.000 98221.000 0 0 0.000 0.000 0.000 200000.000 0 1 0 200 0 0
 21 106655.000 97941.000 0 0 0.000 0.000 0.000 200000.000 0 1 0 200 0 0
 22 106139.000 103512.000 0 0 0.000 0.000 0.000 200000.000 0 1 0 200 0 0
 23 93450.000 98242.000 0 0 0.000 0.000 0.000 0.226 0 1 0 0 0 0
 24 94810.000 95345.000 0 0 54.000 50.000 2700.000 51.961 0 1 10 200 0 0
 25 94492.000 95628.000 0 0 54.000 50.000 2700.000 51.961 0 1 10 200 0 0
 26 107440.000 100657.000 0 0 0.000 0.000 0.000 200000.000 0 1 0 200 0 0
 27 105770.000 104557.000 0 0 0.000 0.000 0.000 200000.000 0 1 0 200 0 0
 28 107638.000 99608.000 0 0 0.000 0.000 0.000 200000.000 0 1 0 200 0 0
 29 107868.000 100245.000 0 0 0.000 0.000 0.000 200000.000 0 1 0 200 0 0
 30 92418.000 100340.000 0 0 0.000 0.000 0.000 200000.000 0 1 0 200 0 0
 31 107687.000 97370.000 0 0 0.000 0.000 0.000 200000.000 0 1 0 200 0 0
 32 107740.000 97411.000 0 0 0.000 0.000 0.000 200000.000 0 1 0 200 0 0
 33 106621.000 104626.000 0 0 0.000 0.000 0.000 200000.000 0 1 0 200 0 0
 34 106589.000 104669.000 0 0 0.000 0.000 0.000 200000.000 0 1 0 200 0 0
 35 108150.000 99654.000 0 0 0.000 0.000 0.000 200000.000 0 1 0 200 0 0
 36 95108.000 93630.000 0 0 0.000 0.000 0.000 0.252 0 1 0 0 0 0
 37 98844.000 91952.000 0 0 0.000 0.000 0.000 0.221 0 1 0 0 0 0
 38 97974.000 107837.000 0 0 0.000 0.000 0.000 0.202 0 1 0 0 0 0
 39 92980.000 95813.000 0 0 0.000 0.000 0.000 200000.000 0 1 0 200 0 0
 40 93105.000 95447.000 0 0 0.000 0.000 0.000 0.265 0 1 0 0 0 0
 41 103271.000 107866.000 0 0 0.000 0.000 0.000 0.387 0 1 0 0 0 0
 42 102241.000 108140.000 0 0 0.000 0.000 0.000 200000.000 0 1 0 200 0 0
 43 100955.000 91392.000 0 0 0.000 0.000 0.000 200000.000 0 1 0 200 0 0
 44 98206.000 91575.000 0 0 0.000 0.000 0.000 200000.000 0 1 0 200 0 0
 45 104364.000 92211.000 0 0 0.000 0.000 0.000 200000.000 0 1 0 200 0 0
 46 100101.000 108553.000 0 0 0.000 0.000 0.000 200000.000 0 1 0 200 0 0
 47 100250.000 108702.000 0 0 0.000 0.000 0.000 0.427 0 1 0 0 0 0
 48 92428.000 95038.000 0 0 0.000 0.000 0.000 200000.000 0 1 0 200 0 0
 49 101738.000 108935.000 0 0 0.000 0.000 0.000 200000.000 0 1 0 200 0 0
 50 93671.000 93429.000 0 0 52.000 54.000 2808.000 52.990 0 1 9 200 0 0
 51 91770.000 103879.000 0 0 0.000 0.000 0.000 200000.000 0 1 0 200 0 0
 52 92926.000 106217.000 0 0 0.000 0.000 0.000 200000.000 0 1 0 200 0 0
 53 93365.000 93015.000 0 0 52.000 54.000 2808.000 52.990 0 1 9 200 0 0
 54 109881.000 98869.000 0 0 0.000 0.000 0.000 0.206 0 1 0 0 0 0
 55 93985.000 107505.000 0 0 0.000 0.000 0.000 200000.000 0 1 0 200 0 0
 56 102004.000 109795.000 0 0 0.000 0.000 0.000 0.206 0 1 0 0 0 0
 57 93179.000 92761.000 0 0 52.000 54.000 2808.000 52.990 0 1 9 200 0 0
 58 106115.000 91490.000 0 0 0.000 0.000 0.000 200000.000 0 1 0 200 0 0
 59 102459.000 109963.000 0 0 0.000 0.000 0.000 0.226 0 1 0 0 0 0
 60 96882.000 90233.000 0 0 0.000 0.000 0.000 200000.000 0 1 0 200 0 0
 61 107057.000 107660.000 0 0 0.000 0.000 0.000 0.229 0 1 0 0 0 0
 62 93389.000 92082.000 0 0 52.000 54.000 2808.000 52.990 0 1 9 200 0 0
 63 109306.000 105822.000 0 0 0.000 0.000 0.000 200000.000 0 1 0 200 0 0
 64 98663.000 110373.000 0 0 0.000 0.000 0.000 0.297 0 1 0 0 0 0
 65 109091.000 93892.000 0 0 0.000 0.000 0.000 0.229 0 1 0 0 0 0
 66 109233.000 105711.000 0 0 0.000 0.000 0.000 200000.000 0 1 0 200 0 0
 67 105225.000 109343.000 0 0 0.000 0.000 0.000 0.430 0 1 0 0 0 0
 68 100455.000 89151.000 0 0 0.000 0.000 0.000 200000.000 0 1 0 200 0 0
 69 92655.000 107417.000 0 0 0.000 0.000 0.000 0.256 0 1 0 0 0 0
 70 105442.000 109448.000 0 0 0.000 0.000 0.000 0.247 0 1 0 0 0 0
 71 103258.000 89220.000 0 0 0.000 0.000 0.000 200000.000 0 1 0 200 0 0
 72 111371.000 99365.000 0 0 0.000 0.000 0.000 200000.000 0 1 0 200 0 0
 73 108042.000 107803.000 0 0 0.000 0.000 0.000 0.253 0 1 0 0 0 0
 74 90884.000 93980.000 0 0 0.000 0.000 0.000 200000.000 0 1 0 200 0 0
 75 89026.000 100366.000 0 0 0.000 0.000 0.000 200000.000 0 1 0 200 0 0
 76 94934.000 89979.000 0 0 0.000 0.000 0.000 200000.000 0 1 0 200 0 0
 77 110686.000 96013.000 0 0 0.000 0.000 0.000 200000.000 0 1 0 200 0 0
 78 111504.000 101013.000 0 0 0.000 0.000 0.000 200000.000 0 1 0 200 0 0
 79 88953.000 99801.000 0 0 0.000 0.000 0.000 0.230 0 1 0 0 0 0
 80 89651.000 96057.000 0 0 0.000 0.000 0.000 0.203 0 1 0 0 0 0
 81 91101.000 93063.000 0 0 0.000 0.000 0.000 200000.000 0 1 0 200 0 0
 82 94895.000 90020.000 0 0 0.000 0.000 0.000 200000.000 0 1 0 200 0 0
 83 104364.000 110664.000 0 0 0.000 0.000 0.000 0.120 0 1 0 0 0 0
 84 111072.000 96015.000 0 0 0.000 0.000 0.000 0.417 0 1 0 0 0 0
 85 94114.000 109900.000 0 0 0.000 0.000 0.000 200000.000 0 1 0 200 0 0
 86 94249.000 109784.000 0 0 0.000 0.000 0.000 200000.000 0 1 0 200 0 0
 87 110380.000 106026.000 0 0 0.000 0.000 0.000 200000.000 0 1 0 200 0 0
 88 95462.000 110977.000 0 0 0.000 0.000 0.000 200000.000 0 1 0 200 0 0
 89 90147.000 106250.000 0 0 0.000 0.000 0.000 200000.000 0 1 0 200 0 0
 90 90649.000 92765.000 0 0 0.000 0.000 0.000 0.214 0 1 0 0 0 0
 91 108641.000 91127.000 0 0 0.000 0.000 0.000 0.352 0 1 0 0 0 0
 92 110391.000 106648.000 0 0 0.000 0.000 0.000 200000.000 0 1 0 200 0 0
 93 110443.000 106618.000 0 0 0.000 0.000 0.000 200000.000 0 1 0 200 0 0
 94 90060.000 107300.000 0 0 0.000 0.000 0.000 200000.000 0 1 0 200 0 0
 95 111898.000 104800.000 0 0 0.000 0.000 0.000 0.404 0 1 0 0 0 0
 96 89785.000 107234.000 0 0 0.000 0.000 0.000 0.222 0 1 0 0 0 0
 97 94012.000 88565.000 0 0 0.000 0.000 0.000 200000.000 0 1 0 200 0 0
 98 87926.000 104844.000 0 0 0.000 0.000 0.000 200000.000 0 1 0 200 0 0
 99 88046.000 104853.000 0 0 0.000 0.000 0.000 200000.000 0 1 0 200 0 0
 100 109540.000 109714.000 0 0 0.000 0.000 0.000 0.121 0 1 0 0 0 0
 101 104307.000 113012.000 0 0 0.000 0.000 0.000 0.235 0 1 0 0 0 0
 102 86610.000 97828.000 0 0 0.000 0.000 0.000 200000.000 0 1 0 200 0 0
 103 114012.000 98335.000 0 0 0.000 0.000 0.000 200000.000 0 1 0 200 0 0
 104 100981.000 113791.000 0 0 0.000 0.000 0.000 0.214 0 1 0 0 0 0
 105 93248.000 87806.000 0 0 0.000 0.000 0.000 200000.000 0 1 0 200 0 0
 106 87348.000 105332.000 0 0 0.000 0.000 0.000 0.452 0 1 0 0 0 0
 107 103135.000 113861.000 0 0 0.000 0.000 0.000 200000.000 0 1 0 200 0 0
 108 86176.000 101197.000 0 0 0.000 0.000 0.000 200000.000 0 1 0 200 0 0
 109 114677.000 101166.000 0 0 0.000 0.000 0.000 200000.000 0 1 0 200 0 0
 110 114728.000 101225.000 0 0 0.000 0.000 0.000 200000.000 0 1 0 200 0 0
 111 101018.000 114481.000 0 0 0.000 0.000 0.000 200000.000 0 1 0 200 0 0
 112 101059.000 114309.000 0 0 0.000 0.000 0.000 200000.000 0 1 0 200 0 0
 113 91725.000 88190.000 0 0 0.000 0.000 0.000 200000.000 0 1 0 200 0 0
 114 110071.000 110895.000 0 0 0.000 0.000 0.000 200000.000 0 1 0 200 0 0
 115 110128.000 110878.000 0 0 0.000 0.000 0.000 200000.000 0 1 0 200 0 0
 116 86311.000 94390.000 0 0 0.000 0.000 0.000 200000.000 0 1 0 200 0 0
 117 86404.000 94484.000 0 0 0.000 0.000 0.000 200000.000 0 1 0 200 0 0
 118 93856.000 113555.000 0 0 0.000 0.000 0.000 0.290 0 1 0 0 0 0
 119 104950.000 85321.000 0 0 0.000 0.000 0.000 200000.000 0 1 0 200 0 0
 120 84901.000 99147.000 0 0 0.000 0.000 0.000 0.265 0 1 0 0 0 0
 121 114352.000 106094.000 0 0 0.000 0.000 0.000 200000.000 0 1 0 200 0 0
 122 106816.000 114243.000 0 0 42.000 56.000 2352.000 48.497 0 1 23 200 0 0
 123 86583.000 92039.000 0 0 0.000 0.000 0.000 0.203 0 1 0 0 0 0
 124 115488.000 95272.000 0 0 0.000 0.000 0.000 0.237 0 1 0 0 0 0
 125 84178.000 100173.000 0 0 0.000 0.000 0.000 0.490 0 1 0 0 0 0
 126 107460.000 85526.000 0 0 0.000 0.000 0.000 0.201 0 1 0 0 0 0
 127 114818.000 93162.000 0 0 0.000 0.000 0.000 0.399 0 1 0 0 0 0
 128 110162.000 112810.000 0 0 0.000 0.000 0.000 200000.000 0 1 0 200 0 0
 129 110203.000 112777.000 0 0 0.000 0.000 0.000 200000.000 0 1 0 200 0 0
 130 94841.000 115293.000 0 0 0.000 0.000 0.000 200000.000 0 1 0 200 0 0
 131 114205.000 108561.000 0 0 0.000 0.000 0.000 200000.000 0 1 0 200 0 0
 132 116726.000 98132.000 0 0 0.000 0.000 0.000 200000.000 0 1 0 200 0 0
 133 98228.000 116288.000 0 0 0.000 0.000 0.000 0.302 0 1 0 0 0 0
 134 83934.000 103372.000 0 0 0.000 0.000 0.000 200000.000 0 1 0 200 0 0
 135 84233.000 105130.000 0 0 0.000 0.000 0.000 200000.000 0 1 0 200 0 0
 136 87481.000 89032.000 0 0 0.000 0.000 0.000 0.476 0 1 0 0 0 0
 137 116864.000 101241.000 0 0 0.000 0.000 0.000 0.368 0 1 0 0 0 0
 138 89333.000 112938.000 0 0 50.000 54.000 2700.000 51.961 0 1 22 210 0 0
 139 89477.000 112849.000 0 0 50.000 54.000 2700.000 51.961 0 1 22 210 0 0
 140 107362.000 115320.000 0 0 42.000 56.000 2352.000 48.497 0 1 23 200 0 0
 141 107267.000 115345.000 0 0 42.000 56.000 2352.000 48.497 0 1 23 200 0 0
 142 106725.000 115568.000 0 0 42.000 54.000 2268.000 47.623 0 1 23 200 0 0
 143 106926.000 115704.000 0 0 42.000 54.000 2268.000 47.623 0 1 23 200 0 0
 144 90110.000 113970.000 0 0 48.000 54.000 2592.000 50.911 0 1 22 210 0 0
 145 90221.000 113903.000 0 0 48.000 54.000 2592.000 50.911 0 1 22 210 0 0
 146 89677.000 113583.000 0 0 50.000 54.000 2700.000 51.961 0 1 22 210 0 0
 147 89603.000 113592.000 0 0 50.000 54.000 2700.000 51.961 0 1 22 210 0 0
 148 107427.000 115833.000 0 0 42.000 56.000 2352.000 48.497 0 1 23 200 0 0
 149 84450.000 107829.000 0 0 0.000 0.000 0.000 0.225 0 1 0 0 0 0
 150 83028.000 103990.000 0 0 0.000 0.000 0.000 200000.000 0 1 0 200 0 0
 151 83697.000 93978.000 0 0 0.000 0.000 0.000 0.298 0 1 0 0 0 0
 152 103062.000 82573.000 0 0 0.000 0.000 0.000 200000.000 0 1 0 200 0 0
 153 117565.000 95262.000 0 0 0.000 0.000 0.000 200000.000 0 1 0 200 0 0
 154 90437.000 114725.000 0 0 48.000 54.000 2592.000 50.911 0 1 22 210 0 0
 155 117410.000 95249.000 0 0 0.000 0.000 0.000 200000.000 0 1 0 200 0 0
 156 117814.000 97239.000 0 0 0.000 0.000 0.000 0.204 0 1 0 0 0 0
 157 118293.000 100899.000 0 0 0.000 0.000 0.000 200000.000 0 1 0 200 0 0
 158 118326.000 100953.000 0 0 0.000 0.000 0.000 200000.000 0 1 0 200 0 0
 159 109137.000 115923.000 0 0 0.000 0.000 0.000 200000.000 0 1 0 200 0 0
 160 109111.000 115770.000 0 0 0.000 0.000 0.000 200000.000 0 1 0 200 0 0
 161 87230.000 112616.000 0 0 0.000 0.000 0.000 200000.000 0 1 0 200 0 0
 162 106385.000 82645.000 0 0 0.000 0.000 0.000 0.495 0 1 0 0 0 0
 163 96469.000 117857.000 0 0 0.000 0.000 0.000 200000.000 0 1 0 200 0 0
 164 81713.000 100692.000 0 0 0.000 0.000 0.000 200000.000 0 1 0 200 0 0
 165 118286.000 96081.000 0 0 0.000 0.000 0.000 200000.000 0 1 0 200 0 0
 166 82853.000 93436.000 0 0 0.000 0.000 0.000 200000.000 0 1 0 200 0 0
 167 104898.000 81834.000 0 0 0.000 0.000 0.000 0.397 0 1 0 0 0 0
 168 91710.000 116536.000 0 0 0.000 0.000 0.000 200000.000 0 1 0 200 0 0
 169 111245.000 115392.000 0 0 0.000 0.000 0.000 200000.000 0 1 0 200 0 0
 170 87534.000 86177.000 0 0 0.000 0.000 0.000 0.123 0 1 0 0 0 0
 171 111198.000 115237.000 0 0 0.000 0.000 0.000 200000.000 0 1 0 200 0 0
 172 100180.000 118923.000 0 0 0.000 0.000 0.000 200000.000 0 1 0 200 0 0
 173 108409.000 82268.000 0 0 0.000 0.000 0.000 200000.000 0 1 0 200 0 0
 174 98793.000 119551.000 0 0 0.000 0.000 0.000 200000.000 0 1 0 200 0 0
 175 90493.000 82527.000 0 0 0.000 0.000 0.000 200000.000 0 1 0 200 0 0
 176 96409.000 80427.000 0 0 0.000 0.000 0.000 0.295 0 1 0 0 0 0
 177 107407.000 81292.000 0 0 0.000 0.000 0.000 200000.000 0 1 0 200 0 0
 178 119723.000 104171.000 0 0 0.000 0.000 0.000 200000.000 0 1 0 200 0 0
 179 107389.000 81102.000 0 0 0.000 0.000 0.000 200000.000 0 1 0 200 0 0
 180 120418.000 102378.000 0 0 0.000 0.000 0.000 200000.000 0 1 0 200 0 0
 181 115398.000 113458.000 0 0 0.000 0.000 0.000 200000.000 0 1 0 200 0 0
 182 115376.000 113508.000 0 0 0.000 0.000 0.000 200000.000 0 1 0 200 0 0
 183 88242.000 116217.000 0 0 0.000 0.000 0.000 0.299 0 1 0 0 0 0
 184 79925.000 100681.000 0 0 0.000 0.000 0.000 0.436 0 1 0 0 0 0
 185 120582.000 103587.000 0 0 0.000 0.000 0.000 200000.000 0 1 0 200 0 0
 186 120461.000 103511.000 0 0 0.000 0.000 0.000 200000.000 0 1 0 200 0 0
 187 87046.000 115713.000 0 0 0.000 0.000 0.000 200000.000 0 1 0 200 0 0
 188 80254.000 94961.000 0 0 0.000 0.000 0.000 200000.000 0 1 0 200 0 0
 189 118080.000 110705.000 0 0 0.000 0.000 0.000 200000.000 0 1 0 200 0 0
 190 118054.000 110749.000 0 0 0.000 0.000 0.000 200000.000 0 1 0 200 0 0
 191 86603.000 84239.000 0 0 0.000 0.000 0.000 200000.000 0 1 0 200 0 0
 192 98549.000 121068.000 0 0 0.000 0.000 0.000 200000.000 0 1 0 200 0 0
 193 98613.000 120902.000 0 0 0.000 0.000 0.000 200000.000 0 1 0 200 0 0
 194 112451.000 117467.000 0 0 0.000 0.000 0.000 0.212 0 1 0 0 0 0
 195 109542.000 119160.000 0 0 0.000 0.000 0.000 200000.000 0 1 0 200 0 0
 196 105101.000 120745.000 0 0 0.000 0.000 0.000 0.254 0 1 0 0 0 0
 197 85453.000 115434.000 0 0 0.000 0.000 0.000 0.243 0 1 0 0 0 0
 198 78864.000 97168.000 0 0 0.000 0.000 0.000 200000.000 0 1 0 200 0 0
 199 78815.000 97109.000 0 0 0.000 0.000 0.000 200000.000 0 1 0 200 0 0
 200 79240.000 104962.000 0 0 0.000 0.000 0.000 200000.000 0 1 0 200 0 0
 201 115548.000 84583.000 0 0 0.000 0.000 0.000 200000.000 0 1 0 200 0 0
 202 114965.000 115864.000 0 0 0.000 0.000 0.000 200000.000 0 1 0 200 0 0
 203 89622.000 119084.000 0 0 0.000 0.000 0.000 200000.000 0 1 0 200 0 0
 204 115580.000 115750.000 0 0 0.000 0.000 0.000 200000.000 0 1 0 200 0 0
 205 86626.000 117308.000 0 0 0.000 0.000 0.000 200000.000 0 1 0 200 0 0
 206 118179.000 113012.000 0 0 0.000 0.000 0.000 200000.000 0 1 0 200 0 0
 207 118083.000 112880.000 0 0 0.000 0.000 0.000 200000.000 0 1 0 200 0 0
 208 78694.000 104872.000 0 0 0.000 0.000 0.000 200000.000 0 1 0 200 0 0
 209 103794.000 121845.000 0 0 0.000 0.000 0.000 200000.000 0 1 0 200 0 0
 210 121576.000 93231.000 0 0 0.000 0.000 0.000 200000.000 0 1 0 200 0 0
 211 117056.000 85511.000 0 0 0.000 0.000 0.000 0.278 0 1 0 0 0 0
 212 121412.000 93231.000 0 0 0.000 0.000 0.000 200000.000 0 1 0 200 0 0
 213 122426.000 102690.000 0 0 0.000 0.000 0.000 200000.000 0 1 0 200 0 0
 214 93598.000 121167.000 0 0 0.000 0.000 0.000 200000.000 0 1 0 200 0 0
 215 97346.000 122139.000 0 0 0.000 0.000 0.000 200000.000 0 1 0 200 0 0
 216 122510.000 96492.000 0 0 0.000 0.000 0.000 200000.000 0 1 0 200 0 0
 217 108692.000 120848.000 0 0 0.000 0.000 0.000 200000.000 0 1 0 200 0 0
 218 122567.000 94962.000 0 0 0.000 0.000 0.000 200000.000 0 1 0 200 0 0
 219 120254.000 89302.000 0 0 0.000 0.000 0.000 200000.000 0 1 0 200 0 0
 220 112857.000 119028.000 0 0 0.000 0.000 0.000 200000.000 0 1 0 200 0 0
 221 120513.000 89757.000 0 0 0.000 0.000 0.000 0.279 0 1 0 0 0 0
 222 122393.000 94946.000 0 0 0.000 0.000 0.000 200000.000 0 1 0 200 0 0
 223 112876.000 118969.000 0 0 0.000 0.000 0.000 200000.000 0 1 0 200 0 0
 224 77567.000 102234.000 0 0 0.000 0.000 0.000 200000.000 0 1 0 200 0 0
 225 116015.000 83312.000 0 0 0.000 0.000 0.000 200000.000 0 1 0 200 0 0
 226 92420.000 78245.000 0 0 0.000 0.000 0.000 0.352 0 1 0 0 0 0
 227 122401.000 93605.000 0 0 0.000 0.000 0.000 0.248 0 1 0 0 0 0
 228 111150.000 120247.000 0 0 0.000 0.000 0.000 200000.000 0 1 0 200 0 0
 229 83670.000 116026.000 0 0 0.000 0.000 0.000 200000.000 0 1 0 200 0 0
 230 82267.000 85049.000 0 0 0.000 0.000 0.000 200000.000 0 1 0 200 0 0
 231 82343.000 85178.000 0 0 0.000 0.000 0.000 200000.000 0 1 0 200 0 0
 232 122124.000 108140.000 0 0 0.000 0.000 0.000 200000.000 0 1 0 200 0 0
 233 121597.000 109467.000 0 0 0.000 0.000 0.000 200000.000 0 1 0 200 0 0
 234 122122.000 108192.000 0 0 0.000 0.000 0.000 200000.000 0 1 0 200 0 0
 235 113888.000 118725.000 0 0 0.000 0.000 0.000 200000.000 0 1 0 200 0 0
 236 121463.000 109352.000 0 0 0.000 0.000 0.000 200000.000 0 1 0 200 0 0
 237 113930.000 118694.000 0 0 0.000 0.000 0.000 200000.000 0 1 0 200 0 0
 238 78457.000 108168.000 0 0 0.000 0.000 0.000 200000.000 0 1 0 200 0 0
 239 105745.000 122855.000 0 0 0.000 0.000 0.000 200000.000 0 1 0 200 0 0
 240 105765.000 122719.000 0 0 0.000 0.000 0.000 200000.000 0 1 0 200 0 0
 241 82235.000 84508.000 0 0 0.000 0.000 0.000 0.453 0 1 0 0 0 0
 242 120700.000 112142.000 0 0 0.000 0.000 0.000 0.495 0 1 0 0 0 0
 243 120737.000 112225.000 0 0 0.000 0.000 0.000 200000.000 0 1 0 200 0 0
 244 83944.000 82487.000 0 0 0.000 0.000 0.000 0.120 0 1 0 0 0 0
 245 92394.000 122337.000 0 0 0.000 0.000 0.000 0.450 0 1 0 0 0 0
 246 77997.000 91416.000 0 0 0.000 0.000 0.000 0.443 0 1 0 0 0 0
 247 104726.000 76479.000 0 0 0.000 0.000 0.000 200000.000 0 1 0 200 0 0
 248 78185.000 90735.000 0 0 0.000 0.000 0.000 0.276 0 1 0 0 0 0
 249 110029.000 78148.000 0 0 0.000 0.000 0.000 200000.000 0 1 0 200 0 0
 250 88722.000 79038.000 0 0 0.000 0.000 0.000 200000.000 0 1 0 200 0 0
 251 118029.000 83894.000 0 0 0.000 0.000 0.000 0.313 0 1 0 0 0 0
 252 122684.000 108624.000 0 0 0.000 0.000 0.000 200000.000 0 1 0 200 0 0
 253 115416.000 118553.000 0 0 0.000 0.000 0.000 200000.000 0 1 0 200 0 0
 254 115409.000 118628.000 0 0 0.000 0.000 0.000 200000.000 0 1 0 200 0 0
 255 104045.000 123544.000 0 0 0.000 0.000 0.000 200000.000 0 1 0 200 0 0
 256 93828.000 123000.000 0 0 0.000 0.000 0.000 0.488 0 1 0 0 0 0
 257 102021.000 123955.000 0 0 0.000 0.000 0.000 200000.000 0 1 0 200 0 0
 258 100948.000 124075.000 0 0 0.000 0.000 0.000 0.121 0 1 0 0 0 0
 259 98641.000 123972.000 0 0 0.000 0.000 0.000 200000.000 0 1 0 200 0 0
 260 78614.000 111020.000 0 0 0.000 0.000 0.000 200000.000 0 1 0 200 0 0
 261 124618.000 101091.000 0 0 0.000 0.000 0.000 200000.000 0 1 0 200 0 0
 262 124582.000 101038.000 0 0 0.000 0.000 0.000 200000.000 0 1 0 200 0 0
 263 85745.000 80350.000 0 0 0.000 0.000 0.000 200000.000 0 1 0 200 0 0
 264 100064.000 75550.000 0 0 0.000 0.000 0.000 200000.000 0 1 0 200 0 0
 265 118499.000 83553.000 0 0 0.000 0.000 0.000 200000.000 0 1 0 200 0 0
 266 118562.000 83565.000 0 0 0.000 0.000 0.000 200000.000 0 1 0 200 0 0
 267 115392.000 119072.000 0 0 0.000 0.000 0.000 0.437 0 1 0 0 0 0
 268 114854.000 119704.000 0 0 0.000 0.000 0.000 200000.000 0 1 0 200 0 0
 269 84730.000 119059.000 0 0 0.000 0.000 0.000 200000.000 0 1 0 200 0 0
 270 118086.000 83011.000 0 0 0.000 0.000 0.000 0.229 0 1 0 0 0 0
 271 96878.000 75614.000 0 0 0.000 0.000 0.000 200000.000 0 1 0 200 0 0
 272 124336.000 93605.000 0 0 0.000 0.000 0.000 200000.000 0 1 0 200 0 0
 273 109962.000 123055.000 0 0 0.000 0.000 0.000 200000.000 0 1 0 200 0 0
 274 89687.000 122499.000 0 0 0.000 0.000 0.000 0.308 0 1 0 0 0 0
 275 75644.000 105173.000 0 0 0.000 0.000 0.000 200000.000 0 1 0 200 0 0
 276 123148.000 88911.000 0 0 0.000 0.000 0.000 200000.000 0 1 0 200 0 0
 277 125543.000 97727.000 0 0 0.000 0.000 0.000 200000.000 0 1 0 200 0 0
 278 84537.000 119924.000 0 0 0.000 0.000 0.000 200000.000 0 1 0 200 0 0
 279 84464.000 119933.000 0 0 0.000 0.000 0.000 200000.000 0 1 0 200 0 0
 280 85447.000 79094.000 0 0 0.000 0.000 0.000 200000.000 0 1 0 200 0 0
 281 83401.000 80716.000 0 0 0.000 0.000 0.000 200000.000 0 1 0 200 0 0
 282 99351.000 74376.000 0 0 0.000 0.000 0.000 200000.000 0 1 0 200 0 0
 283 83439.000 80682.000 0 0 0.000 0.000 0.000 200000.000 0 1 0 200 0 0
 284 85467.000 79214.000 0 0 0.000 0.000 0.000 200000.000 0 1 0 200 0 0
 285 122953.000 111740.000 0 0 0.000 0.000 0.000 200000.000 0 1 0 200 0 0
 286 99303.000 74514.000 0 0 0.000 0.000 0.000 200000.000 0 1 0 200 0 0
 287 108998.000 75898.000 0 0 0.000 0.000 0.000 200000.000 0 1 0 200 0 0
 288 122861.000 111634.000 0 0 0.000 0.000 0.000 200000.000 0 1 0 200 0 0
 289 118547.000 117588.000 0 0 0.000 0.000 0.000 200000.000 0 1 0 200 0 0
 290 123959.000 89950.000 0 0 0.000 0.000 0.000 200000.000 0 1 0 200 0 0
 291 124005.000 89987.000 0 0 0.000 0.000 0.000 200000.000 0 1 0 200 0 0
 292 123272.000 111165.000 0 0 0.000 0.000 0.000 200000.000 0 1 0 200 0 0
 293 117930.000 81211.000 0 0 0.000 0.000 0.000 200000.000 0 1 0 200 0 0
 294 104675.000 125173.000 0 0 0.000 0.000 0.000 0.328 0 1 0 0 0 0
 295 88044.000 122396.000 0 0 0.000 0.000 0.000 0.375 0 1 0 0 0 0
 296 82965.000 119232.000 0 0 0.000 0.000 0.000 0.482 0 1 0 0 0 0
 297 77742.000 112967.000 0 0 0.000 0.000 0.000 200000.000 0 1 0 200 0 0
 298 76232.000 109483.000 0 0 0.000 0.000 0.000 200000.000 0 1 0 200 0 0
 299 104985.000 74280.000 0 0 0.000 0.000 0.000 200000.000 0 1 0 200 0 0
 300 119029.000 82018.000 0 0 0.000 0.000 0.000 0.345 0 1 0 0 0 0
 301 109563.000 124334.000 0 0 0.000 0.000 0.000 200000.000 0 1 0 200 0 0
 302 109557.000 124176.000 0 0 0.000 0.000 0.000 200000.000 0 1 0 200 0 0
 303 108679.000 124632.000 0 0 0.000 0.000 0.000 200000.000 0 1 0 200 0 0
 304 108639.000 124669.000 0 0 0.000 0.000 0.000 200000.000 0 1 0 200 0 0
 305 116729.000 79706.000 0 0 0.000 0.000 0.000 200000.000 0 1 0 200 0 0
 306 118208.000 80772.000 0 0 0.000 0.000 0.000 200000.000 0 1 0 200 0 0
 307 96923.000 126093.000 0 0 0.000 0.000 0.000 0.499 0 1 0 0 0 0
 308 95744.000 73898.000 0 0 0.000 0.000 0.000 200000.000 0 1 0 200 0 0
 309 96858.000 126190.000 0 0 0.000 0.000 0.000 200000.000 0 1 0 200 0 0
 310 73705.000 99995.000 0 0 0.000 0.000 0.000 200000.000 0 1 0 200 0 0
 311 125454.000 108460.000 0 0 54.000 38.000 2052.000 45.299 0 1 19 210 0 0
 312 104361.000 73656.000 0 0 0.000 0.000 0.000 200000.000 0 1 0 200 0 0
 313 126152.000 105741.000 0 0 0.000 0.000 0.000 0.276 0 1 0 0 0 0
 314 125326.000 108362.000 0 0 54.000 38.000 2052.000 45.299 0 1 19 210 0 0
 315 102124.000 126333.000 0 0 0.000 0.000 0.000 200000.000 0 1 0 200 0 0
 316 104439.000 73496.000 0 0 0.000 0.000 0.000 200000.000 0 1 0 200 0 0
 317 86303.000 122659.000 0 0 0.000 0.000 0.000 200000.000 0 1 0 200 0 0
 318 84004.000 120850.000 0 0 0.000 0.000 0.000 200000.000 0 1 0 200 0 0
 319 120375.000 117329.000 0 0 0.000 0.000 0.000 0.202 0 1 0 0 0 0
 320 113294.000 123316.000 0 0 0.000 0.000 0.000 200000.000 0 1 0 200 0 0
 321 113261.000 123356.000 0 0 0.000 0.000 0.000 200000.000 0 1 0 200 0 0
 322 97867.000 126641.000 0 0 0.000 0.000 0.000 200000.000 0 1 0 200 0 0
 323 97921.000 126605.000 0 0 0.000 0.000 0.000 200000.000 0 1 0 200 0 0
 324 93323.000 73990.000 0 0 0.000 0.000 0.000 0.246 0 1 0 0 0 0
 325 125689.000 108821.000 0 0 54.000 40.000 2160.000 46.475 0 1 19 210 0 0
 326 125833.000 108924.000 0 0 54.000 40.000 2160.000 46.475 0 1 19 210 0 0
 327 127304.000 101764.000 0 0 0.000 0.000 0.000 200000.000 0 1 0 200 0 0
 328 125400.000 110019.000 0 0 0.000 0.000 0.000 0.223 0 1 0 0 0 0
 329 73205.000 100621.000 0 0 0.000 0.000 0.000 200000.000 0 1 0 200 0 0
 330 122921.000 84831.000 0 0 0.000 0.000 0.000 0.220 0 1 0 0 0 0
 331 75098.000 110302.000 0 0 0.000 0.000 0.000 200000.000 0 1 0 200 0 0
 332 85497.000 77008.000 0 0 0.000 0.000 0.000 200000.000 0 1 0 200 0 0
 333 105258.000 73104.000 0 0 0.000 0.000 0.000 200000.000 0 1 0 200 0 0
 334 126491.000 108016.000 0 0 0.000 0.000 0.000 200000.000 0 1 0 200 0 0
 335 81390.000 119981.000 0 0 0.000 0.000 0.000 200000.000 0 1 0 200 0 0
 336 82824.000 78750.000 0 0 0.000 0.000 0.000 200000.000 0 1 0 200 0 0
 337 125260.000 88207.000 0 0 0.000 0.000 0.000 200000.000 0 1 0 200 0 0
 338 98987.000 127397.000 0 0 0.000 0.000 0.000 200000.000 0 1 0 200 0 0
 339 81429.000 120016.000 0 0 0.000 0.000 0.000 200000.000 0 1 0 200 0 0
 340 73005.000 104070.000 0 0 0.000 0.000 0.000 200000.000 0 1 0 200 0 0
 341 80869.000 119589.000 0 0 0.000 0.000 0.000 0.494 0 1 0 0 0 0
 342 80768.000 119617.000 0 0 0.000 0.000 0.000 200000.000 0 1 0 200 0 0
 343 88449.000 125346.000 0 0 0.000 0.000 0.000 200000.000 0 1 0 200 0 0
 344 111731.000 74440.000 0 0 0.000 0.000 0.000 200000.000 0 1 0 200 0 0
 345 126295.000 109603.000 0 0 56.000 40.000 2240.000 47.328 0 1 19 210 0 0
 346 111775.000 74459.000 0 0 0.000 0.000 0.000 200000.000 0 1 0 200 0 0
 347 128185.000 98639.000 0 0 0.000 0.000 0.000 200000.000 0 1 0 200 0 0
 348 128188.000 98690.000 0 0 0.000 0.000 0.000 200000.000 0 1 0 200 0 0
 349 88568.000 125214.000 0 0 0.000 0.000 0.000 200000.000 0 1 0 200 0 0
 350 72181.000 100415.000 0 0 0.000 0.000 0.000 200000.000 0 1 0 200 0 0
 351 89358.000 74195.000 0 0 0.000 0.000 0.000 200000.000 0 1 0 200 0 0
 352 73093.000 93472.000 0 0 0.000 0.000 0.000 200000.000 0 1 0 200 0 0
 353 119513.000 120264.000 0 0 0.000 0.000 0.000 0.121 0 1 0 0 0 0
 354 81281.000 79193.000 0 0 0.000 0.000 0.000 200000.000 0 1 0 200 0 0
 355 98739.000 127895.000 0 0 0.000 0.000 0.000 200000.000 0 1 0 200 0 0
 356 111615.000 125879.000 0 0 0.000 0.000 0.000 200000.000 0 1 0 200 0 0
 357 111591.000 125704.000 0 0 0.000 0.000 0.000 200000.000 0 1 0 200 0 0
 358 85587.000 124141.000 0 0 0.000 0.000 0.000 200000.000 0 1 0 200 0 0
 359 85511.000 124167.000 0 0 0.000 0.000 0.000 200000.000 0 1 0 200 0 0
 360 78205.000 117713.000 0 0 0.000 0.000 0.000 0.222 0 1 0 0 0 0
 361 119054.000 78738.000 0 0 0.000 0.000 0.000 0.206 0 1 0 0 0 0
 362 114884.000 124187.000 0 0 0.000 0.000 0.000 200000.000 0 1 0 200 0 0
 363 104175.000 128020.000 0 0 0.000 0.000 0.000 200000.000 0 1 0 200 0 0
 364 80338.000 79540.000 0 0 0.000 0.000 0.000 0.292 0 1 0 0 0 0
 365 127732.000 107389.000 0 0 56.000 36.000 2016.000 44.899 0 1 18 200 0 0
 366 101737.000 71359.000 0 0 0.000 0.000 0.000 200000.000 0 1 0 200 0 0
 367 127303.000 105214.000 0 0 0.000 0.000 0.000 200000.000 0 1 0 200 0 0
 368 128233.000 105217.000 0 0 0.000 0.000 0.000 200000.000 0 1 0 200 0 0
 369 123631.000 116251.000 0 0 0.000 0.000 0.000 0.287 0 1 0 0 0 0
 370 99357.000 128553.000 0 0 0.000 0.000 0.000 0.215 0 1 0 0 0 0
 371 121030.000 119658.000 0 0 0.000 0.000 0.000 0.121 0 1 0 0 0 0
 372 72483.000 107293.000 0 0 0.000 0.000 0.000 200000.000 0 1 0 200 0 0
 373 123701.000 83195.000 0 0 0.000 0.000 0.000 200000.000 0 1 0 200 0 0
 374 88523.000 126313.000 0 0 0.000 0.000 0.000 200000.000 0 1 0 200 0 0
 375 129226.000 100635.000 0 0 50.000 24.000 1200.000 34.641 0 1 15 210 0 0
 376 72399.000 107072.000 0 0 0.000 0.000 0.000 200000.000 0 1 0 200 0 0
 377 127875.000 108715.000 0 0 0.000 0.000 0.000 200000.000 0 1 0 200 0 0
 378 117962.000 77092.000 0 0 0.000 0.000 0.000 0.485 0 1 0 0 0 0
 379 124439.000 83969.000 0 0 0.000 0.000 0.000 200000.000 0 1 0 200 0 0
 380 129125.000 100579.000 0 0 50.000 24.000 1200.000 34.641 0 1 15 210 0 0
 381 128307.000 107212.000 0 0 54.000 36.000 1944.000 44.090 0 1 18 200 0 0
 382 128295.000 107259.000 0 0 54.000 36.000 1944.000 44.090 0 1 18 200 0 0
 383 127758.000 108625.000 0 0 0.000 0.000 0.000 200000.000 0 1 0 200 0 0
 384 96246.000 128682.000 0 0 0.000 0.000 0.000 200000.000 0 1 0 200 0 0
 385 96315.000 128552.000 0 0 0.000 0.000 0.000 200000.000 0 1 0 200 0 0
 386 71761.000 104881.000 0 0 0.000 0.000 0.000 200000.000 0 1 0 200 0 0
 387 71652.000 95554.000 0 0 0.000 0.000 0.000 200000.000 0 1 0 200 0 0
 388 83755.000 75921.000 0 0 0.000 0.000 0.000 200000.000 0 1 0 200 0 0
 389 128324.000 107803.000 0 0 56.000 36.000 2016.000 44.899 0 1 18 200 0 0
 390 128173.000 107710.000 0 0 56.000 36.000 2016.000 44.899 0 1 18 200 0 0
 391 121513.000 119646.000 0 0 0.000 0.000 0.000 200000.000 0 1 0 200 0 0
 392 128173.000 96727.000 0 0 0.000 0.000 0.000 200000.000 0 1 0 200 0 0
 393 84258.000 75516.000 0 0 0.000 0.000 0.000 0.234 0 1 0 0 0 0
 394 128703.000 106675.000 0 0 54.000 34.000 1836.000 42.848 0 1 18 200 0 0
 395 99338.000 129280.000 0 0 0.000 0.000 0.000 200000.000 0 1 0 200 0 0
 396 103678.000 129053.000 0 0 0.000 0.000 0.000 0.210 0 1 0 0 0 0
 397 99391.000 129112.000 0 0 0.000 0.000 0.000 200000.000 0 1 0 200 0 0
 398 129737.000 100550.000 0 0 50.000 24.000 1200.000 34.641 0 1 15 210 0 0
 399 89883.000 127553.000 0 0 0.000 0.000 0.000 200000.000 0 1 0 200 0 0
 400 89822.000 127576.000 0 0 0.000 0.000 0.000 200000.000 0 1 0 200 0 0
 401 72321.000 109072.000 0 0 0.000 0.000 0.000 200000.000 0 1 0 200 0 0
 402 126193.000 113976.000 0 0 0.000 0.000 0.000 200000.000 0 1 0 200 0 0
 403 73078.000 88568.000 0 0 0.000 0.000 0.000 200000.000 0 1 0 200 0 0
 404 123929.000 117815.000 0 0 0.000 0.000 0.000 200000.000 0 1 0 200 0 0
 405 81611.000 77028.000 0 0 0.000 0.000 0.000 200000.000 0 1 0 200 0 0
 406 123947.000 117766.000 0 0 0.000 0.000 0.000 200000.000 0 1 0 200 0 0
 407 112921.000 126698.000 0 0 0.000 0.000 0.000 0.496 0 1 0 0 0 0
 408 107448.000 128691.000 0 0 0.000 0.000 0.000 200000.000 0 1 0 200 0 0
 409 105839.000 128955.000 0 0 0.000 0.000 0.000 0.483 0 1 0 0 0 0
 410 126446.000 86017.000 0 0 0.000 0.000 0.000 200000.000 0 1 0 200 0 0
 411 124314.000 117294.000 0 0 0.000 0.000 0.000 200000.000 0 1 0 200 0 0
 412 121718.000 120619.000 0 0 54.000 52.000 2808.000 52.990 0 1 26 210 0 0
 413 121707.000 120677.000 0 0 54.000 52.000 2808.000 52.990 0 1 26 210 0 0
 414 121159.000 121205.000 0 0 52.000 52.000 2704.000 52.000 0 1 26 210 0 0
 415 121135.000 121252.000 0 0 52.000 52.000 2704.000 52.000 0 1 26 210 0 0
 416 85965.000 125998.000 0 0 0.000 0.000 0.000 200000.000 0 1 0 200 0 0
 417 107754.000 128708.000 0 0 0.000 0.000 0.000 0.215 0 1 0 0 0 0
 418 86011.000 126022.000 0 0 0.000 0.000 0.000 200000.000 0 1 0 200 0 0
 419 85090.000 125548.000 0 0 0.000 0.000 0.000 0.263 0 1 0 0 0 0
 420 126157.000 114741.000 0 0 0.000 0.000 0.000 200000.000 0 1 0 200 0 0
 421 120690.000 121679.000 0 0 52.000 54.000 2808.000 52.990 0 1 26 210 0 0
 422 72073.000 89755.000 0 0 0.000 0.000 0.000 200000.000 0 1 0 200 0 0
 423 124243.000 82232.000 0 0 0.000 0.000 0.000 200000.000 0 1 0 200 0 0
 424 128943.000 108394.000 0 0 0.000 0.000 0.000 0.471 0 1 0 0 0 0
 425 103765.000 129763.000 0 0 0.000 0.000 0.000 200000.000 0 1 0 200 0 0
 426 103794.000 129588.000 0 0 0.000 0.000 0.000 200000.000 0 1 0 200 0 0
 427 72887.000 112046.000 0 0 0.000 0.000 0.000 200000.000 0 1 0 200 0 0
 428 70527.000 96253.000 0 0 0.000 0.000 0.000 200000.000 0 1 0 200 0 0
 429 93329.000 129074.000 0 0 0.000 0.000 0.000 0.350 0 1 0 0 0 0
 430 123182.000 80326.000 0 0 0.000 0.000 0.000 200000.000 0 1 0 200 0 0
 431 126179.000 84505.000 0 0 0.000 0.000 0.000 200000.000 0 1 0 200 0 0
 432 126031.000 84534.000 0 0 0.000 0.000 0.000 200000.000 0 1 0 200 0 0
 433 130406.000 100426.000 0 0 50.000 24.000 1200.000 34.641 0 1 15 210 0 0
 434 123386.000 119052.000 0 0 0.000 0.000 0.000 200000.000 0 1 0 200 0 0
 435 130419.000 100474.000 0 0 50.000 24.000 1200.000 34.641 0 1 15 210 0 0
 436 122577.000 120206.000 0 0 0.000 0.000 0.000 0.124 0 1 0 0 0 0
 437 106138.000 129556.000 0 0 0.000 0.000 0.000 200000.000 0 1 0 200 0 0
 438 93978.000 129320.000 0 0 0.000 0.000 0.000 200000.000 0 1 0 200 0 0
 439 76883.000 119046.000 0 0 0.000 0.000 0.000 0.214 0 1 0 0 0 0
 440 73081.000 86983.000 0 0 0.000 0.000 0.000 0.263 0 1 0 0 0 0
 441 109349.000 70991.000 0 0 0.000 0.000 0.000 200000.000 0 1 0 200 0 0
 442 71471.000 109311.000 0 0 0.000 0.000 0.000 200000.000 0 1 0 200 0 0
 443 72933.000 86812.000 0 0 0.000 0.000 0.000 200000.000 0 1 0 200 0 0
 444 87900.000 72056.000 0 0 0.000 0.000 0.000 200000.000 0 1 0 200 0 0
 445 122787.000 79366.000 0 0 0.000 0.000 0.000 200000.000 0 1 0 200 0 0
 446 100737.000 130479.000 0 0 0.000 0.000 0.000 200000.000 0 1 0 200 0 0
 447 95458.000 130112.000 0 0 0.000 0.000 0.000 200000.000 0 1 0 200 0 0
 448 95533.000 129957.000 0 0 0.000 0.000 0.000 200000.000 0 1 0 200 0 0
 449 78616.000 121390.000 0 0 0.000 0.000 0.000 0.297 0 1 0 0 0 0
 450 79570.000 122695.000 0 0 0.000 0.000 0.000 200000.000 0 1 0 200 0 0
 451 71958.000 111865.000 0 0 0.000 0.000 0.000 0.496 0 1 0 0 0 0
 452 71873.000 111844.000 0 0 0.000 0.000 0.000 200000.000 0 1 0 200 0 0
 453 76709.000 119995.000 0 0 0.000 0.000 0.000 200000.000 0 1 0 200 0 0
 454 69564.000 97055.000 0 0 0.000 0.000 0.000 0.303 0 1 0 0 0 0
 455 77423.000 78966.000 0 0 0.000 0.000 0.000 200000.000 0 1 0 200 0 0
 456 73491.000 84307.000 0 0 0.000 0.000 0.000 200000.000 0 1 0 200 0 0
 457 77481.000 79089.000 0 0 0.000 0.000 0.000 200000.000 0 1 0 200 0 0
 458 78788.000 77805.000 0 0 0.000 0.000 0.000 200000.000 0 1 0 200 0 0
 459 117462.000 74126.000 0 0 0.000 0.000 0.000 200000.000 0 1 0 200 0 0
 460 80091.000 76592.000 0 0 0.000 0.000 0.000 200000.000 0 1 0 200 0 0
 461 117338.000 74225.000 0 0 0.000 0.000 0.000 200000.000 0 1 0 200 0 0
 462 129415.000 89727.000 0 0 0.000 0.000 0.000 0.337 0 1 0 0 0 0
 463 123599.000 120612.000 0 0 0.000 0.000 0.000 0.128 0 1 0 0 0 0
 464 75441.000 118306.000 0 0 0.000 0.000 0.000 0.314 0 1 0 0 0 0
 465 130845.000 95009.000 0 0 0.000 0.000 0.000 0.200 0 1 0 0 0 0
 466 130176.000 108240.000 0 0 0.000 0.000 0.000 200000.000 0 1 0 200 0 0
 467 121649.000 122413.000 0 0 0.000 0.000 0.000 200000.000 0 1 0 200 0 0
 468 101731.000 130956.000 0 0 0.000 0.000 0.000 200000.000 0 1 0 200 0 0
 469 70417.000 108996.000 0 0 0.000 0.000 0.000 0.122 0 1 0 0 0 0
 470 104737.000 68942.000 0 0 0.000 0.000 0.000 200000.000 0 1 0 200 0 0
 471 104793.000 68909.000 0 0 0.000 0.000 0.000 200000.000 0 1 0 200 0 0
 472 105984.000 69106.000 0 0 0.000 0.000 0.000 200000.000 0 1 0 200 0 0
 473 114074.000 71785.000 0 0 0.000 0.000 0.000 200000.000 0 1 0 200 0 0
 474 123378.000 120882.000 0 0 0.000 0.000 0.000 0.120 0 1 0 0 0 0
 475 131778.000 100647.000 0 0 0.000 0.000 0.000 200000.000 0 1 0 200 0 0
 476 128896.000 112294.000 0 0 0.000 0.000 0.000 200000.000 0 1 0 200 0 0
 477 102327.000 131092.000 0 0 0.000 0.000 0.000 200000.000 0 1 0 200 0 0
 478 68905.000 98232.000 0 0 0.000 0.000 0.000 0.207 0 1 0 0 0 0
 479 129405.000 87921.000 0 0 0.000 0.000 0.000 200000.000 0 1 0 200 0 0
 480 131608.000 100594.000 0 0 0.000 0.000 0.000 200000.000 0 1 0 200 0 0
 481 131422.000 104581.000 0 0 0.000 0.000 0.000 200000.000 0 1 0 200 0 0
 482 122027.000 122992.000 0 0 0.000 0.000 0.000 200000.000 0 1 0 200 0 0
 483 76956.000 120939.000 0 0 0.000 0.000 0.000 0.402 0 1 0 0 0 0
 484 70240.000 109129.000 0 0 0.000 0.000 0.000 0.123 0 1 0 0 0 0
 485 76233.000 120485.000 0 0 0.000 0.000 0.000 200000.000 0 1 0 200 0 0
 486 68995.000 96181.000 0 0 0.000 0.000 0.000 200000.000 0 1 0 200 0 0
 487 73588.000 83162.000 0 0 0.000 0.000 0.000 200000.000 0 1 0 200 0 0
 488 131861.000 99890.000 0 0 0.000 0.000 0.000 0.248 0 1 0 0 0 0
 489 131434.000 104634.000 0 0 0.000 0.000 0.000 200000.000 0 1 0 200 0 0
 490 126565.000 117630.000 0 0 0.000 0.000 0.000 200000.000 0 1 0 200 0 0
 491 126573.000 117577.000 0 0 0.000 0.000 0.000 200000.000 0 1 0 200 0 0
 492 125388.000 119268.000 0 0 0.000 0.000 0.000 200000.000 0 1 0 200 0 0
 493 125358.000 119307.000 0 0 0.000 0.000 0.000 200000.000 0 1 0 200 0 0
 494 121956.000 122825.000 0 0 0.000 0.000 0.000 200000.000 0 1 0 200 0 0
 495 78588.000 122946.000 0 0 0.000 0.000 0.000 200000.000 0 1 0 200 0 0
 496 79814.000 75724.000 0 0 0.000 0.000 0.000 200000.000 0 1 0 200 0 0
 497 81834.000 74147.000 0 0 0.000 0.000 0.000 200000.000 0 1 0 200 0 0
 498 97206.000 68216.000 0 0 0.000 0.000 0.000 200000.000 0 1 0 200 0 0
 499 123104.000 77778.000 0 0 0.000 0.000 0.000 200000.000 0 1 0 200 0 0
 500 124360.000 120797.000 0 0 0.000 0.000 0.000 200000.000 0 1 0 200 0 0
 501 123168.000 77784.000 0 0 0.000 0.000 0.000 200000.000 0 1 0 200 0 0
 502 124842.000 80024.000 0 0 0.000 0.000 0.000 0.402 0 1 0 0 0 0
 503 128020.000 84357.000 0 0 0.000 0.000 0.000 0.209 0 1 0 0 0 0
 504 124266.000 120649.000 0 0 0.000 0.000 0.000 200000.000 0 1 0 200 0 0
 505 109906.000 130240.000 0 0 0.000 0.000 0.000 0.462 0 1 0 0 0 0
 506 97116.000 67883.000 0 0 0.000 0.000 0.000 200000.000 0 1 0 200 0 0
 507 97618.000 131532.000 0 0 0.000 0.000 0.000 0.371 0 1 0 0 0 0
 508 87288.000 129099.000 0 0 0.000 0.000 0.000 200000.000 0 1 0 200 0 0
 509 69704.000 91252.000 0 0 0.000 0.000 0.000 0.300 0 1 0 0 0 0
 510 125819.000 118901.000 0 0 0.000 0.000 0.000 0.339 0 1 0 0 0 0
 511 92565.000 68838.000 0 0 0.000 0.000 0.000 200000.000 0 1 0 200 0 0
 512 129924.000 112040.000 0 0 0.000 0.000 0.000 200000.000 0 1 0 200 0 0
 513 75709.000 79360.000 0 0 0.000 0.000 0.000 0.261 0 1 0 0 0 0
 514 131751.000 94407.000 0 0 0.000 0.000 0.000 0.367 0 1 0 0 0 0
 515 78762.000 123798.000 0 0 0.000 0.000 0.000 200000.000 0 1 0 200 0 0
 516 78797.000 123836.000 0 0 0.000 0.000 0.000 200000.000 0 1 0 200 0 0
 517 71095.000 85927.000 0 0 0.000 0.000 0.000 200000.000 0 1 0 200 0 0
 518 116469.000 72105.000 0 0 0.000 0.000 0.000 200000.000 0 1 0 200 0 0
 519 71190.000 86031.000 0 0 0.000 0.000 0.000 200000.000 0 1 0 200 0 0
 520 114184.000 70837.000 0 0 0.000 0.000 0.000 0.257 0 1 0 0 0 0
 521 120334.000 125160.000 0 0 0.000 0.000 0.000 200000.000 0 1 0 200 0 0
 522 75486.000 120656.000 0 0 0.000 0.000 0.000 200000.000 0 1 0 200 0 0
 523 109591.000 68771.000 0 0 0.000 0.000 0.000 200000.000 0 1 0 200 0 0
 524 131171.000 89756.000 0 0 0.000 0.000 0.000 200000.000 0 1 0 200 0 0
 525 131186.000 89803.000 0 0 0.000 0.000 0.000 200000.000 0 1 0 200 0 0
 526 113479.000 129516.000 0 0 0.000 0.000 0.000 200000.000 0 1 0 200 0 0
 527 102815.000 132419.000 0 0 0.000 0.000 0.000 200000.000 0 1 0 200 0 0
 528 102853.000 132275.000 0 0 0.000 0.000 0.000 200000.000 0 1 0 200 0 0
 529 101592.000 132494.000 0 0 0.000 0.000 0.000 200000.000 0 1 0 200 0 0
 530 101544.000 132496.000 0 0 0.000 0.000 0.000 200000.000 0 1 0 200 0 0
 531 88827.000 130290.000 0 0 0.000 0.000 0.000 200000.000 0 1 0 200 0 0
 532 68645.000 92340.000 0 0 0.000 0.000 0.000 200000.000 0 1 0 200 0 0
 533 82875.000 127503.000 0 0 0.000 0.000 0.000 0.226 0 1 0 0 0 0
 534 72314.000 116479.000 0 0 0.000 0.000 0.000 200000.000 0 1 0 200 0 0
 535 68706.000 108368.000 0 0 0.000 0.000 0.000 200000.000 0 1 0 200 0 0
 536 67594.000 100600.000 0 0 0.000 0.000 0.000 200000.000 0 1 0 200 0 0
 537 67670.000 98254.000 0 0 0.000 0.000 0.000 0.212 0 1 0 0 0 0
 538 104846.000 67542.000 0 0 0.000 0.000 0.000 200000.000 0 1 0 200 0 0
 539 69318.000 110899.000 0 0 0.000 0.000 0.000 200000.000 0 1 0 200 0 0
 540 68431.000 92502.000 0 0 0.000 0.000 0.000 200000.000 0 1 0 200 0 0
 541 130455.000 109887.000 0 0 0.000 0.000 0.000 200000.000 0 1 0 200 0 0
 542 131619.000 90052.000 0 0 0.000 0.000 0.000 200000.000 0 1 0 200 0 0
 543 130443.000 112999.000 0 0 0.000 0.000 0.000 200000.000 0 1 0 200 0 0
 544 131639.000 90100.000 0 0 0.000 0.000 0.000 200000.000 0 1 0 200 0 0
 545 124718.000 121933.000 0 0 52.000 50.000 2600.000 50.990 0 1 28 200 0 0
 546 130317.000 112891.000 0 0 0.000 0.000 0.000 200000.000 0 1 0 200 0 0
 547 124626.000 121781.000 0 0 52.000 50.000 2600.000 50.990 0 1 28 200 0 0
 548 80145.000 73957.000 0 0 0.000 0.000 0.000 0.342 0 1 0 0 0 0
 549 129957.000 85038.000 0 0 0.000 0.000 0.000 200000.000 0 1 0 200 0 0
 550 130604.000 112621.000 0 0 0.000 0.000 0.000 200000.000 0 1 0 200 0 0
 551 131652.000 110257.000 0 0 0.000 0.000 0.000 200000.000 0 1 0 200 0 0
 552 131649.000 110308.000 0 0 0.000 0.000 0.000 200000.000 0 1 0 200 0 0
 553 82510.000 128109.000 0 0 0.000 0.000 0.000 200000.000 0 1 0 200 0 0
 554 125066.000 121825.000 0 0 52.000 52.000 2704.000 52.000 0 1 28 200 0 0
 555 124963.000 121907.000 0 0 52.000 52.000 2704.000 52.000 0 1 28 200 0 0
 556 129782.000 85067.000 0 0 0.000 0.000 0.000 200000.000 0 1 0 200 0 0
 557 127608.000 118716.000 0 0 0.000 0.000 0.000 200000.000 0 1 0 200 0 0
 558 127627.000 118789.000 0 0 0.000 0.000 0.000 200000.000 0 1 0 200 0 0
 559 128368.000 84144.000 0 0 0.000 0.000 0.000 200000.000 0 1 0 200 0 0
 560 67183.000 102564.000 0 0 0.000 0.000 0.000 200000.000 0 1 0 200 0 0
 561 95093.000 132808.000 0 0 0.000 0.000 0.000 200000.000 0 1 0 200 0 0
 562 68903.000 89031.000 0 0 0.000 0.000 0.000 200000.000 0 1 0 200 0 0
 563 95142.000 132816.000 0 0 0.000 0.000 0.000 200000.000 0 1 0 200 0 0
 564 92136.000 67719.000 0 0 0.000 0.000 0.000 200000.000 0 1 0 200 0 0
 565 76812.000 123340.000 0 0 0.000 0.000 0.000 200000.000 0 1 0 200 0 0
 566 125656.000 121457.000 0 0 54.000 52.000 2808.000 52.990 0 1 28 200 0 0
 567 67365.000 105406.000 0 0 0.000 0.000 0.000 200000.000 0 1 0 200 0 0
 568 67274.000 95112.000 0 0 0.000 0.000 0.000 200000.000 0 1 0 200 0 0
 569 103386.000 66744.000 0 0 0.000 0.000 0.000 0.210 0 1 0 0 0 0
 570 113160.000 69289.000 0 0 0.000 0.000 0.000 200000.000 0 1 0 200 0 0
 571 132619.000 108200.000 0 0 0.000 0.000 0.000 200000.000 0 1 0 200 0 0
 572 108928.000 132042.000 0 0 0.000 0.000 0.000 200000.000 0 1 0 200 0 0
 573 107519.000 132391.000 0 0 0.000 0.000 0.000 200000.000 0 1 0 200 0 0
 574 107471.000 132401.000 0 0 0.000 0.000 0.000 200000.000 0 1 0 200 0 0
 575 94810.000 132934.000 0 0 0.000 0.000 0.000 200000.000 0 1 0 200 0 0
 576 94886.000 132775.000 0 0 0.000 0.000 0.000 200000.000 0 1 0 200 0 0
 577 77740.000 124478.000 0 0 0.000 0.000 0.000 200000.000 0 1 0 200 0 0
 578 69662.000 113163.000 0 0 0.000 0.000 0.000 200000.000 0 1 0 200 0 0
 579 132630.000 108152.000 0 0 0.000 0.000 0.000 200000.000 0 1 0 200 0 0
 580 68046.000 109163.000 0 0 0.000 0.000 0.000 200000.000 0 1 0 200 0 0
 581 125189.000 77714.000 0 0 0.000 0.000 0.000 200000.000 0 1 0 200 0 0
 582 104827.000 133226.000 0 0 0.000 0.000 0.000 200000.000 0 1 0 200 0 0
 583 122149.000 125613.000 0 0 0.000 0.000 0.000 200000.000 0 1 0 200 0 0
 584 122117.000 125651.000 0 0 0.000 0.000 0.000 200000.000 0 1 0 200 0 0
 585 82259.000 128353.000 0 0 0.000 0.000 0.000 200000.000 0 1 0 200 0 0
 586 66451.000 101827.000 0 0 0.000 0.000 0.000 200000.000 0 1 0 200 0 0
 587 66429.000 101415.000 0 0 0.000 0.000 0.000 200000.000 0 1 0 200 0 0
 588 83631.000 70393.000 0 0 0.000 0.000 0.000 200000.000 0 1 0 200 0 0
 589 92044.000 67041.000 0 0 0.000 0.000 0.000 200000.000 0 1 0 200 0 0
 590 124525.000 76254.000 0 0 0.000 0.000 0.000 200000.000 0 1 0 200 0 0
 591 97394.000 66151.000 0 0 0.000 0.000 0.000 200000.000 0 1 0 200 0 0
 592 124384.000 76325.000 0 0 0.000 0.000 0.000 200000.000 0 1 0 200 0 0
 593 125898.000 121911.000 0 0 54.000 52.000 2808.000 52.990 0 1 28 200 0 0
 594 66468.000 102078.000 0 0 0.000 0.000 0.000 0.284 0 1 0 0 0 0
 595 68684.000 87189.000 0 0 0.000 0.000 0.000 200000.000 0 1 0 200 0 0
 596 115864.000 69641.000 0 0 0.000 0.000 0.000 200000.000 0 1 0 200 0 0
 597 109825.000 132672.000 0 0 0.000 0.000 0.000 200000.000 0 1 0 200 0 0
 598 117573.000 129308.000 0 0 0.000 0.000 0.000 200000.000 0 1 0 200 0 0
 599 117613.000 129482.000 0 0 0.000 0.000 0.000 200000.000 0 1 0 200 0 0
 600 109828.000 132509.000 0 0 0.000 0.000 0.000 200000.000 0 1 0 200 0 0
 601 108031.000 66756.000 0 0 0.000 0.000 0.000 200000.000 0 1 0 200 0 0
 602 119667.000 128172.000 0 0 0.000 0.000 0.000 200000.000 0 1 0 200 0 0
 603 131026.000 84897.000 0 0 0.000 0.000 0.000 200000.000 0 1 0 200 0 0
 604 131048.000 84941.000 0 0 0.000 0.000 0.000 200000.000 0 1 0 200 0 0
 605 133540.000 107668.000 0 0 0.000 0.000 0.000 0.495 0 1 0 0 0 0
 606 119616.000 128010.000 0 0 0.000 0.000 0.000 200000.000 0 1 0 200 0 0
 607 72003.000 80318.000 0 0 0.000 0.000 0.000 200000.000 0 1 0 200 0 0
 608 109254.000 132871.000 0 0 0.000 0.000 0.000 200000.000 0 1 0 200 0 0
 609 122140.000 73370.000 0 0 0.000 0.000 0.000 200000.000 0 1 0 200 0 0
 610 67250.000 109075.000 0 0 0.000 0.000 0.000 0.227 0 1 0 0 0 0
 611 134626.000 100817.000 0 0 0.000 0.000 0.000 200000.000 0 1 0 200 0 0
 612 91473.000 133179.000 0 0 0.000 0.000 0.000 0.200 0 1 0 0 0 0
 613 68382.000 86580.000 0 0 0.000 0.000 0.000 200000.000 0 1 0 200 0 0
 614 87543.000 132166.000 0 0 0.000 0.000 0.000 200000.000 0 1 0 200 0 0
 615 87650.000 132029.000 0 0 0.000 0.000 0.000 200000.000 0 1 0 200 0 0
 616 80276.000 128256.000 0 0 0.000 0.000 0.000 200000.000 0 1 0 200 0 0
 617 80397.000 128174.000 0 0 0.000 0.000 0.000 200000.000 0 1 0 200 0 0
 618 66201.000 105972.000 0 0 0.000 0.000 0.000 200000.000 0 1 0 200 0 0
 619 95707.000 65650.000 0 0 0.000 0.000 0.000 200000.000 0 1 0 200 0 0
 620 134405.000 92602.000 0 0 0.000 0.000 0.000 200000.000 0 1 0 200 0 0
 621 75425.000 124091.000 0 0 0.000 0.000 0.000 0.306 0 1 0 0 0 0
 622 65694.000 103913.000 0 0 0.000 0.000 0.000 0.202 0 1 0 0 0 0
 623 134286.000 92575.000 0 0 0.000 0.000 0.000 200000.000 0 1 0 200 0 0
 624 133179.000 111610.000 0 0 0.000 0.000 0.000 200000.000 0 1 0 200 0 0
 625 134319.000 91476.000 0 0 0.000 0.000 0.000 200000.000 0 1 0 200 0 0
 626 81549.000 70251.000 0 0 0.000 0.000 0.000 200000.000 0 1 0 200 0 0
 627 113401.000 67391.000 0 0 0.000 0.000 0.000 200000.000 0 1 0 200 0 0
 628 134175.000 91460.000 0 0 0.000 0.000 0.000 200000.000 0 1 0 200 0 0
 629 135375.000 96695.000 0 0 0.000 0.000 0.000 200000.000 0 1 0 200 0 0
 630 69422.000 116547.000 0 0 0.000 0.000 0.000 200000.000 0 1 0 200 0 0
 631 96874.000 134865.000 0 0 0.000 0.000 0.000 200000.000 0 1 0 200 0 0
 632 65503.000 104590.000 0 0 0.000 0.000 0.000 0.210 0 1 0 0 0 0
 633 67595.000 87320.000 0 0 0.000 0.000 0.000 0.314 0 1 0 0 0 0
 634 67514.000 86922.000 0 0 0.000 0.000 0.000 200000.000 0 1 0 200 0 0
 635 84910.000 68387.000 0 0 0.000 0.000 0.000 200000.000 0 1 0 200 0 0
 636 134253.000 90987.000 0 0 0.000 0.000 0.000 0.292 0 1 0 0 0 0
 637 135201.000 96660.000 0 0 0.000 0.000 0.000 200000.000 0 1 0 200 0 0
 638 135114.000 104638.000 0 0 0.000 0.000 0.000 0.498 0 1 0 0 0 0
 639 135202.000 104702.000 0 0 0.000 0.000 0.000 200000.000 0 1 0 200 0 0
 640 65372.000 93925.000 0 0 0.000 0.000 0.000 200000.000 0 1 0 200 0 0
 641 78649.000 72076.000 0 0 0.000 0.000 0.000 200000.000 0 1 0 200 0 0
 642 127020.000 76810.000 0 0 0.000 0.000 0.000 200000.000 0 1 0 200 0 0
 643 135144.000 106168.000 0 0 0.000 0.000 0.000 200000.000 0 1 0 200 0 0
 644 127104.000 76804.000 0 0 0.000 0.000 0.000 200000.000 0 1 0 200 0 0
 645 130401.000 81505.000 0 0 0.000 0.000 0.000 0.275 0 1 0 0 0 0
 646 134985.000 106090.000 0 0 0.000 0.000 0.000 200000.000 0 1 0 200 0 0
 647 116668.000 131261.000 0 0 0.000 0.000 0.000 0.213 0 1 0 0 0 0
 648 64806.000 102035.000 0 0 0.000 0.000 0.000 0.251 0 1 0 0 0 0
 649 124737.000 125633.000 0 0 0.000 0.000 0.000 0.295 0 1 0 0 0 0
 650 91342.000 134269.000 0 0 0.000 0.000 0.000 0.212 0 1 0 0 0 0
 651 64718.000 101153.000 0 0 0.000 0.000 0.000 200000.000 0 1 0 200 0 0
 652 103795.000 64399.000 0 0 0.000 0.000 0.000 0.246 0 1 0 0 0 0
 653 104733.000 64644.000 0 0 0.000 0.000 0.000 0.496 0 1 0 0 0 0
 654 132915.000 85324.000 0 0 0.000 0.000 0.000 200000.000 0 1 0 200 0 0
 655 107465.000 65065.000 0 0 0.000 0.000 0.000 200000.000 0 1 0 200 0 0
 656 128310.000 122155.000 0 0 0.000 0.000 0.000 200000.000 0 1 0 200 0 0
 657 132746.000 85341.000 0 0 0.000 0.000 0.000 200000.000 0 1 0 200 0 0
 658 133126.000 113594.000 0 0 0.000 0.000 0.000 0.256 0 1 0 0 0 0
 659 128218.000 122020.000 0 0 0.000 0.000 0.000 200000.000 0 1 0 200 0 0
 660 121775.000 128406.000 0 0 0.000 0.000 0.000 0.385 0 1 0 0 0 0
 661 75220.000 125605.000 0 0 0.000 0.000 0.000 200000.000 0 1 0 200 0 0
 662 94208.000 64705.000 0 0 0.000 0.000 0.000 0.335 0 1 0 0 0 0
 663 106459.000 64527.000 0 0 0.000 0.000 0.000 200000.000 0 1 0 200 0 0
 664 109596.000 65397.000 0 0 0.000 0.000 0.000 200000.000 0 1 0 200 0 0
 665 134830.000 90090.000 0 0 0.000 0.000 0.000 200000.000 0 1 0 200 0 0
 666 129114.000 78787.000 0 0 0.000 0.000 0.000 200000.000 0 1 0 200 0 0
 667 134678.000 90082.000 0 0 0.000 0.000 0.000 200000.000 0 1 0 200 0 0
 668 135627.000 93521.000 0 0 0.000 0.000 0.000 200000.000 0 1 0 200 0 0
 669 135584.000 93478.000 0 0 0.000 0.000 0.000 200000.000 0 1 0 200 0 0
 670 100301.000 135923.000 0 0 0.000 0.000 0.000 200000.000 0 1 0 200 0 0
 671 75270.000 125628.000 0 0 0.000 0.000 0.000 200000.000 0 1 0 200 0 0
 672 64730.000 104446.000 0 0 0.000 0.000 0.000 0.368 0 1 0 0 0 0
 673 78847.000 70861.000 0 0 0.000 0.000 0.000 200000.000 0 1 0 200 0 0
 674 103519.000 136112.000 0 0 0.000 0.000 0.000 200000.000 0 1 0 200 0 0
 675 97466.000 135818.000 0 0 0.000 0.000 0.000 200000.000 0 1 0 200 0 0
 676 136196.000 104640.000 0 0 0.000 0.000 0.000 200000.000 0 1 0 200 0 0
 677 136232.000 104696.000 0 0 0.000 0.000 0.000 200000.000 0 1 0 200 0 0
 678 92644.000 135466.000 0 0 34.000 54.000 1836.000 42.848 0 1 39 200 0 0
 679 103554.000 135939.000 0 0 0.000 0.000 0.000 200000.000 0 1 0 200 0 0
 680 92724.000 135324.000 0 0 34.000 54.000 1836.000 42.848 0 1 39 200 0 0
 681 67061.000 114842.000 0 0 0.000 0.000 0.000 200000.000 0 1 0 200 0 0
 682 63898.000 101831.000 0 0 0.000 0.000 0.000 200000.000 0 1 0 200 0 0
 683 73436.000 75517.000 0 0 0.000 0.000 0.000 200000.000 0 1 0 200 0 0
 684 77361.000 71755.000 0 0 0.000 0.000 0.000 0.483 0 1 0 0 0 0
 685 124244.000 72480.000 0 0 0.000 0.000 0.000 200000.000 0 1 0 200 0 0
 686 97694.000 63656.000 0 0 0.000 0.000 0.000 0.315 0 1 0 0 0 0
 687 97883.000 63641.000 0 0 0.000 0.000 0.000 0.306 0 1 0 0 0 0
 688 122845.000 128355.000 0 0 0.000 0.000 0.000 200000.000 0 1 0 200 0 0
 689 124115.000 72551.000 0 0 0.000 0.000 0.000 200000.000 0 1 0 200 0 0
 690 131086.000 80784.000 0 0 0.000 0.000 0.000 0.231 0 1 0 0 0 0
 691 134816.000 88324.000 0 0 0.000 0.000 0.000 200000.000 0 1 0 200 0 0
 692 134831.000 88371.000 0 0 0.000 0.000 0.000 200000.000 0 1 0 200 0 0
 693 92985.000 135560.000 0 0 32.000 54.000 1728.000 41.569 0 1 39 200 0 0
 694 70109.000 120299.000 0 0 0.000 0.000 0.000 200000.000 0 1 0 200 0 0
 695 64258.000 94419.000 0 0 0.000 0.000 0.000 200000.000 0 1 0 200 0 0
 696 70182.000 79066.000 0 0 0.000 0.000 0.000 200000.000 0 1 0 200 0 0
 697 99491.000 63487.000 0 0 0.000 0.000 0.000 200000.000 0 1 0 200 0 0
 698 108667.000 64460.000 0 0 0.000 0.000 0.000 200000.000 0 1 0 200 0 0
 699 93449.000 135742.000 0 0 32.000 54.000 1728.000 41.569 0 1 39 200 0 0
 700 114050.000 133892.000 0 0 0.000 0.000 0.000 200000.000 0 1 0 200 0 0
 701 95857.000 136343.000 0 0 28.000 52.000 1456.000 38.157 0 1 40 200 0 0
 702 95809.000 136337.000 0 0 28.000 52.000 1456.000 38.157 0 1 40 200 0 0
 703 93286.000 135825.000 0 0 32.000 54.000 1728.000 41.569 0 1 39 200 0 0
 704 122920.000 128679.000 0 0 0.000 0.000 0.000 0.483 0 1 0 0 0 0
 705 109186.000 135664.000 0 0 0.000 0.000 0.000 200000.000 0 1 0 200 0 0
 706 109206.000 135532.000 0 0 0.000 0.000 0.000 200000.000 0 1 0 200 0 0
 707 100713.000 136645.000 0 0 0.000 0.000 0.000 0.202 0 1 0 0 0 0
 708 96598.000 136424.000 0 0 28.000 52.000 1456.000 38.157 0 1 40 200 0 0
 709 96724.000 136583.000 0 0 28.000 52.000 1456.000 38.157 0 1 40 200 0 0
 710 96674.000 136602.000 0 0 28.000 52.000 1456.000 38.157 0 1 40 200 0 0
 711 92995.000 136010.000 0 0 32.000 54.000 1728.000 41.569 0 1 39 200 0 0
 712 93075.000 135932.000 0 0 32.000 54.000 1728.000 41.569 0 1 39 200 0 0
 713 85507.000 133714.000 0 0 0.000 0.000 0.000 200000.000 0 1 0 200 0 0
 714 85564.000 133703.000 0 0 0.000 0.000 0.000 200000.000 0 1 0 200 0 0
 715 65382.000 111475.000 0 0 0.000 0.000 0.000 200000.000 0 1 0 200 0 0
 716 64068.000 106610.000 0 0 0.000 0.000 0.000 200000.000 0 1 0 200 0 0
 717 64172.000 92071.000 0 0 0.000 0.000 0.000 200000.000 0 1 0 200 0 0
 718 70005.000 79023.000 0 0 0.000 0.000 0.000 200000.000 0 1 0 200 0 0
 719 122563.000 129435.000 0 0 0.000 0.000 0.000 200000.000 0 1 0 200 0 0
 720 126699.000 74100.000 0 0 0.000 0.000 0.000 200000.000 0 1 0 200 0 0
 721 135366.000 88456.000 0 0 0.000 0.000 0.000 0.224 0 1 0 0 0 0
 722 122542.000 129322.000 0 0 0.000 0.000 0.000 200000.000 0 1 0 200 0 0
 723 69351.000 120080.000 0 0 0.000 0.000 0.000 200000.000 0 1 0 200 0 0
 724 63481.000 96608.000 0 0 0.000 0.000 0.000 200000.000 0 1 0 200 0 0
 725 96286.000 63184.000 0 0 0.000 0.000 0.000 200000.000 0 1 0 200 0 0
 726 80400.000 68794.000 0 0 0.000 0.000 0.000 200000.000 0 1 0 200 0 0
 727 135888.000 89469.000 0 0 0.000 0.000 0.000 200000.000 0 1 0 200 0 0
 728 122654.000 70389.000 0 0 0.000 0.000 0.000 0.214 0 1 0 0 0 0
 729 135859.000 89428.000 0 0 0.000 0.000 0.000 200000.000 0 1 0 200 0 0
 730 130728.000 121179.000 0 0 0.000 0.000 0.000 200000.000 0 1 0 200 0 0
 731 92878.000 136102.000 0 0 32.000 54.000 1728.000 41.569 0 1 39 200 0 0
 732 76824.000 128845.000 0 0 0.000 0.000 0.000 200000.000 0 1 0 200 0 0
 733 137031.000 93651.000 0 0 0.000 0.000 0.000 200000.000 0 1 0 200 0 0
 734 113611.000 65100.000 0 0 0.000 0.000 0.000 200000.000 0 1 0 200 0 0
 735 136888.000 93625.000 0 0 0.000 0.000 0.000 200000.000 0 1 0 200 0 0
 736 136389.000 108508.000 0 0 0.000 0.000 0.000 0.214 0 1 0 0 0 0
 737 135496.000 111624.000 0 0 0.000 0.000 0.000 0.257 0 1 0 0 0 0
 738 92764.000 136202.000 0 0 32.000 54.000 1728.000 41.569 0 1 39 200 0 0
 739 92619.000 136349.000 0 0 32.000 54.000 1728.000 41.569 0 1 39 200 0 0
 740 92536.000 136430.000 0 0 34.000 54.000 1836.000 42.848 0 1 39 200 0 0
 741 72181.000 124504.000 0 0 0.000 0.000 0.000 0.265 0 1 0 0 0 0
 742 63654.000 107156.000 0 0 0.000 0.000 0.000 200000.000 0 1 0 200 0 0
 743 76063.000 71553.000 0 0 0.000 0.000 0.000 200000.000 0 1 0 200 0 0
 744 63533.000 107128.000 0 0 0.000 0.000 0.000 200000.000 0 1 0 200 0 0
 745 109574.000 63634.000 0 0 0.000 0.000 0.000 200000.000 0 1 0 200 0 0
 746 137594.000 98746.000 0 0 0.000 0.000 0.000 200000.000 0 1 0 200 0 0
 747 119487.000 132125.000 0 0 0.000 0.000 0.000 200000.000 0 1 0 200 0 0
 748 119524.000 132093.000 0 0 0.000 0.000 0.000 200000.000 0 1 0 200 0 0
 749 100164.000 137283.000 0 0 0.000 0.000 0.000 200000.000 0 1 0 200 0 0
 750 100552.000 62501.000 0 0 0.000 0.000 0.000 0.264 0 1 0 0 0 0
 751 92444.000 136492.000 0 0 34.000 54.000 1836.000 42.848 0 1 39 200 0 0
 752 130071.000 122916.000 0 0 0.000 0.000 0.000 200000.000 0 1 0 200 0 0
 753 130051.000 122964.000 0 0 0.000 0.000 0.000 200000.000 0 1 0 200 0 0
 754 82052.000 132964.000 0 0 0.000 0.000 0.000 200000.000 0 1 0 200 0 0
 755 78415.000 130688.000 0 0 0.000 0.000 0.000 200000.000 0 1 0 200 0 0
 756 62689.000 103632.000 0 0 0.000 0.000 0.000 0.222 0 1 0 0 0 0
 757 105578.000 62494.000 0 0 0.000 0.000 0.000 200000.000 0 1 0 200 0 0
 758 132998.000 81352.000 0 0 0.000 0.000 0.000 200000.000 0 1 0 200 0 0
 759 113162.000 64568.000 0 0 0.000 0.000 0.000 200000.000 0 1 0 200 0 0
 760 121420.000 131297.000 0 0 0.000 0.000 0.000 200000.000 0 1 0 200 0 0
 761 126158.000 72534.000 0 0 0.000 0.000 0.000 0.427 0 1 0 0 0 0
 762 132973.000 81308.000 0 0 0.000 0.000 0.000 200000.000 0 1 0 200 0 0
 763 134569.000 84065.000 0 0 0.000 0.000 0.000 0.227 0 1 0 0 0 0
 764 121382.000 131154.000 0 0 0.000 0.000 0.000 200000.000 0 1 0 200 0 0
 765 87619.000 64164.000 0 0 0.000 0.000 0.000 200000.000 0 1 0 200 0 0
 766 101715.000 137933.000 0 0 0.000 0.000 0.000 200000.000 0 1 0 200 0 0
 767 68392.000 120475.000 0 0 0.000 0.000 0.000 200000.000 0 1 0 200 0 0
 768 65879.000 115964.000 0 0 0.000 0.000 0.000 0.243 0 1 0 0 0 0
 769 66003.000 83182.000 0 0 0.000 0.000 0.000 200000.000 0 1 0 200 0 0
 770 66076.000 83276.000 0 0 0.000 0.000 0.000 200000.000 0 1 0 200 0 0
 771 124964.000 70941.000 0 0 0.000 0.000 0.000 200000.000 0 1 0 200 0 0
 772 125043.000 70923.000 0 0 0.000 0.000 0.000 200000.000 0 1 0 200 0 0
 773 127124.000 127047.000 0 0 0.000 0.000 0.000 200000.000 0 1 0 200 0 0
 774 62418.000 104443.000 0 0 0.000 0.000 0.000 200000.000 0 1 0 200 0 0
 775 77380.000 130566.000 0 0 0.000 0.000 0.000 200000.000 0 1 0 200 0 0
 776 77653.000 69007.000 0 0 0.000 0.000 0.000 200000.000 0 1 0 200 0 0
 777 100001.000 61610.000 0 0 0.000 0.000 0.000 200000.000 0 1 0 200 0 0
 778 138540.000 98085.000 0 0 0.000 0.000 0.000 200000.000 0 1 0 200 0 0
 779 138554.000 99984.000 0 0 0.000 0.000 0.000 200000.000 0 1 0 200 0 0
 780 115646.000 135063.000 0 0 0.000 0.000 0.000 200000.000 0 1 0 200 0 0
 781 120944.000 132019.000 0 0 0.000 0.000 0.000 200000.000 0 1 0 200 0 0
 782 115622.000 134888.000 0 0 0.000 0.000 0.000 200000.000 0 1 0 200 0 0
 783 64241.000 112858.000 0 0 0.000 0.000 0.000 200000.000 0 1 0 200 0 0
 784 62755.000 92162.000 0 0 0.000 0.000 0.000 0.263 0 1 0 0 0 0
 785 136764.000 111807.000 0 0 0.000 0.000 0.000 0.205 0 1 0 0 0 0
 786 130785.000 123104.000 0 0 0.000 0.000 0.000 0.257 0 1 0 0 0 0
 787 117715.000 134037.000 0 0 0.000 0.000 0.000 0.203 0 1 0 0 0 0
 788 107595.000 137759.000 0 0 0.000 0.000 0.000 200000.000 0 1 0 200 0 0
 789 78294.000 131615.000 0 0 0.000 0.000 0.000 200000.000 0 1 0 200 0 0
 790 61832.000 98456.000 0 0 0.000 0.000 0.000 200000.000 0 1 0 200 0 0
 791 78239.000 131603.000 0 0 0.000 0.000 0.000 200000.000 0 1 0 200 0 0
 792 69491.000 123122.000 0 0 0.000 0.000 0.000 0.262 0 1 0 0 0 0
 793 65788.000 82468.000 0 0 0.000 0.000 0.000 200000.000 0 1 0 200 0 0
 794 68996.000 76923.000 0 0 0.000 0.000 0.000 200000.000 0 1 0 200 0 0
 795 120264.000 133133.000 0 0 0.000 0.000 0.000 0.217 0 1 0 0 0 0
 796 118042.000 134676.000 0 0 0.000 0.000 0.000 200000.000 0 1 0 200 0 0
 797 104050.000 138623.000 0 0 0.000 0.000 0.000 200000.000 0 1 0 200 0 0
 798 118010.000 134503.000 0 0 0.000 0.000 0.000 200000.000 0 1 0 200 0 0
 799 79524.000 132881.000 0 0 0.000 0.000 0.000 0.276 0 1 0 0 0 0
 800 76071.000 130635.000 0 0 0.000 0.000 0.000 200000.000 0 1 0 200 0 0
 801 76195.000 130559.000 0 0 0.000 0.000 0.000 200000.000 0 1 0 200 0 0
 802 133177.000 120873.000 0 0 0.000 0.000 0.000 200000.000 0 1 0 200 0 0
 803 109888.000 137941.000 0 0 0.000 0.000 0.000 200000.000 0 1 0 200 0 0
 804 105470.000 138971.000 0 0 0.000 0.000 0.000 200000.000 0 1 0 200 0 0
 805 61171.000 101797.000 0 0 0.000 0.000 0.000 200000.000 0 1 0 200 0 0
 806 139079.000 105218.000 0 0 0.000 0.000 0.000 200000.000 0 1 0 200 0 0
 807 134169.000 119828.000 0 0 0.000 0.000 0.000 200000.000 0 1 0 200 0 0
 808 134175.000 119891.000 0 0 0.000 0.000 0.000 200000.000 0 1 0 200 0 0
 809 130208.000 125183.000 0 0 0.000 0.000 0.000 0.121 0 1 0 0 0 0
 810 60787.000 100322.000 0 0 0.000 0.000 0.000 200000.000 0 1 0 200 0 0
 811 135363.000 81423.000 0 0 0.000 0.000 0.000 200000.000 0 1 0 200 0 0
 812 137848.000 87748.000 0 0 0.000 0.000 0.000 200000.000 0 1 0 200 0 0
 813 128978.000 72793.000 0 0 0.000 0.000 0.000 200000.000 0 1 0 200 0 0
 814 104113.000 138358.000 0 0 0.000 0.000 0.000 200000.000 0 1 0 200 0 0
 815 117197.000 135850.000 0 0 0.000 0.000 0.000 200000.000 0 1 0 200 0 0
 816 128951.000 72748.000 0 0 0.000 0.000 0.000 200000.000 0 1 0 200 0 0
 817 134178.000 79499.000 0 0 0.000 0.000 0.000 0.498 0 1 0 0 0 0
 818 135187.000 81456.000 0 0 0.000 0.000 0.000 200000.000 0 1 0 200 0 0
 819 139624.000 96255.000 0 0 0.000 0.000 0.000 0.397 0 1 0 0 0 0
 820 117169.000 135675.000 0 0 0.000 0.000 0.000 200000.000 0 1 0 200 0 0
 821 100916.000 139657.000 0 0 0.000 0.000 0.000 200000.000 0 1 0 200 0 0
 822 63968.000 116252.000 0 0 0.000 0.000 0.000 200000.000 0 1 0 200 0 0
 823 60912.000 95050.000 0 0 0.000 0.000 0.000 200000.000 0 1 0 200 0 0
 824 63691.000 84146.000 0 0 0.000 0.000 0.000 200000.000 0 1 0 200 0 0
 825 117036.000 63845.000 0 0 0.000 0.000 0.000 200000.000 0 1 0 200 0 0
 826 117105.000 63813.000 0 0 0.000 0.000 0.000 200000.000 0 1 0 200 0 0
 827 134278.000 79499.000 0 0 0.000 0.000 0.000 200000.000 0 1 0 200 0 0
 828 139932.000 96124.000 0 0 0.000 0.000 0.000 200000.000 0 1 0 200 0 0
 829 139772.000 96087.000 0 0 0.000 0.000 0.000 200000.000 0 1 0 200 0 0
 830 139820.000 103189.000 0 0 0.000 0.000 0.000 200000.000 0 1 0 200 0 0
 831 128268.000 128191.000 0 0 0.000 0.000 0.000 0.137 0 1 0 0 0 0
 832 123229.000 132319.000 0 0 0.000 0.000 0.000 200000.000 0 1 0 200 0 0
 833 100680.000 138716.000 0 0 0.000 0.000 0.000 200000.000 0 1 0 200 0 0
 834 108701.000 137975.000 0 0 0.000 0.000 0.000 200000.000 0 1 0 200 0 0
 835 64022.000 116284.000 0 0 0.000 0.000 0.000 200000.000 0 1 0 200 0 0
 836 63791.000 83621.000 0 0 0.000 0.000 0.000 0.218 0 1 0 0 0 0
 837 99151.000 59924.000 0 0 0.000 0.000 0.000 200000.000 0 1 0 200 0 0
 838 122762.000 66833.000 0 0 0.000 0.000 0.000 200000.000 0 1 0 200 0 0
 839 129960.000 126784.000 0 0 0.000 0.000 0.000 200000.000 0 1 0 200 0 0
 840 109192.000 138900.000 0 0 0.000 0.000 0.000 0.487 0 1 0 0 0 0
 841 76418.000 67584.000 0 0 0.000 0.000 0.000 200000.000 0 1 0 200 0 0
 842 128093.000 70935.000 0 0 0.000 0.000 0.000 200000.000 0 1 0 200 0 0
 843 62915.000 85136.000 0 0 0.000 0.000 0.000 200000.000 0 1 0 200 0 0
 844 123453.000 66898.000 0 0 0.000 0.000 0.000 200000.000 0 1 0 200 0 0
 845 123346.000 66960.000 0 0 0.000 0.000 0.000 200000.000 0 1 0 200 0 0
 846 105705.000 138986.000 0 0 0.000 0.000 0.000 200000.000 0 1 0 200 0 0
 847 140621.000 99338.000 0 0 0.000 0.000 0.000 200000.000 0 1 0 200 0 0
 848 140458.000 99290.000 0 0 0.000 0.000 0.000 200000.000 0 1 0 200 0 0
 849 67828.000 123822.000 0 0 0.000 0.000 0.000 200000.000 0 1 0 200 0 0
 850 60663.000 108366.000 0 0 0.000 0.000 0.000 200000.000 0 1 0 200 0 0
 851 66442.000 77671.000 0 0 0.000 0.000 0.000 200000.000 0 1 0 200 0 0
 852 131066.000 126065.000 0 0 0.000 0.000 0.000 200000.000 0 1 0 200 0 0
 853 115089.000 137482.000 0 0 0.000 0.000 0.000 0.209 0 1 0 0 0 0
 854 113250.000 61537.000 0 0 0.000 0.000 0.000 200000.000 0 1 0 200 0 0
 855 120599.000 64478.000 0 0 0.000 0.000 0.000 200000.000 0 1 0 200 0 0
 856 120492.000 64566.000 0 0 0.000 0.000 0.000 200000.000 0 1 0 200 0 0
 857 125249.000 67587.000 0 0 0.000 0.000 0.000 200000.000 0 1 0 200 0 0
 858 125138.000 67647.000 0 0 0.000 0.000 0.000 200000.000 0 1 0 200 0 0
 859 60245.000 108574.000 0 0 0.000 0.000 0.000 200000.000 0 1 0 200 0 0
 860 60178.000 108536.000 0 0 0.000 0.000 0.000 200000.000 0 1 0 200 0 0
 861 59454.000 98377.000 0 0 0.000 0.000 0.000 200000.000 0 1 0 200 0 0
 862 59699.000 94733.000 0 0 0.000 0.000 0.000 200000.000 0 1 0 200 0 0
 863 134459.000 77549.000 0 0 0.000 0.000 0.000 0.491 0 1 0 0 0 0
 864 112224.000 139228.000 0 0 0.000 0.000 0.000 200000.000 0 1 0 200 0 0
 865 141429.000 98006.000 0 0 50.000 26.000 1300.000 36.055 0 1 12 200 0 0
 866 138866.000 110875.000 0 0 0.000 0.000 0.000 200000.000 0 1 0 200 0 0
 867 112221.000 139051.000 0 0 0.000 0.000 0.000 200000.000 0 1 0 200 0 0
 868 69605.000 127364.000 0 0 0.000 0.000 0.000 200000.000 0 1 0 200 0 0
 869 59729.000 107135.000 0 0 0.000 0.000 0.000 200000.000 0 1 0 200 0 0
 870 129462.000 71092.000 0 0 0.000 0.000 0.000 200000.000 0 1 0 200 0 0
 871 129432.000 71049.000 0 0 0.000 0.000 0.000 200000.000 0 1 0 200 0 0
 872 134194.000 76655.000 0 0 0.000 0.000 0.000 200000.000 0 1 0 200 0 0
 873 130365.000 127868.000 0 0 0.000 0.000 0.000 0.121 0 1 0 0 0 0
 874 134274.000 76661.000 0 0 0.000 0.000 0.000 200000.000 0 1 0 200 0 0
 875 134009.000 121607.000 0 0 0.000 0.000 0.000 200000.000 0 1 0 200 0 0
 876 141257.000 97963.000 0 0 50.000 26.000 1300.000 36.055 0 1 12 200 0 0
 877 77798.000 134378.000 0 0 0.000 0.000 0.000 200000.000 0 1 0 200 0 0
 878 76211.000 133294.000 0 0 0.000 0.000 0.000 0.416 0 1 0 0 0 0
 879 141429.000 104159.000 0 0 0.000 0.000 0.000 200000.000 0 1 0 200 0 0
 880 120989.000 64299.000 0 0 0.000 0.000 0.000 0.336 0 1 0 0 0 0
 881 136154.000 81292.000 0 0 0.000 0.000 0.000 200000.000 0 1 0 200 0 0
 882 141588.000 98354.000 0 0 50.000 24.000 1200.000 34.641 0 1 12 200 0 0
 883 141266.000 104090.000 0 0 0.000 0.000 0.000 200000.000 0 1 0 200 0 0
 884 133460.000 124461.000 0 0 0.000 0.000 0.000 0.334 0 1 0 0 0 0
 885 92615.000 140495.000 0 0 0.000 0.000 0.000 0.299 0 1 0 0 0 0
 886 64096.000 79853.000 0 0 0.000 0.000 0.000 200000.000 0 1 0 200 0 0
 887 107808.000 139483.000 0 0 0.000 0.000 0.000 200000.000 0 1 0 200 0 0
 888 82865.000 62386.000 0 0 0.000 0.000 0.000 200000.000 0 1 0 200 0 0
 889 93528.000 59020.000 0 0 0.000 0.000 0.000 0.258 0 1 0 0 0 0
 890 107960.000 59271.000 0 0 0.000 0.000 0.000 200000.000 0 1 0 200 0 0
 891 141591.000 103276.000 0 0 0.000 0.000 0.000 0.344 0 1 0 0 0 0
 892 140701.000 91151.000 0 0 0.000 0.000 0.000 200000.000 0 1 0 200 0 0
 893 141108.000 107577.000 0 0 0.000 0.000 0.000 200000.000 0 1 0 200 0 0
 894 140951.000 107493.000 0 0 0.000 0.000 0.000 200000.000 0 1 0 200 0 0
 895 117669.000 137555.000 0 0 0.000 0.000 0.000 0.232 0 1 0 0 0 0
 896 115084.000 138786.000 0 0 0.000 0.000 0.000 200000.000 0 1 0 200 0 0
 897 115252.000 137852.000 0 0 0.000 0.000 0.000 200000.000 0 1 0 200 0 0
 898 134286.000 75877.000 0 0 0.000 0.000 0.000 200000.000 0 1 0 200 0 0
 899 134358.000 75888.000 0 0 0.000 0.000 0.000 200000.000 0 1 0 200 0 0
 900 141900.000 99103.000 0 0 50.000 24.000 1200.000 34.641 0 1 12 200 0 0
 901 98967.000 141484.000 0 0 0.000 0.000 0.000 0.206 0 1 0 0 0 0
 902 83541.000 138175.000 0 0 0.000 0.000 0.000 200000.000 0 1 0 200 0 0
 903 140597.000 111261.000 0 0 0.000 0.000 0.000 200000.000 0 1 0 200 0 0
 904 76093.000 134042.000 0 0 0.000 0.000 0.000 200000.000 0 1 0 200 0 0
 905 115861.000 138662.000 0 0 0.000 0.000 0.000 200000.000 0 1 0 200 0 0
 906 60255.000 87594.000 0 0 0.000 0.000 0.000 200000.000 0 1 0 200 0 0
 907 140507.000 111184.000 0 0 0.000 0.000 0.000 200000.000 0 1 0 200 0 0
 908 60679.000 113490.000 0 0 0.000 0.000 0.000 200000.000 0 1 0 200 0 0
 909 58278.000 101801.000 0 0 0.000 0.000 0.000 200000.000 0 1 0 200 0 0
 910 58425.000 98604.000 0 0 0.000 0.000 0.000 200000.000 0 1 0 200 0 0
 911 59888.000 88848.000 0 0 0.000 0.000 0.000 200000.000 0 1 0 200 0 0
 912 60102.000 87506.000 0 0 0.000 0.000 0.000 200000.000 0 1 0 200 0 0
 913 142293.000 98326.000 0 0 50.000 24.000 1200.000 34.641 0 1 12 200 0 0
 914 99569.000 57875.000 0 0 0.000 0.000 0.000 200000.000 0 1 0 200 0 0
 915 142121.000 98284.000 0 0 50.000 26.000 1300.000 36.055 0 1 12 200 0 0
 916 85430.000 138376.000 0 0 0.000 0.000 0.000 200000.000 0 1 0 200 0 0
 917 58441.000 104266.000 0 0 0.000 0.000 0.000 0.324 0 1 0 0 0 0
 918 58340.000 95084.000 0 0 0.000 0.000 0.000 200000.000 0 1 0 200 0 0
 919 64829.000 77292.000 0 0 0.000 0.000 0.000 200000.000 0 1 0 200 0 0
 920 98265.000 57798.000 0 0 0.000 0.000 0.000 200000.000 0 1 0 200 0 0
 921 83045.000 61557.000 0 0 0.000 0.000 0.000 200000.000 0 1 0 200 0 0
 922 93632.000 58465.000 0 0 0.000 0.000 0.000 200000.000 0 1 0 200 0 0
 923 108526.000 58515.000 0 0 0.000 0.000 0.000 200000.000 0 1 0 200 0 0
 924 140446.000 90504.000 0 0 0.000 0.000 0.000 200000.000 0 1 0 200 0 0
 925 77210.000 135220.000 0 0 0.000 0.000 0.000 0.265 0 1 0 0 0 0
 926 86073.000 139781.000 0 0 0.000 0.000 0.000 200000.000 0 1 0 200 0 0
 927 62586.000 119123.000 0 0 0.000 0.000 0.000 200000.000 0 1 0 200 0 0
 928 62508.000 119104.000 0 0 0.000 0.000 0.000 200000.000 0 1 0 200 0 0
 929 58193.000 96688.000 0 0 0.000 0.000 0.000 200000.000 0 1 0 200 0 0
 930 142456.000 99094.000 0 0 50.000 24.000 1200.000 34.641 0 1 12 200 0 0
 931 58646.000 91952.000 0 0 0.000 0.000 0.000 200000.000 0 1 0 200 0 0
 932 119264.000 62216.000 0 0 0.000 0.000 0.000 200000.000 0 1 0 200 0 0
 933 141176.000 106515.000 0 0 0.000 0.000 0.000 200000.000 0 1 0 200 0 0
 934 139105.000 114574.000 0 0 0.000 0.000 0.000 200000.000 0 1 0 200 0 0
 935 106528.000 141752.000 0 0 0.000 0.000 0.000 200000.000 0 1 0 200 0 0
 936 60928.000 115624.000 0 0 0.000 0.000 0.000 200000.000 0 1 0 200 0 0
 937 97267.000 142281.000 0 0 0.000 0.000 0.000 200000.000 0 1 0 200 0 0
 938 64145.000 77745.000 0 0 0.000 0.000 0.000 200000.000 0 1 0 200 0 0
 939 97218.000 142277.000 0 0 0.000 0.000 0.000 200000.000 0 1 0 200 0 0
 940 104122.000 57533.000 0 0 0.000 0.000 0.000 200000.000 0 1 0 200 0 0
 941 116746.000 60864.000 0 0 0.000 0.000 0.000 200000.000 0 1 0 200 0 0
 942 136504.000 77627.000 0 0 0.000 0.000 0.000 200000.000 0 1 0 200 0 0
 943 136543.000 77660.000 0 0 0.000 0.000 0.000 200000.000 0 1 0 200 0 0
 944 142574.000 102464.000 0 0 0.000 0.000 0.000 0.347 0 1 0 0 0 0
 945 142360.000 105026.000 0 0 0.000 0.000 0.000 0.213 0 1 0 0 0 0
 946 77171.000 63969.000 0 0 0.000 0.000 0.000 200000.000 0 1 0 200 0 0
 947 132999.000 125690.000 0 0 0.000 0.000 0.000 200000.000 0 1 0 200 0 0
 948 132724.000 72407.000 0 0 0.000 0.000 0.000 200000.000 0 1 0 200 0 0
 949 93236.000 141822.000 0 0 0.000 0.000 0.000 0.463 0 1 0 0 0 0
 950 77905.000 136038.000 0 0 0.000 0.000 0.000 0.289 0 1 0 0 0 0
 951 95527.000 57574.000 0 0 0.000 0.000 0.000 200000.000 0 1 0 200 0 0
 952 141448.000 88698.000 0 0 0.000 0.000 0.000 200000.000 0 1 0 200 0 0
 953 141510.000 88733.000 0 0 0.000 0.000 0.000 200000.000 0 1 0 200 0 0
 954 142818.000 101164.000 0 0 0.000 0.000 0.000 200000.000 0 1 0 200 0 0
 955 115867.000 139717.000 0 0 0.000 0.000 0.000 0.225 0 1 0 0 0 0
 956 103231.000 142446.000 0 0 0.000 0.000 0.000 200000.000 0 1 0 200 0 0
 957 102516.000 142662.000 0 0 0.000 0.000 0.000 200000.000 0 1 0 200 0 0
 958 108347.000 141122.000 0 0 0.000 0.000 0.000 200000.000 0 1 0 200 0 0
 959 60122.000 85311.000 0 0 0.000 0.000 0.000 200000.000 0 1 0 200 0 0
 960 98973.000 141884.000 0 0 0.000 0.000 0.000 200000.000 0 1 0 200 0 0
 961 131348.000 129311.000 0 0 0.000 0.000 0.000 0.120 0 1 0 0 0 0
 962 71989.000 67934.000 0 0 0.000 0.000 0.000 200000.000 0 1 0 200 0 0
 963 98536.000 57094.000 0 0 0.000 0.000 0.000 200000.000 0 1 0 200 0 0
 964 134221.000 125942.000 0 0 0.000 0.000 0.000 0.234 0 1 0 0 0 0
 965 69750.000 130239.000 0 0 0.000 0.000 0.000 200000.000 0 1 0 200 0 0
 966 69874.000 130186.000 0 0 0.000 0.000 0.000 200000.000 0 1 0 200 0 0
 967 57690.000 94785.000 0 0 0.000 0.000 0.000 200000.000 0 1 0 200 0 0
 968 57847.000 92542.000 0 0 0.000 0.000 0.000 200000.000 0 1 0 200 0 0
 969 91788.000 141111.000 0 0 0.000 0.000 0.000 200000.000 0 1 0 200 0 0
 970 58710.000 107262.000 0 0 0.000 0.000 0.000 200000.000 0 1 0 200 0 0
 971 106351.000 57282.000 0 0 0.000 0.000 0.000 200000.000 0 1 0 200 0 0
 972 89909.000 58287.000 0 0 0.000 0.000 0.000 200000.000 0 1 0 200 0 0
 973 106287.000 57369.000 0 0 0.000 0.000 0.000 200000.000 0 1 0 200 0 0
 974 127552.000 66815.000 0 0 0.000 0.000 0.000 200000.000 0 1 0 200 0 0
 975 107844.000 57694.000 0 0 0.000 0.000 0.000 200000.000 0 1 0 200 0 0
 976 143112.000 95468.000 0 0 0.000 0.000 0.000 200000.000 0 1 0 200 0 0
 977 143263.000 97585.000 0 0 0.000 0.000 0.000 200000.000 0 1 0 200 0 0
 978 133665.000 126891.000 0 0 0.000 0.000 0.000 200000.000 0 1 0 200 0 0
 979 143282.000 97634.000 0 0 0.000 0.000 0.000 200000.000 0 1 0 200 0 0
 980 141205.000 112688.000 0 0 0.000 0.000 0.000 0.386 0 1 0 0 0 0
 981 140866.000 111688.000 0 0 0.000 0.000 0.000 200000.000 0 1 0 200 0 0
 982 57961.000 91907.000 0 0 0.000 0.000 0.000 200000.000 0 1 0 200 0 0
 983 101886.000 142843.000 0 0 0.000 0.000 0.000 0.389 0 1 0 0 0 0
 984 69917.000 130574.000 0 0 0.000 0.000 0.000 0.220 0 1 0 0 0 0
 985 58268.000 89686.000 0 0 0.000 0.000 0.000 200000.000 0 1 0 200 0 0
 986 64938.000 75228.000 0 0 0.000 0.000 0.000 0.285 0 1 0 0 0 0
 987 114721.000 59167.000 0 0 0.000 0.000 0.000 200000.000 0 1 0 200 0 0
 988 140551.000 84369.000 0 0 0.000 0.000 0.000 200000.000 0 1 0 200 0 0
 989 140627.000 84396.000 0 0 0.000 0.000 0.000 200000.000 0 1 0 200 0 0
 990 139831.000 117329.000 0 0 0.000 0.000 0.000 0.223 0 1 0 0 0 0
 991 117007.000 139607.000 0 0 0.000 0.000 0.000 0.288 0 1 0 0 0 0
 992 57630.000 107789.000 0 0 0.000 0.000 0.000 200000.000 0 1 0 200 0 0
 993 62899.000 78175.000 0 0 0.000 0.000 0.000 200000.000 0 1 0 200 0 0
 994 57593.000 107743.000 0 0 0.000 0.000 0.000 200000.000 0 1 0 200 0 0
 995 124706.000 64233.000 0 0 0.000 0.000 0.000 0.232 0 1 0 0 0 0
 996 133868.000 72436.000 0 0 0.000 0.000 0.000 200000.000 0 1 0 200 0 0
 997 132820.000 128426.000 0 0 0.000 0.000 0.000 200000.000 0 1 0 200 0 0
 998 128804.000 132526.000 0 0 0.000 0.000 0.000 200000.000 0 1 0 200 0 0
 999 109008.000 142357.000 0 0 0.000 0.000 0.000 200000.000 0 1 0 200 0 0
 1000 76381.000 136091.000 0 0 0.000 0.000 0.000 200000.000 0 1 0 200 0 0
 1001 60948.000 118570.000 0 0 0.000 0.000 0.000 200000.000 0 1 0 200 0 0
 1002 60903.000 118536.000 0 0 0.000 0.000 0.000 200000.000 0 1 0 200 0 0
 1003 58471.000 111389.000 0 0 0.000 0.000 0.000 0.263 0 1 0 0 0 0
 1004 129546.000 67641.000 0 0 0.000 0.000 0.000 200000.000 0 1 0 200 0 0
 1005 56731.000 98388.000 0 0 0.000 0.000 0.000 200000.000 0 1 0 200 0 0
 1006 100283.000 142486.000 0 0 0.000 0.000 0.000 200000.000 0 1 0 200 0 0
 1007 101130.000 56542.000 0 0 0.000 0.000 0.000 0.382 0 1 0 0 0 0
 1008 115993.000 59303.000 0 0 0.000 0.000 0.000 200000.000 0 1 0 200 0 0
 1009 116049.000 59298.000 0 0 0.000 0.000 0.000 200000.000 0 1 0 200 0 0
 1010 127186.000 65761.000 0 0 0.000 0.000 0.000 0.296 0 1 0 0 0 0
 1011 129427.000 67697.000 0 0 0.000 0.000 0.000 200000.000 0 1 0 200 0 0
 1012 130648.000 130064.000 0 0 0.000 0.000 0.000 200000.000 0 1 0 200 0 0
 1013 138275.000 121288.000 0 0 0.000 0.000 0.000 200000.000 0 1 0 200 0 0
 1014 121666.000 61957.000 0 0 0.000 0.000 0.000 200000.000 0 1 0 200 0 0
 1015 123202.000 62809.000 0 0 0.000 0.000 0.000 200000.000 0 1 0 200 0 0
 1016 103041.000 143481.000 0 0 26.000 50.000 1300.000 36.055 0 1 57 200 0 0
 1017 102938.000 143658.000 0 0 26.000 50.000 1300.000 36.055 0 1 57 200 0 0
 1018 102978.000 143485.000 0 0 26.000 50.000 1300.000 36.055 0 1 57 200 0 0
 1019 93052.000 143155.000 0 0 0.000 0.000 0.000 200000.000 0 1 0 200 0 0
 1020 65227.000 126323.000 0 0 0.000 0.000 0.000 200000.000 0 1 0 200 0 0
 1021 64637.000 74537.000 0 0 0.000 0.000 0.000 200000.000 0 1 0 200 0 0
 1022 122131.000 62057.000 0 0 0.000 0.000 0.000 0.208 0 1 0 0 0 0
 1023 123599.000 137179.000 0 0 48.000 56.000 2688.000 51.845 0 1 41 200 0 0
 1024 143541.000 93448.000 0 0 0.000 0.000 0.000 200000.000 0 1 0 200 0 0
 1025 60241.000 84253.000 0 0 0.000 0.000 0.000 200000.000 0 1 0 200 0 0
 1026 136089.000 125378.000 0 0 0.000 0.000 0.000 200000.000 0 1 0 200 0 0
 1027 118517.000 139669.000 0 0 0.000 0.000 0.000 0.468 0 1 0 0 0 0
 1028 111156.000 142403.000 0 0 0.000 0.000 0.000 0.206 0 1 0 0 0 0
 1029 116038.000 140093.000 0 0 0.000 0.000 0.000 200000.000 0 1 0 200 0 0
 1030 59908.000 117157.000 0 0 0.000 0.000 0.000 200000.000 0 1 0 200 0 0
 1031 105084.000 143638.000 0 0 0.000 0.000 0.000 200000.000 0 1 0 200 0 0
 1032 93107.000 143127.000 0 0 0.000 0.000 0.000 200000.000 0 1 0 200 0 0
 1033 78758.000 138329.000 0 0 0.000 0.000 0.000 200000.000 0 1 0 200 0 0
 1034 133996.000 128362.000 0 0 0.000 0.000 0.000 200000.000 0 1 0 200 0 0
 1035 64537.000 125531.000 0 0 0.000 0.000 0.000 0.306 0 1 0 0 0 0
 1036 74217.000 64519.000 0 0 0.000 0.000 0.000 0.213 0 1 0 0 0 0
 1037 107657.000 56453.000 0 0 0.000 0.000 0.000 200000.000 0 1 0 200 0 0
 1038 139053.000 79312.000 0 0 0.000 0.000 0.000 200000.000 0 1 0 200 0 0
 1039 133902.000 128213.000 0 0 0.000 0.000 0.000 200000.000 0 1 0 200 0 0
 1040 122909.000 137803.000 0 0 46.000 56.000 2576.000 50.754 0 1 41 200 0 0
 1041 72479.000 134294.000 0 0 0.000 0.000 0.000 200000.000 0 1 0 200 0 0
 1042 72626.000 134195.000 0 0 0.000 0.000 0.000 200000.000 0 1 0 200 0 0
 1043 57049.000 91238.000 0 0 0.000 0.000 0.000 200000.000 0 1 0 200 0 0
 1044 85366.000 58422.000 0 0 0.000 0.000 0.000 200000.000 0 1 0 200 0 0
 1045 74935.000 63833.000 0 0 0.000 0.000 0.000 200000.000 0 1 0 200 0 0
 1046 107606.000 56453.000 0 0 0.000 0.000 0.000 200000.000 0 1 0 200 0 0
 1047 114514.000 58196.000 0 0 0.000 0.000 0.000 200000.000 0 1 0 200 0 0
 1048 122485.000 61444.000 0 0 0.000 0.000 0.000 200000.000 0 1 0 200 0 0
 1049 125759.000 63738.000 0 0 0.000 0.000 0.000 200000.000 0 1 0 200 0 0
 1050 127597.000 65107.000 0 0 0.000 0.000 0.000 200000.000 0 1 0 200 0 0
 1051 140105.000 80700.000 0 0 0.000 0.000 0.000 200000.000 0 1 0 200 0 0
 1052 142770.000 87561.000 0 0 0.000 0.000 0.000 200000.000 0 1 0 200 0 0
 1053 140154.000 80733.000 0 0 0.000 0.000 0.000 200000.000 0 1 0 200 0 0
 1054 142614.000 87556.000 0 0 0.000 0.000 0.000 200000.000 0 1 0 200 0 0
 1055 141983.000 112126.000 0 0 0.000 0.000 0.000 200000.000 0 1 0 200 0 0
 1056 129097.000 133300.000 0 0 0.000 0.000 0.000 0.203 0 1 0 0 0 0
 1057 122941.000 137758.000 0 0 46.000 56.000 2576.000 50.754 0 1 41 200 0 0
 1058 123194.000 137824.000 0 0 48.000 56.000 2688.000 51.845 0 1 41 200 0 0
 1059 113398.000 142247.000 0 0 0.000 0.000 0.000 200000.000 0 1 0 200 0 0
 1060 113349.000 142262.000 0 0 0.000 0.000 0.000 200000.000 0 1 0 200 0 0
 1061 103549.000 144126.000 0 0 28.000 50.000 1400.000 37.416 0 1 57 200 0 0
 1062 86715.000 142096.000 0 0 0.000 0.000 0.000 200000.000 0 1 0 200 0 0
 1063 86651.000 142130.000 0 0 0.000 0.000 0.000 200000.000 0 1 0 200 0 0
 1064 128688.000 65769.000 0 0 0.000 0.000 0.000 200000.000 0 1 0 200 0 0
 1065 57275.000 110304.000 0 0 0.000 0.000 0.000 0.372 0 1 0 0 0 0
 1066 55930.000 97429.000 0 0 0.000 0.000 0.000 200000.000 0 1 0 200 0 0
 1067 122355.000 61565.000 0 0 0.000 0.000 0.000 200000.000 0 1 0 200 0 0
 1068 123155.000 137853.000 0 0 48.000 56.000 2688.000 51.845 0 1 41 200 0 0
 1069 125716.000 63709.000 0 0 0.000 0.000 0.000 200000.000 0 1 0 200 0 0
 1070 128567.000 65831.000 0 0 0.000 0.000 0.000 200000.000 0 1 0 200 0 0
 1071 130423.000 67291.000 0 0 0.000 0.000 0.000 200000.000 0 1 0 200 0 0
 1072 138941.000 78297.000 0 0 0.000 0.000 0.000 0.307 0 1 0 0 0 0
 1073 140222.000 117481.000 0 0 0.000 0.000 0.000 200000.000 0 1 0 200 0 0
 1074 68042.000 130674.000 0 0 0.000 0.000 0.000 200000.000 0 1 0 200 0 0
 1075 57790.000 86356.000 0 0 0.000 0.000 0.000 200000.000 0 1 0 200 0 0
 1076 119695.000 59962.000 0 0 0.000 0.000 0.000 200000.000 0 1 0 200 0 0
 1077 77912.000 61565.000 0 0 0.000 0.000 0.000 0.297 0 1 0 0 0 0
 1078 81796.000 59324.000 0 0 0.000 0.000 0.000 200000.000 0 1 0 200 0 0
 1079 144849.000 98428.000 0 0 0.000 0.000 0.000 200000.000 0 1 0 200 0 0
 1080 114394.000 57616.000 0 0 0.000 0.000 0.000 200000.000 0 1 0 200 0 0
 1081 143414.000 111270.000 0 0 0.000 0.000 0.000 200000.000 0 1 0 200 0 0
 1082 126080.000 63759.000 0 0 0.000 0.000 0.000 200000.000 0 1 0 200 0 0
 1083 133736.000 70528.000 0 0 0.000 0.000 0.000 200000.000 0 1 0 200 0 0
 1084 133811.000 70528.000 0 0 0.000 0.000 0.000 200000.000 0 1 0 200 0 0
 1085 144678.000 98384.000 0 0 0.000 0.000 0.000 200000.000 0 1 0 200 0 0
 1086 143404.000 111214.000 0 0 0.000 0.000 0.000 200000.000 0 1 0 200 0 0
 1087 139296.000 121147.000 0 0 56.000 44.000 2464.000 49.638 0 1 27 200 0 0
 1088 105552.000 143335.000 0 0 0.000 0.000 0.000 200000.000 0 1 0 200 0 0
 1089 75854.000 137169.000 0 0 0.000 0.000 0.000 200000.000 0 1 0 200 0 0
 1090 92196.000 143802.000 0 0 0.000 0.000 0.000 200000.000 0 1 0 200 0 0
 1091 92134.000 143857.000 0 0 0.000 0.000 0.000 200000.000 0 1 0 200 0 0
 1092 79765.000 139641.000 0 0 0.000 0.000 0.000 200000.000 0 1 0 200 0 0
 1093 101122.000 143790.000 0 0 0.000 0.000 0.000 200000.000 0 1 0 200 0 0
 1094 69874.000 67292.000 0 0 0.000 0.000 0.000 200000.000 0 1 0 200 0 0
 1095 117611.000 58796.000 0 0 0.000 0.000 0.000 0.278 0 1 0 0 0 0
 1096 133039.000 69169.000 0 0 0.000 0.000 0.000 200000.000 0 1 0 200 0 0
 1097 144781.000 97045.000 0 0 0.000 0.000 0.000 200000.000 0 1 0 200 0 0
 1098 111612.000 143290.000 0 0 0.000 0.000 0.000 200000.000 0 1 0 200 0 0
 1099 85509.000 142105.000 0 0 0.000 0.000 0.000 200000.000 0 1 0 200 0 0
 1100 121890.000 138214.000 0 0 0.000 0.000 0.000 200000.000 0 1 0 200 0 0
 1101 83328.000 141465.000 0 0 0.000 0.000 0.000 200000.000 0 1 0 200 0 0
 1102 83394.000 141434.000 0 0 0.000 0.000 0.000 200000.000 0 1 0 200 0 0
 1103 111342.000 56541.000 0 0 0.000 0.000 0.000 200000.000 0 1 0 200 0 0
 1104 74025.000 136086.000 0 0 0.000 0.000 0.000 0.302 0 1 0 0 0 0
 1105 103622.000 143508.000 0 0 28.000 50.000 1400.000 37.416 0 1 57 200 0 0
 1106 74947.000 63052.000 0 0 0.000 0.000 0.000 0.397 0 1 0 0 0 0
 1107 132880.000 69250.000 0 0 0.000 0.000 0.000 200000.000 0 1 0 200 0 0
 1108 142958.000 114011.000 0 0 0.000 0.000 0.000 200000.000 0 1 0 200 0 0
 1109 143104.000 114112.000 0 0 0.000 0.000 0.000 200000.000 0 1 0 200 0 0
 1110 136471.000 126341.000 0 0 0.000 0.000 0.000 0.420 0 1 0 0 0 0
 1111 130534.000 132063.000 0 0 0.000 0.000 0.000 200000.000 0 1 0 200 0 0
 1112 106310.000 144347.000 0 0 0.000 0.000 0.000 200000.000 0 1 0 200 0 0
 1113 81301.000 58989.000 0 0 0.000 0.000 0.000 200000.000 0 1 0 200 0 0
 1114 95213.000 55264.000 0 0 0.000 0.000 0.000 200000.000 0 1 0 200 0 0
 1115 145182.000 95671.000 0 0 0.000 0.000 0.000 200000.000 0 1 0 200 0 0
 1116 106037.000 143726.000 0 0 0.000 0.000 0.000 200000.000 0 1 0 200 0 0
 1117 145020.000 95634.000 0 0 0.000 0.000 0.000 200000.000 0 1 0 200 0 0
 1118 140139.000 121063.000 0 0 56.000 44.000 2464.000 49.638 0 1 27 200 0 0
 1119 120562.000 140257.000 0 0 0.000 0.000 0.000 200000.000 0 1 0 200 0 0
 1120 120518.000 140284.000 0 0 0.000 0.000 0.000 200000.000 0 1 0 200 0 0
 1121 138168.000 122681.000 0 0 0.000 0.000 0.000 200000.000 0 1 0 200 0 0
 1122 72596.000 64293.000 0 0 0.000 0.000 0.000 200000.000 0 1 0 200 0 0
 1123 127723.000 135762.000 0 0 0.000 0.000 0.000 200000.000 0 1 0 200 0 0
 1124 69214.000 131248.000 0 0 0.000 0.000 0.000 200000.000 0 1 0 200 0 0
 1125 109258.000 144189.000 0 0 0.000 0.000 0.000 200000.000 0 1 0 200 0 0
 1126 72736.000 136007.000 0 0 0.000 0.000 0.000 200000.000 0 1 0 200 0 0
 1127 72846.000 135946.000 0 0 0.000 0.000 0.000 200000.000 0 1 0 200 0 0
 1128 73806.000 63175.000 0 0 0.000 0.000 0.000 200000.000 0 1 0 200 0 0
 1129 82909.000 58097.000 0 0 0.000 0.000 0.000 200000.000 0 1 0 200 0 0
 1130 93638.000 54955.000 0 0 0.000 0.000 0.000 200000.000 0 1 0 200 0 0
 1131 140071.000 121903.000 0 0 54.000 44.000 2376.000 48.744 0 1 27 200 0 0
 1132 139496.000 77304.000 0 0 0.000 0.000 0.000 200000.000 0 1 0 200 0 0
 1133 139951.000 121781.000 0 0 54.000 44.000 2376.000 48.744 0 1 27 200 0 0
 1134 68295.000 132320.000 0 0 52.000 52.000 2704.000 52.000 0 1 35 200 0 0
 1135 55826.000 110103.000 0 0 0.000 0.000 0.000 200000.000 0 1 0 200 0 0
 1136 139644.000 76936.000 0 0 0.000 0.000 0.000 200000.000 0 1 0 200 0 0
 1137 139693.000 76966.000 0 0 0.000 0.000 0.000 200000.000 0 1 0 200 0 0
 1138 145894.000 99595.000 0 0 0.000 0.000 0.000 200000.000 0 1 0 200 0 0
 1139 145763.000 102829.000 0 0 0.000 0.000 0.000 200000.000 0 1 0 200 0 0
 1140 144186.000 111955.000 0 0 0.000 0.000 0.000 0.215 0 1 0 0 0 0
 1141 99892.000 145442.000 0 0 0.000 0.000 0.000 200000.000 0 1 0 200 0 0
 1142 117534.000 141317.000 0 0 0.000 0.000 0.000 200000.000 0 1 0 200 0 0
 1143 68739.000 132853.000 0 0 52.000 54.000 2808.000 52.990 0 1 35 200 0 0
 1144 68123.000 132056.000 0 0 52.000 52.000 2704.000 52.000 0 1 35 200 0 0
 1145 68162.000 132311.000 0 0 52.000 52.000 2704.000 52.000 0 1 35 200 0 0
 1146 55261.000 107395.000 0 0 0.000 0.000 0.000 200000.000 0 1 0 200 0 0
 1147 142007.000 81503.000 0 0 0.000 0.000 0.000 200000.000 0 1 0 200 0 0
 1148 140847.000 121177.000 0 0 56.000 44.000 2464.000 49.638 0 1 27 200 0 0
 1149 141974.000 81460.000 0 0 0.000 0.000 0.000 200000.000 0 1 0 200 0 0
 1150 142697.000 85377.000 0 0 0.000 0.000 0.000 200000.000 0 1 0 200 0 0
 1151 145894.000 99546.000 0 0 0.000 0.000 0.000 200000.000 0 1 0 200 0 0
 1152 140733.000 121060.000 0 0 56.000 44.000 2464.000 49.638 0 1 27 200 0 0
 1153 124417.000 138674.000 0 0 0.000 0.000 0.000 200000.000 0 1 0 200 0 0
 1154 99226.000 145773.000 0 0 0.000 0.000 0.000 200000.000 0 1 0 200 0 0
 1155 99281.000 145612.000 0 0 0.000 0.000 0.000 200000.000 0 1 0 200 0 0
 1156 54344.000 101187.000 0 0 0.000 0.000 0.000 200000.000 0 1 0 200 0 0
 1157 80523.000 141235.000 0 0 0.000 0.000 0.000 0.207 0 1 0 0 0 0
 1158 54481.000 101236.000 0 0 0.000 0.000 0.000 200000.000 0 1 0 200 0 0
 1159 145131.000 89922.000 0 0 0.000 0.000 0.000 200000.000 0 1 0 200 0 0
 1160 143229.000 115811.000 0 0 0.000 0.000 0.000 200000.000 0 1 0 200 0 0
 1161 85806.000 142607.000 0 0 0.000 0.000 0.000 200000.000 0 1 0 200 0 0
 1162 144968.000 89906.000 0 0 0.000 0.000 0.000 200000.000 0 1 0 200 0 0
 1163 145344.000 97127.000 0 0 0.000 0.000 0.000 200000.000 0 1 0 200 0 0
 1164 104461.000 145757.000 0 0 0.000 0.000 0.000 200000.000 0 1 0 200 0 0
 1165 104499.000 145583.000 0 0 0.000 0.000 0.000 200000.000 0 1 0 200 0 0
 1166 74344.000 137985.000 0 0 0.000 0.000 0.000 200000.000 0 1 0 200 0 0
 1167 71224.000 64081.000 0 0 0.000 0.000 0.000 200000.000 0 1 0 200 0 0
 1168 67848.000 132332.000 0 0 52.000 52.000 2704.000 52.000 0 1 35 200 0 0
 1169 136097.000 128749.000 0 0 0.000 0.000 0.000 200000.000 0 1 0 200 0 0
 1170 66745.000 131296.000 0 0 0.000 0.000 0.000 0.211 0 1 0 0 0 0
 1171 56111.000 86603.000 0 0 0.000 0.000 0.000 200000.000 0 1 0 200 0 0
 1172 76975.000 60238.000 0 0 0.000 0.000 0.000 0.221 0 1 0 0 0 0
 1173 88552.000 55454.000 0 0 0.000 0.000 0.000 0.373 0 1 0 0 0 0
 1174 112413.000 55583.000 0 0 0.000 0.000 0.000 200000.000 0 1 0 200 0 0
 1175 146130.000 104113.000 0 0 0.000 0.000 0.000 0.284 0 1 0 0 0 0
 1176 136615.000 128006.000 0 0 0.000 0.000 0.000 0.328 0 1 0 0 0 0
 1177 96382.000 145965.000 0 0 0.000 0.000 0.000 200000.000 0 1 0 200 0 0
 1178 96432.000 145945.000 0 0 0.000 0.000 0.000 200000.000 0 1 0 200 0 0
 1179 67980.000 132534.000 0 0 52.000 52.000 2704.000 52.000 0 1 35 200 0 0
 1180 97344.000 53887.000 0 0 0.000 0.000 0.000 0.201 0 1 0 0 0 0
 1181 113133.000 55639.000 0 0 0.000 0.000 0.000 0.276 0 1 0 0 0 0
 1182 137514.000 72416.000 0 0 0.000 0.000 0.000 200000.000 0 1 0 200 0 0
 1183 84067.000 143393.000 0 0 0.000 0.000 0.000 200000.000 0 1 0 200 0 0
 1184 72630.000 136972.000 0 0 0.000 0.000 0.000 0.274 0 1 0 0 0 0
 1185 110295.000 144358.000 0 0 0.000 0.000 0.000 200000.000 0 1 0 200 0 0
 1186 70316.000 64392.000 0 0 0.000 0.000 0.000 200000.000 0 1 0 200 0 0
 1187 146138.000 93591.000 0 0 0.000 0.000 0.000 200000.000 0 1 0 200 0 0
 1188 120254.000 141759.000 0 0 0.000 0.000 0.000 200000.000 0 1 0 200 0 0
 1189 135561.000 128755.000 0 0 0.000 0.000 0.000 200000.000 0 1 0 200 0 0
 1190 55168.000 88765.000 0 0 0.000 0.000 0.000 200000.000 0 1 0 200 0 0
 1191 61691.000 126058.000 0 0 0.000 0.000 0.000 200000.000 0 1 0 200 0 0
 1192 146556.000 105718.000 0 0 0.000 0.000 0.000 200000.000 0 1 0 200 0 0
 1193 144490.000 114793.000 0 0 0.000 0.000 0.000 200000.000 0 1 0 200 0 0
 1194 144394.000 84810.000 0 0 0.000 0.000 0.000 200000.000 0 1 0 200 0 0
 1195 144344.000 114692.000 0 0 0.000 0.000 0.000 200000.000 0 1 0 200 0 0
 1196 142195.000 81701.000 0 0 0.000 0.000 0.000 200000.000 0 1 0 200 0 0
 1197 75583.000 139615.000 0 0 0.000 0.000 0.000 200000.000 0 1 0 200 0 0
 1198 87073.000 144577.000 0 0 0.000 0.000 0.000 200000.000 0 1 0 200 0 0
 1199 67345.000 132849.000 0 0 52.000 52.000 2704.000 52.000 0 1 35 200 0 0
 1200 63408.000 128699.000 0 0 0.000 0.000 0.000 200000.000 0 1 0 200 0 0
 1201 57955.000 80314.000 0 0 0.000 0.000 0.000 200000.000 0 1 0 200 0 0
 1202 53495.000 101226.000 0 0 0.000 0.000 0.000 200000.000 0 1 0 200 0 0
 1203 59329.000 77348.000 0 0 0.000 0.000 0.000 200000.000 0 1 0 200 0 0
 1204 146682.000 95520.000 0 0 0.000 0.000 0.000 0.210 0 1 0 0 0 0
 1205 65249.000 70093.000 0 0 0.000 0.000 0.000 200000.000 0 1 0 200 0 0
 1206 71773.000 137197.000 0 0 0.000 0.000 0.000 200000.000 0 1 0 200 0 0
 1207 71897.000 137120.000 0 0 0.000 0.000 0.000 200000.000 0 1 0 200 0 0
 1208 66713.000 132588.000 0 0 52.000 52.000 2704.000 52.000 0 1 35 200 0 0
 1209 78804.000 58189.000 0 0 0.000 0.000 0.000 200000.000 0 1 0 200 0 0
 1210 66619.000 132387.000 0 0 52.000 52.000 2704.000 52.000 0 1 35 200 0 0
 1211 87661.000 54909.000 0 0 0.000 0.000 0.000 0.323 0 1 0 0 0 0
 1212 131798.000 134546.000 0 0 0.000 0.000 0.000 0.205 0 1 0 0 0 0
 1213 109144.000 145252.000 0 0 0.000 0.000 0.000 200000.000 0 1 0 200 0 0
 1214 75923.000 140024.000 0 0 0.000 0.000 0.000 200000.000 0 1 0 200 0 0
 1215 54324.000 90160.000 0 0 0.000 0.000 0.000 200000.000 0 1 0 200 0 0
 1216 109727.000 53729.000 0 0 0.000 0.000 0.000 200000.000 0 1 0 200 0 0
 1217 146125.000 110940.000 0 0 0.000 0.000 0.000 200000.000 0 1 0 200 0 0
 1218 131158.000 64536.000 0 0 0.000 0.000 0.000 0.229 0 1 0 0 0 0
 1219 145832.000 88461.000 0 0 0.000 0.000 0.000 200000.000 0 1 0 200 0 0
 1220 147381.000 95454.000 0 0 0.000 0.000 0.000 200000.000 0 1 0 200 0 0
 1221 120046.000 141483.000 0 0 0.000 0.000 0.000 200000.000 0 1 0 200 0 0
 1222 146501.000 108141.000 0 0 0.000 0.000 0.000 0.348 0 1 0 0 0 0
 1223 146003.000 110860.000 0 0 0.000 0.000 0.000 200000.000 0 1 0 200 0 0
 1224 74676.000 139647.000 0 0 0.000 0.000 0.000 200000.000 0 1 0 200 0 0
 1225 74733.000 139651.000 0 0 0.000 0.000 0.000 200000.000 0 1 0 200 0 0
 1226 71083.000 136882.000 0 0 0.000 0.000 0.000 200000.000 0 1 0 200 0 0
 1227 103607.000 52803.000 0 0 0.000 0.000 0.000 0.345 0 1 0 0 0 0
 1228 115811.000 55297.000 0 0 0.000 0.000 0.000 200000.000 0 1 0 200 0 0
 1229 115882.000 55250.000 0 0 0.000 0.000 0.000 200000.000 0 1 0 200 0 0
 1230 146731.000 91297.000 0 0 0.000 0.000 0.000 200000.000 0 1 0 200 0 0
 1231 146807.000 91334.000 0 0 0.000 0.000 0.000 200000.000 0 1 0 200 0 0
 1232 147208.000 95420.000 0 0 0.000 0.000 0.000 200000.000 0 1 0 200 0 0
 1233 144607.000 116030.000 0 0 0.000 0.000 0.000 200000.000 0 1 0 200 0 0
 1234 127098.000 138884.000 0 0 0.000 0.000 0.000 0.203 0 1 0 0 0 0
 1235 83926.000 55510.000 0 0 0.000 0.000 0.000 200000.000 0 1 0 200 0 0
 1236 146852.000 90705.000 0 0 0.000 0.000 0.000 200000.000 0 1 0 200 0 0
 1237 134320.000 67118.000 0 0 0.000 0.000 0.000 0.479 0 1 0 0 0 0
 1238 146869.000 90755.000 0 0 0.000 0.000 0.000 200000.000 0 1 0 200 0 0
 1239 117271.000 144088.000 0 0 0.000 0.000 0.000 0.298 0 1 0 0 0 0
 1240 61040.000 126913.000 0 0 0.000 0.000 0.000 200000.000 0 1 0 200 0 0
 1241 55998.000 116933.000 0 0 0.000 0.000 0.000 0.348 0 1 0 0 0 0
 1242 52646.000 101295.000 0 0 0.000 0.000 0.000 200000.000 0 1 0 200 0 0
 1243 129500.000 137393.000 0 0 50.000 54.000 2700.000 51.961 0 1 43 200 0 0
 1244 92124.000 53122.000 0 0 0.000 0.000 0.000 0.424 0 1 0 0 0 0
 1245 145089.000 84148.000 0 0 0.000 0.000 0.000 200000.000 0 1 0 200 0 0
 1246 131296.000 136086.000 0 0 0.000 0.000 0.000 0.246 0 1 0 0 0 0
 1247 146882.000 102913.000 0 0 0.000 0.000 0.000 200000.000 0 1 0 200 0 0
 1248 108315.000 146789.000 0 0 0.000 0.000 0.000 200000.000 0 1 0 200 0 0
 1249 55808.000 117189.000 0 0 0.000 0.000 0.000 0.231 0 1 0 0 0 0
 1250 52658.000 101348.000 0 0 0.000 0.000 0.000 200000.000 0 1 0 200 0 0
 1251 72509.000 60968.000 0 0 0.000 0.000 0.000 200000.000 0 1 0 200 0 0
 1252 99436.000 52266.000 0 0 0.000 0.000 0.000 200000.000 0 1 0 200 0 0
 1253 148035.000 102513.000 0 0 0.000 0.000 0.000 200000.000 0 1 0 200 0 0
 1254 141861.000 76302.000 0 0 0.000 0.000 0.000 200000.000 0 1 0 200 0 0
 1255 147231.000 108106.000 0 0 0.000 0.000 0.000 200000.000 0 1 0 200 0 0
 1256 134483.000 133107.000 0 0 0.000 0.000 0.000 0.120 0 1 0 0 0 0
 1257 134445.000 133197.000 0 0 0.000 0.000 0.000 0.121 0 1 0 0 0 0
 1258 147868.000 102454.000 0 0 0.000 0.000 0.000 200000.000 0 1 0 200 0 0
 1259 127514.000 139487.000 0 0 0.000 0.000 0.000 200000.000 0 1 0 200 0 0
 1260 129452.000 61920.000 0 0 0.000 0.000 0.000 0.221 0 1 0 0 0 0
 1261 148262.000 98836.000 0 0 0.000 0.000 0.000 200000.000 0 1 0 200 0 0
 1262 148266.000 98993.000 0 0 0.000 0.000 0.000 200000.000 0 1 0 200 0 0
 1263 146661.000 87591.000 0 0 0.000 0.000 0.000 200000.000 0 1 0 200 0 0
 1264 145221.000 116303.000 0 0 0.000 0.000 0.000 200000.000 0 1 0 200 0 0
 1265 146674.000 87640.000 0 0 0.000 0.000 0.000 200000.000 0 1 0 200 0 0
 1266 148091.000 98790.000 0 0 0.000 0.000 0.000 200000.000 0 1 0 200 0 0
 1267 148097.000 98946.000 0 0 0.000 0.000 0.000 200000.000 0 1 0 200 0 0
 1268 127460.000 139319.000 0 0 0.000 0.000 0.000 200000.000 0 1 0 200 0 0
 1269 124497.000 141408.000 0 0 0.000 0.000 0.000 200000.000 0 1 0 200 0 0
 1270 138958.000 71225.000 0 0 0.000 0.000 0.000 200000.000 0 1 0 200 0 0
 1271 124455.000 141432.000 0 0 0.000 0.000 0.000 200000.000 0 1 0 200 0 0
 1272 133999.000 65835.000 0 0 0.000 0.000 0.000 0.373 0 1 0 0 0 0
 1273 135660.000 67244.000 0 0 0.000 0.000 0.000 200000.000 0 1 0 200 0 0
 1274 138907.000 71199.000 0 0 0.000 0.000 0.000 200000.000 0 1 0 200 0 0
 1275 131776.000 136628.000 0 0 0.000 0.000 0.000 200000.000 0 1 0 200 0 0
 1276 122302.000 141586.000 0 0 0.000 0.000 0.000 200000.000 0 1 0 200 0 0
 1277 94182.000 146645.000 0 0 0.000 0.000 0.000 200000.000 0 1 0 200 0 0
 1278 142662.000 78817.000 0 0 0.000 0.000 0.000 200000.000 0 1 0 200 0 0
 1279 108111.000 147512.000 0 0 0.000 0.000 0.000 200000.000 0 1 0 200 0 0
 1280 108135.000 147352.000 0 0 0.000 0.000 0.000 200000.000 0 1 0 200 0 0
 1281 91536.000 147204.000 0 0 0.000 0.000 0.000 200000.000 0 1 0 200 0 0
 1282 148562.000 97672.000 0 0 0.000 0.000 0.000 200000.000 0 1 0 200 0 0
 1283 148564.000 97724.000 0 0 0.000 0.000 0.000 200000.000 0 1 0 200 0 0
 1284 148172.000 104598.000 0 0 0.000 0.000 0.000 0.317 0 1 0 0 0 0
 1285 129469.000 138242.000 0 0 50.000 54.000 2700.000 51.961 0 1 43 200 0 0
 1286 66480.000 65112.000 0 0 0.000 0.000 0.000 200000.000 0 1 0 200 0 0
 1287 87062.000 53290.000 0 0 0.000 0.000 0.000 0.238 0 1 0 0 0 0
 1288 103572.000 51562.000 0 0 0.000 0.000 0.000 200000.000 0 1 0 200 0 0
 1289 103626.000 51525.000 0 0 0.000 0.000 0.000 200000.000 0 1 0 200 0 0
 1290 117394.000 54738.000 0 0 0.000 0.000 0.000 0.411 0 1 0 0 0 0
 1291 58795.000 74763.000 0 0 0.000 0.000 0.000 200000.000 0 1 0 200 0 0
 1292 129868.000 61489.000 0 0 0.000 0.000 0.000 200000.000 0 1 0 200 0 0
 1293 119083.000 55116.000 0 0 0.000 0.000 0.000 0.205 0 1 0 0 0 0
 1294 148566.000 93850.000 0 0 0.000 0.000 0.000 200000.000 0 1 0 200 0 0
 1295 143406.000 122061.000 0 0 0.000 0.000 0.000 0.120 0 1 0 0 0 0
 1296 143415.000 122504.000 0 0 0.000 0.000 0.000 200000.000 0 1 0 200 0 0
 1297 133330.000 135538.000 0 0 0.000 0.000 0.000 0.136 0 1 0 0 0 0
 1298 133967.000 135001.000 0 0 0.000 0.000 0.000 0.232 0 1 0 0 0 0
 1299 129899.000 138805.000 0 0 50.000 54.000 2700.000 51.961 0 1 43 200 0 0
 1300 78237.000 56508.000 0 0 0.000 0.000 0.000 200000.000 0 1 0 200 0 0
 1301 60063.000 72604.000 0 0 0.000 0.000 0.000 0.200 0 1 0 0 0 0
 1302 137977.000 130912.000 0 0 0.000 0.000 0.000 0.255 0 1 0 0 0 0
 1303 120447.000 144462.000 0 0 0.000 0.000 0.000 200000.000 0 1 0 200 0 0
 1304 120400.000 144484.000 0 0 0.000 0.000 0.000 200000.000 0 1 0 200 0 0
 1305 55040.000 118292.000 0 0 0.000 0.000 0.000 200000.000 0 1 0 200 0 0
 1306 51485.000 97504.000 0 0 0.000 0.000 0.000 0.252 0 1 0 0 0 0
 1307 130194.000 137406.000 0 0 50.000 54.000 2700.000 51.961 0 1 43 200 0 0
 1308 70454.000 61222.000 0 0 0.000 0.000 0.000 200000.000 0 1 0 200 0 0
 1309 120777.000 55584.000 0 0 0.000 0.000 0.000 200000.000 0 1 0 200 0 0
 1310 149113.000 98086.000 0 0 0.000 0.000 0.000 200000.000 0 1 0 200 0 0
 1311 147143.000 113745.000 0 0 0.000 0.000 0.000 0.281 0 1 0 0 0 0
 1312 149072.000 104604.000 0 0 0.000 0.000 0.000 200000.000 0 1 0 200 0 0
 1313 142722.000 124471.000 0 0 0.000 0.000 0.000 200000.000 0 1 0 200 0 0
 1314 79231.000 144493.000 0 0 0.000 0.000 0.000 200000.000 0 1 0 200 0 0
 1315 52112.000 91141.000 0 0 0.000 0.000 0.000 0.398 0 1 0 0 0 0
 1316 76548.000 56825.000 0 0 0.000 0.000 0.000 200000.000 0 1 0 200 0 0
 1317 110589.000 51999.000 0 0 0.000 0.000 0.000 200000.000 0 1 0 200 0 0
 1318 132145.000 62765.000 0 0 0.000 0.000 0.000 0.287 0 1 0 0 0 0
 1319 149257.000 103022.000 0 0 0.000 0.000 0.000 0.259 0 1 0 0 0 0
 1320 138119.000 131647.000 0 0 0.000 0.000 0.000 200000.000 0 1 0 200 0 0
 1321 129745.000 139346.000 0 0 50.000 54.000 2700.000 51.961 0 1 43 200 0 0
 1322 115624.000 146659.000 0 0 0.000 0.000 0.000 200000.000 0 1 0 200 0 0
 1323 115592.000 146722.000 0 0 0.000 0.000 0.000 200000.000 0 1 0 200 0 0
 1324 86222.000 146942.000 0 0 0.000 0.000 0.000 200000.000 0 1 0 200 0 0
 1325 52704.000 112351.000 0 0 0.000 0.000 0.000 0.294 0 1 0 0 0 0
 1326 122437.000 143884.000 0 0 0.000 0.000 0.000 200000.000 0 1 0 200 0 0
 1327 122362.000 144113.000 0 0 0.000 0.000 0.000 200000.000 0 1 0 200 0 0
 1328 117151.000 146201.000 0 0 0.000 0.000 0.000 0.277 0 1 0 0 0 0
 1329 149607.000 95527.000 0 0 0.000 0.000 0.000 200000.000 0 1 0 200 0 0
 1330 110510.000 148237.000 0 0 0.000 0.000 0.000 0.211 0 1 0 0 0 0
 1331 51581.000 91741.000 0 0 0.000 0.000 0.000 0.288 0 1 0 0 0 0
 1332 139850.000 70461.000 0 0 0.000 0.000 0.000 200000.000 0 1 0 200 0 0
 1333 149437.000 95495.000 0 0 0.000 0.000 0.000 200000.000 0 1 0 200 0 0
 1334 145196.000 120816.000 0 0 0.000 0.000 0.000 200000.000 0 1 0 200 0 0
 1335 90156.000 148494.000 0 0 0.000 0.000 0.000 200000.000 0 1 0 200 0 0
 1336 90239.000 148338.000 0 0 0.000 0.000 0.000 200000.000 0 1 0 200 0 0
 1337 68760.000 138282.000 0 0 0.000 0.000 0.000 200000.000 0 1 0 200 0 0
 1338 54330.000 119695.000 0 0 0.000 0.000 0.000 200000.000 0 1 0 200 0 0
 1339 54161.000 119715.000 0 0 0.000 0.000 0.000 200000.000 0 1 0 200 0 0
 1340 131657.000 62616.000 0 0 0.000 0.000 0.000 200000.000 0 1 0 200 0 0
 1341 53119.000 116076.000 0 0 0.000 0.000 0.000 200000.000 0 1 0 200 0 0
 1342 50701.000 104337.000 0 0 0.000 0.000 0.000 200000.000 0 1 0 200 0 0
 1343 50610.000 104291.000 0 0 0.000 0.000 0.000 200000.000 0 1 0 200 0 0
 1344 65087.000 64835.000 0 0 0.000 0.000 0.000 0.440 0 1 0 0 0 0
 1345 131161.000 60988.000 0 0 0.000 0.000 0.000 200000.000 0 1 0 200 0 0
 1346 147062.000 83169.000 0 0 0.000 0.000 0.000 200000.000 0 1 0 200 0 0
 1347 148483.000 112377.000 0 0 0.000 0.000 0.000 0.287 0 1 0 0 0 0
 1348 147442.000 115690.000 0 0 0.000 0.000 0.000 0.218 0 1 0 0 0 0
 1349 146488.000 118692.000 0 0 0.000 0.000 0.000 200000.000 0 1 0 200 0 0
 1350 132156.000 138311.000 0 0 0.000 0.000 0.000 200000.000 0 1 0 200 0 0
 1351 128188.000 141120.000 0 0 0.000 0.000 0.000 200000.000 0 1 0 200 0 0
 1352 55622.000 122439.000 0 0 0.000 0.000 0.000 200000.000 0 1 0 200 0 0
 1353 80080.000 145533.000 0 0 0.000 0.000 0.000 0.241 0 1 0 0 0 0
 1354 72116.000 141031.000 0 0 0.000 0.000 0.000 0.289 0 1 0 0 0 0
 1355 105048.000 50279.000 0 0 0.000 0.000 0.000 200000.000 0 1 0 200 0 0
 1356 65806.000 135956.000 0 0 0.000 0.000 0.000 0.382 0 1 0 0 0 0
 1357 117472.000 53127.000 0 0 0.000 0.000 0.000 200000.000 0 1 0 200 0 0
 1358 62365.000 132517.000 0 0 0.000 0.000 0.000 200000.000 0 1 0 200 0 0
 1359 55738.000 122437.000 0 0 0.000 0.000 0.000 200000.000 0 1 0 200 0 0
 1360 149961.000 93997.000 0 0 0.000 0.000 0.000 200000.000 0 1 0 200 0 0
 1361 53305.000 116603.000 0 0 0.000 0.000 0.000 0.383 0 1 0 0 0 0
 1362 53834.000 81404.000 0 0 0.000 0.000 0.000 0.210 0 1 0 0 0 0
 1363 118262.000 53228.000 0 0 0.000 0.000 0.000 200000.000 0 1 0 200 0 0
 1364 149805.000 93965.000 0 0 0.000 0.000 0.000 200000.000 0 1 0 200 0 0
 1365 140133.000 130209.000 0 0 0.000 0.000 0.000 200000.000 0 1 0 200 0 0
 1366 140101.000 130251.000 0 0 0.000 0.000 0.000 200000.000 0 1 0 200 0 0
 1367 109538.000 149156.000 0 0 32.000 54.000 1728.000 41.569 0 1 67 200 0 0
 1368 109557.000 148983.000 0 0 32.000 54.000 1728.000 41.569 0 1 67 200 0 0
 1369 50236.000 103905.000 0 0 0.000 0.000 0.000 200000.000 0 1 0 200 0 0
 1370 56096.000 76369.000 0 0 0.000 0.000 0.000 200000.000 0 1 0 200 0 0
 1371 74041.000 57103.000 0 0 0.000 0.000 0.000 200000.000 0 1 0 200 0 0
 1372 147391.000 82583.000 0 0 0.000 0.000 0.000 200000.000 0 1 0 200 0 0
 1373 53889.000 116669.000 0 0 0.000 0.000 0.000 200000.000 0 1 0 200 0 0
 1374 95320.000 49953.000 0 0 0.000 0.000 0.000 200000.000 0 1 0 200 0 0
 1375 83419.000 52439.000 0 0 0.000 0.000 0.000 200000.000 0 1 0 200 0 0
 1376 55687.000 121809.000 0 0 0.000 0.000 0.000 200000.000 0 1 0 200 0 0
 1377 121860.000 54420.000 0 0 0.000 0.000 0.000 200000.000 0 1 0 200 0 0
 1378 51136.000 110949.000 0 0 0.000 0.000 0.000 200000.000 0 1 0 200 0 0
 1379 110551.000 149157.000 0 0 0.000 0.000 0.000 200000.000 0 1 0 200 0 0
 1380 66086.000 62928.000 0 0 0.000 0.000 0.000 0.245 0 1 0 0 0 0
 1381 79633.000 53771.000 0 0 0.000 0.000 0.000 200000.000 0 1 0 200 0 0
 1382 85227.000 51836.000 0 0 0.000 0.000 0.000 200000.000 0 1 0 200 0 0
 1383 84284.000 51962.000 0 0 0.000 0.000 0.000 200000.000 0 1 0 200 0 0
 1384 114505.000 51594.000 0 0 0.000 0.000 0.000 200000.000 0 1 0 200 0 0
 1385 132426.000 60919.000 0 0 0.000 0.000 0.000 200000.000 0 1 0 200 0 0
 1386 114458.000 51568.000 0 0 0.000 0.000 0.000 200000.000 0 1 0 200 0 0
 1387 132299.000 60993.000 0 0 0.000 0.000 0.000 200000.000 0 1 0 200 0 0
 1388 90180.000 50438.000 0 0 0.000 0.000 0.000 200000.000 0 1 0 200 0 0
 1389 110613.000 148633.000 0 0 0.000 0.000 0.000 200000.000 0 1 0 200 0 0
 1390 129295.000 58344.000 0 0 0.000 0.000 0.000 200000.000 0 1 0 200 0 0
 1391 129345.000 58364.000 0 0 0.000 0.000 0.000 200000.000 0 1 0 200 0 0
 1392 133315.000 61455.000 0 0 0.000 0.000 0.000 200000.000 0 1 0 200 0 0
 1393 133359.000 61482.000 0 0 0.000 0.000 0.000 200000.000 0 1 0 200 0 0
 1394 150785.000 102072.000 0 0 0.000 0.000 0.000 0.249 0 1 0 0 0 0
 1395 109374.000 149706.000 0 0 32.000 54.000 1728.000 41.569 0 1 67 200 0 0
 1396 91998.000 150012.000 0 0 0.000 0.000 0.000 200000.000 0 1 0 200 0 0
 1397 74050.000 143460.000 0 0 0.000 0.000 0.000 200000.000 0 1 0 200 0 0
 1398 49444.000 102125.000 0 0 0.000 0.000 0.000 200000.000 0 1 0 200 0 0
 1399 81827.000 52487.000 0 0 0.000 0.000 0.000 200000.000 0 1 0 200 0 0
 1400 91862.000 49727.000 0 0 0.000 0.000 0.000 200000.000 0 1 0 200 0 0
 1401 99260.000 49039.000 0 0 0.000 0.000 0.000 200000.000 0 1 0 200 0 0
 1402 139801.000 67926.000 0 0 0.000 0.000 0.000 200000.000 0 1 0 200 0 0
 1403 139857.000 67944.000 0 0 0.000 0.000 0.000 200000.000 0 1 0 200 0 0
 1404 140841.000 69544.000 0 0 0.000 0.000 0.000 0.207 0 1 0 0 0 0
 1405 148964.000 85729.000 0 0 0.000 0.000 0.000 200000.000 0 1 0 200 0 0
 1406 112597.000 148389.000 0 0 0.000 0.000 0.000 200000.000 0 1 0 200 0 0
 1407 85319.000 148517.000 0 0 0.000 0.000 0.000 0.284 0 1 0 0 0 0
 1408 72062.000 142255.000 0 0 0.000 0.000 0.000 200000.000 0 1 0 200 0 0
 1409 117672.000 51918.000 0 0 0.000 0.000 0.000 200000.000 0 1 0 200 0 0
 1410 142377.000 71043.000 0 0 0.000 0.000 0.000 200000.000 0 1 0 200 0 0
 1411 110144.000 49823.000 0 0 0.000 0.000 0.000 200000.000 0 1 0 200 0 0
 1412 71434.000 141955.000 0 0 0.000 0.000 0.000 200000.000 0 1 0 200 0 0
 1413 117975.000 51980.000 0 0 0.000 0.000 0.000 0.477 0 1 0 0 0 0
 1414 133826.000 61438.000 0 0 0.000 0.000 0.000 200000.000 0 1 0 200 0 0
 1415 130637.000 58838.000 0 0 0.000 0.000 0.000 0.467 0 1 0 0 0 0
 1416 134615.000 61949.000 0 0 0.000 0.000 0.000 200000.000 0 1 0 200 0 0
 1417 134672.000 61963.000 0 0 0.000 0.000 0.000 200000.000 0 1 0 200 0 0
 1418 143836.000 72970.000 0 0 0.000 0.000 0.000 200000.000 0 1 0 200 0 0
 1419 143863.000 73014.000 0 0 0.000 0.000 0.000 200000.000 0 1 0 200 0 0
 1420 149067.000 84793.000 0 0 0.000 0.000 0.000 0.330 0 1 0 0 0 0
 1421 151459.000 101091.000 0 0 0.000 0.000 0.000 200000.000 0 1 0 200 0 0
 1422 151295.000 104580.000 0 0 0.000 0.000 0.000 200000.000 0 1 0 200 0 0
 1423 148737.000 116470.000 0 0 0.000 0.000 0.000 200000.000 0 1 0 200 0 0
 1424 148749.000 116526.000 0 0 0.000 0.000 0.000 200000.000 0 1 0 200 0 0
 1425 135897.000 136541.000 0 0 0.000 0.000 0.000 200000.000 0 1 0 200 0 0
 1426 49384.000 92753.000 0 0 0.000 0.000 0.000 200000.000 0 1 0 200 0 0
 1427 118838.000 52175.000 0 0 0.000 0.000 0.000 200000.000 0 1 0 200 0 0
 1428 54705.000 76141.000 0 0 0.000 0.000 0.000 200000.000 0 1 0 200 0 0
 1429 151282.000 104527.000 0 0 0.000 0.000 0.000 200000.000 0 1 0 200 0 0
 1430 102420.000 151345.000 0 0 0.000 0.000 0.000 200000.000 0 1 0 200 0 0
 1431 102472.000 151343.000 0 0 0.000 0.000 0.000 200000.000 0 1 0 200 0 0
 1432 49417.000 92812.000 0 0 0.000 0.000 0.000 200000.000 0 1 0 200 0 0
 1433 113384.000 50222.000 0 0 0.000 0.000 0.000 200000.000 0 1 0 200 0 0
 1434 52897.000 80085.000 0 0 0.000 0.000 0.000 0.342 0 1 0 0 0 0
 1435 113071.000 50017.000 0 0 0.000 0.000 0.000 200000.000 0 1 0 200 0 0
 1436 113136.000 49981.000 0 0 0.000 0.000 0.000 200000.000 0 1 0 200 0 0
 1437 138123.000 65028.000 0 0 0.000 0.000 0.000 0.303 0 1 0 0 0 0
 1438 151127.000 107197.000 0 0 0.000 0.000 0.000 0.201 0 1 0 0 0 0
 1439 149892.000 113431.000 0 0 0.000 0.000 0.000 200000.000 0 1 0 200 0 0
 1440 142080.000 129781.000 0 0 0.000 0.000 0.000 0.204 0 1 0 0 0 0
 1441 136215.000 136943.000 0 0 0.000 0.000 0.000 200000.000 0 1 0 200 0 0
 1442 124072.000 145668.000 0 0 0.000 0.000 0.000 200000.000 0 1 0 200 0 0
 1443 124049.000 145732.000 0 0 0.000 0.000 0.000 200000.000 0 1 0 200 0 0
 1444 109569.000 150607.000 0 0 32.000 54.000 1728.000 41.569 0 1 67 200 0 0
 1445 52321.000 118821.000 0 0 0.000 0.000 0.000 200000.000 0 1 0 200 0 0
 1446 109535.000 150713.000 0 0 32.000 54.000 1728.000 41.569 0 1 67 200 0 0
 1447 83746.000 51066.000 0 0 0.000 0.000 0.000 200000.000 0 1 0 200 0 0
 1448 63614.000 63748.000 0 0 0.000 0.000 0.000 0.428 0 1 0 0 0 0
 1449 136295.000 137103.000 0 0 0.000 0.000 0.000 200000.000 0 1 0 200 0 0
 1450 67884.000 59756.000 0 0 0.000 0.000 0.000 0.229 0 1 0 0 0 0
 1451 122089.000 53195.000 0 0 0.000 0.000 0.000 200000.000 0 1 0 200 0 0
 1452 151838.000 99477.000 0 0 0.000 0.000 0.000 0.333 0 1 0 0 0 0
 1453 133030.000 139967.000 0 0 0.000 0.000 0.000 0.221 0 1 0 0 0 0
 1454 57359.000 127052.000 0 0 0.000 0.000 0.000 200000.000 0 1 0 200 0 0
 1455 77671.000 146576.000 0 0 0.000 0.000 0.000 200000.000 0 1 0 200 0 0
 1456 77786.000 146452.000 0 0 0.000 0.000 0.000 200000.000 0 1 0 200 0 0
 1457 54630.000 124192.000 0 0 0.000 0.000 0.000 0.247 0 1 0 0 0 0
 1458 49231.000 91620.000 0 0 0.000 0.000 0.000 0.407 0 1 0 0 0 0
 1459 77873.000 53088.000 0 0 0.000 0.000 0.000 200000.000 0 1 0 200 0 0
 1460 96946.000 48114.000 0 0 0.000 0.000 0.000 200000.000 0 1 0 200 0 0
 1461 151639.000 92552.000 0 0 0.000 0.000 0.000 200000.000 0 1 0 200 0 0
 1462 151664.000 92598.000 0 0 0.000 0.000 0.000 200000.000 0 1 0 200 0 0
 1463 108930.000 150061.000 0 0 32.000 54.000 1728.000 41.569 0 1 67 200 0 0
 1464 138539.000 134808.000 0 0 0.000 0.000 0.000 0.242 0 1 0 0 0 0
 1465 125482.000 145202.000 0 0 0.000 0.000 0.000 0.208 0 1 0 0 0 0
 1466 66567.000 139329.000 0 0 0.000 0.000 0.000 200000.000 0 1 0 200 0 0
 1467 71216.000 56900.000 0 0 0.000 0.000 0.000 200000.000 0 1 0 200 0 0
 1468 49162.000 90888.000 0 0 0.000 0.000 0.000 200000.000 0 1 0 200 0 0
 1469 135048.000 61297.000 0 0 0.000 0.000 0.000 0.481 0 1 0 0 0 0
 1470 151232.000 89185.000 0 0 0.000 0.000 0.000 200000.000 0 1 0 200 0 0
 1471 142670.000 130203.000 0 0 0.000 0.000 0.000 200000.000 0 1 0 200 0 0
 1472 142561.000 130064.000 0 0 0.000 0.000 0.000 200000.000 0 1 0 200 0 0
 1473 106095.000 151740.000 0 0 0.000 0.000 0.000 200000.000 0 1 0 200 0 0
 1474 48346.000 103304.000 0 0 0.000 0.000 0.000 200000.000 0 1 0 200 0 0
 1475 54219.000 75241.000 0 0 0.000 0.000 0.000 200000.000 0 1 0 200 0 0
 1476 80098.000 51810.000 0 0 0.000 0.000 0.000 200000.000 0 1 0 200 0 0
 1477 80114.000 51711.000 0 0 0.000 0.000 0.000 200000.000 0 1 0 200 0 0
 1478 102308.000 47812.000 0 0 0.000 0.000 0.000 0.274 0 1 0 0 0 0
 1479 149465.000 118060.000 0 0 0.000 0.000 0.000 200000.000 0 1 0 200 0 0
 1480 55467.000 127059.000 0 0 0.000 0.000 0.000 200000.000 0 1 0 200 0 0
 1481 55630.000 127019.000 0 0 0.000 0.000 0.000 200000.000 0 1 0 200 0 0
 1482 52091.000 120191.000 0 0 0.000 0.000 0.000 200000.000 0 1 0 200 0 0
 1483 49880.000 114269.000 0 0 0.000 0.000 0.000 200000.000 0 1 0 200 0 0
 1484 49741.000 113124.000 0 0 0.000 0.000 0.000 200000.000 0 1 0 200 0 0
 1485 49794.000 85807.000 0 0 0.000 0.000 0.000 200000.000 0 1 0 200 0 0
 1486 73585.000 54797.000 0 0 0.000 0.000 0.000 200000.000 0 1 0 200 0 0
 1487 74169.000 54654.000 0 0 0.000 0.000 0.000 200000.000 0 1 0 200 0 0
 1488 76820.000 53035.000 0 0 0.000 0.000 0.000 200000.000 0 1 0 200 0 0
 1489 77919.000 52646.000 0 0 0.000 0.000 0.000 0.430 0 1 0 0 0 0
 1490 105181.000 47730.000 0 0 0.000 0.000 0.000 200000.000 0 1 0 200 0 0
 1491 152514.000 106012.000 0 0 0.000 0.000 0.000 200000.000 0 1 0 200 0 0
 1492 124490.000 146291.000 0 0 0.000 0.000 0.000 0.215 0 1 0 0 0 0
 1493 123948.000 146741.000 0 0 0.000 0.000 0.000 200000.000 0 1 0 200 0 0
 1494 117987.000 149099.000 0 0 0.000 0.000 0.000 0.258 0 1 0 0 0 0
 1495 61118.000 134960.000 0 0 0.000 0.000 0.000 200000.000 0 1 0 200 0 0
 1496 109202.000 151614.000 0 0 0.000 0.000 0.000 0.223 0 1 0 0 0 0
 1497 55617.000 127306.000 0 0 0.000 0.000 0.000 200000.000 0 1 0 200 0 0
 1498 61258.000 134902.000 0 0 0.000 0.000 0.000 200000.000 0 1 0 200 0 0
 1499 54839.000 126336.000 0 0 0.000 0.000 0.000 200000.000 0 1 0 200 0 0
 1500 49034.000 88885.000 0 0 0.000 0.000 0.000 200000.000 0 1 0 200 0 0
 1501 99366.000 47419.000 0 0 0.000 0.000 0.000 0.243 0 1 0 0 0 0
 1502 145820.000 74012.000 0 0 0.000 0.000 0.000 0.250 0 1 0 0 0 0
 1503 152512.000 94819.000 0 0 0.000 0.000 0.000 0.474 0 1 0 0 0 0
 1504 152670.000 95877.000 0 0 0.000 0.000 0.000 0.241 0 1 0 0 0 0
 1505 152369.000 107150.000 0 0 0.000 0.000 0.000 200000.000 0 1 0 200 0 0
 1506 140597.000 133982.000 0 0 0.000 0.000 0.000 200000.000 0 1 0 200 0 0
 1507 128827.000 143936.000 0 0 0.000 0.000 0.000 0.239 0 1 0 0 0 0
 1508 139416.000 133699.000 0 0 0.000 0.000 0.000 200000.000 0 1 0 200 0 0
 1509 117962.000 149501.000 0 0 0.000 0.000 0.000 200000.000 0 1 0 200 0 0
 1510 117915.000 149519.000 0 0 0.000 0.000 0.000 200000.000 0 1 0 200 0 0
 1511 73686.000 145418.000 0 0 0.000 0.000 0.000 200000.000 0 1 0 200 0 0
 1512 73794.000 145334.000 0 0 0.000 0.000 0.000 200000.000 0 1 0 200 0 0
 1513 125517.000 53788.000 0 0 0.000 0.000 0.000 200000.000 0 1 0 200 0 0
 1514 57591.000 130649.000 0 0 0.000 0.000 0.000 200000.000 0 1 0 200 0 0
 1515 147528.000 76849.000 0 0 0.000 0.000 0.000 200000.000 0 1 0 200 0 0
 1516 48641.000 90352.000 0 0 0.000 0.000 0.000 0.388 0 1 0 0 0 0
 1517 48974.000 87712.000 0 0 0.000 0.000 0.000 0.220 0 1 0 0 0 0
 1518 125476.000 53752.000 0 0 0.000 0.000 0.000 200000.000 0 1 0 200 0 0
 1519 152015.000 109055.000 0 0 0.000 0.000 0.000 0.405 0 1 0 0 0 0
 1520 150908.000 114687.000 0 0 56.000 36.000 2016.000 44.899 0 1 24 200 0 0
 1521 97092.000 152492.000 0 0 0.000 0.000 0.000 200000.000 0 1 0 200 0 0
 1522 88961.000 151445.000 0 0 0.000 0.000 0.000 0.435 0 1 0 0 0 0
 1523 69219.000 142501.000 0 0 0.000 0.000 0.000 200000.000 0 1 0 200 0 0
 1524 48460.000 89853.000 0 0 0.000 0.000 0.000 0.379 0 1 0 0 0 0
 1525 90801.000 47842.000 0 0 0.000 0.000 0.000 200000.000 0 1 0 200 0 0
 1526 116691.000 49603.000 0 0 0.000 0.000 0.000 200000.000 0 1 0 200 0 0
 1527 131928.000 57503.000 0 0 0.000 0.000 0.000 200000.000 0 1 0 200 0 0
 1528 118491.000 149490.000 0 0 0.000 0.000 0.000 200000.000 0 1 0 200 0 0
 1529 131970.000 57535.000 0 0 0.000 0.000 0.000 200000.000 0 1 0 200 0 0
 1530 148167.000 77929.000 0 0 0.000 0.000 0.000 0.449 0 1 0 0 0 0
 1531 71289.000 143150.000 0 0 0.000 0.000 0.000 200000.000 0 1 0 200 0 0
 1532 152260.000 103696.000 0 0 0.000 0.000 0.000 200000.000 0 1 0 200 0 0
 1533 146414.000 125890.000 0 0 0.000 0.000 0.000 200000.000 0 1 0 200 0 0
 1534 109325.000 152307.000 0 0 0.000 0.000 0.000 200000.000 0 1 0 200 0 0
 1535 53308.000 124212.000 0 0 0.000 0.000 0.000 0.281 0 1 0 0 0 0
 1536 126476.000 53739.000 0 0 0.000 0.000 0.000 200000.000 0 1 0 200 0 0
 1537 85453.000 149942.000 0 0 0.000 0.000 0.000 200000.000 0 1 0 200 0 0
 1538 127957.000 144126.000 0 0 0.000 0.000 0.000 200000.000 0 1 0 200 0 0
 1539 147929.000 123200.000 0 0 0.000 0.000 0.000 0.261 0 1 0 0 0 0
 1540 137835.000 137333.000 0 0 0.000 0.000 0.000 200000.000 0 1 0 200 0 0
 1541 89125.000 151738.000 0 0 0.000 0.000 0.000 0.213 0 1 0 0 0 0
 1542 54799.000 127268.000 0 0 0.000 0.000 0.000 200000.000 0 1 0 200 0 0
 1543 48437.000 111342.000 0 0 0.000 0.000 0.000 200000.000 0 1 0 200 0 0
 1544 52420.000 76947.000 0 0 0.000 0.000 0.000 200000.000 0 1 0 200 0 0
 1545 152624.000 91041.000 0 0 0.000 0.000 0.000 200000.000 0 1 0 200 0 0
 1546 106116.000 47142.000 0 0 0.000 0.000 0.000 200000.000 0 1 0 200 0 0
 1547 113206.000 48408.000 0 0 0.000 0.000 0.000 200000.000 0 1 0 200 0 0
 1548 125295.000 52896.000 0 0 0.000 0.000 0.000 200000.000 0 1 0 200 0 0
 1549 136639.000 61000.000 0 0 0.000 0.000 0.000 200000.000 0 1 0 200 0 0
 1550 136676.000 61035.000 0 0 0.000 0.000 0.000 200000.000 0 1 0 200 0 0
 1551 151423.000 114827.000 0 0 56.000 36.000 2016.000 44.899 0 1 24 200 0 0
 1552 109923.000 152372.000 0 0 0.000 0.000 0.000 200000.000 0 1 0 200 0 0
 1553 82152.000 149934.000 0 0 0.000 0.000 0.000 200000.000 0 1 0 200 0 0
 1554 108629.000 152393.000 0 0 0.000 0.000 0.000 0.278 0 1 0 0 0 0
 1555 88523.000 47960.000 0 0 0.000 0.000 0.000 200000.000 0 1 0 200 0 0
 1556 84296.000 150732.000 0 0 0.000 0.000 0.000 0.340 0 1 0 0 0 0
 1557 139866.000 64240.000 0 0 0.000 0.000 0.000 200000.000 0 1 0 200 0 0
 1558 153684.000 98097.000 0 0 0.000 0.000 0.000 200000.000 0 1 0 200 0 0
 1559 151253.000 115299.000 0 0 54.000 38.000 2052.000 45.299 0 1 24 200 0 0
 1560 145193.000 128589.000 0 0 0.000 0.000 0.000 200000.000 0 1 0 200 0 0
 1561 113103.000 151666.000 0 0 0.000 0.000 0.000 0.371 0 1 0 0 0 0
 1562 111388.000 152253.000 0 0 0.000 0.000 0.000 200000.000 0 1 0 200 0 0
 1563 135177.000 59458.000 0 0 0.000 0.000 0.000 200000.000 0 1 0 200 0 0
 1564 99154.000 46448.000 0 0 0.000 0.000 0.000 0.343 0 1 0 0 0 0
 1565 151042.000 82709.000 0 0 0.000 0.000 0.000 200000.000 0 1 0 200 0 0
 1566 150885.000 82709.000 0 0 0.000 0.000 0.000 200000.000 0 1 0 200 0 0
 1567 146135.000 127386.000 0 0 0.000 0.000 0.000 200000.000 0 1 0 200 0 0
 1568 149166.000 119626.000 0 0 0.000 0.000 0.000 200000.000 0 1 0 200 0 0
 1569 90511.000 152659.000 0 0 0.000 0.000 0.000 0.207 0 1 0 0 0 0
 1570 46511.000 100673.000 0 0 0.000 0.000 0.000 200000.000 0 1 0 200 0 0
 1571 84890.000 48498.000 0 0 0.000 0.000 0.000 0.437 0 1 0 0 0 0
 1572 104737.000 46514.000 0 0 0.000 0.000 0.000 0.240 0 1 0 0 0 0
 1573 123515.000 51613.000 0 0 0.000 0.000 0.000 200000.000 0 1 0 200 0 0
 1574 154034.000 101457.000 0 0 0.000 0.000 0.000 200000.000 0 1 0 200 0 0
 1575 150647.000 118479.000 0 0 0.000 0.000 0.000 0.212 0 1 0 0 0 0
 1576 125723.000 147275.000 0 0 44.000 54.000 2376.000 48.744 0 1 61 200 0 0
 1577 92793.000 153260.000 0 0 0.000 0.000 0.000 200000.000 0 1 0 200 0 0
 1578 69727.000 144318.000 0 0 0.000 0.000 0.000 200000.000 0 1 0 200 0 0
 1579 69866.000 144207.000 0 0 0.000 0.000 0.000 200000.000 0 1 0 200 0 0
 1580 47389.000 90182.000 0 0 0.000 0.000 0.000 200000.000 0 1 0 200 0 0
 1581 99390.000 45976.000 0 0 0.000 0.000 0.000 200000.000 0 1 0 200 0 0
 1582 129463.000 54553.000 0 0 0.000 0.000 0.000 200000.000 0 1 0 200 0 0
 1583 120965.000 50098.000 0 0 0.000 0.000 0.000 200000.000 0 1 0 200 0 0
 1584 129330.000 54658.000 0 0 0.000 0.000 0.000 200000.000 0 1 0 200 0 0
 1585 145867.000 70769.000 0 0 0.000 0.000 0.000 200000.000 0 1 0 200 0 0
 1586 145777.000 70946.000 0 0 0.000 0.000 0.000 200000.000 0 1 0 200 0 0
 1587 147009.000 72639.000 0 0 0.000 0.000 0.000 200000.000 0 1 0 200 0 0
 1588 149227.000 77289.000 0 0 0.000 0.000 0.000 200000.000 0 1 0 200 0 0
 1589 154077.000 95938.000 0 0 0.000 0.000 0.000 200000.000 0 1 0 200 0 0
 1590 149261.000 77330.000 0 0 0.000 0.000 0.000 200000.000 0 1 0 200 0 0
 1591 151973.000 115367.000 0 0 54.000 38.000 2052.000 45.299 0 1 24 200 0 0
 1592 153904.000 95901.000 0 0 0.000 0.000 0.000 200000.000 0 1 0 200 0 0
 1593 151824.000 115272.000 0 0 54.000 38.000 2052.000 45.299 0 1 24 200 0 0
 1594 152578.000 108187.000 0 0 0.000 0.000 0.000 200000.000 0 1 0 200 0 0
 1595 150452.000 117441.000 0 0 0.000 0.000 0.000 200000.000 0 1 0 200 0 0
 1596 54846.000 129269.000 0 0 0.000 0.000 0.000 200000.000 0 1 0 200 0 0
 1597 46502.000 93860.000 0 0 0.000 0.000 0.000 200000.000 0 1 0 200 0 0
 1598 47565.000 87941.000 0 0 0.000 0.000 0.000 200000.000 0 1 0 200 0 0
 1599 47516.000 87877.000 0 0 0.000 0.000 0.000 200000.000 0 1 0 200 0 0
 1600 135307.000 58676.000 0 0 0.000 0.000 0.000 200000.000 0 1 0 200 0 0
 1601 81234.000 49437.000 0 0 0.000 0.000 0.000 200000.000 0 1 0 200 0 0
 1602 141521.000 64891.000 0 0 0.000 0.000 0.000 200000.000 0 1 0 200 0 0
 1603 129704.000 54622.000 0 0 0.000 0.000 0.000 0.408 0 1 0 0 0 0
 1604 141358.000 64961.000 0 0 0.000 0.000 0.000 200000.000 0 1 0 200 0 0
 1605 152917.000 88183.000 0 0 0.000 0.000 0.000 200000.000 0 1 0 200 0 0
 1606 145696.000 70820.000 0 0 0.000 0.000 0.000 200000.000 0 1 0 200 0 0
 1607 152252.000 84857.000 0 0 0.000 0.000 0.000 200000.000 0 1 0 200 0 0
 1608 153855.000 92643.000 0 0 0.000 0.000 0.000 200000.000 0 1 0 200 0 0
 1609 153907.000 92688.000 0 0 0.000 0.000 0.000 200000.000 0 1 0 200 0 0
 1610 116921.000 150426.000 0 0 0.000 0.000 0.000 200000.000 0 1 0 200 0 0
 1611 130532.000 144812.000 0 0 0.000 0.000 0.000 0.215 0 1 0 0 0 0
 1612 103166.000 154033.000 0 0 0.000 0.000 0.000 200000.000 0 1 0 200 0 0
 1613 103117.000 154035.000 0 0 0.000 0.000 0.000 200000.000 0 1 0 200 0 0
 1614 81874.000 150772.000 0 0 0.000 0.000 0.000 0.202 0 1 0 0 0 0
 1615 46143.000 95889.000 0 0 0.000 0.000 0.000 200000.000 0 1 0 200 0 0
 1616 52268.000 74566.000 0 0 0.000 0.000 0.000 200000.000 0 1 0 200 0 0
 1617 73281.000 53057.000 0 0 0.000 0.000 0.000 0.295 0 1 0 0 0 0
 1618 97713.000 45689.000 0 0 0.000 0.000 0.000 200000.000 0 1 0 200 0 0
 1619 154330.000 102583.000 0 0 0.000 0.000 0.000 200000.000 0 1 0 200 0 0
 1620 109554.000 46593.000 0 0 0.000 0.000 0.000 200000.000 0 1 0 200 0 0
 1621 153287.000 110838.000 0 0 0.000 0.000 0.000 200000.000 0 1 0 200 0 0
 1622 135644.000 58739.000 0 0 0.000 0.000 0.000 200000.000 0 1 0 200 0 0
 1623 147648.000 126120.000 0 0 0.000 0.000 0.000 200000.000 0 1 0 200 0 0
 1624 152239.000 84806.000 0 0 0.000 0.000 0.000 200000.000 0 1 0 200 0 0
 1625 144174.000 131897.000 0 0 0.000 0.000 0.000 200000.000 0 1 0 200 0 0
 1626 153304.000 110788.000 0 0 0.000 0.000 0.000 200000.000 0 1 0 200 0 0
 1627 144100.000 131784.000 0 0 0.000 0.000 0.000 200000.000 0 1 0 200 0 0
 1628 126549.000 147281.000 0 0 46.000 54.000 2484.000 49.839 0 1 61 200 0 0
 1629 126426.000 146602.000 0 0 46.000 54.000 2484.000 49.839 0 1 61 200 0 0
 1630 57905.000 65971.000 0 0 0.000 0.000 0.000 200000.000 0 1 0 200 0 0
 1631 62663.000 60763.000 0 0 0.000 0.000 0.000 200000.000 0 1 0 200 0 0
 1632 75203.000 51725.000 0 0 0.000 0.000 0.000 200000.000 0 1 0 200 0 0
 1633 107286.000 45913.000 0 0 0.000 0.000 0.000 200000.000 0 1 0 200 0 0
 1634 151269.000 81311.000 0 0 56.000 40.000 2240.000 47.328 0 1 5 200 0 0
 1635 148698.000 124873.000 0 0 0.000 0.000 0.000 200000.000 0 1 0 200 0 0
 1636 148590.000 124758.000 0 0 0.000 0.000 0.000 200000.000 0 1 0 200 0 0
 1637 148561.000 125066.000 0 0 0.000 0.000 0.000 0.237 0 1 0 0 0 0
 1638 141496.000 135488.000 0 0 0.000 0.000 0.000 0.236 0 1 0 0 0 0
 1639 53521.000 128111.000 0 0 0.000 0.000 0.000 200000.000 0 1 0 200 0 0
 1640 65664.000 57865.000 0 0 0.000 0.000 0.000 0.406 0 1 0 0 0 0
 1641 114137.000 47256.000 0 0 0.000 0.000 0.000 200000.000 0 1 0 200 0 0
 1642 154764.000 103868.000 0 0 0.000 0.000 0.000 200000.000 0 1 0 200 0 0
 1643 116253.000 47503.000 0 0 0.000 0.000 0.000 200000.000 0 1 0 200 0 0
 1644 152683.000 84513.000 0 0 0.000 0.000 0.000 200000.000 0 1 0 200 0 0
 1645 149418.000 123811.000 0 0 0.000 0.000 0.000 200000.000 0 1 0 200 0 0
 1646 126488.000 147704.000 0 0 46.000 54.000 2484.000 49.839 0 1 61 200 0 0
 1647 92211.000 154035.000 0 0 0.000 0.000 0.000 200000.000 0 1 0 200 0 0
 1648 92285.000 153874.000 0 0 0.000 0.000 0.000 200000.000 0 1 0 200 0 0
 1649 80035.000 150677.000 0 0 0.000 0.000 0.000 0.456 0 1 0 0 0 0
 1650 50290.000 77938.000 0 0 0.000 0.000 0.000 200000.000 0 1 0 200 0 0
 1651 89230.000 46241.000 0 0 0.000 0.000 0.000 200000.000 0 1 0 200 0 0
 1652 107388.000 45755.000 0 0 0.000 0.000 0.000 200000.000 0 1 0 200 0 0
 1653 90006.000 46088.000 0 0 0.000 0.000 0.000 200000.000 0 1 0 200 0 0
 1654 154745.000 95770.000 0 0 0.000 0.000 0.000 200000.000 0 1 0 200 0 0
 1655 154996.000 96998.000 0 0 0.000 0.000 0.000 200000.000 0 1 0 200 0 0
 1656 154823.000 96957.000 0 0 0.000 0.000 0.000 200000.000 0 1 0 200 0 0
 1657 149425.000 123752.000 0 0 0.000 0.000 0.000 200000.000 0 1 0 200 0 0
 1658 136062.000 141238.000 0 0 0.000 0.000 0.000 200000.000 0 1 0 200 0 0
 1659 126329.000 147035.000 0 0 46.000 54.000 2484.000 49.839 0 1 61 200 0 0
 1660 115897.000 152383.000 0 0 0.000 0.000 0.000 0.215 0 1 0 0 0 0
 1661 72258.000 147062.000 0 0 0.000 0.000 0.000 0.244 0 1 0 0 0 0
 1662 71146.000 146467.000 0 0 0.000 0.000 0.000 200000.000 0 1 0 200 0 0
 1663 47694.000 115280.000 0 0 0.000 0.000 0.000 200000.000 0 1 0 200 0 0
 1664 71103.000 146440.000 0 0 0.000 0.000 0.000 200000.000 0 1 0 200 0 0
 1665 59770.000 137016.000 0 0 0.000 0.000 0.000 200000.000 0 1 0 200 0 0
 1666 59610.000 137094.000 0 0 0.000 0.000 0.000 200000.000 0 1 0 200 0 0
 1667 51519.000 74819.000 0 0 0.000 0.000 0.000 200000.000 0 1 0 200 0 0
 1668 94071.000 45370.000 0 0 0.000 0.000 0.000 200000.000 0 1 0 200 0 0
 1669 151830.000 81200.000 0 0 56.000 40.000 2240.000 47.328 0 1 5 200 0 0
 1670 113434.000 46550.000 0 0 0.000 0.000 0.000 200000.000 0 1 0 200 0 0
 1671 134046.000 56770.000 0 0 0.000 0.000 0.000 200000.000 0 1 0 200 0 0
 1672 89003.000 152796.000 0 0 0.000 0.000 0.000 200000.000 0 1 0 200 0 0
 1673 153590.000 87468.000 0 0 0.000 0.000 0.000 0.304 0 1 0 0 0 0
 1674 154602.000 92937.000 0 0 0.000 0.000 0.000 0.318 0 1 0 0 0 0
 1675 153709.000 112063.000 0 0 0.000 0.000 0.000 200000.000 0 1 0 200 0 0
 1676 152533.000 117540.000 0 0 0.000 0.000 0.000 200000.000 0 1 0 200 0 0
 1677 149198.000 125386.000 0 0 0.000 0.000 0.000 200000.000 0 1 0 200 0 0
 1678 142047.000 135950.000 0 0 0.000 0.000 0.000 200000.000 0 1 0 200 0 0
 1679 136383.000 140207.000 0 0 0.000 0.000 0.000 200000.000 0 1 0 200 0 0
 1680 116338.000 152497.000 0 0 0.000 0.000 0.000 0.233 0 1 0 0 0 0
 1681 86827.000 153079.000 0 0 0.000 0.000 0.000 0.288 0 1 0 0 0 0
 1682 64656.000 141752.000 0 0 0.000 0.000 0.000 200000.000 0 1 0 200 0 0
 1683 55482.000 132011.000 0 0 0.000 0.000 0.000 200000.000 0 1 0 200 0 0
 1684 135491.000 57719.000 0 0 0.000 0.000 0.000 200000.000 0 1 0 200 0 0
 1685 149456.000 74999.000 0 0 0.000 0.000 0.000 200000.000 0 1 0 200 0 0
 1686 68846.000 54609.000 0 0 0.000 0.000 0.000 200000.000 0 1 0 200 0 0
 1687 87868.000 46342.000 0 0 0.000 0.000 0.000 0.283 0 1 0 0 0 0
 1688 112994.000 46443.000 0 0 0.000 0.000 0.000 200000.000 0 1 0 200 0 0
 1689 151511.000 120326.000 0 0 0.000 0.000 0.000 200000.000 0 1 0 200 0 0
 1690 149281.000 75032.000 0 0 0.000 0.000 0.000 200000.000 0 1 0 200 0 0
 1691 154474.000 89792.000 0 0 0.000 0.000 0.000 200000.000 0 1 0 200 0 0
 1692 155226.000 106234.000 0 0 0.000 0.000 0.000 200000.000 0 1 0 200 0 0
 1693 154291.000 110966.000 0 0 0.000 0.000 0.000 0.227 0 1 0 0 0 0
 1694 151414.000 120233.000 0 0 0.000 0.000 0.000 200000.000 0 1 0 200 0 0
 1695 113566.000 153668.000 0 0 36.000 54.000 1944.000 44.090 0 1 78 200 0 0
 1696 123589.000 148907.000 0 0 0.000 0.000 0.000 200000.000 0 1 0 200 0 0
 1697 95062.000 154721.000 0 0 28.000 52.000 1456.000 38.157 0 1 81 210 0 0
 1698 68262.000 144953.000 0 0 0.000 0.000 0.000 200000.000 0 1 0 200 0 0
 1699 95119.000 154714.000 0 0 28.000 52.000 1456.000 38.157 0 1 81 210 0 0
 1700 68379.000 144875.000 0 0 0.000 0.000 0.000 200000.000 0 1 0 200 0 0
 1701 67880.000 144481.000 0 0 0.000 0.000 0.000 200000.000 0 1 0 200 0 0
 1702 46792.000 113937.000 0 0 0.000 0.000 0.000 200000.000 0 1 0 200 0 0
 1703 58673.000 63466.000 0 0 0.000 0.000 0.000 200000.000 0 1 0 200 0 0
 1704 46752.000 85986.000 0 0 0.000 0.000 0.000 200000.000 0 1 0 200 0 0
 1705 48238.000 81881.000 0 0 0.000 0.000 0.000 0.453 0 1 0 0 0 0
 1706 154225.000 87747.000 0 0 0.000 0.000 0.000 200000.000 0 1 0 200 0 0
 1707 84356.000 47124.000 0 0 0.000 0.000 0.000 200000.000 0 1 0 200 0 0
 1708 117281.000 47536.000 0 0 0.000 0.000 0.000 0.428 0 1 0 0 0 0
 1709 136539.000 58225.000 0 0 0.000 0.000 0.000 200000.000 0 1 0 200 0 0
 1710 136607.000 58224.000 0 0 0.000 0.000 0.000 200000.000 0 1 0 200 0 0
 1711 154080.000 87729.000 0 0 0.000 0.000 0.000 200000.000 0 1 0 200 0 0
 1712 155100.000 106169.000 0 0 0.000 0.000 0.000 200000.000 0 1 0 200 0 0
 1713 94837.000 155040.000 0 0 28.000 52.000 1456.000 38.157 0 1 81 210 0 0
 1714 46706.000 113609.000 0 0 0.000 0.000 0.000 200000.000 0 1 0 200 0 0
 1715 94904.000 154876.000 0 0 28.000 52.000 1456.000 38.157 0 1 81 210 0 0
 1716 57864.000 64410.000 0 0 0.000 0.000 0.000 200000.000 0 1 0 200 0 0
 1717 62472.000 59573.000 0 0 0.000 0.000 0.000 200000.000 0 1 0 200 0 0
 1718 70488.000 53109.000 0 0 0.000 0.000 0.000 200000.000 0 1 0 200 0 0
 1719 82746.000 47377.000 0 0 0.000 0.000 0.000 0.245 0 1 0 0 0 0
 1720 87067.000 46206.000 0 0 0.000 0.000 0.000 200000.000 0 1 0 200 0 0
 1721 152181.000 80506.000 0 0 56.000 40.000 2240.000 47.328 0 1 5 200 0 0
 1722 152251.000 80536.000 0 0 56.000 40.000 2240.000 47.328 0 1 5 200 0 0
 1723 155163.000 91856.000 0 0 0.000 0.000 0.000 200000.000 0 1 0 200 0 0
 1724 151415.000 81323.000 0 0 56.000 40.000 2240.000 47.328 0 1 5 200 0 0
 1725 155499.000 105269.000 0 0 0.000 0.000 0.000 200000.000 0 1 0 200 0 0
 1726 154750.000 102776.000 0 0 0.000 0.000 0.000 200000.000 0 1 0 200 0 0
 1727 130783.000 145155.000 0 0 0.000 0.000 0.000 200000.000 0 1 0 200 0 0
 1728 106181.000 155110.000 0 0 0.000 0.000 0.000 0.236 0 1 0 0 0 0
 1729 111079.000 154207.000 0 0 0.000 0.000 0.000 200000.000 0 1 0 200 0 0
 1730 102561.000 155423.000 0 0 0.000 0.000 0.000 200000.000 0 1 0 200 0 0
 1731 60686.000 61071.000 0 0 0.000 0.000 0.000 200000.000 0 1 0 200 0 0
 1732 74550.000 50567.000 0 0 0.000 0.000 0.000 200000.000 0 1 0 200 0 0
 1733 154831.000 88957.000 0 0 0.000 0.000 0.000 200000.000 0 1 0 200 0 0
 1734 155569.000 92297.000 0 0 0.000 0.000 0.000 200000.000 0 1 0 200 0 0
 1735 155838.000 99502.000 0 0 0.000 0.000 0.000 0.310 0 1 0 0 0 0
 1736 154803.000 111060.000 0 0 0.000 0.000 0.000 200000.000 0 1 0 200 0 0
 1737 131869.000 145549.000 0 0 0.000 0.000 0.000 0.240 0 1 0 0 0 0
 1738 54488.000 131486.000 0 0 0.000 0.000 0.000 200000.000 0 1 0 200 0 0
 1739 64030.000 142143.000 0 0 0.000 0.000 0.000 0.274 0 1 0 0 0 0
 1740 54519.000 131531.000 0 0 0.000 0.000 0.000 200000.000 0 1 0 200 0 0
 1741 140881.000 61627.000 0 0 0.000 0.000 0.000 200000.000 0 1 0 200 0 0
 1742 78303.000 48704.000 0 0 0.000 0.000 0.000 0.472 0 1 0 0 0 0
 1743 155394.000 92270.000 0 0 0.000 0.000 0.000 200000.000 0 1 0 200 0 0
 1744 140748.000 61682.000 0 0 0.000 0.000 0.000 200000.000 0 1 0 200 0 0
 1745 151970.000 121007.000 0 0 0.000 0.000 0.000 200000.000 0 1 0 200 0 0
 1746 145136.000 66766.000 0 0 0.000 0.000 0.000 0.221 0 1 0 0 0 0
 1747 143761.000 134606.000 0 0 0.000 0.000 0.000 200000.000 0 1 0 200 0 0
 1748 154891.000 88410.000 0 0 0.000 0.000 0.000 200000.000 0 1 0 200 0 0
 1749 154902.000 88462.000 0 0 0.000 0.000 0.000 200000.000 0 1 0 200 0 0
 1750 154803.000 88912.000 0 0 0.000 0.000 0.000 200000.000 0 1 0 200 0 0
 1751 155188.000 108791.000 0 0 0.000 0.000 0.000 0.469 0 1 0 0 0 0
 1752 151832.000 120896.000 0 0 0.000 0.000 0.000 200000.000 0 1 0 200 0 0
 1753 127205.000 148863.000 0 0 0.000 0.000 0.000 200000.000 0 1 0 200 0 0
 1754 122710.000 151085.000 0 0 0.000 0.000 0.000 200000.000 0 1 0 200 0 0
 1755 48046.000 120024.000 0 0 0.000 0.000 0.000 200000.000 0 1 0 200 0 0
 1756 112827.000 154369.000 0 0 34.000 54.000 1836.000 42.848 0 1 78 200 0 0
 1757 105736.000 154613.000 0 0 0.000 0.000 0.000 200000.000 0 1 0 200 0 0
 1758 48185.000 120028.000 0 0 0.000 0.000 0.000 200000.000 0 1 0 200 0 0
 1759 44299.000 99304.000 0 0 0.000 0.000 0.000 200000.000 0 1 0 200 0 0
 1760 127161.000 148888.000 0 0 0.000 0.000 0.000 200000.000 0 1 0 200 0 0
 1761 150824.000 75860.000 0 0 56.000 42.000 2352.000 48.497 0 1 3 200 0 0
 1762 156230.000 98583.000 0 0 0.000 0.000 0.000 200000.000 0 1 0 200 0 0
 1763 156249.000 98634.000 0 0 0.000 0.000 0.000 200000.000 0 1 0 200 0 0
 1764 143375.000 135508.000 0 0 0.000 0.000 0.000 200000.000 0 1 0 200 0 0
 1765 141639.000 137440.000 0 0 0.000 0.000 0.000 200000.000 0 1 0 200 0 0
 1766 139674.000 139740.000 0 0 0.000 0.000 0.000 200000.000 0 1 0 200 0 0
 1767 132261.000 145918.000 0 0 0.000 0.000 0.000 200000.000 0 1 0 200 0 0
 1768 154573.000 109084.000 0 0 0.000 0.000 0.000 200000.000 0 1 0 200 0 0
 1769 56701.000 64697.000 0 0 0.000 0.000 0.000 200000.000 0 1 0 200 0 0
 1770 150845.000 75904.000 0 0 56.000 42.000 2352.000 48.497 0 1 3 200 0 0
 1771 151723.000 77415.000 0 0 0.000 0.000 0.000 200000.000 0 1 0 200 0 0
 1772 84433.000 46036.000 0 0 0.000 0.000 0.000 200000.000 0 1 0 200 0 0
 1773 124640.000 49324.000 0 0 0.000 0.000 0.000 200000.000 0 1 0 200 0 0
 1774 151552.000 77437.000 0 0 0.000 0.000 0.000 200000.000 0 1 0 200 0 0
 1775 156604.000 99633.000 0 0 0.000 0.000 0.000 200000.000 0 1 0 200 0 0
 1776 126784.000 149296.000 0 0 0.000 0.000 0.000 200000.000 0 1 0 200 0 0
 1777 122403.000 151414.000 0 0 0.000 0.000 0.000 200000.000 0 1 0 200 0 0
 1778 106267.000 155826.000 0 0 0.000 0.000 0.000 200000.000 0 1 0 200 0 0
 1779 116486.000 152911.000 0 0 0.000 0.000 0.000 200000.000 0 1 0 200 0 0
 1780 113205.000 153795.000 0 0 34.000 54.000 1836.000 42.848 0 1 78 200 0 0
 1781 87893.000 153834.000 0 0 0.000 0.000 0.000 200000.000 0 1 0 200 0 0
 1782 68009.000 146023.000 0 0 0.000 0.000 0.000 200000.000 0 1 0 200 0 0
 1783 57094.000 64006.000 0 0 0.000 0.000 0.000 200000.000 0 1 0 200 0 0
 1784 45883.000 85282.000 0 0 0.000 0.000 0.000 200000.000 0 1 0 200 0 0
 1785 77066.000 48791.000 0 0 0.000 0.000 0.000 200000.000 0 1 0 200 0 0
 1786 56948.000 64183.000 0 0 0.000 0.000 0.000 0.276 0 1 0 0 0 0
 1787 72419.000 51070.000 0 0 0.000 0.000 0.000 0.275 0 1 0 0 0 0
 1788 140728.000 60728.000 0 0 0.000 0.000 0.000 200000.000 0 1 0 200 0 0
 1789 86016.000 45421.000 0 0 0.000 0.000 0.000 200000.000 0 1 0 200 0 0
 1790 134808.000 55828.000 0 0 0.000 0.000 0.000 0.258 0 1 0 0 0 0
 1791 153711.000 82113.000 0 0 0.000 0.000 0.000 200000.000 0 1 0 200 0 0
 1792 140589.000 60788.000 0 0 0.000 0.000 0.000 200000.000 0 1 0 200 0 0
 1793 155376.000 110797.000 0 0 0.000 0.000 0.000 200000.000 0 1 0 200 0 0
 1794 151648.000 76962.000 0 0 0.000 0.000 0.000 200000.000 0 1 0 200 0 0
 1795 140115.000 139782.000 0 0 0.000 0.000 0.000 200000.000 0 1 0 200 0 0
 1796 151719.000 76986.000 0 0 0.000 0.000 0.000 200000.000 0 1 0 200 0 0
 1797 153550.000 82114.000 0 0 0.000 0.000 0.000 200000.000 0 1 0 200 0 0
 1798 140138.000 139733.000 0 0 0.000 0.000 0.000 200000.000 0 1 0 200 0 0
 1799 155629.000 99485.000 0 0 0.000 0.000 0.000 200000.000 0 1 0 200 0 0
 1800 130646.000 146277.000 0 0 0.000 0.000 0.000 200000.000 0 1 0 200 0 0
 1801 46843.000 117685.000 0 0 0.000 0.000 0.000 200000.000 0 1 0 200 0 0
 1802 64014.000 142987.000 0 0 0.000 0.000 0.000 0.448 0 1 0 0 0 0
 1803 53721.000 131535.000 0 0 0.000 0.000 0.000 0.313 0 1 0 0 0 0
 1804 135079.000 55635.000 0 0 0.000 0.000 0.000 200000.000 0 1 0 200 0 0
 1805 52264.000 129641.000 0 0 0.000 0.000 0.000 200000.000 0 1 0 200 0 0
 1806 45863.000 114873.000 0 0 0.000 0.000 0.000 200000.000 0 1 0 200 0 0
 1807 45801.000 114837.000 0 0 0.000 0.000 0.000 200000.000 0 1 0 200 0 0
 1808 43962.000 103885.000 0 0 0.000 0.000 0.000 0.239 0 1 0 0 0 0
 1809 101471.000 43432.000 0 0 0.000 0.000 0.000 200000.000 0 1 0 200 0 0
 1810 151963.000 122686.000 0 0 0.000 0.000 0.000 0.217 0 1 0 0 0 0
 1811 120291.000 152811.000 0 0 0.000 0.000 0.000 200000.000 0 1 0 200 0 0
 1812 91350.000 155796.000 0 0 0.000 0.000 0.000 200000.000 0 1 0 200 0 0
 1813 91426.000 155636.000 0 0 0.000 0.000 0.000 200000.000 0 1 0 200 0 0
 1814 85385.000 154463.000 0 0 0.000 0.000 0.000 200000.000 0 1 0 200 0 0
 1815 85322.000 154499.000 0 0 0.000 0.000 0.000 200000.000 0 1 0 200 0 0
 1816 44914.000 111119.000 0 0 0.000 0.000 0.000 200000.000 0 1 0 200 0 0
 1817 69785.000 147561.000 0 0 48.000 56.000 2688.000 51.845 0 1 64 210 0 0
 1818 44717.000 110104.000 0 0 0.000 0.000 0.000 200000.000 0 1 0 200 0 0
 1819 45112.000 112820.000 0 0 0.000 0.000 0.000 200000.000 0 1 0 200 0 0
 1820 44083.000 94096.000 0 0 0.000 0.000 0.000 200000.000 0 1 0 200 0 0
 1821 95687.000 43556.000 0 0 0.000 0.000 0.000 0.210 0 1 0 0 0 0
 1822 151576.000 75858.000 0 0 56.000 42.000 2352.000 48.497 0 1 3 200 0 0
 1823 146147.000 133229.000 0 0 0.000 0.000 0.000 200000.000 0 1 0 200 0 0
 1824 151400.000 75868.000 0 0 56.000 42.000 2352.000 48.497 0 1 3 200 0 0
 1825 151759.000 75850.000 0 0 56.000 42.000 2352.000 48.497 0 1 3 200 0 0
 1826 156080.000 90070.000 0 0 0.000 0.000 0.000 200000.000 0 1 0 200 0 0
 1827 156088.000 90119.000 0 0 0.000 0.000 0.000 200000.000 0 1 0 200 0 0
 1828 146090.000 133125.000 0 0 0.000 0.000 0.000 200000.000 0 1 0 200 0 0
 1829 120340.000 152792.000 0 0 0.000 0.000 0.000 200000.000 0 1 0 200 0 0
 1830 113178.000 155161.000 0 0 34.000 54.000 1836.000 42.848 0 1 78 200 0 0
 1831 113186.000 154984.000 0 0 34.000 54.000 1836.000 42.848 0 1 78 200 0 0
 1832 112072.000 155369.000 0 0 0.000 0.000 0.000 200000.000 0 1 0 200 0 0
 1833 112030.000 155420.000 0 0 0.000 0.000 0.000 200000.000 0 1 0 200 0 0
 1834 104025.000 156724.000 0 0 0.000 0.000 0.000 200000.000 0 1 0 200 0 0
 1835 82345.000 153638.000 0 0 0.000 0.000 0.000 0.246 0 1 0 0 0 0
 1836 79810.000 153050.000 0 0 40.000 56.000 2240.000 47.328 0 1 75 200 0 0
 1837 79366.000 152696.000 0 0 42.000 56.000 2352.000 48.497 0 1 75 200 0 0
 1838 62065.000 141882.000 0 0 0.000 0.000 0.000 200000.000 0 1 0 200 0 0
 1839 62002.000 141875.000 0 0 0.000 0.000 0.000 200000.000 0 1 0 200 0 0
 1840 59374.000 60688.000 0 0 0.000 0.000 0.000 200000.000 0 1 0 200 0 0
 1841 51197.000 128528.000 0 0 0.000 0.000 0.000 200000.000 0 1 0 200 0 0
 1842 114683.000 44938.000 0 0 0.000 0.000 0.000 200000.000 0 1 0 200 0 0
 1843 79929.000 46937.000 0 0 0.000 0.000 0.000 0.217 0 1 0 0 0 0
 1844 149977.000 72707.000 0 0 0.000 0.000 0.000 200000.000 0 1 0 200 0 0
 1845 114600.000 45062.000 0 0 0.000 0.000 0.000 200000.000 0 1 0 200 0 0
 1846 131541.000 147241.000 0 0 0.000 0.000 0.000 0.231 0 1 0 0 0 0
 1847 137393.000 56880.000 0 0 0.000 0.000 0.000 200000.000 0 1 0 200 0 0
 1848 93892.000 156453.000 0 0 0.000 0.000 0.000 0.218 0 1 0 0 0 0
 1849 148291.000 130529.000 0 0 0.000 0.000 0.000 0.128 0 1 0 0 0 0
 1850 79917.000 152909.000 0 0 40.000 56.000 2240.000 47.328 0 1 75 200 0 0
 1851 51225.000 128575.000 0 0 0.000 0.000 0.000 200000.000 0 1 0 200 0 0
 1852 71826.000 50706.000 0 0 0.000 0.000 0.000 200000.000 0 1 0 200 0 0
 1853 124044.000 48105.000 0 0 0.000 0.000 0.000 200000.000 0 1 0 200 0 0
 1854 94471.000 155533.000 0 0 28.000 52.000 1456.000 38.157 0 1 81 210 0 0
 1855 69971.000 147047.000 0 0 48.000 56.000 2688.000 51.845 0 1 64 210 0 0
 1856 145454.000 66515.000 0 0 0.000 0.000 0.000 200000.000 0 1 0 200 0 0
 1857 114381.000 155042.000 0 0 0.000 0.000 0.000 200000.000 0 1 0 200 0 0
 1858 108074.000 156299.000 0 0 0.000 0.000 0.000 0.279 0 1 0 0 0 0
 1859 86180.000 155253.000 0 0 0.000 0.000 0.000 200000.000 0 1 0 200 0 0
 1860 86246.000 155202.000 0 0 0.000 0.000 0.000 200000.000 0 1 0 200 0 0
 1861 69605.000 148106.000 0 0 48.000 56.000 2688.000 51.845 0 1 64 210 0 0
 1862 70481.000 51239.000 0 0 0.000 0.000 0.000 0.334 0 1 0 0 0 0
 1863 72954.000 49684.000 0 0 0.000 0.000 0.000 200000.000 0 1 0 200 0 0
 1864 74900.000 48863.000 0 0 0.000 0.000 0.000 200000.000 0 1 0 200 0 0
 1865 95339.000 43122.000 0 0 0.000 0.000 0.000 200000.000 0 1 0 200 0 0
 1866 123980.000 151819.000 0 0 0.000 0.000 0.000 200000.000 0 1 0 200 0 0
 1867 145224.000 64863.000 0 0 0.000 0.000 0.000 200000.000 0 1 0 200 0 0
 1868 120934.000 153108.000 0 0 0.000 0.000 0.000 200000.000 0 1 0 200 0 0
 1869 148747.000 70019.000 0 0 0.000 0.000 0.000 0.298 0 1 0 0 0 0
 1870 152898.000 77913.000 0 0 0.000 0.000 0.000 200000.000 0 1 0 200 0 0
 1871 157059.000 93224.000 0 0 0.000 0.000 0.000 200000.000 0 1 0 200 0 0
 1872 145413.000 135334.000 0 0 0.000 0.000 0.000 200000.000 0 1 0 200 0 0
 1873 109088.000 156481.000 0 0 0.000 0.000 0.000 200000.000 0 1 0 200 0 0
 1874 98570.000 156979.000 0 0 0.000 0.000 0.000 200000.000 0 1 0 200 0 0
 1875 79120.000 153094.000 0 0 42.000 56.000 2352.000 48.497 0 1 75 200 0 0
 1876 61254.000 141881.000 0 0 0.000 0.000 0.000 200000.000 0 1 0 200 0 0
 1877 50642.000 128247.000 0 0 0.000 0.000 0.000 200000.000 0 1 0 200 0 0
 1878 114118.000 44268.000 0 0 0.000 0.000 0.000 200000.000 0 1 0 200 0 0
 1879 49994.000 72333.000 0 0 0.000 0.000 0.000 200000.000 0 1 0 200 0 0
 1880 114044.000 44351.000 0 0 0.000 0.000 0.000 200000.000 0 1 0 200 0 0
 1881 124654.000 48203.000 0 0 42.000 56.000 2352.000 48.497 0 1 2 200 0 0
 1882 125046.000 48240.000 0 0 42.000 56.000 2352.000 48.497 0 1 2 200 0 0
 1883 130567.000 51452.000 0 0 0.000 0.000 0.000 0.307 0 1 0 0 0 0
 1884 140216.000 58774.000 0 0 0.000 0.000 0.000 200000.000 0 1 0 200 0 0
 1885 155846.000 114119.000 0 0 0.000 0.000 0.000 200000.000 0 1 0 200 0 0
 1886 140254.000 58810.000 0 0 0.000 0.000 0.000 200000.000 0 1 0 200 0 0
 1887 155725.000 114037.000 0 0 0.000 0.000 0.000 200000.000 0 1 0 200 0 0
 1888 102330.000 157134.000 0 0 0.000 0.000 0.000 200000.000 0 1 0 200 0 0
 1889 74402.000 151218.000 0 0 0.000 0.000 0.000 200000.000 0 1 0 200 0 0
 1890 86267.000 155625.000 0 0 0.000 0.000 0.000 200000.000 0 1 0 200 0 0
 1891 74523.000 151088.000 0 0 0.000 0.000 0.000 200000.000 0 1 0 200 0 0
 1892 125109.000 48230.000 0 0 42.000 56.000 2352.000 48.497 0 1 2 200 0 0
 1893 59366.000 140126.000 0 0 0.000 0.000 0.000 0.458 0 1 0 0 0 0
 1894 157352.000 107062.000 0 0 0.000 0.000 0.000 200000.000 0 1 0 200 0 0
 1895 73974.000 48907.000 0 0 0.000 0.000 0.000 0.270 0 1 0 0 0 0
 1896 124938.000 47961.000 0 0 42.000 56.000 2352.000 48.497 0 1 2 200 0 0
 1897 148837.000 69362.000 0 0 0.000 0.000 0.000 0.226 0 1 0 0 0 0
 1898 156791.000 95139.000 0 0 0.000 0.000 0.000 200000.000 0 1 0 200 0 0
 1899 157190.000 106992.000 0 0 0.000 0.000 0.000 200000.000 0 1 0 200 0 0
 1900 142003.000 139334.000 0 0 0.000 0.000 0.000 200000.000 0 1 0 200 0 0
 1901 134095.000 146303.000 0 0 0.000 0.000 0.000 0.285 0 1 0 0 0 0
 1902 96174.000 157236.000 0 0 0.000 0.000 0.000 0.254 0 1 0 0 0 0
 1903 104009.000 156500.000 0 0 0.000 0.000 0.000 200000.000 0 1 0 200 0 0
 1904 86324.000 155625.000 0 0 0.000 0.000 0.000 200000.000 0 1 0 200 0 0
 1905 63009.000 56099.000 0 0 0.000 0.000 0.000 200000.000 0 1 0 200 0 0
 1906 47354.000 122389.000 0 0 0.000 0.000 0.000 200000.000 0 1 0 200 0 0
 1907 67929.000 52145.000 0 0 0.000 0.000 0.000 200000.000 0 1 0 200 0 0
 1908 71028.000 50384.000 0 0 0.000 0.000 0.000 200000.000 0 1 0 200 0 0
 1909 99970.000 42230.000 0 0 0.000 0.000 0.000 200000.000 0 1 0 200 0 0
 1910 103906.000 42514.000 0 0 0.000 0.000 0.000 200000.000 0 1 0 200 0 0
 1911 117199.000 44814.000 0 0 0.000 0.000 0.000 200000.000 0 1 0 200 0 0
 1912 117258.000 44789.000 0 0 0.000 0.000 0.000 200000.000 0 1 0 200 0 0
 1913 124027.000 47468.000 0 0 0.000 0.000 0.000 200000.000 0 1 0 200 0 0
 1914 128137.000 49480.000 0 0 0.000 0.000 0.000 200000.000 0 1 0 200 0 0
 1915 128212.000 49451.000 0 0 0.000 0.000 0.000 200000.000 0 1 0 200 0 0
 1916 141900.000 139903.000 0 0 0.000 0.000 0.000 200000.000 0 1 0 200 0 0
 1917 141776.000 60060.000 0 0 0.000 0.000 0.000 0.372 0 1 0 0 0 0
 1918 151524.000 73509.000 0 0 0.000 0.000 0.000 200000.000 0 1 0 200 0 0
 1919 151575.000 73542.000 0 0 0.000 0.000 0.000 200000.000 0 1 0 200 0 0
 1920 155207.000 82877.000 0 0 0.000 0.000 0.000 200000.000 0 1 0 200 0 0
 1921 156777.000 88721.000 0 0 0.000 0.000 0.000 200000.000 0 1 0 200 0 0
 1922 152345.000 122838.000 0 0 0.000 0.000 0.000 200000.000 0 1 0 200 0 0
 1923 141819.000 139752.000 0 0 0.000 0.000 0.000 200000.000 0 1 0 200 0 0
 1924 130602.000 148842.000 0 0 0.000 0.000 0.000 200000.000 0 1 0 200 0 0
 1925 124865.000 152052.000 0 0 0.000 0.000 0.000 0.341 0 1 0 0 0 0
 1926 141673.000 59749.000 0 0 0.000 0.000 0.000 200000.000 0 1 0 200 0 0
 1927 55644.000 63364.000 0 0 0.000 0.000 0.000 0.441 0 1 0 0 0 0
 1928 157652.000 92444.000 0 0 0.000 0.000 0.000 200000.000 0 1 0 200 0 0
 1929 157859.000 105587.000 0 0 0.000 0.000 0.000 200000.000 0 1 0 200 0 0
 1930 151189.000 72666.000 0 0 0.000 0.000 0.000 200000.000 0 1 0 200 0 0
 1931 150796.000 127858.000 0 0 0.000 0.000 0.000 0.122 0 1 0 0 0 0
 1932 151306.000 72663.000 0 0 0.000 0.000 0.000 200000.000 0 1 0 200 0 0
 1933 69649.000 148133.000 0 0 48.000 56.000 2688.000 51.845 0 1 64 210 0 0
 1934 158071.000 102662.000 0 0 0.000 0.000 0.000 200000.000 0 1 0 200 0 0
 1935 157721.000 105523.000 0 0 0.000 0.000 0.000 200000.000 0 1 0 200 0 0
 1936 157303.000 108575.000 0 0 0.000 0.000 0.000 0.269 0 1 0 0 0 0
 1937 157344.000 109398.000 0 0 0.000 0.000 0.000 0.220 0 1 0 0 0 0
 1938 156829.000 112045.000 0 0 54.000 34.000 1836.000 42.848 0 1 21 200 0 0
 1939 151556.000 124693.000 0 0 0.000 0.000 0.000 200000.000 0 1 0 200 0 0
 1940 132689.000 147695.000 0 0 0.000 0.000 0.000 200000.000 0 1 0 200 0 0
 1941 120667.000 154122.000 0 0 0.000 0.000 0.000 200000.000 0 1 0 200 0 0
 1942 69571.000 147926.000 0 0 48.000 56.000 2688.000 51.845 0 1 64 210 0 0
 1943 78851.000 153772.000 0 0 42.000 56.000 2352.000 48.497 0 1 75 200 0 0
 1944 78960.000 153632.000 0 0 42.000 56.000 2352.000 48.497 0 1 75 200 0 0
 1945 78662.000 153651.000 0 0 42.000 56.000 2352.000 48.497 0 1 75 200 0 0
 1946 57121.000 61371.000 0 0 0.000 0.000 0.000 200000.000 0 1 0 200 0 0
 1947 63565.000 54971.000 0 0 0.000 0.000 0.000 200000.000 0 1 0 200 0 0
 1948 80099.000 45505.000 0 0 0.000 0.000 0.000 200000.000 0 1 0 200 0 0
 1949 144602.000 62477.000 0 0 0.000 0.000 0.000 200000.000 0 1 0 200 0 0
 1950 144438.000 62547.000 0 0 0.000 0.000 0.000 200000.000 0 1 0 200 0 0
 1951 151174.000 72472.000 0 0 0.000 0.000 0.000 0.250 0 1 0 0 0 0
 1952 141227.000 141071.000 0 0 52.000 52.000 2704.000 52.000 0 1 52 200 0 0
 1953 151440.000 74530.000 0 0 0.000 0.000 0.000 200000.000 0 1 0 200 0 0
 1954 158090.000 101521.000 0 0 0.000 0.000 0.000 0.427 0 1 0 0 0 0
 1955 157417.000 99645.000 0 0 0.000 0.000 0.000 200000.000 0 1 0 200 0 0
 1956 154384.000 120793.000 0 0 0.000 0.000 0.000 0.220 0 1 0 0 0 0
 1957 141171.000 140944.000 0 0 52.000 52.000 2704.000 52.000 0 1 52 200 0 0
 1958 117003.000 155512.000 0 0 0.000 0.000 0.000 0.215 0 1 0 0 0 0
 1959 47851.000 75033.000 0 0 0.000 0.000 0.000 200000.000 0 1 0 200 0 0
 1960 134812.000 53293.000 0 0 0.000 0.000 0.000 200000.000 0 1 0 200 0 0
 1961 93863.000 156859.000 0 0 0.000 0.000 0.000 200000.000 0 1 0 200 0 0
 1962 141444.000 141095.000 0 0 52.000 52.000 2704.000 52.000 0 1 52 200 0 0
 1963 134770.000 146839.000 0 0 0.000 0.000 0.000 200000.000 0 1 0 200 0 0
 1964 128032.000 150930.000 0 0 0.000 0.000 0.000 200000.000 0 1 0 200 0 0
 1965 73977.000 150855.000 0 0 0.000 0.000 0.000 200000.000 0 1 0 200 0 0
 1966 141373.000 140953.000 0 0 52.000 52.000 2704.000 52.000 0 1 52 200 0 0
 1967 134737.000 146710.000 0 0 0.000 0.000 0.000 200000.000 0 1 0 200 0 0
 1968 128920.000 149701.000 0 0 0.000 0.000 0.000 200000.000 0 1 0 200 0 0
 1969 66151.000 147204.000 0 0 48.000 54.000 2592.000 50.911 0 1 63 200 0 0
 1970 75327.000 152802.000 0 0 0.000 0.000 0.000 200000.000 0 1 0 200 0 0
 1971 44354.000 115969.000 0 0 0.000 0.000 0.000 200000.000 0 1 0 200 0 0
 1972 82130.000 44617.000 0 0 0.000 0.000 0.000 200000.000 0 1 0 200 0 0
 1973 66328.000 52639.000 0 0 0.000 0.000 0.000 200000.000 0 1 0 200 0 0
 1974 125118.000 47107.000 0 0 42.000 56.000 2352.000 48.497 0 1 2 200 0 0
 1975 125016.000 47200.000 0 0 42.000 56.000 2352.000 48.497 0 1 2 200 0 0
 1976 154741.000 79090.000 0 0 0.000 0.000 0.000 0.205 0 1 0 0 0 0
 1977 155480.000 81106.000 0 0 0.000 0.000 0.000 200000.000 0 1 0 200 0 0
 1978 155537.000 81143.000 0 0 0.000 0.000 0.000 200000.000 0 1 0 200 0 0
 1979 157520.000 112184.000 0 0 54.000 34.000 1836.000 42.848 0 1 21 200 0 0
 1980 150010.000 130318.000 0 0 0.000 0.000 0.000 0.336 0 1 0 0 0 0
 1981 144741.000 137507.000 0 0 0.000 0.000 0.000 200000.000 0 1 0 200 0 0
 1982 78303.000 153918.000 0 0 42.000 56.000 2352.000 48.497 0 1 75 200 0 0
 1983 53903.000 64465.000 0 0 0.000 0.000 0.000 200000.000 0 1 0 200 0 0
 1984 75413.000 152737.000 0 0 0.000 0.000 0.000 200000.000 0 1 0 200 0 0
 1985 65848.000 146984.000 0 0 48.000 56.000 2688.000 51.845 0 1 63 200 0 0
 1986 123959.000 46574.000 0 0 0.000 0.000 0.000 200000.000 0 1 0 200 0 0
 1987 152770.000 74413.000 0 0 0.000 0.000 0.000 200000.000 0 1 0 200 0 0
 1988 80356.000 44868.000 0 0 0.000 0.000 0.000 200000.000 0 1 0 200 0 0
 1989 158029.000 109501.000 0 0 0.000 0.000 0.000 200000.000 0 1 0 200 0 0
 1990 80899.000 44821.000 0 0 0.000 0.000 0.000 0.208 0 1 0 0 0 0
 1991 106516.000 156805.000 0 0 0.000 0.000 0.000 200000.000 0 1 0 200 0 0
 1992 157301.000 92476.000 0 0 0.000 0.000 0.000 200000.000 0 1 0 200 0 0
 1993 78405.000 154326.000 0 0 42.000 56.000 2352.000 48.497 0 1 75 200 0 0
 1994 66217.000 147203.000 0 0 48.000 54.000 2592.000 50.911 0 1 63 200 0 0
 1995 66084.000 147542.000 0 0 48.000 54.000 2592.000 50.911 0 1 63 200 0 0
 1996 66028.000 147534.000 0 0 48.000 54.000 2592.000 50.911 0 1 63 200 0 0
 1997 72962.000 48138.000 0 0 0.000 0.000 0.000 200000.000 0 1 0 200 0 0
 1998 157232.000 85905.000 0 0 0.000 0.000 0.000 200000.000 0 1 0 200 0 0
 1999 119161.000 44333.000 0 0 0.000 0.000 0.000 200000.000 0 1 0 200 0 0
 2000 157594.000 112644.000 0 0 54.000 34.000 1836.000 42.848 0 1 21 200 0 0
 2001 155441.000 80417.000 0 0 0.000 0.000 0.000 200000.000 0 1 0 200 0 0
 2002 157439.000 112558.000 0 0 54.000 34.000 1836.000 42.848 0 1 21 200 0 0
 2003 141334.000 141921.000 0 0 52.000 52.000 2704.000 52.000 0 1 52 200 0 0
 2004 141258.000 141770.000 0 0 52.000 52.000 2704.000 52.000 0 1 52 200 0 0
 2005 147121.000 133775.000 0 0 0.000 0.000 0.000 200000.000 0 1 0 200 0 0
 2006 144860.000 136729.000 0 0 0.000 0.000 0.000 200000.000 0 1 0 200 0 0
 2007 127179.000 151171.000 0 0 0.000 0.000 0.000 200000.000 0 1 0 200 0 0
 2008 113398.000 157052.000 0 0 0.000 0.000 0.000 200000.000 0 1 0 200 0 0
 2009 100689.000 158524.000 0 0 0.000 0.000 0.000 0.454 0 1 0 0 0 0
 2010 46040.000 122556.000 0 0 0.000 0.000 0.000 0.441 0 1 0 0 0 0
 2011 156815.000 115762.000 0 0 0.000 0.000 0.000 200000.000 0 1 0 200 0 0
 2012 58278.000 58977.000 0 0 0.000 0.000 0.000 0.422 0 1 0 0 0 0
 2013 155865.000 118828.000 0 0 54.000 38.000 2052.000 45.299 0 1 25 210 0 0
 2014 155425.000 78830.000 0 0 0.000 0.000 0.000 200000.000 0 1 0 200 0 0
 2015 158608.000 92806.000 0 0 0.000 0.000 0.000 200000.000 0 1 0 200 0 0
 2016 158269.000 103057.000 0 0 0.000 0.000 0.000 200000.000 0 1 0 200 0 0
 2017 155883.000 118777.000 0 0 54.000 38.000 2052.000 45.299 0 1 25 210 0 0
 2018 154693.000 122431.000 0 0 0.000 0.000 0.000 200000.000 0 1 0 200 0 0
 2019 155641.000 117142.000 0 0 0.000 0.000 0.000 200000.000 0 1 0 200 0 0
 2020 83674.000 156507.000 0 0 0.000 0.000 0.000 200000.000 0 1 0 200 0 0
 2021 83760.000 156395.000 0 0 0.000 0.000 0.000 200000.000 0 1 0 200 0 0
 2022 41651.000 105408.000 0 0 0.000 0.000 0.000 0.466 0 1 0 0 0 0
 2023 131767.000 49974.000 0 0 0.000 0.000 0.000 200000.000 0 1 0 200 0 0
 2024 61421.000 55672.000 0 0 0.000 0.000 0.000 200000.000 0 1 0 200 0 0
 2025 147872.000 65881.000 0 0 0.000 0.000 0.000 0.232 0 1 0 0 0 0
 2026 131655.000 50055.000 0 0 0.000 0.000 0.000 200000.000 0 1 0 200 0 0
 2027 155248.000 78844.000 0 0 0.000 0.000 0.000 200000.000 0 1 0 200 0 0
 2028 153855.000 124566.000 0 0 54.000 42.000 2268.000 47.623 0 1 29 200 0 0
 2029 87098.000 156449.000 0 0 0.000 0.000 0.000 200000.000 0 1 0 200 0 0
 2030 157028.000 112886.000 0 0 54.000 34.000 1836.000 42.848 0 1 21 200 0 0
 2031 148659.000 132347.000 0 0 0.000 0.000 0.000 200000.000 0 1 0 200 0 0
 2032 134196.000 148055.000 0 0 0.000 0.000 0.000 0.212 0 1 0 0 0 0
 2033 59276.000 142467.000 0 0 0.000 0.000 0.000 0.457 0 1 0 0 0 0
 2034 56330.000 139550.000 0 0 0.000 0.000 0.000 200000.000 0 1 0 200 0 0
 2035 152810.000 127139.000 0 0 56.000 44.000 2464.000 49.638 0 1 32 210 0 0
 2036 152709.000 72631.000 0 0 0.000 0.000 0.000 0.410 0 1 0 0 0 0
 2037 156831.000 116964.000 0 0 0.000 0.000 0.000 200000.000 0 1 0 200 0 0
 2038 152014.000 128406.000 0 0 54.000 44.000 2376.000 48.744 0 1 32 210 0 0
 2039 153540.000 125725.000 0 0 0.000 0.000 0.000 200000.000 0 1 0 200 0 0
 2040 151633.000 129187.000 0 0 54.000 46.000 2484.000 49.839 0 1 32 210 0 0
 2041 152872.000 127086.000 0 0 56.000 44.000 2464.000 49.638 0 1 32 210 0 0
 2042 152410.000 127834.000 0 0 56.000 44.000 2464.000 49.638 0 1 32 210 0 0
 2043 152178.000 128121.000 0 0 56.000 44.000 2464.000 49.638 0 1 32 210 0 0
 2044 150877.000 130317.000 0 0 56.000 46.000 2576.000 50.754 0 1 32 210 0 0
 2045 152066.000 128301.000 0 0 54.000 44.000 2376.000 48.744 0 1 32 210 0 0
 2046 138142.000 145494.000 0 0 0.000 0.000 0.000 200000.000 0 1 0 200 0 0
 2047 151176.000 129891.000 0 0 56.000 46.000 2576.000 50.754 0 1 32 210 0 0
 2048 151084.000 130037.000 0 0 56.000 46.000 2576.000 50.754 0 1 32 210 0 0
 2049 150920.000 130249.000 0 0 56.000 46.000 2576.000 50.754 0 1 32 210 0 0
 2050 138166.000 145443.000 0 0 0.000 0.000 0.000 200000.000 0 1 0 200 0 0
 2051 95941.000 158986.000 0 0 0.000 0.000 0.000 0.208 0 1 0 0 0 0
 2052 78312.000 155021.000 0 0 42.000 56.000 2352.000 48.497 0 1 75 200 0 0
 2053 99891.000 158403.000 0 0 0.000 0.000 0.000 200000.000 0 1 0 200 0 0
 2054 66454.000 148670.000 0 0 0.000 0.000 0.000 200000.000 0 1 0 200 0 0
 2055 78416.000 154899.000 0 0 42.000 56.000 2352.000 48.497 0 1 75 200 0 0
 2056 73900.000 153057.000 0 0 0.000 0.000 0.000 200000.000 0 1 0 200 0 0
 2057 66571.000 148590.000 0 0 0.000 0.000 0.000 200000.000 0 1 0 200 0 0
 2058 147478.000 135715.000 0 0 0.000 0.000 0.000 200000.000 0 1 0 200 0 0
 2059 56967.000 59416.000 0 0 0.000 0.000 0.000 0.450 0 1 0 0 0 0
 2060 130763.000 150934.000 0 0 0.000 0.000 0.000 200000.000 0 1 0 200 0 0
 2061 132262.000 50055.000 0 0 0.000 0.000 0.000 0.242 0 1 0 0 0 0
 2062 153368.000 126327.000 0 0 56.000 44.000 2464.000 49.638 0 1 32 210 0 0
 2063 134913.000 148095.000 0 0 0.000 0.000 0.000 0.325 0 1 0 0 0 0
 2064 134605.000 148636.000 0 0 0.000 0.000 0.000 200000.000 0 1 0 200 0 0
 2065 130748.000 150809.000 0 0 0.000 0.000 0.000 200000.000 0 1 0 200 0 0
 2066 123640.000 153540.000 0 0 0.000 0.000 0.000 200000.000 0 1 0 200 0 0
 2067 108666.000 158779.000 0 0 0.000 0.000 0.000 200000.000 0 1 0 200 0 0
 2068 53265.000 63619.000 0 0 0.000 0.000 0.000 200000.000 0 1 0 200 0 0
 2069 45932.000 123828.000 0 0 0.000 0.000 0.000 200000.000 0 1 0 200 0 0
 2070 157242.000 82552.000 0 0 0.000 0.000 0.000 200000.000 0 1 0 200 0 0
 2071 156790.000 118744.000 0 0 54.000 38.000 2052.000 45.299 0 1 25 210 0 0
 2072 159459.000 93261.000 0 0 0.000 0.000 0.000 200000.000 0 1 0 200 0 0
 2073 154791.000 123788.000 0 0 54.000 42.000 2268.000 47.623 0 1 29 200 0 0
 2074 159465.000 93312.000 0 0 0.000 0.000 0.000 200000.000 0 1 0 200 0 0
 2075 158094.000 113608.000 0 0 0.000 0.000 0.000 200000.000 0 1 0 200 0 0
 2076 154311.000 124628.000 0 0 54.000 42.000 2268.000 47.623 0 1 29 200 0 0
 2077 156678.000 118653.000 0 0 54.000 38.000 2052.000 45.299 0 1 25 210 0 0
 2078 154603.000 124125.000 0 0 54.000 42.000 2268.000 47.623 0 1 29 200 0 0
 2079 150071.000 132325.000 0 0 56.000 48.000 2688.000 51.845 0 1 36 210 0 0
 2080 149979.000 132462.000 0 0 54.000 48.000 2592.000 50.911 0 1 36 210 0 0
 2081 149669.000 133033.000 0 0 54.000 46.000 2484.000 49.839 0 1 36 210 0 0
 2082 149939.000 132535.000 0 0 54.000 48.000 2592.000 50.911 0 1 36 210 0 0
 2083 149482.000 133117.000 0 0 54.000 46.000 2484.000 49.839 0 1 36 210 0 0
 2084 149876.000 132692.000 0 0 54.000 48.000 2592.000 50.911 0 1 36 210 0 0
 2085 149547.000 133205.000 0 0 54.000 46.000 2484.000 49.839 0 1 36 210 0 0
 2086 142929.000 141529.000 0 0 0.000 0.000 0.000 200000.000 0 1 0 200 0 0
 2087 149385.000 133454.000 0 0 54.000 48.000 2592.000 50.911 0 1 36 210 0 0
 2088 142845.000 141374.000 0 0 0.000 0.000 0.000 200000.000 0 1 0 200 0 0
 2089 137596.000 146598.000 0 0 0.000 0.000 0.000 200000.000 0 1 0 200 0 0
 2090 134549.000 148467.000 0 0 0.000 0.000 0.000 200000.000 0 1 0 200 0 0
 2091 132111.000 150102.000 0 0 0.000 0.000 0.000 200000.000 0 1 0 200 0 0
 2092 136553.000 146074.000 0 0 0.000 0.000 0.000 200000.000 0 1 0 200 0 0
 2093 120846.000 154778.000 0 0 0.000 0.000 0.000 200000.000 0 1 0 200 0 0
 2094 103129.000 158650.000 0 0 0.000 0.000 0.000 200000.000 0 1 0 200 0 0
 2095 81500.000 156465.000 0 0 0.000 0.000 0.000 0.278 0 1 0 0 0 0
 2096 69976.000 151125.000 0 0 0.000 0.000 0.000 200000.000 0 1 0 200 0 0
 2097 40922.000 95051.000 0 0 0.000 0.000 0.000 200000.000 0 1 0 200 0 0
 2098 136790.000 52874.000 0 0 0.000 0.000 0.000 200000.000 0 1 0 200 0 0
 2099 148294.000 65565.000 0 0 0.000 0.000 0.000 200000.000 0 1 0 200 0 0
 2100 87058.000 157248.000 0 0 0.000 0.000 0.000 200000.000 0 1 0 200 0 0
 2101 48172.000 71066.000 0 0 0.000 0.000 0.000 0.287 0 1 0 0 0 0
 2102 142383.000 142081.000 0 0 0.000 0.000 0.000 200000.000 0 1 0 200 0 0
 2103 59891.000 55999.000 0 0 0.000 0.000 0.000 0.266 0 1 0 0 0 0
 2104 136740.000 52855.000 0 0 0.000 0.000 0.000 200000.000 0 1 0 200 0 0
 2105 157227.000 82502.000 0 0 0.000 0.000 0.000 200000.000 0 1 0 200 0 0
 2106 142329.000 142221.000 0 0 0.000 0.000 0.000 0.436 0 1 0 0 0 0
 2107 123385.000 154046.000 0 0 0.000 0.000 0.000 200000.000 0 1 0 200 0 0
 2108 49372.000 131429.000 0 0 0.000 0.000 0.000 200000.000 0 1 0 200 0 0
 2109 49508.000 131405.000 0 0 0.000 0.000 0.000 200000.000 0 1 0 200 0 0
 2110 43129.000 117799.000 0 0 0.000 0.000 0.000 200000.000 0 1 0 200 0 0
 2111 44231.000 120993.000 0 0 0.000 0.000 0.000 200000.000 0 1 0 200 0 0
 2112 44212.000 120945.000 0 0 0.000 0.000 0.000 200000.000 0 1 0 200 0 0
 2113 121141.000 43775.000 0 0 0.000 0.000 0.000 200000.000 0 1 0 200 0 0
 2114 43252.000 117814.000 0 0 0.000 0.000 0.000 200000.000 0 1 0 200 0 0
 2115 155159.000 123339.000 0 0 56.000 42.000 2352.000 48.497 0 1 29 200 0 0
 2116 40460.000 102878.000 0 0 0.000 0.000 0.000 200000.000 0 1 0 200 0 0
 2117 149005.000 134482.000 0 0 54.000 48.000 2592.000 50.911 0 1 36 210 0 0
 2118 55096.000 60862.000 0 0 0.000 0.000 0.000 0.200 0 1 0 0 0 0
 2119 114546.000 41921.000 0 0 0.000 0.000 0.000 0.246 0 1 0 0 0 0
 2120 121053.000 43872.000 0 0 0.000 0.000 0.000 200000.000 0 1 0 200 0 0
 2121 116583.000 157439.000 0 0 0.000 0.000 0.000 200000.000 0 1 0 200 0 0
 2122 156644.000 120128.000 0 0 0.000 0.000 0.000 0.232 0 1 0 0 0 0
 2123 123288.000 155072.000 0 0 0.000 0.000 0.000 0.212 0 1 0 0 0 0
 2124 74811.000 154250.000 0 0 0.000 0.000 0.000 200000.000 0 1 0 200 0 0
 2125 115676.000 157671.000 0 0 0.000 0.000 0.000 0.215 0 1 0 0 0 0
 2126 110566.000 158159.000 0 0 0.000 0.000 0.000 200000.000 0 1 0 200 0 0
 2127 85931.000 158063.000 0 0 0.000 0.000 0.000 0.218 0 1 0 0 0 0
 2128 152044.000 69462.000 0 0 0.000 0.000 0.000 200000.000 0 1 0 200 0 0
 2129 74926.000 154117.000 0 0 0.000 0.000 0.000 200000.000 0 1 0 200 0 0
 2130 66291.000 50588.000 0 0 0.000 0.000 0.000 200000.000 0 1 0 200 0 0
 2131 129909.000 47673.000 0 0 0.000 0.000 0.000 200000.000 0 1 0 200 0 0
 2132 139841.000 54832.000 0 0 0.000 0.000 0.000 0.236 0 1 0 0 0 0
 2133 152014.000 69420.000 0 0 0.000 0.000 0.000 200000.000 0 1 0 200 0 0
 2134 45774.000 76940.000 0 0 0.000 0.000 0.000 200000.000 0 1 0 200 0 0
 2135 159109.000 87817.000 0 0 0.000 0.000 0.000 200000.000 0 1 0 200 0 0
 2136 160020.000 106183.000 0 0 0.000 0.000 0.000 200000.000 0 1 0 200 0 0
 2137 149429.000 134332.000 0 0 54.000 48.000 2592.000 50.911 0 1 36 210 0 0
 2138 121566.000 155961.000 0 0 0.000 0.000 0.000 0.409 0 1 0 0 0 0
 2139 40553.000 106239.000 0 0 0.000 0.000 0.000 200000.000 0 1 0 200 0 0
 2140 63998.000 147741.000 0 0 0.000 0.000 0.000 0.493 0 1 0 0 0 0
 2141 40400.000 93358.000 0 0 0.000 0.000 0.000 200000.000 0 1 0 200 0 0
 2142 40540.000 93425.000 0 0 0.000 0.000 0.000 200000.000 0 1 0 200 0 0
 2143 45825.000 74558.000 0 0 0.000 0.000 0.000 0.346 0 1 0 0 0 0
 2144 82389.000 42538.000 0 0 0.000 0.000 0.000 200000.000 0 1 0 200 0 0
 2145 87136.000 41127.000 0 0 0.000 0.000 0.000 200000.000 0 1 0 200 0 0
 2146 121677.000 43793.000 0 0 0.000 0.000 0.000 0.388 0 1 0 0 0 0
 2147 136277.000 51724.000 0 0 0.000 0.000 0.000 0.214 0 1 0 0 0 0
 2148 149602.000 134083.000 0 0 54.000 48.000 2592.000 50.911 0 1 36 210 0 0
 2149 145951.000 60985.000 0 0 0.000 0.000 0.000 0.345 0 1 0 0 0 0
 2150 159258.000 87859.000 0 0 0.000 0.000 0.000 200000.000 0 1 0 200 0 0
 2151 159301.000 87904.000 0 0 0.000 0.000 0.000 200000.000 0 1 0 200 0 0
 2152 87810.000 157954.000 0 0 0.000 0.000 0.000 200000.000 0 1 0 200 0 0
 2153 155439.000 78279.000 0 0 0.000 0.000 0.000 200000.000 0 1 0 200 0 0
 2154 142308.000 143111.000 0 0 0.000 0.000 0.000 200000.000 0 1 0 200 0 0
 2155 144218.000 139818.000 0 0 0.000 0.000 0.000 200000.000 0 1 0 200 0 0
 2156 88238.000 159207.000 0 0 0.000 0.000 0.000 200000.000 0 1 0 200 0 0
 2157 82736.000 157616.000 0 0 0.000 0.000 0.000 200000.000 0 1 0 200 0 0
 2158 82678.000 157628.000 0 0 0.000 0.000 0.000 200000.000 0 1 0 200 0 0
 2159 70486.000 152372.000 0 0 0.000 0.000 0.000 0.238 0 1 0 0 0 0
 2160 113272.000 41100.000 0 0 0.000 0.000 0.000 200000.000 0 1 0 200 0 0
 2161 40138.000 104630.000 0 0 0.000 0.000 0.000 0.292 0 1 0 0 0 0
 2162 40373.000 92412.000 0 0 0.000 0.000 0.000 200000.000 0 1 0 200 0 0
 2163 160305.000 106707.000 0 0 0.000 0.000 0.000 200000.000 0 1 0 200 0 0
 2164 41514.000 85921.000 0 0 0.000 0.000 0.000 200000.000 0 1 0 200 0 0
 2165 154627.000 73955.000 0 0 0.000 0.000 0.000 200000.000 0 1 0 200 0 0
 2166 159264.000 86913.000 0 0 0.000 0.000 0.000 200000.000 0 1 0 200 0 0
 2167 160161.000 106642.000 0 0 0.000 0.000 0.000 200000.000 0 1 0 200 0 0
 2168 105249.000 159067.000 0 0 0.000 0.000 0.000 200000.000 0 1 0 200 0 0
 2169 96079.000 159158.000 0 0 0.000 0.000 0.000 200000.000 0 1 0 200 0 0
 2170 147738.000 135815.000 0 0 0.000 0.000 0.000 200000.000 0 1 0 200 0 0
 2171 42985.000 119011.000 0 0 0.000 0.000 0.000 200000.000 0 1 0 200 0 0
 2172 97588.000 160188.000 0 0 0.000 0.000 0.000 0.209 0 1 0 0 0 0
 2173 41493.000 114487.000 0 0 0.000 0.000 0.000 200000.000 0 1 0 200 0 0
 2174 90294.000 159412.000 0 0 0.000 0.000 0.000 200000.000 0 1 0 200 0 0
 2175 88322.000 159056.000 0 0 0.000 0.000 0.000 200000.000 0 1 0 200 0 0
 2176 85650.000 41304.000 0 0 0.000 0.000 0.000 200000.000 0 1 0 200 0 0
 2177 46269.000 126925.000 0 0 0.000 0.000 0.000 200000.000 0 1 0 200 0 0
 2178 41649.000 114501.000 0 0 0.000 0.000 0.000 200000.000 0 1 0 200 0 0
 2179 159698.000 89062.000 0 0 0.000 0.000 0.000 200000.000 0 1 0 200 0 0
 2180 160348.000 92123.000 0 0 0.000 0.000 0.000 200000.000 0 1 0 200 0 0
 2181 40075.000 94975.000 0 0 0.000 0.000 0.000 200000.000 0 1 0 200 0 0
 2182 160793.000 97204.000 0 0 0.000 0.000 0.000 200000.000 0 1 0 200 0 0
 2183 41514.000 85978.000 0 0 0.000 0.000 0.000 200000.000 0 1 0 200 0 0
 2184 157314.000 120356.000 0 0 0.000 0.000 0.000 200000.000 0 1 0 200 0 0
 2185 90965.000 40199.000 0 0 0.000 0.000 0.000 0.297 0 1 0 0 0 0
 2186 145882.000 60055.000 0 0 0.000 0.000 0.000 200000.000 0 1 0 200 0 0
 2187 124264.000 155415.000 0 0 0.000 0.000 0.000 200000.000 0 1 0 200 0 0
 2188 160173.000 92093.000 0 0 0.000 0.000 0.000 200000.000 0 1 0 200 0 0
 2189 117021.000 157015.000 0 0 0.000 0.000 0.000 200000.000 0 1 0 200 0 0
 2190 160635.000 97159.000 0 0 0.000 0.000 0.000 200000.000 0 1 0 200 0 0
 2191 126187.000 154729.000 0 0 0.000 0.000 0.000 200000.000 0 1 0 200 0 0
 2192 147138.000 137037.000 0 0 0.000 0.000 0.000 200000.000 0 1 0 200 0 0
 2193 122252.000 155431.000 0 0 0.000 0.000 0.000 200000.000 0 1 0 200 0 0
 2194 76876.000 155906.000 0 0 0.000 0.000 0.000 200000.000 0 1 0 200 0 0
 2195 40359.000 109841.000 0 0 52.000 32.000 1664.000 40.792 0 1 20 200 0 0
 2196 76828.000 155885.000 0 0 0.000 0.000 0.000 200000.000 0 1 0 200 0 0
 2197 40284.000 109387.000 0 0 52.000 30.000 1560.000 39.496 0 1 20 200 0 0
 2198 43871.000 122066.000 0 0 0.000 0.000 0.000 0.202 0 1 0 0 0 0
 2199 40633.000 110437.000 0 0 54.000 32.000 1728.000 41.569 0 1 20 200 0 0
 2200 40403.000 109422.000 0 0 52.000 30.000 1560.000 39.496 0 1 20 200 0 0
 2201 105491.000 39394.000 0 0 0.000 0.000 0.000 200000.000 0 1 0 200 0 0
 2202 149319.000 64081.000 0 0 0.000 0.000 0.000 200000.000 0 1 0 200 0 0
 2203 157287.000 118434.000 0 0 54.000 38.000 2052.000 45.299 0 1 25 210 0 0
 2204 140908.000 145350.000 0 0 0.000 0.000 0.000 200000.000 0 1 0 200 0 0
 2205 105818.000 160484.000 0 0 0.000 0.000 0.000 200000.000 0 1 0 200 0 0
 2206 56046.000 141499.000 0 0 0.000 0.000 0.000 200000.000 0 1 0 200 0 0
 2207 52629.000 137817.000 0 0 0.000 0.000 0.000 200000.000 0 1 0 200 0 0
 2208 85984.000 158882.000 0 0 0.000 0.000 0.000 200000.000 0 1 0 200 0 0
 2209 68206.000 151544.000 0 0 0.000 0.000 0.000 0.250 0 1 0 0 0 0
 2210 116728.000 41442.000 0 0 0.000 0.000 0.000 200000.000 0 1 0 200 0 0
 2211 55021.000 140383.000 0 0 0.000 0.000 0.000 200000.000 0 1 0 200 0 0
 2212 52767.000 137773.000 0 0 0.000 0.000 0.000 200000.000 0 1 0 200 0 0
 2213 161148.000 102348.000 0 0 0.000 0.000 0.000 200000.000 0 1 0 200 0 0
 2214 43419.000 78522.000 0 0 0.000 0.000 0.000 200000.000 0 1 0 200 0 0
 2215 107729.000 39638.000 0 0 0.000 0.000 0.000 0.277 0 1 0 0 0 0
 2216 145427.000 59198.000 0 0 0.000 0.000 0.000 0.327 0 1 0 0 0 0
 2217 159611.000 86136.000 0 0 0.000 0.000 0.000 200000.000 0 1 0 200 0 0
 2218 161018.000 102290.000 0 0 0.000 0.000 0.000 200000.000 0 1 0 200 0 0
 2219 103238.000 160838.000 0 0 0.000 0.000 0.000 200000.000 0 1 0 200 0 0
 2220 88305.000 159568.000 0 0 0.000 0.000 0.000 200000.000 0 1 0 200 0 0
 2221 113436.000 158535.000 0 0 0.000 0.000 0.000 200000.000 0 1 0 200 0 0
 2222 67680.000 151517.000 0 0 0.000 0.000 0.000 200000.000 0 1 0 200 0 0
 2223 49613.000 133942.000 0 0 0.000 0.000 0.000 200000.000 0 1 0 200 0 0
 2224 49562.000 133916.000 0 0 0.000 0.000 0.000 200000.000 0 1 0 200 0 0
 2225 41242.000 114885.000 0 0 0.000 0.000 0.000 200000.000 0 1 0 200 0 0
 2226 44417.000 124352.000 0 0 0.000 0.000 0.000 0.416 0 1 0 0 0 0
 2227 40625.000 87566.000 0 0 0.000 0.000 0.000 200000.000 0 1 0 200 0 0
 2228 41635.000 116237.000 0 0 0.000 0.000 0.000 0.390 0 1 0 0 0 0
 2229 66294.000 49352.000 0 0 0.000 0.000 0.000 200000.000 0 1 0 200 0 0
 2230 41255.000 114937.000 0 0 0.000 0.000 0.000 200000.000 0 1 0 200 0 0
 2231 74777.000 44588.000 0 0 0.000 0.000 0.000 200000.000 0 1 0 200 0 0
 2232 46207.000 71503.000 0 0 0.000 0.000 0.000 200000.000 0 1 0 200 0 0
 2233 74539.000 44603.000 0 0 0.000 0.000 0.000 0.271 0 1 0 0 0 0
 2234 159899.000 113246.000 0 0 0.000 0.000 0.000 200000.000 0 1 0 200 0 0
 2235 121951.000 42807.000 0 0 0.000 0.000 0.000 200000.000 0 1 0 200 0 0
 2236 138029.000 51939.000 0 0 0.000 0.000 0.000 200000.000 0 1 0 200 0 0
 2237 138087.000 51945.000 0 0 0.000 0.000 0.000 200000.000 0 1 0 200 0 0
 2238 159745.000 113158.000 0 0 0.000 0.000 0.000 200000.000 0 1 0 200 0 0
 2239 137127.000 148502.000 0 0 0.000 0.000 0.000 0.215 0 1 0 0 0 0
 2240 106871.000 160634.000 0 0 0.000 0.000 0.000 0.226 0 1 0 0 0 0
 2241 39691.000 107645.000 0 0 0.000 0.000 0.000 200000.000 0 1 0 200 0 0
 2242 123467.000 155463.000 0 0 0.000 0.000 0.000 200000.000 0 1 0 200 0 0
 2243 95001.000 39056.000 0 0 0.000 0.000 0.000 200000.000 0 1 0 200 0 0
 2244 67725.000 151545.000 0 0 0.000 0.000 0.000 200000.000 0 1 0 200 0 0
 2245 60321.000 146271.000 0 0 0.000 0.000 0.000 200000.000 0 1 0 200 0 0
 2246 155401.000 126669.000 0 0 0.000 0.000 0.000 200000.000 0 1 0 200 0 0
 2247 60271.000 146248.000 0 0 0.000 0.000 0.000 200000.000 0 1 0 200 0 0
 2248 47010.000 129876.000 0 0 0.000 0.000 0.000 200000.000 0 1 0 200 0 0
 2249 46884.000 129890.000 0 0 0.000 0.000 0.000 200000.000 0 1 0 200 0 0
 2250 121898.000 42789.000 0 0 0.000 0.000 0.000 200000.000 0 1 0 200 0 0
 2251 157996.000 79928.000 0 0 0.000 0.000 0.000 200000.000 0 1 0 200 0 0
 2252 160359.000 88129.000 0 0 0.000 0.000 0.000 200000.000 0 1 0 200 0 0
 2253 160395.000 88173.000 0 0 0.000 0.000 0.000 200000.000 0 1 0 200 0 0
 2254 161000.000 107347.000 0 0 0.000 0.000 0.000 0.277 0 1 0 0 0 0
 2255 126872.000 155030.000 0 0 0.000 0.000 0.000 0.236 0 1 0 0 0 0
 2256 118197.000 158379.000 0 0 0.000 0.000 0.000 200000.000 0 1 0 200 0 0
 2257 97526.000 161195.000 0 0 0.000 0.000 0.000 200000.000 0 1 0 200 0 0
 2258 73943.000 155290.000 0 0 0.000 0.000 0.000 200000.000 0 1 0 200 0 0
 2259 70257.000 153443.000 0 0 0.000 0.000 0.000 200000.000 0 1 0 200 0 0
 2260 70384.000 153318.000 0 0 0.000 0.000 0.000 200000.000 0 1 0 200 0 0
 2261 42674.000 121196.000 0 0 0.000 0.000 0.000 200000.000 0 1 0 200 0 0
 2262 42820.000 121198.000 0 0 0.000 0.000 0.000 200000.000 0 1 0 200 0 0
 2263 40868.000 84980.000 0 0 0.000 0.000 0.000 200000.000 0 1 0 200 0 0
 2264 39801.000 109716.000 0 0 52.000 30.000 1560.000 39.496 0 1 20 200 0 0
 2265 47993.000 67710.000 0 0 0.000 0.000 0.000 200000.000 0 1 0 200 0 0
 2266 59632.000 53851.000 0 0 0.000 0.000 0.000 200000.000 0 1 0 200 0 0
 2267 103474.000 38572.000 0 0 0.000 0.000 0.000 200000.000 0 1 0 200 0 0
 2268 82534.000 41281.000 0 0 0.000 0.000 0.000 200000.000 0 1 0 200 0 0
 2269 109381.000 39170.000 0 0 0.000 0.000 0.000 200000.000 0 1 0 200 0 0
 2270 157361.000 122430.000 0 0 0.000 0.000 0.000 200000.000 0 1 0 200 0 0
 2271 127783.000 154850.000 0 0 0.000 0.000 0.000 0.230 0 1 0 0 0 0
 2272 109725.000 160683.000 0 0 0.000 0.000 0.000 200000.000 0 1 0 200 0 0
 2273 76337.000 156601.000 0 0 0.000 0.000 0.000 200000.000 0 1 0 200 0 0
 2274 42198.000 119866.000 0 0 0.000 0.000 0.000 200000.000 0 1 0 200 0 0
 2275 96100.000 161456.000 0 0 0.000 0.000 0.000 200000.000 0 1 0 200 0 0
 2276 44907.000 73309.000 0 0 0.000 0.000 0.000 200000.000 0 1 0 200 0 0
 2277 76429.000 156512.000 0 0 0.000 0.000 0.000 200000.000 0 1 0 200 0 0
 2278 155149.000 125846.000 0 0 0.000 0.000 0.000 200000.000 0 1 0 200 0 0
 2279 96165.000 161290.000 0 0 0.000 0.000 0.000 200000.000 0 1 0 200 0 0
 2280 87218.000 160210.000 0 0 0.000 0.000 0.000 200000.000 0 1 0 200 0 0
 2281 51347.000 137559.000 0 0 0.000 0.000 0.000 200000.000 0 1 0 200 0 0
 2282 41391.000 81654.000 0 0 0.000 0.000 0.000 0.298 0 1 0 0 0 0
 2283 53054.000 60426.000 0 0 0.000 0.000 0.000 200000.000 0 1 0 200 0 0
 2284 86037.000 39984.000 0 0 0.000 0.000 0.000 200000.000 0 1 0 200 0 0
 2285 146658.000 59135.000 0 0 0.000 0.000 0.000 200000.000 0 1 0 200 0 0
 2286 119678.000 158419.000 0 0 0.000 0.000 0.000 0.208 0 1 0 0 0 0
 2287 119876.000 158553.000 0 0 0.000 0.000 0.000 200000.000 0 1 0 200 0 0
 2288 96340.000 161642.000 0 0 0.000 0.000 0.000 200000.000 0 1 0 200 0 0
 2289 39690.000 87902.000 0 0 0.000 0.000 0.000 200000.000 0 1 0 200 0 0
 2290 65578.000 150942.000 0 0 0.000 0.000 0.000 0.460 0 1 0 0 0 0
 2291 47921.000 132956.000 0 0 0.000 0.000 0.000 200000.000 0 1 0 200 0 0
 2292 38813.000 94573.000 0 0 0.000 0.000 0.000 0.331 0 1 0 0 0 0
 2293 115041.000 39943.000 0 0 0.000 0.000 0.000 200000.000 0 1 0 200 0 0
 2294 39897.000 86113.000 0 0 0.000 0.000 0.000 200000.000 0 1 0 200 0 0
 2295 133232.000 47480.000 0 0 0.000 0.000 0.000 200000.000 0 1 0 200 0 0
 2296 52815.000 60377.000 0 0 0.000 0.000 0.000 200000.000 0 1 0 200 0 0
 2297 136248.000 49712.000 0 0 0.000 0.000 0.000 200000.000 0 1 0 200 0 0
 2298 133111.000 47576.000 0 0 0.000 0.000 0.000 200000.000 0 1 0 200 0 0
 2299 144409.000 56512.000 0 0 0.000 0.000 0.000 200000.000 0 1 0 200 0 0
 2300 146018.000 58379.000 0 0 0.000 0.000 0.000 0.201 0 1 0 0 0 0
 2301 57127.000 144528.000 0 0 0.000 0.000 0.000 200000.000 0 1 0 200 0 0
 2302 81813.000 158133.000 0 0 0.000 0.000 0.000 200000.000 0 1 0 200 0 0
 2303 40142.000 84387.000 0 0 0.000 0.000 0.000 200000.000 0 1 0 200 0 0
 2304 49490.000 64520.000 0 0 0.000 0.000 0.000 0.453 0 1 0 0 0 0
 2305 72486.000 44178.000 0 0 0.000 0.000 0.000 200000.000 0 1 0 200 0 0
 2306 83876.000 40187.000 0 0 0.000 0.000 0.000 200000.000 0 1 0 200 0 0
 2307 80696.000 41104.000 0 0 0.000 0.000 0.000 0.216 0 1 0 0 0 0
 2308 102925.000 38043.000 0 0 0.000 0.000 0.000 200000.000 0 1 0 200 0 0
 2309 144469.000 56529.000 0 0 0.000 0.000 0.000 200000.000 0 1 0 200 0 0
 2310 147152.000 59184.000 0 0 0.000 0.000 0.000 200000.000 0 1 0 200 0 0
 2311 147019.000 59232.000 0 0 0.000 0.000 0.000 200000.000 0 1 0 200 0 0
 2312 112136.000 39888.000 0 0 0.000 0.000 0.000 200000.000 0 1 0 200 0 0
 2313 148815.000 138630.000 0 0 54.000 50.000 2700.000 51.961 0 1 45 200 0 0
 2314 132166.000 153210.000 0 0 46.000 56.000 2576.000 50.754 0 1 76 200 0 0
 2315 131792.000 153473.000 0 0 46.000 56.000 2576.000 50.754 0 1 76 200 0 0
 2316 120400.000 158685.000 0 0 0.000 0.000 0.000 0.242 0 1 0 0 0 0
 2317 71196.000 154710.000 0 0 0.000 0.000 0.000 200000.000 0 1 0 200 0 0
 2318 95125.000 161871.000 0 0 0.000 0.000 0.000 0.218 0 1 0 0 0 0
 2319 87378.000 160692.000 0 0 0.000 0.000 0.000 0.459 0 1 0 0 0 0
 2320 46584.000 131100.000 0 0 0.000 0.000 0.000 200000.000 0 1 0 200 0 0
 2321 138147.000 50485.000 0 0 0.000 0.000 0.000 200000.000 0 1 0 200 0 0
 2322 88287.000 159927.000 0 0 0.000 0.000 0.000 200000.000 0 1 0 200 0 0
 2323 40942.000 118781.000 0 0 0.000 0.000 0.000 200000.000 0 1 0 200 0 0
 2324 39107.000 89172.000 0 0 0.000 0.000 0.000 200000.000 0 1 0 200 0 0
 2325 72516.000 44353.000 0 0 0.000 0.000 0.000 200000.000 0 1 0 200 0 0
 2326 138004.000 50584.000 0 0 0.000 0.000 0.000 200000.000 0 1 0 200 0 0
 2327 154766.000 69890.000 0 0 0.000 0.000 0.000 0.263 0 1 0 0 0 0
 2328 155306.000 70952.000 0 0 0.000 0.000 0.000 0.290 0 1 0 0 0 0
 2329 162253.000 105133.000 0 0 0.000 0.000 0.000 200000.000 0 1 0 200 0 0
 2330 162333.000 105193.000 0 0 0.000 0.000 0.000 200000.000 0 1 0 200 0 0
 2331 155030.000 129433.000 0 0 0.000 0.000 0.000 0.463 0 1 0 0 0 0
 2332 107344.000 161864.000 0 0 0.000 0.000 0.000 200000.000 0 1 0 200 0 0
 2333 107379.000 161722.000 0 0 0.000 0.000 0.000 200000.000 0 1 0 200 0 0
 2334 91594.000 161510.000 0 0 0.000 0.000 0.000 0.457 0 1 0 0 0 0
 2335 88773.000 161177.000 0 0 0.000 0.000 0.000 200000.000 0 1 0 200 0 0
 2336 88716.000 161204.000 0 0 0.000 0.000 0.000 200000.000 0 1 0 200 0 0
 2337 80723.000 158999.000 0 0 0.000 0.000 0.000 200000.000 0 1 0 200 0 0
 2338 149364.000 138182.000 0 0 54.000 50.000 2700.000 51.961 0 1 45 200 0 0
 2339 38018.000 102261.000 0 0 0.000 0.000 0.000 200000.000 0 1 0 200 0 0
 2340 87501.000 38925.000 0 0 0.000 0.000 0.000 0.204 0 1 0 0 0 0
 2341 158977.000 118325.000 0 0 0.000 0.000 0.000 200000.000 0 1 0 200 0 0
 2342 157599.000 122207.000 0 0 0.000 0.000 0.000 200000.000 0 1 0 200 0 0
 2343 149457.000 138163.000 0 0 54.000 50.000 2700.000 51.961 0 1 45 200 0 0
 2344 145361.000 141512.000 0 0 0.000 0.000 0.000 200000.000 0 1 0 200 0 0
 2345 149381.000 138564.000 0 0 54.000 50.000 2700.000 51.961 0 1 45 200 0 0
 2346 147258.000 141097.000 0 0 0.000 0.000 0.000 200000.000 0 1 0 200 0 0
 2347 152878.000 131840.000 0 0 0.000 0.000 0.000 200000.000 0 1 0 200 0 0
 2348 134379.000 152127.000 0 0 0.000 0.000 0.000 0.217 0 1 0 0 0 0
 2349 89693.000 160734.000 0 0 0.000 0.000 0.000 200000.000 0 1 0 200 0 0
 2350 38149.000 92127.000 0 0 0.000 0.000 0.000 200000.000 0 1 0 200 0 0
 2351 46753.000 67684.000 0 0 0.000 0.000 0.000 200000.000 0 1 0 200 0 0
 2352 97529.000 37359.000 0 0 0.000 0.000 0.000 200000.000 0 1 0 200 0 0
 2353 125298.000 42628.000 0 0 0.000 0.000 0.000 200000.000 0 1 0 200 0 0
 2354 125387.000 42559.000 0 0 0.000 0.000 0.000 200000.000 0 1 0 200 0 0
 2355 157772.000 77254.000 0 0 0.000 0.000 0.000 200000.000 0 1 0 200 0 0
 2356 149311.000 138288.000 0 0 54.000 50.000 2700.000 51.961 0 1 45 200 0 0
 2357 149366.000 138670.000 0 0 54.000 50.000 2700.000 51.961 0 1 45 200 0 0
 2358 149041.000 138722.000 0 0 54.000 50.000 2700.000 51.961 0 1 45 200 0 0
 2359 149267.000 138703.000 0 0 54.000 50.000 2700.000 51.961 0 1 45 200 0 0
 2360 138182.000 149541.000 0 0 0.000 0.000 0.000 0.323 0 1 0 0 0 0
 2361 133721.000 153107.000 0 0 0.000 0.000 0.000 200000.000 0 1 0 200 0 0
 2362 137806.000 148850.000 0 0 0.000 0.000 0.000 200000.000 0 1 0 200 0 0
 2363 132064.000 153917.000 0 0 46.000 56.000 2576.000 50.754 0 1 76 200 0 0
 2364 127988.000 155212.000 0 0 0.000 0.000 0.000 200000.000 0 1 0 200 0 0
 2365 119243.000 159655.000 0 0 0.000 0.000 0.000 200000.000 0 1 0 200 0 0
 2366 95067.000 162573.000 0 0 0.000 0.000 0.000 200000.000 0 1 0 200 0 0
 2367 161920.000 111880.000 0 0 0.000 0.000 0.000 200000.000 0 1 0 200 0 0
 2368 38142.000 92181.000 0 0 0.000 0.000 0.000 200000.000 0 1 0 200 0 0
 2369 41995.000 120641.000 0 0 0.000 0.000 0.000 200000.000 0 1 0 200 0 0
 2370 133675.000 152935.000 0 0 0.000 0.000 0.000 200000.000 0 1 0 200 0 0
 2371 51045.000 61228.000 0 0 0.000 0.000 0.000 0.286 0 1 0 0 0 0
 2372 161763.000 111798.000 0 0 0.000 0.000 0.000 200000.000 0 1 0 200 0 0
 2373 157710.000 125738.000 0 0 0.000 0.000 0.000 200000.000 0 1 0 200 0 0
 2374 157289.000 126170.000 0 0 0.000 0.000 0.000 0.235 0 1 0 0 0 0
 2375 160397.000 114518.000 0 0 0.000 0.000 0.000 200000.000 0 1 0 200 0 0
 2376 150046.000 138171.000 0 0 54.000 50.000 2700.000 51.961 0 1 45 200 0 0
 2377 150044.000 138238.000 0 0 54.000 50.000 2700.000 51.961 0 1 45 200 0 0
 2378 149265.000 138820.000 0 0 54.000 50.000 2700.000 51.961 0 1 45 200 0 0
 2379 149234.000 138910.000 0 0 54.000 50.000 2700.000 51.961 0 1 45 200 0 0
 2380 149164.000 139058.000 0 0 54.000 50.000 2700.000 51.961 0 1 45 200 0 0
 2381 148833.000 139614.000 0 0 54.000 50.000 2700.000 51.961 0 1 45 200 0 0
 2382 138463.000 149651.000 0 0 0.000 0.000 0.000 0.245 0 1 0 0 0 0
 2383 132856.000 152550.000 0 0 0.000 0.000 0.000 200000.000 0 1 0 200 0 0
 2384 127568.000 155625.000 0 0 0.000 0.000 0.000 200000.000 0 1 0 200 0 0
 2385 87055.000 161391.000 0 0 0.000 0.000 0.000 200000.000 0 1 0 200 0 0
 2386 106420.000 162476.000 0 0 0.000 0.000 0.000 200000.000 0 1 0 200 0 0
 2387 87143.000 161237.000 0 0 0.000 0.000 0.000 200000.000 0 1 0 200 0 0
 2388 38257.000 109639.000 0 0 0.000 0.000 0.000 200000.000 0 1 0 200 0 0
 2389 62196.000 149990.000 0 0 0.000 0.000 0.000 200000.000 0 1 0 200 0 0
 2390 38745.000 89358.000 0 0 0.000 0.000 0.000 0.125 0 1 0 0 0 0
 2391 62054.000 150096.000 0 0 0.000 0.000 0.000 200000.000 0 1 0 200 0 0
 2392 47291.000 133864.000 0 0 0.000 0.000 0.000 200000.000 0 1 0 200 0 0
 2393 41535.000 77736.000 0 0 0.000 0.000 0.000 200000.000 0 1 0 200 0 0
 2394 45396.000 130578.000 0 0 0.000 0.000 0.000 200000.000 0 1 0 200 0 0
 2395 45311.000 130562.000 0 0 0.000 0.000 0.000 200000.000 0 1 0 200 0 0
 2396 40286.000 80815.000 0 0 0.000 0.000 0.000 200000.000 0 1 0 200 0 0
 2397 65549.000 47623.000 0 0 0.000 0.000 0.000 200000.000 0 1 0 200 0 0
 2398 143584.000 145505.000 0 0 0.000 0.000 0.000 0.294 0 1 0 0 0 0
 2399 153541.000 131974.000 0 0 0.000 0.000 0.000 200000.000 0 1 0 200 0 0
 2400 140972.000 146935.000 0 0 0.000 0.000 0.000 200000.000 0 1 0 200 0 0
 2401 132924.000 153601.000 0 0 48.000 56.000 2688.000 51.845 0 1 76 200 0 0
 2402 106368.000 162481.000 0 0 0.000 0.000 0.000 200000.000 0 1 0 200 0 0
 2403 108728.000 161555.000 0 0 0.000 0.000 0.000 200000.000 0 1 0 200 0 0
 2404 85325.000 160995.000 0 0 0.000 0.000 0.000 200000.000 0 1 0 200 0 0
 2405 83475.000 160581.000 0 0 0.000 0.000 0.000 0.456 0 1 0 0 0 0
 2406 56309.000 145157.000 0 0 0.000 0.000 0.000 200000.000 0 1 0 200 0 0
 2407 49883.000 137610.000 0 0 0.000 0.000 0.000 200000.000 0 1 0 200 0 0
 2408 47321.000 133910.000 0 0 0.000 0.000 0.000 200000.000 0 1 0 200 0 0
 2409 143433.000 53853.000 0 0 0.000 0.000 0.000 200000.000 0 1 0 200 0 0
 2410 44870.000 129759.000 0 0 0.000 0.000 0.000 200000.000 0 1 0 200 0 0
 2411 147895.000 58483.000 0 0 0.000 0.000 0.000 200000.000 0 1 0 200 0 0
 2412 152824.000 64946.000 0 0 0.000 0.000 0.000 200000.000 0 1 0 200 0 0
 2413 38675.000 86651.000 0 0 0.000 0.000 0.000 0.270 0 1 0 0 0 0
 2414 109647.000 37662.000 0 0 0.000 0.000 0.000 200000.000 0 1 0 200 0 0
 2415 143380.000 53834.000 0 0 0.000 0.000 0.000 200000.000 0 1 0 200 0 0
 2416 147746.000 58549.000 0 0 0.000 0.000 0.000 200000.000 0 1 0 200 0 0
 2417 152669.000 64992.000 0 0 0.000 0.000 0.000 200000.000 0 1 0 200 0 0
 2418 150270.000 138175.000 0 0 54.000 50.000 2700.000 51.961 0 1 45 200 0 0
 2419 154905.000 129662.000 0 0 0.000 0.000 0.000 200000.000 0 1 0 200 0 0
 2420 115474.000 161231.000 0 0 0.000 0.000 0.000 200000.000 0 1 0 200 0 0
 2421 37393.000 105364.000 0 0 0.000 0.000 0.000 200000.000 0 1 0 200 0 0
 2422 115429.000 161264.000 0 0 0.000 0.000 0.000 200000.000 0 1 0 200 0 0
 2423 90525.000 37545.000 0 0 0.000 0.000 0.000 200000.000 0 1 0 200 0 0
 2424 103307.000 163047.000 0 0 26.000 50.000 1300.000 36.055 0 1 93 200 0 0
 2425 132306.000 45524.000 0 0 0.000 0.000 0.000 200000.000 0 1 0 200 0 0
 2426 93870.000 162637.000 0 0 0.000 0.000 0.000 0.216 0 1 0 0 0 0
 2427 148805.000 59553.000 0 0 0.000 0.000 0.000 200000.000 0 1 0 200 0 0
 2428 38427.000 87398.000 0 0 0.000 0.000 0.000 200000.000 0 1 0 200 0 0
 2429 46193.000 67314.000 0 0 0.000 0.000 0.000 200000.000 0 1 0 200 0 0
 2430 132253.000 45513.000 0 0 0.000 0.000 0.000 200000.000 0 1 0 200 0 0
 2431 128597.000 156581.000 0 0 0.000 0.000 0.000 200000.000 0 1 0 200 0 0
 2432 148772.000 59513.000 0 0 0.000 0.000 0.000 200000.000 0 1 0 200 0 0
 2433 157398.000 72660.000 0 0 0.000 0.000 0.000 200000.000 0 1 0 200 0 0
 2434 158833.000 78076.000 0 0 0.000 0.000 0.000 200000.000 0 1 0 200 0 0
 2435 161644.000 115059.000 0 0 0.000 0.000 0.000 200000.000 0 1 0 200 0 0
 2436 157957.000 126019.000 0 0 0.000 0.000 0.000 200000.000 0 1 0 200 0 0
 2437 128615.000 156503.000 0 0 0.000 0.000 0.000 200000.000 0 1 0 200 0 0
 2438 128265.000 156746.000 0 0 0.000 0.000 0.000 200000.000 0 1 0 200 0 0
 2439 132393.000 153557.000 0 0 46.000 56.000 2576.000 50.754 0 1 76 200 0 0
 2440 103676.000 163197.000 0 0 26.000 50.000 1300.000 36.055 0 1 93 200 0 0
 2441 88280.000 161333.000 0 0 0.000 0.000 0.000 200000.000 0 1 0 200 0 0
 2442 45333.000 131633.000 0 0 0.000 0.000 0.000 200000.000 0 1 0 200 0 0
 2443 45307.000 131588.000 0 0 0.000 0.000 0.000 200000.000 0 1 0 200 0 0
 2444 47223.000 65132.000 0 0 0.000 0.000 0.000 200000.000 0 1 0 200 0 0
 2445 47227.000 65069.000 0 0 0.000 0.000 0.000 200000.000 0 1 0 200 0 0
 2446 162596.000 111034.000 0 0 0.000 0.000 0.000 200000.000 0 1 0 200 0 0
 2447 113668.000 37930.000 0 0 0.000 0.000 0.000 200000.000 0 1 0 200 0 0
 2448 156240.000 129891.000 0 0 0.000 0.000 0.000 200000.000 0 1 0 200 0 0
 2449 113732.000 37895.000 0 0 0.000 0.000 0.000 200000.000 0 1 0 200 0 0
 2450 146669.000 56692.000 0 0 0.000 0.000 0.000 200000.000 0 1 0 200 0 0
 2451 157369.000 72613.000 0 0 0.000 0.000 0.000 200000.000 0 1 0 200 0 0
 2452 156113.000 129767.000 0 0 0.000 0.000 0.000 200000.000 0 1 0 200 0 0
 2453 133971.000 153700.000 0 0 0.000 0.000 0.000 0.241 0 1 0 0 0 0
 2454 49609.000 138081.000 0 0 0.000 0.000 0.000 200000.000 0 1 0 200 0 0
 2455 42489.000 126105.000 0 0 0.000 0.000 0.000 200000.000 0 1 0 200 0 0
 2456 37492.000 90038.000 0 0 0.000 0.000 0.000 0.282 0 1 0 0 0 0
 2457 38411.000 89318.000 0 0 0.000 0.000 0.000 200000.000 0 1 0 200 0 0
 2458 154642.000 66852.000 0 0 0.000 0.000 0.000 200000.000 0 1 0 200 0 0
 2459 106977.000 36634.000 0 0 0.000 0.000 0.000 200000.000 0 1 0 200 0 0
 2460 124055.000 40893.000 0 0 0.000 0.000 0.000 200000.000 0 1 0 200 0 0
 2461 151291.000 61885.000 0 0 0.000 0.000 0.000 200000.000 0 1 0 200 0 0
 2462 154470.000 66896.000 0 0 0.000 0.000 0.000 200000.000 0 1 0 200 0 0
 2463 163732.000 101236.000 0 0 0.000 0.000 0.000 200000.000 0 1 0 200 0 0
 2464 162946.000 109484.000 0 0 0.000 0.000 0.000 0.366 0 1 0 0 0 0
 2465 146948.000 142958.000 0 0 54.000 50.000 2700.000 51.961 0 1 55 200 0 0
 2466 146460.000 143700.000 0 0 54.000 52.000 2808.000 52.990 0 1 55 200 0 0
 2467 139909.000 149611.000 0 0 0.000 0.000 0.000 0.217 0 1 0 0 0 0
 2468 137691.000 150273.000 0 0 0.000 0.000 0.000 200000.000 0 1 0 200 0 0
 2469 103398.000 163346.000 0 0 26.000 50.000 1300.000 36.055 0 1 93 200 0 0
 2470 69127.000 155273.000 0 0 0.000 0.000 0.000 0.361 0 1 0 0 0 0
 2471 53590.000 143335.000 0 0 0.000 0.000 0.000 200000.000 0 1 0 200 0 0
 2472 53546.000 143306.000 0 0 0.000 0.000 0.000 200000.000 0 1 0 200 0 0
 2473 38749.000 116306.000 0 0 0.000 0.000 0.000 200000.000 0 1 0 200 0 0
 2474 58741.000 51642.000 0 0 0.000 0.000 0.000 0.381 0 1 0 0 0 0
 2475 83071.000 38660.000 0 0 0.000 0.000 0.000 0.216 0 1 0 0 0 0
 2476 139738.000 50000.000 0 0 0.000 0.000 0.000 200000.000 0 1 0 200 0 0
 2477 88980.000 37256.000 0 0 0.000 0.000 0.000 200000.000 0 1 0 200 0 0
 2478 137217.000 47898.000 0 0 0.000 0.000 0.000 200000.000 0 1 0 200 0 0
 2479 54880.000 56301.000 0 0 0.000 0.000 0.000 200000.000 0 1 0 200 0 0
 2480 163840.000 96833.000 0 0 0.000 0.000 0.000 200000.000 0 1 0 200 0 0
 2481 144539.000 145685.000 0 0 0.000 0.000 0.000 200000.000 0 1 0 200 0 0
 2482 163620.000 107625.000 0 0 0.000 0.000 0.000 200000.000 0 1 0 200 0 0
 2483 160153.000 122488.000 0 0 0.000 0.000 0.000 200000.000 0 1 0 200 0 0
 2484 150493.000 139136.000 0 0 0.000 0.000 0.000 0.230 0 1 0 0 0 0
 2485 146841.000 143317.000 0 0 54.000 50.000 2700.000 51.961 0 1 55 200 0 0
 2486 146834.000 143591.000 0 0 54.000 52.000 2808.000 52.990 0 1 55 200 0 0
 2487 105323.000 162681.000 0 0 0.000 0.000 0.000 200000.000 0 1 0 200 0 0
 2488 123893.000 40462.000 0 0 0.000 0.000 0.000 200000.000 0 1 0 200 0 0
 2489 124402.000 40902.000 0 0 0.000 0.000 0.000 0.204 0 1 0 0 0 0
 2490 130536.000 43553.000 0 0 0.000 0.000 0.000 200000.000 0 1 0 200 0 0
 2491 137155.000 47897.000 0 0 0.000 0.000 0.000 200000.000 0 1 0 200 0 0
 2492 143229.000 52510.000 0 0 0.000 0.000 0.000 200000.000 0 1 0 200 0 0
 2493 143267.000 52545.000 0 0 0.000 0.000 0.000 200000.000 0 1 0 200 0 0
 2494 160013.000 122379.000 0 0 0.000 0.000 0.000 200000.000 0 1 0 200 0 0
 2495 134365.000 154306.000 0 0 48.000 56.000 2688.000 51.845 0 1 80 200 0 0
 2496 124645.000 159108.000 0 0 0.000 0.000 0.000 0.221 0 1 0 0 0 0
 2497 120283.000 159771.000 0 0 0.000 0.000 0.000 200000.000 0 1 0 200 0 0
 2498 47495.000 136019.000 0 0 0.000 0.000 0.000 200000.000 0 1 0 200 0 0
 2499 103442.000 164061.000 0 0 26.000 50.000 1300.000 36.055 0 1 93 200 0 0
 2500 102388.000 163727.000 0 0 0.000 0.000 0.000 0.472 0 1 0 0 0 0
 2501 84660.000 161882.000 0 0 0.000 0.000 0.000 200000.000 0 1 0 200 0 0
 2502 36242.000 103570.000 0 0 0.000 0.000 0.000 200000.000 0 1 0 200 0 0
 2503 48343.000 62254.000 0 0 0.000 0.000 0.000 200000.000 0 1 0 200 0 0
 2504 123836.000 40463.000 0 0 0.000 0.000 0.000 200000.000 0 1 0 200 0 0
 2505 132426.000 155281.000 0 0 46.000 56.000 2576.000 50.754 0 1 84 210 0 0
 2506 161656.000 81294.000 0 0 0.000 0.000 0.000 200000.000 0 1 0 200 0 0
 2507 146970.000 144188.000 0 0 54.000 52.000 2808.000 52.990 0 1 55 200 0 0
 2508 144124.000 146724.000 0 0 0.000 0.000 0.000 0.209 0 1 0 0 0 0
 2509 163222.000 105506.000 0 0 0.000 0.000 0.000 200000.000 0 1 0 200 0 0
 2510 85564.000 161494.000 0 0 0.000 0.000 0.000 200000.000 0 1 0 200 0 0
 2511 39220.000 119881.000 0 0 0.000 0.000 0.000 200000.000 0 1 0 200 0 0
 2512 147355.000 143779.000 0 0 54.000 50.000 2700.000 51.961 0 1 55 200 0 0
 2513 39144.000 119847.000 0 0 0.000 0.000 0.000 200000.000 0 1 0 200 0 0
 2514 37417.000 113469.000 0 0 0.000 0.000 0.000 200000.000 0 1 0 200 0 0
 2515 153466.000 63768.000 0 0 0.000 0.000 0.000 200000.000 0 1 0 200 0 0
 2516 153496.000 63811.000 0 0 0.000 0.000 0.000 200000.000 0 1 0 200 0 0
 2517 154346.000 64785.000 0 0 0.000 0.000 0.000 200000.000 0 1 0 200 0 0
 2518 160166.000 76479.000 0 0 0.000 0.000 0.000 200000.000 0 1 0 200 0 0
 2519 153949.000 135396.000 0 0 0.000 0.000 0.000 200000.000 0 1 0 200 0 0
 2520 146884.000 144034.000 0 0 54.000 52.000 2808.000 52.990 0 1 55 200 0 0
 2521 134951.000 153936.000 0 0 48.000 54.000 2592.000 50.911 0 1 80 200 0 0
 2522 118456.000 161518.000 0 0 0.000 0.000 0.000 200000.000 0 1 0 200 0 0
 2523 104919.000 163306.000 0 0 0.000 0.000 0.000 200000.000 0 1 0 200 0 0
 2524 71612.000 157616.000 0 0 0.000 0.000 0.000 200000.000 0 1 0 200 0 0
 2525 71715.000 157529.000 0 0 0.000 0.000 0.000 200000.000 0 1 0 200 0 0
 2526 79505.000 159889.000 0 0 0.000 0.000 0.000 200000.000 0 1 0 200 0 0
 2527 100180.000 35600.000 0 0 0.000 0.000 0.000 200000.000 0 1 0 200 0 0
 2528 43802.000 69090.000 0 0 0.000 0.000 0.000 200000.000 0 1 0 200 0 0
 2529 160683.000 77638.000 0 0 0.000 0.000 0.000 0.356 0 1 0 0 0 0
 2530 162082.000 85844.000 0 0 0.000 0.000 0.000 200000.000 0 1 0 200 0 0
 2531 159010.000 126349.000 0 0 0.000 0.000 0.000 200000.000 0 1 0 200 0 0
 2532 159074.000 126436.000 0 0 0.000 0.000 0.000 200000.000 0 1 0 200 0 0
 2533 156459.000 131611.000 0 0 0.000 0.000 0.000 200000.000 0 1 0 200 0 0
 2534 156171.000 132117.000 0 0 0.000 0.000 0.000 200000.000 0 1 0 200 0 0
 2535 131520.000 156267.000 0 0 46.000 54.000 2484.000 49.839 0 1 84 210 0 0
 2536 131525.000 156380.000 0 0 46.000 54.000 2484.000 49.839 0 1 84 210 0 0
 2537 36670.000 110463.000 0 0 0.000 0.000 0.000 200000.000 0 1 0 200 0 0
 2538 36661.000 89360.000 0 0 0.000 0.000 0.000 200000.000 0 1 0 200 0 0
 2539 66525.000 153904.000 0 0 0.000 0.000 0.000 200000.000 0 1 0 200 0 0
 2540 141849.000 50405.000 0 0 0.000 0.000 0.000 200000.000 0 1 0 200 0 0
 2541 141708.000 50497.000 0 0 0.000 0.000 0.000 200000.000 0 1 0 200 0 0
 2542 149490.000 57992.000 0 0 0.000 0.000 0.000 200000.000 0 1 0 200 0 0
 2543 164802.000 95784.000 0 0 0.000 0.000 0.000 200000.000 0 1 0 200 0 0
 2544 156422.000 131530.000 0 0 0.000 0.000 0.000 200000.000 0 1 0 200 0 0
 2545 150962.000 140004.000 0 0 0.000 0.000 0.000 0.236 0 1 0 0 0 0
 2546 135728.000 154038.000 0 0 48.000 54.000 2592.000 50.911 0 1 80 200 0 0
 2547 134091.000 155077.000 0 0 48.000 56.000 2688.000 51.845 0 1 80 200 0 0
 2548 134058.000 154929.000 0 0 48.000 56.000 2688.000 51.845 0 1 80 200 0 0
 2549 131040.000 156801.000 0 0 44.000 54.000 2376.000 48.744 0 1 84 210 0 0
 2550 103108.000 164564.000 0 0 26.000 50.000 1300.000 36.055 0 1 93 200 0 0
 2551 87079.000 163308.000 0 0 0.000 0.000 0.000 200000.000 0 1 0 200 0 0
 2552 87028.000 163297.000 0 0 0.000 0.000 0.000 200000.000 0 1 0 200 0 0
 2553 80645.000 161580.000 0 0 0.000 0.000 0.000 200000.000 0 1 0 200 0 0
 2554 49576.000 139986.000 0 0 0.000 0.000 0.000 200000.000 0 1 0 200 0 0
 2555 80582.000 161606.000 0 0 0.000 0.000 0.000 200000.000 0 1 0 200 0 0
 2556 44539.000 132966.000 0 0 0.000 0.000 0.000 200000.000 0 1 0 200 0 0
 2557 44699.000 132929.000 0 0 0.000 0.000 0.000 200000.000 0 1 0 200 0 0
 2558 107243.000 35636.000 0 0 0.000 0.000 0.000 200000.000 0 1 0 200 0 0
 2559 35888.000 92417.000 0 0 0.000 0.000 0.000 200000.000 0 1 0 200 0 0
 2560 56191.000 52495.000 0 0 0.000 0.000 0.000 0.205 0 1 0 0 0 0
 2561 82950.000 38290.000 0 0 0.000 0.000 0.000 200000.000 0 1 0 200 0 0
 2562 147788.000 55875.000 0 0 0.000 0.000 0.000 200000.000 0 1 0 200 0 0
 2563 147851.000 55889.000 0 0 0.000 0.000 0.000 200000.000 0 1 0 200 0 0
 2564 149456.000 57952.000 0 0 0.000 0.000 0.000 200000.000 0 1 0 200 0 0
 2565 164205.000 89175.000 0 0 0.000 0.000 0.000 200000.000 0 1 0 200 0 0
 2566 126061.000 159418.000 0 0 0.000 0.000 0.000 200000.000 0 1 0 200 0 0
 2567 126025.000 159469.000 0 0 0.000 0.000 0.000 200000.000 0 1 0 200 0 0
 2568 123340.000 160451.000 0 0 0.000 0.000 0.000 0.277 0 1 0 0 0 0
 2569 114848.000 163039.000 0 0 0.000 0.000 0.000 0.218 0 1 0 0 0 0
 2570 81269.000 161820.000 0 0 0.000 0.000 0.000 200000.000 0 1 0 200 0 0
 2571 107673.000 35876.000 0 0 0.000 0.000 0.000 0.128 0 1 0 0 0 0
 2572 54860.000 146355.000 0 0 0.000 0.000 0.000 200000.000 0 1 0 200 0 0
 2573 45191.000 134364.000 0 0 0.000 0.000 0.000 200000.000 0 1 0 200 0 0
 2574 135824.000 45604.000 0 0 0.000 0.000 0.000 200000.000 0 1 0 200 0 0
 2575 135912.000 45566.000 0 0 0.000 0.000 0.000 200000.000 0 1 0 200 0 0
 2576 164599.000 91011.000 0 0 0.000 0.000 0.000 0.209 0 1 0 0 0 0
 2577 156350.000 133158.000 0 0 0.000 0.000 0.000 200000.000 0 1 0 200 0 0
 2578 134954.000 154771.000 0 0 48.000 56.000 2688.000 51.845 0 1 80 200 0 0
 2579 133443.000 155625.000 0 0 46.000 56.000 2576.000 50.754 0 1 80 200 0 0
 2580 110876.000 163941.000 0 0 0.000 0.000 0.000 200000.000 0 1 0 200 0 0
 2581 92296.000 163544.000 0 0 0.000 0.000 0.000 200000.000 0 1 0 200 0 0
 2582 73668.000 159334.000 0 0 0.000 0.000 0.000 200000.000 0 1 0 200 0 0
 2583 35353.000 102841.000 0 0 0.000 0.000 0.000 200000.000 0 1 0 200 0 0
 2584 54907.000 146382.000 0 0 0.000 0.000 0.000 200000.000 0 1 0 200 0 0
 2585 40103.000 124878.000 0 0 0.000 0.000 0.000 200000.000 0 1 0 200 0 0
 2586 38492.000 79188.000 0 0 0.000 0.000 0.000 200000.000 0 1 0 200 0 0
 2587 83690.000 36893.000 0 0 0.000 0.000 0.000 200000.000 0 1 0 200 0 0
 2588 104563.000 35062.000 0 0 0.000 0.000 0.000 200000.000 0 1 0 200 0 0
 2589 146727.000 54341.000 0 0 0.000 0.000 0.000 0.211 0 1 0 0 0 0
 2590 161744.000 80866.000 0 0 0.000 0.000 0.000 200000.000 0 1 0 200 0 0
 2591 156284.000 133061.000 0 0 0.000 0.000 0.000 200000.000 0 1 0 200 0 0
 2592 131955.000 155745.000 0 0 46.000 54.000 2484.000 49.839 0 1 84 210 0 0
 2593 124811.000 159459.000 0 0 0.000 0.000 0.000 200000.000 0 1 0 200 0 0
 2594 71014.000 158267.000 0 0 0.000 0.000 0.000 200000.000 0 1 0 200 0 0
 2595 73719.000 159358.000 0 0 0.000 0.000 0.000 200000.000 0 1 0 200 0 0
 2596 35171.000 97182.000 0 0 0.000 0.000 0.000 200000.000 0 1 0 200 0 0
 2597 71116.000 158181.000 0 0 0.000 0.000 0.000 200000.000 0 1 0 200 0 0
 2598 58323.000 149816.000 0 0 0.000 0.000 0.000 0.227 0 1 0 0 0 0
 2599 119698.000 37535.000 0 0 0.000 0.000 0.000 200000.000 0 1 0 200 0 0
 2600 48499.000 139386.000 0 0 0.000 0.000 0.000 200000.000 0 1 0 200 0 0
 2601 161582.000 77830.000 0 0 0.000 0.000 0.000 200000.000 0 1 0 200 0 0
 2602 43126.000 68438.000 0 0 0.000 0.000 0.000 0.252 0 1 0 0 0 0
 2603 165601.000 98596.000 0 0 0.000 0.000 0.000 200000.000 0 1 0 200 0 0
 2604 44090.000 66561.000 0 0 0.000 0.000 0.000 200000.000 0 1 0 200 0 0
 2605 70552.000 157142.000 0 0 0.000 0.000 0.000 200000.000 0 1 0 200 0 0
 2606 72591.000 41623.000 0 0 0.000 0.000 0.000 200000.000 0 1 0 200 0 0
 2607 164976.000 92320.000 0 0 0.000 0.000 0.000 0.211 0 1 0 0 0 0
 2608 165443.000 98548.000 0 0 0.000 0.000 0.000 200000.000 0 1 0 200 0 0
 2609 164585.000 112423.000 0 0 0.000 0.000 0.000 200000.000 0 1 0 200 0 0
 2610 164180.000 114361.000 0 0 0.000 0.000 0.000 200000.000 0 1 0 200 0 0
 2611 151710.000 138913.000 0 0 0.000 0.000 0.000 200000.000 0 1 0 200 0 0
 2612 109670.000 164646.000 0 0 0.000 0.000 0.000 200000.000 0 1 0 200 0 0
 2613 123857.000 159920.000 0 0 0.000 0.000 0.000 200000.000 0 1 0 200 0 0
 2614 106966.000 164040.000 0 0 0.000 0.000 0.000 200000.000 0 1 0 200 0 0
 2615 44965.000 65129.000 0 0 0.000 0.000 0.000 200000.000 0 1 0 200 0 0
 2616 90146.000 163740.000 0 0 0.000 0.000 0.000 200000.000 0 1 0 200 0 0
 2617 79627.000 162189.000 0 0 0.000 0.000 0.000 200000.000 0 1 0 200 0 0
 2618 136876.000 45800.000 0 0 0.000 0.000 0.000 200000.000 0 1 0 200 0 0
 2619 45885.000 136063.000 0 0 0.000 0.000 0.000 200000.000 0 1 0 200 0 0
 2620 44352.000 133854.000 0 0 0.000 0.000 0.000 200000.000 0 1 0 200 0 0
 2621 164025.000 114274.000 0 0 0.000 0.000 0.000 200000.000 0 1 0 200 0 0
 2622 44270.000 133841.000 0 0 0.000 0.000 0.000 200000.000 0 1 0 200 0 0
 2623 41849.000 129379.000 0 0 0.000 0.000 0.000 0.228 0 1 0 0 0 0
 2624 72857.000 40433.000 0 0 0.000 0.000 0.000 0.228 0 1 0 0 0 0
 2625 141014.000 48656.000 0 0 0.000 0.000 0.000 200000.000 0 1 0 200 0 0
 2626 141069.000 48669.000 0 0 0.000 0.000 0.000 200000.000 0 1 0 200 0 0
 2627 149861.000 58561.000 0 0 0.000 0.000 0.000 200000.000 0 1 0 200 0 0
 2628 157480.000 131833.000 0 0 0.000 0.000 0.000 200000.000 0 1 0 200 0 0
 2629 156023.000 134098.000 0 0 0.000 0.000 0.000 0.319 0 1 0 0 0 0
 2630 147208.000 145349.000 0 0 0.000 0.000 0.000 0.267 0 1 0 0 0 0
 2631 129781.000 158234.000 0 0 0.000 0.000 0.000 0.492 0 1 0 0 0 0
 2632 126788.000 159731.000 0 0 0.000 0.000 0.000 0.203 0 1 0 0 0 0
 2633 109723.000 164638.000 0 0 0.000 0.000 0.000 200000.000 0 1 0 200 0 0
 2634 60458.000 151785.000 0 0 0.000 0.000 0.000 0.412 0 1 0 0 0 0
 2635 46652.000 137782.000 0 0 0.000 0.000 0.000 200000.000 0 1 0 200 0 0
 2636 164391.000 85990.000 0 0 54.000 34.000 1836.000 42.848 0 1 6 200 0 0
 2637 71337.000 40954.000 0 0 0.000 0.000 0.000 200000.000 0 1 0 200 0 0
 2638 137122.000 45555.000 0 0 0.000 0.000 0.000 200000.000 0 1 0 200 0 0
 2639 107695.000 35571.000 0 0 0.000 0.000 0.000 200000.000 0 1 0 200 0 0
 2640 165672.000 92226.000 0 0 0.000 0.000 0.000 200000.000 0 1 0 200 0 0
 2641 154099.000 137499.000 0 0 0.000 0.000 0.000 0.217 0 1 0 0 0 0
 2642 155559.000 133710.000 0 0 0.000 0.000 0.000 200000.000 0 1 0 200 0 0
 2643 134290.000 155096.000 0 0 48.000 56.000 2688.000 51.845 0 1 80 200 0 0
 2644 109094.000 164899.000 0 0 0.000 0.000 0.000 200000.000 0 1 0 200 0 0
 2645 97460.000 165617.000 0 0 0.000 0.000 0.000 200000.000 0 1 0 200 0 0
 2646 83194.000 163433.000 0 0 0.000 0.000 0.000 200000.000 0 1 0 200 0 0
 2647 78176.000 161821.000 0 0 0.000 0.000 0.000 0.262 0 1 0 0 0 0
 2648 83290.000 163284.000 0 0 0.000 0.000 0.000 200000.000 0 1 0 200 0 0
 2649 46683.000 137825.000 0 0 0.000 0.000 0.000 200000.000 0 1 0 200 0 0
 2650 63599.000 154539.000 0 0 0.000 0.000 0.000 200000.000 0 1 0 200 0 0
 2651 58978.000 48732.000 0 0 0.000 0.000 0.000 0.252 0 1 0 0 0 0
 2652 165017.000 111005.000 0 0 0.000 0.000 0.000 200000.000 0 1 0 200 0 0
 2653 65934.000 43872.000 0 0 0.000 0.000 0.000 0.247 0 1 0 0 0 0
 2654 109027.000 34816.000 0 0 0.000 0.000 0.000 200000.000 0 1 0 200 0 0
 2655 160278.000 72970.000 0 0 0.000 0.000 0.000 0.204 0 1 0 0 0 0
 2656 163216.000 81206.000 0 0 0.000 0.000 0.000 0.404 0 1 0 0 0 0
 2657 164103.000 116141.000 0 0 0.000 0.000 0.000 200000.000 0 1 0 200 0 0
 2658 151082.000 141848.000 0 0 0.000 0.000 0.000 200000.000 0 1 0 200 0 0
 2659 158461.000 128768.000 0 0 0.000 0.000 0.000 200000.000 0 1 0 200 0 0
 2660 151309.000 140259.000 0 0 0.000 0.000 0.000 200000.000 0 1 0 200 0 0
 2661 133806.000 156444.000 0 0 0.000 0.000 0.000 200000.000 0 1 0 200 0 0
 2662 133248.000 156745.000 0 0 0.000 0.000 0.000 0.200 0 1 0 0 0 0
 2663 37929.000 78730.000 0 0 0.000 0.000 0.000 200000.000 0 1 0 200 0 0
 2664 43749.000 66138.000 0 0 0.000 0.000 0.000 200000.000 0 1 0 200 0 0
 2665 54988.000 52109.000 0 0 0.000 0.000 0.000 200000.000 0 1 0 200 0 0
 2666 57597.000 49544.000 0 0 0.000 0.000 0.000 200000.000 0 1 0 200 0 0
 2667 57611.000 49643.000 0 0 0.000 0.000 0.000 200000.000 0 1 0 200 0 0
 2668 109014.000 34555.000 0 0 0.000 0.000 0.000 0.355 0 1 0 0 0 0
 2669 133726.000 43203.000 0 0 0.000 0.000 0.000 200000.000 0 1 0 200 0 0
 2670 163093.000 117011.000 0 0 0.000 0.000 0.000 200000.000 0 1 0 200 0 0
 2671 158738.000 130438.000 0 0 0.000 0.000 0.000 0.295 0 1 0 0 0 0
 2672 84084.000 164016.000 0 0 0.000 0.000 0.000 200000.000 0 1 0 200 0 0
 2673 106134.000 165593.000 0 0 0.000 0.000 0.000 0.438 0 1 0 0 0 0
 2674 143536.000 148585.000 0 0 0.000 0.000 0.000 200000.000 0 1 0 200 0 0
 2675 129977.000 157956.000 0 0 0.000 0.000 0.000 200000.000 0 1 0 200 0 0
 2676 125659.000 159935.000 0 0 0.000 0.000 0.000 200000.000 0 1 0 200 0 0
 2677 84140.000 164005.000 0 0 0.000 0.000 0.000 200000.000 0 1 0 200 0 0
 2678 154694.000 62551.000 0 0 0.000 0.000 0.000 200000.000 0 1 0 200 0 0
 2679 62474.000 153998.000 0 0 0.000 0.000 0.000 200000.000 0 1 0 200 0 0
 2680 165750.000 90235.000 0 0 0.000 0.000 0.000 200000.000 0 1 0 200 0 0
 2681 62191.000 153845.000 0 0 0.000 0.000 0.000 0.410 0 1 0 0 0 0
 2682 50045.000 142923.000 0 0 0.000 0.000 0.000 200000.000 0 1 0 200 0 0
 2683 34508.000 94402.000 0 0 0.000 0.000 0.000 0.205 0 1 0 0 0 0
 2684 35452.000 87099.000 0 0 0.000 0.000 0.000 0.432 0 1 0 0 0 0
 2685 74493.000 39137.000 0 0 0.000 0.000 0.000 200000.000 0 1 0 200 0 0
 2686 140944.000 47704.000 0 0 0.000 0.000 0.000 200000.000 0 1 0 200 0 0
 2687 154668.000 62504.000 0 0 0.000 0.000 0.000 200000.000 0 1 0 200 0 0
 2688 165615.000 90205.000 0 0 0.000 0.000 0.000 200000.000 0 1 0 200 0 0
 2689 147927.000 145850.000 0 0 0.000 0.000 0.000 0.227 0 1 0 0 0 0
 2690 147783.000 145936.000 0 0 0.000 0.000 0.000 0.228 0 1 0 0 0 0
 2691 162574.000 119388.000 0 0 0.000 0.000 0.000 200000.000 0 1 0 200 0 0
 2692 34142.000 97395.000 0 0 0.000 0.000 0.000 200000.000 0 1 0 200 0 0
 2693 98507.000 165233.000 0 0 0.000 0.000 0.000 200000.000 0 1 0 200 0 0
 2694 94267.000 165109.000 0 0 0.000 0.000 0.000 200000.000 0 1 0 200 0 0
 2695 89173.000 165006.000 0 0 0.000 0.000 0.000 0.370 0 1 0 0 0 0
 2696 77937.000 162509.000 0 0 0.000 0.000 0.000 200000.000 0 1 0 200 0 0
 2697 148261.000 54093.000 0 0 0.000 0.000 0.000 200000.000 0 1 0 200 0 0
 2698 66574.000 156815.000 0 0 0.000 0.000 0.000 200000.000 0 1 0 200 0 0
 2699 57657.000 49207.000 0 0 0.000 0.000 0.000 200000.000 0 1 0 200 0 0
 2700 58276.000 48535.000 0 0 0.000 0.000 0.000 200000.000 0 1 0 200 0 0
 2701 98354.000 33756.000 0 0 0.000 0.000 0.000 200000.000 0 1 0 200 0 0
 2702 148103.000 54173.000 0 0 0.000 0.000 0.000 200000.000 0 1 0 200 0 0
 2703 162716.000 122055.000 0 0 0.000 0.000 0.000 200000.000 0 1 0 200 0 0
 2704 128405.000 159943.000 0 0 0.000 0.000 0.000 200000.000 0 1 0 200 0 0
 2705 89688.000 164573.000 0 0 0.000 0.000 0.000 200000.000 0 1 0 200 0 0
 2706 34891.000 88605.000 0 0 0.000 0.000 0.000 200000.000 0 1 0 200 0 0
 2707 37019.000 82520.000 0 0 0.000 0.000 0.000 200000.000 0 1 0 200 0 0
 2708 72612.000 39578.000 0 0 0.000 0.000 0.000 0.457 0 1 0 0 0 0
 2709 77452.000 37623.000 0 0 0.000 0.000 0.000 0.491 0 1 0 0 0 0
 2710 87297.000 34798.000 0 0 0.000 0.000 0.000 0.273 0 1 0 0 0 0
 2711 96899.000 33559.000 0 0 0.000 0.000 0.000 0.224 0 1 0 0 0 0
 2712 119286.000 36370.000 0 0 0.000 0.000 0.000 0.490 0 1 0 0 0 0
 2713 165192.000 85816.000 0 0 54.000 34.000 1836.000 42.848 0 1 6 200 0 0
 2714 121937.000 37019.000 0 0 0.000 0.000 0.000 200000.000 0 1 0 200 0 0
 2715 136204.000 43931.000 0 0 0.000 0.000 0.000 200000.000 0 1 0 200 0 0
 2716 164482.000 116712.000 0 0 0.000 0.000 0.000 200000.000 0 1 0 200 0 0
 2717 165313.000 86728.000 0 0 54.000 32.000 1728.000 41.569 0 1 6 200 0 0
 2718 145776.000 148264.000 0 0 0.000 0.000 0.000 200000.000 0 1 0 200 0 0
 2719 164568.000 116433.000 0 0 0.000 0.000 0.000 0.315 0 1 0 0 0 0
 2720 161363.000 126246.000 0 0 0.000 0.000 0.000 0.224 0 1 0 0 0 0
 2721 145816.000 148227.000 0 0 0.000 0.000 0.000 200000.000 0 1 0 200 0 0
 2722 122357.000 162668.000 0 0 0.000 0.000 0.000 0.237 0 1 0 0 0 0
 2723 83803.000 164471.000 0 0 0.000 0.000 0.000 200000.000 0 1 0 200 0 0
 2724 69039.000 158588.000 0 0 0.000 0.000 0.000 200000.000 0 1 0 200 0 0
 2725 39042.000 125867.000 0 0 0.000 0.000 0.000 200000.000 0 1 0 200 0 0
 2726 159989.000 70215.000 0 0 0.000 0.000 0.000 200000.000 0 1 0 200 0 0
 2727 136157.000 43903.000 0 0 0.000 0.000 0.000 200000.000 0 1 0 200 0 0
 2728 159823.000 70241.000 0 0 0.000 0.000 0.000 200000.000 0 1 0 200 0 0
 2729 164612.000 82911.000 0 0 0.000 0.000 0.000 0.210 0 1 0 0 0 0
 2730 72679.000 40082.000 0 0 0.000 0.000 0.000 200000.000 0 1 0 200 0 0
 2731 166682.000 110303.000 0 0 0.000 0.000 0.000 200000.000 0 1 0 200 0 0
 2732 157233.000 134629.000 0 0 0.000 0.000 0.000 0.229 0 1 0 0 0 0
 2733 145659.000 148765.000 0 0 0.000 0.000 0.000 200000.000 0 1 0 200 0 0
 2734 145657.000 148842.000 0 0 0.000 0.000 0.000 200000.000 0 1 0 200 0 0
 2735 139761.000 153681.000 0 0 0.000 0.000 0.000 200000.000 0 1 0 200 0 0
 2736 131144.000 159037.000 0 0 0.000 0.000 0.000 200000.000 0 1 0 200 0 0
 2737 131121.000 159109.000 0 0 0.000 0.000 0.000 200000.000 0 1 0 200 0 0
 2738 40045.000 71305.000 0 0 0.000 0.000 0.000 200000.000 0 1 0 200 0 0
 2739 88451.000 34100.000 0 0 0.000 0.000 0.000 200000.000 0 1 0 200 0 0
 2740 135001.000 42779.000 0 0 0.000 0.000 0.000 200000.000 0 1 0 200 0 0
 2741 134891.000 42853.000 0 0 0.000 0.000 0.000 200000.000 0 1 0 200 0 0
 2742 142575.000 48309.000 0 0 0.000 0.000 0.000 0.274 0 1 0 0 0 0
 2743 159567.000 69054.000 0 0 0.000 0.000 0.000 200000.000 0 1 0 200 0 0
 2744 159607.000 69091.000 0 0 0.000 0.000 0.000 200000.000 0 1 0 200 0 0
 2745 37133.000 80986.000 0 0 0.000 0.000 0.000 200000.000 0 1 0 200 0 0
 2746 166473.000 91009.000 0 0 0.000 0.000 0.000 0.254 0 1 0 0 0 0
 2747 157706.000 133921.000 0 0 0.000 0.000 0.000 200000.000 0 1 0 200 0 0
 2748 153215.000 140719.000 0 0 0.000 0.000 0.000 0.244 0 1 0 0 0 0
 2749 141614.000 152426.000 0 0 0.000 0.000 0.000 0.208 0 1 0 0 0 0
 2750 131441.000 158858.000 0 0 0.000 0.000 0.000 0.419 0 1 0 0 0 0
 2751 96577.000 166633.000 0 0 0.000 0.000 0.000 200000.000 0 1 0 200 0 0
 2752 153855.000 59919.000 0 0 0.000 0.000 0.000 200000.000 0 1 0 200 0 0
 2753 104940.000 33042.000 0 0 0.000 0.000 0.000 200000.000 0 1 0 200 0 0
 2754 78067.000 162147.000 0 0 0.000 0.000 0.000 200000.000 0 1 0 200 0 0
 2755 156389.000 136946.000 0 0 0.000 0.000 0.000 200000.000 0 1 0 200 0 0
 2756 108851.000 33431.000 0 0 0.000 0.000 0.000 200000.000 0 1 0 200 0 0
 2757 136323.000 43515.000 0 0 0.000 0.000 0.000 0.399 0 1 0 0 0 0
 2758 162982.000 76644.000 0 0 0.000 0.000 0.000 0.258 0 1 0 0 0 0
 2759 165821.000 86203.000 0 0 54.000 34.000 1836.000 42.848 0 1 6 200 0 0
 2760 165899.000 86239.000 0 0 54.000 34.000 1836.000 42.848 0 1 6 200 0 0
 2761 112323.000 164940.000 0 0 0.000 0.000 0.000 200000.000 0 1 0 200 0 0
 2762 76625.000 161707.000 0 0 0.000 0.000 0.000 200000.000 0 1 0 200 0 0
 2763 166147.000 111263.000 0 0 0.000 0.000 0.000 0.366 0 1 0 0 0 0
 2764 153118.000 141074.000 0 0 0.000 0.000 0.000 0.451 0 1 0 0 0 0
 2765 133541.000 158172.000 0 0 0.000 0.000 0.000 200000.000 0 1 0 200 0 0
 2766 117055.000 164886.000 0 0 0.000 0.000 0.000 200000.000 0 1 0 200 0 0
 2767 117072.000 164747.000 0 0 0.000 0.000 0.000 200000.000 0 1 0 200 0 0
 2768 115551.000 165082.000 0 0 0.000 0.000 0.000 200000.000 0 1 0 200 0 0
 2769 114882.000 165236.000 0 0 0.000 0.000 0.000 200000.000 0 1 0 200 0 0
 2770 42158.000 133274.000 0 0 0.000 0.000 0.000 200000.000 0 1 0 200 0 0
 2771 37298.000 122831.000 0 0 0.000 0.000 0.000 200000.000 0 1 0 200 0 0
 2772 35894.000 80821.000 0 0 0.000 0.000 0.000 200000.000 0 1 0 200 0 0
 2773 83457.000 35019.000 0 0 0.000 0.000 0.000 200000.000 0 1 0 200 0 0
 2774 86063.000 34394.000 0 0 0.000 0.000 0.000 0.226 0 1 0 0 0 0
 2775 105323.000 33093.000 0 0 0.000 0.000 0.000 200000.000 0 1 0 200 0 0
 2776 94463.000 32960.000 0 0 0.000 0.000 0.000 200000.000 0 1 0 200 0 0
 2777 104884.000 33056.000 0 0 0.000 0.000 0.000 200000.000 0 1 0 200 0 0
 2778 159462.000 68088.000 0 0 0.000 0.000 0.000 200000.000 0 1 0 200 0 0
 2779 128309.000 38840.000 0 0 0.000 0.000 0.000 200000.000 0 1 0 200 0 0
 2780 159305.000 68114.000 0 0 0.000 0.000 0.000 200000.000 0 1 0 200 0 0
 2781 162751.000 124260.000 0 0 0.000 0.000 0.000 200000.000 0 1 0 200 0 0
 2782 166510.000 98003.000 0 0 0.000 0.000 0.000 200000.000 0 1 0 200 0 0
 2783 166042.000 113375.000 0 0 0.000 0.000 0.000 0.497 0 1 0 0 0 0
 2784 149236.000 146001.000 0 0 0.000 0.000 0.000 200000.000 0 1 0 200 0 0
 2785 126255.000 161774.000 0 0 0.000 0.000 0.000 200000.000 0 1 0 200 0 0
 2786 102260.000 167002.000 0 0 0.000 0.000 0.000 200000.000 0 1 0 200 0 0
 2787 116519.000 165024.000 0 0 0.000 0.000 0.000 0.486 0 1 0 0 0 0
 2788 37000.000 123007.000 0 0 0.000 0.000 0.000 200000.000 0 1 0 200 0 0
 2789 57202.000 48098.000 0 0 0.000 0.000 0.000 200000.000 0 1 0 200 0 0
 2790 35789.000 80987.000 0 0 0.000 0.000 0.000 200000.000 0 1 0 200 0 0
 2791 157835.000 134981.000 0 0 0.000 0.000 0.000 200000.000 0 1 0 200 0 0
 2792 155594.000 61514.000 0 0 0.000 0.000 0.000 200000.000 0 1 0 200 0 0
 2793 162355.000 74182.000 0 0 0.000 0.000 0.000 200000.000 0 1 0 200 0 0
 2794 167090.000 91556.000 0 0 0.000 0.000 0.000 0.211 0 1 0 0 0 0
 2795 126738.000 160877.000 0 0 0.000 0.000 0.000 200000.000 0 1 0 200 0 0
 2796 163521.000 120717.000 0 0 0.000 0.000 0.000 200000.000 0 1 0 200 0 0
 2797 148227.000 146107.000 0 0 0.000 0.000 0.000 200000.000 0 1 0 200 0 0
 2798 140084.000 154301.000 0 0 0.000 0.000 0.000 200000.000 0 1 0 200 0 0
 2799 140055.000 154348.000 0 0 0.000 0.000 0.000 200000.000 0 1 0 200 0 0
 2800 123005.000 163406.000 0 0 0.000 0.000 0.000 200000.000 0 1 0 200 0 0
 2801 51768.000 53082.000 0 0 0.000 0.000 0.000 200000.000 0 1 0 200 0 0
 2802 67734.000 40902.000 0 0 0.000 0.000 0.000 200000.000 0 1 0 200 0 0
 2803 72186.000 38486.000 0 0 0.000 0.000 0.000 200000.000 0 1 0 200 0 0
 2804 150874.000 55435.000 0 0 0.000 0.000 0.000 200000.000 0 1 0 200 0 0
 2805 138272.000 44199.000 0 0 0.000 0.000 0.000 200000.000 0 1 0 200 0 0
 2806 155647.000 61540.000 0 0 0.000 0.000 0.000 200000.000 0 1 0 200 0 0
 2807 161016.000 70766.000 0 0 0.000 0.000 0.000 200000.000 0 1 0 200 0 0
 2808 167673.000 100116.000 0 0 0.000 0.000 0.000 0.278 0 1 0 0 0 0
 2809 127575.000 161759.000 0 0 0.000 0.000 0.000 200000.000 0 1 0 200 0 0
 2810 128101.000 160319.000 0 0 0.000 0.000 0.000 200000.000 0 1 0 200 0 0
 2811 98380.000 167372.000 0 0 0.000 0.000 0.000 200000.000 0 1 0 200 0 0
 2812 53941.000 50759.000 0 0 0.000 0.000 0.000 200000.000 0 1 0 200 0 0
 2813 33146.000 92283.000 0 0 0.000 0.000 0.000 200000.000 0 1 0 200 0 0
 2814 131225.000 39786.000 0 0 0.000 0.000 0.000 0.297 0 1 0 0 0 0
 2815 167019.000 102533.000 0 0 50.000 24.000 1200.000 34.641 0 1 16 210 0 0
 2816 161716.000 126383.000 0 0 0.000 0.000 0.000 200000.000 0 1 0 200 0 0
 2817 155751.000 138461.000 0 0 0.000 0.000 0.000 0.210 0 1 0 0 0 0
 2818 137657.000 156434.000 0 0 0.000 0.000 0.000 200000.000 0 1 0 200 0 0
 2819 155016.000 138168.000 0 0 0.000 0.000 0.000 200000.000 0 1 0 200 0 0
 2820 142322.000 151835.000 0 0 0.000 0.000 0.000 200000.000 0 1 0 200 0 0
 2821 112231.000 166498.000 0 0 0.000 0.000 0.000 200000.000 0 1 0 200 0 0
 2822 107180.000 167236.000 0 0 0.000 0.000 0.000 0.252 0 1 0 0 0 0
 2823 47572.000 142341.000 0 0 0.000 0.000 0.000 200000.000 0 1 0 200 0 0
 2824 69982.000 160602.000 0 0 0.000 0.000 0.000 200000.000 0 1 0 200 0 0
 2825 38679.000 127993.000 0 0 0.000 0.000 0.000 200000.000 0 1 0 200 0 0
 2826 34610.000 117078.000 0 0 0.000 0.000 0.000 200000.000 0 1 0 200 0 0
 2827 41774.000 65804.000 0 0 0.000 0.000 0.000 200000.000 0 1 0 200 0 0
 2828 57951.000 47008.000 0 0 0.000 0.000 0.000 0.205 0 1 0 0 0 0
 2829 163676.000 75658.000 0 0 0.000 0.000 0.000 200000.000 0 1 0 200 0 0
 2830 75136.000 36885.000 0 0 0.000 0.000 0.000 0.227 0 1 0 0 0 0
 2831 154420.000 58999.000 0 0 0.000 0.000 0.000 200000.000 0 1 0 200 0 0
 2832 154460.000 59029.000 0 0 0.000 0.000 0.000 200000.000 0 1 0 200 0 0
 2833 163499.000 75670.000 0 0 0.000 0.000 0.000 200000.000 0 1 0 200 0 0
 2834 168165.000 100042.000 0 0 0.000 0.000 0.000 200000.000 0 1 0 200 0 0
 2835 161371.000 129480.000 0 0 56.000 42.000 2352.000 48.497 0 1 34 200 0 0
 2836 151804.000 144007.000 0 0 0.000 0.000 0.000 0.203 0 1 0 0 0 0
 2837 34609.000 117736.000 0 0 0.000 0.000 0.000 200000.000 0 1 0 200 0 0
 2838 116497.000 165805.000 0 0 0.000 0.000 0.000 0.227 0 1 0 0 0 0
 2839 47410.000 57319.000 0 0 0.000 0.000 0.000 200000.000 0 1 0 200 0 0
 2840 107930.000 167257.000 0 0 0.000 0.000 0.000 0.218 0 1 0 0 0 0
 2841 115612.000 33787.000 0 0 0.000 0.000 0.000 200000.000 0 1 0 200 0 0
 2842 99370.000 167842.000 0 0 0.000 0.000 0.000 0.211 0 1 0 0 0 0
 2843 66337.000 158842.000 0 0 0.000 0.000 0.000 200000.000 0 1 0 200 0 0
 2844 166340.000 110252.000 0 0 0.000 0.000 0.000 200000.000 0 1 0 200 0 0
 2845 32784.000 107475.000 0 0 0.000 0.000 0.000 0.220 0 1 0 0 0 0
 2846 123535.000 36062.000 0 0 0.000 0.000 0.000 200000.000 0 1 0 200 0 0
 2847 123617.000 35990.000 0 0 0.000 0.000 0.000 200000.000 0 1 0 200 0 0
 2848 129246.000 38342.000 0 0 0.000 0.000 0.000 200000.000 0 1 0 200 0 0
 2849 129297.000 38362.000 0 0 0.000 0.000 0.000 200000.000 0 1 0 200 0 0
 2850 166551.000 114663.000 0 0 0.000 0.000 0.000 200000.000 0 1 0 200 0 0
 2851 162211.000 128024.000 0 0 0.000 0.000 0.000 200000.000 0 1 0 200 0 0
 2852 113772.000 166591.000 0 0 0.000 0.000 0.000 0.214 0 1 0 0 0 0
 2853 53051.000 148864.000 0 0 0.000 0.000 0.000 200000.000 0 1 0 200 0 0
 2854 106007.000 167758.000 0 0 0.000 0.000 0.000 0.209 0 1 0 0 0 0
 2855 156208.000 137271.000 0 0 0.000 0.000 0.000 200000.000 0 1 0 200 0 0
 2856 132327.000 158922.000 0 0 0.000 0.000 0.000 200000.000 0 1 0 200 0 0
 2857 141779.000 45772.000 0 0 0.000 0.000 0.000 200000.000 0 1 0 200 0 0
 2858 51634.000 52285.000 0 0 0.000 0.000 0.000 200000.000 0 1 0 200 0 0
 2859 164401.000 77131.000 0 0 0.000 0.000 0.000 200000.000 0 1 0 200 0 0
 2860 82513.000 34197.000 0 0 0.000 0.000 0.000 200000.000 0 1 0 200 0 0
 2861 83273.000 34020.000 0 0 0.000 0.000 0.000 200000.000 0 1 0 200 0 0
 2862 168183.000 102717.000 0 0 50.000 24.000 1200.000 34.641 0 1 16 210 0 0
 2863 107550.000 32246.000 0 0 0.000 0.000 0.000 200000.000 0 1 0 200 0 0
 2864 167626.000 109746.000 0 0 0.000 0.000 0.000 200000.000 0 1 0 200 0 0
 2865 167393.000 87668.000 0 0 0.000 0.000 0.000 200000.000 0 1 0 200 0 0
 2866 163610.000 124865.000 0 0 0.000 0.000 0.000 200000.000 0 1 0 200 0 0
 2867 168331.000 102791.000 0 0 50.000 26.000 1300.000 36.055 0 1 16 210 0 0
 2868 161494.000 129968.000 0 0 56.000 42.000 2352.000 48.497 0 1 34 200 0 0
 2869 160639.000 131511.000 0 0 0.000 0.000 0.000 0.212 0 1 0 0 0 0
 2870 160399.000 132206.000 0 0 0.000 0.000 0.000 200000.000 0 1 0 200 0 0
 2871 117686.000 165950.000 0 0 0.000 0.000 0.000 200000.000 0 1 0 200 0 0
 2872 108022.000 167946.000 0 0 0.000 0.000 0.000 200000.000 0 1 0 200 0 0
 2873 104785.000 168070.000 0 0 0.000 0.000 0.000 200000.000 0 1 0 200 0 0
 2874 94777.000 167837.000 0 0 0.000 0.000 0.000 200000.000 0 1 0 200 0 0
 2875 89008.000 167084.000 0 0 0.000 0.000 0.000 0.205 0 1 0 0 0 0
 2876 32900.000 111620.000 0 0 0.000 0.000 0.000 200000.000 0 1 0 200 0 0
 2877 33016.000 111653.000 0 0 0.000 0.000 0.000 200000.000 0 1 0 200 0 0
 2878 33553.000 85370.000 0 0 0.000 0.000 0.000 200000.000 0 1 0 200 0 0
 2879 81683.000 34268.000 0 0 0.000 0.000 0.000 200000.000 0 1 0 200 0 0
 2880 166625.000 115850.000 0 0 0.000 0.000 0.000 200000.000 0 1 0 200 0 0
 2881 156857.000 138083.000 0 0 0.000 0.000 0.000 200000.000 0 1 0 200 0 0
 2882 74863.000 36228.000 0 0 0.000 0.000 0.000 200000.000 0 1 0 200 0 0
 2883 114253.000 33069.000 0 0 0.000 0.000 0.000 200000.000 0 1 0 200 0 0
 2884 167109.000 109172.000 0 0 0.000 0.000 0.000 200000.000 0 1 0 200 0 0
 2885 160734.000 129892.000 0 0 56.000 44.000 2464.000 49.638 0 1 34 200 0 0
 2886 103088.000 168162.000 0 0 0.000 0.000 0.000 200000.000 0 1 0 200 0 0
 2887 95998.000 168054.000 0 0 0.000 0.000 0.000 0.206 0 1 0 0 0 0
 2888 52211.000 148638.000 0 0 0.000 0.000 0.000 0.222 0 1 0 0 0 0
 2889 70887.000 161613.000 0 0 0.000 0.000 0.000 200000.000 0 1 0 200 0 0
 2890 45609.000 141249.000 0 0 0.000 0.000 0.000 200000.000 0 1 0 200 0 0
 2891 45752.000 141207.000 0 0 0.000 0.000 0.000 200000.000 0 1 0 200 0 0
 2892 32699.000 110584.000 0 0 0.000 0.000 0.000 0.211 0 1 0 0 0 0
 2893 40154.000 67299.000 0 0 0.000 0.000 0.000 200000.000 0 1 0 200 0 0
 2894 49583.000 53992.000 0 0 0.000 0.000 0.000 200000.000 0 1 0 200 0 0
 2895 34312.000 81204.000 0 0 0.000 0.000 0.000 200000.000 0 1 0 200 0 0
 2896 52630.000 50617.000 0 0 0.000 0.000 0.000 200000.000 0 1 0 200 0 0
 2897 55076.000 48575.000 0 0 0.000 0.000 0.000 200000.000 0 1 0 200 0 0
 2898 55646.000 47855.000 0 0 0.000 0.000 0.000 200000.000 0 1 0 200 0 0
 2899 115989.000 33224.000 0 0 0.000 0.000 0.000 200000.000 0 1 0 200 0 0
 2900 168477.000 105136.000 0 0 0.000 0.000 0.000 200000.000 0 1 0 200 0 0
 2901 116052.000 33191.000 0 0 0.000 0.000 0.000 200000.000 0 1 0 200 0 0
 2902 167901.000 88605.000 0 0 0.000 0.000 0.000 200000.000 0 1 0 200 0 0
 2903 168768.000 98947.000 0 0 50.000 24.000 1200.000 34.641 0 1 13 200 0 0
 2904 167819.000 96266.000 0 0 0.000 0.000 0.000 200000.000 0 1 0 200 0 0
 2905 167978.000 102689.000 0 0 50.000 24.000 1200.000 34.641 0 1 16 210 0 0
 2906 165763.000 120136.000 0 0 0.000 0.000 0.000 0.226 0 1 0 0 0 0
 2907 161945.000 129474.000 0 0 56.000 42.000 2352.000 48.497 0 1 34 200 0 0
 2908 152311.000 144587.000 0 0 0.000 0.000 0.000 0.220 0 1 0 0 0 0
 2909 139382.000 156252.000 0 0 0.000 0.000 0.000 200000.000 0 1 0 200 0 0
 2910 123766.000 164371.000 0 0 40.000 56.000 2240.000 47.328 0 1 95 200 0 0
 2911 111484.000 167804.000 0 0 0.000 0.000 0.000 200000.000 0 1 0 200 0 0
 2912 100782.000 168517.000 0 0 0.000 0.000 0.000 0.219 0 1 0 0 0 0
 2913 31908.000 105025.000 0 0 0.000 0.000 0.000 200000.000 0 1 0 200 0 0
 2914 97495.000 168449.000 0 0 0.000 0.000 0.000 0.256 0 1 0 0 0 0
 2915 88899.000 167797.000 0 0 0.000 0.000 0.000 200000.000 0 1 0 200 0 0
 2916 83200.000 165581.000 0 0 0.000 0.000 0.000 200000.000 0 1 0 200 0 0
 2917 102392.000 31382.000 0 0 0.000 0.000 0.000 200000.000 0 1 0 200 0 0
 2918 34669.000 79410.000 0 0 0.000 0.000 0.000 200000.000 0 1 0 200 0 0
 2919 42602.000 62827.000 0 0 0.000 0.000 0.000 200000.000 0 1 0 200 0 0
 2920 155128.000 141101.000 0 0 0.000 0.000 0.000 200000.000 0 1 0 200 0 0
 2921 59962.000 44447.000 0 0 0.000 0.000 0.000 200000.000 0 1 0 200 0 0
 2922 134837.000 40506.000 0 0 0.000 0.000 0.000 200000.000 0 1 0 200 0 0
 2923 158964.000 64144.000 0 0 0.000 0.000 0.000 200000.000 0 1 0 200 0 0
 2924 165623.000 79012.000 0 0 0.000 0.000 0.000 200000.000 0 1 0 200 0 0
 2925 167912.000 93813.000 0 0 0.000 0.000 0.000 200000.000 0 1 0 200 0 0
 2926 168197.000 110516.000 0 0 0.000 0.000 0.000 200000.000 0 1 0 200 0 0
 2927 166589.000 117700.000 0 0 0.000 0.000 0.000 200000.000 0 1 0 200 0 0
 2928 166663.000 117774.000 0 0 0.000 0.000 0.000 200000.000 0 1 0 200 0 0
 2929 162519.000 129116.000 0 0 56.000 42.000 2352.000 48.497 0 1 34 200 0 0
 2930 155493.000 140732.000 0 0 0.000 0.000 0.000 0.238 0 1 0 0 0 0
 2931 144796.000 152137.000 0 0 0.000 0.000 0.000 0.258 0 1 0 0 0 0
 2932 109262.000 168136.000 0 0 0.000 0.000 0.000 200000.000 0 1 0 200 0 0
 2933 101949.000 168712.000 0 0 0.000 0.000 0.000 200000.000 0 1 0 200 0 0
 2934 103538.000 168653.000 0 0 0.000 0.000 0.000 200000.000 0 1 0 200 0 0
 2935 97798.000 168691.000 0 0 0.000 0.000 0.000 200000.000 0 1 0 200 0 0
 2936 101998.000 168579.000 0 0 0.000 0.000 0.000 200000.000 0 1 0 200 0 0
 2937 65230.000 158983.000 0 0 0.000 0.000 0.000 200000.000 0 1 0 200 0 0
 2938 57611.000 153964.000 0 0 0.000 0.000 0.000 200000.000 0 1 0 200 0 0
 2939 57757.000 153864.000 0 0 0.000 0.000 0.000 200000.000 0 1 0 200 0 0
 2940 57196.000 153637.000 0 0 0.000 0.000 0.000 200000.000 0 1 0 200 0 0
 2941 57344.000 153537.000 0 0 0.000 0.000 0.000 200000.000 0 1 0 200 0 0
 2942 37807.000 128699.000 0 0 0.000 0.000 0.000 200000.000 0 1 0 200 0 0
 2943 37692.000 128698.000 0 0 0.000 0.000 0.000 200000.000 0 1 0 200 0 0
 2944 31550.000 104793.000 0 0 0.000 0.000 0.000 200000.000 0 1 0 200 0 0
 2945 118000.000 33331.000 0 0 0.000 0.000 0.000 200000.000 0 1 0 200 0 0
 2946 32549.000 87229.000 0 0 0.000 0.000 0.000 200000.000 0 1 0 200 0 0
 2947 35893.000 75593.000 0 0 0.000 0.000 0.000 0.366 0 1 0 0 0 0
 2948 165703.000 78858.000 0 0 0.000 0.000 0.000 200000.000 0 1 0 200 0 0
 2949 169027.000 102887.000 0 0 50.000 26.000 1300.000 36.055 0 1 16 210 0 0
 2950 117909.000 33469.000 0 0 0.000 0.000 0.000 200000.000 0 1 0 200 0 0
 2951 130638.000 38114.000 0 0 0.000 0.000 0.000 200000.000 0 1 0 200 0 0
 2952 130705.000 38097.000 0 0 0.000 0.000 0.000 200000.000 0 1 0 200 0 0
 2953 147452.000 150153.000 0 0 0.000 0.000 0.000 0.430 0 1 0 0 0 0
 2954 161886.000 69574.000 0 0 0.000 0.000 0.000 0.297 0 1 0 0 0 0
 2955 162087.000 69949.000 0 0 0.000 0.000 0.000 0.204 0 1 0 0 0 0
 2956 164552.000 75722.000 0 0 0.000 0.000 0.000 0.326 0 1 0 0 0 0
 2957 165689.000 78804.000 0 0 0.000 0.000 0.000 200000.000 0 1 0 200 0 0
 2958 167900.000 113134.000 0 0 0.000 0.000 0.000 0.215 0 1 0 0 0 0
 2959 166245.000 119641.000 0 0 0.000 0.000 0.000 200000.000 0 1 0 200 0 0
 2960 162524.000 129061.000 0 0 56.000 42.000 2352.000 48.497 0 1 34 200 0 0
 2961 154892.000 141757.000 0 0 0.000 0.000 0.000 0.327 0 1 0 0 0 0
 2962 148345.000 149333.000 0 0 52.000 52.000 2704.000 52.000 0 1 68 200 0 0
 2963 148426.000 149492.000 0 0 52.000 52.000 2704.000 52.000 0 1 68 200 0 0
 2964 95953.000 168772.000 0 0 0.000 0.000 0.000 200000.000 0 1 0 200 0 0
 2965 91268.000 168158.000 0 0 0.000 0.000 0.000 200000.000 0 1 0 200 0 0
 2966 66169.000 159721.000 0 0 0.000 0.000 0.000 0.213 0 1 0 0 0 0
 2967 59640.000 44250.000 0 0 0.000 0.000 0.000 200000.000 0 1 0 200 0 0
 2968 90939.000 31642.000 0 0 0.000 0.000 0.000 200000.000 0 1 0 200 0 0
 2969 73035.000 36618.000 0 0 0.000 0.000 0.000 200000.000 0 1 0 200 0 0
 2970 92280.000 31302.000 0 0 0.000 0.000 0.000 200000.000 0 1 0 200 0 0
 2971 132817.000 39133.000 0 0 0.000 0.000 0.000 0.494 0 1 0 0 0 0
 2972 155174.000 58001.000 0 0 0.000 0.000 0.000 200000.000 0 1 0 200 0 0
 2973 167217.000 82203.000 0 0 0.000 0.000 0.000 200000.000 0 1 0 200 0 0
 2974 161729.000 129639.000 0 0 56.000 42.000 2352.000 48.497 0 1 34 200 0 0
 2975 153957.000 143432.000 0 0 0.000 0.000 0.000 200000.000 0 1 0 200 0 0
 2976 152994.000 144397.000 0 0 0.000 0.000 0.000 0.356 0 1 0 0 0 0
 2977 145445.000 152228.000 0 0 0.000 0.000 0.000 200000.000 0 1 0 200 0 0
 2978 105532.000 168868.000 0 0 0.000 0.000 0.000 200000.000 0 1 0 200 0 0
 2979 31206.000 99634.000 0 0 0.000 0.000 0.000 200000.000 0 1 0 200 0 0
 2980 63869.000 158756.000 0 0 0.000 0.000 0.000 200000.000 0 1 0 200 0 0
 2981 84901.000 166518.000 0 0 0.000 0.000 0.000 200000.000 0 1 0 200 0 0
 2982 74756.000 163201.000 0 0 0.000 0.000 0.000 200000.000 0 1 0 200 0 0
 2983 169167.000 95120.000 0 0 0.000 0.000 0.000 200000.000 0 1 0 200 0 0
 2984 121767.000 34092.000 0 0 0.000 0.000 0.000 200000.000 0 1 0 200 0 0
 2985 169346.000 101032.000 0 0 0.000 0.000 0.000 200000.000 0 1 0 200 0 0
 2986 133321.000 39197.000 0 0 0.000 0.000 0.000 0.358 0 1 0 0 0 0
 2987 166454.000 120339.000 0 0 0.000 0.000 0.000 200000.000 0 1 0 200 0 0
 2988 144324.000 46713.000 0 0 0.000 0.000 0.000 200000.000 0 1 0 200 0 0
 2989 166623.000 82289.000 0 0 0.000 0.000 0.000 200000.000 0 1 0 200 0 0
 2990 169519.000 99063.000 0 0 50.000 24.000 1200.000 34.641 0 1 13 200 0 0
 2991 163464.000 128200.000 0 0 0.000 0.000 0.000 200000.000 0 1 0 200 0 0
 2992 163472.000 128262.000 0 0 0.000 0.000 0.000 200000.000 0 1 0 200 0 0
 2993 159954.000 134761.000 0 0 0.000 0.000 0.000 0.234 0 1 0 0 0 0
 2994 153990.000 143391.000 0 0 0.000 0.000 0.000 200000.000 0 1 0 200 0 0
 2995 149871.000 146944.000 0 0 0.000 0.000 0.000 200000.000 0 1 0 200 0 0
 2996 134733.000 159981.000 0 0 0.000 0.000 0.000 0.242 0 1 0 0 0 0
 2997 96173.000 169126.000 0 0 0.000 0.000 0.000 200000.000 0 1 0 200 0 0
 2998 54670.000 152101.000 0 0 0.000 0.000 0.000 200000.000 0 1 0 200 0 0
 2999 46207.000 143125.000 0 0 0.000 0.000 0.000 200000.000 0 1 0 200 0 0
 3000 54585.000 152117.000 0 0 0.000 0.000 0.000 200000.000 0 1 0 200 0 0
 3001 49643.000 147347.000 0 0 0.000 0.000 0.000 200000.000 0 1 0 200 0 0
 3002 41066.000 135814.000 0 0 0.000 0.000 0.000 0.248 0 1 0 0 0 0
 3003 35111.000 123372.000 0 0 0.000 0.000 0.000 200000.000 0 1 0 200 0 0
 3004 32938.000 83055.000 0 0 0.000 0.000 0.000 200000.000 0 1 0 200 0 0
 3005 33985.000 79318.000 0 0 0.000 0.000 0.000 200000.000 0 1 0 200 0 0
 3006 40210.000 65111.000 0 0 0.000 0.000 0.000 200000.000 0 1 0 200 0 0
 3007 123784.000 34604.000 0 0 0.000 0.000 0.000 200000.000 0 1 0 200 0 0
 3008 71829.000 36638.000 0 0 0.000 0.000 0.000 200000.000 0 1 0 200 0 0
 3009 76453.000 34902.000 0 0 0.000 0.000 0.000 200000.000 0 1 0 200 0 0
 3010 113015.000 31754.000 0 0 0.000 0.000 0.000 0.230 0 1 0 0 0 0
 3011 116461.000 32415.000 0 0 0.000 0.000 0.000 200000.000 0 1 0 200 0 0
 3012 121716.000 34066.000 0 0 0.000 0.000 0.000 200000.000 0 1 0 200 0 0
 3013 123687.000 34717.000 0 0 0.000 0.000 0.000 200000.000 0 1 0 200 0 0
 3014 129815.000 37217.000 0 0 0.000 0.000 0.000 200000.000 0 1 0 200 0 0
 3015 129908.000 37147.000 0 0 0.000 0.000 0.000 200000.000 0 1 0 200 0 0
 3016 134273.000 39573.000 0 0 0.000 0.000 0.000 200000.000 0 1 0 200 0 0
 3017 53507.000 149880.000 0 0 0.000 0.000 0.000 200000.000 0 1 0 200 0 0
 3018 162130.000 68710.000 0 0 0.000 0.000 0.000 200000.000 0 1 0 200 0 0
 3019 169582.000 100177.000 0 0 0.000 0.000 0.000 0.454 0 1 0 0 0 0
 3020 168549.000 111387.000 0 0 0.000 0.000 0.000 200000.000 0 1 0 200 0 0
 3021 168413.000 113225.000 0 0 0.000 0.000 0.000 200000.000 0 1 0 200 0 0
 3022 168567.000 102853.000 0 0 50.000 26.000 1300.000 36.055 0 1 16 210 0 0
 3023 156975.000 139928.000 0 0 0.000 0.000 0.000 0.241 0 1 0 0 0 0
 3024 147275.000 149737.000 0 0 0.000 0.000 0.000 200000.000 0 1 0 200 0 0
 3025 121960.000 166101.000 0 0 0.000 0.000 0.000 200000.000 0 1 0 200 0 0
 3026 111131.000 168550.000 0 0 0.000 0.000 0.000 200000.000 0 1 0 200 0 0
 3027 111079.000 168558.000 0 0 0.000 0.000 0.000 200000.000 0 1 0 200 0 0
 3028 94082.000 168972.000 0 0 0.000 0.000 0.000 200000.000 0 1 0 200 0 0
 3029 82019.000 166991.000 0 0 0.000 0.000 0.000 200000.000 0 1 0 200 0 0
 3030 81968.000 166977.000 0 0 0.000 0.000 0.000 200000.000 0 1 0 200 0 0
 3031 67971.000 161483.000 0 0 0.000 0.000 0.000 200000.000 0 1 0 200 0 0
 3032 31056.000 105028.000 0 0 0.000 0.000 0.000 200000.000 0 1 0 200 0 0
 3033 51522.000 149290.000 0 0 0.000 0.000 0.000 0.201 0 1 0 0 0 0
 3034 36888.000 71200.000 0 0 0.000 0.000 0.000 200000.000 0 1 0 200 0 0
 3035 54082.000 47868.000 0 0 0.000 0.000 0.000 200000.000 0 1 0 200 0 0
 3036 54120.000 47832.000 0 0 0.000 0.000 0.000 200000.000 0 1 0 200 0 0
 3037 71962.000 36504.000 0 0 0.000 0.000 0.000 200000.000 0 1 0 200 0 0
 3038 89895.000 31222.000 0 0 0.000 0.000 0.000 0.228 0 1 0 0 0 0
 3039 111799.000 31360.000 0 0 0.000 0.000 0.000 200000.000 0 1 0 200 0 0
 3040 111863.000 31303.000 0 0 0.000 0.000 0.000 200000.000 0 1 0 200 0 0
 3041 115683.000 32127.000 0 0 0.000 0.000 0.000 200000.000 0 1 0 200 0 0
 3042 115754.000 32075.000 0 0 0.000 0.000 0.000 200000.000 0 1 0 200 0 0
 3043 118810.000 32845.000 0 0 0.000 0.000 0.000 200000.000 0 1 0 200 0 0
 3044 149282.000 50547.000 0 0 0.000 0.000 0.000 0.220 0 1 0 0 0 0
 3045 157661.000 60867.000 0 0 0.000 0.000 0.000 200000.000 0 1 0 200 0 0
 3046 161901.000 130385.000 0 0 56.000 44.000 2464.000 49.638 0 1 34 200 0 0
 3047 157645.000 139092.000 0 0 0.000 0.000 0.000 0.200 0 1 0 0 0 0
 3048 137467.000 158784.000 0 0 0.000 0.000 0.000 200000.000 0 1 0 200 0 0
 3049 147335.000 150007.000 0 0 0.000 0.000 0.000 200000.000 0 1 0 200 0 0
 3050 141704.000 154748.000 0 0 0.000 0.000 0.000 200000.000 0 1 0 200 0 0
 3051 123650.000 165286.000 0 0 40.000 56.000 2240.000 47.328 0 1 95 200 0 0
 3052 121972.000 165975.000 0 0 0.000 0.000 0.000 200000.000 0 1 0 200 0 0
 3053 152260.000 53666.000 0 0 0.000 0.000 0.000 200000.000 0 1 0 200 0 0
 3054 113043.000 168353.000 0 0 0.000 0.000 0.000 0.225 0 1 0 0 0 0
 3055 152825.000 54307.000 0 0 0.000 0.000 0.000 200000.000 0 1 0 200 0 0
 3056 107916.000 168985.000 0 0 0.000 0.000 0.000 200000.000 0 1 0 200 0 0
 3057 68019.000 161508.000 0 0 0.000 0.000 0.000 200000.000 0 1 0 200 0 0
 3058 169818.000 102508.000 0 0 0.000 0.000 0.000 200000.000 0 1 0 200 0 0
 3059 55568.000 153258.000 0 0 0.000 0.000 0.000 0.264 0 1 0 0 0 0
 3060 46998.000 144888.000 0 0 0.000 0.000 0.000 200000.000 0 1 0 200 0 0
 3061 84761.000 31904.000 0 0 0.000 0.000 0.000 200000.000 0 1 0 200 0 0
 3062 95698.000 30519.000 0 0 0.000 0.000 0.000 200000.000 0 1 0 200 0 0
 3063 137509.000 41183.000 0 0 0.000 0.000 0.000 200000.000 0 1 0 200 0 0
 3064 152515.000 54937.000 0 0 0.000 0.000 0.000 200000.000 0 1 0 200 0 0
 3065 152623.000 144833.000 0 0 0.000 0.000 0.000 200000.000 0 1 0 200 0 0
 3066 116197.000 167899.000 0 0 0.000 0.000 0.000 200000.000 0 1 0 200 0 0
 3067 116211.000 167730.000 0 0 0.000 0.000 0.000 200000.000 0 1 0 200 0 0
 3068 110720.000 168786.000 0 0 0.000 0.000 0.000 200000.000 0 1 0 200 0 0
 3069 121183.000 165549.000 0 0 0.000 0.000 0.000 200000.000 0 1 0 200 0 0
 3070 103392.000 169680.000 0 0 0.000 0.000 0.000 200000.000 0 1 0 200 0 0
 3071 99604.000 169738.000 0 0 0.000 0.000 0.000 200000.000 0 1 0 200 0 0
 3072 99553.000 169750.000 0 0 0.000 0.000 0.000 200000.000 0 1 0 200 0 0
 3073 100801.000 168930.000 0 0 0.000 0.000 0.000 200000.000 0 1 0 200 0 0
 3074 138743.000 41731.000 0 0 0.000 0.000 0.000 200000.000 0 1 0 200 0 0
 3075 60364.000 157272.000 0 0 0.000 0.000 0.000 200000.000 0 1 0 200 0 0
 3076 60322.000 157243.000 0 0 0.000 0.000 0.000 200000.000 0 1 0 200 0 0
 3077 31452.000 111359.000 0 0 0.000 0.000 0.000 0.223 0 1 0 0 0 0
 3078 76663.000 34198.000 0 0 0.000 0.000 0.000 0.495 0 1 0 0 0 0
 3079 78933.000 33322.000 0 0 0.000 0.000 0.000 200000.000 0 1 0 200 0 0
 3080 85158.000 31639.000 0 0 0.000 0.000 0.000 200000.000 0 1 0 200 0 0
 3081 163450.000 69553.000 0 0 0.000 0.000 0.000 200000.000 0 1 0 200 0 0
 3082 162454.000 69758.000 0 0 0.000 0.000 0.000 200000.000 0 1 0 200 0 0
 3083 170193.000 98685.000 0 0 50.000 24.000 1200.000 34.641 0 1 13 200 0 0
 3084 168322.000 115637.000 0 0 0.000 0.000 0.000 200000.000 0 1 0 200 0 0
 3085 157575.000 140338.000 0 0 0.000 0.000 0.000 200000.000 0 1 0 200 0 0
 3086 151094.000 147745.000 0 0 0.000 0.000 0.000 0.306 0 1 0 0 0 0
 3087 149205.000 149798.000 0 0 52.000 52.000 2704.000 52.000 0 1 68 200 0 0
 3088 140360.000 157004.000 0 0 0.000 0.000 0.000 0.200 0 1 0 0 0 0
 3089 131884.000 162127.000 0 0 0.000 0.000 0.000 0.348 0 1 0 0 0 0
 3090 123265.000 165837.000 0 0 40.000 54.000 2160.000 46.475 0 1 95 200 0 0
 3091 94788.000 169712.000 0 0 0.000 0.000 0.000 200000.000 0 1 0 200 0 0
 3092 116729.000 167940.000 0 0 0.000 0.000 0.000 200000.000 0 1 0 200 0 0
 3093 94854.000 169547.000 0 0 0.000 0.000 0.000 200000.000 0 1 0 200 0 0
 3094 43006.000 139985.000 0 0 0.000 0.000 0.000 200000.000 0 1 0 200 0 0
 3095 123929.000 164766.000 0 0 40.000 56.000 2240.000 47.328 0 1 95 200 0 0
 3096 118509.000 32234.000 0 0 0.000 0.000 0.000 200000.000 0 1 0 200 0 0
 3097 106485.000 168832.000 0 0 0.000 0.000 0.000 200000.000 0 1 0 200 0 0
 3098 154422.000 55409.000 0 0 0.000 0.000 0.000 200000.000 0 1 0 200 0 0
 3099 77852.000 166258.000 0 0 0.000 0.000 0.000 200000.000 0 1 0 200 0 0
 3100 170363.000 98733.000 0 0 50.000 24.000 1200.000 34.641 0 1 13 200 0 0
 3101 35580.000 126843.000 0 0 0.000 0.000 0.000 200000.000 0 1 0 200 0 0
 3102 30674.000 93246.000 0 0 0.000 0.000 0.000 0.210 0 1 0 0 0 0
 3103 118431.000 32327.000 0 0 0.000 0.000 0.000 200000.000 0 1 0 200 0 0
 3104 154282.000 55459.000 0 0 0.000 0.000 0.000 200000.000 0 1 0 200 0 0
 3105 163276.000 69581.000 0 0 0.000 0.000 0.000 200000.000 0 1 0 200 0 0
 3106 167994.000 85902.000 0 0 0.000 0.000 0.000 200000.000 0 1 0 200 0 0
 3107 124283.000 165670.000 0 0 40.000 56.000 2240.000 47.328 0 1 95 200 0 0
 3108 90761.000 169455.000 0 0 0.000 0.000 0.000 200000.000 0 1 0 200 0 0
 3109 107681.000 169866.000 0 0 28.000 52.000 1456.000 38.157 0 1 102 210 0 0
 3110 90836.000 169307.000 0 0 0.000 0.000 0.000 200000.000 0 1 0 200 0 0
 3111 83484.000 168070.000 0 0 34.000 54.000 1836.000 42.848 0 1 98 200 0 0
 3112 121063.000 32797.000 0 0 0.000 0.000 0.000 200000.000 0 1 0 200 0 0
 3113 35615.000 126886.000 0 0 0.000 0.000 0.000 200000.000 0 1 0 200 0 0
 3114 68268.000 37473.000 0 0 0.000 0.000 0.000 200000.000 0 1 0 200 0 0
 3115 158184.000 61783.000 0 0 0.000 0.000 0.000 200000.000 0 1 0 200 0 0
 3116 168234.000 85569.000 0 0 0.000 0.000 0.000 200000.000 0 1 0 200 0 0
 3117 162171.000 132989.000 0 0 0.000 0.000 0.000 0.255 0 1 0 0 0 0
 3118 159035.000 136910.000 0 0 0.000 0.000 0.000 200000.000 0 1 0 200 0 0
 3119 149701.000 149817.000 0 0 52.000 52.000 2704.000 52.000 0 1 68 200 0 0
 3120 133524.000 161728.000 0 0 0.000 0.000 0.000 0.437 0 1 0 0 0 0
 3121 121133.000 166980.000 0 0 0.000 0.000 0.000 200000.000 0 1 0 200 0 0
 3122 121109.000 167087.000 0 0 0.000 0.000 0.000 200000.000 0 1 0 200 0 0
 3123 113185.000 169056.000 0 0 0.000 0.000 0.000 200000.000 0 1 0 200 0 0
 3124 65239.000 160850.000 0 0 0.000 0.000 0.000 0.365 0 1 0 0 0 0
 3125 81925.000 167670.000 0 0 0.000 0.000 0.000 200000.000 0 1 0 200 0 0
 3126 71978.000 164159.000 0 0 0.000 0.000 0.000 200000.000 0 1 0 200 0 0
 3127 42015.000 139114.000 0 0 0.000 0.000 0.000 200000.000 0 1 0 200 0 0
 3128 42704.000 59325.000 0 0 0.000 0.000 0.000 200000.000 0 1 0 200 0 0
 3129 46444.000 54745.000 0 0 0.000 0.000 0.000 200000.000 0 1 0 200 0 0
 3130 47478.000 53286.000 0 0 0.000 0.000 0.000 200000.000 0 1 0 200 0 0
 3131 89487.000 30308.000 0 0 0.000 0.000 0.000 200000.000 0 1 0 200 0 0
 3132 94377.000 29805.000 0 0 0.000 0.000 0.000 200000.000 0 1 0 200 0 0
 3133 144038.000 44839.000 0 0 0.000 0.000 0.000 0.314 0 1 0 0 0 0
 3134 148515.000 48598.000 0 0 0.000 0.000 0.000 200000.000 0 1 0 200 0 0
 3135 169019.000 84570.000 0 0 0.000 0.000 0.000 200000.000 0 1 0 200 0 0
 3136 170713.000 99768.000 0 0 51.000 24.000 1224.000 34.985 0 1 13 200 0 0
 3137 170600.000 99245.000 0 0 51.000 24.000 1224.000 34.985 0 1 13 200 0 0
 3138 170501.000 99505.000 0 0 51.000 24.000 1224.000 34.985 0 1 13 200 0 0
 3139 170580.000 99717.000 0 0 51.000 24.000 1224.000 34.985 0 1 13 200 0 0
 3140 164134.000 127523.000 0 0 0.000 0.000 0.000 200000.000 0 1 0 200 0 0
 3141 149532.000 150170.000 0 0 52.000 52.000 2704.000 52.000 0 1 68 200 0 0
 3142 146460.000 152923.000 0 0 0.000 0.000 0.000 200000.000 0 1 0 200 0 0
 3143 136430.000 160420.000 0 0 0.000 0.000 0.000 200000.000 0 1 0 200 0 0
 3144 86135.000 168078.000 0 0 0.000 0.000 0.000 200000.000 0 1 0 200 0 0
 3145 115359.000 30941.000 0 0 0.000 0.000 0.000 200000.000 0 1 0 200 0 0
 3146 80849.000 167723.000 0 0 0.000 0.000 0.000 200000.000 0 1 0 200 0 0
 3147 122756.000 33196.000 0 0 0.000 0.000 0.000 200000.000 0 1 0 200 0 0
 3148 52982.000 152285.000 0 0 0.000 0.000 0.000 200000.000 0 1 0 200 0 0
 3149 32061.000 82138.000 0 0 0.000 0.000 0.000 0.461 0 1 0 0 0 0
 3150 130776.000 162709.000 0 0 0.000 0.000 0.000 200000.000 0 1 0 200 0 0
 3151 88379.000 30316.000 0 0 0.000 0.000 0.000 200000.000 0 1 0 200 0 0
 3152 160065.000 62690.000 0 0 0.000 0.000 0.000 200000.000 0 1 0 200 0 0
 3153 115280.000 31051.000 0 0 0.000 0.000 0.000 200000.000 0 1 0 200 0 0
 3154 125204.000 34042.000 0 0 0.000 0.000 0.000 200000.000 0 1 0 200 0 0
 3155 132971.000 37533.000 0 0 0.000 0.000 0.000 200000.000 0 1 0 200 0 0
 3156 148475.000 48560.000 0 0 0.000 0.000 0.000 200000.000 0 1 0 200 0 0
 3157 148958.000 48944.000 0 0 0.000 0.000 0.000 0.239 0 1 0 0 0 0
 3158 154517.000 54990.000 0 0 0.000 0.000 0.000 200000.000 0 1 0 200 0 0
 3159 168879.000 84549.000 0 0 0.000 0.000 0.000 200000.000 0 1 0 200 0 0
 3160 169495.000 86446.000 0 0 0.000 0.000 0.000 0.305 0 1 0 0 0 0
 3161 170371.000 91436.000 0 0 0.000 0.000 0.000 200000.000 0 1 0 200 0 0
 3162 169803.000 111239.000 0 0 0.000 0.000 0.000 200000.000 0 1 0 200 0 0
 3163 169898.000 98606.000 0 0 50.000 24.000 1200.000 34.641 0 1 13 200 0 0
 3164 148643.000 150074.000 0 0 52.000 52.000 2704.000 52.000 0 1 68 200 0 0
 3165 136478.000 160392.000 0 0 0.000 0.000 0.000 200000.000 0 1 0 200 0 0
 3166 135371.000 161237.000 0 0 0.000 0.000 0.000 200000.000 0 1 0 200 0 0
 3167 102599.000 170393.000 0 0 0.000 0.000 0.000 200000.000 0 1 0 200 0 0
 3168 71535.000 164527.000 0 0 0.000 0.000 0.000 200000.000 0 1 0 200 0 0
 3169 105337.000 29383.000 0 0 0.000 0.000 0.000 0.220 0 1 0 0 0 0
 3170 66835.000 37725.000 0 0 0.000 0.000 0.000 200000.000 0 1 0 200 0 0
 3171 127288.000 34711.000 0 0 0.000 0.000 0.000 0.484 0 1 0 0 0 0
 3172 85971.000 30597.000 0 0 0.000 0.000 0.000 200000.000 0 1 0 200 0 0
 3173 128097.000 34842.000 0 0 0.000 0.000 0.000 200000.000 0 1 0 200 0 0
 3174 128898.000 35359.000 0 0 42.000 54.000 2268.000 47.623 0 1 1 210 0 0
 3175 131316.000 36503.000 0 0 0.000 0.000 0.000 200000.000 0 1 0 200 0 0
 3176 136664.000 39414.000 0 0 0.000 0.000 0.000 200000.000 0 1 0 200 0 0
 3177 165035.000 71368.000 0 0 0.000 0.000 0.000 200000.000 0 1 0 200 0 0
 3178 169314.000 84334.000 0 0 0.000 0.000 0.000 200000.000 0 1 0 200 0 0
 3179 169137.000 84322.000 0 0 0.000 0.000 0.000 200000.000 0 1 0 200 0 0
 3180 170375.000 90177.000 0 0 0.000 0.000 0.000 200000.000 0 1 0 200 0 0
 3181 163902.000 131344.000 0 0 0.000 0.000 0.000 200000.000 0 1 0 200 0 0
 3182 148030.000 152202.000 0 0 0.000 0.000 0.000 200000.000 0 1 0 200 0 0
 3183 153053.000 146766.000 0 0 0.000 0.000 0.000 0.436 0 1 0 0 0 0
 3184 148007.000 150928.000 0 0 0.000 0.000 0.000 200000.000 0 1 0 200 0 0
 3185 141881.000 157224.000 0 0 0.000 0.000 0.000 200000.000 0 1 0 200 0 0
 3186 135406.000 161188.000 0 0 0.000 0.000 0.000 200000.000 0 1 0 200 0 0
 3187 136936.000 159554.000 0 0 0.000 0.000 0.000 200000.000 0 1 0 200 0 0
 3188 102984.000 170549.000 0 0 0.000 0.000 0.000 200000.000 0 1 0 200 0 0
 3189 122501.000 166328.000 0 0 0.000 0.000 0.000 200000.000 0 1 0 200 0 0
 3190 108872.000 170038.000 0 0 0.000 0.000 0.000 0.260 0 1 0 0 0 0
 3191 106656.000 170327.000 0 0 28.000 52.000 1456.000 38.157 0 1 102 210 0 0
 3192 131808.000 36366.000 0 0 0.000 0.000 0.000 200000.000 0 1 0 200 0 0
 3193 29952.000 91670.000 0 0 0.000 0.000 0.000 0.471 0 1 0 0 0 0
 3194 41843.000 59894.000 0 0 0.000 0.000 0.000 0.279 0 1 0 0 0 0
 3195 89920.000 29727.000 0 0 0.000 0.000 0.000 200000.000 0 1 0 200 0 0
 3196 153187.000 52661.000 0 0 0.000 0.000 0.000 200000.000 0 1 0 200 0 0
 3197 93582.000 29370.000 0 0 0.000 0.000 0.000 0.214 0 1 0 0 0 0
 3198 128050.000 34822.000 0 0 0.000 0.000 0.000 200000.000 0 1 0 200 0 0
 3199 140637.000 41777.000 0 0 0.000 0.000 0.000 200000.000 0 1 0 200 0 0
 3200 141255.000 42007.000 0 0 0.000 0.000 0.000 200000.000 0 1 0 200 0 0
 3201 153039.000 52725.000 0 0 0.000 0.000 0.000 200000.000 0 1 0 200 0 0
 3202 135265.000 161494.000 0 0 0.000 0.000 0.000 200000.000 0 1 0 200 0 0
 3203 157099.000 57445.000 0 0 0.000 0.000 0.000 200000.000 0 1 0 200 0 0
 3204 170638.000 92289.000 0 0 0.000 0.000 0.000 0.200 0 1 0 0 0 0
 3205 170989.000 102423.000 0 0 0.000 0.000 0.000 200000.000 0 1 0 200 0 0
 3206 146518.000 153771.000 0 0 0.000 0.000 0.000 200000.000 0 1 0 200 0 0
 3207 139136.000 159160.000 0 0 0.000 0.000 0.000 0.276 0 1 0 0 0 0
 3208 107171.000 170475.000 0 0 28.000 52.000 1456.000 38.157 0 1 102 210 0 0
 3209 105460.000 170748.000 0 0 26.000 50.000 1300.000 36.055 0 1 102 210 0 0
 3210 88464.000 169966.000 0 0 0.000 0.000 0.000 200000.000 0 1 0 200 0 0
 3211 54887.000 154596.000 0 0 0.000 0.000 0.000 200000.000 0 1 0 200 0 0
 3212 54843.000 154569.000 0 0 0.000 0.000 0.000 200000.000 0 1 0 200 0 0
 3213 39765.000 136925.000 0 0 0.000 0.000 0.000 200000.000 0 1 0 200 0 0
 3214 33092.000 123184.000 0 0 0.000 0.000 0.000 200000.000 0 1 0 200 0 0
 3215 51319.000 48499.000 0 0 0.000 0.000 0.000 0.481 0 1 0 0 0 0
 3216 84401.000 30765.000 0 0 0.000 0.000 0.000 200000.000 0 1 0 200 0 0
 3217 151083.000 50356.000 0 0 0.000 0.000 0.000 200000.000 0 1 0 200 0 0
 3218 171074.000 93438.000 0 0 0.000 0.000 0.000 200000.000 0 1 0 200 0 0
 3219 167797.000 121636.000 0 0 0.000 0.000 0.000 0.424 0 1 0 0 0 0
 3220 166975.000 124384.000 0 0 0.000 0.000 0.000 0.246 0 1 0 0 0 0
 3221 158797.000 139832.000 0 0 54.000 48.000 2592.000 50.911 0 1 48 200 0 0
 3222 167680.000 119956.000 0 0 0.000 0.000 0.000 200000.000 0 1 0 200 0 0
 3223 156131.000 142471.000 0 0 0.000 0.000 0.000 200000.000 0 1 0 200 0 0
 3224 137835.000 160110.000 0 0 0.000 0.000 0.000 0.334 0 1 0 0 0 0
 3225 122368.000 167464.000 0 0 0.000 0.000 0.000 0.213 0 1 0 0 0 0
 3226 144950.000 154243.000 0 0 0.000 0.000 0.000 200000.000 0 1 0 200 0 0
 3227 32135.000 120214.000 0 0 0.000 0.000 0.000 200000.000 0 1 0 200 0 0
 3228 126343.000 165263.000 0 0 0.000 0.000 0.000 200000.000 0 1 0 200 0 0
 3229 89645.000 170312.000 0 0 0.000 0.000 0.000 200000.000 0 1 0 200 0 0
 3230 30150.000 112659.000 0 0 0.000 0.000 0.000 200000.000 0 1 0 200 0 0
 3231 88522.000 169955.000 0 0 0.000 0.000 0.000 200000.000 0 1 0 200 0 0
 3232 83360.000 168230.000 0 0 34.000 54.000 1836.000 42.848 0 1 98 200 0 0
 3233 150905.000 51336.000 0 0 0.000 0.000 0.000 200000.000 0 1 0 200 0 0
 3234 76384.000 167009.000 0 0 0.000 0.000 0.000 200000.000 0 1 0 200 0 0
 3235 129389.000 34851.000 0 0 42.000 54.000 2268.000 47.623 0 1 1 210 0 0
 3236 72992.000 165482.000 0 0 0.000 0.000 0.000 0.320 0 1 0 0 0 0
 3237 62361.000 160222.000 0 0 0.000 0.000 0.000 200000.000 0 1 0 200 0 0
 3238 158978.000 140100.000 0 0 54.000 48.000 2592.000 50.911 0 1 48 200 0 0
 3239 30999.000 116661.000 0 0 0.000 0.000 0.000 200000.000 0 1 0 200 0 0
 3240 137772.000 160598.000 0 0 0.000 0.000 0.000 200000.000 0 1 0 200 0 0
 3241 30283.000 112691.000 0 0 0.000 0.000 0.000 200000.000 0 1 0 200 0 0
 3242 31833.000 80731.000 0 0 0.000 0.000 0.000 0.271 0 1 0 0 0 0
 3243 34377.000 72724.000 0 0 0.000 0.000 0.000 200000.000 0 1 0 200 0 0
 3244 71793.000 34678.000 0 0 0.000 0.000 0.000 200000.000 0 1 0 200 0 0
 3245 129291.000 34937.000 0 0 42.000 54.000 2268.000 47.623 0 1 1 210 0 0
 3246 137120.000 38935.000 0 0 0.000 0.000 0.000 200000.000 0 1 0 200 0 0
 3247 137184.000 38933.000 0 0 0.000 0.000 0.000 200000.000 0 1 0 200 0 0
 3248 160816.000 64040.000 0 0 0.000 0.000 0.000 200000.000 0 1 0 200 0 0
 3249 116569.000 169326.000 0 0 0.000 0.000 0.000 0.251 0 1 0 0 0 0
 3250 76440.000 167018.000 0 0 0.000 0.000 0.000 200000.000 0 1 0 200 0 0
 3251 72277.000 165404.000 0 0 0.000 0.000 0.000 200000.000 0 1 0 200 0 0
 3252 64544.000 161540.000 0 0 0.000 0.000 0.000 0.311 0 1 0 0 0 0
 3253 36037.000 131158.000 0 0 0.000 0.000 0.000 200000.000 0 1 0 200 0 0
 3254 36213.000 131133.000 0 0 0.000 0.000 0.000 200000.000 0 1 0 200 0 0
 3255 32458.000 121921.000 0 0 0.000 0.000 0.000 0.292 0 1 0 0 0 0
 3256 31002.000 116716.000 0 0 0.000 0.000 0.000 200000.000 0 1 0 200 0 0
 3257 30362.000 113777.000 0 0 0.000 0.000 0.000 200000.000 0 1 0 200 0 0
 3258 29747.000 111331.000 0 0 0.000 0.000 0.000 200000.000 0 1 0 200 0 0
 3259 36283.000 68313.000 0 0 0.000 0.000 0.000 0.315 0 1 0 0 0 0
 3260 80285.000 31309.000 0 0 0.000 0.000 0.000 200000.000 0 1 0 200 0 0
 3261 97287.000 28351.000 0 0 0.000 0.000 0.000 200000.000 0 1 0 200 0 0
 3262 138926.000 39821.000 0 0 0.000 0.000 0.000 200000.000 0 1 0 200 0 0
 3263 125524.000 33072.000 0 0 0.000 0.000 0.000 200000.000 0 1 0 200 0 0
 3264 138805.000 39914.000 0 0 0.000 0.000 0.000 200000.000 0 1 0 200 0 0
 3265 165638.000 71061.000 0 0 0.000 0.000 0.000 200000.000 0 1 0 200 0 0
 3266 166066.000 74156.000 0 0 0.000 0.000 0.000 200000.000 0 1 0 200 0 0
 3267 170148.000 84961.000 0 0 0.000 0.000 0.000 200000.000 0 1 0 200 0 0
 3268 168810.000 119570.000 0 0 0.000 0.000 0.000 200000.000 0 1 0 200 0 0
 3269 170895.000 87959.000 0 0 54.000 32.000 1728.000 41.569 0 1 7 200 0 0
 3270 129859.000 164861.000 0 0 0.000 0.000 0.000 0.258 0 1 0 0 0 0
 3271 105214.000 171278.000 0 0 26.000 50.000 1300.000 36.055 0 1 102 210 0 0
 3272 100360.000 171453.000 0 0 0.000 0.000 0.000 200000.000 0 1 0 200 0 0
 3273 77771.000 167741.000 0 0 0.000 0.000 0.000 0.279 0 1 0 0 0 0
 3274 170794.000 87868.000 0 0 54.000 32.000 1728.000 41.569 0 1 7 200 0 0
 3275 82589.000 168416.000 0 0 36.000 54.000 1944.000 44.090 0 1 98 200 0 0
 3276 170903.000 88010.000 0 0 54.000 32.000 1728.000 41.569 0 1 7 200 0 0
 3277 43072.000 142824.000 0 0 0.000 0.000 0.000 0.294 0 1 0 0 0 0
 3278 163615.000 133037.000 0 0 0.000 0.000 0.000 200000.000 0 1 0 200 0 0
 3279 38956.000 64827.000 0 0 0.000 0.000 0.000 200000.000 0 1 0 200 0 0
 3280 74819.000 32961.000 0 0 0.000 0.000 0.000 200000.000 0 1 0 200 0 0
 3281 125464.000 33075.000 0 0 0.000 0.000 0.000 200000.000 0 1 0 200 0 0
 3282 129599.000 34671.000 0 0 42.000 54.000 2268.000 47.623 0 1 1 210 0 0
 3283 129682.000 34609.000 0 0 42.000 54.000 2268.000 47.623 0 1 1 210 0 0
 3284 162949.000 67018.000 0 0 0.000 0.000 0.000 200000.000 0 1 0 200 0 0
 3285 163634.000 132985.000 0 0 0.000 0.000 0.000 200000.000 0 1 0 200 0 0
 3286 161174.000 137209.000 0 0 56.000 46.000 2576.000 50.754 0 1 42 200 0 0
 3287 160955.000 137970.000 0 0 56.000 48.000 2688.000 51.845 0 1 42 200 0 0
 3288 159012.000 140918.000 0 0 54.000 48.000 2592.000 50.911 0 1 48 200 0 0
 3289 140592.000 159119.000 0 0 0.000 0.000 0.000 200000.000 0 1 0 200 0 0
 3290 105265.000 171215.000 0 0 26.000 50.000 1300.000 36.055 0 1 102 210 0 0
 3291 117426.000 169270.000 0 0 0.000 0.000 0.000 0.371 0 1 0 0 0 0
 3292 104297.000 171437.000 0 0 0.000 0.000 0.000 200000.000 0 1 0 200 0 0
 3293 66975.000 163401.000 0 0 0.000 0.000 0.000 200000.000 0 1 0 200 0 0
 3294 46209.000 146884.000 0 0 52.000 52.000 2704.000 52.000 0 1 62 200 0 0
 3295 37851.000 135329.000 0 0 0.000 0.000 0.000 200000.000 0 1 0 200 0 0
 3296 37985.000 135311.000 0 0 0.000 0.000 0.000 200000.000 0 1 0 200 0 0
 3297 30040.000 85027.000 0 0 0.000 0.000 0.000 200000.000 0 1 0 200 0 0
 3298 53112.000 46248.000 0 0 0.000 0.000 0.000 200000.000 0 1 0 200 0 0
 3299 30172.000 85107.000 0 0 0.000 0.000 0.000 200000.000 0 1 0 200 0 0
 3300 67382.000 36284.000 0 0 0.000 0.000 0.000 200000.000 0 1 0 200 0 0
 3301 53027.000 45850.000 0 0 0.000 0.000 0.000 200000.000 0 1 0 200 0 0
 3302 55176.000 44207.000 0 0 0.000 0.000 0.000 200000.000 0 1 0 200 0 0
 3303 118390.000 30648.000 0 0 0.000 0.000 0.000 0.139 0 1 0 0 0 0
 3304 85900.000 29744.000 0 0 0.000 0.000 0.000 200000.000 0 1 0 200 0 0
 3305 93391.000 28527.000 0 0 0.000 0.000 0.000 0.296 0 1 0 0 0 0
 3306 167980.000 123333.000 0 0 0.000 0.000 0.000 200000.000 0 1 0 200 0 0
 3307 126895.000 33317.000 0 0 0.000 0.000 0.000 200000.000 0 1 0 200 0 0
 3308 126969.000 33269.000 0 0 0.000 0.000 0.000 200000.000 0 1 0 200 0 0
 3309 171205.000 88801.000 0 0 52.000 30.000 1560.000 39.496 0 1 7 200 0 0
 3310 171260.000 89154.000 0 0 52.000 30.000 1560.000 39.496 0 1 7 200 0 0
 3311 171670.000 92322.000 0 0 0.000 0.000 0.000 200000.000 0 1 0 200 0 0
 3312 171892.000 95496.000 0 0 0.000 0.000 0.000 0.210 0 1 0 0 0 0
 3313 142624.000 157796.000 0 0 48.000 56.000 2688.000 51.845 0 1 87 200 0 0
 3314 147156.000 153146.000 0 0 0.000 0.000 0.000 200000.000 0 1 0 200 0 0
 3315 105947.000 170752.000 0 0 28.000 52.000 1456.000 38.157 0 1 102 210 0 0
 3316 98920.000 171783.000 0 0 0.000 0.000 0.000 200000.000 0 1 0 200 0 0
 3317 98975.000 171634.000 0 0 0.000 0.000 0.000 200000.000 0 1 0 200 0 0
 3318 82517.000 169426.000 0 0 36.000 54.000 1944.000 44.090 0 1 98 200 0 0
 3319 82964.000 168859.000 0 0 36.000 54.000 1944.000 44.090 0 1 98 200 0 0
 3320 34924.000 129592.000 0 0 0.000 0.000 0.000 200000.000 0 1 0 200 0 0
 3321 60960.000 160132.000 0 0 0.000 0.000 0.000 200000.000 0 1 0 200 0 0
 3322 29632.000 87235.000 0 0 0.000 0.000 0.000 200000.000 0 1 0 200 0 0
 3323 47327.000 148475.000 0 0 0.000 0.000 0.000 0.399 0 1 0 0 0 0
 3324 34947.000 129643.000 0 0 0.000 0.000 0.000 200000.000 0 1 0 200 0 0
 3325 135669.000 37260.000 0 0 0.000 0.000 0.000 200000.000 0 1 0 200 0 0
 3326 28317.000 99291.000 0 0 0.000 0.000 0.000 200000.000 0 1 0 200 0 0
 3327 28493.000 96246.000 0 0 0.000 0.000 0.000 0.225 0 1 0 0 0 0
 3328 28438.000 95691.000 0 0 0.000 0.000 0.000 200000.000 0 1 0 200 0 0
 3329 85731.000 29605.000 0 0 0.000 0.000 0.000 200000.000 0 1 0 200 0 0
 3330 141165.000 40700.000 0 0 0.000 0.000 0.000 200000.000 0 1 0 200 0 0
 3331 149026.000 47012.000 0 0 0.000 0.000 0.000 200000.000 0 1 0 200 0 0
 3332 149078.000 47032.000 0 0 0.000 0.000 0.000 200000.000 0 1 0 200 0 0
 3333 149898.000 48923.000 0 0 0.000 0.000 0.000 200000.000 0 1 0 200 0 0
 3334 171771.000 91694.000 0 0 0.000 0.000 0.000 200000.000 0 1 0 200 0 0
 3335 171777.000 91745.000 0 0 0.000 0.000 0.000 200000.000 0 1 0 200 0 0
 3336 171882.000 106465.000 0 0 0.000 0.000 0.000 0.263 0 1 0 0 0 0
 3337 171165.000 111338.000 0 0 0.000 0.000 0.000 200000.000 0 1 0 200 0 0
 3338 168916.000 121011.000 0 0 0.000 0.000 0.000 200000.000 0 1 0 200 0 0
 3339 162947.000 135210.000 0 0 54.000 46.000 2484.000 49.839 0 1 38 200 0 0
 3340 158451.000 142325.000 0 0 0.000 0.000 0.000 200000.000 0 1 0 200 0 0
 3341 158150.000 142622.000 0 0 0.000 0.000 0.000 0.210 0 1 0 0 0 0
 3342 157173.000 144305.000 0 0 0.000 0.000 0.000 200000.000 0 1 0 200 0 0
 3343 116517.000 168879.000 0 0 0.000 0.000 0.000 200000.000 0 1 0 200 0 0
 3344 113935.000 170460.000 0 0 0.000 0.000 0.000 0.202 0 1 0 0 0 0
 3345 100064.000 171963.000 0 0 0.000 0.000 0.000 200000.000 0 1 0 200 0 0
 3346 60914.000 160101.000 0 0 0.000 0.000 0.000 200000.000 0 1 0 200 0 0
 3347 102361.000 171025.000 0 0 0.000 0.000 0.000 200000.000 0 1 0 200 0 0
 3348 67137.000 163709.000 0 0 0.000 0.000 0.000 0.431 0 1 0 0 0 0
 3349 76714.000 31912.000 0 0 0.000 0.000 0.000 200000.000 0 1 0 200 0 0
 3350 46529.000 51793.000 0 0 0.000 0.000 0.000 200000.000 0 1 0 200 0 0
 3351 91966.000 28258.000 0 0 0.000 0.000 0.000 200000.000 0 1 0 200 0 0
 3352 118472.000 30291.000 0 0 0.000 0.000 0.000 200000.000 0 1 0 200 0 0
 3353 118559.000 30138.000 0 0 0.000 0.000 0.000 200000.000 0 1 0 200 0 0
 3354 137452.000 37904.000 0 0 0.000 0.000 0.000 200000.000 0 1 0 200 0 0
 3355 167870.000 125072.000 0 0 56.000 40.000 2240.000 47.328 0 1 30 200 0 0
 3356 171187.000 106281.000 0 0 0.000 0.000 0.000 200000.000 0 1 0 200 0 0
 3357 170704.000 110474.000 0 0 0.000 0.000 0.000 200000.000 0 1 0 200 0 0
 3358 148542.000 153573.000 0 0 50.000 54.000 2700.000 51.961 0 1 73 200 0 0
 3359 161558.000 138332.000 0 0 56.000 48.000 2688.000 51.845 0 1 42 200 0 0
 3360 161179.000 138612.000 0 0 56.000 48.000 2688.000 51.845 0 1 42 200 0 0
 3361 159592.000 141306.000 0 0 54.000 48.000 2592.000 50.911 0 1 48 200 0 0
 3362 150974.000 150027.000 0 0 0.000 0.000 0.000 200000.000 0 1 0 200 0 0
 3363 150619.000 150345.000 0 0 0.000 0.000 0.000 200000.000 0 1 0 200 0 0
 3364 140711.000 159706.000 0 0 0.000 0.000 0.000 200000.000 0 1 0 200 0 0
 3365 132720.000 164396.000 0 0 0.000 0.000 0.000 0.218 0 1 0 0 0 0
 3366 119483.000 169490.000 0 0 0.000 0.000 0.000 200000.000 0 1 0 200 0 0
 3367 115893.000 170410.000 0 0 0.000 0.000 0.000 200000.000 0 1 0 200 0 0
 3368 103756.000 172046.000 0 0 0.000 0.000 0.000 200000.000 0 1 0 200 0 0
 3369 115839.000 170422.000 0 0 0.000 0.000 0.000 200000.000 0 1 0 200 0 0
 3370 30057.000 116376.000 0 0 0.000 0.000 0.000 200000.000 0 1 0 200 0 0
 3371 110549.000 171562.000 0 0 0.000 0.000 0.000 200000.000 0 1 0 200 0 0
 3372 93957.000 28055.000 0 0 0.000 0.000 0.000 200000.000 0 1 0 200 0 0
 3373 101362.000 171914.000 0 0 0.000 0.000 0.000 0.206 0 1 0 0 0 0
 3374 60704.000 159406.000 0 0 0.000 0.000 0.000 200000.000 0 1 0 200 0 0
 3375 83107.000 29840.000 0 0 0.000 0.000 0.000 0.256 0 1 0 0 0 0
 3376 137320.000 38023.000 0 0 0.000 0.000 0.000 200000.000 0 1 0 200 0 0
 3377 167217.000 73022.000 0 0 0.000 0.000 0.000 200000.000 0 1 0 200 0 0
 3378 169609.000 82945.000 0 0 0.000 0.000 0.000 200000.000 0 1 0 200 0 0
 3379 170540.000 87903.000 0 0 54.000 32.000 1728.000 41.569 0 1 7 200 0 0
 3380 172489.000 100674.000 0 0 0.000 0.000 0.000 0.432 0 1 0 0 0 0
 3381 168244.000 126081.000 0 0 0.000 0.000 0.000 200000.000 0 1 0 200 0 0
 3382 158156.000 143035.000 0 0 0.000 0.000 0.000 200000.000 0 1 0 200 0 0
 3383 151471.000 151003.000 0 0 52.000 52.000 2704.000 52.000 0 1 71 200 0 0
 3384 149839.000 152376.000 0 0 52.000 54.000 2808.000 52.990 0 1 73 200 0 0
 3385 140752.000 159679.000 0 0 0.000 0.000 0.000 200000.000 0 1 0 200 0 0
 3386 113065.000 170303.000 0 0 0.000 0.000 0.000 200000.000 0 1 0 200 0 0
 3387 92866.000 171847.000 0 0 0.000 0.000 0.000 0.215 0 1 0 0 0 0
 3388 45697.000 147544.000 0 0 52.000 52.000 2704.000 52.000 0 1 62 200 0 0
 3389 92458.000 171716.000 0 0 0.000 0.000 0.000 200000.000 0 1 0 200 0 0
 3390 55364.000 156740.000 0 0 0.000 0.000 0.000 200000.000 0 1 0 200 0 0
 3391 29106.000 112620.000 0 0 0.000 0.000 0.000 200000.000 0 1 0 200 0 0
 3392 45838.000 147490.000 0 0 52.000 52.000 2704.000 52.000 0 1 62 200 0 0
 3393 44422.000 146047.000 0 0 0.000 0.000 0.000 200000.000 0 1 0 200 0 0
 3394 42471.000 56469.000 0 0 0.000 0.000 0.000 200000.000 0 1 0 200 0 0
 3395 32164.000 75141.000 0 0 0.000 0.000 0.000 200000.000 0 1 0 200 0 0
 3396 79864.000 30457.000 0 0 0.000 0.000 0.000 0.216 0 1 0 0 0 0
 3397 106792.000 27897.000 0 0 0.000 0.000 0.000 0.254 0 1 0 0 0 0
 3398 43979.000 143990.000 0 0 0.000 0.000 0.000 200000.000 0 1 0 200 0 0
 3399 171654.000 88165.000 0 0 52.000 32.000 1664.000 40.792 0 1 7 200 0 0
 3400 160560.000 140180.000 0 0 0.000 0.000 0.000 0.219 0 1 0 0 0 0
 3401 142964.000 158508.000 0 0 48.000 56.000 2688.000 51.845 0 1 87 200 0 0
 3402 139371.000 160783.000 0 0 0.000 0.000 0.000 0.209 0 1 0 0 0 0
 3403 129798.000 166149.000 0 0 0.000 0.000 0.000 0.230 0 1 0 0 0 0
 3404 111913.000 171524.000 0 0 0.000 0.000 0.000 200000.000 0 1 0 200 0 0
 3405 114720.000 170074.000 0 0 0.000 0.000 0.000 200000.000 0 1 0 200 0 0
 3406 108717.000 171908.000 0 0 0.000 0.000 0.000 0.243 0 1 0 0 0 0
 3407 61108.000 160879.000 0 0 0.000 0.000 0.000 0.470 0 1 0 0 0 0
 3408 50106.000 152399.000 0 0 0.000 0.000 0.000 200000.000 0 1 0 200 0 0
 3409 48604.000 149777.000 0 0 0.000 0.000 0.000 200000.000 0 1 0 200 0 0
 3410 163595.000 135566.000 0 0 54.000 46.000 2484.000 49.839 0 1 38 200 0 0
 3411 30224.000 119103.000 0 0 0.000 0.000 0.000 200000.000 0 1 0 200 0 0
 3412 32337.000 73240.000 0 0 0.000 0.000 0.000 200000.000 0 1 0 200 0 0
 3413 56665.000 41808.000 0 0 0.000 0.000 0.000 200000.000 0 1 0 200 0 0
 3414 171705.000 86680.000 0 0 0.000 0.000 0.000 200000.000 0 1 0 200 0 0
 3415 172480.000 94705.000 0 0 0.000 0.000 0.000 0.358 0 1 0 0 0 0
 3416 172820.000 103844.000 0 0 0.000 0.000 0.000 200000.000 0 1 0 200 0 0
 3417 172816.000 103896.000 0 0 0.000 0.000 0.000 200000.000 0 1 0 200 0 0
 3418 172572.000 106518.000 0 0 0.000 0.000 0.000 0.208 0 1 0 0 0 0
 3419 168620.000 124516.000 0 0 56.000 40.000 2240.000 47.328 0 1 30 200 0 0
 3420 153834.000 148906.000 0 0 0.000 0.000 0.000 0.292 0 1 0 0 0 0
 3421 153458.000 149203.000 0 0 0.000 0.000 0.000 0.229 0 1 0 0 0 0
 3422 150971.000 151707.000 0 0 52.000 52.000 2704.000 52.000 0 1 71 200 0 0
 3423 150499.000 152450.000 0 0 52.000 54.000 2808.000 52.990 0 1 73 200 0 0
 3424 133029.000 165009.000 0 0 0.000 0.000 0.000 200000.000 0 1 0 200 0 0
 3425 122637.000 168920.000 0 0 0.000 0.000 0.000 0.201 0 1 0 0 0 0
 3426 120017.000 169895.000 0 0 0.000 0.000 0.000 200000.000 0 1 0 200 0 0
 3427 119964.000 169910.000 0 0 0.000 0.000 0.000 200000.000 0 1 0 200 0 0
 3428 106017.000 172411.000 0 0 0.000 0.000 0.000 200000.000 0 1 0 200 0 0
 3429 110335.000 171003.000 0 0 0.000 0.000 0.000 200000.000 0 1 0 200 0 0
 3430 74370.000 166886.000 0 0 0.000 0.000 0.000 200000.000 0 1 0 200 0 0
 3431 37528.000 136750.000 0 0 0.000 0.000 0.000 200000.000 0 1 0 200 0 0
 3432 78252.000 169250.000 0 0 0.000 0.000 0.000 200000.000 0 1 0 200 0 0
 3433 28448.000 110800.000 0 0 0.000 0.000 0.000 0.402 0 1 0 0 0 0
 3434 27469.000 99159.000 0 0 0.000 0.000 0.000 200000.000 0 1 0 200 0 0
 3435 63701.000 37143.000 0 0 0.000 0.000 0.000 200000.000 0 1 0 200 0 0
 3436 122128.000 30637.000 0 0 0.000 0.000 0.000 200000.000 0 1 0 200 0 0
 3437 129715.000 33505.000 0 0 0.000 0.000 0.000 200000.000 0 1 0 200 0 0
 3438 159707.000 57853.000 0 0 0.000 0.000 0.000 200000.000 0 1 0 200 0 0
 3439 159556.000 57897.000 0 0 0.000 0.000 0.000 200000.000 0 1 0 200 0 0
 3440 160885.000 59745.000 0 0 0.000 0.000 0.000 0.360 0 1 0 0 0 0
 3441 126219.000 167835.000 0 0 0.000 0.000 0.000 200000.000 0 1 0 200 0 0
 3442 166579.000 72149.000 0 0 0.000 0.000 0.000 200000.000 0 1 0 200 0 0
 3443 124973.000 168297.000 0 0 40.000 56.000 2240.000 47.328 0 1 99 200 0 0
 3444 168553.000 124740.000 0 0 56.000 40.000 2240.000 47.328 0 1 30 200 0 0
 3445 151850.000 151365.000 0 0 52.000 52.000 2704.000 52.000 0 1 71 200 0 0
 3446 150350.000 152673.000 0 0 52.000 54.000 2808.000 52.990 0 1 73 200 0 0
 3447 149337.000 153752.000 0 0 50.000 54.000 2700.000 51.961 0 1 73 200 0 0
 3448 126777.000 167625.000 0 0 0.000 0.000 0.000 0.278 0 1 0 0 0 0
 3449 142525.000 158247.000 0 0 48.000 56.000 2688.000 51.845 0 1 87 200 0 0
 3450 27485.000 101572.000 0 0 0.000 0.000 0.000 200000.000 0 1 0 200 0 0
 3451 45757.000 148145.000 0 0 52.000 50.000 2600.000 50.990 0 1 62 200 0 0
 3452 60441.000 38955.000 0 0 0.000 0.000 0.000 200000.000 0 1 0 200 0 0
 3453 39659.000 140384.000 0 0 0.000 0.000 0.000 0.286 0 1 0 0 0 0
 3454 29638.000 81550.000 0 0 0.000 0.000 0.000 200000.000 0 1 0 200 0 0
 3455 48237.000 149877.000 0 0 0.000 0.000 0.000 200000.000 0 1 0 200 0 0
 3456 30279.000 79849.000 0 0 0.000 0.000 0.000 200000.000 0 1 0 200 0 0
 3457 77315.000 30631.000 0 0 0.000 0.000 0.000 200000.000 0 1 0 200 0 0
 3458 151331.000 47809.000 0 0 0.000 0.000 0.000 0.232 0 1 0 0 0 0
 3459 157634.000 54791.000 0 0 0.000 0.000 0.000 200000.000 0 1 0 200 0 0
 3460 165624.000 67681.000 0 0 0.000 0.000 0.000 0.495 0 1 0 0 0 0
 3461 166550.000 69612.000 0 0 0.000 0.000 0.000 0.206 0 1 0 0 0 0
 3462 169095.000 75617.000 0 0 0.000 0.000 0.000 200000.000 0 1 0 200 0 0
 3463 169114.000 75670.000 0 0 0.000 0.000 0.000 200000.000 0 1 0 200 0 0
 3464 172315.000 95455.000 0 0 0.000 0.000 0.000 200000.000 0 1 0 200 0 0
 3465 142206.000 159471.000 0 0 0.000 0.000 0.000 200000.000 0 1 0 200 0 0
 3466 172431.000 110812.000 0 0 0.000 0.000 0.000 0.218 0 1 0 0 0 0
 3467 127133.000 167843.000 0 0 0.000 0.000 0.000 200000.000 0 1 0 200 0 0
 3468 163488.000 136337.000 0 0 54.000 46.000 2484.000 49.839 0 1 38 200 0 0
 3469 164890.000 131897.000 0 0 0.000 0.000 0.000 200000.000 0 1 0 200 0 0
 3470 161769.000 139079.000 0 0 56.000 48.000 2688.000 51.845 0 1 42 200 0 0
 3471 160994.000 140461.000 0 0 0.000 0.000 0.000 200000.000 0 1 0 200 0 0
 3472 159528.000 142577.000 0 0 0.000 0.000 0.000 200000.000 0 1 0 200 0 0
 3473 74023.000 167947.000 0 0 0.000 0.000 0.000 200000.000 0 1 0 200 0 0
 3474 99291.000 172978.000 0 0 0.000 0.000 0.000 200000.000 0 1 0 200 0 0
 3475 48818.000 151860.000 0 0 0.000 0.000 0.000 200000.000 0 1 0 200 0 0
 3476 50884.000 153786.000 0 0 50.000 54.000 2700.000 51.961 0 1 79 200 0 0
 3477 48975.000 151777.000 0 0 0.000 0.000 0.000 200000.000 0 1 0 200 0 0
 3478 46501.000 149711.000 0 0 0.000 0.000 0.000 200000.000 0 1 0 200 0 0
 3479 31900.000 125179.000 0 0 56.000 40.000 2240.000 47.328 0 1 31 200 0 0
 3480 31944.000 73954.000 0 0 0.000 0.000 0.000 0.208 0 1 0 0 0 0
 3481 162660.000 135718.000 0 0 54.000 46.000 2484.000 49.839 0 1 38 200 0 0
 3482 52263.000 44975.000 0 0 0.000 0.000 0.000 200000.000 0 1 0 200 0 0
 3483 56595.000 41224.000 0 0 0.000 0.000 0.000 200000.000 0 1 0 200 0 0
 3484 157828.000 54763.000 0 0 0.000 0.000 0.000 200000.000 0 1 0 200 0 0
 3485 94741.000 27139.000 0 0 0.000 0.000 0.000 200000.000 0 1 0 200 0 0
 3486 145786.000 42646.000 0 0 0.000 0.000 0.000 200000.000 0 1 0 200 0 0
 3487 157704.000 54793.000 0 0 0.000 0.000 0.000 200000.000 0 1 0 200 0 0
 3488 172482.000 87155.000 0 0 0.000 0.000 0.000 200000.000 0 1 0 200 0 0
 3489 173410.000 101150.000 0 0 0.000 0.000 0.000 0.233 0 1 0 0 0 0
 3490 172430.000 96364.000 0 0 0.000 0.000 0.000 200000.000 0 1 0 200 0 0
 3491 170495.000 120479.000 0 0 0.000 0.000 0.000 200000.000 0 1 0 200 0 0
 3492 124587.000 168795.000 0 0 40.000 56.000 2240.000 47.328 0 1 99 200 0 0
 3493 165882.000 132216.000 0 0 0.000 0.000 0.000 200000.000 0 1 0 200 0 0
 3494 165901.000 132285.000 0 0 0.000 0.000 0.000 200000.000 0 1 0 200 0 0
 3495 162425.000 138444.000 0 0 56.000 48.000 2688.000 51.845 0 1 42 200 0 0
 3496 151632.000 151970.000 0 0 52.000 52.000 2704.000 52.000 0 1 71 200 0 0
 3497 151637.000 152056.000 0 0 52.000 52.000 2704.000 52.000 0 1 71 200 0 0
 3498 141670.000 160077.000 0 0 0.000 0.000 0.000 0.429 0 1 0 0 0 0
 3499 131781.000 165848.000 0 0 0.000 0.000 0.000 0.276 0 1 0 0 0 0
 3500 121530.000 169921.000 0 0 0.000 0.000 0.000 0.206 0 1 0 0 0 0
 3501 101380.000 172315.000 0 0 0.000 0.000 0.000 200000.000 0 1 0 200 0 0
 3502 46661.000 149634.000 0 0 0.000 0.000 0.000 200000.000 0 1 0 200 0 0
 3503 46306.000 148319.000 0 0 54.000 50.000 2700.000 51.961 0 1 62 200 0 0
 3504 30297.000 121633.000 0 0 0.000 0.000 0.000 200000.000 0 1 0 200 0 0
 3505 121283.000 29843.000 0 0 0.000 0.000 0.000 200000.000 0 1 0 200 0 0
 3506 30243.000 121591.000 0 0 0.000 0.000 0.000 200000.000 0 1 0 200 0 0
 3507 47087.000 49680.000 0 0 0.000 0.000 0.000 200000.000 0 1 0 200 0 0
 3508 132807.000 34260.000 0 0 0.000 0.000 0.000 0.224 0 1 0 0 0 0
 3509 145729.000 42628.000 0 0 0.000 0.000 0.000 200000.000 0 1 0 200 0 0
 3510 173328.000 96004.000 0 0 0.000 0.000 0.000 200000.000 0 1 0 200 0 0
 3511 167528.000 71128.000 0 0 0.000 0.000 0.000 200000.000 0 1 0 200 0 0
 3512 172253.000 86842.000 0 0 0.000 0.000 0.000 200000.000 0 1 0 200 0 0
 3513 169284.000 124743.000 0 0 56.000 40.000 2240.000 47.328 0 1 30 200 0 0
 3514 173199.000 107649.000 0 0 0.000 0.000 0.000 200000.000 0 1 0 200 0 0
 3515 172300.000 107139.000 0 0 0.000 0.000 0.000 200000.000 0 1 0 200 0 0
 3516 163774.000 136311.000 0 0 54.000 46.000 2484.000 49.839 0 1 38 200 0 0
 3517 143799.000 158978.000 0 0 48.000 56.000 2688.000 51.845 0 1 87 200 0 0
 3518 168234.000 125195.000 0 0 56.000 40.000 2240.000 47.328 0 1 30 200 0 0
 3519 157226.000 146085.000 0 0 0.000 0.000 0.000 0.252 0 1 0 0 0 0
 3520 136213.000 163692.000 0 0 0.000 0.000 0.000 200000.000 0 1 0 200 0 0
 3521 149812.000 154257.000 0 0 50.000 54.000 2700.000 51.961 0 1 73 200 0 0
 3522 148571.000 155028.000 0 0 0.000 0.000 0.000 0.251 0 1 0 0 0 0
 3523 145798.000 157242.000 0 0 0.000 0.000 0.000 0.263 0 1 0 0 0 0
 3524 149623.000 152941.000 0 0 52.000 54.000 2808.000 52.990 0 1 73 200 0 0
 3525 139822.000 161588.000 0 0 0.000 0.000 0.000 0.271 0 1 0 0 0 0
 3526 134528.000 164614.000 0 0 0.000 0.000 0.000 0.284 0 1 0 0 0 0
 3527 124699.000 168206.000 0 0 40.000 56.000 2240.000 47.328 0 1 99 200 0 0
 3528 95175.000 172237.000 0 0 0.000 0.000 0.000 200000.000 0 1 0 200 0 0
 3529 51126.000 154501.000 0 0 50.000 54.000 2700.000 51.961 0 1 79 200 0 0
 3530 76736.000 169312.000 0 0 0.000 0.000 0.000 0.413 0 1 0 0 0 0
 3531 66679.000 165217.000 0 0 0.000 0.000 0.000 200000.000 0 1 0 200 0 0
 3532 61856.000 162508.000 0 0 0.000 0.000 0.000 200000.000 0 1 0 200 0 0
 3533 51266.000 154424.000 0 0 50.000 54.000 2700.000 51.961 0 1 79 200 0 0
 3534 31451.000 125543.000 0 0 56.000 40.000 2240.000 47.328 0 1 31 200 0 0
 3535 31400.000 125506.000 0 0 56.000 40.000 2240.000 47.328 0 1 31 200 0 0
 3536 27278.000 91396.000 0 0 0.000 0.000 0.000 200000.000 0 1 0 200 0 0
 3537 30992.000 75900.000 0 0 0.000 0.000 0.000 200000.000 0 1 0 200 0 0
 3538 152219.000 151957.000 0 0 52.000 52.000 2704.000 52.000 0 1 71 200 0 0
 3539 118280.000 28718.000 0 0 0.000 0.000 0.000 200000.000 0 1 0 200 0 0
 3540 118344.000 28677.000 0 0 0.000 0.000 0.000 200000.000 0 1 0 200 0 0
 3541 148305.000 44318.000 0 0 0.000 0.000 0.000 200000.000 0 1 0 200 0 0
 3542 148358.000 44337.000 0 0 0.000 0.000 0.000 200000.000 0 1 0 200 0 0
 3543 173634.000 104502.000 0 0 0.000 0.000 0.000 200000.000 0 1 0 200 0 0
 3544 167456.000 129607.000 0 0 0.000 0.000 0.000 0.223 0 1 0 0 0 0
 3545 164231.000 135739.000 0 0 54.000 46.000 2484.000 49.839 0 1 38 200 0 0
 3546 164127.000 136693.000 0 0 54.000 46.000 2484.000 49.839 0 1 38 200 0 0
 3547 152133.000 151803.000 0 0 52.000 52.000 2704.000 52.000 0 1 71 200 0 0
 3548 149942.000 154137.000 0 0 50.000 54.000 2700.000 51.961 0 1 73 200 0 0
 3549 130003.000 167191.000 0 0 0.000 0.000 0.000 200000.000 0 1 0 200 0 0
 3550 126411.000 168853.000 0 0 0.000 0.000 0.000 200000.000 0 1 0 200 0 0
 3551 122988.000 169879.000 0 0 0.000 0.000 0.000 200000.000 0 1 0 200 0 0
 3552 101435.000 173482.000 0 0 24.000 50.000 1200.000 34.641 0 1 104 200 0 0
 3553 81572.000 170963.000 0 0 0.000 0.000 0.000 0.202 0 1 0 0 0 0
 3554 37526.000 138070.000 0 0 0.000 0.000 0.000 0.471 0 1 0 0 0 0
 3555 31436.000 125846.000 0 0 56.000 40.000 2240.000 47.328 0 1 31 200 0 0
 3556 26711.000 101544.000 0 0 0.000 0.000 0.000 200000.000 0 1 0 200 0 0
 3557 35819.000 64597.000 0 0 0.000 0.000 0.000 200000.000 0 1 0 200 0 0
 3558 37892.000 60728.000 0 0 0.000 0.000 0.000 200000.000 0 1 0 200 0 0
 3559 55502.000 41410.000 0 0 0.000 0.000 0.000 200000.000 0 1 0 200 0 0
 3560 98566.000 26268.000 0 0 0.000 0.000 0.000 200000.000 0 1 0 200 0 0
 3561 160052.000 56961.000 0 0 0.000 0.000 0.000 200000.000 0 1 0 200 0 0
 3562 160125.000 56974.000 0 0 0.000 0.000 0.000 200000.000 0 1 0 200 0 0
 3563 161872.000 61230.000 0 0 0.000 0.000 0.000 200000.000 0 1 0 200 0 0
 3564 173124.000 110909.000 0 0 0.000 0.000 0.000 200000.000 0 1 0 200 0 0
 3565 172585.000 108717.000 0 0 0.000 0.000 0.000 200000.000 0 1 0 200 0 0
 3566 169974.000 120859.000 0 0 0.000 0.000 0.000 200000.000 0 1 0 200 0 0
 3567 129955.000 167213.000 0 0 0.000 0.000 0.000 200000.000 0 1 0 200 0 0
 3568 163825.000 137045.000 0 0 56.000 46.000 2576.000 50.754 0 1 38 200 0 0
 3569 154426.000 149725.000 0 0 0.000 0.000 0.000 200000.000 0 1 0 200 0 0
 3570 160009.000 141479.000 0 0 54.000 48.000 2592.000 50.911 0 1 48 200 0 0
 3571 150697.000 153669.000 0 0 52.000 54.000 2808.000 52.990 0 1 73 200 0 0
 3572 150658.000 153705.000 0 0 52.000 54.000 2808.000 52.990 0 1 73 200 0 0
 3573 143214.000 158813.000 0 0 48.000 56.000 2688.000 51.845 0 1 87 200 0 0
 3574 126400.000 168675.000 0 0 0.000 0.000 0.000 200000.000 0 1 0 200 0 0
 3575 107302.000 173322.000 0 0 0.000 0.000 0.000 200000.000 0 1 0 200 0 0
 3576 71351.000 167620.000 0 0 0.000 0.000 0.000 200000.000 0 1 0 200 0 0
 3577 26747.000 95489.000 0 0 0.000 0.000 0.000 200000.000 0 1 0 200 0 0
 3578 38002.000 139242.000 0 0 0.000 0.000 0.000 0.451 0 1 0 0 0 0
 3579 26484.000 102268.000 0 0 0.000 0.000 0.000 200000.000 0 1 0 200 0 0
 3580 61169.000 37381.000 0 0 0.000 0.000 0.000 200000.000 0 1 0 200 0 0
 3581 64054.000 35620.000 0 0 0.000 0.000 0.000 200000.000 0 1 0 200 0 0
 3582 66440.000 34475.000 0 0 0.000 0.000 0.000 200000.000 0 1 0 200 0 0
 3583 164573.000 63626.000 0 0 0.000 0.000 0.000 200000.000 0 1 0 200 0 0
 3584 166973.000 68622.000 0 0 0.000 0.000 0.000 0.233 0 1 0 0 0 0
 3585 41690.000 143468.000 0 0 0.000 0.000 0.000 200000.000 0 1 0 200 0 0
 3586 104049.000 27161.000 0 0 0.000 0.000 0.000 200000.000 0 1 0 200 0 0
 3587 168563.000 72299.000 0 0 0.000 0.000 0.000 0.202 0 1 0 0 0 0
 3588 120488.000 170998.000 0 0 0.000 0.000 0.000 200000.000 0 1 0 200 0 0
 3589 170003.000 75638.000 0 0 0.000 0.000 0.000 200000.000 0 1 0 200 0 0
 3590 168927.000 124859.000 0 0 56.000 40.000 2240.000 47.328 0 1 30 200 0 0
 3591 157739.000 145999.000 0 0 0.000 0.000 0.000 0.209 0 1 0 0 0 0
 3592 157793.000 146530.000 0 0 0.000 0.000 0.000 200000.000 0 1 0 200 0 0
 3593 152955.000 151697.000 0 0 52.000 52.000 2704.000 52.000 0 1 71 200 0 0
 3594 161901.000 138925.000 0 0 56.000 48.000 2688.000 51.845 0 1 42 200 0 0
 3595 152401.000 150930.000 0 0 52.000 52.000 2704.000 52.000 0 1 71 200 0 0
 3596 129261.000 167816.000 0 0 0.000 0.000 0.000 200000.000 0 1 0 200 0 0
 3597 129238.000 167895.000 0 0 0.000 0.000 0.000 200000.000 0 1 0 200 0 0
 3598 125432.000 168427.000 0 0 40.000 56.000 2240.000 47.328 0 1 99 200 0 0
 3599 120497.000 170835.000 0 0 0.000 0.000 0.000 200000.000 0 1 0 200 0 0
 3600 105833.000 173580.000 0 0 0.000 0.000 0.000 0.209 0 1 0 0 0 0
 3601 102315.000 173803.000 0 0 24.000 50.000 1200.000 34.641 0 1 104 200 0 0
 3602 99200.000 173648.000 0 0 0.000 0.000 0.000 200000.000 0 1 0 200 0 0
 3603 81276.000 171279.000 0 0 0.000 0.000 0.000 200000.000 0 1 0 200 0 0
 3604 31419.000 126491.000 0 0 56.000 42.000 2352.000 48.497 0 1 31 200 0 0
 3605 26526.000 103335.000 0 0 0.000 0.000 0.000 200000.000 0 1 0 200 0 0
 3606 31653.000 72198.000 0 0 0.000 0.000 0.000 200000.000 0 1 0 200 0 0
 3607 108126.000 26423.000 0 0 0.000 0.000 0.000 200000.000 0 1 0 200 0 0
 3608 115263.000 27628.000 0 0 0.000 0.000 0.000 0.441 0 1 0 0 0 0
 3609 163096.000 60482.000 0 0 0.000 0.000 0.000 200000.000 0 1 0 200 0 0
 3610 78770.000 169709.000 0 0 0.000 0.000 0.000 200000.000 0 1 0 200 0 0
 3611 51348.000 154103.000 0 0 50.000 54.000 2700.000 51.961 0 1 79 200 0 0
 3612 167745.000 71771.000 0 0 0.000 0.000 0.000 200000.000 0 1 0 200 0 0
 3613 161674.000 141578.000 0 0 54.000 46.000 2484.000 49.839 0 1 53 200 0 0
 3614 160496.000 143268.000 0 0 0.000 0.000 0.000 200000.000 0 1 0 200 0 0
 3615 152995.000 151657.000 0 0 52.000 52.000 2704.000 52.000 0 1 71 200 0 0
 3616 136828.000 164322.000 0 0 0.000 0.000 0.000 200000.000 0 1 0 200 0 0
 3617 143104.000 159190.000 0 0 48.000 56.000 2688.000 51.845 0 1 87 200 0 0
 3618 134401.000 165624.000 0 0 0.000 0.000 0.000 200000.000 0 1 0 200 0 0
 3619 125297.000 168763.000 0 0 40.000 56.000 2240.000 47.328 0 1 99 200 0 0
 3620 102368.000 173801.000 0 0 24.000 50.000 1200.000 34.641 0 1 104 200 0 0
 3621 104318.000 173081.000 0 0 0.000 0.000 0.000 200000.000 0 1 0 200 0 0
 3622 30833.000 125444.000 0 0 56.000 40.000 2240.000 47.328 0 1 31 200 0 0
 3623 86828.000 172668.000 0 0 0.000 0.000 0.000 0.323 0 1 0 0 0 0
 3624 86608.000 171923.000 0 0 0.000 0.000 0.000 200000.000 0 1 0 200 0 0
 3625 66558.000 165920.000 0 0 0.000 0.000 0.000 200000.000 0 1 0 200 0 0
 3626 103069.000 25792.000 0 0 0.000 0.000 0.000 200000.000 0 1 0 200 0 0
 3627 174455.000 100054.000 0 0 0.000 0.000 0.000 200000.000 0 1 0 200 0 0
 3628 174454.000 100108.000 0 0 0.000 0.000 0.000 200000.000 0 1 0 200 0 0
 3629 172353.000 117477.000 0 0 0.000 0.000 0.000 200000.000 0 1 0 200 0 0
 3630 134360.000 165663.000 0 0 0.000 0.000 0.000 200000.000 0 1 0 200 0 0
 3631 168363.000 129390.000 0 0 0.000 0.000 0.000 200000.000 0 1 0 200 0 0
 3632 141430.000 161887.000 0 0 0.000 0.000 0.000 200000.000 0 1 0 200 0 0
 3633 138315.000 163453.000 0 0 0.000 0.000 0.000 200000.000 0 1 0 200 0 0
 3634 132856.000 166613.000 0 0 0.000 0.000 0.000 200000.000 0 1 0 200 0 0
 3635 119308.000 171675.000 0 0 0.000 0.000 0.000 200000.000 0 1 0 200 0 0
 3636 110287.000 173331.000 0 0 0.000 0.000 0.000 200000.000 0 1 0 200 0 0
 3637 101734.000 174157.000 0 0 24.000 50.000 1200.000 34.641 0 1 104 200 0 0
 3638 103061.000 174117.000 0 0 26.000 50.000 1300.000 36.055 0 1 104 200 0 0
 3639 101783.000 173986.000 0 0 24.000 50.000 1200.000 34.641 0 1 104 200 0 0
 3640 101216.000 174053.000 0 0 24.000 50.000 1200.000 34.641 0 1 104 200 0 0
 3641 98335.000 174150.000 0 0 0.000 0.000 0.000 200000.000 0 1 0 200 0 0
 3642 94361.000 173943.000 0 0 0.000 0.000 0.000 200000.000 0 1 0 200 0 0
 3643 109101.000 172665.000 0 0 0.000 0.000 0.000 200000.000 0 1 0 200 0 0
 3644 84330.000 172270.000 0 0 0.000 0.000 0.000 0.286 0 1 0 0 0 0
 3645 82225.000 171890.000 0 0 0.000 0.000 0.000 200000.000 0 1 0 200 0 0
 3646 82156.000 171945.000 0 0 0.000 0.000 0.000 200000.000 0 1 0 200 0 0
 3647 167530.000 68464.000 0 0 0.000 0.000 0.000 0.122 0 1 0 0 0 0
 3648 66605.000 165944.000 0 0 0.000 0.000 0.000 200000.000 0 1 0 200 0 0
 3649 60919.000 162840.000 0 0 0.000 0.000 0.000 200000.000 0 1 0 200 0 0
 3650 53057.000 157283.000 0 0 0.000 0.000 0.000 200000.000 0 1 0 200 0 0
 3651 50953.000 155262.000 0 0 50.000 52.000 2600.000 50.990 0 1 79 200 0 0
 3652 48844.000 153309.000 0 0 0.000 0.000 0.000 200000.000 0 1 0 200 0 0
 3653 27897.000 116044.000 0 0 0.000 0.000 0.000 200000.000 0 1 0 200 0 0
 3654 58759.000 38364.000 0 0 0.000 0.000 0.000 0.258 0 1 0 0 0 0
 3655 115523.000 27152.000 0 0 0.000 0.000 0.000 200000.000 0 1 0 200 0 0
 3656 160131.000 55878.000 0 0 0.000 0.000 0.000 200000.000 0 1 0 200 0 0
 3657 160187.000 55903.000 0 0 0.000 0.000 0.000 200000.000 0 1 0 200 0 0
 3658 174150.000 108331.000 0 0 0.000 0.000 0.000 200000.000 0 1 0 200 0 0
 3659 158225.000 146427.000 0 0 0.000 0.000 0.000 0.214 0 1 0 0 0 0
 3660 150669.000 153348.000 0 0 52.000 54.000 2808.000 52.990 0 1 73 200 0 0
 3661 139211.000 163257.000 0 0 0.000 0.000 0.000 200000.000 0 1 0 200 0 0
 3662 131323.000 167385.000 0 0 0.000 0.000 0.000 200000.000 0 1 0 200 0 0
 3663 128536.000 168713.000 0 0 42.000 56.000 2352.000 48.497 0 1 101 210 0 0
 3664 123158.000 170481.000 0 0 0.000 0.000 0.000 0.247 0 1 0 0 0 0
 3665 122250.000 170738.000 0 0 0.000 0.000 0.000 0.354 0 1 0 0 0 0
 3666 107997.000 173765.000 0 0 0.000 0.000 0.000 200000.000 0 1 0 200 0 0
 3667 109552.000 173669.000 0 0 0.000 0.000 0.000 0.261 0 1 0 0 0 0
 3668 100285.000 174296.000 0 0 24.000 51.000 1224.000 34.985 0 1 106 200 0 0
 3669 100232.000 174342.000 0 0 24.000 51.000 1224.000 34.985 0 1 106 200 0 0
 3670 94415.000 173948.000 0 0 0.000 0.000 0.000 200000.000 0 1 0 200 0 0
 3671 27733.000 83641.000 0 0 0.000 0.000 0.000 200000.000 0 1 0 200 0 0
 3672 51498.000 156096.000 0 0 0.000 0.000 0.000 0.201 0 1 0 0 0 0
 3673 41542.000 145482.000 0 0 0.000 0.000 0.000 0.358 0 1 0 0 0 0
 3674 174105.000 101151.000 0 0 0.000 0.000 0.000 200000.000 0 1 0 200 0 0
 3675 38271.000 140776.000 0 0 0.000 0.000 0.000 0.430 0 1 0 0 0 0
 3676 50412.000 154312.000 0 0 50.000 54.000 2700.000 51.961 0 1 79 200 0 0
 3677 29396.000 122481.000 0 0 0.000 0.000 0.000 0.337 0 1 0 0 0 0
 3678 115366.000 26945.000 0 0 0.000 0.000 0.000 200000.000 0 1 0 200 0 0
 3679 31373.000 71538.000 0 0 0.000 0.000 0.000 200000.000 0 1 0 200 0 0
 3680 119169.000 28023.000 0 0 0.000 0.000 0.000 200000.000 0 1 0 200 0 0
 3681 115297.000 27030.000 0 0 0.000 0.000 0.000 200000.000 0 1 0 200 0 0
 3682 174317.000 93188.000 0 0 0.000 0.000 0.000 200000.000 0 1 0 200 0 0
 3683 170900.000 123394.000 0 0 0.000 0.000 0.000 0.205 0 1 0 0 0 0
 3684 150594.000 154795.000 0 0 0.000 0.000 0.000 0.206 0 1 0 0 0 0
 3685 145152.000 159409.000 0 0 0.000 0.000 0.000 0.245 0 1 0 0 0 0
 3686 168061.000 128947.000 0 0 0.000 0.000 0.000 200000.000 0 1 0 200 0 0
 3687 163461.000 137893.000 0 0 0.000 0.000 0.000 200000.000 0 1 0 200 0 0
 3688 135197.000 164764.000 0 0 0.000 0.000 0.000 200000.000 0 1 0 200 0 0
 3689 123177.000 170793.000 0 0 0.000 0.000 0.000 0.324 0 1 0 0 0 0
 3690 120150.000 170813.000 0 0 0.000 0.000 0.000 200000.000 0 1 0 200 0 0
 3691 108478.000 173882.000 0 0 0.000 0.000 0.000 200000.000 0 1 0 200 0 0
 3692 92429.000 174106.000 0 0 0.000 0.000 0.000 200000.000 0 1 0 200 0 0
 3693 95391.000 173394.000 0 0 0.000 0.000 0.000 200000.000 0 1 0 200 0 0
 3694 64256.000 165085.000 0 0 0.000 0.000 0.000 0.354 0 1 0 0 0 0
 3695 163331.000 139666.000 0 0 0.000 0.000 0.000 200000.000 0 1 0 200 0 0
 3696 58977.000 161932.000 0 0 0.000 0.000 0.000 0.272 0 1 0 0 0 0
 3697 36519.000 138762.000 0 0 0.000 0.000 0.000 200000.000 0 1 0 200 0 0
 3698 31644.000 71032.000 0 0 0.000 0.000 0.000 0.201 0 1 0 0 0 0
 3699 108361.000 25669.000 0 0 0.000 0.000 0.000 200000.000 0 1 0 200 0 0
 3700 171827.000 121048.000 0 0 0.000 0.000 0.000 200000.000 0 1 0 200 0 0
 3701 170218.000 125908.000 0 0 0.000 0.000 0.000 0.205 0 1 0 0 0 0
 3702 151609.000 153978.000 0 0 0.000 0.000 0.000 0.213 0 1 0 0 0 0
 3703 126994.000 169631.000 0 0 0.000 0.000 0.000 0.239 0 1 0 0 0 0
 3704 57644.000 161128.000 0 0 0.000 0.000 0.000 200000.000 0 1 0 200 0 0
 3705 120080.000 171901.000 0 0 0.000 0.000 0.000 0.240 0 1 0 0 0 0
 3706 112737.000 173446.000 0 0 0.000 0.000 0.000 0.200 0 1 0 0 0 0
 3707 113543.000 172539.000 0 0 0.000 0.000 0.000 200000.000 0 1 0 200 0 0
 3708 100830.000 174618.000 0 0 24.000 50.000 1200.000 34.641 0 1 106 200 0 0
 3709 96710.000 174376.000 0 0 0.000 0.000 0.000 0.202 0 1 0 0 0 0
 3710 161429.000 143130.000 0 0 54.000 48.000 2592.000 50.911 0 1 53 200 0 0
 3711 43239.000 148245.000 0 0 0.000 0.000 0.000 200000.000 0 1 0 200 0 0
 3712 42937.000 148247.000 0 0 0.000 0.000 0.000 200000.000 0 1 0 200 0 0
 3713 26035.000 90359.000 0 0 0.000 0.000 0.000 200000.000 0 1 0 200 0 0
 3714 39141.000 57005.000 0 0 0.000 0.000 0.000 200000.000 0 1 0 200 0 0
 3715 69792.000 31543.000 0 0 0.000 0.000 0.000 200000.000 0 1 0 200 0 0
 3716 108303.000 25706.000 0 0 0.000 0.000 0.000 200000.000 0 1 0 200 0 0
 3717 123262.000 28679.000 0 0 0.000 0.000 0.000 200000.000 0 1 0 200 0 0
 3718 167110.000 66212.000 0 0 0.000 0.000 0.000 200000.000 0 1 0 200 0 0
 3719 175048.000 103547.000 0 0 0.000 0.000 0.000 200000.000 0 1 0 200 0 0
 3720 173111.000 87194.000 0 0 0.000 0.000 0.000 200000.000 0 1 0 200 0 0
 3721 171764.000 121609.000 0 0 0.000 0.000 0.000 0.200 0 1 0 0 0 0
 3722 161817.000 142403.000 0 0 54.000 48.000 2592.000 50.911 0 1 53 200 0 0
 3723 155081.000 150952.000 0 0 0.000 0.000 0.000 200000.000 0 1 0 200 0 0
 3724 147760.000 157574.000 0 0 0.000 0.000 0.000 0.203 0 1 0 0 0 0
 3725 143969.000 160750.000 0 0 0.000 0.000 0.000 200000.000 0 1 0 200 0 0
 3726 127522.000 168713.000 0 0 0.000 0.000 0.000 200000.000 0 1 0 200 0 0
 3727 106326.000 174604.000 0 0 0.000 0.000 0.000 200000.000 0 1 0 200 0 0
 3728 67970.000 167563.000 0 0 0.000 0.000 0.000 200000.000 0 1 0 200 0 0
 3729 106368.000 174456.000 0 0 0.000 0.000 0.000 200000.000 0 1 0 200 0 0
 3730 25851.000 91919.000 0 0 0.000 0.000 0.000 200000.000 0 1 0 200 0 0
 3731 101860.000 173883.000 0 0 24.000 50.000 1200.000 34.641 0 1 104 200 0 0
 3732 78817.000 171595.000 0 0 0.000 0.000 0.000 200000.000 0 1 0 200 0 0
 3733 71533.000 168925.000 0 0 0.000 0.000 0.000 0.210 0 1 0 0 0 0
 3734 68075.000 167458.000 0 0 0.000 0.000 0.000 200000.000 0 1 0 200 0 0
 3735 43102.000 148179.000 0 0 0.000 0.000 0.000 200000.000 0 1 0 200 0 0
 3736 39315.000 143888.000 0 0 0.000 0.000 0.000 200000.000 0 1 0 200 0 0
 3737 28191.000 79116.000 0 0 0.000 0.000 0.000 200000.000 0 1 0 200 0 0
 3738 34602.000 63986.000 0 0 0.000 0.000 0.000 200000.000 0 1 0 200 0 0
 3739 72672.000 30330.000 0 0 0.000 0.000 0.000 200000.000 0 1 0 200 0 0
 3740 70601.000 167815.000 0 0 0.000 0.000 0.000 200000.000 0 1 0 200 0 0
 3741 168526.000 68768.000 0 0 0.000 0.000 0.000 200000.000 0 1 0 200 0 0
 3742 171970.000 118700.000 0 0 0.000 0.000 0.000 200000.000 0 1 0 200 0 0
 3743 162285.000 141762.000 0 0 54.000 46.000 2484.000 49.839 0 1 53 200 0 0
 3744 155103.000 150899.000 0 0 0.000 0.000 0.000 200000.000 0 1 0 200 0 0
 3745 145713.000 159503.000 0 0 0.000 0.000 0.000 0.227 0 1 0 0 0 0
 3746 137230.000 165211.000 0 0 0.000 0.000 0.000 200000.000 0 1 0 200 0 0
 3747 135741.000 165822.000 0 0 0.000 0.000 0.000 0.457 0 1 0 0 0 0
 3748 115778.000 173393.000 0 0 0.000 0.000 0.000 200000.000 0 1 0 200 0 0
 3749 115804.000 173276.000 0 0 0.000 0.000 0.000 200000.000 0 1 0 200 0 0
 3750 99422.000 175020.000 0 0 0.000 0.000 0.000 200000.000 0 1 0 200 0 0
 3751 34762.000 65293.000 0 0 0.000 0.000 0.000 200000.000 0 1 0 200 0 0
 3752 99478.000 174851.000 0 0 0.000 0.000 0.000 200000.000 0 1 0 200 0 0
 3753 57739.000 161657.000 0 0 0.000 0.000 0.000 200000.000 0 1 0 200 0 0
 3754 97496.000 174804.000 0 0 0.000 0.000 0.000 200000.000 0 1 0 200 0 0
 3755 49263.000 155106.000 0 0 0.000 0.000 0.000 200000.000 0 1 0 200 0 0
 3756 126040.000 169433.000 0 0 0.000 0.000 0.000 200000.000 0 1 0 200 0 0
 3757 92236.000 174394.000 0 0 0.000 0.000 0.000 0.347 0 1 0 0 0 0
 3758 25483.000 105725.000 0 0 0.000 0.000 0.000 200000.000 0 1 0 200 0 0
 3759 87682.000 173885.000 0 0 0.000 0.000 0.000 0.263 0 1 0 0 0 0
 3760 61556.000 35646.000 0 0 0.000 0.000 0.000 200000.000 0 1 0 200 0 0
 3761 49395.000 155038.000 0 0 0.000 0.000 0.000 200000.000 0 1 0 200 0 0
 3762 48561.000 154199.000 0 0 0.000 0.000 0.000 0.467 0 1 0 0 0 0
 3763 40322.000 145249.000 0 0 0.000 0.000 0.000 200000.000 0 1 0 200 0 0
 3764 169427.000 70821.000 0 0 0.000 0.000 0.000 200000.000 0 1 0 200 0 0
 3765 25359.000 104812.000 0 0 0.000 0.000 0.000 0.261 0 1 0 0 0 0
 3766 53720.000 41074.000 0 0 0.000 0.000 0.000 200000.000 0 1 0 200 0 0
 3767 96337.000 24885.000 0 0 0.000 0.000 0.000 200000.000 0 1 0 200 0 0
 3768 137265.000 34481.000 0 0 0.000 0.000 0.000 200000.000 0 1 0 200 0 0
 3769 137325.000 34486.000 0 0 0.000 0.000 0.000 200000.000 0 1 0 200 0 0
 3770 82409.000 172049.000 0 0 0.000 0.000 0.000 200000.000 0 1 0 200 0 0
 3771 169415.000 70764.000 0 0 0.000 0.000 0.000 200000.000 0 1 0 200 0 0
 3772 170398.000 126961.000 0 0 0.000 0.000 0.000 200000.000 0 1 0 200 0 0
 3773 155565.000 150929.000 0 0 0.000 0.000 0.000 200000.000 0 1 0 200 0 0
 3774 151162.000 155105.000 0 0 0.000 0.000 0.000 0.221 0 1 0 0 0 0
 3775 119281.000 172592.000 0 0 0.000 0.000 0.000 200000.000 0 1 0 200 0 0
 3776 102321.000 174994.000 0 0 0.000 0.000 0.000 200000.000 0 1 0 200 0 0
 3777 94404.000 174808.000 0 0 0.000 0.000 0.000 0.255 0 1 0 0 0 0
 3778 83660.000 173351.000 0 0 0.000 0.000 0.000 200000.000 0 1 0 200 0 0
 3779 83741.000 173239.000 0 0 0.000 0.000 0.000 200000.000 0 1 0 200 0 0
 3780 79733.000 172336.000 0 0 0.000 0.000 0.000 200000.000 0 1 0 200 0 0
 3781 77749.000 171587.000 0 0 0.000 0.000 0.000 200000.000 0 1 0 200 0 0
 3782 79677.000 172339.000 0 0 0.000 0.000 0.000 200000.000 0 1 0 200 0 0
 3783 175463.000 98660.000 0 0 0.000 0.000 0.000 200000.000 0 1 0 200 0 0
 3784 26888.000 117012.000 0 0 0.000 0.000 0.000 200000.000 0 1 0 200 0 0
 3785 133939.000 167404.000 0 0 0.000 0.000 0.000 200000.000 0 1 0 200 0 0
 3786 25848.000 89209.000 0 0 0.000 0.000 0.000 200000.000 0 1 0 200 0 0
 3787 26214.000 86302.000 0 0 0.000 0.000 0.000 200000.000 0 1 0 200 0 0
 3788 26162.000 86238.000 0 0 0.000 0.000 0.000 200000.000 0 1 0 200 0 0
 3789 39759.000 55358.000 0 0 0.000 0.000 0.000 0.354 0 1 0 0 0 0
 3790 57039.000 38178.000 0 0 0.000 0.000 0.000 200000.000 0 1 0 200 0 0
 3791 62625.000 34687.000 0 0 0.000 0.000 0.000 200000.000 0 1 0 200 0 0
 3792 117331.000 26506.000 0 0 0.000 0.000 0.000 200000.000 0 1 0 200 0 0
 3793 121443.000 27791.000 0 0 0.000 0.000 0.000 0.429 0 1 0 0 0 0
 3794 174274.000 86318.000 0 0 0.000 0.000 0.000 0.223 0 1 0 0 0 0
 3795 175463.000 98606.000 0 0 0.000 0.000 0.000 200000.000 0 1 0 200 0 0
 3796 151391.000 155300.000 0 0 0.000 0.000 0.000 0.219 0 1 0 0 0 0
 3797 139690.000 164069.000 0 0 0.000 0.000 0.000 0.224 0 1 0 0 0 0
 3798 132867.000 167876.000 0 0 0.000 0.000 0.000 200000.000 0 1 0 200 0 0
 3799 129331.000 169413.000 0 0 42.000 56.000 2352.000 48.497 0 1 101 210 0 0
 3800 143907.000 160245.000 0 0 0.000 0.000 0.000 200000.000 0 1 0 200 0 0
 3801 130825.000 167829.000 0 0 0.000 0.000 0.000 200000.000 0 1 0 200 0 0
 3802 104462.000 175244.000 0 0 0.000 0.000 0.000 200000.000 0 1 0 200 0 0
 3803 100846.000 175358.000 0 0 24.000 51.000 1224.000 34.985 0 1 106 200 0 0
 3804 77797.000 171615.000 0 0 0.000 0.000 0.000 200000.000 0 1 0 200 0 0
 3805 77608.000 171759.000 0 0 0.000 0.000 0.000 200000.000 0 1 0 200 0 0
 3806 43215.000 149357.000 0 0 0.000 0.000 0.000 200000.000 0 1 0 200 0 0
 3807 69494.000 168642.000 0 0 0.000 0.000 0.000 200000.000 0 1 0 200 0 0
 3808 37642.000 142084.000 0 0 0.000 0.000 0.000 200000.000 0 1 0 200 0 0
 3809 68772.000 168502.000 0 0 0.000 0.000 0.000 200000.000 0 1 0 200 0 0
 3810 43379.000 149287.000 0 0 0.000 0.000 0.000 200000.000 0 1 0 200 0 0
 3811 117272.000 26505.000 0 0 0.000 0.000 0.000 200000.000 0 1 0 200 0 0
 3812 37786.000 142048.000 0 0 0.000 0.000 0.000 200000.000 0 1 0 200 0 0
 3813 29739.000 126406.000 0 0 0.000 0.000 0.000 200000.000 0 1 0 200 0 0
 3814 139442.000 35333.000 0 0 0.000 0.000 0.000 200000.000 0 1 0 200 0 0
 3815 27519.000 119519.000 0 0 0.000 0.000 0.000 200000.000 0 1 0 200 0 0
 3816 139308.000 35450.000 0 0 0.000 0.000 0.000 200000.000 0 1 0 200 0 0
 3817 171839.000 75751.000 0 0 0.000 0.000 0.000 200000.000 0 1 0 200 0 0
 3818 171717.000 75735.000 0 0 0.000 0.000 0.000 200000.000 0 1 0 200 0 0
 3819 174635.000 86991.000 0 0 0.000 0.000 0.000 200000.000 0 1 0 200 0 0
 3820 175661.000 104770.000 0 0 0.000 0.000 0.000 200000.000 0 1 0 200 0 0
 3821 175519.000 91552.000 0 0 0.000 0.000 0.000 200000.000 0 1 0 200 0 0
 3822 175705.000 101848.000 0 0 0.000 0.000 0.000 0.472 0 1 0 0 0 0
 3823 175495.000 104709.000 0 0 0.000 0.000 0.000 200000.000 0 1 0 200 0 0
 3824 155314.000 49353.000 0 0 0.000 0.000 0.000 200000.000 0 1 0 200 0 0
 3825 165835.000 137477.000 0 0 0.000 0.000 0.000 200000.000 0 1 0 200 0 0
 3826 152699.000 154142.000 0 0 0.000 0.000 0.000 0.332 0 1 0 0 0 0
 3827 151787.000 155058.000 0 0 0.000 0.000 0.000 0.256 0 1 0 0 0 0
 3828 145408.000 160440.000 0 0 0.000 0.000 0.000 0.213 0 1 0 0 0 0
 3829 144636.000 160905.000 0 0 0.000 0.000 0.000 0.276 0 1 0 0 0 0
 3830 128703.000 169063.000 0 0 42.000 56.000 2352.000 48.497 0 1 101 210 0 0
 3831 95444.000 175382.000 0 0 0.000 0.000 0.000 200000.000 0 1 0 200 0 0
 3832 95501.000 175276.000 0 0 0.000 0.000 0.000 200000.000 0 1 0 200 0 0
 3833 88892.000 174853.000 0 0 0.000 0.000 0.000 200000.000 0 1 0 200 0 0
 3834 58181.000 162982.000 0 0 0.000 0.000 0.000 200000.000 0 1 0 200 0 0
 3835 56630.000 161714.000 0 0 0.000 0.000 0.000 200000.000 0 1 0 200 0 0
 3836 48115.000 154963.000 0 0 0.000 0.000 0.000 200000.000 0 1 0 200 0 0
 3837 44894.000 151254.000 0 0 0.000 0.000 0.000 0.487 0 1 0 0 0 0
 3838 29649.000 126787.000 0 0 0.000 0.000 0.000 0.287 0 1 0 0 0 0
 3839 127214.000 29168.000 0 0 0.000 0.000 0.000 200000.000 0 1 0 200 0 0
 3840 24801.000 96985.000 0 0 0.000 0.000 0.000 200000.000 0 1 0 200 0 0
 3841 166689.000 63941.000 0 0 0.000 0.000 0.000 200000.000 0 1 0 200 0 0
 3842 127105.000 29301.000 0 0 0.000 0.000 0.000 200000.000 0 1 0 200 0 0
 3843 171125.000 73732.000 0 0 0.000 0.000 0.000 200000.000 0 1 0 200 0 0
 3844 161092.000 55041.000 0 0 0.000 0.000 0.000 0.209 0 1 0 0 0 0
 3845 163496.000 141221.000 0 0 0.000 0.000 0.000 0.149 0 1 0 0 0 0
 3846 165865.000 137426.000 0 0 0.000 0.000 0.000 200000.000 0 1 0 200 0 0
 3847 129898.000 169646.000 0 0 42.000 54.000 2268.000 47.623 0 1 101 210 0 0
 3848 128123.000 170215.000 0 0 0.000 0.000 0.000 0.259 0 1 0 0 0 0
 3849 107265.000 175199.000 0 0 0.000 0.000 0.000 0.312 0 1 0 0 0 0
 3850 96704.000 174790.000 0 0 0.000 0.000 0.000 200000.000 0 1 0 200 0 0
 3851 173419.000 80391.000 0 0 0.000 0.000 0.000 200000.000 0 1 0 200 0 0
 3852 84708.000 173960.000 0 0 0.000 0.000 0.000 0.264 0 1 0 0 0 0
 3853 82588.000 172522.000 0 0 0.000 0.000 0.000 200000.000 0 1 0 200 0 0
 3854 81241.000 173291.000 0 0 0.000 0.000 0.000 200000.000 0 1 0 200 0 0
 3855 27284.000 120583.000 0 0 0.000 0.000 0.000 200000.000 0 1 0 200 0 0
 3856 26111.000 83892.000 0 0 0.000 0.000 0.000 200000.000 0 1 0 200 0 0
 3857 110799.000 24860.000 0 0 0.000 0.000 0.000 0.386 0 1 0 0 0 0
 3858 175813.000 94989.000 0 0 0.000 0.000 0.000 0.213 0 1 0 0 0 0
 3859 175288.000 110677.000 0 0 0.000 0.000 0.000 0.301 0 1 0 0 0 0
 3860 169519.000 128608.000 0 0 0.000 0.000 0.000 200000.000 0 1 0 200 0 0
 3861 159227.000 147561.000 0 0 0.000 0.000 0.000 0.206 0 1 0 0 0 0
 3862 130081.000 169689.000 0 0 42.000 54.000 2268.000 47.623 0 1 101 210 0 0
 3863 122667.000 172311.000 0 0 0.000 0.000 0.000 200000.000 0 1 0 200 0 0
 3864 86751.000 174671.000 0 0 0.000 0.000 0.000 200000.000 0 1 0 200 0 0
 3865 145422.000 159741.000 0 0 0.000 0.000 0.000 200000.000 0 1 0 200 0 0
 3866 126473.000 170216.000 0 0 0.000 0.000 0.000 200000.000 0 1 0 200 0 0
 3867 113365.000 174726.000 0 0 0.000 0.000 0.000 200000.000 0 1 0 200 0 0
 3868 110684.000 174976.000 0 0 0.000 0.000 0.000 200000.000 0 1 0 200 0 0
 3869 86825.000 174564.000 0 0 0.000 0.000 0.000 200000.000 0 1 0 200 0 0
 3870 71387.000 169313.000 0 0 0.000 0.000 0.000 200000.000 0 1 0 200 0 0
 3871 53157.000 159546.000 0 0 0.000 0.000 0.000 200000.000 0 1 0 200 0 0
 3872 41665.000 147961.000 0 0 0.000 0.000 0.000 0.202 0 1 0 0 0 0
 3873 40877.000 147085.000 0 0 0.000 0.000 0.000 200000.000 0 1 0 200 0 0
 3874 32693.000 134729.000 0 0 0.000 0.000 0.000 200000.000 0 1 0 200 0 0
 3875 24589.000 105981.000 0 0 0.000 0.000 0.000 0.204 0 1 0 0 0 0
 3876 175071.000 113207.000 0 0 0.000 0.000 0.000 0.204 0 1 0 0 0 0
 3877 170925.000 127632.000 0 0 0.000 0.000 0.000 200000.000 0 1 0 200 0 0
 3878 126628.000 171494.000 0 0 0.000 0.000 0.000 200000.000 0 1 0 200 0 0
 3879 98503.000 176024.000 0 0 0.000 0.000 0.000 200000.000 0 1 0 200 0 0
 3880 54169.000 160544.000 0 0 0.000 0.000 0.000 200000.000 0 1 0 200 0 0
 3881 54125.000 160511.000 0 0 0.000 0.000 0.000 200000.000 0 1 0 200 0 0
 3882 92249.000 24292.000 0 0 0.000 0.000 0.000 200000.000 0 1 0 200 0 0
 3883 36533.000 141447.000 0 0 0.000 0.000 0.000 0.263 0 1 0 0 0 0
 3884 28765.000 126226.000 0 0 0.000 0.000 0.000 200000.000 0 1 0 200 0 0
 3885 24272.000 94876.000 0 0 0.000 0.000 0.000 200000.000 0 1 0 200 0 0
 3886 24234.000 94818.000 0 0 0.000 0.000 0.000 200000.000 0 1 0 200 0 0
 3887 49929.000 42718.000 0 0 0.000 0.000 0.000 0.228 0 1 0 0 0 0
 3888 153304.000 154604.000 0 0 0.000 0.000 0.000 0.294 0 1 0 0 0 0
 3889 61018.000 34723.000 0 0 0.000 0.000 0.000 0.271 0 1 0 0 0 0
 3890 106633.000 24056.000 0 0 0.000 0.000 0.000 200000.000 0 1 0 200 0 0
 3891 106691.000 23970.000 0 0 0.000 0.000 0.000 200000.000 0 1 0 200 0 0
 3892 171394.000 124677.000 0 0 0.000 0.000 0.000 200000.000 0 1 0 200 0 0
 3893 153361.000 154653.000 0 0 0.000 0.000 0.000 200000.000 0 1 0 200 0 0
 3894 124940.000 171915.000 0 0 0.000 0.000 0.000 200000.000 0 1 0 200 0 0
 3895 105987.000 175994.000 0 0 0.000 0.000 0.000 200000.000 0 1 0 200 0 0
 3896 120350.000 173322.000 0 0 0.000 0.000 0.000 0.246 0 1 0 0 0 0
 3897 161637.000 143556.000 0 0 54.000 48.000 2592.000 50.911 0 1 53 200 0 0
 3898 147132.000 158835.000 0 0 0.000 0.000 0.000 200000.000 0 1 0 200 0 0
 3899 114459.000 173901.000 0 0 0.000 0.000 0.000 200000.000 0 1 0 200 0 0
 3900 23899.000 100644.000 0 0 0.000 0.000 0.000 200000.000 0 1 0 200 0 0
 3901 81689.000 173836.000 0 0 0.000 0.000 0.000 0.231 0 1 0 0 0 0
 3902 78820.000 172976.000 0 0 0.000 0.000 0.000 200000.000 0 1 0 200 0 0
 3903 55289.000 161572.000 0 0 0.000 0.000 0.000 0.221 0 1 0 0 0 0
 3904 56916.000 37232.000 0 0 0.000 0.000 0.000 0.125 0 1 0 0 0 0
 3905 173842.000 119882.000 0 0 0.000 0.000 0.000 200000.000 0 1 0 200 0 0
 3906 24182.000 106506.000 0 0 0.000 0.000 0.000 200000.000 0 1 0 200 0 0
 3907 23952.000 100695.000 0 0 0.000 0.000 0.000 200000.000 0 1 0 200 0 0
 3908 24127.000 93931.000 0 0 0.000 0.000 0.000 200000.000 0 1 0 200 0 0
 3909 24578.000 89695.000 0 0 0.000 0.000 0.000 200000.000 0 1 0 200 0 0
 3910 56395.000 37384.000 0 0 0.000 0.000 0.000 200000.000 0 1 0 200 0 0
 3911 153473.000 45343.000 0 0 0.000 0.000 0.000 200000.000 0 1 0 200 0 0
 3912 89565.000 174523.000 0 0 0.000 0.000 0.000 200000.000 0 1 0 200 0 0
 3913 54111.000 159673.000 0 0 0.000 0.000 0.000 200000.000 0 1 0 200 0 0
 3914 171136.000 71398.000 0 0 0.000 0.000 0.000 200000.000 0 1 0 200 0 0
 3915 175916.000 109238.000 0 0 0.000 0.000 0.000 0.210 0 1 0 0 0 0
 3916 174730.000 116133.000 0 0 0.000 0.000 0.000 0.203 0 1 0 0 0 0
 3917 166740.000 137476.000 0 0 0.000 0.000 0.000 0.229 0 1 0 0 0 0
 3918 158057.000 149681.000 0 0 0.000 0.000 0.000 0.204 0 1 0 0 0 0
 3919 138298.000 166124.000 0 0 0.000 0.000 0.000 0.412 0 1 0 0 0 0
 3920 134800.000 168304.000 0 0 0.000 0.000 0.000 200000.000 0 1 0 200 0 0
 3921 122294.000 173010.000 0 0 0.000 0.000 0.000 0.201 0 1 0 0 0 0
 3922 48958.000 156439.000 0 0 0.000 0.000 0.000 200000.000 0 1 0 200 0 0
 3923 82682.000 174151.000 0 0 0.000 0.000 0.000 0.212 0 1 0 0 0 0
 3924 54918.000 161528.000 0 0 0.000 0.000 0.000 200000.000 0 1 0 200 0 0
 3925 28310.000 125472.000 0 0 0.000 0.000 0.000 200000.000 0 1 0 200 0 0
 3926 31436.000 133361.000 0 0 0.000 0.000 0.000 200000.000 0 1 0 200 0 0
 3927 23962.000 96682.000 0 0 0.000 0.000 0.000 200000.000 0 1 0 200 0 0
 3928 31414.000 133314.000 0 0 0.000 0.000 0.000 200000.000 0 1 0 200 0 0
 3929 33320.000 63143.000 0 0 0.000 0.000 0.000 200000.000 0 1 0 200 0 0
 3930 37728.000 55469.000 0 0 0.000 0.000 0.000 200000.000 0 1 0 200 0 0
 3931 78465.000 26705.000 0 0 0.000 0.000 0.000 200000.000 0 1 0 200 0 0
 3932 69261.000 30107.000 0 0 0.000 0.000 0.000 0.218 0 1 0 0 0 0
 3933 80337.000 26142.000 0 0 0.000 0.000 0.000 200000.000 0 1 0 200 0 0
 3934 148809.000 40716.000 0 0 0.000 0.000 0.000 200000.000 0 1 0 200 0 0
 3935 125833.000 27754.000 0 0 0.000 0.000 0.000 200000.000 0 1 0 200 0 0
 3936 148676.000 40797.000 0 0 0.000 0.000 0.000 200000.000 0 1 0 200 0 0
 3937 156665.000 48145.000 0 0 0.000 0.000 0.000 200000.000 0 1 0 200 0 0
 3938 175180.000 114934.000 0 0 0.000 0.000 0.000 200000.000 0 1 0 200 0 0
 3939 169066.000 66327.000 0 0 0.000 0.000 0.000 200000.000 0 1 0 200 0 0
 3940 171260.000 71253.000 0 0 0.000 0.000 0.000 200000.000 0 1 0 200 0 0
 3941 176505.000 94810.000 0 0 0.000 0.000 0.000 0.263 0 1 0 0 0 0
 3942 130866.000 170341.000 0 0 0.000 0.000 0.000 200000.000 0 1 0 200 0 0
 3943 167392.000 136476.000 0 0 0.000 0.000 0.000 0.202 0 1 0 0 0 0
 3944 165286.000 140706.000 0 0 56.000 48.000 2688.000 51.845 0 1 50 200 0 0
 3945 164260.000 141690.000 0 0 54.000 48.000 2592.000 50.911 0 1 50 200 0 0
 3946 163310.000 143313.000 0 0 54.000 48.000 2592.000 50.911 0 1 56 200 0 0
 3947 153500.000 154992.000 0 0 0.000 0.000 0.000 200000.000 0 1 0 200 0 0
 3948 117618.000 174550.000 0 0 0.000 0.000 0.000 200000.000 0 1 0 200 0 0
 3949 82848.000 174561.000 0 0 0.000 0.000 0.000 200000.000 0 1 0 200 0 0
 3950 107674.000 176106.000 0 0 0.000 0.000 0.000 0.271 0 1 0 0 0 0
 3951 102622.000 176337.000 0 0 0.000 0.000 0.000 0.234 0 1 0 0 0 0
 3952 82928.000 174463.000 0 0 0.000 0.000 0.000 200000.000 0 1 0 200 0 0
 3953 71778.000 171085.000 0 0 0.000 0.000 0.000 200000.000 0 1 0 200 0 0
 3954 37481.000 56117.000 0 0 0.000 0.000 0.000 200000.000 0 1 0 200 0 0
 3955 42925.000 150790.000 0 0 0.000 0.000 0.000 200000.000 0 1 0 200 0 0
 3956 37659.000 143907.000 0 0 0.000 0.000 0.000 200000.000 0 1 0 200 0 0
 3957 115279.000 24846.000 0 0 0.000 0.000 0.000 200000.000 0 1 0 200 0 0
 3958 37796.000 55580.000 0 0 0.000 0.000 0.000 200000.000 0 1 0 200 0 0
 3959 49465.000 42190.000 0 0 0.000 0.000 0.000 200000.000 0 1 0 200 0 0
 3960 173500.000 122296.000 0 0 0.000 0.000 0.000 200000.000 0 1 0 200 0 0
 3961 169041.000 66278.000 0 0 0.000 0.000 0.000 200000.000 0 1 0 200 0 0
 3962 173701.000 122058.000 0 0 0.000 0.000 0.000 0.205 0 1 0 0 0 0
 3963 171899.000 127145.000 0 0 0.000 0.000 0.000 0.222 0 1 0 0 0 0
 3964 165170.000 140572.000 0 0 56.000 48.000 2688.000 51.845 0 1 50 200 0 0
 3965 168272.000 133731.000 0 0 0.000 0.000 0.000 200000.000 0 1 0 200 0 0
 3966 160838.000 146907.000 0 0 0.000 0.000 0.000 0.281 0 1 0 0 0 0
 3967 129476.000 170757.000 0 0 0.000 0.000 0.000 0.216 0 1 0 0 0 0
 3968 128183.000 171416.000 0 0 0.000 0.000 0.000 200000.000 0 1 0 200 0 0
 3969 117671.000 174537.000 0 0 0.000 0.000 0.000 200000.000 0 1 0 200 0 0
 3970 100915.000 175889.000 0 0 24.000 51.000 1224.000 34.985 0 1 106 200 0 0
 3971 71829.000 171105.000 0 0 0.000 0.000 0.000 200000.000 0 1 0 200 0 0
 3972 107626.000 23372.000 0 0 0.000 0.000 0.000 200000.000 0 1 0 200 0 0
 3973 59100.000 164797.000 0 0 0.000 0.000 0.000 200000.000 0 1 0 200 0 0
 3974 175364.000 84150.000 0 0 0.000 0.000 0.000 200000.000 0 1 0 200 0 0
 3975 54887.000 162137.000 0 0 0.000 0.000 0.000 200000.000 0 1 0 200 0 0
 3976 176297.000 111060.000 0 0 0.000 0.000 0.000 0.194 0 1 0 0 0 0
 3977 24866.000 84942.000 0 0 0.000 0.000 0.000 0.221 0 1 0 0 0 0
 3978 128142.000 171464.000 0 0 0.000 0.000 0.000 200000.000 0 1 0 200 0 0
 3979 170447.000 70861.000 0 0 0.000 0.000 0.000 200000.000 0 1 0 200 0 0
 3980 171585.000 126151.000 0 0 0.000 0.000 0.000 200000.000 0 1 0 200 0 0
 3981 164658.000 141892.000 0 0 54.000 48.000 2592.000 50.911 0 1 50 200 0 0
 3982 149484.000 158897.000 0 0 0.000 0.000 0.000 0.268 0 1 0 0 0 0
 3983 149297.000 159035.000 0 0 0.000 0.000 0.000 0.265 0 1 0 0 0 0
 3984 148670.000 159489.000 0 0 0.000 0.000 0.000 0.208 0 1 0 0 0 0
 3985 147854.000 160268.000 0 0 0.000 0.000 0.000 0.297 0 1 0 0 0 0
 3986 143075.000 163638.000 0 0 0.000 0.000 0.000 0.203 0 1 0 0 0 0
 3987 142997.000 163739.000 0 0 0.000 0.000 0.000 0.241 0 1 0 0 0 0
 3988 130809.000 170526.000 0 0 0.000 0.000 0.000 0.216 0 1 0 0 0 0
 3989 114962.000 175421.000 0 0 0.000 0.000 0.000 0.241 0 1 0 0 0 0
 3990 97222.000 175899.000 0 0 0.000 0.000 0.000 200000.000 0 1 0 200 0 0
 3991 80335.000 174247.000 0 0 0.000 0.000 0.000 0.236 0 1 0 0 0 0
 3992 26378.000 121730.000 0 0 0.000 0.000 0.000 200000.000 0 1 0 200 0 0
 3993 26553.000 121732.000 0 0 0.000 0.000 0.000 200000.000 0 1 0 200 0 0
 3994 56823.000 36467.000 0 0 0.000 0.000 0.000 200000.000 0 1 0 200 0 0
 3995 62451.000 32764.000 0 0 0.000 0.000 0.000 200000.000 0 1 0 200 0 0
 3996 143348.000 36135.000 0 0 0.000 0.000 0.000 0.177 0 1 0 0 0 0
 3997 81538.000 25178.000 0 0 0.000 0.000 0.000 0.224 0 1 0 0 0 0
 3998 170791.000 69275.000 0 0 0.000 0.000 0.000 200000.000 0 1 0 200 0 0
 3999 159454.000 149057.000 0 0 0.000 0.000 0.000 200000.000 0 1 0 200 0 0
 4000 133700.000 169313.000 0 0 0.000 0.000 0.000 0.210 0 1 0 0 0 0
 4001 132442.000 169823.000 0 0 0.000 0.000 0.000 0.260 0 1 0 0 0 0
 4002 92939.000 176720.000 0 0 0.000 0.000 0.000 200000.000 0 1 0 200 0 0
 4003 91371.000 176529.000 0 0 0.000 0.000 0.000 200000.000 0 1 0 200 0 0
 4004 57869.000 164257.000 0 0 0.000 0.000 0.000 200000.000 0 1 0 200 0 0
 4005 27758.000 73329.000 0 0 0.000 0.000 0.000 200000.000 0 1 0 200 0 0
 4006 171401.000 70163.000 0 0 0.000 0.000 0.000 0.126 0 1 0 0 0 0
 4007 64270.000 31580.000 0 0 0.000 0.000 0.000 200000.000 0 1 0 200 0 0
 4008 163865.000 142280.000 0 0 54.000 48.000 2592.000 50.911 0 1 50 200 0 0
 4009 67284.000 30076.000 0 0 0.000 0.000 0.000 200000.000 0 1 0 200 0 0
 4010 126538.000 27466.000 0 0 0.000 0.000 0.000 200000.000 0 1 0 200 0 0
 4011 174363.000 118737.000 0 0 0.000 0.000 0.000 200000.000 0 1 0 200 0 0
 4012 164524.000 141112.000 0 0 56.000 48.000 2688.000 51.845 0 1 50 200 0 0
 4013 161285.000 147038.000 0 0 0.000 0.000 0.000 0.251 0 1 0 0 0 0
 4014 160706.000 147757.000 0 0 0.000 0.000 0.000 0.200 0 1 0 0 0 0
 4015 160210.000 148412.000 0 0 0.000 0.000 0.000 0.218 0 1 0 0 0 0
 4016 155960.000 153285.000 0 0 0.000 0.000 0.000 0.214 0 1 0 0 0 0
 4017 147957.000 160727.000 0 0 0.000 0.000 0.000 200000.000 0 1 0 200 0 0
 4018 124161.000 173378.000 0 0 0.000 0.000 0.000 0.243 0 1 0 0 0 0
 4019 79112.000 174122.000 0 0 0.000 0.000 0.000 200000.000 0 1 0 200 0 0
 4020 91586.000 176676.000 0 0 0.000 0.000 0.000 0.211 0 1 0 0 0 0
 4021 79166.000 174137.000 0 0 0.000 0.000 0.000 200000.000 0 1 0 200 0 0
 4022 52611.000 39135.000 0 0 0.000 0.000 0.000 200000.000 0 1 0 200 0 0
 4023 50385.000 40726.000 0 0 0.000 0.000 0.000 200000.000 0 1 0 200 0 0
 4024 95633.000 22647.000 0 0 0.000 0.000 0.000 200000.000 0 1 0 200 0 0
 4025 101665.000 22666.000 0 0 0.000 0.000 0.000 0.279 0 1 0 0 0 0
 4026 146256.000 37651.000 0 0 0.000 0.000 0.000 200000.000 0 1 0 200 0 0
 4027 123964.000 26385.000 0 0 0.000 0.000 0.000 200000.000 0 1 0 200 0 0
 4028 146070.000 37620.000 0 0 0.000 0.000 0.000 0.289 0 1 0 0 0 0
 4029 159623.000 149657.000 0 0 0.000 0.000 0.000 200000.000 0 1 0 200 0 0
 4030 146152.000 37704.000 0 0 0.000 0.000 0.000 200000.000 0 1 0 200 0 0
 4031 169439.000 134268.000 0 0 0.000 0.000 0.000 0.351 0 1 0 0 0 0
 4032 165285.000 142287.000 0 0 54.000 48.000 2592.000 50.911 0 1 50 200 0 0
 4033 159530.000 149511.000 0 0 0.000 0.000 0.000 200000.000 0 1 0 200 0 0
 4034 140570.000 165962.000 0 0 48.000 56.000 2688.000 51.845 0 1 96 200 0 0
 4035 141184.000 164596.000 0 0 0.000 0.000 0.000 200000.000 0 1 0 200 0 0
 4036 140668.000 164926.000 0 0 0.000 0.000 0.000 200000.000 0 1 0 200 0 0
 4037 130881.000 170982.000 0 0 0.000 0.000 0.000 0.340 0 1 0 0 0 0
 4038 116448.000 175509.000 0 0 0.000 0.000 0.000 200000.000 0 1 0 200 0 0
 4039 95212.000 177150.000 0 0 0.000 0.000 0.000 0.208 0 1 0 0 0 0
 4040 46655.000 155921.000 0 0 0.000 0.000 0.000 200000.000 0 1 0 200 0 0
 4041 110361.000 175930.000 0 0 0.000 0.000 0.000 200000.000 0 1 0 200 0 0
 4042 26490.000 123813.000 0 0 0.000 0.000 0.000 200000.000 0 1 0 200 0 0
 4043 90421.000 175945.000 0 0 0.000 0.000 0.000 200000.000 0 1 0 200 0 0
 4044 56778.000 35730.000 0 0 0.000 0.000 0.000 0.127 0 1 0 0 0 0
 4045 82604.000 174534.000 0 0 0.000 0.000 0.000 200000.000 0 1 0 200 0 0
 4046 75248.000 172279.000 0 0 0.000 0.000 0.000 200000.000 0 1 0 200 0 0
 4047 135887.000 31193.000 0 0 0.000 0.000 0.000 200000.000 0 1 0 200 0 0
 4048 46772.000 155874.000 0 0 0.000 0.000 0.000 200000.000 0 1 0 200 0 0
 4049 28298.000 128385.000 0 0 0.000 0.000 0.000 200000.000 0 1 0 200 0 0
 4050 26658.000 123808.000 0 0 0.000 0.000 0.000 200000.000 0 1 0 200 0 0
 4051 45165.000 45379.000 0 0 0.000 0.000 0.000 0.222 0 1 0 0 0 0
 4052 68421.000 29176.000 0 0 0.000 0.000 0.000 200000.000 0 1 0 200 0 0
 4053 173172.000 73390.000 0 0 0.000 0.000 0.000 200000.000 0 1 0 200 0 0
 4054 176785.000 104162.000 0 0 0.000 0.000 0.000 200000.000 0 1 0 200 0 0
 4055 176043.000 111036.000 0 0 0.000 0.000 0.000 200000.000 0 1 0 200 0 0
 4056 163975.000 144151.000 0 0 54.000 48.000 2592.000 50.911 0 1 56 200 0 0
 4057 159817.000 149682.000 0 0 0.000 0.000 0.000 200000.000 0 1 0 200 0 0
 4058 150745.000 158793.000 0 0 0.000 0.000 0.000 0.207 0 1 0 0 0 0
 4059 143961.000 163870.000 0 0 0.000 0.000 0.000 200000.000 0 1 0 200 0 0
 4060 139196.000 166866.000 0 0 0.000 0.000 0.000 0.314 0 1 0 0 0 0
 4061 136015.000 168680.000 0 0 0.000 0.000 0.000 0.265 0 1 0 0 0 0
 4062 135941.000 168864.000 0 0 0.000 0.000 0.000 200000.000 0 1 0 200 0 0
 4063 133528.000 170062.000 0 0 0.000 0.000 0.000 200000.000 0 1 0 200 0 0
 4064 127194.000 172601.000 0 0 0.000 0.000 0.000 0.252 0 1 0 0 0 0
 4065 126696.000 172711.000 0 0 0.000 0.000 0.000 0.204 0 1 0 0 0 0
 4066 122505.000 174146.000 0 0 0.000 0.000 0.000 0.363 0 1 0 0 0 0
 4067 72983.000 172463.000 0 0 0.000 0.000 0.000 200000.000 0 1 0 200 0 0
 4068 103426.000 177328.000 0 0 0.000 0.000 0.000 0.216 0 1 0 0 0 0
 4069 42668.000 152069.000 0 0 0.000 0.000 0.000 200000.000 0 1 0 200 0 0
 4070 116038.000 23960.000 0 0 0.000 0.000 0.000 200000.000 0 1 0 200 0 0
 4071 98782.000 22353.000 0 0 0.000 0.000 0.000 200000.000 0 1 0 200 0 0
 4072 121397.000 25273.000 0 0 0.000 0.000 0.000 200000.000 0 1 0 200 0 0
 4073 114720.000 23666.000 0 0 0.000 0.000 0.000 0.238 0 1 0 0 0 0
 4074 122299.000 25357.000 0 0 0.000 0.000 0.000 200000.000 0 1 0 200 0 0
 4075 122208.000 25468.000 0 0 0.000 0.000 0.000 200000.000 0 1 0 200 0 0
 4076 143667.000 35616.000 0 0 0.000 0.000 0.000 200000.000 0 1 0 200 0 0
 4077 148076.000 38660.000 0 0 0.000 0.000 0.000 200000.000 0 1 0 200 0 0
 4078 148140.000 38658.000 0 0 0.000 0.000 0.000 200000.000 0 1 0 200 0 0
 4079 169072.000 64064.000 0 0 0.000 0.000 0.000 0.231 0 1 0 0 0 0
 4080 177934.000 96165.000 0 0 0.000 0.000 0.000 200000.000 0 1 0 200 0 0
 4081 177819.000 96118.000 0 0 0.000 0.000 0.000 200000.000 0 1 0 200 0 0
 4082 176813.000 113623.000 0 0 0.000 0.000 0.000 200000.000 0 1 0 200 0 0
 4083 163605.000 143387.000 0 0 54.000 48.000 2592.000 50.911 0 1 56 200 0 0
 4084 145935.000 162821.000 0 0 0.000 0.000 0.000 0.215 0 1 0 0 0 0
 4085 141318.000 165821.000 0 0 48.000 56.000 2688.000 51.845 0 1 96 200 0 0
 4086 129020.000 172193.000 0 0 0.000 0.000 0.000 0.226 0 1 0 0 0 0
 4087 38938.000 147910.000 0 0 0.000 0.000 0.000 200000.000 0 1 0 200 0 0
 4088 117951.000 175522.000 0 0 0.000 0.000 0.000 0.299 0 1 0 0 0 0
 4089 53248.000 161978.000 0 0 50.000 54.000 2700.000 51.961 0 1 92 200 0 0
 4090 53201.000 161836.000 0 0 50.000 54.000 2700.000 51.961 0 1 92 200 0 0
 4091 39056.000 147885.000 0 0 0.000 0.000 0.000 200000.000 0 1 0 200 0 0
 4092 33197.000 139502.000 0 0 0.000 0.000 0.000 200000.000 0 1 0 200 0 0
 4093 50722.000 158790.000 0 0 0.000 0.000 0.000 200000.000 0 1 0 200 0 0
 4094 50066.000 158383.000 0 0 0.000 0.000 0.000 200000.000 0 1 0 200 0 0
 4095 84700.000 23743.000 0 0 0.000 0.000 0.000 200000.000 0 1 0 200 0 0
 4096 105564.000 22350.000 0 0 0.000 0.000 0.000 200000.000 0 1 0 200 0 0
 4097 156561.000 46169.000 0 0 0.000 0.000 0.000 0.209 0 1 0 0 0 0
 4098 172019.000 69642.000 0 0 0.000 0.000 0.000 0.240 0 1 0 0 0 0
 4099 172865.000 127652.000 0 0 0.000 0.000 0.000 0.383 0 1 0 0 0 0
 4100 166431.000 140870.000 0 0 0.000 0.000 0.000 0.224 0 1 0 0 0 0
 4101 162503.000 146564.000 0 0 0.000 0.000 0.000 0.205 0 1 0 0 0 0
 4102 159121.000 150977.000 0 0 0.000 0.000 0.000 0.229 0 1 0 0 0 0
 4103 158320.000 150700.000 0 0 0.000 0.000 0.000 200000.000 0 1 0 200 0 0
 4104 140414.000 166602.000 0 0 46.000 56.000 2576.000 50.754 0 1 96 200 0 0
 4105 140273.000 166539.000 0 0 46.000 56.000 2576.000 50.754 0 1 96 200 0 0
 4106 88846.000 176957.000 0 0 30.000 52.000 1560.000 39.496 0 1 109 200 0 0
 4107 59824.000 166645.000 0 0 0.000 0.000 0.000 200000.000 0 1 0 200 0 0
 4108 88195.000 176913.000 0 0 30.000 52.000 1560.000 39.496 0 1 109 200 0 0
 4109 88129.000 176971.000 0 0 30.000 52.000 1560.000 39.496 0 1 109 200 0 0
 4110 75306.000 173790.000 0 0 0.000 0.000 0.000 0.214 0 1 0 0 0 0
 4111 55425.000 36300.000 0 0 0.000 0.000 0.000 0.128 0 1 0 0 0 0
 4112 59947.000 166543.000 0 0 0.000 0.000 0.000 200000.000 0 1 0 200 0 0
 4113 33221.000 139548.000 0 0 0.000 0.000 0.000 200000.000 0 1 0 200 0 0
 4114 32911.000 138960.000 0 0 0.000 0.000 0.000 0.465 0 1 0 0 0 0
 4115 23539.000 86494.000 0 0 0.000 0.000 0.000 0.233 0 1 0 0 0 0
 4116 155556.000 154865.000 0 0 52.000 52.000 2704.000 52.000 0 1 82 200 0 0
 4117 30767.000 64613.000 0 0 0.000 0.000 0.000 0.488 0 1 0 0 0 0
 4118 31139.000 64132.000 0 0 0.000 0.000 0.000 0.435 0 1 0 0 0 0
 4119 44642.000 45114.000 0 0 0.000 0.000 0.000 200000.000 0 1 0 200 0 0
 4120 68433.000 28821.000 0 0 0.000 0.000 0.000 0.206 0 1 0 0 0 0
 4121 71965.000 171568.000 0 0 0.000 0.000 0.000 200000.000 0 1 0 200 0 0
 4122 101770.000 21843.000 0 0 0.000 0.000 0.000 200000.000 0 1 0 200 0 0
 4123 138908.000 32194.000 0 0 0.000 0.000 0.000 0.216 0 1 0 0 0 0
 4124 140217.000 32823.000 0 0 0.000 0.000 0.000 200000.000 0 1 0 200 0 0
 4125 169690.000 64627.000 0 0 0.000 0.000 0.000 0.204 0 1 0 0 0 0
 4126 175717.000 79831.000 0 0 0.000 0.000 0.000 0.222 0 1 0 0 0 0
 4127 176970.000 113704.000 0 0 0.000 0.000 0.000 200000.000 0 1 0 200 0 0
 4128 174837.000 119843.000 0 0 0.000 0.000 0.000 200000.000 0 1 0 200 0 0
 4129 164579.000 144556.000 0 0 54.000 48.000 2592.000 50.911 0 1 56 200 0 0
 4130 155148.000 155398.000 0 0 52.000 52.000 2704.000 52.000 0 1 82 200 0 0
 4131 143604.000 164799.000 0 0 0.000 0.000 0.000 0.404 0 1 0 0 0 0
 4132 142746.000 165436.000 0 0 0.000 0.000 0.000 0.211 0 1 0 0 0 0
 4133 140705.000 166562.000 0 0 48.000 56.000 2688.000 51.845 0 1 96 200 0 0
 4134 138192.000 168115.000 0 0 0.000 0.000 0.000 0.212 0 1 0 0 0 0
 4135 136337.000 168130.000 0 0 0.000 0.000 0.000 200000.000 0 1 0 200 0 0
 4136 123372.000 174395.000 0 0 0.000 0.000 0.000 200000.000 0 1 0 200 0 0
 4137 121317.000 175027.000 0 0 0.000 0.000 0.000 0.208 0 1 0 0 0 0
 4138 103731.000 177833.000 0 0 0.000 0.000 0.000 200000.000 0 1 0 200 0 0
 4139 113292.000 176799.000 0 0 0.000 0.000 0.000 200000.000 0 1 0 200 0 0
 4140 89266.000 177484.000 0 0 30.000 52.000 1560.000 39.496 0 1 109 200 0 0
 4141 97512.000 177929.000 0 0 0.000 0.000 0.000 0.345 0 1 0 0 0 0
 4142 96931.000 177866.000 0 0 0.000 0.000 0.000 0.222 0 1 0 0 0 0
 4143 69854.000 171786.000 0 0 0.000 0.000 0.000 0.208 0 1 0 0 0 0
 4144 43997.000 154192.000 0 0 0.000 0.000 0.000 200000.000 0 1 0 200 0 0
 4145 43938.000 154175.000 0 0 0.000 0.000 0.000 200000.000 0 1 0 200 0 0
 4146 29643.000 133159.000 0 0 0.000 0.000 0.000 200000.000 0 1 0 200 0 0
 4147 120059.000 24380.000 0 0 0.000 0.000 0.000 200000.000 0 1 0 200 0 0
 4148 25877.000 75646.000 0 0 0.000 0.000 0.000 200000.000 0 1 0 200 0 0
 4149 157419.000 46706.000 0 0 0.000 0.000 0.000 200000.000 0 1 0 200 0 0
 4150 31332.000 62884.000 0 0 0.000 0.000 0.000 200000.000 0 1 0 200 0 0
 4151 36555.000 54478.000 0 0 0.000 0.000 0.000 200000.000 0 1 0 200 0 0
 4152 172625.000 70549.000 0 0 0.000 0.000 0.000 200000.000 0 1 0 200 0 0
 4153 127022.000 26376.000 0 0 0.000 0.000 0.000 200000.000 0 1 0 200 0 0
 4154 160007.000 49601.000 0 0 0.000 0.000 0.000 200000.000 0 1 0 200 0 0
 4155 178095.000 93455.000 0 0 0.000 0.000 0.000 200000.000 0 1 0 200 0 0
 4156 81421.000 24799.000 0 0 0.000 0.000 0.000 200000.000 0 1 0 200 0 0
 4157 177346.000 113539.000 0 0 0.000 0.000 0.000 200000.000 0 1 0 200 0 0
 4158 176372.000 81661.000 0 0 0.000 0.000 0.000 200000.000 0 1 0 200 0 0
 4159 173352.000 127621.000 0 0 0.000 0.000 0.000 0.360 0 1 0 0 0 0
 4160 171238.000 132461.000 0 0 0.000 0.000 0.000 0.200 0 1 0 0 0 0
 4161 162873.000 146575.000 0 0 0.000 0.000 0.000 0.295 0 1 0 0 0 0
 4162 164300.000 143314.000 0 0 54.000 46.000 2484.000 49.839 0 1 56 200 0 0
 4163 144585.000 164311.000 0 0 0.000 0.000 0.000 0.301 0 1 0 0 0 0
 4164 125191.000 174164.000 0 0 40.000 54.000 2160.000 46.475 0 1 105 200 0 0
 4165 124619.000 174277.000 0 0 38.000 54.000 2052.000 45.299 0 1 105 200 0 0
 4166 124592.000 174361.000 0 0 38.000 54.000 2052.000 45.299 0 1 105 200 0 0
 4167 49401.000 159320.000 0 0 0.000 0.000 0.000 200000.000 0 1 0 200 0 0
 4168 92811.000 177870.000 0 0 0.000 0.000 0.000 200000.000 0 1 0 200 0 0
 4169 28882.000 132322.000 0 0 0.000 0.000 0.000 200000.000 0 1 0 200 0 0
 4170 92755.000 177898.000 0 0 0.000 0.000 0.000 200000.000 0 1 0 200 0 0
 4171 60534.000 167266.000 0 0 0.000 0.000 0.000 200000.000 0 1 0 200 0 0
 4172 52606.000 162073.000 0 0 50.000 54.000 2700.000 51.961 0 1 92 200 0 0
 4173 69041.000 28159.000 0 0 0.000 0.000 0.000 200000.000 0 1 0 200 0 0
 4174 106576.000 21865.000 0 0 0.000 0.000 0.000 200000.000 0 1 0 200 0 0
 4175 126956.000 26392.000 0 0 0.000 0.000 0.000 200000.000 0 1 0 200 0 0
 4176 132680.000 28502.000 0 0 0.000 0.000 0.000 200000.000 0 1 0 200 0 0
 4177 168350.000 61327.000 0 0 0.000 0.000 0.000 200000.000 0 1 0 200 0 0
 4178 176151.000 119117.000 0 0 0.000 0.000 0.000 200000.000 0 1 0 200 0 0
 4179 176001.000 120359.000 0 0 0.000 0.000 0.000 200000.000 0 1 0 200 0 0
 4180 129289.000 172839.000 0 0 0.000 0.000 0.000 200000.000 0 1 0 200 0 0
 4181 175333.000 80679.000 0 0 0.000 0.000 0.000 200000.000 0 1 0 200 0 0
 4182 167387.000 140168.000 0 0 0.000 0.000 0.000 0.203 0 1 0 0 0 0
 4183 153601.000 157229.000 0 0 0.000 0.000 0.000 0.247 0 1 0 0 0 0
 4184 152538.000 158412.000 0 0 0.000 0.000 0.000 0.217 0 1 0 0 0 0
 4185 148866.000 160322.000 0 0 0.000 0.000 0.000 200000.000 0 1 0 200 0 0
 4186 145623.000 163767.000 0 0 0.000 0.000 0.000 0.210 0 1 0 0 0 0
 4187 142560.000 164927.000 0 0 0.000 0.000 0.000 200000.000 0 1 0 200 0 0
 4188 132455.000 171305.000 0 0 0.000 0.000 0.000 0.462 0 1 0 0 0 0
 4189 88918.000 176680.000 0 0 30.000 52.000 1560.000 39.496 0 1 109 200 0 0
 4190 80750.000 175973.000 0 0 0.000 0.000 0.000 200000.000 0 1 0 200 0 0
 4191 75084.000 174473.000 0 0 0.000 0.000 0.000 200000.000 0 1 0 200 0 0
 4192 22068.000 105660.000 0 0 0.000 0.000 0.000 200000.000 0 1 0 200 0 0
 4193 23844.000 82315.000 0 0 0.000 0.000 0.000 0.211 0 1 0 0 0 0
 4194 45108.000 43928.000 0 0 0.000 0.000 0.000 200000.000 0 1 0 200 0 0
 4195 178351.000 92505.000 0 0 0.000 0.000 0.000 200000.000 0 1 0 200 0 0
 4196 169374.000 136933.000 0 0 0.000 0.000 0.000 0.206 0 1 0 0 0 0
 4197 106540.000 21614.000 0 0 0.000 0.000 0.000 0.434 0 1 0 0 0 0
 4198 163703.000 146375.000 0 0 0.000 0.000 0.000 200000.000 0 1 0 200 0 0
 4199 168012.000 60377.000 0 0 0.000 0.000 0.000 200000.000 0 1 0 200 0 0
 4200 176387.000 79645.000 0 0 0.000 0.000 0.000 200000.000 0 1 0 200 0 0
 4201 165359.000 143727.000 0 0 0.000 0.000 0.000 0.200 0 1 0 0 0 0
 4202 150193.000 159441.000 0 0 0.000 0.000 0.000 200000.000 0 1 0 200 0 0
 4203 134252.000 170847.000 0 0 0.000 0.000 0.000 200000.000 0 1 0 200 0 0
 4204 144460.000 164902.000 0 0 0.000 0.000 0.000 200000.000 0 1 0 200 0 0
 4205 139886.000 167746.000 0 0 0.000 0.000 0.000 0.294 0 1 0 0 0 0
 4206 99369.000 178590.000 0 0 0.000 0.000 0.000 200000.000 0 1 0 200 0 0
 4207 103456.000 177712.000 0 0 0.000 0.000 0.000 200000.000 0 1 0 200 0 0
 4208 26556.000 127114.000 0 0 0.000 0.000 0.000 200000.000 0 1 0 200 0 0
 4209 58918.000 166631.000 0 0 0.000 0.000 0.000 200000.000 0 1 0 200 0 0
 4210 87374.000 22395.000 0 0 0.000 0.000 0.000 200000.000 0 1 0 200 0 0
 4211 40604.000 151276.000 0 0 0.000 0.000 0.000 200000.000 0 1 0 200 0 0
 4212 72661.000 26237.000 0 0 0.000 0.000 0.000 0.357 0 1 0 0 0 0
 4213 155211.000 43479.000 0 0 0.000 0.000 0.000 200000.000 0 1 0 200 0 0
 4214 155253.000 43518.000 0 0 0.000 0.000 0.000 200000.000 0 1 0 200 0 0
 4215 174727.000 125223.000 0 0 0.000 0.000 0.000 0.205 0 1 0 0 0 0
 4216 175241.000 78527.000 0 0 0.000 0.000 0.000 200000.000 0 1 0 200 0 0
 4217 162503.000 148250.000 0 0 0.000 0.000 0.000 200000.000 0 1 0 200 0 0
 4218 155832.000 155745.000 0 0 52.000 52.000 2704.000 52.000 0 1 82 200 0 0
 4219 154528.000 155694.000 0 0 52.000 52.000 2704.000 52.000 0 1 82 200 0 0
 4220 141375.000 166909.000 0 0 48.000 56.000 2688.000 51.845 0 1 96 200 0 0
 4221 126100.000 174285.000 0 0 0.000 0.000 0.000 0.241 0 1 0 0 0 0
 4222 116270.000 177033.000 0 0 0.000 0.000 0.000 0.208 0 1 0 0 0 0
 4223 83640.000 176082.000 0 0 0.000 0.000 0.000 200000.000 0 1 0 200 0 0
 4224 80204.000 176183.000 0 0 0.000 0.000 0.000 200000.000 0 1 0 200 0 0
 4225 52172.000 162653.000 0 0 50.000 54.000 2700.000 51.961 0 1 92 200 0 0
 4226 47198.000 158284.000 0 0 0.000 0.000 0.000 200000.000 0 1 0 200 0 0
 4227 47159.000 158248.000 0 0 0.000 0.000 0.000 200000.000 0 1 0 200 0 0
 4228 65640.000 29168.000 0 0 0.000 0.000 0.000 200000.000 0 1 0 200 0 0
 4229 40641.000 151318.000 0 0 0.000 0.000 0.000 200000.000 0 1 0 200 0 0
 4230 79897.000 23829.000 0 0 0.000 0.000 0.000 200000.000 0 1 0 200 0 0
 4231 38364.000 148783.000 0 0 0.000 0.000 0.000 200000.000 0 1 0 200 0 0
 4232 38308.000 148759.000 0 0 0.000 0.000 0.000 200000.000 0 1 0 200 0 0
 4233 116831.000 22911.000 0 0 0.000 0.000 0.000 200000.000 0 1 0 200 0 0
 4234 156711.000 44733.000 0 0 0.000 0.000 0.000 200000.000 0 1 0 200 0 0
 4235 37451.000 52117.000 0 0 0.000 0.000 0.000 200000.000 0 1 0 200 0 0
 4236 176279.000 121273.000 0 0 0.000 0.000 0.000 200000.000 0 1 0 200 0 0
 4237 53315.000 36661.000 0 0 0.000 0.000 0.000 200000.000 0 1 0 200 0 0
 4238 83047.000 22901.000 0 0 0.000 0.000 0.000 200000.000 0 1 0 200 0 0
 4239 141620.000 167012.000 0 0 48.000 56.000 2688.000 51.845 0 1 96 200 0 0
 4240 149735.000 38605.000 0 0 0.000 0.000 0.000 0.333 0 1 0 0 0 0
 4241 156570.000 44797.000 0 0 0.000 0.000 0.000 200000.000 0 1 0 200 0 0
 4242 173739.000 128836.000 0 0 0.000 0.000 0.000 200000.000 0 1 0 200 0 0
 4243 175160.000 77607.000 0 0 0.000 0.000 0.000 200000.000 0 1 0 200 0 0
 4244 168471.000 139351.000 0 0 0.000 0.000 0.000 0.218 0 1 0 0 0 0
 4245 167799.000 140494.000 0 0 0.000 0.000 0.000 0.225 0 1 0 0 0 0
 4246 158671.000 152923.000 0 0 0.000 0.000 0.000 200000.000 0 1 0 200 0 0
 4247 158711.000 153031.000 0 0 0.000 0.000 0.000 200000.000 0 1 0 200 0 0
 4248 152043.000 159424.000 0 0 0.000 0.000 0.000 0.206 0 1 0 0 0 0
 4249 124229.000 175104.000 0 0 38.000 54.000 2052.000 45.299 0 1 105 200 0 0
 4250 148177.000 161304.000 0 0 0.000 0.000 0.000 200000.000 0 1 0 200 0 0
 4251 120450.000 176473.000 0 0 0.000 0.000 0.000 200000.000 0 1 0 200 0 0
 4252 100369.000 178847.000 0 0 0.000 0.000 0.000 0.482 0 1 0 0 0 0
 4253 85331.000 177447.000 0 0 0.000 0.000 0.000 0.209 0 1 0 0 0 0
 4254 28435.000 67202.000 0 0 0.000 0.000 0.000 200000.000 0 1 0 200 0 0
 4255 82511.000 176839.000 0 0 0.000 0.000 0.000 0.297 0 1 0 0 0 0
 4256 136172.000 169192.000 0 0 0.000 0.000 0.000 200000.000 0 1 0 200 0 0
 4257 127811.000 25760.000 0 0 0.000 0.000 0.000 200000.000 0 1 0 200 0 0
 4258 80480.000 175595.000 0 0 0.000 0.000 0.000 200000.000 0 1 0 200 0 0
 4259 176858.000 80793.000 0 0 0.000 0.000 0.000 200000.000 0 1 0 200 0 0
 4260 22745.000 115558.000 0 0 0.000 0.000 0.000 200000.000 0 1 0 200 0 0
 4261 161323.000 150269.000 0 0 54.000 50.000 2700.000 51.961 0 1 70 200 0 0
 4262 21233.000 102909.000 0 0 0.000 0.000 0.000 200000.000 0 1 0 200 0 0
 4263 77434.000 24395.000 0 0 0.000 0.000 0.000 0.205 0 1 0 0 0 0
 4264 127746.000 25785.000 0 0 0.000 0.000 0.000 200000.000 0 1 0 200 0 0
 4265 176763.000 80559.000 0 0 0.000 0.000 0.000 200000.000 0 1 0 200 0 0
 4266 179363.000 101057.000 0 0 0.000 0.000 0.000 0.221 0 1 0 0 0 0
 4267 96407.000 21722.000 0 0 0.000 0.000 0.000 200000.000 0 1 0 200 0 0
 4268 170065.000 64419.000 0 0 0.000 0.000 0.000 200000.000 0 1 0 200 0 0
 4269 165606.000 144474.000 0 0 0.000 0.000 0.000 0.209 0 1 0 0 0 0
 4270 157706.000 154172.000 0 0 0.000 0.000 0.000 0.240 0 1 0 0 0 0
 4271 149437.000 161759.000 0 0 0.000 0.000 0.000 0.213 0 1 0 0 0 0
 4272 141614.000 167264.000 0 0 48.000 56.000 2688.000 51.845 0 1 96 200 0 0
 4273 138280.000 169258.000 0 0 0.000 0.000 0.000 0.258 0 1 0 0 0 0
 4274 138100.000 168362.000 0 0 0.000 0.000 0.000 200000.000 0 1 0 200 0 0
 4275 120468.000 176332.000 0 0 0.000 0.000 0.000 200000.000 0 1 0 200 0 0
 4276 152045.000 158504.000 0 0 0.000 0.000 0.000 200000.000 0 1 0 200 0 0
 4277 65448.000 171067.000 0 0 0.000 0.000 0.000 200000.000 0 1 0 200 0 0
 4278 21634.000 108740.000 0 0 0.000 0.000 0.000 0.309 0 1 0 0 0 0
 4279 157208.000 45001.000 0 0 0.000 0.000 0.000 200000.000 0 1 0 200 0 0
 4280 21667.000 91134.000 0 0 0.000 0.000 0.000 0.204 0 1 0 0 0 0
 4281 170134.000 62449.000 0 0 0.000 0.000 0.000 200000.000 0 1 0 200 0 0
 4282 48475.000 39897.000 0 0 0.000 0.000 0.000 200000.000 0 1 0 200 0 0
 4283 137457.000 30100.000 0 0 0.000 0.000 0.000 0.380 0 1 0 0 0 0
 4284 169973.000 62478.000 0 0 0.000 0.000 0.000 200000.000 0 1 0 200 0 0
 4285 161110.000 150660.000 0 0 54.000 50.000 2700.000 51.961 0 1 70 200 0 0
 4286 155938.000 156251.000 0 0 52.000 52.000 2704.000 52.000 0 1 82 200 0 0
 4287 142530.000 166911.000 0 0 0.000 0.000 0.000 0.205 0 1 0 0 0 0
 4288 140389.000 168140.000 0 0 0.000 0.000 0.000 0.203 0 1 0 0 0 0
 4289 158213.000 152775.000 0 0 0.000 0.000 0.000 200000.000 0 1 0 200 0 0
 4290 142753.000 165801.000 0 0 0.000 0.000 0.000 200000.000 0 1 0 200 0 0
 4291 117403.000 177388.000 0 0 0.000 0.000 0.000 200000.000 0 1 0 200 0 0
 4292 109680.000 178570.000 0 0 30.000 52.000 1560.000 39.496 0 1 114 200 0 0
 4293 30261.000 137410.000 0 0 0.000 0.000 0.000 200000.000 0 1 0 200 0 0
 4294 21149.000 106929.000 0 0 0.000 0.000 0.000 200000.000 0 1 0 200 0 0
 4295 22781.000 82413.000 0 0 0.000 0.000 0.000 200000.000 0 1 0 200 0 0
 4296 78507.000 23507.000 0 0 0.000 0.000 0.000 200000.000 0 1 0 200 0 0
 4297 23494.000 80473.000 0 0 0.000 0.000 0.000 0.351 0 1 0 0 0 0
 4298 61218.000 30728.000 0 0 0.000 0.000 0.000 200000.000 0 1 0 200 0 0
 4299 179431.000 106762.000 0 0 0.000 0.000 0.000 200000.000 0 1 0 200 0 0
 4300 145594.000 34876.000 0 0 0.000 0.000 0.000 200000.000 0 1 0 200 0 0
 4301 172478.000 66957.000 0 0 0.000 0.000 0.000 200000.000 0 1 0 200 0 0
 4302 172566.000 66976.000 0 0 0.000 0.000 0.000 200000.000 0 1 0 200 0 0
 4303 159645.000 152497.000 0 0 0.000 0.000 0.000 200000.000 0 1 0 200 0 0
 4304 174017.000 70620.000 0 0 0.000 0.000 0.000 200000.000 0 1 0 200 0 0
 4305 150373.000 161627.000 0 0 0.000 0.000 0.000 200000.000 0 1 0 200 0 0
 4306 178814.000 111525.000 0 0 0.000 0.000 0.000 200000.000 0 1 0 200 0 0
 4307 141625.000 167608.000 0 0 48.000 56.000 2688.000 51.845 0 1 96 200 0 0
 4308 160354.000 151753.000 0 0 0.000 0.000 0.000 0.211 0 1 0 0 0 0
 4309 156382.000 156023.000 0 0 52.000 52.000 2704.000 52.000 0 1 82 200 0 0
 4310 153246.000 159141.000 0 0 0.000 0.000 0.000 0.237 0 1 0 0 0 0
 4311 150340.000 161506.000 0 0 0.000 0.000 0.000 200000.000 0 1 0 200 0 0
 4312 149030.000 162520.000 0 0 0.000 0.000 0.000 0.204 0 1 0 0 0 0
 4313 143552.000 166392.000 0 0 0.000 0.000 0.000 200000.000 0 1 0 200 0 0
 4314 133978.000 171745.000 0 0 0.000 0.000 0.000 0.238 0 1 0 0 0 0
 4315 170669.000 134721.000 0 0 0.000 0.000 0.000 200000.000 0 1 0 200 0 0
 4316 118697.000 177238.000 0 0 34.000 54.000 1836.000 42.848 0 1 110 200 0 0
 4317 38791.000 49596.000 0 0 0.000 0.000 0.000 200000.000 0 1 0 200 0 0
 4318 56407.000 166117.000 0 0 0.000 0.000 0.000 0.282 0 1 0 0 0 0
 4319 52309.000 162269.000 0 0 50.000 54.000 2700.000 51.961 0 1 92 200 0 0
 4320 22630.000 117289.000 0 0 0.000 0.000 0.000 200000.000 0 1 0 200 0 0
 4321 22582.000 117244.000 0 0 0.000 0.000 0.000 200000.000 0 1 0 200 0 0
 4322 67180.000 171233.000 0 0 0.000 0.000 0.000 200000.000 0 1 0 200 0 0
 4323 122228.000 23573.000 0 0 0.000 0.000 0.000 200000.000 0 1 0 200 0 0
 4324 154878.000 157822.000 0 0 0.000 0.000 0.000 0.217 0 1 0 0 0 0
 4325 154763.000 157867.000 0 0 0.000 0.000 0.000 0.232 0 1 0 0 0 0
 4326 137829.000 170003.000 0 0 0.000 0.000 0.000 0.378 0 1 0 0 0 0
 4327 131920.000 173033.000 0 0 0.000 0.000 0.000 200000.000 0 1 0 200 0 0
 4328 124128.000 175891.000 0 0 38.000 54.000 2052.000 45.299 0 1 105 200 0 0
 4329 108600.000 179072.000 0 0 28.000 52.000 1456.000 38.157 0 1 114 200 0 0
 4330 107282.000 179200.000 0 0 0.000 0.000 0.000 0.200 0 1 0 0 0 0
 4331 107154.000 179267.000 0 0 0.000 0.000 0.000 0.222 0 1 0 0 0 0
 4332 101067.000 179779.000 0 0 0.000 0.000 0.000 200000.000 0 1 0 200 0 0
 4333 43120.000 44482.000 0 0 0.000 0.000 0.000 200000.000 0 1 0 200 0 0
 4334 81007.000 177121.000 0 0 0.000 0.000 0.000 200000.000 0 1 0 200 0 0
 4335 76018.000 175690.000 0 0 0.000 0.000 0.000 200000.000 0 1 0 200 0 0
 4336 21564.000 111813.000 0 0 0.000 0.000 0.000 200000.000 0 1 0 200 0 0
 4337 20862.000 105675.000 0 0 0.000 0.000 0.000 0.298 0 1 0 0 0 0
 4338 42677.000 44697.000 0 0 0.000 0.000 0.000 200000.000 0 1 0 200 0 0
 4339 178141.000 117359.000 0 0 0.000 0.000 0.000 200000.000 0 1 0 200 0 0
 4340 59450.000 31459.000 0 0 0.000 0.000 0.000 0.441 0 1 0 0 0 0
 4341 177395.000 120414.000 0 0 0.000 0.000 0.000 200000.000 0 1 0 200 0 0
 4342 118343.000 22246.000 0 0 0.000 0.000 0.000 200000.000 0 1 0 200 0 0
 4343 118408.000 22219.000 0 0 0.000 0.000 0.000 200000.000 0 1 0 200 0 0
 4344 164744.000 52918.000 0 0 0.000 0.000 0.000 200000.000 0 1 0 200 0 0
 4345 92754.000 21398.000 0 0 0.000 0.000 0.000 200000.000 0 1 0 200 0 0
 4346 178032.000 117279.000 0 0 0.000 0.000 0.000 200000.000 0 1 0 200 0 0
 4347 176141.000 124198.000 0 0 0.000 0.000 0.000 0.261 0 1 0 0 0 0
 4348 167817.000 142326.000 0 0 0.000 0.000 0.000 0.205 0 1 0 0 0 0
 4349 162758.000 149577.000 0 0 0.000 0.000 0.000 200000.000 0 1 0 200 0 0
 4350 161410.000 151168.000 0 0 54.000 51.000 2754.000 52.478 0 1 70 200 0 0
 4351 145662.000 165383.000 0 0 0.000 0.000 0.000 0.202 0 1 0 0 0 0
 4352 140800.000 168666.000 0 0 46.000 56.000 2576.000 50.754 0 1 100 200 0 0
 4353 137772.000 170181.000 0 0 0.000 0.000 0.000 0.210 0 1 0 0 0 0
 4354 109240.000 179138.000 0 0 28.000 52.000 1456.000 38.157 0 1 114 200 0 0
 4355 88705.000 178950.000 0 0 0.000 0.000 0.000 200000.000 0 1 0 200 0 0
 4356 82847.000 177841.000 0 0 34.000 54.000 1836.000 42.848 0 1 112 210 0 0
 4357 38560.000 150455.000 0 0 0.000 0.000 0.000 0.258 0 1 0 0 0 0
 4358 24572.000 74714.000 0 0 0.000 0.000 0.000 200000.000 0 1 0 200 0 0
 4359 25471.000 128099.000 0 0 0.000 0.000 0.000 200000.000 0 1 0 200 0 0
 4360 128003.000 24924.000 0 0 0.000 0.000 0.000 200000.000 0 1 0 200 0 0
 4361 25281.000 127552.000 0 0 0.000 0.000 0.000 200000.000 0 1 0 200 0 0
 4362 148815.000 36386.000 0 0 0.000 0.000 0.000 200000.000 0 1 0 200 0 0
 4363 128893.000 173590.000 0 0 0.000 0.000 0.000 200000.000 0 1 0 200 0 0
 4364 22644.000 118993.000 0 0 0.000 0.000 0.000 200000.000 0 1 0 200 0 0
 4365 21095.000 110406.000 0 0 0.000 0.000 0.000 200000.000 0 1 0 200 0 0
 4366 21016.000 110363.000 0 0 0.000 0.000 0.000 200000.000 0 1 0 200 0 0
 4367 126754.000 24653.000 0 0 0.000 0.000 0.000 200000.000 0 1 0 200 0 0
 4368 127898.000 25056.000 0 0 0.000 0.000 0.000 200000.000 0 1 0 200 0 0
 4369 148670.000 36488.000 0 0 0.000 0.000 0.000 200000.000 0 1 0 200 0 0
 4370 161720.000 49064.000 0 0 0.000 0.000 0.000 0.309 0 1 0 0 0 0
 4371 161910.000 150618.000 0 0 54.000 50.000 2700.000 51.961 0 1 70 200 0 0
 4372 151897.000 160831.000 0 0 52.000 54.000 2808.000 52.990 0 1 91 200 0 0
 4373 148849.000 163404.000 0 0 0.000 0.000 0.000 0.220 0 1 0 0 0 0
 4374 147142.000 164562.000 0 0 0.000 0.000 0.000 0.462 0 1 0 0 0 0
 4375 179072.000 107319.000 0 0 0.000 0.000 0.000 200000.000 0 1 0 200 0 0
 4376 141196.000 168508.000 0 0 46.000 56.000 2576.000 50.754 0 1 100 200 0 0
 4377 140686.000 169160.000 0 0 46.000 56.000 2576.000 50.754 0 1 100 200 0 0
 4378 133130.000 172790.000 0 0 0.000 0.000 0.000 0.216 0 1 0 0 0 0
 4379 126236.000 175577.000 0 0 0.000 0.000 0.000 200000.000 0 1 0 200 0 0
 4380 126190.000 175619.000 0 0 0.000 0.000 0.000 200000.000 0 1 0 200 0 0
 4381 122165.000 176816.000 0 0 0.000 0.000 0.000 0.203 0 1 0 0 0 0
 4382 97847.000 179748.000 0 0 0.000 0.000 0.000 200000.000 0 1 0 200 0 0
 4383 109076.000 179358.000 0 0 28.000 52.000 1456.000 38.157 0 1 114 200 0 0
 4384 130758.000 173015.000 0 0 0.000 0.000 0.000 200000.000 0 1 0 200 0 0
 4385 78458.000 176941.000 0 0 0.000 0.000 0.000 200000.000 0 1 0 200 0 0
 4386 25490.000 128149.000 0 0 0.000 0.000 0.000 200000.000 0 1 0 200 0 0
 4387 60291.000 30553.000 0 0 0.000 0.000 0.000 200000.000 0 1 0 200 0 0
 4388 131521.000 26209.000 0 0 0.000 0.000 0.000 200000.000 0 1 0 200 0 0
 4389 131597.000 26168.000 0 0 0.000 0.000 0.000 200000.000 0 1 0 200 0 0
 4390 151582.000 38377.000 0 0 0.000 0.000 0.000 200000.000 0 1 0 200 0 0
 4391 154749.000 41350.000 0 0 0.000 0.000 0.000 200000.000 0 1 0 200 0 0
 4392 177727.000 79392.000 0 0 0.000 0.000 0.000 200000.000 0 1 0 200 0 0
 4393 159373.000 153996.000 0 0 0.000 0.000 0.000 0.284 0 1 0 0 0 0
 4394 145770.000 165707.000 0 0 0.000 0.000 0.000 0.203 0 1 0 0 0 0
 4395 131207.000 173655.000 0 0 0.000 0.000 0.000 0.385 0 1 0 0 0 0
 4396 124356.000 176580.000 0 0 38.000 54.000 2052.000 45.299 0 1 105 200 0 0
 4397 118868.000 177922.000 0 0 34.000 54.000 1836.000 42.848 0 1 110 200 0 0
 4398 76032.000 176393.000 0 0 0.000 0.000 0.000 200000.000 0 1 0 200 0 0
 4399 84669.000 178526.000 0 0 0.000 0.000 0.000 0.231 0 1 0 0 0 0
 4400 46000.000 42265.000 0 0 0.000 0.000 0.000 200000.000 0 1 0 200 0 0
 4401 37976.000 150297.000 0 0 0.000 0.000 0.000 0.327 0 1 0 0 0 0
 4402 20157.000 100430.000 0 0 0.000 0.000 0.000 200000.000 0 1 0 200 0 0
 4403 21048.000 88052.000 0 0 0.000 0.000 0.000 0.374 0 1 0 0 0 0
 4404 21286.000 86481.000 0 0 0.000 0.000 0.000 200000.000 0 1 0 200 0 0
 4405 137470.000 28758.000 0 0 0.000 0.000 0.000 200000.000 0 1 0 200 0 0
 4406 137355.000 28863.000 0 0 0.000 0.000 0.000 200000.000 0 1 0 200 0 0
 4407 156453.000 42552.000 0 0 0.000 0.000 0.000 200000.000 0 1 0 200 0 0
 4408 156296.000 42635.000 0 0 0.000 0.000 0.000 200000.000 0 1 0 200 0 0
 4409 173954.000 70815.000 0 0 0.000 0.000 0.000 200000.000 0 1 0 200 0 0
 4410 180386.000 104523.000 0 0 0.000 0.000 0.000 0.245 0 1 0 0 0 0
 4411 178667.000 117215.000 0 0 0.000 0.000 0.000 0.226 0 1 0 0 0 0
 4412 177364.000 122245.000 0 0 0.000 0.000 0.000 0.220 0 1 0 0 0 0
 4413 168541.000 142116.000 0 0 0.000 0.000 0.000 0.234 0 1 0 0 0 0
 4414 167531.000 143485.000 0 0 0.000 0.000 0.000 0.376 0 1 0 0 0 0
 4415 166232.000 145552.000 0 0 0.000 0.000 0.000 0.209 0 1 0 0 0 0
 4416 177689.000 81893.000 0 0 0.000 0.000 0.000 200000.000 0 1 0 200 0 0
 4417 154349.000 159322.000 0 0 50.000 54.000 2700.000 51.961 0 1 69 200 0 0
 4418 151404.000 161881.000 0 0 0.000 0.000 0.000 200000.000 0 1 0 200 0 0
 4419 146931.000 165320.000 0 0 0.000 0.000 0.000 200000.000 0 1 0 200 0 0
 4420 133475.000 172910.000 0 0 0.000 0.000 0.000 0.413 0 1 0 0 0 0
 4421 125853.000 175941.000 0 0 0.000 0.000 0.000 0.205 0 1 0 0 0 0
 4422 124049.000 176577.000 0 0 38.000 54.000 2052.000 45.299 0 1 105 200 0 0
 4423 119065.000 178050.000 0 0 34.000 54.000 1836.000 42.848 0 1 110 200 0 0
 4424 119091.000 177928.000 0 0 34.000 54.000 1836.000 42.848 0 1 110 200 0 0
 4425 107224.000 179987.000 0 0 0.000 0.000 0.000 200000.000 0 1 0 200 0 0
 4426 102670.000 180105.000 0 0 0.000 0.000 0.000 200000.000 0 1 0 200 0 0
 4427 82689.000 178533.000 0 0 34.000 54.000 1836.000 42.848 0 1 112 210 0 0
 4428 63409.000 171278.000 0 0 0.000 0.000 0.000 0.230 0 1 0 0 0 0
 4429 44982.000 41684.000 0 0 0.000 0.000 0.000 200000.000 0 1 0 200 0 0
 4430 47036.000 159926.000 0 0 0.000 0.000 0.000 0.252 0 1 0 0 0 0
 4431 32810.000 56366.000 0 0 0.000 0.000 0.000 200000.000 0 1 0 200 0 0
 4432 33381.000 55188.000 0 0 0.000 0.000 0.000 200000.000 0 1 0 200 0 0
 4433 109112.000 19937.000 0 0 0.000 0.000 0.000 200000.000 0 1 0 200 0 0
 4434 162549.000 150918.000 0 0 54.000 50.000 2700.000 51.961 0 1 70 200 0 0
 4435 120643.000 22138.000 0 0 0.000 0.000 0.000 200000.000 0 1 0 200 0 0
 4436 120711.000 22090.000 0 0 0.000 0.000 0.000 200000.000 0 1 0 200 0 0
 4437 158945.000 44853.000 0 0 0.000 0.000 0.000 200000.000 0 1 0 200 0 0
 4438 174975.000 72661.000 0 0 0.000 0.000 0.000 200000.000 0 1 0 200 0 0
 4439 163235.000 149847.000 0 0 0.000 0.000 0.000 0.200 0 1 0 0 0 0
 4440 152760.000 160751.000 0 0 52.000 52.000 2704.000 52.000 0 1 91 200 0 0
 4441 152277.000 161207.000 0 0 52.000 54.000 2808.000 52.990 0 1 91 200 0 0
 4442 145183.000 166539.000 0 0 0.000 0.000 0.000 0.204 0 1 0 0 0 0
 4443 143764.000 167459.000 0 0 48.000 54.000 2592.000 50.911 0 1 97 200 0 0
 4444 141822.000 168795.000 0 0 46.000 56.000 2576.000 50.754 0 1 100 200 0 0
 4445 136120.000 171813.000 0 0 0.000 0.000 0.000 0.212 0 1 0 0 0 0
 4446 71538.000 175005.000 0 0 0.000 0.000 0.000 200000.000 0 1 0 200 0 0
 4447 121565.000 177508.000 0 0 0.000 0.000 0.000 0.230 0 1 0 0 0 0
 4448 119557.000 177906.000 0 0 36.000 54.000 1944.000 44.090 0 1 110 200 0 0
 4449 64512.000 172121.000 0 0 0.000 0.000 0.000 200000.000 0 1 0 200 0 0
 4450 109703.000 179759.000 0 0 30.000 52.000 1560.000 39.496 0 1 114 200 0 0
 4451 95542.000 180283.000 0 0 0.000 0.000 0.000 0.217 0 1 0 0 0 0
 4452 68212.000 173835.000 0 0 0.000 0.000 0.000 200000.000 0 1 0 200 0 0
 4453 21269.000 84664.000 0 0 0.000 0.000 0.000 200000.000 0 1 0 200 0 0
 4454 64633.000 171991.000 0 0 0.000 0.000 0.000 200000.000 0 1 0 200 0 0
 4455 64458.000 171959.000 0 0 0.000 0.000 0.000 0.418 0 1 0 0 0 0
 4456 52647.000 164922.000 0 0 0.000 0.000 0.000 200000.000 0 1 0 200 0 0
 4457 120457.000 22024.000 0 0 0.000 0.000 0.000 200000.000 0 1 0 200 0 0
 4458 46307.000 159771.000 0 0 0.000 0.000 0.000 200000.000 0 1 0 200 0 0
 4459 21376.000 115579.000 0 0 0.000 0.000 0.000 0.237 0 1 0 0 0 0
 4460 28853.000 62478.000 0 0 0.000 0.000 0.000 200000.000 0 1 0 200 0 0
 4461 69351.000 25441.000 0 0 0.000 0.000 0.000 200000.000 0 1 0 200 0 0
 4462 112298.000 20307.000 0 0 0.000 0.000 0.000 0.319 0 1 0 0 0 0
 4463 150551.000 36878.000 0 0 0.000 0.000 0.000 200000.000 0 1 0 200 0 0
 4464 163364.000 49977.000 0 0 0.000 0.000 0.000 200000.000 0 1 0 200 0 0
 4465 180622.000 93791.000 0 0 0.000 0.000 0.000 0.220 0 1 0 0 0 0
 4466 176294.000 126854.000 0 0 0.000 0.000 0.000 200000.000 0 1 0 200 0 0
 4467 161759.000 151970.000 0 0 0.000 0.000 0.000 0.221 0 1 0 0 0 0
 4468 141069.000 169440.000 0 0 46.000 56.000 2576.000 50.754 0 1 100 200 0 0
 4469 131340.000 174261.000 0 0 0.000 0.000 0.000 0.412 0 1 0 0 0 0
 4470 130870.000 174550.000 0 0 0.000 0.000 0.000 200000.000 0 1 0 200 0 0
 4471 116049.000 178838.000 0 0 0.000 0.000 0.000 0.277 0 1 0 0 0 0
 4472 110250.000 180005.000 0 0 30.000 52.000 1560.000 39.496 0 1 114 200 0 0
 4473 95385.000 180452.000 0 0 0.000 0.000 0.000 0.208 0 1 0 0 0 0
 4474 77319.000 177150.000 0 0 0.000 0.000 0.000 200000.000 0 1 0 200 0 0
 4475 173411.000 65561.000 0 0 0.000 0.000 0.000 200000.000 0 1 0 200 0 0
 4476 85311.000 178424.000 0 0 0.000 0.000 0.000 200000.000 0 1 0 200 0 0
 4477 177202.000 75745.000 0 0 0.000 0.000 0.000 200000.000 0 1 0 200 0 0
 4478 176406.000 127046.000 0 0 0.000 0.000 0.000 200000.000 0 1 0 200 0 0
 4479 19768.000 96102.000 0 0 0.000 0.000 0.000 0.298 0 1 0 0 0 0
 4480 162295.000 151763.000 0 0 0.000 0.000 0.000 200000.000 0 1 0 200 0 0
 4481 93354.000 19416.000 0 0 0.000 0.000 0.000 200000.000 0 1 0 200 0 0
 4482 149706.000 163676.000 0 0 0.000 0.000 0.000 200000.000 0 1 0 200 0 0
 4483 119612.000 21459.000 0 0 0.000 0.000 0.000 200000.000 0 1 0 200 0 0
 4484 173235.000 65587.000 0 0 0.000 0.000 0.000 200000.000 0 1 0 200 0 0
 4485 179140.000 82313.000 0 0 0.000 0.000 0.000 200000.000 0 1 0 200 0 0
 4486 160689.000 47480.000 0 0 0.000 0.000 0.000 200000.000 0 1 0 200 0 0
 4487 176312.000 126955.000 0 0 0.000 0.000 0.000 200000.000 0 1 0 200 0 0
 4488 173631.000 133464.000 0 0 0.000 0.000 0.000 0.286 0 1 0 0 0 0
 4489 161187.000 152957.000 0 0 0.000 0.000 0.000 0.214 0 1 0 0 0 0
 4490 157377.000 156914.000 0 0 0.000 0.000 0.000 0.206 0 1 0 0 0 0
 4491 155717.000 158581.000 0 0 52.000 54.000 2808.000 52.990 0 1 69 200 0 0
 4492 152283.000 161556.000 0 0 52.000 54.000 2808.000 52.990 0 1 91 200 0 0
 4493 148269.000 164784.000 0 0 48.000 56.000 2688.000 51.845 0 1 69 200 0 0
 4494 143955.000 167821.000 0 0 48.000 54.000 2592.000 50.911 0 1 97 200 0 0
 4495 141624.000 169254.000 0 0 46.000 56.000 2576.000 50.754 0 1 100 200 0 0
 4496 142172.000 167918.000 0 0 48.000 56.000 2688.000 51.845 0 1 96 200 0 0
 4497 138379.000 171006.000 0 0 0.000 0.000 0.000 0.202 0 1 0 0 0 0
 4498 137014.000 171707.000 0 0 0.000 0.000 0.000 0.203 0 1 0 0 0 0
 4499 125080.000 176750.000 0 0 38.000 54.000 2052.000 45.299 0 1 105 200 0 0
 4500 82468.000 178775.000 0 0 34.000 54.000 1836.000 42.848 0 1 112 210 0 0
 4501 33887.000 146227.000 0 0 0.000 0.000 0.000 200000.000 0 1 0 200 0 0
 4502 21210.000 116532.000 0 0 0.000 0.000 0.000 200000.000 0 1 0 200 0 0
 4503 34025.000 146197.000 0 0 0.000 0.000 0.000 200000.000 0 1 0 200 0 0
 4504 21053.000 116612.000 0 0 0.000 0.000 0.000 200000.000 0 1 0 200 0 0
 4505 108768.000 19387.000 0 0 0.000 0.000 0.000 200000.000 0 1 0 200 0 0
 4506 140663.000 169959.000 0 0 46.000 56.000 2576.000 50.754 0 1 100 200 0 0
 4507 143688.000 31759.000 0 0 0.000 0.000 0.000 200000.000 0 1 0 200 0 0
 4508 21071.000 91255.000 0 0 0.000 0.000 0.000 200000.000 0 1 0 200 0 0
 4509 149492.000 35833.000 0 0 0.000 0.000 0.000 200000.000 0 1 0 200 0 0
 4510 23226.000 120888.000 0 0 0.000 0.000 0.000 200000.000 0 1 0 200 0 0
 4511 178613.000 79419.000 0 0 0.000 0.000 0.000 200000.000 0 1 0 200 0 0
 4512 180992.000 95913.000 0 0 0.000 0.000 0.000 200000.000 0 1 0 200 0 0
 4513 171238.000 138614.000 0 0 0.000 0.000 0.000 0.201 0 1 0 0 0 0
 4514 166223.000 146915.000 0 0 0.000 0.000 0.000 200000.000 0 1 0 200 0 0
 4515 162004.000 152055.000 0 0 0.000 0.000 0.000 0.306 0 1 0 0 0 0
 4516 157396.000 157306.000 0 0 0.000 0.000 0.000 0.212 0 1 0 0 0 0
 4517 153635.000 160733.000 0 0 50.000 52.000 2600.000 50.990 0 1 91 200 0 0
 4518 152963.000 161194.000 0 0 52.000 52.000 2704.000 52.000 0 1 91 200 0 0
 4519 141528.000 169427.000 0 0 46.000 56.000 2576.000 50.754 0 1 100 200 0 0
 4520 140532.000 170182.000 0 0 46.000 56.000 2576.000 50.754 0 1 100 200 0 0
 4521 140168.000 170328.000 0 0 46.000 54.000 2484.000 49.839 0 1 100 200 0 0
 4522 137577.000 171693.000 0 0 0.000 0.000 0.000 0.204 0 1 0 0 0 0
 4523 122346.000 177748.000 0 0 0.000 0.000 0.000 0.208 0 1 0 0 0 0
 4524 105755.000 180698.000 0 0 0.000 0.000 0.000 0.298 0 1 0 0 0 0
 4525 38952.000 153002.000 0 0 52.000 52.000 2704.000 52.000 0 1 74 200 0 0
 4526 95507.000 181008.000 0 0 0.000 0.000 0.000 200000.000 0 1 0 200 0 0
 4527 38504.000 152480.000 0 0 54.000 52.000 2808.000 52.990 0 1 74 200 0 0
 4528 92370.000 180376.000 0 0 0.000 0.000 0.000 0.204 0 1 0 0 0 0
 4529 165881.000 146001.000 0 0 0.000 0.000 0.000 200000.000 0 1 0 200 0 0
 4530 19406.000 103949.000 0 0 0.000 0.000 0.000 200000.000 0 1 0 200 0 0
 4531 141022.000 169012.000 0 0 46.000 56.000 2576.000 50.754 0 1 100 200 0 0
 4532 39113.000 152928.000 0 0 52.000 52.000 2704.000 52.000 0 1 74 200 0 0
 4533 38653.000 152419.000 0 0 54.000 52.000 2808.000 52.990 0 1 74 200 0 0
 4534 20767.000 84946.000 0 0 0.000 0.000 0.000 0.398 0 1 0 0 0 0
 4535 136034.000 172817.000 0 0 0.000 0.000 0.000 200000.000 0 1 0 200 0 0
 4536 73890.000 23355.000 0 0 0.000 0.000 0.000 200000.000 0 1 0 200 0 0
 4537 105034.000 18968.000 0 0 0.000 0.000 0.000 200000.000 0 1 0 200 0 0
 4538 105091.000 18913.000 0 0 0.000 0.000 0.000 200000.000 0 1 0 200 0 0
 4539 120848.000 21572.000 0 0 0.000 0.000 0.000 200000.000 0 1 0 200 0 0
 4540 180568.000 88435.000 0 0 0.000 0.000 0.000 200000.000 0 1 0 200 0 0
 4541 180711.000 89669.000 0 0 0.000 0.000 0.000 0.222 0 1 0 0 0 0
 4542 181145.000 93397.000 0 0 0.000 0.000 0.000 0.220 0 1 0 0 0 0
 4543 175480.000 129993.000 0 0 0.000 0.000 0.000 0.233 0 1 0 0 0 0
 4544 173437.000 134799.000 0 0 0.000 0.000 0.000 0.207 0 1 0 0 0 0
 4545 168580.000 143437.000 0 0 0.000 0.000 0.000 0.214 0 1 0 0 0 0
 4546 155231.000 159585.000 0 0 50.000 54.000 2700.000 51.961 0 1 69 200 0 0
 4547 154573.000 160046.000 0 0 50.000 54.000 2700.000 51.961 0 1 69 200 0 0
 4548 151314.000 162964.000 0 0 0.000 0.000 0.000 0.214 0 1 0 0 0 0
 4549 148371.000 165172.000 0 0 48.000 56.000 2688.000 51.845 0 1 69 200 0 0
 4550 146063.000 166718.000 0 0 0.000 0.000 0.000 0.463 0 1 0 0 0 0
 4551 119437.000 178586.000 0 0 36.000 54.000 1944.000 44.090 0 1 110 200 0 0
 4552 101806.000 180972.000 0 0 0.000 0.000 0.000 0.257 0 1 0 0 0 0
 4553 34625.000 147557.000 0 0 0.000 0.000 0.000 200000.000 0 1 0 200 0 0
 4554 95350.000 181168.000 0 0 0.000 0.000 0.000 200000.000 0 1 0 200 0 0
 4555 70285.000 174567.000 0 0 0.000 0.000 0.000 200000.000 0 1 0 200 0 0
 4556 66822.000 25888.000 0 0 0.000 0.000 0.000 0.201 0 1 0 0 0 0
 4557 70710.000 24246.000 0 0 0.000 0.000 0.000 0.253 0 1 0 0 0 0
 4558 181358.000 93728.000 0 0 0.000 0.000 0.000 200000.000 0 1 0 200 0 0
 4559 132388.000 25391.000 0 0 0.000 0.000 0.000 0.401 0 1 0 0 0 0
 4560 140267.000 29121.000 0 0 0.000 0.000 0.000 200000.000 0 1 0 200 0 0
 4561 150431.000 36131.000 0 0 0.000 0.000 0.000 200000.000 0 1 0 200 0 0
 4562 152714.000 37997.000 0 0 0.000 0.000 0.000 200000.000 0 1 0 200 0 0
 4563 173065.000 63747.000 0 0 0.000 0.000 0.000 0.214 0 1 0 0 0 0
 4564 177102.000 73888.000 0 0 0.000 0.000 0.000 200000.000 0 1 0 200 0 0
 4565 157537.000 157541.000 0 0 0.000 0.000 0.000 0.226 0 1 0 0 0 0
 4566 149076.000 164925.000 0 0 50.000 54.000 2700.000 51.961 0 1 69 200 0 0
 4567 148072.000 165566.000 0 0 48.000 56.000 2688.000 51.845 0 1 69 200 0 0
 4568 144099.000 168374.000 0 0 48.000 56.000 2688.000 51.845 0 1 97 200 0 0
 4569 142144.000 169532.000 0 0 46.000 56.000 2576.000 50.754 0 1 100 200 0 0
 4570 139495.000 171109.000 0 0 0.000 0.000 0.000 0.254 0 1 0 0 0 0
 4571 137654.000 172102.000 0 0 0.000 0.000 0.000 0.224 0 1 0 0 0 0
 4572 125968.000 176941.000 0 0 0.000 0.000 0.000 0.238 0 1 0 0 0 0
 4573 119518.000 178788.000 0 0 36.000 54.000 1944.000 44.090 0 1 110 200 0 0
 4574 70845.000 175661.000 0 0 0.000 0.000 0.000 200000.000 0 1 0 200 0 0
 4575 30871.000 57210.000 0 0 0.000 0.000 0.000 200000.000 0 1 0 200 0 0
 4576 92988.000 18925.000 0 0 0.000 0.000 0.000 200000.000 0 1 0 200 0 0
 4577 38284.000 47282.000 0 0 0.000 0.000 0.000 200000.000 0 1 0 200 0 0
 4578 134010.000 25744.000 0 0 0.000 0.000 0.000 200000.000 0 1 0 200 0 0
 4579 77235.000 21928.000 0 0 0.000 0.000 0.000 200000.000 0 1 0 200 0 0
 4580 133901.000 25852.000 0 0 0.000 0.000 0.000 200000.000 0 1 0 200 0 0
 4581 181524.000 104151.000 0 0 0.000 0.000 0.000 0.243 0 1 0 0 0 0
 4582 175373.000 131397.000 0 0 0.000 0.000 0.000 0.207 0 1 0 0 0 0
 4583 170244.000 141461.000 0 0 0.000 0.000 0.000 0.286 0 1 0 0 0 0
 4584 160428.000 154881.000 0 0 54.000 50.000 2700.000 51.961 0 1 83 200 0 0
 4585 159958.000 155441.000 0 0 54.000 50.000 2700.000 51.961 0 1 83 200 0 0
 4586 156002.000 159372.000 0 0 52.000 54.000 2808.000 52.990 0 1 69 200 0 0
 4587 154912.000 160223.000 0 0 50.000 54.000 2700.000 51.961 0 1 69 200 0 0
 4588 140842.000 170348.000 0 0 46.000 56.000 2576.000 50.754 0 1 100 200 0 0
 4589 82318.000 179495.000 0 0 34.000 54.000 1836.000 42.848 0 1 112 210 0 0
 4590 88127.000 180398.000 0 0 0.000 0.000 0.000 0.200 0 1 0 0 0 0
 4591 66043.000 173064.000 0 0 0.000 0.000 0.000 200000.000 0 1 0 200 0 0
 4592 38284.000 153007.000 0 0 52.000 52.000 2704.000 52.000 0 1 74 200 0 0
 4593 35052.000 148990.000 0 0 0.000 0.000 0.000 200000.000 0 1 0 200 0 0
 4594 27558.000 136635.000 0 0 0.000 0.000 0.000 200000.000 0 1 0 200 0 0
 4595 21120.000 119706.000 0 0 0.000 0.000 0.000 200000.000 0 1 0 200 0 0
 4596 21059.000 119669.000 0 0 0.000 0.000 0.000 200000.000 0 1 0 200 0 0
 4597 26627.000 64642.000 0 0 0.000 0.000 0.000 200000.000 0 1 0 200 0 0
 4598 108547.000 18757.000 0 0 0.000 0.000 0.000 200000.000 0 1 0 200 0 0
 4599 108609.000 18687.000 0 0 0.000 0.000 0.000 200000.000 0 1 0 200 0 0
 4600 159530.000 43753.000 0 0 0.000 0.000 0.000 200000.000 0 1 0 200 0 0
 4601 159574.000 43786.000 0 0 0.000 0.000 0.000 200000.000 0 1 0 200 0 0
 4602 181839.000 93341.000 0 0 0.000 0.000 0.000 200000.000 0 1 0 200 0 0
 4603 177962.000 121940.000 0 0 0.000 0.000 0.000 200000.000 0 1 0 200 0 0
 4604 169136.000 143472.000 0 0 0.000 0.000 0.000 0.334 0 1 0 0 0 0
 4605 167882.000 145463.000 0 0 0.000 0.000 0.000 0.200 0 1 0 0 0 0
 4606 149348.000 165195.000 0 0 50.000 54.000 2700.000 51.961 0 1 69 200 0 0
 4607 149004.000 165238.000 0 0 50.000 54.000 2700.000 51.961 0 1 69 200 0 0
 4608 148396.000 165711.000 0 0 48.000 56.000 2688.000 51.845 0 1 69 200 0 0
 4609 148178.000 165930.000 0 0 48.000 56.000 2688.000 51.845 0 1 69 200 0 0
 4610 143935.000 168859.000 0 0 48.000 56.000 2688.000 51.845 0 1 97 200 0 0
 4611 140774.000 170745.000 0 0 46.000 54.000 2484.000 49.839 0 1 100 200 0 0
 4612 132886.000 174811.000 0 0 0.000 0.000 0.000 0.238 0 1 0 0 0 0
 4613 120315.000 179076.000 0 0 36.000 54.000 1944.000 44.090 0 1 110 200 0 0
 4614 35022.000 148950.000 0 0 0.000 0.000 0.000 200000.000 0 1 0 200 0 0
 4615 66413.000 173458.000 0 0 0.000 0.000 0.000 200000.000 0 1 0 200 0 0
 4616 37493.000 152067.000 0 0 0.000 0.000 0.000 0.216 0 1 0 0 0 0
 4617 71433.000 23336.000 0 0 0.000 0.000 0.000 200000.000 0 1 0 200 0 0
 4618 103010.000 17965.000 0 0 0.000 0.000 0.000 200000.000 0 1 0 200 0 0
 4619 114740.000 19552.000 0 0 0.000 0.000 0.000 200000.000 0 1 0 200 0 0
 4620 107397.000 18400.000 0 0 0.000 0.000 0.000 200000.000 0 1 0 200 0 0
 4621 157054.000 41284.000 0 0 0.000 0.000 0.000 0.344 0 1 0 0 0 0
 4622 36733.000 149920.000 0 0 0.000 0.000 0.000 200000.000 0 1 0 200 0 0
 4623 150100.000 36590.000 0 0 0.000 0.000 0.000 200000.000 0 1 0 200 0 0
 4624 181444.000 89563.000 0 0 0.000 0.000 0.000 200000.000 0 1 0 200 0 0
 4625 171873.000 60309.000 0 0 0.000 0.000 0.000 200000.000 0 1 0 200 0 0
 4626 177209.000 72782.000 0 0 0.000 0.000 0.000 0.364 0 1 0 0 0 0
 4627 171677.000 139652.000 0 0 0.000 0.000 0.000 0.258 0 1 0 0 0 0
 4628 168068.000 145531.000 0 0 0.000 0.000 0.000 0.201 0 1 0 0 0 0
 4629 167927.000 145943.000 0 0 0.000 0.000 0.000 0.217 0 1 0 0 0 0
 4630 162203.000 153150.000 0 0 0.000 0.000 0.000 0.202 0 1 0 0 0 0
 4631 152254.000 162947.000 0 0 50.000 54.000 2700.000 51.961 0 1 69 200 0 0
 4632 141503.000 170519.000 0 0 46.000 56.000 2576.000 50.754 0 1 100 200 0 0
 4633 115166.000 180274.000 0 0 0.000 0.000 0.000 200000.000 0 1 0 200 0 0
 4634 114895.000 180383.000 0 0 0.000 0.000 0.000 0.202 0 1 0 0 0 0
 4635 114087.000 180495.000 0 0 0.000 0.000 0.000 0.241 0 1 0 0 0 0
 4636 109726.000 181183.000 0 0 0.000 0.000 0.000 0.297 0 1 0 0 0 0
 4637 105977.000 181407.000 0 0 0.000 0.000 0.000 0.200 0 1 0 0 0 0
 4638 33025.000 146475.000 0 0 0.000 0.000 0.000 200000.000 0 1 0 200 0 0
 4639 27635.000 137704.000 0 0 0.000 0.000 0.000 0.472 0 1 0 0 0 0
 4640 69383.000 24221.000 0 0 0.000 0.000 0.000 0.372 0 1 0 0 0 0
 4641 154586.000 161167.000 0 0 50.000 52.000 2600.000 50.990 0 1 69 200 0 0
 4642 76500.000 21558.000 0 0 0.000 0.000 0.000 0.227 0 1 0 0 0 0
 4643 86023.000 19337.000 0 0 0.000 0.000 0.000 200000.000 0 1 0 200 0 0
 4644 102950.000 18116.000 0 0 0.000 0.000 0.000 200000.000 0 1 0 200 0 0
 4645 114173.000 19107.000 0 0 0.000 0.000 0.000 200000.000 0 1 0 200 0 0
 4646 43988.000 158370.000 0 0 0.000 0.000 0.000 200000.000 0 1 0 200 0 0
 4647 181214.000 86990.000 0 0 0.000 0.000 0.000 200000.000 0 1 0 200 0 0
 4648 182274.000 99538.000 0 0 0.000 0.000 0.000 200000.000 0 1 0 200 0 0
 4649 175118.000 133160.000 0 0 0.000 0.000 0.000 0.209 0 1 0 0 0 0
 4650 166185.000 148596.000 0 0 0.000 0.000 0.000 0.224 0 1 0 0 0 0
 4651 162095.000 154087.000 0 0 0.000 0.000 0.000 200000.000 0 1 0 200 0 0
 4652 159945.000 156009.000 0 0 54.000 52.000 2808.000 52.990 0 1 83 200 0 0
 4653 149066.000 165867.000 0 0 48.000 56.000 2688.000 51.845 0 1 69 200 0 0
 4654 170599.000 140236.000 0 0 0.000 0.000 0.000 200000.000 0 1 0 200 0 0
 4655 147252.000 167042.000 0 0 48.000 54.000 2592.000 50.911 0 1 69 200 0 0
 4656 136794.000 173253.000 0 0 0.000 0.000 0.000 0.210 0 1 0 0 0 0
 4657 78478.000 179064.000 0 0 0.000 0.000 0.000 200000.000 0 1 0 200 0 0
 4658 116081.000 180217.000 0 0 0.000 0.000 0.000 0.202 0 1 0 0 0 0
 4659 114970.000 180464.000 0 0 0.000 0.000 0.000 0.212 0 1 0 0 0 0
 4660 101348.000 181877.000 0 0 0.000 0.000 0.000 0.290 0 1 0 0 0 0
 4661 78569.000 178946.000 0 0 0.000 0.000 0.000 200000.000 0 1 0 200 0 0
 4662 72166.000 177054.000 0 0 0.000 0.000 0.000 200000.000 0 1 0 200 0 0
 4663 28260.000 60668.000 0 0 0.000 0.000 0.000 200000.000 0 1 0 200 0 0
 4664 155998.000 160347.000 0 0 52.000 54.000 2808.000 52.990 0 1 89 200 0 0
 4665 34791.000 50561.000 0 0 0.000 0.000 0.000 200000.000 0 1 0 200 0 0
 4666 62868.000 26753.000 0 0 0.000 0.000 0.000 200000.000 0 1 0 200 0 0
 4667 81869.000 20009.000 0 0 0.000 0.000 0.000 200000.000 0 1 0 200 0 0
 4668 149477.000 34233.000 0 0 0.000 0.000 0.000 0.307 0 1 0 0 0 0
 4669 171960.000 60118.000 0 0 0.000 0.000 0.000 200000.000 0 1 0 200 0 0
 4670 167260.000 147360.000 0 0 0.000 0.000 0.000 0.227 0 1 0 0 0 0
 4671 155958.000 160223.000 0 0 52.000 54.000 2808.000 52.990 0 1 89 200 0 0
 4672 155834.000 160454.000 0 0 50.000 54.000 2700.000 51.961 0 1 89 200 0 0
 4673 152571.000 163110.000 0 0 51.000 54.000 2754.000 52.478 0 1 69 200 0 0
 4674 152334.000 163329.000 0 0 50.000 54.000 2700.000 51.961 0 1 69 200 0 0
 4675 151537.000 164089.000 0 0 50.000 54.000 2700.000 51.961 0 1 94 200 0 0
 4676 151087.000 164378.000 0 0 50.000 54.000 2700.000 51.961 0 1 94 200 0 0
 4677 150495.000 164765.000 0 0 50.000 54.000 2700.000 51.961 0 1 94 200 0 0
 4678 147360.000 167101.000 0 0 48.000 54.000 2592.000 50.911 0 1 69 200 0 0
 4679 146048.000 167233.000 0 0 0.000 0.000 0.000 200000.000 0 1 0 200 0 0
 4680 144946.000 168725.000 0 0 0.000 0.000 0.000 0.202 0 1 0 0 0 0
 4681 140996.000 171196.000 0 0 46.000 54.000 2484.000 49.839 0 1 100 200 0 0
 4682 137746.000 172955.000 0 0 0.000 0.000 0.000 0.282 0 1 0 0 0 0
 4683 135746.000 173890.000 0 0 0.000 0.000 0.000 0.212 0 1 0 0 0 0
 4684 134710.000 174340.000 0 0 0.000 0.000 0.000 0.313 0 1 0 0 0 0
 4685 133802.000 174978.000 0 0 0.000 0.000 0.000 0.227 0 1 0 0 0 0
 4686 131556.000 175828.000 0 0 0.000 0.000 0.000 0.318 0 1 0 0 0 0
 4687 129277.000 176856.000 0 0 0.000 0.000 0.000 200000.000 0 1 0 200 0 0
 4688 107940.000 181714.000 0 0 0.000 0.000 0.000 0.462 0 1 0 0 0 0
 4689 101060.000 182159.000 0 0 0.000 0.000 0.000 200000.000 0 1 0 200 0 0
 4690 84556.000 180660.000 0 0 0.000 0.000 0.000 200000.000 0 1 0 200 0 0
 4691 82038.000 180093.000 0 0 34.000 54.000 1836.000 42.848 0 1 112 210 0 0
 4692 72232.000 177036.000 0 0 0.000 0.000 0.000 200000.000 0 1 0 200 0 0
 4693 123230.000 177917.000 0 0 0.000 0.000 0.000 200000.000 0 1 0 200 0 0
 4694 147372.000 167454.000 0 0 48.000 54.000 2592.000 50.911 0 1 69 200 0 0
 4695 18155.000 94020.000 0 0 0.000 0.000 0.000 200000.000 0 1 0 200 0 0
 4696 133190.000 175447.000 0 0 0.000 0.000 0.000 200000.000 0 1 0 200 0 0
 4697 42398.000 41463.000 0 0 0.000 0.000 0.000 0.484 0 1 0 0 0 0
 4698 85814.000 19038.000 0 0 0.000 0.000 0.000 0.303 0 1 0 0 0 0
 4699 105122.000 17808.000 0 0 0.000 0.000 0.000 0.256 0 1 0 0 0 0
 4700 166194.000 51976.000 0 0 0.000 0.000 0.000 200000.000 0 1 0 200 0 0
 4701 181059.000 84040.000 0 0 0.000 0.000 0.000 200000.000 0 1 0 200 0 0
 4702 181077.000 84093.000 0 0 0.000 0.000 0.000 200000.000 0 1 0 200 0 0
 4703 181157.000 114444.000 0 0 0.000 0.000 0.000 0.212 0 1 0 0 0 0
 4704 179291.000 122972.000 0 0 0.000 0.000 0.000 200000.000 0 1 0 200 0 0
 4705 167768.000 146892.000 0 0 0.000 0.000 0.000 0.208 0 1 0 0 0 0
 4706 165993.000 149332.000 0 0 0.000 0.000 0.000 0.203 0 1 0 0 0 0
 4707 163625.000 152263.000 0 0 0.000 0.000 0.000 0.234 0 1 0 0 0 0
 4708 163039.000 153183.000 0 0 0.000 0.000 0.000 0.216 0 1 0 0 0 0
 4709 160795.000 155665.000 0 0 0.000 0.000 0.000 0.251 0 1 0 0 0 0
 4710 152933.000 163188.000 0 0 52.000 54.000 2808.000 52.990 0 1 69 200 0 0
 4711 152399.000 163507.000 0 0 50.000 54.000 2700.000 51.961 0 1 69 200 0 0
 4712 149540.000 165739.000 0 0 50.000 54.000 2700.000 51.961 0 1 69 200 0 0
 4713 148305.000 166777.000 0 0 48.000 56.000 2688.000 51.845 0 1 69 200 0 0
 4714 147918.000 167097.000 0 0 48.000 54.000 2592.000 50.911 0 1 69 200 0 0
 4715 147426.000 167435.000 0 0 48.000 54.000 2592.000 50.911 0 1 69 200 0 0
 4716 147396.000 167488.000 0 0 48.000 54.000 2592.000 50.911 0 1 69 200 0 0
 4717 144083.000 169652.000 0 0 48.000 56.000 2688.000 51.845 0 1 97 200 0 0
 4718 143971.000 169549.000 0 0 48.000 56.000 2688.000 51.845 0 1 97 200 0 0
 4719 143536.000 169849.000 0 0 48.000 56.000 2688.000 51.845 0 1 97 200 0 0
 4720 143457.000 169901.000 0 0 48.000 56.000 2688.000 51.845 0 1 97 200 0 0
 4721 138306.000 172838.000 0 0 0.000 0.000 0.000 0.202 0 1 0 0 0 0
 4722 128438.000 177168.000 0 0 0.000 0.000 0.000 200000.000 0 1 0 200 0 0
 4723 22932.000 128095.000 0 0 0.000 0.000 0.000 200000.000 0 1 0 200 0 0
 4724 83383.000 180510.000 0 0 0.000 0.000 0.000 0.292 0 1 0 0 0 0
 4725 18819.000 88114.000 0 0 0.000 0.000 0.000 200000.000 0 1 0 200 0 0
 4726 65418.000 173581.000 0 0 0.000 0.000 0.000 200000.000 0 1 0 200 0 0
 4727 57388.000 29625.000 0 0 0.000 0.000 0.000 200000.000 0 1 0 200 0 0
 4728 47415.000 36679.000 0 0 0.000 0.000 0.000 0.426 0 1 0 0 0 0
 4729 72761.000 22128.000 0 0 0.000 0.000 0.000 200000.000 0 1 0 200 0 0
 4730 119849.000 19905.000 0 0 0.000 0.000 0.000 200000.000 0 1 0 200 0 0
 4731 176535.000 68433.000 0 0 0.000 0.000 0.000 200000.000 0 1 0 200 0 0
 4732 179669.000 78105.000 0 0 0.000 0.000 0.000 200000.000 0 1 0 200 0 0
 4733 173423.000 63550.000 0 0 0.000 0.000 0.000 200000.000 0 1 0 200 0 0
 4734 176483.000 129410.000 0 0 0.000 0.000 0.000 200000.000 0 1 0 200 0 0
 4735 168518.000 146330.000 0 0 0.000 0.000 0.000 200000.000 0 1 0 200 0 0
 4736 166204.000 149347.000 0 0 0.000 0.000 0.000 200000.000 0 1 0 200 0 0
 4737 167764.000 147420.000 0 0 0.000 0.000 0.000 200000.000 0 1 0 200 0 0
 4738 154419.000 161955.000 0 0 52.000 52.000 2704.000 52.000 0 1 69 200 0 0
 4739 154077.000 162514.000 0 0 52.000 52.000 2704.000 52.000 0 1 69 200 0 0
 4740 150582.000 165121.000 0 0 50.000 54.000 2700.000 51.961 0 1 94 200 0 0
 4741 140018.000 172007.000 0 0 0.000 0.000 0.000 0.415 0 1 0 0 0 0
 4742 135990.000 174244.000 0 0 0.000 0.000 0.000 0.240 0 1 0 0 0 0
 4743 133623.000 175283.000 0 0 0.000 0.000 0.000 0.214 0 1 0 0 0 0
 4744 130334.000 176550.000 0 0 0.000 0.000 0.000 0.201 0 1 0 0 0 0
 4745 110764.000 181776.000 0 0 0.000 0.000 0.000 0.210 0 1 0 0 0 0
 4746 81445.000 180343.000 0 0 34.000 54.000 1836.000 42.848 0 1 112 210 0 0
 4747 61640.000 172945.000 0 0 0.000 0.000 0.000 200000.000 0 1 0 200 0 0
 4748 17820.000 98632.000 0 0 0.000 0.000 0.000 200000.000 0 1 0 200 0 0
 4749 28167.000 59462.000 0 0 0.000 0.000 0.000 200000.000 0 1 0 200 0 0
 4750 141874.000 28471.000 0 0 0.000 0.000 0.000 200000.000 0 1 0 200 0 0
 4751 151186.000 35011.000 0 0 0.000 0.000 0.000 0.411 0 1 0 0 0 0
 4752 172209.000 59255.000 0 0 0.000 0.000 0.000 200000.000 0 1 0 200 0 0
 4753 172272.000 59283.000 0 0 0.000 0.000 0.000 200000.000 0 1 0 200 0 0
 4754 182430.000 107315.000 0 0 0.000 0.000 0.000 0.258 0 1 0 0 0 0
 4755 181574.000 113551.000 0 0 0.000 0.000 0.000 0.392 0 1 0 0 0 0
 4756 181275.000 111875.000 0 0 0.000 0.000 0.000 200000.000 0 1 0 200 0 0
 4757 179690.000 122305.000 0 0 0.000 0.000 0.000 0.205 0 1 0 0 0 0
 4758 174921.000 135353.000 0 0 0.000 0.000 0.000 0.228 0 1 0 0 0 0
 4759 164930.000 151216.000 0 0 0.000 0.000 0.000 0.209 0 1 0 0 0 0
 4760 163001.000 153628.000 0 0 0.000 0.000 0.000 0.201 0 1 0 0 0 0
 4761 161985.000 154753.000 0 0 0.000 0.000 0.000 0.202 0 1 0 0 0 0
 4762 160325.000 156616.000 0 0 54.000 52.000 2808.000 52.990 0 1 83 200 0 0
 4763 160199.000 156798.000 0 0 54.000 52.000 2808.000 52.990 0 1 83 200 0 0
 4764 157361.000 159549.000 0 0 52.000 54.000 2808.000 52.990 0 1 89 200 0 0
 4765 156899.000 160003.000 0 0 52.000 54.000 2808.000 52.990 0 1 89 200 0 0
 4766 156532.000 160511.000 0 0 52.000 54.000 2808.000 52.990 0 1 89 200 0 0
 4767 153720.000 162820.000 0 0 52.000 53.000 2756.000 52.497 0 1 69 200 0 0
 4768 146828.000 168135.000 0 0 48.000 54.000 2592.000 50.911 0 1 69 200 0 0
 4769 148405.000 166074.000 0 0 48.000 56.000 2688.000 51.845 0 1 69 200 0 0
 4770 144085.000 169782.000 0 0 48.000 56.000 2688.000 51.845 0 1 97 200 0 0
 4771 143833.000 170035.000 0 0 48.000 56.000 2688.000 51.845 0 1 97 200 0 0
 4772 142071.000 171233.000 0 0 0.000 0.000 0.000 0.222 0 1 0 0 0 0
 4773 139254.000 171885.000 0 0 0.000 0.000 0.000 200000.000 0 1 0 200 0 0
 4774 108648.000 182049.000 0 0 0.000 0.000 0.000 200000.000 0 1 0 200 0 0
 4775 121217.000 179875.000 0 0 0.000 0.000 0.000 0.201 0 1 0 0 0 0
 4776 81891.000 180793.000 0 0 34.000 54.000 1836.000 42.848 0 1 112 210 0 0
 4777 45588.000 161863.000 0 0 0.000 0.000 0.000 200000.000 0 1 0 200 0 0
 4778 81496.000 180350.000 0 0 34.000 54.000 1836.000 42.848 0 1 112 210 0 0
 4779 67946.000 175941.000 0 0 0.000 0.000 0.000 200000.000 0 1 0 200 0 0
 4780 61689.000 172970.000 0 0 0.000 0.000 0.000 200000.000 0 1 0 200 0 0
 4781 139757.000 27087.000 0 0 0.000 0.000 0.000 200000.000 0 1 0 200 0 0
 4782 17441.000 100896.000 0 0 0.000 0.000 0.000 200000.000 0 1 0 200 0 0
 4783 147310.000 31722.000 0 0 0.000 0.000 0.000 200000.000 0 1 0 200 0 0
 4784 19153.000 83839.000 0 0 0.000 0.000 0.000 200000.000 0 1 0 200 0 0
 4785 72900.000 21902.000 0 0 0.000 0.000 0.000 0.284 0 1 0 0 0 0
 4786 176425.000 67800.000 0 0 0.000 0.000 0.000 0.123 0 1 0 0 0 0
 4787 118414.000 19143.000 0 0 0.000 0.000 0.000 200000.000 0 1 0 200 0 0
 4788 118482.000 19096.000 0 0 0.000 0.000 0.000 200000.000 0 1 0 200 0 0
 4789 127000.000 178216.000 0 0 40.000 54.000 2160.000 46.475 0 1 113 200 0 0
 4790 147182.000 31815.000 0 0 0.000 0.000 0.000 200000.000 0 1 0 200 0 0
 4791 178646.000 73771.000 0 0 0.000 0.000 0.000 0.201 0 1 0 0 0 0
 4792 179270.000 75512.000 0 0 0.000 0.000 0.000 0.287 0 1 0 0 0 0
 4793 182738.000 93309.000 0 0 0.000 0.000 0.000 0.310 0 1 0 0 0 0
 4794 182275.000 111598.000 0 0 0.000 0.000 0.000 0.218 0 1 0 0 0 0
 4795 179878.000 80062.000 0 0 0.000 0.000 0.000 200000.000 0 1 0 200 0 0
 4796 181701.000 114885.000 0 0 0.000 0.000 0.000 0.230 0 1 0 0 0 0
 4797 172146.000 140788.000 0 0 54.000 46.000 2484.000 49.839 0 1 47 200 0 0
 4798 169019.000 145874.000 0 0 0.000 0.000 0.000 0.243 0 1 0 0 0 0
 4799 166174.000 150029.000 0 0 0.000 0.000 0.000 0.226 0 1 0 0 0 0
 4800 164972.000 151518.000 0 0 0.000 0.000 0.000 0.318 0 1 0 0 0 0
 4801 164438.000 152234.000 0 0 0.000 0.000 0.000 0.242 0 1 0 0 0 0
 4802 161879.000 155234.000 0 0 0.000 0.000 0.000 0.236 0 1 0 0 0 0
 4803 153171.000 163441.000 0 0 52.000 54.000 2808.000 52.990 0 1 69 200 0 0
 4804 150137.000 165914.000 0 0 50.000 54.000 2700.000 51.961 0 1 69 200 0 0
 4805 150011.000 166038.000 0 0 50.000 54.000 2700.000 51.961 0 1 69 200 0 0
 4806 136531.000 174407.000 0 0 0.000 0.000 0.000 0.248 0 1 0 0 0 0
 4807 126415.000 178505.000 0 0 38.000 54.000 2052.000 45.299 0 1 113 200 0 0
 4808 88369.000 181993.000 0 0 0.000 0.000 0.000 200000.000 0 1 0 200 0 0
 4809 109923.000 182181.000 0 0 0.000 0.000 0.000 0.209 0 1 0 0 0 0
 4810 103833.000 182694.000 0 0 26.000 50.000 1300.000 36.055 0 1 117 200 0 0
 4811 55475.000 169744.000 0 0 0.000 0.000 0.000 200000.000 0 1 0 200 0 0
 4812 88444.000 181840.000 0 0 0.000 0.000 0.000 200000.000 0 1 0 200 0 0
 4813 159708.000 156699.000 0 0 54.000 52.000 2808.000 52.990 0 1 83 200 0 0
 4814 85551.000 181521.000 0 0 0.000 0.000 0.000 0.223 0 1 0 0 0 0
 4815 39910.000 156103.000 0 0 0.000 0.000 0.000 200000.000 0 1 0 200 0 0
 4816 83699.000 181173.000 0 0 0.000 0.000 0.000 200000.000 0 1 0 200 0 0
 4817 83643.000 181171.000 0 0 0.000 0.000 0.000 200000.000 0 1 0 200 0 0
 4818 55585.000 169666.000 0 0 0.000 0.000 0.000 200000.000 0 1 0 200 0 0
 4819 33153.000 148674.000 0 0 0.000 0.000 0.000 0.224 0 1 0 0 0 0
 4820 57568.000 28919.000 0 0 0.000 0.000 0.000 200000.000 0 1 0 200 0 0
 4821 24481.000 133648.000 0 0 0.000 0.000 0.000 200000.000 0 1 0 200 0 0
 4822 24428.000 133611.000 0 0 0.000 0.000 0.000 200000.000 0 1 0 200 0 0
 4823 20715.000 123560.000 0 0 0.000 0.000 0.000 200000.000 0 1 0 200 0 0
 4824 35235.000 48319.000 0 0 0.000 0.000 0.000 200000.000 0 1 0 200 0 0
 4825 152926.000 164370.000 0 0 50.000 54.000 2700.000 51.961 0 1 94 200 0 0
 4826 144357.000 29575.000 0 0 0.000 0.000 0.000 200000.000 0 1 0 200 0 0
 4827 166143.000 49397.000 0 0 0.000 0.000 0.000 200000.000 0 1 0 200 0 0
 4828 175810.000 65896.000 0 0 0.000 0.000 0.000 200000.000 0 1 0 200 0 0
 4829 179558.000 78554.000 0 0 0.000 0.000 0.000 200000.000 0 1 0 200 0 0
 4830 180103.000 122166.000 0 0 0.000 0.000 0.000 0.370 0 1 0 0 0 0
 4831 172714.000 140506.000 0 0 54.000 46.000 2484.000 49.839 0 1 47 200 0 0
 4832 166795.000 149397.000 0 0 56.000 48.000 2688.000 51.845 0 1 66 200 0 0
 4833 173386.000 137514.000 0 0 0.000 0.000 0.000 200000.000 0 1 0 200 0 0
 4834 156896.000 160459.000 0 0 52.000 54.000 2808.000 52.990 0 1 69 200 0 0
 4835 152198.000 164523.000 0 0 50.000 54.000 2700.000 51.961 0 1 94 200 0 0
 4836 151606.000 165139.000 0 0 50.000 54.000 2700.000 51.961 0 1 69 200 0 0
 4837 147380.000 168251.000 0 0 48.000 54.000 2592.000 50.911 0 1 69 200 0 0
 4838 147252.000 168255.000 0 0 48.000 54.000 2592.000 50.911 0 1 69 200 0 0
 4839 146012.000 169148.000 0 0 46.000 54.000 2484.000 49.839 0 1 69 200 0 0
 4840 144376.000 170254.000 0 0 48.000 56.000 2688.000 51.845 0 1 97 200 0 0
 4841 139274.000 173230.000 0 0 44.000 56.000 2464.000 49.638 0 1 69 200 0 0
 4842 132106.000 176579.000 0 0 42.000 56.000 2352.000 48.497 0 1 107 200 0 0
 4843 125192.000 179170.000 0 0 0.000 0.000 0.000 200000.000 0 1 0 200 0 0
 4844 145085.000 168799.000 0 0 0.000 0.000 0.000 200000.000 0 1 0 200 0 0
 4845 119105.000 180624.000 0 0 0.000 0.000 0.000 0.295 0 1 0 0 0 0
 4846 118547.000 180964.000 0 0 0.000 0.000 0.000 200000.000 0 1 0 200 0 0
 4847 113676.000 181915.000 0 0 0.000 0.000 0.000 200000.000 0 1 0 200 0 0
 4848 97542.000 182885.000 0 0 0.000 0.000 0.000 0.251 0 1 0 0 0 0
 4849 77203.000 179637.000 0 0 0.000 0.000 0.000 0.220 0 1 0 0 0 0
 4850 100311.000 16729.000 0 0 0.000 0.000 0.000 200000.000 0 1 0 200 0 0
 4851 25617.000 136446.000 0 0 0.000 0.000 0.000 200000.000 0 1 0 200 0 0
 4852 25550.000 136417.000 0 0 0.000 0.000 0.000 200000.000 0 1 0 200 0 0
 4853 167101.000 50669.000 0 0 0.000 0.000 0.000 200000.000 0 1 0 200 0 0
 4854 20724.000 123615.000 0 0 0.000 0.000 0.000 200000.000 0 1 0 200 0 0
 4855 168381.000 52159.000 0 0 0.000 0.000 0.000 200000.000 0 1 0 200 0 0
 4856 17627.000 90502.000 0 0 0.000 0.000 0.000 200000.000 0 1 0 200 0 0
 4857 183273.000 98044.000 0 0 0.000 0.000 0.000 200000.000 0 1 0 200 0 0
 4858 58074.000 28403.000 0 0 0.000 0.000 0.000 0.454 0 1 0 0 0 0
 4859 92635.000 17307.000 0 0 0.000 0.000 0.000 0.346 0 1 0 0 0 0
 4860 97400.000 16779.000 0 0 0.000 0.000 0.000 200000.000 0 1 0 200 0 0
 4861 100259.000 16834.000 0 0 0.000 0.000 0.000 200000.000 0 1 0 200 0 0
 4862 164575.000 47147.000 0 0 0.000 0.000 0.000 200000.000 0 1 0 200 0 0
 4863 166110.000 49353.000 0 0 0.000 0.000 0.000 200000.000 0 1 0 200 0 0
 4864 167068.000 50624.000 0 0 0.000 0.000 0.000 200000.000 0 1 0 200 0 0
 4865 168242.000 52193.000 0 0 0.000 0.000 0.000 200000.000 0 1 0 200 0 0
 4866 180148.000 77467.000 0 0 0.000 0.000 0.000 0.475 0 1 0 0 0 0
 4867 173177.000 139815.000 0 0 54.000 44.000 2376.000 48.744 0 1 47 200 0 0
 4868 163012.000 154324.000 0 0 0.000 0.000 0.000 0.270 0 1 0 0 0 0
 4869 162041.000 155479.000 0 0 0.000 0.000 0.000 0.237 0 1 0 0 0 0
 4870 157912.000 159657.000 0 0 52.000 52.000 2704.000 52.000 0 1 89 200 0 0
 4871 153977.000 163160.000 0 0 52.000 54.000 2808.000 52.990 0 1 69 200 0 0
 4872 149298.000 166903.000 0 0 48.000 56.000 2688.000 51.845 0 1 69 200 0 0
 4873 146145.000 169146.000 0 0 46.000 54.000 2484.000 49.839 0 1 69 200 0 0
 4874 139737.000 173090.000 0 0 44.000 54.000 2376.000 48.744 0 1 69 200 0 0
 4875 130131.000 177462.000 0 0 42.000 56.000 2352.000 48.497 0 1 111 210 0 0
 4876 130010.000 177849.000 0 0 40.000 56.000 2240.000 47.328 0 1 111 210 0 0
 4877 124886.000 179444.000 0 0 0.000 0.000 0.000 200000.000 0 1 0 200 0 0
 4878 116229.000 181628.000 0 0 0.000 0.000 0.000 200000.000 0 1 0 200 0 0
 4879 73058.000 178632.000 0 0 0.000 0.000 0.000 200000.000 0 1 0 200 0 0
 4880 122558.000 179131.000 0 0 0.000 0.000 0.000 200000.000 0 1 0 200 0 0
 4881 86396.000 181892.000 0 0 0.000 0.000 0.000 0.274 0 1 0 0 0 0
 4882 45334.000 162545.000 0 0 0.000 0.000 0.000 200000.000 0 1 0 200 0 0
 4883 34340.000 49188.000 0 0 0.000 0.000 0.000 200000.000 0 1 0 200 0 0
 4884 31437.000 53196.000 0 0 0.000 0.000 0.000 0.355 0 1 0 0 0 0
 4885 95667.000 16686.000 0 0 0.000 0.000 0.000 200000.000 0 1 0 200 0 0
 4886 149669.000 32776.000 0 0 0.000 0.000 0.000 200000.000 0 1 0 200 0 0
 4887 142890.000 171413.000 0 0 0.000 0.000 0.000 200000.000 0 1 0 200 0 0
 4888 171115.000 57534.000 0 0 0.000 0.000 0.000 200000.000 0 1 0 200 0 0
 4889 182800.000 110770.000 0 0 0.000 0.000 0.000 0.431 0 1 0 0 0 0
 4890 182976.000 111687.000 0 0 0.000 0.000 0.000 200000.000 0 1 0 200 0 0
 4891 181592.000 114178.000 0 0 0.000 0.000 0.000 200000.000 0 1 0 200 0 0
 4892 167858.000 148462.000 0 0 54.000 48.000 2592.000 50.911 0 1 66 200 0 0
 4893 167213.000 149211.000 0 0 56.000 48.000 2688.000 51.845 0 1 66 200 0 0
 4894 163892.000 153561.000 0 0 54.000 52.000 2808.000 52.990 0 1 77 200 0 0
 4895 158491.000 159360.000 0 0 52.000 52.000 2704.000 52.000 0 1 89 200 0 0
 4896 157336.000 160562.000 0 0 52.000 54.000 2808.000 52.990 0 1 69 200 0 0
 4897 155043.000 162627.000 0 0 52.000 52.000 2704.000 52.000 0 1 69 200 0 0
 4898 149995.000 166700.000 0 0 48.000 56.000 2688.000 51.845 0 1 69 200 0 0
 4899 149659.000 166868.000 0 0 48.000 56.000 2688.000 51.845 0 1 69 200 0 0
 4900 148769.000 167655.000 0 0 0.000 0.000 0.000 0.205 0 1 0 0 0 0
 4901 145702.000 170675.000 0 0 48.000 54.000 2592.000 50.911 0 1 69 200 0 0
 4902 144462.000 170556.000 0 0 48.000 56.000 2688.000 51.845 0 1 97 200 0 0
 4903 140597.000 172850.000 0 0 46.000 54.000 2484.000 49.839 0 1 69 200 0 0
 4904 140111.000 172969.000 0 0 46.000 54.000 2484.000 49.839 0 1 69 200 0 0
 4905 139478.000 173350.000 0 0 44.000 56.000 2464.000 49.638 0 1 69 200 0 0
 4906 136470.000 174892.000 0 0 0.000 0.000 0.000 0.334 0 1 0 0 0 0
 4907 135329.000 175401.000 0 0 0.000 0.000 0.000 0.207 0 1 0 0 0 0
 4908 132683.000 176542.000 0 0 42.000 54.000 2268.000 47.623 0 1 107 200 0 0
 4909 130025.000 177742.000 0 0 42.000 56.000 2352.000 48.497 0 1 111 210 0 0
 4910 111613.000 182406.000 0 0 0.000 0.000 0.000 0.251 0 1 0 0 0 0
 4911 107762.000 182833.000 0 0 0.000 0.000 0.000 0.254 0 1 0 0 0 0
 4912 104767.000 183171.000 0 0 0.000 0.000 0.000 0.258 0 1 0 0 0 0
 4913 23735.000 133301.000 0 0 0.000 0.000 0.000 200000.000 0 1 0 200 0 0
 4914 103556.000 183134.000 0 0 26.000 50.000 1300.000 36.055 0 1 117 200 0 0
 4915 92806.000 183024.000 0 0 0.000 0.000 0.000 200000.000 0 1 0 200 0 0
 4916 33294.000 50301.000 0 0 0.000 0.000 0.000 200000.000 0 1 0 200 0 0
 4917 85436.000 182207.000 0 0 0.000 0.000 0.000 200000.000 0 1 0 200 0 0
 4918 38870.000 156481.000 0 0 0.000 0.000 0.000 200000.000 0 1 0 200 0 0
 4919 149722.000 32604.000 0 0 0.000 0.000 0.000 200000.000 0 1 0 200 0 0
 4920 23883.000 133293.000 0 0 0.000 0.000 0.000 200000.000 0 1 0 200 0 0
 4921 178262.000 129867.000 0 0 0.000 0.000 0.000 200000.000 0 1 0 200 0 0
 4922 22713.000 69176.000 0 0 0.000 0.000 0.000 200000.000 0 1 0 200 0 0
 4923 167020.000 149892.000 0 0 56.000 48.000 2688.000 51.845 0 1 66 200 0 0
 4924 106476.000 16620.000 0 0 0.000 0.000 0.000 200000.000 0 1 0 200 0 0
 4925 132393.000 177080.000 0 0 42.000 56.000 2352.000 48.497 0 1 107 200 0 0
 4926 108652.000 16982.000 0 0 0.000 0.000 0.000 200000.000 0 1 0 200 0 0
 4927 117906.000 18360.000 0 0 0.000 0.000 0.000 0.253 0 1 0 0 0 0
 4928 144788.000 29244.000 0 0 0.000 0.000 0.000 200000.000 0 1 0 200 0 0
 4929 149622.000 32652.000 0 0 0.000 0.000 0.000 200000.000 0 1 0 200 0 0
 4930 156628.000 38272.000 0 0 0.000 0.000 0.000 200000.000 0 1 0 200 0 0
 4931 165379.000 49091.000 0 0 0.000 0.000 0.000 200000.000 0 1 0 200 0 0
 4932 178895.000 71717.000 0 0 0.000 0.000 0.000 200000.000 0 1 0 200 0 0
 4933 168078.000 148507.000 0 0 54.000 48.000 2592.000 50.911 0 1 66 200 0 0
 4934 161254.000 156870.000 0 0 0.000 0.000 0.000 0.237 0 1 0 0 0 0
 4935 161041.000 157033.000 0 0 0.000 0.000 0.000 0.200 0 1 0 0 0 0
 4936 159975.000 158189.000 0 0 52.000 52.000 2704.000 52.000 0 1 69 200 0 0
 4937 152646.000 164868.000 0 0 50.000 54.000 2700.000 51.961 0 1 94 200 0 0
 4938 152452.000 164940.000 0 0 50.000 54.000 2700.000 51.961 0 1 94 200 0 0
 4939 151836.000 165411.000 0 0 50.000 54.000 2700.000 51.961 0 1 69 200 0 0
 4940 147664.000 168670.000 0 0 48.000 54.000 2592.000 50.911 0 1 69 200 0 0
 4941 137634.000 174571.000 0 0 44.000 56.000 2464.000 49.638 0 1 69 200 0 0
 4942 133959.000 176261.000 0 0 0.000 0.000 0.000 200000.000 0 1 0 200 0 0
 4943 128181.000 178635.000 0 0 0.000 0.000 0.000 0.217 0 1 0 0 0 0
 4944 126380.000 179123.000 0 0 38.000 54.000 2052.000 45.299 0 1 113 200 0 0
 4945 122934.000 180288.000 0 0 0.000 0.000 0.000 0.216 0 1 0 0 0 0
 4946 84506.000 181862.000 0 0 0.000 0.000 0.000 200000.000 0 1 0 200 0 0
 4947 114466.000 182067.000 0 0 0.000 0.000 0.000 0.338 0 1 0 0 0 0
 4948 109829.000 182929.000 0 0 0.000 0.000 0.000 0.231 0 1 0 0 0 0
 4949 157358.000 159841.000 0 0 52.000 54.000 2808.000 52.990 0 1 89 200 0 0
 4950 96491.000 183329.000 0 0 0.000 0.000 0.000 0.244 0 1 0 0 0 0
 4951 42536.000 160434.000 0 0 52.000 54.000 2808.000 52.990 0 1 90 200 0 0
 4952 71886.000 178398.000 0 0 0.000 0.000 0.000 0.295 0 1 0 0 0 0
 4953 33723.000 150333.000 0 0 0.000 0.000 0.000 200000.000 0 1 0 200 0 0
 4954 66533.000 176627.000 0 0 0.000 0.000 0.000 200000.000 0 1 0 200 0 0
 4955 16915.000 105059.000 0 0 0.000 0.000 0.000 200000.000 0 1 0 200 0 0
 4956 57427.000 171748.000 0 0 0.000 0.000 0.000 200000.000 0 1 0 200 0 0
 4957 47886.000 165129.000 0 0 0.000 0.000 0.000 200000.000 0 1 0 200 0 0
 4958 16783.000 97727.000 0 0 0.000 0.000 0.000 200000.000 0 1 0 200 0 0
 4959 40032.000 157783.000 0 0 0.000 0.000 0.000 0.295 0 1 0 0 0 0
 4960 23072.000 131992.000 0 0 0.000 0.000 0.000 0.236 0 1 0 0 0 0
 4961 16765.000 101121.000 0 0 0.000 0.000 0.000 200000.000 0 1 0 200 0 0
 4962 73890.000 20483.000 0 0 0.000 0.000 0.000 200000.000 0 1 0 200 0 0
 4963 95456.000 16362.000 0 0 0.000 0.000 0.000 200000.000 0 1 0 200 0 0
 4964 177023.000 133347.000 0 0 0.000 0.000 0.000 200000.000 0 1 0 200 0 0
 4965 144731.000 29229.000 0 0 0.000 0.000 0.000 200000.000 0 1 0 200 0 0
 4966 171249.000 57136.000 0 0 0.000 0.000 0.000 200000.000 0 1 0 200 0 0
 4967 19203.000 114660.000 0 0 0.000 0.000 0.000 200000.000 0 1 0 200 0 0
 4968 176915.000 133242.000 0 0 0.000 0.000 0.000 200000.000 0 1 0 200 0 0
 4969 26714.000 137512.000 0 0 0.000 0.000 0.000 200000.000 0 1 0 200 0 0
 4970 170374.000 145435.000 0 0 0.000 0.000 0.000 0.266 0 1 0 0 0 0
 4971 167890.000 149265.000 0 0 56.000 48.000 2688.000 51.845 0 1 66 200 0 0
 4972 167866.000 149319.000 0 0 56.000 48.000 2688.000 51.845 0 1 66 200 0 0
 4973 164431.000 153710.000 0 0 54.000 52.000 2808.000 52.990 0 1 77 200 0 0
 4974 158461.000 159938.000 0 0 52.000 52.000 2704.000 52.000 0 1 89 200 0 0
 4975 157091.000 161366.000 0 0 52.000 54.000 2808.000 52.990 0 1 69 200 0 0
 4976 151826.000 165793.000 0 0 50.000 54.000 2700.000 51.961 0 1 69 200 0 0
 4977 151677.000 165936.000 0 0 50.000 54.000 2700.000 51.961 0 1 69 200 0 0
 4978 151596.000 165975.000 0 0 50.000 54.000 2700.000 51.961 0 1 69 200 0 0
 4979 149784.000 167309.000 0 0 48.000 56.000 2688.000 51.845 0 1 69 200 0 0
 4980 148508.000 168123.000 0 0 0.000 0.000 0.000 0.326 0 1 0 0 0 0
 4981 146209.000 169692.000 0 0 48.000 54.000 2592.000 50.911 0 1 69 200 0 0
 4982 140397.000 173224.000 0 0 46.000 54.000 2484.000 49.839 0 1 69 200 0 0
 4983 139729.000 173598.000 0 0 44.000 55.000 2420.000 49.193 0 1 69 200 0 0
 4984 137559.000 174652.000 0 0 44.000 56.000 2464.000 49.638 0 1 69 200 0 0
 4985 134930.000 176347.000 0 0 0.000 0.000 0.000 200000.000 0 1 0 200 0 0
 4986 129691.000 178205.000 0 0 40.000 56.000 2240.000 47.328 0 1 111 210 0 0
 4987 121149.000 180924.000 0 0 0.000 0.000 0.000 0.329 0 1 0 0 0 0
 4988 94387.000 183406.000 0 0 0.000 0.000 0.000 0.292 0 1 0 0 0 0
 4989 92916.000 183185.000 0 0 0.000 0.000 0.000 0.364 0 1 0 0 0 0
 4990 37757.000 155711.000 0 0 0.000 0.000 0.000 200000.000 0 1 0 200 0 0
 4991 166859.000 49212.000 0 0 0.000 0.000 0.000 200000.000 0 1 0 200 0 0
 4992 37694.000 155691.000 0 0 0.000 0.000 0.000 200000.000 0 1 0 200 0 0
 4993 18650.000 118817.000 0 0 0.000 0.000 0.000 200000.000 0 1 0 200 0 0
 4994 181399.000 79338.000 0 0 54.000 36.000 1944.000 44.090 0 1 4 200 0 0
 4995 18572.000 118778.000 0 0 0.000 0.000 0.000 200000.000 0 1 0 200 0 0
 4996 74645.000 20157.000 0 0 0.000 0.000 0.000 0.248 0 1 0 0 0 0
 4997 79211.000 18790.000 0 0 0.000 0.000 0.000 0.265 0 1 0 0 0 0
 4998 105700.000 16225.000 0 0 0.000 0.000 0.000 200000.000 0 1 0 200 0 0
 4999 117912.000 18760.000 0 0 0.000 0.000 0.000 200000.000 0 1 0 200 0 0
 5000 172779.000 57773.000 0 0 0.000 0.000 0.000 200000.000 0 1 0 200 0 0
 5001 181385.000 78740.000 0 0 56.000 36.000 2016.000 44.899 0 1 4 200 0 0
 5002 182597.000 84618.000 0 0 0.000 0.000 0.000 0.204 0 1 0 0 0 0
 5003 171928.000 143208.000 0 0 0.000 0.000 0.000 0.209 0 1 0 0 0 0
 5004 170576.000 145446.000 0 0 0.000 0.000 0.000 0.252 0 1 0 0 0 0
 5005 165936.000 152102.000 0 0 0.000 0.000 0.000 0.212 0 1 0 0 0 0
 5006 160524.000 158124.000 0 0 54.000 52.000 2808.000 52.990 0 1 69 200 0 0
 5007 158988.000 159672.000 0 0 52.000 52.000 2704.000 52.000 0 1 89 200 0 0
 5008 156393.000 162103.000 0 0 50.000 54.000 2700.000 51.961 0 1 69 200 0 0
 5009 155288.000 163066.000 0 0 52.000 52.000 2704.000 52.000 0 1 69 200 0 0
 5010 155042.000 163247.000 0 0 52.000 52.000 2704.000 52.000 0 1 69 200 0 0
 5011 150568.000 166985.000 0 0 50.000 54.000 2700.000 51.961 0 1 69 200 0 0
 5012 144444.000 171200.000 0 0 48.000 56.000 2688.000 51.845 0 1 97 200 0 0
 5013 143818.000 171642.000 0 0 48.000 56.000 2688.000 51.845 0 1 97 200 0 0
 5014 110019.000 183070.000 0 0 0.000 0.000 0.000 0.268 0 1 0 0 0 0
 5015 109206.000 183316.000 0 0 0.000 0.000 0.000 0.204 0 1 0 0 0 0
 5016 103012.000 183743.000 0 0 24.000 50.000 1200.000 34.641 0 1 117 200 0 0
 5017 103483.000 182880.000 0 0 26.000 50.000 1300.000 36.055 0 1 117 200 0 0
 5018 97502.000 16094.000 0 0 0.000 0.000 0.000 200000.000 0 1 0 200 0 0
 5019 62306.000 174819.000 0 0 0.000 0.000 0.000 200000.000 0 1 0 200 0 0
 5020 59846.000 26238.000 0 0 0.000 0.000 0.000 200000.000 0 1 0 200 0 0
 5021 132943.000 177218.000 0 0 42.000 54.000 2268.000 47.623 0 1 107 200 0 0
 5022 62520.000 24832.000 0 0 0.000 0.000 0.000 200000.000 0 1 0 200 0 0
 5023 125303.000 19719.000 0 0 0.000 0.000 0.000 200000.000 0 1 0 200 0 0
 5024 159677.000 40479.000 0 0 0.000 0.000 0.000 200000.000 0 1 0 200 0 0
 5025 183610.000 109189.000 0 0 0.000 0.000 0.000 200000.000 0 1 0 200 0 0
 5026 183032.000 114572.000 0 0 0.000 0.000 0.000 200000.000 0 1 0 200 0 0
 5027 173956.000 140140.000 0 0 54.000 44.000 2376.000 48.744 0 1 47 200 0 0
 5028 172443.000 142936.000 0 0 0.000 0.000 0.000 200000.000 0 1 0 200 0 0
 5029 172449.000 143005.000 0 0 0.000 0.000 0.000 200000.000 0 1 0 200 0 0
 5030 160840.000 158177.000 0 0 54.000 52.000 2808.000 52.990 0 1 69 200 0 0
 5031 160255.000 158653.000 0 0 52.000 52.000 2704.000 52.000 0 1 69 200 0 0
 5032 157963.000 160846.000 0 0 52.000 54.000 2808.000 52.990 0 1 69 200 0 0
 5033 157719.000 161114.000 0 0 52.000 54.000 2808.000 52.990 0 1 69 200 0 0
 5034 172611.000 140854.000 0 0 54.000 46.000 2484.000 49.839 0 1 47 200 0 0
 5035 149085.000 168212.000 0 0 0.000 0.000 0.000 0.221 0 1 0 0 0 0
 5036 147029.000 169657.000 0 0 46.000 54.000 2484.000 49.839 0 1 69 200 0 0
 5037 138899.000 174461.000 0 0 0.000 0.000 0.000 0.206 0 1 0 0 0 0
 5038 132126.000 177559.000 0 0 42.000 56.000 2352.000 48.497 0 1 107 200 0 0
 5039 129186.000 178677.000 0 0 40.000 56.000 2240.000 47.328 0 1 111 210 0 0
 5040 124754.000 180286.000 0 0 0.000 0.000 0.000 0.301 0 1 0 0 0 0
 5041 118894.000 181932.000 0 0 0.000 0.000 0.000 200000.000 0 1 0 200 0 0
 5042 121666.000 181094.000 0 0 0.000 0.000 0.000 0.277 0 1 0 0 0 0
 5043 115564.000 182421.000 0 0 0.000 0.000 0.000 0.206 0 1 0 0 0 0
 5044 16255.000 98684.000 0 0 0.000 0.000 0.000 200000.000 0 1 0 200 0 0
 5045 43554.000 37902.000 0 0 0.000 0.000 0.000 200000.000 0 1 0 200 0 0
 5046 72064.000 179186.000 0 0 0.000 0.000 0.000 200000.000 0 1 0 200 0 0
 5047 19924.000 125049.000 0 0 0.000 0.000 0.000 200000.000 0 1 0 200 0 0
 5048 16219.000 101233.000 0 0 0.000 0.000 0.000 0.203 0 1 0 0 0 0
 5049 91081.000 16452.000 0 0 0.000 0.000 0.000 0.329 0 1 0 0 0 0
 5050 158836.000 39533.000 0 0 0.000 0.000 0.000 0.277 0 1 0 0 0 0
 5051 160152.000 40762.000 0 0 0.000 0.000 0.000 200000.000 0 1 0 200 0 0
 5052 176847.000 134509.000 0 0 0.000 0.000 0.000 0.202 0 1 0 0 0 0
 5053 176852.000 134880.000 0 0 0.000 0.000 0.000 0.211 0 1 0 0 0 0
 5054 173414.000 141346.000 0 0 0.000 0.000 0.000 200000.000 0 1 0 200 0 0
 5055 168992.000 148457.000 0 0 0.000 0.000 0.000 0.202 0 1 0 0 0 0
 5056 168395.000 149315.000 0 0 56.000 48.000 2688.000 51.845 0 1 66 200 0 0
 5057 168204.000 149435.000 0 0 56.000 48.000 2688.000 51.845 0 1 66 200 0 0
 5058 166002.000 152324.000 0 0 0.000 0.000 0.000 0.205 0 1 0 0 0 0
 5059 161577.000 157642.000 0 0 0.000 0.000 0.000 0.212 0 1 0 0 0 0
 5060 161193.000 158019.000 0 0 54.000 52.000 2808.000 52.990 0 1 69 200 0 0
 5061 159936.000 159126.000 0 0 52.000 52.000 2704.000 52.000 0 1 69 200 0 0
 5062 159668.000 159609.000 0 0 52.000 52.000 2704.000 52.000 0 1 69 200 0 0
 5063 158914.000 160207.000 0 0 52.000 52.000 2704.000 52.000 0 1 69 200 0 0
 5064 158141.000 160863.000 0 0 52.000 54.000 2808.000 52.990 0 1 69 200 0 0
 5065 158155.000 160948.000 0 0 52.000 54.000 2808.000 52.990 0 1 69 200 0 0
 5066 150216.000 33128.000 0 0 0.000 0.000 0.000 200000.000 0 1 0 200 0 0
 5067 180965.000 79352.000 0 0 54.000 36.000 1944.000 44.090 0 1 4 200 0 0
 5068 181328.000 119621.000 0 0 0.000 0.000 0.000 200000.000 0 1 0 200 0 0
 5069 152532.000 165949.000 0 0 50.000 54.000 2700.000 51.961 0 1 69 200 0 0
 5070 152311.000 166054.000 0 0 50.000 54.000 2700.000 51.961 0 1 69 200 0 0
 5071 152029.000 166380.000 0 0 50.000 54.000 2700.000 51.961 0 1 69 200 0 0
 5072 147998.000 169283.000 0 0 48.000 54.000 2592.000 50.911 0 1 69 200 0 0
 5073 145072.000 171241.000 0 0 48.000 56.000 2688.000 51.845 0 1 69 200 0 0
 5074 144305.000 171629.000 0 0 48.000 56.000 2688.000 51.845 0 1 97 200 0 0
 5075 141781.000 173032.000 0 0 46.000 54.000 2484.000 49.839 0 1 103 200 0 0
 5076 140270.000 173977.000 0 0 44.000 54.000 2376.000 48.744 0 1 69 200 0 0
 5077 139876.000 174284.000 0 0 44.000 56.000 2464.000 49.638 0 1 69 200 0 0
 5078 138029.000 175115.000 0 0 44.000 56.000 2464.000 49.638 0 1 69 200 0 0
 5079 137037.000 175695.000 0 0 42.000 56.000 2352.000 48.497 0 1 69 200 0 0
 5080 126961.000 179699.000 0 0 40.000 54.000 2160.000 46.475 0 1 113 200 0 0
 5081 113357.000 183086.000 0 0 0.000 0.000 0.000 0.200 0 1 0 0 0 0
 5082 73130.000 179734.000 0 0 0.000 0.000 0.000 200000.000 0 1 0 200 0 0
 5083 95402.000 184066.000 0 0 0.000 0.000 0.000 200000.000 0 1 0 200 0 0
 5084 83155.000 182373.000 0 0 0.000 0.000 0.000 0.224 0 1 0 0 0 0
 5085 42139.000 160956.000 0 0 52.000 54.000 2808.000 52.990 0 1 90 200 0 0
 5086 73209.000 179666.000 0 0 0.000 0.000 0.000 200000.000 0 1 0 200 0 0
 5087 63806.000 175842.000 0 0 0.000 0.000 0.000 0.297 0 1 0 0 0 0
 5088 42428.000 161281.000 0 0 52.000 54.000 2808.000 52.990 0 1 90 200 0 0
 5089 89558.000 16221.000 0 0 0.000 0.000 0.000 200000.000 0 1 0 200 0 0
 5090 80686.000 181087.000 0 0 0.000 0.000 0.000 200000.000 0 1 0 200 0 0
 5091 111956.000 16353.000 0 0 0.000 0.000 0.000 200000.000 0 1 0 200 0 0
 5092 37569.000 156235.000 0 0 0.000 0.000 0.000 200000.000 0 1 0 200 0 0
 5093 125426.000 19556.000 0 0 0.000 0.000 0.000 200000.000 0 1 0 200 0 0
 5094 37494.000 156232.000 0 0 0.000 0.000 0.000 200000.000 0 1 0 200 0 0
 5095 184323.000 105158.000 0 0 0.000 0.000 0.000 200000.000 0 1 0 200 0 0
 5096 19941.000 125104.000 0 0 0.000 0.000 0.000 200000.000 0 1 0 200 0 0
 5097 71458.000 20790.000 0 0 0.000 0.000 0.000 200000.000 0 1 0 200 0 0
 5098 72501.000 20238.000 0 0 0.000 0.000 0.000 200000.000 0 1 0 200 0 0
 5099 89523.000 16363.000 0 0 0.000 0.000 0.000 200000.000 0 1 0 200 0 0
 5100 111885.000 16478.000 0 0 0.000 0.000 0.000 200000.000 0 1 0 200 0 0
 5101 146440.000 29294.000 0 0 0.000 0.000 0.000 200000.000 0 1 0 200 0 0
 5102 184193.000 107636.000 0 0 0.000 0.000 0.000 0.224 0 1 0 0 0 0
 5103 182054.000 120389.000 0 0 0.000 0.000 0.000 0.207 0 1 0 0 0 0
 5104 176446.000 136040.000 0 0 0.000 0.000 0.000 0.218 0 1 0 0 0 0
 5105 164870.000 154121.000 0 0 54.000 52.000 2808.000 52.990 0 1 77 200 0 0
 5106 164679.000 154207.000 0 0 54.000 52.000 2808.000 52.990 0 1 77 200 0 0
 5107 163896.000 155256.000 0 0 0.000 0.000 0.000 0.227 0 1 0 0 0 0
 5108 162297.000 157043.000 0 0 54.000 50.000 2700.000 51.961 0 1 69 200 0 0
 5109 157912.000 161421.000 0 0 52.000 54.000 2808.000 52.990 0 1 69 200 0 0
 5110 157534.000 161631.000 0 0 52.000 54.000 2808.000 52.990 0 1 69 200 0 0
 5111 155492.000 163651.000 0 0 52.000 52.000 2704.000 52.000 0 1 69 200 0 0
 5112 154563.000 164513.000 0 0 52.000 54.000 2808.000 52.990 0 1 69 200 0 0
 5113 151021.000 167271.000 0 0 50.000 54.000 2700.000 51.961 0 1 69 200 0 0
 5114 150299.000 167710.000 0 0 48.000 56.000 2688.000 51.845 0 1 69 200 0 0
 5115 148909.000 168760.000 0 0 48.000 54.000 2592.000 50.911 0 1 69 200 0 0
 5116 148192.000 169350.000 0 0 48.000 54.000 2592.000 50.911 0 1 69 200 0 0
 5117 147135.000 169944.000 0 0 46.000 54.000 2484.000 49.839 0 1 69 200 0 0
 5118 146093.000 170678.000 0 0 48.000 54.000 2592.000 50.911 0 1 69 200 0 0
 5119 145952.000 170681.000 0 0 48.000 54.000 2592.000 50.911 0 1 69 200 0 0
 5120 140710.000 173931.000 0 0 46.000 54.000 2484.000 49.839 0 1 103 200 0 0
 5121 138876.000 174907.000 0 0 0.000 0.000 0.000 0.219 0 1 0 0 0 0
 5122 134407.000 177325.000 0 0 42.000 54.000 2268.000 47.623 0 1 69 200 0 0
 5123 131864.000 178124.000 0 0 42.000 56.000 2352.000 48.497 0 1 107 200 0 0
 5124 107408.000 183904.000 0 0 0.000 0.000 0.000 0.224 0 1 0 0 0 0
 5125 98373.000 184191.000 0 0 0.000 0.000 0.000 200000.000 0 1 0 200 0 0
 5126 41982.000 160975.000 0 0 52.000 54.000 2808.000 52.990 0 1 90 200 0 0
 5127 29372.000 145912.000 0 0 0.000 0.000 0.000 200000.000 0 1 0 200 0 0
 5128 48762.000 166896.000 0 0 0.000 0.000 0.000 200000.000 0 1 0 200 0 0
 5129 93965.000 183330.000 0 0 0.000 0.000 0.000 200000.000 0 1 0 200 0 0
 5130 15932.000 97733.000 0 0 0.000 0.000 0.000 200000.000 0 1 0 200 0 0
 5131 29522.000 145883.000 0 0 0.000 0.000 0.000 200000.000 0 1 0 200 0 0
 5132 22663.000 133001.000 0 0 0.000 0.000 0.000 0.452 0 1 0 0 0 0
 5133 16341.000 91327.000 0 0 0.000 0.000 0.000 200000.000 0 1 0 200 0 0
 5134 41793.000 39105.000 0 0 0.000 0.000 0.000 200000.000 0 1 0 200 0 0
 5135 20506.000 71895.000 0 0 0.000 0.000 0.000 200000.000 0 1 0 200 0 0
 5136 22010.000 68384.000 0 0 0.000 0.000 0.000 200000.000 0 1 0 200 0 0
 5137 35035.000 46348.000 0 0 0.000 0.000 0.000 0.431 0 1 0 0 0 0
 5138 45949.000 34904.000 0 0 0.000 0.000 0.000 200000.000 0 1 0 200 0 0
 5139 182075.000 78551.000 0 0 56.000 36.000 2016.000 44.899 0 1 4 200 0 0
 5140 180269.000 126986.000 0 0 0.000 0.000 0.000 0.320 0 1 0 0 0 0
 5141 78925.000 18107.000 0 0 0.000 0.000 0.000 200000.000 0 1 0 200 0 0
 5142 173566.000 57785.000 0 0 0.000 0.000 0.000 200000.000 0 1 0 200 0 0
 5143 179450.000 70684.000 0 0 0.000 0.000 0.000 0.236 0 1 0 0 0 0
 5144 169654.000 148278.000 0 0 0.000 0.000 0.000 200000.000 0 1 0 200 0 0
 5145 164880.000 154256.000 0 0 54.000 52.000 2808.000 52.990 0 1 77 200 0 0
 5146 163049.000 156429.000 0 0 54.000 50.000 2700.000 51.961 0 1 69 200 0 0
 5147 162860.000 156516.000 0 0 54.000 50.000 2700.000 51.961 0 1 69 200 0 0
 5148 161547.000 158075.000 0 0 54.000 52.000 2808.000 52.990 0 1 69 200 0 0
 5149 160744.000 158808.000 0 0 52.000 52.000 2704.000 52.000 0 1 69 200 0 0
 5150 160688.000 158800.000 0 0 52.000 52.000 2704.000 52.000 0 1 69 200 0 0
 5151 160585.000 158931.000 0 0 52.000 52.000 2704.000 52.000 0 1 69 200 0 0
 5152 159703.000 160048.000 0 0 52.000 52.000 2704.000 52.000 0 1 69 200 0 0
 5153 159296.000 160379.000 0 0 52.000 52.000 2704.000 52.000 0 1 69 200 0 0
 5154 156786.000 162586.000 0 0 50.000 54.000 2700.000 51.961 0 1 69 200 0 0
 5155 155249.000 164031.000 0 0 52.000 52.000 2704.000 52.000 0 1 69 200 0 0
 5156 154120.000 164993.000 0 0 50.000 54.000 2700.000 51.961 0 1 69 200 0 0
 5157 153603.000 165397.000 0 0 50.000 54.000 2700.000 51.961 0 1 69 200 0 0
 5158 150103.000 168091.000 0 0 48.000 56.000 2688.000 51.845 0 1 69 200 0 0
 5159 150049.000 168265.000 0 0 48.000 56.000 2688.000 51.845 0 1 69 200 0 0
 5160 149799.000 168253.000 0 0 48.000 56.000 2688.000 51.845 0 1 69 200 0 0
 5161 149287.000 168719.000 0 0 48.000 54.000 2592.000 50.911 0 1 69 200 0 0
 5162 148458.000 169243.000 0 0 48.000 54.000 2592.000 50.911 0 1 69 200 0 0
 5163 147260.000 170052.000 0 0 46.000 54.000 2484.000 49.839 0 1 69 200 0 0
 5164 146891.000 170382.000 0 0 46.000 54.000 2484.000 49.839 0 1 69 200 0 0
 5165 146305.000 170648.000 0 0 48.000 54.000 2592.000 50.911 0 1 69 200 0 0
 5166 145879.000 171017.000 0 0 48.000 55.000 2640.000 51.380 0 1 69 200 0 0
 5167 145804.000 171036.000 0 0 48.000 56.000 2688.000 51.845 0 1 69 200 0 0
 5168 144776.000 171758.000 0 0 48.000 56.000 2688.000 51.845 0 1 97 200 0 0
 5169 144273.000 171977.000 0 0 48.000 56.000 2688.000 51.845 0 1 97 200 0 0
 5170 142831.000 172864.000 0 0 46.000 56.000 2576.000 50.754 0 1 103 200 0 0
 5171 142276.000 173134.000 0 0 46.000 56.000 2576.000 50.754 0 1 103 200 0 0
 5172 141336.000 173876.000 0 0 46.000 54.000 2484.000 49.839 0 1 103 200 0 0
 5173 137706.000 175625.000 0 0 44.000 56.000 2464.000 49.638 0 1 69 200 0 0
 5174 130881.000 178741.000 0 0 0.000 0.000 0.000 0.225 0 1 0 0 0 0
 5175 155688.000 162578.000 0 0 50.000 52.000 2600.000 50.990 0 1 69 200 0 0
 5176 123675.000 181180.000 0 0 36.000 55.000 1980.000 44.497 0 1 116 200 0 0
 5177 60622.000 174521.000 0 0 0.000 0.000 0.000 200000.000 0 1 0 200 0 0
 5178 122613.000 181366.000 0 0 0.000 0.000 0.000 0.262 0 1 0 0 0 0
 5179 21300.000 69727.000 0 0 0.000 0.000 0.000 200000.000 0 1 0 200 0 0
 5180 116181.000 182987.000 0 0 0.000 0.000 0.000 0.226 0 1 0 0 0 0
 5181 70737.000 20693.000 0 0 0.000 0.000 0.000 200000.000 0 1 0 200 0 0
 5182 110762.000 183667.000 0 0 0.000 0.000 0.000 0.411 0 1 0 0 0 0
 5183 107474.000 184100.000 0 0 0.000 0.000 0.000 0.227 0 1 0 0 0 0
 5184 93666.000 184192.000 0 0 0.000 0.000 0.000 0.219 0 1 0 0 0 0
 5185 87339.000 183461.000 0 0 0.000 0.000 0.000 0.211 0 1 0 0 0 0
 5186 84330.000 182821.000 0 0 0.000 0.000 0.000 0.204 0 1 0 0 0 0
 5187 21250.000 130128.000 0 0 0.000 0.000 0.000 0.458 0 1 0 0 0 0
 5188 46009.000 35059.000 0 0 0.000 0.000 0.000 200000.000 0 1 0 200 0 0
 5189 143585.000 27194.000 0 0 0.000 0.000 0.000 0.234 0 1 0 0 0 0
 5190 182350.000 78261.000 0 0 56.000 36.000 2016.000 44.899 0 1 4 200 0 0
 5191 184222.000 89557.000 0 0 0.000 0.000 0.000 0.268 0 1 0 0 0 0
 5192 183631.000 115033.000 0 0 0.000 0.000 0.000 0.226 0 1 0 0 0 0
 5193 164644.000 154836.000 0 0 54.000 52.000 2808.000 52.990 0 1 77 200 0 0
 5194 161969.000 157777.000 0 0 54.000 52.000 2808.000 52.990 0 1 69 200 0 0
 5195 161890.000 157915.000 0 0 54.000 52.000 2808.000 52.990 0 1 69 200 0 0
 5196 161703.000 158083.000 0 0 54.000 52.000 2808.000 52.990 0 1 69 200 0 0
 5197 158965.000 160888.000 0 0 52.000 52.000 2704.000 52.000 0 1 69 200 0 0
 5198 158266.000 161449.000 0 0 52.000 54.000 2808.000 52.990 0 1 69 200 0 0
 5199 156234.000 163366.000 0 0 50.000 52.000 2600.000 50.990 0 1 69 200 0 0
 5200 155768.000 163820.000 0 0 52.000 52.000 2704.000 52.000 0 1 69 200 0 0
 5201 152769.000 166241.000 0 0 50.000 54.000 2700.000 51.961 0 1 69 200 0 0
 5202 152026.000 166839.000 0 0 50.000 54.000 2700.000 51.961 0 1 69 200 0 0
 5203 150934.000 167574.000 0 0 50.000 54.000 2700.000 51.961 0 1 69 200 0 0
 5204 150338.000 168165.000 0 0 48.000 56.000 2688.000 51.845 0 1 69 200 0 0
 5205 149789.000 168605.000 0 0 48.000 56.000 2688.000 51.845 0 1 69 200 0 0
 5206 148993.000 169067.000 0 0 48.000 54.000 2592.000 50.911 0 1 69 200 0 0
 5207 146899.000 170549.000 0 0 46.000 54.000 2484.000 49.839 0 1 69 200 0 0
 5208 145724.000 171295.000 0 0 48.000 56.000 2688.000 51.845 0 1 69 200 0 0
 5209 141792.000 173669.000 0 0 46.000 54.000 2484.000 49.839 0 1 103 200 0 0
 5210 141308.000 174026.000 0 0 46.000 54.000 2484.000 49.839 0 1 103 200 0 0
 5211 137202.000 176175.000 0 0 42.000 56.000 2352.000 48.497 0 1 69 200 0 0
 5212 136729.000 176327.000 0 0 42.000 56.000 2352.000 48.497 0 1 69 200 0 0
 5213 126750.000 180452.000 0 0 38.000 54.000 2052.000 45.299 0 1 113 200 0 0
 5214 124436.000 181125.000 0 0 38.000 54.000 2052.000 45.299 0 1 116 200 0 0
 5215 82509.000 182845.000 0 0 0.000 0.000 0.000 200000.000 0 1 0 200 0 0
 5216 158726.000 38367.000 0 0 0.000 0.000 0.000 200000.000 0 1 0 200 0 0
 5217 89303.000 183845.000 0 0 0.000 0.000 0.000 0.216 0 1 0 0 0 0
 5218 165287.000 45608.000 0 0 0.000 0.000 0.000 200000.000 0 1 0 200 0 0
 5219 71900.000 179791.000 0 0 0.000 0.000 0.000 0.207 0 1 0 0 0 0
 5220 177497.000 65088.000 0 0 0.000 0.000 0.000 200000.000 0 1 0 200 0 0
 5221 84195.000 16755.000 0 0 0.000 0.000 0.000 0.346 0 1 0 0 0 0
 5222 158605.000 38417.000 0 0 0.000 0.000 0.000 200000.000 0 1 0 200 0 0
 5223 168192.000 49224.000 0 0 0.000 0.000 0.000 0.265 0 1 0 0 0 0
 5224 177473.000 65036.000 0 0 0.000 0.000 0.000 200000.000 0 1 0 200 0 0
 5225 179643.000 69953.000 0 0 0.000 0.000 0.000 200000.000 0 1 0 200 0 0
 5226 175138.000 139611.000 0 0 0.000 0.000 0.000 200000.000 0 1 0 200 0 0
 5227 184934.000 98701.000 0 0 0.000 0.000 0.000 0.276 0 1 0 0 0 0
 5228 154231.000 165497.000 0 0 50.000 54.000 2700.000 51.961 0 1 69 200 0 0
 5229 183769.000 115277.000 0 0 0.000 0.000 0.000 200000.000 0 1 0 200 0 0
 5230 180088.000 128815.000 0 0 0.000 0.000 0.000 0.227 0 1 0 0 0 0
 5231 175177.000 139571.000 0 0 0.000 0.000 0.000 200000.000 0 1 0 200 0 0
 5232 173112.000 143377.000 0 0 0.000 0.000 0.000 0.335 0 1 0 0 0 0
 5233 171185.000 146514.000 0 0 0.000 0.000 0.000 0.270 0 1 0 0 0 0
 5234 170625.000 147163.000 0 0 0.000 0.000 0.000 0.202 0 1 0 0 0 0
 5235 168554.000 150122.000 0 0 56.000 48.000 2688.000 51.845 0 1 66 200 0 0
 5236 167844.000 151129.000 0 0 54.000 50.000 2700.000 51.961 0 1 66 200 0 0
 5237 160812.000 159261.000 0 0 52.000 52.000 2704.000 52.000 0 1 69 200 0 0
 5238 156983.000 162889.000 0 0 50.000 54.000 2700.000 51.961 0 1 69 200 0 0
 5239 156735.000 163136.000 0 0 50.000 54.000 2700.000 51.961 0 1 69 200 0 0
 5240 152064.000 167087.000 0 0 50.000 54.000 2700.000 51.961 0 1 69 200 0 0
 5241 150947.000 167869.000 0 0 50.000 54.000 2700.000 51.961 0 1 69 200 0 0
 5242 150029.000 168673.000 0 0 48.000 56.000 2688.000 51.845 0 1 69 200 0 0
 5243 147988.000 169883.000 0 0 48.000 54.000 2592.000 50.911 0 1 69 200 0 0
 5244 147673.000 170179.000 0 0 48.000 54.000 2592.000 50.911 0 1 69 200 0 0
 5245 146307.000 171069.000 0 0 48.000 54.000 2592.000 50.911 0 1 69 200 0 0
 5246 145927.000 171417.000 0 0 48.000 56.000 2688.000 51.845 0 1 69 200 0 0
 5247 145626.000 171625.000 0 0 48.000 56.000 2688.000 51.845 0 1 69 200 0 0
 5248 145553.000 171700.000 0 0 48.000 56.000 2688.000 51.845 0 1 69 200 0 0
 5249 144499.000 172394.000 0 0 48.000 56.000 2688.000 51.845 0 1 97 200 0 0
 5250 144338.000 172286.000 0 0 48.000 56.000 2688.000 51.845 0 1 97 200 0 0
 5251 144106.000 172618.000 0 0 46.000 56.000 2576.000 50.754 0 1 97 200 0 0
 5252 143094.000 173210.000 0 0 46.000 56.000 2576.000 50.754 0 1 103 200 0 0
 5253 142726.000 173410.000 0 0 46.000 56.000 2576.000 50.754 0 1 103 200 0 0
 5254 140665.000 174518.000 0 0 44.000 54.000 2376.000 48.744 0 1 69 200 0 0
 5255 137113.000 176243.000 0 0 42.000 56.000 2352.000 48.497 0 1 69 200 0 0
 5256 136294.000 176840.000 0 0 42.000 56.000 2352.000 48.497 0 1 69 200 0 0
 5257 132227.000 178619.000 0 0 42.000 56.000 2352.000 48.497 0 1 69 200 0 0
 5258 125430.000 180914.000 0 0 38.000 54.000 2052.000 45.299 0 1 113 200 0 0
 5259 125332.000 181026.000 0 0 38.000 54.000 2052.000 45.299 0 1 113 200 0 0
 5260 102746.000 184614.000 0 0 0.000 0.000 0.000 0.203 0 1 0 0 0 0
 5261 102517.000 184853.000 0 0 0.000 0.000 0.000 200000.000 0 1 0 200 0 0
 5262 103710.000 183861.000 0 0 26.000 50.000 1300.000 36.055 0 1 117 200 0 0
 5263 20188.000 128509.000 0 0 0.000 0.000 0.000 200000.000 0 1 0 200 0 0
 5264 103150.000 14908.000 0 0 0.000 0.000 0.000 200000.000 0 1 0 200 0 0
 5265 137458.000 23611.000 0 0 0.000 0.000 0.000 200000.000 0 1 0 200 0 0
 5266 150832.000 31555.000 0 0 0.000 0.000 0.000 200000.000 0 1 0 200 0 0
 5267 172898.000 55647.000 0 0 0.000 0.000 0.000 200000.000 0 1 0 200 0 0
 5268 182378.000 77975.000 0 0 56.000 36.000 2016.000 44.899 0 1 4 200 0 0
 5269 185107.000 95730.000 0 0 0.000 0.000 0.000 0.259 0 1 0 0 0 0
 5270 180093.000 126911.000 0 0 0.000 0.000 0.000 200000.000 0 1 0 200 0 0
 5271 168361.000 150602.000 0 0 56.000 48.000 2688.000 51.845 0 1 66 200 0 0
 5272 162537.000 157651.000 0 0 54.000 50.000 2700.000 51.961 0 1 69 200 0 0
 5273 159916.000 160575.000 0 0 52.000 52.000 2704.000 52.000 0 1 69 200 0 0
 5274 157822.000 162366.000 0 0 50.000 54.000 2700.000 51.961 0 1 69 200 0 0
 5275 156662.000 163409.000 0 0 50.000 52.000 2600.000 50.990 0 1 69 200 0 0
 5276 153181.000 166342.000 0 0 50.000 54.000 2700.000 51.961 0 1 69 200 0 0
 5277 152894.000 166663.000 0 0 50.000 54.000 2700.000 51.961 0 1 69 200 0 0
 5278 150743.000 168345.000 0 0 48.000 56.000 2688.000 51.845 0 1 69 200 0 0
 5279 150154.000 168735.000 0 0 48.000 56.000 2688.000 51.845 0 1 69 200 0 0
 5280 149695.000 168934.000 0 0 48.000 56.000 2688.000 51.845 0 1 69 200 0 0
 5281 148418.000 169927.000 0 0 48.000 54.000 2592.000 50.911 0 1 69 200 0 0
 5282 146889.000 170924.000 0 0 48.000 54.000 2592.000 50.911 0 1 69 200 0 0
 5283 146126.000 171418.000 0 0 48.000 55.000 2640.000 51.380 0 1 69 200 0 0
 5284 146078.000 171584.000 0 0 48.000 56.000 2688.000 51.845 0 1 69 200 0 0
 5285 142715.000 173529.000 0 0 46.000 56.000 2576.000 50.754 0 1 103 200 0 0
 5286 140940.000 174581.000 0 0 46.000 54.000 2484.000 49.839 0 1 103 200 0 0
 5287 139312.000 175443.000 0 0 44.000 56.000 2464.000 49.638 0 1 69 200 0 0
 5288 136355.000 176837.000 0 0 42.000 56.000 2352.000 48.497 0 1 69 200 0 0
 5289 136226.000 176936.000 0 0 42.000 56.000 2352.000 48.497 0 1 69 200 0 0
 5290 136029.000 177035.000 0 0 42.000 56.000 2352.000 48.497 0 1 69 200 0 0
 5291 133510.000 178129.000 0 0 0.000 0.000 0.000 0.240 0 1 0 0 0 0
 5292 126206.000 180832.000 0 0 38.000 54.000 2052.000 45.299 0 1 113 200 0 0
 5293 123883.000 181872.000 0 0 38.000 55.000 2090.000 45.716 0 1 116 200 0 0
 5294 70598.000 179540.000 0 0 0.000 0.000 0.000 0.200 0 1 0 0 0 0
 5295 23232.000 135903.000 0 0 0.000 0.000 0.000 200000.000 0 1 0 200 0 0
 5296 166357.000 46104.000 0 0 0.000 0.000 0.000 200000.000 0 1 0 200 0 0
 5297 184884.000 91193.000 0 0 0.000 0.000 0.000 200000.000 0 1 0 200 0 0
 5298 17255.000 119119.000 0 0 0.000 0.000 0.000 200000.000 0 1 0 200 0 0
 5299 16996.000 82630.000 0 0 0.000 0.000 0.000 200000.000 0 1 0 200 0 0
 5300 175913.000 138991.000 0 0 0.000 0.000 0.000 0.178 0 1 0 0 0 0
 5301 69105.000 20650.000 0 0 0.000 0.000 0.000 200000.000 0 1 0 200 0 0
 5302 69137.000 20577.000 0 0 0.000 0.000 0.000 200000.000 0 1 0 200 0 0
 5303 131151.000 179414.000 0 0 0.000 0.000 0.000 200000.000 0 1 0 200 0 0
 5304 103093.000 14894.000 0 0 0.000 0.000 0.000 200000.000 0 1 0 200 0 0
 5305 184049.000 85261.000 0 0 0.000 0.000 0.000 200000.000 0 1 0 200 0 0
 5306 184098.000 114719.000 0 0 0.000 0.000 0.000 0.213 0 1 0 0 0 0
 5307 183600.000 116817.000 0 0 0.000 0.000 0.000 0.200 0 1 0 0 0 0
 5308 182639.000 121309.000 0 0 0.000 0.000 0.000 0.202 0 1 0 0 0 0
 5309 182140.000 123076.000 0 0 0.000 0.000 0.000 0.273 0 1 0 0 0 0
 5310 180222.000 129125.000 0 0 0.000 0.000 0.000 0.220 0 1 0 0 0 0
 5311 165818.000 154291.000 0 0 0.000 0.000 0.000 0.217 0 1 0 0 0 0
 5312 159394.000 161151.000 0 0 52.000 52.000 2704.000 52.000 0 1 69 200 0 0
 5313 159135.000 161536.000 0 0 52.000 54.000 2808.000 52.990 0 1 69 200 0 0
 5314 159125.000 161609.000 0 0 52.000 54.000 2808.000 52.990 0 1 69 200 0 0
 5315 157754.000 162636.000 0 0 50.000 54.000 2700.000 51.961 0 1 69 200 0 0
 5316 156409.000 163986.000 0 0 52.000 52.000 2704.000 52.000 0 1 69 200 0 0
 5317 156260.000 163946.000 0 0 52.000 52.000 2704.000 52.000 0 1 69 200 0 0
 5318 154944.000 165015.000 0 0 52.000 54.000 2808.000 52.990 0 1 69 200 0 0
 5319 154911.000 165161.000 0 0 52.000 54.000 2808.000 52.990 0 1 69 200 0 0
 5320 154546.000 165616.000 0 0 50.000 54.000 2700.000 51.961 0 1 69 200 0 0
 5321 149846.000 169033.000 0 0 48.000 56.000 2688.000 51.845 0 1 69 200 0 0
 5322 147635.000 170640.000 0 0 46.000 54.000 2484.000 49.839 0 1 69 200 0 0
 5323 146441.000 171485.000 0 0 48.000 54.000 2592.000 50.911 0 1 69 200 0 0
 5324 145136.000 172255.000 0 0 48.000 56.000 2688.000 51.845 0 1 69 200 0 0
 5325 144478.000 172721.000 0 0 48.000 56.000 2688.000 51.845 0 1 97 200 0 0
 5326 143839.000 173003.000 0 0 46.000 56.000 2576.000 50.754 0 1 97 200 0 0
 5327 140121.000 175213.000 0 0 44.000 56.000 2464.000 49.638 0 1 69 200 0 0
 5328 137175.000 176635.000 0 0 42.000 56.000 2352.000 48.497 0 1 69 200 0 0
 5329 136170.000 177221.000 0 0 42.000 56.000 2352.000 48.497 0 1 69 200 0 0
 5330 133121.000 178453.000 0 0 0.000 0.000 0.000 0.381 0 1 0 0 0 0
 5331 120202.000 182696.000 0 0 0.000 0.000 0.000 0.202 0 1 0 0 0 0
 5332 77896.000 182078.000 0 0 0.000 0.000 0.000 200000.000 0 1 0 200 0 0
 5333 127846.000 179646.000 0 0 0.000 0.000 0.000 200000.000 0 1 0 200 0 0
 5334 81448.000 182928.000 0 0 0.000 0.000 0.000 0.274 0 1 0 0 0 0
 5335 63631.000 176831.000 0 0 0.000 0.000 0.000 0.393 0 1 0 0 0 0
 5336 62206.000 176292.000 0 0 0.000 0.000 0.000 200000.000 0 1 0 200 0 0
 5337 17585.000 120489.000 0 0 0.000 0.000 0.000 200000.000 0 1 0 200 0 0
 5338 59899.000 175099.000 0 0 0.000 0.000 0.000 200000.000 0 1 0 200 0 0
 5339 50969.000 30394.000 0 0 0.000 0.000 0.000 200000.000 0 1 0 200 0 0
 5340 53432.000 171053.000 0 0 0.000 0.000 0.000 200000.000 0 1 0 200 0 0
 5341 54902.000 27565.000 0 0 0.000 0.000 0.000 200000.000 0 1 0 200 0 0
 5342 154452.000 34057.000 0 0 0.000 0.000 0.000 200000.000 0 1 0 200 0 0
 5343 170242.000 50965.000 0 0 0.000 0.000 0.000 200000.000 0 1 0 200 0 0
 5344 182587.000 77182.000 0 0 56.000 36.000 2016.000 44.899 0 1 4 200 0 0
 5345 184496.000 86817.000 0 0 0.000 0.000 0.000 0.415 0 1 0 0 0 0
 5346 185451.000 96458.000 0 0 0.000 0.000 0.000 0.239 0 1 0 0 0 0
 5347 185845.000 99932.000 0 0 0.000 0.000 0.000 200000.000 0 1 0 200 0 0
 5348 179939.000 130564.000 0 0 0.000 0.000 0.000 0.202 0 1 0 0 0 0
 5349 180483.000 126827.000 0 0 0.000 0.000 0.000 200000.000 0 1 0 200 0 0
 5350 169594.000 149689.000 0 0 0.000 0.000 0.000 0.274 0 1 0 0 0 0
 5351 167217.000 152712.000 0 0 0.000 0.000 0.000 0.201 0 1 0 0 0 0
 5352 167098.000 152908.000 0 0 0.000 0.000 0.000 0.201 0 1 0 0 0 0
 5353 166283.000 153965.000 0 0 0.000 0.000 0.000 0.208 0 1 0 0 0 0
 5354 162338.000 158398.000 0 0 54.000 52.000 2808.000 52.990 0 1 69 200 0 0
 5355 160974.000 159786.000 0 0 52.000 52.000 2704.000 52.000 0 1 69 200 0 0
 5356 160782.000 160005.000 0 0 52.000 52.000 2704.000 52.000 0 1 69 200 0 0
 5357 158119.000 162591.000 0 0 52.000 54.000 2808.000 52.990 0 1 69 200 0 0
 5358 155152.000 165386.000 0 0 52.000 54.000 2808.000 52.990 0 1 69 200 0 0
 5359 154182.000 165977.000 0 0 50.000 54.000 2700.000 51.961 0 1 69 200 0 0
 5360 151638.000 167995.000 0 0 50.000 54.000 2700.000 51.961 0 1 69 200 0 0
 5361 151311.000 168260.000 0 0 50.000 54.000 2700.000 51.961 0 1 69 200 0 0
 5362 150342.000 169118.000 0 0 48.000 56.000 2688.000 51.845 0 1 69 200 0 0
 5363 149332.000 169848.000 0 0 48.000 54.000 2592.000 50.911 0 1 69 200 0 0
 5364 147346.000 171150.000 0 0 46.000 54.000 2484.000 49.839 0 1 69 200 0 0
 5365 146447.000 171607.000 0 0 48.000 54.000 2592.000 50.911 0 1 69 200 0 0
 5366 145562.000 172204.000 0 0 48.000 56.000 2688.000 51.845 0 1 69 200 0 0
 5367 145518.000 172182.000 0 0 48.000 56.000 2688.000 51.845 0 1 69 200 0 0
 5368 144427.000 172986.000 0 0 47.000 56.000 2632.000 51.303 0 1 97 200 0 0
 5369 141509.000 174540.000 0 0 46.000 54.000 2484.000 49.839 0 1 103 200 0 0
 5370 139648.000 175550.000 0 0 44.000 56.000 2464.000 49.638 0 1 69 200 0 0
 5371 139539.000 175687.000 0 0 44.000 56.000 2464.000 49.638 0 1 69 200 0 0
 5372 135995.000 177329.000 0 0 42.000 56.000 2352.000 48.497 0 1 69 200 0 0
 5373 134759.000 177901.000 0 0 42.000 54.000 2268.000 47.623 0 1 69 200 0 0
 5374 132324.000 178976.000 0 0 42.000 56.000 2352.000 48.497 0 1 69 200 0 0
 5375 132144.000 178989.000 0 0 42.000 56.000 2352.000 48.497 0 1 69 200 0 0
 5376 124207.000 181788.000 0 0 38.000 54.000 2052.000 45.299 0 1 116 200 0 0
 5377 123787.000 182076.000 0 0 36.000 56.000 2016.000 44.899 0 1 116 200 0 0
 5378 69617.000 179687.000 0 0 0.000 0.000 0.000 200000.000 0 1 0 200 0 0
 5379 49973.000 169073.000 0 0 0.000 0.000 0.000 200000.000 0 1 0 200 0 0
 5380 56494.000 173369.000 0 0 0.000 0.000 0.000 200000.000 0 1 0 200 0 0
 5381 41145.000 161402.000 0 0 0.000 0.000 0.000 200000.000 0 1 0 200 0 0
 5382 17794.000 121980.000 0 0 0.000 0.000 0.000 200000.000 0 1 0 200 0 0
 5383 15657.000 87643.000 0 0 0.000 0.000 0.000 0.214 0 1 0 0 0 0
 5384 51463.000 29839.000 0 0 0.000 0.000 0.000 200000.000 0 1 0 200 0 0
 5385 60555.000 24314.000 0 0 0.000 0.000 0.000 200000.000 0 1 0 200 0 0
 5386 79626.000 16875.000 0 0 0.000 0.000 0.000 200000.000 0 1 0 200 0 0
 5387 150960.000 31106.000 0 0 0.000 0.000 0.000 200000.000 0 1 0 200 0 0
 5388 174486.000 57412.000 0 0 0.000 0.000 0.000 200000.000 0 1 0 200 0 0
 5389 175047.000 141563.000 0 0 0.000 0.000 0.000 200000.000 0 1 0 200 0 0
 5390 174548.000 57438.000 0 0 0.000 0.000 0.000 200000.000 0 1 0 200 0 0
 5391 180558.000 70725.000 0 0 0.000 0.000 0.000 0.202 0 1 0 0 0 0
 5392 181689.000 73592.000 0 0 0.000 0.000 0.000 200000.000 0 1 0 200 0 0
 5393 170377.000 147525.000 0 0 0.000 0.000 0.000 200000.000 0 1 0 200 0 0
 5394 182145.000 75489.000 0 0 0.000 0.000 0.000 0.293 0 1 0 0 0 0
 5395 183100.000 77774.000 0 0 56.000 36.000 2016.000 44.899 0 1 4 200 0 0
 5396 185703.000 99878.000 0 0 0.000 0.000 0.000 200000.000 0 1 0 200 0 0
 5397 178384.000 134592.000 0 0 0.000 0.000 0.000 0.216 0 1 0 0 0 0
 5398 178450.000 132395.000 0 0 0.000 0.000 0.000 200000.000 0 1 0 200 0 0
 5399 177264.000 135051.000 0 0 0.000 0.000 0.000 200000.000 0 1 0 200 0 0
 5400 174948.000 141447.000 0 0 0.000 0.000 0.000 200000.000 0 1 0 200 0 0
 5401 170359.000 148940.000 0 0 0.000 0.000 0.000 0.218 0 1 0 0 0 0
 5402 165714.000 155004.000 0 0 0.000 0.000 0.000 0.225 0 1 0 0 0 0
 5403 163092.000 158070.000 0 0 54.000 50.000 2700.000 51.961 0 1 69 200 0 0
 5404 160133.000 161066.000 0 0 52.000 52.000 2704.000 52.000 0 1 69 200 0 0
 5405 156809.000 163962.000 0 0 50.000 52.000 2600.000 50.990 0 1 69 200 0 0
 5406 153795.000 166526.000 0 0 50.000 54.000 2700.000 51.961 0 1 69 200 0 0
 5407 153125.000 166994.000 0 0 50.000 54.000 2700.000 51.961 0 1 69 200 0 0
 5408 149166.000 170190.000 0 0 48.000 54.000 2592.000 50.911 0 1 69 200 0 0
 5409 148716.000 170304.000 0 0 48.000 54.000 2592.000 50.911 0 1 69 200 0 0
 5410 145065.000 172692.000 0 0 48.000 56.000 2688.000 51.845 0 1 69 200 0 0
 5411 139377.000 175918.000 0 0 44.000 56.000 2464.000 49.638 0 1 69 200 0 0
 5412 138310.000 176579.000 0 0 44.000 56.000 2464.000 49.638 0 1 108 200 0 0
 5413 135878.000 177555.000 0 0 42.000 56.000 2352.000 48.497 0 1 69 200 0 0
 5414 135845.000 177622.000 0 0 42.000 56.000 2352.000 48.497 0 1 69 200 0 0
 5415 135672.000 177656.000 0 0 42.000 56.000 2352.000 48.497 0 1 69 200 0 0
 5416 129626.000 180113.000 0 0 0.000 0.000 0.000 0.388 0 1 0 0 0 0
 5417 122701.000 182505.000 0 0 0.000 0.000 0.000 200000.000 0 1 0 200 0 0
 5418 22530.000 136006.000 0 0 0.000 0.000 0.000 200000.000 0 1 0 200 0 0
 5419 122662.000 182568.000 0 0 0.000 0.000 0.000 200000.000 0 1 0 200 0 0
 5420 122459.000 182492.000 0 0 0.000 0.000 0.000 0.216 0 1 0 0 0 0
 5421 145467.000 27063.000 0 0 0.000 0.000 0.000 200000.000 0 1 0 200 0 0
 5422 169393.000 49195.000 0 0 0.000 0.000 0.000 200000.000 0 1 0 200 0 0
 5423 104678.000 184606.000 0 0 0.000 0.000 0.000 200000.000 0 1 0 200 0 0
 5424 183585.000 79669.000 0 0 0.000 0.000 0.000 200000.000 0 1 0 200 0 0
 5425 82975.000 183622.000 0 0 0.000 0.000 0.000 0.323 0 1 0 0 0 0
 5426 74751.000 180696.000 0 0 0.000 0.000 0.000 200000.000 0 1 0 200 0 0
 5427 45913.000 166027.000 0 0 0.000 0.000 0.000 0.219 0 1 0 0 0 0
 5428 34040.000 154110.000 0 0 0.000 0.000 0.000 0.203 0 1 0 0 0 0
 5429 22668.000 136000.000 0 0 0.000 0.000 0.000 200000.000 0 1 0 200 0 0
 5430 15973.000 114595.000 0 0 0.000 0.000 0.000 0.299 0 1 0 0 0 0
 5431 119575.000 16381.000 0 0 0.000 0.000 0.000 200000.000 0 1 0 200 0 0
 5432 145340.000 27168.000 0 0 0.000 0.000 0.000 200000.000 0 1 0 200 0 0
 5433 148226.000 28940.000 0 0 0.000 0.000 0.000 0.200 0 1 0 0 0 0
 5434 169225.000 49253.000 0 0 0.000 0.000 0.000 200000.000 0 1 0 200 0 0
 5435 183411.000 79657.000 0 0 0.000 0.000 0.000 200000.000 0 1 0 200 0 0
 5436 184947.000 86448.000 0 0 0.000 0.000 0.000 200000.000 0 1 0 200 0 0
 5437 185636.000 107245.000 0 0 0.000 0.000 0.000 0.203 0 1 0 0 0 0
 5438 178155.000 135248.000 0 0 0.000 0.000 0.000 0.200 0 1 0 0 0 0
 5439 177707.000 136434.000 0 0 0.000 0.000 0.000 0.218 0 1 0 0 0 0
 5440 175687.000 138850.000 0 0 0.000 0.000 0.000 200000.000 0 1 0 200 0 0
 5441 168013.000 152377.000 0 0 0.000 0.000 0.000 0.275 0 1 0 0 0 0
 5442 167805.000 152647.000 0 0 0.000 0.000 0.000 0.221 0 1 0 0 0 0
 5443 162462.000 158943.000 0 0 54.000 52.000 2808.000 52.990 0 1 69 200 0 0
 5444 161566.000 159689.000 0 0 52.000 52.000 2704.000 52.000 0 1 69 200 0 0
 5445 161089.000 160181.000 0 0 52.000 52.000 2704.000 52.000 0 1 69 200 0 0
 5446 158125.000 163204.000 0 0 50.000 54.000 2700.000 51.961 0 1 69 200 0 0
 5447 157365.000 163607.000 0 0 50.000 54.000 2700.000 51.961 0 1 69 200 0 0
 5448 156061.000 165004.000 0 0 52.000 52.000 2704.000 52.000 0 1 69 200 0 0
 5449 149866.000 169616.000 0 0 48.000 54.000 2592.000 50.911 0 1 69 200 0 0
 5450 149892.000 169766.000 0 0 48.000 54.000 2592.000 50.911 0 1 69 200 0 0
 5451 149591.000 169867.000 0 0 48.000 54.000 2592.000 50.911 0 1 69 200 0 0
 5452 148563.000 170763.000 0 0 48.000 54.000 2592.000 50.911 0 1 69 200 0 0
 5453 142790.000 174267.000 0 0 46.000 54.000 2484.000 49.839 0 1 69 200 0 0
 5454 141498.000 174953.000 0 0 46.000 54.000 2484.000 49.839 0 1 69 200 0 0
 5455 139517.000 175983.000 0 0 44.000 56.000 2464.000 49.638 0 1 69 200 0 0
 5456 138244.000 176677.000 0 0 44.000 56.000 2464.000 49.638 0 1 108 200 0 0
 5457 137842.000 176949.000 0 0 44.000 56.000 2464.000 49.638 0 1 108 200 0 0
 5458 137069.000 177344.000 0 0 42.000 56.000 2352.000 48.497 0 1 69 200 0 0
 5459 135602.000 177849.000 0 0 42.000 54.000 2268.000 47.623 0 1 69 200 0 0
 5460 131830.000 179553.000 0 0 42.000 56.000 2352.000 48.497 0 1 69 200 0 0
 5461 128206.000 180930.000 0 0 40.000 54.000 2160.000 46.475 0 1 115 200 0 0
 5462 124815.000 182308.000 0 0 38.000 54.000 2052.000 45.299 0 1 116 200 0 0
 5463 115985.000 184097.000 0 0 0.000 0.000 0.000 200000.000 0 1 0 200 0 0
 5464 109457.000 185070.000 0 0 0.000 0.000 0.000 0.263 0 1 0 0 0 0
 5465 103367.000 185498.000 0 0 0.000 0.000 0.000 0.239 0 1 0 0 0 0
 5466 179040.000 66012.000 0 0 0.000 0.000 0.000 0.125 0 1 0 0 0 0
 5467 99002.000 185725.000 0 0 0.000 0.000 0.000 200000.000 0 1 0 200 0 0
 5468 116272.000 183392.000 0 0 0.000 0.000 0.000 200000.000 0 1 0 200 0 0
 5469 185794.000 93785.000 0 0 0.000 0.000 0.000 200000.000 0 1 0 200 0 0
 5470 169015.000 151484.000 0 0 0.000 0.000 0.000 200000.000 0 1 0 200 0 0
 5471 37182.000 41605.000 0 0 0.000 0.000 0.000 200000.000 0 1 0 200 0 0
 5472 39826.000 39087.000 0 0 0.000 0.000 0.000 0.361 0 1 0 0 0 0
 5473 172838.000 54201.000 0 0 0.000 0.000 0.000 0.205 0 1 0 0 0 0
 5474 179364.000 66531.000 0 0 0.000 0.000 0.000 200000.000 0 1 0 200 0 0
 5475 179437.000 66558.000 0 0 0.000 0.000 0.000 200000.000 0 1 0 200 0 0
 5476 183331.000 81348.000 0 0 0.000 0.000 0.000 200000.000 0 1 0 200 0 0
 5477 185849.000 105534.000 0 0 0.000 0.000 0.000 0.460 0 1 0 0 0 0
 5478 184575.000 110580.000 0 0 0.000 0.000 0.000 200000.000 0 1 0 200 0 0
 5479 183115.000 118784.000 0 0 0.000 0.000 0.000 200000.000 0 1 0 200 0 0
 5480 177362.000 137540.000 0 0 0.000 0.000 0.000 0.252 0 1 0 0 0 0
 5481 165229.000 156066.000 0 0 52.000 52.000 2704.000 52.000 0 1 69 200 0 0
 5482 164298.000 157039.000 0 0 0.000 0.000 0.000 0.253 0 1 0 0 0 0
 5483 163090.000 158343.000 0 0 54.000 50.000 2700.000 51.961 0 1 69 200 0 0
 5484 162970.000 158494.000 0 0 54.000 52.000 2808.000 52.990 0 1 69 200 0 0
 5485 160220.000 161355.000 0 0 52.000 52.000 2704.000 52.000 0 1 69 200 0 0
 5486 159336.000 162230.000 0 0 52.000 54.000 2808.000 52.990 0 1 69 200 0 0
 5487 158845.000 162674.000 0 0 52.000 54.000 2808.000 52.990 0 1 69 200 0 0
 5488 156857.000 164570.000 0 0 52.000 52.000 2704.000 52.000 0 1 69 200 0 0
 5489 156662.000 164641.000 0 0 52.000 52.000 2704.000 52.000 0 1 69 200 0 0
 5490 156367.000 164860.000 0 0 52.000 52.000 2704.000 52.000 0 1 69 200 0 0
 5491 154219.000 166647.000 0 0 50.000 54.000 2700.000 51.961 0 1 69 200 0 0
 5492 154037.000 166781.000 0 0 50.000 54.000 2700.000 51.961 0 1 69 200 0 0
 5493 153347.000 167515.000 0 0 50.000 54.000 2700.000 51.961 0 1 69 200 0 0
 5494 152791.000 167740.000 0 0 50.000 54.000 2700.000 51.961 0 1 69 200 0 0
 5495 152120.000 168372.000 0 0 50.000 54.000 2700.000 51.961 0 1 69 200 0 0
 5496 150983.000 169044.000 0 0 48.000 56.000 2688.000 51.845 0 1 69 200 0 0
 5497 150242.000 169691.000 0 0 48.000 56.000 2688.000 51.845 0 1 69 200 0 0
 5498 149379.000 170345.000 0 0 48.000 54.000 2592.000 50.911 0 1 69 200 0 0
 5499 147050.000 171837.000 0 0 48.000 54.000 2592.000 50.911 0 1 69 200 0 0
 5500 146655.000 172074.000 0 0 48.000 54.000 2592.000 50.911 0 1 69 200 0 0
 5501 146706.000 172229.000 0 0 48.000 54.000 2592.000 50.911 0 1 69 200 0 0
 5502 146563.000 172152.000 0 0 48.000 56.000 2688.000 51.845 0 1 69 200 0 0
 5503 141251.000 175332.000 0 0 46.000 54.000 2484.000 49.839 0 1 69 200 0 0
 5504 140396.000 175810.000 0 0 44.000 56.000 2464.000 49.638 0 1 69 200 0 0
 5505 120912.000 183169.000 0 0 0.000 0.000 0.000 0.200 0 1 0 0 0 0
 5506 115169.000 184443.000 0 0 32.000 54.000 1728.000 41.569 0 1 120 200 0 0
 5507 29206.000 51647.000 0 0 0.000 0.000 0.000 200000.000 0 1 0 200 0 0
 5508 55340.000 173269.000 0 0 0.000 0.000 0.000 200000.000 0 1 0 200 0 0
 5509 28262.000 52756.000 0 0 0.000 0.000 0.000 200000.000 0 1 0 200 0 0
 5510 124116.000 17210.000 0 0 0.000 0.000 0.000 200000.000 0 1 0 200 0 0
 5511 39071.000 39385.000 0 0 0.000 0.000 0.000 200000.000 0 1 0 200 0 0
 5512 119801.000 16259.000 0 0 0.000 0.000 0.000 200000.000 0 1 0 200 0 0
 5513 124033.000 17307.000 0 0 0.000 0.000 0.000 200000.000 0 1 0 200 0 0
 5514 175121.000 57672.000 0 0 0.000 0.000 0.000 0.467 0 1 0 0 0 0
 5515 71770.000 180208.000 0 0 0.000 0.000 0.000 200000.000 0 1 0 200 0 0
 5516 173373.000 56259.000 0 0 0.000 0.000 0.000 200000.000 0 1 0 200 0 0
 5517 177813.000 137108.000 0 0 0.000 0.000 0.000 0.282 0 1 0 0 0 0
 5518 177140.000 138602.000 0 0 56.000 44.000 2464.000 49.638 0 1 46 200 0 0
 5519 167314.000 153779.000 0 0 0.000 0.000 0.000 0.200 0 1 0 0 0 0
 5520 165623.000 155920.000 0 0 54.000 52.000 2808.000 52.990 0 1 69 200 0 0
 5521 161083.000 160844.000 0 0 52.000 52.000 2704.000 52.000 0 1 69 200 0 0
 5522 170811.000 147890.000 0 0 0.000 0.000 0.000 200000.000 0 1 0 200 0 0
 5523 160562.000 161238.000 0 0 52.000 52.000 2704.000 52.000 0 1 69 200 0 0
 5524 159571.000 162195.000 0 0 52.000 54.000 2808.000 52.990 0 1 69 200 0 0
 5525 158399.000 163211.000 0 0 50.000 54.000 2700.000 51.961 0 1 69 200 0 0
 5526 157125.000 164370.000 0 0 50.000 52.000 2600.000 50.990 0 1 69 200 0 0
 5527 155318.000 165896.000 0 0 52.000 54.000 2808.000 52.990 0 1 69 200 0 0
 5528 154641.000 166664.000 0 0 50.000 54.000 2700.000 51.961 0 1 69 200 0 0
 5529 154507.000 166748.000 0 0 50.000 54.000 2700.000 51.961 0 1 69 200 0 0
 5530 153852.000 167216.000 0 0 50.000 54.000 2700.000 51.961 0 1 69 200 0 0
 5531 148914.000 170830.000 0 0 48.000 54.000 2592.000 50.911 0 1 69 200 0 0
 5532 147622.000 171575.000 0 0 46.000 54.000 2484.000 49.839 0 1 69 200 0 0
 5533 147653.000 171833.000 0 0 46.000 54.000 2484.000 49.839 0 1 69 200 0 0
 5534 146360.000 172561.000 0 0 48.000 56.000 2688.000 51.845 0 1 69 200 0 0
 5535 143948.000 173896.000 0 0 46.000 56.000 2576.000 50.754 0 1 103 200 0 0
 5536 143774.000 174022.000 0 0 46.000 56.000 2576.000 50.754 0 1 103 200 0 0
 5537 143406.000 174414.000 0 0 46.000 56.000 2576.000 50.754 0 1 103 200 0 0
 5538 141806.000 175180.000 0 0 46.000 54.000 2484.000 49.839 0 1 69 200 0 0
 5539 140415.000 175980.000 0 0 44.000 56.000 2464.000 49.638 0 1 69 200 0 0
 5540 139212.000 176533.000 0 0 44.000 56.000 2464.000 49.638 0 1 69 200 0 0
 5541 138537.000 177000.000 0 0 44.000 56.000 2464.000 49.638 0 1 108 200 0 0
 5542 138489.000 177051.000 0 0 44.000 56.000 2464.000 49.638 0 1 108 200 0 0
 5543 136899.000 177744.000 0 0 42.000 56.000 2352.000 48.497 0 1 69 200 0 0
 5544 135122.000 178415.000 0 0 42.000 54.000 2268.000 47.623 0 1 69 200 0 0
 5545 132796.000 179634.000 0 0 42.000 56.000 2352.000 48.497 0 1 69 200 0 0
 5546 128029.000 181241.000 0 0 40.000 54.000 2160.000 46.475 0 1 115 200 0 0
 5547 127952.000 181319.000 0 0 40.000 54.000 2160.000 46.475 0 1 115 200 0 0
 5548 61659.000 176873.000 0 0 0.000 0.000 0.000 200000.000 0 1 0 200 0 0
 5549 14035.000 99614.000 0 0 0.000 0.000 0.000 200000.000 0 1 0 200 0 0
 5550 25022.000 57995.000 0 0 0.000 0.000 0.000 0.259 0 1 0 0 0 0
 5551 68731.000 19641.000 0 0 0.000 0.000 0.000 200000.000 0 1 0 200 0 0
 5552 34019.000 44695.000 0 0 0.000 0.000 0.000 200000.000 0 1 0 200 0 0
 5553 66055.000 20929.000 0 0 0.000 0.000 0.000 200000.000 0 1 0 200 0 0
 5554 68720.000 19760.000 0 0 0.000 0.000 0.000 200000.000 0 1 0 200 0 0
 5555 126106.000 17787.000 0 0 0.000 0.000 0.000 200000.000 0 1 0 200 0 0
 5556 132171.000 19788.000 0 0 0.000 0.000 0.000 200000.000 0 1 0 200 0 0
 5557 92439.000 184770.000 0 0 0.000 0.000 0.000 200000.000 0 1 0 200 0 0
 5558 185228.000 92096.000 0 0 0.000 0.000 0.000 200000.000 0 1 0 200 0 0
 5559 183966.000 120339.000 0 0 0.000 0.000 0.000 0.423 0 1 0 0 0 0
 5560 172671.000 146615.000 0 0 0.000 0.000 0.000 0.202 0 1 0 0 0 0
 5561 171960.000 147616.000 0 0 0.000 0.000 0.000 0.203 0 1 0 0 0 0
 5562 170744.000 149583.000 0 0 0.000 0.000 0.000 0.237 0 1 0 0 0 0
 5563 167408.000 153946.000 0 0 0.000 0.000 0.000 0.382 0 1 0 0 0 0
 5564 163551.000 158208.000 0 0 54.000 50.000 2700.000 51.961 0 1 69 200 0 0
 5565 161420.000 160505.000 0 0 52.000 52.000 2704.000 52.000 0 1 69 200 0 0
 5566 183007.000 121203.000 0 0 0.000 0.000 0.000 200000.000 0 1 0 200 0 0
 5567 158519.000 163238.000 0 0 50.000 54.000 2700.000 51.961 0 1 69 200 0 0
 5568 156294.000 165358.000 0 0 52.000 52.000 2704.000 52.000 0 1 69 200 0 0
 5569 155413.000 166204.000 0 0 52.000 54.000 2808.000 52.990 0 1 69 200 0 0
 5570 153776.000 167526.000 0 0 50.000 54.000 2700.000 51.961 0 1 69 200 0 0
 5571 153280.000 167777.000 0 0 50.000 54.000 2700.000 51.961 0 1 69 200 0 0
 5572 153193.000 167787.000 0 0 50.000 54.000 2700.000 51.961 0 1 69 200 0 0
 5573 152027.000 168797.000 0 0 50.000 54.000 2700.000 51.961 0 1 69 200 0 0
 5574 151856.000 168934.000 0 0 50.000 54.000 2700.000 51.961 0 1 69 200 0 0
 5575 150888.000 169725.000 0 0 48.000 56.000 2688.000 51.845 0 1 69 200 0 0
 5576 150773.000 169707.000 0 0 48.000 56.000 2688.000 51.845 0 1 69 200 0 0
 5577 145732.000 173075.000 0 0 48.000 56.000 2688.000 51.845 0 1 69 200 0 0
 5578 143854.000 174224.000 0 0 46.000 56.000 2576.000 50.754 0 1 103 200 0 0
 5579 136094.000 178303.000 0 0 42.000 56.000 2352.000 48.497 0 1 69 200 0 0
 5580 134088.000 179234.000 0 0 42.000 54.000 2268.000 47.623 0 1 69 200 0 0
 5581 133515.000 179416.000 0 0 42.000 56.000 2352.000 48.497 0 1 69 200 0 0
 5582 133044.000 179478.000 0 0 42.000 56.000 2352.000 48.497 0 1 69 200 0 0
 5583 131216.000 180241.000 0 0 42.000 56.000 2352.000 48.497 0 1 69 200 0 0
 5584 81930.000 184286.000 0 0 0.000 0.000 0.000 200000.000 0 1 0 200 0 0
 5585 110886.000 185516.000 0 0 0.000 0.000 0.000 0.259 0 1 0 0 0 0
 5586 103195.000 186106.000 0 0 0.000 0.000 0.000 0.205 0 1 0 0 0 0
 5587 108298.000 13873.000 0 0 0.000 0.000 0.000 200000.000 0 1 0 200 0 0
 5588 97180.000 186125.000 0 0 0.000 0.000 0.000 0.215 0 1 0 0 0 0
 5589 82012.000 184161.000 0 0 0.000 0.000 0.000 200000.000 0 1 0 200 0 0
 5590 18526.000 129413.000 0 0 0.000 0.000 0.000 200000.000 0 1 0 200 0 0
 5591 97485.000 13543.000 0 0 0.000 0.000 0.000 200000.000 0 1 0 200 0 0
 5592 181444.000 129611.000 0 0 0.000 0.000 0.000 200000.000 0 1 0 200 0 0
 5593 108231.000 14000.000 0 0 0.000 0.000 0.000 200000.000 0 1 0 200 0 0
 5594 147591.000 172281.000 0 0 48.000 54.000 2592.000 50.911 0 1 69 200 0 0
 5595 186450.000 106445.000 0 0 0.000 0.000 0.000 200000.000 0 1 0 200 0 0
 5596 178885.000 135457.000 0 0 0.000 0.000 0.000 0.211 0 1 0 0 0 0
 5597 176130.000 141115.000 0 0 0.000 0.000 0.000 0.211 0 1 0 0 0 0
 5598 172062.000 147862.000 0 0 0.000 0.000 0.000 0.232 0 1 0 0 0 0
 5599 165995.000 155982.000 0 0 54.000 52.000 2808.000 52.990 0 1 69 200 0 0
 5600 161928.000 160453.000 0 0 52.000 52.000 2704.000 52.000 0 1 69 200 0 0
 5601 161669.000 160576.000 0 0 52.000 52.000 2704.000 52.000 0 1 69 200 0 0
 5602 161360.000 160852.000 0 0 52.000 52.000 2704.000 52.000 0 1 69 200 0 0
 5603 161155.000 161145.000 0 0 52.000 52.000 2704.000 52.000 0 1 69 200 0 0
 5604 159929.000 162216.000 0 0 52.000 54.000 2808.000 52.990 0 1 69 200 0 0
 5605 157750.000 164471.000 0 0 50.000 54.000 2700.000 51.961 0 1 69 200 0 0
 5606 156830.000 165043.000 0 0 52.000 52.000 2704.000 52.000 0 1 69 200 0 0
 5607 156371.000 165652.000 0 0 52.000 52.000 2704.000 52.000 0 1 69 200 0 0
 5608 156173.000 165840.000 0 0 52.000 54.000 2808.000 52.990 0 1 69 200 0 0
 5609 155983.000 165842.000 0 0 52.000 54.000 2808.000 52.990 0 1 69 200 0 0
 5610 155590.000 166151.000 0 0 52.000 54.000 2808.000 52.990 0 1 69 200 0 0
 5611 155246.000 166618.000 0 0 50.000 54.000 2700.000 51.961 0 1 69 200 0 0
 5612 153062.000 168172.000 0 0 50.000 54.000 2700.000 51.961 0 1 69 200 0 0
 5613 152845.000 168459.000 0 0 50.000 54.000 2700.000 51.961 0 1 69 200 0 0
 5614 151836.000 169115.000 0 0 49.000 55.000 2695.000 51.913 0 1 69 200 0 0
 5615 149486.000 170844.000 0 0 48.000 54.000 2592.000 50.911 0 1 69 200 0 0
 5616 148778.000 171386.000 0 0 48.000 54.000 2592.000 50.911 0 1 69 200 0 0
 5617 148464.000 171655.000 0 0 48.000 54.000 2592.000 50.911 0 1 69 200 0 0
 5618 146626.000 172718.000 0 0 48.000 56.000 2688.000 51.845 0 1 69 200 0 0
 5619 146332.000 172787.000 0 0 48.000 56.000 2688.000 51.845 0 1 69 200 0 0
 5620 142890.000 174917.000 0 0 46.000 54.000 2484.000 49.839 0 1 69 200 0 0
 5621 140125.000 176610.000 0 0 44.000 56.000 2464.000 49.638 0 1 69 200 0 0
 5622 134796.000 179079.000 0 0 42.000 54.000 2268.000 47.623 0 1 69 200 0 0
 5623 134656.000 179193.000 0 0 42.000 54.000 2268.000 47.623 0 1 69 200 0 0
 5624 133840.000 179433.000 0 0 42.000 55.000 2310.000 48.062 0 1 69 200 0 0
 5625 133735.000 179568.000 0 0 42.000 56.000 2352.000 48.497 0 1 69 200 0 0
 5626 128486.000 181453.000 0 0 40.000 54.000 2160.000 46.475 0 1 115 200 0 0
 5627 125158.000 182518.000 0 0 38.000 54.000 2052.000 45.299 0 1 116 200 0 0
 5628 124157.000 182852.000 0 0 36.000 55.000 1980.000 44.497 0 1 118 200 0 0
 5629 19007.000 129258.000 0 0 0.000 0.000 0.000 0.195 0 1 0 0 0 0
 5630 122572.000 183311.000 0 0 0.000 0.000 0.000 0.266 0 1 0 0 0 0
 5631 114494.000 185092.000 0 0 32.000 54.000 1728.000 41.569 0 1 120 200 0 0
 5632 112401.000 185335.000 0 0 0.000 0.000 0.000 0.304 0 1 0 0 0 0
 5633 109525.000 185744.000 0 0 0.000 0.000 0.000 0.297 0 1 0 0 0 0
 5634 106084.000 186129.000 0 0 0.000 0.000 0.000 0.247 0 1 0 0 0 0
 5635 98094.000 186328.000 0 0 0.000 0.000 0.000 0.214 0 1 0 0 0 0
 5636 129333.000 180407.000 0 0 0.000 0.000 0.000 200000.000 0 1 0 200 0 0
 5637 182571.000 126324.000 0 0 0.000 0.000 0.000 200000.000 0 1 0 200 0 0
 5638 29012.000 50728.000 0 0 0.000 0.000 0.000 200000.000 0 1 0 200 0 0
 5639 72057.000 18053.000 0 0 0.000 0.000 0.000 200000.000 0 1 0 200 0 0
 5640 155701.000 33512.000 0 0 0.000 0.000 0.000 0.270 0 1 0 0 0 0
 5641 180718.000 67893.000 0 0 0.000 0.000 0.000 200000.000 0 1 0 200 0 0
 5642 185800.000 86825.000 0 0 0.000 0.000 0.000 200000.000 0 1 0 200 0 0
 5643 186746.000 100969.000 0 0 0.000 0.000 0.000 0.201 0 1 0 0 0 0
 5644 185973.000 96701.000 0 0 0.000 0.000 0.000 200000.000 0 1 0 200 0 0
 5645 185397.000 114869.000 0 0 0.000 0.000 0.000 200000.000 0 1 0 200 0 0
 5646 170705.000 150032.000 0 0 0.000 0.000 0.000 0.241 0 1 0 0 0 0
 5647 164168.000 158320.000 0 0 54.000 50.000 2700.000 51.961 0 1 88 200 0 0
 5648 163892.000 158658.000 0 0 54.000 50.000 2700.000 51.961 0 1 88 200 0 0
 5649 162876.000 159559.000 0 0 54.000 52.000 2808.000 52.990 0 1 69 200 0 0
 5650 183459.000 120907.000 0 0 0.000 0.000 0.000 200000.000 0 1 0 200 0 0
 5651 160621.000 161801.000 0 0 52.000 52.000 2704.000 52.000 0 1 69 200 0 0
 5652 160427.000 162018.000 0 0 52.000 52.000 2704.000 52.000 0 1 69 200 0 0
 5653 158463.000 163943.000 0 0 50.000 54.000 2700.000 51.961 0 1 69 200 0 0
 5654 151828.000 169230.000 0 0 48.000 56.000 2688.000 51.845 0 1 69 200 0 0
 5655 150668.000 170348.000 0 0 48.000 56.000 2688.000 51.845 0 1 69 200 0 0
 5656 150505.000 170391.000 0 0 48.000 54.000 2592.000 50.911 0 1 69 200 0 0
 5657 147367.000 172437.000 0 0 48.000 54.000 2592.000 50.911 0 1 69 200 0 0
 5658 139689.000 177006.000 0 0 44.000 56.000 2464.000 49.638 0 1 69 200 0 0
 5659 137378.000 178020.000 0 0 42.000 56.000 2352.000 48.497 0 1 69 200 0 0
 5660 136863.000 178299.000 0 0 42.000 56.000 2352.000 48.497 0 1 69 200 0 0
 5661 133969.000 179516.000 0 0 42.000 54.000 2268.000 47.623 0 1 69 200 0 0
 5662 111479.000 185847.000 0 0 0.000 0.000 0.000 200000.000 0 1 0 200 0 0
 5663 96070.000 186400.000 0 0 0.000 0.000 0.000 0.257 0 1 0 0 0 0
 5664 54323.000 173349.000 0 0 0.000 0.000 0.000 200000.000 0 1 0 200 0 0
 5665 90513.000 186039.000 0 0 0.000 0.000 0.000 200000.000 0 1 0 200 0 0
 5666 14558.000 113226.000 0 0 0.000 0.000 0.000 200000.000 0 1 0 200 0 0
 5667 54428.000 173501.000 0 0 0.000 0.000 0.000 200000.000 0 1 0 200 0 0
 5668 14109.000 108336.000 0 0 0.000 0.000 0.000 200000.000 0 1 0 200 0 0
 5669 54377.000 173473.000 0 0 0.000 0.000 0.000 200000.000 0 1 0 200 0 0
 5670 152587.000 167441.000 0 0 50.000 54.000 2700.000 51.961 0 1 69 200 0 0
 5671 14728.000 113255.000 0 0 0.000 0.000 0.000 200000.000 0 1 0 200 0 0
 5672 177756.000 61255.000 0 0 0.000 0.000 0.000 0.129 0 1 0 0 0 0
 5673 28719.000 51156.000 0 0 0.000 0.000 0.000 200000.000 0 1 0 200 0 0
 5674 177587.000 139321.000 0 0 56.000 44.000 2464.000 49.638 0 1 46 200 0 0
 5675 72548.000 17705.000 0 0 0.000 0.000 0.000 200000.000 0 1 0 200 0 0
 5676 177101.000 140259.000 0 0 56.000 44.000 2464.000 49.638 0 1 46 200 0 0
 5677 174351.000 55204.000 0 0 0.000 0.000 0.000 0.201 0 1 0 0 0 0
 5678 186199.000 88790.000 0 0 0.000 0.000 0.000 0.208 0 1 0 0 0 0
 5679 183565.000 124237.000 0 0 0.000 0.000 0.000 200000.000 0 1 0 200 0 0
 5680 179763.000 134416.000 0 0 0.000 0.000 0.000 0.211 0 1 0 0 0 0
 5681 177507.000 139219.000 0 0 56.000 44.000 2464.000 49.638 0 1 46 200 0 0
 5682 177012.000 140152.000 0 0 56.000 44.000 2464.000 49.638 0 1 46 200 0 0
 5683 172224.000 148251.000 0 0 0.000 0.000 0.000 0.207 0 1 0 0 0 0
 5684 167252.000 154866.000 0 0 0.000 0.000 0.000 0.203 0 1 0 0 0 0
 5685 161217.000 161402.000 0 0 52.000 52.000 2704.000 52.000 0 1 69 200 0 0
 5686 160991.000 161674.000 0 0 52.000 52.000 2704.000 52.000 0 1 69 200 0 0
 5687 160513.000 162279.000 0 0 52.000 52.000 2704.000 52.000 0 1 69 200 0 0
 5688 158989.000 163596.000 0 0 51.000 54.000 2754.000 52.478 0 1 69 200 0 0
 5689 158142.000 164572.000 0 0 50.000 54.000 2700.000 51.961 0 1 69 200 0 0
 5690 156165.000 166172.000 0 0 52.000 54.000 2808.000 52.990 0 1 69 200 0 0
 5691 155985.000 166410.000 0 0 52.000 54.000 2808.000 52.990 0 1 69 200 0 0
 5692 154326.000 167526.000 0 0 50.000 54.000 2700.000 51.961 0 1 69 200 0 0
 5693 152444.000 169090.000 0 0 50.000 54.000 2700.000 51.961 0 1 69 200 0 0
 5694 152357.000 169113.000 0 0 50.000 54.000 2700.000 51.961 0 1 69 200 0 0
 5695 151258.000 170144.000 0 0 48.000 56.000 2688.000 51.845 0 1 69 200 0 0
 5696 150790.000 170312.000 0 0 48.000 56.000 2688.000 51.845 0 1 69 200 0 0
 5697 150016.000 170830.000 0 0 48.000 54.000 2592.000 50.911 0 1 69 200 0 0
 5698 148887.000 171761.000 0 0 48.000 54.000 2592.000 50.911 0 1 69 200 0 0
 5699 145746.000 173655.000 0 0 48.000 56.000 2688.000 51.845 0 1 69 200 0 0
 5700 143233.000 175160.000 0 0 46.000 54.000 2484.000 49.839 0 1 69 200 0 0
 5701 142516.000 175614.000 0 0 46.000 54.000 2484.000 49.839 0 1 69 200 0 0
 5702 138068.000 177904.000 0 0 42.000 56.000 2352.000 48.497 0 1 69 200 0 0
 5703 137615.000 178036.000 0 0 42.000 56.000 2352.000 48.497 0 1 69 200 0 0
 5704 136708.000 178657.000 0 0 42.000 56.000 2352.000 48.497 0 1 69 200 0 0
 5705 133312.000 180021.000 0 0 42.000 56.000 2352.000 48.497 0 1 69 200 0 0
 5706 131540.000 180794.000 0 0 42.000 56.000 2352.000 48.497 0 1 69 200 0 0
 5707 129983.000 181343.000 0 0 40.000 56.000 2240.000 47.328 0 1 69 200 0 0
 5708 126579.000 182425.000 0 0 0.000 0.000 0.000 0.204 0 1 0 0 0 0
 5709 123854.000 183472.000 0 0 36.000 56.000 2016.000 44.899 0 1 118 200 0 0
 5710 115830.000 185197.000 0 0 32.000 54.000 1728.000 41.569 0 1 120 200 0 0
 5711 115129.000 185262.000 0 0 32.000 54.000 1728.000 41.569 0 1 120 200 0 0
 5712 97166.000 186869.000 0 0 0.000 0.000 0.000 200000.000 0 1 0 200 0 0
 5713 59997.000 176792.000 0 0 0.000 0.000 0.000 0.208 0 1 0 0 0 0
 5714 160695.000 160919.000 0 0 52.000 52.000 2704.000 52.000 0 1 69 200 0 0
 5715 142611.000 24002.000 0 0 0.000 0.000 0.000 200000.000 0 1 0 200 0 0
 5716 28714.000 148911.000 0 0 0.000 0.000 0.000 200000.000 0 1 0 200 0 0
 5717 181586.000 69674.000 0 0 0.000 0.000 0.000 200000.000 0 1 0 200 0 0
 5718 185419.000 82407.000 0 0 0.000 0.000 0.000 200000.000 0 1 0 200 0 0
 5719 14357.000 112058.000 0 0 0.000 0.000 0.000 200000.000 0 1 0 200 0 0
 5720 55173.000 25599.000 0 0 0.000 0.000 0.000 200000.000 0 1 0 200 0 0
 5721 65522.000 20327.000 0 0 0.000 0.000 0.000 0.392 0 1 0 0 0 0
 5722 170442.000 151081.000 0 0 0.000 0.000 0.000 0.318 0 1 0 0 0 0
 5723 166765.000 155682.000 0 0 54.000 52.000 2808.000 52.990 0 1 69 200 0 0
 5724 166708.000 155824.000 0 0 54.000 52.000 2808.000 52.990 0 1 69 200 0 0
 5725 186077.000 107270.000 0 0 0.000 0.000 0.000 200000.000 0 1 0 200 0 0
 5726 166023.000 156432.000 0 0 54.000 52.000 2808.000 52.990 0 1 69 200 0 0
 5727 164563.000 158230.000 0 0 54.000 50.000 2700.000 51.961 0 1 88 200 0 0
 5728 164247.000 158544.000 0 0 54.000 50.000 2700.000 51.961 0 1 88 200 0 0
 5729 162371.000 160608.000 0 0 52.000 52.000 2704.000 52.000 0 1 69 200 0 0
 5730 160365.000 162617.000 0 0 52.000 52.000 2704.000 52.000 0 1 69 200 0 0
 5731 158903.000 163987.000 0 0 50.000 54.000 2700.000 51.961 0 1 69 200 0 0
 5732 156806.000 165725.000 0 0 52.000 52.000 2704.000 52.000 0 1 69 200 0 0
 5733 153022.000 168834.000 0 0 50.000 54.000 2700.000 51.961 0 1 69 200 0 0
 5734 151905.000 169709.000 0 0 48.000 56.000 2688.000 51.845 0 1 69 200 0 0
 5735 151588.000 169875.000 0 0 48.000 56.000 2688.000 51.845 0 1 69 200 0 0
 5736 151578.000 169945.000 0 0 48.000 56.000 2688.000 51.845 0 1 69 200 0 0
 5737 151489.000 170185.000 0 0 48.000 56.000 2688.000 51.845 0 1 69 200 0 0
 5738 151156.000 170293.000 0 0 48.000 56.000 2688.000 51.845 0 1 69 200 0 0
 5739 151080.000 170352.000 0 0 48.000 56.000 2688.000 51.845 0 1 69 200 0 0
 5740 150781.000 170685.000 0 0 48.000 56.000 2688.000 51.845 0 1 69 200 0 0
 5741 148910.000 171847.000 0 0 48.000 54.000 2592.000 50.911 0 1 69 200 0 0
 5742 148314.000 172200.000 0 0 46.000 54.000 2484.000 49.839 0 1 69 200 0 0
 5743 148234.000 172259.000 0 0 46.000 54.000 2484.000 49.839 0 1 69 200 0 0
 5744 147348.000 172876.000 0 0 48.000 54.000 2592.000 50.911 0 1 69 200 0 0
 5745 146583.000 173316.000 0 0 48.000 56.000 2688.000 51.845 0 1 69 200 0 0
 5746 146580.000 173351.000 0 0 48.000 56.000 2688.000 51.845 0 1 69 200 0 0
 5747 146205.000 173676.000 0 0 48.000 56.000 2688.000 51.845 0 1 69 200 0 0
 5748 145267.000 174187.000 0 0 48.000 56.000 2688.000 51.845 0 1 69 200 0 0
 5749 142829.000 175509.000 0 0 46.000 54.000 2484.000 49.839 0 1 69 200 0 0
 5750 138022.000 178133.000 0 0 42.000 56.000 2352.000 48.497 0 1 69 200 0 0
 5751 129082.000 181811.000 0 0 40.000 56.000 2240.000 47.328 0 1 115 200 0 0
 5752 125872.000 182924.000 0 0 38.000 54.000 2052.000 45.299 0 1 116 200 0 0
 5753 124374.000 183305.000 0 0 38.000 54.000 2052.000 45.299 0 1 118 200 0 0
 5754 113445.000 185754.000 0 0 0.000 0.000 0.000 0.215 0 1 0 0 0 0
 5755 18982.000 130643.000 0 0 0.000 0.000 0.000 200000.000 0 1 0 200 0 0
 5756 112393.000 185895.000 0 0 0.000 0.000 0.000 200000.000 0 1 0 200 0 0
 5757 98433.000 186736.000 0 0 0.000 0.000 0.000 200000.000 0 1 0 200 0 0
 5758 88813.000 186088.000 0 0 0.000 0.000 0.000 0.453 0 1 0 0 0 0
 5759 163545.000 40069.000 0 0 0.000 0.000 0.000 200000.000 0 1 0 200 0 0
 5760 75174.000 183119.000 0 0 0.000 0.000 0.000 0.274 0 1 0 0 0 0
 5761 47552.000 169074.000 0 0 0.000 0.000 0.000 0.203 0 1 0 0 0 0
 5762 23857.000 141646.000 0 0 0.000 0.000 0.000 200000.000 0 1 0 200 0 0
 5763 18034.000 71239.000 0 0 0.000 0.000 0.000 200000.000 0 1 0 200 0 0
 5764 23345.000 59340.000 0 0 0.000 0.000 0.000 200000.000 0 1 0 200 0 0
 5765 29250.000 49645.000 0 0 0.000 0.000 0.000 0.313 0 1 0 0 0 0
 5766 110993.000 13482.000 0 0 0.000 0.000 0.000 200000.000 0 1 0 200 0 0
 5767 163399.000 40133.000 0 0 0.000 0.000 0.000 200000.000 0 1 0 200 0 0
 5768 179663.000 64368.000 0 0 0.000 0.000 0.000 200000.000 0 1 0 200 0 0
 5769 166805.000 45172.000 0 0 0.000 0.000 0.000 200000.000 0 1 0 200 0 0
 5770 186518.000 89215.000 0 0 0.000 0.000 0.000 200000.000 0 1 0 200 0 0
 5771 186808.000 91151.000 0 0 52.000 28.000 1456.000 38.157 0 1 8 200 0 0
 5772 186934.000 91604.000 0 0 52.000 28.000 1456.000 38.157 0 1 8 200 0 0
 5773 186979.000 91655.000 0 0 52.000 28.000 1456.000 38.157 0 1 8 200 0 0
 5774 187023.000 109476.000 0 0 0.000 0.000 0.000 200000.000 0 1 0 200 0 0
 5775 186710.000 110522.000 0 0 0.000 0.000 0.000 200000.000 0 1 0 200 0 0
 5776 186722.000 110582.000 0 0 0.000 0.000 0.000 200000.000 0 1 0 200 0 0
 5777 169487.000 152568.000 0 0 0.000 0.000 0.000 0.267 0 1 0 0 0 0
 5778 186156.000 91463.000 0 0 52.000 28.000 1456.000 38.157 0 1 8 200 0 0
 5779 164170.000 158881.000 0 0 54.000 50.000 2700.000 51.961 0 1 88 200 0 0
 5780 163287.000 159886.000 0 0 54.000 52.000 2808.000 52.990 0 1 69 200 0 0
 5781 160922.000 162199.000 0 0 52.000 52.000 2704.000 52.000 0 1 69 200 0 0
 5782 158918.000 164115.000 0 0 50.000 54.000 2700.000 51.961 0 1 69 200 0 0
 5783 157227.000 165652.000 0 0 52.000 52.000 2704.000 52.000 0 1 69 200 0 0
 5784 156248.000 166645.000 0 0 52.000 54.000 2808.000 52.990 0 1 69 200 0 0
 5785 155470.000 167074.000 0 0 50.000 54.000 2700.000 51.961 0 1 69 200 0 0
 5786 155354.000 167215.000 0 0 50.000 54.000 2700.000 51.961 0 1 69 200 0 0
 5787 154561.000 167866.000 0 0 50.000 54.000 2700.000 51.961 0 1 69 200 0 0
 5788 154019.000 168236.000 0 0 50.000 54.000 2700.000 51.961 0 1 69 200 0 0
 5789 153117.000 169094.000 0 0 50.000 54.000 2700.000 51.961 0 1 69 200 0 0
 5790 152928.000 169046.000 0 0 50.000 54.000 2700.000 51.961 0 1 69 200 0 0
 5791 152538.000 169374.000 0 0 50.000 54.000 2700.000 51.961 0 1 69 200 0 0
 5792 152198.000 169706.000 0 0 48.000 56.000 2688.000 51.845 0 1 69 200 0 0
 5793 150949.000 170647.000 0 0 48.000 56.000 2688.000 51.845 0 1 69 200 0 0
 5794 150152.000 171284.000 0 0 48.000 54.000 2592.000 50.911 0 1 69 200 0 0
 5795 147566.000 172881.000 0 0 48.000 54.000 2592.000 50.911 0 1 69 200 0 0
 5796 144798.000 174727.000 0 0 46.000 56.000 2576.000 50.754 0 1 69 200 0 0
 5797 142815.000 175875.000 0 0 46.000 54.000 2484.000 49.839 0 1 69 200 0 0
 5798 141872.000 176309.000 0 0 46.000 54.000 2484.000 49.839 0 1 69 200 0 0
 5799 141423.000 176635.000 0 0 44.000 54.000 2376.000 48.744 0 1 69 200 0 0
 5800 139961.000 177378.000 0 0 44.000 56.000 2464.000 49.638 0 1 69 200 0 0
 5801 136117.000 179215.000 0 0 42.000 54.000 2268.000 47.623 0 1 69 200 0 0
 5802 135045.000 179649.000 0 0 42.000 54.000 2268.000 47.623 0 1 69 200 0 0
 5803 134940.000 179597.000 0 0 42.000 54.000 2268.000 47.623 0 1 69 200 0 0
 5804 127959.000 182375.000 0 0 0.000 0.000 0.000 0.212 0 1 0 0 0 0
 5805 117599.000 184966.000 0 0 0.000 0.000 0.000 0.427 0 1 0 0 0 0
 5806 111364.000 186257.000 0 0 0.000 0.000 0.000 0.201 0 1 0 0 0 0
 5807 75805.000 183410.000 0 0 0.000 0.000 0.000 200000.000 0 1 0 200 0 0
 5808 106716.000 186630.000 0 0 0.000 0.000 0.000 0.200 0 1 0 0 0 0
 5809 105309.000 186715.000 0 0 0.000 0.000 0.000 0.346 0 1 0 0 0 0
 5810 101312.000 186924.000 0 0 0.000 0.000 0.000 0.219 0 1 0 0 0 0
 5811 97747.000 186866.000 0 0 0.000 0.000 0.000 0.244 0 1 0 0 0 0
 5812 16919.000 74087.000 0 0 0.000 0.000 0.000 200000.000 0 1 0 200 0 0
 5813 59400.000 176726.000 0 0 0.000 0.000 0.000 0.321 0 1 0 0 0 0
 5814 21952.000 61814.000 0 0 0.000 0.000 0.000 200000.000 0 1 0 200 0 0
 5815 51910.000 172290.000 0 0 0.000 0.000 0.000 200000.000 0 1 0 200 0 0
 5816 18877.000 130847.000 0 0 0.000 0.000 0.000 200000.000 0 1 0 200 0 0
 5817 16556.000 75896.000 0 0 0.000 0.000 0.000 200000.000 0 1 0 200 0 0
 5818 105219.000 12789.000 0 0 0.000 0.000 0.000 200000.000 0 1 0 200 0 0
 5819 110936.000 13492.000 0 0 0.000 0.000 0.000 200000.000 0 1 0 200 0 0
 5820 130080.000 18041.000 0 0 0.000 0.000 0.000 0.213 0 1 0 0 0 0
 5821 182805.000 71953.000 0 0 0.000 0.000 0.000 0.254 0 1 0 0 0 0
 5822 185686.000 82023.000 0 0 0.000 0.000 0.000 200000.000 0 1 0 200 0 0
 5823 186693.000 87780.000 0 0 0.000 0.000 0.000 200000.000 0 1 0 200 0 0
 5824 186592.000 111817.000 0 0 0.000 0.000 0.000 0.432 0 1 0 0 0 0
 5825 185637.000 117200.000 0 0 0.000 0.000 0.000 0.245 0 1 0 0 0 0
 5826 180984.000 132734.000 0 0 0.000 0.000 0.000 0.281 0 1 0 0 0 0
 5827 171554.000 149990.000 0 0 54.000 48.000 2592.000 50.911 0 1 69 200 0 0
 5828 166523.000 156604.000 0 0 54.000 52.000 2808.000 52.990 0 1 69 200 0 0
 5829 164184.000 159309.000 0 0 54.000 50.000 2700.000 51.961 0 1 88 200 0 0
 5830 162470.000 161032.000 0 0 52.000 52.000 2704.000 52.000 0 1 69 200 0 0
 5831 160779.000 162748.000 0 0 52.000 52.000 2704.000 52.000 0 1 69 200 0 0
 5832 159217.000 164057.000 0 0 50.000 54.000 2700.000 51.961 0 1 69 200 0 0
 5833 158739.000 164556.000 0 0 50.000 54.000 2700.000 51.961 0 1 69 200 0 0
 5834 156202.000 166806.000 0 0 52.000 54.000 2808.000 52.990 0 1 69 200 0 0
 5835 155889.000 166972.000 0 0 52.000 54.000 2808.000 52.990 0 1 69 200 0 0
 5836 153428.000 169005.000 0 0 50.000 54.000 2700.000 51.961 0 1 69 200 0 0
 5837 153216.000 169134.000 0 0 50.000 54.000 2700.000 51.961 0 1 69 200 0 0
 5838 152644.000 169453.000 0 0 50.000 54.000 2700.000 51.961 0 1 69 200 0 0
 5839 152395.000 169816.000 0 0 50.000 54.000 2700.000 51.961 0 1 69 200 0 0
 5840 150716.000 170931.000 0 0 48.000 54.000 2592.000 50.911 0 1 69 200 0 0
 5841 150533.000 171114.000 0 0 48.000 54.000 2592.000 50.911 0 1 69 200 0 0
 5842 150428.000 171155.000 0 0 48.000 54.000 2592.000 50.911 0 1 69 200 0 0
 5843 150035.000 171430.000 0 0 48.000 54.000 2592.000 50.911 0 1 69 200 0 0
 5844 150095.000 171604.000 0 0 48.000 54.000 2592.000 50.911 0 1 69 200 0 0
 5845 147652.000 173106.000 0 0 48.000 54.000 2592.000 50.911 0 1 69 200 0 0
 5846 147109.000 173467.000 0 0 48.000 56.000 2688.000 51.845 0 1 69 200 0 0
 5847 146469.000 173786.000 0 0 48.000 56.000 2688.000 51.845 0 1 69 200 0 0
 5848 146477.000 174002.000 0 0 48.000 56.000 2688.000 51.845 0 1 69 200 0 0
 5849 146254.000 173945.000 0 0 48.000 56.000 2688.000 51.845 0 1 69 200 0 0
 5850 146129.000 173957.000 0 0 48.000 56.000 2688.000 51.845 0 1 69 200 0 0
 5851 146118.000 174122.000 0 0 48.000 56.000 2688.000 51.845 0 1 69 200 0 0
 5852 145555.000 174428.000 0 0 48.000 56.000 2688.000 51.845 0 1 69 200 0 0
 5853 145035.000 174667.000 0 0 46.000 56.000 2576.000 50.754 0 1 69 200 0 0
 5854 142836.000 176110.000 0 0 46.000 54.000 2484.000 49.839 0 1 69 200 0 0
 5855 142688.000 176085.000 0 0 46.000 54.000 2484.000 49.839 0 1 69 200 0 0
 5856 142446.000 176201.000 0 0 46.000 54.000 2484.000 49.839 0 1 69 200 0 0
 5857 142266.000 176332.000 0 0 46.000 54.000 2484.000 49.839 0 1 69 200 0 0
 5858 140082.000 177552.000 0 0 44.000 56.000 2464.000 49.638 0 1 69 200 0 0
 5859 139391.000 177880.000 0 0 44.000 56.000 2464.000 49.638 0 1 69 200 0 0
 5860 138944.000 178137.000 0 0 44.000 56.000 2464.000 49.638 0 1 69 200 0 0
 5861 138334.000 178245.000 0 0 43.000 56.000 2408.000 49.071 0 1 69 200 0 0
 5862 137592.000 178713.000 0 0 42.000 56.000 2352.000 48.497 0 1 69 200 0 0
 5863 136376.000 179251.000 0 0 42.000 56.000 2352.000 48.497 0 1 69 200 0 0
 5864 134508.000 180122.000 0 0 42.000 54.000 2268.000 47.623 0 1 69 200 0 0
 5865 134125.000 180300.000 0 0 42.000 56.000 2352.000 48.497 0 1 69 200 0 0
 5866 132097.000 181200.000 0 0 42.000 56.000 2352.000 48.497 0 1 69 200 0 0
 5867 130679.000 181711.000 0 0 40.000 56.000 2240.000 47.328 0 1 69 200 0 0
 5868 127714.000 182640.000 0 0 0.000 0.000 0.000 0.200 0 1 0 0 0 0
 5869 124388.000 183850.000 0 0 36.000 56.000 2016.000 44.899 0 1 118 200 0 0
 5870 123306.000 184066.000 0 0 36.000 56.000 2016.000 44.899 0 1 118 200 0 0
 5871 116155.000 185715.000 0 0 32.000 54.000 1728.000 41.569 0 1 120 200 0 0
 5872 113662.000 186092.000 0 0 0.000 0.000 0.000 0.220 0 1 0 0 0 0
 5873 128579.000 17370.000 0 0 0.000 0.000 0.000 200000.000 0 1 0 200 0 0
 5874 48038.000 169760.000 0 0 0.000 0.000 0.000 200000.000 0 1 0 200 0 0
 5875 157714.000 33999.000 0 0 0.000 0.000 0.000 200000.000 0 1 0 200 0 0
 5876 13160.000 93644.000 0 0 0.000 0.000 0.000 200000.000 0 1 0 200 0 0
 5877 13073.000 93583.000 0 0 0.000 0.000 0.000 200000.000 0 1 0 200 0 0
 5878 71501.000 17492.000 0 0 0.000 0.000 0.000 0.491 0 1 0 0 0 0
 5879 76973.000 15795.000 0 0 0.000 0.000 0.000 0.491 0 1 0 0 0 0
 5880 126204.000 16414.000 0 0 0.000 0.000 0.000 200000.000 0 1 0 200 0 0
 5881 54437.000 173197.000 0 0 0.000 0.000 0.000 200000.000 0 1 0 200 0 0
 5882 163446.000 160415.000 0 0 54.000 52.000 2808.000 52.990 0 1 69 200 0 0
 5883 157589.000 34059.000 0 0 0.000 0.000 0.000 200000.000 0 1 0 200 0 0
 5884 171805.000 49830.000 0 0 0.000 0.000 0.000 200000.000 0 1 0 200 0 0
 5885 171926.000 49813.000 0 0 0.000 0.000 0.000 200000.000 0 1 0 200 0 0
 5886 184051.000 75490.000 0 0 0.000 0.000 0.000 200000.000 0 1 0 200 0 0
 5887 181825.000 131499.000 0 0 0.000 0.000 0.000 200000.000 0 1 0 200 0 0
 5888 178201.000 139987.000 0 0 56.000 44.000 2464.000 49.638 0 1 46 200 0 0
 5889 177733.000 140104.000 0 0 56.000 44.000 2464.000 49.638 0 1 46 200 0 0
 5890 174716.000 145548.000 0 0 0.000 0.000 0.000 0.200 0 1 0 0 0 0
 5891 172430.000 149024.000 0 0 0.000 0.000 0.000 0.207 0 1 0 0 0 0
 5892 166701.000 156519.000 0 0 54.000 52.000 2808.000 52.990 0 1 69 200 0 0
 5893 163371.000 160268.000 0 0 54.000 52.000 2808.000 52.990 0 1 69 200 0 0
 5894 163135.000 160668.000 0 0 54.000 52.000 2808.000 52.990 0 1 69 200 0 0
 5895 162721.000 161096.000 0 0 52.000 52.000 2704.000 52.000 0 1 69 200 0 0
 5896 161592.000 162012.000 0 0 52.000 52.000 2704.000 52.000 0 1 69 200 0 0
 5897 160768.000 163014.000 0 0 52.000 52.000 2704.000 52.000 0 1 69 200 0 0
 5898 158782.000 164705.000 0 0 50.000 54.000 2700.000 51.961 0 1 69 200 0 0
 5899 158215.000 165283.000 0 0 50.000 52.000 2600.000 50.990 0 1 69 200 0 0
 5900 156544.000 166731.000 0 0 52.000 54.000 2808.000 52.990 0 1 69 200 0 0
 5901 155823.000 167311.000 0 0 50.000 54.000 2700.000 51.961 0 1 69 200 0 0
 5902 154268.000 168545.000 0 0 50.000 54.000 2700.000 51.961 0 1 69 200 0 0
 5903 154159.000 168618.000 0 0 50.000 54.000 2700.000 51.961 0 1 69 200 0 0
 5904 153798.000 169026.000 0 0 50.000 54.000 2700.000 51.961 0 1 69 200 0 0
 5905 152781.000 169801.000 0 0 50.000 54.000 2700.000 51.961 0 1 69 200 0 0
 5906 152130.000 170261.000 0 0 48.000 56.000 2688.000 51.845 0 1 69 200 0 0
 5907 151806.000 170406.000 0 0 48.000 56.000 2688.000 51.845 0 1 69 200 0 0
 5908 149141.000 172474.000 0 0 48.000 54.000 2592.000 50.911 0 1 69 200 0 0
 5909 147784.000 173180.000 0 0 48.000 54.000 2592.000 50.911 0 1 69 200 0 0
 5910 147361.000 173543.000 0 0 48.000 56.000 2688.000 51.845 0 1 69 200 0 0
 5911 147128.000 173731.000 0 0 48.000 56.000 2688.000 51.845 0 1 69 200 0 0
 5912 145907.000 174468.000 0 0 48.000 56.000 2688.000 51.845 0 1 69 200 0 0
 5913 145062.000 174768.000 0 0 46.000 56.000 2576.000 50.754 0 1 69 200 0 0
 5914 143853.000 175562.000 0 0 46.000 56.000 2576.000 50.754 0 1 69 200 0 0
 5915 143632.000 175834.000 0 0 46.000 54.000 2484.000 49.839 0 1 69 200 0 0
 5916 142920.000 176097.000 0 0 46.000 54.000 2484.000 49.839 0 1 69 200 0 0
 5917 142772.000 176330.000 0 0 46.000 54.000 2484.000 49.839 0 1 69 200 0 0
 5918 141383.000 176951.000 0 0 44.000 56.000 2464.000 49.638 0 1 69 200 0 0
 5919 139713.000 177962.000 0 0 44.000 56.000 2464.000 49.638 0 1 69 200 0 0
 5920 139608.000 177967.000 0 0 44.000 56.000 2464.000 49.638 0 1 69 200 0 0
 5921 136244.000 179568.000 0 0 42.000 54.000 2268.000 47.623 0 1 69 200 0 0
 5922 83030.000 185557.000 0 0 0.000 0.000 0.000 200000.000 0 1 0 200 0 0
 5923 119660.000 185096.000 0 0 34.000 54.000 1836.000 42.848 0 1 121 200 0 0
 5924 74328.000 183414.000 0 0 0.000 0.000 0.000 200000.000 0 1 0 200 0 0
 5925 74246.000 183494.000 0 0 0.000 0.000 0.000 200000.000 0 1 0 200 0 0
 5926 71449.000 182572.000 0 0 0.000 0.000 0.000 200000.000 0 1 0 200 0 0
 5927 71397.000 182554.000 0 0 0.000 0.000 0.000 200000.000 0 1 0 200 0 0
 5928 67722.000 180944.000 0 0 0.000 0.000 0.000 0.399 0 1 0 0 0 0
 5929 12845.000 99774.000 0 0 0.000 0.000 0.000 200000.000 0 1 0 200 0 0
 5930 187634.000 96167.000 0 0 0.000 0.000 0.000 200000.000 0 1 0 200 0 0
 5931 12746.000 96358.000 0 0 0.000 0.000 0.000 200000.000 0 1 0 200 0 0
 5932 185395.000 119954.000 0 0 0.000 0.000 0.000 200000.000 0 1 0 200 0 0
 5933 14360.000 83086.000 0 0 0.000 0.000 0.000 0.275 0 1 0 0 0 0
 5934 29979.000 47856.000 0 0 0.000 0.000 0.000 200000.000 0 1 0 200 0 0
 5935 98951.000 12359.000 0 0 0.000 0.000 0.000 200000.000 0 1 0 200 0 0
 5936 99009.000 12318.000 0 0 0.000 0.000 0.000 200000.000 0 1 0 200 0 0
 5937 99570.000 12142.000 0 0 0.000 0.000 0.000 200000.000 0 1 0 200 0 0
 5938 159162.000 35290.000 0 0 0.000 0.000 0.000 0.429 0 1 0 0 0 0
 5939 173083.000 51202.000 0 0 0.000 0.000 0.000 200000.000 0 1 0 200 0 0
 5940 179235.000 64667.000 0 0 0.000 0.000 0.000 200000.000 0 1 0 200 0 0
 5941 182708.000 129019.000 0 0 0.000 0.000 0.000 0.200 0 1 0 0 0 0
 5942 177707.000 140643.000 0 0 56.000 44.000 2464.000 49.638 0 1 46 200 0 0
 5943 173162.000 148290.000 0 0 0.000 0.000 0.000 0.200 0 1 0 0 0 0
 5944 171509.000 150871.000 0 0 54.000 48.000 2592.000 50.911 0 1 69 200 0 0
 5945 169569.000 153251.000 0 0 0.000 0.000 0.000 0.201 0 1 0 0 0 0
 5946 168684.000 154418.000 0 0 0.000 0.000 0.000 0.247 0 1 0 0 0 0
 5947 167056.000 156623.000 0 0 54.000 52.000 2808.000 52.990 0 1 86 200 0 0
 5948 166525.000 156026.000 0 0 54.000 52.000 2808.000 52.990 0 1 69 200 0 0
 5949 161268.000 162800.000 0 0 52.000 52.000 2704.000 52.000 0 1 69 200 0 0
 5950 159703.000 164195.000 0 0 52.000 54.000 2808.000 52.990 0 1 69 200 0 0
 5951 158331.000 165571.000 0 0 50.000 52.000 2600.000 50.990 0 1 69 200 0 0
 5952 158122.000 165683.000 0 0 50.000 52.000 2600.000 50.990 0 1 69 200 0 0
 5953 157170.000 166315.000 0 0 52.000 52.000 2704.000 52.000 0 1 69 200 0 0
 5954 156560.000 166881.000 0 0 52.000 54.000 2808.000 52.990 0 1 69 200 0 0
 5955 155525.000 167789.000 0 0 50.000 54.000 2700.000 51.961 0 1 69 200 0 0
 5956 153152.000 169652.000 0 0 50.000 54.000 2700.000 51.961 0 1 69 200 0 0
 5957 150156.000 171950.000 0 0 48.000 54.000 2592.000 50.911 0 1 69 200 0 0
 5958 150068.000 171948.000 0 0 48.000 54.000 2592.000 50.911 0 1 69 200 0 0
 5959 149731.000 172006.000 0 0 48.000 54.000 2592.000 50.911 0 1 69 200 0 0
 5960 148796.000 172788.000 0 0 46.000 54.000 2484.000 49.839 0 1 69 200 0 0
 5961 148690.000 172947.000 0 0 46.000 54.000 2484.000 49.839 0 1 69 200 0 0
 5962 146243.000 174261.000 0 0 48.000 56.000 2688.000 51.845 0 1 69 200 0 0
 5963 144956.000 175131.000 0 0 46.000 56.000 2576.000 50.754 0 1 69 200 0 0
 5964 144105.000 175636.000 0 0 46.000 56.000 2576.000 50.754 0 1 69 200 0 0
 5965 143770.000 175828.000 0 0 46.000 54.000 2484.000 49.839 0 1 69 200 0 0
 5966 143272.000 176252.000 0 0 46.000 54.000 2484.000 49.839 0 1 69 200 0 0
 5967 142886.000 176363.000 0 0 46.000 54.000 2484.000 49.839 0 1 69 200 0 0
 5968 142362.000 176639.000 0 0 46.000 54.000 2484.000 49.839 0 1 69 200 0 0
 5969 140433.000 177710.000 0 0 44.000 56.000 2464.000 49.638 0 1 69 200 0 0
 5970 139972.000 177870.000 0 0 44.000 56.000 2464.000 49.638 0 1 69 200 0 0
 5971 139210.000 178334.000 0 0 44.000 56.000 2464.000 49.638 0 1 69 200 0 0
 5972 134591.000 180455.000 0 0 42.000 54.000 2268.000 47.623 0 1 69 200 0 0
 5973 126717.000 183427.000 0 0 38.000 54.000 2052.000 45.299 0 1 119 200 0 0
 5974 77920.000 184547.000 0 0 0.000 0.000 0.000 200000.000 0 1 0 200 0 0
 5975 123543.000 184263.000 0 0 36.000 56.000 2016.000 44.899 0 1 118 200 0 0
 5976 122687.000 184570.000 0 0 36.000 56.000 2016.000 44.899 0 1 118 200 0 0
 5977 122323.000 184605.000 0 0 36.000 56.000 2016.000 44.899 0 1 118 200 0 0
 5978 129879.000 17465.000 0 0 0.000 0.000 0.000 200000.000 0 1 0 200 0 0
 5979 118876.000 185585.000 0 0 0.000 0.000 0.000 0.222 0 1 0 0 0 0
 5980 31726.000 45083.000 0 0 0.000 0.000 0.000 200000.000 0 1 0 200 0 0
 5981 99521.000 12286.000 0 0 0.000 0.000 0.000 200000.000 0 1 0 200 0 0
 5982 173052.000 51157.000 0 0 0.000 0.000 0.000 200000.000 0 1 0 200 0 0
 5983 168403.000 155038.000 0 0 0.000 0.000 0.000 200000.000 0 1 0 200 0 0
 5984 187652.000 91556.000 0 0 52.000 28.000 1456.000 38.157 0 1 8 200 0 0
 5985 181050.000 134012.000 0 0 0.000 0.000 0.000 0.217 0 1 0 0 0 0
 5986 178485.000 139410.000 0 0 56.000 44.000 2464.000 49.638 0 1 46 200 0 0
 5987 177997.000 140602.000 0 0 56.000 44.000 2464.000 49.638 0 1 46 200 0 0
 5988 175719.000 144609.000 0 0 0.000 0.000 0.000 0.243 0 1 0 0 0 0
 5989 172274.000 150165.000 0 0 54.000 48.000 2592.000 50.911 0 1 69 200 0 0
 5990 166678.000 157179.000 0 0 52.000 52.000 2704.000 52.000 0 1 69 200 0 0
 5991 166310.000 157488.000 0 0 52.000 52.000 2704.000 52.000 0 1 69 200 0 0
 5992 166085.000 157967.000 0 0 52.000 52.000 2704.000 52.000 0 1 69 200 0 0
 5993 158661.000 165486.000 0 0 50.000 54.000 2700.000 51.961 0 1 69 200 0 0
 5994 158030.000 166063.000 0 0 52.000 52.000 2704.000 52.000 0 1 69 200 0 0
 5995 156964.000 166904.000 0 0 52.000 54.000 2808.000 52.990 0 1 69 200 0 0
 5996 155154.000 168291.000 0 0 50.000 54.000 2700.000 51.961 0 1 69 200 0 0
 5997 154896.000 168453.000 0 0 50.000 54.000 2700.000 51.961 0 1 69 200 0 0
 5998 153184.000 169833.000 0 0 50.000 54.000 2700.000 51.961 0 1 69 200 0 0
 5999 151856.000 170715.000 0 0 48.000 56.000 2688.000 51.845 0 1 69 200 0 0
 6000 151001.000 171398.000 0 0 48.000 54.000 2592.000 50.911 0 1 69 200 0 0
 6001 150950.000 171450.000 0 0 48.000 54.000 2592.000 50.911 0 1 69 200 0 0
 6002 150728.000 171572.000 0 0 48.000 54.000 2592.000 50.911 0 1 69 200 0 0
 6003 149107.000 172823.000 0 0 46.000 54.000 2484.000 49.839 0 1 69 200 0 0
 6004 148522.000 173067.000 0 0 46.000 54.000 2484.000 49.839 0 1 69 200 0 0
 6005 148449.000 173254.000 0 0 48.000 54.000 2592.000 50.911 0 1 69 200 0 0
 6006 148241.000 173312.000 0 0 48.000 54.000 2592.000 50.911 0 1 69 200 0 0
 6007 147846.000 173507.000 0 0 48.000 54.000 2592.000 50.911 0 1 69 200 0 0
 6008 146290.000 174418.000 0 0 48.000 56.000 2688.000 51.845 0 1 69 200 0 0
 6009 146151.000 174576.000 0 0 48.000 56.000 2688.000 51.845 0 1 69 200 0 0
 6010 145157.000 175297.000 0 0 46.000 56.000 2576.000 50.754 0 1 69 200 0 0
 6011 143710.000 176138.000 0 0 46.000 54.000 2484.000 49.839 0 1 69 200 0 0
 6012 143095.000 176520.000 0 0 46.000 54.000 2484.000 49.839 0 1 69 200 0 0
 6013 142450.000 176928.000 0 0 46.000 54.000 2484.000 49.839 0 1 69 200 0 0
 6014 142173.000 176851.000 0 0 46.000 54.000 2484.000 49.839 0 1 69 200 0 0
 6015 141541.000 177319.000 0 0 44.000 56.000 2464.000 49.638 0 1 69 200 0 0
 6016 139941.000 178124.000 0 0 44.000 56.000 2464.000 49.638 0 1 69 200 0 0
 6017 137861.000 179076.000 0 0 42.000 56.000 2352.000 48.497 0 1 69 200 0 0
 6018 137009.000 179535.000 0 0 42.000 56.000 2352.000 48.497 0 1 69 200 0 0
 6019 135615.000 180230.000 0 0 42.000 54.000 2268.000 47.623 0 1 69 200 0 0
 6020 134280.000 180767.000 0 0 42.000 56.000 2352.000 48.497 0 1 69 200 0 0
 6021 130849.000 182215.000 0 0 40.000 56.000 2240.000 47.328 0 1 69 200 0 0
 6022 129209.000 182675.000 0 0 0.000 0.000 0.000 0.200 0 1 0 0 0 0
 6023 124850.000 184040.000 0 0 38.000 54.000 2052.000 45.299 0 1 118 200 0 0
 6024 124300.000 184257.000 0 0 36.000 56.000 2016.000 44.899 0 1 118 200 0 0
 6025 186464.000 117455.000 0 0 0.000 0.000 0.000 200000.000 0 1 0 200 0 0
 6026 93158.000 187406.000 0 0 0.000 0.000 0.000 0.207 0 1 0 0 0 0
 6027 78112.000 184858.000 0 0 0.000 0.000 0.000 0.362 0 1 0 0 0 0
 6028 69393.000 182152.000 0 0 0.000 0.000 0.000 0.208 0 1 0 0 0 0
 6029 49560.000 171706.000 0 0 0.000 0.000 0.000 200000.000 0 1 0 200 0 0
 6030 16023.000 124982.000 0 0 0.000 0.000 0.000 0.216 0 1 0 0 0 0
 6031 84554.000 13556.000 0 0 0.000 0.000 0.000 200000.000 0 1 0 200 0 0
 6032 171749.000 48390.000 0 0 0.000 0.000 0.000 200000.000 0 1 0 200 0 0
 6033 186396.000 117049.000 0 0 0.000 0.000 0.000 0.433 0 1 0 0 0 0
 6034 171446.000 151355.000 0 0 56.000 48.000 2688.000 51.845 0 1 69 200 0 0
 6035 166548.000 157544.000 0 0 52.000 52.000 2704.000 52.000 0 1 69 200 0 0
 6036 166467.000 157670.000 0 0 52.000 52.000 2704.000 52.000 0 1 69 200 0 0
 6037 185254.000 119213.000 0 0 0.000 0.000 0.000 200000.000 0 1 0 200 0 0
 6038 163410.000 161117.000 0 0 53.000 52.000 2756.000 52.497 0 1 69 200 0 0
 6039 160687.000 163678.000 0 0 52.000 54.000 2808.000 52.990 0 1 69 200 0 0
 6040 160335.000 164036.000 0 0 52.000 54.000 2808.000 52.990 0 1 69 200 0 0
 6041 160175.000 164241.000 0 0 52.000 54.000 2808.000 52.990 0 1 69 200 0 0
 6042 159831.000 164645.000 0 0 50.000 54.000 2700.000 51.961 0 1 69 200 0 0
 6043 159172.000 165073.000 0 0 50.000 54.000 2700.000 51.961 0 1 69 200 0 0
 6044 154066.000 169523.000 0 0 50.000 54.000 2700.000 51.961 0 1 69 200 0 0
 6045 152883.000 170252.000 0 0 50.000 54.000 2700.000 51.961 0 1 69 200 0 0
 6046 148956.000 173204.000 0 0 46.000 54.000 2484.000 49.839 0 1 69 200 0 0
 6047 147911.000 173856.000 0 0 48.000 54.000 2592.000 50.911 0 1 69 200 0 0
 6048 147373.000 174023.000 0 0 48.000 56.000 2688.000 51.845 0 1 69 200 0 0
 6049 146725.000 174383.000 0 0 48.000 56.000 2688.000 51.845 0 1 69 200 0 0
 6050 146268.000 174911.000 0 0 48.000 56.000 2688.000 51.845 0 1 69 200 0 0
 6051 146025.000 174781.000 0 0 48.000 56.000 2688.000 51.845 0 1 69 200 0 0
 6052 144381.000 175912.000 0 0 46.000 56.000 2576.000 50.754 0 1 69 200 0 0
 6053 142586.000 177019.000 0 0 46.000 54.000 2484.000 49.839 0 1 69 200 0 0
 6054 140810.000 177882.000 0 0 44.000 56.000 2464.000 49.638 0 1 69 200 0 0
 6055 139562.000 178607.000 0 0 44.000 56.000 2464.000 49.638 0 1 69 200 0 0
 6056 139429.000 178557.000 0 0 44.000 56.000 2464.000 49.638 0 1 69 200 0 0
 6057 137607.000 179454.000 0 0 42.000 56.000 2352.000 48.497 0 1 69 200 0 0
 6058 136474.000 180056.000 0 0 42.000 54.000 2268.000 47.623 0 1 69 200 0 0
 6059 112879.000 187025.000 0 0 30.000 52.000 1560.000 39.496 0 1 123 210 0 0
 6060 112908.000 186871.000 0 0 30.000 52.000 1560.000 39.496 0 1 123 210 0 0
 6061 84126.000 186461.000 0 0 0.000 0.000 0.000 200000.000 0 1 0 200 0 0
 6062 76293.000 184613.000 0 0 0.000 0.000 0.000 200000.000 0 1 0 200 0 0
 6063 70847.000 181927.000 0 0 0.000 0.000 0.000 200000.000 0 1 0 200 0 0
 6064 19089.000 134113.000 0 0 0.000 0.000 0.000 200000.000 0 1 0 200 0 0
 6065 166289.000 41815.000 0 0 0.000 0.000 0.000 200000.000 0 1 0 200 0 0
 6066 24091.000 55805.000 0 0 0.000 0.000 0.000 200000.000 0 1 0 200 0 0
 6067 175767.000 54808.000 0 0 0.000 0.000 0.000 200000.000 0 1 0 200 0 0
 6068 24044.000 55714.000 0 0 0.000 0.000 0.000 200000.000 0 1 0 200 0 0
 6069 35206.000 40238.000 0 0 0.000 0.000 0.000 200000.000 0 1 0 200 0 0
 6070 122040.000 14566.000 0 0 0.000 0.000 0.000 200000.000 0 1 0 200 0 0
 6071 122102.000 14547.000 0 0 0.000 0.000 0.000 200000.000 0 1 0 200 0 0
 6072 136010.000 180519.000 0 0 42.000 54.000 2268.000 47.623 0 1 69 200 0 0
 6073 164781.000 40143.000 0 0 0.000 0.000 0.000 0.201 0 1 0 0 0 0
 6074 166254.000 41774.000 0 0 0.000 0.000 0.000 200000.000 0 1 0 200 0 0
 6075 170568.000 47069.000 0 0 0.000 0.000 0.000 200000.000 0 1 0 200 0 0
 6076 144803.000 24827.000 0 0 0.000 0.000 0.000 200000.000 0 1 0 200 0 0
 6077 175748.000 54757.000 0 0 0.000 0.000 0.000 200000.000 0 1 0 200 0 0
 6078 187380.000 87778.000 0 0 0.000 0.000 0.000 200000.000 0 1 0 200 0 0
 6079 182628.000 131019.000 0 0 0.000 0.000 0.000 0.415 0 1 0 0 0 0
 6080 176553.000 143715.000 0 0 0.000 0.000 0.000 0.235 0 1 0 0 0 0
 6081 172616.000 150095.000 0 0 54.000 48.000 2592.000 50.911 0 1 69 200 0 0
 6082 167637.000 156545.000 0 0 54.000 52.000 2808.000 52.990 0 1 86 200 0 0
 6083 166484.000 157859.000 0 0 52.000 52.000 2704.000 52.000 0 1 69 200 0 0
 6084 165221.000 159304.000 0 0 54.000 50.000 2700.000 51.961 0 1 69 200 0 0
 6085 161818.000 162906.000 0 0 52.000 52.000 2704.000 52.000 0 1 69 200 0 0
 6086 161494.000 163119.000 0 0 52.000 52.000 2704.000 52.000 0 1 69 200 0 0
 6087 161059.000 163543.000 0 0 52.000 54.000 2808.000 52.990 0 1 69 200 0 0
 6088 160077.000 164451.000 0 0 52.000 54.000 2808.000 52.990 0 1 69 200 0 0
 6089 159560.000 165092.000 0 0 50.000 54.000 2700.000 51.961 0 1 69 200 0 0
 6090 158175.000 166378.000 0 0 52.000 52.000 2704.000 52.000 0 1 69 200 0 0
 6091 157098.000 167102.000 0 0 52.000 54.000 2808.000 52.990 0 1 69 200 0 0
 6092 156882.000 167250.000 0 0 52.000 54.000 2808.000 52.990 0 1 69 200 0 0
 6093 156395.000 167628.000 0 0 52.000 54.000 2808.000 52.990 0 1 69 200 0 0
 6094 155176.000 168648.000 0 0 50.000 54.000 2700.000 51.961 0 1 69 200 0 0
 6095 155054.000 168910.000 0 0 50.000 54.000 2700.000 51.961 0 1 69 200 0 0
 6096 153670.000 169853.000 0 0 50.000 54.000 2700.000 51.961 0 1 69 200 0 0
 6097 151987.000 171117.000 0 0 48.000 56.000 2688.000 51.845 0 1 69 200 0 0
 6098 151170.000 171847.000 0 0 48.000 54.000 2592.000 50.911 0 1 69 200 0 0
 6099 151000.000 171827.000 0 0 48.000 54.000 2592.000 50.911 0 1 69 200 0 0
 6100 150000.000 172487.000 0 0 48.000 54.000 2592.000 50.911 0 1 69 200 0 0
 6101 149906.000 172708.000 0 0 48.000 54.000 2592.000 50.911 0 1 69 200 0 0
 6102 146656.000 174712.000 0 0 48.000 56.000 2688.000 51.845 0 1 69 200 0 0
 6103 146392.000 175007.000 0 0 48.000 56.000 2688.000 51.845 0 1 69 200 0 0
 6104 145748.000 175389.000 0 0 46.000 56.000 2576.000 50.754 0 1 69 200 0 0
 6105 143420.000 176704.000 0 0 46.000 54.000 2484.000 49.839 0 1 69 200 0 0
 6106 141136.000 177977.000 0 0 44.000 56.000 2464.000 49.638 0 1 69 200 0 0
 6107 141016.000 177937.000 0 0 44.000 56.000 2464.000 49.638 0 1 69 200 0 0
 6108 140938.000 177908.000 0 0 44.000 56.000 2464.000 49.638 0 1 69 200 0 0
 6109 140261.000 178260.000 0 0 44.000 56.000 2464.000 49.638 0 1 69 200 0 0
 6110 138501.000 179319.000 0 0 42.000 56.000 2352.000 48.497 0 1 69 200 0 0
 6111 136773.000 180122.000 0 0 42.000 56.000 2352.000 48.497 0 1 69 200 0 0
 6112 133965.000 181290.000 0 0 42.000 56.000 2352.000 48.497 0 1 69 200 0 0
 6113 133748.000 181485.000 0 0 42.000 56.000 2352.000 48.497 0 1 69 200 0 0
 6114 133431.000 181570.000 0 0 42.000 56.000 2352.000 48.497 0 1 69 200 0 0
 6115 132426.000 181901.000 0 0 42.000 56.000 2352.000 48.497 0 1 69 200 0 0
 6116 120084.000 185627.000 0 0 34.000 54.000 1836.000 42.848 0 1 121 200 0 0
 6117 119869.000 185841.000 0 0 34.000 54.000 1836.000 42.848 0 1 121 200 0 0
 6118 109102.000 187609.000 0 0 0.000 0.000 0.000 0.213 0 1 0 0 0 0
 6119 137270.000 19759.000 0 0 0.000 0.000 0.000 200000.000 0 1 0 200 0 0
 6120 50704.000 172705.000 0 0 0.000 0.000 0.000 200000.000 0 1 0 200 0 0
 6121 14226.000 118828.000 0 0 0.000 0.000 0.000 200000.000 0 1 0 200 0 0
 6122 186585.000 117707.000 0 0 0.000 0.000 0.000 200000.000 0 1 0 200 0 0
 6123 167930.000 156681.000 0 0 54.000 52.000 2808.000 52.990 0 1 86 200 0 0
 6124 137159.000 19879.000 0 0 0.000 0.000 0.000 200000.000 0 1 0 200 0 0
 6125 25750.000 145677.000 0 0 0.000 0.000 0.000 200000.000 0 1 0 200 0 0
 6126 183308.000 70027.000 0 0 0.000 0.000 0.000 200000.000 0 1 0 200 0 0
 6127 188134.000 89643.000 0 0 0.000 0.000 0.000 200000.000 0 1 0 200 0 0
 6128 187657.000 95734.000 0 0 0.000 0.000 0.000 200000.000 0 1 0 200 0 0
 6129 179651.000 138219.000 0 0 0.000 0.000 0.000 200000.000 0 1 0 200 0 0
 6130 171527.000 151893.000 0 0 56.000 48.000 2688.000 51.845 0 1 69 200 0 0
 6131 167853.000 156544.000 0 0 54.000 52.000 2808.000 52.990 0 1 86 200 0 0
 6132 165450.000 159256.000 0 0 54.000 50.000 2700.000 51.961 0 1 69 200 0 0
 6133 164312.000 160559.000 0 0 54.000 52.000 2808.000 52.990 0 1 69 200 0 0
 6134 162610.000 162236.000 0 0 52.000 52.000 2704.000 52.000 0 1 69 200 0 0
 6135 162090.000 162774.000 0 0 52.000 52.000 2704.000 52.000 0 1 69 200 0 0
 6136 161679.000 163194.000 0 0 52.000 52.000 2704.000 52.000 0 1 69 200 0 0
 6137 161002.000 163814.000 0 0 52.000 54.000 2808.000 52.990 0 1 69 200 0 0
 6138 159228.000 165552.000 0 0 50.000 54.000 2700.000 51.961 0 1 69 200 0 0
 6139 159036.000 165604.000 0 0 50.000 54.000 2700.000 51.961 0 1 69 200 0 0
 6140 156269.000 168026.000 0 0 50.000 54.000 2700.000 51.961 0 1 69 200 0 0
 6141 155904.000 168273.000 0 0 50.000 54.000 2700.000 51.961 0 1 69 200 0 0
 6142 155485.000 168616.000 0 0 50.000 54.000 2700.000 51.961 0 1 69 200 0 0
 6143 154806.000 169141.000 0 0 50.000 54.000 2700.000 51.961 0 1 69 200 0 0
 6144 154574.000 169406.000 0 0 50.000 54.000 2700.000 51.961 0 1 69 200 0 0
 6145 153995.000 169832.000 0 0 50.000 54.000 2700.000 51.961 0 1 69 200 0 0
 6146 153909.000 169866.000 0 0 50.000 54.000 2700.000 51.961 0 1 69 200 0 0
 6147 153710.000 170176.000 0 0 50.000 54.000 2700.000 51.961 0 1 69 200 0 0
 6148 153238.000 170444.000 0 0 50.000 54.000 2700.000 51.961 0 1 69 200 0 0
 6149 151925.000 171443.000 0 0 48.000 56.000 2688.000 51.845 0 1 69 200 0 0
 6150 150495.000 172513.000 0 0 48.000 54.000 2592.000 50.911 0 1 69 200 0 0
 6151 149580.000 173110.000 0 0 48.000 54.000 2592.000 50.911 0 1 69 200 0 0
 6152 149109.000 173334.000 0 0 46.000 54.000 2484.000 49.839 0 1 69 200 0 0
 6153 149006.000 173484.000 0 0 46.000 54.000 2484.000 49.839 0 1 69 200 0 0
 6154 148334.000 173849.000 0 0 48.000 54.000 2592.000 50.911 0 1 69 200 0 0
 6155 148197.000 173902.000 0 0 48.000 54.000 2592.000 50.911 0 1 69 200 0 0
 6156 148221.000 174078.000 0 0 48.000 54.000 2592.000 50.911 0 1 69 200 0 0
 6157 144487.000 176357.000 0 0 46.000 56.000 2576.000 50.754 0 1 69 200 0 0
 6158 144267.000 176346.000 0 0 46.000 56.000 2576.000 50.754 0 1 69 200 0 0
 6159 143603.000 176795.000 0 0 46.000 54.000 2484.000 49.839 0 1 69 200 0 0
 6160 140271.000 178457.000 0 0 44.000 56.000 2464.000 49.638 0 1 69 200 0 0
 6161 139475.000 178820.000 0 0 44.000 56.000 2464.000 49.638 0 1 69 200 0 0
 6162 134582.000 181135.000 0 0 42.000 54.000 2268.000 47.623 0 1 69 200 0 0
 6163 134479.000 181184.000 0 0 42.000 56.000 2352.000 48.497 0 1 69 200 0 0
 6164 132659.000 181894.000 0 0 42.000 56.000 2352.000 48.497 0 1 69 200 0 0
 6165 132679.000 182045.000 0 0 42.000 56.000 2352.000 48.497 0 1 69 200 0 0
 6166 126513.000 184123.000 0 0 38.000 54.000 2052.000 45.299 0 1 119 200 0 0
 6167 119137.000 186131.000 0 0 0.000 0.000 0.000 0.220 0 1 0 0 0 0
 6168 113605.000 187078.000 0 0 30.000 52.000 1560.000 39.496 0 1 123 210 0 0
 6169 110952.000 187628.000 0 0 0.000 0.000 0.000 200000.000 0 1 0 200 0 0
 6170 38998.000 163416.000 0 0 0.000 0.000 0.000 200000.000 0 1 0 200 0 0
 6171 99106.000 188195.000 0 0 0.000 0.000 0.000 0.202 0 1 0 0 0 0
 6172 18220.000 66874.000 0 0 0.000 0.000 0.000 200000.000 0 1 0 200 0 0
 6173 84712.000 186707.000 0 0 0.000 0.000 0.000 0.251 0 1 0 0 0 0
 6174 77822.000 185268.000 0 0 0.000 0.000 0.000 0.240 0 1 0 0 0 0
 6175 75601.000 184787.000 0 0 0.000 0.000 0.000 200000.000 0 1 0 200 0 0
 6176 49769.000 172475.000 0 0 0.000 0.000 0.000 200000.000 0 1 0 200 0 0
 6177 118850.000 13660.000 0 0 0.000 0.000 0.000 200000.000 0 1 0 200 0 0
 6178 18308.000 66969.000 0 0 0.000 0.000 0.000 200000.000 0 1 0 200 0 0
 6179 121524.000 14052.000 0 0 0.000 0.000 0.000 200000.000 0 1 0 200 0 0
 6180 24595.000 54113.000 0 0 0.000 0.000 0.000 200000.000 0 1 0 200 0 0
 6181 48716.000 28138.000 0 0 0.000 0.000 0.000 0.288 0 1 0 0 0 0
 6182 166500.000 158345.000 0 0 52.000 52.000 2704.000 52.000 0 1 69 200 0 0
 6183 58106.000 22236.000 0 0 0.000 0.000 0.000 200000.000 0 1 0 200 0 0
 6184 128294.000 183730.000 0 0 0.000 0.000 0.000 0.127 0 1 0 0 0 0
 6185 58119.000 22146.000 0 0 0.000 0.000 0.000 200000.000 0 1 0 200 0 0
 6186 117165.000 13261.000 0 0 0.000 0.000 0.000 200000.000 0 1 0 200 0 0
 6187 121441.000 14157.000 0 0 0.000 0.000 0.000 200000.000 0 1 0 200 0 0
 6188 188375.000 107909.000 0 0 0.000 0.000 0.000 200000.000 0 1 0 200 0 0
 6189 173204.000 51576.000 0 0 0.000 0.000 0.000 200000.000 0 1 0 200 0 0
 6190 177477.000 142965.000 0 0 0.000 0.000 0.000 0.218 0 1 0 0 0 0
 6191 177273.000 143187.000 0 0 0.000 0.000 0.000 0.214 0 1 0 0 0 0
 6192 172544.000 150659.000 0 0 54.000 48.000 2592.000 50.911 0 1 69 200 0 0
 6193 171539.000 152264.000 0 0 56.000 48.000 2688.000 51.845 0 1 69 200 0 0
 6194 168107.000 156658.000 0 0 54.000 50.000 2700.000 51.961 0 1 86 200 0 0
 6195 166017.000 158930.000 0 0 52.000 50.000 2600.000 50.990 0 1 69 200 0 0
 6196 166015.000 159104.000 0 0 54.000 50.000 2700.000 51.961 0 1 69 200 0 0
 6197 164323.000 160669.000 0 0 54.000 52.000 2808.000 52.990 0 1 69 200 0 0
 6198 163876.000 161284.000 0 0 54.000 52.000 2808.000 52.990 0 1 69 200 0 0
 6199 163855.000 161369.000 0 0 54.000 52.000 2808.000 52.990 0 1 69 200 0 0
 6200 163122.000 161957.000 0 0 52.000 52.000 2704.000 52.000 0 1 69 200 0 0
 6201 162334.000 162756.000 0 0 52.000 52.000 2704.000 52.000 0 1 69 200 0 0
 6202 162180.000 162955.000 0 0 52.000 52.000 2704.000 52.000 0 1 69 200 0 0
 6203 160217.000 164801.000 0 0 52.000 54.000 2808.000 52.990 0 1 69 200 0 0
 6204 159451.000 165413.000 0 0 50.000 54.000 2700.000 51.961 0 1 69 200 0 0
 6205 159362.000 166228.000 0 0 50.000 54.000 2700.000 51.961 0 1 69 200 0 0
 6206 158452.000 166424.000 0 0 52.000 52.000 2704.000 52.000 0 1 69 200 0 0
 6207 157867.000 167050.000 0 0 52.000 52.000 2704.000 52.000 0 1 69 200 0 0
 6208 156104.000 168271.000 0 0 50.000 54.000 2700.000 51.961 0 1 69 200 0 0
 6209 155483.000 168917.000 0 0 50.000 54.000 2700.000 51.961 0 1 69 200 0 0
 6210 154232.000 169738.000 0 0 50.000 54.000 2700.000 51.961 0 1 69 200 0 0
 6211 152676.000 170915.000 0 0 48.000 56.000 2688.000 51.845 0 1 69 200 0 0
 6212 152561.000 171052.000 0 0 48.000 56.000 2688.000 51.845 0 1 69 200 0 0
 6213 152182.000 171436.000 0 0 48.000 56.000 2688.000 51.845 0 1 69 200 0 0
 6214 151529.000 171995.000 0 0 48.000 54.000 2592.000 50.911 0 1 69 200 0 0
 6215 150930.000 172315.000 0 0 48.000 54.000 2592.000 50.911 0 1 69 200 0 0
 6216 150655.000 172484.000 0 0 48.000 54.000 2592.000 50.911 0 1 69 200 0 0
 6217 150471.000 172635.000 0 0 48.000 54.000 2592.000 50.911 0 1 69 200 0 0
 6218 150118.000 172810.000 0 0 48.000 54.000 2592.000 50.911 0 1 69 200 0 0
 6219 149719.000 173112.000 0 0 48.000 54.000 2592.000 50.911 0 1 69 200 0 0
 6220 149369.000 173501.000 0 0 46.000 54.000 2484.000 49.839 0 1 69 200 0 0
 6221 149169.000 173630.000 0 0 46.000 54.000 2484.000 49.839 0 1 69 200 0 0
 6222 148880.000 173655.000 0 0 46.000 54.000 2484.000 49.839 0 1 69 200 0 0
 6223 146430.000 175240.000 0 0 48.000 56.000 2688.000 51.845 0 1 69 200 0 0
 6224 144995.000 176158.000 0 0 46.000 56.000 2576.000 50.754 0 1 69 200 0 0
 6225 144918.000 176171.000 0 0 46.000 56.000 2576.000 50.754 0 1 69 200 0 0
 6226 143931.000 176747.000 0 0 46.000 54.000 2484.000 49.839 0 1 69 200 0 0
 6227 143313.000 177102.000 0 0 46.000 54.000 2484.000 49.839 0 1 69 200 0 0
 6228 142340.000 177581.000 0 0 44.000 54.000 2376.000 48.744 0 1 69 200 0 0
 6229 142074.000 177831.000 0 0 44.000 54.000 2376.000 48.744 0 1 69 200 0 0
 6230 141452.000 178105.000 0 0 44.000 56.000 2464.000 49.638 0 1 69 200 0 0
 6231 140909.000 178338.000 0 0 44.000 56.000 2464.000 49.638 0 1 69 200 0 0
 6232 140707.000 178500.000 0 0 44.000 56.000 2464.000 49.638 0 1 69 200 0 0
 6233 140091.000 178793.000 0 0 44.000 56.000 2464.000 49.638 0 1 69 200 0 0
 6234 136426.000 180577.000 0 0 42.000 54.000 2268.000 47.623 0 1 69 200 0 0
 6235 132943.000 182046.000 0 0 42.000 56.000 2352.000 48.497 0 1 69 200 0 0
 6236 131129.000 182691.000 0 0 40.000 56.000 2240.000 47.328 0 1 69 200 0 0
 6237 127601.000 183913.000 0 0 0.000 0.000 0.000 0.275 0 1 0 0 0 0
 6238 17896.000 67225.000 0 0 0.000 0.000 0.000 200000.000 0 1 0 200 0 0
 6239 123007.000 185298.000 0 0 36.000 56.000 2016.000 44.899 0 1 118 200 0 0
 6240 183489.000 69926.000 0 0 0.000 0.000 0.000 200000.000 0 1 0 200 0 0
 6241 121186.000 185887.000 0 0 0.000 0.000 0.000 0.210 0 1 0 0 0 0
 6242 113942.000 187209.000 0 0 30.000 52.000 1560.000 39.496 0 1 123 210 0 0
 6243 111007.000 187621.000 0 0 0.000 0.000 0.000 200000.000 0 1 0 200 0 0
 6244 53604.000 175194.000 0 0 0.000 0.000 0.000 200000.000 0 1 0 200 0 0
 6245 160444.000 164803.000 0 0 52.000 54.000 2808.000 52.990 0 1 69 200 0 0
 6246 17985.000 67319.000 0 0 0.000 0.000 0.000 200000.000 0 1 0 200 0 0
 6247 188389.000 92154.000 0 0 0.000 0.000 0.000 0.333 0 1 0 0 0 0
 6248 182102.000 133885.000 0 0 0.000 0.000 0.000 0.219 0 1 0 0 0 0
 6249 177920.000 142400.000 0 0 0.000 0.000 0.000 0.236 0 1 0 0 0 0
 6250 173438.000 149936.000 0 0 54.000 48.000 2592.000 50.911 0 1 69 200 0 0
 6251 173001.000 150321.000 0 0 54.000 48.000 2592.000 50.911 0 1 69 200 0 0
 6252 172934.000 150435.000 0 0 54.000 48.000 2592.000 50.911 0 1 69 200 0 0
 6253 172298.000 151321.000 0 0 54.000 48.000 2592.000 50.911 0 1 69 200 0 0
 6254 171873.000 151842.000 0 0 56.000 48.000 2688.000 51.845 0 1 69 200 0 0
 6255 171568.000 152433.000 0 0 56.000 48.000 2688.000 51.845 0 1 69 200 0 0
 6256 164285.000 161124.000 0 0 54.000 52.000 2808.000 52.990 0 1 69 200 0 0
 6257 163672.000 161707.000 0 0 52.000 52.000 2704.000 52.000 0 1 69 200 0 0
 6258 162953.000 162446.000 0 0 52.000 52.000 2704.000 52.000 0 1 69 200 0 0
 6259 162130.000 163403.000 0 0 52.000 52.000 2704.000 52.000 0 1 69 200 0 0
 6260 161441.000 163807.000 0 0 52.000 54.000 2808.000 52.990 0 1 69 200 0 0
 6261 165676.000 158160.000 0 0 52.000 50.000 2600.000 50.990 0 1 69 200 0 0
 6262 160031.000 165414.000 0 0 50.000 54.000 2700.000 51.961 0 1 69 200 0 0
 6263 159861.000 165335.000 0 0 50.000 54.000 2700.000 51.961 0 1 69 200 0 0
 6264 158372.000 166720.000 0 0 52.000 52.000 2704.000 52.000 0 1 69 200 0 0
 6265 157702.000 167216.000 0 0 52.000 52.000 2704.000 52.000 0 1 69 200 0 0
 6266 156198.000 168514.000 0 0 50.000 54.000 2700.000 51.961 0 1 69 200 0 0
 6267 155791.000 168875.000 0 0 50.000 54.000 2700.000 51.961 0 1 69 200 0 0
 6268 155287.000 169189.000 0 0 50.000 54.000 2700.000 51.961 0 1 69 200 0 0
 6269 154573.000 169784.000 0 0 50.000 54.000 2700.000 51.961 0 1 69 200 0 0
 6270 154025.000 170191.000 0 0 50.000 54.000 2700.000 51.961 0 1 69 200 0 0
 6271 153986.000 170364.000 0 0 50.000 54.000 2700.000 51.961 0 1 69 200 0 0
 6272 152090.000 171715.000 0 0 48.000 56.000 2688.000 51.845 0 1 69 200 0 0
 6273 151244.000 172159.000 0 0 48.000 54.000 2592.000 50.911 0 1 69 200 0 0
 6274 149816.000 173316.000 0 0 48.000 54.000 2592.000 50.911 0 1 69 200 0 0
 6275 148966.000 173847.000 0 0 48.000 54.000 2592.000 50.911 0 1 69 200 0 0
 6276 148124.000 174523.000 0 0 48.000 56.000 2688.000 51.845 0 1 69 200 0 0
 6277 145198.000 176312.000 0 0 46.000 56.000 2576.000 50.754 0 1 69 200 0 0
 6278 143921.000 177030.000 0 0 46.000 54.000 2484.000 49.839 0 1 69 200 0 0
 6279 143561.000 177024.000 0 0 46.000 54.000 2484.000 49.839 0 1 69 200 0 0
 6280 141449.000 178255.000 0 0 44.000 56.000 2464.000 49.638 0 1 69 200 0 0
 6281 140746.000 178633.000 0 0 44.000 56.000 2464.000 49.638 0 1 69 200 0 0
 6282 140113.000 179046.000 0 0 44.000 56.000 2464.000 49.638 0 1 69 200 0 0
 6283 139632.000 179307.000 0 0 44.000 56.000 2464.000 49.638 0 1 69 200 0 0
 6284 126289.000 184534.000 0 0 38.000 54.000 2052.000 45.299 0 1 119 200 0 0
 6285 124817.000 184985.000 0 0 38.000 55.000 2090.000 45.716 0 1 119 200 0 0
 6286 114441.000 187327.000 0 0 32.000 52.000 1664.000 40.792 0 1 123 210 0 0
 6287 107732.000 188092.000 0 0 0.000 0.000 0.000 0.205 0 1 0 0 0 0
 6288 89903.000 188023.000 0 0 0.000 0.000 0.000 200000.000 0 1 0 200 0 0
 6289 52866.000 174733.000 0 0 0.000 0.000 0.000 200000.000 0 1 0 200 0 0
 6290 87618.000 187639.000 0 0 0.000 0.000 0.000 0.267 0 1 0 0 0 0
 6291 80158.000 186146.000 0 0 0.000 0.000 0.000 0.229 0 1 0 0 0 0
 6292 55084.000 176487.000 0 0 0.000 0.000 0.000 200000.000 0 1 0 200 0 0
 6293 46429.000 170463.000 0 0 0.000 0.000 0.000 200000.000 0 1 0 200 0 0
 6294 12428.000 88213.000 0 0 0.000 0.000 0.000 200000.000 0 1 0 200 0 0
 6295 19674.000 137120.000 0 0 0.000 0.000 0.000 200000.000 0 1 0 200 0 0
 6296 55960.000 23160.000 0 0 0.000 0.000 0.000 200000.000 0 1 0 200 0 0
 6297 11507.000 101822.000 0 0 0.000 0.000 0.000 200000.000 0 1 0 200 0 0
 6298 109803.000 11632.000 0 0 0.000 0.000 0.000 200000.000 0 1 0 200 0 0
 6299 109734.000 11750.000 0 0 0.000 0.000 0.000 200000.000 0 1 0 200 0 0
 6300 107582.000 187511.000 0 0 0.000 0.000 0.000 200000.000 0 1 0 200 0 0
 6301 183105.000 67923.000 0 0 0.000 0.000 0.000 200000.000 0 1 0 200 0 0
 6302 182927.000 67938.000 0 0 0.000 0.000 0.000 200000.000 0 1 0 200 0 0
 6303 186625.000 79846.000 0 0 0.000 0.000 0.000 0.397 0 1 0 0 0 0
 6304 188897.000 101110.000 0 0 0.000 0.000 0.000 200000.000 0 1 0 200 0 0
 6305 188903.000 101054.000 0 0 0.000 0.000 0.000 200000.000 0 1 0 200 0 0
 6306 189052.000 101976.000 0 0 0.000 0.000 0.000 200000.000 0 1 0 200 0 0
 6307 187057.000 113759.000 0 0 0.000 0.000 0.000 200000.000 0 1 0 200 0 0
 6308 180977.000 137000.000 0 0 0.000 0.000 0.000 200000.000 0 1 0 200 0 0
 6309 134555.000 181704.000 0 0 42.000 56.000 2352.000 48.497 0 1 69 200 0 0
 6310 173889.000 149590.000 0 0 54.000 46.000 2484.000 49.839 0 1 69 200 0 0
 6311 171940.000 152136.000 0 0 56.000 48.000 2688.000 51.845 0 1 69 200 0 0
 6312 171673.000 152668.000 0 0 56.000 48.000 2688.000 51.845 0 1 69 200 0 0
 6313 166155.000 159419.000 0 0 54.000 50.000 2700.000 51.961 0 1 69 200 0 0
 6314 165498.000 160162.000 0 0 54.000 50.000 2700.000 51.961 0 1 69 200 0 0
 6315 165253.000 160353.000 0 0 54.000 50.000 2700.000 51.961 0 1 69 200 0 0
 6316 165017.000 160464.000 0 0 54.000 52.000 2808.000 52.990 0 1 69 200 0 0
 6317 163443.000 162304.000 0 0 52.000 52.000 2704.000 52.000 0 1 69 200 0 0
 6318 163105.000 162346.000 0 0 52.000 52.000 2704.000 52.000 0 1 69 200 0 0
 6319 169266.000 154604.000 0 0 0.000 0.000 0.000 200000.000 0 1 0 200 0 0
 6320 159518.000 165932.000 0 0 50.000 54.000 2700.000 51.961 0 1 69 200 0 0
 6321 158496.000 166695.000 0 0 52.000 52.000 2704.000 52.000 0 1 69 200 0 0
 6322 158507.000 166783.000 0 0 52.000 52.000 2704.000 52.000 0 1 69 200 0 0
 6323 157403.000 167717.000 0 0 52.000 54.000 2808.000 52.990 0 1 69 200 0 0
 6324 156470.000 168457.000 0 0 50.000 54.000 2700.000 51.961 0 1 69 200 0 0
 6325 151383.000 172546.000 0 0 48.000 54.000 2592.000 50.911 0 1 69 200 0 0
 6326 150693.000 173016.000 0 0 48.000 54.000 2592.000 50.911 0 1 69 200 0 0
 6327 149346.000 173722.000 0 0 46.000 54.000 2484.000 49.839 0 1 69 200 0 0
 6328 148034.000 174768.000 0 0 48.000 56.000 2688.000 51.845 0 1 69 200 0 0
 6329 147739.000 174909.000 0 0 48.000 56.000 2688.000 51.845 0 1 69 200 0 0
 6330 147163.000 175239.000 0 0 48.000 56.000 2688.000 51.845 0 1 69 200 0 0
 6331 146840.000 175438.000 0 0 48.000 56.000 2688.000 51.845 0 1 69 200 0 0
 6332 145576.000 176315.000 0 0 46.000 56.000 2576.000 50.754 0 1 69 200 0 0
 6333 144483.000 176901.000 0 0 46.000 56.000 2576.000 50.754 0 1 69 200 0 0
 6334 144205.000 176937.000 0 0 46.000 54.000 2484.000 49.839 0 1 69 200 0 0
 6335 140474.000 178968.000 0 0 44.000 56.000 2464.000 49.638 0 1 69 200 0 0
 6336 140349.000 179136.000 0 0 44.000 56.000 2464.000 49.638 0 1 69 200 0 0
 6337 138371.000 179950.000 0 0 42.000 56.000 2352.000 48.497 0 1 69 200 0 0
 6338 136955.000 180665.000 0 0 42.000 54.000 2268.000 47.623 0 1 69 200 0 0
 6339 136896.000 180774.000 0 0 42.000 54.000 2268.000 47.623 0 1 69 200 0 0
 6340 136159.000 180937.000 0 0 42.000 54.000 2268.000 47.623 0 1 69 200 0 0
 6341 135668.000 181268.000 0 0 42.000 54.000 2268.000 47.623 0 1 69 200 0 0
 6342 134598.000 181663.000 0 0 42.000 56.000 2352.000 48.497 0 1 69 200 0 0
 6343 132704.000 182493.000 0 0 42.000 56.000 2352.000 48.497 0 1 69 200 0 0
 6344 132165.000 182833.000 0 0 42.000 56.000 2352.000 48.497 0 1 69 200 0 0
 6345 132118.000 182867.000 0 0 42.000 56.000 2352.000 48.497 0 1 69 200 0 0
 6346 131793.000 182862.000 0 0 40.000 56.000 2240.000 47.328 0 1 69 200 0 0
 6347 120328.000 186435.000 0 0 34.000 54.000 1836.000 42.848 0 1 121 200 0 0
 6348 115843.000 187199.000 0 0 0.000 0.000 0.000 0.284 0 1 0 0 0 0
 6349 91929.000 188246.000 0 0 0.000 0.000 0.000 0.257 0 1 0 0 0 0
 6350 60431.000 179294.000 0 0 0.000 0.000 0.000 0.274 0 1 0 0 0 0
 6351 57257.000 177726.000 0 0 0.000 0.000 0.000 200000.000 0 1 0 200 0 0
 6352 26986.000 149997.000 0 0 0.000 0.000 0.000 200000.000 0 1 0 200 0 0
 6353 22144.000 142107.000 0 0 0.000 0.000 0.000 0.364 0 1 0 0 0 0
 6354 15375.000 73327.000 0 0 0.000 0.000 0.000 200000.000 0 1 0 200 0 0
 6355 21785.000 58508.000 0 0 0.000 0.000 0.000 0.427 0 1 0 0 0 0
 6356 115476.000 12353.000 0 0 0.000 0.000 0.000 0.446 0 1 0 0 0 0
 6357 122775.000 185038.000 0 0 36.000 56.000 2016.000 44.899 0 1 118 200 0 0
 6358 182237.000 65868.000 0 0 0.000 0.000 0.000 0.405 0 1 0 0 0 0
 6359 186649.000 78627.000 0 0 0.000 0.000 0.000 200000.000 0 1 0 200 0 0
 6360 189182.000 96610.000 0 0 50.000 24.000 1200.000 34.641 0 1 11 200 0 0
 6361 189074.000 105464.000 0 0 0.000 0.000 0.000 200000.000 0 1 0 200 0 0
 6362 174625.000 148560.000 0 0 54.000 48.000 2592.000 50.911 0 1 65 200 0 0
 6363 173837.000 149843.000 0 0 54.000 46.000 2484.000 49.839 0 1 69 200 0 0
 6364 173539.000 150320.000 0 0 54.000 48.000 2592.000 50.911 0 1 69 200 0 0
 6365 169242.000 155913.000 0 0 54.000 50.000 2700.000 51.961 0 1 85 200 0 0
 6366 169043.000 156162.000 0 0 54.000 50.000 2700.000 51.961 0 1 85 200 0 0
 6367 167781.000 157566.000 0 0 54.000 52.000 2808.000 52.990 0 1 69 200 0 0
 6368 167424.000 158289.000 0 0 52.000 52.000 2704.000 52.000 0 1 69 200 0 0
 6369 166470.000 159141.000 0 0 52.000 50.000 2600.000 50.990 0 1 69 200 0 0
 6370 163990.000 161856.000 0 0 52.000 52.000 2704.000 52.000 0 1 69 200 0 0
 6371 163438.000 162376.000 0 0 52.000 52.000 2704.000 52.000 0 1 69 200 0 0
 6372 163301.000 162649.000 0 0 52.000 52.000 2704.000 52.000 0 1 69 200 0 0
 6373 163037.000 162951.000 0 0 52.000 52.000 2704.000 52.000 0 1 69 200 0 0
 6374 162492.000 163395.000 0 0 52.000 52.000 2704.000 52.000 0 1 69 200 0 0
 6375 161724.000 164041.000 0 0 52.000 53.000 2756.000 52.497 0 1 69 200 0 0
 6376 161696.000 164186.000 0 0 52.000 54.000 2808.000 52.990 0 1 69 200 0 0
 6377 159957.000 165675.000 0 0 50.000 54.000 2700.000 51.961 0 1 69 200 0 0
 6378 157885.000 167464.000 0 0 52.000 52.000 2704.000 52.000 0 1 69 200 0 0
 6379 157021.000 168410.000 0 0 52.000 54.000 2808.000 52.990 0 1 69 200 0 0
 6380 156749.000 168442.000 0 0 50.000 54.000 2700.000 51.961 0 1 69 200 0 0
 6381 155446.000 169980.000 0 0 50.000 54.000 2700.000 51.961 0 1 69 200 0 0
 6382 153717.000 170847.000 0 0 50.000 54.000 2700.000 51.961 0 1 69 200 0 0
 6383 153431.000 171119.000 0 0 50.000 54.000 2700.000 51.961 0 1 69 200 0 0
 6384 153174.000 171287.000 0 0 48.000 56.000 2688.000 51.845 0 1 69 200 0 0
 6385 151936.000 172243.000 0 0 48.000 56.000 2688.000 51.845 0 1 69 200 0 0
 6386 151715.000 172256.000 0 0 48.000 54.000 2592.000 50.911 0 1 69 200 0 0
 6387 150775.000 173082.000 0 0 48.000 54.000 2592.000 50.911 0 1 69 200 0 0
 6388 147877.000 175047.000 0 0 48.000 56.000 2688.000 51.845 0 1 69 200 0 0
 6389 147730.000 175061.000 0 0 48.000 56.000 2688.000 51.845 0 1 69 200 0 0
 6390 147544.000 175150.000 0 0 48.000 56.000 2688.000 51.845 0 1 69 200 0 0
 6391 147161.000 175438.000 0 0 48.000 56.000 2688.000 51.845 0 1 69 200 0 0
 6392 146661.000 175781.000 0 0 48.000 56.000 2688.000 51.845 0 1 69 200 0 0
 6393 146380.000 175990.000 0 0 48.000 56.000 2688.000 51.845 0 1 69 200 0 0
 6394 145924.000 176234.000 0 0 46.000 56.000 2576.000 50.754 0 1 69 200 0 0
 6395 144910.000 176754.000 0 0 46.000 56.000 2576.000 50.754 0 1 69 200 0 0
 6396 144146.000 177161.000 0 0 46.000 54.000 2484.000 49.839 0 1 69 200 0 0
 6397 143341.000 177615.000 0 0 46.000 54.000 2484.000 49.839 0 1 69 200 0 0
 6398 143096.000 177727.000 0 0 46.000 54.000 2484.000 49.839 0 1 69 200 0 0
 6399 143008.000 177742.000 0 0 46.000 54.000 2484.000 49.839 0 1 69 200 0 0
 6400 142400.000 178311.000 0 0 44.000 54.000 2376.000 48.744 0 1 69 200 0 0
 6401 141779.000 178562.000 0 0 44.000 56.000 2464.000 49.638 0 1 69 200 0 0
 6402 140488.000 179184.000 0 0 44.000 56.000 2464.000 49.638 0 1 69 200 0 0
 6403 138871.000 179901.000 0 0 42.000 56.000 2352.000 48.497 0 1 69 200 0 0
 6404 138141.000 180341.000 0 0 42.000 56.000 2352.000 48.497 0 1 69 200 0 0
 6405 137415.000 180630.000 0 0 42.000 56.000 2352.000 48.497 0 1 69 200 0 0
 6406 136927.000 180985.000 0 0 42.000 54.000 2268.000 47.623 0 1 69 200 0 0
 6407 136486.000 181170.000 0 0 42.000 54.000 2268.000 47.623 0 1 69 200 0 0
 6408 133220.000 182558.000 0 0 42.000 56.000 2352.000 48.497 0 1 69 200 0 0
 6409 128036.000 184493.000 0 0 0.000 0.000 0.000 0.226 0 1 0 0 0 0
 6410 125827.000 185030.000 0 0 38.000 54.000 2052.000 45.299 0 1 119 200 0 0
 6411 119530.000 186675.000 0 0 34.000 54.000 1836.000 42.848 0 1 121 200 0 0
 6412 22698.000 56461.000 0 0 0.000 0.000 0.000 200000.000 0 1 0 200 0 0
 6413 118344.000 187058.000 0 0 0.000 0.000 0.000 0.229 0 1 0 0 0 0
 6414 187116.000 79819.000 0 0 0.000 0.000 0.000 200000.000 0 1 0 200 0 0
 6415 106114.000 188638.000 0 0 0.000 0.000 0.000 0.400 0 1 0 0 0 0
 6416 86031.000 187687.000 0 0 0.000 0.000 0.000 0.255 0 1 0 0 0 0
 6417 73566.000 184721.000 0 0 0.000 0.000 0.000 0.248 0 1 0 0 0 0
 6418 50488.000 173789.000 0 0 0.000 0.000 0.000 200000.000 0 1 0 200 0 0
 6419 162241.000 164037.000 0 0 52.000 52.000 2704.000 52.000 0 1 69 200 0 0
 6420 23205.000 55533.000 0 0 0.000 0.000 0.000 200000.000 0 1 0 200 0 0
 6421 86409.000 11863.000 0 0 0.000 0.000 0.000 200000.000 0 1 0 200 0 0
 6422 109168.000 11396.000 0 0 0.000 0.000 0.000 200000.000 0 1 0 200 0 0
 6423 186945.000 79802.000 0 0 0.000 0.000 0.000 200000.000 0 1 0 200 0 0
 6424 179454.000 140616.000 0 0 56.000 44.000 2464.000 49.638 0 1 51 200 0 0
 6425 175215.000 148062.000 0 0 56.000 48.000 2688.000 51.845 0 1 65 200 0 0
 6426 174166.000 149488.000 0 0 54.000 46.000 2484.000 49.839 0 1 69 200 0 0
 6427 173434.000 150631.000 0 0 54.000 48.000 2592.000 50.911 0 1 69 200 0 0
 6428 171348.000 153436.000 0 0 56.000 48.000 2688.000 51.845 0 1 69 200 0 0
 6429 166111.000 159915.000 0 0 54.000 50.000 2700.000 51.961 0 1 69 200 0 0
 6430 165891.000 160009.000 0 0 54.000 50.000 2700.000 51.961 0 1 69 200 0 0
 6431 164168.000 161849.000 0 0 52.000 52.000 2704.000 52.000 0 1 69 200 0 0
 6432 163965.000 162290.000 0 0 52.000 52.000 2704.000 52.000 0 1 69 200 0 0
 6433 163527.000 162560.000 0 0 52.000 52.000 2704.000 52.000 0 1 69 200 0 0
 6434 163154.000 163020.000 0 0 52.000 52.000 2704.000 52.000 0 1 69 200 0 0
 6435 162630.000 163896.000 0 0 52.000 52.000 2704.000 52.000 0 1 69 200 0 0
 6436 161538.000 164638.000 0 0 52.000 54.000 2808.000 52.990 0 1 69 200 0 0
 6437 161117.000 164889.000 0 0 52.000 54.000 2808.000 52.990 0 1 69 200 0 0
 6438 158627.000 167176.000 0 0 52.000 52.000 2704.000 52.000 0 1 69 200 0 0
 6439 156213.000 169186.000 0 0 50.000 54.000 2700.000 51.961 0 1 69 200 0 0
 6440 155430.000 169829.000 0 0 50.000 54.000 2700.000 51.961 0 1 69 200 0 0
 6441 154870.000 170340.000 0 0 50.000 54.000 2700.000 51.961 0 1 69 200 0 0
 6442 153101.000 171605.000 0 0 48.000 56.000 2688.000 51.845 0 1 69 200 0 0
 6443 151835.000 172498.000 0 0 48.000 54.000 2592.000 50.911 0 1 69 200 0 0
 6444 151076.000 173039.000 0 0 48.000 54.000 2592.000 50.911 0 1 69 200 0 0
 6445 150629.000 173502.000 0 0 48.000 54.000 2592.000 50.911 0 1 69 200 0 0
 6446 149449.000 174275.000 0 0 46.000 54.000 2484.000 49.839 0 1 69 200 0 0
 6447 149257.000 174304.000 0 0 48.000 54.000 2592.000 50.911 0 1 69 200 0 0
 6448 148673.000 174660.000 0 0 48.000 54.000 2592.000 50.911 0 1 69 200 0 0
 6449 148566.000 174715.000 0 0 48.000 54.000 2592.000 50.911 0 1 69 200 0 0
 6450 146560.000 175901.000 0 0 48.000 56.000 2688.000 51.845 0 1 69 200 0 0
 6451 145872.000 176471.000 0 0 46.000 56.000 2576.000 50.754 0 1 69 200 0 0
 6452 145418.000 176694.000 0 0 46.000 56.000 2576.000 50.754 0 1 69 200 0 0
 6453 145253.000 176742.000 0 0 46.000 56.000 2576.000 50.754 0 1 69 200 0 0
 6454 144525.000 177180.000 0 0 46.000 54.000 2484.000 49.839 0 1 69 200 0 0
 6455 143421.000 177793.000 0 0 46.000 54.000 2484.000 49.839 0 1 69 200 0 0
 6456 140291.000 179437.000 0 0 44.000 56.000 2464.000 49.638 0 1 69 200 0 0
 6457 138381.000 180478.000 0 0 42.000 56.000 2352.000 48.497 0 1 69 200 0 0
 6458 137340.000 180841.000 0 0 42.000 56.000 2352.000 48.497 0 1 69 200 0 0
 6459 136366.000 181310.000 0 0 42.000 54.000 2268.000 47.623 0 1 69 200 0 0
 6460 136158.000 181537.000 0 0 42.000 54.000 2268.000 47.623 0 1 69 200 0 0
 6461 134750.000 181927.000 0 0 42.000 56.000 2352.000 48.497 0 1 69 200 0 0
 6462 134535.000 182066.000 0 0 42.000 56.000 2352.000 48.497 0 1 69 200 0 0
 6463 133798.000 182552.000 0 0 42.000 56.000 2352.000 48.497 0 1 69 200 0 0
 6464 133385.000 182672.000 0 0 42.000 56.000 2352.000 48.497 0 1 69 200 0 0
 6465 131398.000 183349.000 0 0 40.000 56.000 2240.000 47.328 0 1 69 200 0 0
 6466 131335.000 183387.000 0 0 40.000 56.000 2240.000 47.328 0 1 69 200 0 0
 6467 129178.000 184150.000 0 0 0.000 0.000 0.000 0.224 0 1 0 0 0 0
 6468 125053.000 185526.000 0 0 38.000 54.000 2052.000 45.299 0 1 119 200 0 0
 6469 124333.000 185575.000 0 0 36.000 56.000 2016.000 44.899 0 1 119 200 0 0
 6470 107805.000 188809.000 0 0 0.000 0.000 0.000 200000.000 0 1 0 200 0 0
 6471 113230.000 188093.000 0 0 0.000 0.000 0.000 0.215 0 1 0 0 0 0
 6472 14076.000 123210.000 0 0 0.000 0.000 0.000 200000.000 0 1 0 200 0 0
 6473 14226.000 123222.000 0 0 0.000 0.000 0.000 200000.000 0 1 0 200 0 0
 6474 12270.000 114001.000 0 0 0.000 0.000 0.000 200000.000 0 1 0 200 0 0
 6475 35881.000 38029.000 0 0 0.000 0.000 0.000 200000.000 0 1 0 200 0 0
 6476 93995.000 10830.000 0 0 0.000 0.000 0.000 200000.000 0 1 0 200 0 0
 6477 37066.000 37040.000 0 0 0.000 0.000 0.000 0.334 0 1 0 0 0 0
 6478 131559.000 16454.000 0 0 0.000 0.000 0.000 200000.000 0 1 0 200 0 0
 6479 43441.000 31241.000 0 0 0.000 0.000 0.000 200000.000 0 1 0 200 0 0
 6480 185652.000 74310.000 0 0 0.000 0.000 0.000 200000.000 0 1 0 200 0 0
 6481 93954.000 10984.000 0 0 0.000 0.000 0.000 200000.000 0 1 0 200 0 0
 6482 171396.000 46142.000 0 0 0.000 0.000 0.000 200000.000 0 1 0 200 0 0
 6483 188959.000 89853.000 0 0 0.000 0.000 0.000 0.267 0 1 0 0 0 0
 6484 183926.000 71020.000 0 0 0.000 0.000 0.000 200000.000 0 1 0 200 0 0
 6485 188982.000 108304.000 0 0 0.000 0.000 0.000 0.259 0 1 0 0 0 0
 6486 186402.000 123272.000 0 0 0.000 0.000 0.000 0.288 0 1 0 0 0 0
 6487 180778.000 138515.000 0 0 0.000 0.000 0.000 0.260 0 1 0 0 0 0
 6488 179262.000 141239.000 0 0 56.000 44.000 2464.000 49.638 0 1 51 200 0 0
 6489 177473.000 144574.000 0 0 0.000 0.000 0.000 0.202 0 1 0 0 0 0
 6490 188039.000 110213.000 0 0 0.000 0.000 0.000 200000.000 0 1 0 200 0 0
 6491 185290.000 124090.000 0 0 0.000 0.000 0.000 200000.000 0 1 0 200 0 0
 6492 168021.000 157878.000 0 0 54.000 52.000 2808.000 52.990 0 1 69 200 0 0
 6493 167502.000 158554.000 0 0 52.000 52.000 2704.000 52.000 0 1 69 200 0 0
 6494 166785.000 159492.000 0 0 52.000 50.000 2600.000 50.990 0 1 69 200 0 0
 6495 165960.000 160402.000 0 0 54.000 50.000 2700.000 51.961 0 1 69 200 0 0
 6496 165624.000 160786.000 0 0 54.000 50.000 2700.000 51.961 0 1 69 200 0 0
 6497 165266.000 161020.000 0 0 54.000 52.000 2808.000 52.990 0 1 69 200 0 0
 6498 164649.000 161768.000 0 0 54.000 52.000 2808.000 52.990 0 1 69 200 0 0
 6499 162964.000 163448.000 0 0 52.000 52.000 2704.000 52.000 0 1 69 200 0 0
 6500 162860.000 163409.000 0 0 52.000 52.000 2704.000 52.000 0 1 69 200 0 0
 6501 162891.000 163521.000 0 0 52.000 52.000 2704.000 52.000 0 1 69 200 0 0
 6502 162667.000 163647.000 0 0 52.000 52.000 2704.000 52.000 0 1 69 200 0 0
 6503 161263.000 165001.000 0 0 52.000 54.000 2808.000 52.990 0 1 69 200 0 0
 6504 160818.000 165332.000 0 0 52.000 54.000 2808.000 52.990 0 1 69 200 0 0
 6505 160676.000 165600.000 0 0 50.000 54.000 2700.000 51.961 0 1 69 200 0 0
 6506 160427.000 165728.000 0 0 50.000 54.000 2700.000 51.961 0 1 69 200 0 0
 6507 160046.000 166219.000 0 0 50.000 54.000 2700.000 51.961 0 1 69 200 0 0
 6508 159948.000 166167.000 0 0 50.000 54.000 2700.000 51.961 0 1 69 200 0 0
 6509 159066.000 166983.000 0 0 52.000 52.000 2704.000 52.000 0 1 69 200 0 0
 6510 158674.000 167485.000 0 0 52.000 52.000 2704.000 52.000 0 1 69 200 0 0
 6511 158409.000 167518.000 0 0 52.000 52.000 2704.000 52.000 0 1 69 200 0 0
 6512 158032.000 167881.000 0 0 52.000 54.000 2808.000 52.990 0 1 69 200 0 0
 6513 157095.000 168632.000 0 0 50.000 54.000 2700.000 51.961 0 1 69 200 0 0
 6514 156534.000 169095.000 0 0 50.000 54.000 2700.000 51.961 0 1 69 200 0 0
 6515 156234.000 169322.000 0 0 50.000 54.000 2700.000 51.961 0 1 69 200 0 0
 6516 156199.000 169436.000 0 0 50.000 54.000 2700.000 51.961 0 1 69 200 0 0
 6517 155129.000 170235.000 0 0 50.000 54.000 2700.000 51.961 0 1 69 200 0 0
 6518 155056.000 170238.000 0 0 50.000 54.000 2700.000 51.961 0 1 69 200 0 0
 6519 154748.000 170629.000 0 0 50.000 54.000 2700.000 51.961 0 1 69 200 0 0
 6520 154121.000 171043.000 0 0 50.000 54.000 2700.000 51.961 0 1 69 200 0 0
 6521 152504.000 172360.000 0 0 48.000 56.000 2688.000 51.845 0 1 69 200 0 0
 6522 152228.000 172564.000 0 0 48.000 56.000 2688.000 51.845 0 1 69 200 0 0
 6523 151776.000 172911.000 0 0 48.000 54.000 2592.000 50.911 0 1 69 200 0 0
 6524 151420.000 172985.000 0 0 48.000 54.000 2592.000 50.911 0 1 69 200 0 0
 6525 150977.000 173300.000 0 0 48.000 54.000 2592.000 50.911 0 1 69 200 0 0
 6526 150934.000 173381.000 0 0 48.000 54.000 2592.000 50.911 0 1 69 200 0 0
 6527 150105.000 173928.000 0 0 48.000 54.000 2592.000 50.911 0 1 69 200 0 0
 6528 148165.000 175277.000 0 0 48.000 56.000 2688.000 51.845 0 1 69 200 0 0
 6529 147811.000 175381.000 0 0 48.000 56.000 2688.000 51.845 0 1 69 200 0 0
 6530 157465.000 167360.000 0 0 52.000 54.000 2808.000 52.990 0 1 69 200 0 0
 6531 143222.000 178088.000 0 0 46.000 54.000 2484.000 49.839 0 1 69 200 0 0
 6532 142853.000 178377.000 0 0 44.000 54.000 2376.000 48.744 0 1 69 200 0 0
 6533 142426.000 178550.000 0 0 44.000 54.000 2376.000 48.744 0 1 69 200 0 0
 6534 141459.000 179193.000 0 0 44.000 56.000 2464.000 49.638 0 1 69 200 0 0
 6535 139628.000 180060.000 0 0 44.000 56.000 2464.000 49.638 0 1 69 200 0 0
 6536 138937.000 180321.000 0 0 42.000 56.000 2352.000 48.497 0 1 69 200 0 0
 6537 138916.000 180427.000 0 0 42.000 56.000 2352.000 48.497 0 1 69 200 0 0
 6538 138227.000 180773.000 0 0 42.000 56.000 2352.000 48.497 0 1 69 200 0 0
 6539 136830.000 181363.000 0 0 42.000 54.000 2268.000 47.623 0 1 69 200 0 0
 6540 134984.000 182076.000 0 0 42.000 55.000 2310.000 48.062 0 1 69 200 0 0
 6541 134730.000 182388.000 0 0 42.000 56.000 2352.000 48.497 0 1 69 200 0 0
 6542 134525.000 182319.000 0 0 42.000 56.000 2352.000 48.497 0 1 69 200 0 0
 6543 134250.000 182427.000 0 0 42.000 56.000 2352.000 48.497 0 1 69 200 0 0
 6544 133082.000 182858.000 0 0 42.000 56.000 2352.000 48.497 0 1 69 200 0 0
 6545 127943.000 184702.000 0 0 0.000 0.000 0.000 0.200 0 1 0 0 0 0
 6546 124975.000 185766.000 0 0 36.000 56.000 2016.000 44.899 0 1 119 200 0 0
 6547 116700.000 187643.000 0 0 0.000 0.000 0.000 0.211 0 1 0 0 0 0
 6548 84485.000 187811.000 0 0 0.000 0.000 0.000 0.387 0 1 0 0 0 0
 6549 71207.000 184466.000 0 0 0.000 0.000 0.000 200000.000 0 1 0 200 0 0
 6550 67789.000 183006.000 0 0 0.000 0.000 0.000 200000.000 0 1 0 200 0 0
 6551 15822.000 70874.000 0 0 0.000 0.000 0.000 200000.000 0 1 0 200 0 0
 6552 60744.000 180026.000 0 0 0.000 0.000 0.000 0.207 0 1 0 0 0 0
 6553 37635.000 163750.000 0 0 0.000 0.000 0.000 200000.000 0 1 0 200 0 0
 6554 73282.000 14605.000 0 0 0.000 0.000 0.000 200000.000 0 1 0 200 0 0
 6555 11338.000 107804.000 0 0 0.000 0.000 0.000 200000.000 0 1 0 200 0 0
 6556 29664.000 45230.000 0 0 0.000 0.000 0.000 200000.000 0 1 0 200 0 0
 6557 189718.000 97385.000 0 0 50.000 24.000 1200.000 34.641 0 1 11 200 0 0
 6558 133038.000 16839.000 0 0 0.000 0.000 0.000 200000.000 0 1 0 200 0 0
 6559 179524.000 58384.000 0 0 0.000 0.000 0.000 200000.000 0 1 0 200 0 0
 6560 188967.000 88493.000 0 0 0.000 0.000 0.000 0.207 0 1 0 0 0 0
 6561 158382.000 168006.000 0 0 52.000 52.000 2704.000 52.000 0 1 69 200 0 0
 6562 189594.000 97337.000 0 0 50.000 24.000 1200.000 34.641 0 1 11 200 0 0
 6563 155923.000 169577.000 0 0 50.000 54.000 2700.000 51.961 0 1 69 200 0 0
 6564 177982.000 57467.000 0 0 0.000 0.000 0.000 200000.000 0 1 0 200 0 0
 6565 188249.000 115548.000 0 0 0.000 0.000 0.000 0.201 0 1 0 0 0 0
 6566 181892.000 136290.000 0 0 0.000 0.000 0.000 0.215 0 1 0 0 0 0
 6567 179195.000 142017.000 0 0 56.000 44.000 2464.000 49.638 0 1 51 200 0 0
 6568 178245.000 143645.000 0 0 0.000 0.000 0.000 0.211 0 1 0 0 0 0
 6569 175865.000 147735.000 0 0 56.000 48.000 2688.000 51.845 0 1 65 200 0 0
 6570 174515.000 149629.000 0 0 54.000 46.000 2484.000 49.839 0 1 69 200 0 0
 6571 173750.000 150793.000 0 0 54.000 48.000 2592.000 50.911 0 1 69 200 0 0
 6572 169307.000 156673.000 0 0 54.000 50.000 2700.000 51.961 0 1 85 200 0 0
 6573 168196.000 157932.000 0 0 54.000 52.000 2808.000 52.990 0 1 69 200 0 0
 6574 167000.000 159287.000 0 0 52.000 50.000 2600.000 50.990 0 1 69 200 0 0
 6575 166859.000 159685.000 0 0 52.000 50.000 2600.000 50.990 0 1 69 200 0 0
 6576 166102.000 160382.000 0 0 54.000 50.000 2700.000 51.961 0 1 69 200 0 0
 6577 165128.000 161354.000 0 0 54.000 52.000 2808.000 52.990 0 1 69 200 0 0
 6578 164226.000 162497.000 0 0 52.000 52.000 2704.000 52.000 0 1 69 200 0 0
 6579 163947.000 162488.000 0 0 52.000 52.000 2704.000 52.000 0 1 69 200 0 0
 6580 160647.000 165753.000 0 0 50.000 54.000 2700.000 51.961 0 1 69 200 0 0
 6581 160601.000 165849.000 0 0 50.000 54.000 2700.000 51.961 0 1 69 200 0 0
 6582 157867.000 168155.000 0 0 52.000 54.000 2808.000 52.990 0 1 69 200 0 0
 6583 157695.000 168350.000 0 0 52.000 54.000 2808.000 52.990 0 1 69 200 0 0
 6584 157029.000 169078.000 0 0 50.000 54.000 2700.000 51.961 0 1 69 200 0 0
 6585 156863.000 169072.000 0 0 50.000 54.000 2700.000 51.961 0 1 69 200 0 0
 6586 156087.000 169727.000 0 0 50.000 54.000 2700.000 51.961 0 1 69 200 0 0
 6587 155994.000 169803.000 0 0 50.000 54.000 2700.000 51.961 0 1 69 200 0 0
 6588 155828.000 169953.000 0 0 50.000 54.000 2700.000 51.961 0 1 69 200 0 0
 6589 152740.000 172257.000 0 0 48.000 56.000 2688.000 51.845 0 1 69 200 0 0
 6590 150861.000 173531.000 0 0 48.000 54.000 2592.000 50.911 0 1 69 200 0 0
 6591 149827.000 174382.000 0 0 46.000 54.000 2484.000 49.839 0 1 69 200 0 0
 6592 149702.000 174310.000 0 0 46.000 54.000 2484.000 49.839 0 1 69 200 0 0
 6593 149532.000 174487.000 0 0 46.000 54.000 2484.000 49.839 0 1 69 200 0 0
 6594 148526.000 175132.000 0 0 48.000 55.000 2640.000 51.380 0 1 69 200 0 0
 6595 146315.000 176395.000 0 0 46.000 56.000 2576.000 50.754 0 1 69 200 0 0
 6596 146263.000 176508.000 0 0 46.000 56.000 2576.000 50.754 0 1 69 200 0 0
 6597 141318.000 179192.000 0 0 44.000 56.000 2464.000 49.638 0 1 69 200 0 0
 6598 140852.000 179494.000 0 0 44.000 56.000 2464.000 49.638 0 1 69 200 0 0
 6599 140709.000 179646.000 0 0 44.000 56.000 2464.000 49.638 0 1 69 200 0 0
 6600 139258.000 180336.000 0 0 42.000 56.000 2352.000 48.497 0 1 69 200 0 0
 6601 138711.000 180644.000 0 0 42.000 56.000 2352.000 48.497 0 1 69 200 0 0
 6602 138538.000 180619.000 0 0 42.000 56.000 2352.000 48.497 0 1 69 200 0 0
 6603 136171.000 181769.000 0 0 42.000 54.000 2268.000 47.623 0 1 69 200 0 0
 6604 135660.000 182036.000 0 0 42.000 54.000 2268.000 47.623 0 1 69 200 0 0
 6605 135403.000 182174.000 0 0 42.000 54.000 2268.000 47.623 0 1 69 200 0 0
 6606 135222.000 182130.000 0 0 42.000 54.000 2268.000 47.623 0 1 69 200 0 0
 6607 132616.000 183242.000 0 0 42.000 56.000 2352.000 48.497 0 1 69 200 0 0
 6608 131053.000 183859.000 0 0 40.000 56.000 2240.000 47.328 0 1 69 200 0 0
 6609 129859.000 184311.000 0 0 0.000 0.000 0.000 0.211 0 1 0 0 0 0
 6610 91889.000 10661.000 0 0 0.000 0.000 0.000 200000.000 0 1 0 200 0 0
 6611 72415.000 184909.000 0 0 0.000 0.000 0.000 200000.000 0 1 0 200 0 0
 6612 179588.000 141740.000 0 0 56.000 44.000 2464.000 49.638 0 1 51 200 0 0
 6613 91846.000 10804.000 0 0 0.000 0.000 0.000 200000.000 0 1 0 200 0 0
 6614 166066.000 39280.000 0 0 0.000 0.000 0.000 200000.000 0 1 0 200 0 0
 6615 187634.000 79797.000 0 0 0.000 0.000 0.000 200000.000 0 1 0 200 0 0
 6616 189715.000 96570.000 0 0 50.000 24.000 1200.000 34.641 0 1 11 200 0 0
 6617 188418.000 116163.000 0 0 0.000 0.000 0.000 0.234 0 1 0 0 0 0
 6618 186466.000 124113.000 0 0 0.000 0.000 0.000 0.290 0 1 0 0 0 0
 6619 179531.000 141646.000 0 0 56.000 44.000 2464.000 49.638 0 1 51 200 0 0
 6620 178498.000 143578.000 0 0 0.000 0.000 0.000 0.217 0 1 0 0 0 0
 6621 189087.000 97698.000 0 0 50.000 24.000 1200.000 34.641 0 1 11 200 0 0
 6622 174620.000 149849.000 0 0 54.000 46.000 2484.000 49.839 0 1 69 200 0 0
 6623 173041.000 152152.000 0 0 54.000 48.000 2592.000 50.911 0 1 72 200 0 0
 6624 168893.000 157455.000 0 0 54.000 52.000 2808.000 52.990 0 1 69 200 0 0
 6625 167982.000 158473.000 0 0 52.000 52.000 2704.000 52.000 0 1 69 200 0 0
 6626 167111.000 159485.000 0 0 52.000 50.000 2600.000 50.990 0 1 69 200 0 0
 6627 166422.000 160176.000 0 0 54.000 50.000 2700.000 51.961 0 1 69 200 0 0
 6628 165213.000 161524.000 0 0 54.000 52.000 2808.000 52.990 0 1 69 200 0 0
 6629 164304.000 162466.000 0 0 52.000 52.000 2704.000 52.000 0 1 69 200 0 0
 6630 162152.000 165060.000 0 0 52.000 54.000 2808.000 52.990 0 1 69 200 0 0
 6631 168100.000 157319.000 0 0 54.000 52.000 2808.000 52.990 0 1 86 200 0 0
 6632 161748.000 165177.000 0 0 52.000 54.000 2808.000 52.990 0 1 69 200 0 0
 6633 160759.000 165957.000 0 0 50.000 54.000 2700.000 51.961 0 1 69 200 0 0
 6634 158565.000 167845.000 0 0 52.000 52.000 2704.000 52.000 0 1 69 200 0 0
 6635 157738.000 168635.000 0 0 52.000 54.000 2808.000 52.990 0 1 69 200 0 0
 6636 157647.000 168694.000 0 0 52.000 54.000 2808.000 52.990 0 1 69 200 0 0
 6637 156887.000 169242.000 0 0 50.000 54.000 2700.000 51.961 0 1 69 200 0 0
 6638 156876.000 169412.000 0 0 50.000 54.000 2700.000 51.961 0 1 69 200 0 0
 6639 155713.000 170187.000 0 0 50.000 54.000 2700.000 51.961 0 1 69 200 0 0
 6640 154871.000 170873.000 0 0 50.000 54.000 2700.000 51.961 0 1 69 200 0 0
 6641 153581.000 171822.000 0 0 48.000 56.000 2688.000 51.845 0 1 69 200 0 0
 6642 152967.000 172285.000 0 0 48.000 56.000 2688.000 51.845 0 1 69 200 0 0
 6643 151682.000 173150.000 0 0 48.000 54.000 2592.000 50.911 0 1 69 200 0 0
 6644 151213.000 173695.000 0 0 48.000 54.000 2592.000 50.911 0 1 69 200 0 0
 6645 149234.000 174892.000 0 0 48.000 54.000 2592.000 50.911 0 1 69 200 0 0
 6646 148776.000 175228.000 0 0 48.000 54.000 2592.000 50.911 0 1 69 200 0 0
 6647 147925.000 175836.000 0 0 48.000 56.000 2688.000 51.845 0 1 69 200 0 0
 6648 147260.000 176141.000 0 0 48.000 56.000 2688.000 51.845 0 1 69 200 0 0
 6649 146488.000 176732.000 0 0 46.000 56.000 2576.000 50.754 0 1 69 200 0 0
 6650 146359.000 176760.000 0 0 46.000 56.000 2576.000 50.754 0 1 69 200 0 0
 6651 145998.000 176950.000 0 0 46.000 56.000 2576.000 50.754 0 1 69 200 0 0
 6652 145465.000 177138.000 0 0 46.000 56.000 2576.000 50.754 0 1 69 200 0 0
 6653 144187.000 177928.000 0 0 46.000 54.000 2484.000 49.839 0 1 69 200 0 0
 6654 144111.000 178169.000 0 0 46.000 54.000 2484.000 49.839 0 1 69 200 0 0
 6655 143720.000 178254.000 0 0 46.000 54.000 2484.000 49.839 0 1 69 200 0 0
 6656 143135.000 178483.000 0 0 46.000 54.000 2484.000 49.839 0 1 69 200 0 0
 6657 141039.000 179622.000 0 0 44.000 56.000 2464.000 49.638 0 1 69 200 0 0
 6658 138764.000 180815.000 0 0 42.000 56.000 2352.000 48.497 0 1 69 200 0 0
 6659 138585.000 180850.000 0 0 42.000 56.000 2352.000 48.497 0 1 69 200 0 0
 6660 137325.000 181552.000 0 0 42.000 54.000 2268.000 47.623 0 1 69 200 0 0
 6661 136380.000 181870.000 0 0 42.000 54.000 2268.000 47.623 0 1 69 200 0 0
 6662 135374.000 182290.000 0 0 42.000 54.000 2268.000 47.623 0 1 69 200 0 0
 6663 133190.000 183225.000 0 0 42.000 56.000 2352.000 48.497 0 1 69 200 0 0
 6664 132750.000 183351.000 0 0 42.000 56.000 2352.000 48.497 0 1 69 200 0 0
 6665 132115.000 183709.000 0 0 40.000 56.000 2240.000 47.328 0 1 69 200 0 0
 6666 125580.000 185835.000 0 0 38.000 54.000 2052.000 45.299 0 1 119 200 0 0
 6667 122890.000 186729.000 0 0 36.000 56.000 2016.000 44.899 0 1 122 200 0 0
 6668 123207.000 186546.000 0 0 36.000 56.000 2016.000 44.899 0 1 122 200 0 0
 6669 101520.000 189503.000 0 0 0.000 0.000 0.000 0.227 0 1 0 0 0 0
 6670 104077.000 189390.000 0 0 0.000 0.000 0.000 200000.000 0 1 0 200 0 0
 6671 82390.000 187713.000 0 0 0.000 0.000 0.000 0.492 0 1 0 0 0 0
 6672 55548.000 177543.000 0 0 0.000 0.000 0.000 200000.000 0 1 0 200 0 0
 6673 48781.000 173443.000 0 0 0.000 0.000 0.000 200000.000 0 1 0 200 0 0
 6674 45185.000 170685.000 0 0 0.000 0.000 0.000 0.267 0 1 0 0 0 0
 6675 15867.000 69718.000 0 0 0.000 0.000 0.000 200000.000 0 1 0 200 0 0
 6676 42139.000 168191.000 0 0 0.000 0.000 0.000 0.248 0 1 0 0 0 0
 6677 23120.000 145702.000 0 0 0.000 0.000 0.000 0.216 0 1 0 0 0 0
 6678 17273.000 66044.000 0 0 0.000 0.000 0.000 200000.000 0 1 0 200 0 0
 6679 133072.000 16319.000 0 0 0.000 0.000 0.000 200000.000 0 1 0 200 0 0
 6680 179956.000 141034.000 0 0 56.000 44.000 2464.000 49.638 0 1 51 200 0 0
 6681 133129.000 16326.000 0 0 0.000 0.000 0.000 200000.000 0 1 0 200 0 0
 6682 174782.000 149658.000 0 0 54.000 46.000 2484.000 49.839 0 1 69 200 0 0
 6683 169977.000 43313.000 0 0 0.000 0.000 0.000 200000.000 0 1 0 200 0 0
 6684 170029.000 43343.000 0 0 0.000 0.000 0.000 200000.000 0 1 0 200 0 0
 6685 140186.000 180435.000 0 0 44.000 56.000 2464.000 49.638 0 1 69 200 0 0
 6686 182557.000 135353.000 0 0 0.000 0.000 0.000 0.349 0 1 0 0 0 0
 6687 177029.000 146309.000 0 0 56.000 46.000 2576.000 50.754 0 1 59 200 0 0
 6688 175680.000 148463.000 0 0 56.000 48.000 2688.000 51.845 0 1 65 200 0 0
 6689 175060.000 149548.000 0 0 54.000 48.000 2592.000 50.911 0 1 69 200 0 0
 6690 174391.000 150468.000 0 0 54.000 48.000 2592.000 50.911 0 1 69 200 0 0
 6691 174211.000 150631.000 0 0 54.000 48.000 2592.000 50.911 0 1 69 200 0 0
 6692 173962.000 150909.000 0 0 54.000 48.000 2592.000 50.911 0 1 69 200 0 0
 6693 170770.000 155337.000 0 0 54.000 50.000 2700.000 51.961 0 1 69 200 0 0
 6694 166962.000 160114.000 0 0 54.000 50.000 2700.000 51.961 0 1 69 200 0 0
 6695 166405.000 160450.000 0 0 54.000 50.000 2700.000 51.961 0 1 69 200 0 0
 6696 162164.000 164936.000 0 0 52.000 54.000 2808.000 52.990 0 1 69 200 0 0
 6697 161823.000 165151.000 0 0 52.000 54.000 2808.000 52.990 0 1 69 200 0 0
 6698 161218.000 165954.000 0 0 52.000 54.000 2808.000 52.990 0 1 69 200 0 0
 6699 160705.000 166171.000 0 0 50.000 54.000 2700.000 51.961 0 1 69 200 0 0
 6700 160631.000 166289.000 0 0 50.000 54.000 2700.000 51.961 0 1 69 200 0 0
 6701 158754.000 167899.000 0 0 52.000 52.000 2704.000 52.000 0 1 69 200 0 0
 6702 157852.000 168878.000 0 0 52.000 54.000 2808.000 52.990 0 1 69 200 0 0
 6703 157571.000 169011.000 0 0 52.000 54.000 2808.000 52.990 0 1 69 200 0 0
 6704 157190.000 169226.000 0 0 50.000 54.000 2700.000 51.961 0 1 69 200 0 0
 6705 156297.000 169913.000 0 0 50.000 54.000 2700.000 51.961 0 1 69 200 0 0
 6706 154776.000 171349.000 0 0 50.000 54.000 2700.000 51.961 0 1 69 200 0 0
 6707 154345.000 171659.000 0 0 50.000 54.000 2700.000 51.961 0 1 69 200 0 0
 6708 154211.000 171538.000 0 0 50.000 54.000 2700.000 51.961 0 1 69 200 0 0
 6709 154187.000 171634.000 0 0 50.000 54.000 2700.000 51.961 0 1 69 200 0 0
 6710 153723.000 171934.000 0 0 48.000 56.000 2688.000 51.845 0 1 69 200 0 0
 6711 152520.000 172802.000 0 0 48.000 56.000 2688.000 51.845 0 1 69 200 0 0
 6712 152551.000 172949.000 0 0 48.000 56.000 2688.000 51.845 0 1 69 200 0 0
 6713 151374.000 173594.000 0 0 48.000 54.000 2592.000 50.911 0 1 69 200 0 0
 6714 150476.000 174300.000 0 0 48.000 54.000 2592.000 50.911 0 1 69 200 0 0
 6715 149627.000 174857.000 0 0 48.000 54.000 2592.000 50.911 0 1 69 200 0 0
 6716 148974.000 175273.000 0 0 48.000 54.000 2592.000 50.911 0 1 69 200 0 0
 6717 147744.000 176123.000 0 0 48.000 56.000 2688.000 51.845 0 1 69 200 0 0
 6718 147252.000 176292.000 0 0 48.000 56.000 2688.000 51.845 0 1 69 200 0 0
 6719 161385.000 164454.000 0 0 52.000 54.000 2808.000 52.990 0 1 69 200 0 0
 6720 145219.000 177705.000 0 0 46.000 56.000 2576.000 50.754 0 1 69 200 0 0
 6721 142186.000 179176.000 0 0 44.000 56.000 2464.000 49.638 0 1 69 200 0 0
 6722 140505.000 180245.000 0 0 44.000 56.000 2464.000 49.638 0 1 69 200 0 0
 6723 139833.000 180401.000 0 0 44.000 56.000 2464.000 49.638 0 1 69 200 0 0
 6724 139622.000 180565.000 0 0 44.000 56.000 2464.000 49.638 0 1 69 200 0 0
 6725 139300.000 180848.000 0 0 42.000 56.000 2352.000 48.497 0 1 69 200 0 0
 6726 133715.000 183194.000 0 0 42.000 56.000 2352.000 48.497 0 1 69 200 0 0
 6727 132050.000 183791.000 0 0 40.000 56.000 2240.000 47.328 0 1 69 200 0 0
 6728 126698.000 185670.000 0 0 0.000 0.000 0.000 0.201 0 1 0 0 0 0
 6729 122612.000 186889.000 0 0 36.000 56.000 2016.000 44.899 0 1 122 200 0 0
 6730 109076.000 189278.000 0 0 0.000 0.000 0.000 0.211 0 1 0 0 0 0
 6731 104635.000 189566.000 0 0 0.000 0.000 0.000 0.212 0 1 0 0 0 0
 6732 156426.000 29823.000 0 0 0.000 0.000 0.000 200000.000 0 1 0 200 0 0
 6733 100279.000 189711.000 0 0 0.000 0.000 0.000 0.219 0 1 0 0 0 0
 6734 43433.000 169397.000 0 0 0.000 0.000 0.000 200000.000 0 1 0 200 0 0
 6735 21305.000 142991.000 0 0 0.000 0.000 0.000 200000.000 0 1 0 200 0 0
 6736 188206.000 81618.000 0 0 0.000 0.000 0.000 200000.000 0 1 0 200 0 0
 6737 50571.000 25137.000 0 0 0.000 0.000 0.000 0.201 0 1 0 0 0 0
 6738 134713.000 16915.000 0 0 0.000 0.000 0.000 200000.000 0 1 0 200 0 0
 6739 161281.000 34002.000 0 0 0.000 0.000 0.000 200000.000 0 1 0 200 0 0
 6740 188904.000 115069.000 0 0 0.000 0.000 0.000 0.272 0 1 0 0 0 0
 6741 181799.000 137700.000 0 0 0.000 0.000 0.000 0.209 0 1 0 0 0 0
 6742 181093.000 139039.000 0 0 0.000 0.000 0.000 0.203 0 1 0 0 0 0
 6743 179282.000 143032.000 0 0 0.000 0.000 0.000 200000.000 0 1 0 200 0 0
 6744 177124.000 146558.000 0 0 56.000 46.000 2576.000 50.754 0 1 59 200 0 0
 6745 173204.000 152625.000 0 0 56.000 48.000 2688.000 51.845 0 1 72 200 0 0
 6746 173114.000 152719.000 0 0 56.000 48.000 2688.000 51.845 0 1 72 200 0 0
 6747 172645.000 153225.000 0 0 56.000 48.000 2688.000 51.845 0 1 72 200 0 0
 6748 170111.000 156573.000 0 0 54.000 50.000 2700.000 51.961 0 1 85 200 0 0
 6749 166349.000 160861.000 0 0 54.000 50.000 2700.000 51.961 0 1 69 200 0 0
 6750 165037.000 162272.000 0 0 54.000 52.000 2808.000 52.990 0 1 69 200 0 0
 6751 164997.000 162431.000 0 0 54.000 52.000 2808.000 52.990 0 1 69 200 0 0
 6752 164342.000 162978.000 0 0 52.000 52.000 2704.000 52.000 0 1 69 200 0 0
 6753 161124.000 166024.000 0 0 50.000 54.000 2700.000 51.961 0 1 69 200 0 0
 6754 161032.000 166198.000 0 0 50.000 54.000 2700.000 51.961 0 1 69 200 0 0
 6755 160731.000 166501.000 0 0 50.000 54.000 2700.000 51.961 0 1 69 200 0 0
 6756 159756.000 167300.000 0 0 50.000 52.000 2600.000 50.990 0 1 69 200 0 0
 6757 159625.000 167542.000 0 0 50.000 52.000 2600.000 50.990 0 1 69 200 0 0
 6758 159325.000 167755.000 0 0 52.000 52.000 2704.000 52.000 0 1 69 200 0 0
 6759 158957.000 167917.000 0 0 52.000 52.000 2704.000 52.000 0 1 69 200 0 0
 6760 157782.000 169010.000 0 0 52.000 54.000 2808.000 52.990 0 1 69 200 0 0
 6761 157228.000 169401.000 0 0 50.000 54.000 2700.000 51.961 0 1 69 200 0 0
 6762 156937.000 169727.000 0 0 50.000 54.000 2700.000 51.961 0 1 69 200 0 0
 6763 156948.000 169842.000 0 0 50.000 54.000 2700.000 51.961 0 1 69 200 0 0
 6764 156631.000 170082.000 0 0 50.000 54.000 2700.000 51.961 0 1 69 200 0 0
 6765 156089.000 170357.000 0 0 50.000 54.000 2700.000 51.961 0 1 69 200 0 0
 6766 155995.000 170447.000 0 0 50.000 54.000 2700.000 51.961 0 1 69 200 0 0
 6767 155286.000 171072.000 0 0 50.000 54.000 2700.000 51.961 0 1 69 200 0 0
 6768 152184.000 173213.000 0 0 48.000 54.000 2592.000 50.911 0 1 69 200 0 0
 6769 152123.000 173433.000 0 0 48.000 54.000 2592.000 50.911 0 1 69 200 0 0
 6770 150171.000 174805.000 0 0 46.000 54.000 2484.000 49.839 0 1 69 200 0 0
 6771 146753.000 177015.000 0 0 46.000 56.000 2576.000 50.754 0 1 69 200 0 0
 6772 146239.000 177120.000 0 0 46.000 56.000 2576.000 50.754 0 1 69 200 0 0
 6773 145883.000 177400.000 0 0 46.000 56.000 2576.000 50.754 0 1 69 200 0 0
 6774 145739.000 177409.000 0 0 46.000 56.000 2576.000 50.754 0 1 69 200 0 0
 6775 144527.000 178119.000 0 0 46.000 54.000 2484.000 49.839 0 1 69 200 0 0
 6776 143435.000 178771.000 0 0 46.000 54.000 2484.000 49.839 0 1 69 200 0 0
 6777 143243.000 178940.000 0 0 46.000 54.000 2484.000 49.839 0 1 69 200 0 0
 6778 142519.000 179280.000 0 0 44.000 56.000 2464.000 49.638 0 1 69 200 0 0
 6779 139943.000 180497.000 0 0 44.000 56.000 2464.000 49.638 0 1 69 200 0 0
 6780 138154.000 181398.000 0 0 42.000 56.000 2352.000 48.497 0 1 69 200 0 0
 6781 136666.000 182165.000 0 0 42.000 54.000 2268.000 47.623 0 1 69 200 0 0
 6782 135210.000 182863.000 0 0 42.000 56.000 2352.000 48.497 0 1 69 200 0 0
 6783 124940.000 186454.000 0 0 36.000 56.000 2016.000 44.899 0 1 119 200 0 0
 6784 123879.000 186694.000 0 0 36.000 56.000 2016.000 44.899 0 1 122 200 0 0
 6785 114008.000 188711.000 0 0 0.000 0.000 0.000 0.201 0 1 0 0 0 0
 6786 110129.000 189207.000 0 0 0.000 0.000 0.000 0.303 0 1 0 0 0 0
 6787 125611.000 13572.000 0 0 0.000 0.000 0.000 200000.000 0 1 0 200 0 0
 6788 104507.000 189768.000 0 0 0.000 0.000 0.000 0.274 0 1 0 0 0 0
 6789 86890.000 188857.000 0 0 0.000 0.000 0.000 0.265 0 1 0 0 0 0
 6790 16018.000 131939.000 0 0 0.000 0.000 0.000 200000.000 0 1 0 200 0 0
 6791 189692.000 88390.000 0 0 0.000 0.000 0.000 200000.000 0 1 0 200 0 0
 6792 30926.000 42565.000 0 0 0.000 0.000 0.000 200000.000 0 1 0 200 0 0
 6793 189232.000 113536.000 0 0 0.000 0.000 0.000 200000.000 0 1 0 200 0 0
 6794 147537.000 23146.000 0 0 0.000 0.000 0.000 200000.000 0 1 0 200 0 0
 6795 174088.000 151427.000 0 0 54.000 48.000 2592.000 50.911 0 1 69 200 0 0
 6796 184221.000 66578.000 0 0 0.000 0.000 0.000 200000.000 0 1 0 200 0 0
 6797 186278.000 126775.000 0 0 0.000 0.000 0.000 0.277 0 1 0 0 0 0
 6798 184468.000 131851.000 0 0 0.000 0.000 0.000 0.207 0 1 0 0 0 0
 6799 183908.000 133083.000 0 0 0.000 0.000 0.000 200000.000 0 1 0 200 0 0
 6800 178506.000 144557.000 0 0 0.000 0.000 0.000 0.219 0 1 0 0 0 0
 6801 176289.000 147958.000 0 0 56.000 48.000 2688.000 51.845 0 1 65 200 0 0
 6802 176397.000 148073.000 0 0 56.000 48.000 2688.000 51.845 0 1 65 200 0 0
 6803 172738.000 153455.000 0 0 56.000 48.000 2688.000 51.845 0 1 72 200 0 0
 6804 172594.000 153633.000 0 0 56.000 48.000 2688.000 51.845 0 1 72 200 0 0
 6805 171724.000 154801.000 0 0 0.000 0.000 0.000 0.216 0 1 0 0 0 0
 6806 168304.000 158934.000 0 0 52.000 52.000 2704.000 52.000 0 1 69 200 0 0
 6807 165264.000 162214.000 0 0 54.000 52.000 2808.000 52.990 0 1 69 200 0 0
 6808 160285.000 167069.000 0 0 50.000 54.000 2700.000 51.961 0 1 69 200 0 0
 6809 160165.000 167110.000 0 0 50.000 54.000 2700.000 51.961 0 1 69 200 0 0
 6810 158762.000 168418.000 0 0 52.000 52.000 2704.000 52.000 0 1 69 200 0 0
 6811 158650.000 168541.000 0 0 52.000 52.000 2704.000 52.000 0 1 69 200 0 0
 6812 158003.000 169006.000 0 0 52.000 54.000 2808.000 52.990 0 1 69 200 0 0
 6813 157881.000 169013.000 0 0 52.000 54.000 2808.000 52.990 0 1 69 200 0 0
 6814 157547.000 169422.000 0 0 50.000 54.000 2700.000 51.961 0 1 69 200 0 0
 6815 157226.000 169535.000 0 0 50.000 54.000 2700.000 51.961 0 1 69 200 0 0
 6816 156749.000 170008.000 0 0 50.000 54.000 2700.000 51.961 0 1 69 200 0 0
 6817 156625.000 170137.000 0 0 50.000 54.000 2700.000 51.961 0 1 69 200 0 0
 6818 156443.000 170484.000 0 0 50.000 54.000 2700.000 51.961 0 1 69 200 0 0
 6819 155960.000 170596.000 0 0 50.000 54.000 2700.000 51.961 0 1 69 200 0 0
 6820 155709.000 170963.000 0 0 50.000 54.000 2700.000 51.961 0 1 69 200 0 0
 6821 154987.000 171464.000 0 0 50.000 54.000 2700.000 51.961 0 1 69 200 0 0
 6822 154259.000 172155.000 0 0 50.000 54.000 2700.000 51.961 0 1 69 200 0 0
 6823 154119.000 172141.000 0 0 50.000 55.000 2750.000 52.440 0 1 69 200 0 0
 6824 153820.000 172406.000 0 0 48.000 56.000 2688.000 51.845 0 1 69 200 0 0
 6825 152874.000 173021.000 0 0 48.000 56.000 2688.000 51.845 0 1 69 200 0 0
 6826 150917.000 174475.000 0 0 48.000 54.000 2592.000 50.911 0 1 69 200 0 0
 6827 150517.000 174810.000 0 0 46.000 54.000 2484.000 49.839 0 1 69 200 0 0
 6828 150028.000 174909.000 0 0 46.000 54.000 2484.000 49.839 0 1 69 200 0 0
 6829 148587.000 175972.000 0 0 48.000 56.000 2688.000 51.845 0 1 69 200 0 0
 6830 148517.000 176006.000 0 0 48.000 56.000 2688.000 51.845 0 1 69 200 0 0
 6831 148408.000 176021.000 0 0 48.000 56.000 2688.000 51.845 0 1 69 200 0 0
 6832 147765.000 176475.000 0 0 48.000 56.000 2688.000 51.845 0 1 69 200 0 0
 6833 147609.000 176484.000 0 0 48.000 56.000 2688.000 51.845 0 1 69 200 0 0
 6834 147538.000 176502.000 0 0 48.000 56.000 2688.000 51.845 0 1 69 200 0 0
 6835 147225.000 176684.000 0 0 48.000 56.000 2688.000 51.845 0 1 69 200 0 0
 6836 147161.000 176796.000 0 0 48.000 56.000 2688.000 51.845 0 1 69 200 0 0
 6837 146773.000 177147.000 0 0 46.000 56.000 2576.000 50.754 0 1 69 200 0 0
 6838 145421.000 177805.000 0 0 46.000 56.000 2576.000 50.754 0 1 69 200 0 0
 6839 144086.000 178549.000 0 0 46.000 54.000 2484.000 49.839 0 1 69 200 0 0
 6840 143728.000 178857.000 0 0 46.000 54.000 2484.000 49.839 0 1 69 200 0 0
 6841 141560.000 179996.000 0 0 44.000 56.000 2464.000 49.638 0 1 69 200 0 0
 6842 141112.000 180306.000 0 0 44.000 56.000 2464.000 49.638 0 1 69 200 0 0
 6843 140919.000 180222.000 0 0 44.000 56.000 2464.000 49.638 0 1 69 200 0 0
 6844 138088.000 181737.000 0 0 42.000 56.000 2352.000 48.497 0 1 69 200 0 0
 6845 136703.000 182346.000 0 0 42.000 54.000 2268.000 47.623 0 1 69 200 0 0
 6846 136618.000 182238.000 0 0 42.000 54.000 2268.000 47.623 0 1 69 200 0 0
 6847 136489.000 182418.000 0 0 42.000 54.000 2268.000 47.623 0 1 69 200 0 0
 6848 132662.000 183885.000 0 0 42.000 56.000 2352.000 48.497 0 1 69 200 0 0
 6849 122780.000 187143.000 0 0 36.000 56.000 2016.000 44.899 0 1 122 200 0 0
 6850 146608.000 176354.000 0 0 48.000 56.000 2688.000 51.845 0 1 69 200 0 0
 6851 144787.000 177298.000 0 0 46.000 56.000 2576.000 50.754 0 1 69 200 0 0
 6852 115175.000 188903.000 0 0 32.000 54.000 1728.000 41.569 0 1 126 200 0 0
 6853 20380.000 57772.000 0 0 0.000 0.000 0.000 200000.000 0 1 0 200 0 0
 6854 139831.000 18786.000 0 0 0.000 0.000 0.000 200000.000 0 1 0 200 0 0
 6855 184092.000 66569.000 0 0 0.000 0.000 0.000 200000.000 0 1 0 200 0 0
 6856 185940.000 128333.000 0 0 0.000 0.000 0.000 0.394 0 1 0 0 0 0
 6857 183590.000 134564.000 0 0 0.000 0.000 0.000 0.213 0 1 0 0 0 0
 6858 183272.000 135247.000 0 0 0.000 0.000 0.000 0.228 0 1 0 0 0 0
 6859 180072.000 141994.000 0 0 56.000 44.000 2464.000 49.638 0 1 51 200 0 0
 6860 175117.000 150079.000 0 0 54.000 46.000 2484.000 49.839 0 1 69 200 0 0
 6861 174074.000 151864.000 0 0 54.000 48.000 2592.000 50.911 0 1 69 200 0 0
 6862 173359.000 152677.000 0 0 54.000 48.000 2592.000 50.911 0 1 72 200 0 0
 6863 171398.000 155588.000 0 0 54.000 50.000 2700.000 51.961 0 1 69 200 0 0
 6864 168722.000 158655.000 0 0 54.000 52.000 2808.000 52.990 0 1 69 200 0 0
 6865 167366.000 160227.000 0 0 52.000 50.000 2600.000 50.990 0 1 69 200 0 0
 6866 166743.000 160906.000 0 0 54.000 50.000 2700.000 51.961 0 1 69 200 0 0
 6867 166697.000 160976.000 0 0 54.000 50.000 2700.000 51.961 0 1 69 200 0 0
 6868 166096.000 161770.000 0 0 54.000 52.000 2808.000 52.990 0 1 69 200 0 0
 6869 165794.000 161920.000 0 0 54.000 52.000 2808.000 52.990 0 1 69 200 0 0
 6870 165720.000 162129.000 0 0 54.000 52.000 2808.000 52.990 0 1 69 200 0 0
 6871 163969.000 163746.000 0 0 52.000 52.000 2704.000 52.000 0 1 69 200 0 0
 6872 162514.000 165259.000 0 0 52.000 54.000 2808.000 52.990 0 1 69 200 0 0
 6873 160074.000 167463.000 0 0 50.000 52.000 2600.000 50.990 0 1 69 200 0 0
 6874 159880.000 167648.000 0 0 50.000 52.000 2600.000 50.990 0 1 69 200 0 0
 6875 159605.000 167893.000 0 0 52.000 52.000 2704.000 52.000 0 1 69 200 0 0
 6876 157051.000 170204.000 0 0 50.000 54.000 2700.000 51.961 0 1 69 200 0 0
 6877 156634.000 170335.000 0 0 50.000 54.000 2700.000 51.961 0 1 69 200 0 0
 6878 156381.000 170537.000 0 0 50.000 54.000 2700.000 51.961 0 1 69 200 0 0
 6879 156172.000 170634.000 0 0 50.000 54.000 2700.000 51.961 0 1 69 200 0 0
 6880 155763.000 171159.000 0 0 50.000 54.000 2700.000 51.961 0 1 69 200 0 0
 6881 176276.000 147265.000 0 0 56.000 48.000 2688.000 51.845 0 1 65 200 0 0
 6882 153389.000 172753.000 0 0 48.000 56.000 2688.000 51.845 0 1 69 200 0 0
 6883 152867.000 173264.000 0 0 48.000 56.000 2688.000 51.845 0 1 69 200 0 0
 6884 152738.000 173283.000 0 0 48.000 56.000 2688.000 51.845 0 1 69 200 0 0
 6885 152420.000 173552.000 0 0 48.000 54.000 2592.000 50.911 0 1 69 200 0 0
 6886 150742.000 174680.000 0 0 48.000 54.000 2592.000 50.911 0 1 69 200 0 0
 6887 150635.000 174916.000 0 0 46.000 54.000 2484.000 49.839 0 1 69 200 0 0
 6888 149946.000 175270.000 0 0 46.000 54.000 2484.000 49.839 0 1 69 200 0 0
 6889 149209.000 175837.000 0 0 48.000 54.000 2592.000 50.911 0 1 69 200 0 0
 6890 149022.000 175794.000 0 0 48.000 54.000 2592.000 50.911 0 1 69 200 0 0
 6891 147606.000 176743.000 0 0 48.000 56.000 2688.000 51.845 0 1 69 200 0 0
 6892 146955.000 177021.000 0 0 48.000 56.000 2688.000 51.845 0 1 69 200 0 0
 6893 146800.000 177294.000 0 0 46.000 56.000 2576.000 50.754 0 1 69 200 0 0
 6894 146521.000 177542.000 0 0 46.000 56.000 2576.000 50.754 0 1 69 200 0 0
 6895 145086.000 178236.000 0 0 46.000 54.000 2484.000 49.839 0 1 69 200 0 0
 6896 144748.000 178430.000 0 0 46.000 54.000 2484.000 49.839 0 1 69 200 0 0
 6897 144138.000 178882.000 0 0 46.000 54.000 2484.000 49.839 0 1 69 200 0 0
 6898 142334.000 179853.000 0 0 44.000 56.000 2464.000 49.638 0 1 69 200 0 0
 6899 142174.000 179781.000 0 0 44.000 56.000 2464.000 49.638 0 1 69 200 0 0
 6900 141277.000 180296.000 0 0 44.000 56.000 2464.000 49.638 0 1 69 200 0 0
 6901 140760.000 180646.000 0 0 44.000 56.000 2464.000 49.638 0 1 69 200 0 0
 6902 139610.000 181232.000 0 0 42.000 56.000 2352.000 48.497 0 1 69 200 0 0
 6903 139342.000 181353.000 0 0 42.000 56.000 2352.000 48.497 0 1 69 200 0 0
 6904 134574.000 183270.000 0 0 42.000 56.000 2352.000 48.497 0 1 69 200 0 0
 6905 133830.000 183700.000 0 0 42.000 56.000 2352.000 48.497 0 1 69 200 0 0
 6906 132118.000 184310.000 0 0 40.000 56.000 2240.000 47.328 0 1 69 200 0 0
 6907 127205.000 186007.000 0 0 0.000 0.000 0.000 0.219 0 1 0 0 0 0
 6908 123745.000 187022.000 0 0 36.000 56.000 2016.000 44.899 0 1 122 200 0 0
 6909 120331.000 187962.000 0 0 34.000 54.000 1836.000 42.848 0 1 125 200 0 0
 6910 10683.000 111324.000 0 0 0.000 0.000 0.000 200000.000 0 1 0 200 0 0
 6911 93912.000 189933.000 0 0 0.000 0.000 0.000 200000.000 0 1 0 200 0 0
 6912 84923.000 188944.000 0 0 0.000 0.000 0.000 0.216 0 1 0 0 0 0
 6913 9952.000 103601.000 0 0 0.000 0.000 0.000 0.271 0 1 0 0 0 0
 6914 81417.000 11546.000 0 0 0.000 0.000 0.000 0.428 0 1 0 0 0 0
 6915 81976.000 11452.000 0 0 0.000 0.000 0.000 200000.000 0 1 0 200 0 0
 6916 115193.000 188153.000 0 0 32.000 54.000 1728.000 41.569 0 1 126 200 0 0
 6917 183668.000 66908.000 0 0 0.000 0.000 0.000 200000.000 0 1 0 200 0 0
 6918 182529.000 137441.000 0 0 0.000 0.000 0.000 0.207 0 1 0 0 0 0
 6919 181788.000 138788.000 0 0 0.000 0.000 0.000 0.203 0 1 0 0 0 0
 6920 177871.000 146255.000 0 0 56.000 46.000 2576.000 50.754 0 1 59 200 0 0
 6921 176342.000 148667.000 0 0 56.000 48.000 2688.000 51.845 0 1 65 200 0 0
 6922 176300.000 148841.000 0 0 56.000 48.000 2688.000 51.845 0 1 65 200 0 0
 6923 171209.000 155879.000 0 0 54.000 50.000 2700.000 51.961 0 1 69 200 0 0
 6924 170181.000 157227.000 0 0 54.000 50.000 2700.000 51.961 0 1 85 200 0 0
 6925 168219.000 159479.000 0 0 52.000 52.000 2704.000 52.000 0 1 69 200 0 0
 6926 167990.000 159739.000 0 0 52.000 52.000 2704.000 52.000 0 1 69 200 0 0
 6927 167878.000 159791.000 0 0 52.000 52.000 2704.000 52.000 0 1 69 200 0 0
 6928 167291.000 160527.000 0 0 54.000 50.000 2700.000 51.961 0 1 69 200 0 0
 6929 167019.000 160948.000 0 0 54.000 50.000 2700.000 51.961 0 1 69 200 0 0
 6930 166009.000 161968.000 0 0 54.000 52.000 2808.000 52.990 0 1 69 200 0 0
 6931 164031.000 163968.000 0 0 52.000 52.000 2704.000 52.000 0 1 69 200 0 0
 6932 163245.000 164713.000 0 0 52.000 52.000 2704.000 52.000 0 1 69 200 0 0
 6933 162897.000 165039.000 0 0 52.000 52.000 2704.000 52.000 0 1 69 200 0 0
 6934 162336.000 165568.000 0 0 52.000 54.000 2808.000 52.990 0 1 69 200 0 0
 6935 160462.000 167385.000 0 0 50.000 54.000 2700.000 51.961 0 1 69 200 0 0
 6936 159224.000 168551.000 0 0 52.000 52.000 2704.000 52.000 0 1 69 200 0 0
 6937 158671.000 168986.000 0 0 52.000 54.000 2808.000 52.990 0 1 69 200 0 0
 6938 158567.000 168977.000 0 0 52.000 54.000 2808.000 52.990 0 1 69 200 0 0
 6939 158392.000 169214.000 0 0 52.000 54.000 2808.000 52.990 0 1 69 200 0 0
 6940 156734.000 170585.000 0 0 50.000 54.000 2700.000 51.961 0 1 69 200 0 0
 6941 155768.000 171399.000 0 0 50.000 54.000 2700.000 51.961 0 1 69 200 0 0
 6942 155433.000 171497.000 0 0 50.000 54.000 2700.000 51.961 0 1 69 200 0 0
 6943 155285.000 171717.000 0 0 50.000 54.000 2700.000 51.961 0 1 69 200 0 0
 6944 154998.000 172256.000 0 0 50.000 54.000 2700.000 51.961 0 1 69 200 0 0
 6945 153508.000 173034.000 0 0 48.000 56.000 2688.000 51.845 0 1 69 200 0 0
 6946 153284.000 173300.000 0 0 48.000 56.000 2688.000 51.845 0 1 69 200 0 0
 6947 152317.000 173888.000 0 0 48.000 54.000 2592.000 50.911 0 1 69 200 0 0
 6948 151607.000 174310.000 0 0 48.000 54.000 2592.000 50.911 0 1 69 200 0 0
 6949 150558.000 174970.000 0 0 46.000 54.000 2484.000 49.839 0 1 69 200 0 0
 6950 150485.000 175197.000 0 0 46.000 54.000 2484.000 49.839 0 1 69 200 0 0
 6951 149038.000 175988.000 0 0 48.000 56.000 2688.000 51.845 0 1 69 200 0 0
 6952 148660.000 176322.000 0 0 48.000 56.000 2688.000 51.845 0 1 69 200 0 0
 6953 148125.000 176750.000 0 0 48.000 56.000 2688.000 51.845 0 1 69 200 0 0
 6954 147289.000 177296.000 0 0 48.000 56.000 2688.000 51.845 0 1 69 200 0 0
 6955 146618.000 177511.000 0 0 46.000 56.000 2576.000 50.754 0 1 69 200 0 0
 6956 146225.000 177783.000 0 0 46.000 56.000 2576.000 50.754 0 1 69 200 0 0
 6957 145885.000 177913.000 0 0 46.000 56.000 2576.000 50.754 0 1 69 200 0 0
 6958 145867.000 178029.000 0 0 46.000 56.000 2576.000 50.754 0 1 69 200 0 0
 6959 144041.000 179002.000 0 0 46.000 54.000 2484.000 49.839 0 1 69 200 0 0
 6960 143229.000 179396.000 0 0 44.000 54.000 2376.000 48.744 0 1 69 200 0 0
 6961 141889.000 180237.000 0 0 44.000 56.000 2464.000 49.638 0 1 69 200 0 0
 6962 139581.000 181419.000 0 0 42.000 56.000 2352.000 48.497 0 1 69 200 0 0
 6963 139469.000 181448.000 0 0 42.000 56.000 2352.000 48.497 0 1 69 200 0 0
 6964 136869.000 182507.000 0 0 42.000 54.000 2268.000 47.623 0 1 69 200 0 0
 6965 134955.000 183433.000 0 0 42.000 56.000 2352.000 48.497 0 1 69 200 0 0
 6966 134447.000 183655.000 0 0 42.000 56.000 2352.000 48.497 0 1 69 200 0 0
 6967 133138.000 184199.000 0 0 42.000 56.000 2352.000 48.497 0 1 69 200 0 0
 6968 132536.000 184509.000 0 0 40.000 56.000 2240.000 47.328 0 1 69 200 0 0
 6969 125058.000 186964.000 0 0 36.000 56.000 2016.000 44.899 0 1 119 200 0 0
 6970 82853.000 188815.000 0 0 0.000 0.000 0.000 200000.000 0 1 0 200 0 0
 6971 121841.000 187046.000 0 0 36.000 54.000 1944.000 44.090 0 1 122 200 0 0
 6972 14414.000 71321.000 0 0 0.000 0.000 0.000 200000.000 0 1 0 200 0 0
 6973 82931.000 188684.000 0 0 0.000 0.000 0.000 200000.000 0 1 0 200 0 0
 6974 17689.000 62907.000 0 0 0.000 0.000 0.000 200000.000 0 1 0 200 0 0
 6975 122540.000 12225.000 0 0 0.000 0.000 0.000 200000.000 0 1 0 200 0 0
 6976 29032.000 43829.000 0 0 0.000 0.000 0.000 200000.000 0 1 0 200 0 0
 6977 127209.000 13345.000 0 0 0.000 0.000 0.000 200000.000 0 1 0 200 0 0
 6978 163376.000 34818.000 0 0 0.000 0.000 0.000 200000.000 0 1 0 200 0 0
 6979 172189.000 44709.000 0 0 0.000 0.000 0.000 200000.000 0 1 0 200 0 0
 6980 188119.000 77477.000 0 0 0.000 0.000 0.000 200000.000 0 1 0 200 0 0
 6981 157713.000 170117.000 0 0 50.000 54.000 2700.000 51.961 0 1 69 200 0 0
 6982 189249.000 117399.000 0 0 0.000 0.000 0.000 200000.000 0 1 0 200 0 0
 6983 178238.000 145893.000 0 0 56.000 46.000 2576.000 50.754 0 1 59 200 0 0
 6984 135496.000 183521.000 0 0 42.000 56.000 2352.000 48.497 0 1 69 200 0 0
 6985 174814.000 151134.000 0 0 54.000 48.000 2592.000 50.911 0 1 69 200 0 0
 6986 174611.000 151563.000 0 0 54.000 48.000 2592.000 50.911 0 1 69 200 0 0
 6987 171528.000 156026.000 0 0 54.000 50.000 2700.000 51.961 0 1 69 200 0 0
 6988 170400.000 157295.000 0 0 54.000 50.000 2700.000 51.961 0 1 85 200 0 0
 6989 170022.000 158156.000 0 0 54.000 50.000 2700.000 51.961 0 1 69 200 0 0
 6990 169585.000 158137.000 0 0 54.000 52.000 2808.000 52.990 0 1 69 200 0 0
 6991 168615.000 159203.000 0 0 52.000 52.000 2704.000 52.000 0 1 69 200 0 0
 6992 168383.000 159790.000 0 0 52.000 52.000 2704.000 52.000 0 1 69 200 0 0
 6993 167974.000 159968.000 0 0 52.000 50.000 2600.000 50.990 0 1 69 200 0 0
 6994 167329.000 160860.000 0 0 54.000 50.000 2700.000 51.961 0 1 69 200 0 0
 6995 166868.000 161304.000 0 0 54.000 50.000 2700.000 51.961 0 1 69 200 0 0
 6996 166874.000 161433.000 0 0 54.000 50.000 2700.000 51.961 0 1 69 200 0 0
 6997 166595.000 161524.000 0 0 54.000 50.000 2700.000 51.961 0 1 69 200 0 0
 6998 162753.000 165434.000 0 0 52.000 54.000 2808.000 52.990 0 1 69 200 0 0
 6999 162028.000 166082.000 0 0 52.000 54.000 2808.000 52.990 0 1 69 200 0 0
 7000 161409.000 166687.000 0 0 50.000 54.000 2700.000 51.961 0 1 69 200 0 0
 7001 161197.000 166832.000 0 0 50.000 54.000 2700.000 51.961 0 1 69 200 0 0
 7002 159001.000 168993.000 0 0 52.000 53.000 2756.000 52.497 0 1 69 200 0 0
 7003 158253.000 169548.000 0 0 52.000 54.000 2808.000 52.990 0 1 69 200 0 0
 7004 158066.000 169534.000 0 0 52.000 54.000 2808.000 52.990 0 1 69 200 0 0
 7005 157514.000 170203.000 0 0 50.000 54.000 2700.000 51.961 0 1 69 200 0 0
 7006 157101.000 170452.000 0 0 50.000 54.000 2700.000 51.961 0 1 69 200 0 0
 7007 156570.000 170970.000 0 0 50.000 54.000 2700.000 51.961 0 1 69 200 0 0
 7008 156051.000 171176.000 0 0 50.000 54.000 2700.000 51.961 0 1 69 200 0 0
 7009 155832.000 171361.000 0 0 50.000 54.000 2700.000 51.961 0 1 69 200 0 0
 7010 154800.000 172124.000 0 0 50.000 54.000 2700.000 51.961 0 1 69 200 0 0
 7011 154422.000 172496.000 0 0 50.000 54.000 2700.000 51.961 0 1 69 200 0 0
 7012 153874.000 172938.000 0 0 48.000 56.000 2688.000 51.845 0 1 69 200 0 0
 7013 152643.000 173756.000 0 0 48.000 54.000 2592.000 50.911 0 1 69 200 0 0
 7014 151331.000 174583.000 0 0 48.000 54.000 2592.000 50.911 0 1 69 200 0 0
 7015 150950.000 175126.000 0 0 48.000 54.000 2592.000 50.911 0 1 69 200 0 0
 7016 150219.000 175566.000 0 0 46.000 54.000 2484.000 49.839 0 1 69 200 0 0
 7017 149994.000 175658.000 0 0 48.000 54.000 2592.000 50.911 0 1 69 200 0 0
 7018 149959.000 175804.000 0 0 48.000 54.000 2592.000 50.911 0 1 69 200 0 0
 7019 148978.000 176223.000 0 0 48.000 56.000 2688.000 51.845 0 1 69 200 0 0
 7020 148251.000 176642.000 0 0 48.000 56.000 2688.000 51.845 0 1 69 200 0 0
 7021 147660.000 177105.000 0 0 48.000 56.000 2688.000 51.845 0 1 69 200 0 0
 7022 147149.000 177351.000 0 0 48.000 56.000 2688.000 51.845 0 1 69 200 0 0
 7023 146956.000 177525.000 0 0 46.000 56.000 2576.000 50.754 0 1 69 200 0 0
 7024 146709.000 177790.000 0 0 46.000 56.000 2576.000 50.754 0 1 69 200 0 0
 7025 145882.000 178143.000 0 0 46.000 56.000 2576.000 50.754 0 1 69 200 0 0
 7026 145710.000 178294.000 0 0 46.000 56.000 2576.000 50.754 0 1 69 200 0 0
 7027 144995.000 178743.000 0 0 46.000 54.000 2484.000 49.839 0 1 69 200 0 0
 7028 144844.000 178899.000 0 0 46.000 54.000 2484.000 49.839 0 1 69 200 0 0
 7029 143853.000 179382.000 0 0 46.000 54.000 2484.000 49.839 0 1 69 200 0 0
 7030 141881.000 180410.000 0 0 44.000 56.000 2464.000 49.638 0 1 69 200 0 0
 7031 138547.000 181895.000 0 0 42.000 56.000 2352.000 48.497 0 1 69 200 0 0
 7032 135998.000 183202.000 0 0 42.000 54.000 2268.000 47.623 0 1 69 200 0 0
 7033 134679.000 183752.000 0 0 42.000 56.000 2352.000 48.497 0 1 69 200 0 0
 7034 134197.000 183904.000 0 0 42.000 56.000 2352.000 48.497 0 1 69 200 0 0
 7035 125601.000 186827.000 0 0 38.000 54.000 2052.000 45.299 0 1 119 200 0 0
 7036 115758.000 189149.000 0 0 32.000 54.000 1728.000 41.569 0 1 126 200 0 0
 7037 115807.000 189127.000 0 0 32.000 54.000 1728.000 41.569 0 1 126 200 0 0
 7038 115157.000 189212.000 0 0 32.000 54.000 1728.000 41.569 0 1 126 200 0 0
 7039 30586.000 158124.000 0 0 0.000 0.000 0.000 200000.000 0 1 0 200 0 0
 7040 191115.000 99584.000 0 0 0.000 0.000 0.000 200000.000 0 1 0 200 0 0
 7041 29002.000 43876.000 0 0 0.000 0.000 0.000 200000.000 0 1 0 200 0 0
 7042 83658.000 10783.000 0 0 0.000 0.000 0.000 200000.000 0 1 0 200 0 0
 7043 185108.000 67873.000 0 0 0.000 0.000 0.000 0.464 0 1 0 0 0 0
 7044 141756.000 180784.000 0 0 44.000 56.000 2464.000 49.638 0 1 69 200 0 0
 7045 190831.000 105943.000 0 0 0.000 0.000 0.000 0.218 0 1 0 0 0 0
 7046 190673.000 107616.000 0 0 0.000 0.000 0.000 200000.000 0 1 0 200 0 0
 7047 186257.000 128726.000 0 0 0.000 0.000 0.000 200000.000 0 1 0 200 0 0
 7048 182933.000 137214.000 0 0 0.000 0.000 0.000 200000.000 0 1 0 200 0 0
 7049 182787.000 137616.000 0 0 0.000 0.000 0.000 0.258 0 1 0 0 0 0
 7050 174951.000 151428.000 0 0 54.000 48.000 2592.000 50.911 0 1 69 200 0 0
 7051 169233.000 159069.000 0 0 54.000 52.000 2808.000 52.990 0 1 69 200 0 0
 7052 168554.000 159518.000 0 0 52.000 52.000 2704.000 52.000 0 1 69 200 0 0
 7053 167993.000 160275.000 0 0 52.000 50.000 2600.000 50.990 0 1 69 200 0 0
 7054 167370.000 161074.000 0 0 54.000 50.000 2700.000 51.961 0 1 69 200 0 0
 7055 167385.000 161429.000 0 0 54.000 50.000 2700.000 51.961 0 1 69 200 0 0
 7056 164798.000 163616.000 0 0 52.000 52.000 2704.000 52.000 0 1 69 200 0 0
 7057 164737.000 163746.000 0 0 52.000 52.000 2704.000 52.000 0 1 69 200 0 0
 7058 163918.000 164719.000 0 0 52.000 52.000 2704.000 52.000 0 1 69 200 0 0
 7059 162432.000 165955.000 0 0 52.000 54.000 2808.000 52.990 0 1 69 200 0 0
 7060 160678.000 167516.000 0 0 50.000 54.000 2700.000 51.961 0 1 69 200 0 0
 7061 160189.000 168066.000 0 0 50.000 52.000 2600.000 50.990 0 1 69 200 0 0
 7062 159679.000 168441.000 0 0 52.000 52.000 2704.000 52.000 0 1 69 200 0 0
 7063 159170.000 168962.000 0 0 52.000 52.000 2704.000 52.000 0 1 69 200 0 0
 7064 159073.000 168950.000 0 0 52.000 52.000 2704.000 52.000 0 1 69 200 0 0
 7065 157937.000 170019.000 0 0 50.000 54.000 2700.000 51.961 0 1 69 200 0 0
 7066 156755.000 170882.000 0 0 50.000 54.000 2700.000 51.961 0 1 69 200 0 0
 7067 154609.000 172465.000 0 0 50.000 54.000 2700.000 51.961 0 1 69 200 0 0
 7068 154589.000 172640.000 0 0 50.000 54.000 2700.000 51.961 0 1 69 200 0 0
 7069 153741.000 173244.000 0 0 48.000 56.000 2688.000 51.845 0 1 69 200 0 0
 7070 151323.000 174886.000 0 0 48.000 54.000 2592.000 50.911 0 1 69 200 0 0
 7071 150432.000 175541.000 0 0 46.000 54.000 2484.000 49.839 0 1 69 200 0 0
 7072 149893.000 175997.000 0 0 48.000 54.000 2592.000 50.911 0 1 69 200 0 0
 7073 149615.000 176057.000 0 0 48.000 54.000 2592.000 50.911 0 1 69 200 0 0
 7074 148783.000 176467.000 0 0 48.000 56.000 2688.000 51.845 0 1 69 200 0 0
 7075 148527.000 176730.000 0 0 48.000 56.000 2688.000 51.845 0 1 69 200 0 0
 7076 146495.000 177974.000 0 0 46.000 56.000 2576.000 50.754 0 1 69 200 0 0
 7077 145229.000 178873.000 0 0 46.000 54.000 2484.000 49.839 0 1 69 200 0 0
 7078 144345.000 179308.000 0 0 46.000 54.000 2484.000 49.839 0 1 69 200 0 0
 7079 143810.000 179482.000 0 0 46.000 54.000 2484.000 49.839 0 1 69 200 0 0
 7080 143633.000 179558.000 0 0 46.000 54.000 2484.000 49.839 0 1 69 200 0 0
 7081 142473.000 180220.000 0 0 44.000 56.000 2464.000 49.638 0 1 69 200 0 0
 7082 141468.000 180920.000 0 0 44.000 56.000 2464.000 49.638 0 1 69 200 0 0
 7083 140495.000 181272.000 0 0 44.000 56.000 2464.000 49.638 0 1 69 200 0 0
 7084 139480.000 181873.000 0 0 42.000 56.000 2352.000 48.497 0 1 69 200 0 0
 7085 138210.000 182322.000 0 0 42.000 56.000 2352.000 48.497 0 1 69 200 0 0
 7086 129370.000 185807.000 0 0 0.000 0.000 0.000 0.200 0 1 0 0 0 0
 7087 128597.000 186101.000 0 0 0.000 0.000 0.000 0.200 0 1 0 0 0 0
 7088 127584.000 186461.000 0 0 0.000 0.000 0.000 0.201 0 1 0 0 0 0
 7089 124041.000 187439.000 0 0 36.000 56.000 2016.000 44.899 0 1 122 200 0 0
 7090 121069.000 188320.000 0 0 34.000 54.000 1836.000 42.848 0 1 125 200 0 0
 7091 75681.000 187463.000 0 0 0.000 0.000 0.000 200000.000 0 1 0 200 0 0
 7092 62668.000 182908.000 0 0 0.000 0.000 0.000 200000.000 0 1 0 200 0 0
 7093 33678.000 161634.000 0 0 0.000 0.000 0.000 200000.000 0 1 0 200 0 0
 7094 189300.000 118654.000 0 0 0.000 0.000 0.000 0.240 0 1 0 0 0 0
 7095 13112.000 126026.000 0 0 0.000 0.000 0.000 200000.000 0 1 0 200 0 0
 7096 153152.000 174036.000 0 0 48.000 54.000 2592.000 50.911 0 1 69 200 0 0
 7097 187219.000 73034.000 0 0 0.000 0.000 0.000 200000.000 0 1 0 200 0 0
 7098 134135.000 184448.000 0 0 42.000 56.000 2352.000 48.497 0 1 69 200 0 0
 7099 188774.000 79570.000 0 0 0.000 0.000 0.000 0.340 0 1 0 0 0 0
 7100 116732.000 188378.000 0 0 0.000 0.000 0.000 200000.000 0 1 0 200 0 0
 7101 187879.000 78504.000 0 0 0.000 0.000 0.000 200000.000 0 1 0 200 0 0
 7102 184451.000 134025.000 0 0 56.000 42.000 2352.000 48.497 0 1 37 200 0 0
 7103 179993.000 143808.000 0 0 0.000 0.000 0.000 0.215 0 1 0 0 0 0
 7104 178460.000 146217.000 0 0 56.000 46.000 2576.000 50.754 0 1 59 200 0 0
 7105 177612.000 147680.000 0 0 0.000 0.000 0.000 0.205 0 1 0 0 0 0
 7106 173136.000 154264.000 0 0 56.000 48.000 2688.000 51.845 0 1 72 200 0 0
 7107 171917.000 155805.000 0 0 54.000 50.000 2700.000 51.961 0 1 69 200 0 0
 7108 170825.000 157231.000 0 0 54.000 50.000 2700.000 51.961 0 1 69 200 0 0
 7109 169672.000 158763.000 0 0 54.000 52.000 2808.000 52.990 0 1 69 200 0 0
 7110 163827.000 164873.000 0 0 52.000 52.000 2704.000 52.000 0 1 69 200 0 0
 7111 163248.000 165448.000 0 0 52.000 52.000 2704.000 52.000 0 1 69 200 0 0
 7112 162970.000 165852.000 0 0 52.000 54.000 2808.000 52.990 0 1 69 200 0 0
 7113 161540.000 167255.000 0 0 50.000 54.000 2700.000 51.961 0 1 69 200 0 0
 7114 161036.000 167387.000 0 0 50.000 54.000 2700.000 51.961 0 1 69 200 0 0
 7115 159608.000 168891.000 0 0 52.000 52.000 2704.000 52.000 0 1 69 200 0 0
 7116 159502.000 168942.000 0 0 52.000 52.000 2704.000 52.000 0 1 69 200 0 0
 7117 158567.000 169795.000 0 0 52.000 54.000 2808.000 52.990 0 1 69 200 0 0
 7118 158161.000 170146.000 0 0 50.000 54.000 2700.000 51.961 0 1 69 200 0 0
 7119 154963.000 172660.000 0 0 50.000 54.000 2700.000 51.961 0 1 69 200 0 0
 7120 154522.000 172856.000 0 0 48.000 56.000 2688.000 51.845 0 1 69 200 0 0
 7121 153944.000 173447.000 0 0 48.000 56.000 2688.000 51.845 0 1 69 200 0 0
 7122 153191.000 173745.000 0 0 48.000 56.000 2688.000 51.845 0 1 69 200 0 0
 7123 153123.000 173898.000 0 0 48.000 56.000 2688.000 51.845 0 1 69 200 0 0
 7124 152637.000 174215.000 0 0 48.000 54.000 2592.000 50.911 0 1 69 200 0 0
 7125 151774.000 174866.000 0 0 48.000 54.000 2592.000 50.911 0 1 69 200 0 0
 7126 149320.000 176420.000 0 0 48.000 56.000 2688.000 51.845 0 1 69 200 0 0
 7127 148845.000 176629.000 0 0 48.000 56.000 2688.000 51.845 0 1 69 200 0 0
 7128 148022.000 177411.000 0 0 48.000 56.000 2688.000 51.845 0 1 69 200 0 0
 7129 147742.000 177823.000 0 0 48.000 56.000 2688.000 51.845 0 1 69 200 0 0
 7130 146090.000 178351.000 0 0 46.000 56.000 2576.000 50.754 0 1 69 200 0 0
 7131 145511.000 178734.000 0 0 46.000 56.000 2576.000 50.754 0 1 69 200 0 0
 7132 144783.000 179297.000 0 0 46.000 54.000 2484.000 49.839 0 1 69 200 0 0
 7133 144270.000 179462.000 0 0 46.000 54.000 2484.000 49.839 0 1 69 200 0 0
 7134 144161.000 179506.000 0 0 46.000 54.000 2484.000 49.839 0 1 69 200 0 0
 7135 143596.000 179790.000 0 0 44.000 54.000 2376.000 48.744 0 1 69 200 0 0
 7136 143105.000 180045.000 0 0 44.000 56.000 2464.000 49.638 0 1 69 200 0 0
 7137 143015.000 180201.000 0 0 44.000 56.000 2464.000 49.638 0 1 69 200 0 0
 7138 142812.000 180210.000 0 0 44.000 56.000 2464.000 49.638 0 1 69 200 0 0
 7139 142649.000 180264.000 0 0 44.000 56.000 2464.000 49.638 0 1 69 200 0 0
 7140 142287.000 180560.000 0 0 44.000 56.000 2464.000 49.638 0 1 69 200 0 0
 7141 140775.000 181287.000 0 0 44.000 56.000 2464.000 49.638 0 1 69 200 0 0
 7142 138849.000 182272.000 0 0 42.000 56.000 2352.000 48.497 0 1 69 200 0 0
 7143 138684.000 182290.000 0 0 42.000 56.000 2352.000 48.497 0 1 69 200 0 0
 7144 136349.000 183310.000 0 0 40.000 54.000 2160.000 46.475 0 1 69 200 0 0
 7145 135696.000 183578.000 0 0 42.000 54.000 2268.000 47.623 0 1 69 200 0 0
 7146 133699.000 184476.000 0 0 42.000 56.000 2352.000 48.497 0 1 69 200 0 0
 7147 133502.000 184642.000 0 0 42.000 56.000 2352.000 48.497 0 1 69 200 0 0
 7148 132642.000 184897.000 0 0 40.000 56.000 2240.000 47.328 0 1 69 200 0 0
 7149 131997.000 185114.000 0 0 40.000 56.000 2240.000 47.328 0 1 69 200 0 0
 7150 130638.000 185599.000 0 0 40.000 56.000 2240.000 47.328 0 1 69 200 0 0
 7151 125378.000 187417.000 0 0 36.000 56.000 2016.000 44.899 0 1 119 200 0 0
 7152 122296.000 188286.000 0 0 0.000 0.000 0.000 200000.000 0 1 0 200 0 0
 7153 65759.000 184103.000 0 0 0.000 0.000 0.000 0.238 0 1 0 0 0 0
 7154 23729.000 50688.000 0 0 0.000 0.000 0.000 200000.000 0 1 0 200 0 0
 7155 13127.000 126075.000 0 0 0.000 0.000 0.000 200000.000 0 1 0 200 0 0
 7156 13947.000 70577.000 0 0 0.000 0.000 0.000 200000.000 0 1 0 200 0 0
 7157 186139.000 130624.000 0 0 0.000 0.000 0.000 200000.000 0 1 0 200 0 0
 7158 128103.000 13092.000 0 0 0.000 0.000 0.000 200000.000 0 1 0 200 0 0
 7159 176053.000 150354.000 0 0 54.000 48.000 2592.000 50.911 0 1 69 200 0 0
 7160 138807.000 17286.000 0 0 0.000 0.000 0.000 200000.000 0 1 0 200 0 0
 7161 175269.000 48180.000 0 0 0.000 0.000 0.000 0.251 0 1 0 0 0 0
 7162 146066.000 178814.000 0 0 46.000 56.000 2576.000 50.754 0 1 69 200 0 0
 7163 185403.000 67706.000 0 0 0.000 0.000 0.000 200000.000 0 1 0 200 0 0
 7164 135898.000 183720.000 0 0 42.000 54.000 2268.000 47.623 0 1 69 200 0 0
 7165 191021.000 91308.000 0 0 0.000 0.000 0.000 0.221 0 1 0 0 0 0
 7166 188318.000 123361.000 0 0 0.000 0.000 0.000 0.217 0 1 0 0 0 0
 7167 185997.000 130517.000 0 0 0.000 0.000 0.000 200000.000 0 1 0 200 0 0
 7168 184534.000 134463.000 0 0 56.000 42.000 2352.000 48.497 0 1 37 200 0 0
 7169 184167.000 135417.000 0 0 56.000 42.000 2352.000 48.497 0 1 37 200 0 0
 7170 181916.000 140315.000 0 0 0.000 0.000 0.000 0.236 0 1 0 0 0 0
 7171 178732.000 146326.000 0 0 56.000 46.000 2576.000 50.754 0 1 59 200 0 0
 7172 173132.000 154429.000 0 0 56.000 48.000 2688.000 51.845 0 1 72 200 0 0
 7173 171445.000 156672.000 0 0 54.000 50.000 2700.000 51.961 0 1 69 200 0 0
 7174 170960.000 156183.000 0 0 54.000 50.000 2700.000 51.961 0 1 69 200 0 0
 7175 166412.000 162528.000 0 0 54.000 52.000 2808.000 52.990 0 1 69 200 0 0
 7176 166251.000 162646.000 0 0 54.000 52.000 2808.000 52.990 0 1 69 200 0 0
 7177 165447.000 163496.000 0 0 52.000 52.000 2704.000 52.000 0 1 69 200 0 0
 7178 165194.000 163909.000 0 0 52.000 52.000 2704.000 52.000 0 1 69 200 0 0
 7179 163533.000 165443.000 0 0 52.000 52.000 2704.000 52.000 0 1 69 200 0 0
 7180 162624.000 166280.000 0 0 52.000 54.000 2808.000 52.990 0 1 69 200 0 0
 7181 161992.000 166798.000 0 0 52.000 54.000 2808.000 52.990 0 1 69 200 0 0
 7182 160840.000 167887.000 0 0 50.000 54.000 2700.000 51.961 0 1 69 200 0 0
 7183 160638.000 168172.000 0 0 50.000 52.000 2600.000 50.990 0 1 69 200 0 0
 7184 160296.000 168391.000 0 0 52.000 52.000 2704.000 52.000 0 1 69 200 0 0
 7185 160110.000 168512.000 0 0 52.000 52.000 2704.000 52.000 0 1 69 200 0 0
 7186 159756.000 168816.000 0 0 52.000 52.000 2704.000 52.000 0 1 69 200 0 0
 7187 159711.000 168904.000 0 0 52.000 52.000 2704.000 52.000 0 1 69 200 0 0
 7188 159462.000 169050.000 0 0 52.000 52.000 2704.000 52.000 0 1 69 200 0 0
 7189 158685.000 169712.000 0 0 52.000 54.000 2808.000 52.990 0 1 69 200 0 0
 7190 158532.000 169931.000 0 0 52.000 54.000 2808.000 52.990 0 1 69 200 0 0
 7191 158266.000 170225.000 0 0 50.000 54.000 2700.000 51.961 0 1 69 200 0 0
 7192 157615.000 170756.000 0 0 50.000 54.000 2700.000 51.961 0 1 69 200 0 0
 7193 157498.000 170688.000 0 0 50.000 54.000 2700.000 51.961 0 1 69 200 0 0
 7194 157114.000 171149.000 0 0 50.000 54.000 2700.000 51.961 0 1 69 200 0 0
 7195 155615.000 172254.000 0 0 50.000 54.000 2700.000 51.961 0 1 69 200 0 0
 7196 154765.000 172832.000 0 0 50.000 54.000 2700.000 51.961 0 1 69 200 0 0
 7197 152463.000 174504.000 0 0 48.000 54.000 2592.000 50.911 0 1 69 200 0 0
 7198 152200.000 174907.000 0 0 48.000 54.000 2592.000 50.911 0 1 69 200 0 0
 7199 151644.000 175109.000 0 0 48.000 54.000 2592.000 50.911 0 1 69 200 0 0
 7200 151368.000 175269.000 0 0 48.000 54.000 2592.000 50.911 0 1 69 200 0 0
 7201 151195.000 175357.000 0 0 48.000 54.000 2592.000 50.911 0 1 69 200 0 0
 7202 149941.000 176215.000 0 0 48.000 54.000 2592.000 50.911 0 1 69 200 0 0
 7203 149726.000 176357.000 0 0 48.000 54.000 2592.000 50.911 0 1 69 200 0 0
 7204 149156.000 176633.000 0 0 48.000 56.000 2688.000 51.845 0 1 69 200 0 0
 7205 148689.000 177190.000 0 0 48.000 56.000 2688.000 51.845 0 1 69 200 0 0
 7206 148566.000 177078.000 0 0 48.000 56.000 2688.000 51.845 0 1 69 200 0 0
 7207 148443.000 177185.000 0 0 48.000 56.000 2688.000 51.845 0 1 69 200 0 0
 7208 147566.000 177886.000 0 0 48.000 56.000 2688.000 51.845 0 1 69 200 0 0
 7209 147441.000 177848.000 0 0 48.000 56.000 2688.000 51.845 0 1 69 200 0 0
 7210 147090.000 178046.000 0 0 46.000 56.000 2576.000 50.754 0 1 69 200 0 0
 7211 146821.000 178413.000 0 0 46.000 56.000 2576.000 50.754 0 1 69 200 0 0
 7212 145792.000 178934.000 0 0 46.000 56.000 2576.000 50.754 0 1 69 200 0 0
 7213 145131.000 179240.000 0 0 46.000 54.000 2484.000 49.839 0 1 69 200 0 0
 7214 144918.000 179314.000 0 0 46.000 54.000 2484.000 49.839 0 1 69 200 0 0
 7215 142577.000 180709.000 0 0 44.000 56.000 2464.000 49.638 0 1 69 200 0 0
 7216 141960.000 180821.000 0 0 44.000 56.000 2464.000 49.638 0 1 69 200 0 0
 7217 141358.000 181175.000 0 0 44.000 56.000 2464.000 49.638 0 1 69 200 0 0
 7218 140544.000 181607.000 0 0 44.000 56.000 2464.000 49.638 0 1 69 200 0 0
 7219 135800.000 183734.000 0 0 42.000 54.000 2268.000 47.623 0 1 69 200 0 0
 7220 134402.000 184341.000 0 0 42.000 56.000 2352.000 48.497 0 1 69 200 0 0
 7221 132814.000 184970.000 0 0 42.000 56.000 2352.000 48.497 0 1 69 200 0 0
 7222 132785.000 185124.000 0 0 40.000 56.000 2240.000 47.328 0 1 69 200 0 0
 7223 153729.000 172715.000 0 0 48.000 56.000 2688.000 51.845 0 1 69 200 0 0
 7224 131665.000 185425.000 0 0 40.000 56.000 2240.000 47.328 0 1 69 200 0 0
 7225 125456.000 187501.000 0 0 36.000 56.000 2016.000 44.899 0 1 119 200 0 0
 7226 20805.000 54867.000 0 0 0.000 0.000 0.000 200000.000 0 1 0 200 0 0
 7227 123899.000 187999.000 0 0 36.000 56.000 2016.000 44.899 0 1 122 200 0 0
 7228 123626.000 187942.000 0 0 36.000 56.000 2016.000 44.899 0 1 122 200 0 0
 7229 121413.000 188560.000 0 0 34.000 54.000 1836.000 42.848 0 1 125 200 0 0
 7230 61338.000 182380.000 0 0 0.000 0.000 0.000 0.211 0 1 0 0 0 0
 7231 16231.000 135213.000 0 0 0.000 0.000 0.000 200000.000 0 1 0 200 0 0
 7232 20905.000 54985.000 0 0 0.000 0.000 0.000 200000.000 0 1 0 200 0 0
 7233 26410.000 46456.000 0 0 0.000 0.000 0.000 200000.000 0 1 0 200 0 0
 7234 45937.000 26693.000 0 0 0.000 0.000 0.000 200000.000 0 1 0 200 0 0
 7235 161141.000 168079.000 0 0 50.000 54.000 2700.000 51.961 0 1 69 200 0 0
 7236 161738.000 32348.000 0 0 0.000 0.000 0.000 200000.000 0 1 0 200 0 0
 7237 172872.000 44482.000 0 0 0.000 0.000 0.000 200000.000 0 1 0 200 0 0
 7238 183475.000 62517.000 0 0 0.000 0.000 0.000 0.240 0 1 0 0 0 0
 7239 188848.000 81697.000 0 0 0.000 0.000 0.000 200000.000 0 1 0 200 0 0
 7240 191462.000 104813.000 0 0 0.000 0.000 0.000 0.230 0 1 0 0 0 0
 7241 186813.000 129732.000 0 0 0.000 0.000 0.000 200000.000 0 1 0 200 0 0
 7242 185493.000 132470.000 0 0 0.000 0.000 0.000 0.296 0 1 0 0 0 0
 7243 185417.000 132961.000 0 0 0.000 0.000 0.000 0.213 0 1 0 0 0 0
 7244 184583.000 134725.000 0 0 56.000 42.000 2352.000 48.497 0 1 37 200 0 0
 7245 182087.000 140448.000 0 0 0.000 0.000 0.000 0.216 0 1 0 0 0 0
 7246 176584.000 149887.000 0 0 54.000 48.000 2592.000 50.911 0 1 69 200 0 0
 7247 175967.000 150784.000 0 0 54.000 46.000 2484.000 49.839 0 1 69 200 0 0
 7248 168268.000 160580.000 0 0 52.000 50.000 2600.000 50.990 0 1 69 200 0 0
 7249 167868.000 161232.000 0 0 54.000 50.000 2700.000 51.961 0 1 69 200 0 0
 7250 166851.000 162408.000 0 0 54.000 52.000 2808.000 52.990 0 1 69 200 0 0
 7251 166711.000 162450.000 0 0 54.000 52.000 2808.000 52.990 0 1 69 200 0 0
 7252 165529.000 163662.000 0 0 52.000 52.000 2704.000 52.000 0 1 69 200 0 0
 7253 165100.000 164148.000 0 0 52.000 52.000 2704.000 52.000 0 1 69 200 0 0
 7254 163869.000 165361.000 0 0 52.000 52.000 2704.000 52.000 0 1 69 200 0 0
 7255 163076.000 166223.000 0 0 52.000 54.000 2808.000 52.990 0 1 69 200 0 0
 7256 162888.000 166446.000 0 0 52.000 54.000 2808.000 52.990 0 1 69 200 0 0
 7257 162363.000 166833.000 0 0 52.000 54.000 2808.000 52.990 0 1 69 200 0 0
 7258 162307.000 166985.000 0 0 52.000 54.000 2808.000 52.990 0 1 69 200 0 0
 7259 160551.000 168359.000 0 0 50.000 52.000 2600.000 50.990 0 1 69 200 0 0
 7260 160493.000 168412.000 0 0 50.000 52.000 2600.000 50.990 0 1 69 200 0 0
 7261 157866.000 170725.000 0 0 50.000 54.000 2700.000 51.961 0 1 69 200 0 0
 7262 157448.000 171098.000 0 0 50.000 54.000 2700.000 51.961 0 1 69 200 0 0
 7263 157290.000 171225.000 0 0 50.000 54.000 2700.000 51.961 0 1 69 200 0 0
 7264 156340.000 171928.000 0 0 50.000 54.000 2700.000 51.961 0 1 69 200 0 0
 7265 155440.000 172682.000 0 0 50.000 54.000 2700.000 51.961 0 1 69 200 0 0
 7266 155020.000 173026.000 0 0 50.000 54.000 2700.000 51.961 0 1 69 200 0 0
 7267 154859.000 173060.000 0 0 50.000 54.000 2700.000 51.961 0 1 69 200 0 0
 7268 154824.000 173145.000 0 0 48.000 56.000 2688.000 51.845 0 1 69 200 0 0
 7269 154181.000 173526.000 0 0 48.000 56.000 2688.000 51.845 0 1 69 200 0 0
 7270 153791.000 173793.000 0 0 48.000 56.000 2688.000 51.845 0 1 69 200 0 0
 7271 152948.000 174418.000 0 0 48.000 54.000 2592.000 50.911 0 1 69 200 0 0
 7272 151974.000 175204.000 0 0 48.000 54.000 2592.000 50.911 0 1 69 200 0 0
 7273 151797.000 175294.000 0 0 48.000 54.000 2592.000 50.911 0 1 69 200 0 0
 7274 151574.000 175324.000 0 0 48.000 54.000 2592.000 50.911 0 1 69 200 0 0
 7275 151147.000 175764.000 0 0 46.000 54.000 2484.000 49.839 0 1 69 200 0 0
 7276 150951.000 175777.000 0 0 46.000 54.000 2484.000 49.839 0 1 69 200 0 0
 7277 150899.000 175944.000 0 0 46.000 54.000 2484.000 49.839 0 1 69 200 0 0
 7278 150737.000 175952.000 0 0 46.000 54.000 2484.000 49.839 0 1 69 200 0 0
 7279 150321.000 176189.000 0 0 48.000 54.000 2592.000 50.911 0 1 69 200 0 0
 7280 149825.000 176590.000 0 0 48.000 54.000 2592.000 50.911 0 1 69 200 0 0
 7281 148364.000 177424.000 0 0 48.000 56.000 2688.000 51.845 0 1 69 200 0 0
 7282 146898.000 178328.000 0 0 46.000 56.000 2576.000 50.754 0 1 69 200 0 0
 7283 146477.000 178658.000 0 0 46.000 56.000 2576.000 50.754 0 1 69 200 0 0
 7284 145996.000 178919.000 0 0 46.000 56.000 2576.000 50.754 0 1 69 200 0 0
 7285 145879.000 178989.000 0 0 46.000 56.000 2576.000 50.754 0 1 69 200 0 0
 7286 144784.000 179576.000 0 0 46.000 54.000 2484.000 49.839 0 1 69 200 0 0
 7287 143614.000 180237.000 0 0 44.000 54.000 2376.000 48.744 0 1 69 200 0 0
 7288 143514.000 180263.000 0 0 44.000 54.000 2376.000 48.744 0 1 69 200 0 0
 7289 142933.000 180540.000 0 0 44.000 56.000 2464.000 49.638 0 1 69 200 0 0
 7290 142179.000 181033.000 0 0 44.000 56.000 2464.000 49.638 0 1 69 200 0 0
 7291 141596.000 181231.000 0 0 44.000 56.000 2464.000 49.638 0 1 69 200 0 0
 7292 140997.000 181645.000 0 0 44.000 56.000 2464.000 49.638 0 1 69 200 0 0
 7293 139654.000 182176.000 0 0 42.000 56.000 2352.000 48.497 0 1 69 200 0 0
 7294 139047.000 182477.000 0 0 42.000 56.000 2352.000 48.497 0 1 69 200 0 0
 7295 138357.000 182986.000 0 0 42.000 56.000 2352.000 48.497 0 1 69 200 0 0
 7296 137774.000 183112.000 0 0 42.000 54.000 2268.000 47.623 0 1 69 200 0 0
 7297 135401.000 184103.000 0 0 42.000 56.000 2352.000 48.497 0 1 69 200 0 0
 7298 132364.000 185321.000 0 0 40.000 56.000 2240.000 47.328 0 1 69 200 0 0
 7299 131985.000 185508.000 0 0 40.000 56.000 2240.000 47.328 0 1 69 200 0 0
 7300 122749.000 188351.000 0 0 0.000 0.000 0.000 0.203 0 1 0 0 0 0
 7301 139719.000 17529.000 0 0 0.000 0.000 0.000 200000.000 0 1 0 200 0 0
 7302 119732.000 189013.000 0 0 34.000 54.000 1836.000 42.848 0 1 125 200 0 0
 7303 84043.000 189779.000 0 0 0.000 0.000 0.000 0.233 0 1 0 0 0 0
 7304 78070.000 188496.000 0 0 0.000 0.000 0.000 0.214 0 1 0 0 0 0
 7305 74273.000 187538.000 0 0 0.000 0.000 0.000 0.205 0 1 0 0 0 0
 7306 70955.000 186356.000 0 0 0.000 0.000 0.000 200000.000 0 1 0 200 0 0
 7307 172818.000 44458.000 0 0 0.000 0.000 0.000 200000.000 0 1 0 200 0 0
 7308 182697.000 60528.000 0 0 0.000 0.000 0.000 0.403 0 1 0 0 0 0
 7309 183165.000 61538.000 0 0 0.000 0.000 0.000 200000.000 0 1 0 200 0 0
 7310 190929.000 102713.000 0 0 0.000 0.000 0.000 200000.000 0 1 0 200 0 0
 7311 179329.000 146062.000 0 0 56.000 46.000 2576.000 50.754 0 1 59 200 0 0
 7312 176279.000 150656.000 0 0 54.000 46.000 2484.000 49.839 0 1 69 200 0 0
 7313 171610.000 157106.000 0 0 54.000 50.000 2700.000 51.961 0 1 69 200 0 0
 7314 175475.000 150698.000 0 0 54.000 46.000 2484.000 49.839 0 1 69 200 0 0
 7315 170693.000 158271.000 0 0 54.000 50.000 2700.000 51.961 0 1 69 200 0 0
 7316 169574.000 159408.000 0 0 54.000 52.000 2808.000 52.990 0 1 69 200 0 0
 7317 166090.000 163340.000 0 0 54.000 52.000 2808.000 52.990 0 1 69 200 0 0
 7318 165052.000 164335.000 0 0 52.000 52.000 2704.000 52.000 0 1 69 200 0 0
 7319 164868.000 164603.000 0 0 52.000 52.000 2704.000 52.000 0 1 69 200 0 0
 7320 163797.000 165683.000 0 0 52.000 52.000 2704.000 52.000 0 1 69 200 0 0
 7321 161988.000 167253.000 0 0 50.000 54.000 2700.000 51.961 0 1 69 200 0 0
 7322 162036.000 167448.000 0 0 50.000 54.000 2700.000 51.961 0 1 69 200 0 0
 7323 161114.000 168273.000 0 0 50.000 54.000 2700.000 51.961 0 1 69 200 0 0
 7324 160746.000 168413.000 0 0 50.000 52.000 2600.000 50.990 0 1 69 200 0 0
 7325 160306.000 169036.000 0 0 52.000 52.000 2704.000 52.000 0 1 69 200 0 0
 7326 159969.000 169102.000 0 0 52.000 52.000 2704.000 52.000 0 1 69 200 0 0
 7327 159468.000 169562.000 0 0 52.000 54.000 2808.000 52.990 0 1 69 200 0 0
 7328 157075.000 171545.000 0 0 50.000 54.000 2700.000 51.961 0 1 69 200 0 0
 7329 156942.000 171666.000 0 0 50.000 54.000 2700.000 51.961 0 1 69 200 0 0
 7330 156876.000 171837.000 0 0 50.000 54.000 2700.000 51.961 0 1 69 200 0 0
 7331 156756.000 171748.000 0 0 50.000 54.000 2700.000 51.961 0 1 69 200 0 0
 7332 156524.000 172001.000 0 0 50.000 54.000 2700.000 51.961 0 1 69 200 0 0
 7333 155968.000 172377.000 0 0 50.000 54.000 2700.000 51.961 0 1 69 200 0 0
 7334 155435.000 172820.000 0 0 50.000 54.000 2700.000 51.961 0 1 69 200 0 0
 7335 155333.000 172962.000 0 0 50.000 54.000 2700.000 51.961 0 1 69 200 0 0
 7336 154658.000 173346.000 0 0 48.000 56.000 2688.000 51.845 0 1 69 200 0 0
 7337 153483.000 174176.000 0 0 48.000 56.000 2688.000 51.845 0 1 69 200 0 0
 7338 152120.000 175216.000 0 0 48.000 54.000 2592.000 50.911 0 1 69 200 0 0
 7339 151813.000 175552.000 0 0 48.000 54.000 2592.000 50.911 0 1 69 200 0 0
 7340 150794.000 176094.000 0 0 46.000 54.000 2484.000 49.839 0 1 69 200 0 0
 7341 149492.000 176930.000 0 0 48.000 56.000 2688.000 51.845 0 1 69 200 0 0
 7342 148994.000 177208.000 0 0 48.000 56.000 2688.000 51.845 0 1 69 200 0 0
 7343 148929.000 177427.000 0 0 48.000 56.000 2688.000 51.845 0 1 69 200 0 0
 7344 148653.000 177640.000 0 0 48.000 56.000 2688.000 51.845 0 1 69 200 0 0
 7345 148139.000 177692.000 0 0 48.000 56.000 2688.000 51.845 0 1 69 200 0 0
 7346 147996.000 178027.000 0 0 48.000 56.000 2688.000 51.845 0 1 69 200 0 0
 7347 146475.000 178809.000 0 0 46.000 56.000 2576.000 50.754 0 1 69 200 0 0
 7348 146373.000 178930.000 0 0 46.000 56.000 2576.000 50.754 0 1 69 200 0 0
 7349 145508.000 179318.000 0 0 46.000 54.000 2484.000 49.839 0 1 69 200 0 0
 7350 144832.000 179716.000 0 0 46.000 54.000 2484.000 49.839 0 1 69 200 0 0
 7351 144456.000 179932.000 0 0 46.000 54.000 2484.000 49.839 0 1 69 200 0 0
 7352 144114.000 180203.000 0 0 46.000 54.000 2484.000 49.839 0 1 69 200 0 0
 7353 143506.000 180460.000 0 0 44.000 54.000 2376.000 48.744 0 1 69 200 0 0
 7354 140195.000 182088.000 0 0 42.000 56.000 2352.000 48.497 0 1 69 200 0 0
 7355 139436.000 182635.000 0 0 42.000 56.000 2352.000 48.497 0 1 69 200 0 0
 7356 139032.000 182858.000 0 0 42.000 56.000 2352.000 48.497 0 1 69 200 0 0
 7357 136747.000 183734.000 0 0 42.000 54.000 2268.000 47.623 0 1 69 200 0 0
 7358 135844.000 184130.000 0 0 42.000 55.000 2310.000 48.062 0 1 69 200 0 0
 7359 134974.000 184503.000 0 0 42.000 56.000 2352.000 48.497 0 1 69 200 0 0
 7360 134806.000 184580.000 0 0 42.000 56.000 2352.000 48.497 0 1 69 200 0 0
 7361 128175.000 187035.000 0 0 0.000 0.000 0.000 0.252 0 1 0 0 0 0
 7362 127244.000 187261.000 0 0 38.000 54.000 2052.000 45.299 0 1 124 200 0 0
 7363 125640.000 187773.000 0 0 38.000 55.000 2090.000 45.716 0 1 119 200 0 0
 7364 125124.000 187851.000 0 0 36.000 56.000 2016.000 44.899 0 1 119 200 0 0
 7365 69154.000 185907.000 0 0 0.000 0.000 0.000 200000.000 0 1 0 200 0 0
 7366 42853.000 171334.000 0 0 0.000 0.000 0.000 200000.000 0 1 0 200 0 0
 7367 15270.000 65553.000 0 0 0.000 0.000 0.000 200000.000 0 1 0 200 0 0
 7368 157461.000 28363.000 0 0 0.000 0.000 0.000 0.212 0 1 0 0 0 0
 7369 164256.000 34251.000 0 0 0.000 0.000 0.000 200000.000 0 1 0 200 0 0
 7370 164135.000 34299.000 0 0 0.000 0.000 0.000 200000.000 0 1 0 200 0 0
 7371 179576.000 54064.000 0 0 0.000 0.000 0.000 200000.000 0 1 0 200 0 0
 7372 191226.000 89286.000 0 0 0.000 0.000 0.000 0.276 0 1 0 0 0 0
 7373 190708.000 114299.000 0 0 0.000 0.000 0.000 0.216 0 1 0 0 0 0
 7374 184587.000 135386.000 0 0 56.000 42.000 2352.000 48.497 0 1 37 200 0 0
 7375 182309.000 140686.000 0 0 0.000 0.000 0.000 0.235 0 1 0 0 0 0
 7376 174335.000 153941.000 0 0 56.000 48.000 2688.000 51.845 0 1 69 200 0 0
 7377 188892.000 118584.000 0 0 0.000 0.000 0.000 200000.000 0 1 0 200 0 0
 7378 171206.000 157921.000 0 0 54.000 50.000 2700.000 51.961 0 1 69 200 0 0
 7379 171002.000 157934.000 0 0 54.000 50.000 2700.000 51.961 0 1 69 200 0 0
 7380 170582.000 158715.000 0 0 54.000 50.000 2700.000 51.961 0 1 69 200 0 0
 7381 170065.000 159170.000 0 0 54.000 52.000 2808.000 52.990 0 1 69 200 0 0
 7382 169686.000 159581.000 0 0 53.000 52.000 2756.000 52.497 0 1 69 200 0 0
 7383 169343.000 160038.000 0 0 52.000 52.000 2704.000 52.000 0 1 69 200 0 0
 7384 165910.000 163740.000 0 0 52.000 52.000 2704.000 52.000 0 1 69 200 0 0
 7385 165581.000 164148.000 0 0 52.000 52.000 2704.000 52.000 0 1 69 200 0 0
 7386 163444.000 166299.000 0 0 52.000 54.000 2808.000 52.990 0 1 69 200 0 0
 7387 163353.000 166470.000 0 0 52.000 54.000 2808.000 52.990 0 1 69 200 0 0
 7388 159843.000 169473.000 0 0 52.000 52.000 2704.000 52.000 0 1 69 200 0 0
 7389 159012.000 170131.000 0 0 52.000 54.000 2808.000 52.990 0 1 69 200 0 0
 7390 158923.000 170195.000 0 0 52.000 54.000 2808.000 52.990 0 1 69 200 0 0
 7391 157815.000 171338.000 0 0 50.000 54.000 2700.000 51.961 0 1 69 200 0 0
 7392 155965.000 172517.000 0 0 50.000 54.000 2700.000 51.961 0 1 69 200 0 0
 7393 154261.000 173873.000 0 0 48.000 56.000 2688.000 51.845 0 1 69 200 0 0
 7394 153717.000 174396.000 0 0 48.000 56.000 2688.000 51.845 0 1 69 200 0 0
 7395 153297.000 174617.000 0 0 48.000 54.000 2592.000 50.911 0 1 69 200 0 0
 7396 152762.000 174902.000 0 0 48.000 54.000 2592.000 50.911 0 1 69 200 0 0
 7397 151607.000 175724.000 0 0 48.000 54.000 2592.000 50.911 0 1 69 200 0 0
 7398 151337.000 175913.000 0 0 48.000 54.000 2592.000 50.911 0 1 69 200 0 0
 7399 149664.000 177069.000 0 0 48.000 56.000 2688.000 51.845 0 1 69 200 0 0
 7400 147799.000 178186.000 0 0 48.000 56.000 2688.000 51.845 0 1 69 200 0 0
 7401 147261.000 178545.000 0 0 46.000 56.000 2576.000 50.754 0 1 69 200 0 0
 7402 146295.000 179042.000 0 0 46.000 56.000 2576.000 50.754 0 1 69 200 0 0
 7403 145195.000 179637.000 0 0 46.000 54.000 2484.000 49.839 0 1 69 200 0 0
 7404 145025.000 179702.000 0 0 46.000 54.000 2484.000 49.839 0 1 69 200 0 0
 7405 144984.000 179853.000 0 0 46.000 54.000 2484.000 49.839 0 1 69 200 0 0
 7406 143912.000 180511.000 0 0 44.000 54.000 2376.000 48.744 0 1 69 200 0 0
 7407 142900.000 180985.000 0 0 44.000 56.000 2464.000 49.638 0 1 69 200 0 0
 7408 142616.000 181200.000 0 0 44.000 56.000 2464.000 49.638 0 1 69 200 0 0
 7409 141723.000 181499.000 0 0 44.000 56.000 2464.000 49.638 0 1 69 200 0 0
 7410 141337.000 181883.000 0 0 44.000 56.000 2464.000 49.638 0 1 69 200 0 0
 7411 133591.000 185241.000 0 0 42.000 56.000 2352.000 48.497 0 1 69 200 0 0
 7412 131717.000 185945.000 0 0 40.000 56.000 2240.000 47.328 0 1 69 200 0 0
 7413 130612.000 186353.000 0 0 40.000 56.000 2240.000 47.328 0 1 69 200 0 0
 7414 130318.000 186484.000 0 0 40.000 54.000 2160.000 46.475 0 1 69 200 0 0
 7415 130115.000 186516.000 0 0 40.000 54.000 2160.000 46.475 0 1 69 200 0 0
 7416 127814.000 187292.000 0 0 38.000 54.000 2052.000 45.299 0 1 124 200 0 0
 7417 125160.000 188138.000 0 0 36.000 56.000 2016.000 44.899 0 1 119 200 0 0
 7418 42924.000 171339.000 0 0 0.000 0.000 0.000 200000.000 0 1 0 200 0 0
 7419 8428.000 100594.000 0 0 0.000 0.000 0.000 200000.000 0 1 0 200 0 0
 7420 19431.000 56300.000 0 0 0.000 0.000 0.000 200000.000 0 1 0 200 0 0
 7421 174785.000 153387.000 0 0 54.000 48.000 2592.000 50.911 0 1 69 200 0 0
 7422 21026.000 53770.000 0 0 0.000 0.000 0.000 0.369 0 1 0 0 0 0
 7423 129184.000 187167.000 0 0 38.000 54.000 2052.000 45.299 0 1 69 200 0 0
 7424 146330.000 20640.000 0 0 0.000 0.000 0.000 200000.000 0 1 0 200 0 0
 7425 185931.000 132633.000 0 0 0.000 0.000 0.000 0.208 0 1 0 0 0 0
 7426 181915.000 141971.000 0 0 56.000 44.000 2464.000 49.638 0 1 54 200 0 0
 7427 181439.000 142491.000 0 0 56.000 44.000 2464.000 49.638 0 1 54 200 0 0
 7428 176976.000 150192.000 0 0 54.000 48.000 2592.000 50.911 0 1 69 200 0 0
 7429 174661.000 153569.000 0 0 54.000 48.000 2592.000 50.911 0 1 69 200 0 0
 7430 172430.000 156775.000 0 0 54.000 50.000 2700.000 51.961 0 1 69 200 0 0
 7431 171616.000 157760.000 0 0 54.000 50.000 2700.000 51.961 0 1 69 200 0 0
 7432 151853.000 24889.000 0 0 0.000 0.000 0.000 200000.000 0 1 0 200 0 0
 7433 170905.000 158321.000 0 0 54.000 50.000 2700.000 51.961 0 1 69 200 0 0
 7434 170041.000 159653.000 0 0 54.000 52.000 2808.000 52.990 0 1 69 200 0 0
 7435 169661.000 159964.000 0 0 52.000 52.000 2704.000 52.000 0 1 69 200 0 0
 7436 168523.000 161066.000 0 0 52.000 50.000 2600.000 50.990 0 1 69 200 0 0
 7437 167736.000 162037.000 0 0 54.000 50.000 2700.000 51.961 0 1 69 200 0 0
 7438 166208.000 163802.000 0 0 54.000 52.000 2808.000 52.990 0 1 69 200 0 0
 7439 162531.000 167362.000 0 0 52.000 54.000 2808.000 52.990 0 1 69 200 0 0
 7440 161579.000 168095.000 0 0 50.000 54.000 2700.000 51.961 0 1 69 200 0 0
 7441 161469.000 168300.000 0 0 50.000 54.000 2700.000 51.961 0 1 69 200 0 0
 7442 161316.000 168585.000 0 0 50.000 52.000 2600.000 50.990 0 1 69 200 0 0
 7443 160961.000 168810.000 0 0 50.000 52.000 2600.000 50.990 0 1 69 200 0 0
 7444 160691.000 169097.000 0 0 52.000 52.000 2704.000 52.000 0 1 69 200 0 0
 7445 160326.000 169227.000 0 0 52.000 52.000 2704.000 52.000 0 1 69 200 0 0
 7446 160090.000 169445.000 0 0 52.000 52.000 2704.000 52.000 0 1 69 200 0 0
 7447 158928.000 170489.000 0 0 52.000 54.000 2808.000 52.990 0 1 69 200 0 0
 7448 158810.000 170560.000 0 0 52.000 54.000 2808.000 52.990 0 1 69 200 0 0
 7449 158711.000 170676.000 0 0 50.000 54.000 2700.000 51.961 0 1 69 200 0 0
 7450 158194.000 171044.000 0 0 50.000 54.000 2700.000 51.961 0 1 69 200 0 0
 7451 157761.000 171558.000 0 0 50.000 54.000 2700.000 51.961 0 1 69 200 0 0
 7452 157541.000 171531.000 0 0 50.000 54.000 2700.000 51.961 0 1 69 200 0 0
 7453 155692.000 173117.000 0 0 50.000 54.000 2700.000 51.961 0 1 69 200 0 0
 7454 155396.000 173285.000 0 0 50.000 54.000 2700.000 51.961 0 1 69 200 0 0
 7455 152810.000 175122.000 0 0 48.000 54.000 2592.000 50.911 0 1 69 200 0 0
 7456 152267.000 175544.000 0 0 48.000 54.000 2592.000 50.911 0 1 69 200 0 0
 7457 151671.000 175968.000 0 0 48.000 54.000 2592.000 50.911 0 1 69 200 0 0
 7458 151441.000 176218.000 0 0 46.000 54.000 2484.000 49.839 0 1 69 200 0 0
 7459 151205.000 176204.000 0 0 46.000 54.000 2484.000 49.839 0 1 69 200 0 0
 7460 150816.000 176518.000 0 0 46.000 54.000 2484.000 49.839 0 1 69 200 0 0
 7461 150455.000 176883.000 0 0 48.000 54.000 2592.000 50.911 0 1 69 200 0 0
 7462 148545.000 178024.000 0 0 48.000 56.000 2688.000 51.845 0 1 69 200 0 0
 7463 148360.000 178192.000 0 0 48.000 56.000 2688.000 51.845 0 1 69 200 0 0
 7464 147721.000 178455.000 0 0 46.000 56.000 2576.000 50.754 0 1 69 200 0 0
 7465 146544.000 179144.000 0 0 46.000 56.000 2576.000 50.754 0 1 69 200 0 0
 7466 146292.000 179174.000 0 0 46.000 56.000 2576.000 50.754 0 1 69 200 0 0
 7467 146169.000 179271.000 0 0 46.000 56.000 2576.000 50.754 0 1 69 200 0 0
 7468 146079.000 179403.000 0 0 46.000 56.000 2576.000 50.754 0 1 69 200 0 0
 7469 144209.000 180423.000 0 0 46.000 54.000 2484.000 49.839 0 1 69 200 0 0
 7470 143995.000 180562.000 0 0 44.000 54.000 2376.000 48.744 0 1 69 200 0 0
 7471 142194.000 181492.000 0 0 44.000 56.000 2464.000 49.638 0 1 69 200 0 0
 7472 141257.000 182009.000 0 0 44.000 56.000 2464.000 49.638 0 1 69 200 0 0
 7473 141187.000 182036.000 0 0 44.000 56.000 2464.000 49.638 0 1 69 200 0 0
 7474 140984.000 182301.000 0 0 44.000 56.000 2464.000 49.638 0 1 69 200 0 0
 7475 140427.000 182424.000 0 0 44.000 56.000 2464.000 49.638 0 1 69 200 0 0
 7476 139030.000 183227.000 0 0 42.000 56.000 2352.000 48.497 0 1 69 200 0 0
 7477 137763.000 183622.000 0 0 42.000 54.000 2268.000 47.623 0 1 69 200 0 0
 7478 137327.000 183950.000 0 0 42.000 54.000 2268.000 47.623 0 1 69 200 0 0
 7479 136510.000 184183.000 0 0 42.000 54.000 2268.000 47.623 0 1 69 200 0 0
 7480 134831.000 185024.000 0 0 42.000 56.000 2352.000 48.497 0 1 69 200 0 0
 7481 133451.000 185463.000 0 0 42.000 56.000 2352.000 48.497 0 1 69 200 0 0
 7482 132718.000 185765.000 0 0 40.000 56.000 2240.000 47.328 0 1 69 200 0 0
 7483 132318.000 185911.000 0 0 40.000 56.000 2240.000 47.328 0 1 69 200 0 0
 7484 131859.000 186041.000 0 0 40.000 56.000 2240.000 47.328 0 1 69 200 0 0
 7485 129890.000 186740.000 0 0 40.000 54.000 2160.000 46.475 0 1 69 200 0 0
 7486 128933.000 187192.000 0 0 38.000 54.000 2052.000 45.299 0 1 69 200 0 0
 7487 124170.000 188480.000 0 0 36.000 56.000 2016.000 44.899 0 1 122 200 0 0
 7488 121226.000 189350.000 0 0 34.000 54.000 1836.000 42.848 0 1 125 200 0 0
 7489 120271.000 189416.000 0 0 34.000 54.000 1836.000 42.848 0 1 125 200 0 0
 7490 153872.000 25324.000 0 0 0.000 0.000 0.000 200000.000 0 1 0 200 0 0
 7491 82072.000 189808.000 0 0 0.000 0.000 0.000 0.444 0 1 0 0 0 0
 7492 191718.000 108677.000 0 0 0.000 0.000 0.000 200000.000 0 1 0 200 0 0
 7493 155946.000 171758.000 0 0 50.000 54.000 2700.000 51.961 0 1 69 200 0 0
 7494 10294.000 80753.000 0 0 0.000 0.000 0.000 200000.000 0 1 0 200 0 0
 7495 22024.000 51578.000 0 0 0.000 0.000 0.000 200000.000 0 1 0 200 0 0
 7496 53194.000 20838.000 0 0 0.000 0.000 0.000 200000.000 0 1 0 200 0 0
 7497 146568.000 20582.000 0 0 0.000 0.000 0.000 200000.000 0 1 0 200 0 0
 7498 192231.000 97079.000 0 0 0.000 0.000 0.000 200000.000 0 1 0 200 0 0
 7499 192226.000 100329.000 0 0 51.000 24.000 1224.000 34.985 0 1 14 200 0 0
 7500 191912.000 107204.000 0 0 0.000 0.000 0.000 0.253 0 1 0 0 0 0
 7501 190255.000 118820.000 0 0 0.000 0.000 0.000 200000.000 0 1 0 200 0 0
 7502 190334.000 118890.000 0 0 0.000 0.000 0.000 200000.000 0 1 0 200 0 0
 7503 187031.000 130597.000 0 0 0.000 0.000 0.000 0.220 0 1 0 0 0 0
 7504 184878.000 135939.000 0 0 56.000 42.000 2352.000 48.497 0 1 37 200 0 0
 7505 176712.000 150925.000 0 0 54.000 46.000 2484.000 49.839 0 1 69 200 0 0
 7506 171343.000 158077.000 0 0 54.000 50.000 2700.000 51.961 0 1 69 200 0 0
 7507 170306.000 159618.000 0 0 54.000 52.000 2808.000 52.990 0 1 69 200 0 0
 7508 169858.000 159937.000 0 0 52.000 52.000 2704.000 52.000 0 1 69 200 0 0
 7509 168615.000 161527.000 0 0 54.000 50.000 2700.000 51.961 0 1 69 200 0 0
 7510 167400.000 162728.000 0 0 54.000 52.000 2808.000 52.990 0 1 69 200 0 0
 7511 167281.000 162882.000 0 0 54.000 52.000 2808.000 52.990 0 1 69 200 0 0
 7512 163076.000 166954.000 0 0 52.000 54.000 2808.000 52.990 0 1 69 200 0 0
 7513 162241.000 167659.000 0 0 50.000 54.000 2700.000 51.961 0 1 69 200 0 0
 7514 162175.000 168031.000 0 0 50.000 54.000 2700.000 51.961 0 1 69 200 0 0
 7515 161061.000 169030.000 0 0 50.000 52.000 2600.000 50.990 0 1 69 200 0 0
 7516 160279.000 169435.000 0 0 52.000 52.000 2704.000 52.000 0 1 69 200 0 0
 7517 160300.000 169607.000 0 0 52.000 52.000 2704.000 52.000 0 1 69 200 0 0
 7518 159988.000 169798.000 0 0 52.000 52.000 2704.000 52.000 0 1 69 200 0 0
 7519 159999.000 169934.000 0 0 52.000 52.000 2704.000 52.000 0 1 69 200 0 0
 7520 159613.000 170140.000 0 0 52.000 54.000 2808.000 52.990 0 1 69 200 0 0
 7521 159130.000 170662.000 0 0 52.000 54.000 2808.000 52.990 0 1 69 200 0 0
 7522 158241.000 171352.000 0 0 50.000 54.000 2700.000 51.961 0 1 69 200 0 0
 7523 158062.000 171376.000 0 0 50.000 54.000 2700.000 51.961 0 1 69 200 0 0
 7524 157675.000 171847.000 0 0 50.000 54.000 2700.000 51.961 0 1 69 200 0 0
 7525 157544.000 171851.000 0 0 50.000 54.000 2700.000 51.961 0 1 69 200 0 0
 7526 156588.000 172504.000 0 0 50.000 54.000 2700.000 51.961 0 1 69 200 0 0
 7527 156069.000 173116.000 0 0 50.000 54.000 2700.000 51.961 0 1 69 200 0 0
 7528 155640.000 173281.000 0 0 50.000 54.000 2700.000 51.961 0 1 69 200 0 0
 7529 155368.000 173439.000 0 0 50.000 54.000 2700.000 51.961 0 1 69 200 0 0
 7530 155083.000 173625.000 0 0 48.000 56.000 2688.000 51.845 0 1 69 200 0 0
 7531 154724.000 174111.000 0 0 48.000 56.000 2688.000 51.845 0 1 69 200 0 0
 7532 170931.000 157492.000 0 0 54.000 50.000 2700.000 51.961 0 1 69 200 0 0
 7533 153324.000 174927.000 0 0 48.000 54.000 2592.000 50.911 0 1 69 200 0 0
 7534 153225.000 175093.000 0 0 48.000 54.000 2592.000 50.911 0 1 69 200 0 0
 7535 152057.000 175940.000 0 0 48.000 54.000 2592.000 50.911 0 1 69 200 0 0
 7536 149603.000 177537.000 0 0 48.000 56.000 2688.000 51.845 0 1 69 200 0 0
 7537 149111.000 177709.000 0 0 48.000 56.000 2688.000 51.845 0 1 69 200 0 0
 7538 148849.000 177936.000 0 0 48.000 56.000 2688.000 51.845 0 1 69 200 0 0
 7539 147328.000 178888.000 0 0 46.000 56.000 2576.000 50.754 0 1 69 200 0 0
 7540 145959.000 179673.000 0 0 46.000 54.000 2484.000 49.839 0 1 69 200 0 0
 7541 145517.000 180010.000 0 0 46.000 54.000 2484.000 49.839 0 1 69 200 0 0
 7542 145420.000 179999.000 0 0 46.000 54.000 2484.000 49.839 0 1 69 200 0 0
 7543 145287.000 180024.000 0 0 46.000 54.000 2484.000 49.839 0 1 69 200 0 0
 7544 144135.000 180728.000 0 0 44.000 54.000 2376.000 48.744 0 1 69 200 0 0
 7545 144012.000 180779.000 0 0 44.000 54.000 2376.000 48.744 0 1 69 200 0 0
 7546 143141.000 181261.000 0 0 44.000 56.000 2464.000 49.638 0 1 69 200 0 0
 7547 140518.000 182682.000 0 0 44.000 56.000 2464.000 49.638 0 1 69 200 0 0
 7548 138400.000 183514.000 0 0 42.000 56.000 2352.000 48.497 0 1 69 200 0 0
 7549 135073.000 185046.000 0 0 42.000 56.000 2352.000 48.497 0 1 69 200 0 0
 7550 134905.000 185056.000 0 0 42.000 56.000 2352.000 48.497 0 1 69 200 0 0
 7551 134696.000 185290.000 0 0 42.000 56.000 2352.000 48.497 0 1 69 200 0 0
 7552 134572.000 185292.000 0 0 42.000 56.000 2352.000 48.497 0 1 69 200 0 0
 7553 39472.000 168936.000 0 0 0.000 0.000 0.000 200000.000 0 1 0 200 0 0
 7554 37447.000 167101.000 0 0 0.000 0.000 0.000 200000.000 0 1 0 200 0 0
 7555 15937.000 136844.000 0 0 0.000 0.000 0.000 200000.000 0 1 0 200 0 0
 7556 15816.000 136835.000 0 0 0.000 0.000 0.000 200000.000 0 1 0 200 0 0
 7557 84740.000 9035.000 0 0 0.000 0.000 0.000 200000.000 0 1 0 200 0 0
 7558 10900.000 121785.000 0 0 0.000 0.000 0.000 200000.000 0 1 0 200 0 0
 7559 40406.000 29893.000 0 0 0.000 0.000 0.000 200000.000 0 1 0 200 0 0
 7560 40399.000 29802.000 0 0 0.000 0.000 0.000 200000.000 0 1 0 200 0 0
 7561 154021.000 174426.000 0 0 48.000 56.000 2688.000 51.845 0 1 69 200 0 0
 7562 84710.000 9177.000 0 0 0.000 0.000 0.000 200000.000 0 1 0 200 0 0
 7563 186932.000 68812.000 0 0 0.000 0.000 0.000 0.453 0 1 0 0 0 0
 7564 22426.000 147746.000 0 0 0.000 0.000 0.000 200000.000 0 1 0 200 0 0
 7565 192321.000 100996.000 0 0 50.000 24.000 1200.000 34.641 0 1 14 200 0 0
 7566 189869.000 121011.000 0 0 0.000 0.000 0.000 0.202 0 1 0 0 0 0
 7567 185366.000 134995.000 0 0 56.000 42.000 2352.000 48.497 0 1 37 200 0 0
 7568 182157.000 142055.000 0 0 56.000 44.000 2464.000 49.638 0 1 54 200 0 0
 7569 170671.000 159286.000 0 0 54.000 52.000 2808.000 52.990 0 1 69 200 0 0
 7570 170568.000 159342.000 0 0 54.000 52.000 2808.000 52.990 0 1 69 200 0 0
 7571 169028.000 161145.000 0 0 52.000 50.000 2600.000 50.990 0 1 69 200 0 0
 7572 166907.000 163624.000 0 0 54.000 52.000 2808.000 52.990 0 1 69 200 0 0
 7573 163996.000 166397.000 0 0 52.000 53.000 2756.000 52.497 0 1 69 200 0 0
 7574 163718.000 166599.000 0 0 52.000 54.000 2808.000 52.990 0 1 69 200 0 0
 7575 163608.000 166791.000 0 0 52.000 54.000 2808.000 52.990 0 1 69 200 0 0
 7576 163309.000 167053.000 0 0 52.000 54.000 2808.000 52.990 0 1 69 200 0 0
 7577 162228.000 168228.000 0 0 50.000 54.000 2700.000 51.961 0 1 69 200 0 0
 7578 161888.000 168293.000 0 0 50.000 54.000 2700.000 51.961 0 1 69 200 0 0
 7579 161548.000 168562.000 0 0 50.000 54.000 2700.000 51.961 0 1 69 200 0 0
 7580 160642.000 169470.000 0 0 52.000 52.000 2704.000 52.000 0 1 69 200 0 0
 7581 159779.000 170296.000 0 0 52.000 54.000 2808.000 52.990 0 1 69 200 0 0
 7582 158605.000 171219.000 0 0 50.000 54.000 2700.000 51.961 0 1 69 200 0 0
 7583 158263.000 171457.000 0 0 50.000 54.000 2700.000 51.961 0 1 69 200 0 0
 7584 158004.000 171579.000 0 0 50.000 54.000 2700.000 51.961 0 1 69 200 0 0
 7585 157958.000 171677.000 0 0 50.000 54.000 2700.000 51.961 0 1 69 200 0 0
 7586 157702.000 171767.000 0 0 50.000 54.000 2700.000 51.961 0 1 69 200 0 0
 7587 156888.000 172709.000 0 0 50.000 54.000 2700.000 51.961 0 1 69 200 0 0
 7588 156686.000 172752.000 0 0 50.000 54.000 2700.000 51.961 0 1 69 200 0 0
 7589 156398.000 172907.000 0 0 50.000 54.000 2700.000 51.961 0 1 69 200 0 0
 7590 155399.000 173717.000 0 0 50.000 54.000 2700.000 51.961 0 1 69 200 0 0
 7591 155237.000 173890.000 0 0 48.000 56.000 2688.000 51.845 0 1 69 200 0 0
 7592 154262.000 174436.000 0 0 48.000 56.000 2688.000 51.845 0 1 69 200 0 0
 7593 153481.000 175073.000 0 0 48.000 54.000 2592.000 50.911 0 1 69 200 0 0
 7594 153235.000 175215.000 0 0 48.000 54.000 2592.000 50.911 0 1 69 200 0 0
 7595 152377.000 175742.000 0 0 48.000 54.000 2592.000 50.911 0 1 69 200 0 0
 7596 152306.000 175858.000 0 0 48.000 54.000 2592.000 50.911 0 1 69 200 0 0
 7597 151354.000 176499.000 0 0 46.000 54.000 2484.000 49.839 0 1 69 200 0 0
 7598 151266.000 176629.000 0 0 46.000 54.000 2484.000 49.839 0 1 69 200 0 0
 7599 151193.000 176599.000 0 0 46.000 54.000 2484.000 49.839 0 1 69 200 0 0
 7600 150703.000 176931.000 0 0 48.000 54.000 2592.000 50.911 0 1 69 200 0 0
 7601 149469.000 177913.000 0 0 48.000 56.000 2688.000 51.845 0 1 69 200 0 0
 7602 148758.000 178251.000 0 0 48.000 56.000 2688.000 51.845 0 1 69 200 0 0
 7603 148204.000 178513.000 0 0 48.000 56.000 2688.000 51.845 0 1 69 200 0 0
 7604 147021.000 179183.000 0 0 46.000 56.000 2576.000 50.754 0 1 69 200 0 0
 7605 146370.000 179687.000 0 0 46.000 56.000 2576.000 50.754 0 1 69 200 0 0
 7606 146013.000 179990.000 0 0 46.000 54.000 2484.000 49.839 0 1 69 200 0 0
 7607 145623.000 179983.000 0 0 46.000 54.000 2484.000 49.839 0 1 69 200 0 0
 7608 145195.000 180255.000 0 0 46.000 54.000 2484.000 49.839 0 1 69 200 0 0
 7609 145018.000 180391.000 0 0 46.000 54.000 2484.000 49.839 0 1 69 200 0 0
 7610 144836.000 180648.000 0 0 46.000 54.000 2484.000 49.839 0 1 69 200 0 0
 7611 144672.000 180725.000 0 0 46.000 54.000 2484.000 49.839 0 1 69 200 0 0
 7612 144502.000 180792.000 0 0 46.000 54.000 2484.000 49.839 0 1 69 200 0 0
 7613 144026.000 180961.000 0 0 44.000 54.000 2376.000 48.744 0 1 69 200 0 0
 7614 143884.000 181052.000 0 0 44.000 54.000 2376.000 48.744 0 1 69 200 0 0
 7615 142832.000 181575.000 0 0 44.000 56.000 2464.000 49.638 0 1 69 200 0 0
 7616 140141.000 183081.000 0 0 42.000 56.000 2352.000 48.497 0 1 69 200 0 0
 7617 136872.000 184531.000 0 0 40.000 54.000 2160.000 46.475 0 1 69 200 0 0
 7618 134029.000 185585.000 0 0 42.000 56.000 2352.000 48.497 0 1 69 200 0 0
 7619 133572.000 185911.000 0 0 42.000 56.000 2352.000 48.497 0 1 69 200 0 0
 7620 127643.000 187972.000 0 0 38.000 54.000 2052.000 45.299 0 1 124 200 0 0
 7621 120705.000 189701.000 0 0 34.000 54.000 1836.000 42.848 0 1 125 200 0 0
 7622 61296.000 183588.000 0 0 0.000 0.000 0.000 200000.000 0 1 0 200 0 0
 7623 66647.000 185820.000 0 0 0.000 0.000 0.000 200000.000 0 1 0 200 0 0
 7624 23133.000 150351.000 0 0 0.000 0.000 0.000 200000.000 0 1 0 200 0 0
 7625 61399.000 183492.000 0 0 0.000 0.000 0.000 200000.000 0 1 0 200 0 0
 7626 17550.000 140948.000 0 0 0.000 0.000 0.000 200000.000 0 1 0 200 0 0
 7627 18757.000 56840.000 0 0 0.000 0.000 0.000 200000.000 0 1 0 200 0 0
 7628 118677.000 9576.000 0 0 0.000 0.000 0.000 200000.000 0 1 0 200 0 0
 7629 36462.000 33129.000 0 0 0.000 0.000 0.000 200000.000 0 1 0 200 0 0
 7630 192548.000 100158.000 0 0 51.000 24.000 1224.000 34.985 0 1 14 200 0 0
 7631 192566.000 101752.000 0 0 51.000 24.000 1224.000 34.985 0 1 14 200 0 0
 7632 158944.000 171305.000 0 0 50.000 54.000 2700.000 51.961 0 1 69 200 0 0
 7633 192625.000 101806.000 0 0 50.000 24.000 1200.000 34.641 0 1 14 200 0 0
 7634 191510.000 113970.000 0 0 0.000 0.000 0.000 0.220 0 1 0 0 0 0
 7635 187385.000 130126.000 0 0 0.000 0.000 0.000 0.202 0 1 0 0 0 0
 7636 183743.000 139205.000 0 0 0.000 0.000 0.000 0.201 0 1 0 0 0 0
 7637 178533.000 148778.000 0 0 0.000 0.000 0.000 0.215 0 1 0 0 0 0
 7638 177003.000 151161.000 0 0 54.000 46.000 2484.000 49.839 0 1 69 200 0 0
 7639 176859.000 151389.000 0 0 54.000 46.000 2484.000 49.839 0 1 69 200 0 0
 7640 176647.000 151689.000 0 0 54.000 46.000 2484.000 49.839 0 1 69 200 0 0
 7641 171986.000 157980.000 0 0 54.000 50.000 2700.000 51.961 0 1 69 200 0 0
 7642 170284.000 159844.000 0 0 54.000 52.000 2808.000 52.990 0 1 69 200 0 0
 7643 170093.000 160303.000 0 0 52.000 52.000 2704.000 52.000 0 1 69 200 0 0
 7644 169528.000 161003.000 0 0 52.000 52.000 2704.000 52.000 0 1 69 200 0 0
 7645 168367.000 162048.000 0 0 54.000 50.000 2700.000 51.961 0 1 69 200 0 0
 7646 167455.000 163289.000 0 0 54.000 52.000 2808.000 52.990 0 1 69 200 0 0
 7647 165914.000 164793.000 0 0 52.000 52.000 2704.000 52.000 0 1 69 200 0 0
 7648 165637.000 164984.000 0 0 52.000 52.000 2704.000 52.000 0 1 69 200 0 0
 7649 164453.000 166375.000 0 0 52.000 52.000 2704.000 52.000 0 1 69 200 0 0
 7650 164300.000 166459.000 0 0 52.000 52.000 2704.000 52.000 0 1 69 200 0 0
 7651 163937.000 166663.000 0 0 52.000 54.000 2808.000 52.990 0 1 69 200 0 0
 7652 163027.000 167496.000 0 0 52.000 54.000 2808.000 52.990 0 1 69 200 0 0
 7653 162833.000 167670.000 0 0 52.000 54.000 2808.000 52.990 0 1 69 200 0 0
 7654 161651.000 168889.000 0 0 50.000 54.000 2700.000 51.961 0 1 69 200 0 0
 7655 161476.000 168940.000 0 0 50.000 52.000 2600.000 50.990 0 1 69 200 0 0
 7656 161336.000 169016.000 0 0 50.000 52.000 2600.000 50.990 0 1 69 200 0 0
 7657 160981.000 169241.000 0 0 52.000 52.000 2704.000 52.000 0 1 69 200 0 0
 7658 160611.000 169832.000 0 0 52.000 52.000 2704.000 52.000 0 1 69 200 0 0
 7659 160231.000 169940.000 0 0 52.000 52.000 2704.000 52.000 0 1 69 200 0 0
 7660 160105.000 170188.000 0 0 52.000 52.000 2704.000 52.000 0 1 69 200 0 0
 7661 157732.000 172202.000 0 0 50.000 54.000 2700.000 51.961 0 1 69 200 0 0
 7662 156211.000 173186.000 0 0 50.000 54.000 2700.000 51.961 0 1 69 200 0 0
 7663 156153.000 173461.000 0 0 50.000 54.000 2700.000 51.961 0 1 69 200 0 0
 7664 155988.000 173412.000 0 0 50.000 54.000 2700.000 51.961 0 1 69 200 0 0
 7665 155042.000 174177.000 0 0 48.000 56.000 2688.000 51.845 0 1 69 200 0 0
 7666 154717.000 174311.000 0 0 48.000 56.000 2688.000 51.845 0 1 69 200 0 0
 7667 153822.000 175210.000 0 0 48.000 54.000 2592.000 50.911 0 1 69 200 0 0
 7668 152679.000 175988.000 0 0 48.000 54.000 2592.000 50.911 0 1 69 200 0 0
 7669 152371.000 176085.000 0 0 48.000 54.000 2592.000 50.911 0 1 69 200 0 0
 7670 151637.000 176510.000 0 0 46.000 54.000 2484.000 49.839 0 1 69 200 0 0
 7671 151420.000 176702.000 0 0 46.000 54.000 2484.000 49.839 0 1 69 200 0 0
 7672 149775.000 177867.000 0 0 48.000 56.000 2688.000 51.845 0 1 69 200 0 0
 7673 149105.000 178146.000 0 0 48.000 56.000 2688.000 51.845 0 1 69 200 0 0
 7674 148052.000 178892.000 0 0 48.000 56.000 2688.000 51.845 0 1 69 200 0 0
 7675 147352.000 179213.000 0 0 46.000 56.000 2576.000 50.754 0 1 69 200 0 0
 7676 147241.000 179339.000 0 0 46.000 56.000 2576.000 50.754 0 1 69 200 0 0
 7677 146372.000 179851.000 0 0 46.000 56.000 2576.000 50.754 0 1 69 200 0 0
 7678 144967.000 180518.000 0 0 46.000 54.000 2484.000 49.839 0 1 69 200 0 0
 7679 144582.000 180845.000 0 0 46.000 54.000 2484.000 49.839 0 1 69 200 0 0
 7680 143828.000 181406.000 0 0 44.000 56.000 2464.000 49.638 0 1 69 200 0 0
 7681 143470.000 181430.000 0 0 44.000 56.000 2464.000 49.638 0 1 69 200 0 0
 7682 143416.000 181548.000 0 0 44.000 56.000 2464.000 49.638 0 1 69 200 0 0
 7683 143316.000 181679.000 0 0 44.000 56.000 2464.000 49.638 0 1 69 200 0 0
 7684 143004.000 181656.000 0 0 44.000 56.000 2464.000 49.638 0 1 69 200 0 0
 7685 142926.000 181851.000 0 0 44.000 56.000 2464.000 49.638 0 1 69 200 0 0
 7686 141943.000 182253.000 0 0 44.000 56.000 2464.000 49.638 0 1 69 200 0 0
 7687 141744.000 182309.000 0 0 44.000 56.000 2464.000 49.638 0 1 69 200 0 0
 7688 141620.000 182487.000 0 0 44.000 56.000 2464.000 49.638 0 1 69 200 0 0
 7689 140670.000 182812.000 0 0 44.000 56.000 2464.000 49.638 0 1 69 200 0 0
 7690 140056.000 183240.000 0 0 42.000 56.000 2352.000 48.497 0 1 69 200 0 0
 7691 139578.000 183378.000 0 0 42.000 56.000 2352.000 48.497 0 1 69 200 0 0
 7692 138934.000 183758.000 0 0 42.000 56.000 2352.000 48.497 0 1 69 200 0 0
 7693 137317.000 184358.000 0 0 42.000 54.000 2268.000 47.623 0 1 69 200 0 0
 7694 137077.000 184415.000 0 0 42.000 54.000 2268.000 47.623 0 1 69 200 0 0
 7695 136802.000 184625.000 0 0 42.000 54.000 2268.000 47.623 0 1 69 200 0 0
 7696 136552.000 184908.000 0 0 42.000 54.000 2268.000 47.623 0 1 69 200 0 0
 7697 136404.000 184852.000 0 0 42.000 54.000 2268.000 47.623 0 1 69 200 0 0
 7698 135178.000 185455.000 0 0 42.000 56.000 2352.000 48.497 0 1 69 200 0 0
 7699 132693.000 186448.000 0 0 40.000 56.000 2240.000 47.328 0 1 69 200 0 0
 7700 131582.000 186738.000 0 0 40.000 56.000 2240.000 47.328 0 1 69 200 0 0
 7701 129388.000 187458.000 0 0 38.000 54.000 2052.000 45.299 0 1 69 200 0 0
 7702 38275.000 168552.000 0 0 0.000 0.000 0.000 200000.000 0 1 0 200 0 0
 7703 22397.000 149527.000 0 0 0.000 0.000 0.000 200000.000 0 1 0 200 0 0
 7704 127120.000 11547.000 0 0 0.000 0.000 0.000 200000.000 0 1 0 200 0 0
 7705 133940.000 185989.000 0 0 42.000 56.000 2352.000 48.497 0 1 69 200 0 0
 7706 191794.000 113546.000 0 0 0.000 0.000 0.000 0.219 0 1 0 0 0 0
 7707 188929.000 125825.000 0 0 0.000 0.000 0.000 0.240 0 1 0 0 0 0
 7708 182390.000 142145.000 0 0 56.000 44.000 2464.000 49.638 0 1 54 200 0 0
 7709 180101.000 146641.000 0 0 56.000 46.000 2576.000 50.754 0 1 60 200 0 0
 7710 174111.000 155705.000 0 0 54.000 50.000 2700.000 51.961 0 1 69 200 0 0
 7711 173055.000 156890.000 0 0 54.000 50.000 2700.000 51.961 0 1 69 200 0 0
 7712 169591.000 160964.000 0 0 52.000 52.000 2704.000 52.000 0 1 69 200 0 0
 7713 167900.000 162930.000 0 0 54.000 50.000 2700.000 51.961 0 1 69 200 0 0
 7714 167370.000 163472.000 0 0 54.000 52.000 2808.000 52.990 0 1 69 200 0 0
 7715 167002.000 164058.000 0 0 54.000 52.000 2808.000 52.990 0 1 69 200 0 0
 7716 166536.000 164372.000 0 0 52.000 52.000 2704.000 52.000 0 1 69 200 0 0
 7717 166275.000 164551.000 0 0 52.000 52.000 2704.000 52.000 0 1 69 200 0 0
 7718 165151.000 165828.000 0 0 52.000 52.000 2704.000 52.000 0 1 69 200 0 0
 7719 164818.000 166146.000 0 0 52.000 52.000 2704.000 52.000 0 1 69 200 0 0
 7720 164520.000 166317.000 0 0 52.000 52.000 2704.000 52.000 0 1 69 200 0 0
 7721 163783.000 167104.000 0 0 52.000 54.000 2808.000 52.990 0 1 69 200 0 0
 7722 162565.000 168256.000 0 0 50.000 54.000 2700.000 51.961 0 1 69 200 0 0
 7723 161962.000 168826.000 0 0 50.000 54.000 2700.000 51.961 0 1 69 200 0 0
 7724 161412.000 169395.000 0 0 50.000 52.000 2600.000 50.990 0 1 69 200 0 0
 7725 158384.000 171937.000 0 0 50.000 54.000 2700.000 51.961 0 1 69 200 0 0
 7726 158184.000 172133.000 0 0 50.000 54.000 2700.000 51.961 0 1 69 200 0 0
 7727 157947.000 172281.000 0 0 50.000 54.000 2700.000 51.961 0 1 69 200 0 0
 7728 157283.000 172684.000 0 0 50.000 54.000 2700.000 51.961 0 1 69 200 0 0
 7729 157161.000 172808.000 0 0 50.000 54.000 2700.000 51.961 0 1 69 200 0 0
 7730 156881.000 173062.000 0 0 50.000 54.000 2700.000 51.961 0 1 69 200 0 0
 7731 156390.000 173515.000 0 0 50.000 54.000 2700.000 51.961 0 1 69 200 0 0
 7732 154905.000 174514.000 0 0 48.000 56.000 2688.000 51.845 0 1 69 200 0 0
 7733 154531.000 174770.000 0 0 48.000 56.000 2688.000 51.845 0 1 69 200 0 0
 7734 153572.000 175586.000 0 0 48.000 54.000 2592.000 50.911 0 1 69 200 0 0
 7735 153123.000 175750.000 0 0 48.000 54.000 2592.000 50.911 0 1 69 200 0 0
 7736 152112.000 176375.000 0 0 48.000 54.000 2592.000 50.911 0 1 69 200 0 0
 7737 152062.000 176498.000 0 0 48.000 54.000 2592.000 50.911 0 1 69 200 0 0
 7738 151953.000 176511.000 0 0 48.000 54.000 2592.000 50.911 0 1 69 200 0 0
 7739 150791.000 177292.000 0 0 48.000 54.000 2592.000 50.911 0 1 69 200 0 0
 7740 150389.000 177749.000 0 0 48.000 54.000 2592.000 50.911 0 1 69 200 0 0
 7741 150098.000 177672.000 0 0 48.000 56.000 2688.000 51.845 0 1 69 200 0 0
 7742 150076.000 177809.000 0 0 48.000 56.000 2688.000 51.845 0 1 69 200 0 0
 7743 149720.000 177970.000 0 0 48.000 56.000 2688.000 51.845 0 1 69 200 0 0
 7744 149646.000 178075.000 0 0 48.000 56.000 2688.000 51.845 0 1 69 200 0 0
 7745 149300.000 178242.000 0 0 48.000 56.000 2688.000 51.845 0 1 69 200 0 0
 7746 149071.000 178510.000 0 0 48.000 56.000 2688.000 51.845 0 1 69 200 0 0
 7747 148957.000 178454.000 0 0 48.000 56.000 2688.000 51.845 0 1 69 200 0 0
 7748 148675.000 178690.000 0 0 48.000 56.000 2688.000 51.845 0 1 69 200 0 0
 7749 148042.000 179098.000 0 0 46.000 56.000 2576.000 50.754 0 1 69 200 0 0
 7750 147534.000 179250.000 0 0 46.000 56.000 2576.000 50.754 0 1 69 200 0 0
 7751 145724.000 180349.000 0 0 46.000 54.000 2484.000 49.839 0 1 69 200 0 0
 7752 144104.000 181181.000 0 0 44.000 54.000 2376.000 48.744 0 1 69 200 0 0
 7753 143784.000 181494.000 0 0 44.000 56.000 2464.000 49.638 0 1 69 200 0 0
 7754 143577.000 181718.000 0 0 44.000 56.000 2464.000 49.638 0 1 69 200 0 0
 7755 143037.000 181910.000 0 0 44.000 56.000 2464.000 49.638 0 1 69 200 0 0
 7756 142639.000 181962.000 0 0 44.000 56.000 2464.000 49.638 0 1 69 200 0 0
 7757 142188.000 182256.000 0 0 44.000 56.000 2464.000 49.638 0 1 69 200 0 0
 7758 142149.000 182308.000 0 0 44.000 56.000 2464.000 49.638 0 1 69 200 0 0
 7759 141066.000 182795.000 0 0 44.000 56.000 2464.000 49.638 0 1 69 200 0 0
 7760 140595.000 183054.000 0 0 42.000 56.000 2352.000 48.497 0 1 69 200 0 0
 7761 139594.000 183724.000 0 0 42.000 56.000 2352.000 48.497 0 1 69 200 0 0
 7762 139258.000 183739.000 0 0 42.000 56.000 2352.000 48.497 0 1 69 200 0 0
 7763 139222.000 183724.000 0 0 42.000 56.000 2352.000 48.497 0 1 69 200 0 0
 7764 138765.000 183973.000 0 0 42.000 56.000 2352.000 48.497 0 1 69 200 0 0
 7765 138497.000 184046.000 0 0 42.000 54.000 2268.000 47.623 0 1 69 200 0 0
 7766 138394.000 184227.000 0 0 42.000 54.000 2268.000 47.623 0 1 69 200 0 0
 7767 137766.000 184334.000 0 0 42.000 54.000 2268.000 47.623 0 1 69 200 0 0
 7768 136326.000 185180.000 0 0 42.000 54.000 2268.000 47.623 0 1 69 200 0 0
 7769 135245.000 185374.000 0 0 42.000 56.000 2352.000 48.497 0 1 69 200 0 0
 7770 134096.000 186047.000 0 0 42.000 56.000 2352.000 48.497 0 1 69 200 0 0
 7771 133591.000 186131.000 0 0 42.000 56.000 2352.000 48.497 0 1 69 200 0 0
 7772 132860.000 186391.000 0 0 40.000 56.000 2240.000 47.328 0 1 69 200 0 0
 7773 132372.000 186679.000 0 0 40.000 56.000 2240.000 47.328 0 1 69 200 0 0
 7774 128239.000 188062.000 0 0 38.000 54.000 2052.000 45.299 0 1 124 200 0 0
 7775 126331.000 188571.000 0 0 38.000 54.000 2052.000 45.299 0 1 122 200 0 0
 7776 126205.000 188581.000 0 0 38.000 54.000 2052.000 45.299 0 1 122 200 0 0
 7777 125839.000 188747.000 0 0 36.000 56.000 2016.000 44.899 0 1 122 200 0 0
 7778 137227.000 15081.000 0 0 0.000 0.000 0.000 200000.000 0 1 0 200 0 0
 7779 124725.000 189073.000 0 0 36.000 56.000 2016.000 44.899 0 1 122 200 0 0
 7780 165098.000 33648.000 0 0 0.000 0.000 0.000 200000.000 0 1 0 200 0 0
 7781 154652.000 25050.000 0 0 0.000 0.000 0.000 0.350 0 1 0 0 0 0
 7782 192156.000 87575.000 0 0 0.000 0.000 0.000 200000.000 0 1 0 200 0 0
 7783 164966.000 33708.000 0 0 0.000 0.000 0.000 200000.000 0 1 0 200 0 0
 7784 184136.000 60584.000 0 0 0.000 0.000 0.000 0.243 0 1 0 0 0 0
 7785 191981.000 87545.000 0 0 0.000 0.000 0.000 200000.000 0 1 0 200 0 0
 7786 189474.000 125215.000 0 0 0.000 0.000 0.000 200000.000 0 1 0 200 0 0
 7787 183069.000 141535.000 0 0 0.000 0.000 0.000 0.224 0 1 0 0 0 0
 7788 181449.000 144553.000 0 0 0.000 0.000 0.000 0.449 0 1 0 0 0 0
 7789 175268.000 154147.000 0 0 56.000 48.000 2688.000 51.845 0 1 69 200 0 0
 7790 174816.000 154791.000 0 0 56.000 48.000 2688.000 51.845 0 1 69 200 0 0
 7791 174489.000 155410.000 0 0 56.000 48.000 2688.000 51.845 0 1 69 200 0 0
 7792 173487.000 156709.000 0 0 54.000 50.000 2700.000 51.961 0 1 69 200 0 0
 7793 173389.000 156780.000 0 0 54.000 50.000 2700.000 51.961 0 1 69 200 0 0
 7794 191524.000 88981.000 0 0 0.000 0.000 0.000 200000.000 0 1 0 200 0 0
 7795 169212.000 161767.000 0 0 52.000 50.000 2600.000 50.990 0 1 69 200 0 0
 7796 168913.000 162012.000 0 0 54.000 50.000 2700.000 51.961 0 1 69 200 0 0
 7797 165874.000 165390.000 0 0 52.000 52.000 2704.000 52.000 0 1 69 200 0 0
 7798 165735.000 165426.000 0 0 52.000 52.000 2704.000 52.000 0 1 69 200 0 0
 7799 165283.000 165911.000 0 0 52.000 52.000 2704.000 52.000 0 1 69 200 0 0
 7800 164731.000 166401.000 0 0 52.000 52.000 2704.000 52.000 0 1 69 200 0 0
 7801 163705.000 167235.000 0 0 52.000 54.000 2808.000 52.990 0 1 69 200 0 0
 7802 161496.000 169369.000 0 0 50.000 52.000 2600.000 50.990 0 1 69 200 0 0
 7803 161358.000 169468.000 0 0 50.000 52.000 2600.000 50.990 0 1 69 200 0 0
 7804 160267.000 170488.000 0 0 52.000 53.000 2756.000 52.497 0 1 69 200 0 0
 7805 159979.000 170566.000 0 0 52.000 54.000 2808.000 52.990 0 1 69 200 0 0
 7806 159259.000 171450.000 0 0 50.000 54.000 2700.000 51.961 0 1 69 200 0 0
 7807 158084.000 172294.000 0 0 50.000 54.000 2700.000 51.961 0 1 69 200 0 0
 7808 157682.000 172551.000 0 0 50.000 54.000 2700.000 51.961 0 1 69 200 0 0
 7809 157019.000 173051.000 0 0 50.000 54.000 2700.000 51.961 0 1 69 200 0 0
 7810 155976.000 173843.000 0 0 50.000 54.000 2700.000 51.961 0 1 69 200 0 0
 7811 155769.000 173997.000 0 0 50.000 54.000 2700.000 51.961 0 1 69 200 0 0
 7812 155140.000 174512.000 0 0 48.000 56.000 2688.000 51.845 0 1 69 200 0 0
 7813 155029.000 174503.000 0 0 48.000 56.000 2688.000 51.845 0 1 69 200 0 0
 7814 154955.000 174725.000 0 0 48.000 56.000 2688.000 51.845 0 1 69 200 0 0
 7815 154916.000 174852.000 0 0 48.000 56.000 2688.000 51.845 0 1 69 200 0 0
 7816 154745.000 174942.000 0 0 48.000 56.000 2688.000 51.845 0 1 69 200 0 0
 7817 154411.000 175012.000 0 0 48.000 56.000 2688.000 51.845 0 1 69 200 0 0
 7818 153563.000 175627.000 0 0 48.000 54.000 2592.000 50.911 0 1 69 200 0 0
 7819 153135.000 175936.000 0 0 48.000 54.000 2592.000 50.911 0 1 69 200 0 0
 7820 152771.000 176254.000 0 0 48.000 54.000 2592.000 50.911 0 1 69 200 0 0
 7821 152483.000 176502.000 0 0 48.000 54.000 2592.000 50.911 0 1 69 200 0 0
 7822 152325.000 176498.000 0 0 48.000 54.000 2592.000 50.911 0 1 69 200 0 0
 7823 152078.000 176647.000 0 0 48.000 54.000 2592.000 50.911 0 1 69 200 0 0
 7824 151916.000 176822.000 0 0 47.000 54.000 2538.000 50.378 0 1 69 200 0 0
 7825 151453.000 176974.000 0 0 46.000 54.000 2484.000 49.839 0 1 69 200 0 0
 7826 150794.000 177695.000 0 0 48.000 54.000 2592.000 50.911 0 1 69 200 0 0
 7827 150524.000 177753.000 0 0 48.000 54.000 2592.000 50.911 0 1 69 200 0 0
 7828 149620.000 178183.000 0 0 48.000 56.000 2688.000 51.845 0 1 69 200 0 0
 7829 149091.000 178594.000 0 0 48.000 56.000 2688.000 51.845 0 1 69 200 0 0
 7830 148950.000 178720.000 0 0 48.000 56.000 2688.000 51.845 0 1 69 200 0 0
 7831 148572.000 178876.000 0 0 48.000 56.000 2688.000 51.845 0 1 69 200 0 0
 7832 147785.000 179436.000 0 0 46.000 56.000 2576.000 50.754 0 1 69 200 0 0
 7833 147518.000 179440.000 0 0 46.000 56.000 2576.000 50.754 0 1 69 200 0 0
 7834 146860.000 179951.000 0 0 46.000 56.000 2576.000 50.754 0 1 69 200 0 0
 7835 146650.000 180146.000 0 0 46.000 56.000 2576.000 50.754 0 1 69 200 0 0
 7836 146499.000 180116.000 0 0 46.000 56.000 2576.000 50.754 0 1 69 200 0 0
 7837 145466.000 180733.000 0 0 46.000 54.000 2484.000 49.839 0 1 69 200 0 0
 7838 145323.000 180867.000 0 0 46.000 54.000 2484.000 49.839 0 1 69 200 0 0
 7839 144650.000 181193.000 0 0 46.000 54.000 2484.000 49.839 0 1 69 200 0 0
 7840 144130.000 181444.000 0 0 44.000 54.000 2376.000 48.744 0 1 69 200 0 0
 7841 143044.000 182164.000 0 0 44.000 56.000 2464.000 49.638 0 1 69 200 0 0
 7842 142858.000 182248.000 0 0 44.000 56.000 2464.000 49.638 0 1 69 200 0 0
 7843 141985.000 182531.000 0 0 44.000 56.000 2464.000 49.638 0 1 69 200 0 0
 7844 141871.000 182622.000 0 0 44.000 56.000 2464.000 49.638 0 1 69 200 0 0
 7845 141336.000 182823.000 0 0 44.000 56.000 2464.000 49.638 0 1 69 200 0 0
 7846 141027.000 183211.000 0 0 44.000 56.000 2464.000 49.638 0 1 69 200 0 0
 7847 140522.000 183452.000 0 0 42.000 56.000 2352.000 48.497 0 1 69 200 0 0
 7848 139273.000 184067.000 0 0 42.000 56.000 2352.000 48.497 0 1 69 200 0 0
 7849 134531.000 185963.000 0 0 42.000 56.000 2352.000 48.497 0 1 69 200 0 0
 7850 133134.000 186523.000 0 0 40.000 56.000 2240.000 47.328 0 1 69 200 0 0
 7851 130717.000 187456.000 0 0 40.000 54.000 2160.000 46.475 0 1 69 200 0 0
 7852 125283.000 189115.000 0 0 36.000 56.000 2016.000 44.899 0 1 122 200 0 0
 7853 48416.000 176698.000 0 0 0.000 0.000 0.000 200000.000 0 1 0 200 0 0
 7854 122815.000 189890.000 0 0 0.000 0.000 0.000 0.217 0 1 0 0 0 0
 7855 76872.000 189549.000 0 0 0.000 0.000 0.000 0.209 0 1 0 0 0 0
 7856 48567.000 176817.000 0 0 0.000 0.000 0.000 0.345 0 1 0 0 0 0
 7857 132787.000 13057.000 0 0 0.000 0.000 0.000 0.401 0 1 0 0 0 0
 7858 181560.000 54995.000 0 0 0.000 0.000 0.000 200000.000 0 1 0 200 0 0
 7859 192891.000 106933.000 0 0 0.000 0.000 0.000 200000.000 0 1 0 200 0 0
 7860 189800.000 124683.000 0 0 0.000 0.000 0.000 200000.000 0 1 0 200 0 0
 7861 184840.000 138260.000 0 0 54.000 42.000 2268.000 47.623 0 1 44 200 0 0
 7862 178318.000 150055.000 0 0 56.000 48.000 2688.000 51.845 0 1 69 200 0 0
 7863 177263.000 151703.000 0 0 54.000 46.000 2484.000 49.839 0 1 69 200 0 0
 7864 174025.000 156292.000 0 0 54.000 50.000 2700.000 51.961 0 1 69 200 0 0
 7865 173859.000 156490.000 0 0 54.000 50.000 2700.000 51.961 0 1 69 200 0 0
 7866 173082.000 157345.000 0 0 54.000 50.000 2700.000 51.961 0 1 69 200 0 0
 7867 172317.000 158489.000 0 0 54.000 50.000 2700.000 51.961 0 1 69 200 0 0
 7868 172156.000 158512.000 0 0 54.000 50.000 2700.000 51.961 0 1 69 200 0 0
 7869 171969.000 158756.000 0 0 54.000 50.000 2700.000 51.961 0 1 69 200 0 0
 7870 170476.000 160699.000 0 0 52.000 52.000 2704.000 52.000 0 1 69 200 0 0
 7871 168901.000 162239.000 0 0 54.000 50.000 2700.000 51.961 0 1 69 200 0 0
 7872 168790.000 162391.000 0 0 54.000 50.000 2700.000 51.961 0 1 69 200 0 0
 7873 167589.000 163789.000 0 0 54.000 52.000 2808.000 52.990 0 1 69 200 0 0
 7874 167046.000 164520.000 0 0 54.000 52.000 2808.000 52.990 0 1 69 200 0 0
 7875 163435.000 167823.000 0 0 52.000 54.000 2808.000 52.990 0 1 69 200 0 0
 7876 163136.000 168019.000 0 0 52.000 54.000 2808.000 52.990 0 1 69 200 0 0
 7877 162555.000 168806.000 0 0 50.000 54.000 2700.000 51.961 0 1 69 200 0 0
 7878 162395.000 168748.000 0 0 50.000 54.000 2700.000 51.961 0 1 69 200 0 0
 7879 161628.000 169359.000 0 0 50.000 52.000 2600.000 50.990 0 1 69 200 0 0
 7880 161323.000 169914.000 0 0 52.000 52.000 2704.000 52.000 0 1 69 200 0 0
 7881 160738.000 170211.000 0 0 52.000 52.000 2704.000 52.000 0 1 69 200 0 0
 7882 160592.000 170443.000 0 0 52.000 52.000 2704.000 52.000 0 1 69 200 0 0
 7883 160389.000 170528.000 0 0 52.000 52.000 2704.000 52.000 0 1 69 200 0 0
 7884 159796.000 171046.000 0 0 52.000 54.000 2808.000 52.990 0 1 69 200 0 0
 7885 158903.000 171907.000 0 0 50.000 54.000 2700.000 51.961 0 1 69 200 0 0
 7886 158150.000 172584.000 0 0 50.000 54.000 2700.000 51.961 0 1 69 200 0 0
 7887 157634.000 172765.000 0 0 50.000 54.000 2700.000 51.961 0 1 69 200 0 0
 7888 157391.000 172944.000 0 0 50.000 54.000 2700.000 51.961 0 1 69 200 0 0
 7889 156943.000 173396.000 0 0 50.000 54.000 2700.000 51.961 0 1 69 200 0 0
 7890 156541.000 173589.000 0 0 50.000 54.000 2700.000 51.961 0 1 69 200 0 0
 7891 156391.000 173912.000 0 0 50.000 54.000 2700.000 51.961 0 1 69 200 0 0
 7892 156141.000 174135.000 0 0 50.000 54.000 2700.000 51.961 0 1 69 200 0 0
 7893 154974.000 174834.000 0 0 48.000 56.000 2688.000 51.845 0 1 69 200 0 0
 7894 154376.000 175146.000 0 0 48.000 56.000 2688.000 51.845 0 1 69 200 0 0
 7895 153974.000 175584.000 0 0 48.000 54.000 2592.000 50.911 0 1 69 200 0 0
 7896 152970.000 176228.000 0 0 48.000 54.000 2592.000 50.911 0 1 69 200 0 0
 7897 152632.000 176640.000 0 0 48.000 54.000 2592.000 50.911 0 1 69 200 0 0
 7898 152037.000 176874.000 0 0 48.000 54.000 2592.000 50.911 0 1 69 200 0 0
 7899 151398.000 177286.000 0 0 46.000 54.000 2484.000 49.839 0 1 69 200 0 0
 7900 151228.000 177416.000 0 0 48.000 54.000 2592.000 50.911 0 1 69 200 0 0
 7901 150284.000 178110.000 0 0 48.000 56.000 2688.000 51.845 0 1 69 200 0 0
 7902 150121.000 178187.000 0 0 48.000 56.000 2688.000 51.845 0 1 69 200 0 0
 7903 150034.000 178156.000 0 0 48.000 56.000 2688.000 51.845 0 1 69 200 0 0
 7904 150012.000 178262.000 0 0 48.000 56.000 2688.000 51.845 0 1 69 200 0 0
 7905 149294.000 178711.000 0 0 48.000 56.000 2688.000 51.845 0 1 69 200 0 0
 7906 148971.000 178907.000 0 0 48.000 56.000 2688.000 51.845 0 1 69 200 0 0
 7907 148903.000 178924.000 0 0 48.000 56.000 2688.000 51.845 0 1 69 200 0 0
 7908 148663.000 179155.000 0 0 48.000 56.000 2688.000 51.845 0 1 69 200 0 0
 7909 148184.000 179282.000 0 0 46.000 56.000 2576.000 50.754 0 1 69 200 0 0
 7910 147724.000 179544.000 0 0 46.000 56.000 2576.000 50.754 0 1 69 200 0 0
 7911 147423.000 179785.000 0 0 46.000 56.000 2576.000 50.754 0 1 69 200 0 0
 7912 145453.000 181000.000 0 0 46.000 54.000 2484.000 49.839 0 1 69 200 0 0
 7913 145294.000 181173.000 0 0 46.000 54.000 2484.000 49.839 0 1 69 200 0 0
 7914 145126.000 181135.000 0 0 46.000 54.000 2484.000 49.839 0 1 69 200 0 0
 7915 144676.000 181408.000 0 0 46.000 54.000 2484.000 49.839 0 1 69 200 0 0
 7916 144044.000 181717.000 0 0 44.000 56.000 2464.000 49.638 0 1 69 200 0 0
 7917 143830.000 181977.000 0 0 44.000 56.000 2464.000 49.638 0 1 69 200 0 0
 7918 142966.000 182247.000 0 0 44.000 56.000 2464.000 49.638 0 1 69 200 0 0
 7919 142678.000 182414.000 0 0 44.000 56.000 2464.000 49.638 0 1 69 200 0 0
 7920 141693.000 182912.000 0 0 44.000 56.000 2464.000 49.638 0 1 69 200 0 0
 7921 141381.000 183063.000 0 0 44.000 56.000 2464.000 49.638 0 1 69 200 0 0
 7922 140620.000 183420.000 0 0 42.000 56.000 2352.000 48.497 0 1 69 200 0 0
 7923 140489.000 183597.000 0 0 42.000 56.000 2352.000 48.497 0 1 69 200 0 0
 7924 140187.000 183689.000 0 0 42.000 56.000 2352.000 48.497 0 1 69 200 0 0
 7925 139510.000 183973.000 0 0 42.000 56.000 2352.000 48.497 0 1 69 200 0 0
 7926 139017.000 184128.000 0 0 42.000 56.000 2352.000 48.497 0 1 69 200 0 0
 7927 138546.000 184465.000 0 0 42.000 54.000 2268.000 47.623 0 1 69 200 0 0
 7928 137837.000 184875.000 0 0 42.000 54.000 2268.000 47.623 0 1 69 200 0 0
 7929 137550.000 184865.000 0 0 42.000 54.000 2268.000 47.623 0 1 69 200 0 0
 7930 137503.000 185002.000 0 0 42.000 54.000 2268.000 47.623 0 1 69 200 0 0
 7931 135930.000 185534.000 0 0 42.000 56.000 2352.000 48.497 0 1 69 200 0 0
 7932 135849.000 185582.000 0 0 42.000 56.000 2352.000 48.497 0 1 69 200 0 0
 7933 133383.000 186517.000 0 0 41.000 56.000 2296.000 47.916 0 1 69 200 0 0
 7934 127582.000 188658.000 0 0 38.000 54.000 2052.000 45.299 0 1 124 200 0 0
 7935 169795.000 160352.000 0 0 52.000 52.000 2704.000 52.000 0 1 69 200 0 0
 7936 53308.000 180175.000 0 0 0.000 0.000 0.000 200000.000 0 1 0 200 0 0
 7937 153957.000 174599.000 0 0 48.000 56.000 2688.000 51.845 0 1 69 200 0 0
 7938 45665.000 175070.000 0 0 0.000 0.000 0.000 0.345 0 1 0 0 0 0
 7939 44216.000 174040.000 0 0 0.000 0.000 0.000 0.219 0 1 0 0 0 0
 7940 37290.000 168261.000 0 0 0.000 0.000 0.000 0.251 0 1 0 0 0 0
 7941 166156.000 34409.000 0 0 0.000 0.000 0.000 0.254 0 1 0 0 0 0
 7942 181732.000 55260.000 0 0 0.000 0.000 0.000 200000.000 0 1 0 200 0 0
 7943 186226.000 64902.000 0 0 0.000 0.000 0.000 0.434 0 1 0 0 0 0
 7944 190752.000 78754.000 0 0 0.000 0.000 0.000 0.278 0 1 0 0 0 0
 7945 192483.000 113640.000 0 0 0.000 0.000 0.000 200000.000 0 1 0 200 0 0
 7946 191463.000 117712.000 0 0 0.000 0.000 0.000 0.263 0 1 0 0 0 0
 7947 189716.000 77397.000 0 0 0.000 0.000 0.000 200000.000 0 1 0 200 0 0
 7948 185291.000 137627.000 0 0 54.000 42.000 2268.000 47.623 0 1 44 200 0 0
 7949 185321.000 137699.000 0 0 54.000 42.000 2268.000 47.623 0 1 44 200 0 0
 7950 182792.000 142868.000 0 0 56.000 44.000 2464.000 49.638 0 1 54 200 0 0
 7951 180925.000 146163.000 0 0 54.000 46.000 2484.000 49.839 0 1 60 200 0 0
 7952 169961.000 161533.000 0 0 52.000 52.000 2704.000 52.000 0 1 69 200 0 0
 7953 167916.000 163829.000 0 0 54.000 52.000 2808.000 52.990 0 1 69 200 0 0
 7954 167662.000 164006.000 0 0 54.000 52.000 2808.000 52.990 0 1 69 200 0 0
 7955 167527.000 164112.000 0 0 54.000 52.000 2808.000 52.990 0 1 69 200 0 0
 7956 167438.000 164247.000 0 0 54.000 52.000 2808.000 52.990 0 1 69 200 0 0
 7957 166401.000 165386.000 0 0 52.000 52.000 2704.000 52.000 0 1 69 200 0 0
 7958 165740.000 165899.000 0 0 52.000 52.000 2704.000 52.000 0 1 69 200 0 0
 7959 165137.000 166494.000 0 0 52.000 52.000 2704.000 52.000 0 1 69 200 0 0
 7960 164408.000 167227.000 0 0 52.000 54.000 2808.000 52.990 0 1 69 200 0 0
 7961 163762.000 167926.000 0 0 52.000 54.000 2808.000 52.990 0 1 69 200 0 0
 7962 162674.000 168786.000 0 0 50.000 54.000 2700.000 51.961 0 1 69 200 0 0
 7963 162434.000 168886.000 0 0 50.000 54.000 2700.000 51.961 0 1 69 200 0 0
 7964 161380.000 170021.000 0 0 52.000 52.000 2704.000 52.000 0 1 69 200 0 0
 7965 160166.000 171036.000 0 0 52.000 54.000 2808.000 52.990 0 1 69 200 0 0
 7966 159613.000 171500.000 0 0 52.000 54.000 2808.000 52.990 0 1 69 200 0 0
 7967 158485.000 172352.000 0 0 50.000 54.000 2700.000 51.961 0 1 69 200 0 0
 7968 158421.000 172331.000 0 0 50.000 54.000 2700.000 51.961 0 1 69 200 0 0
 7969 157838.000 172792.000 0 0 50.000 54.000 2700.000 51.961 0 1 69 200 0 0
 7970 156070.000 174323.000 0 0 50.000 54.000 2700.000 51.961 0 1 69 200 0 0
 7971 155800.000 174447.000 0 0 48.000 55.000 2640.000 51.380 0 1 69 200 0 0
 7972 155603.000 174644.000 0 0 48.000 56.000 2688.000 51.845 0 1 69 200 0 0
 7973 155535.000 174688.000 0 0 48.000 56.000 2688.000 51.845 0 1 69 200 0 0
 7974 151956.000 177186.000 0 0 46.000 54.000 2484.000 49.839 0 1 69 200 0 0
 7975 150853.000 177893.000 0 0 48.000 54.000 2592.000 50.911 0 1 69 200 0 0
 7976 150697.000 178144.000 0 0 48.000 54.000 2592.000 50.911 0 1 69 200 0 0
 7977 149740.000 178491.000 0 0 48.000 56.000 2688.000 51.845 0 1 69 200 0 0
 7978 149704.000 178611.000 0 0 48.000 56.000 2688.000 51.845 0 1 69 200 0 0
 7979 149668.000 178795.000 0 0 48.000 56.000 2688.000 51.845 0 1 69 200 0 0
 7980 147638.000 179843.000 0 0 46.000 56.000 2576.000 50.754 0 1 69 200 0 0
 7981 147355.000 180065.000 0 0 46.000 56.000 2576.000 50.754 0 1 69 200 0 0
 7982 147273.000 180259.000 0 0 46.000 56.000 2576.000 50.754 0 1 69 200 0 0
 7983 146893.000 180254.000 0 0 46.000 56.000 2576.000 50.754 0 1 69 200 0 0
 7984 146426.000 180666.000 0 0 46.000 54.000 2484.000 49.839 0 1 69 200 0 0
 7985 146288.000 180657.000 0 0 46.000 54.000 2484.000 49.839 0 1 69 200 0 0
 7986 143753.000 182031.000 0 0 44.000 56.000 2464.000 49.638 0 1 69 200 0 0
 7987 140820.000 183516.000 0 0 42.000 56.000 2352.000 48.497 0 1 69 200 0 0
 7988 140794.000 183596.000 0 0 42.000 56.000 2352.000 48.497 0 1 69 200 0 0
 7989 139726.000 184028.000 0 0 42.000 56.000 2352.000 48.497 0 1 69 200 0 0
 7990 139653.000 184133.000 0 0 42.000 56.000 2352.000 48.497 0 1 69 200 0 0
 7991 139540.000 184220.000 0 0 42.000 56.000 2352.000 48.497 0 1 69 200 0 0
 7992 137473.000 185123.000 0 0 42.000 54.000 2268.000 47.623 0 1 69 200 0 0
 7993 136477.000 185513.000 0 0 42.000 54.000 2268.000 47.623 0 1 69 200 0 0
 7994 134990.000 186092.000 0 0 42.000 56.000 2352.000 48.497 0 1 69 200 0 0
 7995 134703.000 186321.000 0 0 42.000 56.000 2352.000 48.497 0 1 69 200 0 0
 7996 133863.000 186596.000 0 0 42.000 56.000 2352.000 48.497 0 1 69 200 0 0
 7997 132392.000 187118.000 0 0 40.000 56.000 2240.000 47.328 0 1 69 200 0 0
 7998 131771.000 187393.000 0 0 40.000 56.000 2240.000 47.328 0 1 69 200 0 0
 7999 128932.000 188447.000 0 0 38.000 54.000 2052.000 45.299 0 1 124 200 0 0
 8000 128058.000 188584.000 0 0 38.000 54.000 2052.000 45.299 0 1 124 200 0 0
 8001 33219.000 164611.000 0 0 0.000 0.000 0.000 200000.000 0 1 0 200 0 0
 8002 123758.000 189929.000 0 0 0.000 0.000 0.000 0.203 0 1 0 0 0 0
 8003 53555.000 180343.000 0 0 0.000 0.000 0.000 200000.000 0 1 0 200 0 0
 8004 33361.000 164543.000 0 0 0.000 0.000 0.000 200000.000 0 1 0 200 0 0
 8005 192074.000 83726.000 0 0 0.000 0.000 0.000 200000.000 0 1 0 200 0 0
 8006 18240.000 55642.000 0 0 0.000 0.000 0.000 200000.000 0 1 0 200 0 0
 8007 190857.000 121965.000 0 0 0.000 0.000 0.000 200000.000 0 1 0 200 0 0
 8008 132532.000 12462.000 0 0 0.000 0.000 0.000 200000.000 0 1 0 200 0 0
 8009 191913.000 83696.000 0 0 0.000 0.000 0.000 200000.000 0 1 0 200 0 0
 8010 173759.000 156711.000 0 0 54.000 50.000 2700.000 51.961 0 1 69 200 0 0
 8011 182188.000 144389.000 0 0 0.000 0.000 0.000 0.227 0 1 0 0 0 0
 8012 180379.000 147269.000 0 0 56.000 46.000 2576.000 50.754 0 1 60 200 0 0
 8013 180002.000 147954.000 0 0 56.000 46.000 2576.000 50.754 0 1 60 200 0 0
 8014 179905.000 148197.000 0 0 56.000 46.000 2576.000 50.754 0 1 60 200 0 0
 8015 178665.000 150240.000 0 0 56.000 48.000 2688.000 51.845 0 1 69 200 0 0
 8016 175115.000 155205.000 0 0 56.000 48.000 2688.000 51.845 0 1 69 200 0 0
 8017 173864.000 156996.000 0 0 54.000 50.000 2700.000 51.961 0 1 69 200 0 0
 8018 172918.000 158188.000 0 0 54.000 50.000 2700.000 51.961 0 1 69 200 0 0
 8019 171574.000 159876.000 0 0 54.000 52.000 2808.000 52.990 0 1 69 200 0 0
 8020 171478.000 159848.000 0 0 54.000 52.000 2808.000 52.990 0 1 69 200 0 0
 8021 171411.000 159990.000 0 0 54.000 52.000 2808.000 52.990 0 1 69 200 0 0
 8022 171335.000 160002.000 0 0 54.000 52.000 2808.000 52.990 0 1 69 200 0 0
 8023 169381.000 162285.000 0 0 54.000 50.000 2700.000 51.961 0 1 69 200 0 0
 8024 168567.000 163306.000 0 0 54.000 50.000 2700.000 51.961 0 1 69 200 0 0
 8025 166770.000 165210.000 0 0 52.000 52.000 2704.000 52.000 0 1 69 200 0 0
 8026 166385.000 165585.000 0 0 52.000 52.000 2704.000 52.000 0 1 69 200 0 0
 8027 165357.000 166464.000 0 0 52.000 52.000 2704.000 52.000 0 1 69 200 0 0
 8028 164500.000 167375.000 0 0 52.000 54.000 2808.000 52.990 0 1 69 200 0 0
 8029 164091.000 167854.000 0 0 52.000 54.000 2808.000 52.990 0 1 69 200 0 0
 8030 162898.000 168793.000 0 0 50.000 54.000 2700.000 51.961 0 1 69 200 0 0
 8031 162222.000 169403.000 0 0 50.000 54.000 2700.000 51.961 0 1 69 200 0 0
 8032 161460.000 170194.000 0 0 52.000 52.000 2704.000 52.000 0 1 69 200 0 0
 8033 161337.000 170175.000 0 0 52.000 52.000 2704.000 52.000 0 1 69 200 0 0
 8034 160652.000 170796.000 0 0 52.000 52.000 2704.000 52.000 0 1 69 200 0 0
 8035 160053.000 171185.000 0 0 52.000 54.000 2808.000 52.990 0 1 69 200 0 0
 8036 158607.000 172477.000 0 0 50.000 54.000 2700.000 51.961 0 1 69 200 0 0
 8037 157966.000 173092.000 0 0 50.000 54.000 2700.000 51.961 0 1 69 200 0 0
 8038 156769.000 173938.000 0 0 50.000 54.000 2700.000 51.961 0 1 69 200 0 0
 8039 156640.000 174004.000 0 0 50.000 54.000 2700.000 51.961 0 1 69 200 0 0
 8040 156079.000 174716.000 0 0 50.000 54.000 2700.000 51.961 0 1 69 200 0 0
 8041 154914.000 175176.000 0 0 48.000 56.000 2688.000 51.845 0 1 69 200 0 0
 8042 154613.000 175550.000 0 0 48.000 56.000 2688.000 51.845 0 1 69 200 0 0
 8043 154560.000 175639.000 0 0 48.000 56.000 2688.000 51.845 0 1 69 200 0 0
 8044 154284.000 175882.000 0 0 48.000 54.000 2592.000 50.911 0 1 69 200 0 0
 8045 153802.000 175981.000 0 0 48.000 54.000 2592.000 50.911 0 1 69 200 0 0
 8046 153596.000 176223.000 0 0 48.000 54.000 2592.000 50.911 0 1 69 200 0 0
 8047 152971.000 176678.000 0 0 48.000 54.000 2592.000 50.911 0 1 69 200 0 0
 8048 152879.000 176884.000 0 0 48.000 54.000 2592.000 50.911 0 1 69 200 0 0
 8049 152217.000 177333.000 0 0 46.000 54.000 2484.000 49.839 0 1 69 200 0 0
 8050 151879.000 177463.000 0 0 46.000 54.000 2484.000 49.839 0 1 69 200 0 0
 8051 151767.000 177529.000 0 0 46.000 54.000 2484.000 49.839 0 1 69 200 0 0
 8052 151737.000 177644.000 0 0 46.000 54.000 2484.000 49.839 0 1 69 200 0 0
 8053 151147.000 177910.000 0 0 48.000 54.000 2592.000 50.911 0 1 69 200 0 0
 8054 149738.000 178833.000 0 0 48.000 56.000 2688.000 51.845 0 1 69 200 0 0
 8055 149603.000 178851.000 0 0 48.000 56.000 2688.000 51.845 0 1 69 200 0 0
 8056 148589.000 179434.000 0 0 48.000 56.000 2688.000 51.845 0 1 69 200 0 0
 8057 148317.000 179623.000 0 0 46.000 56.000 2576.000 50.754 0 1 69 200 0 0
 8058 148322.000 179829.000 0 0 46.000 56.000 2576.000 50.754 0 1 69 200 0 0
 8059 147066.000 180304.000 0 0 46.000 56.000 2576.000 50.754 0 1 69 200 0 0
 8060 146983.000 180506.000 0 0 46.000 56.000 2576.000 50.754 0 1 69 200 0 0
 8061 146856.000 180422.000 0 0 46.000 56.000 2576.000 50.754 0 1 69 200 0 0
 8062 146244.000 180861.000 0 0 46.000 54.000 2484.000 49.839 0 1 69 200 0 0
 8063 145986.000 181114.000 0 0 46.000 54.000 2484.000 49.839 0 1 69 200 0 0
 8064 145487.000 181410.000 0 0 46.000 54.000 2484.000 49.839 0 1 69 200 0 0
 8065 144541.000 181849.000 0 0 44.000 54.000 2376.000 48.744 0 1 69 200 0 0
 8066 143668.000 182261.000 0 0 44.000 56.000 2464.000 49.638 0 1 69 200 0 0
 8067 143408.000 182487.000 0 0 44.000 56.000 2464.000 49.638 0 1 69 200 0 0
 8068 142998.000 182793.000 0 0 44.000 56.000 2464.000 49.638 0 1 69 200 0 0
 8069 142220.000 183068.000 0 0 44.000 56.000 2464.000 49.638 0 1 69 200 0 0
 8070 142010.000 183158.000 0 0 44.000 56.000 2464.000 49.638 0 1 69 200 0 0
 8071 141915.000 183277.000 0 0 44.000 56.000 2464.000 49.638 0 1 69 200 0 0
 8072 141196.000 183686.000 0 0 44.000 56.000 2464.000 49.638 0 1 69 200 0 0
 8073 139258.000 184469.000 0 0 42.000 56.000 2352.000 48.497 0 1 69 200 0 0
 8074 139108.000 184443.000 0 0 42.000 56.000 2352.000 48.497 0 1 69 200 0 0
 8075 138860.000 184640.000 0 0 42.000 56.000 2352.000 48.497 0 1 69 200 0 0
 8076 135747.000 186103.000 0 0 42.000 56.000 2352.000 48.497 0 1 69 200 0 0
 8077 135267.000 186242.000 0 0 42.000 56.000 2352.000 48.497 0 1 69 200 0 0
 8078 134863.000 186482.000 0 0 42.000 56.000 2352.000 48.497 0 1 69 200 0 0
 8079 130421.000 187988.000 0 0 40.000 54.000 2160.000 46.475 0 1 69 200 0 0
 8080 129889.000 188313.000 0 0 40.000 54.000 2160.000 46.475 0 1 69 200 0 0
 8081 128869.000 188642.000 0 0 38.000 54.000 2052.000 45.299 0 1 124 200 0 0
 8082 19464.000 146665.000 0 0 0.000 0.000 0.000 200000.000 0 1 0 200 0 0
 8083 7329.000 90891.000 0 0 0.000 0.000 0.000 200000.000 0 1 0 200 0 0
 8084 17526.000 143147.000 0 0 0.000 0.000 0.000 200000.000 0 1 0 200 0 0
 8085 7451.000 90961.000 0 0 0.000 0.000 0.000 200000.000 0 1 0 200 0 0
 8086 192372.000 115425.000 0 0 0.000 0.000 0.000 200000.000 0 1 0 200 0 0
 8087 47725.000 22712.000 0 0 0.000 0.000 0.000 200000.000 0 1 0 200 0 0
 8088 192214.000 115344.000 0 0 0.000 0.000 0.000 200000.000 0 1 0 200 0 0
 8089 171627.000 159816.000 0 0 54.000 52.000 2808.000 52.990 0 1 69 200 0 0
 8090 189764.000 126189.000 0 0 0.000 0.000 0.000 0.261 0 1 0 0 0 0
 8091 185156.000 138511.000 0 0 54.000 42.000 2268.000 47.623 0 1 44 200 0 0
 8092 182617.000 143624.000 0 0 56.000 44.000 2464.000 49.638 0 1 54 200 0 0
 8093 179354.000 149396.000 0 0 56.000 48.000 2688.000 51.845 0 1 69 200 0 0
 8094 179084.000 149893.000 0 0 56.000 48.000 2688.000 51.845 0 1 69 200 0 0
 8095 178971.000 149953.000 0 0 56.000 48.000 2688.000 51.845 0 1 69 200 0 0
 8096 178150.000 151292.000 0 0 54.000 48.000 2592.000 50.911 0 1 69 200 0 0
 8097 177859.000 151937.000 0 0 54.000 46.000 2484.000 49.839 0 1 69 200 0 0
 8098 177524.000 152111.000 0 0 54.000 46.000 2484.000 49.839 0 1 69 200 0 0
 8099 175417.000 155245.000 0 0 56.000 48.000 2688.000 51.845 0 1 69 200 0 0
 8100 174467.000 156416.000 0 0 54.000 50.000 2700.000 51.961 0 1 69 200 0 0
 8101 173233.000 157955.000 0 0 54.000 50.000 2700.000 51.961 0 1 69 200 0 0
 8102 172381.000 159222.000 0 0 54.000 50.000 2700.000 51.961 0 1 69 200 0 0
 8103 172340.000 159292.000 0 0 54.000 50.000 2700.000 51.961 0 1 69 200 0 0
 8104 171997.000 159555.000 0 0 54.000 50.000 2700.000 51.961 0 1 69 200 0 0
 8105 171881.000 159906.000 0 0 54.000 52.000 2808.000 52.990 0 1 69 200 0 0
 8106 170175.000 161650.000 0 0 52.000 52.000 2704.000 52.000 0 1 69 200 0 0
 8107 168378.000 163620.000 0 0 54.000 52.000 2808.000 52.990 0 1 69 200 0 0
 8108 168405.000 163785.000 0 0 54.000 52.000 2808.000 52.990 0 1 69 200 0 0
 8109 168187.000 163844.000 0 0 54.000 52.000 2808.000 52.990 0 1 69 200 0 0
 8110 168120.000 163842.000 0 0 54.000 52.000 2808.000 52.990 0 1 69 200 0 0
 8111 167281.000 164940.000 0 0 52.000 52.000 2704.000 52.000 0 1 69 200 0 0
 8112 166513.000 165566.000 0 0 52.000 52.000 2704.000 52.000 0 1 69 200 0 0
 8113 165820.000 166252.000 0 0 52.000 52.000 2704.000 52.000 0 1 69 200 0 0
 8114 165284.000 166785.000 0 0 52.000 52.000 2704.000 52.000 0 1 69 200 0 0
 8115 163820.000 168140.000 0 0 52.000 54.000 2808.000 52.990 0 1 69 200 0 0
 8116 162700.000 169240.000 0 0 50.000 54.000 2700.000 51.961 0 1 69 200 0 0
 8117 161534.000 170326.000 0 0 52.000 52.000 2704.000 52.000 0 1 69 200 0 0
 8118 160869.000 170754.000 0 0 52.000 52.000 2704.000 52.000 0 1 69 200 0 0
 8119 160773.000 171055.000 0 0 52.000 52.000 2704.000 52.000 0 1 69 200 0 0
 8120 160102.000 171649.000 0 0 52.000 54.000 2808.000 52.990 0 1 69 200 0 0
 8121 159551.000 171951.000 0 0 50.000 54.000 2700.000 51.961 0 1 69 200 0 0
 8122 158798.000 172593.000 0 0 50.000 54.000 2700.000 51.961 0 1 69 200 0 0
 8123 158421.000 172781.000 0 0 50.000 54.000 2700.000 51.961 0 1 69 200 0 0
 8124 157750.000 173344.000 0 0 50.000 54.000 2700.000 51.961 0 1 69 200 0 0
 8125 157541.000 173593.000 0 0 50.000 54.000 2700.000 51.961 0 1 69 200 0 0
 8126 157356.000 173838.000 0 0 50.000 54.000 2700.000 51.961 0 1 69 200 0 0
 8127 156534.000 174458.000 0 0 50.000 54.000 2700.000 51.961 0 1 69 200 0 0
 8128 153613.000 176396.000 0 0 48.000 54.000 2592.000 50.911 0 1 69 200 0 0
 8129 153427.000 176678.000 0 0 48.000 54.000 2592.000 50.911 0 1 69 200 0 0
 8130 152784.000 176974.000 0 0 48.000 54.000 2592.000 50.911 0 1 69 200 0 0
 8131 152417.000 177326.000 0 0 48.000 54.000 2592.000 50.911 0 1 69 200 0 0
 8132 151419.000 178089.000 0 0 48.000 54.000 2592.000 50.911 0 1 69 200 0 0
 8133 150917.000 178220.000 0 0 48.000 54.000 2592.000 50.911 0 1 69 200 0 0
 8134 150672.000 178476.000 0 0 48.000 55.000 2640.000 51.380 0 1 69 200 0 0
 8135 150432.000 178567.000 0 0 48.000 56.000 2688.000 51.845 0 1 69 200 0 0
 8136 150242.000 178617.000 0 0 48.000 56.000 2688.000 51.845 0 1 69 200 0 0
 8137 150214.000 178706.000 0 0 48.000 56.000 2688.000 51.845 0 1 69 200 0 0
 8138 150037.000 178812.000 0 0 48.000 56.000 2688.000 51.845 0 1 69 200 0 0
 8139 149231.000 179345.000 0 0 48.000 56.000 2688.000 51.845 0 1 69 200 0 0
 8140 149150.000 179434.000 0 0 48.000 56.000 2688.000 51.845 0 1 69 200 0 0
 8141 148741.000 179572.000 0 0 48.000 56.000 2688.000 51.845 0 1 69 200 0 0
 8142 148171.000 179943.000 0 0 46.000 56.000 2576.000 50.754 0 1 69 200 0 0
 8143 148099.000 180147.000 0 0 46.000 56.000 2576.000 50.754 0 1 69 200 0 0
 8144 147882.000 180086.000 0 0 46.000 56.000 2576.000 50.754 0 1 69 200 0 0
 8145 147696.000 180238.000 0 0 46.000 56.000 2576.000 50.754 0 1 69 200 0 0
 8146 146236.000 181264.000 0 0 46.000 54.000 2484.000 49.839 0 1 69 200 0 0
 8147 145437.000 181515.000 0 0 46.000 54.000 2484.000 49.839 0 1 69 200 0 0
 8148 145138.000 181834.000 0 0 46.000 54.000 2484.000 49.839 0 1 69 200 0 0
 8149 144834.000 181913.000 0 0 46.000 54.000 2484.000 49.839 0 1 69 200 0 0
 8150 143945.000 182277.000 0 0 44.000 56.000 2464.000 49.638 0 1 69 200 0 0
 8151 143891.000 182386.000 0 0 44.000 56.000 2464.000 49.638 0 1 69 200 0 0
 8152 143203.000 182694.000 0 0 44.000 56.000 2464.000 49.638 0 1 69 200 0 0
 8153 141781.000 183589.000 0 0 44.000 56.000 2464.000 49.638 0 1 69 200 0 0
 8154 141115.000 183735.000 0 0 44.000 56.000 2464.000 49.638 0 1 69 200 0 0
 8155 140063.000 184427.000 0 0 42.000 56.000 2352.000 48.497 0 1 69 200 0 0
 8156 139908.000 184371.000 0 0 42.000 56.000 2352.000 48.497 0 1 69 200 0 0
 8157 139431.000 184599.000 0 0 42.000 56.000 2352.000 48.497 0 1 69 200 0 0
 8158 138926.000 184925.000 0 0 42.000 56.000 2352.000 48.497 0 1 69 200 0 0
 8159 137531.000 185387.000 0 0 42.000 54.000 2268.000 47.623 0 1 69 200 0 0
 8160 136739.000 185949.000 0 0 42.000 54.000 2268.000 47.623 0 1 69 200 0 0
 8161 135107.000 186439.000 0 0 42.000 56.000 2352.000 48.497 0 1 69 200 0 0
 8162 134228.000 186860.000 0 0 42.000 56.000 2352.000 48.497 0 1 69 200 0 0
 8163 133886.000 186906.000 0 0 42.000 56.000 2352.000 48.497 0 1 69 200 0 0
 8164 132980.000 187405.000 0 0 40.000 56.000 2240.000 47.328 0 1 69 200 0 0
 8165 132777.000 187452.000 0 0 40.000 56.000 2240.000 47.328 0 1 69 200 0 0
 8166 131857.000 187722.000 0 0 40.000 56.000 2240.000 47.328 0 1 69 200 0 0
 8167 129244.000 188627.000 0 0 38.000 54.000 2052.000 45.299 0 1 69 200 0 0
 8168 128259.000 188896.000 0 0 38.000 54.000 2052.000 45.299 0 1 124 200 0 0
 8169 49473.000 178251.000 0 0 0.000 0.000 0.000 0.358 0 1 0 0 0 0
 8170 129611.000 188638.000 0 0 38.000 54.000 2052.000 45.299 0 1 69 200 0 0
 8171 43766.000 174206.000 0 0 0.000 0.000 0.000 0.209 0 1 0 0 0 0
 8172 42118.000 172908.000 0 0 0.000 0.000 0.000 0.220 0 1 0 0 0 0
 8173 189277.000 128792.000 0 0 0.000 0.000 0.000 200000.000 0 1 0 200 0 0
 8174 180984.000 146929.000 0 0 56.000 46.000 2576.000 50.754 0 1 60 200 0 0
 8175 180901.000 147089.000 0 0 56.000 46.000 2576.000 50.754 0 1 60 200 0 0
 8176 179529.000 149453.000 0 0 56.000 48.000 2688.000 51.845 0 1 69 200 0 0
 8177 176995.000 153241.000 0 0 0.000 0.000 0.000 0.203 0 1 0 0 0 0
 8178 175006.000 156156.000 0 0 56.000 48.000 2688.000 51.845 0 1 69 200 0 0
 8179 174767.000 156291.000 0 0 54.000 50.000 2700.000 51.961 0 1 69 200 0 0
 8180 174491.000 156586.000 0 0 54.000 50.000 2700.000 51.961 0 1 69 200 0 0
 8181 174310.000 156927.000 0 0 54.000 50.000 2700.000 51.961 0 1 69 200 0 0
 8182 174197.000 156975.000 0 0 54.000 50.000 2700.000 51.961 0 1 69 200 0 0
 8183 174063.000 157366.000 0 0 54.000 50.000 2700.000 51.961 0 1 69 200 0 0
 8184 173806.000 157769.000 0 0 54.000 50.000 2700.000 51.961 0 1 69 200 0 0
 8185 172323.000 159389.000 0 0 54.000 50.000 2700.000 51.961 0 1 69 200 0 0
 8186 172228.000 159676.000 0 0 54.000 50.000 2700.000 51.961 0 1 69 200 0 0
 8187 168640.000 163648.000 0 0 54.000 50.000 2700.000 51.961 0 1 69 200 0 0
 8188 166722.000 165565.000 0 0 52.000 52.000 2704.000 52.000 0 1 69 200 0 0
 8189 166380.000 165970.000 0 0 52.000 52.000 2704.000 52.000 0 1 69 200 0 0
 8190 166198.000 166062.000 0 0 52.000 52.000 2704.000 52.000 0 1 69 200 0 0
 8191 165905.000 166580.000 0 0 52.000 52.000 2704.000 52.000 0 1 69 200 0 0
 8192 165062.000 167263.000 0 0 52.000 52.000 2704.000 52.000 0 1 69 200 0 0
 8193 164764.000 167575.000 0 0 52.000 54.000 2808.000 52.990 0 1 69 200 0 0
 8194 161807.000 170305.000 0 0 52.000 52.000 2704.000 52.000 0 1 69 200 0 0
 8195 161721.000 170336.000 0 0 52.000 52.000 2704.000 52.000 0 1 69 200 0 0
 8196 161635.000 170340.000 0 0 52.000 52.000 2704.000 52.000 0 1 69 200 0 0
 8197 161320.000 170682.000 0 0 52.000 52.000 2704.000 52.000 0 1 69 200 0 0
 8198 160724.000 171121.000 0 0 52.000 54.000 2808.000 52.990 0 1 69 200 0 0
 8199 160552.000 171320.000 0 0 52.000 54.000 2808.000 52.990 0 1 69 200 0 0
 8200 160473.000 171381.000 0 0 52.000 54.000 2808.000 52.990 0 1 69 200 0 0
 8201 159279.000 172410.000 0 0 50.000 54.000 2700.000 51.961 0 1 69 200 0 0
 8202 159061.000 172533.000 0 0 50.000 54.000 2700.000 51.961 0 1 69 200 0 0
 8203 158968.000 172711.000 0 0 50.000 54.000 2700.000 51.961 0 1 69 200 0 0
 8204 158550.000 172841.000 0 0 50.000 54.000 2700.000 51.961 0 1 69 200 0 0
 8205 158221.000 173269.000 0 0 50.000 54.000 2700.000 51.961 0 1 69 200 0 0
 8206 157695.000 173652.000 0 0 50.000 54.000 2700.000 51.961 0 1 69 200 0 0
 8207 156980.000 174273.000 0 0 50.000 54.000 2700.000 51.961 0 1 69 200 0 0
 8208 156091.000 174875.000 0 0 48.000 56.000 2688.000 51.845 0 1 69 200 0 0
 8209 155717.000 175121.000 0 0 48.000 56.000 2688.000 51.845 0 1 69 200 0 0
 8210 155498.000 175263.000 0 0 48.000 56.000 2688.000 51.845 0 1 69 200 0 0
 8211 154216.000 176172.000 0 0 48.000 54.000 2592.000 50.911 0 1 69 200 0 0
 8212 154185.000 176285.000 0 0 48.000 54.000 2592.000 50.911 0 1 69 200 0 0
 8213 153708.000 176587.000 0 0 48.000 54.000 2592.000 50.911 0 1 69 200 0 0
 8214 153331.000 176878.000 0 0 48.000 54.000 2592.000 50.911 0 1 69 200 0 0
 8215 152196.000 177656.000 0 0 46.000 54.000 2484.000 49.839 0 1 69 200 0 0
 8216 151522.000 178100.000 0 0 48.000 54.000 2592.000 50.911 0 1 69 200 0 0
 8217 150937.000 178441.000 0 0 48.000 54.000 2592.000 50.911 0 1 69 200 0 0
 8218 150519.000 178587.000 0 0 48.000 56.000 2688.000 51.845 0 1 69 200 0 0
 8219 149636.000 179276.000 0 0 48.000 56.000 2688.000 51.845 0 1 69 200 0 0
 8220 149541.000 179336.000 0 0 48.000 56.000 2688.000 51.845 0 1 69 200 0 0
 8221 148938.000 179775.000 0 0 48.000 56.000 2688.000 51.845 0 1 69 200 0 0
 8222 148739.000 179699.000 0 0 48.000 56.000 2688.000 51.845 0 1 69 200 0 0
 8223 147606.000 180633.000 0 0 46.000 56.000 2576.000 50.754 0 1 69 200 0 0
 8224 147256.000 180638.000 0 0 46.000 56.000 2576.000 50.754 0 1 69 200 0 0
 8225 146758.000 180958.000 0 0 46.000 56.000 2576.000 50.754 0 1 69 200 0 0
 8226 146582.000 181075.000 0 0 46.000 54.000 2484.000 49.839 0 1 69 200 0 0
 8227 145962.000 181388.000 0 0 46.000 54.000 2484.000 49.839 0 1 69 200 0 0
 8228 145423.000 181627.000 0 0 46.000 54.000 2484.000 49.839 0 1 69 200 0 0
 8229 145041.000 182001.000 0 0 46.000 54.000 2484.000 49.839 0 1 69 200 0 0
 8230 144955.000 181965.000 0 0 46.000 54.000 2484.000 49.839 0 1 69 200 0 0
 8231 144224.000 182374.000 0 0 44.000 56.000 2464.000 49.638 0 1 69 200 0 0
 8232 143575.000 182738.000 0 0 44.000 56.000 2464.000 49.638 0 1 69 200 0 0
 8233 143219.000 183065.000 0 0 44.000 56.000 2464.000 49.638 0 1 69 200 0 0
 8234 142541.000 183235.000 0 0 44.000 56.000 2464.000 49.638 0 1 69 200 0 0
 8235 142008.000 183611.000 0 0 44.000 56.000 2464.000 49.638 0 1 69 200 0 0
 8236 141172.000 183954.000 0 0 44.000 56.000 2464.000 49.638 0 1 69 200 0 0
 8237 140301.000 184470.000 0 0 42.000 56.000 2352.000 48.497 0 1 69 200 0 0
 8238 139745.000 184636.000 0 0 42.000 56.000 2352.000 48.497 0 1 69 200 0 0
 8239 139650.000 184560.000 0 0 42.000 56.000 2352.000 48.497 0 1 69 200 0 0
 8240 138301.000 185305.000 0 0 42.000 54.000 2268.000 47.623 0 1 69 200 0 0
 8241 138052.000 185404.000 0 0 42.000 54.000 2268.000 47.623 0 1 69 200 0 0
 8242 136790.000 185930.000 0 0 42.000 54.000 2268.000 47.623 0 1 69 200 0 0
 8243 136291.000 186178.000 0 0 42.000 56.000 2352.000 48.497 0 1 69 200 0 0
 8244 135356.000 186591.000 0 0 42.000 56.000 2352.000 48.497 0 1 69 200 0 0
 8245 132647.000 187718.000 0 0 40.000 56.000 2240.000 47.328 0 1 69 200 0 0
 8246 125760.000 189913.000 0 0 0.000 0.000 0.000 0.330 0 1 0 0 0 0
 8247 125595.000 189938.000 0 0 0.000 0.000 0.000 0.208 0 1 0 0 0 0
 8248 70522.000 188543.000 0 0 0.000 0.000 0.000 200000.000 0 1 0 200 0 0
 8249 169451.000 36936.000 0 0 0.000 0.000 0.000 200000.000 0 1 0 200 0 0
 8250 153329.000 22780.000 0 0 0.000 0.000 0.000 200000.000 0 1 0 200 0 0
 8251 146643.000 180449.000 0 0 46.000 56.000 2576.000 50.754 0 1 69 200 0 0
 8252 57689.000 182413.000 0 0 0.000 0.000 0.000 200000.000 0 1 0 200 0 0
 8253 176330.000 45388.000 0 0 0.000 0.000 0.000 0.220 0 1 0 0 0 0
 8254 193766.000 94642.000 0 0 0.000 0.000 0.000 0.490 0 1 0 0 0 0
 8255 170044.000 38579.000 0 0 0.000 0.000 0.000 200000.000 0 1 0 200 0 0
 8256 189271.000 128728.000 0 0 0.000 0.000 0.000 200000.000 0 1 0 200 0 0
 8257 187127.000 134645.000 0 0 0.000 0.000 0.000 0.444 0 1 0 0 0 0
 8258 184585.000 140718.000 0 0 56.000 42.000 2352.000 48.497 0 1 44 200 0 0
 8259 183074.000 143683.000 0 0 56.000 44.000 2464.000 49.638 0 1 54 200 0 0
 8260 180350.000 148289.000 0 0 56.000 46.000 2576.000 50.754 0 1 60 200 0 0
 8261 172765.000 159177.000 0 0 54.000 50.000 2700.000 51.961 0 1 69 200 0 0
 8262 172171.000 159915.000 0 0 54.000 50.000 2700.000 51.961 0 1 69 200 0 0
 8263 171746.000 160450.000 0 0 54.000 52.000 2808.000 52.990 0 1 69 200 0 0
 8264 188885.000 127994.000 0 0 0.000 0.000 0.000 200000.000 0 1 0 200 0 0
 8265 171132.000 161054.000 0 0 52.000 52.000 2704.000 52.000 0 1 69 200 0 0
 8266 169708.000 162621.000 0 0 54.000 50.000 2700.000 51.961 0 1 69 200 0 0
 8267 169120.000 163813.000 0 0 54.000 50.000 2700.000 51.961 0 1 69 200 0 0
 8268 168574.000 164110.000 0 0 54.000 52.000 2808.000 52.990 0 1 69 200 0 0
 8269 166179.000 166333.000 0 0 52.000 52.000 2704.000 52.000 0 1 69 200 0 0
 8270 165999.000 166606.000 0 0 52.000 52.000 2704.000 52.000 0 1 69 200 0 0
 8271 164649.000 168046.000 0 0 52.000 54.000 2808.000 52.990 0 1 69 200 0 0
 8272 164485.000 168207.000 0 0 52.000 54.000 2808.000 52.990 0 1 69 200 0 0
 8273 163314.000 169097.000 0 0 50.000 54.000 2700.000 51.961 0 1 69 200 0 0
 8274 163069.000 169362.000 0 0 50.000 54.000 2700.000 51.961 0 1 69 200 0 0
 8275 162436.000 170076.000 0 0 50.000 52.000 2600.000 50.990 0 1 69 200 0 0
 8276 161588.000 170737.000 0 0 52.000 52.000 2704.000 52.000 0 1 69 200 0 0
 8277 161080.000 171256.000 0 0 52.000 52.000 2704.000 52.000 0 1 69 200 0 0
 8278 160517.000 171719.000 0 0 52.000 54.000 2808.000 52.990 0 1 69 200 0 0
 8279 160325.000 171671.000 0 0 52.000 54.000 2808.000 52.990 0 1 69 200 0 0
 8280 159969.000 172078.000 0 0 50.000 54.000 2700.000 51.961 0 1 69 200 0 0
 8281 159658.000 172393.000 0 0 50.000 54.000 2700.000 51.961 0 1 69 200 0 0
 8282 159387.000 172701.000 0 0 50.000 54.000 2700.000 51.961 0 1 69 200 0 0
 8283 158701.000 173082.000 0 0 50.000 54.000 2700.000 51.961 0 1 69 200 0 0
 8284 158531.000 173191.000 0 0 50.000 54.000 2700.000 51.961 0 1 69 200 0 0
 8285 157596.000 174014.000 0 0 50.000 54.000 2700.000 51.961 0 1 69 200 0 0
 8286 156564.000 174616.000 0 0 50.000 54.000 2700.000 51.961 0 1 69 200 0 0
 8287 156340.000 174855.000 0 0 50.000 54.000 2700.000 51.961 0 1 69 200 0 0
 8288 155994.000 175059.000 0 0 48.000 56.000 2688.000 51.845 0 1 69 200 0 0
 8289 154767.000 176189.000 0 0 48.000 56.000 2688.000 51.845 0 1 69 200 0 0
 8290 153295.000 177095.000 0 0 48.000 54.000 2592.000 50.911 0 1 69 200 0 0
 8291 153235.000 177086.000 0 0 48.000 54.000 2592.000 50.911 0 1 69 200 0 0
 8292 152722.000 177418.000 0 0 48.000 54.000 2592.000 50.911 0 1 69 200 0 0
 8293 152659.000 177879.000 0 0 48.000 54.000 2592.000 50.911 0 1 69 200 0 0
 8294 152050.000 178060.000 0 0 46.000 54.000 2484.000 49.839 0 1 69 200 0 0
 8295 151178.000 178509.000 0 0 48.000 54.000 2592.000 50.911 0 1 69 200 0 0
 8296 150974.000 178772.000 0 0 48.000 54.000 2592.000 50.911 0 1 69 200 0 0
 8297 150646.000 178986.000 0 0 48.000 56.000 2688.000 51.845 0 1 69 200 0 0
 8298 149300.000 179584.000 0 0 48.000 56.000 2688.000 51.845 0 1 69 200 0 0
 8299 148869.000 179817.000 0 0 48.000 56.000 2688.000 51.845 0 1 69 200 0 0
 8300 148816.000 180095.000 0 0 48.000 56.000 2688.000 51.845 0 1 69 200 0 0
 8301 148120.000 180532.000 0 0 46.000 56.000 2576.000 50.754 0 1 69 200 0 0
 8302 147819.000 180650.000 0 0 46.000 56.000 2576.000 50.754 0 1 69 200 0 0
 8303 146847.000 181193.000 0 0 46.000 54.000 2484.000 49.839 0 1 69 200 0 0
 8304 145867.000 181660.000 0 0 46.000 54.000 2484.000 49.839 0 1 69 200 0 0
 8305 145663.000 181746.000 0 0 46.000 54.000 2484.000 49.839 0 1 69 200 0 0
 8306 144919.000 182199.000 0 0 44.000 54.000 2376.000 48.744 0 1 69 200 0 0
 8307 144705.000 182284.000 0 0 44.000 54.000 2376.000 48.744 0 1 69 200 0 0
 8308 144583.000 182417.000 0 0 44.000 54.000 2376.000 48.744 0 1 69 200 0 0
 8309 144415.000 182447.000 0 0 44.000 56.000 2464.000 49.638 0 1 69 200 0 0
 8310 143152.000 183091.000 0 0 44.000 56.000 2464.000 49.638 0 1 69 200 0 0
 8311 139916.000 184749.000 0 0 42.000 56.000 2352.000 48.497 0 1 69 200 0 0
 8312 138493.000 185461.000 0 0 42.000 54.000 2268.000 47.623 0 1 69 200 0 0
 8313 138439.000 185548.000 0 0 42.000 54.000 2268.000 47.623 0 1 69 200 0 0
 8314 138019.000 185765.000 0 0 42.000 54.000 2268.000 47.623 0 1 69 200 0 0
 8315 137372.000 185865.000 0 0 42.000 54.000 2268.000 47.623 0 1 69 200 0 0
 8316 137025.000 186071.000 0 0 42.000 54.000 2268.000 47.623 0 1 69 200 0 0
 8317 136700.000 186213.000 0 0 42.000 56.000 2352.000 48.497 0 1 69 200 0 0
 8318 135495.000 186779.000 0 0 42.000 56.000 2352.000 48.497 0 1 69 200 0 0
 8319 135122.000 187033.000 0 0 42.000 56.000 2352.000 48.497 0 1 69 200 0 0
 8320 134925.000 186842.000 0 0 42.000 56.000 2352.000 48.497 0 1 69 200 0 0
 8321 134649.000 187157.000 0 0 42.000 56.000 2352.000 48.497 0 1 69 200 0 0
 8322 133449.000 187519.000 0 0 40.000 56.000 2240.000 47.328 0 1 69 200 0 0
 8323 39816.000 171475.000 0 0 0.000 0.000 0.000 200000.000 0 1 0 200 0 0
 8324 16916.000 142968.000 0 0 0.000 0.000 0.000 0.230 0 1 0 0 0 0
 8325 15516.000 59507.000 0 0 0.000 0.000 0.000 200000.000 0 1 0 200 0 0
 8326 15586.000 59600.000 0 0 0.000 0.000 0.000 200000.000 0 1 0 200 0 0
 8327 189574.000 70906.000 0 0 0.000 0.000 0.000 200000.000 0 1 0 200 0 0
 8328 193082.000 113834.000 0 0 0.000 0.000 0.000 0.221 0 1 0 0 0 0
 8329 190421.000 126031.000 0 0 0.000 0.000 0.000 200000.000 0 1 0 200 0 0
 8330 185512.000 139182.000 0 0 54.000 42.000 2268.000 47.623 0 1 44 200 0 0
 8331 181111.000 147493.000 0 0 56.000 46.000 2576.000 50.754 0 1 60 200 0 0
 8332 179445.000 150243.000 0 0 56.000 48.000 2688.000 51.845 0 1 69 200 0 0
 8333 178489.000 151688.000 0 0 54.000 48.000 2592.000 50.911 0 1 69 200 0 0
 8334 177910.000 152594.000 0 0 54.000 46.000 2484.000 49.839 0 1 69 200 0 0
 8335 177782.000 152638.000 0 0 54.000 48.000 2592.000 50.911 0 1 69 200 0 0
 8336 176410.000 154624.000 0 0 0.000 0.000 0.000 200000.000 0 1 0 200 0 0
 8337 175811.000 155546.000 0 0 56.000 48.000 2688.000 51.845 0 1 69 200 0 0
 8338 172900.000 159247.000 0 0 54.000 50.000 2700.000 51.961 0 1 69 200 0 0
 8339 171592.000 160850.000 0 0 54.000 52.000 2808.000 52.990 0 1 69 200 0 0
 8340 171064.000 161499.000 0 0 52.000 52.000 2704.000 52.000 0 1 69 200 0 0
 8341 169428.000 163313.000 0 0 54.000 50.000 2700.000 51.961 0 1 69 200 0 0
 8342 166051.000 166851.000 0 0 52.000 52.000 2704.000 52.000 0 1 69 200 0 0
 8343 164374.000 168377.000 0 0 52.000 54.000 2808.000 52.990 0 1 69 200 0 0
 8344 164041.000 168660.000 0 0 52.000 54.000 2808.000 52.990 0 1 69 200 0 0
 8345 163722.000 168931.000 0 0 50.000 54.000 2700.000 51.961 0 1 69 200 0 0
 8346 163533.000 169223.000 0 0 50.000 54.000 2700.000 51.961 0 1 69 200 0 0
 8347 163043.000 169627.000 0 0 50.000 54.000 2700.000 51.961 0 1 69 200 0 0
 8348 162200.000 170433.000 0 0 50.000 52.000 2600.000 50.990 0 1 69 200 0 0
 8349 161801.000 170839.000 0 0 52.000 52.000 2704.000 52.000 0 1 69 200 0 0
 8350 161423.000 171138.000 0 0 52.000 52.000 2704.000 52.000 0 1 69 200 0 0
 8351 161205.000 171319.000 0 0 52.000 52.000 2704.000 52.000 0 1 69 200 0 0
 8352 160425.000 171846.000 0 0 52.000 54.000 2808.000 52.990 0 1 69 200 0 0
 8353 159896.000 172300.000 0 0 50.000 54.000 2700.000 51.961 0 1 69 200 0 0
 8354 159564.000 172633.000 0 0 50.000 54.000 2700.000 51.961 0 1 69 200 0 0
 8355 159155.000 172807.000 0 0 50.000 54.000 2700.000 51.961 0 1 69 200 0 0
 8356 159017.000 172986.000 0 0 50.000 54.000 2700.000 51.961 0 1 69 200 0 0
 8357 158174.000 173842.000 0 0 50.000 54.000 2700.000 51.961 0 1 69 200 0 0
 8358 157325.000 174370.000 0 0 50.000 54.000 2700.000 51.961 0 1 69 200 0 0
 8359 156760.000 174734.000 0 0 50.000 54.000 2700.000 51.961 0 1 69 200 0 0
 8360 156622.000 174826.000 0 0 50.000 54.000 2700.000 51.961 0 1 69 200 0 0
 8361 155874.000 175586.000 0 0 48.000 56.000 2688.000 51.845 0 1 69 200 0 0
 8362 155639.000 175767.000 0 0 48.000 56.000 2688.000 51.845 0 1 69 200 0 0
 8363 154939.000 176090.000 0 0 48.000 56.000 2688.000 51.845 0 1 69 200 0 0
 8364 154562.000 176281.000 0 0 48.000 54.000 2592.000 50.911 0 1 69 200 0 0
 8365 154499.000 176418.000 0 0 48.000 54.000 2592.000 50.911 0 1 69 200 0 0
 8366 153962.000 176772.000 0 0 48.000 54.000 2592.000 50.911 0 1 69 200 0 0
 8367 153761.000 177072.000 0 0 48.000 54.000 2592.000 50.911 0 1 69 200 0 0
 8368 153065.000 177363.000 0 0 48.000 54.000 2592.000 50.911 0 1 69 200 0 0
 8369 152443.000 177814.000 0 0 46.000 54.000 2484.000 49.839 0 1 69 200 0 0
 8370 152093.000 178257.000 0 0 46.000 54.000 2484.000 49.839 0 1 69 200 0 0
 8371 151890.000 178407.000 0 0 48.000 54.000 2592.000 50.911 0 1 69 200 0 0
 8372 151635.000 178328.000 0 0 48.000 54.000 2592.000 50.911 0 1 69 200 0 0
 8373 151273.000 178786.000 0 0 48.000 54.000 2592.000 50.911 0 1 69 200 0 0
 8374 150608.000 179043.000 0 0 48.000 56.000 2688.000 51.845 0 1 69 200 0 0
 8375 150285.000 179398.000 0 0 48.000 56.000 2688.000 51.845 0 1 69 200 0 0
 8376 149627.000 179670.000 0 0 48.000 56.000 2688.000 51.845 0 1 69 200 0 0
 8377 148541.000 180413.000 0 0 46.000 56.000 2576.000 50.754 0 1 69 200 0 0
 8378 148462.000 180360.000 0 0 46.000 56.000 2576.000 50.754 0 1 69 200 0 0
 8379 147763.000 180768.000 0 0 46.000 56.000 2576.000 50.754 0 1 69 200 0 0
 8380 147560.000 180867.000 0 0 46.000 56.000 2576.000 50.754 0 1 69 200 0 0
 8381 145825.000 181788.000 0 0 46.000 54.000 2484.000 49.839 0 1 69 200 0 0
 8382 145233.000 182213.000 0 0 46.000 54.000 2484.000 49.839 0 1 69 200 0 0
 8383 145088.000 182350.000 0 0 46.000 54.000 2484.000 49.839 0 1 69 200 0 0
 8384 144555.000 182585.000 0 0 44.000 56.000 2464.000 49.638 0 1 69 200 0 0
 8385 144018.000 182827.000 0 0 44.000 56.000 2464.000 49.638 0 1 69 200 0 0
 8386 143682.000 183021.000 0 0 44.000 56.000 2464.000 49.638 0 1 69 200 0 0
 8387 142541.000 183643.000 0 0 44.000 56.000 2464.000 49.638 0 1 69 200 0 0
 8388 140099.000 184979.000 0 0 42.000 56.000 2352.000 48.497 0 1 69 200 0 0
 8389 139750.000 184999.000 0 0 42.000 56.000 2352.000 48.497 0 1 69 200 0 0
 8390 139304.000 185290.000 0 0 42.000 56.000 2352.000 48.497 0 1 69 200 0 0
 8391 139126.000 185429.000 0 0 42.000 54.000 2268.000 47.623 0 1 69 200 0 0
 8392 138949.000 185323.000 0 0 42.000 54.000 2268.000 47.623 0 1 69 200 0 0
 8393 137173.000 186130.000 0 0 42.000 54.000 2268.000 47.623 0 1 69 200 0 0
 8394 135395.000 186939.000 0 0 42.000 56.000 2352.000 48.497 0 1 69 200 0 0
 8395 131778.000 188257.000 0 0 40.000 56.000 2240.000 47.328 0 1 69 200 0 0
 8396 131072.000 188572.000 0 0 40.000 54.000 2160.000 46.475 0 1 69 200 0 0
 8397 130880.000 188732.000 0 0 40.000 54.000 2160.000 46.475 0 1 69 200 0 0
 8398 123788.000 9086.000 0 0 0.000 0.000 0.000 0.406 0 1 0 0 0 0
 8399 144887.000 17236.000 0 0 0.000 0.000 0.000 0.256 0 1 0 0 0 0
 8400 156648.000 24764.000 0 0 0.000 0.000 0.000 200000.000 0 1 0 200 0 0
 8401 146681.000 181794.000 0 0 46.000 54.000 2484.000 49.839 0 1 69 200 0 0
 8402 130625.000 188695.000 0 0 40.000 54.000 2160.000 46.475 0 1 69 200 0 0
 8403 185216.000 140267.000 0 0 56.000 42.000 2352.000 48.497 0 1 44 200 0 0
 8404 184708.000 141083.000 0 0 56.000 42.000 2352.000 48.497 0 1 44 200 0 0
 8405 184587.000 141415.000 0 0 56.000 42.000 2352.000 48.497 0 1 44 200 0 0
 8406 191241.000 120538.000 0 0 0.000 0.000 0.000 200000.000 0 1 0 200 0 0
 8407 182570.000 145189.000 0 0 54.000 46.000 2484.000 49.839 0 1 58 200 0 0
 8408 178792.000 151436.000 0 0 54.000 48.000 2592.000 50.911 0 1 69 200 0 0
 8409 175396.000 156230.000 0 0 56.000 48.000 2688.000 51.845 0 1 69 200 0 0
 8410 174590.000 157308.000 0 0 54.000 50.000 2700.000 51.961 0 1 69 200 0 0
 8411 173947.000 158130.000 0 0 54.000 50.000 2700.000 51.961 0 1 69 200 0 0
 8412 168596.000 164620.000 0 0 54.000 52.000 2808.000 52.990 0 1 69 200 0 0
 8413 168215.000 165011.000 0 0 54.000 52.000 2808.000 52.990 0 1 69 200 0 0
 8414 163008.000 169879.000 0 0 50.000 54.000 2700.000 51.961 0 1 69 200 0 0
 8415 161363.000 171317.000 0 0 52.000 52.000 2704.000 52.000 0 1 69 200 0 0
 8416 160813.000 171803.000 0 0 52.000 54.000 2808.000 52.990 0 1 69 200 0 0
 8417 160419.000 171993.000 0 0 52.000 54.000 2808.000 52.990 0 1 69 200 0 0
 8418 160297.000 172346.000 0 0 52.000 54.000 2808.000 52.990 0 1 69 200 0 0
 8419 159964.000 172510.000 0 0 50.000 54.000 2700.000 51.961 0 1 69 200 0 0
 8420 159811.000 172671.000 0 0 50.000 54.000 2700.000 51.961 0 1 69 200 0 0
 8421 159021.000 173236.000 0 0 50.000 54.000 2700.000 51.961 0 1 69 200 0 0
 8422 158771.000 173377.000 0 0 50.000 54.000 2700.000 51.961 0 1 69 200 0 0
 8423 158554.000 173569.000 0 0 50.000 54.000 2700.000 51.961 0 1 69 200 0 0
 8424 158307.000 173727.000 0 0 50.000 54.000 2700.000 51.961 0 1 69 200 0 0
 8425 157692.000 174308.000 0 0 50.000 54.000 2700.000 51.961 0 1 69 200 0 0
 8426 156579.000 175107.000 0 0 50.000 54.000 2700.000 51.961 0 1 69 200 0 0
 8427 156026.000 175457.000 0 0 48.000 56.000 2688.000 51.845 0 1 69 200 0 0
 8428 155345.000 176053.000 0 0 48.000 56.000 2688.000 51.845 0 1 69 200 0 0
 8429 154838.000 176367.000 0 0 48.000 54.000 2592.000 50.911 0 1 69 200 0 0
 8430 154287.000 176843.000 0 0 48.000 54.000 2592.000 50.911 0 1 69 200 0 0
 8431 153663.000 177248.000 0 0 48.000 54.000 2592.000 50.911 0 1 69 200 0 0
 8432 153450.000 177280.000 0 0 48.000 54.000 2592.000 50.911 0 1 69 200 0 0
 8433 152484.000 178086.000 0 0 46.000 54.000 2484.000 49.839 0 1 69 200 0 0
 8434 152320.000 178125.000 0 0 46.000 54.000 2484.000 49.839 0 1 69 200 0 0
 8435 151358.000 178736.000 0 0 48.000 54.000 2592.000 50.911 0 1 69 200 0 0
 8436 150789.000 179082.000 0 0 48.000 56.000 2688.000 51.845 0 1 69 200 0 0
 8437 150596.000 179267.000 0 0 48.000 56.000 2688.000 51.845 0 1 69 200 0 0
 8438 150343.000 179431.000 0 0 48.000 56.000 2688.000 51.845 0 1 69 200 0 0
 8439 150202.000 179460.000 0 0 48.000 56.000 2688.000 51.845 0 1 69 200 0 0
 8440 149853.000 179821.000 0 0 48.000 56.000 2688.000 51.845 0 1 69 200 0 0
 8441 149371.000 180156.000 0 0 48.000 56.000 2688.000 51.845 0 1 69 200 0 0
 8442 148656.000 180411.000 0 0 46.000 56.000 2576.000 50.754 0 1 69 200 0 0
 8443 147797.000 180959.000 0 0 46.000 56.000 2576.000 50.754 0 1 69 200 0 0
 8444 147619.000 181208.000 0 0 46.000 56.000 2576.000 50.754 0 1 69 200 0 0
 8445 147007.000 181365.000 0 0 46.000 56.000 2576.000 50.754 0 1 69 200 0 0
 8446 145813.000 182268.000 0 0 46.000 54.000 2484.000 49.839 0 1 69 200 0 0
 8447 145443.000 182275.000 0 0 46.000 54.000 2484.000 49.839 0 1 69 200 0 0
 8448 145046.000 182603.000 0 0 44.000 54.000 2376.000 48.744 0 1 69 200 0 0
 8449 143711.000 183232.000 0 0 44.000 56.000 2464.000 49.638 0 1 69 200 0 0
 8450 143201.000 183590.000 0 0 44.000 56.000 2464.000 49.638 0 1 69 200 0 0
 8451 142305.000 184016.000 0 0 44.000 56.000 2464.000 49.638 0 1 69 200 0 0
 8452 142246.000 183948.000 0 0 44.000 56.000 2464.000 49.638 0 1 69 200 0 0
 8453 141228.000 184656.000 0 0 42.000 56.000 2352.000 48.497 0 1 69 200 0 0
 8454 139888.000 185200.000 0 0 42.000 56.000 2352.000 48.497 0 1 69 200 0 0
 8455 138375.000 185846.000 0 0 42.000 54.000 2268.000 47.623 0 1 69 200 0 0
 8456 137905.000 186168.000 0 0 42.000 54.000 2268.000 47.623 0 1 69 200 0 0
 8457 136687.000 186599.000 0 0 42.000 56.000 2352.000 48.497 0 1 69 200 0 0
 8458 134840.000 187286.000 0 0 42.000 56.000 2352.000 48.497 0 1 69 200 0 0
 8459 134042.000 187632.000 0 0 42.000 56.000 2352.000 48.497 0 1 69 200 0 0
 8460 130278.000 188878.000 0 0 40.000 54.000 2160.000 46.475 0 1 69 200 0 0
 8461 125916.000 190280.000 0 0 0.000 0.000 0.000 0.203 0 1 0 0 0 0
 8462 67847.000 188200.000 0 0 0.000 0.000 0.000 0.294 0 1 0 0 0 0
 8463 163796.000 30544.000 0 0 0.000 0.000 0.000 200000.000 0 1 0 200 0 0
 8464 131812.000 11219.000 0 0 0.000 0.000 0.000 0.202 0 1 0 0 0 0
 8465 142978.000 183978.000 0 0 44.000 56.000 2464.000 49.638 0 1 69 200 0 0
 8466 149369.000 19484.000 0 0 0.000 0.000 0.000 200000.000 0 1 0 200 0 0
 8467 181773.000 146909.000 0 0 54.000 46.000 2484.000 49.839 0 1 60 200 0 0
 8468 178983.000 151782.000 0 0 54.000 48.000 2592.000 50.911 0 1 69 200 0 0
 8469 178039.000 153113.000 0 0 54.000 48.000 2592.000 50.911 0 1 69 200 0 0
 8470 177374.000 154033.000 0 0 0.000 0.000 0.000 200000.000 0 1 0 200 0 0
 8471 177221.000 154113.000 0 0 0.000 0.000 0.000 0.344 0 1 0 0 0 0
 8472 174397.000 157860.000 0 0 54.000 50.000 2700.000 51.961 0 1 69 200 0 0
 8473 172174.000 160623.000 0 0 54.000 52.000 2808.000 52.990 0 1 69 200 0 0
 8474 171583.000 161405.000 0 0 52.000 52.000 2704.000 52.000 0 1 69 200 0 0
 8475 171489.000 161379.000 0 0 52.000 52.000 2704.000 52.000 0 1 69 200 0 0
 8476 171577.000 161562.000 0 0 52.000 52.000 2704.000 52.000 0 1 69 200 0 0
 8477 171448.000 160445.000 0 0 54.000 52.000 2808.000 52.990 0 1 69 200 0 0
 8478 168958.000 163273.000 0 0 54.000 50.000 2700.000 51.961 0 1 69 200 0 0
 8479 167604.000 165631.000 0 0 52.000 52.000 2704.000 52.000 0 1 69 200 0 0
 8480 167545.000 165700.000 0 0 52.000 52.000 2704.000 52.000 0 1 69 200 0 0
 8481 166912.000 166387.000 0 0 52.000 52.000 2704.000 52.000 0 1 69 200 0 0
 8482 166081.000 167157.000 0 0 52.000 52.000 2704.000 52.000 0 1 69 200 0 0
 8483 165199.000 168063.000 0 0 52.000 54.000 2808.000 52.990 0 1 69 200 0 0
 8484 164916.000 168250.000 0 0 52.000 54.000 2808.000 52.990 0 1 69 200 0 0
 8485 163766.000 169326.000 0 0 50.000 54.000 2700.000 51.961 0 1 69 200 0 0
 8486 162633.000 170530.000 0 0 50.000 52.000 2600.000 50.990 0 1 69 200 0 0
 8487 160807.000 172078.000 0 0 52.000 54.000 2808.000 52.990 0 1 69 200 0 0
 8488 160760.000 172198.000 0 0 52.000 54.000 2808.000 52.990 0 1 69 200 0 0
 8489 160213.000 172451.000 0 0 50.000 54.000 2700.000 51.961 0 1 69 200 0 0
 8490 159699.000 172905.000 0 0 50.000 54.000 2700.000 51.961 0 1 69 200 0 0
 8491 159474.000 173230.000 0 0 50.000 54.000 2700.000 51.961 0 1 69 200 0 0
 8492 159060.000 173457.000 0 0 50.000 54.000 2700.000 51.961 0 1 69 200 0 0
 8493 158944.000 173385.000 0 0 50.000 54.000 2700.000 51.961 0 1 69 200 0 0
 8494 158920.000 173521.000 0 0 50.000 54.000 2700.000 51.961 0 1 69 200 0 0
 8495 158743.000 173545.000 0 0 50.000 54.000 2700.000 51.961 0 1 69 200 0 0
 8496 158280.000 174057.000 0 0 50.000 54.000 2700.000 51.961 0 1 69 200 0 0
 8497 157343.000 174750.000 0 0 50.000 54.000 2700.000 51.961 0 1 69 200 0 0
 8498 157215.000 174917.000 0 0 50.000 54.000 2700.000 51.961 0 1 69 200 0 0
 8499 156642.000 175252.000 0 0 50.000 54.000 2700.000 51.961 0 1 69 200 0 0
 8500 156619.000 175363.000 0 0 50.000 54.000 2700.000 51.961 0 1 69 200 0 0
 8501 155353.000 176372.000 0 0 48.000 56.000 2688.000 51.845 0 1 69 200 0 0
 8502 154806.000 176687.000 0 0 48.000 54.000 2592.000 50.911 0 1 69 200 0 0
 8503 153096.000 177800.000 0 0 48.000 54.000 2592.000 50.911 0 1 69 200 0 0
 8504 152819.000 177906.000 0 0 48.000 54.000 2592.000 50.911 0 1 69 200 0 0
 8505 152241.000 178333.000 0 0 46.000 54.000 2484.000 49.839 0 1 69 200 0 0
 8506 151606.000 178811.000 0 0 48.000 54.000 2592.000 50.911 0 1 69 200 0 0
 8507 151316.000 178953.000 0 0 48.000 54.000 2592.000 50.911 0 1 69 200 0 0
 8508 148848.000 180521.000 0 0 46.000 56.000 2576.000 50.754 0 1 69 200 0 0
 8509 148370.000 180873.000 0 0 46.000 56.000 2576.000 50.754 0 1 69 200 0 0
 8510 148163.000 180861.000 0 0 46.000 56.000 2576.000 50.754 0 1 69 200 0 0
 8511 147591.000 181305.000 0 0 46.000 56.000 2576.000 50.754 0 1 69 200 0 0
 8512 147082.000 181578.000 0 0 46.000 54.000 2484.000 49.839 0 1 69 200 0 0
 8513 147019.000 181548.000 0 0 46.000 54.000 2484.000 49.839 0 1 69 200 0 0
 8514 146340.000 182054.000 0 0 46.000 54.000 2484.000 49.839 0 1 69 200 0 0
 8515 146089.000 182095.000 0 0 46.000 54.000 2484.000 49.839 0 1 69 200 0 0
 8516 145897.000 182270.000 0 0 46.000 54.000 2484.000 49.839 0 1 69 200 0 0
 8517 145144.000 182605.000 0 0 44.000 54.000 2376.000 48.744 0 1 69 200 0 0
 8518 145160.000 182692.000 0 0 44.000 54.000 2376.000 48.744 0 1 69 200 0 0
 8519 143950.000 183308.000 0 0 44.000 56.000 2464.000 49.638 0 1 69 200 0 0
 8520 143558.000 183562.000 0 0 44.000 56.000 2464.000 49.638 0 1 69 200 0 0
 8521 142954.000 183821.000 0 0 44.000 56.000 2464.000 49.638 0 1 69 200 0 0
 8522 142093.000 184259.000 0 0 44.000 56.000 2464.000 49.638 0 1 69 200 0 0
 8523 141966.000 184325.000 0 0 44.000 56.000 2464.000 49.638 0 1 69 200 0 0
 8524 141464.000 184729.000 0 0 42.000 56.000 2352.000 48.497 0 1 69 200 0 0
 8525 140666.000 184873.000 0 0 42.000 56.000 2352.000 48.497 0 1 69 200 0 0
 8526 140624.000 184951.000 0 0 42.000 56.000 2352.000 48.497 0 1 69 200 0 0
 8527 140439.000 185078.000 0 0 42.000 56.000 2352.000 48.497 0 1 69 200 0 0
 8528 140249.000 185139.000 0 0 42.000 56.000 2352.000 48.497 0 1 69 200 0 0
 8529 139631.000 185429.000 0 0 42.000 56.000 2352.000 48.497 0 1 69 200 0 0
 8530 139045.000 185666.000 0 0 42.000 54.000 2268.000 47.623 0 1 69 200 0 0
 8531 138960.000 185731.000 0 0 42.000 54.000 2268.000 47.623 0 1 69 200 0 0
 8532 138846.000 185884.000 0 0 42.000 54.000 2268.000 47.623 0 1 69 200 0 0
 8533 136857.000 186680.000 0 0 42.000 56.000 2352.000 48.497 0 1 69 200 0 0
 8534 136440.000 186920.000 0 0 42.000 56.000 2352.000 48.497 0 1 69 200 0 0
 8535 135879.000 187113.000 0 0 42.000 56.000 2352.000 48.497 0 1 69 200 0 0
 8536 135027.000 187391.000 0 0 42.000 56.000 2352.000 48.497 0 1 69 200 0 0
 8537 133357.000 188002.000 0 0 40.000 56.000 2240.000 47.328 0 1 69 200 0 0
 8538 132518.000 188426.000 0 0 40.000 56.000 2240.000 47.328 0 1 69 200 0 0
 8539 131670.000 188629.000 0 0 40.000 56.000 2240.000 47.328 0 1 69 200 0 0
 8540 127115.000 190129.000 0 0 38.000 54.000 2052.000 45.299 0 1 127 200 0 0
 8541 32126.000 164944.000 0 0 0.000 0.000 0.000 0.218 0 1 0 0 0 0
 8542 143576.000 16222.000 0 0 0.000 0.000 0.000 200000.000 0 1 0 200 0 0
 8543 42263.000 25636.000 0 0 0.000 0.000 0.000 200000.000 0 1 0 200 0 0
 8544 138497.000 13597.000 0 0 0.000 0.000 0.000 200000.000 0 1 0 200 0 0
 8545 163124.000 29706.000 0 0 0.000 0.000 0.000 200000.000 0 1 0 200 0 0
 8546 149324.000 19456.000 0 0 0.000 0.000 0.000 200000.000 0 1 0 200 0 0
 8547 158116.000 25526.000 0 0 0.000 0.000 0.000 200000.000 0 1 0 200 0 0
 8548 194198.000 107164.000 0 0 0.000 0.000 0.000 0.478 0 1 0 0 0 0
 8549 189422.000 130611.000 0 0 0.000 0.000 0.000 0.213 0 1 0 0 0 0
 8550 160238.000 28049.000 0 0 0.000 0.000 0.000 200000.000 0 1 0 200 0 0
 8551 181815.000 147184.000 0 0 54.000 46.000 2484.000 49.839 0 1 60 200 0 0
 8552 181398.000 147824.000 0 0 56.000 46.000 2576.000 50.754 0 1 60 200 0 0
 8553 179182.000 151632.000 0 0 54.000 48.000 2592.000 50.911 0 1 69 200 0 0
 8554 176317.000 155498.000 0 0 56.000 48.000 2688.000 51.845 0 1 69 200 0 0
 8555 176339.000 155675.000 0 0 56.000 48.000 2688.000 51.845 0 1 69 200 0 0
 8556 176218.000 155783.000 0 0 56.000 48.000 2688.000 51.845 0 1 69 200 0 0
 8557 176257.000 155907.000 0 0 56.000 48.000 2688.000 51.845 0 1 69 200 0 0
 8558 174258.000 158428.000 0 0 54.000 50.000 2700.000 51.961 0 1 69 200 0 0
 8559 172857.000 160104.000 0 0 54.000 50.000 2700.000 51.961 0 1 69 200 0 0
 8560 172609.000 160516.000 0 0 54.000 52.000 2808.000 52.990 0 1 69 200 0 0
 8561 171870.000 161253.000 0 0 54.000 52.000 2808.000 52.990 0 1 69 200 0 0
 8562 168648.000 164812.000 0 0 54.000 52.000 2808.000 52.990 0 1 69 200 0 0
 8563 166032.000 167502.000 0 0 52.000 52.000 2704.000 52.000 0 1 69 200 0 0
 8564 165852.000 167830.000 0 0 52.000 52.000 2704.000 52.000 0 1 69 200 0 0
 8565 165378.000 168101.000 0 0 52.000 54.000 2808.000 52.990 0 1 69 200 0 0
 8566 165060.000 168474.000 0 0 52.000 54.000 2808.000 52.990 0 1 69 200 0 0
 8567 164791.000 168598.000 0 0 52.000 54.000 2808.000 52.990 0 1 69 200 0 0
 8568 164766.000 168677.000 0 0 52.000 54.000 2808.000 52.990 0 1 69 200 0 0
 8569 164460.000 169150.000 0 0 52.000 54.000 2808.000 52.990 0 1 69 200 0 0
 8570 161886.000 171233.000 0 0 52.000 52.000 2704.000 52.000 0 1 69 200 0 0
 8571 162038.000 171630.000 0 0 52.000 52.000 2704.000 52.000 0 1 69 200 0 0
 8572 161407.000 171792.000 0 0 52.000 52.000 2704.000 52.000 0 1 69 200 0 0
 8573 160184.000 172628.000 0 0 50.000 54.000 2700.000 51.961 0 1 69 200 0 0
 8574 159870.000 172987.000 0 0 50.000 54.000 2700.000 51.961 0 1 69 200 0 0
 8575 158742.000 173762.000 0 0 50.000 54.000 2700.000 51.961 0 1 69 200 0 0
 8576 158494.000 173958.000 0 0 50.000 54.000 2700.000 51.961 0 1 69 200 0 0
 8577 156289.000 175738.000 0 0 48.000 56.000 2688.000 51.845 0 1 69 200 0 0
 8578 156242.000 175918.000 0 0 48.000 56.000 2688.000 51.845 0 1 69 200 0 0
 8579 156036.000 175921.000 0 0 48.000 56.000 2688.000 51.845 0 1 69 200 0 0
 8580 155165.000 176636.000 0 0 48.000 56.000 2688.000 51.845 0 1 69 200 0 0
 8581 153809.000 177523.000 0 0 48.000 54.000 2592.000 50.911 0 1 69 200 0 0
 8582 151779.000 178895.000 0 0 48.000 54.000 2592.000 50.911 0 1 69 200 0 0
 8583 151692.000 179043.000 0 0 48.000 54.000 2592.000 50.911 0 1 69 200 0 0
 8584 151035.000 179536.000 0 0 48.000 56.000 2688.000 51.845 0 1 69 200 0 0
 8585 150662.000 179776.000 0 0 48.000 56.000 2688.000 51.845 0 1 69 200 0 0
 8586 150516.000 179647.000 0 0 48.000 56.000 2688.000 51.845 0 1 69 200 0 0
 8587 150203.000 179939.000 0 0 48.000 56.000 2688.000 51.845 0 1 69 200 0 0
 8588 149810.000 180164.000 0 0 48.000 56.000 2688.000 51.845 0 1 69 200 0 0
 8589 149716.000 180295.000 0 0 48.000 56.000 2688.000 51.845 0 1 69 200 0 0
 8590 147932.000 181366.000 0 0 46.000 56.000 2576.000 50.754 0 1 69 200 0 0
 8591 147574.000 181472.000 0 0 46.000 56.000 2576.000 50.754 0 1 69 200 0 0
 8592 145444.000 182720.000 0 0 46.000 54.000 2484.000 49.839 0 1 69 200 0 0
 8593 145126.000 182998.000 0 0 44.000 54.000 2376.000 48.744 0 1 69 200 0 0
 8594 144830.000 183040.000 0 0 44.000 54.000 2376.000 48.744 0 1 69 200 0 0
 8595 144549.000 183185.000 0 0 44.000 56.000 2464.000 49.638 0 1 69 200 0 0
 8596 144265.000 183306.000 0 0 44.000 56.000 2464.000 49.638 0 1 69 200 0 0
 8597 143932.000 183490.000 0 0 44.000 56.000 2464.000 49.638 0 1 69 200 0 0
 8598 143762.000 183670.000 0 0 44.000 56.000 2464.000 49.638 0 1 69 200 0 0
 8599 142649.000 184299.000 0 0 44.000 56.000 2464.000 49.638 0 1 69 200 0 0
 8600 142377.000 184423.000 0 0 44.000 56.000 2464.000 49.638 0 1 69 200 0 0
 8601 140161.000 185368.000 0 0 42.000 56.000 2352.000 48.497 0 1 69 200 0 0
 8602 138795.000 186100.000 0 0 42.000 54.000 2268.000 47.623 0 1 69 200 0 0
 8603 138516.000 186108.000 0 0 42.000 54.000 2268.000 47.623 0 1 69 200 0 0
 8604 138050.000 186286.000 0 0 42.000 54.000 2268.000 47.623 0 1 69 200 0 0
 8605 137262.000 186638.000 0 0 42.000 54.000 2268.000 47.623 0 1 69 200 0 0
 8606 133045.000 188353.000 0 0 40.000 56.000 2240.000 47.328 0 1 69 200 0 0
 8607 131620.000 188799.000 0 0 40.000 56.000 2240.000 47.328 0 1 69 200 0 0
 8608 130748.000 189319.000 0 0 40.000 54.000 2160.000 46.475 0 1 69 200 0 0
 8609 130235.000 189415.000 0 0 40.000 54.000 2160.000 46.475 0 1 69 200 0 0
 8610 71733.000 189911.000 0 0 0.000 0.000 0.000 0.241 0 1 0 0 0 0
 8611 68314.000 188818.000 0 0 0.000 0.000 0.000 0.209 0 1 0 0 0 0
 8612 144008.000 16255.000 0 0 0.000 0.000 0.000 200000.000 0 1 0 200 0 0
 8613 49258.000 179316.000 0 0 0.000 0.000 0.000 200000.000 0 1 0 200 0 0
 8614 44963.000 176260.000 0 0 0.000 0.000 0.000 0.355 0 1 0 0 0 0
 8615 7403.000 82051.000 0 0 0.000 0.000 0.000 200000.000 0 1 0 200 0 0
 8616 10461.000 70829.000 0 0 0.000 0.000 0.000 200000.000 0 1 0 200 0 0
 8617 194078.000 113303.000 0 0 0.000 0.000 0.000 200000.000 0 1 0 200 0 0
 8618 189692.000 130432.000 0 0 0.000 0.000 0.000 0.203 0 1 0 0 0 0
 8619 187481.000 136190.000 0 0 0.000 0.000 0.000 0.201 0 1 0 0 0 0
 8620 186223.000 139115.000 0 0 54.000 42.000 2268.000 47.623 0 1 44 200 0 0
 8621 179426.000 151472.000 0 0 54.000 48.000 2592.000 50.911 0 1 69 200 0 0
 8622 174335.000 158675.000 0 0 54.000 50.000 2700.000 51.961 0 1 69 200 0 0
 8623 173346.000 159721.000 0 0 54.000 50.000 2700.000 51.961 0 1 69 200 0 0
 8624 173173.000 160107.000 0 0 54.000 50.000 2700.000 51.961 0 1 69 200 0 0
 8625 170711.000 162995.000 0 0 52.000 50.000 2600.000 50.990 0 1 69 200 0 0
 8626 170504.000 163070.000 0 0 54.000 50.000 2700.000 51.961 0 1 69 200 0 0
 8627 168103.000 165605.000 0 0 54.000 52.000 2808.000 52.990 0 1 69 200 0 0
 8628 166649.000 167219.000 0 0 52.000 52.000 2704.000 52.000 0 1 69 200 0 0
 8629 163629.000 169980.000 0 0 50.000 54.000 2700.000 51.961 0 1 69 200 0 0
 8630 163587.000 170075.000 0 0 50.000 54.000 2700.000 51.961 0 1 69 200 0 0
 8631 162343.000 171179.000 0 0 52.000 52.000 2704.000 52.000 0 1 69 200 0 0
 8632 162139.000 171256.000 0 0 52.000 52.000 2704.000 52.000 0 1 69 200 0 0
 8633 161690.000 171671.000 0 0 52.000 52.000 2704.000 52.000 0 1 69 200 0 0
 8634 161418.000 172045.000 0 0 52.000 54.000 2808.000 52.990 0 1 69 200 0 0
 8635 161043.000 172232.000 0 0 52.000 54.000 2808.000 52.990 0 1 69 200 0 0
 8636 160804.000 172525.000 0 0 52.000 54.000 2808.000 52.990 0 1 69 200 0 0
 8637 160774.000 172596.000 0 0 52.000 54.000 2808.000 52.990 0 1 69 200 0 0
 8638 160599.000 172591.000 0 0 52.000 54.000 2808.000 52.990 0 1 69 200 0 0
 8639 160354.000 172912.000 0 0 50.000 54.000 2700.000 51.961 0 1 69 200 0 0
 8640 159864.000 173151.000 0 0 50.000 54.000 2700.000 51.961 0 1 69 200 0 0
 8641 159014.000 173952.000 0 0 50.000 54.000 2700.000 51.961 0 1 69 200 0 0
 8642 158321.000 174440.000 0 0 50.000 54.000 2700.000 51.961 0 1 69 200 0 0
 8643 158171.000 174478.000 0 0 50.000 54.000 2700.000 51.961 0 1 69 200 0 0
 8644 157925.000 174706.000 0 0 50.000 54.000 2700.000 51.961 0 1 69 200 0 0
 8645 155910.000 176238.000 0 0 48.000 56.000 2688.000 51.845 0 1 69 200 0 0
 8646 155620.000 176409.000 0 0 48.000 56.000 2688.000 51.845 0 1 69 200 0 0
 8647 155563.000 176561.000 0 0 48.000 56.000 2688.000 51.845 0 1 69 200 0 0
 8648 155353.000 176650.000 0 0 48.000 56.000 2688.000 51.845 0 1 69 200 0 0
 8649 154955.000 176864.000 0 0 48.000 54.000 2592.000 50.911 0 1 69 200 0 0
 8650 154435.000 177250.000 0 0 48.000 54.000 2592.000 50.911 0 1 69 200 0 0
 8651 154050.000 177554.000 0 0 48.000 54.000 2592.000 50.911 0 1 69 200 0 0
 8652 153403.000 177939.000 0 0 48.000 54.000 2592.000 50.911 0 1 69 200 0 0
 8653 153335.000 178282.000 0 0 48.000 54.000 2592.000 50.911 0 1 69 200 0 0
 8654 152981.000 178341.000 0 0 48.000 54.000 2592.000 50.911 0 1 69 200 0 0
 8655 152918.000 178312.000 0 0 46.000 54.000 2484.000 49.839 0 1 69 200 0 0
 8656 152339.000 178693.000 0 0 46.000 54.000 2484.000 49.839 0 1 69 200 0 0
 8657 152286.000 178760.000 0 0 46.000 54.000 2484.000 49.839 0 1 69 200 0 0
 8658 151711.000 179140.000 0 0 48.000 54.000 2592.000 50.911 0 1 69 200 0 0
 8659 150843.000 179589.000 0 0 48.000 56.000 2688.000 51.845 0 1 69 200 0 0
 8660 150380.000 180025.000 0 0 48.000 56.000 2688.000 51.845 0 1 69 200 0 0
 8661 150200.000 180284.000 0 0 48.000 56.000 2688.000 51.845 0 1 69 200 0 0
 8662 149616.000 180556.000 0 0 48.000 56.000 2688.000 51.845 0 1 69 200 0 0
 8663 149496.000 180603.000 0 0 48.000 56.000 2688.000 51.845 0 1 69 200 0 0
 8664 148971.000 180769.000 0 0 46.000 56.000 2576.000 50.754 0 1 69 200 0 0
 8665 148775.000 180969.000 0 0 46.000 56.000 2576.000 50.754 0 1 69 200 0 0
 8666 148175.000 181378.000 0 0 46.000 56.000 2576.000 50.754 0 1 69 200 0 0
 8667 145905.000 182639.000 0 0 46.000 54.000 2484.000 49.839 0 1 69 200 0 0
 8668 145811.000 182636.000 0 0 46.000 54.000 2484.000 49.839 0 1 69 200 0 0
 8669 145535.000 182831.000 0 0 46.000 54.000 2484.000 49.839 0 1 69 200 0 0
 8670 145462.000 183018.000 0 0 46.000 54.000 2484.000 49.839 0 1 69 200 0 0
 8671 145302.000 183133.000 0 0 44.000 54.000 2376.000 48.744 0 1 69 200 0 0
 8672 144476.000 183364.000 0 0 44.000 56.000 2464.000 49.638 0 1 69 200 0 0
 8673 144376.000 183448.000 0 0 44.000 56.000 2464.000 49.638 0 1 69 200 0 0
 8674 143350.000 183998.000 0 0 44.000 56.000 2464.000 49.638 0 1 69 200 0 0
 8675 142331.000 184512.000 0 0 44.000 56.000 2464.000 49.638 0 1 69 200 0 0
 8676 141444.000 184936.000 0 0 42.000 56.000 2352.000 48.497 0 1 69 200 0 0
 8677 139572.000 185808.000 0 0 42.000 56.000 2352.000 48.497 0 1 69 200 0 0
 8678 136168.000 187317.000 0 0 42.000 56.000 2352.000 48.497 0 1 69 200 0 0
 8679 134726.000 187895.000 0 0 42.000 56.000 2352.000 48.497 0 1 69 200 0 0
 8680 132568.000 188707.000 0 0 40.000 56.000 2240.000 47.328 0 1 69 200 0 0
 8681 129303.000 189901.000 0 0 38.000 54.000 2052.000 45.299 0 1 127 200 0 0
 8682 127456.000 190431.000 0 0 38.000 54.000 2052.000 45.299 0 1 127 200 0 0
 8683 66378.000 188139.000 0 0 0.000 0.000 0.000 200000.000 0 1 0 200 0 0
 8684 6450.000 88079.000 0 0 0.000 0.000 0.000 200000.000 0 1 0 200 0 0
 8685 61434.000 186149.000 0 0 0.000 0.000 0.000 0.210 0 1 0 0 0 0
 8686 51361.000 180996.000 0 0 0.000 0.000 0.000 200000.000 0 1 0 200 0 0
 8687 40897.000 173596.000 0 0 0.000 0.000 0.000 0.208 0 1 0 0 0 0
 8688 174228.000 158914.000 0 0 54.000 50.000 2700.000 51.961 0 1 69 200 0 0
 8689 36281.000 169611.000 0 0 0.000 0.000 0.000 0.203 0 1 0 0 0 0
 8690 31654.000 34826.000 0 0 0.000 0.000 0.000 200000.000 0 1 0 200 0 0
 8691 191431.000 74086.000 0 0 0.000 0.000 0.000 200000.000 0 1 0 200 0 0
 8692 194914.000 96415.000 0 0 0.000 0.000 0.000 200000.000 0 1 0 200 0 0
 8693 194022.000 112648.000 0 0 0.000 0.000 0.000 0.369 0 1 0 0 0 0
 8694 185430.000 141137.000 0 0 56.000 42.000 2352.000 48.497 0 1 44 200 0 0
 8695 183929.000 144305.000 0 0 0.000 0.000 0.000 0.223 0 1 0 0 0 0
 8696 183357.000 145369.000 0 0 54.000 44.000 2376.000 48.744 0 1 58 200 0 0
 8697 183219.000 145530.000 0 0 54.000 45.000 2430.000 49.295 0 1 58 200 0 0
 8698 180864.000 149726.000 0 0 0.000 0.000 0.000 0.217 0 1 0 0 0 0
 8699 179780.000 151291.000 0 0 56.000 48.000 2688.000 51.845 0 1 69 200 0 0
 8700 177433.000 154711.000 0 0 0.000 0.000 0.000 0.237 0 1 0 0 0 0
 8701 176308.000 156407.000 0 0 56.000 48.000 2688.000 51.845 0 1 69 200 0 0
 8702 176041.000 156758.000 0 0 56.000 48.000 2688.000 51.845 0 1 69 200 0 0
 8703 175443.000 157399.000 0 0 54.000 50.000 2700.000 51.961 0 1 69 200 0 0
 8704 174817.000 158188.000 0 0 54.000 50.000 2700.000 51.961 0 1 69 200 0 0
 8705 170364.000 163507.000 0 0 54.000 50.000 2700.000 51.961 0 1 69 200 0 0
 8706 168829.000 165102.000 0 0 54.000 52.000 2808.000 52.990 0 1 69 200 0 0
 8707 166100.000 167930.000 0 0 52.000 52.000 2704.000 52.000 0 1 69 200 0 0
 8708 165760.000 168159.000 0 0 52.000 52.000 2704.000 52.000 0 1 69 200 0 0
 8709 165236.000 168846.000 0 0 52.000 54.000 2808.000 52.990 0 1 69 200 0 0
 8710 164223.000 169602.000 0 0 50.000 54.000 2700.000 51.961 0 1 69 200 0 0
 8711 164022.000 169847.000 0 0 50.000 54.000 2700.000 51.961 0 1 69 200 0 0
 8712 163435.000 170245.000 0 0 50.000 54.000 2700.000 51.961 0 1 69 200 0 0
 8713 161314.000 172391.000 0 0 52.000 54.000 2808.000 52.990 0 1 69 200 0 0
 8714 161106.000 172561.000 0 0 52.000 54.000 2808.000 52.990 0 1 69 200 0 0
 8715 159961.000 173493.000 0 0 50.000 54.000 2700.000 51.961 0 1 69 200 0 0
 8716 159322.000 174033.000 0 0 50.000 54.000 2700.000 51.961 0 1 69 200 0 0
 8717 159137.000 174026.000 0 0 50.000 54.000 2700.000 51.961 0 1 69 200 0 0
 8718 158389.000 174639.000 0 0 50.000 54.000 2700.000 51.961 0 1 69 200 0 0
 8719 158097.000 174803.000 0 0 50.000 54.000 2700.000 51.961 0 1 69 200 0 0
 8720 184017.000 142211.000 0 0 0.000 0.000 0.000 200000.000 0 1 0 200 0 0
 8721 168770.000 164093.000 0 0 54.000 52.000 2808.000 52.990 0 1 69 200 0 0
 8722 157090.000 175600.000 0 0 50.000 54.000 2700.000 51.961 0 1 69 200 0 0
 8723 156643.000 175859.000 0 0 48.000 56.000 2688.000 51.845 0 1 69 200 0 0
 8724 156178.000 176258.000 0 0 48.000 56.000 2688.000 51.845 0 1 69 200 0 0
 8725 155483.000 176713.000 0 0 48.000 56.000 2688.000 51.845 0 1 69 200 0 0
 8726 155421.000 176886.000 0 0 48.000 56.000 2688.000 51.845 0 1 69 200 0 0
 8727 155050.000 177109.000 0 0 48.000 54.000 2592.000 50.911 0 1 69 200 0 0
 8728 154811.000 177163.000 0 0 48.000 54.000 2592.000 50.911 0 1 69 200 0 0
 8729 154760.000 177303.000 0 0 48.000 54.000 2592.000 50.911 0 1 69 200 0 0
 8730 153353.000 178447.000 0 0 48.000 54.000 2592.000 50.911 0 1 69 200 0 0
 8731 152997.000 178502.000 0 0 46.000 54.000 2484.000 49.839 0 1 69 200 0 0
 8732 152753.000 178562.000 0 0 46.000 54.000 2484.000 49.839 0 1 69 200 0 0
 8733 152623.000 178776.000 0 0 46.000 54.000 2484.000 49.839 0 1 69 200 0 0
 8734 151675.000 179333.000 0 0 48.000 54.000 2592.000 50.911 0 1 69 200 0 0
 8735 150779.000 180072.000 0 0 48.000 56.000 2688.000 51.845 0 1 69 200 0 0
 8736 150395.000 180315.000 0 0 48.000 56.000 2688.000 51.845 0 1 69 200 0 0
 8737 149783.000 180508.000 0 0 48.000 56.000 2688.000 51.845 0 1 69 200 0 0
 8738 149161.000 180925.000 0 0 46.000 56.000 2576.000 50.754 0 1 69 200 0 0
 8739 148627.000 181466.000 0 0 46.000 56.000 2576.000 50.754 0 1 69 200 0 0
 8740 148507.000 181353.000 0 0 46.000 56.000 2576.000 50.754 0 1 69 200 0 0
 8741 146615.000 182552.000 0 0 46.000 54.000 2484.000 49.839 0 1 69 200 0 0
 8742 145144.000 183192.000 0 0 44.000 54.000 2376.000 48.744 0 1 69 200 0 0
 8743 144988.000 183430.000 0 0 44.000 56.000 2464.000 49.638 0 1 69 200 0 0
 8744 144527.000 183579.000 0 0 44.000 56.000 2464.000 49.638 0 1 69 200 0 0
 8745 143992.000 183838.000 0 0 44.000 56.000 2464.000 49.638 0 1 69 200 0 0
 8746 143921.000 184048.000 0 0 44.000 56.000 2464.000 49.638 0 1 69 200 0 0
 8747 141181.000 185248.000 0 0 42.000 56.000 2352.000 48.497 0 1 69 200 0 0
 8748 140912.000 185515.000 0 0 42.000 56.000 2352.000 48.497 0 1 69 200 0 0
 8749 140191.000 185841.000 0 0 42.000 56.000 2352.000 48.497 0 1 69 200 0 0
 8750 139475.000 185978.000 0 0 42.000 56.000 2352.000 48.497 0 1 69 200 0 0
 8751 138873.000 186453.000 0 0 42.000 54.000 2268.000 47.623 0 1 69 200 0 0
 8752 137537.000 186993.000 0 0 42.000 54.000 2268.000 47.623 0 1 69 200 0 0
 8753 136468.000 187532.000 0 0 42.000 56.000 2352.000 48.497 0 1 69 200 0 0
 8754 136203.000 187498.000 0 0 42.000 56.000 2352.000 48.497 0 1 69 200 0 0
 8755 136050.000 187555.000 0 0 42.000 56.000 2352.000 48.497 0 1 69 200 0 0
 8756 134462.000 188107.000 0 0 42.000 56.000 2352.000 48.497 0 1 69 200 0 0
 8757 134358.000 188211.000 0 0 42.000 56.000 2352.000 48.497 0 1 69 200 0 0
 8758 130679.000 189597.000 0 0 40.000 54.000 2160.000 46.475 0 1 69 200 0 0
 8759 129461.000 189919.000 0 0 38.000 54.000 2052.000 45.299 0 1 127 200 0 0
 8760 128092.000 190435.000 0 0 38.000 54.000 2052.000 45.299 0 1 127 200 0 0
 8761 127191.000 190624.000 0 0 38.000 54.000 2052.000 45.299 0 1 127 200 0 0
 8762 176551.000 43721.000 0 0 0.000 0.000 0.000 200000.000 0 1 0 200 0 0
 8763 169488.000 35084.000 0 0 0.000 0.000 0.000 0.242 0 1 0 0 0 0
 8764 192019.000 123895.000 0 0 0.000 0.000 0.000 0.204 0 1 0 0 0 0
 8765 190569.000 128561.000 0 0 54.000 38.000 2052.000 45.299 0 1 33 200 0 0
 8766 131514.000 189606.000 0 0 40.000 54.000 2160.000 46.475 0 1 69 200 0 0
 8767 182932.000 146281.000 0 0 54.000 46.000 2484.000 49.839 0 1 58 200 0 0
 8768 181804.000 148275.000 0 0 56.000 46.000 2576.000 50.754 0 1 60 200 0 0
 8769 176961.000 155591.000 0 0 56.000 48.000 2688.000 51.845 0 1 69 200 0 0
 8770 174094.000 159470.000 0 0 54.000 50.000 2700.000 51.961 0 1 69 200 0 0
 8771 173917.000 159597.000 0 0 54.000 50.000 2700.000 51.961 0 1 69 200 0 0
 8772 173166.000 160372.000 0 0 54.000 50.000 2700.000 51.961 0 1 69 200 0 0
 8773 172308.000 161575.000 0 0 54.000 52.000 2808.000 52.990 0 1 69 200 0 0
 8774 171677.000 162243.000 0 0 52.000 52.000 2704.000 52.000 0 1 69 200 0 0
 8775 171014.000 163107.000 0 0 52.000 50.000 2600.000 50.990 0 1 69 200 0 0
 8776 169286.000 164891.000 0 0 54.000 52.000 2808.000 52.990 0 1 69 200 0 0
 8777 169142.000 165123.000 0 0 54.000 52.000 2808.000 52.990 0 1 69 200 0 0
 8778 168753.000 165444.000 0 0 54.000 52.000 2808.000 52.990 0 1 69 200 0 0
 8779 168615.000 165551.000 0 0 54.000 52.000 2808.000 52.990 0 1 69 200 0 0
 8780 168234.000 166113.000 0 0 52.000 52.000 2704.000 52.000 0 1 69 200 0 0
 8781 167567.000 166764.000 0 0 52.000 52.000 2704.000 52.000 0 1 69 200 0 0
 8782 167132.000 167088.000 0 0 52.000 52.000 2704.000 52.000 0 1 69 200 0 0
 8783 166460.000 167811.000 0 0 52.000 52.000 2704.000 52.000 0 1 69 200 0 0
 8784 166322.000 167774.000 0 0 52.000 52.000 2704.000 52.000 0 1 69 200 0 0
 8785 165669.000 168464.000 0 0 52.000 54.000 2808.000 52.990 0 1 69 200 0 0
 8786 165518.000 168780.000 0 0 52.000 54.000 2808.000 52.990 0 1 69 200 0 0
 8787 163447.000 170723.000 0 0 50.000 54.000 2700.000 51.961 0 1 69 200 0 0
 8788 162762.000 171383.000 0 0 52.000 52.000 2704.000 52.000 0 1 69 200 0 0
 8789 162381.000 171716.000 0 0 52.000 52.000 2704.000 52.000 0 1 69 200 0 0
 8790 162230.000 171666.000 0 0 52.000 52.000 2704.000 52.000 0 1 69 200 0 0
 8791 160647.000 172982.000 0 0 50.000 54.000 2700.000 51.961 0 1 69 200 0 0
 8792 160426.000 173223.000 0 0 50.000 54.000 2700.000 51.961 0 1 69 200 0 0
 8793 160012.000 173714.000 0 0 50.000 54.000 2700.000 51.961 0 1 69 200 0 0
 8794 158354.000 174890.000 0 0 50.000 54.000 2700.000 51.961 0 1 69 200 0 0
 8795 157701.000 175339.000 0 0 50.000 54.000 2700.000 51.961 0 1 69 200 0 0
 8796 156676.000 176154.000 0 0 48.000 56.000 2688.000 51.845 0 1 69 200 0 0
 8797 156451.000 176157.000 0 0 48.000 56.000 2688.000 51.845 0 1 69 200 0 0
 8798 155897.000 176707.000 0 0 48.000 56.000 2688.000 51.845 0 1 69 200 0 0
 8799 155404.000 176986.000 0 0 48.000 56.000 2688.000 51.845 0 1 69 200 0 0
 8800 155218.000 177125.000 0 0 48.000 54.000 2592.000 50.911 0 1 69 200 0 0
 8801 154115.000 177973.000 0 0 48.000 54.000 2592.000 50.911 0 1 69 200 0 0
 8802 153247.000 178477.000 0 0 48.000 54.000 2592.000 50.911 0 1 69 200 0 0
 8803 152876.000 178698.000 0 0 46.000 54.000 2484.000 49.839 0 1 69 200 0 0
 8804 152798.000 178835.000 0 0 46.000 54.000 2484.000 49.839 0 1 69 200 0 0
 8805 152225.000 179253.000 0 0 48.000 54.000 2592.000 50.911 0 1 69 200 0 0
 8806 151900.000 179314.000 0 0 48.000 54.000 2592.000 50.911 0 1 69 200 0 0
 8807 151874.000 179533.000 0 0 48.000 54.000 2592.000 50.911 0 1 69 200 0 0
 8808 151603.000 179683.000 0 0 48.000 54.000 2592.000 50.911 0 1 69 200 0 0
 8809 151482.000 179856.000 0 0 48.000 56.000 2688.000 51.845 0 1 69 200 0 0
 8810 151260.000 179787.000 0 0 48.000 56.000 2688.000 51.845 0 1 69 200 0 0
 8811 150447.000 180484.000 0 0 48.000 56.000 2688.000 51.845 0 1 69 200 0 0
 8812 149966.000 180633.000 0 0 48.000 56.000 2688.000 51.845 0 1 69 200 0 0
 8813 147689.000 181941.000 0 0 46.000 56.000 2576.000 50.754 0 1 69 200 0 0
 8814 145908.000 182907.000 0 0 46.000 54.000 2484.000 49.839 0 1 69 200 0 0
 8815 144363.000 183881.000 0 0 44.000 56.000 2464.000 49.638 0 1 69 200 0 0
 8816 144124.000 183876.000 0 0 44.000 56.000 2464.000 49.638 0 1 69 200 0 0
 8817 143635.000 184216.000 0 0 44.000 56.000 2464.000 49.638 0 1 69 200 0 0
 8818 143329.000 184375.000 0 0 44.000 56.000 2464.000 49.638 0 1 69 200 0 0
 8819 143118.000 184574.000 0 0 44.000 56.000 2464.000 49.638 0 1 69 200 0 0
 8820 143020.000 184511.000 0 0 44.000 56.000 2464.000 49.638 0 1 69 200 0 0
 8821 143010.000 184661.000 0 0 44.000 56.000 2464.000 49.638 0 1 69 200 0 0
 8822 142677.000 184698.000 0 0 44.000 56.000 2464.000 49.638 0 1 69 200 0 0
 8823 142553.000 184858.000 0 0 44.000 56.000 2464.000 49.638 0 1 69 200 0 0
 8824 142110.000 185131.000 0 0 44.000 56.000 2464.000 49.638 0 1 69 200 0 0
 8825 141912.000 185090.000 0 0 44.000 56.000 2464.000 49.638 0 1 69 200 0 0
 8826 140967.000 185570.000 0 0 42.000 56.000 2352.000 48.497 0 1 69 200 0 0
 8827 140078.000 186082.000 0 0 42.000 56.000 2352.000 48.497 0 1 69 200 0 0
 8828 139969.000 186161.000 0 0 42.000 56.000 2352.000 48.497 0 1 69 200 0 0
 8829 139452.000 186278.000 0 0 42.000 54.000 2268.000 47.623 0 1 69 200 0 0
 8830 138926.000 186651.000 0 0 42.000 54.000 2268.000 47.623 0 1 69 200 0 0
 8831 138591.000 186636.000 0 0 42.000 54.000 2268.000 47.623 0 1 69 200 0 0
 8832 137195.000 187244.000 0 0 42.000 54.000 2268.000 47.623 0 1 69 200 0 0
 8833 135242.000 188065.000 0 0 42.000 56.000 2352.000 48.497 0 1 69 200 0 0
 8834 131527.000 189477.000 0 0 40.000 54.000 2160.000 46.475 0 1 69 200 0 0
 8835 126895.000 191050.000 0 0 38.000 54.000 2052.000 45.299 0 1 127 200 0 0
 8836 126063.000 191215.000 0 0 36.000 56.000 2016.000 44.899 0 1 127 200 0 0
 8837 57513.000 184587.000 0 0 0.000 0.000 0.000 200000.000 0 1 0 200 0 0
 8838 125237.000 191387.000 0 0 36.000 56.000 2016.000 44.899 0 1 127 200 0 0
 8839 191997.000 75505.000 0 0 0.000 0.000 0.000 200000.000 0 1 0 200 0 0
 8840 43713.000 176147.000 0 0 0.000 0.000 0.000 0.399 0 1 0 0 0 0
 8841 31757.000 165518.000 0 0 0.000 0.000 0.000 200000.000 0 1 0 200 0 0
 8842 194924.000 107595.000 0 0 0.000 0.000 0.000 200000.000 0 1 0 200 0 0
 8843 194939.000 108208.000 0 0 0.000 0.000 0.000 0.219 0 1 0 0 0 0
 8844 192940.000 120523.000 0 0 0.000 0.000 0.000 0.372 0 1 0 0 0 0
 8845 179842.000 151640.000 0 0 54.000 48.000 2592.000 50.911 0 1 69 200 0 0
 8846 177225.000 156104.000 0 0 56.000 48.000 2688.000 51.845 0 1 69 200 0 0
 8847 175256.000 158081.000 0 0 54.000 50.000 2700.000 51.961 0 1 69 200 0 0
 8848 174851.000 158875.000 0 0 54.000 50.000 2700.000 51.961 0 1 69 200 0 0
 8849 174379.000 159244.000 0 0 54.000 50.000 2700.000 51.961 0 1 69 200 0 0
 8850 173185.000 160749.000 0 0 54.000 50.000 2700.000 51.961 0 1 69 200 0 0
 8851 173046.000 160984.000 0 0 54.000 52.000 2808.000 52.990 0 1 69 200 0 0
 8852 172570.000 161697.000 0 0 54.000 52.000 2808.000 52.990 0 1 69 200 0 0
 8853 172212.000 162069.000 0 0 52.000 52.000 2704.000 52.000 0 1 69 200 0 0
 8854 170645.000 163583.000 0 0 54.000 50.000 2700.000 51.961 0 1 69 200 0 0
 8855 165923.000 168545.000 0 0 52.000 54.000 2808.000 52.990 0 1 69 200 0 0
 8856 165316.000 169243.000 0 0 52.000 54.000 2808.000 52.990 0 1 69 200 0 0
 8857 164194.000 170171.000 0 0 50.000 54.000 2700.000 51.961 0 1 69 200 0 0
 8858 163299.000 171138.000 0 0 50.000 52.000 2600.000 50.990 0 1 69 200 0 0
 8859 161901.000 172156.000 0 0 52.000 52.000 2704.000 52.000 0 1 69 200 0 0
 8860 161800.000 172260.000 0 0 52.000 53.000 2756.000 52.497 0 1 69 200 0 0
 8861 160919.000 172955.000 0 0 52.000 54.000 2808.000 52.990 0 1 69 200 0 0
 8862 160413.000 173464.000 0 0 50.000 54.000 2700.000 51.961 0 1 69 200 0 0
 8863 159393.000 174268.000 0 0 50.000 54.000 2700.000 51.961 0 1 69 200 0 0
 8864 159023.000 174476.000 0 0 50.000 54.000 2700.000 51.961 0 1 69 200 0 0
 8865 158854.000 174673.000 0 0 50.000 54.000 2700.000 51.961 0 1 69 200 0 0
 8866 158665.000 174816.000 0 0 50.000 54.000 2700.000 51.961 0 1 69 200 0 0
 8867 158056.000 175270.000 0 0 50.000 54.000 2700.000 51.961 0 1 69 200 0 0
 8868 157918.000 175353.000 0 0 50.000 54.000 2700.000 51.961 0 1 69 200 0 0
 8869 157625.000 175704.000 0 0 50.000 54.000 2700.000 51.961 0 1 69 200 0 0
 8870 157156.000 175969.000 0 0 50.000 54.000 2700.000 51.961 0 1 69 200 0 0
 8871 155401.000 177257.000 0 0 48.000 54.000 2592.000 50.911 0 1 69 200 0 0
 8872 155088.000 177507.000 0 0 48.000 54.000 2592.000 50.911 0 1 69 200 0 0
 8873 154817.000 177755.000 0 0 48.000 54.000 2592.000 50.911 0 1 69 200 0 0
 8874 154718.000 177663.000 0 0 48.000 54.000 2592.000 50.911 0 1 69 200 0 0
 8875 153518.000 178618.000 0 0 48.000 54.000 2592.000 50.911 0 1 69 200 0 0
 8876 152511.000 179117.000 0 0 46.000 54.000 2484.000 49.839 0 1 69 200 0 0
 8877 152471.000 179346.000 0 0 48.000 54.000 2592.000 50.911 0 1 69 200 0 0
 8878 151788.000 179667.000 0 0 48.000 54.000 2592.000 50.911 0 1 69 200 0 0
 8879 150698.000 180294.000 0 0 48.000 56.000 2688.000 51.845 0 1 69 200 0 0
 8880 150646.000 180554.000 0 0 48.000 56.000 2688.000 51.845 0 1 69 200 0 0
 8881 150208.000 180704.000 0 0 48.000 56.000 2688.000 51.845 0 1 69 200 0 0
 8882 149797.000 181054.000 0 0 48.000 56.000 2688.000 51.845 0 1 69 200 0 0
 8883 149713.000 181109.000 0 0 48.000 56.000 2688.000 51.845 0 1 69 200 0 0
 8884 149748.000 181383.000 0 0 48.000 56.000 2688.000 51.845 0 1 69 200 0 0
 8885 148168.000 182030.000 0 0 46.000 56.000 2576.000 50.754 0 1 69 200 0 0
 8886 148107.000 182098.000 0 0 46.000 56.000 2576.000 50.754 0 1 69 200 0 0
 8887 147886.000 181983.000 0 0 46.000 56.000 2576.000 50.754 0 1 69 200 0 0
 8888 147299.000 182587.000 0 0 46.000 54.000 2484.000 49.839 0 1 69 200 0 0
 8889 147116.000 182561.000 0 0 46.000 54.000 2484.000 49.839 0 1 69 200 0 0
 8890 146420.000 182902.000 0 0 46.000 54.000 2484.000 49.839 0 1 69 200 0 0
 8891 146168.000 183152.000 0 0 46.000 54.000 2484.000 49.839 0 1 69 200 0 0
 8892 145982.000 183240.000 0 0 46.000 54.000 2484.000 49.839 0 1 69 200 0 0
 8893 145684.000 183389.000 0 0 46.000 54.000 2484.000 49.839 0 1 69 200 0 0
 8894 145609.000 183384.000 0 0 44.000 54.000 2376.000 48.744 0 1 69 200 0 0
 8895 145472.000 183418.000 0 0 44.000 54.000 2376.000 48.744 0 1 69 200 0 0
 8896 144677.000 183844.000 0 0 44.000 56.000 2464.000 49.638 0 1 69 200 0 0
 8897 144010.000 184376.000 0 0 44.000 56.000 2464.000 49.638 0 1 69 200 0 0
 8898 143544.000 184647.000 0 0 44.000 56.000 2464.000 49.638 0 1 69 200 0 0
 8899 143245.000 184542.000 0 0 44.000 56.000 2464.000 49.638 0 1 69 200 0 0
 8900 142877.000 184783.000 0 0 44.000 56.000 2464.000 49.638 0 1 69 200 0 0
 8901 140622.000 185935.000 0 0 42.000 56.000 2352.000 48.497 0 1 69 200 0 0
 8902 139877.000 186266.000 0 0 42.000 56.000 2352.000 48.497 0 1 69 200 0 0
 8903 138169.000 187124.000 0 0 42.000 54.000 2268.000 47.623 0 1 69 200 0 0
 8904 137385.000 187294.000 0 0 42.000 54.000 2268.000 47.623 0 1 69 200 0 0
 8905 136425.000 187856.000 0 0 42.000 56.000 2352.000 48.497 0 1 69 200 0 0
 8906 136006.000 187930.000 0 0 42.000 56.000 2352.000 48.497 0 1 69 200 0 0
 8907 132717.000 189184.000 0 0 40.000 56.000 2240.000 47.328 0 1 69 200 0 0
 8908 132217.000 189423.000 0 0 40.000 56.000 2240.000 47.328 0 1 69 200 0 0
 8909 132098.000 189360.000 0 0 40.000 56.000 2240.000 47.328 0 1 69 200 0 0
 8910 131665.000 189624.000 0 0 40.000 54.000 2160.000 46.475 0 1 69 200 0 0
 8911 131074.000 189784.000 0 0 40.000 54.000 2160.000 46.475 0 1 69 200 0 0
 8912 130473.000 189953.000 0 0 40.000 54.000 2160.000 46.475 0 1 69 200 0 0
 8913 128742.000 190671.000 0 0 38.000 54.000 2052.000 45.299 0 1 127 200 0 0
 8914 25244.000 158327.000 0 0 0.000 0.000 0.000 0.202 0 1 0 0 0 0
 8915 34468.000 31272.000 0 0 0.000 0.000 0.000 200000.000 0 1 0 200 0 0
 8916 10611.000 132018.000 0 0 0.000 0.000 0.000 200000.000 0 1 0 200 0 0
 8917 17530.000 52717.000 0 0 0.000 0.000 0.000 200000.000 0 1 0 200 0 0
 8918 169353.000 34454.000 0 0 0.000 0.000 0.000 0.210 0 1 0 0 0 0
 8919 191037.000 128867.000 0 0 54.000 38.000 2052.000 45.299 0 1 33 200 0 0
 8920 189721.000 132292.000 0 0 0.000 0.000 0.000 0.203 0 1 0 0 0 0
 8921 186698.000 139869.000 0 0 56.000 42.000 2352.000 48.497 0 1 49 200 0 0
 8922 186177.000 140875.000 0 0 56.000 42.000 2352.000 48.497 0 1 44 200 0 0
 8923 185061.000 143056.000 0 0 56.000 44.000 2464.000 49.638 0 1 44 200 0 0
 8924 183704.000 145929.000 0 0 54.000 46.000 2484.000 49.839 0 1 58 200 0 0
 8925 179892.000 151993.000 0 0 54.000 48.000 2592.000 50.911 0 1 69 200 0 0
 8926 178312.000 154283.000 0 0 54.000 48.000 2592.000 50.911 0 1 69 200 0 0
 8927 176031.000 157405.000 0 0 54.000 50.000 2700.000 51.961 0 1 69 200 0 0
 8928 174617.000 159282.000 0 0 54.000 50.000 2700.000 51.961 0 1 69 200 0 0
 8929 174104.000 159959.000 0 0 54.000 50.000 2700.000 51.961 0 1 69 200 0 0
 8930 171913.000 162491.000 0 0 52.000 52.000 2704.000 52.000 0 1 69 200 0 0
 8931 169141.000 165595.000 0 0 54.000 52.000 2808.000 52.990 0 1 69 200 0 0
 8932 168012.000 166763.000 0 0 52.000 52.000 2704.000 52.000 0 1 69 200 0 0
 8933 167773.000 166943.000 0 0 52.000 52.000 2704.000 52.000 0 1 69 200 0 0
 8934 166513.000 168179.000 0 0 52.000 52.000 2704.000 52.000 0 1 69 200 0 0
 8935 166047.000 168534.000 0 0 52.000 53.000 2756.000 52.497 0 1 69 200 0 0
 8936 165989.000 168720.000 0 0 52.000 54.000 2808.000 52.990 0 1 69 200 0 0
 8937 165650.000 168893.000 0 0 52.000 54.000 2808.000 52.990 0 1 69 200 0 0
 8938 164686.000 170141.000 0 0 50.000 54.000 2700.000 51.961 0 1 69 200 0 0
 8939 161963.000 172376.000 0 0 52.000 52.000 2704.000 52.000 0 1 69 200 0 0
 8940 161653.000 172638.000 0 0 52.000 54.000 2808.000 52.990 0 1 69 200 0 0
 8941 161488.000 172769.000 0 0 52.000 54.000 2808.000 52.990 0 1 69 200 0 0
 8942 160583.000 173506.000 0 0 50.000 54.000 2700.000 51.961 0 1 69 200 0 0
 8943 160139.000 173951.000 0 0 50.000 54.000 2700.000 51.961 0 1 69 200 0 0
 8944 160024.000 174079.000 0 0 50.000 54.000 2700.000 51.961 0 1 69 200 0 0
 8945 159451.000 174407.000 0 0 50.000 54.000 2700.000 51.961 0 1 69 200 0 0
 8946 159254.000 174658.000 0 0 50.000 54.000 2700.000 51.961 0 1 69 200 0 0
 8947 158144.000 175446.000 0 0 50.000 54.000 2700.000 51.961 0 1 69 200 0 0
 8948 157216.000 176124.000 0 0 50.000 54.000 2700.000 51.961 0 1 69 200 0 0
 8949 156292.000 176799.000 0 0 48.000 56.000 2688.000 51.845 0 1 69 200 0 0
 8950 156210.000 177054.000 0 0 48.000 56.000 2688.000 51.845 0 1 69 200 0 0
 8951 155548.000 177234.000 0 0 48.000 56.000 2688.000 51.845 0 1 69 200 0 0
 8952 155220.000 177536.000 0 0 48.000 54.000 2592.000 50.911 0 1 69 200 0 0
 8953 154998.000 177933.000 0 0 48.000 54.000 2592.000 50.911 0 1 69 200 0 0
 8954 154191.000 178246.000 0 0 48.000 54.000 2592.000 50.911 0 1 69 200 0 0
 8955 154182.000 178482.000 0 0 48.000 54.000 2592.000 50.911 0 1 69 200 0 0
 8956 153984.000 178597.000 0 0 48.000 54.000 2592.000 50.911 0 1 69 200 0 0
 8957 153225.000 178924.000 0 0 46.000 54.000 2484.000 49.839 0 1 69 200 0 0
 8958 153044.000 179228.000 0 0 46.000 54.000 2484.000 49.839 0 1 69 200 0 0
 8959 152949.000 179317.000 0 0 46.000 54.000 2484.000 49.839 0 1 69 200 0 0
 8960 152665.000 179309.000 0 0 46.000 54.000 2484.000 49.839 0 1 69 200 0 0
 8961 152191.000 179710.000 0 0 48.000 54.000 2592.000 50.911 0 1 69 200 0 0
 8962 151429.000 180086.000 0 0 48.000 56.000 2688.000 51.845 0 1 69 200 0 0
 8963 150795.000 180500.000 0 0 48.000 56.000 2688.000 51.845 0 1 69 200 0 0
 8964 149782.000 181168.000 0 0 48.000 56.000 2688.000 51.845 0 1 69 200 0 0
 8965 149469.000 181427.000 0 0 46.000 56.000 2576.000 50.754 0 1 69 200 0 0
 8966 148676.000 181718.000 0 0 46.000 56.000 2576.000 50.754 0 1 69 200 0 0
 8967 148691.000 181931.000 0 0 46.000 56.000 2576.000 50.754 0 1 69 200 0 0
 8968 148600.000 181885.000 0 0 46.000 56.000 2576.000 50.754 0 1 69 200 0 0
 8969 147949.000 182272.000 0 0 46.000 56.000 2576.000 50.754 0 1 69 200 0 0
 8970 147864.000 182209.000 0 0 46.000 56.000 2576.000 50.754 0 1 69 200 0 0
 8971 146665.000 183006.000 0 0 46.000 54.000 2484.000 49.839 0 1 69 200 0 0
 8972 146382.000 183202.000 0 0 46.000 54.000 2484.000 49.839 0 1 69 200 0 0
 8973 146312.000 183215.000 0 0 46.000 54.000 2484.000 49.839 0 1 69 200 0 0
 8974 145955.000 183418.000 0 0 46.000 54.000 2484.000 49.839 0 1 69 200 0 0
 8975 144998.000 183885.000 0 0 44.000 56.000 2464.000 49.638 0 1 69 200 0 0
 8976 144749.000 184056.000 0 0 44.000 56.000 2464.000 49.638 0 1 69 200 0 0
 8977 144499.000 184052.000 0 0 44.000 56.000 2464.000 49.638 0 1 69 200 0 0
 8978 144388.000 184253.000 0 0 44.000 56.000 2464.000 49.638 0 1 69 200 0 0
 8979 143696.000 184584.000 0 0 44.000 56.000 2464.000 49.638 0 1 69 200 0 0
 8980 141650.000 185559.000 0 0 42.000 56.000 2352.000 48.497 0 1 69 200 0 0
 8981 140622.000 186303.000 0 0 42.000 56.000 2352.000 48.497 0 1 69 200 0 0
 8982 138825.000 186905.000 0 0 42.000 54.000 2268.000 47.623 0 1 69 200 0 0
 8983 135017.000 188499.000 0 0 42.000 56.000 2352.000 48.497 0 1 69 200 0 0
 8984 134818.000 188681.000 0 0 42.000 56.000 2352.000 48.497 0 1 69 200 0 0
 8985 134128.000 188871.000 0 0 40.000 56.000 2240.000 47.328 0 1 69 200 0 0
 8986 129252.000 190573.000 0 0 38.000 54.000 2052.000 45.299 0 1 127 200 0 0
 8987 127805.000 191040.000 0 0 38.000 54.000 2052.000 45.299 0 1 127 200 0 0
 8988 65874.000 188764.000 0 0 0.000 0.000 0.000 0.217 0 1 0 0 0 0
 8989 5512.000 110343.000 0 0 0.000 0.000 0.000 0.264 0 1 0 0 0 0
 8990 191863.000 126397.000 0 0 0.000 0.000 0.000 0.247 0 1 0 0 0 0
 8991 189731.000 132967.000 0 0 0.000 0.000 0.000 0.241 0 1 0 0 0 0
 8992 187277.000 138953.000 0 0 0.000 0.000 0.000 0.202 0 1 0 0 0 0
 8993 185876.000 141846.000 0 0 56.000 42.000 2352.000 48.497 0 1 44 200 0 0
 8994 182744.000 147543.000 0 0 54.000 46.000 2484.000 49.839 0 1 58 200 0 0
 8995 182714.000 147975.000 0 0 56.000 46.000 2576.000 50.754 0 1 58 200 0 0
 8996 182074.000 149009.000 0 0 56.000 46.000 2576.000 50.754 0 1 60 200 0 0
 8997 191933.000 123429.000 0 0 0.000 0.000 0.000 200000.000 0 1 0 200 0 0
 8998 180350.000 151544.000 0 0 56.000 48.000 2688.000 51.845 0 1 69 200 0 0
 8999 178858.000 153745.000 0 0 54.000 48.000 2592.000 50.911 0 1 69 200 0 0
 9000 178013.000 155060.000 0 0 54.000 48.000 2592.000 50.911 0 1 69 200 0 0
 9001 177550.000 155736.000 0 0 56.000 48.000 2688.000 51.845 0 1 69 200 0 0
 9002 175368.000 158705.000 0 0 54.000 50.000 2700.000 51.961 0 1 69 200 0 0
 9003 175102.000 158932.000 0 0 54.000 50.000 2700.000 51.961 0 1 69 200 0 0
 9004 174419.000 159897.000 0 0 54.000 50.000 2700.000 51.961 0 1 69 200 0 0
 9005 174297.000 159997.000 0 0 54.000 50.000 2700.000 51.961 0 1 69 200 0 0
 9006 174210.000 160209.000 0 0 54.000 50.000 2700.000 51.961 0 1 69 200 0 0
 9007 171419.000 163310.000 0 0 52.000 50.000 2600.000 50.990 0 1 69 200 0 0
 9008 171178.000 163640.000 0 0 52.000 50.000 2600.000 50.990 0 1 69 200 0 0
 9009 170388.000 164670.000 0 0 54.000 50.000 2700.000 51.961 0 1 69 200 0 0
 9010 170310.000 164736.000 0 0 54.000 50.000 2700.000 51.961 0 1 69 200 0 0
 9011 169698.000 165349.000 0 0 54.000 52.000 2808.000 52.990 0 1 69 200 0 0
 9012 168313.000 166617.000 0 0 52.000 52.000 2704.000 52.000 0 1 69 200 0 0
 9013 167453.000 167547.000 0 0 52.000 52.000 2704.000 52.000 0 1 69 200 0 0
 9014 166133.000 168798.000 0 0 52.000 54.000 2808.000 52.990 0 1 69 200 0 0
 9015 165665.000 169287.000 0 0 52.000 54.000 2808.000 52.990 0 1 69 200 0 0
 9016 165235.000 169664.000 0 0 52.000 54.000 2808.000 52.990 0 1 69 200 0 0
 9017 163597.000 171013.000 0 0 50.000 54.000 2700.000 51.961 0 1 69 200 0 0
 9018 162284.000 172386.000 0 0 52.000 52.000 2704.000 52.000 0 1 69 200 0 0
 9019 161173.000 173217.000 0 0 52.000 54.000 2808.000 52.990 0 1 69 200 0 0
 9020 161049.000 173425.000 0 0 50.000 54.000 2700.000 51.961 0 1 69 200 0 0
 9021 160857.000 173458.000 0 0 50.000 54.000 2700.000 51.961 0 1 69 200 0 0
 9022 160420.000 173841.000 0 0 50.000 54.000 2700.000 51.961 0 1 69 200 0 0
 9023 160358.000 173917.000 0 0 50.000 54.000 2700.000 51.961 0 1 69 200 0 0
 9024 159808.000 174480.000 0 0 50.000 54.000 2700.000 51.961 0 1 69 200 0 0
 9025 159274.000 174905.000 0 0 50.000 54.000 2700.000 51.961 0 1 69 200 0 0
 9026 158098.000 175634.000 0 0 50.000 54.000 2700.000 51.961 0 1 69 200 0 0
 9027 157956.000 175667.000 0 0 50.000 54.000 2700.000 51.961 0 1 69 200 0 0
 9028 157694.000 175970.000 0 0 50.000 54.000 2700.000 51.961 0 1 69 200 0 0
 9029 157643.000 176047.000 0 0 50.000 54.000 2700.000 51.961 0 1 69 200 0 0
 9030 157589.000 176037.000 0 0 50.000 54.000 2700.000 51.961 0 1 69 200 0 0
 9031 157541.000 176093.000 0 0 50.000 54.000 2700.000 51.961 0 1 69 200 0 0
 9032 156387.000 176885.000 0 0 48.000 56.000 2688.000 51.845 0 1 69 200 0 0
 9033 156003.000 177329.000 0 0 48.000 56.000 2688.000 51.845 0 1 69 200 0 0
 9034 155536.000 177587.000 0 0 48.000 54.000 2592.000 50.911 0 1 69 200 0 0
 9035 154755.000 178273.000 0 0 48.000 54.000 2592.000 50.911 0 1 69 200 0 0
 9036 153667.000 178902.000 0 0 48.000 54.000 2592.000 50.911 0 1 69 200 0 0
 9037 152779.000 179433.000 0 0 46.000 54.000 2484.000 49.839 0 1 69 200 0 0
 9038 151418.000 180307.000 0 0 48.000 56.000 2688.000 51.845 0 1 69 200 0 0
 9039 150893.000 180596.000 0 0 48.000 56.000 2688.000 51.845 0 1 69 200 0 0
 9040 150620.000 180806.000 0 0 48.000 56.000 2688.000 51.845 0 1 69 200 0 0
 9041 149547.000 181680.000 0 0 46.000 56.000 2576.000 50.754 0 1 69 200 0 0
 9042 149168.000 181723.000 0 0 46.000 56.000 2576.000 50.754 0 1 69 200 0 0
 9043 148967.000 181878.000 0 0 46.000 56.000 2576.000 50.754 0 1 69 200 0 0
 9044 148919.000 181842.000 0 0 46.000 56.000 2576.000 50.754 0 1 69 200 0 0
 9045 148337.000 182169.000 0 0 46.000 56.000 2576.000 50.754 0 1 69 200 0 0
 9046 148340.000 182371.000 0 0 46.000 56.000 2576.000 50.754 0 1 69 200 0 0
 9047 147801.000 182609.000 0 0 46.000 56.000 2576.000 50.754 0 1 69 200 0 0
 9048 147534.000 182687.000 0 0 46.000 54.000 2484.000 49.839 0 1 69 200 0 0
 9049 146854.000 183053.000 0 0 46.000 54.000 2484.000 49.839 0 1 69 200 0 0
 9050 146289.000 183534.000 0 0 46.000 54.000 2484.000 49.839 0 1 69 200 0 0
 9051 146143.000 183447.000 0 0 46.000 54.000 2484.000 49.839 0 1 69 200 0 0
 9052 145479.000 183814.000 0 0 44.000 54.000 2376.000 48.744 0 1 69 200 0 0
 9053 145294.000 184070.000 0 0 44.000 56.000 2464.000 49.638 0 1 69 200 0 0
 9054 144207.000 184478.000 0 0 44.000 56.000 2464.000 49.638 0 1 69 200 0 0
 9055 143871.000 184715.000 0 0 44.000 56.000 2464.000 49.638 0 1 69 200 0 0
 9056 143535.000 184991.000 0 0 44.000 56.000 2464.000 49.638 0 1 69 200 0 0
 9057 142243.000 185618.000 0 0 44.000 56.000 2464.000 49.638 0 1 69 200 0 0
 9058 142117.000 185529.000 0 0 44.000 56.000 2464.000 49.638 0 1 69 200 0 0
 9059 140323.000 186417.000 0 0 42.000 56.000 2352.000 48.497 0 1 69 200 0 0
 9060 140100.000 186467.000 0 0 42.000 56.000 2352.000 48.497 0 1 69 200 0 0
 9061 136737.000 187886.000 0 0 42.000 56.000 2352.000 48.497 0 1 69 200 0 0
 9062 136456.000 188043.000 0 0 42.000 56.000 2352.000 48.497 0 1 69 200 0 0
 9063 136134.000 188316.000 0 0 42.000 56.000 2352.000 48.497 0 1 69 200 0 0
 9064 135731.000 188554.000 0 0 42.000 56.000 2352.000 48.497 0 1 69 200 0 0
 9065 134462.000 188887.000 0 0 42.000 56.000 2352.000 48.497 0 1 69 200 0 0
 9066 134101.000 189158.000 0 0 40.000 56.000 2240.000 47.328 0 1 69 200 0 0
 9067 132074.000 189824.000 0 0 40.000 56.000 2240.000 47.328 0 1 69 200 0 0
 9068 131196.000 190026.000 0 0 40.000 54.000 2160.000 46.475 0 1 69 200 0 0
 9069 129164.000 190839.000 0 0 38.000 54.000 2052.000 45.299 0 1 127 200 0 0
 9070 126579.000 191548.000 0 0 36.000 56.000 2016.000 44.899 0 1 127 200 0 0
 9071 36555.000 170859.000 0 0 0.000 0.000 0.000 0.292 0 1 0 0 0 0
 9072 175382.000 41059.000 0 0 0.000 0.000 0.000 200000.000 0 1 0 200 0 0
 9073 191505.000 128516.000 0 0 54.000 38.000 2052.000 45.299 0 1 33 200 0 0
 9074 12613.000 61991.000 0 0 0.000 0.000 0.000 0.393 0 1 0 0 0 0
 9075 157505.000 175318.000 0 0 50.000 54.000 2700.000 51.961 0 1 69 200 0 0
 9076 142207.000 184752.000 0 0 44.000 56.000 2464.000 49.638 0 1 69 200 0 0
 9077 195445.000 108059.000 0 0 0.000 0.000 0.000 0.380 0 1 0 0 0 0
 9078 185791.000 142441.000 0 0 56.000 44.000 2464.000 49.638 0 1 44 200 0 0
 9079 185701.000 142673.000 0 0 56.000 44.000 2464.000 49.638 0 1 44 200 0 0
 9080 184959.000 144270.000 0 0 56.000 44.000 2464.000 49.638 0 1 58 200 0 0
 9081 184199.000 145333.000 0 0 56.000 44.000 2464.000 49.638 0 1 58 200 0 0
 9082 182868.000 147809.000 0 0 54.000 46.000 2484.000 49.839 0 1 58 200 0 0
 9083 179925.000 152567.000 0 0 54.000 48.000 2592.000 50.911 0 1 69 200 0 0
 9084 179687.000 152882.000 0 0 54.000 46.000 2484.000 49.839 0 1 69 200 0 0
 9085 179748.000 153049.000 0 0 54.000 46.000 2484.000 49.839 0 1 69 200 0 0
 9086 179339.000 153275.000 0 0 54.000 46.000 2484.000 49.839 0 1 69 200 0 0
 9087 178879.000 153953.000 0 0 54.000 48.000 2592.000 50.911 0 1 69 200 0 0
 9088 176258.000 157820.000 0 0 54.000 50.000 2700.000 51.961 0 1 69 200 0 0
 9089 175486.000 158722.000 0 0 54.000 50.000 2700.000 51.961 0 1 69 200 0 0
 9090 169391.000 165757.000 0 0 54.000 52.000 2808.000 52.990 0 1 69 200 0 0
 9091 167630.000 167613.000 0 0 52.000 52.000 2704.000 52.000 0 1 69 200 0 0
 9092 167218.000 168031.000 0 0 52.000 52.000 2704.000 52.000 0 1 69 200 0 0
 9093 166333.000 168827.000 0 0 52.000 53.000 2756.000 52.497 0 1 69 200 0 0
 9094 165450.000 169673.000 0 0 52.000 54.000 2808.000 52.990 0 1 69 200 0 0
 9095 165163.000 170098.000 0 0 52.000 54.000 2808.000 52.990 0 1 69 200 0 0
 9096 164886.000 170217.000 0 0 50.000 54.000 2700.000 51.961 0 1 69 200 0 0
 9097 163459.000 171589.000 0 0 50.000 52.000 2600.000 50.990 0 1 69 200 0 0
 9098 163302.000 171687.000 0 0 50.000 52.000 2600.000 50.990 0 1 69 200 0 0
 9099 161185.000 173433.000 0 0 52.000 54.000 2808.000 52.990 0 1 69 200 0 0
 9100 160633.000 173899.000 0 0 50.000 54.000 2700.000 51.961 0 1 69 200 0 0
 9101 159591.000 174826.000 0 0 50.000 54.000 2700.000 51.961 0 1 69 200 0 0
 9102 158951.000 175242.000 0 0 50.000 54.000 2700.000 51.961 0 1 69 200 0 0
 9103 158194.000 175812.000 0 0 50.000 54.000 2700.000 51.961 0 1 69 200 0 0
 9104 156415.000 177124.000 0 0 48.000 56.000 2688.000 51.845 0 1 69 200 0 0
 9105 155233.000 177974.000 0 0 48.000 54.000 2592.000 50.911 0 1 69 200 0 0
 9106 154740.000 178363.000 0 0 48.000 54.000 2592.000 50.911 0 1 69 200 0 0
 9107 153896.000 179061.000 0 0 48.000 54.000 2592.000 50.911 0 1 69 200 0 0
 9108 153020.000 179514.000 0 0 46.000 54.000 2484.000 49.839 0 1 69 200 0 0
 9109 152389.000 179906.000 0 0 48.000 54.000 2592.000 50.911 0 1 69 200 0 0
 9110 152187.000 180114.000 0 0 48.000 54.000 2592.000 50.911 0 1 69 200 0 0
 9111 151990.000 180258.000 0 0 48.000 54.000 2592.000 50.911 0 1 69 200 0 0
 9112 151833.000 180353.000 0 0 48.000 56.000 2688.000 51.845 0 1 69 200 0 0
 9113 151753.000 180515.000 0 0 48.000 56.000 2688.000 51.845 0 1 69 200 0 0
 9114 151550.000 180625.000 0 0 48.000 56.000 2688.000 51.845 0 1 69 200 0 0
 9115 151307.000 180703.000 0 0 48.000 56.000 2688.000 51.845 0 1 69 200 0 0
 9116 151140.000 180809.000 0 0 48.000 56.000 2688.000 51.845 0 1 69 200 0 0
 9117 150568.000 181198.000 0 0 48.000 56.000 2688.000 51.845 0 1 69 200 0 0
 9118 150440.000 181175.000 0 0 48.000 56.000 2688.000 51.845 0 1 69 200 0 0
 9119 150218.000 181223.000 0 0 48.000 56.000 2688.000 51.845 0 1 69 200 0 0
 9120 150058.000 181349.000 0 0 48.000 56.000 2688.000 51.845 0 1 69 200 0 0
 9121 149357.000 181818.000 0 0 46.000 56.000 2576.000 50.754 0 1 69 200 0 0
 9122 149197.000 182032.000 0 0 46.000 56.000 2576.000 50.754 0 1 69 200 0 0
 9123 147903.000 182715.000 0 0 46.000 56.000 2576.000 50.754 0 1 69 200 0 0
 9124 147547.000 182867.000 0 0 46.000 54.000 2484.000 49.839 0 1 69 200 0 0
 9125 147166.000 183085.000 0 0 46.000 54.000 2484.000 49.839 0 1 69 200 0 0
 9126 146679.000 183518.000 0 0 46.000 54.000 2484.000 49.839 0 1 69 200 0 0
 9127 146538.000 183425.000 0 0 46.000 54.000 2484.000 49.839 0 1 69 200 0 0
 9128 145810.000 183791.000 0 0 44.000 54.000 2376.000 48.744 0 1 69 200 0 0
 9129 145112.000 184253.000 0 0 44.000 56.000 2464.000 49.638 0 1 69 200 0 0
 9130 144404.000 184677.000 0 0 44.000 56.000 2464.000 49.638 0 1 69 200 0 0
 9131 139373.000 187045.000 0 0 42.000 54.000 2268.000 47.623 0 1 69 200 0 0
 9132 139241.000 187245.000 0 0 42.000 54.000 2268.000 47.623 0 1 69 200 0 0
 9133 138570.000 187405.000 0 0 42.000 54.000 2268.000 47.623 0 1 69 200 0 0
 9134 138490.000 187473.000 0 0 42.000 54.000 2268.000 47.623 0 1 69 200 0 0
 9135 137257.000 187945.000 0 0 42.000 56.000 2352.000 48.497 0 1 69 200 0 0
 9136 134840.000 189054.000 0 0 42.000 56.000 2352.000 48.497 0 1 69 200 0 0
 9137 131151.000 190374.000 0 0 40.000 54.000 2160.000 46.475 0 1 69 200 0 0
 9138 129167.000 190954.000 0 0 38.000 54.000 2052.000 45.299 0 1 127 200 0 0
 9139 28988.000 163553.000 0 0 0.000 0.000 0.000 200000.000 0 1 0 200 0 0
 9140 156727.000 176893.000 0 0 48.000 56.000 2688.000 51.845 0 1 69 200 0 0
 9141 191989.000 72554.000 0 0 0.000 0.000 0.000 0.213 0 1 0 0 0 0
 9142 192638.000 75121.000 0 0 0.000 0.000 0.000 200000.000 0 1 0 200 0 0
 9143 188795.000 136325.000 0 0 0.000 0.000 0.000 0.227 0 1 0 0 0 0
 9144 188234.000 137592.000 0 0 0.000 0.000 0.000 0.221 0 1 0 0 0 0
 9145 188099.000 137953.000 0 0 0.000 0.000 0.000 0.251 0 1 0 0 0 0
 9146 186145.000 142140.000 0 0 56.000 42.000 2352.000 48.497 0 1 44 200 0 0
 9147 184772.000 144716.000 0 0 56.000 44.000 2464.000 49.638 0 1 58 200 0 0
 9148 183474.000 147153.000 0 0 54.000 46.000 2484.000 49.839 0 1 58 200 0 0
 9149 183207.000 147418.000 0 0 54.000 46.000 2484.000 49.839 0 1 58 200 0 0
 9150 181688.000 150352.000 0 0 56.000 48.000 2688.000 51.845 0 1 69 200 0 0
 9151 181312.000 150827.000 0 0 56.000 48.000 2688.000 51.845 0 1 69 200 0 0
 9152 177741.000 156151.000 0 0 56.000 48.000 2688.000 51.845 0 1 69 200 0 0
 9153 176757.000 157352.000 0 0 56.000 48.000 2688.000 51.845 0 1 69 200 0 0
 9154 173116.000 162393.000 0 0 54.000 52.000 2808.000 52.990 0 1 69 200 0 0
 9155 172830.000 162335.000 0 0 52.000 52.000 2704.000 52.000 0 1 69 200 0 0
 9156 171361.000 163996.000 0 0 54.000 50.000 2700.000 51.961 0 1 69 200 0 0
 9157 170229.000 165173.000 0 0 54.000 52.000 2808.000 52.990 0 1 69 200 0 0
 9158 167263.000 168188.000 0 0 52.000 52.000 2704.000 52.000 0 1 69 200 0 0
 9159 166412.000 169143.000 0 0 52.000 54.000 2808.000 52.990 0 1 69 200 0 0
 9160 165310.000 170088.000 0 0 52.000 54.000 2808.000 52.990 0 1 69 200 0 0
 9161 163944.000 171314.000 0 0 50.000 54.000 2700.000 51.961 0 1 69 200 0 0
 9162 163154.000 171943.000 0 0 52.000 52.000 2704.000 52.000 0 1 69 200 0 0
 9163 163089.000 172008.000 0 0 52.000 52.000 2704.000 52.000 0 1 69 200 0 0
 9164 160365.000 174507.000 0 0 50.000 54.000 2700.000 51.961 0 1 69 200 0 0
 9165 159363.000 175269.000 0 0 50.000 54.000 2700.000 51.961 0 1 69 200 0 0
 9166 158790.000 175759.000 0 0 50.000 54.000 2700.000 51.961 0 1 69 200 0 0
 9167 158355.000 175887.000 0 0 50.000 54.000 2700.000 51.961 0 1 69 200 0 0
 9168 157936.000 176222.000 0 0 50.000 54.000 2700.000 51.961 0 1 69 200 0 0
 9169 157850.000 176467.000 0 0 50.000 54.000 2700.000 51.961 0 1 69 200 0 0
 9170 157668.000 176622.000 0 0 50.000 54.000 2700.000 51.961 0 1 69 200 0 0
 9171 156940.000 176981.000 0 0 48.000 56.000 2688.000 51.845 0 1 69 200 0 0
 9172 156631.000 177312.000 0 0 48.000 56.000 2688.000 51.845 0 1 69 200 0 0
 9173 156395.000 177542.000 0 0 48.000 56.000 2688.000 51.845 0 1 69 200 0 0
 9174 156088.000 177525.000 0 0 48.000 56.000 2688.000 51.845 0 1 69 200 0 0
 9175 155778.000 177697.000 0 0 48.000 54.000 2592.000 50.911 0 1 69 200 0 0
 9176 155624.000 178051.000 0 0 48.000 54.000 2592.000 50.911 0 1 69 200 0 0
 9177 155482.000 178010.000 0 0 48.000 54.000 2592.000 50.911 0 1 69 200 0 0
 9178 154780.000 178557.000 0 0 48.000 54.000 2592.000 50.911 0 1 69 200 0 0
 9179 154597.000 178567.000 0 0 48.000 54.000 2592.000 50.911 0 1 69 200 0 0
 9180 153849.000 179237.000 0 0 48.000 54.000 2592.000 50.911 0 1 69 200 0 0
 9181 153726.000 179169.000 0 0 48.000 54.000 2592.000 50.911 0 1 69 200 0 0
 9182 153672.000 179418.000 0 0 46.000 54.000 2484.000 49.839 0 1 69 200 0 0
 9183 153540.000 179320.000 0 0 46.000 54.000 2484.000 49.839 0 1 69 200 0 0
 9184 153379.000 179599.000 0 0 46.000 54.000 2484.000 49.839 0 1 69 200 0 0
 9185 152584.000 180027.000 0 0 48.000 54.000 2592.000 50.911 0 1 69 200 0 0
 9186 152211.000 180287.000 0 0 48.000 54.000 2592.000 50.911 0 1 69 200 0 0
 9187 152106.000 180294.000 0 0 48.000 54.000 2592.000 50.911 0 1 69 200 0 0
 9188 151452.000 180675.000 0 0 48.000 56.000 2688.000 51.845 0 1 69 200 0 0
 9189 151188.000 180954.000 0 0 48.000 56.000 2688.000 51.845 0 1 69 200 0 0
 9190 150794.000 181146.000 0 0 48.000 56.000 2688.000 51.845 0 1 69 200 0 0
 9191 150106.000 181718.000 0 0 48.000 56.000 2688.000 51.845 0 1 69 200 0 0
 9192 148925.000 182274.000 0 0 46.000 56.000 2576.000 50.754 0 1 69 200 0 0
 9193 148856.000 182301.000 0 0 46.000 56.000 2576.000 50.754 0 1 69 200 0 0
 9194 148767.000 182539.000 0 0 46.000 56.000 2576.000 50.754 0 1 69 200 0 0
 9195 147758.000 182985.000 0 0 46.000 54.000 2484.000 49.839 0 1 69 200 0 0
 9196 147483.000 183115.000 0 0 46.000 54.000 2484.000 49.839 0 1 69 200 0 0
 9197 146539.000 183530.000 0 0 46.000 54.000 2484.000 49.839 0 1 69 200 0 0
 9198 145777.000 184010.000 0 0 44.000 54.000 2376.000 48.744 0 1 69 200 0 0
 9199 145796.000 184179.000 0 0 44.000 54.000 2376.000 48.744 0 1 69 200 0 0
 9200 145583.000 184074.000 0 0 44.000 54.000 2376.000 48.744 0 1 69 200 0 0
 9201 145353.000 184276.000 0 0 44.000 56.000 2464.000 49.638 0 1 69 200 0 0
 9202 145075.000 184555.000 0 0 44.000 56.000 2464.000 49.638 0 1 69 200 0 0
 9203 143511.000 185236.000 0 0 44.000 56.000 2464.000 49.638 0 1 69 200 0 0
 9204 143260.000 185330.000 0 0 44.000 56.000 2464.000 49.638 0 1 69 200 0 0
 9205 141612.000 186177.000 0 0 42.000 56.000 2352.000 48.497 0 1 69 200 0 0
 9206 140544.000 186849.000 0 0 42.000 56.000 2352.000 48.497 0 1 69 200 0 0
 9207 139452.000 187324.000 0 0 42.000 54.000 2268.000 47.623 0 1 69 200 0 0
 9208 139101.000 187404.000 0 0 42.000 54.000 2268.000 47.623 0 1 69 200 0 0
 9209 139068.000 187522.000 0 0 42.000 54.000 2268.000 47.623 0 1 69 200 0 0
 9210 137539.000 188035.000 0 0 42.000 54.000 2268.000 47.623 0 1 69 200 0 0
 9211 134948.000 189038.000 0 0 42.000 56.000 2352.000 48.497 0 1 69 200 0 0
 9212 134417.000 189267.000 0 0 40.000 56.000 2240.000 47.328 0 1 69 200 0 0
 9213 134230.000 189384.000 0 0 40.000 56.000 2240.000 47.328 0 1 69 200 0 0
 9214 132110.000 190130.000 0 0 40.000 56.000 2240.000 47.328 0 1 69 200 0 0
 9215 131822.000 190338.000 0 0 40.000 54.000 2160.000 46.475 0 1 69 200 0 0
 9216 131022.000 190535.000 0 0 40.000 54.000 2160.000 46.475 0 1 69 200 0 0
 9217 129956.000 190893.000 0 0 38.000 54.000 2052.000 45.299 0 1 127 200 0 0
 9218 39724.000 174109.000 0 0 0.000 0.000 0.000 200000.000 0 1 0 200 0 0
 9219 6177.000 82128.000 0 0 0.000 0.000 0.000 200000.000 0 1 0 200 0 0
 9220 148102.000 16972.000 0 0 0.000 0.000 0.000 200000.000 0 1 0 200 0 0
 9221 26264.000 160767.000 0 0 0.000 0.000 0.000 200000.000 0 1 0 200 0 0
 9222 182256.000 50425.000 0 0 0.000 0.000 0.000 200000.000 0 1 0 200 0 0
 9223 195160.000 86740.000 0 0 0.000 0.000 0.000 0.200 0 1 0 0 0 0
 9224 196126.000 95809.000 0 0 0.000 0.000 0.000 200000.000 0 1 0 200 0 0
 9225 187299.000 139994.000 0 0 54.000 42.000 2268.000 47.623 0 1 49 200 0 0
 9226 185957.000 142868.000 0 0 56.000 44.000 2464.000 49.638 0 1 44 200 0 0
 9227 185090.000 144494.000 0 0 56.000 44.000 2464.000 49.638 0 1 58 200 0 0
 9228 184120.000 146299.000 0 0 54.000 46.000 2484.000 49.839 0 1 58 200 0 0
 9229 183662.000 146980.000 0 0 54.000 46.000 2484.000 49.839 0 1 58 200 0 0
 9230 191555.000 73174.000 0 0 0.000 0.000 0.000 200000.000 0 1 0 200 0 0
 9231 180043.000 152947.000 0 0 54.000 48.000 2592.000 50.911 0 1 69 200 0 0
 9232 179917.000 153256.000 0 0 54.000 46.000 2484.000 49.839 0 1 69 200 0 0
 9233 179624.000 153574.000 0 0 54.000 46.000 2484.000 49.839 0 1 69 200 0 0
 9234 179411.000 153840.000 0 0 54.000 48.000 2592.000 50.911 0 1 69 200 0 0
 9235 176281.000 158276.000 0 0 54.000 50.000 2700.000 51.961 0 1 69 200 0 0
 9236 173612.000 161482.000 0 0 54.000 52.000 2808.000 52.990 0 1 69 200 0 0
 9237 172726.000 162822.000 0 0 52.000 52.000 2704.000 52.000 0 1 69 200 0 0
 9238 172040.000 163542.000 0 0 52.000 50.000 2600.000 50.990 0 1 69 200 0 0
 9239 169798.000 165764.000 0 0 54.000 52.000 2808.000 52.990 0 1 69 200 0 0
 9240 169647.000 165924.000 0 0 54.000 52.000 2808.000 52.990 0 1 69 200 0 0
 9241 169297.000 166333.000 0 0 54.000 52.000 2808.000 52.990 0 1 69 200 0 0
 9242 168607.000 166981.000 0 0 52.000 52.000 2704.000 52.000 0 1 69 200 0 0
 9243 168922.000 166980.000 0 0 52.000 52.000 2704.000 52.000 0 1 69 200 0 0
 9244 165722.000 169790.000 0 0 52.000 54.000 2808.000 52.990 0 1 69 200 0 0
 9245 164981.000 170449.000 0 0 50.000 54.000 2700.000 51.961 0 1 69 200 0 0
 9246 162910.000 172368.000 0 0 52.000 52.000 2704.000 52.000 0 1 69 200 0 0
 9247 161828.000 173338.000 0 0 52.000 54.000 2808.000 52.990 0 1 69 200 0 0
 9248 160800.000 174351.000 0 0 50.000 54.000 2700.000 51.961 0 1 69 200 0 0
 9249 160042.000 174848.000 0 0 50.000 54.000 2700.000 51.961 0 1 69 200 0 0
 9250 159287.000 175426.000 0 0 50.000 54.000 2700.000 51.961 0 1 69 200 0 0
 9251 157813.000 176578.000 0 0 50.000 54.000 2700.000 51.961 0 1 69 200 0 0
 9252 157175.000 176999.000 0 0 48.000 56.000 2688.000 51.845 0 1 69 200 0 0
 9253 156264.000 177667.000 0 0 48.000 56.000 2688.000 51.845 0 1 69 200 0 0
 9254 155757.000 177968.000 0 0 48.000 54.000 2592.000 50.911 0 1 69 200 0 0
 9255 155631.000 178291.000 0 0 48.000 54.000 2592.000 50.911 0 1 69 200 0 0
 9256 155529.000 178266.000 0 0 48.000 54.000 2592.000 50.911 0 1 69 200 0 0
 9257 154906.000 178522.000 0 0 48.000 54.000 2592.000 50.911 0 1 69 200 0 0
 9258 154204.000 179081.000 0 0 48.000 54.000 2592.000 50.911 0 1 69 200 0 0
 9259 153038.000 179826.000 0 0 46.000 54.000 2484.000 49.839 0 1 69 200 0 0
 9260 152729.000 180047.000 0 0 48.000 54.000 2592.000 50.911 0 1 69 200 0 0
 9261 152749.000 180180.000 0 0 48.000 54.000 2592.000 50.911 0 1 69 200 0 0
 9262 150856.000 181323.000 0 0 48.000 56.000 2688.000 51.845 0 1 69 200 0 0
 9263 150462.000 181612.000 0 0 48.000 56.000 2688.000 51.845 0 1 69 200 0 0
 9264 150376.000 181542.000 0 0 48.000 56.000 2688.000 51.845 0 1 69 200 0 0
 9265 149986.000 181840.000 0 0 48.000 56.000 2688.000 51.845 0 1 69 200 0 0
 9266 148517.000 182666.000 0 0 46.000 56.000 2576.000 50.754 0 1 69 200 0 0
 9267 148484.000 182719.000 0 0 46.000 56.000 2576.000 50.754 0 1 69 200 0 0
 9268 148465.000 182934.000 0 0 46.000 56.000 2576.000 50.754 0 1 69 200 0 0
 9269 148226.000 182769.000 0 0 46.000 56.000 2576.000 50.754 0 1 69 200 0 0
 9270 147028.000 183475.000 0 0 46.000 54.000 2484.000 49.839 0 1 69 200 0 0
 9271 146685.000 183890.000 0 0 46.000 54.000 2484.000 49.839 0 1 69 200 0 0
 9272 146145.000 184004.000 0 0 46.000 54.000 2484.000 49.839 0 1 69 200 0 0
 9273 146125.000 184063.000 0 0 46.000 54.000 2484.000 49.839 0 1 69 200 0 0
 9274 146047.000 184083.000 0 0 46.000 54.000 2484.000 49.839 0 1 69 200 0 0
 9275 145654.000 184361.000 0 0 44.000 54.000 2376.000 48.744 0 1 69 200 0 0
 9276 145383.000 184528.000 0 0 44.000 56.000 2464.000 49.638 0 1 69 200 0 0
 9277 144837.000 184893.000 0 0 44.000 56.000 2464.000 49.638 0 1 69 200 0 0
 9278 144617.000 184769.000 0 0 44.000 56.000 2464.000 49.638 0 1 69 200 0 0
 9279 144352.000 184956.000 0 0 44.000 56.000 2464.000 49.638 0 1 69 200 0 0
 9280 143879.000 185232.000 0 0 44.000 56.000 2464.000 49.638 0 1 69 200 0 0
 9281 143762.000 185448.000 0 0 44.000 56.000 2464.000 49.638 0 1 69 200 0 0
 9282 143072.000 185632.000 0 0 44.000 56.000 2464.000 49.638 0 1 69 200 0 0
 9283 142380.000 185962.000 0 0 44.000 56.000 2464.000 49.638 0 1 69 200 0 0
 9284 141812.000 186423.000 0 0 42.000 56.000 2352.000 48.497 0 1 69 200 0 0
 9285 141311.000 186549.000 0 0 42.000 56.000 2352.000 48.497 0 1 69 200 0 0
 9286 141074.000 186778.000 0 0 42.000 56.000 2352.000 48.497 0 1 69 200 0 0
 9287 140984.000 186761.000 0 0 42.000 56.000 2352.000 48.497 0 1 69 200 0 0
 9288 140784.000 186657.000 0 0 42.000 56.000 2352.000 48.497 0 1 69 200 0 0
 9289 140092.000 187043.000 0 0 42.000 56.000 2352.000 48.497 0 1 69 200 0 0
 9290 139947.000 187269.000 0 0 42.000 54.000 2268.000 47.623 0 1 69 200 0 0
 9291 138820.000 187792.000 0 0 42.000 54.000 2268.000 47.623 0 1 69 200 0 0
 9292 138474.000 187769.000 0 0 42.000 54.000 2268.000 47.623 0 1 69 200 0 0
 9293 136158.000 188878.000 0 0 42.000 56.000 2352.000 48.497 0 1 69 200 0 0
 9294 133840.000 189677.000 0 0 40.000 56.000 2240.000 47.328 0 1 69 200 0 0
 9295 133412.000 189844.000 0 0 40.000 56.000 2240.000 47.328 0 1 69 200 0 0
 9296 131271.000 190612.000 0 0 40.000 54.000 2160.000 46.475 0 1 69 200 0 0
 9297 129482.000 191247.000 0 0 38.000 54.000 2052.000 45.299 0 1 127 200 0 0
 9298 128924.000 191467.000 0 0 38.000 54.000 2052.000 45.299 0 1 127 200 0 0
 9299 30589.000 165796.000 0 0 0.000 0.000 0.000 200000.000 0 1 0 200 0 0
 9300 125441.000 192494.000 0 0 0.000 0.000 0.000 0.213 0 1 0 0 0 0
 9301 21723.000 154937.000 0 0 0.000 0.000 0.000 200000.000 0 1 0 200 0 0
 9302 5132.000 112137.000 0 0 0.000 0.000 0.000 200000.000 0 1 0 200 0 0
 9303 9173.000 69304.000 0 0 0.000 0.000 0.000 200000.000 0 1 0 200 0 0
 9304 10577.000 65704.000 0 0 0.000 0.000 0.000 0.200 0 1 0 0 0 0
 9305 195829.000 108988.000 0 0 0.000 0.000 0.000 0.283 0 1 0 0 0 0
 9306 168883.000 167020.000 0 0 52.000 52.000 2704.000 52.000 0 1 69 200 0 0
 9307 191119.000 130933.000 0 0 0.000 0.000 0.000 0.211 0 1 0 0 0 0
 9308 157346.000 176904.000 0 0 48.000 56.000 2688.000 51.845 0 1 69 200 0 0
 9309 185401.000 144434.000 0 0 56.000 44.000 2464.000 49.638 0 1 58 200 0 0
 9310 155046.000 178563.000 0 0 48.000 54.000 2592.000 50.911 0 1 69 200 0 0
 9311 185190.000 144604.000 0 0 56.000 44.000 2464.000 49.638 0 1 58 200 0 0
 9312 184594.000 145772.000 0 0 54.000 44.000 2376.000 48.744 0 1 58 200 0 0
 9313 184391.000 146165.000 0 0 54.000 44.000 2376.000 48.744 0 1 58 200 0 0
 9314 184380.000 146332.000 0 0 54.000 46.000 2484.000 49.839 0 1 58 200 0 0
 9315 180204.000 153110.000 0 0 54.000 48.000 2592.000 50.911 0 1 69 200 0 0
 9316 179459.000 154185.000 0 0 54.000 48.000 2592.000 50.911 0 1 69 200 0 0
 9317 179245.000 154618.000 0 0 54.000 48.000 2592.000 50.911 0 1 69 200 0 0
 9318 174619.000 160633.000 0 0 54.000 50.000 2700.000 51.961 0 1 69 200 0 0
 9319 181743.000 149205.000 0 0 56.000 46.000 2576.000 50.754 0 1 60 200 0 0
 9320 172660.000 163033.000 0 0 52.000 52.000 2704.000 52.000 0 1 69 200 0 0
 9321 172460.000 163367.000 0 0 52.000 52.000 2704.000 52.000 0 1 69 200 0 0
 9322 171118.000 164538.000 0 0 54.000 50.000 2700.000 51.961 0 1 69 200 0 0
 9323 168198.000 167722.000 0 0 52.000 52.000 2704.000 52.000 0 1 69 200 0 0
 9324 166885.000 169006.000 0 0 52.000 52.000 2704.000 52.000 0 1 69 200 0 0
 9325 165923.000 170037.000 0 0 52.000 54.000 2808.000 52.990 0 1 69 200 0 0
 9326 165665.000 170145.000 0 0 52.000 54.000 2808.000 52.990 0 1 69 200 0 0
 9327 164915.000 170812.000 0 0 50.000 54.000 2700.000 51.961 0 1 69 200 0 0
 9328 164543.000 171217.000 0 0 50.000 54.000 2700.000 51.961 0 1 69 200 0 0
 9329 164260.000 171461.000 0 0 50.000 54.000 2700.000 51.961 0 1 69 200 0 0
 9330 164054.000 171824.000 0 0 50.000 52.000 2600.000 50.990 0 1 69 200 0 0
 9331 163341.000 172324.000 0 0 52.000 52.000 2704.000 52.000 0 1 69 200 0 0
 9332 162998.000 172668.000 0 0 52.000 52.000 2704.000 52.000 0 1 69 200 0 0
 9333 162755.000 172894.000 0 0 52.000 52.000 2704.000 52.000 0 1 69 200 0 0
 9334 161927.000 173505.000 0 0 52.000 54.000 2808.000 52.990 0 1 69 200 0 0
 9335 161507.000 173755.000 0 0 52.000 54.000 2808.000 52.990 0 1 69 200 0 0
 9336 161289.000 173889.000 0 0 50.000 54.000 2700.000 51.961 0 1 69 200 0 0
 9337 161230.000 174034.000 0 0 50.000 54.000 2700.000 51.961 0 1 69 200 0 0
 9338 160933.000 174267.000 0 0 50.000 54.000 2700.000 51.961 0 1 69 200 0 0
 9339 160948.000 174431.000 0 0 50.000 54.000 2700.000 51.961 0 1 69 200 0 0
 9340 160198.000 174859.000 0 0 50.000 54.000 2700.000 51.961 0 1 69 200 0 0
 9341 159999.000 175000.000 0 0 50.000 54.000 2700.000 51.961 0 1 69 200 0 0
 9342 159274.000 175664.000 0 0 50.000 54.000 2700.000 51.961 0 1 69 200 0 0
 9343 159148.000 175682.000 0 0 50.000 54.000 2700.000 51.961 0 1 69 200 0 0
 9344 159177.000 175846.000 0 0 50.000 54.000 2700.000 51.961 0 1 69 200 0 0
 9345 159058.000 175761.000 0 0 50.000 54.000 2700.000 51.961 0 1 69 200 0 0
 9346 158655.000 176120.000 0 0 50.000 54.000 2700.000 51.961 0 1 69 200 0 0
 9347 158432.000 176298.000 0 0 50.000 54.000 2700.000 51.961 0 1 69 200 0 0
 9348 158177.000 176656.000 0 0 50.000 54.000 2700.000 51.961 0 1 69 200 0 0
 9349 157776.000 176689.000 0 0 50.000 54.000 2700.000 51.961 0 1 69 200 0 0
 9350 157637.000 177043.000 0 0 48.000 56.000 2688.000 51.845 0 1 69 200 0 0
 9351 157162.000 177182.000 0 0 48.000 56.000 2688.000 51.845 0 1 69 200 0 0
 9352 156347.000 178003.000 0 0 48.000 56.000 2688.000 51.845 0 1 69 200 0 0
 9353 156072.000 177974.000 0 0 48.000 56.000 2688.000 51.845 0 1 69 200 0 0
 9354 155618.000 178346.000 0 0 48.000 54.000 2592.000 50.911 0 1 69 200 0 0
 9355 155286.000 178738.000 0 0 48.000 54.000 2592.000 50.911 0 1 69 200 0 0
 9356 154476.000 179284.000 0 0 48.000 54.000 2592.000 50.911 0 1 69 200 0 0
 9357 153425.000 179834.000 0 0 46.000 54.000 2484.000 49.839 0 1 69 200 0 0
 9358 152540.000 180576.000 0 0 48.000 54.000 2592.000 50.911 0 1 69 200 0 0
 9359 151784.000 181002.000 0 0 48.000 56.000 2688.000 51.845 0 1 69 200 0 0
 9360 151187.000 181403.000 0 0 48.000 56.000 2688.000 51.845 0 1 69 200 0 0
 9361 150703.000 181670.000 0 0 48.000 56.000 2688.000 51.845 0 1 69 200 0 0
 9362 150391.000 181751.000 0 0 48.000 56.000 2688.000 51.845 0 1 69 200 0 0
 9363 149751.000 182170.000 0 0 46.000 56.000 2576.000 50.754 0 1 69 200 0 0
 9364 148915.000 182662.000 0 0 46.000 56.000 2576.000 50.754 0 1 69 200 0 0
 9365 148746.000 182677.000 0 0 46.000 56.000 2576.000 50.754 0 1 69 200 0 0
 9366 148738.000 182807.000 0 0 46.000 56.000 2576.000 50.754 0 1 69 200 0 0
 9367 146544.000 184139.000 0 0 46.000 54.000 2484.000 49.839 0 1 69 200 0 0
 9368 145353.000 184677.000 0 0 44.000 56.000 2464.000 49.638 0 1 69 200 0 0
 9369 144359.000 185199.000 0 0 44.000 56.000 2464.000 49.638 0 1 69 200 0 0
 9370 143530.000 185673.000 0 0 44.000 56.000 2464.000 49.638 0 1 69 200 0 0
 9371 142185.000 186255.000 0 0 42.000 56.000 2352.000 48.497 0 1 69 200 0 0
 9372 140785.000 186909.000 0 0 42.000 56.000 2352.000 48.497 0 1 69 200 0 0
 9373 137957.000 188218.000 0 0 42.000 54.000 2268.000 47.623 0 1 69 200 0 0
 9374 134219.000 189702.000 0 0 40.000 56.000 2240.000 47.328 0 1 69 200 0 0
 9375 133054.000 190231.000 0 0 40.000 56.000 2240.000 47.328 0 1 69 200 0 0
 9376 132103.000 190637.000 0 0 40.000 56.000 2240.000 47.328 0 1 69 200 0 0
 9377 73079.000 192102.000 0 0 0.000 0.000 0.000 0.294 0 1 0 0 0 0
 9378 5084.000 85522.000 0 0 0.000 0.000 0.000 200000.000 0 1 0 200 0 0
 9379 66114.000 189857.000 0 0 0.000 0.000 0.000 200000.000 0 1 0 200 0 0
 9380 196155.000 108708.000 0 0 0.000 0.000 0.000 200000.000 0 1 0 200 0 0
 9381 47758.000 180423.000 0 0 0.000 0.000 0.000 200000.000 0 1 0 200 0 0
 9382 183706.000 147709.000 0 0 54.000 46.000 2484.000 49.839 0 1 58 200 0 0
 9383 7404.000 124603.000 0 0 0.000 0.000 0.000 0.208 0 1 0 0 0 0
 9384 182833.000 149245.000 0 0 56.000 46.000 2576.000 50.754 0 1 60 200 0 0
 9385 5184.000 85593.000 0 0 0.000 0.000 0.000 200000.000 0 1 0 200 0 0
 9386 167838.000 31371.000 0 0 0.000 0.000 0.000 0.240 0 1 0 0 0 0
 9387 180260.000 46503.000 0 0 0.000 0.000 0.000 0.232 0 1 0 0 0 0
 9388 193215.000 124756.000 0 0 0.000 0.000 0.000 0.202 0 1 0 0 0 0
 9389 192062.000 128700.000 0 0 54.000 38.000 2052.000 45.299 0 1 33 200 0 0
 9390 191709.000 129658.000 0 0 0.000 0.000 0.000 0.201 0 1 0 0 0 0
 9391 189793.000 134946.000 0 0 0.000 0.000 0.000 0.201 0 1 0 0 0 0
 9392 185710.000 143914.000 0 0 56.000 44.000 2464.000 49.638 0 1 58 200 0 0
 9393 183905.000 147408.000 0 0 54.000 46.000 2484.000 49.839 0 1 58 200 0 0
 9394 183076.000 148612.000 0 0 0.000 0.000 0.000 0.297 0 1 0 0 0 0
 9395 182451.000 150027.000 0 0 56.000 46.000 2576.000 50.754 0 1 69 200 0 0
 9396 178824.000 155636.000 0 0 54.000 48.000 2592.000 50.911 0 1 69 200 0 0
 9397 172557.000 163188.000 0 0 52.000 52.000 2704.000 52.000 0 1 69 200 0 0
 9398 172298.000 163580.000 0 0 52.000 52.000 2704.000 52.000 0 1 69 200 0 0
 9399 171139.000 165038.000 0 0 54.000 50.000 2700.000 51.961 0 1 69 200 0 0
 9400 170640.000 165399.000 0 0 54.000 50.000 2700.000 51.961 0 1 69 200 0 0
 9401 170253.000 166055.000 0 0 54.000 52.000 2808.000 52.990 0 1 69 200 0 0
 9402 169884.000 166238.000 0 0 54.000 52.000 2808.000 52.990 0 1 69 200 0 0
 9403 169678.000 166629.000 0 0 54.000 52.000 2808.000 52.990 0 1 69 200 0 0
 9404 169209.000 166919.000 0 0 52.000 52.000 2704.000 52.000 0 1 69 200 0 0
 9405 169172.000 167032.000 0 0 52.000 52.000 2704.000 52.000 0 1 69 200 0 0
 9406 168558.000 167573.000 0 0 52.000 52.000 2704.000 52.000 0 1 69 200 0 0
 9407 167112.000 168982.000 0 0 52.000 52.000 2704.000 52.000 0 1 69 200 0 0
 9408 166172.000 169973.000 0 0 52.000 54.000 2808.000 52.990 0 1 69 200 0 0
 9409 165877.000 170258.000 0 0 52.000 54.000 2808.000 52.990 0 1 69 200 0 0
 9410 164679.000 171300.000 0 0 50.000 54.000 2700.000 51.961 0 1 69 200 0 0
 9411 164501.000 171460.000 0 0 50.000 54.000 2700.000 51.961 0 1 69 200 0 0
 9412 163689.000 172233.000 0 0 52.000 52.000 2704.000 52.000 0 1 69 200 0 0
 9413 162901.000 172914.000 0 0 52.000 52.000 2704.000 52.000 0 1 69 200 0 0
 9414 162474.000 173118.000 0 0 52.000 54.000 2808.000 52.990 0 1 69 200 0 0
 9415 162341.000 173381.000 0 0 52.000 54.000 2808.000 52.990 0 1 69 200 0 0
 9416 162144.000 173505.000 0 0 52.000 54.000 2808.000 52.990 0 1 69 200 0 0
 9417 162089.000 173606.000 0 0 52.000 54.000 2808.000 52.990 0 1 69 200 0 0
 9418 161432.000 174193.000 0 0 50.000 54.000 2700.000 51.961 0 1 69 200 0 0
 9419 160802.000 174785.000 0 0 50.000 54.000 2700.000 51.961 0 1 69 200 0 0
 9420 160053.000 175276.000 0 0 50.000 54.000 2700.000 51.961 0 1 69 200 0 0
 9421 159784.000 175396.000 0 0 50.000 54.000 2700.000 51.961 0 1 69 200 0 0
 9422 159686.000 175496.000 0 0 50.000 54.000 2700.000 51.961 0 1 69 200 0 0
 9423 159662.000 175635.000 0 0 50.000 54.000 2700.000 51.961 0 1 69 200 0 0
 9424 159124.000 175989.000 0 0 50.000 54.000 2700.000 51.961 0 1 69 200 0 0
 9425 158837.000 176222.000 0 0 50.000 54.000 2700.000 51.961 0 1 69 200 0 0
 9426 158642.000 176337.000 0 0 50.000 54.000 2700.000 51.961 0 1 69 200 0 0
 9427 158301.000 176597.000 0 0 50.000 54.000 2700.000 51.961 0 1 69 200 0 0
 9428 158300.000 176719.000 0 0 50.000 54.000 2700.000 51.961 0 1 69 200 0 0
 9429 157775.000 177017.000 0 0 50.000 55.000 2750.000 52.440 0 1 69 200 0 0
 9430 156693.000 177759.000 0 0 48.000 56.000 2688.000 51.845 0 1 69 200 0 0
 9431 156492.000 177834.000 0 0 48.000 56.000 2688.000 51.845 0 1 69 200 0 0
 9432 156555.000 177975.000 0 0 48.000 56.000 2688.000 51.845 0 1 69 200 0 0
 9433 156046.000 178225.000 0 0 48.000 54.000 2592.000 50.911 0 1 69 200 0 0
 9434 155676.000 178603.000 0 0 48.000 54.000 2592.000 50.911 0 1 69 200 0 0
 9435 155212.000 178865.000 0 0 48.000 54.000 2592.000 50.911 0 1 69 200 0 0
 9436 154565.000 179251.000 0 0 48.000 54.000 2592.000 50.911 0 1 69 200 0 0
 9437 154261.000 179533.000 0 0 48.000 54.000 2592.000 50.911 0 1 69 200 0 0
 9438 154068.000 179767.000 0 0 48.000 54.000 2592.000 50.911 0 1 69 200 0 0
 9439 153945.000 179660.000 0 0 48.000 54.000 2592.000 50.911 0 1 69 200 0 0
 9440 153716.000 179805.000 0 0 46.000 54.000 2484.000 49.839 0 1 69 200 0 0
 9441 148095.000 183389.000 0 0 46.000 54.000 2484.000 49.839 0 1 69 200 0 0
 9442 145496.000 184690.000 0 0 44.000 56.000 2464.000 49.638 0 1 69 200 0 0
 9443 145116.000 184976.000 0 0 44.000 56.000 2464.000 49.638 0 1 69 200 0 0
 9444 144340.000 185394.000 0 0 44.000 56.000 2464.000 49.638 0 1 69 200 0 0
 9445 143937.000 185608.000 0 0 44.000 56.000 2464.000 49.638 0 1 69 200 0 0
 9446 143627.000 185711.000 0 0 44.000 56.000 2464.000 49.638 0 1 69 200 0 0
 9447 143619.000 185757.000 0 0 44.000 56.000 2464.000 49.638 0 1 69 200 0 0
 9448 142641.000 186305.000 0 0 44.000 56.000 2464.000 49.638 0 1 69 200 0 0
 9449 142551.000 186437.000 0 0 44.000 56.000 2464.000 49.638 0 1 69 200 0 0
 9450 141751.000 186787.000 0 0 42.000 56.000 2352.000 48.497 0 1 69 200 0 0
 9451 141326.000 187000.000 0 0 42.000 56.000 2352.000 48.497 0 1 69 200 0 0
 9452 140429.000 187294.000 0 0 42.000 56.000 2352.000 48.497 0 1 69 200 0 0
 9453 140276.000 187368.000 0 0 42.000 56.000 2352.000 48.497 0 1 69 200 0 0
 9454 139071.000 187845.000 0 0 42.000 54.000 2268.000 47.623 0 1 69 200 0 0
 9455 138572.000 188236.000 0 0 42.000 54.000 2268.000 47.623 0 1 69 200 0 0
 9456 138275.000 188353.000 0 0 42.000 54.000 2268.000 47.623 0 1 69 200 0 0
 9457 136556.000 189087.000 0 0 42.000 56.000 2352.000 48.497 0 1 69 200 0 0
 9458 133351.000 190306.000 0 0 40.000 56.000 2240.000 47.328 0 1 69 200 0 0
 9459 127097.000 192312.000 0 0 0.000 0.000 0.000 0.252 0 1 0 0 0 0
 9460 60561.000 187562.000 0 0 0.000 0.000 0.000 0.243 0 1 0 0 0 0
 9461 9860.000 66833.000 0 0 0.000 0.000 0.000 200000.000 0 1 0 200 0 0
 9462 4769.000 113083.000 0 0 0.000 0.000 0.000 200000.000 0 1 0 200 0 0
 9463 4736.000 113031.000 0 0 0.000 0.000 0.000 200000.000 0 1 0 200 0 0
 9464 19297.000 47523.000 0 0 0.000 0.000 0.000 200000.000 0 1 0 200 0 0
 9465 196118.000 110381.000 0 0 0.000 0.000 0.000 0.217 0 1 0 0 0 0
 9466 192516.000 127638.000 0 0 0.000 0.000 0.000 0.224 0 1 0 0 0 0
 9467 191674.000 130264.000 0 0 0.000 0.000 0.000 0.200 0 1 0 0 0 0
 9468 187826.000 139912.000 0 0 54.000 42.000 2268.000 47.623 0 1 49 200 0 0
 9469 187806.000 140065.000 0 0 54.000 42.000 2268.000 47.623 0 1 49 200 0 0
 9470 184544.000 146867.000 0 0 54.000 46.000 2484.000 49.839 0 1 58 200 0 0
 9471 182684.000 150050.000 0 0 56.000 46.000 2576.000 50.754 0 1 69 200 0 0
 9472 182428.000 150414.000 0 0 56.000 48.000 2688.000 51.845 0 1 69 200 0 0
 9473 181809.000 151199.000 0 0 56.000 48.000 2688.000 51.845 0 1 69 200 0 0
 9474 181504.000 151651.000 0 0 56.000 48.000 2688.000 51.845 0 1 69 200 0 0
 9475 180618.000 153036.000 0 0 54.000 48.000 2592.000 50.911 0 1 69 200 0 0
 9476 179930.000 154143.000 0 0 54.000 48.000 2592.000 50.911 0 1 69 200 0 0
 9477 178363.000 156226.000 0 0 54.000 48.000 2592.000 50.911 0 1 69 200 0 0
 9478 178099.000 156599.000 0 0 56.000 48.000 2688.000 51.845 0 1 69 200 0 0
 9479 178108.000 156715.000 0 0 56.000 48.000 2688.000 51.845 0 1 69 200 0 0
 9480 177466.000 157440.000 0 0 56.000 48.000 2688.000 51.845 0 1 69 200 0 0
 9481 174283.000 161629.000 0 0 54.000 50.000 2700.000 51.961 0 1 69 200 0 0
 9482 172432.000 163871.000 0 0 52.000 52.000 2704.000 52.000 0 1 69 200 0 0
 9483 172061.000 164085.000 0 0 52.000 50.000 2600.000 50.990 0 1 69 200 0 0
 9484 172133.000 164256.000 0 0 52.000 50.000 2600.000 50.990 0 1 69 200 0 0
 9485 171135.000 165223.000 0 0 54.000 50.000 2700.000 51.961 0 1 69 200 0 0
 9486 170098.000 166353.000 0 0 54.000 52.000 2808.000 52.990 0 1 69 200 0 0
 9487 164967.000 171410.000 0 0 50.000 54.000 2700.000 51.961 0 1 69 200 0 0
 9488 164148.000 172098.000 0 0 50.000 52.000 2600.000 50.990 0 1 69 200 0 0
 9489 163775.000 172527.000 0 0 52.000 52.000 2704.000 52.000 0 1 69 200 0 0
 9490 163419.000 172723.000 0 0 52.000 52.000 2704.000 52.000 0 1 69 200 0 0
 9491 163128.000 172861.000 0 0 52.000 52.000 2704.000 52.000 0 1 69 200 0 0
 9492 162820.000 173104.000 0 0 52.000 52.000 2704.000 52.000 0 1 69 200 0 0
 9493 162493.000 173354.000 0 0 52.000 54.000 2808.000 52.990 0 1 69 200 0 0
 9494 162073.000 173787.000 0 0 52.000 54.000 2808.000 52.990 0 1 69 200 0 0
 9495 161824.000 174109.000 0 0 52.000 54.000 2808.000 52.990 0 1 69 200 0 0
 9496 161018.000 174686.000 0 0 50.000 54.000 2700.000 51.961 0 1 69 200 0 0
 9497 160951.000 174742.000 0 0 50.000 54.000 2700.000 51.961 0 1 69 200 0 0
 9498 160625.000 174971.000 0 0 50.000 54.000 2700.000 51.961 0 1 69 200 0 0
 9499 160486.000 175077.000 0 0 50.000 54.000 2700.000 51.961 0 1 69 200 0 0
 9500 160391.000 175173.000 0 0 50.000 54.000 2700.000 51.961 0 1 69 200 0 0
 9501 160282.000 175304.000 0 0 50.000 54.000 2700.000 51.961 0 1 69 200 0 0
 9502 159638.000 175755.000 0 0 50.000 54.000 2700.000 51.961 0 1 69 200 0 0
 9503 159055.000 176208.000 0 0 50.000 54.000 2700.000 51.961 0 1 69 200 0 0
 9504 157961.000 177013.000 0 0 50.000 54.000 2700.000 51.961 0 1 69 200 0 0
 9505 157460.000 177391.000 0 0 48.000 56.000 2688.000 51.845 0 1 69 200 0 0
 9506 157032.000 177729.000 0 0 48.000 56.000 2688.000 51.845 0 1 69 200 0 0
 9507 156334.000 178136.000 0 0 48.000 56.000 2688.000 51.845 0 1 69 200 0 0
 9508 153646.000 180067.000 0 0 46.000 54.000 2484.000 49.839 0 1 69 200 0 0
 9509 153517.000 180206.000 0 0 46.000 54.000 2484.000 49.839 0 1 69 200 0 0
 9510 153153.000 180686.000 0 0 48.000 54.000 2592.000 50.911 0 1 69 200 0 0
 9511 152812.000 180604.000 0 0 48.000 54.000 2592.000 50.911 0 1 69 200 0 0
 9512 152706.000 180704.000 0 0 48.000 54.000 2592.000 50.911 0 1 69 200 0 0
 9513 151445.000 181466.000 0 0 48.000 56.000 2688.000 51.845 0 1 69 200 0 0
 9514 150701.000 182107.000 0 0 48.000 56.000 2688.000 51.845 0 1 69 200 0 0
 9515 150417.000 182201.000 0 0 48.000 56.000 2688.000 51.845 0 1 69 200 0 0
 9516 150319.000 182183.000 0 0 48.000 56.000 2688.000 51.845 0 1 69 200 0 0
 9517 150070.000 182458.000 0 0 46.000 56.000 2576.000 50.754 0 1 69 200 0 0
 9518 149905.000 182633.000 0 0 46.000 56.000 2576.000 50.754 0 1 69 200 0 0
 9519 149513.000 182734.000 0 0 46.000 56.000 2576.000 50.754 0 1 69 200 0 0
 9520 149216.000 182876.000 0 0 46.000 56.000 2576.000 50.754 0 1 69 200 0 0
 9521 148261.000 183354.000 0 0 46.000 56.000 2576.000 50.754 0 1 69 200 0 0
 9522 147785.000 183695.000 0 0 46.000 54.000 2484.000 49.839 0 1 69 200 0 0
 9523 147815.000 183848.000 0 0 46.000 54.000 2484.000 49.839 0 1 69 200 0 0
 9524 147443.000 183895.000 0 0 46.000 54.000 2484.000 49.839 0 1 69 200 0 0
 9525 145723.000 185007.000 0 0 44.000 56.000 2464.000 49.638 0 1 69 200 0 0
 9526 144812.000 185471.000 0 0 44.000 56.000 2464.000 49.638 0 1 69 200 0 0
 9527 144604.000 185431.000 0 0 44.000 56.000 2464.000 49.638 0 1 69 200 0 0
 9528 144299.000 185657.000 0 0 44.000 56.000 2464.000 49.638 0 1 69 200 0 0
 9529 144084.000 185692.000 0 0 44.000 56.000 2464.000 49.638 0 1 69 200 0 0
 9530 142087.000 186859.000 0 0 42.000 56.000 2352.000 48.497 0 1 69 200 0 0
 9531 141878.000 186796.000 0 0 42.000 56.000 2352.000 48.497 0 1 69 200 0 0
 9532 141196.000 187103.000 0 0 42.000 56.000 2352.000 48.497 0 1 69 200 0 0
 9533 140785.000 187491.000 0 0 42.000 56.000 2352.000 48.497 0 1 69 200 0 0
 9534 140149.000 187624.000 0 0 42.000 54.000 2268.000 47.623 0 1 69 200 0 0
 9535 139450.000 188074.000 0 0 42.000 54.000 2268.000 47.623 0 1 69 200 0 0
 9536 138474.000 188289.000 0 0 42.000 54.000 2268.000 47.623 0 1 69 200 0 0
 9537 137962.000 188617.000 0 0 42.000 54.000 2268.000 47.623 0 1 69 200 0 0
 9538 137749.000 188685.000 0 0 42.000 56.000 2352.000 48.497 0 1 69 200 0 0
 9539 136978.000 189081.000 0 0 42.000 56.000 2352.000 48.497 0 1 69 200 0 0
 9540 136661.000 189160.000 0 0 42.000 56.000 2352.000 48.497 0 1 69 200 0 0
 9541 135244.000 189698.000 0 0 42.000 56.000 2352.000 48.497 0 1 69 200 0 0
 9542 134715.000 190021.000 0 0 40.000 56.000 2240.000 47.328 0 1 69 200 0 0
 9543 132976.000 190573.000 0 0 40.000 56.000 2240.000 47.328 0 1 69 200 0 0
 9544 126784.000 192678.000 0 0 0.000 0.000 0.000 0.226 0 1 0 0 0 0
 9545 126314.000 192696.000 0 0 0.000 0.000 0.000 0.201 0 1 0 0 0 0
 9546 125487.000 193000.000 0 0 0.000 0.000 0.000 0.245 0 1 0 0 0 0
 9547 128405.000 191282.000 0 0 38.000 54.000 2052.000 45.299 0 1 127 200 0 0
 9548 133736.000 190614.000 0 0 40.000 56.000 2240.000 47.328 0 1 69 200 0 0
 9549 195799.000 85614.000 0 0 0.000 0.000 0.000 0.220 0 1 0 0 0 0
 9550 196613.000 102841.000 0 0 0.000 0.000 0.000 0.330 0 1 0 0 0 0
 9551 196068.000 111876.000 0 0 0.000 0.000 0.000 0.214 0 1 0 0 0 0
 9552 194560.000 120864.000 0 0 0.000 0.000 0.000 0.217 0 1 0 0 0 0
 9553 193067.000 126633.000 0 0 0.000 0.000 0.000 0.232 0 1 0 0 0 0
 9554 187482.000 141276.000 0 0 56.000 42.000 2352.000 48.497 0 1 49 200 0 0
 9555 187398.000 141523.000 0 0 56.000 42.000 2352.000 48.497 0 1 49 200 0 0
 9556 185956.000 144244.000 0 0 56.000 44.000 2464.000 49.638 0 1 58 200 0 0
 9557 185498.000 145095.000 0 0 56.000 44.000 2464.000 49.638 0 1 58 200 0 0
 9558 185314.000 145563.000 0 0 56.000 44.000 2464.000 49.638 0 1 58 200 0 0
 9559 185249.000 145623.000 0 0 56.000 44.000 2464.000 49.638 0 1 58 200 0 0
 9560 183726.000 148565.000 0 0 0.000 0.000 0.000 0.243 0 1 0 0 0 0
 9561 180211.000 153959.000 0 0 54.000 46.000 2484.000 49.839 0 1 69 200 0 0
 9562 179263.000 155419.000 0 0 54.000 48.000 2592.000 50.911 0 1 69 200 0 0
 9563 178320.000 156645.000 0 0 56.000 48.000 2688.000 51.845 0 1 69 200 0 0
 9564 174807.000 161263.000 0 0 54.000 50.000 2700.000 51.961 0 1 69 200 0 0
 9565 174492.000 161652.000 0 0 54.000 50.000 2700.000 51.961 0 1 69 200 0 0
 9566 173330.000 162937.000 0 0 52.000 52.000 2704.000 52.000 0 1 69 200 0 0
 9567 173124.000 163168.000 0 0 52.000 52.000 2704.000 52.000 0 1 69 200 0 0
 9568 172209.000 164273.000 0 0 52.000 50.000 2600.000 50.990 0 1 69 200 0 0
 9569 171475.000 164994.000 0 0 54.000 50.000 2700.000 51.961 0 1 69 200 0 0
 9570 171064.000 165497.000 0 0 54.000 50.000 2700.000 51.961 0 1 69 200 0 0
 9571 169622.000 167018.000 0 0 54.000 52.000 2808.000 52.990 0 1 69 200 0 0
 9572 169600.000 167146.000 0 0 52.000 52.000 2704.000 52.000 0 1 69 200 0 0
 9573 166779.000 169834.000 0 0 52.000 54.000 2808.000 52.990 0 1 69 200 0 0
 9574 166616.000 170195.000 0 0 52.000 54.000 2808.000 52.990 0 1 69 200 0 0
 9575 166006.000 170580.000 0 0 52.000 54.000 2808.000 52.990 0 1 69 200 0 0
 9576 163485.000 172948.000 0 0 52.000 52.000 2704.000 52.000 0 1 69 200 0 0
 9577 163323.000 172937.000 0 0 52.000 52.000 2704.000 52.000 0 1 69 200 0 0
 9578 162502.000 173607.000 0 0 52.000 54.000 2808.000 52.990 0 1 69 200 0 0
 9579 161971.000 174076.000 0 0 52.000 54.000 2808.000 52.990 0 1 69 200 0 0
 9580 161454.000 174634.000 0 0 50.000 54.000 2700.000 51.961 0 1 69 200 0 0
 9581 160714.000 175177.000 0 0 50.000 54.000 2700.000 51.961 0 1 69 200 0 0
 9582 160172.000 175544.000 0 0 50.000 54.000 2700.000 51.961 0 1 69 200 0 0
 9583 158158.000 177006.000 0 0 50.000 54.000 2700.000 51.961 0 1 69 200 0 0
 9584 156757.000 178138.000 0 0 48.000 56.000 2688.000 51.845 0 1 69 200 0 0
 9585 156704.000 178364.000 0 0 48.000 56.000 2688.000 51.845 0 1 69 200 0 0
 9586 156431.000 178438.000 0 0 48.000 56.000 2688.000 51.845 0 1 69 200 0 0
 9587 155616.000 178999.000 0 0 48.000 54.000 2592.000 50.911 0 1 69 200 0 0
 9588 154688.000 179570.000 0 0 48.000 54.000 2592.000 50.911 0 1 69 200 0 0
 9589 154528.000 179854.000 0 0 48.000 54.000 2592.000 50.911 0 1 69 200 0 0
 9590 154128.000 179964.000 0 0 48.000 54.000 2592.000 50.911 0 1 69 200 0 0
 9591 153216.000 180631.000 0 0 48.000 54.000 2592.000 50.911 0 1 69 200 0 0
 9592 153046.000 180709.000 0 0 48.000 54.000 2592.000 50.911 0 1 69 200 0 0
 9593 152983.000 180916.000 0 0 48.000 54.000 2592.000 50.911 0 1 69 200 0 0
 9594 152802.000 181039.000 0 0 48.000 54.000 2592.000 50.911 0 1 69 200 0 0
 9595 152591.000 180977.000 0 0 48.000 54.000 2592.000 50.911 0 1 69 200 0 0
 9596 151703.000 181546.000 0 0 48.000 56.000 2688.000 51.845 0 1 69 200 0 0
 9597 150338.000 182337.000 0 0 48.000 56.000 2688.000 51.845 0 1 69 200 0 0
 9598 150138.000 182464.000 0 0 46.000 56.000 2576.000 50.754 0 1 69 200 0 0
 9599 149840.000 182731.000 0 0 46.000 56.000 2576.000 50.754 0 1 69 200 0 0
 9600 149798.000 182912.000 0 0 46.000 56.000 2576.000 50.754 0 1 69 200 0 0
 9601 148770.000 183385.000 0 0 46.000 56.000 2576.000 50.754 0 1 69 200 0 0
 9602 148687.000 183425.000 0 0 46.000 56.000 2576.000 50.754 0 1 69 200 0 0
 9603 148546.000 183525.000 0 0 46.000 56.000 2576.000 50.754 0 1 69 200 0 0
 9604 147660.000 184150.000 0 0 46.000 54.000 2484.000 49.839 0 1 69 200 0 0
 9605 146806.000 184452.000 0 0 46.000 54.000 2484.000 49.839 0 1 69 200 0 0
 9606 146562.000 184565.000 0 0 46.000 54.000 2484.000 49.839 0 1 69 200 0 0
 9607 145520.000 185148.000 0 0 44.000 56.000 2464.000 49.638 0 1 69 200 0 0
 9608 145131.000 185393.000 0 0 44.000 56.000 2464.000 49.638 0 1 69 200 0 0
 9609 144787.000 185544.000 0 0 44.000 56.000 2464.000 49.638 0 1 69 200 0 0
 9610 144783.000 185686.000 0 0 44.000 56.000 2464.000 49.638 0 1 69 200 0 0
 9611 143583.000 186321.000 0 0 44.000 56.000 2464.000 49.638 0 1 69 200 0 0
 9612 143373.000 186256.000 0 0 44.000 56.000 2464.000 49.638 0 1 69 200 0 0
 9613 143181.000 186492.000 0 0 44.000 56.000 2464.000 49.638 0 1 69 200 0 0
 9614 141551.000 187163.000 0 0 42.000 56.000 2352.000 48.497 0 1 69 200 0 0
 9615 140146.000 187851.000 0 0 42.000 54.000 2268.000 47.623 0 1 69 200 0 0
 9616 139621.000 188017.000 0 0 42.000 54.000 2268.000 47.623 0 1 69 200 0 0
 9617 139447.000 188238.000 0 0 42.000 54.000 2268.000 47.623 0 1 69 200 0 0
 9618 139342.000 188093.000 0 0 42.000 54.000 2268.000 47.623 0 1 69 200 0 0
 9619 138964.000 188405.000 0 0 42.000 54.000 2268.000 47.623 0 1 69 200 0 0
 9620 138684.000 188367.000 0 0 42.000 54.000 2268.000 47.623 0 1 69 200 0 0
 9621 138210.000 188811.000 0 0 42.000 54.000 2268.000 47.623 0 1 69 200 0 0
 9622 137917.000 188763.000 0 0 42.000 54.000 2268.000 47.623 0 1 69 200 0 0
 9623 137687.000 188871.000 0 0 42.000 56.000 2352.000 48.497 0 1 69 200 0 0
 9624 137421.000 189111.000 0 0 42.000 56.000 2352.000 48.497 0 1 69 200 0 0
 9625 136467.000 189396.000 0 0 42.000 56.000 2352.000 48.497 0 1 69 200 0 0
 9626 135987.000 189629.000 0 0 42.000 56.000 2352.000 48.497 0 1 69 200 0 0
 9627 133546.000 190648.000 0 0 40.000 56.000 2240.000 47.328 0 1 69 200 0 0
 9628 132790.000 190818.000 0 0 40.000 56.000 2240.000 47.328 0 1 69 200 0 0
 9629 132219.000 190970.000 0 0 40.000 56.000 2240.000 47.328 0 1 69 200 0 0
 9630 132199.000 191065.000 0 0 40.000 56.000 2240.000 47.328 0 1 69 200 0 0
 9631 129655.000 191895.000 0 0 38.000 54.000 2052.000 45.299 0 1 127 200 0 0
 9632 128212.000 192352.000 0 0 38.000 54.000 2052.000 45.299 0 1 127 200 0 0
 9633 127253.000 192582.000 0 0 0.000 0.000 0.000 0.202 0 1 0 0 0 0
 9634 54124.000 184738.000 0 0 0.000 0.000 0.000 0.202 0 1 0 0 0 0
 9635 34073.000 170163.000 0 0 0.000 0.000 0.000 0.484 0 1 0 0 0 0
 9636 196359.000 89186.000 0 0 0.000 0.000 0.000 0.297 0 1 0 0 0 0
 9637 193649.000 124886.000 0 0 0.000 0.000 0.000 0.205 0 1 0 0 0 0
 9638 192411.000 129034.000 0 0 54.000 38.000 2052.000 45.299 0 1 33 200 0 0
 9639 192166.000 130168.000 0 0 0.000 0.000 0.000 0.207 0 1 0 0 0 0
 9640 190322.000 135148.000 0 0 0.000 0.000 0.000 0.270 0 1 0 0 0 0
 9641 189848.000 136156.000 0 0 0.000 0.000 0.000 0.234 0 1 0 0 0 0
 9642 188893.000 138449.000 0 0 0.000 0.000 0.000 0.205 0 1 0 0 0 0
 9643 187914.000 140886.000 0 0 56.000 42.000 2352.000 48.497 0 1 49 200 0 0
 9644 187598.000 141460.000 0 0 56.000 42.000 2352.000 48.497 0 1 49 200 0 0
 9645 187282.000 142161.000 0 0 56.000 42.000 2352.000 48.497 0 1 49 200 0 0
 9646 184828.000 146680.000 0 0 54.000 46.000 2484.000 49.839 0 1 58 200 0 0
 9647 183031.000 150060.000 0 0 56.000 46.000 2576.000 50.754 0 1 69 200 0 0
 9648 182470.000 150968.000 0 0 56.000 48.000 2688.000 51.845 0 1 69 200 0 0
 9649 181689.000 152093.000 0 0 56.000 48.000 2688.000 51.845 0 1 69 200 0 0
 9650 181363.000 152672.000 0 0 54.000 48.000 2592.000 50.911 0 1 69 200 0 0
 9651 180883.000 153283.000 0 0 54.000 48.000 2592.000 50.911 0 1 69 200 0 0
 9652 179902.000 154746.000 0 0 54.000 48.000 2592.000 50.911 0 1 69 200 0 0
 9653 178041.000 157216.000 0 0 56.000 48.000 2688.000 51.845 0 1 69 200 0 0
 9654 177887.000 157684.000 0 0 56.000 48.000 2688.000 51.845 0 1 69 200 0 0
 9655 177118.000 158807.000 0 0 0.000 0.000 0.000 200000.000 0 1 0 200 0 0
 9656 175177.000 161052.000 0 0 54.000 50.000 2700.000 51.961 0 1 69 200 0 0
 9657 175078.000 161145.000 0 0 54.000 50.000 2700.000 51.961 0 1 69 200 0 0
 9658 174961.000 161139.000 0 0 54.000 50.000 2700.000 51.961 0 1 69 200 0 0
 9659 174425.000 162097.000 0 0 54.000 52.000 2808.000 52.990 0 1 69 200 0 0
 9660 174230.000 162042.000 0 0 54.000 52.000 2808.000 52.990 0 1 69 200 0 0
 9661 173624.000 162805.000 0 0 54.000 52.000 2808.000 52.990 0 1 69 200 0 0
 9662 170546.000 166236.000 0 0 54.000 52.000 2808.000 52.990 0 1 69 200 0 0
 9663 174014.000 161160.000 0 0 54.000 50.000 2700.000 51.961 0 1 69 200 0 0
 9664 170206.000 166751.000 0 0 54.000 52.000 2808.000 52.990 0 1 69 200 0 0
 9665 169978.000 166866.000 0 0 54.000 52.000 2808.000 52.990 0 1 69 200 0 0
 9666 169672.000 167305.000 0 0 52.000 52.000 2704.000 52.000 0 1 69 200 0 0
 9667 169211.000 167710.000 0 0 52.000 52.000 2704.000 52.000 0 1 69 200 0 0
 9668 168635.000 168427.000 0 0 52.000 52.000 2704.000 52.000 0 1 69 200 0 0
 9669 167928.000 169057.000 0 0 52.000 52.000 2704.000 52.000 0 1 69 200 0 0
 9670 167265.000 169659.000 0 0 52.000 52.000 2704.000 52.000 0 1 69 200 0 0
 9671 167127.000 169897.000 0 0 52.000 54.000 2808.000 52.990 0 1 69 200 0 0
 9672 165083.000 171691.000 0 0 50.000 54.000 2700.000 51.961 0 1 69 200 0 0
 9673 163719.000 172837.000 0 0 52.000 52.000 2704.000 52.000 0 1 69 200 0 0
 9674 163534.000 173104.000 0 0 52.000 52.000 2704.000 52.000 0 1 69 200 0 0
 9675 163323.000 173172.000 0 0 52.000 52.000 2704.000 52.000 0 1 69 200 0 0
 9676 162926.000 173664.000 0 0 52.000 54.000 2808.000 52.990 0 1 69 200 0 0
 9677 162350.000 173982.000 0 0 52.000 54.000 2808.000 52.990 0 1 69 200 0 0
 9678 161621.000 174640.000 0 0 50.000 54.000 2700.000 51.961 0 1 69 200 0 0
 9679 161532.000 174686.000 0 0 50.000 54.000 2700.000 51.961 0 1 69 200 0 0
 9680 161000.000 175222.000 0 0 50.000 54.000 2700.000 51.961 0 1 69 200 0 0
 9681 159337.000 176422.000 0 0 50.000 54.000 2700.000 51.961 0 1 69 200 0 0
 9682 158531.000 177048.000 0 0 50.000 54.000 2700.000 51.961 0 1 69 200 0 0
 9683 157600.000 177737.000 0 0 48.000 56.000 2688.000 51.845 0 1 69 200 0 0
 9684 156653.000 178462.000 0 0 48.000 56.000 2688.000 51.845 0 1 69 200 0 0
 9685 155517.000 179189.000 0 0 48.000 54.000 2592.000 50.911 0 1 69 200 0 0
 9686 155285.000 179351.000 0 0 48.000 54.000 2592.000 50.911 0 1 69 200 0 0
 9687 154517.000 180052.000 0 0 48.000 54.000 2592.000 50.911 0 1 69 200 0 0
 9688 152525.000 181250.000 0 0 48.000 54.000 2592.000 50.911 0 1 69 200 0 0
 9689 152194.000 181429.000 0 0 48.000 56.000 2688.000 51.845 0 1 69 200 0 0
 9690 152041.000 181709.000 0 0 48.000 56.000 2688.000 51.845 0 1 69 200 0 0
 9691 151873.000 181659.000 0 0 48.000 56.000 2688.000 51.845 0 1 69 200 0 0
 9692 151360.000 181941.000 0 0 48.000 56.000 2688.000 51.845 0 1 69 200 0 0
 9693 150164.000 182729.000 0 0 46.000 56.000 2576.000 50.754 0 1 69 200 0 0
 9694 149555.000 183165.000 0 0 46.000 56.000 2576.000 50.754 0 1 69 200 0 0
 9695 149179.000 183305.000 0 0 46.000 56.000 2576.000 50.754 0 1 69 200 0 0
 9696 148527.000 183668.000 0 0 46.000 56.000 2576.000 50.754 0 1 69 200 0 0
 9697 148013.000 183907.000 0 0 46.000 54.000 2484.000 49.839 0 1 69 200 0 0
 9698 147892.000 184089.000 0 0 46.000 54.000 2484.000 49.839 0 1 69 200 0 0
 9699 147030.000 184610.000 0 0 46.000 54.000 2484.000 49.839 0 1 69 200 0 0
 9700 145125.000 185619.000 0 0 44.000 56.000 2464.000 49.638 0 1 69 200 0 0
 9701 144038.000 186215.000 0 0 44.000 56.000 2464.000 49.638 0 1 69 200 0 0
 9702 141732.000 187221.000 0 0 42.000 56.000 2352.000 48.497 0 1 69 200 0 0
 9703 131446.000 191381.000 0 0 40.000 54.000 2160.000 46.475 0 1 69 200 0 0
 9704 129455.000 192167.000 0 0 38.000 54.000 2052.000 45.299 0 1 127 200 0 0
 9705 128953.000 192287.000 0 0 38.000 54.000 2052.000 45.299 0 1 127 200 0 0
 9706 128814.000 192277.000 0 0 38.000 54.000 2052.000 45.299 0 1 127 200 0 0
 9707 48803.000 182019.000 0 0 0.000 0.000 0.000 200000.000 0 1 0 200 0 0
 9708 158038.000 177635.000 0 0 48.000 56.000 2688.000 51.845 0 1 69 200 0 0
 9709 48933.000 181917.000 0 0 0.000 0.000 0.000 200000.000 0 1 0 200 0 0
 9710 3569.000 105014.000 0 0 0.000 0.000 0.000 0.224 0 1 0 0 0 0
 9711 132885.000 9446.000 0 0 0.000 0.000 0.000 200000.000 0 1 0 200 0 0
 9712 184687.000 147244.000 0 0 54.000 46.000 2484.000 49.839 0 1 58 200 0 0
 9713 181572.000 152448.000 0 0 56.000 48.000 2688.000 51.845 0 1 69 200 0 0
 9714 177338.000 158404.000 0 0 0.000 0.000 0.000 0.228 0 1 0 0 0 0
 9715 176424.000 159728.000 0 0 0.000 0.000 0.000 0.229 0 1 0 0 0 0
 9716 175496.000 160881.000 0 0 54.000 50.000 2700.000 51.961 0 1 69 200 0 0
 9717 171931.000 165065.000 0 0 54.000 50.000 2700.000 51.961 0 1 69 200 0 0
 9718 170328.000 166797.000 0 0 54.000 52.000 2808.000 52.990 0 1 69 200 0 0
 9719 170179.000 166854.000 0 0 54.000 52.000 2808.000 52.990 0 1 69 200 0 0
 9720 169029.000 167962.000 0 0 52.000 52.000 2704.000 52.000 0 1 69 200 0 0
 9721 167586.000 169497.000 0 0 52.000 52.000 2704.000 52.000 0 1 69 200 0 0
 9722 167332.000 169803.000 0 0 52.000 52.000 2704.000 52.000 0 1 69 200 0 0
 9723 166986.000 169998.000 0 0 52.000 54.000 2808.000 52.990 0 1 69 200 0 0
 9724 166804.000 170312.000 0 0 52.000 54.000 2808.000 52.990 0 1 69 200 0 0
 9725 166515.000 170487.000 0 0 52.000 54.000 2808.000 52.990 0 1 69 200 0 0
 9726 166340.000 170747.000 0 0 52.000 54.000 2808.000 52.990 0 1 69 200 0 0
 9727 165448.000 171541.000 0 0 50.000 54.000 2700.000 51.961 0 1 69 200 0 0
 9728 165257.000 171738.000 0 0 50.000 54.000 2700.000 51.961 0 1 69 200 0 0
 9729 160953.000 175379.000 0 0 50.000 54.000 2700.000 51.961 0 1 69 200 0 0
 9730 159820.000 176281.000 0 0 50.000 54.000 2700.000 51.961 0 1 69 200 0 0
 9731 158817.000 176996.000 0 0 50.000 54.000 2700.000 51.961 0 1 69 200 0 0
 9732 157114.000 178266.000 0 0 48.000 56.000 2688.000 51.845 0 1 69 200 0 0
 9733 155710.000 179264.000 0 0 48.000 54.000 2592.000 50.911 0 1 69 200 0 0
 9734 153682.000 180724.000 0 0 46.000 54.000 2484.000 49.839 0 1 69 200 0 0
 9735 153322.000 180861.000 0 0 48.000 54.000 2592.000 50.911 0 1 69 200 0 0
 9736 152772.000 181182.000 0 0 48.000 54.000 2592.000 50.911 0 1 69 200 0 0
 9737 152377.000 181441.000 0 0 48.000 56.000 2688.000 51.845 0 1 69 200 0 0
 9738 151386.000 182175.000 0 0 48.000 56.000 2688.000 51.845 0 1 69 200 0 0
 9739 151236.000 182313.000 0 0 48.000 56.000 2688.000 51.845 0 1 69 200 0 0
 9740 150384.000 182852.000 0 0 46.000 56.000 2576.000 50.754 0 1 69 200 0 0
 9741 148747.000 183706.000 0 0 46.000 56.000 2576.000 50.754 0 1 69 200 0 0
 9742 147818.000 184279.000 0 0 46.000 54.000 2484.000 49.839 0 1 69 200 0 0
 9743 146080.000 185221.000 0 0 44.000 54.000 2376.000 48.744 0 1 69 200 0 0
 9744 145840.000 185265.000 0 0 44.000 56.000 2464.000 49.638 0 1 69 200 0 0
 9745 145428.000 185618.000 0 0 44.000 56.000 2464.000 49.638 0 1 69 200 0 0
 9746 145233.000 185666.000 0 0 44.000 56.000 2464.000 49.638 0 1 69 200 0 0
 9747 144421.000 186159.000 0 0 44.000 56.000 2464.000 49.638 0 1 69 200 0 0
 9748 142647.000 187068.000 0 0 42.000 56.000 2352.000 48.497 0 1 69 200 0 0
 9749 142565.000 187059.000 0 0 42.000 56.000 2352.000 48.497 0 1 69 200 0 0
 9750 141735.000 187336.000 0 0 42.000 56.000 2352.000 48.497 0 1 69 200 0 0
 9751 141336.000 187565.000 0 0 42.000 56.000 2352.000 48.497 0 1 69 200 0 0
 9752 140868.000 187848.000 0 0 42.000 56.000 2352.000 48.497 0 1 69 200 0 0
 9753 139285.000 188525.000 0 0 42.000 54.000 2268.000 47.623 0 1 69 200 0 0
 9754 138480.000 188922.000 0 0 42.000 54.000 2268.000 47.623 0 1 69 200 0 0
 9755 138159.000 189177.000 0 0 42.000 54.000 2268.000 47.623 0 1 69 200 0 0
 9756 137751.000 189226.000 0 0 42.000 56.000 2352.000 48.497 0 1 69 200 0 0
 9757 136907.000 189580.000 0 0 42.000 56.000 2352.000 48.497 0 1 69 200 0 0
 9758 136532.000 189640.000 0 0 42.000 56.000 2352.000 48.497 0 1 69 200 0 0
 9759 134651.000 190387.000 0 0 40.000 56.000 2240.000 47.328 0 1 69 200 0 0
 9760 134269.000 190665.000 0 0 40.000 56.000 2240.000 47.328 0 1 69 200 0 0
 9761 134114.000 190581.000 0 0 40.000 56.000 2240.000 47.328 0 1 69 200 0 0
 9762 133919.000 190803.000 0 0 40.000 56.000 2240.000 47.328 0 1 69 200 0 0
 9763 133441.000 190915.000 0 0 40.000 56.000 2240.000 47.328 0 1 69 200 0 0
 9764 133187.000 191006.000 0 0 40.000 56.000 2240.000 47.328 0 1 69 200 0 0
 9765 133120.000 190930.000 0 0 40.000 56.000 2240.000 47.328 0 1 69 200 0 0
 9766 129853.000 192103.000 0 0 38.000 54.000 2052.000 45.299 0 1 127 200 0 0
 9767 61017.000 188501.000 0 0 0.000 0.000 0.000 200000.000 0 1 0 200 0 0
 9768 125474.000 193572.000 0 0 0.000 0.000 0.000 0.239 0 1 0 0 0 0
 9769 67557.000 191093.000 0 0 0.000 0.000 0.000 0.202 0 1 0 0 0 0
 9770 60178.000 188218.000 0 0 0.000 0.000 0.000 0.300 0 1 0 0 0 0
 9771 15504.000 146993.000 0 0 0.000 0.000 0.000 200000.000 0 1 0 200 0 0
 9772 11028.000 136074.000 0 0 0.000 0.000 0.000 200000.000 0 1 0 200 0 0
 9773 154199.000 180443.000 0 0 46.000 54.000 2484.000 49.839 0 1 69 200 0 0
 9774 144657.000 186079.000 0 0 44.000 56.000 2464.000 49.638 0 1 69 200 0 0
 9775 130990.000 191873.000 0 0 38.000 54.000 2052.000 45.299 0 1 69 200 0 0
 9776 13020.000 142531.000 0 0 0.000 0.000 0.000 0.394 0 1 0 0 0 0
 9777 153277.000 180388.000 0 0 48.000 54.000 2592.000 50.911 0 1 69 200 0 0
 9778 186629.000 143235.000 0 0 56.000 44.000 2464.000 49.638 0 1 44 200 0 0
 9779 170306.000 166313.000 0 0 54.000 52.000 2808.000 52.990 0 1 69 200 0 0
 9780 164790.000 171996.000 0 0 50.000 54.000 2700.000 51.961 0 1 69 200 0 0
 9781 161602.000 174498.000 0 0 50.000 54.000 2700.000 51.961 0 1 69 200 0 0
 9782 157663.000 177171.000 0 0 48.000 56.000 2688.000 51.845 0 1 69 200 0 0
 9783 94041.000 93929.000 0 0 20.955 20.569 431.049 20.761 0 1 9 200 0 0
 9784 94054.000 93915.000 0 0 1.166 1.139 1.330 1.153 0 1 9 200 0 0
 9785 93943.000 93785.000 0 0 32.178 31.361 1009.171 31.767 0 1 9 200 0 0
 9786 93846.000 93641.000 0 0 33.231 32.156 1068.621 32.689 0 1 9 200 0 0
 9787 93731.000 93515.000 0 0 0.932 0.901 0.841 0.916 0 1 9 200 0 0
 9788 93747.000 93500.000 0 0 28.668 27.578 790.653 28.118 0 1 9 200 0 0
 9789 93631.000 93374.000 0 0 1.270 1.220 1.551 1.245 0 1 9 200 0 0
 9790 93647.000 93358.000 0 0 31.842 30.456 969.819 31.141 0 1 9 200 0 0
 9791 93549.000 93215.000 0 0 36.103 34.330 1239.480 35.206 0 1 9 200 0 0
 9792 93445.000 93078.000 0 0 30.862 29.225 901.971 30.032 0 1 9 200 0 0
 9793 93347.000 92937.000 0 0 26.413 24.877 657.100 25.633 0 1 9 200 0 0
 9794 93243.000 92800.000 0 0 17.949 16.844 302.340 17.387 0 1 9 200 0 0
 9795 107089.000 114960.000 0 0 48.765 23.109 1126.922 33.569 0 1 23 200 0 0
 9796 107000.000 114998.000 0 0 5.033 2.349 11.824 3.438 0 1 23 200 0 0
 9797 107170.000 115109.000 0 0 212.949 101.052 21519.161 146.694 0 1 23 200 0 0
 9798 107249.000 115261.000 0 0 202.650 96.261 19507.444 139.669 0 1 23 200 0 0
 9799 107398.000 115377.000 0 0 14.005 6.738 94.374 9.714 0 1 23 200 0 0
 9800 107304.000 115421.000 0 0 53.966 25.559 1379.369 37.139 0 1 23 200 0 0
 9801 107262.000 115440.000 0 0 10.362 4.874 50.511 7.107 0 1 23 200 0 0
 9802 66972.000 132625.000 0 0 131.370 132.993 17471.435 132.179 0 1 35 200 0 0
 9803 66873.000 132766.000 0 0 87.958 88.925 7821.719 88.440 0 1 35 200 0 0
 9804 163870.000 86100.000 0 0 5.329 24.486 130.493 11.423 0 1 6 200 0 0
 9805 164028.000 86019.000 0 0 6.033 27.630 166.705 12.911 0 1 6 200 0 0
 9806 164038.000 86069.000 0 0 10.681 49.101 524.500 22.901 0 1 6 200 0 0
 9807 164198.000 86009.000 0 0 21.462 98.480 2113.672 45.974 0 1 6 200 0 0
 9808 164360.000 85945.000 0 0 8.082 37.011 299.152 17.296 0 1 6 200 0 0
 9809 164370.000 85997.000 0 0 10.736 49.356 529.937 23.020 0 1 6 200 0 0
 9810 164536.000 85957.000 0 0 6.060 27.849 168.785 12.991 0 1 6 200 0 0
 9811 164700.000 85917.000 0 0 7.427 34.122 253.442 15.919 0 1 6 200 0 0
 9812 164858.000 85835.000 0 0 7.470 34.204 255.537 15.985 0 1 6 200 0 0
 9813 164867.000 85884.000 0 0 11.503 52.861 608.101 24.659 0 1 6 200 0 0
 9814 165030.000 85828.000 0 0 21.739 99.756 2168.674 46.569 0 1 6 200 0 0
 9815 165189.000 85761.000 0 0 6.823 31.240 213.177 14.600 0 1 6 200 0 0
 9816 165201.000 85812.000 0 0 10.202 46.884 478.339 21.870 0 1 6 200 0 0
 9817 42858.000 160166.000 0 0 17.299 16.430 284.239 16.859 0 1 90 200 0 0
 9818 42719.000 160267.000 0 0 75.120 71.399 5363.572 73.236 0 1 90 200 0 0
 9819 42626.000 160414.000 0 0 31.861 30.258 964.071 31.049 0 1 90 200 0 0
 9820 42585.000 160375.000 0 0 43.414 41.285 1792.385 42.336 0 1 90 200 0 0
 9821 42470.000 160501.000 0 0 31.907 30.340 968.096 31.114 0 1 90 200 0 0
 9822 42442.000 160709.000 0 0 17.456 16.550 288.897 16.996 0 1 90 200 0 0
 9823 42338.000 160609.000 0 0 23.236 22.106 513.674 22.664 0 1 90 200 0 0
 9824 42291.000 160801.000 0 0 96.182 91.290 8780.491 93.704 0 1 90 200 0 0
 9825 42215.000 160727.000 0 0 37.846 36.013 1362.994 36.918 0 1 90 200 0 0
 9826 42210.000 160956.000 0 0 26.305 24.938 656.020 25.612 0 1 90 200 0 0
 9827 42134.000 160886.000 0 0 110.905 105.404 11689.959 108.120 0 1 90 200 0 0
 9828 42055.000 161045.000 0 0 23.403 22.214 519.908 22.801 0 1 90 200 0 0
 9829 42022.000 161012.000 0 0 26.329 25.019 658.758 25.666 0 1 90 200 0 0
 9830 41981.000 160975.000 0 0 40.923 38.939 1593.547 39.919 0 1 90 200 0 0
 9831 132398.000 184671.000 0 0 210.935 80.712 17025.101 130.480 0 1 69 200 0 0
 9832 132454.000 184831.000 0 0 16.261 6.221 101.165 10.058 0 1 69 200 0 0
 9833 132395.000 184854.000 0 0 61.016 23.294 1421.347 37.700 0 1 69 200 0 0;
ProcessEquipmentIDList 1
  "6514" ;
SummarySpec 5
  TESTNO    NDEFECT    DEFDENSITY    NDIE    NDEFDIE  ;
SummaryList 
  1    9833    34.5    1    1  ;
EndOfFile;
