FileVersion 1 2;
FileTimestamp 02-10-26 23:45:02;
InspectionStationID "KLA-Tencor" "SFSSP1" "0901-0728-TBI";
SampleType WAFER;
ResultTimestamp 02-10-26 23:35:18;
LotID "2850";
SampleSize 1 200;
DeviceID "None";
SetupID "T2-2850A" 02-10-26 23:35:18;
StepID "6954";
SampleOrientationMarkType NOTCH;
OrientationMarkLocation DOWN;
DiePitch 200000 200000;
DieOrigin 0 0;
WaferID "15";
Slot 15;
SampleCenterLocation 100000 100000;
ClassLookup 1
  0 "0"  ;
OrientationInstructions "Front";
CoordinatesMirrored No;
InspectionTest 1;
SampleTestPlan 1
  0 0 ;
AreaPerTest 2.85032e+010;
ClusterClassificationList 17
  17 210 
  3 200 
  7 200 
  4 200 
  1 200 
  14 200 
  6 210 
  2 200 
  12 200 
  15 200 
  16 200 
  5 200 
  11 200 
  9 210 
  8 210 
  10 200 
  13 210 ;
DefectRecordSpec 15 DEFECTID XREL YREL XINDEX YINDEX XSIZE YSIZE DEFECTAREA DSIZE CLASSNUMBER TEST CLUSTERNUMBER ROUGHBINNUMBER FINEBINNUMBER REVIEWSAMPLE ;
DefectList
 1 96064.000 100856.000 0 0 0.000 0.000 0.000 0.480 0 1 0 0 0 0
 2 109428.000 94636.000 0 0 0.000 0.000 0.000 0.142 0 1 0 0 0 0
 3 88358.000 83370.000 0 0 0.000 0.000 0.000 0.221 0 1 0 0 0 0
 4 104280.000 134801.000 0 0 0.000 0.000 0.000 0.143 0 1 0 0 0 0
 5 142541.000 129803.000 0 0 0.000 0.000 0.000 0.121 0 1 0 0 0 0
 6 147859.000 123491.000 0 0 0.000 0.000 0.000 0.122 0 1 0 0 0 0
 7 124179.000 147579.000 0 0 0.000 0.000 0.000 0.124 0 1 0 0 0 0
 8 98623.000 153887.000 0 0 0.000 0.000 0.000 0.124 0 1 0 0 0 0
 9 120538.000 150027.000 0 0 0.000 0.000 0.000 0.128 0 1 0 0 0 0
 10 101423.000 154541.000 0 0 0.000 0.000 0.000 0.120 0 1 0 0 0 0
 11 83286.000 151882.000 0 0 0.000 0.000 0.000 0.289 0 1 0 0 0 0
 12 139647.000 138408.000 0 0 0.000 0.000 0.000 0.130 0 1 0 0 0 0
 13 114454.000 153825.000 0 0 0.000 0.000 0.000 0.120 0 1 0 0 0 0
 14 143571.000 135149.000 0 0 0.000 0.000 0.000 0.127 0 1 0 0 0 0
 15 91566.000 155402.000 0 0 0.000 0.000 0.000 0.123 0 1 0 0 0 0
 16 148246.000 128871.000 0 0 0.000 0.000 0.000 0.120 0 1 0 0 0 0
 17 148119.000 129143.000 0 0 0.000 0.000 0.000 0.120 0 1 0 0 0 0
 18 137508.000 142084.000 0 0 0.000 0.000 0.000 0.125 0 1 0 0 0 0
 19 141715.000 138127.000 0 0 0.000 0.000 0.000 0.121 0 1 0 0 0 0
 20 139257.000 140598.000 0 0 0.000 0.000 0.000 0.120 0 1 0 0 0 0
 21 101860.000 157064.000 0 0 0.000 0.000 0.000 0.129 0 1 0 0 0 0
 22 83871.000 154746.000 0 0 0.000 0.000 0.000 0.122 0 1 0 0 0 0
 23 133490.000 146431.000 0 0 0.000 0.000 0.000 0.121 0 1 0 0 0 0
 24 92459.000 156817.000 0 0 0.000 0.000 0.000 0.120 0 1 0 0 0 0
 25 151362.000 125262.000 0 0 0.000 0.000 0.000 0.120 0 1 0 0 0 0
 26 136818.000 143948.000 0 0 0.000 0.000 0.000 0.122 0 1 0 0 0 0
 27 135331.000 145447.000 0 0 0.000 0.000 0.000 0.120 0 1 0 0 0 0
 28 86284.000 156167.000 0 0 0.000 0.000 0.000 0.123 0 1 0 0 0 0
 29 138709.000 143248.000 0 0 0.000 0.000 0.000 0.122 0 1 0 0 0 0
 30 101891.000 158100.000 0 0 0.000 0.000 0.000 0.120 0 1 0 0 0 0
 31 136370.000 145568.000 0 0 0.000 0.000 0.000 0.124 0 1 0 0 0 0
 32 83290.000 156118.000 0 0 0.000 0.000 0.000 0.122 0 1 0 0 0 0
 33 154567.000 120747.000 0 0 0.000 0.000 0.000 0.120 0 1 0 0 0 0
 34 157556.000 111245.000 0 0 0.000 0.000 0.000 0.125 0 1 0 0 0 0
 35 149827.000 131051.000 0 0 0.000 0.000 0.000 0.120 0 1 0 0 0 0
 36 97735.000 158808.000 0 0 0.000 0.000 0.000 0.120 0 1 0 0 0 0
 37 94062.000 158462.000 0 0 0.000 0.000 0.000 0.122 0 1 0 0 0 0
 38 149065.000 132494.000 0 0 0.000 0.000 0.000 0.124 0 1 0 0 0 0
 39 146980.000 135443.000 0 0 0.000 0.000 0.000 0.122 0 1 0 0 0 0
 40 114941.000 157122.000 0 0 0.000 0.000 0.000 0.121 0 1 0 0 0 0
 41 107028.000 158614.000 0 0 0.000 0.000 0.000 0.122 0 1 0 0 0 0
 42 76443.000 154480.000 0 0 0.000 0.000 0.000 0.123 0 1 0 0 0 0
 43 40900.000 99046.000 0 0 0.000 0.000 0.000 0.122 0 1 0 0 0 0
 44 91013.000 158908.000 0 0 0.000 0.000 0.000 0.135 0 1 0 0 0 0
 45 136383.000 147298.000 0 0 0.000 0.000 0.000 0.122 0 1 0 0 0 0
 46 94403.000 159386.000 0 0 0.000 0.000 0.000 0.125 0 1 0 0 0 0
 47 92565.000 159176.000 0 0 0.000 0.000 0.000 0.126 0 1 0 0 0 0
 48 147456.000 136273.000 0 0 0.000 0.000 0.000 0.120 0 1 0 0 0 0
 49 91529.000 159339.000 0 0 0.000 0.000 0.000 0.129 0 1 0 0 0 0
 50 133111.000 150313.000 0 0 0.000 0.000 0.000 0.121 0 1 0 0 0 0
 51 108424.000 160002.000 0 0 0.000 0.000 0.000 0.141 0 1 0 0 0 0
 52 93267.000 160293.000 0 0 0.000 0.000 0.000 0.125 0 1 0 0 0 0
 53 157896.000 117933.000 0 0 0.000 0.000 0.000 0.125 0 1 0 0 0 0
 54 108506.000 160185.000 0 0 0.000 0.000 0.000 0.136 0 1 0 0 0 0
 55 138437.000 147228.000 0 0 0.000 0.000 0.000 0.120 0 1 0 0 0 0
 56 109117.000 160657.000 0 0 0.000 0.000 0.000 0.122 0 1 0 0 0 0
 57 153722.000 129649.000 0 0 0.000 0.000 0.000 0.120 0 1 0 0 0 0
 58 95826.000 161888.000 0 0 0.000 0.000 0.000 0.120 0 1 0 0 0 0
 59 107998.000 161846.000 0 0 0.000 0.000 0.000 0.126 0 1 0 0 0 0
 60 127285.000 156157.000 0 0 0.000 0.000 0.000 0.121 0 1 0 0 0 0
 61 154265.000 131712.000 0 0 0.000 0.000 0.000 0.130 0 1 0 0 0 0
 62 100105.000 163139.000 0 0 0.000 0.000 0.000 0.122 0 1 0 0 0 0
 63 45478.000 68787.000 0 0 0.000 0.000 0.000 0.122 0 1 0 0 0 0
 64 108129.000 162922.000 0 0 0.000 0.000 0.000 0.120 0 1 0 0 0 0
 65 109438.000 162862.000 0 0 0.000 0.000 0.000 0.121 0 1 0 0 0 0
 66 103296.000 163581.000 0 0 0.000 0.000 0.000 0.122 0 1 0 0 0 0
 67 108527.000 163511.000 0 0 0.000 0.000 0.000 0.121 0 1 0 0 0 0
 68 145165.000 145519.000 0 0 0.000 0.000 0.000 0.122 0 1 0 0 0 0
 69 130723.000 156418.000 0 0 0.000 0.000 0.000 0.120 0 1 0 0 0 0
 70 124412.000 159618.000 0 0 0.000 0.000 0.000 0.121 0 1 0 0 0 0
 71 112535.000 163303.000 0 0 0.000 0.000 0.000 0.128 0 1 0 0 0 0
 72 122736.000 160386.000 0 0 0.000 0.000 0.000 0.125 0 1 0 0 0 0
 73 117976.000 161971.000 0 0 0.000 0.000 0.000 0.138 0 1 0 0 0 0
 74 108900.000 163965.000 0 0 0.000 0.000 0.000 0.120 0 1 0 0 0 0
 75 127040.000 158931.000 0 0 0.000 0.000 0.000 0.127 0 1 0 0 0 0
 76 120688.000 161285.000 0 0 0.000 0.000 0.000 0.120 0 1 0 0 0 0
 77 74542.000 159732.000 0 0 0.000 0.000 0.000 0.123 0 1 0 0 0 0
 78 125113.000 159998.000 0 0 0.000 0.000 0.000 0.120 0 1 0 0 0 0
 79 122207.000 161143.000 0 0 0.000 0.000 0.000 0.123 0 1 0 0 0 0
 80 107668.000 164740.000 0 0 0.000 0.000 0.000 0.122 0 1 0 0 0 0
 81 102546.000 165098.000 0 0 0.000 0.000 0.000 0.120 0 1 0 0 0 0
 82 126812.000 159450.000 0 0 0.000 0.000 0.000 0.134 0 1 0 0 0 0
 83 119329.000 162453.000 0 0 0.000 0.000 0.000 0.127 0 1 0 0 0 0
 84 106643.000 165180.000 0 0 0.000 0.000 0.000 0.122 0 1 0 0 0 0
 85 52296.000 55631.000 0 0 0.000 0.000 0.000 0.121 0 1 0 0 0 0
 86 112954.000 164775.000 0 0 0.000 0.000 0.000 0.130 0 1 0 0 0 0
 87 132916.000 157212.000 0 0 0.000 0.000 0.000 0.121 0 1 0 0 0 0
 88 120221.000 162966.000 0 0 0.000 0.000 0.000 0.121 0 1 0 0 0 0
 89 110227.000 165342.000 0 0 0.000 0.000 0.000 0.121 0 1 0 0 0 0
 90 34767.000 90753.000 0 0 0.000 0.000 0.000 0.120 0 1 0 0 0 0
 91 121930.000 162440.000 0 0 0.000 0.000 0.000 0.120 0 1 0 0 0 0
 92 119508.000 163477.000 0 0 0.000 0.000 0.000 0.128 0 1 0 0 0 0
 93 113034.000 165044.000 0 0 0.000 0.000 0.000 0.127 0 1 0 0 0 0
 94 124770.000 161931.000 0 0 42.000 56.000 2352.000 48.497 0 1 17 210 0 0
 95 124638.000 162349.000 0 0 42.000 56.000 2352.000 48.497 0 1 17 210 0 0
 96 112149.000 165812.000 0 0 0.000 0.000 0.000 0.140 0 1 0 0 0 0
 97 141598.000 47881.000 0 0 0.000 0.000 0.000 0.146 0 1 0 0 0 0
 98 137921.000 155610.000 0 0 0.000 0.000 0.000 0.121 0 1 0 0 0 0
 99 113370.000 166237.000 0 0 0.000 0.000 0.000 0.130 0 1 0 0 0 0
 100 110629.000 166595.000 0 0 0.000 0.000 0.000 0.137 0 1 0 0 0 0
 101 137635.000 156163.000 0 0 0.000 0.000 0.000 0.122 0 1 0 0 0 0
 102 127989.000 161564.000 0 0 0.000 0.000 0.000 0.121 0 1 0 0 0 0
 103 124622.000 162940.000 0 0 42.000 56.000 2352.000 48.497 0 1 17 210 0 0
 104 124524.000 163068.000 0 0 42.000 56.000 2352.000 48.497 0 1 17 210 0 0
 105 119412.000 165067.000 0 0 0.000 0.000 0.000 0.129 0 1 0 0 0 0
 106 127972.000 161908.000 0 0 0.000 0.000 0.000 0.121 0 1 0 0 0 0
 107 124292.000 163467.000 0 0 40.000 56.000 2240.000 47.328 0 1 17 210 0 0
 108 113449.000 166565.000 0 0 0.000 0.000 0.000 0.121 0 1 0 0 0 0
 109 146037.000 150207.000 0 0 0.000 0.000 0.000 0.129 0 1 0 0 0 0
 110 143729.000 152316.000 0 0 0.000 0.000 0.000 0.122 0 1 0 0 0 0
 111 139573.000 155564.000 0 0 0.000 0.000 0.000 0.122 0 1 0 0 0 0
 112 72597.000 162735.000 0 0 0.000 0.000 0.000 0.127 0 1 0 0 0 0
 113 78939.000 165214.000 0 0 0.000 0.000 0.000 0.123 0 1 0 0 0 0
 114 155552.000 140321.000 0 0 0.000 0.000 0.000 0.120 0 1 0 0 0 0
 115 35364.000 77127.000 0 0 0.000 0.000 0.000 0.405 0 1 0 0 0 0
 116 124599.000 164542.000 0 0 0.000 0.000 0.000 0.123 0 1 0 0 0 0
 117 126316.000 164134.000 0 0 0.000 0.000 0.000 0.121 0 1 0 0 0 0
 118 131719.000 161763.000 0 0 0.000 0.000 0.000 0.121 0 1 0 0 0 0
 119 97245.000 169513.000 0 0 0.000 0.000 0.000 0.131 0 1 0 0 0 0
 120 152911.000 54957.000 0 0 0.000 0.000 0.000 0.121 0 1 0 0 0 0
 121 139221.000 157999.000 0 0 0.000 0.000 0.000 0.120 0 1 0 0 0 0
 122 122734.000 166269.000 0 0 0.000 0.000 0.000 0.121 0 1 0 0 0 0
 123 113556.000 168644.000 0 0 0.000 0.000 0.000 0.121 0 1 0 0 0 0
 124 130946.000 162965.000 0 0 0.000 0.000 0.000 0.121 0 1 0 0 0 0
 125 136629.000 159968.000 0 0 0.000 0.000 0.000 0.120 0 1 0 0 0 0
 126 123153.000 166506.000 0 0 0.000 0.000 0.000 0.120 0 1 0 0 0 0
 127 131881.000 162924.000 0 0 0.000 0.000 0.000 0.126 0 1 0 0 0 0
 128 127679.000 164885.000 0 0 0.000 0.000 0.000 0.121 0 1 0 0 0 0
 129 123327.000 166571.000 0 0 0.000 0.000 0.000 0.126 0 1 0 0 0 0
 130 147579.000 152094.000 0 0 0.000 0.000 0.000 0.120 0 1 0 0 0 0
 131 132006.000 162909.000 0 0 0.000 0.000 0.000 0.120 0 1 0 0 0 0
 132 94863.000 170604.000 0 0 0.000 0.000 0.000 0.122 0 1 0 0 0 0
 133 126593.000 165868.000 0 0 0.000 0.000 0.000 0.126 0 1 0 0 0 0
 134 124653.000 166608.000 0 0 0.000 0.000 0.000 0.121 0 1 0 0 0 0
 135 162804.000 67174.000 0 0 0.000 0.000 0.000 0.122 0 1 0 0 0 0
 136 132274.000 163561.000 0 0 0.000 0.000 0.000 0.123 0 1 0 0 0 0
 137 131247.000 164011.000 0 0 0.000 0.000 0.000 0.126 0 1 0 0 0 0
 138 131131.000 164079.000 0 0 0.000 0.000 0.000 0.124 0 1 0 0 0 0
 139 126689.000 165977.000 0 0 0.000 0.000 0.000 0.121 0 1 0 0 0 0
 140 100214.000 171217.000 0 0 0.000 0.000 0.000 0.122 0 1 0 0 0 0
 141 132382.000 163623.000 0 0 0.000 0.000 0.000 0.124 0 1 0 0 0 0
 142 119726.000 168553.000 0 0 0.000 0.000 0.000 0.121 0 1 0 0 0 0
 143 134687.000 162512.000 0 0 0.000 0.000 0.000 0.128 0 1 0 0 0 0
 144 128793.000 165490.000 0 0 0.000 0.000 0.000 0.121 0 1 0 0 0 0
 145 120078.000 168894.000 0 0 0.000 0.000 0.000 0.122 0 1 0 0 0 0
 146 81967.000 169358.000 0 0 0.000 0.000 0.000 0.120 0 1 0 0 0 0
 147 141435.000 158687.000 0 0 0.000 0.000 0.000 0.125 0 1 0 0 0 0
 148 171418.000 107768.000 0 0 0.000 0.000 0.000 0.122 0 1 0 0 0 0
 149 59271.000 159380.000 0 0 0.000 0.000 0.000 0.126 0 1 0 0 0 0
 150 98733.000 172388.000 0 0 0.000 0.000 0.000 0.127 0 1 0 0 0 0
 151 77911.000 168845.000 0 0 0.000 0.000 0.000 0.121 0 1 0 0 0 0
 152 43244.000 144946.000 0 0 0.000 0.000 0.000 0.132 0 1 0 0 0 0
 153 154888.000 147254.000 0 0 0.000 0.000 0.000 0.120 0 1 0 0 0 0
 154 154345.000 148138.000 0 0 0.000 0.000 0.000 0.121 0 1 0 0 0 0
 155 133495.000 164843.000 0 0 0.000 0.000 0.000 0.129 0 1 0 0 0 0
 156 127905.000 167910.000 0 0 0.000 0.000 0.000 0.125 0 1 0 0 0 0
 157 126370.000 168591.000 0 0 0.000 0.000 0.000 0.125 0 1 0 0 0 0
 158 126186.000 168531.000 0 0 0.000 0.000 0.000 0.122 0 1 0 0 0 0
 159 126097.000 168556.000 0 0 0.000 0.000 0.000 0.121 0 1 0 0 0 0
 160 126449.000 168649.000 0 0 0.000 0.000 0.000 0.120 0 1 0 0 0 0
 161 114440.000 172125.000 0 0 0.000 0.000 0.000 0.125 0 1 0 0 0 0
 162 95327.000 173540.000 0 0 0.000 0.000 0.000 0.120 0 1 0 0 0 0
 163 80310.000 171073.000 0 0 0.000 0.000 0.000 0.121 0 1 0 0 0 0
 164 135195.000 165005.000 0 0 0.000 0.000 0.000 0.122 0 1 0 0 0 0
 165 130939.000 167082.000 0 0 0.000 0.000 0.000 0.122 0 1 0 0 0 0
 166 124247.000 170110.000 0 0 0.000 0.000 0.000 0.125 0 1 0 0 0 0
 167 103263.000 174035.000 0 0 0.000 0.000 0.000 0.121 0 1 0 0 0 0
 168 134312.000 165825.000 0 0 0.000 0.000 0.000 0.120 0 1 0 0 0 0
 169 134733.000 165946.000 0 0 0.000 0.000 0.000 0.127 0 1 0 0 0 0
 170 123153.000 170867.000 0 0 0.000 0.000 0.000 0.126 0 1 0 0 0 0
 171 128406.000 168976.000 0 0 0.000 0.000 0.000 0.120 0 1 0 0 0 0
 172 121007.000 171587.000 0 0 0.000 0.000 0.000 0.122 0 1 0 0 0 0
 173 132150.000 167579.000 0 0 0.000 0.000 0.000 0.121 0 1 0 0 0 0
 174 126926.000 169772.000 0 0 0.000 0.000 0.000 0.120 0 1 0 0 0 0
 175 141045.000 162577.000 0 0 0.000 0.000 0.000 0.138 0 1 0 0 0 0
 176 121559.000 171736.000 0 0 0.000 0.000 0.000 0.120 0 1 0 0 0 0
 177 153740.000 152377.000 0 0 0.000 0.000 0.000 0.124 0 1 0 0 0 0
 178 167281.000 67016.000 0 0 0.000 0.000 0.000 0.123 0 1 0 0 0 0
 179 130655.000 168986.000 0 0 0.000 0.000 0.000 0.124 0 1 0 0 0 0
 180 96437.000 175400.000 0 0 0.000 0.000 0.000 0.122 0 1 0 0 0 0
 181 90848.000 174936.000 0 0 0.000 0.000 0.000 0.123 0 1 0 0 0 0
 182 111302.000 174864.000 0 0 0.000 0.000 0.000 0.121 0 1 0 0 0 0
 183 159766.000 147076.000 0 0 0.000 0.000 0.000 0.120 0 1 0 0 0 0
 184 147744.000 159474.000 0 0 0.000 0.000 0.000 0.122 0 1 0 0 0 0
 185 77385.000 172823.000 0 0 0.000 0.000 0.000 0.120 0 1 0 0 0 0
 186 156191.000 152000.000 0 0 0.000 0.000 0.000 0.121 0 1 0 0 0 0
 187 110544.000 175873.000 0 0 0.000 0.000 0.000 0.121 0 1 0 0 0 0
 188 91339.000 176306.000 0 0 0.000 0.000 0.000 0.120 0 1 0 0 0 0
 189 35706.000 141757.000 0 0 0.000 0.000 0.000 0.206 0 1 0 0 0 0
 190 129581.000 171258.000 0 0 0.000 0.000 0.000 0.123 0 1 0 0 0 0
 191 120056.000 174519.000 0 0 0.000 0.000 0.000 0.124 0 1 0 0 0 0
 192 112257.000 176289.000 0 0 0.000 0.000 0.000 0.120 0 1 0 0 0 0
 193 99296.000 177443.000 0 0 0.000 0.000 0.000 0.130 0 1 0 0 0 0
 194 145737.000 162538.000 0 0 0.000 0.000 0.000 0.121 0 1 0 0 0 0
 195 125589.000 173161.000 0 0 0.000 0.000 0.000 0.124 0 1 0 0 0 0
 196 110734.000 176993.000 0 0 0.000 0.000 0.000 0.121 0 1 0 0 0 0
 197 133547.000 170177.000 0 0 0.000 0.000 0.000 0.123 0 1 0 0 0 0
 198 129534.000 171909.000 0 0 0.000 0.000 0.000 0.120 0 1 0 0 0 0
 199 161303.000 148026.000 0 0 0.000 0.000 0.000 0.127 0 1 0 0 0 0
 200 151542.000 158479.000 0 0 0.000 0.000 0.000 0.121 0 1 0 0 0 0
 201 150863.000 159176.000 0 0 0.000 0.000 0.000 0.122 0 1 0 0 0 0
 202 135968.000 169498.000 0 0 0.000 0.000 0.000 0.126 0 1 0 0 0 0
 203 118959.000 175816.000 0 0 0.000 0.000 0.000 0.140 0 1 0 0 0 0
 204 118815.000 175838.000 0 0 0.000 0.000 0.000 0.138 0 1 0 0 0 0
 205 117378.000 176308.000 0 0 0.000 0.000 0.000 0.127 0 1 0 0 0 0
 206 113159.000 177431.000 0 0 0.000 0.000 0.000 0.127 0 1 0 0 0 0
 207 126519.000 174063.000 0 0 0.000 0.000 0.000 0.122 0 1 0 0 0 0
 208 178688.000 96701.000 0 0 0.000 0.000 0.000 0.123 0 1 0 0 0 0
 209 93656.000 178783.000 0 0 0.000 0.000 0.000 0.122 0 1 0 0 0 0
 210 157608.000 154428.000 0 0 0.000 0.000 0.000 0.123 0 1 0 0 0 0
 211 96861.000 179362.000 0 0 0.000 0.000 0.000 0.123 0 1 0 0 0 0
 212 89002.000 178973.000 0 0 0.000 0.000 0.000 0.123 0 1 0 0 0 0
 213 114860.000 178768.000 0 0 0.000 0.000 0.000 0.121 0 1 0 0 0 0
 214 114315.000 179113.000 0 0 0.000 0.000 0.000 0.121 0 1 0 0 0 0
 215 54726.000 33553.000 0 0 0.000 0.000 0.000 0.132 0 1 0 0 0 0
 216 157161.000 157183.000 0 0 0.000 0.000 0.000 0.124 0 1 0 0 0 0
 217 167367.000 145035.000 0 0 0.000 0.000 0.000 0.124 0 1 0 0 0 0
 218 109732.000 180518.000 0 0 0.000 0.000 0.000 0.137 0 1 0 0 0 0
 219 154671.000 160185.000 0 0 0.000 0.000 0.000 0.120 0 1 0 0 0 0
 220 119128.000 179457.000 0 0 0.000 0.000 0.000 0.132 0 1 0 0 0 0
 221 113130.000 180865.000 0 0 0.000 0.000 0.000 0.120 0 1 0 0 0 0
 222 119352.000 179749.000 0 0 0.000 0.000 0.000 0.127 0 1 0 0 0 0
 223 119869.000 180123.000 0 0 0.000 0.000 0.000 0.131 0 1 0 0 0 0
 224 116758.000 180700.000 0 0 0.000 0.000 0.000 0.130 0 1 0 0 0 0
 225 154935.000 161568.000 0 0 0.000 0.000 0.000 0.134 0 1 0 0 0 0
 226 116842.000 181360.000 0 0 0.000 0.000 0.000 0.129 0 1 0 0 0 0
 227 168258.000 147404.000 0 0 0.000 0.000 0.000 0.120 0 1 0 0 0 0
 228 112381.000 182767.000 0 0 0.000 0.000 0.000 0.121 0 1 0 0 0 0
 229 174103.000 139023.000 0 0 0.000 0.000 0.000 0.120 0 1 0 0 0 0
 230 177694.000 68594.000 0 0 0.000 0.000 0.000 0.143 0 1 0 0 0 0
 231 117175.000 182668.000 0 0 0.000 0.000 0.000 0.122 0 1 0 0 0 0
 232 158841.000 161430.000 0 0 0.000 0.000 0.000 0.126 0 1 0 0 0 0
 233 36213.000 43652.000 0 0 0.000 0.000 0.000 0.120 0 1 0 0 0 0
 234 147310.000 171889.000 0 0 0.000 0.000 0.000 0.125 0 1 0 0 0 0
 235 160092.000 161843.000 0 0 0.000 0.000 0.000 0.126 0 1 0 0 0 0
 236 154316.000 167180.000 0 0 0.000 0.000 0.000 0.123 0 1 0 0 0 0
 237 117962.000 184581.000 0 0 0.000 0.000 0.000 0.121 0 1 0 0 0 0
 238 25194.000 56902.000 0 0 54.000 46.000 2484.000 49.839 0 1 3 200 0 0
 239 147226.000 172747.000 0 0 0.000 0.000 0.000 0.126 0 1 0 0 0 0
 240 24468.000 57968.000 0 0 54.000 46.000 2484.000 49.839 0 1 3 200 0 0
 241 24554.000 57816.000 0 0 54.000 46.000 2484.000 49.839 0 1 3 200 0 0
 242 24540.000 57709.000 0 0 54.000 46.000 2484.000 49.839 0 1 3 200 0 0
 243 24664.000 57673.000 0 0 54.000 46.000 2484.000 49.839 0 1 3 200 0 0
 244 24836.000 57293.000 0 0 54.000 46.000 2484.000 49.839 0 1 3 200 0 0
 245 25005.000 57170.000 0 0 54.000 46.000 2484.000 49.839 0 1 3 200 0 0
 246 25065.000 57047.000 0 0 54.000 46.000 2484.000 49.839 0 1 3 200 0 0
 247 26168.000 55282.000 0 0 56.000 46.000 2576.000 50.754 0 1 3 200 0 0
 248 26436.000 54848.000 0 0 56.000 48.000 2688.000 51.845 0 1 3 200 0 0
 249 26682.000 54470.000 0 0 56.000 48.000 2688.000 51.845 0 1 3 200 0 0
 250 26877.000 54015.000 0 0 56.000 48.000 2688.000 51.845 0 1 3 200 0 0
 251 27052.000 53801.000 0 0 56.000 48.000 2688.000 51.845 0 1 3 200 0 0
 252 27389.000 53294.000 0 0 56.000 48.000 2688.000 51.845 0 1 3 200 0 0
 253 27807.000 52646.000 0 0 54.000 48.000 2592.000 50.911 0 1 3 200 0 0
 254 28637.000 51300.000 0 0 54.000 48.000 2592.000 50.911 0 1 3 200 0 0
 255 28668.000 51170.000 0 0 54.000 48.000 2592.000 50.911 0 1 3 200 0 0
 256 29251.000 50387.000 0 0 54.000 48.000 2592.000 50.911 0 1 3 200 0 0
 257 160411.000 162183.000 0 0 0.000 0.000 0.000 0.129 0 1 0 0 0 0
 258 23214.000 59928.000 0 0 56.000 44.000 2464.000 49.638 0 1 3 200 0 0
 259 23639.000 59227.000 0 0 56.000 44.000 2464.000 49.638 0 1 3 200 0 0
 260 23890.000 58555.000 0 0 54.000 44.000 2376.000 48.744 0 1 3 200 0 0
 261 24341.000 57996.000 0 0 54.000 46.000 2484.000 49.839 0 1 3 200 0 0
 262 27002.000 53538.000 0 0 56.000 48.000 2688.000 51.845 0 1 3 200 0 0
 263 28245.000 51746.000 0 0 54.000 46.000 2484.000 49.839 0 1 3 200 0 0
 264 28476.000 51376.000 0 0 54.000 48.000 2592.000 50.911 0 1 3 200 0 0
 265 29324.000 49925.000 0 0 54.000 48.000 2592.000 50.911 0 1 3 200 0 0
 266 29660.000 49639.000 0 0 54.000 48.000 2592.000 50.911 0 1 3 200 0 0
 267 30496.000 48377.000 0 0 56.000 48.000 2688.000 51.845 0 1 3 200 0 0
 268 23881.000 141912.000 0 0 0.000 0.000 0.000 0.125 0 1 0 0 0 0
 269 22552.000 60838.000 0 0 56.000 44.000 2464.000 49.638 0 1 3 200 0 0
 270 22681.000 60492.000 0 0 56.000 44.000 2464.000 49.638 0 1 3 200 0 0
 271 22945.000 60394.000 0 0 56.000 44.000 2464.000 49.638 0 1 3 200 0 0
 272 23306.000 59568.000 0 0 56.000 44.000 2464.000 49.638 0 1 3 200 0 0
 273 29716.000 49378.000 0 0 56.000 48.000 2688.000 51.845 0 1 3 200 0 0
 274 30040.000 48893.000 0 0 56.000 48.000 2688.000 51.845 0 1 3 200 0 0
 275 30613.000 48049.000 0 0 56.000 48.000 2688.000 51.845 0 1 3 200 0 0
 276 30707.000 47843.000 0 0 54.000 50.000 2700.000 51.961 0 1 3 200 0 0
 277 30954.000 47371.000 0 0 54.000 50.000 2700.000 51.961 0 1 3 200 0 0
 278 22270.000 61222.000 0 0 56.000 44.000 2464.000 49.638 0 1 3 200 0 0
 279 22418.000 61017.000 0 0 56.000 44.000 2464.000 49.638 0 1 3 200 0 0
 280 22687.000 60203.000 0 0 56.000 44.000 2464.000 49.638 0 1 3 200 0 0
 281 23052.000 59806.000 0 0 56.000 44.000 2464.000 49.638 0 1 3 200 0 0
 282 24354.000 56980.000 0 0 54.000 46.000 2484.000 49.839 0 1 3 200 0 0
 283 24921.000 56155.000 0 0 56.000 46.000 2576.000 50.754 0 1 3 200 0 0
 284 26154.000 54238.000 0 0 56.000 48.000 2688.000 51.845 0 1 3 200 0 0
 285 28695.000 50159.000 0 0 54.000 48.000 2592.000 50.911 0 1 3 200 0 0
 286 29951.000 48657.000 0 0 56.000 48.000 2688.000 51.845 0 1 3 200 0 0
 287 31197.000 47074.000 0 0 54.000 50.000 2700.000 51.961 0 1 3 200 0 0
 288 31819.000 46136.000 0 0 54.000 50.000 2700.000 51.961 0 1 3 200 0 0
 289 21135.000 62811.000 0 0 56.000 42.000 2352.000 48.497 0 1 3 200 0 0
 290 21639.000 62037.000 0 0 56.000 42.000 2352.000 48.497 0 1 3 200 0 0
 291 21801.000 61739.000 0 0 56.000 42.000 2352.000 48.497 0 1 3 200 0 0
 292 21876.000 61548.000 0 0 56.000 44.000 2464.000 49.638 0 1 3 200 0 0
 293 22025.000 61333.000 0 0 56.000 44.000 2464.000 49.638 0 1 3 200 0 0
 294 24076.000 57418.000 0 0 54.000 46.000 2484.000 49.839 0 1 3 200 0 0
 295 24195.000 57235.000 0 0 54.000 46.000 2484.000 49.839 0 1 3 200 0 0
 296 24491.000 56658.000 0 0 54.000 46.000 2484.000 49.839 0 1 3 200 0 0
 297 24697.000 56445.000 0 0 56.000 46.000 2576.000 50.754 0 1 3 200 0 0
 298 24762.000 56227.000 0 0 56.000 46.000 2576.000 50.754 0 1 3 200 0 0
 299 25276.000 55351.000 0 0 56.000 46.000 2576.000 50.754 0 1 3 200 0 0
 300 25457.000 55084.000 0 0 56.000 46.000 2576.000 50.754 0 1 3 200 0 0
 301 26173.000 53984.000 0 0 0.000 0.000 0.000 0.121 0 1 0 0 0 0
 302 27816.000 51340.000 0 0 54.000 46.000 2484.000 49.839 0 1 3 200 0 0
 303 27812.000 51171.000 0 0 54.000 48.000 2592.000 50.911 0 1 3 200 0 0
 304 28366.000 50572.000 0 0 54.000 48.000 2592.000 50.911 0 1 3 200 0 0
 305 28506.000 50394.000 0 0 54.000 48.000 2592.000 50.911 0 1 3 200 0 0
 306 31500.000 46454.000 0 0 54.000 50.000 2700.000 51.961 0 1 3 200 0 0
 307 31877.000 45927.000 0 0 54.000 50.000 2700.000 51.961 0 1 3 200 0 0
 308 31918.000 45884.000 0 0 54.000 50.000 2700.000 51.961 0 1 3 200 0 0
 309 32129.000 45367.000 0 0 54.000 50.000 2700.000 51.961 0 1 3 200 0 0
 310 32357.000 45067.000 0 0 54.000 50.000 2700.000 51.961 0 1 3 200 0 0
 311 32562.000 44781.000 0 0 54.000 50.000 2700.000 51.961 0 1 3 200 0 0
 312 45522.000 32096.000 0 0 50.000 54.000 2700.000 51.961 0 1 3 200 0 0
 313 45843.000 31882.000 0 0 50.000 54.000 2700.000 51.961 0 1 3 200 0 0
 314 45912.000 31834.000 0 0 50.000 54.000 2700.000 51.961 0 1 3 200 0 0
 315 20936.000 63050.000 0 0 56.000 42.000 2352.000 48.497 0 1 3 200 0 0
 316 21026.000 62927.000 0 0 56.000 42.000 2352.000 48.497 0 1 3 200 0 0
 317 21077.000 62844.000 0 0 56.000 42.000 2352.000 48.497 0 1 3 200 0 0
 318 21818.000 61407.000 0 0 56.000 44.000 2464.000 49.638 0 1 3 200 0 0
 319 22925.000 59157.000 0 0 56.000 44.000 2464.000 49.638 0 1 3 200 0 0
 320 28143.000 50621.000 0 0 54.000 48.000 2592.000 50.911 0 1 3 200 0 0
 321 28277.000 50419.000 0 0 54.000 48.000 2592.000 50.911 0 1 3 200 0 0
 322 28721.000 49748.000 0 0 54.000 48.000 2592.000 50.911 0 1 3 200 0 0
 323 30974.000 46892.000 0 0 54.000 50.000 2700.000 51.961 0 1 3 200 0 0
 324 31906.000 45629.000 0 0 54.000 50.000 2700.000 51.961 0 1 3 200 0 0
 325 32544.000 44804.000 0 0 54.000 50.000 2700.000 51.961 0 1 3 200 0 0
 326 32678.000 44611.000 0 0 54.000 50.000 2700.000 51.961 0 1 3 200 0 0
 327 32970.000 44134.000 0 0 54.000 52.000 2808.000 52.990 0 1 3 200 0 0
 328 33045.000 44049.000 0 0 54.000 52.000 2808.000 52.990 0 1 3 200 0 0
 329 33213.000 43912.000 0 0 54.000 52.000 2808.000 52.990 0 1 3 200 0 0
 330 33261.000 43810.000 0 0 54.000 52.000 2808.000 52.990 0 1 3 200 0 0
 331 33375.000 43643.000 0 0 54.000 52.000 2808.000 52.990 0 1 3 200 0 0
 332 33643.000 43249.000 0 0 53.000 52.000 2756.000 52.497 0 1 3 200 0 0
 333 39493.000 37082.000 0 0 52.000 54.000 2808.000 52.990 0 1 3 200 0 0
 334 39651.000 36962.000 0 0 52.000 54.000 2808.000 52.990 0 1 3 200 0 0
 335 39749.000 36828.000 0 0 52.000 54.000 2808.000 52.990 0 1 3 200 0 0
 336 39931.000 36690.000 0 0 52.000 54.000 2808.000 52.990 0 1 3 200 0 0
 337 40080.000 36628.000 0 0 52.000 54.000 2808.000 52.990 0 1 3 200 0 0
 338 40365.000 36419.000 0 0 52.000 54.000 2808.000 52.990 0 1 3 200 0 0
 339 40528.000 36280.000 0 0 52.000 54.000 2808.000 52.990 0 1 3 200 0 0
 340 40816.000 35986.000 0 0 50.000 54.000 2700.000 51.961 0 1 3 200 0 0
 341 40906.000 35899.000 0 0 50.000 54.000 2700.000 51.961 0 1 3 200 0 0
 342 40982.000 35821.000 0 0 50.000 54.000 2700.000 51.961 0 1 3 200 0 0
 343 41178.000 35669.000 0 0 50.000 54.000 2700.000 51.961 0 1 3 200 0 0
 344 41268.000 35588.000 0 0 50.000 54.000 2700.000 51.961 0 1 3 200 0 0
 345 41600.000 35279.000 0 0 50.000 54.000 2700.000 51.961 0 1 3 200 0 0
 346 42172.000 34783.000 0 0 50.000 52.000 2600.000 50.990 0 1 3 200 0 0
 347 42336.000 34626.000 0 0 50.000 52.000 2600.000 50.990 0 1 3 200 0 0
 348 42393.000 34540.000 0 0 52.000 52.000 2704.000 52.000 0 1 3 200 0 0
 349 42484.000 34503.000 0 0 52.000 52.000 2704.000 52.000 0 1 3 200 0 0
 350 42839.000 34037.000 0 0 52.000 52.000 2704.000 52.000 0 1 3 200 0 0
 351 43355.000 33570.000 0 0 52.000 54.000 2808.000 52.990 0 1 3 200 0 0
 352 43761.000 33361.000 0 0 52.000 54.000 2808.000 52.990 0 1 3 200 0 0
 353 43879.000 33268.000 0 0 52.000 54.000 2808.000 52.990 0 1 3 200 0 0
 354 45307.000 32189.000 0 0 50.000 54.000 2700.000 51.961 0 1 3 200 0 0
 355 46637.000 31098.000 0 0 50.000 54.000 2700.000 51.961 0 1 3 200 0 0
 356 46818.000 30962.000 0 0 50.000 54.000 2700.000 51.961 0 1 3 200 0 0
 357 47294.000 30542.000 0 0 50.000 54.000 2700.000 51.961 0 1 3 200 0 0
 358 47509.000 30370.000 0 0 50.000 54.000 2700.000 51.961 0 1 3 200 0 0
 359 47592.000 30318.000 0 0 50.000 54.000 2700.000 51.961 0 1 3 200 0 0
 360 47741.000 30167.000 0 0 48.000 56.000 2688.000 51.845 0 1 3 200 0 0
 361 20302.000 63940.000 0 0 54.000 42.000 2268.000 47.623 0 1 3 200 0 0
 362 20464.000 63644.000 0 0 54.000 42.000 2268.000 47.623 0 1 3 200 0 0
 363 20591.000 63413.000 0 0 56.000 42.000 2352.000 48.497 0 1 3 200 0 0
 364 20691.000 63269.000 0 0 56.000 42.000 2352.000 48.497 0 1 3 200 0 0
 365 20776.000 63146.000 0 0 56.000 42.000 2352.000 48.497 0 1 3 200 0 0
 366 21269.000 62086.000 0 0 56.000 42.000 2352.000 48.497 0 1 3 200 0 0
 367 21929.000 60426.000 0 0 56.000 44.000 2464.000 49.638 0 1 3 200 0 0
 368 22114.000 60219.000 0 0 56.000 44.000 2464.000 49.638 0 1 3 200 0 0
 369 22213.000 60109.000 0 0 56.000 44.000 2464.000 49.638 0 1 3 200 0 0
 370 22346.000 59795.000 0 0 56.000 44.000 2464.000 49.638 0 1 3 200 0 0
 371 25189.000 54686.000 0 0 56.000 46.000 2576.000 50.754 0 1 3 200 0 0
 372 25353.000 54501.000 0 0 56.000 48.000 2688.000 51.845 0 1 3 200 0 0
 373 26600.000 52433.000 0 0 0.000 0.000 0.000 0.122 0 1 0 0 0 0
 374 27846.000 50605.000 0 0 54.000 48.000 2592.000 50.911 0 1 3 200 0 0
 375 28510.000 49937.000 0 0 54.000 48.000 2592.000 50.911 0 1 3 200 0 0
 376 29702.000 48146.000 0 0 56.000 48.000 2688.000 51.845 0 1 3 200 0 0
 377 33783.000 43043.000 0 0 52.000 52.000 2704.000 52.000 0 1 3 200 0 0
 378 38874.000 37643.000 0 0 52.000 52.000 2704.000 52.000 0 1 3 200 0 0
 379 39125.000 37382.000 0 0 52.000 52.000 2704.000 52.000 0 1 3 200 0 0
 380 39437.000 37186.000 0 0 52.000 52.000 2704.000 52.000 0 1 3 200 0 0
 381 43196.000 33667.000 0 0 52.000 52.000 2704.000 52.000 0 1 3 200 0 0
 382 31112.000 47182.000 0 0 54.000 50.000 2700.000 51.961 0 1 3 200 0 0
 383 47130.000 30583.000 0 0 50.000 54.000 2700.000 51.961 0 1 3 200 0 0
 384 180662.000 66190.000 0 0 0.000 0.000 0.000 0.121 0 1 0 0 0 0
 385 19775.000 64574.000 0 0 54.000 42.000 2268.000 47.623 0 1 3 200 0 0
 386 19973.000 64326.000 0 0 54.000 42.000 2268.000 47.623 0 1 3 200 0 0
 387 20449.000 63495.000 0 0 56.000 42.000 2352.000 48.497 0 1 3 200 0 0
 388 22325.000 59642.000 0 0 56.000 44.000 2464.000 49.638 0 1 3 200 0 0
 389 24665.000 55430.000 0 0 56.000 46.000 2576.000 50.754 0 1 3 200 0 0
 390 25675.000 53608.000 0 0 0.000 0.000 0.000 0.126 0 1 0 0 0 0
 391 29842.000 47815.000 0 0 56.000 48.000 2688.000 51.845 0 1 3 200 0 0
 392 31242.000 45829.000 0 0 54.000 50.000 2700.000 51.961 0 1 3 200 0 0
 393 47759.000 29927.000 0 0 48.000 56.000 2688.000 51.845 0 1 3 200 0 0
 394 48213.000 29494.000 0 0 48.000 56.000 2688.000 51.845 0 1 3 200 0 0
 395 48279.000 29442.000 0 0 48.000 56.000 2688.000 51.845 0 1 3 200 0 0
 396 48367.000 29313.000 0 0 48.000 56.000 2688.000 51.845 0 1 3 200 0 0
 397 23895.000 144147.000 0 0 0.000 0.000 0.000 0.125 0 1 0 0 0 0
 398 19442.000 64957.000 0 0 54.000 42.000 2268.000 47.623 0 1 3 200 0 0
 399 20929.000 61658.000 0 0 56.000 42.000 2352.000 48.497 0 1 3 200 0 0
 400 21673.000 60442.000 0 0 56.000 44.000 2464.000 49.638 0 1 3 200 0 0
 401 25871.000 53199.000 0 0 0.000 0.000 0.000 0.121 0 1 0 0 0 0
 402 27886.000 50126.000 0 0 54.000 48.000 2592.000 50.911 0 1 3 200 0 0
 403 28089.000 49795.000 0 0 54.000 48.000 2592.000 50.911 0 1 3 200 0 0
 404 30601.000 46459.000 0 0 54.000 50.000 2700.000 51.961 0 1 3 200 0 0
 405 30615.000 46427.000 0 0 54.000 50.000 2700.000 51.961 0 1 3 200 0 0
 406 30850.000 46067.000 0 0 54.000 50.000 2700.000 51.961 0 1 3 200 0 0
 407 33013.000 43501.000 0 0 54.000 52.000 2808.000 52.990 0 1 3 200 0 0
 408 35310.000 40651.000 0 0 54.000 50.000 2700.000 51.961 0 1 7 200 0 0
 409 38339.000 37709.000 0 0 52.000 52.000 2704.000 52.000 0 1 3 200 0 0
 410 44969.000 31782.000 0 0 50.000 54.000 2700.000 51.961 0 1 3 200 0 0
 411 45129.000 31571.000 0 0 50.000 54.000 2700.000 51.961 0 1 3 200 0 0
 412 45666.000 31237.000 0 0 50.000 54.000 2700.000 51.961 0 1 3 200 0 0
 413 45839.000 31049.000 0 0 50.000 54.000 2700.000 51.961 0 1 3 200 0 0
 414 46284.000 30729.000 0 0 50.000 54.000 2700.000 51.961 0 1 3 200 0 0
 415 48459.000 29124.000 0 0 48.000 56.000 2688.000 51.845 0 1 3 200 0 0
 416 48562.000 29043.000 0 0 48.000 56.000 2688.000 51.845 0 1 3 200 0 0
 417 48663.000 28794.000 0 0 48.000 56.000 2688.000 51.845 0 1 3 200 0 0
 418 64732.000 19829.000 0 0 0.000 0.000 0.000 0.215 0 1 0 0 0 0
 419 18907.000 65689.000 0 0 56.000 42.000 2352.000 48.497 0 1 3 200 0 0
 420 19003.000 65519.000 0 0 56.000 42.000 2352.000 48.497 0 1 3 200 0 0
 421 19075.000 65458.000 0 0 54.000 42.000 2268.000 47.623 0 1 3 200 0 0
 422 19286.000 65233.000 0 0 54.000 42.000 2268.000 47.623 0 1 3 200 0 0
 423 19337.000 65094.000 0 0 54.000 42.000 2268.000 47.623 0 1 3 200 0 0
 424 19630.000 64288.000 0 0 54.000 42.000 2268.000 47.623 0 1 3 200 0 0
 425 20027.000 63146.000 0 0 56.000 42.000 2352.000 48.497 0 1 3 200 0 0
 426 20642.000 62245.000 0 0 56.000 42.000 2352.000 48.497 0 1 3 200 0 0
 427 20608.000 61981.000 0 0 56.000 42.000 2352.000 48.497 0 1 3 200 0 0
 428 20742.000 61741.000 0 0 56.000 42.000 2352.000 48.497 0 1 3 200 0 0
 429 21236.000 60916.000 0 0 56.000 44.000 2464.000 49.638 0 1 3 200 0 0
 430 21306.000 60706.000 0 0 56.000 44.000 2464.000 49.638 0 1 3 200 0 0
 431 21608.000 60153.000 0 0 56.000 44.000 2464.000 49.638 0 1 3 200 0 0
 432 21723.000 59971.000 0 0 56.000 44.000 2464.000 49.638 0 1 3 200 0 0
 433 21902.000 59631.000 0 0 56.000 44.000 2464.000 49.638 0 1 3 200 0 0
 434 27087.000 50734.000 0 0 54.000 46.000 2484.000 49.839 0 1 3 200 0 0
 435 27573.000 50300.000 0 0 54.000 48.000 2592.000 50.911 0 1 3 200 0 0
 436 28483.000 48948.000 0 0 54.000 48.000 2592.000 50.911 0 1 3 200 0 0
 437 28791.000 48562.000 0 0 56.000 48.000 2688.000 51.845 0 1 3 200 0 0
 438 29036.000 48140.000 0 0 56.000 48.000 2688.000 51.845 0 1 3 200 0 0
 439 29502.000 47572.000 0 0 56.000 48.000 2688.000 51.845 0 1 3 200 0 0
 440 31142.000 45460.000 0 0 54.000 50.000 2700.000 51.961 0 1 3 200 0 0
 441 35568.000 40213.000 0 0 54.000 52.000 2808.000 52.990 0 1 7 200 0 0
 442 35704.000 40056.000 0 0 54.000 52.000 2808.000 52.990 0 1 7 200 0 0
 443 39047.000 36768.000 0 0 52.000 53.000 2756.000 52.497 0 1 3 200 0 0
 444 43322.000 32937.000 0 0 52.000 54.000 2808.000 52.990 0 1 3 200 0 0
 445 44383.000 32009.000 0 0 50.000 54.000 2700.000 51.961 0 1 3 200 0 0
 446 45861.000 30810.000 0 0 50.000 54.000 2700.000 51.961 0 1 3 200 0 0
 447 48850.000 28642.000 0 0 48.000 54.000 2592.000 50.911 0 1 3 200 0 0
 448 18624.000 66084.000 0 0 56.000 42.000 2352.000 48.497 0 1 3 200 0 0
 449 20234.000 62795.000 0 0 56.000 42.000 2352.000 48.497 0 1 3 200 0 0
 450 20636.000 61906.000 0 0 56.000 42.000 2352.000 48.497 0 1 3 200 0 0
 451 20682.000 61839.000 0 0 56.000 42.000 2352.000 48.497 0 1 3 200 0 0
 452 20997.000 61241.000 0 0 56.000 44.000 2464.000 49.638 0 1 3 200 0 0
 453 25419.000 53222.000 0 0 0.000 0.000 0.000 0.120 0 1 0 0 0 0
 454 27192.000 50658.000 0 0 54.000 48.000 2592.000 50.911 0 1 3 200 0 0
 455 27881.000 49510.000 0 0 54.000 48.000 2592.000 50.911 0 1 3 200 0 0
 456 35708.000 39927.000 0 0 54.000 52.000 2808.000 52.990 0 1 7 200 0 0
 457 39122.000 36505.000 0 0 52.000 54.000 2808.000 52.990 0 1 3 200 0 0
 458 39332.000 36235.000 0 0 52.000 54.000 2808.000 52.990 0 1 3 200 0 0
 459 43989.000 32154.000 0 0 50.000 54.000 2700.000 51.961 0 1 3 200 0 0
 460 44025.000 31911.000 0 0 50.000 54.000 2700.000 51.961 0 1 3 200 0 0
 461 44679.000 31584.000 0 0 50.000 54.000 2700.000 51.961 0 1 3 200 0 0
 462 46409.000 30025.000 0 0 50.000 54.000 2700.000 51.961 0 1 3 200 0 0
 463 48992.000 28347.000 0 0 48.000 54.000 2592.000 50.911 0 1 3 200 0 0
 464 49174.000 28172.000 0 0 48.000 54.000 2592.000 50.911 0 1 3 200 0 0
 465 18245.000 66555.000 0 0 56.000 42.000 2352.000 48.497 0 1 3 200 0 0
 466 18404.000 66336.000 0 0 56.000 42.000 2352.000 48.497 0 1 3 200 0 0
 467 18454.000 66257.000 0 0 56.000 42.000 2352.000 48.497 0 1 3 200 0 0
 468 18524.000 66203.000 0 0 56.000 42.000 2352.000 48.497 0 1 3 200 0 0
 469 18606.000 65663.000 0 0 56.000 42.000 2352.000 48.497 0 1 3 200 0 0
 470 19449.000 63617.000 0 0 54.000 42.000 2268.000 47.623 0 1 3 200 0 0
 471 19704.000 63510.000 0 0 54.000 42.000 2268.000 47.623 0 1 3 200 0 0
 472 19983.000 62888.000 0 0 56.000 42.000 2352.000 48.497 0 1 3 200 0 0
 473 27860.000 49288.000 0 0 54.000 48.000 2592.000 50.911 0 1 3 200 0 0
 474 28024.000 48968.000 0 0 54.000 48.000 2592.000 50.911 0 1 3 200 0 0
 475 28098.000 48882.000 0 0 54.000 48.000 2592.000 50.911 0 1 3 200 0 0
 476 29504.000 46795.000 0 0 54.000 50.000 2700.000 51.961 0 1 3 200 0 0
 477 29929.000 46298.000 0 0 54.000 50.000 2700.000 51.961 0 1 3 200 0 0
 478 29986.000 46225.000 0 0 54.000 50.000 2700.000 51.961 0 1 3 200 0 0
 479 30032.000 46164.000 0 0 54.000 50.000 2700.000 51.961 0 1 3 200 0 0
 480 30375.000 45780.000 0 0 54.000 50.000 2700.000 51.961 0 1 3 200 0 0
 481 31167.000 44829.000 0 0 54.000 50.000 2700.000 51.961 0 1 3 200 0 0
 482 31283.000 44493.000 0 0 54.000 50.000 2700.000 51.961 0 1 3 200 0 0
 483 31423.000 44443.000 0 0 54.000 50.000 2700.000 51.961 0 1 3 200 0 0
 484 36113.000 39250.000 0 0 54.000 52.000 2808.000 52.990 0 1 7 200 0 0
 485 36172.000 39172.000 0 0 54.000 52.000 2808.000 52.990 0 1 7 200 0 0
 486 39681.000 35562.000 0 0 52.000 54.000 2808.000 52.990 0 1 4 200 0 0
 487 42713.000 32820.000 0 0 52.000 54.000 2808.000 52.990 0 1 3 200 0 0
 488 43701.000 32171.000 0 0 50.000 54.000 2700.000 51.961 0 1 3 200 0 0
 489 44140.000 31799.000 0 0 50.000 54.000 2700.000 51.961 0 1 3 200 0 0
 490 44259.000 31529.000 0 0 50.000 54.000 2700.000 51.961 0 1 3 200 0 0
 491 46196.000 30165.000 0 0 50.000 54.000 2700.000 51.961 0 1 3 200 0 0
 492 47159.000 29396.000 0 0 48.000 56.000 2688.000 51.845 0 1 3 200 0 0
 493 48231.000 28664.000 0 0 48.000 56.000 2688.000 51.845 0 1 3 200 0 0
 494 49506.000 27738.000 0 0 48.000 54.000 2592.000 50.911 0 1 3 200 0 0
 495 49617.000 27616.000 0 0 48.000 54.000 2592.000 50.911 0 1 3 200 0 0
 496 49674.000 27483.000 0 0 48.000 54.000 2592.000 50.911 0 1 3 200 0 0
 497 113838.000 187669.000 0 0 0.000 0.000 0.000 0.123 0 1 0 0 0 0
 498 17856.000 66937.000 0 0 56.000 42.000 2352.000 48.497 0 1 3 200 0 0
 499 18140.000 66636.000 0 0 56.000 42.000 2352.000 48.497 0 1 3 200 0 0
 500 18661.000 65562.000 0 0 56.000 42.000 2352.000 48.497 0 1 3 200 0 0
 501 19041.000 64373.000 0 0 54.000 42.000 2268.000 47.623 0 1 3 200 0 0
 502 19292.000 63914.000 0 0 54.000 42.000 2268.000 47.623 0 1 3 200 0 0
 503 21362.000 59436.000 0 0 56.000 44.000 2464.000 49.638 0 1 3 200 0 0
 504 21424.000 59330.000 0 0 56.000 44.000 2464.000 49.638 0 1 3 200 0 0
 505 21487.000 59195.000 0 0 56.000 44.000 2464.000 49.638 0 1 3 200 0 0
 506 28107.000 48627.000 0 0 54.000 48.000 2592.000 50.911 0 1 3 200 0 0
 507 29241.000 47064.000 0 0 56.000 48.000 2688.000 51.845 0 1 3 200 0 0
 508 29573.000 46672.000 0 0 54.000 50.000 2700.000 51.961 0 1 3 200 0 0
 509 29636.000 46613.000 0 0 54.000 50.000 2700.000 51.961 0 1 3 200 0 0
 510 29839.000 46416.000 0 0 54.000 50.000 2700.000 51.961 0 1 3 200 0 0
 511 30087.000 45981.000 0 0 54.000 50.000 2700.000 51.961 0 1 3 200 0 0
 512 30196.000 45824.000 0 0 54.000 50.000 2700.000 51.961 0 1 3 200 0 0
 513 30381.000 45581.000 0 0 54.000 50.000 2700.000 51.961 0 1 3 200 0 0
 514 30405.000 45448.000 0 0 54.000 50.000 2700.000 51.961 0 1 3 200 0 0
 515 30611.000 45275.000 0 0 54.000 50.000 2700.000 51.961 0 1 3 200 0 0
 516 30836.000 45021.000 0 0 54.000 50.000 2700.000 51.961 0 1 3 200 0 0
 517 31008.000 44593.000 0 0 54.000 50.000 2700.000 51.961 0 1 3 200 0 0
 518 31376.000 44334.000 0 0 54.000 50.000 2700.000 51.961 0 1 3 200 0 0
 519 32251.000 43245.000 0 0 54.000 52.000 2808.000 52.990 0 1 3 200 0 0
 520 32261.000 43032.000 0 0 54.000 52.000 2808.000 52.990 0 1 3 200 0 0
 521 34944.000 40269.000 0 0 54.000 50.000 2700.000 51.961 0 1 7 200 0 0
 522 36721.000 38276.000 0 0 52.000 52.000 2704.000 52.000 0 1 3 200 0 0
 523 36849.000 38157.000 0 0 52.000 52.000 2704.000 52.000 0 1 3 200 0 0
 524 36939.000 37917.000 0 0 52.000 52.000 2704.000 52.000 0 1 3 200 0 0
 525 39784.000 35343.000 0 0 52.000 54.000 2808.000 52.990 0 1 4 200 0 0
 526 40094.000 34971.000 0 0 50.000 54.000 2700.000 51.961 0 1 4 200 0 0
 527 45406.000 30585.000 0 0 50.000 54.000 2700.000 51.961 0 1 3 200 0 0
 528 45621.000 30501.000 0 0 50.000 54.000 2700.000 51.961 0 1 3 200 0 0
 529 45847.000 30192.000 0 0 50.000 54.000 2700.000 51.961 0 1 3 200 0 0
 530 47608.000 28926.000 0 0 48.000 56.000 2688.000 51.845 0 1 3 200 0 0
 531 49788.000 27350.000 0 0 48.000 54.000 2592.000 50.911 0 1 3 200 0 0
 532 61478.000 20357.000 0 0 0.000 0.000 0.000 0.128 0 1 0 0 0 0
 533 62105.000 20051.000 0 0 42.000 56.000 2352.000 48.497 0 1 1 200 0 0
 534 20300.000 61323.000 0 0 56.000 42.000 2352.000 48.497 0 1 3 200 0 0
 535 20478.000 60818.000 0 0 56.000 44.000 2464.000 49.638 0 1 3 200 0 0
 536 20690.000 60530.000 0 0 56.000 44.000 2464.000 49.638 0 1 3 200 0 0
 537 20666.000 60336.000 0 0 56.000 44.000 2464.000 49.638 0 1 3 200 0 0
 538 23199.000 55582.000 0 0 56.000 46.000 2576.000 50.754 0 1 3 200 0 0
 539 23736.000 54698.000 0 0 56.000 46.000 2576.000 50.754 0 1 3 200 0 0
 540 28255.000 48131.000 0 0 56.000 48.000 2688.000 51.845 0 1 3 200 0 0
 541 31684.000 43680.000 0 0 54.000 50.000 2700.000 51.961 0 1 3 200 0 0
 542 32568.000 42398.000 0 0 54.000 52.000 2808.000 52.990 0 1 3 200 0 0
 543 37052.000 37748.000 0 0 52.000 52.000 2704.000 52.000 0 1 3 200 0 0
 544 39846.000 35122.000 0 0 50.000 54.000 2700.000 51.961 0 1 4 200 0 0
 545 41271.000 33763.000 0 0 50.000 52.000 2600.000 50.990 0 1 3 200 0 0
 546 41833.000 33217.000 0 0 52.000 52.000 2704.000 52.000 0 1 3 200 0 0
 547 43526.000 31846.000 0 0 50.000 54.000 2700.000 51.961 0 1 3 200 0 0
 548 44590.000 30937.000 0 0 50.000 54.000 2700.000 51.961 0 1 3 200 0 0
 549 44803.000 30837.000 0 0 50.000 54.000 2700.000 51.961 0 1 3 200 0 0
 550 46572.000 29342.000 0 0 50.000 54.000 2700.000 51.961 0 1 3 200 0 0
 551 46998.000 28916.000 0 0 48.000 56.000 2688.000 51.845 0 1 3 200 0 0
 552 48558.000 28000.000 0 0 48.000 54.000 2592.000 50.911 0 1 3 200 0 0
 553 49968.000 27011.000 0 0 48.000 54.000 2592.000 50.911 0 1 3 200 0 0
 554 50077.000 26930.000 0 0 48.000 54.000 2592.000 50.911 0 1 3 200 0 0
 555 50190.000 26838.000 0 0 48.000 54.000 2592.000 50.911 0 1 3 200 0 0
 556 129898.000 183819.000 0 0 0.000 0.000 0.000 0.121 0 1 0 0 0 0
 557 20141.000 61217.000 0 0 56.000 42.000 2352.000 48.497 0 1 3 200 0 0
 558 23487.000 55071.000 0 0 56.000 46.000 2576.000 50.754 0 1 3 200 0 0
 559 23392.000 54965.000 0 0 56.000 46.000 2576.000 50.754 0 1 3 200 0 0
 560 23678.000 54773.000 0 0 56.000 46.000 2576.000 50.754 0 1 3 200 0 0
 561 23939.000 53999.000 0 0 56.000 46.000 2576.000 50.754 0 1 3 200 0 0
 562 25796.000 51213.000 0 0 54.000 48.000 2592.000 50.911 0 1 3 200 0 0
 563 26081.000 50870.000 0 0 54.000 46.000 2484.000 49.839 0 1 3 200 0 0
 564 26088.000 50706.000 0 0 54.000 46.000 2484.000 49.839 0 1 3 200 0 0
 565 26234.000 50639.000 0 0 54.000 46.000 2484.000 49.839 0 1 3 200 0 0
 566 26280.000 50582.000 0 0 54.000 46.000 2484.000 49.839 0 1 3 200 0 0
 567 26338.000 50529.000 0 0 54.000 46.000 2484.000 49.839 0 1 3 200 0 0
 568 26476.000 50340.000 0 0 54.000 46.000 2484.000 49.839 0 1 3 200 0 0
 569 26519.000 50240.000 0 0 54.000 48.000 2592.000 50.911 0 1 3 200 0 0
 570 31788.000 43317.000 0 0 54.000 50.000 2700.000 51.961 0 1 3 200 0 0
 571 32072.000 42955.000 0 0 54.000 52.000 2808.000 52.990 0 1 3 200 0 0
 572 32239.000 42812.000 0 0 54.000 52.000 2808.000 52.990 0 1 3 200 0 0
 573 37067.000 37618.000 0 0 52.000 52.000 2704.000 52.000 0 1 3 200 0 0
 574 37132.000 37551.000 0 0 52.000 52.000 2704.000 52.000 0 1 3 200 0 0
 575 37247.000 37330.000 0 0 52.000 52.000 2704.000 52.000 0 1 3 200 0 0
 576 37299.000 37268.000 0 0 52.000 52.000 2704.000 52.000 0 1 3 200 0 0
 577 37408.000 37116.000 0 0 52.000 52.000 2704.000 52.000 0 1 3 200 0 0
 578 38726.000 35843.000 0 0 52.000 54.000 2808.000 52.990 0 1 3 200 0 0
 579 38731.000 35725.000 0 0 52.000 54.000 2808.000 52.990 0 1 3 200 0 0
 580 40292.000 34506.000 0 0 50.000 54.000 2700.000 51.961 0 1 4 200 0 0
 581 41712.000 33155.000 0 0 52.000 52.000 2704.000 52.000 0 1 3 200 0 0
 582 43845.000 31404.000 0 0 50.000 54.000 2700.000 51.961 0 1 3 200 0 0
 583 44170.000 31053.000 0 0 50.000 54.000 2700.000 51.961 0 1 3 200 0 0
 584 44272.000 30928.000 0 0 50.000 54.000 2700.000 51.961 0 1 3 200 0 0
 585 44407.000 30886.000 0 0 50.000 54.000 2700.000 51.961 0 1 3 200 0 0
 586 44989.000 30460.000 0 0 50.000 54.000 2700.000 51.961 0 1 3 200 0 0
 587 45116.000 30375.000 0 0 50.000 54.000 2700.000 51.961 0 1 3 200 0 0
 588 45224.000 30312.000 0 0 50.000 54.000 2700.000 51.961 0 1 3 200 0 0
 589 50424.000 26562.000 0 0 46.000 54.000 2484.000 49.839 0 1 3 200 0 0
 590 50558.000 26364.000 0 0 46.000 54.000 2484.000 49.839 0 1 3 200 0 0
 591 62203.000 19639.000 0 0 42.000 56.000 2352.000 48.497 0 1 1 200 0 0
 592 17027.000 67886.000 0 0 56.000 42.000 2352.000 48.497 0 1 3 200 0 0
 593 17094.000 67766.000 0 0 56.000 42.000 2352.000 48.497 0 1 3 200 0 0
 594 17186.000 67733.000 0 0 56.000 42.000 2352.000 48.497 0 1 3 200 0 0
 595 17250.000 67657.000 0 0 56.000 42.000 2352.000 48.497 0 1 3 200 0 0
 596 20815.000 59412.000 0 0 56.000 44.000 2464.000 49.638 0 1 3 200 0 0
 597 21206.000 58889.000 0 0 56.000 44.000 2464.000 49.638 0 1 3 200 0 0
 598 21269.000 58783.000 0 0 56.000 44.000 2464.000 49.638 0 1 3 200 0 0
 599 21266.000 58699.000 0 0 56.000 44.000 2464.000 49.638 0 1 3 200 0 0
 600 21401.000 58480.000 0 0 56.000 44.000 2464.000 49.638 0 1 3 200 0 0
 601 21406.000 58420.000 0 0 56.000 44.000 2464.000 49.638 0 1 3 200 0 0
 602 21486.000 58260.000 0 0 56.000 44.000 2464.000 49.638 0 1 3 200 0 0
 603 21714.000 58038.000 0 0 56.000 44.000 2464.000 49.638 0 1 3 200 0 0
 604 21712.000 57838.000 0 0 56.000 44.000 2464.000 49.638 0 1 3 200 0 0
 605 21809.000 57586.000 0 0 54.000 44.000 2376.000 48.744 0 1 3 200 0 0
 606 21915.000 57316.000 0 0 54.000 44.000 2376.000 48.744 0 1 3 200 0 0
 607 22497.000 56346.000 0 0 54.000 46.000 2484.000 49.839 0 1 3 200 0 0
 608 22602.000 56179.000 0 0 54.000 46.000 2484.000 49.839 0 1 3 200 0 0
 609 24341.000 53240.000 0 0 56.000 48.000 2688.000 51.845 0 1 3 200 0 0
 610 24855.000 52529.000 0 0 56.000 48.000 2688.000 51.845 0 1 3 200 0 0
 611 26426.000 50032.000 0 0 54.000 48.000 2592.000 50.911 0 1 3 200 0 0
 612 26868.000 49502.000 0 0 54.000 48.000 2592.000 50.911 0 1 3 200 0 0
 613 27174.000 48783.000 0 0 54.000 48.000 2592.000 50.911 0 1 3 200 0 0
 614 34139.000 40166.000 0 0 54.000 50.000 2700.000 51.961 0 1 7 200 0 0
 615 37529.000 36893.000 0 0 52.000 52.000 2704.000 52.000 0 1 3 200 0 0
 616 38788.000 35605.000 0 0 52.000 54.000 2808.000 52.990 0 1 3 200 0 0
 617 40841.000 33528.000 0 0 50.000 52.000 2600.000 50.990 0 1 3 200 0 0
 618 42867.000 31986.000 0 0 52.000 54.000 2808.000 52.990 0 1 3 200 0 0
 619 42987.000 31858.000 0 0 52.000 54.000 2808.000 52.990 0 1 3 200 0 0
 620 44836.000 30383.000 0 0 50.000 54.000 2700.000 51.961 0 1 3 200 0 0
 621 45296.000 29891.000 0 0 50.000 54.000 2700.000 51.961 0 1 3 200 0 0
 622 47691.000 28180.000 0 0 48.000 56.000 2688.000 51.845 0 1 3 200 0 0
 623 50083.000 26339.000 0 0 48.000 54.000 2592.000 50.911 0 1 3 200 0 0
 624 50641.000 26159.000 0 0 46.000 54.000 2484.000 49.839 0 1 3 200 0 0
 625 16801.000 68115.000 0 0 56.000 40.000 2240.000 47.328 0 1 3 200 0 0
 626 17490.000 66332.000 0 0 56.000 42.000 2352.000 48.497 0 1 3 200 0 0
 627 18810.000 63336.000 0 0 54.000 42.000 2268.000 47.623 0 1 14 200 0 0
 628 18858.000 63254.000 0 0 54.000 42.000 2268.000 47.623 0 1 14 200 0 0
 629 19027.000 62885.000 0 0 56.000 42.000 2352.000 48.497 0 1 14 200 0 0
 630 21874.000 57055.000 0 0 54.000 46.000 2484.000 49.839 0 1 3 200 0 0
 631 21965.000 56821.000 0 0 54.000 46.000 2484.000 49.839 0 1 3 200 0 0
 632 22160.000 56716.000 0 0 54.000 46.000 2484.000 49.839 0 1 3 200 0 0
 633 22185.000 56646.000 0 0 54.000 46.000 2484.000 49.839 0 1 3 200 0 0
 634 22203.000 56514.000 0 0 54.000 46.000 2484.000 49.839 0 1 3 200 0 0
 635 23122.000 55004.000 0 0 56.000 46.000 2576.000 50.754 0 1 3 200 0 0
 636 23559.000 54314.000 0 0 56.000 46.000 2576.000 50.754 0 1 3 200 0 0
 637 23563.000 54307.000 0 0 56.000 46.000 2576.000 50.754 0 1 3 200 0 0
 638 24485.000 52497.000 0 0 56.000 48.000 2688.000 51.845 0 1 3 200 0 0
 639 25919.000 50721.000 0 0 54.000 46.000 2484.000 49.839 0 1 3 200 0 0
 640 37832.000 36085.000 0 0 52.000 52.000 2704.000 52.000 0 1 3 200 0 0
 641 40967.000 33425.000 0 0 50.000 52.000 2600.000 50.990 0 1 3 200 0 0
 642 41471.000 32728.000 0 0 52.000 52.000 2704.000 52.000 0 1 3 200 0 0
 643 42663.000 31976.000 0 0 52.000 54.000 2808.000 52.990 0 1 3 200 0 0
 644 44780.000 29988.000 0 0 50.000 54.000 2700.000 51.961 0 1 3 200 0 0
 645 44818.000 29945.000 0 0 50.000 54.000 2700.000 51.961 0 1 3 200 0 0
 646 44824.000 29941.000 0 0 50.000 54.000 2700.000 51.961 0 1 3 200 0 0
 647 46067.000 29183.000 0 0 50.000 54.000 2700.000 51.961 0 1 3 200 0 0
 648 46137.000 28936.000 0 0 50.000 54.000 2700.000 51.961 0 1 3 200 0 0
 649 46526.000 28861.000 0 0 50.000 54.000 2700.000 51.961 0 1 3 200 0 0
 650 46981.000 28355.000 0 0 48.000 56.000 2688.000 51.845 0 1 3 200 0 0
 651 47353.000 28254.000 0 0 48.000 56.000 2688.000 51.845 0 1 3 200 0 0
 652 47607.000 27874.000 0 0 48.000 56.000 2688.000 51.845 0 1 3 200 0 0
 653 50782.000 25868.000 0 0 46.000 54.000 2484.000 49.839 0 1 3 200 0 0
 654 51186.000 25479.000 0 0 48.000 54.000 2592.000 50.911 0 1 3 200 0 0
 655 60793.000 20090.000 0 0 0.000 0.000 0.000 0.120 0 1 0 0 0 0
 656 60861.000 20073.000 0 0 0.000 0.000 0.000 0.125 0 1 0 0 0 0
 657 66137.000 17708.000 0 0 0.000 0.000 0.000 0.120 0 1 0 0 0 0
 658 179699.000 140367.000 0 0 0.000 0.000 0.000 0.120 0 1 0 0 0 0
 659 169507.000 156287.000 0 0 0.000 0.000 0.000 0.120 0 1 0 0 0 0
 660 167119.000 159139.000 0 0 0.000 0.000 0.000 0.121 0 1 0 0 0 0
 661 18893.000 62913.000 0 0 54.000 42.000 2268.000 47.623 0 1 14 200 0 0
 662 18871.000 62411.000 0 0 56.000 42.000 2352.000 48.497 0 1 14 200 0 0
 663 19032.000 62070.000 0 0 56.000 42.000 2352.000 48.497 0 1 14 200 0 0
 664 19784.000 60785.000 0 0 56.000 42.000 2352.000 48.497 0 1 3 200 0 0
 665 20165.000 60093.000 0 0 56.000 44.000 2464.000 49.638 0 1 3 200 0 0
 666 20216.000 60004.000 0 0 56.000 44.000 2464.000 49.638 0 1 3 200 0 0
 667 20338.000 59734.000 0 0 56.000 44.000 2464.000 49.638 0 1 3 200 0 0
 668 20518.000 59317.000 0 0 56.000 44.000 2464.000 49.638 0 1 3 200 0 0
 669 20673.000 59136.000 0 0 56.000 44.000 2464.000 49.638 0 1 3 200 0 0
 670 20684.000 59079.000 0 0 56.000 44.000 2464.000 49.638 0 1 3 200 0 0
 671 20828.000 58927.000 0 0 56.000 44.000 2464.000 49.638 0 1 3 200 0 0
 672 21735.000 57164.000 0 0 54.000 46.000 2484.000 49.839 0 1 3 200 0 0
 673 22231.000 56396.000 0 0 54.000 46.000 2484.000 49.839 0 1 3 200 0 0
 674 22696.000 55420.000 0 0 54.000 46.000 2484.000 49.839 0 1 3 200 0 0
 675 22742.000 55059.000 0 0 56.000 46.000 2576.000 50.754 0 1 3 200 0 0
 676 22937.000 55004.000 0 0 56.000 46.000 2576.000 50.754 0 1 3 200 0 0
 677 23195.000 54729.000 0 0 56.000 46.000 2576.000 50.754 0 1 3 200 0 0
 678 24265.000 52567.000 0 0 56.000 48.000 2688.000 51.845 0 1 3 200 0 0
 679 24607.000 52296.000 0 0 56.000 48.000 2688.000 51.845 0 1 3 200 0 0
 680 25621.000 50769.000 0 0 54.000 48.000 2592.000 50.911 0 1 3 200 0 0
 681 27223.000 48461.000 0 0 54.000 48.000 2592.000 50.911 0 1 3 200 0 0
 682 27641.000 47743.000 0 0 56.000 48.000 2688.000 51.845 0 1 3 200 0 0
 683 31625.000 42729.000 0 0 54.000 52.000 2808.000 52.990 0 1 3 200 0 0
 684 34923.000 39008.000 0 0 54.000 52.000 2808.000 52.990 0 1 6 210 0 0
 685 35018.000 38892.000 0 0 54.000 52.000 2808.000 52.990 0 1 6 210 0 0
 686 35233.000 38463.000 0 0 54.000 52.000 2808.000 52.990 0 1 6 210 0 0
 687 35321.000 38447.000 0 0 54.000 52.000 2808.000 52.990 0 1 6 210 0 0
 688 37215.000 36612.000 0 0 52.000 52.000 2704.000 52.000 0 1 3 200 0 0
 689 38030.000 35889.000 0 0 52.000 52.000 2704.000 52.000 0 1 3 200 0 0
 690 38115.000 35588.000 0 0 52.000 54.000 2808.000 52.990 0 1 3 200 0 0
 691 38405.000 35275.000 0 0 52.000 54.000 2808.000 52.990 0 1 3 200 0 0
 692 41172.000 33005.000 0 0 52.000 52.000 2704.000 52.000 0 1 3 200 0 0
 693 41289.000 32877.000 0 0 52.000 52.000 2704.000 52.000 0 1 3 200 0 0
 694 42008.000 32043.000 0 0 52.000 54.000 2808.000 52.990 0 1 3 200 0 0
 695 42478.000 31862.000 0 0 52.000 54.000 2808.000 52.990 0 1 3 200 0 0
 696 42850.000 31619.000 0 0 52.000 54.000 2808.000 52.990 0 1 3 200 0 0
 697 44549.000 30152.000 0 0 50.000 54.000 2700.000 51.961 0 1 3 200 0 0
 698 44707.000 30075.000 0 0 50.000 54.000 2700.000 51.961 0 1 3 200 0 0
 699 50939.000 25617.000 0 0 48.000 54.000 2592.000 50.911 0 1 3 200 0 0
 700 51035.000 25536.000 0 0 48.000 54.000 2592.000 50.911 0 1 3 200 0 0
 701 51186.000 25370.000 0 0 48.000 54.000 2592.000 50.911 0 1 3 200 0 0
 702 60038.000 20273.000 0 0 0.000 0.000 0.000 0.123 0 1 0 0 0 0
 703 62048.000 19351.000 0 0 42.000 56.000 2352.000 48.497 0 1 1 200 0 0
 704 62097.000 19263.000 0 0 42.000 56.000 2352.000 48.497 0 1 1 200 0 0
 705 165937.000 160615.000 0 0 0.000 0.000 0.000 0.120 0 1 0 0 0 0
 706 17939.000 64420.000 0 0 54.000 42.000 2268.000 47.623 0 1 3 200 0 0
 707 18040.000 64277.000 0 0 54.000 42.000 2268.000 47.623 0 1 3 200 0 0
 708 18048.000 63811.000 0 0 54.000 42.000 2268.000 47.623 0 1 3 200 0 0
 709 18262.000 63694.000 0 0 54.000 42.000 2268.000 47.623 0 1 3 200 0 0
 710 19448.000 61156.000 0 0 56.000 42.000 2352.000 48.497 0 1 3 200 0 0
 711 19637.000 60851.000 0 0 56.000 42.000 2352.000 48.497 0 1 3 200 0 0
 712 20103.000 59856.000 0 0 56.000 44.000 2464.000 49.638 0 1 3 200 0 0
 713 20439.000 59160.000 0 0 56.000 44.000 2464.000 49.638 0 1 3 200 0 0
 714 23835.000 53259.000 0 0 56.000 48.000 2688.000 51.845 0 1 3 200 0 0
 715 24691.000 51733.000 0 0 56.000 48.000 2688.000 51.845 0 1 3 200 0 0
 716 24715.000 51692.000 0 0 56.000 48.000 2688.000 51.845 0 1 3 200 0 0
 717 24819.000 51641.000 0 0 56.000 48.000 2688.000 51.845 0 1 3 200 0 0
 718 31095.000 42951.000 0 0 54.000 50.000 2700.000 51.961 0 1 3 200 0 0
 719 31351.000 42729.000 0 0 54.000 52.000 2808.000 52.990 0 1 3 200 0 0
 720 31550.000 42532.000 0 0 54.000 52.000 2808.000 52.990 0 1 3 200 0 0
 721 35659.000 37764.000 0 0 52.000 52.000 2704.000 52.000 0 1 6 210 0 0
 722 38230.000 35259.000 0 0 52.000 54.000 2808.000 52.990 0 1 3 200 0 0
 723 39724.000 34009.000 0 0 50.000 54.000 2700.000 51.961 0 1 4 200 0 0
 724 42484.000 31716.000 0 0 52.000 54.000 2808.000 52.990 0 1 3 200 0 0
 725 45414.000 29063.000 0 0 50.000 54.000 2700.000 51.961 0 1 3 200 0 0
 726 51322.000 24885.000 0 0 48.000 54.000 2592.000 50.911 0 1 3 200 0 0
 727 61718.000 19273.000 0 0 42.000 56.000 2352.000 48.497 0 1 1 200 0 0
 728 17345.000 65402.000 0 0 56.000 42.000 2352.000 48.497 0 1 3 200 0 0
 729 17292.000 65119.000 0 0 56.000 42.000 2352.000 48.497 0 1 3 200 0 0
 730 18750.000 62202.000 0 0 56.000 42.000 2352.000 48.497 0 1 14 200 0 0
 731 19582.000 60195.000 0 0 56.000 44.000 2464.000 49.638 0 1 3 200 0 0
 732 19616.000 60087.000 0 0 56.000 44.000 2464.000 49.638 0 1 3 200 0 0
 733 20394.000 59833.000 0 0 56.000 44.000 2464.000 49.638 0 1 3 200 0 0
 734 23811.000 52839.000 0 0 56.000 48.000 2688.000 51.845 0 1 3 200 0 0
 735 25192.000 50510.000 0 0 54.000 48.000 2592.000 50.911 0 1 3 200 0 0
 736 25713.000 49707.000 0 0 54.000 48.000 2592.000 50.911 0 1 3 200 0 0
 737 26355.000 48900.000 0 0 54.000 48.000 2592.000 50.911 0 1 3 200 0 0
 738 27438.000 47458.000 0 0 56.000 48.000 2688.000 51.845 0 1 3 200 0 0
 739 27617.000 47242.000 0 0 56.000 48.000 2688.000 51.845 0 1 3 200 0 0
 740 27694.000 47112.000 0 0 56.000 48.000 2688.000 51.845 0 1 3 200 0 0
 741 27812.000 46755.000 0 0 56.000 48.000 2688.000 51.845 0 1 3 200 0 0
 742 27885.000 46649.000 0 0 56.000 48.000 2688.000 51.845 0 1 3 200 0 0
 743 27953.000 46560.000 0 0 56.000 48.000 2688.000 51.845 0 1 3 200 0 0
 744 30829.000 43100.000 0 0 54.000 50.000 2700.000 51.961 0 1 3 200 0 0
 745 34950.000 38425.000 0 0 54.000 52.000 2808.000 52.990 0 1 6 210 0 0
 746 37448.000 36015.000 0 0 52.000 52.000 2704.000 52.000 0 1 3 200 0 0
 747 38477.000 34952.000 0 0 52.000 54.000 2808.000 52.990 0 1 3 200 0 0
 748 41722.000 32079.000 0 0 52.000 52.000 2704.000 52.000 0 1 3 200 0 0
 749 44627.000 29731.000 0 0 50.000 54.000 2700.000 51.961 0 1 3 200 0 0
 750 25795.000 51108.000 0 0 54.000 48.000 2592.000 50.911 0 1 3 200 0 0
 751 45542.000 28946.000 0 0 50.000 54.000 2700.000 51.961 0 1 3 200 0 0
 752 46789.000 28022.000 0 0 48.000 56.000 2688.000 51.845 0 1 3 200 0 0
 753 47724.000 27118.000 0 0 48.000 54.000 2592.000 50.911 0 1 3 200 0 0
 754 47914.000 27191.000 0 0 48.000 54.000 2592.000 50.911 0 1 3 200 0 0
 755 56859.000 21577.000 0 0 0.000 0.000 0.000 0.120 0 1 0 0 0 0
 756 59171.000 20326.000 0 0 44.000 56.000 2464.000 49.638 0 1 2 200 0 0
 757 61334.000 19155.000 0 0 42.000 56.000 2352.000 48.497 0 1 1 200 0 0
 758 113774.000 189061.000 0 0 0.000 0.000 0.000 0.124 0 1 0 0 0 0
 759 16958.000 65661.000 0 0 56.000 42.000 2352.000 48.497 0 1 3 200 0 0
 760 17053.000 65593.000 0 0 56.000 42.000 2352.000 48.497 0 1 3 200 0 0
 761 17297.000 64971.000 0 0 56.000 42.000 2352.000 48.497 0 1 3 200 0 0
 762 20703.000 57973.000 0 0 56.000 44.000 2464.000 49.638 0 1 3 200 0 0
 763 22464.000 54772.000 0 0 56.000 46.000 2576.000 50.754 0 1 3 200 0 0
 764 24822.000 51065.000 0 0 54.000 48.000 2592.000 50.911 0 1 3 200 0 0
 765 25058.000 50710.000 0 0 54.000 48.000 2592.000 50.911 0 1 3 200 0 0
 766 25617.000 49813.000 0 0 54.000 46.000 2484.000 49.839 0 1 3 200 0 0
 767 26615.000 48362.000 0 0 54.000 48.000 2592.000 50.911 0 1 3 200 0 0
 768 28295.000 46074.000 0 0 54.000 50.000 2700.000 51.961 0 1 3 200 0 0
 769 28366.000 45970.000 0 0 54.000 50.000 2700.000 51.961 0 1 3 200 0 0
 770 28765.000 45450.000 0 0 54.000 50.000 2700.000 51.961 0 1 3 200 0 0
 771 30608.000 43124.000 0 0 54.000 50.000 2700.000 51.961 0 1 3 200 0 0
 772 35414.000 37712.000 0 0 52.000 52.000 2704.000 52.000 0 1 6 210 0 0
 773 35983.000 37081.000 0 0 52.000 52.000 2704.000 52.000 0 1 6 210 0 0
 774 40166.000 32955.000 0 0 50.000 52.000 2600.000 50.990 0 1 3 200 0 0
 775 42234.000 31405.000 0 0 52.000 54.000 2808.000 52.990 0 1 3 200 0 0
 776 20315.000 59872.000 0 0 56.000 44.000 2464.000 49.638 0 1 3 200 0 0
 777 45983.000 28396.000 0 0 50.000 54.000 2700.000 51.961 0 1 3 200 0 0
 778 47416.000 27435.000 0 0 48.000 56.000 2688.000 51.845 0 1 3 200 0 0
 779 51767.000 24359.000 0 0 48.000 56.000 2688.000 51.845 0 1 3 200 0 0
 780 51806.000 24203.000 0 0 48.000 56.000 2688.000 51.845 0 1 3 200 0 0
 781 59538.000 19973.000 0 0 44.000 56.000 2464.000 49.638 0 1 2 200 0 0
 782 61458.000 19034.000 0 0 42.000 56.000 2352.000 48.497 0 1 1 200 0 0
 783 67446.000 16283.000 0 0 0.000 0.000 0.000 0.126 0 1 0 0 0 0
 784 17750.000 63631.000 0 0 54.000 42.000 2268.000 47.623 0 1 3 200 0 0
 785 20558.000 57621.000 0 0 56.000 44.000 2464.000 49.638 0 1 3 200 0 0
 786 21703.000 55930.000 0 0 54.000 46.000 2484.000 49.839 0 1 3 200 0 0
 787 21669.000 55509.000 0 0 54.000 46.000 2484.000 49.839 0 1 3 200 0 0
 788 22323.000 54454.000 0 0 56.000 46.000 2576.000 50.754 0 1 3 200 0 0
 789 23632.000 52233.000 0 0 0.000 0.000 0.000 0.127 0 1 0 0 0 0
 790 26524.000 48234.000 0 0 54.000 48.000 2592.000 50.911 0 1 3 200 0 0
 791 28776.000 45165.000 0 0 54.000 50.000 2700.000 51.961 0 1 3 200 0 0
 792 29152.000 44686.000 0 0 54.000 50.000 2700.000 51.961 0 1 3 200 0 0
 793 29501.000 44231.000 0 0 54.000 50.000 2700.000 51.961 0 1 3 200 0 0
 794 29697.000 43923.000 0 0 54.000 50.000 2700.000 51.961 0 1 3 200 0 0
 795 29771.000 43817.000 0 0 54.000 50.000 2700.000 51.961 0 1 3 200 0 0
 796 29926.000 43443.000 0 0 54.000 50.000 2700.000 51.961 0 1 3 200 0 0
 797 30781.000 42713.000 0 0 54.000 50.000 2700.000 51.961 0 1 3 200 0 0
 798 30758.000 42497.000 0 0 54.000 50.000 2700.000 51.961 0 1 3 200 0 0
 799 36024.000 36910.000 0 0 52.000 52.000 2704.000 52.000 0 1 6 210 0 0
 800 36400.000 36328.000 0 0 52.000 52.000 2704.000 52.000 0 1 6 210 0 0
 801 37372.000 35423.000 0 0 52.000 52.000 2704.000 52.000 0 1 3 200 0 0
 802 40235.000 32858.000 0 0 50.000 52.000 2600.000 50.990 0 1 3 200 0 0
 803 40347.000 32789.000 0 0 50.000 52.000 2600.000 50.990 0 1 3 200 0 0
 804 41166.000 31868.000 0 0 52.000 52.000 2704.000 52.000 0 1 3 200 0 0
 805 42030.000 31283.000 0 0 52.000 54.000 2808.000 52.990 0 1 3 200 0 0
 806 45744.000 28286.000 0 0 50.000 54.000 2700.000 51.961 0 1 3 200 0 0
 807 45918.000 28229.000 0 0 50.000 54.000 2700.000 51.961 0 1 3 200 0 0
 808 46127.000 28062.000 0 0 48.000 56.000 2688.000 51.845 0 1 3 200 0 0
 809 51890.000 24116.000 0 0 48.000 56.000 2688.000 51.845 0 1 3 200 0 0
 810 58601.000 20263.000 0 0 44.000 56.000 2464.000 49.638 0 1 2 200 0 0
 811 157551.000 169596.000 0 0 0.000 0.000 0.000 0.120 0 1 0 0 0 0
 812 20959.000 56781.000 0 0 54.000 44.000 2376.000 48.744 0 1 3 200 0 0
 813 113735.000 189545.000 0 0 0.000 0.000 0.000 0.226 0 1 0 0 0 0
 814 20972.000 56670.000 0 0 54.000 46.000 2484.000 49.839 0 1 3 200 0 0
 815 21012.000 56410.000 0 0 54.000 46.000 2484.000 49.839 0 1 3 200 0 0
 816 21094.000 56342.000 0 0 54.000 46.000 2484.000 49.839 0 1 3 200 0 0
 817 21260.000 55968.000 0 0 54.000 46.000 2484.000 49.839 0 1 3 200 0 0
 818 21594.000 55566.000 0 0 54.000 46.000 2484.000 49.839 0 1 3 200 0 0
 819 22087.000 54932.000 0 0 56.000 46.000 2576.000 50.754 0 1 3 200 0 0
 820 28395.000 45368.000 0 0 54.000 50.000 2700.000 51.961 0 1 3 200 0 0
 821 30732.000 42261.000 0 0 54.000 52.000 2808.000 52.990 0 1 3 200 0 0
 822 36071.000 36346.000 0 0 52.000 52.000 2704.000 52.000 0 1 6 210 0 0
 823 36346.000 36371.000 0 0 52.000 52.000 2704.000 52.000 0 1 6 210 0 0
 824 41087.000 31922.000 0 0 52.000 52.000 2704.000 52.000 0 1 3 200 0 0
 825 41251.000 31808.000 0 0 52.000 52.000 2704.000 52.000 0 1 3 200 0 0
 826 42234.000 30987.000 0 0 52.000 54.000 2808.000 52.990 0 1 3 200 0 0
 827 45468.000 28186.000 0 0 50.000 54.000 2700.000 51.961 0 1 3 200 0 0
 828 52010.000 23821.000 0 0 48.000 56.000 2688.000 51.845 0 1 3 200 0 0
 829 56022.000 21472.000 0 0 0.000 0.000 0.000 0.120 0 1 0 0 0 0
 830 59912.000 19419.000 0 0 44.000 56.000 2464.000 49.638 0 1 2 200 0 0
 831 61661.000 18565.000 0 0 42.000 56.000 2352.000 48.497 0 1 1 200 0 0
 832 16454.000 65850.000 0 0 56.000 42.000 2352.000 48.497 0 1 3 200 0 0
 833 16465.000 65817.000 0 0 56.000 42.000 2352.000 48.497 0 1 3 200 0 0
 834 16655.000 65286.000 0 0 56.000 42.000 2352.000 48.497 0 1 3 200 0 0
 835 18278.000 61258.000 0 0 56.000 42.000 2352.000 48.497 0 1 12 200 0 0
 836 20388.000 57191.000 0 0 56.000 44.000 2464.000 49.638 0 1 3 200 0 0
 837 20690.000 56564.000 0 0 54.000 46.000 2484.000 49.839 0 1 3 200 0 0
 838 21205.000 56062.000 0 0 54.000 46.000 2484.000 49.839 0 1 3 200 0 0
 839 21517.000 55112.000 0 0 54.000 46.000 2484.000 49.839 0 1 3 200 0 0
 840 23444.000 52258.000 0 0 0.000 0.000 0.000 0.121 0 1 0 0 0 0
 841 24171.000 51043.000 0 0 56.000 48.000 2688.000 51.845 0 1 3 200 0 0
 842 25253.000 49541.000 0 0 54.000 46.000 2484.000 49.839 0 1 3 200 0 0
 843 29273.000 44100.000 0 0 54.000 50.000 2700.000 51.961 0 1 3 200 0 0
 844 31438.000 41348.000 0 0 52.000 52.000 2704.000 52.000 0 1 3 200 0 0
 845 38481.000 34027.000 0 0 52.000 54.000 2808.000 52.990 0 1 3 200 0 0
 846 39438.000 33128.000 0 0 50.000 54.000 2700.000 51.961 0 1 3 200 0 0
 847 45581.000 28126.000 0 0 50.000 54.000 2700.000 51.961 0 1 3 200 0 0
 848 52300.000 23303.000 0 0 48.000 56.000 2688.000 51.845 0 1 3 200 0 0
 849 59607.000 18980.000 0 0 44.000 56.000 2464.000 49.638 0 1 2 200 0 0
 850 18381.000 60912.000 0 0 56.000 42.000 2352.000 48.497 0 1 12 200 0 0
 851 19777.000 58182.000 0 0 56.000 44.000 2464.000 49.638 0 1 12 200 0 0
 852 23386.000 52054.000 0 0 0.000 0.000 0.000 0.127 0 1 0 0 0 0
 853 24167.000 50895.000 0 0 54.000 48.000 2592.000 50.911 0 1 3 200 0 0
 854 24290.000 50592.000 0 0 54.000 48.000 2592.000 50.911 0 1 3 200 0 0
 855 24311.000 50279.000 0 0 54.000 48.000 2592.000 50.911 0 1 3 200 0 0
 856 26616.000 47124.000 0 0 56.000 48.000 2688.000 51.845 0 1 3 200 0 0
 857 26802.000 46936.000 0 0 56.000 48.000 2688.000 51.845 0 1 3 200 0 0
 858 29685.000 43219.000 0 0 54.000 50.000 2700.000 51.961 0 1 3 200 0 0
 859 30310.000 42191.000 0 0 54.000 50.000 2700.000 51.961 0 1 3 200 0 0
 860 30906.000 41472.000 0 0 54.000 52.000 2808.000 52.990 0 1 3 200 0 0
 861 36845.000 35340.000 0 0 52.000 52.000 2704.000 52.000 0 1 3 200 0 0
 862 39695.000 32695.000 0 0 50.000 54.000 2700.000 51.961 0 1 3 200 0 0
 863 41763.000 30830.000 0 0 52.000 54.000 2808.000 52.990 0 1 3 200 0 0
 864 41898.000 30666.000 0 0 52.000 54.000 2808.000 52.990 0 1 3 200 0 0
 865 45468.000 27833.000 0 0 50.000 54.000 2700.000 51.961 0 1 3 200 0 0
 866 45526.000 27742.000 0 0 50.000 54.000 2700.000 51.961 0 1 3 200 0 0
 867 45706.000 27738.000 0 0 50.000 54.000 2700.000 51.961 0 1 3 200 0 0
 868 45861.000 27612.000 0 0 48.000 56.000 2688.000 51.845 0 1 3 200 0 0
 869 46237.000 27368.000 0 0 48.000 56.000 2688.000 51.845 0 1 3 200 0 0
 870 52551.000 22933.000 0 0 48.000 56.000 2688.000 51.845 0 1 3 200 0 0
 871 170934.000 156751.000 0 0 0.000 0.000 0.000 0.122 0 1 0 0 0 0
 872 15370.000 67636.000 0 0 56.000 40.000 2240.000 47.328 0 1 3 200 0 0
 873 15599.000 66988.000 0 0 56.000 42.000 2352.000 48.497 0 1 3 200 0 0
 874 17476.000 62547.000 0 0 54.000 42.000 2268.000 47.623 0 1 15 200 0 0
 875 18735.000 59613.000 0 0 56.000 44.000 2464.000 49.638 0 1 12 200 0 0
 876 18852.000 59491.000 0 0 56.000 44.000 2464.000 49.638 0 1 12 200 0 0
 877 18972.000 59264.000 0 0 56.000 44.000 2464.000 49.638 0 1 12 200 0 0
 878 21322.000 55080.000 0 0 54.000 46.000 2484.000 49.839 0 1 3 200 0 0
 879 24380.000 50078.000 0 0 54.000 48.000 2592.000 50.911 0 1 3 200 0 0
 880 24442.000 49911.000 0 0 54.000 48.000 2592.000 50.911 0 1 3 200 0 0
 881 25066.000 49052.000 0 0 54.000 48.000 2592.000 50.911 0 1 3 200 0 0
 882 28537.000 44359.000 0 0 54.000 50.000 2700.000 51.961 0 1 3 200 0 0
 883 29364.000 43322.000 0 0 54.000 50.000 2700.000 51.961 0 1 3 200 0 0
 884 30727.000 41405.000 0 0 54.000 52.000 2808.000 52.990 0 1 3 200 0 0
 885 31132.000 40978.000 0 0 52.000 52.000 2704.000 52.000 0 1 3 200 0 0
 886 31704.000 40523.000 0 0 52.000 52.000 2704.000 52.000 0 1 3 200 0 0
 887 31778.000 40425.000 0 0 52.000 52.000 2704.000 52.000 0 1 3 200 0 0
 888 32990.000 38834.000 0 0 54.000 50.000 2700.000 51.961 0 1 3 200 0 0
 889 39910.000 32320.000 0 0 50.000 52.000 2600.000 50.990 0 1 3 200 0 0
 890 41251.000 31120.000 0 0 52.000 54.000 2808.000 52.990 0 1 3 200 0 0
 891 41518.000 30890.000 0 0 52.000 54.000 2808.000 52.990 0 1 3 200 0 0
 892 45895.000 27213.000 0 0 48.000 56.000 2688.000 51.845 0 1 3 200 0 0
 893 46508.000 26773.000 0 0 48.000 56.000 2688.000 51.845 0 1 3 200 0 0
 894 46634.000 26723.000 0 0 48.000 56.000 2688.000 51.845 0 1 3 200 0 0
 895 47089.000 26596.000 0 0 48.000 56.000 2688.000 51.845 0 1 3 200 0 0
 896 52409.000 23091.000 0 0 48.000 56.000 2688.000 51.845 0 1 3 200 0 0
 897 58054.000 19784.000 0 0 44.000 56.000 2464.000 49.638 0 1 2 200 0 0
 898 61203.000 18214.000 0 0 42.000 56.000 2352.000 48.497 0 1 1 200 0 0
 899 61311.000 18168.000 0 0 42.000 56.000 2352.000 48.497 0 1 1 200 0 0
 900 15076.000 67854.000 0 0 56.000 40.000 2240.000 47.328 0 1 3 200 0 0
 901 15311.000 67287.000 0 0 56.000 42.000 2352.000 48.497 0 1 3 200 0 0
 902 17488.000 62214.000 0 0 54.000 42.000 2268.000 47.623 0 1 15 200 0 0
 903 17983.000 60957.000 0 0 56.000 42.000 2352.000 48.497 0 1 12 200 0 0
 904 18258.000 60257.000 0 0 56.000 42.000 2352.000 48.497 0 1 12 200 0 0
 905 18879.000 59271.000 0 0 56.000 44.000 2464.000 49.638 0 1 12 200 0 0
 906 19025.000 58910.000 0 0 56.000 44.000 2464.000 49.638 0 1 12 200 0 0
 907 19141.000 58730.000 0 0 56.000 44.000 2464.000 49.638 0 1 12 200 0 0
 908 19957.000 56823.000 0 0 56.000 44.000 2464.000 49.638 0 1 3 200 0 0
 909 25625.000 47971.000 0 0 54.000 48.000 2592.000 50.911 0 1 3 200 0 0
 910 25823.000 47679.000 0 0 54.000 48.000 2592.000 50.911 0 1 3 200 0 0
 911 27359.000 45595.000 0 0 56.000 48.000 2688.000 51.845 0 1 3 200 0 0
 912 27738.000 45112.000 0 0 54.000 50.000 2700.000 51.961 0 1 3 200 0 0
 913 27832.000 44964.000 0 0 54.000 50.000 2700.000 51.961 0 1 3 200 0 0
 914 28891.000 43679.000 0 0 54.000 50.000 2700.000 51.961 0 1 3 200 0 0
 915 29032.000 43502.000 0 0 54.000 50.000 2700.000 51.961 0 1 3 200 0 0
 916 29537.000 42689.000 0 0 54.000 50.000 2700.000 51.961 0 1 3 200 0 0
 917 31951.000 40003.000 0 0 52.000 52.000 2704.000 52.000 0 1 3 200 0 0
 918 31984.000 39678.000 0 0 52.000 50.000 2600.000 50.990 0 1 3 200 0 0
 919 37640.000 34089.000 0 0 52.000 54.000 2808.000 52.990 0 1 3 200 0 0
 920 37781.000 33983.000 0 0 52.000 54.000 2808.000 52.990 0 1 3 200 0 0
 921 38454.000 33313.000 0 0 50.000 54.000 2700.000 51.961 0 1 3 200 0 0
 922 39115.000 32535.000 0 0 50.000 54.000 2700.000 51.961 0 1 3 200 0 0
 923 40164.000 31812.000 0 0 52.000 52.000 2704.000 52.000 0 1 3 200 0 0
 924 40321.000 31667.000 0 0 52.000 52.000 2704.000 52.000 0 1 3 200 0 0
 925 40462.000 31544.000 0 0 52.000 52.000 2704.000 52.000 0 1 3 200 0 0
 926 40629.000 31196.000 0 0 52.000 52.000 2704.000 52.000 0 1 3 200 0 0
 927 43462.000 29038.000 0 0 0.000 0.000 0.000 0.131 0 1 0 0 0 0
 928 52703.000 22648.000 0 0 48.000 56.000 2688.000 51.845 0 1 3 200 0 0
 929 58547.000 19306.000 0 0 44.000 56.000 2464.000 49.638 0 1 2 200 0 0
 930 14700.000 68133.000 0 0 56.000 40.000 2240.000 47.328 0 1 3 200 0 0
 931 18289.000 60064.000 0 0 56.000 42.000 2352.000 48.497 0 1 12 200 0 0
 932 28145.000 44275.000 0 0 54.000 50.000 2700.000 51.961 0 1 3 200 0 0
 933 29374.000 42798.000 0 0 54.000 50.000 2700.000 51.961 0 1 3 200 0 0
 934 29915.000 42089.000 0 0 54.000 50.000 2700.000 51.961 0 1 3 200 0 0
 935 32392.000 39234.000 0 0 54.000 50.000 2700.000 51.961 0 1 3 200 0 0
 936 35176.000 36070.000 0 0 52.000 52.000 2704.000 52.000 0 1 3 200 0 0
 937 35505.000 35744.000 0 0 52.000 52.000 2704.000 52.000 0 1 3 200 0 0
 938 35643.000 35640.000 0 0 52.000 52.000 2704.000 52.000 0 1 3 200 0 0
 939 35774.000 35525.000 0 0 52.000 52.000 2704.000 52.000 0 1 3 200 0 0
 940 35829.000 35412.000 0 0 52.000 52.000 2704.000 52.000 0 1 3 200 0 0
 941 36959.000 34532.000 0 0 52.000 54.000 2808.000 52.990 0 1 3 200 0 0
 942 38159.000 33457.000 0 0 52.000 54.000 2808.000 52.990 0 1 3 200 0 0
 943 38305.000 33305.000 0 0 50.000 54.000 2700.000 51.961 0 1 3 200 0 0
 944 38632.000 32959.000 0 0 50.000 54.000 2700.000 51.961 0 1 3 200 0 0
 945 40706.000 31091.000 0 0 52.000 52.000 2704.000 52.000 0 1 3 200 0 0
 946 40758.000 30986.000 0 0 52.000 52.000 2704.000 52.000 0 1 3 200 0 0
 947 40912.000 30930.000 0 0 52.000 52.000 2704.000 52.000 0 1 3 200 0 0
 948 40970.000 30904.000 0 0 52.000 54.000 2808.000 52.990 0 1 3 200 0 0
 949 41216.000 30714.000 0 0 52.000 54.000 2808.000 52.990 0 1 3 200 0 0
 950 41406.000 30541.000 0 0 52.000 54.000 2808.000 52.990 0 1 3 200 0 0
 951 46742.000 26359.000 0 0 48.000 56.000 2688.000 51.845 0 1 3 200 0 0
 952 52479.000 22548.000 0 0 48.000 56.000 2688.000 51.845 0 1 3 200 0 0
 953 52915.000 22291.000 0 0 46.000 56.000 2576.000 50.754 0 1 3 200 0 0
 954 52963.000 22218.000 0 0 46.000 56.000 2576.000 50.754 0 1 3 200 0 0
 955 58907.000 18829.000 0 0 44.000 56.000 2464.000 49.638 0 1 2 200 0 0
 956 59324.000 18737.000 0 0 44.000 56.000 2464.000 49.638 0 1 2 200 0 0
 957 14381.000 68279.000 0 0 56.000 40.000 2240.000 47.328 0 1 3 200 0 0
 958 15724.000 65370.000 0 0 56.000 42.000 2352.000 48.497 0 1 3 200 0 0
 959 15704.000 65300.000 0 0 56.000 42.000 2352.000 48.497 0 1 3 200 0 0
 960 15757.000 64867.000 0 0 56.000 42.000 2352.000 48.497 0 1 3 200 0 0
 961 16929.000 62553.000 0 0 54.000 42.000 2268.000 47.623 0 1 15 200 0 0
 962 17080.000 62183.000 0 0 54.000 42.000 2268.000 47.623 0 1 15 200 0 0
 963 18220.000 59904.000 0 0 56.000 44.000 2464.000 49.638 0 1 12 200 0 0
 964 18324.000 59515.000 0 0 56.000 44.000 2464.000 49.638 0 1 12 200 0 0
 965 19867.000 56640.000 0 0 54.000 44.000 2376.000 48.744 0 1 3 200 0 0
 966 26508.000 45963.000 0 0 0.000 0.000 0.000 0.123 0 1 0 0 0 0
 967 30745.000 40615.000 0 0 52.000 52.000 2704.000 52.000 0 1 3 200 0 0
 968 32197.000 39229.000 0 0 54.000 50.000 2700.000 51.961 0 1 3 200 0 0
 969 33555.000 37551.000 0 0 54.000 52.000 2808.000 52.990 0 1 3 200 0 0
 970 33891.000 37244.000 0 0 54.000 52.000 2808.000 52.990 0 1 3 200 0 0
 971 34768.000 36332.000 0 0 52.000 52.000 2704.000 52.000 0 1 3 200 0 0
 972 34844.000 36185.000 0 0 52.000 52.000 2704.000 52.000 0 1 3 200 0 0
 973 35277.000 35954.000 0 0 52.000 52.000 2704.000 52.000 0 1 3 200 0 0
 974 40966.000 30690.000 0 0 52.000 54.000 2808.000 52.990 0 1 3 200 0 0
 975 41503.000 30329.000 0 0 52.000 54.000 2808.000 52.990 0 1 3 200 0 0
 976 53034.000 22038.000 0 0 46.000 56.000 2576.000 50.754 0 1 3 200 0 0
 977 53053.000 21849.000 0 0 46.000 56.000 2576.000 50.754 0 1 3 200 0 0
 978 60846.000 17664.000 0 0 42.000 56.000 2352.000 48.497 0 1 1 200 0 0
 979 61341.000 17627.000 0 0 42.000 56.000 2352.000 48.497 0 1 1 200 0 0
 980 136966.000 183816.000 0 0 0.000 0.000 0.000 0.131 0 1 0 0 0 0
 981 14062.000 68829.000 0 0 56.000 40.000 2240.000 47.328 0 1 3 200 0 0
 982 14147.000 68407.000 0 0 56.000 40.000 2240.000 47.328 0 1 3 200 0 0
 983 14556.000 68031.000 0 0 56.000 40.000 2240.000 47.328 0 1 3 200 0 0
 984 15138.000 66260.000 0 0 56.000 42.000 2352.000 48.497 0 1 3 200 0 0
 985 15547.000 65401.000 0 0 56.000 42.000 2352.000 48.497 0 1 3 200 0 0
 986 15825.000 64524.000 0 0 56.000 42.000 2352.000 48.497 0 1 3 200 0 0
 987 16822.000 62379.000 0 0 54.000 42.000 2268.000 47.623 0 1 15 200 0 0
 988 19511.000 56672.000 0 0 56.000 44.000 2464.000 49.638 0 1 3 200 0 0
 989 25547.000 47215.000 0 0 54.000 48.000 2592.000 50.911 0 1 3 200 0 0
 990 25655.000 47033.000 0 0 54.000 48.000 2592.000 50.911 0 1 3 200 0 0
 991 28121.000 43784.000 0 0 54.000 50.000 2700.000 51.961 0 1 3 200 0 0
 992 28858.000 42763.000 0 0 54.000 50.000 2700.000 51.961 0 1 3 200 0 0
 993 28866.000 42605.000 0 0 54.000 50.000 2700.000 51.961 0 1 3 200 0 0
 994 29367.000 42238.000 0 0 54.000 50.000 2700.000 51.961 0 1 3 200 0 0
 995 29852.000 41480.000 0 0 54.000 52.000 2808.000 52.990 0 1 3 200 0 0
 996 30030.000 41198.000 0 0 54.000 52.000 2808.000 52.990 0 1 3 200 0 0
 997 30415.000 40955.000 0 0 54.000 52.000 2808.000 52.990 0 1 3 200 0 0
 998 30677.000 40639.000 0 0 52.000 52.000 2704.000 52.000 0 1 3 200 0 0
 999 30887.000 40368.000 0 0 52.000 52.000 2704.000 52.000 0 1 3 200 0 0
 1000 31830.000 39364.000 0 0 52.000 50.000 2600.000 50.990 0 1 3 200 0 0
 1001 32715.000 38350.000 0 0 54.000 50.000 2700.000 51.961 0 1 3 200 0 0
 1002 32973.000 38064.000 0 0 54.000 50.000 2700.000 51.961 0 1 3 200 0 0
 1003 33158.000 37847.000 0 0 54.000 52.000 2808.000 52.990 0 1 3 200 0 0
 1004 33253.000 37558.000 0 0 54.000 52.000 2808.000 52.990 0 1 3 200 0 0
 1005 34909.000 36120.000 0 0 52.000 52.000 2704.000 52.000 0 1 3 200 0 0
 1006 35277.000 35770.000 0 0 52.000 52.000 2704.000 52.000 0 1 3 200 0 0
 1007 39552.000 31698.000 0 0 50.000 52.000 2600.000 50.990 0 1 3 200 0 0
 1008 39612.000 31613.000 0 0 50.000 52.000 2600.000 50.990 0 1 3 200 0 0
 1009 41417.000 29891.000 0 0 52.000 54.000 2808.000 52.990 0 1 3 200 0 0
 1010 47009.000 25756.000 0 0 48.000 54.000 2592.000 50.911 0 1 3 200 0 0
 1011 48968.000 24328.000 0 0 46.000 54.000 2484.000 49.839 0 1 3 200 0 0
 1012 14640.000 67101.000 0 0 56.000 40.000 2240.000 47.328 0 1 3 200 0 0
 1013 14708.000 66935.000 0 0 56.000 42.000 2352.000 48.497 0 1 3 200 0 0
 1014 14751.000 66834.000 0 0 56.000 42.000 2352.000 48.497 0 1 3 200 0 0
 1015 15199.000 65742.000 0 0 56.000 42.000 2352.000 48.497 0 1 3 200 0 0
 1016 15593.000 64731.000 0 0 56.000 42.000 2352.000 48.497 0 1 3 200 0 0
 1017 17283.000 60977.000 0 0 56.000 42.000 2352.000 48.497 0 1 12 200 0 0
 1018 20811.000 54133.000 0 0 0.000 0.000 0.000 0.122 0 1 0 0 0 0
 1019 28075.000 43541.000 0 0 54.000 50.000 2700.000 51.961 0 1 3 200 0 0
 1020 28546.000 42968.000 0 0 54.000 50.000 2700.000 51.961 0 1 3 200 0 0
 1021 30097.000 41082.000 0 0 54.000 52.000 2808.000 52.990 0 1 3 200 0 0
 1022 30158.000 40881.000 0 0 54.000 52.000 2808.000 52.990 0 1 3 200 0 0
 1023 30698.000 40511.000 0 0 52.000 52.000 2704.000 52.000 0 1 3 200 0 0
 1024 32607.000 38060.000 0 0 54.000 50.000 2700.000 51.961 0 1 3 200 0 0
 1025 34447.000 36349.000 0 0 52.000 52.000 2704.000 52.000 0 1 3 200 0 0
 1026 40077.000 31006.000 0 0 52.000 52.000 2704.000 52.000 0 1 3 200 0 0
 1027 40883.000 30116.000 0 0 52.000 54.000 2808.000 52.990 0 1 3 200 0 0
 1028 41021.000 30076.000 0 0 52.000 54.000 2808.000 52.990 0 1 3 200 0 0
 1029 46991.000 25381.000 0 0 48.000 54.000 2592.000 50.911 0 1 3 200 0 0
 1030 48306.000 24578.000 0 0 48.000 54.000 2592.000 50.911 0 1 3 200 0 0
 1031 48795.000 24415.000 0 0 48.000 54.000 2592.000 50.911 0 1 3 200 0 0
 1032 49139.000 24110.000 0 0 46.000 54.000 2484.000 49.839 0 1 3 200 0 0
 1033 49374.000 23938.000 0 0 46.000 54.000 2484.000 49.839 0 1 3 200 0 0
 1034 53318.000 21446.000 0 0 46.000 56.000 2576.000 50.754 0 1 3 200 0 0
 1035 58480.000 18443.000 0 0 0.000 0.000 0.000 0.130 0 1 0 0 0 0
 1036 137086.000 184001.000 0 0 0.000 0.000 0.000 0.120 0 1 0 0 0 0
 1037 13370.000 69804.000 0 0 54.000 40.000 2160.000 46.475 0 1 3 200 0 0
 1038 13393.000 69574.000 0 0 54.000 40.000 2160.000 46.475 0 1 3 200 0 0
 1039 13624.000 69460.000 0 0 56.000 40.000 2240.000 47.328 0 1 3 200 0 0
 1040 13956.000 68589.000 0 0 56.000 40.000 2240.000 47.328 0 1 3 200 0 0
 1041 15185.000 65241.000 0 0 56.000 42.000 2352.000 48.497 0 1 3 200 0 0
 1042 23435.000 49715.000 0 0 0.000 0.000 0.000 0.120 0 1 0 0 0 0
 1043 28500.000 42829.000 0 0 54.000 50.000 2700.000 51.961 0 1 3 200 0 0
 1044 28671.000 42600.000 0 0 54.000 50.000 2700.000 51.961 0 1 3 200 0 0
 1045 30841.000 39921.000 0 0 52.000 52.000 2704.000 52.000 0 1 3 200 0 0
 1046 30839.000 39731.000 0 0 52.000 52.000 2704.000 52.000 0 1 3 200 0 0
 1047 31236.000 39323.000 0 0 52.000 50.000 2600.000 50.990 0 1 3 200 0 0
 1048 32184.000 38501.000 0 0 54.000 50.000 2700.000 51.961 0 1 3 200 0 0
 1049 32401.000 38218.000 0 0 54.000 50.000 2700.000 51.961 0 1 3 200 0 0
 1050 44382.000 27107.000 0 0 0.000 0.000 0.000 0.127 0 1 0 0 0 0
 1051 47473.000 25013.000 0 0 48.000 54.000 2592.000 50.911 0 1 3 200 0 0
 1052 48416.000 24318.000 0 0 48.000 54.000 2592.000 50.911 0 1 3 200 0 0
 1053 53455.000 21213.000 0 0 46.000 56.000 2576.000 50.754 0 1 3 200 0 0
 1054 53454.000 20993.000 0 0 46.000 56.000 2576.000 50.754 0 1 3 200 0 0
 1055 13139.000 69948.000 0 0 54.000 40.000 2160.000 46.475 0 1 3 200 0 0
 1056 15313.000 64637.000 0 0 56.000 42.000 2352.000 48.497 0 1 3 200 0 0
 1057 17049.000 60696.000 0 0 56.000 42.000 2352.000 48.497 0 1 12 200 0 0
 1058 18988.000 56824.000 0 0 56.000 44.000 2464.000 49.638 0 1 3 200 0 0
 1059 19357.000 56143.000 0 0 54.000 44.000 2376.000 48.744 0 1 3 200 0 0
 1060 23208.000 49740.000 0 0 0.000 0.000 0.000 0.120 0 1 0 0 0 0
 1061 24851.000 47390.000 0 0 54.000 48.000 2592.000 50.911 0 1 3 200 0 0
 1062 28685.000 42225.000 0 0 54.000 50.000 2700.000 51.961 0 1 3 200 0 0
 1063 28720.000 41925.000 0 0 54.000 50.000 2700.000 51.961 0 1 3 200 0 0
 1064 29471.000 41096.000 0 0 54.000 52.000 2808.000 52.990 0 1 3 200 0 0
 1065 29643.000 41177.000 0 0 54.000 52.000 2808.000 52.990 0 1 3 200 0 0
 1066 29597.000 40891.000 0 0 54.000 52.000 2808.000 52.990 0 1 3 200 0 0
 1067 29812.000 40928.000 0 0 54.000 52.000 2808.000 52.990 0 1 3 200 0 0
 1068 30044.000 40547.000 0 0 54.000 52.000 2808.000 52.990 0 1 3 200 0 0
 1069 30873.000 39690.000 0 0 52.000 52.000 2704.000 52.000 0 1 3 200 0 0
 1070 32685.000 37748.000 0 0 54.000 50.000 2700.000 51.961 0 1 3 200 0 0
 1071 39045.000 31417.000 0 0 50.000 52.000 2600.000 50.990 0 1 3 200 0 0
 1072 42650.000 28340.000 0 0 50.000 54.000 2700.000 51.961 0 1 3 200 0 0
 1073 47435.000 24604.000 0 0 48.000 54.000 2592.000 50.911 0 1 3 200 0 0
 1074 68958.000 13566.000 0 0 0.000 0.000 0.000 0.122 0 1 0 0 0 0
 1075 13157.000 69898.000 0 0 54.000 40.000 2160.000 46.475 0 1 3 200 0 0
 1076 14379.000 66199.000 0 0 56.000 42.000 2352.000 48.497 0 1 3 200 0 0
 1077 16504.000 61385.000 0 0 56.000 42.000 2352.000 48.497 0 1 3 200 0 0
 1078 17468.000 59418.000 0 0 0.000 0.000 0.000 0.121 0 1 0 0 0 0
 1079 26316.000 44872.000 0 0 56.000 48.000 2688.000 51.845 0 1 3 200 0 0
 1080 26771.000 44418.000 0 0 54.000 50.000 2700.000 51.961 0 1 3 200 0 0
 1081 26964.000 43943.000 0 0 54.000 50.000 2700.000 51.961 0 1 3 200 0 0
 1082 27022.000 43826.000 0 0 54.000 50.000 2700.000 51.961 0 1 3 200 0 0
 1083 27727.000 43165.000 0 0 54.000 50.000 2700.000 51.961 0 1 3 200 0 0
 1084 27848.000 43024.000 0 0 54.000 50.000 2700.000 51.961 0 1 3 200 0 0
 1085 27802.000 42858.000 0 0 54.000 50.000 2700.000 51.961 0 1 3 200 0 0
 1086 27976.000 42855.000 0 0 54.000 50.000 2700.000 51.961 0 1 3 200 0 0
 1087 28115.000 42826.000 0 0 54.000 50.000 2700.000 51.961 0 1 3 200 0 0
 1088 28430.000 42434.000 0 0 54.000 50.000 2700.000 51.961 0 1 3 200 0 0
 1089 28694.000 42000.000 0 0 54.000 50.000 2700.000 51.961 0 1 3 200 0 0
 1090 28834.000 41640.000 0 0 54.000 50.000 2700.000 51.961 0 1 3 200 0 0
 1091 29192.000 41421.000 0 0 54.000 50.000 2700.000 51.961 0 1 3 200 0 0
 1092 29383.000 41097.000 0 0 54.000 52.000 2808.000 52.990 0 1 3 200 0 0
 1093 29775.000 40433.000 0 0 54.000 52.000 2808.000 52.990 0 1 3 200 0 0
 1094 30116.000 40260.000 0 0 54.000 52.000 2808.000 52.990 0 1 3 200 0 0
 1095 30233.000 39888.000 0 0 52.000 52.000 2704.000 52.000 0 1 3 200 0 0
 1096 31193.000 38913.000 0 0 52.000 50.000 2600.000 50.990 0 1 3 200 0 0
 1097 31460.000 38637.000 0 0 54.000 50.000 2700.000 51.961 0 1 3 200 0 0
 1098 31480.000 38512.000 0 0 54.000 50.000 2700.000 51.961 0 1 3 200 0 0
 1099 31730.000 38213.000 0 0 54.000 50.000 2700.000 51.961 0 1 3 200 0 0
 1100 32161.000 38063.000 0 0 54.000 50.000 2700.000 51.961 0 1 3 200 0 0
 1101 32394.000 37749.000 0 0 54.000 50.000 2700.000 51.961 0 1 3 200 0 0
 1102 32571.000 37401.000 0 0 54.000 52.000 2808.000 52.990 0 1 3 200 0 0
 1103 32690.000 37349.000 0 0 54.000 52.000 2808.000 52.990 0 1 3 200 0 0
 1104 40445.000 30048.000 0 0 52.000 54.000 2808.000 52.990 0 1 3 200 0 0
 1105 40797.000 29719.000 0 0 52.000 54.000 2808.000 52.990 0 1 3 200 0 0
 1106 40884.000 29714.000 0 0 52.000 54.000 2808.000 52.990 0 1 3 200 0 0
 1107 42143.000 28443.000 0 0 50.000 54.000 2700.000 51.961 0 1 3 200 0 0
 1108 47669.000 24382.000 0 0 48.000 54.000 2592.000 50.911 0 1 3 200 0 0
 1109 53591.000 20711.000 0 0 46.000 56.000 2576.000 50.754 0 1 3 200 0 0
 1110 59712.000 17385.000 0 0 42.000 56.000 2352.000 48.497 0 1 1 200 0 0
 1111 60227.000 17173.000 0 0 42.000 56.000 2352.000 48.497 0 1 1 200 0 0
 1112 14433.000 65840.000 0 0 56.000 42.000 2352.000 48.497 0 1 3 200 0 0
 1113 25689.000 45430.000 0 0 56.000 48.000 2688.000 51.845 0 1 3 200 0 0
 1114 25964.000 44923.000 0 0 56.000 48.000 2688.000 51.845 0 1 3 200 0 0
 1115 26221.000 44568.000 0 0 54.000 50.000 2700.000 51.961 0 1 3 200 0 0
 1116 30946.000 39067.000 0 0 52.000 50.000 2600.000 50.990 0 1 3 200 0 0
 1117 31012.000 38965.000 0 0 52.000 50.000 2600.000 50.990 0 1 3 200 0 0
 1118 32480.000 37365.000 0 0 54.000 52.000 2808.000 52.990 0 1 3 200 0 0
 1119 39354.000 30697.000 0 0 52.000 52.000 2704.000 52.000 0 1 3 200 0 0
 1120 39382.000 30480.000 0 0 52.000 52.000 2704.000 52.000 0 1 3 200 0 0
 1121 47767.000 23994.000 0 0 48.000 54.000 2592.000 50.911 0 1 3 200 0 0
 1122 48237.000 23865.000 0 0 48.000 54.000 2592.000 50.911 0 1 3 200 0 0
 1123 48436.000 23735.000 0 0 48.000 54.000 2592.000 50.911 0 1 3 200 0 0
 1124 48897.000 23397.000 0 0 46.000 54.000 2484.000 49.839 0 1 3 200 0 0
 1125 53604.000 20514.000 0 0 46.000 56.000 2576.000 50.754 0 1 3 200 0 0
 1126 12463.000 70635.000 0 0 0.000 0.000 0.000 0.129 0 1 0 0 0 0
 1127 12917.000 68973.000 0 0 56.000 40.000 2240.000 47.328 0 1 3 200 0 0
 1128 14166.000 66091.000 0 0 56.000 42.000 2352.000 48.497 0 1 3 200 0 0
 1129 16275.000 61107.000 0 0 56.000 42.000 2352.000 48.497 0 1 3 200 0 0
 1130 25246.000 45885.000 0 0 56.000 48.000 2688.000 51.845 0 1 3 200 0 0
 1131 26100.000 44781.000 0 0 56.000 48.000 2688.000 51.845 0 1 3 200 0 0
 1132 26532.000 44157.000 0 0 54.000 50.000 2700.000 51.961 0 1 3 200 0 0
 1133 27689.000 42706.000 0 0 54.000 50.000 2700.000 51.961 0 1 3 200 0 0
 1134 27849.000 42573.000 0 0 54.000 50.000 2700.000 51.961 0 1 3 200 0 0
 1135 29331.000 40753.000 0 0 54.000 52.000 2808.000 52.990 0 1 3 200 0 0
 1136 29563.000 40434.000 0 0 54.000 52.000 2808.000 52.990 0 1 3 200 0 0
 1137 30138.000 39689.000 0 0 52.000 52.000 2704.000 52.000 0 1 3 200 0 0
 1138 30459.000 39393.000 0 0 52.000 52.000 2704.000 52.000 0 1 3 200 0 0
 1139 33085.000 36316.000 0 0 54.000 52.000 2808.000 52.990 0 1 3 200 0 0
 1140 34107.000 35206.000 0 0 0.000 0.000 0.000 0.127 0 1 0 0 0 0
 1141 38022.000 31586.000 0 0 0.000 0.000 0.000 0.120 0 1 0 0 0 0
 1142 40373.000 29586.000 0 0 52.000 54.000 2808.000 52.990 0 1 3 200 0 0
 1143 40412.000 29551.000 0 0 52.000 54.000 2808.000 52.990 0 1 3 200 0 0
 1144 42320.000 27977.000 0 0 50.000 54.000 2700.000 51.961 0 1 3 200 0 0
 1145 47919.000 23823.000 0 0 48.000 54.000 2592.000 50.911 0 1 3 200 0 0
 1146 53586.000 20334.000 0 0 46.000 56.000 2576.000 50.754 0 1 3 200 0 0
 1147 53673.000 20272.000 0 0 46.000 56.000 2576.000 50.754 0 1 3 200 0 0
 1148 57815.000 17976.000 0 0 0.000 0.000 0.000 0.127 0 1 0 0 0 0
 1149 66287.000 14153.000 0 0 0.000 0.000 0.000 0.124 0 1 0 0 0 0
 1150 12308.000 70798.000 0 0 0.000 0.000 0.000 0.121 0 1 0 0 0 0
 1151 13811.000 66418.000 0 0 56.000 42.000 2352.000 48.497 0 1 3 200 0 0
 1152 13906.000 65848.000 0 0 56.000 42.000 2352.000 48.497 0 1 3 200 0 0
 1153 14717.000 63871.000 0 0 56.000 42.000 2352.000 48.497 0 1 3 200 0 0
 1154 14838.000 63816.000 0 0 56.000 42.000 2352.000 48.497 0 1 3 200 0 0
 1155 15004.000 63462.000 0 0 54.000 42.000 2268.000 47.623 0 1 3 200 0 0
 1156 15258.000 62624.000 0 0 54.000 42.000 2268.000 47.623 0 1 3 200 0 0
 1157 15505.000 62403.000 0 0 54.000 42.000 2268.000 47.623 0 1 3 200 0 0
 1158 16072.000 61082.000 0 0 56.000 42.000 2352.000 48.497 0 1 3 200 0 0
 1159 16403.000 60545.000 0 0 56.000 42.000 2352.000 48.497 0 1 3 200 0 0
 1160 18560.000 56167.000 0 0 56.000 44.000 2464.000 49.638 0 1 3 200 0 0
 1161 23447.000 48096.000 0 0 54.000 48.000 2592.000 50.911 0 1 3 200 0 0
 1162 23642.000 47821.000 0 0 54.000 48.000 2592.000 50.911 0 1 3 200 0 0
 1163 23916.000 47405.000 0 0 54.000 48.000 2592.000 50.911 0 1 3 200 0 0
 1164 25444.000 45327.000 0 0 56.000 48.000 2688.000 51.845 0 1 3 200 0 0
 1165 26600.000 43881.000 0 0 54.000 50.000 2700.000 51.961 0 1 3 200 0 0
 1166 30267.000 39302.000 0 0 52.000 52.000 2704.000 52.000 0 1 3 200 0 0
 1167 31037.000 38501.000 0 0 52.000 50.000 2600.000 50.990 0 1 3 200 0 0
 1168 29044.000 41611.000 0 0 54.000 50.000 2700.000 51.961 0 1 3 200 0 0
 1169 29350.000 41375.000 0 0 54.000 50.000 2700.000 51.961 0 1 3 200 0 0
 1170 41689.000 28112.000 0 0 50.000 54.000 2700.000 51.961 0 1 3 200 0 0
 1171 180412.000 146268.000 0 0 0.000 0.000 0.000 0.120 0 1 0 0 0 0
 1172 11756.000 71388.000 0 0 54.000 38.000 2052.000 45.299 0 1 16 200 0 0
 1173 12441.000 69661.000 0 0 54.000 40.000 2160.000 46.475 0 1 3 200 0 0
 1174 13980.000 65630.000 0 0 56.000 42.000 2352.000 48.497 0 1 3 200 0 0
 1175 14077.000 65256.000 0 0 56.000 42.000 2352.000 48.497 0 1 3 200 0 0
 1176 14167.000 65058.000 0 0 56.000 42.000 2352.000 48.497 0 1 3 200 0 0
 1177 14793.000 63603.000 0 0 54.000 42.000 2268.000 47.623 0 1 3 200 0 0
 1178 15185.000 62674.000 0 0 54.000 42.000 2268.000 47.623 0 1 3 200 0 0
 1179 22258.000 49520.000 0 0 54.000 48.000 2592.000 50.911 0 1 3 200 0 0
 1180 22831.000 48490.000 0 0 54.000 46.000 2484.000 49.839 0 1 3 200 0 0
 1181 47889.000 24336.000 0 0 48.000 54.000 2592.000 50.911 0 1 3 200 0 0
 1182 23390.000 47961.000 0 0 54.000 48.000 2592.000 50.911 0 1 3 200 0 0
 1183 24160.000 46801.000 0 0 54.000 48.000 2592.000 50.911 0 1 3 200 0 0
 1184 25306.000 45307.000 0 0 56.000 48.000 2688.000 51.845 0 1 3 200 0 0
 1185 28819.000 40695.000 0 0 54.000 52.000 2808.000 52.990 0 1 3 200 0 0
 1186 29176.000 40350.000 0 0 54.000 52.000 2808.000 52.990 0 1 3 200 0 0
 1187 30006.000 39240.000 0 0 52.000 52.000 2704.000 52.000 0 1 3 200 0 0
 1188 31028.000 38177.000 0 0 54.000 50.000 2700.000 51.961 0 1 3 200 0 0
 1189 31254.000 37902.000 0 0 54.000 50.000 2700.000 51.961 0 1 3 200 0 0
 1190 33080.000 36028.000 0 0 54.000 52.000 2808.000 52.990 0 1 3 200 0 0
 1191 33277.000 35575.000 0 0 52.000 52.000 2704.000 52.000 0 1 3 200 0 0
 1192 38650.000 30681.000 0 0 50.000 52.000 2600.000 50.990 0 1 3 200 0 0
 1193 38720.000 30553.000 0 0 50.000 52.000 2600.000 50.990 0 1 3 200 0 0
 1194 39787.000 29659.000 0 0 52.000 52.000 2704.000 52.000 0 1 3 200 0 0
 1195 39850.000 29615.000 0 0 52.000 54.000 2808.000 52.990 0 1 3 200 0 0
 1196 40719.000 28846.000 0 0 52.000 54.000 2808.000 52.990 0 1 3 200 0 0
 1197 41386.000 28142.000 0 0 50.000 54.000 2700.000 51.961 0 1 3 200 0 0
 1198 41728.000 28048.000 0 0 50.000 54.000 2700.000 51.961 0 1 3 200 0 0
 1199 42706.000 26858.000 0 0 50.000 54.000 2700.000 51.961 0 1 3 200 0 0
 1200 48302.000 23065.000 0 0 46.000 54.000 2484.000 49.839 0 1 3 200 0 0
 1201 12651.000 68589.000 0 0 56.000 40.000 2240.000 47.328 0 1 3 200 0 0
 1202 12774.000 68198.000 0 0 56.000 40.000 2240.000 47.328 0 1 3 200 0 0
 1203 15478.000 61532.000 0 0 54.000 42.000 2268.000 47.623 0 1 3 200 0 0
 1204 15856.000 60729.000 0 0 56.000 42.000 2352.000 48.497 0 1 3 200 0 0
 1205 16217.000 60042.000 0 0 56.000 42.000 2352.000 48.497 0 1 3 200 0 0
 1206 22108.000 49289.000 0 0 54.000 48.000 2592.000 50.911 0 1 3 200 0 0
 1207 22429.000 48966.000 0 0 54.000 48.000 2592.000 50.911 0 1 3 200 0 0
 1208 22407.000 48840.000 0 0 54.000 48.000 2592.000 50.911 0 1 3 200 0 0
 1209 22509.000 48714.000 0 0 54.000 48.000 2592.000 50.911 0 1 3 200 0 0
 1210 25966.000 44079.000 0 0 54.000 50.000 2700.000 51.961 0 1 3 200 0 0
 1211 25759.000 45267.000 0 0 56.000 48.000 2688.000 51.845 0 1 3 200 0 0
 1212 30666.000 38151.000 0 0 52.000 50.000 2600.000 50.990 0 1 3 200 0 0
 1213 32232.000 36402.000 0 0 54.000 52.000 2808.000 52.990 0 1 3 200 0 0
 1214 32534.000 36376.000 0 0 54.000 52.000 2808.000 52.990 0 1 3 200 0 0
 1215 39010.000 30106.000 0 0 52.000 52.000 2704.000 52.000 0 1 3 200 0 0
 1216 40023.000 29276.000 0 0 52.000 54.000 2808.000 52.990 0 1 3 200 0 0
 1217 41749.000 27712.000 0 0 50.000 54.000 2700.000 51.961 0 1 3 200 0 0
 1218 42118.000 27445.000 0 0 50.000 54.000 2700.000 51.961 0 1 3 200 0 0
 1219 11184.000 71831.000 0 0 54.000 38.000 2052.000 45.299 0 1 16 200 0 0
 1220 11515.000 71371.000 0 0 54.000 38.000 2052.000 45.299 0 1 16 200 0 0
 1221 13931.000 64720.000 0 0 56.000 42.000 2352.000 48.497 0 1 3 200 0 0
 1222 15279.000 61632.000 0 0 54.000 42.000 2268.000 47.623 0 1 3 200 0 0
 1223 21375.000 50108.000 0 0 56.000 48.000 2688.000 51.845 0 1 3 200 0 0
 1224 21832.000 49689.000 0 0 56.000 48.000 2688.000 51.845 0 1 3 200 0 0
 1225 22248.000 49061.000 0 0 54.000 48.000 2592.000 50.911 0 1 3 200 0 0
 1226 22676.000 48536.000 0 0 54.000 46.000 2484.000 49.839 0 1 3 200 0 0
 1227 24322.000 46156.000 0 0 54.000 48.000 2592.000 50.911 0 1 3 200 0 0
 1228 24482.000 45898.000 0 0 54.000 48.000 2592.000 50.911 0 1 3 200 0 0
 1229 28934.000 40221.000 0 0 54.000 52.000 2808.000 52.990 0 1 3 200 0 0
 1230 29428.000 39528.000 0 0 52.000 52.000 2704.000 52.000 0 1 3 200 0 0
 1231 30262.000 38461.000 0 0 52.000 50.000 2600.000 50.990 0 1 3 200 0 0
 1232 31300.000 37443.000 0 0 54.000 50.000 2700.000 51.961 0 1 3 200 0 0
 1233 34985.000 33505.000 0 0 52.000 52.000 2704.000 52.000 0 1 3 200 0 0
 1234 35470.000 33043.000 0 0 52.000 53.000 2756.000 52.497 0 1 3 200 0 0
 1235 39672.000 29289.000 0 0 52.000 54.000 2808.000 52.990 0 1 3 200 0 0
 1236 40339.000 28694.000 0 0 52.000 54.000 2808.000 52.990 0 1 3 200 0 0
 1237 40869.000 28361.000 0 0 50.000 54.000 2700.000 51.961 0 1 3 200 0 0
 1238 32269.000 37446.000 0 0 54.000 50.000 2700.000 51.961 0 1 3 200 0 0
 1239 42481.000 27041.000 0 0 50.000 54.000 2700.000 51.961 0 1 3 200 0 0
 1240 10932.000 72028.000 0 0 54.000 38.000 2052.000 45.299 0 1 16 200 0 0
 1241 13060.000 66320.000 0 0 56.000 42.000 2352.000 48.497 0 1 3 200 0 0
 1242 13482.000 65357.000 0 0 56.000 42.000 2352.000 48.497 0 1 3 200 0 0
 1243 14794.000 62271.000 0 0 54.000 42.000 2268.000 47.623 0 1 3 200 0 0
 1244 14983.000 61542.000 0 0 54.000 42.000 2268.000 47.623 0 1 3 200 0 0
 1245 15844.000 59670.000 0 0 56.000 42.000 2352.000 48.497 0 1 3 200 0 0
 1246 16380.000 58597.000 0 0 56.000 44.000 2464.000 49.638 0 1 3 200 0 0
 1247 16537.000 58594.000 0 0 56.000 44.000 2464.000 49.638 0 1 3 200 0 0
 1248 17470.000 56791.000 0 0 56.000 44.000 2464.000 49.638 0 1 3 200 0 0
 1249 17523.000 56648.000 0 0 56.000 44.000 2464.000 49.638 0 1 3 200 0 0
 1250 20426.000 51277.000 0 0 56.000 48.000 2688.000 51.845 0 1 3 200 0 0
 1251 20529.000 51129.000 0 0 56.000 48.000 2688.000 51.845 0 1 3 200 0 0
 1252 20674.000 50887.000 0 0 56.000 48.000 2688.000 51.845 0 1 3 200 0 0
 1253 20788.000 50869.000 0 0 56.000 48.000 2688.000 51.845 0 1 3 200 0 0
 1254 21014.000 50445.000 0 0 56.000 48.000 2688.000 51.845 0 1 3 200 0 0
 1255 21256.000 50243.000 0 0 56.000 48.000 2688.000 51.845 0 1 3 200 0 0
 1256 23642.000 46649.000 0 0 54.000 48.000 2592.000 50.911 0 1 3 200 0 0
 1257 25246.000 44549.000 0 0 56.000 48.000 2688.000 51.845 0 1 3 200 0 0
 1258 25336.000 44381.000 0 0 56.000 48.000 2688.000 51.845 0 1 3 200 0 0
 1259 25355.000 44311.000 0 0 56.000 48.000 2688.000 51.845 0 1 3 200 0 0
 1260 25406.000 44227.000 0 0 56.000 48.000 2688.000 51.845 0 1 3 200 0 0
 1261 29483.000 39128.000 0 0 52.000 52.000 2704.000 52.000 0 1 3 200 0 0
 1262 29792.000 38898.000 0 0 52.000 52.000 2704.000 52.000 0 1 3 200 0 0
 1263 31191.000 37199.000 0 0 54.000 50.000 2700.000 51.961 0 1 3 200 0 0
 1264 32068.000 36445.000 0 0 54.000 52.000 2808.000 52.990 0 1 3 200 0 0
 1265 32615.000 35713.000 0 0 54.000 52.000 2808.000 52.990 0 1 3 200 0 0
 1266 36527.000 31899.000 0 0 52.000 54.000 2808.000 52.990 0 1 3 200 0 0
 1267 41898.000 27284.000 0 0 50.000 54.000 2700.000 51.961 0 1 3 200 0 0
 1268 30767.000 38477.000 0 0 52.000 50.000 2600.000 50.990 0 1 3 200 0 0
 1269 24439.000 155142.000 0 0 0.000 0.000 0.000 0.120 0 1 0 0 0 0
 1270 10769.000 72240.000 0 0 54.000 38.000 2052.000 45.299 0 1 16 200 0 0
 1271 13316.000 65014.000 0 0 0.000 0.000 0.000 0.130 0 1 0 0 0 0
 1272 13823.000 64093.000 0 0 56.000 42.000 2352.000 48.497 0 1 3 200 0 0
 1273 16927.000 57402.000 0 0 56.000 44.000 2464.000 49.638 0 1 3 200 0 0
 1274 17000.000 57263.000 0 0 56.000 44.000 2464.000 49.638 0 1 3 200 0 0
 1275 19751.000 52057.000 0 0 56.000 46.000 2576.000 50.754 0 1 3 200 0 0
 1276 19939.000 51782.000 0 0 56.000 46.000 2576.000 50.754 0 1 3 200 0 0
 1277 20349.000 51355.000 0 0 56.000 48.000 2688.000 51.845 0 1 3 200 0 0
 1278 20433.000 51266.000 0 0 56.000 48.000 2688.000 51.845 0 1 3 200 0 0
 1279 20887.000 50630.000 0 0 56.000 48.000 2688.000 51.845 0 1 3 200 0 0
 1280 21519.000 50313.000 0 0 56.000 48.000 2688.000 51.845 0 1 3 200 0 0
 1281 30035.000 38122.000 0 0 52.000 50.000 2600.000 50.990 0 1 3 200 0 0
 1282 30556.000 37692.000 0 0 54.000 50.000 2700.000 51.961 0 1 3 200 0 0
 1283 30629.000 37618.000 0 0 54.000 50.000 2700.000 51.961 0 1 3 200 0 0
 1284 31251.000 37016.000 0 0 54.000 50.000 2700.000 51.961 0 1 3 200 0 0
 1285 35274.000 32935.000 0 0 52.000 52.000 2704.000 52.000 0 1 3 200 0 0
 1286 42444.000 26654.000 0 0 50.000 54.000 2700.000 51.961 0 1 3 200 0 0
 1287 10605.000 72391.000 0 0 54.000 38.000 2052.000 45.299 0 1 16 200 0 0
 1288 11032.000 71076.000 0 0 54.000 38.000 2052.000 45.299 0 1 16 200 0 0
 1289 12281.000 67250.000 0 0 56.000 40.000 2240.000 47.328 0 1 3 200 0 0
 1290 12330.000 67010.000 0 0 56.000 40.000 2240.000 47.328 0 1 3 200 0 0
 1291 12692.000 66509.000 0 0 56.000 40.000 2240.000 47.328 0 1 3 200 0 0
 1292 12763.000 65914.000 0 0 56.000 42.000 2352.000 48.497 0 1 3 200 0 0
 1293 14177.000 62537.000 0 0 54.000 42.000 2268.000 47.623 0 1 3 200 0 0
 1294 16467.000 57942.000 0 0 56.000 44.000 2464.000 49.638 0 1 3 200 0 0
 1295 16657.000 57681.000 0 0 56.000 44.000 2464.000 49.638 0 1 3 200 0 0
 1296 18966.000 53241.000 0 0 54.000 46.000 2484.000 49.839 0 1 3 200 0 0
 1297 19039.000 53143.000 0 0 56.000 46.000 2576.000 50.754 0 1 3 200 0 0
 1298 19189.000 52930.000 0 0 56.000 46.000 2576.000 50.754 0 1 3 200 0 0
 1299 19635.000 52192.000 0 0 56.000 46.000 2576.000 50.754 0 1 3 200 0 0
 1300 19831.000 51907.000 0 0 56.000 46.000 2576.000 50.754 0 1 3 200 0 0
 1301 20043.000 51652.000 0 0 56.000 46.000 2576.000 50.754 0 1 3 200 0 0
 1302 20130.000 51452.000 0 0 56.000 46.000 2576.000 50.754 0 1 3 200 0 0
 1303 21356.000 49451.000 0 0 56.000 48.000 2688.000 51.845 0 1 3 200 0 0
 1304 28821.000 39450.000 0 0 54.000 52.000 2808.000 52.990 0 1 3 200 0 0
 1305 29096.000 39048.000 0 0 52.000 52.000 2704.000 52.000 0 1 3 200 0 0
 1306 29392.000 38751.000 0 0 52.000 52.000 2704.000 52.000 0 1 3 200 0 0
 1307 30360.000 37678.000 0 0 54.000 50.000 2700.000 51.961 0 1 3 200 0 0
 1308 30714.000 37333.000 0 0 54.000 50.000 2700.000 51.961 0 1 3 200 0 0
 1309 30746.000 37174.000 0 0 54.000 50.000 2700.000 51.961 0 1 3 200 0 0
 1310 31790.000 36245.000 0 0 54.000 52.000 2808.000 52.990 0 1 5 200 0 0
 1311 32636.000 35353.000 0 0 54.000 52.000 2808.000 52.990 0 1 3 200 0 0
 1312 33744.000 33894.000 0 0 52.000 52.000 2704.000 52.000 0 1 3 200 0 0
 1313 41754.000 26937.000 0 0 50.000 54.000 2700.000 51.961 0 1 3 200 0 0
 1314 41935.000 26623.000 0 0 50.000 54.000 2700.000 51.961 0 1 3 200 0 0
 1315 42288.000 26556.000 0 0 50.000 54.000 2700.000 51.961 0 1 3 200 0 0
 1316 43308.000 25741.000 0 0 50.000 54.000 2700.000 51.961 0 1 3 200 0 0
 1317 45519.000 24080.000 0 0 48.000 54.000 2592.000 50.911 0 1 3 200 0 0
 1318 47005.000 22944.000 0 0 48.000 54.000 2592.000 50.911 0 1 3 200 0 0
 1319 140966.000 184685.000 0 0 0.000 0.000 0.000 0.130 0 1 0 0 0 0
 1320 12110.000 67325.000 0 0 56.000 40.000 2240.000 47.328 0 1 3 200 0 0
 1321 12305.000 66957.000 0 0 56.000 40.000 2240.000 47.328 0 1 3 200 0 0
 1322 12345.000 66842.000 0 0 56.000 40.000 2240.000 47.328 0 1 3 200 0 0
 1323 12602.000 66122.000 0 0 56.000 42.000 2352.000 48.497 0 1 3 200 0 0
 1324 12716.000 66051.000 0 0 56.000 42.000 2352.000 48.497 0 1 3 200 0 0
 1325 12910.000 65494.000 0 0 56.000 42.000 2352.000 48.497 0 1 3 200 0 0
 1326 14525.000 61673.000 0 0 54.000 42.000 2268.000 47.623 0 1 3 200 0 0
 1327 16902.000 56467.000 0 0 56.000 44.000 2464.000 49.638 0 1 3 200 0 0
 1328 18071.000 54351.000 0 0 54.000 46.000 2484.000 49.839 0 1 3 200 0 0
 1329 18144.000 54190.000 0 0 54.000 46.000 2484.000 49.839 0 1 3 200 0 0
 1330 20597.000 50406.000 0 0 56.000 48.000 2688.000 51.845 0 1 3 200 0 0
 1331 28906.000 39067.000 0 0 52.000 52.000 2704.000 52.000 0 1 3 200 0 0
 1332 31488.000 36201.000 0 0 54.000 52.000 2808.000 52.990 0 1 5 200 0 0
 1333 34526.000 33125.000 0 0 52.000 52.000 2704.000 52.000 0 1 3 200 0 0
 1334 34634.000 32984.000 0 0 52.000 52.000 2704.000 52.000 0 1 3 200 0 0
 1335 37021.000 30717.000 0 0 50.000 54.000 2700.000 51.961 0 1 3 200 0 0
 1336 38668.000 29255.000 0 0 52.000 52.000 2704.000 52.000 0 1 3 200 0 0
 1337 42252.000 26358.000 0 0 50.000 54.000 2700.000 51.961 0 1 3 200 0 0
 1338 42368.000 26315.000 0 0 50.000 54.000 2700.000 51.961 0 1 3 200 0 0
 1339 46330.000 23321.000 0 0 48.000 54.000 2592.000 50.911 0 1 3 200 0 0
 1340 47326.000 22635.000 0 0 48.000 54.000 2592.000 50.911 0 1 3 200 0 0
 1341 10033.000 72897.000 0 0 54.000 38.000 2052.000 45.299 0 1 16 200 0 0
 1342 10046.000 72698.000 0 0 54.000 38.000 2052.000 45.299 0 1 16 200 0 0
 1343 10530.000 71475.000 0 0 54.000 38.000 2052.000 45.299 0 1 16 200 0 0
 1344 12302.000 66705.000 0 0 56.000 40.000 2240.000 47.328 0 1 3 200 0 0
 1345 12323.000 66361.000 0 0 56.000 40.000 2240.000 47.328 0 1 3 200 0 0
 1346 12578.000 65778.000 0 0 56.000 42.000 2352.000 48.497 0 1 3 200 0 0
 1347 12990.000 64579.000 0 0 0.000 0.000 0.000 0.123 0 1 0 0 0 0
 1348 13644.000 63226.000 0 0 55.000 42.000 2310.000 48.062 0 1 3 200 0 0
 1349 13888.000 62691.000 0 0 54.000 42.000 2268.000 47.623 0 1 3 200 0 0
 1350 15368.000 59455.000 0 0 56.000 42.000 2352.000 48.497 0 1 3 200 0 0
 1351 16637.000 56903.000 0 0 56.000 44.000 2464.000 49.638 0 1 3 200 0 0
 1352 16669.000 56792.000 0 0 56.000 44.000 2464.000 49.638 0 1 3 200 0 0
 1353 16712.000 56724.000 0 0 56.000 44.000 2464.000 49.638 0 1 3 200 0 0
 1354 16757.000 56701.000 0 0 56.000 44.000 2464.000 49.638 0 1 3 200 0 0
 1355 16817.000 56591.000 0 0 56.000 44.000 2464.000 49.638 0 1 3 200 0 0
 1356 17026.000 55854.000 0 0 56.000 44.000 2464.000 49.638 0 1 3 200 0 0
 1357 17201.000 55789.000 0 0 56.000 44.000 2464.000 49.638 0 1 3 200 0 0
 1358 17179.000 55624.000 0 0 56.000 44.000 2464.000 49.638 0 1 3 200 0 0
 1359 17273.000 55552.000 0 0 56.000 44.000 2464.000 49.638 0 1 3 200 0 0
 1360 17450.000 55037.000 0 0 54.000 44.000 2376.000 48.744 0 1 3 200 0 0
 1361 17697.000 54844.000 0 0 54.000 46.000 2484.000 49.839 0 1 3 200 0 0
 1362 18004.000 54458.000 0 0 54.000 46.000 2484.000 49.839 0 1 3 200 0 0
 1363 30867.000 36596.000 0 0 54.000 50.000 2700.000 51.961 0 1 3 200 0 0
 1364 33017.000 34338.000 0 0 52.000 52.000 2704.000 52.000 0 1 3 200 0 0
 1365 33740.000 33506.000 0 0 52.000 52.000 2704.000 52.000 0 1 3 200 0 0
 1366 34146.000 33000.000 0 0 52.000 52.000 2704.000 52.000 0 1 3 200 0 0
 1367 35562.000 31905.000 0 0 52.000 54.000 2808.000 52.990 0 1 3 200 0 0
 1368 36880.000 30400.000 0 0 50.000 54.000 2700.000 51.961 0 1 3 200 0 0
 1369 39104.000 28676.000 0 0 52.000 54.000 2808.000 52.990 0 1 3 200 0 0
 1370 39304.000 28495.000 0 0 52.000 54.000 2808.000 52.990 0 1 3 200 0 0
 1371 39437.000 28422.000 0 0 52.000 54.000 2808.000 52.990 0 1 3 200 0 0
 1372 39501.000 28352.000 0 0 52.000 54.000 2808.000 52.990 0 1 3 200 0 0
 1373 42688.000 25752.000 0 0 50.000 54.000 2700.000 51.961 0 1 3 200 0 0
 1374 42760.000 25543.000 0 0 50.000 54.000 2700.000 51.961 0 1 3 200 0 0
 1375 43356.000 26119.000 0 0 50.000 54.000 2700.000 51.961 0 1 3 200 0 0
 1376 47000.000 22668.000 0 0 48.000 54.000 2592.000 50.911 0 1 3 200 0 0
 1377 149188.000 180496.000 0 0 0.000 0.000 0.000 0.124 0 1 0 0 0 0
 1378 10018.000 72601.000 0 0 54.000 38.000 2052.000 45.299 0 1 16 200 0 0
 1379 10047.000 72557.000 0 0 54.000 38.000 2052.000 45.299 0 1 16 200 0 0
 1380 10087.000 72413.000 0 0 54.000 38.000 2052.000 45.299 0 1 16 200 0 0
 1381 12021.000 66399.000 0 0 56.000 40.000 2240.000 47.328 0 1 3 200 0 0
 1382 12833.000 64846.000 0 0 0.000 0.000 0.000 0.120 0 1 0 0 0 0
 1383 13577.000 62903.000 0 0 54.000 42.000 2268.000 47.623 0 1 3 200 0 0
 1384 16963.000 55985.000 0 0 56.000 44.000 2464.000 49.638 0 1 3 200 0 0
 1385 17303.000 55373.000 0 0 55.000 44.000 2420.000 49.193 0 1 3 200 0 0
 1386 17468.000 55006.000 0 0 54.000 44.000 2376.000 48.744 0 1 3 200 0 0
 1387 18199.000 53812.000 0 0 54.000 46.000 2484.000 49.839 0 1 3 200 0 0
 1388 28769.000 38747.000 0 0 52.000 52.000 2704.000 52.000 0 1 3 200 0 0
 1389 28838.000 38461.000 0 0 52.000 52.000 2704.000 52.000 0 1 3 200 0 0
 1390 28966.000 38447.000 0 0 52.000 52.000 2704.000 52.000 0 1 3 200 0 0
 1391 29399.000 38021.000 0 0 52.000 52.000 2704.000 52.000 0 1 3 200 0 0
 1392 29641.000 37730.000 0 0 52.000 50.000 2600.000 50.990 0 1 3 200 0 0
 1393 30032.000 37037.000 0 0 54.000 50.000 2700.000 51.961 0 1 3 200 0 0
 1394 30340.000 36939.000 0 0 54.000 50.000 2700.000 51.961 0 1 3 200 0 0
 1395 31353.000 35767.000 0 0 54.000 52.000 2808.000 52.990 0 1 5 200 0 0
 1396 31442.000 35752.000 0 0 54.000 52.000 2808.000 52.990 0 1 5 200 0 0
 1397 31504.000 35643.000 0 0 54.000 52.000 2808.000 52.990 0 1 5 200 0 0
 1398 31584.000 35575.000 0 0 54.000 52.000 2808.000 52.990 0 1 5 200 0 0
 1399 33047.000 33861.000 0 0 52.000 52.000 2704.000 52.000 0 1 3 200 0 0
 1400 35395.000 31806.000 0 0 52.000 54.000 2808.000 52.990 0 1 3 200 0 0
 1401 35534.000 31611.000 0 0 52.000 54.000 2808.000 52.990 0 1 3 200 0 0
 1402 37179.000 30099.000 0 0 50.000 54.000 2700.000 51.961 0 1 3 200 0 0
 1403 39928.000 27772.000 0 0 50.000 54.000 2700.000 51.961 0 1 3 200 0 0
 1404 42557.000 25707.000 0 0 50.000 54.000 2700.000 51.961 0 1 3 200 0 0
 1405 42867.000 25459.000 0 0 50.000 54.000 2700.000 51.961 0 1 3 200 0 0
 1406 42950.000 25360.000 0 0 50.000 54.000 2700.000 51.961 0 1 3 200 0 0
 1407 43029.000 25315.000 0 0 50.000 54.000 2700.000 51.961 0 1 3 200 0 0
 1408 44013.000 24581.000 0 0 48.000 56.000 2688.000 51.845 0 1 3 200 0 0
 1409 44659.000 24142.000 0 0 48.000 56.000 2688.000 51.845 0 1 3 200 0 0
 1410 44872.000 23936.000 0 0 48.000 56.000 2688.000 51.845 0 1 3 200 0 0
 1411 45519.000 23359.000 0 0 48.000 54.000 2592.000 50.911 0 1 3 200 0 0
 1412 9502.000 73224.000 0 0 54.000 38.000 2052.000 45.299 0 1 16 200 0 0
 1413 9613.000 73110.000 0 0 54.000 38.000 2052.000 45.299 0 1 16 200 0 0
 1414 11496.000 67656.000 0 0 56.000 40.000 2240.000 47.328 0 1 3 200 0 0
 1415 12232.000 65807.000 0 0 56.000 42.000 2352.000 48.497 0 1 3 200 0 0
 1416 12195.000 65491.000 0 0 56.000 42.000 2352.000 48.497 0 1 3 200 0 0
 1417 12401.000 65408.000 0 0 56.000 42.000 2352.000 48.497 0 1 3 200 0 0
 1418 12437.000 65305.000 0 0 56.000 42.000 2352.000 48.497 0 1 3 200 0 0
 1419 12680.000 64857.000 0 0 0.000 0.000 0.000 0.123 0 1 0 0 0 0
 1420 12934.000 63676.000 0 0 56.000 42.000 2352.000 48.497 0 1 3 200 0 0
 1421 13128.000 63640.000 0 0 56.000 42.000 2352.000 48.497 0 1 3 200 0 0
 1422 13238.000 63378.000 0 0 56.000 42.000 2352.000 48.497 0 1 3 200 0 0
 1423 30127.000 36849.000 0 0 54.000 50.000 2700.000 51.961 0 1 3 200 0 0
 1424 30958.000 35954.000 0 0 54.000 52.000 2808.000 52.990 0 1 5 200 0 0
 1425 31064.000 35898.000 0 0 54.000 52.000 2808.000 52.990 0 1 5 200 0 0
 1426 31207.000 35760.000 0 0 54.000 52.000 2808.000 52.990 0 1 5 200 0 0
 1427 32669.000 34256.000 0 0 52.000 52.000 2704.000 52.000 0 1 3 200 0 0
 1428 34078.000 32626.000 0 0 52.000 52.000 2704.000 52.000 0 1 3 200 0 0
 1429 37836.000 29307.000 0 0 52.000 52.000 2704.000 52.000 0 1 3 200 0 0
 1430 38164.000 29009.000 0 0 52.000 52.000 2704.000 52.000 0 1 3 200 0 0
 1431 40675.000 26953.000 0 0 50.000 54.000 2700.000 51.961 0 1 3 200 0 0
 1432 40888.000 26735.000 0 0 50.000 54.000 2700.000 51.961 0 1 3 200 0 0
 1433 42134.000 25802.000 0 0 50.000 54.000 2700.000 51.961 0 1 3 200 0 0
 1434 44946.000 23752.000 0 0 48.000 56.000 2688.000 51.845 0 1 3 200 0 0
 1435 9454.000 73260.000 0 0 54.000 38.000 2052.000 45.299 0 1 16 200 0 0
 1436 10445.000 70115.000 0 0 0.000 0.000 0.000 0.121 0 1 0 0 0 0
 1437 11175.000 68174.000 0 0 56.000 40.000 2240.000 47.328 0 1 3 200 0 0
 1438 11184.000 68100.000 0 0 56.000 40.000 2240.000 47.328 0 1 3 200 0 0
 1439 11592.000 67199.000 0 0 56.000 40.000 2240.000 47.328 0 1 3 200 0 0
 1440 11924.000 66013.000 0 0 56.000 41.000 2296.000 47.916 0 1 3 200 0 0
 1441 29342.000 37573.000 0 0 52.000 50.000 2600.000 50.990 0 1 3 200 0 0
 1442 29350.000 37320.000 0 0 52.000 50.000 2600.000 50.990 0 1 3 200 0 0
 1443 29732.000 37059.000 0 0 54.000 50.000 2700.000 51.961 0 1 3 200 0 0
 1444 35090.000 31661.000 0 0 52.000 54.000 2808.000 52.990 0 1 3 200 0 0
 1445 36866.000 29981.000 0 0 50.000 54.000 2700.000 51.961 0 1 3 200 0 0
 1446 37035.000 29857.000 0 0 50.000 54.000 2700.000 51.961 0 1 3 200 0 0
 1447 37079.000 29599.000 0 0 50.000 52.000 2600.000 50.990 0 1 3 200 0 0
 1448 37316.000 29567.000 0 0 50.000 52.000 2600.000 50.990 0 1 3 200 0 0
 1449 38235.000 28767.000 0 0 52.000 52.000 2704.000 52.000 0 1 3 200 0 0
 1450 39766.000 27393.000 0 0 50.000 54.000 2700.000 51.961 0 1 3 200 0 0
 1451 40487.000 26900.000 0 0 50.000 54.000 2700.000 51.961 0 1 3 200 0 0
 1452 40866.000 26569.000 0 0 50.000 54.000 2700.000 51.961 0 1 3 200 0 0
 1453 40978.000 26267.000 0 0 50.000 54.000 2700.000 51.961 0 1 3 200 0 0
 1454 43283.000 24713.000 0 0 50.000 54.000 2700.000 51.961 0 1 3 200 0 0
 1455 43326.000 24679.000 0 0 50.000 54.000 2700.000 51.961 0 1 3 200 0 0
 1456 43820.000 24305.000 0 0 48.000 56.000 2688.000 51.845 0 1 3 200 0 0
 1457 44072.000 24142.000 0 0 48.000 56.000 2688.000 51.845 0 1 3 200 0 0
 1458 44146.000 23837.000 0 0 48.000 56.000 2688.000 51.845 0 1 3 200 0 0
 1459 45912.000 22815.000 0 0 48.000 54.000 2592.000 50.911 0 1 3 200 0 0
 1460 46101.000 22715.000 0 0 48.000 54.000 2592.000 50.911 0 1 3 200 0 0
 1461 46585.000 22308.000 0 0 48.000 54.000 2592.000 50.911 0 1 3 200 0 0
 1462 46685.000 22278.000 0 0 48.000 54.000 2592.000 50.911 0 1 3 200 0 0
 1463 46698.000 22232.000 0 0 48.000 54.000 2592.000 50.911 0 1 3 200 0 0
 1464 9348.000 73404.000 0 0 54.000 38.000 2052.000 45.299 0 1 16 200 0 0
 1465 9381.000 73074.000 0 0 54.000 38.000 2052.000 45.299 0 1 16 200 0 0
 1466 9718.000 71615.000 0 0 54.000 38.000 2052.000 45.299 0 1 16 200 0 0
 1467 9732.000 71572.000 0 0 54.000 38.000 2052.000 45.299 0 1 16 200 0 0
 1468 11720.000 66114.000 0 0 56.000 40.000 2240.000 47.328 0 1 3 200 0 0
 1469 11781.000 66001.000 0 0 56.000 40.000 2240.000 47.328 0 1 3 200 0 0
 1470 12007.000 65334.000 0 0 56.000 42.000 2352.000 48.497 0 1 3 200 0 0
 1471 11983.000 65246.000 0 0 56.000 42.000 2352.000 48.497 0 1 3 200 0 0
 1472 29287.000 37386.000 0 0 52.000 50.000 2600.000 50.990 0 1 3 200 0 0
 1473 29378.000 37217.000 0 0 52.000 50.000 2600.000 50.990 0 1 3 200 0 0
 1474 29470.000 37087.000 0 0 52.000 50.000 2600.000 50.990 0 1 3 200 0 0
 1475 29605.000 37048.000 0 0 52.000 50.000 2600.000 50.990 0 1 3 200 0 0
 1476 29855.000 36828.000 0 0 54.000 50.000 2700.000 51.961 0 1 3 200 0 0
 1477 31567.000 34640.000 0 0 54.000 52.000 2808.000 52.990 0 1 3 200 0 0
 1478 32201.000 34197.000 0 0 52.000 52.000 2704.000 52.000 0 1 3 200 0 0
 1479 32530.000 33891.000 0 0 52.000 52.000 2704.000 52.000 0 1 3 200 0 0
 1480 32814.000 33663.000 0 0 52.000 52.000 2704.000 52.000 0 1 3 200 0 0
 1481 35842.000 30680.000 0 0 50.000 54.000 2700.000 51.961 0 1 3 200 0 0
 1482 36500.000 30184.000 0 0 50.000 54.000 2700.000 51.961 0 1 3 200 0 0
 1483 37548.000 29138.000 0 0 52.000 52.000 2704.000 52.000 0 1 3 200 0 0
 1484 38518.000 28303.000 0 0 52.000 52.000 2704.000 52.000 0 1 3 200 0 0
 1485 40111.000 26890.000 0 0 50.000 54.000 2700.000 51.961 0 1 3 200 0 0
 1486 41144.000 26220.000 0 0 50.000 54.000 2700.000 51.961 0 1 3 200 0 0
 1487 41340.000 26037.000 0 0 50.000 54.000 2700.000 51.961 0 1 3 200 0 0
 1488 43765.000 24094.000 0 0 48.000 56.000 2688.000 51.845 0 1 3 200 0 0
 1489 44019.000 23911.000 0 0 48.000 56.000 2688.000 51.845 0 1 3 200 0 0
 1490 44629.000 23490.000 0 0 48.000 56.000 2688.000 51.845 0 1 3 200 0 0
 1491 45968.000 22381.000 0 0 48.000 54.000 2592.000 50.911 0 1 3 200 0 0
 1492 46305.000 22213.000 0 0 48.000 54.000 2592.000 50.911 0 1 3 200 0 0
 1493 46893.000 21891.000 0 0 48.000 54.000 2592.000 50.911 0 1 3 200 0 0
 1494 9136.000 73521.000 0 0 56.000 36.000 2016.000 44.899 0 1 16 200 0 0
 1495 8919.000 73353.000 0 0 54.000 38.000 2052.000 45.299 0 1 16 200 0 0
 1496 9410.000 72327.000 0 0 54.000 38.000 2052.000 45.299 0 1 16 200 0 0
 1497 10674.000 68756.000 0 0 54.000 40.000 2160.000 46.475 0 1 3 200 0 0
 1498 28029.000 38553.000 0 0 54.000 52.000 2808.000 52.990 0 1 3 200 0 0
 1499 32969.000 33176.000 0 0 52.000 52.000 2704.000 52.000 0 1 3 200 0 0
 1500 33976.000 32203.000 0 0 52.000 52.000 2704.000 52.000 0 1 3 200 0 0
 1501 34532.000 31692.000 0 0 52.000 54.000 2808.000 52.990 0 1 3 200 0 0
 1502 41789.000 25224.000 0 0 50.000 54.000 2700.000 51.961 0 1 3 200 0 0
 1503 43819.000 23974.000 0 0 48.000 56.000 2688.000 51.845 0 1 3 200 0 0
 1504 44649.000 23230.000 0 0 48.000 56.000 2688.000 51.845 0 1 3 200 0 0
 1505 8669.000 73646.000 0 0 56.000 36.000 2016.000 44.899 0 1 16 200 0 0
 1506 8920.000 73196.000 0 0 54.000 38.000 2052.000 45.299 0 1 16 200 0 0
 1507 9224.000 71951.000 0 0 54.000 38.000 2052.000 45.299 0 1 16 200 0 0
 1508 11987.000 64513.000 0 0 56.000 42.000 2352.000 48.497 0 1 3 200 0 0
 1509 29838.000 35990.000 0 0 54.000 50.000 2700.000 51.961 0 1 3 200 0 0
 1510 30350.000 35413.000 0 0 54.000 50.000 2700.000 51.961 0 1 3 200 0 0
 1511 32752.000 33138.000 0 0 52.000 52.000 2704.000 52.000 0 1 3 200 0 0
 1512 38043.000 28272.000 0 0 52.000 52.000 2704.000 52.000 0 1 3 200 0 0
 1513 40196.000 26476.000 0 0 50.000 54.000 2700.000 51.961 0 1 3 200 0 0
 1514 40824.000 26058.000 0 0 50.000 54.000 2700.000 51.961 0 1 3 200 0 0
 1515 41048.000 25845.000 0 0 50.000 54.000 2700.000 51.961 0 1 3 200 0 0
 1516 41902.000 25133.000 0 0 50.000 54.000 2700.000 51.961 0 1 3 200 0 0
 1517 42009.000 25018.000 0 0 50.000 54.000 2700.000 51.961 0 1 3 200 0 0
 1518 44041.000 23516.000 0 0 48.000 56.000 2688.000 51.845 0 1 3 200 0 0
 1519 141709.000 185663.000 0 0 0.000 0.000 0.000 0.133 0 1 0 0 0 0
 1520 9042.000 72372.000 0 0 54.000 38.000 2052.000 45.299 0 1 16 200 0 0
 1521 9905.000 69206.000 0 0 0.000 0.000 0.000 0.125 0 1 0 0 0 0
 1522 11315.000 65908.000 0 0 56.000 40.000 2240.000 47.328 0 1 3 200 0 0
 1523 11691.000 64841.000 0 0 56.000 42.000 2352.000 48.497 0 1 3 200 0 0
 1524 14261.000 58967.000 0 0 56.000 42.000 2352.000 48.497 0 1 11 200 0 0
 1525 14804.000 57876.000 0 0 0.000 0.000 0.000 0.129 0 1 0 0 0 0
 1526 25626.000 40878.000 0 0 0.000 0.000 0.000 0.120 0 1 0 0 0 0
 1527 29340.000 36498.000 0 0 54.000 50.000 2700.000 51.961 0 1 3 200 0 0
 1528 30939.000 34865.000 0 0 54.000 52.000 2808.000 52.990 0 1 3 200 0 0
 1529 31134.000 34546.000 0 0 54.000 52.000 2808.000 52.990 0 1 3 200 0 0
 1530 31446.000 34125.000 0 0 54.000 52.000 2808.000 52.990 0 1 3 200 0 0
 1531 31608.000 34047.000 0 0 52.000 52.000 2704.000 52.000 0 1 3 200 0 0
 1532 35855.000 29750.000 0 0 50.000 54.000 2700.000 51.961 0 1 3 200 0 0
 1533 36672.000 29233.000 0 0 50.000 54.000 2700.000 51.961 0 1 3 200 0 0
 1534 37361.000 28565.000 0 0 52.000 52.000 2704.000 52.000 0 1 3 200 0 0
 1535 39590.000 26743.000 0 0 50.000 54.000 2700.000 51.961 0 1 3 200 0 0
 1536 39638.000 26715.000 0 0 50.000 54.000 2700.000 51.961 0 1 3 200 0 0
 1537 8776.000 72835.000 0 0 54.000 38.000 2052.000 45.299 0 1 16 200 0 0
 1538 10558.000 67262.000 0 0 56.000 40.000 2240.000 47.328 0 1 3 200 0 0
 1539 11255.000 65503.000 0 0 56.000 42.000 2352.000 48.497 0 1 3 200 0 0
 1540 11264.000 65428.000 0 0 56.000 42.000 2352.000 48.497 0 1 3 200 0 0
 1541 11360.000 65244.000 0 0 56.000 42.000 2352.000 48.497 0 1 3 200 0 0
 1542 11432.000 65140.000 0 0 56.000 42.000 2352.000 48.497 0 1 3 200 0 0
 1543 11466.000 65075.000 0 0 56.000 42.000 2352.000 48.497 0 1 3 200 0 0
 1544 11944.000 63791.000 0 0 56.000 42.000 2352.000 48.497 0 1 3 200 0 0
 1545 14347.000 58395.000 0 0 56.000 42.000 2352.000 48.497 0 1 11 200 0 0
 1546 18086.000 51474.000 0 0 56.000 46.000 2576.000 50.754 0 1 9 210 0 0
 1547 18092.000 51380.000 0 0 56.000 46.000 2576.000 50.754 0 1 9 210 0 0
 1548 30027.000 35555.000 0 0 54.000 50.000 2700.000 51.961 0 1 3 200 0 0
 1549 30332.000 35203.000 0 0 54.000 52.000 2808.000 52.990 0 1 3 200 0 0
 1550 30417.000 35138.000 0 0 54.000 52.000 2808.000 52.990 0 1 3 200 0 0
 1551 30534.000 34721.000 0 0 54.000 52.000 2808.000 52.990 0 1 3 200 0 0
 1552 46860.000 22135.000 0 0 48.000 54.000 2592.000 50.911 0 1 3 200 0 0
 1553 32133.000 33180.000 0 0 52.000 52.000 2704.000 52.000 0 1 3 200 0 0
 1554 32388.000 33001.000 0 0 52.000 52.000 2704.000 52.000 0 1 3 200 0 0
 1555 35143.000 30373.000 0 0 52.000 54.000 2808.000 52.990 0 1 3 200 0 0
 1556 35381.000 30133.000 0 0 50.000 54.000 2700.000 51.961 0 1 3 200 0 0
 1557 36256.000 29383.000 0 0 50.000 54.000 2700.000 51.961 0 1 3 200 0 0
 1558 36333.000 29332.000 0 0 50.000 54.000 2700.000 51.961 0 1 3 200 0 0
 1559 36424.000 29222.000 0 0 50.000 54.000 2700.000 51.961 0 1 3 200 0 0
 1560 36837.000 28792.000 0 0 50.000 52.000 2600.000 50.990 0 1 3 200 0 0
 1561 38070.000 27738.000 0 0 52.000 52.000 2704.000 52.000 0 1 3 200 0 0
 1562 39075.000 27000.000 0 0 52.000 54.000 2808.000 52.990 0 1 3 200 0 0
 1563 39119.000 26717.000 0 0 50.000 54.000 2700.000 51.961 0 1 3 200 0 0
 1564 39259.000 26671.000 0 0 50.000 54.000 2700.000 51.961 0 1 3 200 0 0
 1565 39767.000 26180.000 0 0 50.000 54.000 2700.000 51.961 0 1 3 200 0 0
 1566 39914.000 26215.000 0 0 50.000 54.000 2700.000 51.961 0 1 3 200 0 0
 1567 43002.000 23806.000 0 0 48.000 56.000 2688.000 51.845 0 1 3 200 0 0
 1568 43220.000 23487.000 0 0 48.000 56.000 2688.000 51.845 0 1 3 200 0 0
 1569 45139.000 22292.000 0 0 48.000 54.000 2592.000 50.911 0 1 3 200 0 0
 1570 177747.000 155589.000 0 0 0.000 0.000 0.000 0.127 0 1 0 0 0 0
 1571 176401.000 157622.000 0 0 0.000 0.000 0.000 0.126 0 1 0 0 0 0
 1572 8245.000 73812.000 0 0 56.000 36.000 2016.000 44.899 0 1 16 200 0 0
 1573 8281.000 73561.000 0 0 56.000 36.000 2016.000 44.899 0 1 16 200 0 0
 1574 8376.000 72897.000 0 0 54.000 38.000 2052.000 45.299 0 1 16 200 0 0
 1575 8520.000 72638.000 0 0 54.000 38.000 2052.000 45.299 0 1 16 200 0 0
 1576 8693.000 72437.000 0 0 54.000 38.000 2052.000 45.299 0 1 16 200 0 0
 1577 8813.000 72182.000 0 0 54.000 38.000 2052.000 45.299 0 1 16 200 0 0
 1578 10681.000 66423.000 0 0 56.000 40.000 2240.000 47.328 0 1 3 200 0 0
 1579 10886.000 65988.000 0 0 56.000 40.000 2240.000 47.328 0 1 3 200 0 0
 1580 11062.000 65746.000 0 0 56.000 40.000 2240.000 47.328 0 1 3 200 0 0
 1581 19190.000 49393.000 0 0 0.000 0.000 0.000 0.123 0 1 0 0 0 0
 1582 24668.000 41607.000 0 0 54.000 50.000 2700.000 51.961 0 1 8 210 0 0
 1583 26061.000 39814.000 0 0 54.000 50.000 2700.000 51.961 0 1 3 200 0 0
 1584 26108.000 39770.000 0 0 54.000 50.000 2700.000 51.961 0 1 3 200 0 0
 1585 26144.000 39728.000 0 0 54.000 50.000 2700.000 51.961 0 1 3 200 0 0
 1586 27762.000 37794.000 0 0 52.000 52.000 2704.000 52.000 0 1 3 200 0 0
 1587 27967.000 37534.000 0 0 52.000 52.000 2704.000 52.000 0 1 3 200 0 0
 1588 29521.000 35859.000 0 0 54.000 50.000 2700.000 51.961 0 1 3 200 0 0
 1589 29622.000 35784.000 0 0 54.000 50.000 2700.000 51.961 0 1 3 200 0 0
 1590 30384.000 34870.000 0 0 54.000 52.000 2808.000 52.990 0 1 3 200 0 0
 1591 30467.000 34803.000 0 0 54.000 52.000 2808.000 52.990 0 1 3 200 0 0
 1592 30716.000 34483.000 0 0 54.000 52.000 2808.000 52.990 0 1 3 200 0 0
 1593 31703.000 33270.000 0 0 52.000 52.000 2704.000 52.000 0 1 3 200 0 0
 1594 32087.000 33231.000 0 0 52.000 52.000 2704.000 52.000 0 1 3 200 0 0
 1595 33303.000 31785.000 0 0 52.000 52.000 2704.000 52.000 0 1 3 200 0 0
 1596 36118.000 28111.000 0 0 50.000 52.000 2600.000 50.990 0 1 3 200 0 0
 1597 38478.000 27007.000 0 0 52.000 54.000 2808.000 52.990 0 1 3 200 0 0
 1598 39480.000 26356.000 0 0 50.000 54.000 2700.000 51.961 0 1 3 200 0 0
 1599 41447.000 24800.000 0 0 50.000 54.000 2700.000 51.961 0 1 3 200 0 0
 1600 43378.000 23337.000 0 0 48.000 56.000 2688.000 51.845 0 1 3 200 0 0
 1601 45327.000 21771.000 0 0 48.000 54.000 2592.000 50.911 0 1 3 200 0 0
 1602 7938.000 74306.000 0 0 56.000 36.000 2016.000 44.899 0 1 16 200 0 0
 1603 8269.000 72984.000 0 0 54.000 38.000 2052.000 45.299 0 1 16 200 0 0
 1604 9222.000 70178.000 0 0 0.000 0.000 0.000 0.120 0 1 0 0 0 0
 1605 14659.000 57083.000 0 0 0.000 0.000 0.000 0.120 0 1 0 0 0 0
 1606 15917.000 54684.000 0 0 0.000 0.000 0.000 0.125 0 1 0 0 0 0
 1607 16358.000 53843.000 0 0 54.000 46.000 2484.000 49.839 0 1 10 200 0 0
 1608 16783.000 53014.000 0 0 54.000 46.000 2484.000 49.839 0 1 10 200 0 0
 1609 32309.000 32650.000 0 0 52.000 52.000 2704.000 52.000 0 1 3 200 0 0
 1610 32368.000 32567.000 0 0 52.000 52.000 2704.000 52.000 0 1 3 200 0 0
 1611 32469.000 32383.000 0 0 52.000 52.000 2704.000 52.000 0 1 3 200 0 0
 1612 32580.000 32162.000 0 0 52.000 52.000 2704.000 52.000 0 1 3 200 0 0
 1613 32600.000 32137.000 0 0 52.000 52.000 2704.000 52.000 0 1 3 200 0 0
 1614 32810.000 32102.000 0 0 52.000 52.000 2704.000 52.000 0 1 3 200 0 0
 1615 32948.000 31540.000 0 0 52.000 52.000 2704.000 52.000 0 1 3 200 0 0
 1616 33503.000 31491.000 0 0 52.000 52.000 2704.000 52.000 0 1 3 200 0 0
 1617 34245.000 30854.000 0 0 52.000 54.000 2808.000 52.990 0 1 3 200 0 0
 1618 34363.000 30680.000 0 0 52.000 54.000 2808.000 52.990 0 1 3 200 0 0
 1619 34594.000 30449.000 0 0 52.000 54.000 2808.000 52.990 0 1 3 200 0 0
 1620 34790.000 30263.000 0 0 52.000 54.000 2808.000 52.990 0 1 3 200 0 0
 1621 35391.000 29724.000 0 0 50.000 54.000 2700.000 51.961 0 1 3 200 0 0
 1622 37483.000 27883.000 0 0 52.000 52.000 2704.000 52.000 0 1 3 200 0 0
 1623 37887.000 27438.000 0 0 52.000 52.000 2704.000 52.000 0 1 3 200 0 0
 1624 38579.000 26942.000 0 0 52.000 54.000 2808.000 52.990 0 1 3 200 0 0
 1625 38666.000 26817.000 0 0 52.000 54.000 2808.000 52.990 0 1 3 200 0 0
 1626 38771.000 26771.000 0 0 52.000 54.000 2808.000 52.990 0 1 3 200 0 0
 1627 38755.000 26688.000 0 0 52.000 54.000 2808.000 52.990 0 1 3 200 0 0
 1628 43928.000 22731.000 0 0 48.000 56.000 2688.000 51.845 0 1 3 200 0 0
 1629 45749.000 21446.000 0 0 48.000 54.000 2592.000 50.911 0 1 3 200 0 0
 1630 46465.000 20949.000 0 0 48.000 54.000 2592.000 50.911 0 1 3 200 0 0
 1631 7767.000 74358.000 0 0 56.000 36.000 2016.000 44.899 0 1 16 200 0 0
 1632 7872.000 73476.000 0 0 56.000 36.000 2016.000 44.899 0 1 16 200 0 0
 1633 10254.000 66915.000 0 0 56.000 40.000 2240.000 47.328 0 1 3 200 0 0
 1634 13438.000 59076.000 0 0 56.000 42.000 2352.000 48.497 0 1 11 200 0 0
 1635 13477.000 59014.000 0 0 56.000 42.000 2352.000 48.497 0 1 11 200 0 0
 1636 17019.000 52239.000 0 0 54.000 46.000 2484.000 49.839 0 1 10 200 0 0
 1637 26452.000 38876.000 0 0 54.000 50.000 2700.000 51.961 0 1 3 200 0 0
 1638 26597.000 38656.000 0 0 54.000 52.000 2808.000 52.990 0 1 3 200 0 0
 1639 27284.000 37581.000 0 0 52.000 52.000 2704.000 52.000 0 1 3 200 0 0
 1640 27686.000 37149.000 0 0 52.000 52.000 2704.000 52.000 0 1 3 200 0 0
 1641 28637.000 36247.000 0 0 52.000 50.000 2600.000 50.990 0 1 3 200 0 0
 1642 30375.000 34445.000 0 0 54.000 52.000 2808.000 52.990 0 1 3 200 0 0
 1643 31080.000 33619.000 0 0 54.000 52.000 2808.000 52.990 0 1 3 200 0 0
 1644 31337.000 33227.000 0 0 52.000 52.000 2704.000 52.000 0 1 3 200 0 0
 1645 31861.000 32600.000 0 0 52.000 52.000 2704.000 52.000 0 1 3 200 0 0
 1646 33619.000 31128.000 0 0 52.000 53.000 2756.000 52.497 0 1 3 200 0 0
 1647 36188.000 28738.000 0 0 50.000 54.000 2700.000 51.961 0 1 3 200 0 0
 1648 37095.000 28045.000 0 0 52.000 52.000 2704.000 52.000 0 1 3 200 0 0
 1649 37659.000 27348.000 0 0 52.000 52.000 2704.000 52.000 0 1 3 200 0 0
 1650 37865.000 27277.000 0 0 52.000 54.000 2808.000 52.990 0 1 3 200 0 0
 1651 37904.000 27067.000 0 0 52.000 54.000 2808.000 52.990 0 1 3 200 0 0
 1652 38964.000 26155.000 0 0 50.000 54.000 2700.000 51.961 0 1 3 200 0 0
 1653 41275.000 24308.000 0 0 50.000 54.000 2700.000 51.961 0 1 3 200 0 0
 1654 41449.000 24352.000 0 0 50.000 54.000 2700.000 51.961 0 1 3 200 0 0
 1655 41664.000 24217.000 0 0 50.000 54.000 2700.000 51.961 0 1 3 200 0 0
 1656 41976.000 23958.000 0 0 50.000 54.000 2700.000 51.961 0 1 3 200 0 0
 1657 44764.000 21760.000 0 0 48.000 54.000 2592.000 50.911 0 1 3 200 0 0
 1658 45561.000 21399.000 0 0 48.000 54.000 2592.000 50.911 0 1 3 200 0 0
 1659 178242.000 155767.000 0 0 0.000 0.000 0.000 0.135 0 1 0 0 0 0
 1660 7452.000 74696.000 0 0 56.000 36.000 2016.000 44.899 0 1 16 200 0 0
 1661 7718.000 73723.000 0 0 56.000 36.000 2016.000 44.899 0 1 16 200 0 0
 1662 7755.000 73542.000 0 0 56.000 36.000 2016.000 44.899 0 1 16 200 0 0
 1663 8218.000 72293.000 0 0 54.000 38.000 2052.000 45.299 0 1 16 200 0 0
 1664 8674.000 70685.000 0 0 0.000 0.000 0.000 0.124 0 1 0 0 0 0
 1665 10453.000 65644.000 0 0 56.000 40.000 2240.000 47.328 0 1 3 200 0 0
 1666 10565.000 65440.000 0 0 56.000 42.000 2352.000 48.497 0 1 3 200 0 0
 1667 13787.000 58203.000 0 0 56.000 42.000 2352.000 48.497 0 1 11 200 0 0
 1668 15420.000 54785.000 0 0 0.000 0.000 0.000 0.123 0 1 0 0 0 0
 1669 16088.000 53329.000 0 0 54.000 46.000 2484.000 49.839 0 1 10 200 0 0
 1670 16943.000 52110.000 0 0 54.000 46.000 2484.000 49.839 0 1 10 200 0 0
 1671 17105.000 51848.000 0 0 56.000 46.000 2576.000 50.754 0 1 10 200 0 0
 1672 17770.000 50686.000 0 0 56.000 46.000 2576.000 50.754 0 1 9 210 0 0
 1673 17820.000 50625.000 0 0 56.000 46.000 2576.000 50.754 0 1 9 210 0 0
 1674 18241.000 49851.000 0 0 0.000 0.000 0.000 0.122 0 1 0 0 0 0
 1675 18282.000 49637.000 0 0 0.000 0.000 0.000 0.124 0 1 0 0 0 0
 1676 20514.000 46437.000 0 0 0.000 0.000 0.000 0.121 0 1 0 0 0 0
 1677 25624.000 39486.000 0 0 54.000 50.000 2700.000 51.961 0 1 3 200 0 0
 1678 26311.000 38692.000 0 0 54.000 50.000 2700.000 51.961 0 1 3 200 0 0
 1679 26605.000 38357.000 0 0 54.000 52.000 2808.000 52.990 0 1 3 200 0 0
 1680 26931.000 37957.000 0 0 54.000 52.000 2808.000 52.990 0 1 3 200 0 0
 1681 27531.000 37301.000 0 0 52.000 52.000 2704.000 52.000 0 1 3 200 0 0
 1682 28754.000 35907.000 0 0 54.000 50.000 2700.000 51.961 0 1 3 200 0 0
 1683 29577.000 35039.000 0 0 54.000 50.000 2700.000 51.961 0 1 3 200 0 0
 1684 32351.000 32068.000 0 0 52.000 52.000 2704.000 52.000 0 1 3 200 0 0
 1685 32756.000 31640.000 0 0 52.000 52.000 2704.000 52.000 0 1 3 200 0 0
 1686 35246.000 29334.000 0 0 50.000 54.000 2700.000 51.961 0 1 3 200 0 0
 1687 35489.000 29122.000 0 0 50.000 54.000 2700.000 51.961 0 1 3 200 0 0
 1688 38826.000 26240.000 0 0 50.000 54.000 2700.000 51.961 0 1 3 200 0 0
 1689 39435.000 25691.000 0 0 50.000 54.000 2700.000 51.961 0 1 3 200 0 0
 1690 41158.000 24374.000 0 0 50.000 54.000 2700.000 51.961 0 1 3 200 0 0
 1691 41727.000 24034.000 0 0 50.000 54.000 2700.000 51.961 0 1 3 200 0 0
 1692 41753.000 24008.000 0 0 50.000 54.000 2700.000 51.961 0 1 3 200 0 0
 1693 42488.000 23346.000 0 0 50.000 55.000 2750.000 52.440 0 1 3 200 0 0
 1694 42591.000 23277.000 0 0 48.000 56.000 2688.000 51.845 0 1 3 200 0 0
 1695 7020.000 75294.000 0 0 56.000 36.000 2016.000 44.899 0 1 16 200 0 0
 1696 7798.000 73003.000 0 0 54.000 38.000 2052.000 45.299 0 1 16 200 0 0
 1697 8161.000 71693.000 0 0 54.000 38.000 2052.000 45.299 0 1 16 200 0 0
 1698 8813.000 69571.000 0 0 0.000 0.000 0.000 0.121 0 1 0 0 0 0
 1699 13283.000 58409.000 0 0 56.000 42.000 2352.000 48.497 0 1 11 200 0 0
 1700 13592.000 58006.000 0 0 56.000 42.000 2352.000 48.497 0 1 11 200 0 0
 1701 24043.000 41237.000 0 0 54.000 50.000 2700.000 51.961 0 1 8 210 0 0
 1702 25864.000 39124.000 0 0 54.000 50.000 2700.000 51.961 0 1 3 200 0 0
 1703 25926.000 38977.000 0 0 54.000 50.000 2700.000 51.961 0 1 3 200 0 0
 1704 26515.000 38202.000 0 0 54.000 52.000 2808.000 52.990 0 1 3 200 0 0
 1705 27758.000 36772.000 0 0 52.000 52.000 2704.000 52.000 0 1 3 200 0 0
 1706 28062.000 36344.000 0 0 52.000 50.000 2600.000 50.990 0 1 3 200 0 0
 1707 28199.000 36282.000 0 0 52.000 50.000 2600.000 50.990 0 1 3 200 0 0
 1708 29779.000 34561.000 0 0 54.000 52.000 2808.000 52.990 0 1 3 200 0 0
 1709 30835.000 33549.000 0 0 54.000 52.000 2808.000 52.990 0 1 3 200 0 0
 1710 31867.000 32398.000 0 0 52.000 52.000 2704.000 52.000 0 1 3 200 0 0
 1711 32005.000 32211.000 0 0 52.000 52.000 2704.000 52.000 0 1 3 200 0 0
 1712 32024.000 32021.000 0 0 52.000 52.000 2704.000 52.000 0 1 3 200 0 0
 1713 32145.000 32044.000 0 0 52.000 52.000 2704.000 52.000 0 1 3 200 0 0
 1714 33132.000 31101.000 0 0 52.000 52.000 2704.000 52.000 0 1 3 200 0 0
 1715 33432.000 30802.000 0 0 52.000 54.000 2808.000 52.990 0 1 3 200 0 0
 1716 34331.000 29974.000 0 0 52.000 54.000 2808.000 52.990 0 1 3 200 0 0
 1717 34531.000 29816.000 0 0 52.000 54.000 2808.000 52.990 0 1 3 200 0 0
 1718 34563.000 29756.000 0 0 52.000 54.000 2808.000 52.990 0 1 3 200 0 0
 1719 35487.000 28929.000 0 0 50.000 54.000 2700.000 51.961 0 1 3 200 0 0
 1720 39260.000 25681.000 0 0 50.000 54.000 2700.000 51.961 0 1 3 200 0 0
 1721 40644.000 24358.000 0 0 50.000 54.000 2700.000 51.961 0 1 3 200 0 0
 1722 42951.000 22804.000 0 0 48.000 56.000 2688.000 51.845 0 1 3 200 0 0
 1723 43450.000 22275.000 0 0 48.000 56.000 2688.000 51.845 0 1 3 200 0 0
 1724 45159.000 21191.000 0 0 48.000 54.000 2592.000 50.911 0 1 3 200 0 0
 1725 46311.000 20457.000 0 0 46.000 54.000 2484.000 49.839 0 1 3 200 0 0
 1726 9515.000 67157.000 0 0 56.000 40.000 2240.000 47.328 0 1 3 200 0 0
 1727 9601.000 66933.000 0 0 56.000 40.000 2240.000 47.328 0 1 3 200 0 0
 1728 15379.000 54234.000 0 0 0.000 0.000 0.000 0.128 0 1 0 0 0 0
 1729 15804.000 53393.000 0 0 54.000 46.000 2484.000 49.839 0 1 10 200 0 0
 1730 16892.000 51542.000 0 0 56.000 46.000 2576.000 50.754 0 1 10 200 0 0
 1731 16930.000 51473.000 0 0 56.000 46.000 2576.000 50.754 0 1 10 200 0 0
 1732 24004.000 41025.000 0 0 54.000 50.000 2700.000 51.961 0 1 8 210 0 0
 1733 25226.000 39215.000 0 0 54.000 50.000 2700.000 51.961 0 1 3 200 0 0
 1734 26979.000 37470.000 0 0 52.000 52.000 2704.000 52.000 0 1 3 200 0 0
 1735 27289.000 37049.000 0 0 52.000 52.000 2704.000 52.000 0 1 3 200 0 0
 1736 27481.000 36903.000 0 0 52.000 52.000 2704.000 52.000 0 1 3 200 0 0
 1737 27622.000 36775.000 0 0 52.000 52.000 2704.000 52.000 0 1 3 200 0 0
 1738 27684.000 36356.000 0 0 52.000 52.000 2704.000 52.000 0 1 3 200 0 0
 1739 28322.000 35884.000 0 0 54.000 50.000 2700.000 51.961 0 1 3 200 0 0
 1740 28808.000 35341.000 0 0 54.000 50.000 2700.000 51.961 0 1 3 200 0 0
 1741 30754.000 33143.000 0 0 52.000 52.000 2704.000 52.000 0 1 3 200 0 0
 1742 33537.000 30336.000 0 0 52.000 54.000 2808.000 52.990 0 1 3 200 0 0
 1743 33806.000 30042.000 0 0 52.000 54.000 2808.000 52.990 0 1 3 200 0 0
 1744 37085.000 27301.000 0 0 52.000 52.000 2704.000 52.000 0 1 3 200 0 0
 1745 41235.000 23832.000 0 0 50.000 54.000 2700.000 51.961 0 1 3 200 0 0
 1746 40622.000 25030.000 0 0 50.000 54.000 2700.000 51.961 0 1 3 200 0 0
 1747 42962.000 22633.000 0 0 48.000 56.000 2688.000 51.845 0 1 3 200 0 0
 1748 44550.000 21494.000 0 0 48.000 54.000 2592.000 50.911 0 1 3 200 0 0
 1749 6741.000 74860.000 0 0 56.000 36.000 2016.000 44.899 0 1 16 200 0 0
 1750 7350.000 73309.000 0 0 56.000 36.000 2016.000 44.899 0 1 16 200 0 0
 1751 11056.000 62726.000 0 0 56.000 42.000 2352.000 48.497 0 1 13 210 0 0
 1752 15792.000 53111.000 0 0 54.000 46.000 2484.000 49.839 0 1 10 200 0 0
 1753 15850.000 52762.000 0 0 54.000 46.000 2484.000 49.839 0 1 10 200 0 0
 1754 17396.000 50054.000 0 0 56.000 46.000 2576.000 50.754 0 1 9 210 0 0
 1755 18478.000 48612.000 0 0 0.000 0.000 0.000 0.121 0 1 0 0 0 0
 1756 20819.000 45057.000 0 0 0.000 0.000 0.000 0.124 0 1 0 0 0 0
 1757 24921.000 39546.000 0 0 54.000 50.000 2700.000 51.961 0 1 3 200 0 0
 1758 27944.000 36172.000 0 0 52.000 50.000 2600.000 50.990 0 1 3 200 0 0
 1759 28195.000 35889.000 0 0 52.000 50.000 2600.000 50.990 0 1 3 200 0 0
 1760 28578.000 35380.000 0 0 54.000 50.000 2700.000 51.961 0 1 3 200 0 0
 1761 31074.000 32693.000 0 0 52.000 52.000 2704.000 52.000 0 1 3 200 0 0
 1762 33600.000 30240.000 0 0 52.000 54.000 2808.000 52.990 0 1 3 200 0 0
 1763 35427.000 28470.000 0 0 50.000 54.000 2700.000 51.961 0 1 3 200 0 0
 1764 41606.000 23449.000 0 0 50.000 54.000 2700.000 51.961 0 1 3 200 0 0
 1765 45709.000 20260.000 0 0 48.000 54.000 2592.000 50.911 0 1 3 200 0 0
 1766 178871.000 156036.000 0 0 0.000 0.000 0.000 0.141 0 1 0 0 0 0
 1767 6591.000 75160.000 0 0 56.000 36.000 2016.000 44.899 0 1 16 200 0 0
 1768 7122.000 73480.000 0 0 56.000 36.000 2016.000 44.899 0 1 16 200 0 0
 1769 7295.000 72855.000 0 0 54.000 38.000 2052.000 45.299 0 1 16 200 0 0
 1770 15507.000 53313.000 0 0 54.000 46.000 2484.000 49.839 0 1 10 200 0 0
 1771 16158.000 52100.000 0 0 54.000 46.000 2484.000 49.839 0 1 10 200 0 0
 1772 17280.000 50282.000 0 0 56.000 46.000 2576.000 50.754 0 1 9 210 0 0
 1773 23792.000 40772.000 0 0 54.000 50.000 2700.000 51.961 0 1 8 210 0 0
 1774 25674.000 38432.000 0 0 54.000 50.000 2700.000 51.961 0 1 3 200 0 0
 1775 27034.000 36950.000 0 0 52.000 52.000 2704.000 52.000 0 1 3 200 0 0
 1776 27434.000 36357.000 0 0 52.000 52.000 2704.000 52.000 0 1 3 200 0 0
 1777 29193.000 34430.000 0 0 54.000 50.000 2700.000 51.961 0 1 3 200 0 0
 1778 29263.000 34356.000 0 0 54.000 52.000 2808.000 52.990 0 1 3 200 0 0
 1779 30197.000 33243.000 0 0 54.000 52.000 2808.000 52.990 0 1 3 200 0 0
 1780 30836.000 32641.000 0 0 52.000 52.000 2704.000 52.000 0 1 3 200 0 0
 1781 35156.000 28500.000 0 0 50.000 54.000 2700.000 51.961 0 1 3 200 0 0
 1782 37014.000 26744.000 0 0 52.000 52.000 2704.000 52.000 0 1 3 200 0 0
 1783 38203.000 25698.000 0 0 50.000 54.000 2700.000 51.961 0 1 3 200 0 0
 1784 39057.000 25189.000 0 0 50.000 54.000 2700.000 51.961 0 1 3 200 0 0
 1785 39857.000 24653.000 0 0 50.000 54.000 2700.000 51.961 0 1 3 200 0 0
 1786 40653.000 23943.000 0 0 50.000 54.000 2700.000 51.961 0 1 3 200 0 0
 1787 44321.000 21211.000 0 0 48.000 54.000 2592.000 50.911 0 1 3 200 0 0
 1788 10827.000 62342.000 0 0 56.000 42.000 2352.000 48.497 0 1 13 210 0 0
 1789 10924.000 62111.000 0 0 56.000 42.000 2352.000 48.497 0 1 13 210 0 0
 1790 11156.000 61351.000 0 0 54.000 42.000 2268.000 47.623 0 1 13 210 0 0
 1791 11308.000 61063.000 0 0 54.000 42.000 2268.000 47.623 0 1 13 210 0 0
 1792 11469.000 60993.000 0 0 54.000 42.000 2268.000 47.623 0 1 13 210 0 0
 1793 24460.000 39745.000 0 0 54.000 50.000 2700.000 51.961 0 1 3 200 0 0
 1794 26016.000 37719.000 0 0 54.000 52.000 2808.000 52.990 0 1 3 200 0 0
 1795 26147.000 37557.000 0 0 54.000 52.000 2808.000 52.990 0 1 3 200 0 0
 1796 26287.000 37298.000 0 0 54.000 52.000 2808.000 52.990 0 1 3 200 0 0
 1797 27649.000 35736.000 0 0 52.000 50.000 2600.000 50.990 0 1 3 200 0 0
 1798 27303.000 37274.000 0 0 52.000 52.000 2704.000 52.000 0 1 3 200 0 0
 1799 29453.000 33892.000 0 0 54.000 52.000 2808.000 52.990 0 1 3 200 0 0
 1800 30014.000 33176.000 0 0 54.000 52.000 2808.000 52.990 0 1 3 200 0 0
 1801 30474.000 32827.000 0 0 52.000 52.000 2704.000 52.000 0 1 3 200 0 0
 1802 30864.000 32409.000 0 0 52.000 52.000 2704.000 52.000 0 1 3 200 0 0
 1803 34887.000 28549.000 0 0 50.000 54.000 2700.000 51.961 0 1 3 200 0 0
 1804 34916.000 28464.000 0 0 50.000 54.000 2700.000 51.961 0 1 3 200 0 0
 1805 35692.000 27616.000 0 0 50.000 52.000 2600.000 50.990 0 1 3 200 0 0
 1806 35948.000 27584.000 0 0 50.000 52.000 2600.000 50.990 0 1 3 200 0 0
 1807 37720.000 25837.000 0 0 52.000 54.000 2808.000 52.990 0 1 3 200 0 0
 1808 38482.000 25226.000 0 0 50.000 54.000 2700.000 51.961 0 1 3 200 0 0
 1809 38232.000 26364.000 0 0 52.000 54.000 2808.000 52.990 0 1 3 200 0 0
 1810 42411.000 22227.000 0 0 48.000 56.000 2688.000 51.845 0 1 3 200 0 0
 1811 44789.000 20771.000 0 0 48.000 54.000 2592.000 50.911 0 1 3 200 0 0
 1812 6061.000 76081.000 0 0 54.000 36.000 1944.000 44.090 0 1 16 200 0 0
 1813 6108.000 75709.000 0 0 56.000 36.000 2016.000 44.899 0 1 16 200 0 0
 1814 6236.000 75609.000 0 0 56.000 36.000 2016.000 44.899 0 1 16 200 0 0
 1815 8980.000 66684.000 0 0 56.000 40.000 2240.000 47.328 0 1 3 200 0 0
 1816 16191.000 51352.000 0 0 56.000 46.000 2576.000 50.754 0 1 10 200 0 0
 1817 17060.000 49910.000 0 0 56.000 46.000 2576.000 50.754 0 1 9 210 0 0
 1818 23391.000 40677.000 0 0 54.000 50.000 2700.000 51.961 0 1 8 210 0 0
 1819 26808.000 36545.000 0 0 52.000 52.000 2704.000 52.000 0 1 3 200 0 0
 1820 30830.000 32233.000 0 0 52.000 52.000 2704.000 52.000 0 1 3 200 0 0
 1821 33244.000 29927.000 0 0 52.000 54.000 2808.000 52.990 0 1 3 200 0 0
 1822 36897.000 26493.000 0 0 52.000 52.000 2704.000 52.000 0 1 3 200 0 0
 1823 37163.000 26331.000 0 0 52.000 54.000 2808.000 52.990 0 1 3 200 0 0
 1824 37459.000 26018.000 0 0 52.000 54.000 2808.000 52.990 0 1 3 200 0 0
 1825 38554.000 25153.000 0 0 50.000 54.000 2700.000 51.961 0 1 3 200 0 0
 1826 41336.000 22979.000 0 0 50.000 54.000 2700.000 51.961 0 1 3 200 0 0
 1827 41601.000 22691.000 0 0 50.000 54.000 2700.000 51.961 0 1 3 200 0 0
 1828 46048.000 19624.000 0 0 46.000 54.000 2484.000 49.839 0 1 3 200 0 0
 1829 24876.000 38689.000 0 0 54.000 50.000 2700.000 51.961 0 1 3 200 0 0
 1830 24946.000 38614.000 0 0 54.000 50.000 2700.000 51.961 0 1 3 200 0 0
 1831 26492.000 37754.000 0 0 54.000 52.000 2808.000 52.990 0 1 3 200 0 0
 1832 29814.000 33133.000 0 0 54.000 52.000 2808.000 52.990 0 1 3 200 0 0
 1833 36880.000 26351.000 0 0 52.000 52.000 2704.000 52.000 0 1 3 200 0 0
 1834 25637.000 38069.000 0 0 54.000 51.000 2754.000 52.478 0 1 3 200 0 0
 1835 36184.000 27279.000 0 0 52.000 52.000 2704.000 52.000 0 1 3 200 0 0
 1836 39073.000 24885.000 0 0 50.000 54.000 2700.000 51.961 0 1 3 200 0 0
 1837 39534.000 24569.000 0 0 50.000 54.000 2700.000 51.961 0 1 3 200 0 0
 1838 40881.000 23421.000 0 0 50.000 54.000 2700.000 51.961 0 1 3 200 0 0
 1839 41039.000 23299.000 0 0 50.000 54.000 2700.000 51.961 0 1 3 200 0 0
 1840 41492.000 22955.000 0 0 50.000 54.000 2700.000 51.961 0 1 3 200 0 0
 1841 41572.000 22975.000 0 0 50.000 54.000 2700.000 51.961 0 1 3 200 0 0
 1842 41800.000 22723.000 0 0 50.000 54.000 2700.000 51.961 0 1 3 200 0 0
 1843 41987.000 22751.000 0 0 50.000 54.000 2700.000 51.961 0 1 3 200 0 0
 1844 42037.000 22624.000 0 0 48.000 56.000 2688.000 51.845 0 1 3 200 0 0
 1845 42209.000 22563.000 0 0 48.000 56.000 2688.000 51.845 0 1 3 200 0 0
 1846 42700.000 22194.000 0 0 48.000 56.000 2688.000 51.845 0 1 3 200 0 0
 1847 42963.000 21862.000 0 0 48.000 56.000 2688.000 51.845 0 1 3 200 0 0
 1848 43380.000 21561.000 0 0 48.000 56.000 2688.000 51.845 0 1 3 200 0 0
 1849 43461.000 21502.000 0 0 48.000 56.000 2688.000 51.845 0 1 3 200 0 0
 1850 43869.000 21211.000 0 0 48.000 54.000 2592.000 50.911 0 1 3 200 0 0
 1851 44515.000 20755.000 0 0 48.000 54.000 2592.000 50.911 0 1 3 200 0 0
 1852 45064.000 20500.000 0 0 48.000 54.000 2592.000 50.911 0 1 3 200 0 0
 1853 45343.000 20351.000 0 0 48.000 54.000 2592.000 50.911 0 1 3 200 0 0
 1854 45567.000 20031.000 0 0 48.000 54.000 2592.000 50.911 0 1 3 200 0 0
 1855 45606.000 20005.000 0 0 48.000 54.000 2592.000 50.911 0 1 3 200 0 0
 1856 45693.000 19945.000 0 0 48.000 54.000 2592.000 50.911 0 1 3 200 0 0
 1857 45979.000 19828.000 0 0 46.000 54.000 2484.000 49.839 0 1 3 200 0 0
 1858 21525.000 62534.000 0 0 96.982 203.135 19700.535 140.358 0 1 3 200 0 0
 1859 46576.000 31481.000 0 0 246.353 192.080 47319.634 217.530 0 1 3 200 0 0
 1860 21354.000 62498.000 0 0 93.482 196.040 18326.292 135.374 0 1 3 200 0 0
 1861 21414.000 62372.000 0 0 5.409 11.298 61.120 7.817 0 1 3 200 0 0
 1862 46510.000 31316.000 0 0 19.749 15.380 303.743 17.428 0 1 3 200 0 0
 1863 48125.000 29881.000 0 0 144.542 106.934 15456.557 124.324 0 1 3 200 0 0
 1864 35977.000 39732.000 0 0 205.120 217.898 44695.503 211.413 0 1 7 200 0 0
 1865 49550.000 28021.000 0 0 169.071 118.502 20035.475 141.546 0 1 3 200 0 0
 1866 35746.000 39730.000 0 0 23.106 24.633 569.188 23.857 0 1 7 200 0 0
 1867 38795.000 36647.000 0 0 176.151 170.178 29977.186 173.139 0 1 3 200 0 0
 1868 49519.000 27837.000 0 0 10.391 7.269 75.545 8.691 0 1 3 200 0 0
 1869 38820.000 36388.000 0 0 149.419 143.707 21472.719 146.535 0 1 3 200 0 0
 1870 17724.000 67385.000 0 0 89.121 224.820 20036.456 141.550 0 1 3 200 0 0
 1871 23216.000 56041.000 0 0 12.639 22.078 279.066 16.705 0 1 3 200 0 0
 1872 38005.000 36941.000 0 0 18.131 17.825 323.215 17.978 0 1 3 200 0 0
 1873 17534.000 67403.000 0 0 9.372 23.711 222.248 14.907 0 1 3 200 0 0
 1874 23069.000 55958.000 0 0 10.553 18.433 194.533 13.947 0 1 3 200 0 0
 1875 26978.000 49765.000 0 0 115.589 168.022 19421.673 139.361 0 1 3 200 0 0
 1876 37868.000 36835.000 0 0 178.654 175.732 31395.467 177.187 0 1 3 200 0 0
 1877 22921.000 55872.000 0 0 35.960 62.813 2258.832 47.527 0 1 3 200 0 0
 1878 26754.000 49792.000 0 0 120.341 175.559 21126.973 145.351 0 1 3 200 0 0
 1879 37738.000 36726.000 0 0 136.496 134.312 18333.313 135.400 0 1 3 200 0 0
 1880 37822.000 36644.000 0 0 18.217 17.878 325.695 18.047 0 1 3 200 0 0
 1881 42528.000 32359.000 0 0 155.625 132.229 20578.380 143.451 0 1 3 200 0 0
 1882 43403.000 31627.000 0 0 42.611 35.272 1503.051 38.769 0 1 3 200 0 0
 1883 43577.000 31484.000 0 0 193.772 159.573 30921.005 175.843 0 1 3 200 0 0
 1884 22778.000 55780.000 0 0 23.320 40.725 949.759 30.818 0 1 3 200 0 0
 1885 22801.000 55740.000 0 0 19.100 33.314 636.305 25.225 0 1 3 200 0 0
 1886 26618.000 49690.000 0 0 7.232 10.549 76.306 8.735 0 1 3 200 0 0
 1887 26635.000 49667.000 0 0 9.648 14.063 135.689 11.648 0 1 3 200 0 0
 1888 41998.000 32587.000 0 0 116.334 100.093 11644.273 107.908 0 1 3 200 0 0
 1889 42409.000 32236.000 0 0 48.727 41.412 2017.896 44.920 0 1 3 200 0 0
 1890 42449.000 32203.000 0 0 9.763 8.287 80.915 8.995 0 1 3 200 0 0
 1891 42474.000 32183.000 0 0 25.999 22.054 573.408 23.945 0 1 3 200 0 0
 1892 43303.000 31489.000 0 0 13.132 10.868 142.730 11.946 0 1 3 200 0 0
 1893 43463.000 31358.000 0 0 82.254 67.748 5572.621 74.649 0 1 3 200 0 0
 1894 22675.000 55619.000 0 0 68.080 118.616 8075.432 89.863 0 1 3 200 0 0
 1895 26479.000 49594.000 0 0 50.739 74.007 3755.091 61.278 0 1 3 200 0 0
 1896 41868.000 32474.000 0 0 142.415 122.604 17460.834 132.139 0 1 3 200 0 0
 1897 43118.000 31422.000 0 0 167.656 139.064 23314.942 152.692 0 1 3 200 0 0
 1898 45003.000 29905.000 0 0 60.497 47.466 2871.641 53.587 0 1 3 200 0 0
 1899 22527.000 55535.000 0 0 68.210 118.842 8106.275 90.034 0 1 3 200 0 0
 1900 44932.000 29744.000 0 0 107.771 84.473 9103.876 95.414 0 1 3 200 0 0
 1901 44911.000 29547.000 0 0 233.047 182.227 42467.762 206.077 0 1 3 200 0 0
 1902 45156.000 29355.000 0 0 13.541 10.512 142.366 11.931 0 1 3 200 0 0
 1903 18064.000 63532.000 0 0 78.669 176.755 13905.203 117.920 0 1 3 200 0 0
 1904 30121.000 43857.000 0 0 115.733 144.048 16671.120 129.116 0 1 3 200 0 0
 1905 44887.000 29348.000 0 0 37.260 29.065 1083.013 32.909 0 1 3 200 0 0
 1906 45061.000 29214.000 0 0 213.761 165.907 35464.458 188.320 0 1 3 200 0 0
 1907 45207.000 29103.000 0 0 61.190 47.291 2893.759 53.793 0 1 3 200 0 0
 1908 17916.000 63447.000 0 0 68.334 153.453 10486.107 102.401 0 1 3 200 0 0
 1909 22122.000 55219.000 0 0 96.603 168.001 16229.455 127.394 0 1 3 200 0 0
 1910 29990.000 43750.000 0 0 129.432 161.092 20850.598 144.397 0 1 3 200 0 0
 1911 40766.000 32530.000 0 0 9.699 8.515 82.605 9.088 0 1 3 200 0 0
 1912 40852.000 32455.000 0 0 51.806 45.366 2350.311 48.480 0 1 3 200 0 0
 1913 40979.000 32345.000 0 0 25.937 22.627 586.902 24.226 0 1 3 200 0 0
 1914 41028.000 32303.000 0 0 19.465 16.956 330.067 18.167 0 1 3 200 0 0
 1915 42529.000 31026.000 0 0 132.248 110.194 14573.031 120.718 0 1 3 200 0 0
 1916 45005.000 29043.000 0 0 10.218 7.919 80.925 8.995 0 1 3 200 0 0
 1917 45210.000 28885.000 0 0 207.940 160.206 33313.575 182.520 0 1 3 200 0 0
 1918 21937.000 55197.000 0 0 10.735 18.704 200.803 14.170 0 1 3 200 0 0
 1919 40799.000 32277.000 0 0 396.076 346.235 137135.522 370.318 0 1 3 200 0 0
 1920 42451.000 30871.000 0 0 72.915 60.700 4426.026 66.528 0 1 3 200 0 0
 1921 42347.000 30737.000 0 0 73.056 60.811 4442.678 66.653 0 1 3 200 0 0
 1922 42427.000 30671.000 0 0 33.223 27.590 916.668 30.276 0 1 3 200 0 0
 1923 42244.000 30601.000 0 0 146.367 121.811 17829.167 133.525 0 1 3 200 0 0
 1924 37565.000 34530.000 0 0 12.550 11.968 150.201 12.255 0 1 3 200 0 0
 1925 26343.000 47130.000 0 0 126.720 176.543 22371.715 149.571 0 1 3 200 0 0
 1926 37443.000 34412.000 0 0 182.364 173.936 31719.815 178.100 0 1 3 200 0 0
 1927 37252.000 34360.000 0 0 22.019 21.049 463.496 21.528 0 1 3 200 0 0
 1928 37270.000 34341.000 0 0 9.439 9.018 85.132 9.226 0 1 3 200 0 0
 1929 37293.000 34321.000 0 0 9.442 9.015 85.127 9.226 0 1 3 200 0 0
 1930 46675.000 26518.000 0 0 17.624 12.789 225.418 15.013 0 1 3 200 0 0
 1931 34313.000 37046.000 0 0 328.951 343.231 112906.617 336.015 0 1 3 200 0 0
 1932 34591.000 36756.000 0 0 184.939 191.270 35373.552 188.078 0 1 3 200 0 0
 1933 46537.000 26410.000 0 0 67.023 48.691 3263.504 57.127 0 1 3 200 0 0
 1934 46831.000 26197.000 0 0 38.922 28.040 1091.407 33.036 0 1 3 200 0 0
 1935 34047.000 37075.000 0 0 27.154 28.461 772.856 27.800 0 1 3 200 0 0
 1936 34298.000 36815.000 0 0 36.350 37.798 1374.025 37.067 0 1 3 200 0 0
 1937 34482.000 36625.000 0 0 9.111 9.419 85.822 9.263 0 1 3 200 0 0
 1938 34517.000 36588.000 0 0 18.233 18.828 343.306 18.528 0 1 3 200 0 0
 1939 46457.000 26258.000 0 0 162.594 118.057 19195.507 138.547 0 1 3 200 0 0
 1940 46720.000 26067.000 0 0 276.429 199.210 55067.603 234.664 0 1 3 200 0 0
 1941 46406.000 26084.000 0 0 31.897 23.128 737.738 27.161 0 1 3 200 0 0
 1942 46635.000 25921.000 0 0 234.374 168.838 39571.411 198.925 0 1 3 200 0 0
 1943 47328.000 25427.000 0 0 142.983 100.991 14440.156 120.167 0 1 3 200 0 0
 1944 41920.000 29324.000 0 0 447.216 367.511 164357.521 405.410 0 1 3 200 0 0
 1945 47250.000 25274.000 0 0 146.876 103.681 15228.328 123.403 0 1 3 200 0 0
 1946 49479.000 23752.000 0 0 149.867 99.301 14882.054 121.992 0 1 3 200 0 0
 1947 41335.000 29587.000 0 0 438.802 365.589 160421.675 400.526 0 1 3 200 0 0
 1948 41646.000 29330.000 0 0 16.950 13.996 237.239 15.402 0 1 3 200 0 0
 1949 41674.000 29307.000 0 0 27.102 22.360 606.033 24.617 0 1 3 200 0 0
 1950 41862.000 29154.000 0 0 33.951 27.861 945.926 30.755 0 1 3 200 0 0
 1951 41898.000 29125.000 0 0 23.792 19.504 464.060 21.542 0 1 3 200 0 0
 1952 41930.000 29098.000 0 0 33.977 27.828 945.562 30.749 0 1 3 200 0 0
 1953 42001.000 29040.000 0 0 54.409 44.471 2419.657 49.190 0 1 3 200 0 0
 1954 49364.000 23626.000 0 0 84.198 55.824 4700.350 68.559 0 1 3 200 0 0
 1955 49438.000 23576.000 0 0 58.599 38.768 2271.829 47.663 0 1 3 200 0 0
 1956 41093.000 29569.000 0 0 91.148 76.234 6948.621 83.358 0 1 3 200 0 0
 1957 41171.000 29503.000 0 0 30.422 25.387 772.329 27.790 0 1 3 200 0 0
 1958 41251.000 29437.000 0 0 81.190 67.598 5488.338 74.083 0 1 3 200 0 0
 1959 41371.000 29337.000 0 0 30.493 25.300 771.521 27.776 0 1 3 200 0 0
 1960 41905.000 28897.000 0 0 37.498 30.638 1148.895 33.895 0 1 3 200 0 0
 1961 42365.000 28525.000 0 0 92.498 74.588 6899.300 83.062 0 1 3 200 0 0
 1962 49231.000 23510.000 0 0 36.655 24.329 891.830 29.863 0 1 3 200 0 0
 1963 24855.000 46871.000 0 0 33.111 46.832 1550.695 39.378 0 1 3 200 0 0
 1964 25515.000 45955.000 0 0 10.359 14.278 147.918 12.162 0 1 3 200 0 0
 1965 25613.000 45822.000 0 0 59.728 82.008 4898.256 69.987 0 1 3 200 0 0
 1966 40963.000 29456.000 0 0 13.522 11.316 153.033 12.370 0 1 3 200 0 0
 1967 41001.000 29423.000 0 0 10.163 8.496 86.352 9.292 0 1 3 200 0 0
 1968 41016.000 29412.000 0 0 13.531 11.306 152.992 12.368 0 1 3 200 0 0
 1969 41263.000 29206.000 0 0 16.979 14.088 239.218 15.466 0 1 3 200 0 0
 1970 41805.000 28762.000 0 0 13.655 11.155 152.334 12.342 0 1 3 200 0 0
 1971 42340.000 28327.000 0 0 158.031 127.135 20091.472 141.744 0 1 3 200 0 0
 1972 49139.000 23367.000 0 0 40.415 26.823 1084.070 32.925 0 1 3 200 0 0
 1973 24251.000 47436.000 0 0 12.595 18.150 228.605 15.119 0 1 3 200 0 0
 1974 24354.000 47288.000 0 0 35.377 50.770 1796.134 42.380 0 1 3 200 0 0
 1975 24585.000 46959.000 0 0 15.251 21.684 330.712 18.185 0 1 3 200 0 0
 1976 24693.000 46808.000 0 0 81.596 115.520 9426.054 97.087 0 1 3 200 0 0
 1977 24878.000 46549.000 0 0 71.748 100.836 7234.842 85.057 0 1 3 200 0 0
 1978 24981.000 46405.000 0 0 113.048 158.238 17888.664 133.748 0 1 3 200 0 0
 1979 25108.000 46225.000 0 0 136.620 190.271 25994.895 161.229 0 1 3 200 0 0
 1980 25187.000 46119.000 0 0 7.746 10.755 83.317 9.127 0 1 3 200 0 0
 1981 25447.000 45758.000 0 0 161.216 221.581 35722.568 189.004 0 1 3 200 0 0
 1982 25955.000 45071.000 0 0 110.596 149.086 16488.454 128.407 0 1 3 200 0 0
 1983 33000.000 36695.000 0 0 133.529 141.322 18870.741 137.370 0 1 3 200 0 0
 1984 42295.000 28145.000 0 0 48.208 38.715 1866.398 43.201 0 1 3 200 0 0
 1985 42617.000 27890.000 0 0 241.968 192.551 46591.480 215.850 0 1 3 200 0 0
 1986 23303.000 48520.000 0 0 7.401 11.026 81.609 9.033 0 1 3 200 0 0
 1987 23482.000 48254.000 0 0 34.729 51.355 1783.545 42.232 0 1 3 200 0 0
 1988 23852.000 47712.000 0 0 20.046 29.193 585.213 24.191 0 1 3 200 0 0
 1989 24110.000 47341.000 0 0 10.094 14.547 146.845 12.117 0 1 3 200 0 0
 1990 24138.000 47301.000 0 0 10.101 14.541 146.903 12.120 0 1 3 200 0 0
 1991 24197.000 47215.000 0 0 7.588 10.897 82.702 9.094 0 1 3 200 0 0
 1992 24218.000 47188.000 0 0 25.321 36.334 920.055 30.332 0 1 3 200 0 0
 1993 24258.000 47130.000 0 0 10.134 14.518 147.145 12.130 0 1 3 200 0 0
 1994 24526.000 46749.000 0 0 204.218 289.443 59109.671 243.124 0 1 3 200 0 0
 1995 24720.000 46474.000 0 0 112.902 158.788 17927.590 133.893 0 1 3 200 0 0
 1996 24853.000 46291.000 0 0 139.028 194.518 27043.742 164.449 0 1 3 200 0 0
 1997 24931.000 46182.000 0 0 10.316 14.390 148.452 12.184 0 1 3 200 0 0
 1998 25033.000 46040.000 0 0 90.532 125.776 11386.861 106.709 0 1 3 200 0 0
 1999 25329.000 45633.000 0 0 119.886 164.661 19740.703 140.501 0 1 3 200 0 0
 2000 25792.000 45005.000 0 0 47.452 64.030 3038.377 55.121 0 1 3 200 0 0
 2001 42172.000 28026.000 0 0 20.695 16.627 344.108 18.550 0 1 3 200 0 0
 2002 42199.000 28004.000 0 0 13.800 11.079 152.911 12.365 0 1 3 200 0 0
 2003 22016.000 50165.000 0 0 11.941 18.685 223.129 14.937 0 1 3 200 0 0
 2004 23079.000 48549.000 0 0 19.725 29.490 581.700 24.118 0 1 3 200 0 0
 2005 23146.000 48449.000 0 0 74.137 110.528 8194.332 90.522 0 1 3 200 0 0
 2006 23207.000 48357.000 0 0 24.760 36.819 911.674 30.193 0 1 3 200 0 0
 2007 23345.000 48152.000 0 0 32.313 47.773 1543.741 39.290 0 1 3 200 0 0
 2008 23530.000 47881.000 0 0 32.482 47.658 1548.058 39.345 0 1 3 200 0 0
 2009 23757.000 47552.000 0 0 188.571 274.124 51691.942 227.358 0 1 3 200 0 0
 2010 24012.000 47185.000 0 0 243.054 349.698 84995.875 291.540 0 1 3 200 0 0
 2011 24318.000 46748.000 0 0 61.259 87.063 5333.444 73.030 0 1 3 200 0 0
 2012 24360.000 46691.000 0 0 15.328 21.749 333.378 18.258 0 1 3 200 0 0
 2013 24375.000 46669.000 0 0 10.223 14.496 148.199 12.173 0 1 3 200 0 0
 2014 25152.000 45588.000 0 0 13.037 17.934 233.828 15.291 0 1 3 200 0 0
 2015 42078.000 27884.000 0 0 114.099 91.642 10456.320 102.256 0 1 3 200 0 0
 2016 21874.000 50072.000 0 0 19.141 29.951 573.324 23.944 0 1 3 200 0 0
 2017 22118.000 49695.000 0 0 38.583 59.734 2304.809 48.008 0 1 3 200 0 0
 2018 22194.000 49576.000 0 0 7.249 11.185 81.091 9.005 0 1 3 200 0 0
 2019 22931.000 48463.000 0 0 17.288 25.853 446.969 21.141 0 1 3 200 0 0
 2020 23099.000 48212.000 0 0 315.287 468.177 147610.599 384.201 0 1 3 200 0 0
 2021 23421.000 47739.000 0 0 125.262 183.547 22991.518 151.629 0 1 3 200 0 0
 2022 23550.000 47552.000 0 0 40.227 58.636 2358.831 48.567 0 1 3 200 0 0
 2023 23594.000 47488.000 0 0 32.727 47.618 1558.421 39.476 0 1 3 200 0 0
 2024 23648.000 47411.000 0 0 17.641 25.612 451.844 21.256 0 1 3 200 0 0
 2025 23687.000 47351.000 0 0 12.615 18.285 230.678 15.188 0 1 3 200 0 0
 2026 23966.000 46954.000 0 0 7.626 10.931 83.364 9.130 0 1 3 200 0 0
 2027 41937.000 27779.000 0 0 10.400 8.361 86.961 9.325 0 1 3 200 0 0
 2028 43131.000 26839.000 0 0 14.024 10.901 152.882 12.364 0 1 3 200 0 0
 2029 21750.000 49950.000 0 0 148.757 232.569 34596.454 186.001 0 1 3 200 0 0
 2030 22004.000 49557.000 0 0 164.427 254.242 41804.394 204.461 0 1 3 200 0 0
 2031 22815.000 48332.000 0 0 12.380 18.494 228.969 15.131 0 1 3 200 0 0
 2032 43133.000 26622.000 0 0 295.485 229.001 67666.588 260.128 0 1 3 200 0 0
 2033 21587.000 49890.000 0 0 21.624 33.838 731.745 27.050 0 1 3 200 0 0
 2034 43725.000 25741.000 0 0 149.498 113.294 16937.477 130.144 0 1 3 200 0 0
 2035 18914.000 53635.000 0 0 164.478 287.650 47312.208 217.513 0 1 3 200 0 0
 2036 36606.000 31468.000 0 0 32.858 30.395 998.736 31.602 0 1 3 200 0 0
 2037 36698.000 31384.000 0 0 19.729 18.201 359.111 18.950 0 1 3 200 0 0
 2038 43625.000 25605.000 0 0 146.225 110.808 16202.999 127.291 0 1 3 200 0 0
 2039 44097.000 25249.000 0 0 10.764 8.050 86.658 9.309 0 1 3 200 0 0
 2040 18755.000 53570.000 0 0 13.350 23.360 311.873 17.659 0 1 3 200 0 0
 2041 18815.000 53468.000 0 0 24.540 42.815 1050.731 32.414 0 1 3 200 0 0
 2042 34072.000 33656.000 0 0 12.717 12.637 160.722 12.677 0 1 3 200 0 0
 2043 36541.000 31297.000 0 0 135.039 124.730 16843.490 129.782 0 1 3 200 0 0
 2044 44076.000 25052.000 0 0 308.994 230.560 71241.949 266.911 0 1 3 200 0 0
 2045 44620.000 24650.000 0 0 198.656 146.006 29005.130 170.308 0 1 3 200 0 0
 2046 33995.000 33493.000 0 0 181.733 180.361 32777.830 181.046 0 1 3 200 0 0
 2047 36429.000 31170.000 0 0 131.972 121.889 16086.072 126.830 0 1 3 200 0 0
 2048 43832.000 25022.000 0 0 10.797 8.088 87.334 9.345 0 1 3 200 0 0
 2049 44516.000 24516.000 0 0 54.278 39.897 2165.586 46.535 0 1 3 200 0 0
 2050 44586.000 24465.000 0 0 47.075 34.535 1625.785 40.321 0 1 3 200 0 0
 2051 33866.000 33381.000 0 0 9.577 9.507 91.064 9.542 0 1 3 200 0 0
 2052 33894.000 33354.000 0 0 31.954 31.695 1012.798 31.824 0 1 3 200 0 0
 2053 36270.000 31085.000 0 0 52.857 48.881 2583.754 50.830 0 1 3 200 0 0
 2054 36346.000 31014.000 0 0 72.747 67.125 4883.220 69.880 0 1 3 200 0 0
 2055 45287.000 23748.000 0 0 182.781 131.151 23972.119 154.829 0 1 3 200 0 0
 2056 45802.000 23383.000 0 0 161.590 114.308 18471.191 135.908 0 1 3 200 0 0
 2057 36264.000 30860.000 0 0 62.970 58.048 3655.349 60.459 0 1 3 200 0 0
 2058 36330.000 30797.000 0 0 33.180 30.527 1012.898 31.826 0 1 3 200 0 0
 2059 36372.000 30761.000 0 0 13.272 12.196 161.883 12.723 0 1 3 200 0 0
 2060 39484.000 28033.000 0 0 86.238 72.516 6253.723 79.080 0 1 3 200 0 0
 2061 45696.000 23249.000 0 0 36.780 26.023 957.180 30.938 0 1 3 200 0 0
 2062 45760.000 23205.000 0 0 22.081 15.595 344.377 18.557 0 1 3 200 0 0
 2063 45796.000 23179.000 0 0 36.814 25.975 956.280 30.923 0 1 3 200 0 0
 2064 36208.000 30679.000 0 0 9.966 9.171 91.401 9.560 0 1 3 200 0 0
 2065 36291.000 30603.000 0 0 136.402 125.222 17080.729 130.693 0 1 3 200 0 0
 2066 39355.000 27918.000 0 0 96.755 81.403 7876.245 88.748 0 1 3 200 0 0
 2067 45588.000 23119.000 0 0 22.106 15.645 345.860 18.597 0 1 3 200 0 0
 2068 45664.000 23063.000 0 0 14.747 10.415 153.610 12.393 0 1 3 200 0 0
 2069 47184.000 22015.000 0 0 59.795 40.497 2421.580 49.209 0 1 3 200 0 0
 2070 36137.000 30515.000 0 0 9.989 9.181 91.720 9.577 0 1 3 200 0 0
 2071 36222.000 30438.000 0 0 40.019 36.691 1468.399 38.319 0 1 3 200 0 0
 2072 39267.000 27770.000 0 0 55.382 46.567 2579.028 50.784 0 1 3 200 0 0
 2073 45504.000 22969.000 0 0 73.867 52.258 3860.165 62.130 0 1 3 200 0 0
 2074 47057.000 21895.000 0 0 26.219 17.772 465.991 21.586 0 1 3 200 0 0
 2075 47195.000 21802.000 0 0 183.681 124.033 22782.667 150.939 0 1 3 200 0 0
 2076 39188.000 27615.000 0 0 86.738 72.871 6320.760 79.503 0 1 3 200 0 0
 2077 45407.000 22829.000 0 0 11.113 7.861 87.368 9.347 0 1 3 200 0 0
 2078 31417.000 34662.000 0 0 15.655 16.433 257.277 16.039 0 1 3 200 0 0
 2079 31351.000 34484.000 0 0 119.340 125.046 14923.100 122.160 0 1 3 200 0 0
 2080 31219.000 34375.000 0 0 25.159 26.369 663.428 25.757 0 1 3 200 0 0
 2081 31266.000 34326.000 0 0 50.371 52.718 2655.537 51.531 0 1 3 200 0 0
 2082 31099.000 34255.000 0 0 12.602 13.207 166.451 12.901 0 1 3 200 0 0
 2083 31162.000 34191.000 0 0 53.629 56.097 3008.485 54.849 0 1 3 200 0 0
 2084 31048.000 34063.000 0 0 53.733 56.190 3019.338 54.948 0 1 3 200 0 0
 2085 16809.000 52865.000 0 0 13.553 23.920 324.193 18.005 0 1 10 200 0 0
 2086 29346.000 35632.000 0 0 18.508 20.315 376.000 19.390 0 1 3 200 0 0
 2087 31283.000 33574.000 0 0 152.846 158.116 24167.612 155.459 0 1 3 200 0 0
 2088 16703.000 52707.000 0 0 111.088 195.657 21735.211 147.428 0 1 10 200 0 0
 2089 27096.000 37922.000 0 0 107.126 125.809 13477.626 116.093 0 1 3 200 0 0
 2090 27167.000 37838.000 0 0 11.915 13.961 166.363 12.898 0 1 3 200 0 0
 2091 29211.000 35528.000 0 0 18.538 20.354 377.328 19.424 0 1 3 200 0 0
 2092 29252.000 35483.000 0 0 24.734 27.123 670.884 25.901 0 1 3 200 0 0
 2093 35136.000 29587.000 0 0 16.871 15.542 262.223 16.193 0 1 3 200 0 0
 2094 16565.000 52607.000 0 0 47.706 83.986 4006.753 63.298 0 1 10 200 0 0
 2095 16624.000 52505.000 0 0 45.533 79.931 3639.561 60.328 0 1 10 200 0 0
 2096 26997.000 37774.000 0 0 14.910 17.492 260.813 16.149 0 1 3 200 0 0
 2097 27030.000 37736.000 0 0 38.805 45.477 1764.743 42.008 0 1 3 200 0 0
 2098 29139.000 35356.000 0 0 130.158 142.675 18570.410 136.273 0 1 3 200 0 0
 2099 33592.000 30802.000 0 0 39.810 38.205 1520.953 38.999 0 1 3 200 0 0
 2100 33632.000 30763.000 0 0 26.543 25.444 675.386 25.988 0 1 3 200 0 0
 2101 35030.000 29454.000 0 0 20.284 18.681 378.936 19.466 0 1 3 200 0 0
 2102 35090.000 29399.000 0 0 23.683 21.774 515.701 22.709 0 1 3 200 0 0
 2103 37791.000 27014.000 0 0 97.969 83.503 8180.769 90.447 0 1 3 200 0 0
 2104 42159.000 23515.000 0 0 14.661 11.087 162.559 12.749 0 1 3 200 0 0
 2105 28992.000 35265.000 0 0 68.265 74.879 5111.729 71.496 0 1 3 200 0 0
 2106 31719.000 32402.000 0 0 45.368 45.827 2079.113 45.597 0 1 3 200 0 0
 2107 32717.000 31412.000 0 0 141.386 138.696 19609.901 140.035 0 1 3 200 0 0
 2108 33462.000 30691.000 0 0 19.928 19.132 381.277 19.526 0 1 3 200 0 0
 2109 33513.000 30642.000 0 0 43.225 41.436 1791.144 42.321 0 1 3 200 0 0
 2110 34307.000 29893.000 0 0 13.438 12.592 169.232 13.008 0 1 3 200 0 0
 2111 34915.000 29328.000 0 0 13.547 12.476 169.013 13.000 0 1 3 200 0 0
 2112 34968.000 29280.000 0 0 16.945 15.582 264.051 16.249 0 1 3 200 0 0
 2113 37576.000 26974.000 0 0 13.998 11.966 167.504 12.942 0 1 3 200 0 0
 2114 37659.000 26904.000 0 0 129.661 110.583 14338.487 119.743 0 1 3 200 0 0
 2115 40368.000 24682.000 0 0 79.443 62.897 4996.809 70.688 0 1 3 200 0 0
 2116 42046.000 23389.000 0 0 249.728 188.912 47176.688 217.201 0 1 3 200 0 0
 2117 28504.000 35547.000 0 0 145.217 161.085 23392.373 152.945 0 1 3 200 0 0
 2118 31525.000 32354.000 0 0 35.675 36.112 1288.326 35.893 0 1 3 200 0 0
 2119 31586.000 32293.000 0 0 9.734 9.835 95.741 9.784 0 1 3 200 0 0
 2120 31673.000 32206.000 0 0 136.499 137.572 18778.659 137.035 0 1 3 200 0 0
 2121 32186.000 31696.000 0 0 36.022 35.764 1288.308 35.893 0 1 3 200 0 0
 2122 32487.000 31398.000 0 0 243.362 239.501 58285.593 241.424 0 1 3 200 0 0
 2123 32641.000 31248.000 0 0 29.669 29.068 862.436 29.367 0 1 3 200 0 0
 2124 33341.000 30572.000 0 0 13.308 12.777 170.057 13.040 0 1 3 200 0 0
 2125 34193.000 29766.000 0 0 60.601 56.780 3440.976 58.659 0 1 3 200 0 0
 2126 34732.000 29265.000 0 0 27.118 25.022 678.568 26.049 0 1 3 200 0 0
 2127 34797.000 29205.000 0 0 27.141 24.997 678.466 26.047 0 1 3 200 0 0
 2128 34871.000 29137.000 0 0 95.119 87.422 8315.665 91.190 0 1 3 200 0 0
 2129 35008.000 29013.000 0 0 61.251 56.077 3434.821 58.607 0 1 3 200 0 0
 2130 37455.000 26853.000 0 0 14.021 11.989 168.108 12.965 0 1 3 200 0 0
 2131 37490.000 26823.000 0 0 49.095 41.938 2059.013 45.376 0 1 3 200 0 0
 2132 37556.000 26768.000 0 0 73.715 62.857 4633.574 68.070 0 1 3 200 0 0
 2133 40271.000 24543.000 0 0 122.982 97.348 11972.133 109.417 0 1 3 200 0 0
 2134 41973.000 23231.000 0 0 184.021 139.095 25596.570 159.989 0 1 3 200 0 0
 2135 28120.000 35720.000 0 0 132.505 148.171 19633.560 140.119 0 1 3 200 0 0
 2136 28354.000 35459.000 0 0 37.130 41.218 1530.471 39.121 0 1 3 200 0 0
 2137 28384.000 35427.000 0 0 9.283 10.296 95.584 9.776 0 1 3 200 0 0
 2138 30475.000 33188.000 0 0 179.349 186.631 33472.252 182.954 0 1 3 200 0 0
 2139 31485.000 32154.000 0 0 334.988 338.288 113322.721 336.634 0 1 3 200 0 0
 2140 32138.000 31503.000 0 0 160.893 159.401 25646.744 160.146 0 1 3 200 0 0
 2141 32363.000 31283.000 0 0 233.875 230.200 53838.230 232.030 0 1 3 200 0 0
 2142 33132.000 30536.000 0 0 293.027 282.074 82655.486 287.498 0 1 3 200 0 0
 2143 33625.000 30066.000 0 0 26.811 25.446 682.254 26.120 0 1 3 200 0 0
 2144 34208.000 29520.000 0 0 314.218 293.314 92164.825 303.586 0 1 3 200 0 0
 2145 34416.000 29326.000 0 0 54.206 50.302 2726.763 52.218 0 1 3 200 0 0
 2146 34706.000 29059.000 0 0 421.696 388.130 163673.407 404.565 0 1 3 200 0 0
 2147 35668.000 28187.000 0 0 106.719 95.602 10202.601 101.007 0 1 3 200 0 0
 2148 37381.000 26692.000 0 0 17.582 15.019 264.081 16.250 0 1 3 200 0 0
 2149 40130.000 24438.000 0 0 21.726 17.214 374.018 19.339 0 1 3 200 0 0
 2150 40221.000 24366.000 0 0 116.021 91.700 10639.287 103.146 0 1 3 200 0 0
 2151 30279.000 33146.000 0 0 80.126 83.563 6695.676 81.827 0 1 3 200 0 0
 2152 30335.000 33087.000 0 0 12.826 13.353 171.285 13.087 0 1 3 200 0 0
 2153 30384.000 33037.000 0 0 19.254 20.016 385.413 19.631 0 1 3 200 0 0
 2154 30422.000 32997.000 0 0 12.843 13.337 171.302 13.088 0 1 3 200 0 0
 2155 33033.000 30395.000 0 0 263.598 253.610 66851.291 258.556 0 1 3 200 0 0
 2156 33557.000 29897.000 0 0 164.666 156.068 25699.283 160.309 0 1 3 200 0 0
 2157 33651.000 29808.000 0 0 13.455 12.718 171.128 13.081 0 1 3 200 0 0
 2158 33745.000 29720.000 0 0 26.943 25.400 684.392 26.160 0 1 3 200 0 0
 2159 33916.000 29557.000 0 0 303.921 285.117 86653.247 294.369 0 1 3 200 0 0
 2160 34212.000 29282.000 0 0 277.979 258.603 71886.389 268.116 0 1 3 200 0 0
 2161 35571.000 28047.000 0 0 158.667 142.075 22542.711 150.142 0 1 3 200 0 0
 2162 40140.000 24212.000 0 0 94.466 74.613 7048.438 83.954 0 1 3 200 0 0
 2163 27885.000 35474.000 0 0 154.659 172.849 26732.741 163.501 0 1 3 200 0 0
 2164 28753.000 34519.000 0 0 141.256 153.696 21710.698 147.345 0 1 3 200 0 0
 2165 30116.000 33071.000 0 0 67.371 70.346 4739.341 68.842 0 1 3 200 0 0
 2166 30235.000 32947.000 0 0 35.362 36.793 1301.115 36.070 0 1 3 200 0 0
 2167 30296.000 32883.000 0 0 9.649 10.021 96.697 9.833 0 1 3 200 0 0
 2168 33405.000 29807.000 0 0 80.748 76.609 6186.106 78.651 0 1 3 200 0 0
 2169 33476.000 29740.000 0 0 40.421 38.271 1547.001 39.331 0 1 3 200 0 0
 2170 33618.000 29607.000 0 0 232.831 219.567 51122.102 226.101 0 1 3 200 0 0
 2171 35471.000 27909.000 0 0 196.991 176.329 34735.378 186.374 0 1 3 200 0 0
 2172 40018.000 24094.000 0 0 43.651 34.494 1505.715 38.803 0 1 3 200 0 0
 2173 40059.000 24061.000 0 0 25.492 20.121 512.955 22.648 0 1 3 200 0 0;
ProcessEquipmentIDList 1
  "6514" ;
SummarySpec 5
  TESTNO    NDEFECT    DEFDENSITY    NDIE    NDEFDIE  ;
SummaryList 
  1    2173    7.624    1    1  ;
EndOfFile;
